symbol,date,time,open,high,low,close,volume
DDOG,2026-08-31,09:30,233.32,238.12,233.01,237.215,47541
DDOG,2026-08-31,09:31,236.35,238.29,236.35,238.29,4925
DDOG,2026-08-31,09:32,237.88,237.885,235.875,235.875,5702
DDOG,2026-08-31,09:33,235.835,237.355,235.22,235.22,10090
DDOG,2026-08-31,09:34,238.045,238.5,237.99,238.425,3930
DDOG,2026-08-31,09:35,237.775,238.07,237.76,237.765,2845
DDOG,2026-08-31,09:36,237.965,238.46,237.56,238.06,2878
DDOG,2026-08-31,09:37,237.97,237.97,236.12,236.975,9178
DDOG,2026-08-31,09:38,236.1,236.375,234.99,234.99,3698
DDOG,2026-08-31,09:39,234.6,234.995,234.6,234.79,1911
DDOG,2026-08-31,09:40,235.19,235.855,234.88,235.4201,6055
DDOG,2026-08-31,09:41,235.25,235.25,234.54,235.055,2879
DDOG,2026-08-31,09:42,234.51,235.875,234.51,235.875,2768
DDOG,2026-08-31,09:43,235.87,236.56,235.87,236.275,12399
DDOG,2026-08-31,09:44,236.29,237.36,236.15,236.445,9203
DDOG,2026-08-31,09:45,236.58,237.24,236.575,237.21,3102
DDOG,2026-08-31,09:46,237.07,237.07,236.04,236.04,5575
DDOG,2026-08-31,09:47,236.22,236.22,235.64,235.815,2393
DDOG,2026-08-31,09:48,235.62,235.62,234.94,235.095,2374
DDOG,2026-08-31,09:49,234.96,236.05,234.96,236.05,6223
DDOG,2026-08-31,09:50,235.4,235.54,235.04,235.23,2103
DDOG,2026-08-31,09:51,235.42,235.42,235.28,235.405,2876
DDOG,2026-08-31,09:52,234.55,234.55,234.49,234.49,2541
DDOG,2026-08-31,09:53,234.69,234.85,234.69,234.845,2852
DDOG,2026-08-31,09:54,234.84,235.465,234.84,235.465,3163
DDOG,2026-08-31,09:55,235.335,235.4,235.0075,235.025,2903
DDOG,2026-08-31,09:56,234.73,235.045,234.685,235.045,2612
DDOG,2026-08-31,09:57,235.14,235.205,234.4,234.44,4909
DDOG,2026-08-31,09:58,234.41,234.445,233.82,234.25,3797
DDOG,2026-08-31,09:59,233.8261,234.2501,233.77,233.94,4838
DDOG,2026-08-31,10:00,233.88,234.11,233.549,233.64,3158
DDOG,2026-08-31,10:01,233.62,233.915,233.62,233.795,4408
DDOG,2026-08-31,10:02,233.61,233.81,233.1,233.1,2915
DDOG,2026-08-31,10:03,233.18,233.66,233.1,233.32,4900
DDOG,2026-08-31,10:04,233.63,234.06,233.63,233.825,1819
DDOG,2026-08-31,10:05,233.825,234.105,233.755,233.99,4298
DDOG,2026-08-31,10:06,233.9,234.2495,233.8208,234.2495,2313
DDOG,2026-08-31,10:07,233.83,233.95,233.65,233.95,2327
DDOG,2026-08-31,10:08,233.765,234.4,233.765,234.16,922
DDOG,2026-08-31,10:09,234.125,234.125,233.715,233.9,2605
DDOG,2026-08-31,10:10,233.78,233.78,233.365,233.365,2096
DDOG,2026-08-31,10:11,233.21,233.6575,233,233,5824
DDOG,2026-08-31,10:12,233.13,233.13,232.89,233.02,8386
DDOG,2026-08-31,10:13,233.01,233.16,232.92,232.92,3506
DDOG,2026-08-31,10:14,233.04,233.04,233,233.0001,1483
DDOG,2026-08-31,10:15,233,233.08,232.51,232.51,9077
DDOG,2026-08-31,10:16,232.41,232.71,232.35,232.56,18234
DDOG,2026-08-31,10:17,232.855,232.855,232.405,232.565,5568
DDOG,2026-08-31,10:18,232.71,233.05,232.71,232.975,12680
DDOG,2026-08-31,10:19,232.825,232.825,232.665,232.8138,3249
DDOG,2026-08-31,10:20,232.925,233.06,232.8539,233.06,3987
DDOG,2026-08-31,10:21,233.025,233.5,233.025,233.5,5237
DDOG,2026-08-31,10:22,233.385,233.51,233.14,233.48,2974
DDOG,2026-08-31,10:23,233.36,233.605,233.36,233.605,6053
DDOG,2026-08-31,10:24,233.55,233.57,233.25,233.25,2740
DDOG,2026-08-31,10:25,233.07,233.145,232.8,232.8,4420
DDOG,2026-08-31,10:26,232.985,233,232.895,232.895,2080
DDOG,2026-08-31,10:27,232.895,233.315,232.895,233.15,3823
DDOG,2026-08-31,10:28,233.34,233.345,233.31,233.31,1777
DDOG,2026-08-31,10:29,233.1975,233.29,232.9401,233.085,2394
DDOG,2026-08-31,10:30,233.095,233.5,233.085,233.44,4728
DDOG,2026-08-31,10:31,233.59,233.59,233.425,233.52,3408
DDOG,2026-08-31,10:32,233.57,233.585,233.57,233.575,1440
DDOG,2026-08-31,10:33,233.46,233.61,233.46,233.61,1982
DDOG,2026-08-31,10:34,233.34,233.54,233.2701,233.54,3001
DDOG,2026-08-31,10:35,233.475,233.89,233.445,233.63,3271
DDOG,2026-08-31,10:36,233.85,233.85,233.41,233.41,1766
DDOG,2026-08-31,10:37,233.37,233.495,233.29,233.495,3135
DDOG,2026-08-31,10:38,233.42,233.69,233.42,233.61,2391
DDOG,2026-08-31,10:39,233.71,233.91,233.305,233.39,2916
DDOG,2026-08-31,10:40,233.22,233.395,233.22,233.395,2767
DDOG,2026-08-31,10:41,233.295,233.61,233.295,233.42,5431
DDOG,2026-08-31,10:42,233.575,233.63,233.45,233.625,2387
DDOG,2026-08-31,10:43,233.5775,233.5775,233.425,233.4275,2364
DDOG,2026-08-31,10:44,233.385,233.385,233.08,233.18,3521
DDOG,2026-08-31,10:45,233.45,233.45,233.175,233.28,1568
DDOG,2026-08-31,10:46,233.23,233.23,233.075,233.175,1841
DDOG,2026-08-31,10:47,233.23,233.5,233.23,233.33,2807
DDOG,2026-08-31,10:48,233.35,233.36,233.24,233.24,2138
DDOG,2026-08-31,10:49,232.94,233.02,232.605,232.605,4335
DDOG,2026-08-31,10:50,232.81,232.88,232.81,232.87,1345
DDOG,2026-08-31,10:51,232.87,233.1724,232.6297,233.15,5989
DDOG,2026-08-31,10:52,233.17,233.41,233.17,233.23,1536
DDOG,2026-08-31,10:53,233.275,233.35,233.07,233.07,1427
DDOG,2026-08-31,10:54,233.155,233.19,233.155,233.19,1288
DDOG,2026-08-31,10:55,233.19,233.45,233.19,233.19,3238
DDOG,2026-08-31,10:56,233.34,233.6953,233.34,233.57,5664
DDOG,2026-08-31,10:57,233.55,233.57,233.4301,233.57,2631
DDOG,2026-08-31,10:58,233.43,233.575,233.42,233.5575,1870
DDOG,2026-08-31,10:59,233.56,233.58,233.53,233.58,1709
DDOG,2026-08-31,11:00,233.515,233.62,233.515,233.62,1430
DDOG,2026-08-31,11:01,233.57,233.62,233.455,233.455,6203
DDOG,2026-08-31,11:02,233.565,233.565,233.425,233.425,2694
DDOG,2026-08-31,11:03,233.45,233.49,233.43,233.44,2479
DDOG,2026-08-31,11:04,233.3,233.3,233,233.02,2427
DDOG,2026-08-31,11:05,233,233.32,233,233.32,3510
DDOG,2026-08-31,11:06,233.385,233.44,233.27,233.44,1691
DDOG,2026-08-31,11:07,233.45,233.45,233.23,233.38,2331
DDOG,2026-08-31,11:08,233.295,233.37,233.09,233.175,2453
DDOG,2026-08-31,11:09,233.165,233.185,233.0401,233.1,2871
DDOG,2026-08-31,11:10,233.2,233.38,233.2,233.37,1886
DDOG,2026-08-31,11:11,233.14,233.3275,233.06,233.06,2705
DDOG,2026-08-31,11:12,233.195,233.6999,233.195,233.525,2394
DDOG,2026-08-31,11:13,233.57,233.6725,233.525,233.58,2329
DDOG,2026-08-31,11:14,233.5052,233.645,233.505,233.645,5246
DDOG,2026-08-31,11:15,233.49,233.5799,233.49,233.49,685
DDOG,2026-08-31,11:16,233.49,233.71,233.49,233.68,7451
DDOG,2026-08-31,11:17,233.645,233.795,233.645,233.795,2619
DDOG,2026-08-31,11:18,233.795,233.86,233.69,233.86,1405
DDOG,2026-08-31,11:19,233.86,233.92,233.83,233.845,4395
DDOG,2026-08-31,11:20,233.785,233.845,233.75,233.845,1415
DDOG,2026-08-31,11:21,233.845,234.13,233.845,234.13,3228
DDOG,2026-08-31,11:22,234.125,234.125,233.6965,233.82,4572
DDOG,2026-08-31,11:23,233.865,234.095,233.85,234.095,2532
DDOG,2026-08-31,11:24,233.95,234.12,233.95,234.075,1893
DDOG,2026-08-31,11:25,234.08,234.16,234.07,234.07,3380
DDOG,2026-08-31,11:26,234.06,234.065,233.98,234.065,7138
DDOG,2026-08-31,11:27,234.075,234.095,233.92,233.92,2291
DDOG,2026-08-31,11:28,233.845,233.85,233.7,233.74,9581
DDOG,2026-08-31,11:29,233.63,233.73,233.485,233.57,2258
DDOG,2026-08-31,11:30,233.57,233.7,233.57,233.7,3056
DDOG,2026-08-31,11:31,233.7,233.8128,233.64,233.64,2452
DDOG,2026-08-31,11:32,233.905,233.91,233.745,233.79,4543
DDOG,2026-08-31,11:33,233.715,233.78,233.715,233.78,556
DDOG,2026-08-31,11:34,233.69,233.84,233.69,233.805,5373
DDOG,2026-08-31,11:35,233.97,234.07,233.81,233.8475,2853
DDOG,2026-08-31,11:36,233.82,233.9125,233.71,233.895,5583
DDOG,2026-08-31,11:37,233.825,233.895,233.7671,233.7671,1292
DDOG,2026-08-31,11:38,233.9,233.9,233.52,233.61,6573
DDOG,2026-08-31,11:39,233.48,233.92,233.3901,233.92,2988
DDOG,2026-08-31,11:40,233.96,233.975,233.9225,233.975,2748
DDOG,2026-08-31,11:41,234.09,234.09,233.995,233.995,1465
DDOG,2026-08-31,11:42,234.22,234.71,234.12,234.555,2833
DDOG,2026-08-31,11:43,234.4,234.4197,234.355,234.4197,1783
DDOG,2026-08-31,11:44,233.98,234.36,233.98,234.36,1653
DDOG,2026-08-31,11:45,234.355,234.36,234.355,234.36,1343
DDOG,2026-08-31,11:46,234.36,234.4825,234.36,234.4825,1795
DDOG,2026-08-31,11:47,234.495,234.515,234.37,234.37,5220
DDOG,2026-08-31,11:48,234.275,234.31,234.195,234.31,1813
DDOG,2026-08-31,11:49,234.28,234.39,234.2,234.39,1333
DDOG,2026-08-31,11:50,234.46,234.755,234.46,234.47,3323
DDOG,2026-08-31,11:51,234.41,234.41,234.22,234.22,1881
DDOG,2026-08-31,11:52,234.13,234.13,234.1,234.1,3188
DDOG,2026-08-31,11:53,234.1,234.1,234.1,234.1,0
DDOG,2026-08-31,11:54,233.865,233.865,233.84,233.84,941
DDOG,2026-08-31,11:55,233.5501,233.67,233.5501,233.67,1193
DDOG,2026-08-31,11:56,233.67,233.7975,233.67,233.79,3541
DDOG,2026-08-31,11:57,233.8,233.8,233.8,233.8,1298
DDOG,2026-08-31,11:58,233.6201,233.745,233.6201,233.74,2586
DDOG,2026-08-31,11:59,233.6234,233.675,233.62,233.635,2976
DDOG,2026-08-31,12:00,233.53,233.65,233.5,233.65,3105
DDOG,2026-08-31,12:01,233.51,233.74,233.49,233.74,4005
DDOG,2026-08-31,12:02,233.6611,233.71,233.53,233.53,1907
DDOG,2026-08-31,12:03,233.62,233.7,233.615,233.7,4240
DDOG,2026-08-31,12:04,233.725,233.725,233.58,233.58,855
DDOG,2026-08-31,12:05,233.58,233.84,233.46,233.62,1473
DDOG,2026-08-31,12:06,233.55,233.575,233.47,233.48,1085
DDOG,2026-08-31,12:07,233.645,233.645,233.47,233.47,663
DDOG,2026-08-31,12:08,233.49,233.645,233.49,233.59,2304
DDOG,2026-08-31,12:09,233.71,233.92,233.71,233.85,2572
DDOG,2026-08-31,12:10,233.67,233.85,233.67,233.8,1661
DDOG,2026-08-31,12:11,233.835,233.87,233.835,233.87,1942
DDOG,2026-08-31,12:12,233.92,233.98,233.92,233.98,1981
DDOG,2026-08-31,12:13,233.875,233.905,233.875,233.905,891
DDOG,2026-08-31,12:14,233.9,233.98,233.79,233.98,3023
DDOG,2026-08-31,12:15,234.0795,234.0795,234,234,1330
DDOG,2026-08-31,12:16,233.84,233.94,233.81,233.81,1489
DDOG,2026-08-31,12:17,233.74,233.74,233.67,233.67,1524
DDOG,2026-08-31,12:18,233.765,233.765,233.75,233.765,917
DDOG,2026-08-31,12:19,233.765,233.995,233.75,233.985,4742
DDOG,2026-08-31,12:20,233.985,234.13,233.985,234.0896,2095
DDOG,2026-08-31,12:21,234.305,234.34,234.3,234.34,2296
DDOG,2026-08-31,12:22,234.265,234.265,234.26,234.26,1494
DDOG,2026-08-31,12:23,234.3625,234.365,234.29,234.29,675
DDOG,2026-08-31,12:24,234.45,234.45,234.365,234.365,1282
DDOG,2026-08-31,12:25,234.48,234.55,234.48,234.55,1726
DDOG,2026-08-31,12:26,234.61,234.61,234.61,234.61,773
DDOG,2026-08-31,12:27,234.705,234.745,234.705,234.745,1243
DDOG,2026-08-31,12:28,234.805,235.07,234.805,235.02,5676
DDOG,2026-08-31,12:29,235.02,235.075,235.02,235.075,1168
DDOG,2026-08-31,12:30,234.91,235.135,234.9,235.04,3106
DDOG,2026-08-31,12:31,235.09,235.09,234.8401,234.85,2023
DDOG,2026-08-31,12:32,234.76,234.78,234.76,234.78,2174
DDOG,2026-08-31,12:33,234.955,234.955,234.955,234.955,540
DDOG,2026-08-31,12:34,234.975,235.19,234.975,235.185,1840
DDOG,2026-08-31,12:35,235.34,235.46,235.33,235.33,1437
DDOG,2026-08-31,12:36,235.33,235.33,235.2459,235.315,1989
DDOG,2026-08-31,12:37,235.26,235.33,235.26,235.3151,960
DDOG,2026-08-31,12:38,235.36,235.545,235.25,235.25,3861
DDOG,2026-08-31,12:39,235.175,235.175,235.05,235.05,4463
DDOG,2026-08-31,12:40,234.91,234.995,234.83,234.83,3631
DDOG,2026-08-31,12:41,234.83,234.83,234.825,234.825,830
DDOG,2026-08-31,12:42,234.8121,235.085,234.755,234.91,2252
DDOG,2026-08-31,12:43,234.91,234.935,234.86,234.935,1864
DDOG,2026-08-31,12:44,234.59,234.59,234.41,234.41,691
DDOG,2026-08-31,12:45,234.435,234.535,234.335,234.535,6777
DDOG,2026-08-31,12:46,234.54,234.78,234.535,234.67,5393
DDOG,2026-08-31,12:47,234.605,234.6981,234.53,234.53,1197
DDOG,2026-08-31,12:48,234.53,234.595,234.51,234.595,3001
DDOG,2026-08-31,12:49,234.705,234.705,234.635,234.635,1831
DDOG,2026-08-31,12:50,234.6501,234.695,234.6,234.61,2916
DDOG,2026-08-31,12:51,234.605,234.61,234.5,234.575,4861
DDOG,2026-08-31,12:52,234.55,234.55,234.55,234.55,1665
DDOG,2026-08-31,12:53,234.61,234.61,234.585,234.585,738
DDOG,2026-08-31,12:54,234.5,234.505,234.4,234.4,2152
DDOG,2026-08-31,12:55,234.24,234.288,234.24,234.27,2158
DDOG,2026-08-31,12:56,234.27,234.27,234.27,234.27,2608
DDOG,2026-08-31,12:57,234.29,234.47,234.225,234.47,2502
DDOG,2026-08-31,12:58,234.515,234.52,234.395,234.485,1575
DDOG,2026-08-31,12:59,234.515,234.53,234.39,234.39,1471
DDOG,2026-08-31,13:00,234.51,234.51,234.31,234.42,2371
DDOG,2026-08-31,13:01,234.43,234.43,234.43,234.43,415
DDOG,2026-08-31,13:02,234.54,234.56,234.515,234.52,1280
DDOG,2026-08-31,13:03,234.535,234.535,234.45,234.465,1973
DDOG,2026-08-31,13:04,234.375,234.375,234.375,234.375,865
DDOG,2026-08-31,13:05,234.39,234.39,234.365,234.365,1861
DDOG,2026-08-31,13:06,234.41,234.425,234.345,234.425,1409
DDOG,2026-08-31,13:07,234.33,234.4594,234.28,234.3999,6034
DDOG,2026-08-31,13:08,234.355,234.52,234.355,234.4,2456
DDOG,2026-08-31,13:09,234.42,234.42,234.28,234.31,1249
DDOG,2026-08-31,13:10,234.405,234.405,234.345,234.345,1058
DDOG,2026-08-31,13:11,234.375,234.375,234.25,234.25,2030
DDOG,2026-08-31,13:12,234.305,234.38,234.3,234.365,1497
DDOG,2026-08-31,13:13,234.365,234.365,234.23,234.27,1865
DDOG,2026-08-31,13:14,234.245,234.245,234.03,234.13,5143
DDOG,2026-08-31,13:15,234.125,234.29,234.125,234.29,2350
DDOG,2026-08-31,13:16,234.33,234.345,234.11,234.11,6886
DDOG,2026-08-31,13:17,234.07,234.07,233.81,233.84,2161
DDOG,2026-08-31,13:18,233.88,233.91,233.87,233.87,1213
DDOG,2026-08-31,13:19,233.875,233.875,233.845,233.875,1788
DDOG,2026-08-31,13:20,233.925,234.1,233.91,234.035,2120
DDOG,2026-08-31,13:21,234.03,234.12,234.03,234.07,2793
DDOG,2026-08-31,13:22,234.17,234.17,234.17,234.17,562
DDOG,2026-08-31,13:23,234.18,234.32,234.145,234.22,2132
DDOG,2026-08-31,13:24,234.32,234.4199,234.32,234.4199,1195
DDOG,2026-08-31,13:25,234.375,234.375,234.26,234.26,845
DDOG,2026-08-31,13:26,234.315,234.46,234.315,234.46,2048
DDOG,2026-08-31,13:27,234.45,234.45,234.45,234.45,430
DDOG,2026-08-31,13:28,234.32,234.33,234.32,234.33,768
DDOG,2026-08-31,13:29,234.31,234.31,234.31,234.31,1141
DDOG,2026-08-31,13:30,234.335,234.39,234.325,234.39,1920
DDOG,2026-08-31,13:31,234.42,234.42,234.2,234.2,2267
DDOG,2026-08-31,13:32,234.14,234.31,234.135,234.3,3148
DDOG,2026-08-31,13:33,234.325,234.3999,234.325,234.33,1001
DDOG,2026-08-31,13:34,234.26,234.29,234.24,234.29,1290
DDOG,2026-08-31,13:35,234.145,234.285,234.11,234.24,5993
DDOG,2026-08-31,13:36,234.24,234.24,234.24,234.24,0
DDOG,2026-08-31,13:37,234.13,234.13,234.13,234.13,492
DDOG,2026-08-31,13:38,234.195,234.275,234.13,234.2,2080
DDOG,2026-08-31,13:39,234.08,234.08,234.08,234.08,951
DDOG,2026-08-31,13:40,234.145,234.145,234.145,234.145,776
DDOG,2026-08-31,13:41,234.08,234.17,234.08,234.17,1204
DDOG,2026-08-31,13:42,234.095,234.205,234.095,234.205,1245
DDOG,2026-08-31,13:43,234.185,234.19,234.185,234.19,2534
DDOG,2026-08-31,13:44,234.19,234.21,234.15,234.21,2202
DDOG,2026-08-31,13:45,234.25,234.36,234.25,234.25,4147
DDOG,2026-08-31,13:46,234.24,234.24,234.24,234.24,448
DDOG,2026-08-31,13:47,234.31,234.445,234.31,234.32,1582
DDOG,2026-08-31,13:48,234.33,234.37,234.17,234.17,3732
DDOG,2026-08-31,13:49,234.09,234.09,234.03,234.07,1291
DDOG,2026-08-31,13:50,234.08,234.21,234.08,234.21,3000
DDOG,2026-08-31,13:51,234.135,234.135,234.05,234.05,1128
DDOG,2026-08-31,13:52,234.06,234.15,234,234.15,2384
DDOG,2026-08-31,13:53,234.19,234.19,234.19,234.19,821
DDOG,2026-08-31,13:54,234.21,234.21,234.18,234.19,3778
DDOG,2026-08-31,13:55,234.16,234.48,234.145,234.48,4984
DDOG,2026-08-31,13:56,234.48,235.64,234.48,235.64,9706
DDOG,2026-08-31,13:57,235.64,235.82,235.38,235.535,3690
DDOG,2026-08-31,13:58,235.4892,235.55,235.45,235.55,1880
DDOG,2026-08-31,13:59,235.72,235.72,235.55,235.55,1527
DDOG,2026-08-31,14:00,235.5,235.5,235.25,235.44,5489
DDOG,2026-08-31,14:01,235.84,235.84,235.7851,235.84,1002
DDOG,2026-08-31,14:02,236,236.51,236,236.39,8687
DDOG,2026-08-31,14:03,236.6642,236.6642,236.315,236.37,5816
DDOG,2026-08-31,14:04,236.48,236.48,236.265,236.265,2167
DDOG,2026-08-31,14:05,236.245,236.245,236.22,236.22,1426
DDOG,2026-08-31,14:06,236.23,236.46,236.23,236.27,9998
DDOG,2026-08-31,14:07,236.27,236.27,236.23,236.24,2828
DDOG,2026-08-31,14:08,236.235,236.42,236.23,236.29,2651
DDOG,2026-08-31,14:09,236.29,236.535,236.29,236.535,2915
DDOG,2026-08-31,14:10,236.535,236.655,236.518,236.655,1376
DDOG,2026-08-31,14:11,236.8,236.8,236.57,236.62,2984
DDOG,2026-08-31,14:12,236.6,236.6,236.6,236.6,1527
DDOG,2026-08-31,14:13,236.57,236.57,236.385,236.385,1708
DDOG,2026-08-31,14:14,236.06,236.22,236.06,236.215,2255
DDOG,2026-08-31,14:15,236.48,236.48,236.41,236.41,1132
DDOG,2026-08-31,14:16,236.4,236.7199,236.39,236.455,1323
DDOG,2026-08-31,14:17,236.49,236.67,236.455,236.67,896
DDOG,2026-08-31,14:18,236.455,236.63,236.455,236.455,2253
DDOG,2026-08-31,14:19,236.345,236.5,236.345,236.48,1370
DDOG,2026-08-31,14:20,236.37,236.395,236.37,236.395,2411
DDOG,2026-08-31,14:21,236.7019,236.725,236.65,236.65,2561
DDOG,2026-08-31,14:22,236.48,236.48,236.38,236.43,3630
DDOG,2026-08-31,14:23,236.36,236.42,236.275,236.42,1572
DDOG,2026-08-31,14:24,236.46,236.46,236.46,236.46,346
DDOG,2026-08-31,14:25,236.64,236.64,236.43,236.43,1587
DDOG,2026-08-31,14:26,236.26,236.26,236.25,236.25,1380
DDOG,2026-08-31,14:27,236.3,236.4,236.25,236.25,1977
DDOG,2026-08-31,14:28,236.24,236.33,236.17,236.33,3482
DDOG,2026-08-31,14:29,236.33,236.33,236.33,236.33,0
DDOG,2026-08-31,14:30,236.05,236.14,236,236,1339
DDOG,2026-08-31,14:31,235.96,235.96,235.885,235.885,995
DDOG,2026-08-31,14:32,235.885,235.945,235.775,235.945,1241
DDOG,2026-08-31,14:33,235.915,235.95,235.915,235.95,994
DDOG,2026-08-31,14:34,235.95,235.95,235.745,235.945,1963
DDOG,2026-08-31,14:35,235.94,236.045,235.94,236.045,2068
DDOG,2026-08-31,14:36,235.96,236.025,235.96,236.025,1156
DDOG,2026-08-31,14:37,236,236.05,235.99,235.99,1383
DDOG,2026-08-31,14:38,235.97,235.97,235.945,235.97,2171
DDOG,2026-08-31,14:39,236.055,236.4,236.055,236.4,2469
DDOG,2026-08-31,14:40,236.23,236.325,236.23,236.325,1616
DDOG,2026-08-31,14:41,236.495,236.495,236.38,236.38,1203
DDOG,2026-08-31,14:42,236.295,236.745,236.29,236.745,5648
DDOG,2026-08-31,14:43,236.665,236.665,236.665,236.665,1152
DDOG,2026-08-31,14:44,236.665,236.665,236.665,236.665,0
DDOG,2026-08-31,14:45,236.58,236.72,236.48,236.48,3372
DDOG,2026-08-31,14:46,236.485,236.62,236.485,236.62,1445
DDOG,2026-08-31,14:47,236.69,236.745,236.595,236.745,2836
DDOG,2026-08-31,14:48,236.92,236.92,236.92,236.92,1948
DDOG,2026-08-31,14:49,236.92,236.92,236.92,236.92,0
DDOG,2026-08-31,14:50,236.68,236.68,236.665,236.665,1598
DDOG,2026-08-31,14:51,236.63,236.69,236.6,236.675,1540
DDOG,2026-08-31,14:52,236.675,236.8099,236.655,236.8099,1408
DDOG,2026-08-31,14:53,236.64,236.78,236.615,236.78,2728
DDOG,2026-08-31,14:54,236.7,236.94,236.57,236.94,4509
DDOG,2026-08-31,14:55,236.95,237.005,236.94,236.965,7376
DDOG,2026-08-31,14:56,236.71,236.915,236.68,236.88,1755
DDOG,2026-08-31,14:57,236.72,236.72,236.64,236.7,3746
DDOG,2026-08-31,14:58,236.7,236.7,236.7,236.7,0
DDOG,2026-08-31,14:59,236.62,236.69,236.43,236.54,2790
DDOG,2026-08-31,15:00,236.495,236.495,236.41,236.41,1331
DDOG,2026-08-31,15:01,236.44,236.56,236.28,236.28,1385
DDOG,2026-08-31,15:02,236.295,236.535,236.295,236.535,4863
DDOG,2026-08-31,15:03,236.54,237.075,236.54,237.075,3926
DDOG,2026-08-31,15:04,237.09,237.22,237.03,237.09,3890
DDOG,2026-08-31,15:05,236.91,237.09,236.9,237.04,2011
DDOG,2026-08-31,15:06,237.18,237.18,236.86,236.86,4608
DDOG,2026-08-31,15:07,236.675,236.68,236.675,236.68,761
DDOG,2026-08-31,15:08,236.82,236.91,236.82,236.91,1648
DDOG,2026-08-31,15:09,237.06,237.34,236.965,237.19,11256
DDOG,2026-08-31,15:10,237.43,237.52,237.41,237.41,2916
DDOG,2026-08-31,15:11,237.47,237.48,237.36,237.48,3243
DDOG,2026-08-31,15:12,237.58,237.77,237.3701,237.74,6098
DDOG,2026-08-31,15:13,237.9,237.9,237.55,237.55,2909
DDOG,2026-08-31,15:14,237.55,237.62,237.51,237.56,6980
DDOG,2026-08-31,15:15,237.59,237.59,237.5,237.58,4814
DDOG,2026-08-31,15:16,237.57,237.835,237.57,237.75,7364
DDOG,2026-08-31,15:17,237.855,238.105,237.82,238,3396
DDOG,2026-08-31,15:18,238.115,238.115,237.97,237.97,3369
DDOG,2026-08-31,15:19,238.12,238.14,237.95,238.085,2640
DDOG,2026-08-31,15:20,238.13,238.13,238.04,238.1,2304
DDOG,2026-08-31,15:21,238.085,238.13,238.02,238.02,3671
DDOG,2026-08-31,15:22,238.17,238.18,238.11,238.11,2159
DDOG,2026-08-31,15:23,238.02,238.25,238.02,238.02,3302
DDOG,2026-08-31,15:24,237.9805,237.99,237.87,237.96,8147
DDOG,2026-08-31,15:25,238.01,238.08,237.98,237.98,2849
DDOG,2026-08-31,15:26,238.01,238.225,238.01,238.225,2816
DDOG,2026-08-31,15:27,238.12,238.7261,238.12,238.705,8333
DDOG,2026-08-31,15:28,238.725,238.85,238.72,238.75,3282
DDOG,2026-08-31,15:29,238.86,239.1075,238.825,239.095,4341
DDOG,2026-08-31,15:30,238.95,239.02,238.67,238.98,6784
DDOG,2026-08-31,15:31,239.07,239.1,238.88,238.88,2857
DDOG,2026-08-31,15:32,239.03,239.03,238.9,238.9,4417
DDOG,2026-08-31,15:33,239.06,239.29,238.97,239.23,6939
DDOG,2026-08-31,15:34,239.18,239.3,239.085,239.185,5082
DDOG,2026-08-31,15:35,239.12,239.14,238.915,238.915,3905
DDOG,2026-08-31,15:36,238.84,239.09,238.8,238.88,6750
DDOG,2026-08-31,15:37,238.79,238.875,238.78,238.875,2529
DDOG,2026-08-31,15:38,238.89,239.06,238.89,239.06,3099
DDOG,2026-08-31,15:39,239.05,239.05,238.875,238.875,6182
DDOG,2026-08-31,15:40,238.97,239.42,238.93,238.93,15171
DDOG,2026-08-31,15:41,239.03,239.03,238.7925,238.7925,3553
DDOG,2026-08-31,15:42,238.71,239.19,238.68,239.19,14676
DDOG,2026-08-31,15:43,239.19,239.31,239.17,239.1874,6297
DDOG,2026-08-31,15:44,239.17,239.64,239.125,239.64,16920
DDOG,2026-08-31,15:45,239.62,239.7,239.42,239.49,14816
DDOG,2026-08-31,15:46,239.36,239.4,239.2,239.3,5532
DDOG,2026-08-31,15:47,239.11,239.16,239.01,239.01,7418
DDOG,2026-08-31,15:48,239.035,239.04,238.88,238.955,11778
DDOG,2026-08-31,15:49,238.955,239.225,238.87,239.11,10148
DDOG,2026-08-31,15:50,239.13,239.13,238.72,238.9,22816
DDOG,2026-08-31,15:51,238.9,238.9,238.36,238.36,20443
DDOG,2026-08-31,15:52,238.445,238.635,238.445,238.635,13515
DDOG,2026-08-31,15:53,238.53,238.5622,238.2,238.345,18868
DDOG,2026-08-31,15:54,238.27,238.35,237.72,237.72,30161
DDOG,2026-08-31,15:55,237.7,237.7,236.43,236.85,67403
DDOG,2026-08-31,15:56,236.845,237.235,236.845,237.06,44624
DDOG,2026-08-31,15:57,237.06,237.34,236.83,237.18,67026
DDOG,2026-08-31,15:58,237.19,237.28,236.98,237.14,71818
DDOG,2026-08-31,15:59,237.06,237.25,236.91,237.03,144911
DDOG,2026-09-01,09:30,232.62,236.21,231.59,234.66,70632
DDOG,2026-09-01,09:31,235.46,235.47,232.915,232.915,24514
DDOG,2026-09-01,09:32,233.83,235.79,233.83,235.79,5004
DDOG,2026-09-01,09:33,235.33,237.08,235.32,236.435,13791
DDOG,2026-09-01,09:34,237.38,237.38,234.08,234.41,13643
DDOG,2026-09-01,09:35,234.79,236.13,234.79,235.77,5334
DDOG,2026-09-01,09:36,234.81,234.905,233.59,233.975,8111
DDOG,2026-09-01,09:37,234,235,233.765,235,7763
DDOG,2026-09-01,09:38,235.005,235.55,233.81,233.885,13014
DDOG,2026-09-01,09:39,234.145,234.43,233.6101,234.255,8583
DDOG,2026-09-01,09:40,233.875,234.03,233.61,233.61,3841
DDOG,2026-09-01,09:41,233.32,233.515,232.64,232.905,5542
DDOG,2026-09-01,09:42,232.905,233.99,232.51,232.86,10000
DDOG,2026-09-01,09:43,232.5,232.8125,232.5,232.53,4131
DDOG,2026-09-01,09:44,232.8,233.06,232,232.525,13143
DDOG,2026-09-01,09:45,232.6,233.89,232.6,233.89,4677
DDOG,2026-09-01,09:46,233.709,234.41,233.2901,233.755,16503
DDOG,2026-09-01,09:47,233.49,233.5,233.49,233.49,6286
DDOG,2026-09-01,09:48,233.61,233.61,232.759,232.759,2123
DDOG,2026-09-01,09:49,233.025,233.1009,232.66,232.66,3814
DDOG,2026-09-01,09:50,232.675,232.74,231.7031,231.92,25797
DDOG,2026-09-01,09:51,231.77,231.78,230.725,230.725,11130
DDOG,2026-09-01,09:52,230.631,230.81,229.67,229.91,19294
DDOG,2026-09-01,09:53,229.78,230.015,229.2343,229.575,6372
DDOG,2026-09-01,09:54,229.3,229.74,229.13,229.7,8009
DDOG,2026-09-01,09:55,229.92,230.23,229.4101,229.85,7568
DDOG,2026-09-01,09:56,230.14,230.39,229.64,230.39,2998
DDOG,2026-09-01,09:57,230.22,230.22,229.785,230.21,8772
DDOG,2026-09-01,09:58,229.865,230.48,229.865,230.48,4875
DDOG,2026-09-01,09:59,230.27,230.46,230.08,230.08,4078
DDOG,2026-09-01,10:00,229.96,230.9,229.96,230.9,7362
DDOG,2026-09-01,10:01,230.97,231.55,230.775,231.47,20989
DDOG,2026-09-01,10:02,231.53,231.92,230.29,230.29,21180
DDOG,2026-09-01,10:03,230.445,230.69,229.725,230.07,12801
DDOG,2026-09-01,10:04,230.21,230.305,229.49,229.49,3671
DDOG,2026-09-01,10:05,229.465,229.69,229.35,229.395,4769
DDOG,2026-09-01,10:06,229.54,230.04,229.54,229.8,3678
DDOG,2026-09-01,10:07,229.89,230,229.76,230,4948
DDOG,2026-09-01,10:08,230.1,230.47,229.925,230.22,23426
DDOG,2026-09-01,10:09,230.215,230.63,230.01,230.41,7945
DDOG,2026-09-01,10:10,230.64,230.65,229.85,230.045,12206
DDOG,2026-09-01,10:11,230,230,229.72,229.79,3397
DDOG,2026-09-01,10:12,229.79,229.92,229.445,229.555,5311
DDOG,2026-09-01,10:13,229.56,229.79,229.51,229.65,6435
DDOG,2026-09-01,10:14,229.69,229.79,229.2,229.445,40934
DDOG,2026-09-01,10:15,229.445,230.01,229.445,229.815,7016
DDOG,2026-09-01,10:16,229.98,230.16,229.85,229.95,3408
DDOG,2026-09-01,10:17,229.88,229.88,229.6768,229.755,2103
DDOG,2026-09-01,10:18,229.8,229.8,229.05,229.21,15610
DDOG,2026-09-01,10:19,229.21,229.21,228.885,229.09,5070
DDOG,2026-09-01,10:20,229.195,229.195,228.655,228.73,8979
DDOG,2026-09-01,10:21,228.75,228.88,228.75,228.785,3399
DDOG,2026-09-01,10:22,228.785,228.93,228.62,228.93,3081
DDOG,2026-09-01,10:23,228.75,228.8395,228.26,228.375,33878
DDOG,2026-09-01,10:24,228.1,228.335,227.89,228.08,8129
DDOG,2026-09-01,10:25,227.95,228.145,227.95,228.145,3755
DDOG,2026-09-01,10:26,228.13,228.41,228.13,228.175,2213
DDOG,2026-09-01,10:27,228.18,228.18,228.01,228.08,2425
DDOG,2026-09-01,10:28,228.075,228.27,227.46,227.54,17881
DDOG,2026-09-01,10:29,227.6,227.61,227.29,227.395,9684
DDOG,2026-09-01,10:30,227.46,227.985,227.46,227.95,8551
DDOG,2026-09-01,10:31,227.95,228.76,227.95,228.76,5892
DDOG,2026-09-01,10:32,228.99,229.005,228.7,228.7,6366
DDOG,2026-09-01,10:33,228.82,229.06,228.59,228.755,6765
DDOG,2026-09-01,10:34,228.71,228.71,227.685,227.87,10732
DDOG,2026-09-01,10:35,227.86,228.08,227.59,227.98,7504
DDOG,2026-09-01,10:36,227.715,227.85,227.42,227.8325,6650
DDOG,2026-09-01,10:37,227.776,228.22,227.776,228.22,3466
DDOG,2026-09-01,10:38,228.295,228.3,228.24,228.295,6118
DDOG,2026-09-01,10:39,228.47,228.86,228.47,228.5263,15625
DDOG,2026-09-01,10:40,229.02,229.14,228.96,228.965,3291
DDOG,2026-09-01,10:41,228.965,229,228.61,228.79,5861
DDOG,2026-09-01,10:42,228.86,228.86,228.855,228.855,746
DDOG,2026-09-01,10:43,229.1,229.11,228.86,228.915,6108
DDOG,2026-09-01,10:44,228.805,229,228.71,229,2393
DDOG,2026-09-01,10:45,229.02,229.3,228.78,229.3,6663
DDOG,2026-09-01,10:46,229.3,229.3,228.76,228.955,8502
DDOG,2026-09-01,10:47,228.76,229.805,228.6,229.805,9587
DDOG,2026-09-01,10:48,229.94,229.94,229.82,229.82,1504
DDOG,2026-09-01,10:49,229.785,229.91,229.785,229.91,3967
DDOG,2026-09-01,10:50,229.9,229.9,229.35,229.65,8906
DDOG,2026-09-01,10:51,229.71,229.71,229.7,229.71,2527
DDOG,2026-09-01,10:52,229.585,229.6,229.175,229.27,3406
DDOG,2026-09-01,10:53,229.43,229.46,229.42,229.46,857
DDOG,2026-09-01,10:54,229.68,229.7,229.63,229.63,1726
DDOG,2026-09-01,10:55,229.74,230.04,229.74,230.04,3888
DDOG,2026-09-01,10:56,230.44,230.44,230.09,230.44,827
DDOG,2026-09-01,10:57,230.1,230.22,230,230,2959
DDOG,2026-09-01,10:58,230,230.21,229.57,229.78,31993
DDOG,2026-09-01,10:59,229.6818,229.79,229.6,229.6,12684
DDOG,2026-09-01,11:00,229.705,229.81,229.695,229.81,2931
DDOG,2026-09-01,11:01,229.76,229.76,229.745,229.745,2303
DDOG,2026-09-01,11:02,229.978,229.978,229.795,229.795,2233
DDOG,2026-09-01,11:03,229.865,229.865,229.71,229.72,4954
DDOG,2026-09-01,11:04,229.755,229.755,229.18,229.18,4147
DDOG,2026-09-01,11:05,229.18,229.67,229.18,229.285,5622
DDOG,2026-09-01,11:06,229.38,229.4,229.13,229.28,11485
DDOG,2026-09-01,11:07,229.29,229.52,229.05,229.195,14659
DDOG,2026-09-01,11:08,228.98,228.98,228.7261,228.7261,1272
DDOG,2026-09-01,11:09,228.985,229.22,228.98,228.98,970
DDOG,2026-09-01,11:10,229.2,229.29,229.165,229.24,8840
DDOG,2026-09-01,11:11,229.235,229.35,228.98,228.98,2715
DDOG,2026-09-01,11:12,228.98,228.98,228.94,228.94,1692
DDOG,2026-09-01,11:13,228.93,228.94,228.6801,228.94,1821
DDOG,2026-09-01,11:14,229.1,229.46,229.1,229.46,2668
DDOG,2026-09-01,11:15,229.31,229.46,229,229,5988
DDOG,2026-09-01,11:16,228.95,228.95,228.5,228.5,4508
DDOG,2026-09-01,11:17,228.465,228.465,228.315,228.46,3814
DDOG,2026-09-01,11:18,228.42,228.64,228.41,228.41,1390
DDOG,2026-09-01,11:19,228.41,228.425,228.41,228.425,1823
DDOG,2026-09-01,11:20,228.42,228.42,228.18,228.35,3597
DDOG,2026-09-01,11:21,228.4174,228.63,228.37,228.415,2455
DDOG,2026-09-01,11:22,228.5,228.5,228.5,228.5,1347
DDOG,2026-09-01,11:23,228.415,228.55,228.355,228.48,7022
DDOG,2026-09-01,11:24,228.505,228.68,228.35,228.68,3768
DDOG,2026-09-01,11:25,228.83,228.83,228.56,228.56,14293
DDOG,2026-09-01,11:26,228.455,228.59,228.445,228.48,5174
DDOG,2026-09-01,11:27,228.49,228.49,228.445,228.445,3694
DDOG,2026-09-01,11:28,228.4675,228.51,228.33,228.375,4373
DDOG,2026-09-01,11:29,228.425,228.475,228.4,228.46,1638
DDOG,2026-09-01,11:30,228.505,228.51,227.77,227.77,11596
DDOG,2026-09-01,11:31,228.05,228.05,228.05,228.05,826
DDOG,2026-09-01,11:32,227.9,227.925,227.9,227.925,1034
DDOG,2026-09-01,11:33,227.925,227.925,227.925,227.925,2068
DDOG,2026-09-01,11:34,227.885,228,227.87,227.925,3160
DDOG,2026-09-01,11:35,227.82,227.92,227.535,227.535,5066
DDOG,2026-09-01,11:36,227.51,227.85,227.51,227.755,4373
DDOG,2026-09-01,11:37,227.7,227.93,227.665,227.85,9914
DDOG,2026-09-01,11:38,228.05,228.1575,227.9244,227.9244,1459
DDOG,2026-09-01,11:39,227.82,227.935,227.8,227.935,1775
DDOG,2026-09-01,11:40,227.78,227.915,227.765,227.77,2189
DDOG,2026-09-01,11:41,228.09,228.26,228.09,228.21,3123
DDOG,2026-09-01,11:42,228.29,228.55,228.29,228.55,606
DDOG,2026-09-01,11:43,228.49,228.52,228.02,228.042,7562
DDOG,2026-09-01,11:44,228.24,228.28,227.96,228.08,2941
DDOG,2026-09-01,11:45,227.86,227.86,227.86,227.86,394
DDOG,2026-09-01,11:46,227.86,227.92,227.69,227.69,2793
DDOG,2026-09-01,11:47,227.73,227.97,227.73,227.8375,1054
DDOG,2026-09-01,11:48,227.765,227.77,227.55,227.59,2134
DDOG,2026-09-01,11:49,227.67,227.67,227.56,227.665,3257
DDOG,2026-09-01,11:50,227.51,227.595,227.4,227.47,3990
DDOG,2026-09-01,11:51,227.46,227.48,227.2,227.23,9325
DDOG,2026-09-01,11:52,227.14,227.14,226.635,226.78,10713
DDOG,2026-09-01,11:53,226.9,226.9,226.79,226.79,2740
DDOG,2026-09-01,11:54,226.7,226.82,226.7,226.8,1755
DDOG,2026-09-01,11:55,226.88,226.88,226.83,226.83,687
DDOG,2026-09-01,11:56,226.82,227.71,226.82,227.4925,7888
DDOG,2026-09-01,11:57,227.445,227.445,227.44,227.44,901
DDOG,2026-09-01,11:58,227.37,227.46,227.3675,227.46,1785
DDOG,2026-09-01,11:59,227.435,227.745,227.175,227.175,21412
DDOG,2026-09-01,12:00,227.2,227.2,226.93,226.93,2097
DDOG,2026-09-01,12:01,226.6,226.64,226.6,226.64,622
DDOG,2026-09-01,12:02,226.53,226.53,226.53,226.53,4731
DDOG,2026-09-01,12:03,226.85,227.08,226.85,226.9338,2663
DDOG,2026-09-01,12:04,227.105,227.46,227.09,227.46,12246
DDOG,2026-09-01,12:05,227.46,227.46,226.95,226.95,12845
DDOG,2026-09-01,12:06,227.005,227.005,227.005,227.005,1921
DDOG,2026-09-01,12:07,226.8516,226.92,226.8516,226.92,2022
DDOG,2026-09-01,12:08,226.91,226.915,226.73,226.73,1338
DDOG,2026-09-01,12:09,226.78,226.84,226.69,226.7,3225
DDOG,2026-09-01,12:10,226.5,226.51,226.365,226.41,2907
DDOG,2026-09-01,12:11,226.61,226.61,226.32,226.56,3745
DDOG,2026-09-01,12:12,226.555,226.84,226.555,226.635,7818
DDOG,2026-09-01,12:13,226.79,226.79,226.595,226.615,2507
DDOG,2026-09-01,12:14,226.51,226.605,226.51,226.605,708
DDOG,2026-09-01,12:15,226.605,226.685,226.605,226.685,2940
DDOG,2026-09-01,12:16,226.655,226.655,226.6506,226.6506,1326
DDOG,2026-09-01,12:17,226.7,226.825,226.63,226.78,14755
DDOG,2026-09-01,12:18,226.64,226.64,226.3875,226.3875,4841
DDOG,2026-09-01,12:19,226.465,226.465,226.19,226.19,1163
DDOG,2026-09-01,12:20,226.29,226.34,226.195,226.225,3569
DDOG,2026-09-01,12:21,225.96,225.97,225.945,225.97,1192
DDOG,2026-09-01,12:22,225.78,225.915,225.71,225.85,4268
DDOG,2026-09-01,12:23,225.59,225.59,225.59,225.59,1711
DDOG,2026-09-01,12:24,225.755,225.92,225.6,225.92,1884
DDOG,2026-09-01,12:25,225.82,225.97,225.7051,225.7051,2102
DDOG,2026-09-01,12:26,226.155,226.17,225.85,225.85,5407
DDOG,2026-09-01,12:27,225.91,226.06,225.59,225.59,2830
DDOG,2026-09-01,12:28,225.755,225.755,225.73,225.73,1861
DDOG,2026-09-01,12:29,225.645,225.645,225.645,225.645,2190
DDOG,2026-09-01,12:30,225.255,225.28,225.245,225.28,1413
DDOG,2026-09-01,12:31,225.27,225.5,225.1101,225.5,12237
DDOG,2026-09-01,12:32,225.5,225.5,225.2,225.405,4385
DDOG,2026-09-01,12:33,225.49,225.5,225.4875,225.495,7366
DDOG,2026-09-01,12:34,225.529,225.529,225.2,225.235,5865
DDOG,2026-09-01,12:35,225.2,225.24,224.9,224.9899,11857
DDOG,2026-09-01,12:36,224.99,225.25,224.9101,225.075,5677
DDOG,2026-09-01,12:37,225.13,225.13,225.115,225.115,2537
DDOG,2026-09-01,12:38,225.44,225.63,225.31,225.31,3130
DDOG,2026-09-01,12:39,225.19,225.29,225.14,225.19,4911
DDOG,2026-09-01,12:40,225.4199,225.42,225.365,225.365,2693
DDOG,2026-09-01,12:41,225.4,225.405,225.05,225.05,31612
DDOG,2026-09-01,12:42,224.85,224.85,224.635,224.635,2796
DDOG,2026-09-01,12:43,224.635,224.635,224.535,224.61,2763
DDOG,2026-09-01,12:44,224.4,224.61,224.325,224.445,5422
DDOG,2026-09-01,12:45,224.56,224.56,224.16,224.16,3693
DDOG,2026-09-01,12:46,224.1595,224.1595,223.88,223.9136,4711
DDOG,2026-09-01,12:47,223.985,224.61,223.985,224.375,21856
DDOG,2026-09-01,12:48,224.375,224.385,224.31,224.385,2280
DDOG,2026-09-01,12:49,224.57,224.89,224.465,224.775,10723
DDOG,2026-09-01,12:50,224.775,224.87,224.775,224.8,5080
DDOG,2026-09-01,12:51,224.8,224.95,224.785,224.84,2319
DDOG,2026-09-01,12:52,224.82,224.98,224.65,224.65,5344
DDOG,2026-09-01,12:53,224.88,225.06,224.88,225.06,999
DDOG,2026-09-01,12:54,224.8693,225.2,224.8301,225.17,4911
DDOG,2026-09-01,12:55,224.981,225.51,224.981,225.51,2953
DDOG,2026-09-01,12:56,225.59,225.8599,225.51,225.66,11091
DDOG,2026-09-01,12:57,225.83,226.18,225.75,225.97,4084
DDOG,2026-09-01,12:58,226.4,226.4,226.18,226.185,1564
DDOG,2026-09-01,12:59,226.08,226.32,225.9801,226.175,5423
DDOG,2026-09-01,13:00,225.99,226.065,225.875,225.93,5370
DDOG,2026-09-01,13:01,226.26,226.26,225.97,225.97,656
DDOG,2026-09-01,13:02,226.06,226.06,225.915,225.92,2876
DDOG,2026-09-01,13:03,225.8,226.09,225.8,226.09,5973
DDOG,2026-09-01,13:04,226.07,226.205,226.07,226.205,1991
DDOG,2026-09-01,13:05,226.3,226.3,226.1925,226.22,1022
DDOG,2026-09-01,13:06,226.37,226.37,226.23,226.23,1312
DDOG,2026-09-01,13:07,226.21,226.36,225.73,225.73,7015
DDOG,2026-09-01,13:08,225.73,225.73,225.73,225.73,0
DDOG,2026-09-01,13:09,226.065,226.065,225.965,225.965,1621
DDOG,2026-09-01,13:10,226.17,226.2,225.99,225.99,1750
DDOG,2026-09-01,13:11,226.18,226.31,226.1,226.31,3197
DDOG,2026-09-01,13:12,226.44,226.55,226.28,226.55,4727
DDOG,2026-09-01,13:13,226.4,226.4,226.33,226.33,1319
DDOG,2026-09-01,13:14,226.4499,226.4499,226.055,226.055,4834
DDOG,2026-09-01,13:15,226.055,226.23,226.01,226.23,4301
DDOG,2026-09-01,13:16,226.095,226.27,226.095,226.27,780
DDOG,2026-09-01,13:17,225.9749,225.9749,225.9749,225.9749,2317
DDOG,2026-09-01,13:18,226.025,226.025,226.025,226.025,1103
DDOG,2026-09-01,13:19,226.05,226.13,225.86,226.13,4753
DDOG,2026-09-01,13:20,226.32,226.32,226.32,226.32,778
DDOG,2026-09-01,13:21,226.245,226.2525,225.78,225.78,6335
DDOG,2026-09-01,13:22,225.805,225.805,225.805,225.805,466
DDOG,2026-09-01,13:23,225.5,225.5,225.33,225.36,2349
DDOG,2026-09-01,13:24,225.33,225.45,225.255,225.45,3304
DDOG,2026-09-01,13:25,225.385,225.385,225.01,225.185,4293
DDOG,2026-09-01,13:26,225.32,225.32,225.225,225.225,1091
DDOG,2026-09-01,13:27,225.23,225.23,225.225,225.225,1771
DDOG,2026-09-01,13:28,225.225,225.255,225.225,225.225,2704
DDOG,2026-09-01,13:29,225.42,225.91,225.28,225.675,7211
DDOG,2026-09-01,13:30,225.78,225.895,225.68,225.7,2442
DDOG,2026-09-01,13:31,225.91,226.115,225.91,226.11,5153
DDOG,2026-09-01,13:32,226.11,226.11,225.66,225.66,3482
DDOG,2026-09-01,13:33,225.88,226.05,225.875,226.05,21662
DDOG,2026-09-01,13:34,225.88,225.88,225.835,225.835,2466
DDOG,2026-09-01,13:35,225.88,226.13,225.88,226,39839
DDOG,2026-09-01,13:36,225.88,225.895,225.88,225.895,1836
DDOG,2026-09-01,13:37,225.86,225.91,225.855,225.895,2295
DDOG,2026-09-01,13:38,225.89,225.89,225.88,225.89,2459
DDOG,2026-09-01,13:39,225.8744,226.11,225.8744,225.925,2643
DDOG,2026-09-01,13:40,225.925,225.925,225.925,225.925,0
DDOG,2026-09-01,13:41,225.915,226.04,225.73,225.96,5873
DDOG,2026-09-01,13:42,225.845,225.855,225.845,225.855,1167
DDOG,2026-09-01,13:43,225.8,225.88,225.8,225.81,4402
DDOG,2026-09-01,13:44,225.81,225.81,225.81,225.81,4111
DDOG,2026-09-01,13:45,225.8,225.92,225.8,225.815,2723
DDOG,2026-09-01,13:46,225.83,225.83,225.505,225.505,7734
DDOG,2026-09-01,13:47,225.55,225.59,225.4,225.58,3688
DDOG,2026-09-01,13:48,225.56,225.65,225.5501,225.61,2953
DDOG,2026-09-01,13:49,225.61,225.68,225.61,225.655,2283
DDOG,2026-09-01,13:50,225.685,225.69,225.67,225.67,3390
DDOG,2026-09-01,13:51,225.57,225.57,225.2203,225.2203,5482
DDOG,2026-09-01,13:52,225.3,225.345,225.19,225.2225,3764
DDOG,2026-09-01,13:53,225.13,225.205,225.13,225.205,1482
DDOG,2026-09-01,13:54,225.195,225.25,225.18,225.18,2803
DDOG,2026-09-01,13:55,225.18,225.18,225.175,225.175,1041
DDOG,2026-09-01,13:56,225.175,225.175,224.68,224.69,8826
DDOG,2026-09-01,13:57,224.58,224.83,224.58,224.8,2926
DDOG,2026-09-01,13:58,224.55,224.55,224.55,224.55,1279
DDOG,2026-09-01,13:59,224.88,225,224.87,224.87,4009
DDOG,2026-09-01,14:00,225.21,225.21,225.13,225.13,1941
DDOG,2026-09-01,14:01,225.13,225.13,225.13,225.13,382
DDOG,2026-09-01,14:02,225.32,225.51,225.32,225.51,2345
DDOG,2026-09-01,14:03,225.6099,225.6099,225.53,225.53,1347
DDOG,2026-09-01,14:04,225.53,225.53,225.25,225.29,6856
DDOG,2026-09-01,14:05,225.265,225.265,225.265,225.265,802
DDOG,2026-09-01,14:06,225.235,225.235,225.131,225.131,1619
DDOG,2026-09-01,14:07,225.19,225.33,225.021,225.021,3143
DDOG,2026-09-01,14:08,225.58,225.61,225.58,225.61,981
DDOG,2026-09-01,14:09,225.58,225.58,225.58,225.58,1395
DDOG,2026-09-01,14:10,225.415,225.73,225.415,225.73,9254
DDOG,2026-09-01,14:11,225.9,225.9,225.745,225.8,4209
DDOG,2026-09-01,14:12,225.8,225.8,225.8,225.8,0
DDOG,2026-09-01,14:13,225.99,226.02,225.8501,226.02,1635
DDOG,2026-09-01,14:14,225.97,225.97,225.97,225.97,526
DDOG,2026-09-01,14:15,225.9701,225.9701,225.85,225.93,2732
DDOG,2026-09-01,14:16,226.03,226.03,225.83,225.83,2703
DDOG,2026-09-01,14:17,225.96,226,225.96,225.98,1255
DDOG,2026-09-01,14:18,225.86,226.05,225.86,226.05,2051
DDOG,2026-09-01,14:19,226.05,226.05,226.05,226.05,0
DDOG,2026-09-01,14:20,226.1271,226.16,226.03,226.03,2828
DDOG,2026-09-01,14:21,225.885,225.885,225.515,225.515,3678
DDOG,2026-09-01,14:22,225.515,225.515,225.515,225.515,0
DDOG,2026-09-01,14:23,225.73,225.74,225.07,225.07,11660
DDOG,2026-09-01,14:24,225.1425,225.145,225.05,225.095,4313
DDOG,2026-09-01,14:25,225.075,225.2,225.0221,225.115,5927
DDOG,2026-09-01,14:26,225.115,225.115,225.11,225.11,2168
DDOG,2026-09-01,14:27,225.095,225.095,224.96,225.08,2807
DDOG,2026-09-01,14:28,225.21,225.21,224.83,224.96,4969
DDOG,2026-09-01,14:29,224.79,224.84,224.55,224.725,4376
DDOG,2026-09-01,14:30,224.72,224.72,224.275,224.28,7503
DDOG,2026-09-01,14:31,224.12,224.84,224.12,224.79,14716
DDOG,2026-09-01,14:32,224.795,224.925,224.795,224.83,3271
DDOG,2026-09-01,14:33,224.825,224.85,224.75,224.75,5803
DDOG,2026-09-01,14:34,224.77,224.77,224.355,224.42,12188
DDOG,2026-09-01,14:35,224.435,224.58,224.3101,224.3201,3302
DDOG,2026-09-01,14:36,224.485,224.72,224.4612,224.52,4302
DDOG,2026-09-01,14:37,224.51,224.565,224.485,224.53,4043
DDOG,2026-09-01,14:38,224.58,224.63,224.485,224.63,8499
DDOG,2026-09-01,14:39,224.66,224.66,224.5,224.51,6916
DDOG,2026-09-01,14:40,224.5432,224.5432,224.44,224.45,11012
DDOG,2026-09-01,14:41,224.475,224.48,224.39,224.39,1959
DDOG,2026-09-01,14:42,224.385,224.48,224.385,224.39,8045
DDOG,2026-09-01,14:43,224.44,224.44,224.36,224.37,3493
DDOG,2026-09-01,14:44,224.415,224.415,224.2301,224.35,11113
DDOG,2026-09-01,14:45,224.42,224.43,224.35,224.4205,6353
DDOG,2026-09-01,14:46,224.51,224.64,224.38,224.535,21395
DDOG,2026-09-01,14:47,224.54,224.59,224.49,224.575,6135
DDOG,2026-09-01,14:48,224.51,224.77,224.5,224.55,19595
DDOG,2026-09-01,14:49,224.63,224.91,224.63,224.91,8059
DDOG,2026-09-01,14:50,224.8,224.8,224.5868,224.5868,2826
DDOG,2026-09-01,14:51,224.685,224.6983,224.27,224.27,7565
DDOG,2026-09-01,14:52,224.39,224.54,224.34,224.44,9539
DDOG,2026-09-01,14:53,224.28,224.44,224.11,224.2,4406
DDOG,2026-09-01,14:54,224.135,224.18,224.03,224.12,7047
DDOG,2026-09-01,14:55,224.22,224.57,224.14,224.56,8251
DDOG,2026-09-01,14:56,224.64,224.68,224.4,224.68,6657
DDOG,2026-09-01,14:57,224.525,224.67,224.38,224.61,6096
DDOG,2026-09-01,14:58,224.57,224.57,224.37,224.54,4111
DDOG,2026-09-01,14:59,224.39,224.49,224.3,224.42,15977
DDOG,2026-09-01,15:00,224.38,224.56,224.38,224.56,6888
DDOG,2026-09-01,15:01,224.47,224.93,224.47,224.93,9856
DDOG,2026-09-01,15:02,225.19,225.21,224.76,224.87,9008
DDOG,2026-09-01,15:03,224.73,224.73,224.56,224.56,7193
DDOG,2026-09-01,15:04,224.455,224.525,224.44,224.525,2224
DDOG,2026-09-01,15:05,224.52,224.52,224.32,224.32,7946
DDOG,2026-09-01,15:06,224.35,224.52,224.31,224.35,7713
DDOG,2026-09-01,15:07,224.1832,224.33,224.135,224.135,8599
DDOG,2026-09-01,15:08,224.02,224.02,223.895,223.94,7538
DDOG,2026-09-01,15:09,224.01,224.01,223.9,223.94,3914
DDOG,2026-09-01,15:10,223.97,224.75,223.86,224.75,12892
DDOG,2026-09-01,15:11,224.6625,224.6625,224.42,224.575,9085
DDOG,2026-09-01,15:12,224.635,224.68,224.525,224.59,4301
DDOG,2026-09-01,15:13,224.56,224.78,224.56,224.68,7157
DDOG,2026-09-01,15:14,224.745,224.89,224.74,224.89,6695
DDOG,2026-09-01,15:15,224.845,224.9299,224.845,224.9299,2262
DDOG,2026-09-01,15:16,224.93,224.93,224.61,224.74,12567
DDOG,2026-09-01,15:17,224.75,224.85,224.72,224.85,4528
DDOG,2026-09-01,15:18,224.83,224.87,224.77,224.775,6164
DDOG,2026-09-01,15:19,224.75,224.82,224.73,224.75,4328
DDOG,2026-09-01,15:20,224.75,224.79,224.47,224.5083,9441
DDOG,2026-09-01,15:21,224.485,224.59,224.4504,224.48,6662
DDOG,2026-09-01,15:22,224.45,224.46,224.18,224.18,10563
DDOG,2026-09-01,15:23,224.22,224.25,223.98,223.98,7050
DDOG,2026-09-01,15:24,223.95,224.13,223.83,223.84,6584
DDOG,2026-09-01,15:25,223.805,223.93,223.805,223.82,6037
DDOG,2026-09-01,15:26,223.864,223.95,223.864,223.87,6485
DDOG,2026-09-01,15:27,223.8,223.91,223.77,223.9,16403
DDOG,2026-09-01,15:28,223.93,224.01,223.83,223.95,8196
DDOG,2026-09-01,15:29,223.95,223.95,223.68,223.708,5746
DDOG,2026-09-01,15:30,223.57,223.57,223.165,223.165,8815
DDOG,2026-09-01,15:31,223.1,223.24,223.06,223.18,17379
DDOG,2026-09-01,15:32,223.18,223.48,223.18,223.42,7150
DDOG,2026-09-01,15:33,223.37,223.655,223.3,223.5475,9667
DDOG,2026-09-01,15:34,223.56,223.78,223.56,223.78,5854
DDOG,2026-09-01,15:35,223.79,223.79,223.57,223.775,10489
DDOG,2026-09-01,15:36,223.775,224,223.68,223.81,11915
DDOG,2026-09-01,15:37,223.71,223.93,223.71,223.93,7205
DDOG,2026-09-01,15:38,223.95,224.01,223.89,223.89,8989
DDOG,2026-09-01,15:39,223.94,224,223.88,223.895,6917
DDOG,2026-09-01,15:40,223.83,223.83,223.505,223.57,18421
DDOG,2026-09-01,15:41,223.535,223.7,223.4101,223.5275,29037
DDOG,2026-09-01,15:42,223.53,223.53,223.18,223.2,9349
DDOG,2026-09-01,15:43,223.24,223.52,223.24,223.49,12682
DDOG,2026-09-01,15:44,223.45,223.49,223.2625,223.2625,9413
DDOG,2026-09-01,15:45,223.205,223.66,223.14,223.27,20920
DDOG,2026-09-01,15:46,223.3,223.3,223.17,223.175,12196
DDOG,2026-09-01,15:47,223.24,223.65,223.23,223.43,16658
DDOG,2026-09-01,15:48,223.34,223.5,223.34,223.445,9439
DDOG,2026-09-01,15:49,223.4,223.445,223.24,223.33,13479
DDOG,2026-09-01,15:50,223.22,223.83,223.22,223.59,22085
DDOG,2026-09-01,15:51,223.635,223.78,223.59,223.65,22601
DDOG,2026-09-01,15:52,223.67,223.8,223.53,223.53,22520
DDOG,2026-09-01,15:53,223.51,223.515,223.02,223.14,24463
DDOG,2026-09-01,15:54,223.07,223.6,223.06,223.6,25760
DDOG,2026-09-01,15:55,223.6,223.965,223.57,223.795,41611
DDOG,2026-09-01,15:56,223.795,223.795,223.26,223.34,42751
DDOG,2026-09-01,15:57,223.34,223.69,223.275,223.43,46118
DDOG,2026-09-01,15:58,223.46,223.73,223.38,223.705,64659
DDOG,2026-09-01,15:59,223.73,224.11,223.6328,223.83,140066
DDOG,2026-09-02,09:30,219.46,219.79,213.63,213.63,301185
DDOG,2026-09-02,09:31,213.63,215.49,213.05,215.38,57265
DDOG,2026-09-02,09:32,214.49,215.725,214.42,215.205,15964
DDOG,2026-09-02,09:33,214.455,215.275,213.87,215.205,48895
DDOG,2026-09-02,09:34,215.205,215.205,213.5,214.09,46846
DDOG,2026-09-02,09:35,214.2,215.76,213.8301,215.0275,24948
DDOG,2026-09-02,09:36,214.95,215.215,213.4,214.24,22474
DDOG,2026-09-02,09:37,214.125,214.8099,213.4,213.77,9258
DDOG,2026-09-02,09:38,214.17,214.48,212.88,213.85,23190
DDOG,2026-09-02,09:39,214.065,214.405,213.65,214.065,16782
DDOG,2026-09-02,09:40,214.065,215.35,213.82,214.67,20308
DDOG,2026-09-02,09:41,214.915,214.925,213.48,213.53,20633
DDOG,2026-09-02,09:42,213.12,214.81,213.12,214.74,24381
DDOG,2026-09-02,09:43,214.745,214.95,214.05,214.42,17656
DDOG,2026-09-02,09:44,214.39,214.78,213.81,213.81,14861
DDOG,2026-09-02,09:45,214.01,215.0605,213.93,214.2325,23657
DDOG,2026-09-02,09:46,213.99,214.74,213.99,214.675,10455
DDOG,2026-09-02,09:47,215.15,215.72,214.85,215.21,9534
DDOG,2026-09-02,09:48,214.92,215.7,214.91,215.39,22065
DDOG,2026-09-02,09:49,215.34,215.61,214.58,215.02,14721
DDOG,2026-09-02,09:50,214.86,215.8391,214.86,215.695,8363
DDOG,2026-09-02,09:51,215.695,216.19,214.79,214.84,20188
DDOG,2026-09-02,09:52,214.975,215.32,214.54,214.54,14978
DDOG,2026-09-02,09:53,214.88,215.305,214.7,215.17,10544
DDOG,2026-09-02,09:54,214.88,216.495,214.7,216.36,17070
DDOG,2026-09-02,09:55,216.03,216.345,216.03,216.25,6516
DDOG,2026-09-02,09:56,216.25,216.25,215.445,215.94,12784
DDOG,2026-09-02,09:57,216.055,216.625,216.04,216.08,16942
DDOG,2026-09-02,09:58,216.23,216.23,215.385,215.385,10454
DDOG,2026-09-02,09:59,215.42,216.13,215.31,216.13,14012
DDOG,2026-09-02,10:00,216.15,216.305,215.1,215.14,14332
DDOG,2026-09-02,10:01,215.45,215.45,214.56,214.815,11054
DDOG,2026-09-02,10:02,214.815,214.93,213.72,214.075,9017
DDOG,2026-09-02,10:03,214.075,214.33,213.7,214.035,8698
DDOG,2026-09-02,10:04,213.71,214.45,213.7,214.45,28117
DDOG,2026-09-02,10:05,214.77,215.7,214.77,215.05,16720
DDOG,2026-09-02,10:06,214.77,215.1,214.39,214.46,25745
DDOG,2026-09-02,10:07,214.77,214.77,214,214.1205,24832
DDOG,2026-09-02,10:08,214.34,215.01,213.8801,214,29418
DDOG,2026-09-02,10:09,214.195,214.48,214,214.2775,12777
DDOG,2026-09-02,10:10,214.085,214.635,213.89,214.48,10320
DDOG,2026-09-02,10:11,214.235,214.63,214.02,214.615,12833
DDOG,2026-09-02,10:12,214.42,214.615,213.84,213.84,15268
DDOG,2026-09-02,10:13,214,214,213.27,213.345,9490
DDOG,2026-09-02,10:14,213.345,213.405,212.67,212.955,22998
DDOG,2026-09-02,10:15,212.955,213.37,212.68,212.9001,15358
DDOG,2026-09-02,10:16,212.84,213.19,212.65,212.68,17985
DDOG,2026-09-02,10:17,212.68,213.08,212.65,212.79,8484
DDOG,2026-09-02,10:18,212.91,213.185,212.635,213.175,21804
DDOG,2026-09-02,10:19,213.18,213.54,213.02,213.5,13270
DDOG,2026-09-02,10:20,213.33,214.15,213.28,214.15,16015
DDOG,2026-09-02,10:21,214.255,214.26,213.7216,214.01,17504
DDOG,2026-09-02,10:22,214.1,214.33,213.76,214.235,6040
DDOG,2026-09-02,10:23,214.24,214.8,214.24,214.52,12033
DDOG,2026-09-02,10:24,214.73,214.73,214.1,214.43,27358
DDOG,2026-09-02,10:25,214.43,214.79,214.43,214.785,5565
DDOG,2026-09-02,10:26,214.785,215.105,214.4,214.65,14233
DDOG,2026-09-02,10:27,214.5305,214.71,214.45,214.71,5502
DDOG,2026-09-02,10:28,214.72,215.1,214.6,215.1,6665
DDOG,2026-09-02,10:29,215.1,215.56,215.03,215.37,12496
DDOG,2026-09-02,10:30,215.37,215.37,215,215.01,7496
DDOG,2026-09-02,10:31,215.11,215.12,214.06,214.635,18877
DDOG,2026-09-02,10:32,214.635,214.82,214.46,214.69,9959
DDOG,2026-09-02,10:33,214.59,214.63,214.31,214.61,11351
DDOG,2026-09-02,10:34,214.61,215.1,214.61,215.04,11251
DDOG,2026-09-02,10:35,215.24,215.6534,215.19,215.44,8382
DDOG,2026-09-02,10:36,215.46,215.64,215.33,215.53,6332
DDOG,2026-09-02,10:37,215.565,215.85,215.37,215.68,15038
DDOG,2026-09-02,10:38,215.68,215.83,215.42,215.8,9360
DDOG,2026-09-02,10:39,215.645,215.95,215.49,215.775,12037
DDOG,2026-09-02,10:40,215.89,216.155,215.6201,216.11,13336
DDOG,2026-09-02,10:41,216.11,216.35,215.8,215.8,15930
DDOG,2026-09-02,10:42,215.82,215.82,215.16,215.595,12473
DDOG,2026-09-02,10:43,215.58,216,215.47,215.775,14522
DDOG,2026-09-02,10:44,215.755,216.28,215.53,215.53,10165
DDOG,2026-09-02,10:45,215.815,215.97,215.57,215.97,14135
DDOG,2026-09-02,10:46,215.885,215.895,215.53,215.71,13008
DDOG,2026-09-02,10:47,215.64,215.9978,215.64,215.945,11586
DDOG,2026-09-02,10:48,215.945,215.945,215.58,215.77,10444
DDOG,2026-09-02,10:49,215.765,215.9892,215.46,215.46,6583
DDOG,2026-09-02,10:50,215.46,215.535,214.72,214.72,20532
DDOG,2026-09-02,10:51,214.81,215.055,214.68,215.055,14573
DDOG,2026-09-02,10:52,215.055,215.125,214.84,214.92,8699
DDOG,2026-09-02,10:53,214.93,215.515,214.93,215.37,10387
DDOG,2026-09-02,10:54,215.37,215.445,215.15,215.27,9047
DDOG,2026-09-02,10:55,215.27,215.6,214.84,214.84,15918
DDOG,2026-09-02,10:56,214.93,214.93,214.02,214.07,17855
DDOG,2026-09-02,10:57,214.07,214.32,213.66,213.75,15522
DDOG,2026-09-02,10:58,213.8921,213.8921,213.38,213.38,11116
DDOG,2026-09-02,10:59,213.59,213.59,213.28,213.5,23856
DDOG,2026-09-02,11:00,213.33,213.84,213.33,213.72,19970
DDOG,2026-09-02,11:01,213.56,214.42,213.56,214.25,10074
DDOG,2026-09-02,11:02,214.395,214.395,213.88,213.88,10411
DDOG,2026-09-02,11:03,214.02,214.02,213.46,213.695,12136
DDOG,2026-09-02,11:04,213.56,213.675,213.36,213.675,7910
DDOG,2026-09-02,11:05,213.675,213.85,213.5,213.67,10268
DDOG,2026-09-02,11:06,213.68,213.74,213.5201,213.6,7819
DDOG,2026-09-02,11:07,213.54,213.775,213.54,213.69,8586
DDOG,2026-09-02,11:08,213.61,213.92,213.35,213.35,10832
DDOG,2026-09-02,11:09,213.39,213.67,213.38,213.63,9207
DDOG,2026-09-02,11:10,213.45,213.565,213.29,213.43,3925
DDOG,2026-09-02,11:11,213.29,213.395,212.89,213.01,16358
DDOG,2026-09-02,11:12,212.995,213.445,212.91,213.33,15849
DDOG,2026-09-02,11:13,213.21,213.345,212.93,212.97,4965
DDOG,2026-09-02,11:14,212.93,213.08,212.79,212.79,17657
DDOG,2026-09-02,11:15,212.795,212.86,212.68,212.825,9876
DDOG,2026-09-02,11:16,212.62,213.01,212.62,212.8861,16644
DDOG,2026-09-02,11:17,213.04,213.26,212.75,213.15,15265
DDOG,2026-09-02,11:18,213.295,213.665,213,213.66,17371
DDOG,2026-09-02,11:19,213.82,213.89,213.625,213.63,7035
DDOG,2026-09-02,11:20,213.45,213.63,213.3,213.45,10756
DDOG,2026-09-02,11:21,213.3,213.36,213.28,213.29,5263
DDOG,2026-09-02,11:22,213.4389,213.4389,212.83,212.83,12194
DDOG,2026-09-02,11:23,212.75,213.115,212.6,212.955,17001
DDOG,2026-09-02,11:24,212.92,213.26,212.92,213.255,6996
DDOG,2026-09-02,11:25,213.255,213.47,213.0001,213.125,8713
DDOG,2026-09-02,11:26,213.125,213.125,212.8,212.8005,12588
DDOG,2026-09-02,11:27,212.94,212.945,212.63,212.87,9924
DDOG,2026-09-02,11:28,212.95,213.04,212.705,212.76,6769
DDOG,2026-09-02,11:29,212.755,212.755,212.24,212.385,16814
DDOG,2026-09-02,11:30,212.27,212.34,212.23,212.3,6766
DDOG,2026-09-02,11:31,212.27,212.315,212.13,212.215,7544
DDOG,2026-09-02,11:32,212.215,212.49,212.215,212.37,12259
DDOG,2026-09-02,11:33,212.37,212.49,212.08,212.25,9523
DDOG,2026-09-02,11:34,212.27,212.27,211.81,212.02,9504
DDOG,2026-09-02,11:35,211.91,212.14,211.795,212.14,11445
DDOG,2026-09-02,11:36,212.13,212.59,212.13,212.465,9235
DDOG,2026-09-02,11:37,212.42,212.424,212.15,212.305,7170
DDOG,2026-09-02,11:38,212.295,212.36,212.25,212.25,2640
DDOG,2026-09-02,11:39,212.275,212.41,212.15,212.27,7467
DDOG,2026-09-02,11:40,212.31,212.48,212.15,212.42,4365
DDOG,2026-09-02,11:41,212.41,212.47,212.08,212.21,5888
DDOG,2026-09-02,11:42,212.3403,212.3403,212,212.06,5998
DDOG,2026-09-02,11:43,212.01,212.1077,211.91,211.91,5946
DDOG,2026-09-02,11:44,211.79,212.18,211.79,212.115,10058
DDOG,2026-09-02,11:45,212.115,212.155,211.9701,212.145,3130
DDOG,2026-09-02,11:46,212.145,212.32,212.13,212.14,9243
DDOG,2026-09-02,11:47,212.265,212.59,212.265,212.59,9811
DDOG,2026-09-02,11:48,212.585,212.94,212.51,212.51,12657
DDOG,2026-09-02,11:49,212.37,212.51,212.21,212.37,6113
DDOG,2026-09-02,11:50,212.23,212.375,211.78,211.95,8299
DDOG,2026-09-02,11:51,211.8,212.185,211.8,212.185,13929
DDOG,2026-09-02,11:52,212.15,212.2626,211.91,212.01,6687
DDOG,2026-09-02,11:53,212.02,212.165,211.91,212.08,5183
DDOG,2026-09-02,11:54,212.075,212.23,211.62,211.62,12496
DDOG,2026-09-02,11:55,211.57,211.6458,211.5239,211.57,8654
DDOG,2026-09-02,11:56,211.605,211.67,211.37,211.545,8166
DDOG,2026-09-02,11:57,211.53,211.81,211.53,211.685,6210
DDOG,2026-09-02,11:58,211.68,211.79,211.56,211.665,9980
DDOG,2026-09-02,11:59,211.67,211.81,211.53,211.56,9754
DDOG,2026-09-02,12:00,211.495,211.6099,211.22,211.22,8786
DDOG,2026-09-02,12:01,211.24,211.43,211.23,211.29,7257
DDOG,2026-09-02,12:02,211.1,211.23,210.82,211.1,36006
DDOG,2026-09-02,12:03,211.2,211.2,210.95,211.2,7611
DDOG,2026-09-02,12:04,211.155,211.45,211.155,211.4,10173
DDOG,2026-09-02,12:05,211.37,211.83,211.2501,211.83,10938
DDOG,2026-09-02,12:06,211.82,211.88,211.385,211.385,6893
DDOG,2026-09-02,12:07,211.385,211.5418,211.23,211.23,4125
DDOG,2026-09-02,12:08,211.34,211.34,211.05,211.29,9200
DDOG,2026-09-02,12:09,211.275,211.3548,211.13,211.29,5934
DDOG,2026-09-02,12:10,211.28,211.51,211.17,211.2101,20222
DDOG,2026-09-02,12:11,211.405,211.7,211.375,211.535,9826
DDOG,2026-09-02,12:12,211.535,211.535,211.515,211.525,4225
DDOG,2026-09-02,12:13,211.525,211.86,211.525,211.7,10179
DDOG,2026-09-02,12:14,211.7,211.88,211.35,211.35,6891
DDOG,2026-09-02,12:15,211.46,211.63,211.455,211.5,7141
DDOG,2026-09-02,12:16,211.51,211.54,211.35,211.455,10470
DDOG,2026-09-02,12:17,211.46,211.655,211.32,211.48,7255
DDOG,2026-09-02,12:18,211.45,211.46,210.88,211.0052,9070
DDOG,2026-09-02,12:19,211.09,211.27,210.89,211.175,9149
DDOG,2026-09-02,12:20,211.175,211.365,211.03,211.365,7598
DDOG,2026-09-02,12:21,211.5099,211.5099,211.08,211.2,9915
DDOG,2026-09-02,12:22,211.205,211.82,211.205,211.62,10629
DDOG,2026-09-02,12:23,211.6,211.95,211.58,211.77,8439
DDOG,2026-09-02,12:24,211.725,211.85,211.7,211.7,3436
DDOG,2026-09-02,12:25,211.89,212.08,211.725,212.04,7655
DDOG,2026-09-02,12:26,212.08,212.08,211.825,211.9,8191
DDOG,2026-09-02,12:27,211.9,212.14,211.87,211.87,6637
DDOG,2026-09-02,12:28,211.95,211.99,211.84,211.89,5381
DDOG,2026-09-02,12:29,211.74,211.7415,211.29,211.35,19044
DDOG,2026-09-02,12:30,211.6067,211.6067,211.315,211.315,3725
DDOG,2026-09-02,12:31,211.13,211.51,211.08,211.37,14283
DDOG,2026-09-02,12:32,211.4,211.42,211.11,211.11,7792
DDOG,2026-09-02,12:33,211.23,211.3,211.0818,211.15,5846
DDOG,2026-09-02,12:34,211.15,211.15,211.1,211.135,3116
DDOG,2026-09-02,12:35,211.135,211.23,211,211.13,11368
DDOG,2026-09-02,12:36,211.15,211.25,211.05,211.105,6912
DDOG,2026-09-02,12:37,211.1,211.51,211.1,211.405,20251
DDOG,2026-09-02,12:38,211.475,211.58,211.29,211.495,6800
DDOG,2026-09-02,12:39,211.49,211.78,211.445,211.55,11529
DDOG,2026-09-02,12:40,211.71,211.71,211.55,211.58,5783
DDOG,2026-09-02,12:41,211.64,211.64,211.48,211.48,7298
DDOG,2026-09-02,12:42,211.55,211.55,211.35,211.35,5755
DDOG,2026-09-02,12:43,211.355,211.4,211.23,211.38,8114
DDOG,2026-09-02,12:44,211.39,211.41,210.88,210.88,9784
DDOG,2026-09-02,12:45,211.06,211.06,210.69,210.88,18119
DDOG,2026-09-02,12:46,210.84,211.03,210.7758,210.92,6266
DDOG,2026-09-02,12:47,210.92,211.22,210.88,211.22,12235
DDOG,2026-09-02,12:48,211.22,211.22,210.61,210.61,7520
DDOG,2026-09-02,12:49,210.61,210.965,210.5,210.81,11244
DDOG,2026-09-02,12:50,210.87,210.905,210.64,210.76,6201
DDOG,2026-09-02,12:51,210.755,210.845,210.53,210.73,7693
DDOG,2026-09-02,12:52,210.735,210.776,210.56,210.56,7114
DDOG,2026-09-02,12:53,210.65,210.9,210.65,210.69,5762
DDOG,2026-09-02,12:54,210.745,210.888,210.55,210.55,6196
DDOG,2026-09-02,12:55,210.72,210.745,210.4,210.43,24021
DDOG,2026-09-02,12:56,210.5,210.575,210.4,210.575,6294
DDOG,2026-09-02,12:57,210.565,210.615,210.37,210.37,7809
DDOG,2026-09-02,12:58,210.49,210.52,210.11,210.355,10430
DDOG,2026-09-02,12:59,210.47,210.47,210.21,210.345,2735
DDOG,2026-09-02,13:00,210.345,210.36,210.16,210.195,10037
DDOG,2026-09-02,13:01,210.13,210.52,210.13,210.335,14429
DDOG,2026-09-02,13:02,210.335,210.705,210.25,210.705,18656
DDOG,2026-09-02,13:03,210.58,210.74,210.4661,210.6,7985
DDOG,2026-09-02,13:04,210.53,210.82,210.53,210.73,9293
DDOG,2026-09-02,13:05,210.67,210.8,210.63,210.75,9641
DDOG,2026-09-02,13:06,210.63,210.74,210.43,210.545,9344
DDOG,2026-09-02,13:07,210.54,210.757,210.49,210.49,5335
DDOG,2026-09-02,13:08,210.615,210.85,210.605,210.72,4753
DDOG,2026-09-02,13:09,210.83,211,210.75,210.915,9561
DDOG,2026-09-02,13:10,210.9,211.04,210.82,210.955,4472
DDOG,2026-09-02,13:11,210.945,210.945,210.63,210.68,9499
DDOG,2026-09-02,13:12,210.815,210.945,210.63,210.795,6126
DDOG,2026-09-02,13:13,210.805,211.095,210.8,210.975,9388
DDOG,2026-09-02,13:14,210.91,211,210.8,210.83,5421
DDOG,2026-09-02,13:15,210.915,210.915,210.76,210.9,3247
DDOG,2026-09-02,13:16,210.88,210.88,210.69,210.69,6305
DDOG,2026-09-02,13:17,210.595,210.9,210.5401,210.9,7982
DDOG,2026-09-02,13:18,210.75,210.96,210.36,210.44,7038
DDOG,2026-09-02,13:19,210.43,210.97,210.43,210.97,10790
DDOG,2026-09-02,13:20,210.86,211.02,210.6201,210.79,30322
DDOG,2026-09-02,13:21,210.76,211.1,210.75,210.935,10130
DDOG,2026-09-02,13:22,211.05,211.32,210.94,211.2,12570
DDOG,2026-09-02,13:23,211.26,211.295,211.06,211.175,5825
DDOG,2026-09-02,13:24,211.18,211.315,211.02,211.05,9761
DDOG,2026-09-02,13:25,211.145,211.145,211.01,211.01,5641
DDOG,2026-09-02,13:26,210.87,211.01,210.79,210.895,6646
DDOG,2026-09-02,13:27,210.895,211.02,210.76,210.9,6465
DDOG,2026-09-02,13:28,210.9,211.125,210.82,210.92,10980
DDOG,2026-09-02,13:29,210.93,211.0533,210.8,210.8,6120
DDOG,2026-09-02,13:30,210.85,211.03,210.72,210.92,16428
DDOG,2026-09-02,13:31,211.0472,211.11,210.83,210.955,7182
DDOG,2026-09-02,13:32,210.9,211.0125,210.785,210.82,12015
DDOG,2026-09-02,13:33,210.72,210.96,210.7,210.75,5937
DDOG,2026-09-02,13:34,210.825,210.925,210.61,210.61,3704
DDOG,2026-09-02,13:35,210.63,210.63,210.33,210.33,4404
DDOG,2026-09-02,13:36,210.31,210.32,210.08,210.08,6215
DDOG,2026-09-02,13:37,210.08,210.08,209.6,209.625,25212
DDOG,2026-09-02,13:38,209.52,209.85,209.4,209.69,15937
DDOG,2026-09-02,13:39,209.715,209.78,209.6,209.78,7247
DDOG,2026-09-02,13:40,209.78,209.87,209.69,209.84,6623
DDOG,2026-09-02,13:41,209.74,209.84,209.56,209.57,6628
DDOG,2026-09-02,13:42,209.69,209.74,209.455,209.5,10437
DDOG,2026-09-02,13:43,209.605,209.7,209.48,209.48,10590
DDOG,2026-09-02,13:44,209.61,209.8,209.43,209.66,9743
DDOG,2026-09-02,13:45,209.575,209.9126,209.575,209.71,9372
DDOG,2026-09-02,13:46,209.775,209.845,209.58,209.79,6857
DDOG,2026-09-02,13:47,209.61,209.94,209.53,209.84,8562
DDOG,2026-09-02,13:48,209.81,209.94,209.56,209.795,3273
DDOG,2026-09-02,13:49,209.91,209.91,209.6,209.63,4360
DDOG,2026-09-02,13:50,209.58,209.7851,209.565,209.77,10784
DDOG,2026-09-02,13:51,209.74,209.95,209.74,209.945,4347
DDOG,2026-09-02,13:52,209.91,210,209.8,209.8,4913
DDOG,2026-09-02,13:53,209.79,209.9117,209.74,209.835,4032
DDOG,2026-09-02,13:54,209.71,209.93,209.69,209.885,5349
DDOG,2026-09-02,13:55,209.82,209.95,209.77,209.88,7875
DDOG,2026-09-02,13:56,209.88,209.88,209.52,209.53,16810
DDOG,2026-09-02,13:57,209.69,210.22,209.52,210.06,56155
DDOG,2026-09-02,13:58,210.22,210.2625,209.96,210.19,4434
DDOG,2026-09-02,13:59,210,210.16,209.86,209.97,7987
DDOG,2026-09-02,14:00,210.0225,210.045,209.925,210.0171,4033
DDOG,2026-09-02,14:01,209.92,210.08,209.92,209.985,9768
DDOG,2026-09-02,14:02,209.985,210.27,209.87,209.87,19629
DDOG,2026-09-02,14:03,209.88,210.28,209.87,210.22,7875
DDOG,2026-09-02,14:04,210.29,210.29,210.12,210.19,4415
DDOG,2026-09-02,14:05,210.19,210.33,210.155,210.19,3364
DDOG,2026-09-02,14:06,210.19,210.5,210.19,210.5,8208
DDOG,2026-09-02,14:07,210.5,210.59,210.23,210.375,11867
DDOG,2026-09-02,14:08,210.345,210.46,210.29,210.41,7136
DDOG,2026-09-02,14:09,210.41,210.51,210.28,210.415,27791
DDOG,2026-09-02,14:10,210.415,210.47,210.385,210.385,5199
DDOG,2026-09-02,14:11,210.385,210.585,210.3201,210.53,13149
DDOG,2026-09-02,14:12,210.53,210.58,210.23,210.23,5887
DDOG,2026-09-02,14:13,210.365,210.68,210.26,210.59,7158
DDOG,2026-09-02,14:14,210.62,210.62,210.36,210.42,5233
DDOG,2026-09-02,14:15,210.395,210.49,210.17,210.245,9231
DDOG,2026-09-02,14:16,210.275,210.43,210.16,210.37,7725
DDOG,2026-09-02,14:17,210.37,210.53,210.2206,210.49,6476
DDOG,2026-09-02,14:18,210.465,210.82,210.4,210.5489,16580
DDOG,2026-09-02,14:19,210.54,210.735,210.4959,210.735,5826
DDOG,2026-09-02,14:20,210.74,210.97,210.74,210.785,4717
DDOG,2026-09-02,14:21,210.78,210.87,210.6307,210.6506,8409
DDOG,2026-09-02,14:22,210.65,210.7587,210.64,210.7587,3417
DDOG,2026-09-02,14:23,210.76,210.79,210.62,210.755,8977
DDOG,2026-09-02,14:24,210.755,210.9212,210.6604,210.91,9573
DDOG,2026-09-02,14:25,210.915,210.915,210.88,210.88,4371
DDOG,2026-09-02,14:26,210.84,210.84,210.225,210.365,14133
DDOG,2026-09-02,14:27,210.36,210.54,210.05,210.2,9907
DDOG,2026-09-02,14:28,210.245,210.245,210,210,3496
DDOG,2026-09-02,14:29,210.14,210.14,209.82,209.86,15455
DDOG,2026-09-02,14:30,209.79,209.99,209.79,209.99,5995
DDOG,2026-09-02,14:31,209.93,210.02,209.815,209.83,14721
DDOG,2026-09-02,14:32,209.965,210.0175,209.83,210,3912
DDOG,2026-09-02,14:33,209.85,209.85,209.63,209.63,7485
DDOG,2026-09-02,14:34,209.735,209.7375,209.59,209.59,5776
DDOG,2026-09-02,14:35,209.6051,209.61,209.26,209.305,10299
DDOG,2026-09-02,14:36,209.17,209.35,209.09,209.225,16255
DDOG,2026-09-02,14:37,209.11,209.255,209,209.17,10489
DDOG,2026-09-02,14:38,209.06,209.28,209.02,209.03,10607
DDOG,2026-09-02,14:39,209.06,209.105,209.01,209.01,8288
DDOG,2026-09-02,14:40,209.16,209.19,209.03,209.1125,9332
DDOG,2026-09-02,14:41,209.095,209.19,209,209.09,9023
DDOG,2026-09-02,14:42,209.09,209.16,209.09,209.09,3611
DDOG,2026-09-02,14:43,209.09,209.25,209.05,209.155,9549
DDOG,2026-09-02,14:44,209.06,209.155,208.85,208.85,10523
DDOG,2026-09-02,14:45,208.945,209.04,208.82,208.88,13344
DDOG,2026-09-02,14:46,208.845,208.845,208.77,208.77,4607
DDOG,2026-09-02,14:47,208.835,208.92,208.76,208.76,7842
DDOG,2026-09-02,14:48,208.865,208.93,208.76,208.86,11901
DDOG,2026-09-02,14:49,208.86,208.93,208.76,208.835,12459
DDOG,2026-09-02,14:50,208.85,208.97,208.76,208.815,9657
DDOG,2026-09-02,14:51,208.72,208.765,208.61,208.75,7631
DDOG,2026-09-02,14:52,208.71,209.04,208.6,209.04,12354
DDOG,2026-09-02,14:53,209,209.17,209,209.17,5858
DDOG,2026-09-02,14:54,209.17,209.24,209.14,209.24,9271
DDOG,2026-09-02,14:55,209.28,209.37,209.26,209.3,4892
DDOG,2026-09-02,14:56,209.3,209.51,209.21,209.34,8995
DDOG,2026-09-02,14:57,209.35,209.45,209.29,209.35,5233
DDOG,2026-09-02,14:58,209.23,209.245,209.08,209.19,4173
DDOG,2026-09-02,14:59,209.2821,209.2821,208.89,209.04,15721
DDOG,2026-09-02,15:00,209.035,210.54,209.035,210.15,28305
DDOG,2026-09-02,15:01,210.05,210.6157,209.86,210.6157,16712
DDOG,2026-09-02,15:02,210.35,210.39,210.02,210.165,6473
DDOG,2026-09-02,15:03,210.38,210.52,210.13,210.23,7245
DDOG,2026-09-02,15:04,210.23,210.735,210.0801,210.5701,8738
DDOG,2026-09-02,15:05,210.62,210.67,210.28,210.365,18124
DDOG,2026-09-02,15:06,210.365,210.5799,210.265,210.5799,18513
DDOG,2026-09-02,15:07,210.215,210.32,210.03,210.095,14922
DDOG,2026-09-02,15:08,210.25,210.25,209.7,209.78,7594
DDOG,2026-09-02,15:09,209.66,210.1,209.66,210.1,20853
DDOG,2026-09-02,15:10,209.96,210.4,209.96,210.4,5599
DDOG,2026-09-02,15:11,210.27,210.38,210.1,210.2,5094
DDOG,2026-09-02,15:12,210.15,210.53,210.05,210.51,6629
DDOG,2026-09-02,15:13,210.44,210.59,210.255,210.45,22842
DDOG,2026-09-02,15:14,210.45,210.51,210.12,210.12,7402
DDOG,2026-09-02,15:15,210.025,210.565,210.025,210.565,14967
DDOG,2026-09-02,15:16,210.565,210.5825,210.31,210.45,8314
DDOG,2026-09-02,15:17,210.455,210.4775,210.35,210.4,8508
DDOG,2026-09-02,15:18,210.32,210.33,210.07,210.12,7811
DDOG,2026-09-02,15:19,210.12,210.21,209.895,209.99,6676
DDOG,2026-09-02,15:20,210.11,210.11,209.645,209.7917,12370
DDOG,2026-09-02,15:21,209.935,210.1,209.9,210.08,8549
DDOG,2026-09-02,15:22,210.215,210.3,210.06,210.06,12252
DDOG,2026-09-02,15:23,210.14,210.14,209.64,209.68,3766
DDOG,2026-09-02,15:24,209.64,209.77,209.5001,209.77,8100
DDOG,2026-09-02,15:25,209.725,209.78,209.46,209.47,5100
DDOG,2026-09-02,15:26,209.445,209.445,209.26,209.43,9355
DDOG,2026-09-02,15:27,209.46,209.48,209.31,209.31,3957
DDOG,2026-09-02,15:28,209.31,209.5,209.24,209.5,9945
DDOG,2026-09-02,15:29,209.435,209.46,209.355,209.44,8440
DDOG,2026-09-02,15:30,209.36,209.5,209.115,209.115,9312
DDOG,2026-09-02,15:31,209.1,209.16,208.95,209.115,11259
DDOG,2026-09-02,15:32,208.985,209.16,208.87,209.16,8492
DDOG,2026-09-02,15:33,209.195,209.278,209.055,209.09,13396
DDOG,2026-09-02,15:34,209,209.09,208.895,209.07,9607
DDOG,2026-09-02,15:35,209.04,209.04,208.575,208.575,14086
DDOG,2026-09-02,15:36,208.575,208.7202,208.51,208.59,7900
DDOG,2026-09-02,15:37,208.55,208.58,208.26,208.32,19107
DDOG,2026-09-02,15:38,208.32,208.52,208.27,208.45,20980
DDOG,2026-09-02,15:39,208.45,208.5,208.3,208.4044,14194
DDOG,2026-09-02,15:40,208.435,208.785,208.35,208.365,17079
DDOG,2026-09-02,15:41,208.37,208.55,208.37,208.465,14171
DDOG,2026-09-02,15:42,208.37,208.82,208.37,208.8,14268
DDOG,2026-09-02,15:43,208.7,208.74,208.31,208.465,22423
DDOG,2026-09-02,15:44,208.4,208.71,208.39,208.71,16178
DDOG,2026-09-02,15:45,208.79,208.84,208.44,208.56,20707
DDOG,2026-09-02,15:46,208.63,208.66,208.53,208.62,14452
DDOG,2026-09-02,15:47,208.61,208.69,208.4,208.49,16103
DDOG,2026-09-02,15:48,208.42,208.56,208.32,208.48,16773
DDOG,2026-09-02,15:49,208.48,208.52,208.35,208.44,15880
DDOG,2026-09-02,15:50,208.38,208.61,208.26,208.61,29361
DDOG,2026-09-02,15:51,208.56,208.81,208.39,208.51,31948
DDOG,2026-09-02,15:52,208.53,208.615,208.26,208.298,22500
DDOG,2026-09-02,15:53,208.3,208.58,208.22,208.5,24094
DDOG,2026-09-02,15:54,208.43,209.2424,208.41,209.2424,44374
DDOG,2026-09-02,15:55,209.18,209.27,208.72,208.94,48075
DDOG,2026-09-02,15:56,208.89,208.95,208.595,208.87,53489
DDOG,2026-09-02,15:57,208.88,209.47,208.88,209.25,92620
DDOG,2026-09-02,15:58,209.255,209.31,209.02,209.03,87073
DDOG,2026-09-02,15:59,209.03,209.28,208.83,209.22,163607
DDOG,2026-09-03,09:30,220,221,219.32,219.8625,379381
DDOG,2026-09-03,09:31,220.15,220.22,215.25,216.325,42093
DDOG,2026-09-03,09:32,216.2375,218.075,214.25,214.5101,68415
DDOG,2026-09-03,09:33,215.25,216.04,214.26,215.975,35826
DDOG,2026-09-03,09:34,216.67,218.9799,216.67,218.075,65816
DDOG,2026-09-03,09:35,218.305,218.305,216.61,216.915,25208
DDOG,2026-09-03,09:36,216.915,217.045,215.15,215.465,18203
DDOG,2026-09-03,09:37,215.05,216.61,215.05,216.49,24776
DDOG,2026-09-03,09:38,216.43,216.43,214.3,215.3099,12236
DDOG,2026-09-03,09:39,214.645,215.235,214.43,215.085,7321
DDOG,2026-09-03,09:40,215,215.46,214.445,215.25,17510
DDOG,2026-09-03,09:41,214.78,215.01,213.75,214.59,38895
DDOG,2026-09-03,09:42,214.71,215.17,213.645,213.765,22581
DDOG,2026-09-03,09:43,213.83,213.9701,212.585,212.585,16266
DDOG,2026-09-03,09:44,212.13,212.525,211.5815,212.13,19640
DDOG,2026-09-03,09:45,212.24,212.44,211.35,211.535,22844
DDOG,2026-09-03,09:46,211.5,211.7,211.16,211.52,16303
DDOG,2026-09-03,09:47,211.36,211.55,210.5439,211.415,14872
DDOG,2026-09-03,09:48,211.515,211.8599,211.3,211.74,8524
DDOG,2026-09-03,09:49,211.74,212.46,211.74,212.31,8981
DDOG,2026-09-03,09:50,212.62,212.62,212.215,212.2299,9612
DDOG,2026-09-03,09:51,212.185,212.43,211.85,212.31,13756
DDOG,2026-09-03,09:52,212.08,212.33,211.73,212.06,17275
DDOG,2026-09-03,09:53,211.74,212.6,211.68,212.59,11448
DDOG,2026-09-03,09:54,213.05,213.8,212.86,213.76,19937
DDOG,2026-09-03,09:55,213.535,213.7347,213.045,213.315,15691
DDOG,2026-09-03,09:56,213.33,213.53,212.97,213.06,16164
DDOG,2026-09-03,09:57,213.115,213.24,212.22,212.91,31592
DDOG,2026-09-03,09:58,212.745,212.91,212.215,212.7457,18829
DDOG,2026-09-03,09:59,212.945,213.94,212.378,213.94,10739
DDOG,2026-09-03,10:00,213.85,214.1,213.21,213.21,14876
DDOG,2026-09-03,10:01,213.21,213.41,212.715,212.82,10045
DDOG,2026-09-03,10:02,213.035,213.27,212.525,212.525,26076
DDOG,2026-09-03,10:03,212.455,212.56,212.0496,212.45,18478
DDOG,2026-09-03,10:04,212.43,212.82,212.1504,212.815,14969
DDOG,2026-09-03,10:05,212.815,213.07,212.78,213,7997
DDOG,2026-09-03,10:06,213.015,213.82,213.015,213.82,19624
DDOG,2026-09-03,10:07,213.875,214.475,213.875,214.475,22328
DDOG,2026-09-03,10:08,214.54,214.565,213.77,213.89,9691
DDOG,2026-09-03,10:09,213.94,213.945,213.6,213.9,7610
DDOG,2026-09-03,10:10,213.865,214.1399,213.72,213.895,6523
DDOG,2026-09-03,10:11,213.895,214.8,213.895,214.77,57467
DDOG,2026-09-03,10:12,214.77,215.12,214.77,214.8523,23302
DDOG,2026-09-03,10:13,214.825,215.2,214.65,215.16,16243
DDOG,2026-09-03,10:14,215.16,215.8,214.98,214.98,40779
DDOG,2026-09-03,10:15,214.76,214.76,214.0256,214.225,7914
DDOG,2026-09-03,10:16,214.11,214.335,214.05,214.335,5265
DDOG,2026-09-03,10:17,214.625,214.625,213.69,214.005,29344
DDOG,2026-09-03,10:18,213.9962,214.79,213.84,214.53,7396
DDOG,2026-09-03,10:19,214.51,215.825,214.51,215.825,8833
DDOG,2026-09-03,10:20,215.54,215.765,215.3442,215.525,5775
DDOG,2026-09-03,10:21,215.625,215.98,215.6,215.6,7449
DDOG,2026-09-03,10:22,215.37,215.79,215.37,215.59,10996
DDOG,2026-09-03,10:23,215.52,215.69,215.1758,215.65,15532
DDOG,2026-09-03,10:24,215.72,215.72,214.25,214.58,11282
DDOG,2026-09-03,10:25,214.37,214.655,213.0401,213.355,13948
DDOG,2026-09-03,10:26,213.35,214.43,213,214.125,7599
DDOG,2026-09-03,10:27,214.125,214.3339,214.125,214.21,3254
DDOG,2026-09-03,10:28,214.21,214.21,213.43,213.51,7467
DDOG,2026-09-03,10:29,213.665,213.665,213.43,213.51,5286
DDOG,2026-09-03,10:30,213.605,213.65,213.605,213.65,3610
DDOG,2026-09-03,10:31,213.655,213.92,213.3,213.335,8501
DDOG,2026-09-03,10:32,213.33,214,213.26,213.94,7212
DDOG,2026-09-03,10:33,213.79,213.79,213.53,213.73,3085
DDOG,2026-09-03,10:34,213.725,213.725,213.31,213.5051,4906
DDOG,2026-09-03,10:35,213.505,213.93,213.505,213.8,5095
DDOG,2026-09-03,10:36,213.74,213.74,213.31,213.595,5691
DDOG,2026-09-03,10:37,213.595,213.815,213.54,213.815,10809
DDOG,2026-09-03,10:38,213.63,213.66,213.125,213.235,9459
DDOG,2026-09-03,10:39,213.37,214.04,213.26,213.81,7178
DDOG,2026-09-03,10:40,213.705,214.44,213.685,213.93,10134
DDOG,2026-09-03,10:41,214.075,214.23,213.765,213.965,7112
DDOG,2026-09-03,10:42,213.98,214.12,213.64,213.64,4651
DDOG,2026-09-03,10:43,213.345,213.345,213.22,213.22,3873
DDOG,2026-09-03,10:44,213.18,213.185,212.98,213.045,4863
DDOG,2026-09-03,10:45,213.15,213.15,212.87,212.87,4447
DDOG,2026-09-03,10:46,212.87,213.2,212.79,213.18,7143
DDOG,2026-09-03,10:47,213.225,213.66,213.225,213.66,3921
DDOG,2026-09-03,10:48,213.67,213.67,213.05,213.235,6625
DDOG,2026-09-03,10:49,213.2325,213.7,213.2325,213.7,5935
DDOG,2026-09-03,10:50,213.58,213.77,213.38,213.38,6985
DDOG,2026-09-03,10:51,213.89,213.91,213.5,213.75,8210
DDOG,2026-09-03,10:52,213.7,213.87,213.2986,213.65,8949
DDOG,2026-09-03,10:53,213.675,213.675,213.29,213.555,3708
DDOG,2026-09-03,10:54,213.6,213.6,213.385,213.385,1329
DDOG,2026-09-03,10:55,213.39,213.56,213.39,213.56,5624
DDOG,2026-09-03,10:56,213.87,214.08,213.2836,213.2836,11097
DDOG,2026-09-03,10:57,213.5012,213.75,213.5012,213.575,1689
DDOG,2026-09-03,10:58,213.615,213.85,213.54,213.85,10136
DDOG,2026-09-03,10:59,214.065,214.4826,214.06,214.09,19631
DDOG,2026-09-03,11:00,214.37,214.37,214.04,214.27,6003
DDOG,2026-09-03,11:01,214.16,214.47,214.04,214.27,11821
DDOG,2026-09-03,11:02,214.46,214.8,214.46,214.8,3864
DDOG,2026-09-03,11:03,214.75,214.92,214.695,214.695,4300
DDOG,2026-09-03,11:04,214.65,214.65,214.38,214.48,8844
DDOG,2026-09-03,11:05,214.495,214.625,214.495,214.51,3183
DDOG,2026-09-03,11:06,214.6835,214.6835,214.344,214.37,5602
DDOG,2026-09-03,11:07,214.54,214.99,214.54,214.915,11524
DDOG,2026-09-03,11:08,215.0876,215.0999,214.915,215.08,6326
DDOG,2026-09-03,11:09,215.05,215.05,214.7301,214.9,4574
DDOG,2026-09-03,11:10,214.9,215.41,214.9,215.25,3834
DDOG,2026-09-03,11:11,215.25,215.29,215.07,215.07,3873
DDOG,2026-09-03,11:12,215.34,215.7274,215.24,215.7274,5994
DDOG,2026-09-03,11:13,215.78,215.78,215.39,215.5,4749
DDOG,2026-09-03,11:14,215.51,215.51,215.34,215.485,3424
DDOG,2026-09-03,11:15,215.48,215.48,214.99,215.115,6586
DDOG,2026-09-03,11:16,215.28,215.28,215.1,215.1,3110
DDOG,2026-09-03,11:17,215.11,215.5697,215.11,215.34,5188
DDOG,2026-09-03,11:18,215.33,215.33,214.92,215.015,3394
DDOG,2026-09-03,11:19,214.98,215.1025,214.88,215.05,5619
DDOG,2026-09-03,11:20,215.085,215.085,214.7939,214.7939,3146
DDOG,2026-09-03,11:21,214.79,214.8575,214.59,214.59,5210
DDOG,2026-09-03,11:22,214.605,214.605,214.3805,214.505,4765
DDOG,2026-09-03,11:23,214.555,214.865,214.555,214.76,3409
DDOG,2026-09-03,11:24,214.81,214.85,214.735,214.735,2956
DDOG,2026-09-03,11:25,214.9,214.9642,214.62,214.645,5566
DDOG,2026-09-03,11:26,214.5,214.66,214.38,214.62,4218
DDOG,2026-09-03,11:27,214.69,214.86,214.62,214.68,2900
DDOG,2026-09-03,11:28,214.645,214.65,214.57,214.57,2743
DDOG,2026-09-03,11:29,214.57,214.85,214.5,214.745,12949
DDOG,2026-09-03,11:30,214.9,214.9,214.76,214.765,4248
DDOG,2026-09-03,11:31,214.72,214.84,214.69,214.71,7302
DDOG,2026-09-03,11:32,214.71,214.77,214.43,214.63,7432
DDOG,2026-09-03,11:33,214.53,214.75,214.53,214.565,15341
DDOG,2026-09-03,11:34,214.485,214.485,214.325,214.325,3627
DDOG,2026-09-03,11:35,214.28,214.39,214.28,214.39,2774
DDOG,2026-09-03,11:36,214.2701,214.36,214.2701,214.36,7535
DDOG,2026-09-03,11:37,214.41,214.47,214.41,214.41,936
DDOG,2026-09-03,11:38,214.45,214.51,214.26,214.26,5805
DDOG,2026-09-03,11:39,214.34,214.34,214.24,214.25,4253
DDOG,2026-09-03,11:40,214.31,214.43,214.02,214.02,3769
DDOG,2026-09-03,11:41,214.085,214.48,214.069,214.48,5193
DDOG,2026-09-03,11:42,214.495,214.6099,214.47,214.47,4230
DDOG,2026-09-03,11:43,214.445,214.445,214.445,214.445,1038
DDOG,2026-09-03,11:44,214.43,214.43,214.42,214.42,1384
DDOG,2026-09-03,11:45,214.43,214.51,214.43,214.51,3525
DDOG,2026-09-03,11:46,214.3101,214.73,214.3101,214.69,3341
DDOG,2026-09-03,11:47,214.53,214.53,214.3,214.3,4794
DDOG,2026-09-03,11:48,214.27,214.27,214.27,214.27,2588
DDOG,2026-09-03,11:49,214.635,214.68,214.635,214.66,1660
DDOG,2026-09-03,11:50,214.655,214.69,214.655,214.69,1238
DDOG,2026-09-03,11:51,214.47,214.61,214.405,214.61,7223
DDOG,2026-09-03,11:52,214.62,214.62,214.535,214.535,1670
DDOG,2026-09-03,11:53,214.41,214.505,214.31,214.505,5630
DDOG,2026-09-03,11:54,214.5,214.52,214.4,214.52,3827
DDOG,2026-09-03,11:55,214.565,214.7,214.4,214.655,2770
DDOG,2026-09-03,11:56,214.64,214.73,214.6,214.725,4538
DDOG,2026-09-03,11:57,214.8,215.11,214.79,215.065,9097
DDOG,2026-09-03,11:58,214.86,214.915,214.86,214.915,1836
DDOG,2026-09-03,11:59,214.84,214.96,214.12,214.18,10354
DDOG,2026-09-03,12:00,214.25,214.8375,214.14,214.835,20761
DDOG,2026-09-03,12:01,214.6701,214.6701,214.565,214.565,4939
DDOG,2026-09-03,12:02,214.75,214.88,214.75,214.76,3235
DDOG,2026-09-03,12:03,214.82,214.82,214.82,214.82,1534
DDOG,2026-09-03,12:04,214.88,214.88,214.73,214.82,3610
DDOG,2026-09-03,12:05,214.78,214.8,214.78,214.8,3135
DDOG,2026-09-03,12:06,214.61,214.61,214.42,214.6,3920
DDOG,2026-09-03,12:07,214.61,214.84,214.61,214.6201,3388
DDOG,2026-09-03,12:08,214.58,214.58,214.51,214.55,3352
DDOG,2026-09-03,12:09,214.55,214.57,214.51,214.51,2313
DDOG,2026-09-03,12:10,214.51,214.69,214.5,214.69,5833
DDOG,2026-09-03,12:11,214.5301,214.8,214.49,214.49,3779
DDOG,2026-09-03,12:12,214.49,214.65,214.49,214.49,2859
DDOG,2026-09-03,12:13,214.67,214.67,214.67,214.67,1311
DDOG,2026-09-03,12:14,214.73,214.73,214.55,214.55,2544
DDOG,2026-09-03,12:15,214.73,214.73,214.675,214.675,2159
DDOG,2026-09-03,12:16,214.725,214.725,214.7,214.7,2108
DDOG,2026-09-03,12:17,214.9,215.03,214.87,214.925,3714
DDOG,2026-09-03,12:18,214.93,215.39,214.92,215.075,14686
DDOG,2026-09-03,12:19,215,215.29,214.9,215.29,2351
DDOG,2026-09-03,12:20,214.77,214.77,214.77,214.77,5265
DDOG,2026-09-03,12:21,214.69,215.07,214.58,214.845,17721
DDOG,2026-09-03,12:22,214.84,214.96,214.75,214.82,3928
DDOG,2026-09-03,12:23,214.94,215.01,214.74,215.01,4586
DDOG,2026-09-03,12:24,215.045,215.045,214.82,214.93,3054
DDOG,2026-09-03,12:25,214.71,214.83,214.5675,214.715,4891
DDOG,2026-09-03,12:26,214.705,214.7375,214.665,214.665,2913
DDOG,2026-09-03,12:27,214.665,214.705,214.5303,214.705,7136
DDOG,2026-09-03,12:28,214.705,214.9101,214.705,214.9101,5371
DDOG,2026-09-03,12:29,214.92,214.99,214.91,214.915,5343
DDOG,2026-09-03,12:30,214.83,214.83,214.83,214.83,1305
DDOG,2026-09-03,12:31,214.97,214.97,214.57,214.57,5879
DDOG,2026-09-03,12:32,214.605,214.66,214.605,214.62,8687
DDOG,2026-09-03,12:33,214.545,214.56,214.36,214.36,3614
DDOG,2026-09-03,12:34,214.3542,214.46,214.32,214.32,8666
DDOG,2026-09-03,12:35,214.27,214.27,214.1269,214.1269,1715
DDOG,2026-09-03,12:36,214.25,214.28,214.235,214.275,2783
DDOG,2026-09-03,12:37,214.13,214.28,214,214.2149,4839
DDOG,2026-09-03,12:38,214.235,214.24,214.2,214.235,2595
DDOG,2026-09-03,12:39,214.11,214.18,213.855,214.04,4926
DDOG,2026-09-03,12:40,214.08,214.16,214.015,214.145,7213
DDOG,2026-09-03,12:41,214.24,214.265,214.06,214.11,4103
DDOG,2026-09-03,12:42,214.165,214.29,214.1245,214.22,9414
DDOG,2026-09-03,12:43,214.38,214.38,214.11,214.13,3187
DDOG,2026-09-03,12:44,214.15,214.15,214.04,214.09,6430
DDOG,2026-09-03,12:45,214.09,214.1,213.95,213.95,4999
DDOG,2026-09-03,12:46,214.065,214.065,213.71,213.815,3879
DDOG,2026-09-03,12:47,213.8151,213.8151,213.74,213.74,1323
DDOG,2026-09-03,12:48,213.75,213.905,213.73,213.87,3118
DDOG,2026-09-03,12:49,213.905,214.05,213.81,214.05,3257
DDOG,2026-09-03,12:50,213.96,213.96,213.8,213.81,2191
DDOG,2026-09-03,12:51,213.9275,214.08,213.82,213.98,11161
DDOG,2026-09-03,12:52,213.89,214,213.86,213.9,5591
DDOG,2026-09-03,12:53,213.9,214.07,213.81,214.045,5667
DDOG,2026-09-03,12:54,214.08,214.1,214.02,214.1,2411
DDOG,2026-09-03,12:55,214.23,214.23,214.02,214.1,2452
DDOG,2026-09-03,12:56,214.12,214.17,214.12,214.12,3104
DDOG,2026-09-03,12:57,214.055,214.055,214.055,214.055,1062
DDOG,2026-09-03,12:58,213.975,213.975,213.84,213.84,1757
DDOG,2026-09-03,12:59,213.905,214,213.905,213.975,6014
DDOG,2026-09-03,13:00,213.76,214.6,213.69,214.46,65774
DDOG,2026-09-03,13:01,214.425,214.4275,213.985,214.36,18123
DDOG,2026-09-03,13:02,214.35,214.35,213.99,213.99,4269
DDOG,2026-09-03,13:03,214.095,214.095,213.91,214.025,3273
DDOG,2026-09-03,13:04,214.03,214.29,213.86,214.29,7242
DDOG,2026-09-03,13:05,214.235,214.56,214.09,214.51,19159
DDOG,2026-09-03,13:06,214.57,214.575,214.44,214.575,2365
DDOG,2026-09-03,13:07,214.53,214.68,214.4,214.545,13294
DDOG,2026-09-03,13:08,214.41,214.545,214.4,214.51,5556
DDOG,2026-09-03,13:09,214.795,214.9,214.645,214.72,4954
DDOG,2026-09-03,13:10,214.685,214.84,214.53,214.69,5623
DDOG,2026-09-03,13:11,214.74,214.74,214.66,214.66,2721
DDOG,2026-09-03,13:12,214.7,214.7,214.64,214.64,2665
DDOG,2026-09-03,13:13,214.73,214.83,214.73,214.82,2666
DDOG,2026-09-03,13:14,214.785,214.785,214.77,214.775,2850
DDOG,2026-09-03,13:15,214.75,214.75,214.67,214.72,2962
DDOG,2026-09-03,13:16,214.77,214.79,214.77,214.79,2144
DDOG,2026-09-03,13:17,214.84,215,213.88,214.29,58239
DDOG,2026-09-03,13:18,214.0269,214.23,213.6,213.81,64032
DDOG,2026-09-03,13:19,213.73,213.82,213.73,213.82,3695
DDOG,2026-09-03,13:20,213.675,213.675,213.51,213.51,2937
DDOG,2026-09-03,13:21,213.585,213.65,213.51,213.645,3282
DDOG,2026-09-03,13:22,213.67,213.78,213.61,213.71,5626
DDOG,2026-09-03,13:23,213.82,213.89,213.61,213.785,14585
DDOG,2026-09-03,13:24,213.765,213.795,213.765,213.77,1381
DDOG,2026-09-03,13:25,213.88,214.17,213.72,214.17,7621
DDOG,2026-09-03,13:26,214.17,214.17,214.07,214.11,3216
DDOG,2026-09-03,13:27,214.03,214.145,214.02,214.08,3069
DDOG,2026-09-03,13:28,214.02,214.16,214.02,214.16,3154
DDOG,2026-09-03,13:29,214.195,214.47,214.15,214.29,2158
DDOG,2026-09-03,13:30,214.55,214.55,214.4,214.4,2037
DDOG,2026-09-03,13:31,214.4,214.49,214.4,214.49,2434
DDOG,2026-09-03,13:32,214.39,214.41,214.39,214.41,6205
DDOG,2026-09-03,13:33,214.29,214.29,213.94,214,4950
DDOG,2026-09-03,13:34,214.025,214.075,213.98,214.075,4230
DDOG,2026-09-03,13:35,214.075,214.075,214.075,214.075,0
DDOG,2026-09-03,13:36,213.935,213.935,213.82,213.85,4874
DDOG,2026-09-03,13:37,213.845,214.03,213.845,213.895,5343
DDOG,2026-09-03,13:38,213.895,213.895,213.63,213.65,4253
DDOG,2026-09-03,13:39,213.62,213.695,213.31,213.54,5630
DDOG,2026-09-03,13:40,213.43,213.6055,213.405,213.405,2361
DDOG,2026-09-03,13:41,213.5882,213.5882,213.405,213.405,2561
DDOG,2026-09-03,13:42,213.52,213.52,213.52,213.52,1023
DDOG,2026-09-03,13:43,213.35,213.36,213.26,213.36,2731
DDOG,2026-09-03,13:44,213.4,214.125,213.4,214.125,5484
DDOG,2026-09-03,13:45,214.125,214.21,213.87,214.05,4857
DDOG,2026-09-03,13:46,214,214,213.99,213.99,1907
DDOG,2026-09-03,13:47,213.86,213.86,213.7,213.7,2261
DDOG,2026-09-03,13:48,213.715,213.81,213.65,213.66,2625
DDOG,2026-09-03,13:49,213.765,213.87,213.705,213.705,1732
DDOG,2026-09-03,13:50,213.69,213.95,213.685,213.78,3225
DDOG,2026-09-03,13:51,213.96,214,213.96,214,2394
DDOG,2026-09-03,13:52,214,214.3195,214,214.155,3184
DDOG,2026-09-03,13:53,213.99,213.99,213.99,213.99,310
DDOG,2026-09-03,13:54,214.145,214.31,214.14,214.265,3081
DDOG,2026-09-03,13:55,214.12,214.125,214,214.06,2872
DDOG,2026-09-03,13:56,214.115,214.1175,214.08,214.115,4906
DDOG,2026-09-03,13:57,214.16,214.28,214.16,214.16,2952
DDOG,2026-09-03,13:58,214.012,214.185,214,214.185,4473
DDOG,2026-09-03,13:59,214.13,214.24,214.13,214.24,1208
DDOG,2026-09-03,14:00,214.36,214.5,214.11,214.5,2878
DDOG,2026-09-03,14:01,214.4,214.45,214.4,214.45,9883
DDOG,2026-09-03,14:02,214.44,214.59,214.44,214.4475,2899
DDOG,2026-09-03,14:03,214.31,214.375,214.19,214.195,4553
DDOG,2026-09-03,14:04,214.195,214.195,214.195,214.195,0
DDOG,2026-09-03,14:05,214.195,214.195,214.03,214.03,9806
DDOG,2026-09-03,14:06,214.185,214.185,213.93,213.94,7473
DDOG,2026-09-03,14:07,213.85,213.85,213.845,213.845,2430
DDOG,2026-09-03,14:08,213.845,213.845,213.845,213.845,0
DDOG,2026-09-03,14:09,213.845,213.845,213.845,213.845,0
DDOG,2026-09-03,14:10,214.18,214.2,214.18,214.2,13482
DDOG,2026-09-03,14:11,214.19,214.19,214.03,214.18,922
DDOG,2026-09-03,14:12,214.225,214.225,214.225,214.225,4540
DDOG,2026-09-03,14:13,214.12,214.18,213.96,214,5083
DDOG,2026-09-03,14:14,214.005,214.81,214.005,214.675,53704
DDOG,2026-09-03,14:15,214.65,214.65,214.44,214.59,9889
DDOG,2026-09-03,14:16,214.64,214.64,214.4,214.505,5006
DDOG,2026-09-03,14:17,214.505,214.505,214.29,214.29,2430
DDOG,2026-09-03,14:18,214.425,214.425,214.25,214.25,3385
DDOG,2026-09-03,14:19,214.27,214.4299,214.27,214.27,3409
DDOG,2026-09-03,14:20,214.27,214.305,214.13,214.15,4201
DDOG,2026-09-03,14:21,214.21,214.2707,214.21,214.21,3528
DDOG,2026-09-03,14:22,214.21,214.37,214.21,214.37,6304
DDOG,2026-09-03,14:23,214.37,214.37,214.37,214.37,0
DDOG,2026-09-03,14:24,214.5,214.6,214.49,214.6,3493
DDOG,2026-09-03,14:25,214.605,214.605,214.6,214.6,702
DDOG,2026-09-03,14:26,214.605,214.73,214.56,214.5601,3345
DDOG,2026-09-03,14:27,214.65,215.12,214.65,215.12,8132
DDOG,2026-09-03,14:28,215.01,215.1,215.01,215.07,783
DDOG,2026-09-03,14:29,215.2,215.42,215.19,215.34,19102
DDOG,2026-09-03,14:30,215.46,215.46,215.38,215.44,4360
DDOG,2026-09-03,14:31,215.44,215.535,215.44,215.535,2037
DDOG,2026-09-03,14:32,215.54,215.71,215.54,215.71,4062
DDOG,2026-09-03,14:33,215.33,215.485,215.27,215.36,3015
DDOG,2026-09-03,14:34,215.27,215.27,215.18,215.255,3235
DDOG,2026-09-03,14:35,215.37,215.48,215.21,215.4,4224
DDOG,2026-09-03,14:36,215.33,215.49,215.31,215.31,2352
DDOG,2026-09-03,14:37,215.46,215.61,215.385,215.385,4024
DDOG,2026-09-03,14:38,215.34,215.48,215.34,215.48,3736
DDOG,2026-09-03,14:39,215.63,215.63,215.39,215.5075,8215
DDOG,2026-09-03,14:40,215.3801,215.445,215.27,215.345,4913
DDOG,2026-09-03,14:41,215.49,215.49,215.44,215.44,2927
DDOG,2026-09-03,14:42,215.445,215.445,215.32,215.395,3597
DDOG,2026-09-03,14:43,215.425,215.9469,215.425,215.795,11259
DDOG,2026-09-03,14:44,215.84,216,215.84,215.9275,3171
DDOG,2026-09-03,14:45,215.7625,216.03,215.7625,215.92,7530
DDOG,2026-09-03,14:46,215.795,215.795,215.505,215.505,4454
DDOG,2026-09-03,14:47,215.48,215.63,215.425,215.63,3480
DDOG,2026-09-03,14:48,215.595,215.595,215.16,215.17,7193
DDOG,2026-09-03,14:49,215.18,215.18,214.64,214.76,10283
DDOG,2026-09-03,14:50,214.71,214.82,214.71,214.815,4736
DDOG,2026-09-03,14:51,214.865,214.89,214.78,214.89,4225
DDOG,2026-09-03,14:52,214.985,214.99,214.85,214.89,4454
DDOG,2026-09-03,14:53,214.925,214.925,214.925,214.925,434
DDOG,2026-09-03,14:54,214.935,214.945,214.935,214.94,2094
DDOG,2026-09-03,14:55,214.9375,215.04,214.935,215.04,2001
DDOG,2026-09-03,14:56,214.93,214.965,214.831,214.965,4985
DDOG,2026-09-03,14:57,214.86,214.96,214.77,214.79,4396
DDOG,2026-09-03,14:58,214.9,215.16,214.825,215.12,4760
DDOG,2026-09-03,14:59,214.995,215.09,214.9701,215.035,2750
DDOG,2026-09-03,15:00,215.035,215.035,214.4705,214.515,7794
DDOG,2026-09-03,15:01,214.57,214.6799,214.57,214.6799,3990
DDOG,2026-09-03,15:02,214.575,214.575,214.47,214.575,3194
DDOG,2026-09-03,15:03,214.68,214.695,214.57,214.615,7619
DDOG,2026-09-03,15:04,214.62,214.915,214.62,214.8926,2750
DDOG,2026-09-03,15:05,214.925,214.96,214.925,214.93,3105
DDOG,2026-09-03,15:06,214.935,214.935,214.8,214.88,6822
DDOG,2026-09-03,15:07,214.895,214.96,214.74,214.74,4025
DDOG,2026-09-03,15:08,214.75,215.01,214.75,215.01,7123
DDOG,2026-09-03,15:09,215.165,215.41,215.165,215.41,5161
DDOG,2026-09-03,15:10,215.275,215.34,215.03,215.26,10661
DDOG,2026-09-03,15:11,215.43,215.465,215.43,215.46,4034
DDOG,2026-09-03,15:12,215.38,215.38,215.0168,215.11,10073
DDOG,2026-09-03,15:13,215.1025,215.1624,214.9901,215.1,4262
DDOG,2026-09-03,15:14,214.99,215.26,214.99,215.26,3707
DDOG,2026-09-03,15:15,215.2,215.25,215.07,215.09,8008
DDOG,2026-09-03,15:16,215.135,215.135,214.9601,214.9601,4192
DDOG,2026-09-03,15:17,215.065,215.065,214.92,214.92,2910
DDOG,2026-09-03,15:18,214.995,214.995,214.83,214.89,5803
DDOG,2026-09-03,15:19,214.895,215.01,214.8,214.895,7381
DDOG,2026-09-03,15:20,214.81,214.81,214.73,214.73,5027
DDOG,2026-09-03,15:21,214.77,214.92,214.71,214.87,11693
DDOG,2026-09-03,15:22,214.925,215.1546,214.78,215.07,6513
DDOG,2026-09-03,15:23,215.07,215.22,214.93,215.075,4574
DDOG,2026-09-03,15:24,215.04,215.08,214.87,214.93,5780
DDOG,2026-09-03,15:25,214.925,215.05,214.85,215.05,5090
DDOG,2026-09-03,15:26,215.11,215.14,215.015,215.14,5250
DDOG,2026-09-03,15:27,215.22,215.33,215.125,215.125,5750
DDOG,2026-09-03,15:28,215.11,215.2,215.1,215.2,3458
DDOG,2026-09-03,15:29,215.22,215.36,214.5,214.5,13491
DDOG,2026-09-03,15:30,214.5,214.69,214.485,214.5425,4903
DDOG,2026-09-03,15:31,214.6,214.87,214.4797,214.87,6549
DDOG,2026-09-03,15:32,214.865,214.875,214.715,214.795,5916
DDOG,2026-09-03,15:33,214.57,214.65,214.33,214.345,5073
DDOG,2026-09-03,15:34,214.22,214.33,214.2001,214.26,5483
DDOG,2026-09-03,15:35,214.31,214.31,214.13,214.15,3646
DDOG,2026-09-03,15:36,214.15,214.155,214,214.135,10278
DDOG,2026-09-03,15:37,214.135,214.185,213.85,214.185,8347
DDOG,2026-09-03,15:38,214.095,214.35,214.095,214.22,3804
DDOG,2026-09-03,15:39,214.195,214.39,214.195,214.36,6146
DDOG,2026-09-03,15:40,214.27,214.34,213.92,213.92,9254
DDOG,2026-09-03,15:41,213.87,213.98,213.77,213.955,8554
DDOG,2026-09-03,15:42,213.985,214.13,213.84,213.9,10402
DDOG,2026-09-03,15:43,213.87,213.925,213.5,213.655,22627
DDOG,2026-09-03,15:44,213.655,213.655,213.625,213.625,3701
DDOG,2026-09-03,15:45,213.65,214.38,213.6,214.375,10050
DDOG,2026-09-03,15:46,214.56,214.72,214.48,214.72,8576
DDOG,2026-09-03,15:47,214.605,214.605,214.16,214.16,9209
DDOG,2026-09-03,15:48,214.05,214.155,213.78,213.81,8101
DDOG,2026-09-03,15:49,213.885,214.02,213.885,213.95,8655
DDOG,2026-09-03,15:50,213.95,214.08,213.84,213.97,12016
DDOG,2026-09-03,15:51,213.86,213.95,213.69,213.86,14166
DDOG,2026-09-03,15:52,213.895,213.9,213.72,213.845,12663
DDOG,2026-09-03,15:53,213.74,213.9001,213.54,213.635,17239
DDOG,2026-09-03,15:54,213.795,215.15,213.69,214.9684,32966
DDOG,2026-09-03,15:55,215.05,215.47,214.71,215.02,99525
DDOG,2026-09-03,15:56,215.13,215.2444,214.58,214.79,36778
DDOG,2026-09-03,15:57,214.765,214.9,214.54,214.58,49084
DDOG,2026-09-03,15:58,214.64,214.69,214.14,214.51,166617
DDOG,2026-09-03,15:59,214.54,214.87,214.43,214.74,125257
DDOG,2026-09-04,09:30,212.16,212.19,210.95,210.95,55427
DDOG,2026-09-04,09:31,210.96,213.5,210.96,213.5,3819
DDOG,2026-09-04,09:32,213.33,213.33,213,213,7142
DDOG,2026-09-04,09:33,213.245,213.245,211.73,212.5575,4693
DDOG,2026-09-04,09:34,212.79,212.79,211.83,211.83,2659
DDOG,2026-09-04,09:35,212.175,212.355,212.17,212.355,3451
DDOG,2026-09-04,09:36,212.5,213,212.5,212.51,1748
DDOG,2026-09-04,09:37,213.63,213.79,212.55,212.55,3416
DDOG,2026-09-04,09:38,213.03,213.03,211.41,211.69,3282
DDOG,2026-09-04,09:39,211.5485,212.305,211.5485,212.305,1837
DDOG,2026-09-04,09:40,212.3617,212.68,212.28,212.68,1746
DDOG,2026-09-04,09:41,212.345,212.69,212.345,212.62,3277
DDOG,2026-09-04,09:42,212.625,212.625,212,212.435,5028
DDOG,2026-09-04,09:43,211.99,212.9,211.82,212.9,5380
DDOG,2026-09-04,09:44,213.33,213.575,213.33,213.575,3425
DDOG,2026-09-04,09:45,212.98,213.03,212.56,212.56,6016
DDOG,2026-09-04,09:46,212.365,212.365,211.47,211.47,5322
DDOG,2026-09-04,09:47,211.765,211.865,211.75,211.775,2220
DDOG,2026-09-04,09:48,211.76,212,211.76,212,3430
DDOG,2026-09-04,09:49,212.06,212.11,212,212.1,1929
DDOG,2026-09-04,09:50,211.75,212.82,211.72,212.82,3285
DDOG,2026-09-04,09:51,212.77,212.99,212,212,5817
DDOG,2026-09-04,09:52,212.6798,212.6798,212.34,212.35,1668
DDOG,2026-09-04,09:53,212.48,212.605,212.12,212.12,3175
DDOG,2026-09-04,09:54,212.27,212.3017,212.0401,212.0401,2222
DDOG,2026-09-04,09:55,212.28,213.03,212.28,212.89,5053
DDOG,2026-09-04,09:56,212.89,212.9,212.4,212.5,7380
DDOG,2026-09-04,09:57,212.6325,212.76,212.38,212.76,5556
DDOG,2026-09-04,09:58,212.78,213,212.76,212.835,3264
DDOG,2026-09-04,09:59,213.11,213.62,212.95,213.62,6056
DDOG,2026-09-04,10:00,213.602,213.62,212.68,213.21,11663
DDOG,2026-09-04,10:01,213.21,213.2118,213.05,213.2118,1522
DDOG,2026-09-04,10:02,213.125,213.41,213.12,213.41,3280
DDOG,2026-09-04,10:03,213.5,213.5,212.93,212.93,6017
DDOG,2026-09-04,10:04,212.875,212.885,212.625,212.875,2776
DDOG,2026-09-04,10:05,212.85,212.85,212.58,212.705,2214
DDOG,2026-09-04,10:06,212.78,213.26,212.78,212.81,7006
DDOG,2026-09-04,10:07,212.995,212.995,212.74,212.74,3365
DDOG,2026-09-04,10:08,212.775,213.02,212.57,212.57,4764
DDOG,2026-09-04,10:09,212.875,213.495,212.875,213.08,2950
DDOG,2026-09-04,10:10,213.145,213.48,213.145,213.48,1830
DDOG,2026-09-04,10:11,213.2533,213.405,213.0701,213.168,4527
DDOG,2026-09-04,10:12,213.395,213.795,213.395,213.41,3964
DDOG,2026-09-04,10:13,213.5797,213.5797,213.5797,213.5797,1751
DDOG,2026-09-04,10:14,213.665,214,213.665,213.99,7722
DDOG,2026-09-04,10:15,214.19,214.19,213.76,213.81,4856
DDOG,2026-09-04,10:16,213.87,213.87,213.47,213.5,7591
DDOG,2026-09-04,10:17,213.58,214.2,213.58,214.2,4433
DDOG,2026-09-04,10:18,214.29,214.29,213.818,214.055,6786
DDOG,2026-09-04,10:19,214.045,214.045,213.41,213.41,7727
DDOG,2026-09-04,10:20,213.28,213.28,213,213.22,6444
DDOG,2026-09-04,10:21,213.305,213.305,213.09,213.12,4342
DDOG,2026-09-04,10:22,213.12,213.41,213.12,213.28,2940
DDOG,2026-09-04,10:23,213.12,213.46,213.12,213.46,2070
DDOG,2026-09-04,10:24,213.39,213.39,213.275,213.275,2075
DDOG,2026-09-04,10:25,213.46,213.46,213.255,213.255,2318
DDOG,2026-09-04,10:26,213.485,213.485,213.36,213.36,938
DDOG,2026-09-04,10:27,213.46,213.47,213.385,213.47,2289
DDOG,2026-09-04,10:28,213.2,213.43,213.11,213.315,3108
DDOG,2026-09-04,10:29,213.235,213.26,213.07,213.07,2367
DDOG,2026-09-04,10:30,213.22,213.22,213,213.06,3951
DDOG,2026-09-04,10:31,213.23,213.235,213,213.03,5679
DDOG,2026-09-04,10:32,212.89,213.065,212.89,213.065,3591
DDOG,2026-09-04,10:33,213.095,213.37,212.88,212.88,9535
DDOG,2026-09-04,10:34,212.88,213.08,212.79,212.8775,4037
DDOG,2026-09-04,10:35,212.8825,213.135,212.875,213.035,2981
DDOG,2026-09-04,10:36,213.29,213.605,212.76,213.605,4366
DDOG,2026-09-04,10:37,213.35,213.5299,213.2,213.395,5198
DDOG,2026-09-04,10:38,213.48,213.89,213.48,213.89,813
DDOG,2026-09-04,10:39,213.79,213.84,213.525,213.7531,2453
DDOG,2026-09-04,10:40,213.475,213.625,213.455,213.455,1445
DDOG,2026-09-04,10:41,213.43,213.64,213.25,213.61,1231
DDOG,2026-09-04,10:42,213.515,213.515,213.39,213.39,2182
DDOG,2026-09-04,10:43,213.34,213.48,213.25,213.33,4175
DDOG,2026-09-04,10:44,213.48,213.62,213.38,213.57,3736
DDOG,2026-09-04,10:45,213.34,213.7,213.34,213.6275,3454
DDOG,2026-09-04,10:46,213.545,213.545,213.54,213.54,710
DDOG,2026-09-04,10:47,213.495,213.9,213.495,213.68,3976
DDOG,2026-09-04,10:48,213.86,214,213.7575,213.92,9562
DDOG,2026-09-04,10:49,214.0661,214.61,214.0661,214.3101,4685
DDOG,2026-09-04,10:50,214.485,214.485,214.485,214.485,416
DDOG,2026-09-04,10:51,214.49,214.49,214.31,214.44,3541
DDOG,2026-09-04,10:52,214.39,214.39,214.2201,214.36,6572
DDOG,2026-09-04,10:53,214.5,214.71,214.45,214.52,2988
DDOG,2026-09-04,10:54,214.585,214.69,214.52,214.52,4893
DDOG,2026-09-04,10:55,214.585,214.585,214.34,214.45,4490
DDOG,2026-09-04,10:56,214.42,214.42,214.35,214.42,1728
DDOG,2026-09-04,10:57,214.31,214.37,214,214.005,7405
DDOG,2026-09-04,10:58,213.99,213.99,213.985,213.985,658
DDOG,2026-09-04,10:59,213.78,214.08,213.755,213.925,6631
DDOG,2026-09-04,11:00,214.16,214.16,213.979,214.075,2122
DDOG,2026-09-04,11:01,214.05,214.1118,214.05,214.1118,3524
DDOG,2026-09-04,11:02,214,214,213.8,213.8,3359
DDOG,2026-09-04,11:03,213.8,213.83,213.6451,213.83,1741
DDOG,2026-09-04,11:04,214.05,214.05,213.835,213.835,1648
DDOG,2026-09-04,11:05,213.835,214.13,213.59,213.98,11164
DDOG,2026-09-04,11:06,213.945,213.945,213.59,213.655,4832
DDOG,2026-09-04,11:07,213.59,213.88,213.59,213.6625,6806
DDOG,2026-09-04,11:08,213.635,213.78,213.4,213.78,4101
DDOG,2026-09-04,11:09,213.79,213.97,213.78,213.9075,3686
DDOG,2026-09-04,11:10,213.9225,213.9225,213.73,213.885,2907
DDOG,2026-09-04,11:11,213.64,213.73,213.6,213.73,2922
DDOG,2026-09-04,11:12,213.545,213.84,213.4,213.7125,3853
DDOG,2026-09-04,11:13,213.715,213.7275,213.715,213.7275,2858
DDOG,2026-09-04,11:14,213.805,213.805,213.805,213.805,286
DDOG,2026-09-04,11:15,213.87,213.99,213.85,213.88,2466
DDOG,2026-09-04,11:16,214.03,214.03,213.4,213.54,8425
DDOG,2026-09-04,11:17,213.4,213.4,213.1,213.1,3647
DDOG,2026-09-04,11:18,213.215,213.215,212.9,212.9,6577
DDOG,2026-09-04,11:19,212.75,212.9,212.75,212.9,904
DDOG,2026-09-04,11:20,212.72,212.875,212.71,212.875,962
DDOG,2026-09-04,11:21,212.71,212.86,212.5,212.5,5041
DDOG,2026-09-04,11:22,212.635,212.635,212.635,212.635,1307
DDOG,2026-09-04,11:23,212.48,212.89,212.47,212.89,5967
DDOG,2026-09-04,11:24,212.99,213.13,212.83,212.83,9018
DDOG,2026-09-04,11:25,213.13,213.13,212.83,212.83,1250
DDOG,2026-09-04,11:26,213.04,213.15,213.04,213.15,2238
DDOG,2026-09-04,11:27,213.105,213.105,213.095,213.095,548
DDOG,2026-09-04,11:28,213.095,213.165,212.87,213.085,2089
DDOG,2026-09-04,11:29,213.1,213.1,212.87,213.03,2406
DDOG,2026-09-04,11:30,213.075,213.075,212.65,212.735,6292
DDOG,2026-09-04,11:31,212.6,212.9193,212.6,212.9193,1506
DDOG,2026-09-04,11:32,212.86,212.86,212.615,212.73,2619
DDOG,2026-09-04,11:33,212.8275,212.9,212.72,212.9,4176
DDOG,2026-09-04,11:34,212.885,212.885,212.64,212.86,4054
DDOG,2026-09-04,11:35,212.65,212.79,212.485,212.485,6008
DDOG,2026-09-04,11:36,212.55,212.585,212.55,212.585,589
DDOG,2026-09-04,11:37,212.38,212.4225,212.3625,212.4175,3394
DDOG,2026-09-04,11:38,212.71,212.8,212.62,212.8,3303
DDOG,2026-09-04,11:39,212.82,213,212.82,213,1237
DDOG,2026-09-04,11:40,212.825,213.0475,212.825,213.0475,6739
DDOG,2026-09-04,11:41,213.04,213.0475,212.92,212.92,2327
DDOG,2026-09-04,11:42,212.84,213.194,212.84,213.105,2251
DDOG,2026-09-04,11:43,213.095,213.095,212.89,212.97,3261
DDOG,2026-09-04,11:44,212.92,212.925,212.92,212.925,1446
DDOG,2026-09-04,11:45,212.925,212.925,212.6101,212.82,5251
DDOG,2026-09-04,11:46,212.825,212.825,212.82,212.82,995
DDOG,2026-09-04,11:47,212.8,212.83,212.65,212.83,3895
DDOG,2026-09-04,11:48,212.82,213.01,212.69,212.995,2118
DDOG,2026-09-04,11:49,212.865,213.02,212.75,213.02,2346
DDOG,2026-09-04,11:50,212.7598,212.99,212.7598,212.99,1407
DDOG,2026-09-04,11:51,212.76,212.88,212.71,212.805,4937
DDOG,2026-09-04,11:52,212.72,212.97,212.72,212.89,2950
DDOG,2026-09-04,11:53,212.97,213.06,212.965,213.06,1864
DDOG,2026-09-04,11:54,213.0999,213.0999,212.81,212.81,1181
DDOG,2026-09-04,11:55,212.82,213.04,212.7328,213.04,3565
DDOG,2026-09-04,11:56,212.895,212.9,212.895,212.9,1420
DDOG,2026-09-04,11:57,212.775,212.9,212.775,212.9,1918
DDOG,2026-09-04,11:58,212.915,213.19,212.855,213.19,3699
DDOG,2026-09-04,11:59,213.01,213.145,213.01,213.1404,2578
DDOG,2026-09-04,12:00,212.99,213.16,212.96,212.96,2244
DDOG,2026-09-04,12:01,213.14,213.215,213.12,213.215,1356
DDOG,2026-09-04,12:02,213,213.185,212.9825,212.9825,2456
DDOG,2026-09-04,12:03,212.91,213.06,212.79,212.79,3486
DDOG,2026-09-04,12:04,212.89,212.995,212.89,212.995,1109
DDOG,2026-09-04,12:05,213.03,213.0425,213.03,213.035,2621
DDOG,2026-09-04,12:06,213.035,213.035,212.595,212.63,4925
DDOG,2026-09-04,12:07,212.71,212.745,212.7,212.745,1113
DDOG,2026-09-04,12:08,212.75,212.8,212.635,212.795,1582
DDOG,2026-09-04,12:09,212.67,212.795,212.65,212.76,1505
DDOG,2026-09-04,12:10,212.76,212.76,212.615,212.755,3952
DDOG,2026-09-04,12:11,212.835,212.835,212.77,212.79,1592
DDOG,2026-09-04,12:12,212.79,212.9,212.79,212.82,5319
DDOG,2026-09-04,12:13,212.82,212.98,212.82,212.96,3557
DDOG,2026-09-04,12:14,212.9675,213.075,212.9675,213.07,3720
DDOG,2026-09-04,12:15,213.095,213.22,213.095,213.22,3477
DDOG,2026-09-04,12:16,213.115,213.115,213.115,213.115,584
DDOG,2026-09-04,12:17,213.04,213.12,212.99,213.06,3837
DDOG,2026-09-04,12:18,213.2,213.2,212.9882,213.095,990
DDOG,2026-09-04,12:19,213.1,213.13,212.93,212.93,2490
DDOG,2026-09-04,12:20,213.07,213.25,213.07,213.25,2571
DDOG,2026-09-04,12:21,213.27,213.36,213.27,213.36,1963
DDOG,2026-09-04,12:22,213.24,213.24,212.97,212.97,3678
DDOG,2026-09-04,12:23,213.125,213.125,213.125,213.125,670
DDOG,2026-09-04,12:24,213.15,213.1898,213.14,213.14,828
DDOG,2026-09-04,12:25,213.145,213.1725,212.98,213.115,6864
DDOG,2026-09-04,12:26,213.08,213.14,213.02,213.14,2824
DDOG,2026-09-04,12:27,213.085,213.1,213.085,213.085,1488
DDOG,2026-09-04,12:28,212.98,213.085,212.98,213.085,2932
DDOG,2026-09-04,12:29,212.97,213.19,212.97,213.19,2300
DDOG,2026-09-04,12:30,213.09,213.09,212.92,213.01,6463
DDOG,2026-09-04,12:31,213.015,213.2,212.57,212.57,24651
DDOG,2026-09-04,12:32,212.695,212.7,212.695,212.7,1608
DDOG,2026-09-04,12:33,212.71,212.71,212.71,212.71,274
DDOG,2026-09-04,12:34,212.705,212.705,212.7,212.7,885
DDOG,2026-09-04,12:35,212.7,212.75,212.63,212.675,2807
DDOG,2026-09-04,12:36,212.75,212.77,212.745,212.77,3209
DDOG,2026-09-04,12:37,212.765,212.765,212.73,212.76,1372
DDOG,2026-09-04,12:38,212.765,212.765,212.62,212.62,1619
DDOG,2026-09-04,12:39,212.73,212.945,212.5901,212.945,6358
DDOG,2026-09-04,12:40,212.935,212.94,212.895,212.895,1882
DDOG,2026-09-04,12:41,212.895,212.895,212.71,212.73,4564
DDOG,2026-09-04,12:42,212.65,212.725,212.5,212.605,5268
DDOG,2026-09-04,12:43,212.6,212.6,212.56,212.56,2595
DDOG,2026-09-04,12:44,212.6,212.69,212.6,212.69,1926
DDOG,2026-09-04,12:45,212.69,212.69,212.69,212.69,1496
DDOG,2026-09-04,12:46,212.69,212.745,212.64,212.645,4092
DDOG,2026-09-04,12:47,212.685,212.685,212.68,212.685,2102
DDOG,2026-09-04,12:48,212.695,212.695,212.37,212.4294,6388
DDOG,2026-09-04,12:49,212.495,212.495,212.495,212.495,1438
DDOG,2026-09-04,12:50,212.47,212.57,212.47,212.53,2417
DDOG,2026-09-04,12:51,212.53,212.53,212.52,212.52,2632
DDOG,2026-09-04,12:52,212.48,212.56,212.48,212.53,3441
DDOG,2026-09-04,12:53,212.53,212.63,212.525,212.525,1751
DDOG,2026-09-04,12:54,212.525,212.8,212.44,212.705,5116
DDOG,2026-09-04,12:55,212.7,212.779,212.675,212.675,2172
DDOG,2026-09-04,12:56,212.675,212.74,212.52,212.57,5235
DDOG,2026-09-04,12:57,212.575,212.71,212.575,212.615,1308
DDOG,2026-09-04,12:58,212.615,212.76,212.605,212.66,2137
DDOG,2026-09-04,12:59,212.71,213,212.675,212.89,7187
DDOG,2026-09-04,13:00,212.89,212.895,212.645,212.795,11350
DDOG,2026-09-04,13:01,212.8715,212.92,212.74,212.74,5698
DDOG,2026-09-04,13:02,212.74,212.77,212.34,212.515,9767
DDOG,2026-09-04,13:03,212.44,212.44,212.19,212.305,2923
DDOG,2026-09-04,13:04,212.25,212.295,212.25,212.26,1757
DDOG,2026-09-04,13:05,212.265,212.265,212.265,212.265,1114
DDOG,2026-09-04,13:06,212.265,212.39,212.14,212.39,4727
DDOG,2026-09-04,13:07,212.27,212.38,212.17,212.38,3180
DDOG,2026-09-04,13:08,212.265,212.369,212.18,212.369,6067
DDOG,2026-09-04,13:09,212.34,212.42,212.34,212.42,1561
DDOG,2026-09-04,13:10,212.42,212.46,212.29,212.46,2398
DDOG,2026-09-04,13:11,212.46,212.46,212.335,212.355,2653
DDOG,2026-09-04,13:12,212.355,212.355,212.19,212.29,3432
DDOG,2026-09-04,13:13,212.295,212.45,212.295,212.375,2884
DDOG,2026-09-04,13:14,212.45,212.7,212.45,212.7,1457
DDOG,2026-09-04,13:15,212.57,212.74,212.555,212.7,2435
DDOG,2026-09-04,13:16,212.565,212.7,212.565,212.61,5553
DDOG,2026-09-04,13:17,212.61,212.61,212.43,212.43,4271
DDOG,2026-09-04,13:18,212.58,212.77,212.58,212.73,1914
DDOG,2026-09-04,13:19,212.58,212.74,212.58,212.74,2269
DDOG,2026-09-04,13:20,212.625,212.77,212.625,212.74,3105
DDOG,2026-09-04,13:21,212.765,212.7694,212.49,212.5,6513
DDOG,2026-09-04,13:22,212.7,212.7,212.595,212.6,1361
DDOG,2026-09-04,13:23,212.595,212.715,212.575,212.715,4015
DDOG,2026-09-04,13:24,212.66,212.66,212.555,212.62,8800
DDOG,2026-09-04,13:25,212.6,212.6,212.6,212.6,392
DDOG,2026-09-04,13:26,212.71,212.78,212.71,212.78,3869
DDOG,2026-09-04,13:27,212.715,212.715,212.52,212.64,5570
DDOG,2026-09-04,13:28,212.555,212.615,212.555,212.57,1571
DDOG,2026-09-04,13:29,212.57,212.6601,212.55,212.6,3867
DDOG,2026-09-04,13:30,212.69,212.72,212.645,212.655,2393
DDOG,2026-09-04,13:31,212.61,212.62,212.48,212.62,8580
DDOG,2026-09-04,13:32,212.57,212.585,212.46,212.46,2995
DDOG,2026-09-04,13:33,212.29,212.38,212.185,212.185,3025
DDOG,2026-09-04,13:34,212.255,212.255,211.86,211.86,5807
DDOG,2026-09-04,13:35,212.03,212.03,211.875,211.905,3051
DDOG,2026-09-04,13:36,211.925,211.925,211.855,211.855,1994
DDOG,2026-09-04,13:37,211.855,211.93,211.855,211.93,1252
DDOG,2026-09-04,13:38,211.905,211.96,211.85,211.93,2917
DDOG,2026-09-04,13:39,211.865,211.98,211.745,211.87,4601
DDOG,2026-09-04,13:40,211.87,211.95,211.83,211.95,2009
DDOG,2026-09-04,13:41,211.885,211.885,211.865,211.865,3449
DDOG,2026-09-04,13:42,211.865,211.865,211.77,211.77,2143
DDOG,2026-09-04,13:43,211.79,212.17,211.79,212.11,5936
DDOG,2026-09-04,13:44,212.15,212.22,212.145,212.145,2224
DDOG,2026-09-04,13:45,212.07,212.35,212.065,212.15,5267
DDOG,2026-09-04,13:46,212.23,212.33,212.225,212.225,885
DDOG,2026-09-04,13:47,212.225,212.38,212.225,212.265,1662
DDOG,2026-09-04,13:48,212.265,212.4,212.21,212.21,4038
DDOG,2026-09-04,13:49,212.31,212.31,212.245,212.245,844
DDOG,2026-09-04,13:50,212.245,212.56,212.24,212.325,6255
DDOG,2026-09-04,13:51,212.3,212.305,212.09,212.25,2764
DDOG,2026-09-04,13:52,212.25,212.41,212.25,212.35,2070
DDOG,2026-09-04,13:53,212.47,212.5,212.35,212.49,2073
DDOG,2026-09-04,13:54,212.48,212.51,212.375,212.375,1963
DDOG,2026-09-04,13:55,212.375,212.44,212.24,212.32,4914
DDOG,2026-09-04,13:56,212.24,212.41,212.21,212.41,4764
DDOG,2026-09-04,13:57,212.48,212.5,212.39,212.425,1686
DDOG,2026-09-04,13:58,212.425,212.5,212.425,212.5,2282
DDOG,2026-09-04,13:59,212.5,212.5,212.37,212.445,6919
DDOG,2026-09-04,14:00,212.52,212.635,212.5,212.5,4196
DDOG,2026-09-04,14:01,212.43,212.52,212.41,212.45,3895
DDOG,2026-09-04,14:02,212.54,212.575,212.54,212.575,5434
DDOG,2026-09-04,14:03,212.575,212.575,212.575,212.575,0
DDOG,2026-09-04,14:04,212.575,212.575,212.575,212.575,0
DDOG,2026-09-04,14:05,212.5,212.91,212.4,212.85,15464
DDOG,2026-09-04,14:06,212.84,212.84,212.57,212.57,4611
DDOG,2026-09-04,14:07,212.605,213.4311,212.605,213.4311,18253
DDOG,2026-09-04,14:08,213.14,213.49,213.14,213.42,7016
DDOG,2026-09-04,14:09,213.57,213.57,213.405,213.56,1682
DDOG,2026-09-04,14:10,213.555,213.585,213.46,213.46,3238
DDOG,2026-09-04,14:11,213.524,213.524,213.2827,213.43,1847
DDOG,2026-09-04,14:12,213.4,213.485,213.15,213.15,5959
DDOG,2026-09-04,14:13,213.245,213.245,213.12,213.12,1861
DDOG,2026-09-04,14:14,213.115,213.115,213.105,213.11,1757
DDOG,2026-09-04,14:15,213.105,213.11,212.9601,213.11,1249
DDOG,2026-09-04,14:16,213.13,213.3,213.13,213.255,3646
DDOG,2026-09-04,14:17,213.315,213.6,213.315,213.54,5079
DDOG,2026-09-04,14:18,213.675,213.685,213.675,213.685,1635
DDOG,2026-09-04,14:19,213.55,213.655,213.54,213.58,2070
DDOG,2026-09-04,14:20,213.5,213.605,213.425,213.605,1796
DDOG,2026-09-04,14:21,213.65,213.66,213.565,213.565,1220
DDOG,2026-09-04,14:22,213.565,213.74,213.4,213.505,2049
DDOG,2026-09-04,14:23,213.505,213.68,213.3101,213.61,2999
DDOG,2026-09-04,14:24,213.485,213.505,213.48,213.505,1556
DDOG,2026-09-04,14:25,213.505,213.66,213.505,213.66,1776
DDOG,2026-09-04,14:26,213.555,213.65,213.44,213.56,4076
DDOG,2026-09-04,14:27,213.455,213.455,213.455,213.455,1300
DDOG,2026-09-04,14:28,213.66,213.66,213.5051,213.66,2141
DDOG,2026-09-04,14:29,213.5,213.62,213.5,213.525,4349
DDOG,2026-09-04,14:30,213.5,213.57,213.43,213.47,1299
DDOG,2026-09-04,14:31,213.55,213.56,213.47,213.56,1857
DDOG,2026-09-04,14:32,213.44,213.54,213.44,213.5,7679
DDOG,2026-09-04,14:33,213.59,213.65,213.5,213.65,3231
DDOG,2026-09-04,14:34,213.555,213.69,213.555,213.69,3159
DDOG,2026-09-04,14:35,213.78,213.8,213.78,213.8,714
DDOG,2026-09-04,14:36,213.8,213.8,213.63,213.695,2693
DDOG,2026-09-04,14:37,213.68,213.75,213.68,213.75,1355
DDOG,2026-09-04,14:38,213.715,213.83,213.715,213.83,1920
DDOG,2026-09-04,14:39,213.865,213.865,213.86,213.86,1953
DDOG,2026-09-04,14:40,213.75,213.81,213.6,213.74,9129
DDOG,2026-09-04,14:41,213.73,213.73,213.51,213.64,2149
DDOG,2026-09-04,14:42,213.625,213.625,213.48,213.48,1434
DDOG,2026-09-04,14:43,213.65,213.65,213.6,213.65,1678
DDOG,2026-09-04,14:44,213.4801,213.4801,213.4801,213.4801,1833
DDOG,2026-09-04,14:45,213.73,214.0599,213.73,214.0599,5768
DDOG,2026-09-04,14:46,213.95,213.95,213.95,213.95,824
DDOG,2026-09-04,14:47,213.96,214.01,213.8605,213.8605,2711
DDOG,2026-09-04,14:48,214.05,214.05,213.73,213.77,8872
DDOG,2026-09-04,14:49,213.77,213.77,213.77,213.77,0
DDOG,2026-09-04,14:50,213.98,214.045,213.98,214.045,2070
DDOG,2026-09-04,14:51,214.1,214.1,214.1,214.1,800
DDOG,2026-09-04,14:52,214.17,214.17,214.17,214.17,2139
DDOG,2026-09-04,14:53,214.33,214.49,214.33,214.49,1677
DDOG,2026-09-04,14:54,214.365,214.38,214.155,214.155,4472
DDOG,2026-09-04,14:55,214.1,214.2,214,214.2,1631
DDOG,2026-09-04,14:56,214.052,214.24,214.052,214.21,1649
DDOG,2026-09-04,14:57,214.24,214.355,214.24,214.31,5652
DDOG,2026-09-04,14:58,214.34,214.43,214.17,214.27,4619
DDOG,2026-09-04,14:59,214.28,214.315,214.28,214.315,2073
DDOG,2026-09-04,15:00,214.46,214.46,214.19,214.27,6848
DDOG,2026-09-04,15:01,214.27,214.335,213.99,213.99,6691
DDOG,2026-09-04,15:02,213.7,213.7,213.55,213.64,1535
DDOG,2026-09-04,15:03,213.64,213.64,213.31,213.31,4188
DDOG,2026-09-04,15:04,213.3,213.32,212.7,212.7,54529
DDOG,2026-09-04,15:05,212.97,213.2381,212.97,213.055,4530
DDOG,2026-09-04,15:06,212.82,213.1807,212.72,212.72,5577
DDOG,2026-09-04,15:07,212.63,212.78,212.63,212.775,2413
DDOG,2026-09-04,15:08,212.82,212.9599,212.74,212.82,6205
DDOG,2026-09-04,15:09,212.74,212.83,212.7,212.805,1947
DDOG,2026-09-04,15:10,212.83,212.8484,212.71,212.82,3690
DDOG,2026-09-04,15:11,212.82,212.95,212.82,212.95,2996
DDOG,2026-09-04,15:12,212.95,213.01,212.93,212.93,4796
DDOG,2026-09-04,15:13,212.935,212.935,212.93,212.93,1914
DDOG,2026-09-04,15:14,212.93,212.93,212.66,212.73,5590
DDOG,2026-09-04,15:15,212.73,212.88,212.73,212.81,3599
DDOG,2026-09-04,15:16,212.825,212.825,212.82,212.82,1738
DDOG,2026-09-04,15:17,212.825,212.835,212.825,212.83,1603
DDOG,2026-09-04,15:18,212.83,212.95,212.825,212.855,2619
DDOG,2026-09-04,15:19,212.93,212.93,212.7,212.835,5050
DDOG,2026-09-04,15:20,212.835,212.845,212.83,212.84,3786
DDOG,2026-09-04,15:21,212.9684,212.98,212.84,212.865,3247
DDOG,2026-09-04,15:22,212.865,213.135,212.865,213.02,11740
DDOG,2026-09-04,15:23,213.045,213.05,213.045,213.05,5029
DDOG,2026-09-04,15:24,213.1321,213.1321,213.045,213.05,2545
DDOG,2026-09-04,15:25,213.05,213.075,213.04,213.075,1449
DDOG,2026-09-04,15:26,213.075,213.08,212.96,212.96,4508
DDOG,2026-09-04,15:27,212.96,213.045,212.96,213.045,1974
DDOG,2026-09-04,15:28,212.93,213.08,212.87,213.07,6261
DDOG,2026-09-04,15:29,213.07,213.19,213,213.12,4810
DDOG,2026-09-04,15:30,213.115,213.12,212.96,213.115,7230
DDOG,2026-09-04,15:31,212.98,213.12,212.94,212.99,4155
DDOG,2026-09-04,15:32,212.99,212.99,212.84,212.85,3244
DDOG,2026-09-04,15:33,212.91,212.93,212.9,212.93,2835
DDOG,2026-09-04,15:34,213.05,213.05,212.98,213.025,4463
DDOG,2026-09-04,15:35,212.98,212.98,212.7,212.775,9839
DDOG,2026-09-04,15:36,212.775,212.775,212.59,212.69,4722
DDOG,2026-09-04,15:37,212.6,212.725,212.6,212.71,6082
DDOG,2026-09-04,15:38,212.72,212.72,212.51,212.51,4568
DDOG,2026-09-04,15:39,212.51,212.765,212.51,212.765,6363
DDOG,2026-09-04,15:40,212.765,212.83,212.485,212.68,11691
DDOG,2026-09-04,15:41,212.63,212.74,212.63,212.72,1964
DDOG,2026-09-04,15:42,212.725,212.725,212.7,212.7,2022
DDOG,2026-09-04,15:43,212.6656,212.84,212.6656,212.84,4806
DDOG,2026-09-04,15:44,212.7,212.765,212.52,212.68,8604
DDOG,2026-09-04,15:45,212.53,212.64,212.37,212.37,33723
DDOG,2026-09-04,15:46,212.415,212.56,212.28,212.47,14847
DDOG,2026-09-04,15:47,212.51,212.67,212.51,212.625,6923
DDOG,2026-09-04,15:48,212.51,212.625,212.37,212.5,7099
DDOG,2026-09-04,15:49,212.49,212.63,212.47,212.575,8269
DDOG,2026-09-04,15:50,212.8,213.04,212.68,213.04,14499
DDOG,2026-09-04,15:51,213.1,213.4,213.06,213.305,13533
DDOG,2026-09-04,15:52,213.26,213.45,213.045,213.205,16600
DDOG,2026-09-04,15:53,213.23,213.23,212.88,213.23,12241
DDOG,2026-09-04,15:54,213.31,213.33,212.36,212.4,92253
DDOG,2026-09-04,15:55,212.59,213.8,212.54,212.945,29720
DDOG,2026-09-04,15:56,213.02,213.1,212.7,212.72,31665
DDOG,2026-09-04,15:57,212.79,213.03,212.66,212.69,42167
DDOG,2026-09-04,15:58,212.75,212.81,212.56,212.67,68594
DDOG,2026-09-04,15:59,212.67,213.03,212.62,212.95,93439
DDOG,2026-09-04,16:00,212.93,212.93,212.93,212.93,0
