symbol,date,time,open,high,low,close,volume
SHOP,2026-08-31,09:30,150.7,151.28,150.4,150.66,81560
SHOP,2026-08-31,09:31,150.51,150.66,148.825,149.48,69003
SHOP,2026-08-31,09:32,149.48,149.63,148.86,149.095,14242
SHOP,2026-08-31,09:33,149.06,149.1,148.71,148.935,19078
SHOP,2026-08-31,09:34,148.935,149.135,148.77,148.955,10324
SHOP,2026-08-31,09:35,148.9499,148.9499,147.68,148.5,103025
SHOP,2026-08-31,09:36,148.2101,148.57,148.08,148.14,19159
SHOP,2026-08-31,09:37,148.115,148.25,147.87,147.995,16589
SHOP,2026-08-31,09:38,147.94,148.3549,147.94,148.26,7791
SHOP,2026-08-31,09:39,148.44,148.44,147.75,147.865,21495
SHOP,2026-08-31,09:40,147.7691,147.855,147.25,147.25,24882
SHOP,2026-08-31,09:41,147.18,147.18,146.0942,146.26,34469
SHOP,2026-08-31,09:42,146.225,146.86,146.225,146.82,49274
SHOP,2026-08-31,09:43,146.7301,147.14,146.55,146.68,30110
SHOP,2026-08-31,09:44,146.68,146.87,146.6,146.63,21127
SHOP,2026-08-31,09:45,146.63,146.7,146.331,146.43,46745
SHOP,2026-08-31,09:46,146.32,146.335,145.81,145.84,23732
SHOP,2026-08-31,09:47,145.92,146.55,145.86,146.55,29937
SHOP,2026-08-31,09:48,146.645,146.645,146.02,146.24,27569
SHOP,2026-08-31,09:49,146.35,146.42,146.02,146.095,21262
SHOP,2026-08-31,09:50,146.2199,146.2199,145.55,145.81,28626
SHOP,2026-08-31,09:51,145.8722,145.92,145.64,145.775,10096
SHOP,2026-08-31,09:52,145.7,145.7,145.11,145.51,25015
SHOP,2026-08-31,09:53,145.5,145.53,145.21,145.5251,20100
SHOP,2026-08-31,09:54,145.4436,145.84,145.4436,145.83,18153
SHOP,2026-08-31,09:55,145.83,145.92,145.7,145.7,18518
SHOP,2026-08-31,09:56,145.64,145.85,145.61,145.76,14663
SHOP,2026-08-31,09:57,145.81,145.96,145.57,145.57,16734
SHOP,2026-08-31,09:58,145.56,145.57,145.25,145.3,37262
SHOP,2026-08-31,09:59,145.29,145.29,144.88,144.95,44885
SHOP,2026-08-31,10:00,144.965,145.33,144.89,144.99,33128
SHOP,2026-08-31,10:01,144.96,145.275,144.89,145,15323
SHOP,2026-08-31,10:02,145,145.34,144.955,145.29,18319
SHOP,2026-08-31,10:03,145.32,145.57,145.315,145.48,10968
SHOP,2026-08-31,10:04,145.4634,145.53,145.29,145.52,11945
SHOP,2026-08-31,10:05,145.37,146.1,145.33,146.1,23307
SHOP,2026-08-31,10:06,146.05,146.12,145.71,145.74,18682
SHOP,2026-08-31,10:07,145.72,145.74,145.5,145.69,23129
SHOP,2026-08-31,10:08,145.64,146.12,145.64,146.11,17454
SHOP,2026-08-31,10:09,146.1533,146.1533,145.84,145.91,20489
SHOP,2026-08-31,10:10,146.17,146.255,146,146.065,9578
SHOP,2026-08-31,10:11,146.05,146.17,145.97,146.1,22451
SHOP,2026-08-31,10:12,146.05,146.058,145.8815,145.987,24661
SHOP,2026-08-31,10:13,146.06,146.49,146.06,146.46,54444
SHOP,2026-08-31,10:14,146.4599,146.7315,146.42,146.57,29714
SHOP,2026-08-31,10:15,146.59,146.65,146.22,146.24,34338
SHOP,2026-08-31,10:16,146.215,146.315,146.0201,146.25,19616
SHOP,2026-08-31,10:17,146.25,146.28,146.15,146.26,14225
SHOP,2026-08-31,10:18,146.25,146.4868,146.24,146.435,14338
SHOP,2026-08-31,10:19,146.415,146.415,146.28,146.35,9103
SHOP,2026-08-31,10:20,146.29,146.39,146.2,146.31,27741
SHOP,2026-08-31,10:21,146.31,146.4,146.15,146.3301,31060
SHOP,2026-08-31,10:22,146.4095,146.45,146.34,146.34,9595
SHOP,2026-08-31,10:23,146.33,146.34,146.14,146.3,19917
SHOP,2026-08-31,10:24,146.185,146.22,146.01,146.01,19696
SHOP,2026-08-31,10:25,146.03,146.07,145.87,145.92,18712
SHOP,2026-08-31,10:26,145.94,145.94,145.72,145.84,24134
SHOP,2026-08-31,10:27,145.825,145.98,145.785,145.945,25178
SHOP,2026-08-31,10:28,145.98,146.17,145.935,145.935,16757
SHOP,2026-08-31,10:29,145.89,146,145.76,145.91,25268
SHOP,2026-08-31,10:30,145.91,146.1,145.91,146.1,13138
SHOP,2026-08-31,10:31,146.13,146.25,146.07,146.07,10909
SHOP,2026-08-31,10:32,146.16,146.28,146.11,146.12,15938
SHOP,2026-08-31,10:33,146.11,146.2,145.92,146.16,37870
SHOP,2026-08-31,10:34,146.16,146.24,146.095,146.1138,13245
SHOP,2026-08-31,10:35,146.21,146.51,146.21,146.51,18211
SHOP,2026-08-31,10:36,146.52,146.56,146.36,146.42,12796
SHOP,2026-08-31,10:37,146.47,146.83,146.47,146.78,18111
SHOP,2026-08-31,10:38,146.775,146.93,146.775,146.86,8739
SHOP,2026-08-31,10:39,146.9,147.09,146.89,147.0005,11026
SHOP,2026-08-31,10:40,147,147,146.65,146.67,20427
SHOP,2026-08-31,10:41,146.67,146.85,146.575,146.82,20211
SHOP,2026-08-31,10:42,146.83,146.9199,146.79,146.82,6022
SHOP,2026-08-31,10:43,146.9095,146.94,146.78,146.78,11205
SHOP,2026-08-31,10:44,146.68,146.68,146.505,146.53,5892
SHOP,2026-08-31,10:45,146.575,146.62,146.52,146.62,8270
SHOP,2026-08-31,10:46,146.57,146.8,146.56,146.8,15352
SHOP,2026-08-31,10:47,146.765,146.77,146.55,146.635,7712
SHOP,2026-08-31,10:48,146.64,146.7,146.59,146.65,6719
SHOP,2026-08-31,10:49,146.65,146.68,146.38,146.42,8509
SHOP,2026-08-31,10:50,146.42,146.68,146.35,146.68,18629
SHOP,2026-08-31,10:51,146.6214,146.72,146.56,146.56,6083
SHOP,2026-08-31,10:52,146.555,146.6513,146.555,146.57,3418
SHOP,2026-08-31,10:53,146.6,146.66,146.54,146.605,7768
SHOP,2026-08-31,10:54,146.61,146.64,146.55,146.635,5924
SHOP,2026-08-31,10:55,146.72,146.8,146.61,146.61,14333
SHOP,2026-08-31,10:56,146.59,146.825,146.59,146.825,4744
SHOP,2026-08-31,10:57,146.76,146.795,146.75,146.795,3961
SHOP,2026-08-31,10:58,146.76,147,146.75,146.95,8812
SHOP,2026-08-31,10:59,146.925,146.95,146.86,146.92,8585
SHOP,2026-08-31,11:00,146.92,147.46,146.92,147.42,32077
SHOP,2026-08-31,11:01,147.48,147.575,146.96,146.98,46360
SHOP,2026-08-31,11:02,146.98,146.98,146.56,146.59,13056
SHOP,2026-08-31,11:03,146.55,146.765,146.49,146.765,19880
SHOP,2026-08-31,11:04,146.765,146.91,146.61,146.65,10159
SHOP,2026-08-31,11:05,146.65,147.0096,146.65,146.88,8189
SHOP,2026-08-31,11:06,146.88,147.23,146.88,147.2,16582
SHOP,2026-08-31,11:07,147.21,147.21,146.7901,146.7901,19525
SHOP,2026-08-31,11:08,146.855,147.17,146.855,147.125,13967
SHOP,2026-08-31,11:09,147.085,147.65,147.08,147.65,29542
SHOP,2026-08-31,11:10,147.61,147.65,147.5,147.595,20194
SHOP,2026-08-31,11:11,147.77,147.93,147.77,147.905,6584
SHOP,2026-08-31,11:12,147.895,148.12,147.85,148.11,11501
SHOP,2026-08-31,11:13,148.06,148.11,147.92,147.94,19102
SHOP,2026-08-31,11:14,147.94,148.18,147.89,148,47572
SHOP,2026-08-31,11:15,148.025,148.025,147.835,147.89,7272
SHOP,2026-08-31,11:16,147.91,148.0095,147.8569,147.97,9598
SHOP,2026-08-31,11:17,147.92,147.97,147.805,147.88,14133
SHOP,2026-08-31,11:18,147.8864,148.1,147.8864,148.045,6267
SHOP,2026-08-31,11:19,148.01,148.09,147.66,147.665,18924
SHOP,2026-08-31,11:20,147.69,147.78,147.6505,147.71,9614
SHOP,2026-08-31,11:21,147.67,147.87,147.6,147.6,11292
SHOP,2026-08-31,11:22,147.61,147.78,147.61,147.68,25458
SHOP,2026-08-31,11:23,147.66,147.88,147.66,147.88,12111
SHOP,2026-08-31,11:24,147.88,147.97,147.86,147.91,6893
SHOP,2026-08-31,11:25,147.91,147.955,147.73,147.82,21143
SHOP,2026-08-31,11:26,147.78,147.79,147.7308,147.79,9056
SHOP,2026-08-31,11:27,147.77,147.78,147.73,147.773,3429
SHOP,2026-08-31,11:28,147.77,147.85,147.77,147.82,8238
SHOP,2026-08-31,11:29,147.82,147.82,147.6,147.6,15099
SHOP,2026-08-31,11:30,147.7098,147.7098,147.465,147.465,9638
SHOP,2026-08-31,11:31,147.42,147.42,146.81,146.88,42966
SHOP,2026-08-31,11:32,146.925,147.015,146.71,146.81,25574
SHOP,2026-08-31,11:33,146.81,146.93,146.79,146.87,9146
SHOP,2026-08-31,11:34,146.865,146.865,146.65,146.688,13423
SHOP,2026-08-31,11:35,146.67,146.815,146.67,146.815,10922
SHOP,2026-08-31,11:36,146.8,146.88,146.78,146.85,9073
SHOP,2026-08-31,11:37,146.895,146.9,146.84,146.84,2770
SHOP,2026-08-31,11:38,146.9,146.91,146.8,146.91,7697
SHOP,2026-08-31,11:39,146.905,147.01,146.82,146.8695,11099
SHOP,2026-08-31,11:40,146.84,146.87,146.695,146.695,7325
SHOP,2026-08-31,11:41,146.665,146.78,146.665,146.78,7021
SHOP,2026-08-31,11:42,146.78,146.945,146.78,146.92,12349
SHOP,2026-08-31,11:43,146.94,147.1052,146.88,146.88,3364
SHOP,2026-08-31,11:44,146.89,147,146.87,146.87,4248
SHOP,2026-08-31,11:45,146.9,147.0701,146.9,147.01,15848
SHOP,2026-08-31,11:46,147.01,147.01,146.83,146.83,10495
SHOP,2026-08-31,11:47,146.865,146.865,146.81,146.81,1938
SHOP,2026-08-31,11:48,146.81,146.9,146.795,146.8143,6401
SHOP,2026-08-31,11:49,146.74,146.93,146.74,146.925,9651
SHOP,2026-08-31,11:50,146.995,147.11,146.93,146.99,15830
SHOP,2026-08-31,11:51,147.03,147.07,146.96,146.99,13365
SHOP,2026-08-31,11:52,147.02,147.13,147.005,147.02,14831
SHOP,2026-08-31,11:53,146.98,147.02,146.93,146.935,5792
SHOP,2026-08-31,11:54,146.9204,147.05,146.9204,146.9829,14105
SHOP,2026-08-31,11:55,146.975,147,146.95,146.95,3733
SHOP,2026-08-31,11:56,146.965,146.985,146.92,146.92,10177
SHOP,2026-08-31,11:57,146.9,146.91,146.73,146.76,18044
SHOP,2026-08-31,11:58,146.72,146.73,146.685,146.71,17857
SHOP,2026-08-31,11:59,146.7,146.74,146.65,146.65,4144
SHOP,2026-08-31,12:00,146.645,146.8,146.63,146.8,12924
SHOP,2026-08-31,12:01,146.72,146.735,146.67,146.735,5336
SHOP,2026-08-31,12:02,146.69,146.745,146.52,146.7446,11820
SHOP,2026-08-31,12:03,146.73,146.8,146.73,146.77,8792
SHOP,2026-08-31,12:04,146.76,146.92,146.76,146.88,9027
SHOP,2026-08-31,12:05,146.93,146.97,146.89,146.97,6887
SHOP,2026-08-31,12:06,146.95,147.03,146.91,147.03,5105
SHOP,2026-08-31,12:07,147.03,147.06,146.98,147.06,11783
SHOP,2026-08-31,12:08,147.055,147.14,147.055,147.14,5897
SHOP,2026-08-31,12:09,147.13,147.26,147.1,147.225,7366
SHOP,2026-08-31,12:10,147.185,147.365,147.1378,147.34,17788
SHOP,2026-08-31,12:11,147.37,147.39,147.31,147.355,7818
SHOP,2026-08-31,12:12,147.3741,147.49,147.35,147.49,9002
SHOP,2026-08-31,12:13,147.5,147.505,147.45,147.4717,3848
SHOP,2026-08-31,12:14,147.46,147.515,147.25,147.38,22680
SHOP,2026-08-31,12:15,147.43,147.43,147.185,147.185,6122
SHOP,2026-08-31,12:16,147.14,147.14,146.91,146.93,11701
SHOP,2026-08-31,12:17,146.86,146.9351,146.81,146.83,7677
SHOP,2026-08-31,12:18,146.83,146.85,146.79,146.84,6431
SHOP,2026-08-31,12:19,146.815,146.915,146.81,146.915,7093
SHOP,2026-08-31,12:20,146.93,146.97,146.89,146.945,9646
SHOP,2026-08-31,12:21,146.9,146.9,146.7501,146.7501,4951
SHOP,2026-08-31,12:22,146.785,146.81,146.705,146.81,7140
SHOP,2026-08-31,12:23,146.82,146.82,146.78,146.78,2171
SHOP,2026-08-31,12:24,146.77,146.84,146.749,146.84,8404
SHOP,2026-08-31,12:25,146.84,146.9,146.8,146.9,4086
SHOP,2026-08-31,12:26,146.88,146.9,146.83,146.87,5347
SHOP,2026-08-31,12:27,146.92,146.93,146.87,146.93,6217
SHOP,2026-08-31,12:28,146.99,147,146.92,147,3140
SHOP,2026-08-31,12:29,147.08,147.1399,146.965,147.03,23631
SHOP,2026-08-31,12:30,146.99,147.0718,146.895,147,9513
SHOP,2026-08-31,12:31,147.005,147.05,147.005,147.045,3970
SHOP,2026-08-31,12:32,147.01,147.01,146.81,146.84,7226
SHOP,2026-08-31,12:33,146.825,146.9,146.8,146.9,4825
SHOP,2026-08-31,12:34,146.855,146.94,146.855,146.8853,3088
SHOP,2026-08-31,12:35,146.895,146.99,146.895,146.96,6170
SHOP,2026-08-31,12:36,146.95,146.97,146.93,146.935,3357
SHOP,2026-08-31,12:37,146.93,146.93,146.83,146.85,4402
SHOP,2026-08-31,12:38,146.86,146.96,146.86,146.91,7263
SHOP,2026-08-31,12:39,146.85,146.85,146.75,146.76,7958
SHOP,2026-08-31,12:40,146.76,146.765,146.575,146.575,8875
SHOP,2026-08-31,12:41,146.5874,146.79,146.5874,146.77,10497
SHOP,2026-08-31,12:42,146.82,146.83,146.75,146.765,4623
SHOP,2026-08-31,12:43,146.765,146.84,146.76,146.82,4746
SHOP,2026-08-31,12:44,146.7905,146.93,146.79,146.86,6182
SHOP,2026-08-31,12:45,146.82,146.84,146.67,146.685,13593
SHOP,2026-08-31,12:46,146.66,146.7,146.58,146.66,7038
SHOP,2026-08-31,12:47,146.66,146.71,146.66,146.705,4499
SHOP,2026-08-31,12:48,146.6651,146.705,146.62,146.7,11684
SHOP,2026-08-31,12:49,146.71,146.865,146.695,146.8,40819
SHOP,2026-08-31,12:50,146.8619,146.88,146.8,146.87,5105
SHOP,2026-08-31,12:51,146.865,146.92,146.84,146.92,4366
SHOP,2026-08-31,12:52,146.898,147.005,146.898,146.91,20201
SHOP,2026-08-31,12:53,146.9,146.98,146.88,146.955,8094
SHOP,2026-08-31,12:54,146.93,147,146.91,146.97,8745
SHOP,2026-08-31,12:55,147,147.02,146.96,146.995,23539
SHOP,2026-08-31,12:56,147.03,147.0373,146.96,146.96,4791
SHOP,2026-08-31,12:57,146.98,146.99,146.91,146.99,8459
SHOP,2026-08-31,12:58,146.97,146.98,146.91,146.9399,4743
SHOP,2026-08-31,12:59,146.94,146.97,146.84,146.84,6852
SHOP,2026-08-31,13:00,146.79,146.87,146.76,146.79,6658
SHOP,2026-08-31,13:01,146.79,146.82,146.77,146.805,3072
SHOP,2026-08-31,13:02,146.825,146.975,146.825,146.975,6900
SHOP,2026-08-31,13:03,146.91,146.91,146.88,146.88,4312
SHOP,2026-08-31,13:04,146.88,146.9175,146.85,146.885,5328
SHOP,2026-08-31,13:05,146.91,147.055,146.89,146.89,56924
SHOP,2026-08-31,13:06,146.84,146.86,146.81,146.83,6827
SHOP,2026-08-31,13:07,146.83,146.83,146.72,146.76,5448
SHOP,2026-08-31,13:08,146.75,146.75,146.7,146.715,3606
SHOP,2026-08-31,13:09,146.69,146.69,146.59,146.61,7196
SHOP,2026-08-31,13:10,146.62,146.67,146.615,146.65,8154
SHOP,2026-08-31,13:11,146.615,146.695,146.61,146.695,6477
SHOP,2026-08-31,13:12,146.69,146.8,146.69,146.8,4484
SHOP,2026-08-31,13:13,146.795,146.8,146.69,146.69,9803
SHOP,2026-08-31,13:14,146.67,146.71,146.67,146.705,3475
SHOP,2026-08-31,13:15,146.705,146.75,146.69,146.69,3865
SHOP,2026-08-31,13:16,146.7,146.755,146.635,146.755,8516
SHOP,2026-08-31,13:17,146.72,146.72,146.585,146.63,8582
SHOP,2026-08-31,13:18,146.57,146.58,146.48,146.525,10524
SHOP,2026-08-31,13:19,146.51,146.51,146.36,146.485,19606
SHOP,2026-08-31,13:20,146.47,146.53,146.47,146.53,2947
SHOP,2026-08-31,13:21,146.53,146.53,146.47,146.49,5481
SHOP,2026-08-31,13:22,146.53,146.55,146.51,146.535,5320
SHOP,2026-08-31,13:23,146.55,146.62,146.55,146.57,17192
SHOP,2026-08-31,13:24,146.59,146.68,146.58,146.68,5495
SHOP,2026-08-31,13:25,146.71,146.72,146.65,146.68,5412
SHOP,2026-08-31,13:26,146.655,146.69,146.655,146.69,3438
SHOP,2026-08-31,13:27,146.68,146.76,146.68,146.75,6469
SHOP,2026-08-31,13:28,146.765,146.79,146.72,146.72,7825
SHOP,2026-08-31,13:29,146.74,146.77,146.7,146.755,17142
SHOP,2026-08-31,13:30,146.73,146.73,146.64,146.66,8859
SHOP,2026-08-31,13:31,146.6238,146.7,146.535,146.7,39504
SHOP,2026-08-31,13:32,146.73,146.805,146.69,146.73,8437
SHOP,2026-08-31,13:33,146.755,146.755,146.7,146.7201,4195
SHOP,2026-08-31,13:34,146.78,146.78,146.58,146.6,10146
SHOP,2026-08-31,13:35,146.605,146.66,146.57,146.57,4826
SHOP,2026-08-31,13:36,146.545,146.545,146.415,146.415,4483
SHOP,2026-08-31,13:37,146.42,146.48,146.41,146.415,3892
SHOP,2026-08-31,13:38,146.415,146.415,146.37,146.4,8044
SHOP,2026-08-31,13:39,146.4292,146.45,146.3601,146.45,7516
SHOP,2026-08-31,13:40,146.47,146.49,146.45,146.49,4250
SHOP,2026-08-31,13:41,146.42,146.61,146.4,146.6,25571
SHOP,2026-08-31,13:42,146.57,146.61,146.57,146.609,5589
SHOP,2026-08-31,13:43,146.585,146.7,146.5665,146.7,7533
SHOP,2026-08-31,13:44,146.7,146.92,146.7,146.92,16522
SHOP,2026-08-31,13:45,146.98,146.98,146.63,146.69,20590
SHOP,2026-08-31,13:46,146.72,146.84,146.72,146.815,9663
SHOP,2026-08-31,13:47,146.815,146.91,146.79,146.895,8848
SHOP,2026-08-31,13:48,146.9196,146.9196,146.785,146.785,8969
SHOP,2026-08-31,13:49,146.765,146.79,146.765,146.785,6227
SHOP,2026-08-31,13:50,146.74,146.815,146.71,146.815,10878
SHOP,2026-08-31,13:51,146.815,146.91,146.8,146.82,10221
SHOP,2026-08-31,13:52,146.9,146.96,146.77,146.78,12192
SHOP,2026-08-31,13:53,146.78,146.86,146.78,146.86,4741
SHOP,2026-08-31,13:54,146.86,146.9,146.83,146.83,4803
SHOP,2026-08-31,13:55,146.83,146.855,146.82,146.83,6343
SHOP,2026-08-31,13:56,146.85,146.92,146.85,146.88,9510
SHOP,2026-08-31,13:57,146.88,146.88,146.77,146.77,5846
SHOP,2026-08-31,13:58,146.78,146.81,146.75,146.755,7342
SHOP,2026-08-31,13:59,146.7201,146.81,146.72,146.8,7935
SHOP,2026-08-31,14:00,146.76,146.93,146.75,146.93,26099
SHOP,2026-08-31,14:01,146.93,147.03,146.93,147.025,8944
SHOP,2026-08-31,14:02,147.1,147.28,147.065,147.27,11145
SHOP,2026-08-31,14:03,147.29,147.41,147.19,147.3725,30277
SHOP,2026-08-31,14:04,147.365,147.365,147.32,147.33,3720
SHOP,2026-08-31,14:05,147.31,147.45,147.31,147.35,21639
SHOP,2026-08-31,14:06,147.3087,147.3087,147.215,147.24,3819
SHOP,2026-08-31,14:07,147.24,147.29,147.211,147.29,4236
SHOP,2026-08-31,14:08,147.31,147.45,147.31,147.44,7816
SHOP,2026-08-31,14:09,147.44,147.6,147.43,147.5,11460
SHOP,2026-08-31,14:10,147.495,147.52,147.47,147.5178,5088
SHOP,2026-08-31,14:11,147.51,147.53,147.48,147.485,5522
SHOP,2026-08-31,14:12,147.48,147.515,147.39,147.4636,10811
SHOP,2026-08-31,14:13,147.51,147.53,147.395,147.395,7026
SHOP,2026-08-31,14:14,147.38,147.445,147.36,147.445,6994
SHOP,2026-08-31,14:15,147.445,147.51,147.445,147.4776,3507
SHOP,2026-08-31,14:16,147.47,147.6,147.4601,147.56,12310
SHOP,2026-08-31,14:17,147.55,147.6,147.5,147.52,8258
SHOP,2026-08-31,14:18,147.54,147.5499,147.43,147.43,6486
SHOP,2026-08-31,14:19,147.46,147.49,147.32,147.4,12317
SHOP,2026-08-31,14:20,147.425,147.45,147.35,147.35,7516
SHOP,2026-08-31,14:21,147.32,147.32,147.21,147.23,11062
SHOP,2026-08-31,14:22,147.21,147.32,147.2,147.23,20971
SHOP,2026-08-31,14:23,147.23,147.29,147.215,147.29,2611
SHOP,2026-08-31,14:24,147.29,147.33,147.2381,147.2381,8362
SHOP,2026-08-31,14:25,147.265,147.33,147.23,147.285,6037
SHOP,2026-08-31,14:26,147.33,147.495,147.33,147.4598,11493
SHOP,2026-08-31,14:27,147.41,147.49,147.36,147.425,10778
SHOP,2026-08-31,14:28,147.46,147.5,147.4325,147.47,8276
SHOP,2026-08-31,14:29,147.46,147.55,147.46,147.535,5968
SHOP,2026-08-31,14:30,147.51,147.53,147.46,147.469,7668
SHOP,2026-08-31,14:31,147.47,147.48,147.335,147.36,8144
SHOP,2026-08-31,14:32,147.335,147.39,147.335,147.34,4075
SHOP,2026-08-31,14:33,147.33,147.33,147.27,147.28,8445
SHOP,2026-08-31,14:34,147.27,147.27,147.175,147.195,6856
SHOP,2026-08-31,14:35,147.17,147.385,147.16,147.37,12206
SHOP,2026-08-31,14:36,147.35,147.39,147.15,147.2,8894
SHOP,2026-08-31,14:37,147.21,147.33,147.16,147.285,10860
SHOP,2026-08-31,14:38,147.33,147.39,147.33,147.34,7112
SHOP,2026-08-31,14:39,147.35,147.48,147.35,147.48,10145
SHOP,2026-08-31,14:40,147.455,147.53,147.455,147.52,9552
SHOP,2026-08-31,14:41,147.53,147.59,147.53,147.545,13450
SHOP,2026-08-31,14:42,147.55,147.59,147.54,147.59,6447
SHOP,2026-08-31,14:43,147.6,147.66,147.56,147.66,9403
SHOP,2026-08-31,14:44,147.67,147.75,147.62,147.705,10908
SHOP,2026-08-31,14:45,147.68,147.72,147.65,147.72,11011
SHOP,2026-08-31,14:46,147.71,147.71,147.59,147.71,12111
SHOP,2026-08-31,14:47,147.715,147.725,147.66,147.69,7975
SHOP,2026-08-31,14:48,147.68,147.8,147.68,147.79,7797
SHOP,2026-08-31,14:49,147.79,147.81,147.7,147.71,6774
SHOP,2026-08-31,14:50,147.67,147.73,147.655,147.715,5011
SHOP,2026-08-31,14:51,147.7003,147.74,147.7003,147.71,4071
SHOP,2026-08-31,14:52,147.73,147.74,147.7,147.7,7953
SHOP,2026-08-31,14:53,147.69,147.79,147.66,147.775,8004
SHOP,2026-08-31,14:54,147.7999,147.81,147.78,147.8,4655
SHOP,2026-08-31,14:55,147.78,147.79,147.72,147.74,8428
SHOP,2026-08-31,14:56,147.75,147.7985,147.74,147.791,4211
SHOP,2026-08-31,14:57,147.8,147.8,147.665,147.665,6202
SHOP,2026-08-31,14:58,147.66,147.81,147.66,147.79,11070
SHOP,2026-08-31,14:59,147.76,147.785,147.7,147.7,6006
SHOP,2026-08-31,15:00,147.72,147.95,147.69,147.91,35301
SHOP,2026-08-31,15:01,147.9,147.99,147.85,147.89,14353
SHOP,2026-08-31,15:02,147.875,147.895,147.81,147.88,7341
SHOP,2026-08-31,15:03,147.88,147.94,147.83,147.9,15277
SHOP,2026-08-31,15:04,147.86,147.91,147.75,147.81,13136
SHOP,2026-08-31,15:05,147.805,147.92,147.805,147.86,8482
SHOP,2026-08-31,15:06,147.85,147.9,147.79,147.79,16848
SHOP,2026-08-31,15:07,147.76,147.88,147.75,147.845,8767
SHOP,2026-08-31,15:08,147.85,147.97,147.785,147.86,16439
SHOP,2026-08-31,15:09,147.86,147.86,147.765,147.845,10338
SHOP,2026-08-31,15:10,147.88,147.89,147.8,147.8,11848
SHOP,2026-08-31,15:11,147.8,147.855,147.76,147.76,5612
SHOP,2026-08-31,15:12,147.78,147.805,147.67,147.68,8619
SHOP,2026-08-31,15:13,147.6934,147.75,147.66,147.745,8232
SHOP,2026-08-31,15:14,147.77,147.7975,147.58,147.6,7157
SHOP,2026-08-31,15:15,147.56,147.62,147.49,147.49,18159
SHOP,2026-08-31,15:16,147.52,147.59,147.45,147.47,13496
SHOP,2026-08-31,15:17,147.425,147.4613,147.4,147.42,5346
SHOP,2026-08-31,15:18,147.42,147.42,147.255,147.33,9477
SHOP,2026-08-31,15:19,147.315,147.34,147.12,147.12,25733
SHOP,2026-08-31,15:20,147.15,147.15,146.981,147.09,15868
SHOP,2026-08-31,15:21,147.05,147.07,146.7901,146.83,9869
SHOP,2026-08-31,15:22,146.79,146.84,146.71,146.71,16895
SHOP,2026-08-31,15:23,146.68,146.68,146.53,146.6,19237
SHOP,2026-08-31,15:24,146.5889,146.61,146.42,146.42,15666
SHOP,2026-08-31,15:25,146.41,146.52,146.23,146.3,25923
SHOP,2026-08-31,15:26,146.28,146.37,146.2005,146.3575,11650
SHOP,2026-08-31,15:27,146.3301,146.475,146.32,146.35,15476
SHOP,2026-08-31,15:28,146.352,146.495,146.32,146.47,25808
SHOP,2026-08-31,15:29,146.42,146.49,146.325,146.435,32863
SHOP,2026-08-31,15:30,146.45,146.65,146.44,146.645,23590
SHOP,2026-08-31,15:31,146.67,146.87,146.67,146.86,10597
SHOP,2026-08-31,15:32,146.87,146.995,146.87,146.94,17361
SHOP,2026-08-31,15:33,146.99,147.18,146.99,147.105,17402
SHOP,2026-08-31,15:34,147.07,147.14,147.05,147.11,15187
SHOP,2026-08-31,15:35,147.08,147.1,147.03,147.09,16316
SHOP,2026-08-31,15:36,147.09,147.14,147.04,147.13,16602
SHOP,2026-08-31,15:37,147.11,147.11,146.99,147,40528
SHOP,2026-08-31,15:38,147,147.115,146.89,146.895,26925
SHOP,2026-08-31,15:39,146.88,146.94,146.76,146.76,20981
SHOP,2026-08-31,15:40,146.7205,146.89,146.71,146.72,27427
SHOP,2026-08-31,15:41,146.6905,146.93,146.68,146.9,51283
SHOP,2026-08-31,15:42,146.88,147.08,146.85,147.025,21897
SHOP,2026-08-31,15:43,147.04,147.2,147.035,147.2,22432
SHOP,2026-08-31,15:44,147.21,147.295,147.18,147.29,38708
SHOP,2026-08-31,15:45,147.28,147.33,147.22,147.24,21108
SHOP,2026-08-31,15:46,147.27,147.37,147.16,147.23,43626
SHOP,2026-08-31,15:47,147.2153,147.27,147.05,147.05,30670
SHOP,2026-08-31,15:48,147.06,147.08,147,147.035,24140
SHOP,2026-08-31,15:49,147.01,147.1,146.91,146.96,43163
SHOP,2026-08-31,15:50,146.99,147.07,146.59,146.88,61031
SHOP,2026-08-31,15:51,146.84,147.115,146.8,147.08,57368
SHOP,2026-08-31,15:52,147.05,147.14,146.97,147.025,68851
SHOP,2026-08-31,15:53,147.02,147.16,147.01,147.095,50651
SHOP,2026-08-31,15:54,147.08,147.09,146.96,146.96,43926
SHOP,2026-08-31,15:55,146.98,147.26,146.98,147.24,89703
SHOP,2026-08-31,15:56,147.22,147.36,147.19,147.23,75835
SHOP,2026-08-31,15:57,147.22,147.3,147.2,147.26,72767
SHOP,2026-08-31,15:58,147.28,147.37,147.22,147.28,103284
SHOP,2026-08-31,15:59,147.28,147.495,147.2,147.36,289430
SHOP,2026-09-01,09:30,143.19,145.545,143.122,144.899,184674
SHOP,2026-09-01,09:31,144.76,144.8836,143.41,143.55,33314
SHOP,2026-09-01,09:32,143.71,144.45,143.5841,143.94,33015
SHOP,2026-09-01,09:33,143.98,143.98,143.34,143.43,33560
SHOP,2026-09-01,09:34,143.39,143.805,143.3419,143.805,8630
SHOP,2026-09-01,09:35,143.69,143.93,143.16,143.2205,46443
SHOP,2026-09-01,09:36,143.15,143.38,143.0207,143.18,12190
SHOP,2026-09-01,09:37,143.175,144.08,143.1407,143.84,29447
SHOP,2026-09-01,09:38,144.04,144.04,143.18,143.34,43247
SHOP,2026-09-01,09:39,143.26,143.26,142.55,142.95,37591
SHOP,2026-09-01,09:40,142.907,143.195,142.8237,142.9,10938
SHOP,2026-09-01,09:41,142.9,142.945,142.56,142.73,14872
SHOP,2026-09-01,09:42,142.63,143.26,142.62,142.9901,24262
SHOP,2026-09-01,09:43,143.07,143.4667,142.99,143.4667,14948
SHOP,2026-09-01,09:44,143.355,143.515,143,143.475,37075
SHOP,2026-09-01,09:45,143.405,143.78,143.0605,143.78,23030
SHOP,2026-09-01,09:46,143.73,143.99,143.64,143.64,10236
SHOP,2026-09-01,09:47,143.67,144.245,143.65,143.87,21322
SHOP,2026-09-01,09:48,143.8889,143.8889,142.715,142.7999,29589
SHOP,2026-09-01,09:49,142.7001,142.83,142.6091,142.83,42094
SHOP,2026-09-01,09:50,142.83,143.053,142.71,142.755,35613
SHOP,2026-09-01,09:51,142.71,142.83,142.57,142.58,13132
SHOP,2026-09-01,09:52,142.5201,142.65,142.48,142.635,23202
SHOP,2026-09-01,09:53,142.635,142.635,142.26,142.3142,13569
SHOP,2026-09-01,09:54,142.3,142.3,141.92,142.03,36250
SHOP,2026-09-01,09:55,141.93,142.052,141.87,141.96,16511
SHOP,2026-09-01,09:56,141.94,142.02,141.64,141.765,31039
SHOP,2026-09-01,09:57,141.765,141.93,141.74,141.93,24346
SHOP,2026-09-01,09:58,141.88,141.915,141.63,141.76,17046
SHOP,2026-09-01,09:59,141.745,141.93,141.695,141.835,10416
SHOP,2026-09-01,10:00,141.77,141.9208,141.55,141.7743,34896
SHOP,2026-09-01,10:01,141.86,142.27,141.86,142.11,32829
SHOP,2026-09-01,10:02,142.18,142.18,141.665,141.67,15077
SHOP,2026-09-01,10:03,141.68,141.79,141.6,141.78,17910
SHOP,2026-09-01,10:04,141.77,141.87,141.595,141.62,12689
SHOP,2026-09-01,10:05,141.595,141.89,141.595,141.7713,27686
SHOP,2026-09-01,10:06,141.9,142.285,141.83,142.28,14151
SHOP,2026-09-01,10:07,142.3955,142.3955,142.2313,142.3075,11078
SHOP,2026-09-01,10:08,142.27,142.3138,142.1405,142.155,17423
SHOP,2026-09-01,10:09,142.2,142.255,142.01,142.15,11532
SHOP,2026-09-01,10:10,142.15,142.22,141.75,141.75,16482
SHOP,2026-09-01,10:11,141.665,141.99,141.665,141.99,13317
SHOP,2026-09-01,10:12,142.01,142.025,141.85,141.89,15283
SHOP,2026-09-01,10:13,141.89,142.1,141.87,142,19556
SHOP,2026-09-01,10:14,142.04,142.305,142,142.24,11853
SHOP,2026-09-01,10:15,142.24,142.7635,142.24,142.585,20249
SHOP,2026-09-01,10:16,142.65,142.889,142.59,142.66,45571
SHOP,2026-09-01,10:17,142.71,142.71,142.53,142.585,10563
SHOP,2026-09-01,10:18,142.53,142.53,142.305,142.4099,16699
SHOP,2026-09-01,10:19,142.41,142.735,142.41,142.735,5610
SHOP,2026-09-01,10:20,142.74,142.795,142.545,142.74,31382
SHOP,2026-09-01,10:21,142.71,142.81,142.58,142.58,14041
SHOP,2026-09-01,10:22,142.61,142.94,142.61,142.79,11107
SHOP,2026-09-01,10:23,142.74,142.74,142.62,142.73,6259
SHOP,2026-09-01,10:24,142.68,142.7795,142.67,142.69,7176
SHOP,2026-09-01,10:25,142.74,143.43,142.72,143.43,31063
SHOP,2026-09-01,10:26,143.43,143.5999,143.29,143.29,22078
SHOP,2026-09-01,10:27,143.285,143.6,143.285,143.6,11067
SHOP,2026-09-01,10:28,143.645,143.85,143.64,143.85,15415
SHOP,2026-09-01,10:29,143.855,143.86,143.72,143.785,7018
SHOP,2026-09-01,10:30,143.84,144.16,143.78,144.16,37380
SHOP,2026-09-01,10:31,144.22,144.32,144.15,144.18,14299
SHOP,2026-09-01,10:32,144.29,144.32,143.95,144.28,19185
SHOP,2026-09-01,10:33,144.26,144.46,144.26,144.34,14800
SHOP,2026-09-01,10:34,144.195,144.33,143.9201,144.15,22375
SHOP,2026-09-01,10:35,144.2,144.305,144.14,144.2,11828
SHOP,2026-09-01,10:36,144.18,144.49,144.04,144.1401,50379
SHOP,2026-09-01,10:37,144.13,144.21,144,144.15,9189
SHOP,2026-09-01,10:38,144.15,144.3596,144.15,144.28,4763
SHOP,2026-09-01,10:39,144.325,144.55,144.325,144.51,14809
SHOP,2026-09-01,10:40,144.53,144.53,144.27,144.27,15691
SHOP,2026-09-01,10:41,144.3,144.31,144.16,144.16,12687
SHOP,2026-09-01,10:42,144.16,144.27,144.08,144.27,13498
SHOP,2026-09-01,10:43,144.23,144.325,144.16,144.21,8223
SHOP,2026-09-01,10:44,144.205,144.435,144.15,144.37,3826
SHOP,2026-09-01,10:45,144.37,144.45,144.26,144.4004,7533
SHOP,2026-09-01,10:46,144.345,144.47,144.28,144.47,6017
SHOP,2026-09-01,10:47,144.435,144.44,144.29,144.33,5661
SHOP,2026-09-01,10:48,144.355,144.355,144.23,144.34,6706
SHOP,2026-09-01,10:49,144.25,144.37,144.23,144.2951,5437
SHOP,2026-09-01,10:50,144.255,144.33,143.95,143.95,9278
SHOP,2026-09-01,10:51,143.9083,143.91,143.645,143.73,14766
SHOP,2026-09-01,10:52,143.65,143.68,143.45,143.52,13438
SHOP,2026-09-01,10:53,143.59,143.66,143.43,143.43,14162
SHOP,2026-09-01,10:54,143.43,143.56,143.42,143.55,8843
SHOP,2026-09-01,10:55,143.53,143.53,143.305,143.38,7541
SHOP,2026-09-01,10:56,143.375,143.405,143.3336,143.37,5214
SHOP,2026-09-01,10:57,143.29,143.35,143.18,143.19,9213
SHOP,2026-09-01,10:58,143.17,143.37,143.17,143.37,13788
SHOP,2026-09-01,10:59,143.34,143.39,143.0517,143.0517,23094
SHOP,2026-09-01,11:00,143.09,143.34,143.09,143.3,19359
SHOP,2026-09-01,11:01,143.34,143.465,143.235,143.245,27981
SHOP,2026-09-01,11:02,143.29,143.31,143.22,143.245,13235
SHOP,2026-09-01,11:03,143.245,143.375,143.15,143.24,22828
SHOP,2026-09-01,11:04,143.22,143.24,142.92,142.97,23242
SHOP,2026-09-01,11:05,142.965,143.08,142.955,143.08,20139
SHOP,2026-09-01,11:06,143.08,143.08,142.85,142.87,10343
SHOP,2026-09-01,11:07,142.9,142.96,142.57,142.57,33461
SHOP,2026-09-01,11:08,142.54,142.67,142.295,142.44,60091
SHOP,2026-09-01,11:09,142.39,142.53,142.3543,142.5,9653
SHOP,2026-09-01,11:10,142.52,142.71,142.52,142.56,16406
SHOP,2026-09-01,11:11,142.56,142.59,142.35,142.35,7330
SHOP,2026-09-01,11:12,142.27,142.35,142.16,142.23,17943
SHOP,2026-09-01,11:13,142.27,142.315,142.15,142.1899,10869
SHOP,2026-09-01,11:14,142.09,142.255,142.07,142.25,13429
SHOP,2026-09-01,11:15,142.205,142.48,142.205,142.435,6996
SHOP,2026-09-01,11:16,142.46,142.46,142.32,142.43,7425
SHOP,2026-09-01,11:17,142.44,142.44,142.1001,142.2,9818
SHOP,2026-09-01,11:18,142.2,142.22,142.05,142.135,24277
SHOP,2026-09-01,11:19,142.135,142.29,142,142.27,40800
SHOP,2026-09-01,11:20,142.2714,142.2714,142.08,142.08,13889
SHOP,2026-09-01,11:21,142.065,142.295,142.065,142.28,12498
SHOP,2026-09-01,11:22,142.35,142.36,142.1175,142.155,22997
SHOP,2026-09-01,11:23,142.2001,142.28,142.175,142.23,15939
SHOP,2026-09-01,11:24,142.235,142.36,142.12,142.36,7461
SHOP,2026-09-01,11:25,142.355,142.3999,142.1101,142.1351,6298
SHOP,2026-09-01,11:26,142.12,142.13,141.99,142.03,12094
SHOP,2026-09-01,11:27,142.015,142.11,141.96,141.995,7271
SHOP,2026-09-01,11:28,141.995,142.3,141.995,142.29,19835
SHOP,2026-09-01,11:29,142.27,142.305,142.2,142.305,9248
SHOP,2026-09-01,11:30,142.32,142.33,142.06,142.12,19801
SHOP,2026-09-01,11:31,142.125,142.14,142.01,142.0713,8976
SHOP,2026-09-01,11:32,142.1,142.11,141.9695,141.99,10519
SHOP,2026-09-01,11:33,142.03,142.03,141.88,142,12403
SHOP,2026-09-01,11:34,142.04,142.14,142.04,142.055,5517
SHOP,2026-09-01,11:35,142.05,142.1,142,142.08,8433
SHOP,2026-09-01,11:36,142.06,142.12,141.99,142.04,12552
SHOP,2026-09-01,11:37,142.0475,142.23,142.045,142.215,9272
SHOP,2026-09-01,11:38,142.205,142.235,142.09,142.13,16127
SHOP,2026-09-01,11:39,142.2001,142.2001,142.09,142.12,3590
SHOP,2026-09-01,11:40,142.16,142.17,142.12,142.125,16369
SHOP,2026-09-01,11:41,142.1,142.16,141.965,142.08,40185
SHOP,2026-09-01,11:42,142.035,142.125,142.035,142.1004,16673
SHOP,2026-09-01,11:43,142.1,142.1,141.9241,142.085,14108
SHOP,2026-09-01,11:44,142.095,142.13,142.04,142.09,12416
SHOP,2026-09-01,11:45,142.0886,142.26,142.07,142.18,18163
SHOP,2026-09-01,11:46,142.165,142.23,142.03,142.19,15842
SHOP,2026-09-01,11:47,142.17,142.33,142.17,142.295,13720
SHOP,2026-09-01,11:48,142.295,142.38,142.255,142.315,13773
SHOP,2026-09-01,11:49,142.315,142.4,142.315,142.34,5703
SHOP,2026-09-01,11:50,142.3,142.37,142.215,142.22,15351
SHOP,2026-09-01,11:51,142.205,142.32,142.17,142.265,20928
SHOP,2026-09-01,11:52,142.29,142.41,142.27,142.39,19846
SHOP,2026-09-01,11:53,142.41,142.47,142.32,142.395,15197
SHOP,2026-09-01,11:54,142.36,142.46,142.31,142.46,13344
SHOP,2026-09-01,11:55,142.43,142.44,142.36,142.39,9762
SHOP,2026-09-01,11:56,142.37,142.53,142.35,142.53,15076
SHOP,2026-09-01,11:57,142.5639,142.615,142.48,142.48,8727
SHOP,2026-09-01,11:58,142.47,142.48,142.38,142.39,11502
SHOP,2026-09-01,11:59,142.4,142.51,142.36,142.51,5615
SHOP,2026-09-01,12:00,142.53,142.58,142.51,142.515,3254
SHOP,2026-09-01,12:01,142.51,142.51,142.23,142.23,5838
SHOP,2026-09-01,12:02,142.19,142.31,142.18,142.28,6290
SHOP,2026-09-01,12:03,142.27,142.36,142.27,142.33,6744
SHOP,2026-09-01,12:04,142.37,142.47,142.32,142.47,5065
SHOP,2026-09-01,12:05,142.46,142.47,142.38,142.38,8861
SHOP,2026-09-01,12:06,142.22,142.28,142.1,142.1,14944
SHOP,2026-09-01,12:07,142.065,142.065,141.9175,141.935,14827
SHOP,2026-09-01,12:08,141.935,142.0151,141.88,141.88,8030
SHOP,2026-09-01,12:09,141.94,141.94,141.81,141.855,10309
SHOP,2026-09-01,12:10,141.84,141.9335,141.77,141.86,16621
SHOP,2026-09-01,12:11,141.85,141.87,141.7146,141.75,21994
SHOP,2026-09-01,12:12,141.72,141.77,141.56,141.615,12164
SHOP,2026-09-01,12:13,141.63,141.63,141.44,141.485,13186
SHOP,2026-09-01,12:14,141.475,141.5,141.39,141.39,12374
SHOP,2026-09-01,12:15,141.39,141.4699,141.35,141.46,7136
SHOP,2026-09-01,12:16,141.47,141.48,141.1602,141.1602,10914
SHOP,2026-09-01,12:17,141.14,141.21,141.045,141.045,22546
SHOP,2026-09-01,12:18,141.04,141.085,140.96,141.075,14092
SHOP,2026-09-01,12:19,141.09,141.14,141.0701,141.0701,10745
SHOP,2026-09-01,12:20,141.04,141.11,140.995,141.0036,7738
SHOP,2026-09-01,12:21,140.98,141.01,140.8806,140.97,13499
SHOP,2026-09-01,12:22,140.96,140.96,140.8,140.86,8540
SHOP,2026-09-01,12:23,140.86,140.88,140.7933,140.88,9352
SHOP,2026-09-01,12:24,140.84,140.86,140.73,140.83,15649
SHOP,2026-09-01,12:25,140.87,141.025,140.87,140.985,10533
SHOP,2026-09-01,12:26,141.01,141.145,140.9372,140.9372,14934
SHOP,2026-09-01,12:27,140.96,141.035,140.94,141.02,5157
SHOP,2026-09-01,12:28,141.005,141.1,141.005,141.1,5281
SHOP,2026-09-01,12:29,141.025,141.025,140.99,141.01,3409
SHOP,2026-09-01,12:30,141.015,141.02,140.755,140.755,10288
SHOP,2026-09-01,12:31,140.74,140.765,140.67,140.67,12430
SHOP,2026-09-01,12:32,140.68,140.7,140.6,140.6,8153
SHOP,2026-09-01,12:33,140.58,140.67,140.58,140.67,6580
SHOP,2026-09-01,12:34,140.64,140.68,140.5,140.54,7506
SHOP,2026-09-01,12:35,140.55,140.71,140.5429,140.71,16999
SHOP,2026-09-01,12:36,140.73,140.73,140.5,140.52,14755
SHOP,2026-09-01,12:37,140.52,140.79,140.52,140.79,8720
SHOP,2026-09-01,12:38,140.82,140.82,140.76,140.76,12023
SHOP,2026-09-01,12:39,140.74,140.77,140.72,140.735,6675
SHOP,2026-09-01,12:40,140.71,140.76,140.69,140.7359,5936
SHOP,2026-09-01,12:41,140.73,140.78,140.71,140.71,4846
SHOP,2026-09-01,12:42,140.71,140.71,140.49,140.49,9275
SHOP,2026-09-01,12:43,140.48,140.56,140.455,140.49,12169
SHOP,2026-09-01,12:44,140.52,140.6,140.52,140.6,4594
SHOP,2026-09-01,12:45,140.58,140.73,140.5501,140.715,8618
SHOP,2026-09-01,12:46,140.71,140.74,140.63,140.64,6744
SHOP,2026-09-01,12:47,140.66,140.66,140.51,140.53,13883
SHOP,2026-09-01,12:48,140.53,140.62,140.51,140.56,17575
SHOP,2026-09-01,12:49,140.56,140.61,140.53,140.58,9508
SHOP,2026-09-01,12:50,140.585,140.585,140.48,140.56,12060
SHOP,2026-09-01,12:51,140.605,140.66,140.6,140.62,8115
SHOP,2026-09-01,12:52,140.605,140.62,140.5,140.61,12460
SHOP,2026-09-01,12:53,140.61,140.83,140.61,140.83,4752
SHOP,2026-09-01,12:54,140.8,140.815,140.7116,140.7116,9586
SHOP,2026-09-01,12:55,140.74,140.82,140.74,140.82,6801
SHOP,2026-09-01,12:56,140.79,140.8067,140.75,140.78,6558
SHOP,2026-09-01,12:57,140.8,141.005,140.8,140.9726,19067
SHOP,2026-09-01,12:58,140.98,141.05,140.95,141.05,5282
SHOP,2026-09-01,12:59,141.05,141.12,141.05,141.07,4182
SHOP,2026-09-01,13:00,141.09,141.19,141.05,141.08,11608
SHOP,2026-09-01,13:01,141.06,141.12,140.96,140.96,9611
SHOP,2026-09-01,13:02,140.96,141,140.84,140.84,9467
SHOP,2026-09-01,13:03,140.88,140.965,140.82,140.875,24124
SHOP,2026-09-01,13:04,140.83,140.88,140.79,140.79,6048
SHOP,2026-09-01,13:05,140.79,140.895,140.77,140.82,10960
SHOP,2026-09-01,13:06,140.82,140.825,140.735,140.77,7320
SHOP,2026-09-01,13:07,140.775,140.94,140.73,140.94,13870
SHOP,2026-09-01,13:08,140.935,141.02,140.935,140.99,3941
SHOP,2026-09-01,13:09,140.96,141.11,140.91,141.065,6873
SHOP,2026-09-01,13:10,141.03,141.12,141.01,141.12,4899
SHOP,2026-09-01,13:11,141.1699,141.1699,141.12,141.14,1671
SHOP,2026-09-01,13:12,141.17,141.255,141.1,141.1,6747
SHOP,2026-09-01,13:13,141.1,141.23,141.1,141.18,11367
SHOP,2026-09-01,13:14,141.1862,141.2,141.165,141.17,3610
SHOP,2026-09-01,13:15,141.14,141.17,141.1,141.17,5072
SHOP,2026-09-01,13:16,141.145,141.145,141.06,141.08,5603
SHOP,2026-09-01,13:17,141.06,141.11,141.015,141.11,7419
SHOP,2026-09-01,13:18,141.13,141.26,141.13,141.26,4857
SHOP,2026-09-01,13:19,141.24,141.3075,141.205,141.3075,5796
SHOP,2026-09-01,13:20,141.31,141.36,141.26,141.295,6580
SHOP,2026-09-01,13:21,141.22,141.255,141.18,141.21,3518
SHOP,2026-09-01,13:22,141.24,141.25,141.14,141.17,10806
SHOP,2026-09-01,13:23,141.17,141.17,141.04,141.06,6800
SHOP,2026-09-01,13:24,141.03,141.18,141,141.105,13534
SHOP,2026-09-01,13:25,141.1,141.19,140.96,141.15,20844
SHOP,2026-09-01,13:26,141.11,141.2,141.11,141.19,5581
SHOP,2026-09-01,13:27,141.19,141.2004,141.1593,141.175,4824
SHOP,2026-09-01,13:28,141.22,141.23,141.13,141.15,8120
SHOP,2026-09-01,13:29,141.21,141.26,141.17,141.22,7108
SHOP,2026-09-01,13:30,141.205,141.37,141.205,141.3,7988
SHOP,2026-09-01,13:31,141.35,141.46,141.35,141.46,2974
SHOP,2026-09-01,13:32,141.42,141.42,141.32,141.33,5905
SHOP,2026-09-01,13:33,141.34,141.4,141.3,141.385,8470
SHOP,2026-09-01,13:34,141.39,141.45,141.34,141.45,12348
SHOP,2026-09-01,13:35,141.45,141.52,141.35,141.38,23938
SHOP,2026-09-01,13:36,141.36,141.36,141.2673,141.2673,7062
SHOP,2026-09-01,13:37,141.28,141.28,141.21,141.235,6485
SHOP,2026-09-01,13:38,141.22,141.317,141.22,141.27,7029
SHOP,2026-09-01,13:39,141.25,141.3,141.25,141.3,2488
SHOP,2026-09-01,13:40,141.3,141.31,141.18,141.25,7758
SHOP,2026-09-01,13:41,141.25,141.31,141.24,141.295,10945
SHOP,2026-09-01,13:42,141.26,141.3,141.2,141.23,10891
SHOP,2026-09-01,13:43,141.225,141.235,141.2,141.2,3259
SHOP,2026-09-01,13:44,141.195,141.22,141.14,141.17,6780
SHOP,2026-09-01,13:45,141.14,141.23,141.14,141.17,10282
SHOP,2026-09-01,13:46,141.14,141.14,141.04,141.06,4885
SHOP,2026-09-01,13:47,141.06,141.15,141.02,141.14,22191
SHOP,2026-09-01,13:48,141.17,141.24,141.14,141.18,8840
SHOP,2026-09-01,13:49,141.17,141.1899,141,141,12477
SHOP,2026-09-01,13:50,140.975,141.22,140.975,141.2,11076
SHOP,2026-09-01,13:51,141.18,141.2,141.09,141.11,6637
SHOP,2026-09-01,13:52,141.11,141.11,141.035,141.05,9379
SHOP,2026-09-01,13:53,141.02,141.04,141,141,4346
SHOP,2026-09-01,13:54,140.985,141,140.94,140.974,7876
SHOP,2026-09-01,13:55,140.96,141.07,140.96,141.07,9297
SHOP,2026-09-01,13:56,141.06,141.06,140.815,140.83,28827
SHOP,2026-09-01,13:57,140.83,140.87,140.815,140.84,7743
SHOP,2026-09-01,13:58,140.83,140.92,140.83,140.91,7672
SHOP,2026-09-01,13:59,140.92,140.96,140.915,140.92,4036
SHOP,2026-09-01,14:00,140.915,140.99,140.84,140.84,11938
SHOP,2026-09-01,14:01,140.825,140.84,140.77,140.79,5588
SHOP,2026-09-01,14:02,140.76,140.82,140.71,140.77,12907
SHOP,2026-09-01,14:03,140.7746,140.86,140.72,140.845,10962
SHOP,2026-09-01,14:04,140.79,140.79,140.76,140.7607,3942
SHOP,2026-09-01,14:05,140.8,140.82,140.785,140.785,4216
SHOP,2026-09-01,14:06,140.8,140.8,140.65,140.65,5406
SHOP,2026-09-01,14:07,140.65,140.75,140.64,140.73,9944
SHOP,2026-09-01,14:08,140.72,140.74,140.67,140.69,5123
SHOP,2026-09-01,14:09,140.69,140.69,140.6,140.66,7788
SHOP,2026-09-01,14:10,140.66,140.745,140.63,140.635,8973
SHOP,2026-09-01,14:11,140.64,140.67,140.64,140.67,6297
SHOP,2026-09-01,14:12,140.7,140.775,140.64,140.73,7589
SHOP,2026-09-01,14:13,140.71,140.71,140.63,140.655,24295
SHOP,2026-09-01,14:14,140.65,140.65,140.54,140.63,12835
SHOP,2026-09-01,14:15,140.63,140.63,140.5,140.54,7166
SHOP,2026-09-01,14:16,140.54,140.54,140.42,140.44,8771
SHOP,2026-09-01,14:17,140.46,140.555,140.43,140.555,11234
SHOP,2026-09-01,14:18,140.56,140.58,140.52,140.525,10950
SHOP,2026-09-01,14:19,140.53,140.56,140.52,140.56,10882
SHOP,2026-09-01,14:20,140.58,140.675,140.58,140.675,11197
SHOP,2026-09-01,14:21,140.7,140.7,140.52,140.52,6811
SHOP,2026-09-01,14:22,140.53,140.64,140.53,140.62,6973
SHOP,2026-09-01,14:23,140.61,140.61,140.41,140.42,8300
SHOP,2026-09-01,14:24,140.45,140.51,140.39,140.49,22447
SHOP,2026-09-01,14:25,140.45,140.45,140.39,140.44,6758
SHOP,2026-09-01,14:26,140.42,140.425,140.325,140.33,10873
SHOP,2026-09-01,14:27,140.29,140.3,140.21,140.275,16234
SHOP,2026-09-01,14:28,140.27,140.28,140.19,140.19,5368
SHOP,2026-09-01,14:29,140.15,140.21,140.06,140.13,25869
SHOP,2026-09-01,14:30,140.15,140.2099,140.07,140.09,8396
SHOP,2026-09-01,14:31,140.08,140.14,139.92,140.025,41241
SHOP,2026-09-01,14:32,140.02,140.09,140.01,140.01,24368
SHOP,2026-09-01,14:33,140.02,140.02,139.92,139.925,9689
SHOP,2026-09-01,14:34,139.92,139.97,139.85,139.97,17605
SHOP,2026-09-01,14:35,139.96,139.99,139.95,139.99,9957
SHOP,2026-09-01,14:36,139.99,140.01,139.97,139.99,13011
SHOP,2026-09-01,14:37,139.96,140.055,139.91,140.02,13349
SHOP,2026-09-01,14:38,139.98,140.05,139.907,140.05,28854
SHOP,2026-09-01,14:39,140.055,140.055,139.98,139.995,13939
SHOP,2026-09-01,14:40,139.93,140,139.85,139.85,23285
SHOP,2026-09-01,14:41,139.85,139.87,139.81,139.87,17497
SHOP,2026-09-01,14:42,139.87,139.875,139.78,139.81,17855
SHOP,2026-09-01,14:43,139.785,139.79,139.67,139.69,16923
SHOP,2026-09-01,14:44,139.71,139.8,139.71,139.71,11527
SHOP,2026-09-01,14:45,139.71,139.78,139.71,139.73,12875
SHOP,2026-09-01,14:46,139.73,139.86,139.73,139.79,33781
SHOP,2026-09-01,14:47,139.79,139.9,139.79,139.81,13236
SHOP,2026-09-01,14:48,139.83,139.92,139.8,139.86,24165
SHOP,2026-09-01,14:49,139.86,139.96,139.86,139.95,31874
SHOP,2026-09-01,14:50,139.99,140.14,139.99,140.0705,9149
SHOP,2026-09-01,14:51,140.11,140.11,140.055,140.055,5642
SHOP,2026-09-01,14:52,140.04,140.25,140.03,140.22,10778
SHOP,2026-09-01,14:53,140.19,140.24,140.125,140.145,12260
SHOP,2026-09-01,14:54,140.155,140.26,140.155,140.24,5220
SHOP,2026-09-01,14:55,140.2,140.225,140.15,140.195,11605
SHOP,2026-09-01,14:56,140.16,140.35,140.09,140.35,15323
SHOP,2026-09-01,14:57,140.34,140.35,140.28,140.35,7977
SHOP,2026-09-01,14:58,140.355,140.43,140.355,140.42,11989
SHOP,2026-09-01,14:59,140.43,140.43,140.335,140.405,7902
SHOP,2026-09-01,15:00,140.405,140.605,140.405,140.605,9165
SHOP,2026-09-01,15:01,140.62,140.655,140.53,140.55,11036
SHOP,2026-09-01,15:02,140.54,140.56,140.46,140.46,11946
SHOP,2026-09-01,15:03,140.47,140.61,140.27,140.335,20336
SHOP,2026-09-01,15:04,140.38,140.39,140.28,140.38,19390
SHOP,2026-09-01,15:05,140.3,140.38,140.23,140.28,15159
SHOP,2026-09-01,15:06,140.25,140.45,140.24,140.45,10611
SHOP,2026-09-01,15:07,140.37,140.37,140.2705,140.2705,4016
SHOP,2026-09-01,15:08,140.315,140.42,140.315,140.42,5790
SHOP,2026-09-01,15:09,140.38,140.57,140.33,140.57,10413
SHOP,2026-09-01,15:10,140.6,140.765,140.51,140.575,36373
SHOP,2026-09-01,15:11,140.57,140.695,140.36,140.37,25394
SHOP,2026-09-01,15:12,140.395,140.505,140.305,140.48,29214
SHOP,2026-09-01,15:13,140.475,140.475,140.28,140.33,23975
SHOP,2026-09-01,15:14,140.34,140.49,140.33,140.47,23049
SHOP,2026-09-01,15:15,140.51,140.62,140.48,140.52,22375
SHOP,2026-09-01,15:16,140.535,140.78,140.535,140.78,15759
SHOP,2026-09-01,15:17,140.76,140.835,140.58,140.66,24299
SHOP,2026-09-01,15:18,140.645,140.68,140.505,140.535,23174
SHOP,2026-09-01,15:19,140.535,140.55,140.375,140.4599,17850
SHOP,2026-09-01,15:20,140.43,140.525,140.425,140.425,16792
SHOP,2026-09-01,15:21,140.44,140.45,140.29,140.29,15855
SHOP,2026-09-01,15:22,140.3,140.41,140.3,140.395,16033
SHOP,2026-09-01,15:23,140.38,140.38,140.24,140.36,36871
SHOP,2026-09-01,15:24,140.36,140.37,140.285,140.315,17937
SHOP,2026-09-01,15:25,140.315,140.34,140.17,140.175,37629
SHOP,2026-09-01,15:26,140.2,140.25,140.13,140.14,23413
SHOP,2026-09-01,15:27,140.12,140.17,140.08,140.14,15066
SHOP,2026-09-01,15:28,140.16,140.18,140.14,140.15,14178
SHOP,2026-09-01,15:29,140.15,140.19,140.13,140.17,12904
SHOP,2026-09-01,15:30,140.16,140.17,140.09,140.09,21014
SHOP,2026-09-01,15:31,140.06,140.09,140,140.075,22902
SHOP,2026-09-01,15:32,140.07,140.07,139.96,139.97,21722
SHOP,2026-09-01,15:33,139.97,140.21,139.94,140.17,51995
SHOP,2026-09-01,15:34,140.15,140.41,140.1306,140.31,29691
SHOP,2026-09-01,15:35,140.31,140.32,140.2,140.32,23129
SHOP,2026-09-01,15:36,140.31,140.31,140.18,140.18,22957
SHOP,2026-09-01,15:37,140.215,140.295,140.18,140.195,23812
SHOP,2026-09-01,15:38,140.22,140.22,140.08,140.08,21860
SHOP,2026-09-01,15:39,140.09,140.315,140.09,140.24,34257
SHOP,2026-09-01,15:40,140.24,140.245,140.07,140.15,41755
SHOP,2026-09-01,15:41,140.15,140.18,140.11,140.175,25183
SHOP,2026-09-01,15:42,140.175,140.19,140.05,140.08,40178
SHOP,2026-09-01,15:43,140.07,140.135,140.02,140.02,41042
SHOP,2026-09-01,15:44,140.01,140.1199,139.98,140.09,39149
SHOP,2026-09-01,15:45,140.05,140.18,140.01,140.02,47245
SHOP,2026-09-01,15:46,140.04,140.06,139.96,139.965,34239
SHOP,2026-09-01,15:47,139.95,140.07,139.88,140.03,53207
SHOP,2026-09-01,15:48,140.05,140.06,139.97,139.99,38409
SHOP,2026-09-01,15:49,140,140.11,140,140.1051,37550
SHOP,2026-09-01,15:50,140.09,140.3,140.03,140.2606,64076
SHOP,2026-09-01,15:51,140.28,140.32,140.13,140.23,67296
SHOP,2026-09-01,15:52,140.23,140.24,139.81,139.81,99847
SHOP,2026-09-01,15:53,139.78,139.78,139.36,139.36,101834
SHOP,2026-09-01,15:54,139.3745,139.82,139.23,139.81,109929
SHOP,2026-09-01,15:55,139.89,140.21,139.77,140.095,165715
SHOP,2026-09-01,15:56,140.1,140.12,139.63,139.64,190835
SHOP,2026-09-01,15:57,139.63,139.95,139.58,139.8079,172679
SHOP,2026-09-01,15:58,139.78,139.88,139.71,139.745,222467
SHOP,2026-09-01,15:59,139.73,140,139.5,139.7,939581
SHOP,2026-09-02,09:30,139.76,139.76,138.91,139.28,168157
SHOP,2026-09-02,09:31,139.19,139.82,139.19,139.82,65911
SHOP,2026-09-02,09:32,140,140.39,139.92,140.07,32912
SHOP,2026-09-02,09:33,140.12,140.51,140.12,140.49,14529
SHOP,2026-09-02,09:34,140.63,140.98,140.25,140.48,21147
SHOP,2026-09-02,09:35,140.65,140.845,140.3,140.82,12429
SHOP,2026-09-02,09:36,140.96,141.08,140.43,140.52,26619
SHOP,2026-09-02,09:37,140.52,140.59,140.38,140.472,28058
SHOP,2026-09-02,09:38,140.47,140.82,140.31,140.82,30342
SHOP,2026-09-02,09:39,140.9,140.9,140.405,140.55,18086
SHOP,2026-09-02,09:40,140.6255,140.865,140.39,140.832,11135
SHOP,2026-09-02,09:41,140.73,140.75,140.31,140.375,11551
SHOP,2026-09-02,09:42,140.382,141.025,140.382,141.025,8514
SHOP,2026-09-02,09:43,140.94,141.2373,140.93,140.93,11319
SHOP,2026-09-02,09:44,140.88,140.9363,140.65,140.745,19985
SHOP,2026-09-02,09:45,140.747,140.985,140.56,140.66,26207
SHOP,2026-09-02,09:46,140.73,140.73,140.6525,140.655,13077
SHOP,2026-09-02,09:47,140.81,140.81,140.69,140.74,12634
SHOP,2026-09-02,09:48,140.73,140.98,140.62,140.97,19426
SHOP,2026-09-02,09:49,141.01,141.12,140.6,140.6,24916
SHOP,2026-09-02,09:50,140.605,140.645,140.4,140.4315,28021
SHOP,2026-09-02,09:51,140.395,140.51,140.18,140.36,39382
SHOP,2026-09-02,09:52,140.28,140.565,140.19,140.46,39502
SHOP,2026-09-02,09:53,140.485,141.01,140.46,140.78,19894
SHOP,2026-09-02,09:54,140.695,141.04,140.695,141.03,23073
SHOP,2026-09-02,09:55,141.0054,141.02,140.83,140.83,12433
SHOP,2026-09-02,09:56,140.8,141.04,140.75,141.01,13058
SHOP,2026-09-02,09:57,141.1,141.1,140.61,140.705,29351
SHOP,2026-09-02,09:58,140.63,140.63,140.365,140.365,4933
SHOP,2026-09-02,09:59,140.44,140.89,140.39,140.885,10333
SHOP,2026-09-02,10:00,140.89,140.89,140.54,140.7935,8286
SHOP,2026-09-02,10:01,140.695,140.72,140.28,140.28,5537
SHOP,2026-09-02,10:02,140.3327,140.551,140.2001,140.41,9110
SHOP,2026-09-02,10:03,140.37,140.61,140.3001,140.5446,8299
SHOP,2026-09-02,10:04,140.455,140.455,140.11,140.15,8910
SHOP,2026-09-02,10:05,140.17,140.39,140.17,140.3,7361
SHOP,2026-09-02,10:06,140.195,140.35,140.18,140.335,11379
SHOP,2026-09-02,10:07,140.335,140.475,140.335,140.365,15132
SHOP,2026-09-02,10:08,140.23,140.46,140.18,140.385,10990
SHOP,2026-09-02,10:09,140.365,140.43,140.14,140.2,9554
SHOP,2026-09-02,10:10,140.2,140.525,140.2,140.525,7787
SHOP,2026-09-02,10:11,140.46,140.55,140.39,140.455,14348
SHOP,2026-09-02,10:12,140.499,140.499,140.07,140.11,12282
SHOP,2026-09-02,10:13,140.105,140.22,140.055,140.15,7575
SHOP,2026-09-02,10:14,140.11,140.16,139.85,139.8601,12528
SHOP,2026-09-02,10:15,139.92,139.9899,139.83,139.85,13416
SHOP,2026-09-02,10:16,139.92,139.94,139.83,139.89,6893
SHOP,2026-09-02,10:17,139.87,139.9,139.85,139.875,7310
SHOP,2026-09-02,10:18,139.875,140.04,139.66,139.83,36166
SHOP,2026-09-02,10:19,139.825,140.13,139.825,139.88,30082
SHOP,2026-09-02,10:20,139.87,140.12,139.77,140.02,16466
SHOP,2026-09-02,10:21,140.02,140.25,139.93,140.24,13251
SHOP,2026-09-02,10:22,140.18,140.23,140.09,140.14,11923
SHOP,2026-09-02,10:23,140.13,140.4,140.13,140.33,12060
SHOP,2026-09-02,10:24,140.33,140.51,140.3217,140.495,16642
SHOP,2026-09-02,10:25,140.505,140.505,140.33,140.44,11310
SHOP,2026-09-02,10:26,140.3601,140.54,140.3601,140.51,13710
SHOP,2026-09-02,10:27,140.44,140.51,140.4227,140.4751,7349
SHOP,2026-09-02,10:28,140.475,140.54,140.4,140.47,17894
SHOP,2026-09-02,10:29,140.52,140.6,140.47,140.47,23141
SHOP,2026-09-02,10:30,140.4395,140.4395,140.09,140.1471,9105
SHOP,2026-09-02,10:31,140.25,140.3,140.11,140.11,13479
SHOP,2026-09-02,10:32,140.19,140.3,140.15,140.23,12510
SHOP,2026-09-02,10:33,140.185,140.38,140.08,140.36,21788
SHOP,2026-09-02,10:34,140.365,140.38,140.2,140.235,12395
SHOP,2026-09-02,10:35,140.235,140.27,140.16,140.23,9679
SHOP,2026-09-02,10:36,140.26,140.42,140.2597,140.32,16298
SHOP,2026-09-02,10:37,140.335,140.47,140.24,140.47,36625
SHOP,2026-09-02,10:38,140.47,140.47,140.35,140.42,19807
SHOP,2026-09-02,10:39,140.42,140.46,140.42,140.43,5651
SHOP,2026-09-02,10:40,140.4,140.44,140.265,140.44,11006
SHOP,2026-09-02,10:41,140.42,140.67,140.41,140.59,25815
SHOP,2026-09-02,10:42,140.585,140.64,140.47,140.56,6985
SHOP,2026-09-02,10:43,140.57,140.79,140.49,140.75,12683
SHOP,2026-09-02,10:44,140.75,140.75,140.61,140.655,16203
SHOP,2026-09-02,10:45,140.7,140.95,140.7,140.8,26988
SHOP,2026-09-02,10:46,140.8,140.82,140.57,140.815,12970
SHOP,2026-09-02,10:47,140.81,140.88,140.72,140.805,15988
SHOP,2026-09-02,10:48,140.8,141.085,140.7846,141.07,16730
SHOP,2026-09-02,10:49,141.07,141.25,141.07,141.21,13591
SHOP,2026-09-02,10:50,141.18,141.22,140.95,140.97,12280
SHOP,2026-09-02,10:51,140.96,141.09,140.88,141.045,9406
SHOP,2026-09-02,10:52,141.05,141.05,140.945,141.03,7106
SHOP,2026-09-02,10:53,141.015,141.06,140.91,140.94,9799
SHOP,2026-09-02,10:54,140.97,141.05,140.94,141.02,7967
SHOP,2026-09-02,10:55,141.045,141.1,140.79,140.81,14141
SHOP,2026-09-02,10:56,140.76,140.81,140.59,140.59,14191
SHOP,2026-09-02,10:57,140.5601,140.63,140.475,140.55,10807
SHOP,2026-09-02,10:58,140.525,140.55,140.47,140.55,10468
SHOP,2026-09-02,10:59,140.57,140.66,140.535,140.57,27742
SHOP,2026-09-02,11:00,140.65,140.76,140.6,140.76,6989
SHOP,2026-09-02,11:01,140.77,140.935,140.75,140.935,5276
SHOP,2026-09-02,11:02,140.91,140.91,140.76,140.815,7906
SHOP,2026-09-02,11:03,140.815,140.91,140.815,140.91,5394
SHOP,2026-09-02,11:04,140.9,140.91,140.79,140.82,9642
SHOP,2026-09-02,11:05,140.84,140.99,140.82,140.99,7646
SHOP,2026-09-02,11:06,141.02,141.125,141.02,141.045,8172
SHOP,2026-09-02,11:07,141.09,141.09,140.8718,140.9025,6981
SHOP,2026-09-02,11:08,140.82,140.84,140.38,140.42,11236
SHOP,2026-09-02,11:09,140.38,140.41,140.38,140.41,3132
SHOP,2026-09-02,11:10,140.3136,140.42,140.165,140.17,13805
SHOP,2026-09-02,11:11,140.1986,140.27,140.115,140.27,12791
SHOP,2026-09-02,11:12,140.25,140.28,140.19,140.25,6724
SHOP,2026-09-02,11:13,140.1408,140.19,140.07,140.13,7080
SHOP,2026-09-02,11:14,140.13,140.18,140.13,140.17,3139
SHOP,2026-09-02,11:15,140.17,140.17,140,140.105,14253
SHOP,2026-09-02,11:16,140.105,140.105,140.105,140.105,540
SHOP,2026-09-02,11:17,140.16,140.26,140.13,140.23,9872
SHOP,2026-09-02,11:18,140.2,140.26,140.09,140.23,11658
SHOP,2026-09-02,11:19,140.215,140.28,140.1997,140.1997,4395
SHOP,2026-09-02,11:20,140.22,140.27,140.11,140.11,10146
SHOP,2026-09-02,11:21,140.1348,140.26,140.095,140.25,13462
SHOP,2026-09-02,11:22,140.26,140.31,140.225,140.29,9633
SHOP,2026-09-02,11:23,140.225,140.28,139.9401,139.9401,12059
SHOP,2026-09-02,11:24,139.94,139.94,139.89,139.9,7312
SHOP,2026-09-02,11:25,139.89,139.917,139.85,139.865,3104
SHOP,2026-09-02,11:26,139.84,139.885,139.755,139.81,16083
SHOP,2026-09-02,11:27,139.79,139.87,139.79,139.84,6693
SHOP,2026-09-02,11:28,139.8999,139.9,139.7047,139.7047,6764
SHOP,2026-09-02,11:29,139.71,139.71,139.56,139.6,12627
SHOP,2026-09-02,11:30,139.61,139.72,139.5,139.5,10390
SHOP,2026-09-02,11:31,139.49,139.62,139.43,139.615,17684
SHOP,2026-09-02,11:32,139.57,139.57,139.53,139.56,3599
SHOP,2026-09-02,11:33,139.4947,139.67,139.4947,139.51,14720
SHOP,2026-09-02,11:34,139.47,139.47,139.3889,139.42,11555
SHOP,2026-09-02,11:35,139.435,139.5,139.38,139.5,16307
SHOP,2026-09-02,11:36,139.54,139.78,139.54,139.7,7482
SHOP,2026-09-02,11:37,139.685,139.79,139.685,139.74,4470
SHOP,2026-09-02,11:38,139.68,139.68,139.5801,139.64,4499
SHOP,2026-09-02,11:39,139.65,139.65,139.46,139.56,11704
SHOP,2026-09-02,11:40,139.5899,139.65,139.514,139.59,9950
SHOP,2026-09-02,11:41,139.48,139.63,139.465,139.605,7873
SHOP,2026-09-02,11:42,139.595,139.595,139.43,139.43,16578
SHOP,2026-09-02,11:43,139.42,139.73,139.42,139.7025,17406
SHOP,2026-09-02,11:44,139.695,139.74,139.64,139.74,6042
SHOP,2026-09-02,11:45,139.72,139.815,139.68,139.815,8669
SHOP,2026-09-02,11:46,139.67,139.94,139.67,139.8,9013
SHOP,2026-09-02,11:47,139.78,139.84,139.78,139.815,4603
SHOP,2026-09-02,11:48,139.78,139.8291,139.77,139.825,3327
SHOP,2026-09-02,11:49,139.75,139.88,139.71,139.86,10422
SHOP,2026-09-02,11:50,139.86,139.97,139.86,139.95,8582
SHOP,2026-09-02,11:51,139.9307,139.9307,139.8,139.87,6288
SHOP,2026-09-02,11:52,139.875,139.93,139.82,139.82,11379
SHOP,2026-09-02,11:53,139.815,139.815,139.75,139.77,5520
SHOP,2026-09-02,11:54,139.71,139.72,139.6,139.64,9757
SHOP,2026-09-02,11:55,139.62,139.67,139.59,139.625,3838
SHOP,2026-09-02,11:56,139.62,139.73,139.5801,139.73,7621
SHOP,2026-09-02,11:57,139.75,139.835,139.75,139.765,5559
SHOP,2026-09-02,11:58,139.82,139.82,139.675,139.68,11632
SHOP,2026-09-02,11:59,139.68,139.86,139.68,139.86,36750
SHOP,2026-09-02,12:00,139.85,139.87,139.53,139.68,22949
SHOP,2026-09-02,12:01,139.7,139.74,139.64,139.74,7150
SHOP,2026-09-02,12:02,139.68,139.71,139.65,139.65,4502
SHOP,2026-09-02,12:03,139.66,139.69,139.6058,139.6058,4550
SHOP,2026-09-02,12:04,139.6,139.68,139.57,139.62,13783
SHOP,2026-09-02,12:05,139.59,139.64,139.5413,139.635,11118
SHOP,2026-09-02,12:06,139.605,139.605,139.29,139.3405,24786
SHOP,2026-09-02,12:07,139.39,139.55,139.38,139.51,7081
SHOP,2026-09-02,12:08,139.58,139.62,139.54,139.62,4651
SHOP,2026-09-02,12:09,139.625,139.64,139.59,139.6,3013
SHOP,2026-09-02,12:10,139.65,139.65,139.485,139.485,8336
SHOP,2026-09-02,12:11,139.51,139.69,139.51,139.69,7794
SHOP,2026-09-02,12:12,139.65,139.91,139.62,139.91,6775
SHOP,2026-09-02,12:13,139.93,140.05,139.93,139.98,5038
SHOP,2026-09-02,12:14,139.97,139.97,139.83,139.83,37237
SHOP,2026-09-02,12:15,139.825,139.91,139.8111,139.91,6335
SHOP,2026-09-02,12:16,139.88,139.88,139.69,139.705,5087
SHOP,2026-09-02,12:17,139.705,139.85,139.705,139.81,11450
SHOP,2026-09-02,12:18,139.78,139.78,139.66,139.66,2217
SHOP,2026-09-02,12:19,139.66,139.66,139.66,139.66,1046
SHOP,2026-09-02,12:20,139.62,139.69,139.6,139.67,4694
SHOP,2026-09-02,12:21,139.64,139.65,139.585,139.65,3138
SHOP,2026-09-02,12:22,139.622,139.66,139.61,139.63,4394
SHOP,2026-09-02,12:23,139.59,139.59,139.49,139.49,5323
SHOP,2026-09-02,12:24,139.45,139.45,139.34,139.395,23699
SHOP,2026-09-02,12:25,139.41,139.52,139.37,139.51,11180
SHOP,2026-09-02,12:26,139.495,139.495,139.33,139.34,13006
SHOP,2026-09-02,12:27,139.37,139.4,139.36,139.36,8640
SHOP,2026-09-02,12:28,139.3525,139.5,139.2605,139.45,16321
SHOP,2026-09-02,12:29,139.46,139.46,139.4,139.44,11146
SHOP,2026-09-02,12:30,139.42,139.6,139.4092,139.5701,6372
SHOP,2026-09-02,12:31,139.6,139.67,139.435,139.48,12259
SHOP,2026-09-02,12:32,139.51,139.57,139.51,139.54,4730
SHOP,2026-09-02,12:33,139.55,139.59,139.55,139.59,5580
SHOP,2026-09-02,12:34,139.6205,139.6595,139.5301,139.6595,4402
SHOP,2026-09-02,12:35,139.625,139.66,139.615,139.625,6566
SHOP,2026-09-02,12:36,139.66,139.6879,139.62,139.645,8258
SHOP,2026-09-02,12:37,139.645,139.825,139.645,139.825,4124
SHOP,2026-09-02,12:38,139.78,139.92,139.74,139.85,13288
SHOP,2026-09-02,12:39,139.91,139.91,139.85,139.885,3622
SHOP,2026-09-02,12:40,139.88,139.89,139.79,139.89,7586
SHOP,2026-09-02,12:41,139.89,139.9201,139.87,139.89,5425
SHOP,2026-09-02,12:42,139.875,139.885,139.8625,139.885,2507
SHOP,2026-09-02,12:43,139.825,139.86,139.825,139.855,2390
SHOP,2026-09-02,12:44,139.89,139.91,139.86,139.87,4639
SHOP,2026-09-02,12:45,139.88,139.97,139.88,139.96,8570
SHOP,2026-09-02,12:46,139.955,139.96,139.84,139.84,9525
SHOP,2026-09-02,12:47,139.81,139.84,139.77,139.8107,7215
SHOP,2026-09-02,12:48,139.81,139.81,139.75,139.77,4676
SHOP,2026-09-02,12:49,139.775,139.82,139.76,139.82,7470
SHOP,2026-09-02,12:50,139.84,139.88,139.78,139.78,13133
SHOP,2026-09-02,12:51,139.8,139.865,139.8,139.865,4406
SHOP,2026-09-02,12:52,139.88,139.9867,139.85,139.9867,11950
SHOP,2026-09-02,12:53,139.96,140.04,139.96,140.04,8172
SHOP,2026-09-02,12:54,140.06,140.1899,140.045,140.045,9371
SHOP,2026-09-02,12:55,140.045,140.08,139.965,139.965,5764
SHOP,2026-09-02,12:56,139.965,139.9795,139.94,139.9795,3027
SHOP,2026-09-02,12:57,139.935,139.97,139.91,139.94,7969
SHOP,2026-09-02,12:58,139.935,139.94,139.89,139.89,2545
SHOP,2026-09-02,12:59,139.9125,139.9125,139.84,139.87,5340
SHOP,2026-09-02,13:00,139.88,140.02,139.85,139.98,16687
SHOP,2026-09-02,13:01,139.96,140.04,139.96,140.02,3228
SHOP,2026-09-02,13:02,140,140.1,140,140.08,8196
SHOP,2026-09-02,13:03,140.1,140.12,140.1,140.11,3316
SHOP,2026-09-02,13:04,140.11,140.17,140.11,140.17,2475
SHOP,2026-09-02,13:05,140.17,140.175,140.13,140.14,8300
SHOP,2026-09-02,13:06,140.18,140.27,140.15,140.27,13275
SHOP,2026-09-02,13:07,140.29,140.335,140.14,140.23,15752
SHOP,2026-09-02,13:08,140.21,140.34,140.12,140.34,35667
SHOP,2026-09-02,13:09,140.33,140.38,140.29,140.36,6782
SHOP,2026-09-02,13:10,140.375,140.47,140.375,140.46,5519
SHOP,2026-09-02,13:11,140.475,140.5,140.4,140.5,6298
SHOP,2026-09-02,13:12,140.55,140.57,140.52,140.52,5509
SHOP,2026-09-02,13:13,140.495,140.57,140.495,140.57,2417
SHOP,2026-09-02,13:14,140.58,140.62,140.55,140.6,4023
SHOP,2026-09-02,13:15,140.595,140.595,140.45,140.455,5810
SHOP,2026-09-02,13:16,140.47,140.59,140.43,140.585,5100
SHOP,2026-09-02,13:17,140.59,140.61,140.55,140.565,3451
SHOP,2026-09-02,13:18,140.54,140.55,140.42,140.445,7215
SHOP,2026-09-02,13:19,140.445,140.445,140.3449,140.39,4462
SHOP,2026-09-02,13:20,140.37,140.37,140.29,140.305,4142
SHOP,2026-09-02,13:21,140.34,140.53,140.3325,140.53,16975
SHOP,2026-09-02,13:22,140.655,140.7,140.6,140.665,5438
SHOP,2026-09-02,13:23,140.64,140.665,140.605,140.63,4882
SHOP,2026-09-02,13:24,140.63,140.7,140.61,140.6917,5021
SHOP,2026-09-02,13:25,140.68,140.68,140.39,140.45,11649
SHOP,2026-09-02,13:26,140.43,140.46,140.38,140.44,3872
SHOP,2026-09-02,13:27,140.45,140.46,140.42,140.46,2826
SHOP,2026-09-02,13:28,140.46,140.47,140.365,140.41,10082
SHOP,2026-09-02,13:29,140.43,140.5,140.43,140.5,6787
SHOP,2026-09-02,13:30,140.485,140.52,140.43,140.4389,10406
SHOP,2026-09-02,13:31,140.42,140.42,140.37,140.42,2975
SHOP,2026-09-02,13:32,140.38,140.38,140.34,140.34,2082
SHOP,2026-09-02,13:33,140.3,140.3,140.245,140.27,7964
SHOP,2026-09-02,13:34,140.2019,140.27,140.2019,140.27,5139
SHOP,2026-09-02,13:35,140.255,140.36,140.23,140.31,18585
SHOP,2026-09-02,13:36,140.21,140.22,140.145,140.15,3575
SHOP,2026-09-02,13:37,140.18,140.18,140.15,140.155,1864
SHOP,2026-09-02,13:38,140.12,140.12,140.0634,140.09,5922
SHOP,2026-09-02,13:39,140.08,140.235,140.08,140.155,12785
SHOP,2026-09-02,13:40,140.18,140.18,140.13,140.16,6901
SHOP,2026-09-02,13:41,140.11,140.14,140.1,140.14,3898
SHOP,2026-09-02,13:42,140.13,140.14,140.08,140.115,5088
SHOP,2026-09-02,13:43,140.1499,140.25,140.145,140.25,9050
SHOP,2026-09-02,13:44,140.29,140.34,140.265,140.33,2267
SHOP,2026-09-02,13:45,140.35,140.43,140.35,140.375,11743
SHOP,2026-09-02,13:46,140.43,140.43,140.36,140.365,4138
SHOP,2026-09-02,13:47,140.32,140.36,140.3,140.33,7041
SHOP,2026-09-02,13:48,140.33,140.36,140.25,140.36,5531
SHOP,2026-09-02,13:49,140.37,140.44,140.37,140.4,6654
SHOP,2026-09-02,13:50,140.4,140.405,140.38,140.38,2577
SHOP,2026-09-02,13:51,140.43,140.45,140.38,140.43,6708
SHOP,2026-09-02,13:52,140.435,140.5,140.38,140.38,8061
SHOP,2026-09-02,13:53,140.35,140.35,140.33,140.33,1728
SHOP,2026-09-02,13:54,140.41,140.43,140.385,140.4,4065
SHOP,2026-09-02,13:55,140.395,140.44,140.36,140.42,5714
SHOP,2026-09-02,13:56,140.4,140.4172,140.35,140.365,2253
SHOP,2026-09-02,13:57,140.4,140.59,140.4,140.48,13073
SHOP,2026-09-02,13:58,140.45,140.52,140.45,140.51,2193
SHOP,2026-09-02,13:59,140.52,140.52,140.48,140.48,5299
SHOP,2026-09-02,14:00,140.49,140.52,140.44,140.44,14483
SHOP,2026-09-02,14:01,140.43,140.55,140.42,140.5,14507
SHOP,2026-09-02,14:02,140.5,140.68,140.5,140.66,10239
SHOP,2026-09-02,14:03,140.7,140.73,140.67,140.67,5272
SHOP,2026-09-02,14:04,140.72,140.79,140.69,140.7,5277
SHOP,2026-09-02,14:05,140.77,140.77,140.68,140.68,6182
SHOP,2026-09-02,14:06,140.7,140.74,140.69,140.71,2953
SHOP,2026-09-02,14:07,140.695,140.724,140.64,140.64,4633
SHOP,2026-09-02,14:08,140.64,140.72,140.6,140.6,6984
SHOP,2026-09-02,14:09,140.63,140.63,140.55,140.55,1815
SHOP,2026-09-02,14:10,140.55,140.61,140.55,140.55,4483
SHOP,2026-09-02,14:11,140.57,140.57,140.46,140.46,4670
SHOP,2026-09-02,14:12,140.4375,140.49,140.425,140.44,6057
SHOP,2026-09-02,14:13,140.445,140.49,140.435,140.46,2466
SHOP,2026-09-02,14:14,140.42,140.44,140.37,140.44,5898
SHOP,2026-09-02,14:15,140.44,140.54,140.44,140.475,9055
SHOP,2026-09-02,14:16,140.475,140.5,140.37,140.48,22587
SHOP,2026-09-02,14:17,140.49,140.575,140.46,140.46,6096
SHOP,2026-09-02,14:18,140.46,140.8,140.44,140.675,18087
SHOP,2026-09-02,14:19,140.66,140.71,140.66,140.71,4403
SHOP,2026-09-02,14:20,140.67,140.69,140.61,140.61,11408
SHOP,2026-09-02,14:21,140.64,140.64,140.55,140.55,2971
SHOP,2026-09-02,14:22,140.5,140.52,140.42,140.49,7715
SHOP,2026-09-02,14:23,140.5,140.56,140.5,140.54,4333
SHOP,2026-09-02,14:24,140.58,140.61,140.56,140.595,5148
SHOP,2026-09-02,14:25,140.63,140.674,140.6,140.615,4452
SHOP,2026-09-02,14:26,140.5705,140.605,140.555,140.555,3009
SHOP,2026-09-02,14:27,140.555,140.555,140.4203,140.45,5272
SHOP,2026-09-02,14:28,140.4583,140.5,140.425,140.4416,7356
SHOP,2026-09-02,14:29,140.44,140.44,140.38,140.38,3146
SHOP,2026-09-02,14:30,140.4162,140.4162,140.38,140.39,3348
SHOP,2026-09-02,14:31,140.39,140.4,140.35,140.3575,5704
SHOP,2026-09-02,14:32,140.365,140.365,140.31,140.31,2976
SHOP,2026-09-02,14:33,140.285,140.395,140.24,140.35,15032
SHOP,2026-09-02,14:34,140.35,140.35,140.32,140.34,2272
SHOP,2026-09-02,14:35,140.34,140.41,140.34,140.345,6699
SHOP,2026-09-02,14:36,140.345,140.345,140.345,140.345,422
SHOP,2026-09-02,14:37,140.34,140.36,140.315,140.315,4893
SHOP,2026-09-02,14:38,140.3,140.33,140.27,140.27,4896
SHOP,2026-09-02,14:39,140.27,140.34,140.25,140.28,9850
SHOP,2026-09-02,14:40,140.2567,140.28,140.22,140.24,7408
SHOP,2026-09-02,14:41,140.23,140.24,140.18,140.18,2449
SHOP,2026-09-02,14:42,140.16,140.165,140.06,140.06,5251
SHOP,2026-09-02,14:43,140.06,140.09,140.035,140.075,11888
SHOP,2026-09-02,14:44,140.09,140.13,140.08,140.11,7822
SHOP,2026-09-02,14:45,140.11,140.22,140.11,140.21,2815
SHOP,2026-09-02,14:46,140.16,140.16,140.03,140.03,6500
SHOP,2026-09-02,14:47,140.01,140.02,139.945,139.98,5057
SHOP,2026-09-02,14:48,139.965,140.14,139.965,140.12,9891
SHOP,2026-09-02,14:49,140.1,140.16,140.1,140.13,3435
SHOP,2026-09-02,14:50,140.19,140.19,140.12,140.12,4142
SHOP,2026-09-02,14:51,140.15,140.17,140.12,140.13,4131
SHOP,2026-09-02,14:52,140.1,140.18,140.09,140.18,7322
SHOP,2026-09-02,14:53,140.18,140.22,140.18,140.22,4463
SHOP,2026-09-02,14:54,140.2,140.2,140.13,140.13,4252
SHOP,2026-09-02,14:55,140.125,140.13,140.11,140.11,3118
SHOP,2026-09-02,14:56,140.08,140.14,140.07,140.1025,6580
SHOP,2026-09-02,14:57,140.1,140.13,140.05,140.06,5076
SHOP,2026-09-02,14:58,140.03,140.06,140.03,140.05,5472
SHOP,2026-09-02,14:59,140.06,140.07,140.03,140.03,4537
SHOP,2026-09-02,15:00,140.01,140.125,139.95,140.06,22315
SHOP,2026-09-02,15:01,140.01,140.07,140,140.07,7397
SHOP,2026-09-02,15:02,140.03,140.09,140.03,140.06,10219
SHOP,2026-09-02,15:03,140.08,140.08,139.92,139.92,7309
SHOP,2026-09-02,15:04,139.9201,140.03,139.9201,140.03,9987
SHOP,2026-09-02,15:05,140.01,140.1,139.99,140.095,10590
SHOP,2026-09-02,15:06,140.03,140.1,140.02,140.025,4919
SHOP,2026-09-02,15:07,140.01,140.075,139.99,140.07,6015
SHOP,2026-09-02,15:08,140.07,140.16,140.03,140.16,12877
SHOP,2026-09-02,15:09,140.175,140.265,140.175,140.25,6289
SHOP,2026-09-02,15:10,140.28,140.31,140.23,140.295,7617
SHOP,2026-09-02,15:11,140.26,140.27,140.19,140.19,6302
SHOP,2026-09-02,15:12,140.17,140.285,140.16,140.285,8835
SHOP,2026-09-02,15:13,140.285,140.34,140.25,140.305,8733
SHOP,2026-09-02,15:14,140.2718,140.3,140.21,140.24,6434
SHOP,2026-09-02,15:15,140.25,140.25,140.2195,140.24,1873
SHOP,2026-09-02,15:16,140.21,140.21,140.075,140.17,9477
SHOP,2026-09-02,15:17,140.17,140.17,140.06,140.1,14134
SHOP,2026-09-02,15:18,140.08,140.16,140.04,140.16,7795
SHOP,2026-09-02,15:19,140.17,140.19,140.14,140.15,6762
SHOP,2026-09-02,15:20,140.15,140.15,140.055,140.07,7244
SHOP,2026-09-02,15:21,140.05,140.07,140.02,140.05,6658
SHOP,2026-09-02,15:22,140.05,140.08,140.04,140.08,3914
SHOP,2026-09-02,15:23,140.055,140.08,139.95,140.01,14788
SHOP,2026-09-02,15:24,140.01,140.06,139.94,140.06,14278
SHOP,2026-09-02,15:25,140.075,140.1,140.05,140.05,3056
SHOP,2026-09-02,15:26,140.05,140.07,140,140.04,16969
SHOP,2026-09-02,15:27,140.02,140.07,140.02,140.04,6184
SHOP,2026-09-02,15:28,140.045,140.1,140.045,140.1,11214
SHOP,2026-09-02,15:29,140.08,140.14,139.98,140.13,14578
SHOP,2026-09-02,15:30,140.1292,140.1292,140.05,140.105,10525
SHOP,2026-09-02,15:31,140.1,140.19,140.04,140.19,28867
SHOP,2026-09-02,15:32,140.18,140.25,140.12,140.25,8981
SHOP,2026-09-02,15:33,140.25,140.25,140.18,140.185,12320
SHOP,2026-09-02,15:34,140.17,140.17,140.13,140.17,8592
SHOP,2026-09-02,15:35,140.17,140.31,140.16,140.26,18123
SHOP,2026-09-02,15:36,140.2681,140.36,140.255,140.35,9807
SHOP,2026-09-02,15:37,140.34,140.46,140.335,140.41,12602
SHOP,2026-09-02,15:38,140.44,140.44,140.3901,140.41,8195
SHOP,2026-09-02,15:39,140.39,140.45,140.33,140.41,19149
SHOP,2026-09-02,15:40,140.41,140.54,140.41,140.53,7499
SHOP,2026-09-02,15:41,140.5201,140.54,140.52,140.53,5607
SHOP,2026-09-02,15:42,140.5203,140.57,140.52,140.57,9063
SHOP,2026-09-02,15:43,140.56,140.7,140.54,140.6,18813
SHOP,2026-09-02,15:44,140.59,140.65,140.54,140.65,10173
SHOP,2026-09-02,15:45,140.64,140.69,140.64,140.69,14407
SHOP,2026-09-02,15:46,140.685,140.69,140.59,140.645,17167
SHOP,2026-09-02,15:47,140.66,140.74,140.66,140.72,13795
SHOP,2026-09-02,15:48,140.73,140.75,140.71,140.75,8379
SHOP,2026-09-02,15:49,140.76,140.79,140.75,140.78,16607
SHOP,2026-09-02,15:50,140.77,141.18,140.75,141.18,45500
SHOP,2026-09-02,15:51,141.21,141.21,141.071,141.13,20118
SHOP,2026-09-02,15:52,141.14,141.24,141.13,141.145,23462
SHOP,2026-09-02,15:53,141.16,141.23,141.15,141.21,18699
SHOP,2026-09-02,15:54,141.22,141.59,141.21,141.59,61952
SHOP,2026-09-02,15:55,141.57,141.73,141.395,141.57,74360
SHOP,2026-09-02,15:56,141.565,141.8,141.53,141.725,107791
SHOP,2026-09-02,15:57,141.74,142.055,141.74,141.925,85573
SHOP,2026-09-02,15:58,141.92,141.97,141.87,141.905,80038
SHOP,2026-09-02,15:59,141.89,141.93,141.77,141.87,225204
SHOP,2026-09-03,09:30,143,145.54,143,145.14,148934
SHOP,2026-09-03,09:31,145.145,145.45,144.6,145.4275,31736
SHOP,2026-09-03,09:32,145.25,145.25,144.54,144.54,20390
SHOP,2026-09-03,09:33,144.62,144.8461,144.2,144.8461,27439
SHOP,2026-09-03,09:34,144.84,145,144.5724,145,11406
SHOP,2026-09-03,09:35,144.95,145.05,144.74,144.93,19332
SHOP,2026-09-03,09:36,144.87,144.98,144.54,144.645,15893
SHOP,2026-09-03,09:37,144.645,145.18,144.53,145.07,17939
SHOP,2026-09-03,09:38,145.07,145.17,144.605,144.68,16108
SHOP,2026-09-03,09:39,144.65,145.3,144.65,145.2,17962
SHOP,2026-09-03,09:40,145.205,145.34,144.63,144.705,38387
SHOP,2026-09-03,09:41,144.6,144.97,144.53,144.7978,22097
SHOP,2026-09-03,09:42,144.7,144.84,144.5,144.705,19561
SHOP,2026-09-03,09:43,144.64,145.249,144.615,145.01,31500
SHOP,2026-09-03,09:44,145.05,145.53,144.9321,145.24,112625
SHOP,2026-09-03,09:45,145.26,145.43,145.155,145.43,20894
SHOP,2026-09-03,09:46,145.36,145.36,144.84,144.99,20748
SHOP,2026-09-03,09:47,144.9,144.9,144.6,144.6,10209
SHOP,2026-09-03,09:48,144.6,144.6,144.08,144.205,17345
SHOP,2026-09-03,09:49,144.21,144.21,143.65,143.8,8099
SHOP,2026-09-03,09:50,143.8,143.91,143.56,143.73,10777
SHOP,2026-09-03,09:51,143.69,143.81,143.56,143.56,10481
SHOP,2026-09-03,09:52,143.62,143.62,143.395,143.57,14359
SHOP,2026-09-03,09:53,143.5,143.75,143.44,143.66,9977
SHOP,2026-09-03,09:54,143.76,144.2716,143.66,144.095,10245
SHOP,2026-09-03,09:55,144.04,144.09,143.92,143.98,6711
SHOP,2026-09-03,09:56,143.955,143.965,143.795,143.84,4033
SHOP,2026-09-03,09:57,143.865,143.87,143.77,143.87,1855
SHOP,2026-09-03,09:58,143.91,144.05,143.83,144.05,3018
SHOP,2026-09-03,09:59,144,144.31,143.93,144.265,12192
SHOP,2026-09-03,10:00,144.3,144.3,144.07,144.07,15865
SHOP,2026-09-03,10:01,144.05,144.08,143.82,143.98,15905
SHOP,2026-09-03,10:02,144.07,144.45,144.065,144.35,4841
SHOP,2026-09-03,10:03,144.41,144.41,143.965,143.965,13720
SHOP,2026-09-03,10:04,143.9006,144,143.53,143.74,7169
SHOP,2026-09-03,10:05,143.74,144.065,143.66,143.84,6681
SHOP,2026-09-03,10:06,143.83,144.0213,143.66,143.89,16512
SHOP,2026-09-03,10:07,143.88,143.88,143.63,143.63,14767
SHOP,2026-09-03,10:08,143.72,143.81,143.64,143.74,7878
SHOP,2026-09-03,10:09,143.74,143.96,143.74,143.7675,12140
SHOP,2026-09-03,10:10,143.83,144.05,143.51,143.51,52879
SHOP,2026-09-03,10:11,143.55,143.55,143.3,143.38,6351
SHOP,2026-09-03,10:12,143.42,143.59,143.42,143.42,6416
SHOP,2026-09-03,10:13,143.44,143.5,143.36,143.44,4932
SHOP,2026-09-03,10:14,143.415,143.425,143.415,143.425,2583
SHOP,2026-09-03,10:15,143.49,143.49,143.34,143.34,9105
SHOP,2026-09-03,10:16,143.28,143.46,143.26,143.315,8735
SHOP,2026-09-03,10:17,143.23,143.27,143.165,143.165,3026
SHOP,2026-09-03,10:18,143.15,143.22,142.97,143,12231
SHOP,2026-09-03,10:19,143.03,143.14,142.96,143.14,6446
SHOP,2026-09-03,10:20,143.11,143.11,143.05,143.05,3090
SHOP,2026-09-03,10:21,143.09,143.28,142.96,142.9601,14582
SHOP,2026-09-03,10:22,142.97,143.12,142.97,143.01,6137
SHOP,2026-09-03,10:23,142.91,142.98,142.83,142.935,6042
SHOP,2026-09-03,10:24,142.965,143.14,142.965,143.135,6160
SHOP,2026-09-03,10:25,142.99,142.99,142.87,142.96,4410
SHOP,2026-09-03,10:26,142.905,143,142.905,143,2119
SHOP,2026-09-03,10:27,143.05,143.18,143.05,143.145,3213
SHOP,2026-09-03,10:28,143.15,143.21,142.97,143.07,26704
SHOP,2026-09-03,10:29,143.0221,143.38,143.0221,143.315,9777
SHOP,2026-09-03,10:30,143.355,143.525,143.355,143.525,9653
SHOP,2026-09-03,10:31,143.47,143.57,143.445,143.465,6241
SHOP,2026-09-03,10:32,143.465,143.69,143.44,143.66,9212
SHOP,2026-09-03,10:33,143.665,143.665,143.47,143.47,7484
SHOP,2026-09-03,10:34,143.44,143.47,143.25,143.25,8157
SHOP,2026-09-03,10:35,143.225,143.36,143.225,143.24,7505
SHOP,2026-09-03,10:36,143.24,143.245,143.07,143.085,5833
SHOP,2026-09-03,10:37,143.09,143.09,143.04,143.05,3430
SHOP,2026-09-03,10:38,143.115,143.115,142.86,142.86,5788
SHOP,2026-09-03,10:39,142.82,142.82,142.64,142.64,9003
SHOP,2026-09-03,10:40,142.63,142.67,142.4638,142.625,18838
SHOP,2026-09-03,10:41,142.575,142.855,142.515,142.855,8971
SHOP,2026-09-03,10:42,142.87,143.235,142.83,143.235,16627
SHOP,2026-09-03,10:43,143.14,143.14,142.93,142.93,7752
SHOP,2026-09-03,10:44,142.91,143.05,142.8503,142.87,6302
SHOP,2026-09-03,10:45,142.94,143.22,142.94,143.22,4919
SHOP,2026-09-03,10:46,143.21,143.26,143.18,143.24,7437
SHOP,2026-09-03,10:47,143.255,143.27,143.14,143.26,5701
SHOP,2026-09-03,10:48,143.245,143.305,143.245,143.305,2491
SHOP,2026-09-03,10:49,143.28,143.5565,143.28,143.4001,8903
SHOP,2026-09-03,10:50,143.45,143.45,143.205,143.27,9903
SHOP,2026-09-03,10:51,143.22,143.22,142.975,143.1399,3346
SHOP,2026-09-03,10:52,143.01,143.02,142.675,142.675,5612
SHOP,2026-09-03,10:53,142.675,142.72,142.26,142.36,15137
SHOP,2026-09-03,10:54,142.37,142.5695,142.37,142.54,5792
SHOP,2026-09-03,10:55,142.66,142.75,142.59,142.664,4481
SHOP,2026-09-03,10:56,142.625,142.725,142.3,142.6,20554
SHOP,2026-09-03,10:57,142.6,142.68,142.56,142.675,6359
SHOP,2026-09-03,10:58,142.75,142.95,142.75,142.9,7293
SHOP,2026-09-03,10:59,142.86,143.04,142.825,143.02,11371
SHOP,2026-09-03,11:00,142.97,143.08,142.73,142.73,8147
SHOP,2026-09-03,11:01,142.85,143.04,142.85,142.92,10245
SHOP,2026-09-03,11:02,142.87,142.97,142.845,142.965,6453
SHOP,2026-09-03,11:03,142.965,142.98,142.785,142.8656,5518
SHOP,2026-09-03,11:04,142.875,143.01,142.8,142.99,4236
SHOP,2026-09-03,11:05,143.015,143.13,143.015,143.13,7261
SHOP,2026-09-03,11:06,143.15,143.42,143.13,143.41,11215
SHOP,2026-09-03,11:07,143.41,143.41,143.41,143.41,0
SHOP,2026-09-03,11:08,143.575,143.575,143.49,143.525,9054
SHOP,2026-09-03,11:09,143.49,143.66,143.48,143.66,14277
SHOP,2026-09-03,11:10,143.6419,143.77,143.61,143.77,7711
SHOP,2026-09-03,11:11,143.7,143.7501,143.6,143.75,14087
SHOP,2026-09-03,11:12,143.775,143.9,143.76,143.82,5809
SHOP,2026-09-03,11:13,143.85,143.8901,143.72,143.8901,6148
SHOP,2026-09-03,11:14,143.84,143.845,143.67,143.72,4508
SHOP,2026-09-03,11:15,143.79,143.91,143.79,143.91,5507
SHOP,2026-09-03,11:16,143.932,143.932,143.78,143.78,7769
SHOP,2026-09-03,11:17,143.75,143.88,143.74,143.88,3969
SHOP,2026-09-03,11:18,143.885,143.885,143.69,143.8156,10694
SHOP,2026-09-03,11:19,143.85,143.97,143.85,143.94,6872
SHOP,2026-09-03,11:20,143.9,143.9,143.86,143.86,3602
SHOP,2026-09-03,11:21,143.86,143.89,143.73,143.76,5284
SHOP,2026-09-03,11:22,143.745,143.87,143.745,143.87,4923
SHOP,2026-09-03,11:23,143.82,144.04,143.82,144,8864
SHOP,2026-09-03,11:24,143.96,144.065,143.96,143.975,3960
SHOP,2026-09-03,11:25,143.9,143.97,143.86,143.96,3875
SHOP,2026-09-03,11:26,143.96,144.04,143.93,143.995,10146
SHOP,2026-09-03,11:27,144.07,144.14,144.01,144.0601,10326
SHOP,2026-09-03,11:28,144.08,144.095,143.9,143.935,7353
SHOP,2026-09-03,11:29,143.99,144.13,143.96,144.13,6555
SHOP,2026-09-03,11:30,144.13,144.19,144.13,144.19,3148
SHOP,2026-09-03,11:31,144.2,144.27,144.2,144.205,6654
SHOP,2026-09-03,11:32,144.21,144.265,144.205,144.265,4606
SHOP,2026-09-03,11:33,144.29,144.29,144.18,144.215,5118
SHOP,2026-09-03,11:34,144.16,144.23,144.155,144.205,5034
SHOP,2026-09-03,11:35,144.26,144.345,144.21,144.29,6178
SHOP,2026-09-03,11:36,144.33,144.33,144.1299,144.1299,5496
SHOP,2026-09-03,11:37,144.05,144.16,143.99,144.16,5670
SHOP,2026-09-03,11:38,144.16,144.19,144.16,144.18,1673
SHOP,2026-09-03,11:39,144.15,144.16,144.03,144.03,4027
SHOP,2026-09-03,11:40,144.06,144.09,143.94,143.94,2888
SHOP,2026-09-03,11:41,143.91,144.05,143.9,144.01,5662
SHOP,2026-09-03,11:42,144.1,144.1,144,144.085,5912
SHOP,2026-09-03,11:43,144.09,144.16,144.09,144.15,4699
SHOP,2026-09-03,11:44,144.12,144.12,144.0269,144.0269,5143
SHOP,2026-09-03,11:45,144.04,144.1,144.025,144.025,5312
SHOP,2026-09-03,11:46,144.05,144.07,143.8,143.8,8304
SHOP,2026-09-03,11:47,143.85,143.85,143.77,143.79,6269
SHOP,2026-09-03,11:48,143.76,143.84,143.75,143.75,5260
SHOP,2026-09-03,11:49,143.71,143.74,143.71,143.74,1649
SHOP,2026-09-03,11:50,143.72,143.79,143.72,143.73,3892
SHOP,2026-09-03,11:51,143.7999,143.845,143.7564,143.8,4719
SHOP,2026-09-03,11:52,143.895,143.895,143.79,143.81,5415
SHOP,2026-09-03,11:53,143.7501,143.83,143.725,143.81,8409
SHOP,2026-09-03,11:54,143.86,143.9,143.8575,143.9,2148
SHOP,2026-09-03,11:55,143.87,143.87,143.8218,143.85,4831
SHOP,2026-09-03,11:56,143.85,143.94,143.785,143.785,10223
SHOP,2026-09-03,11:57,143.85,143.96,143.85,143.96,4695
SHOP,2026-09-03,11:58,143.9848,144.03,143.95,143.95,3930
SHOP,2026-09-03,11:59,144.075,144.125,144.065,144.125,2626
SHOP,2026-09-03,12:00,144.14,144.23,144.14,144.175,8893
SHOP,2026-09-03,12:01,144.21,144.21,144.13,144.13,4940
SHOP,2026-09-03,12:02,144.18,144.21,144.18,144.2,4563
SHOP,2026-09-03,12:03,144.2,144.25,144.17,144.215,8020
SHOP,2026-09-03,12:04,144.215,144.25,143.98,143.98,12646
SHOP,2026-09-03,12:05,143.99,144.03,143.92,143.92,2445
SHOP,2026-09-03,12:06,143.95,144,143.95,143.96,7465
SHOP,2026-09-03,12:07,144.01,144.01,143.93,143.93,1786
SHOP,2026-09-03,12:08,143.93,144.02,143.8,143.87,6309
SHOP,2026-09-03,12:09,143.825,143.88,143.825,143.86,3561
SHOP,2026-09-03,12:10,143.86,143.86,143.83,143.83,2025
SHOP,2026-09-03,12:11,143.83,143.83,143.7201,143.7215,5549
SHOP,2026-09-03,12:12,143.76,143.76,143.685,143.74,6594
SHOP,2026-09-03,12:13,143.725,143.78,143.72,143.78,3032
SHOP,2026-09-03,12:14,143.78,143.82,143.76,143.795,3807
SHOP,2026-09-03,12:15,143.805,143.805,143.69,143.695,4414
SHOP,2026-09-03,12:16,143.72,143.765,143.6857,143.765,4266
SHOP,2026-09-03,12:17,143.79,143.79,143.72,143.775,6305
SHOP,2026-09-03,12:18,143.75,143.875,143.745,143.875,3331
SHOP,2026-09-03,12:19,143.865,143.87,143.81,143.86,4788
SHOP,2026-09-03,12:20,143.821,143.93,143.81,143.93,3761
SHOP,2026-09-03,12:21,143.965,143.965,143.92,143.92,3233
SHOP,2026-09-03,12:22,143.94,143.9851,143.94,143.97,4258
SHOP,2026-09-03,12:23,143.97,143.98,143.82,143.91,29703
SHOP,2026-09-03,12:24,143.9,143.91,143.86,143.885,3925
SHOP,2026-09-03,12:25,143.87,144.16,143.87,143.91,66497
SHOP,2026-09-03,12:26,143.84,143.84,143.8,143.815,6114
SHOP,2026-09-03,12:27,143.79,143.82,143.72,143.8,6390
SHOP,2026-09-03,12:28,143.82,143.85,143.77,143.81,3210
SHOP,2026-09-03,12:29,143.77,143.935,143.77,143.935,9489
SHOP,2026-09-03,12:30,143.935,143.935,143.86,143.885,6052
SHOP,2026-09-03,12:31,143.83,143.83,143.7,143.76,4725
SHOP,2026-09-03,12:32,143.735,143.735,143.5,143.52,6810
SHOP,2026-09-03,12:33,143.57,143.62,143.54,143.62,3816
SHOP,2026-09-03,12:34,143.62,143.64,143.61,143.635,3213
SHOP,2026-09-03,12:35,143.635,143.66,143.615,143.615,5586
SHOP,2026-09-03,12:36,143.59,143.64,143.51,143.57,6313
SHOP,2026-09-03,12:37,143.56,143.62,143.56,143.6,2690
SHOP,2026-09-03,12:38,143.69,143.78,143.69,143.78,1570
SHOP,2026-09-03,12:39,143.76,143.8,143.76,143.8,2798
SHOP,2026-09-03,12:40,143.8285,143.91,143.8285,143.91,6341
SHOP,2026-09-03,12:41,143.905,143.905,143.81,143.81,4709
SHOP,2026-09-03,12:42,143.775,143.78,143.77,143.77,1508
SHOP,2026-09-03,12:43,143.76,143.77,143.74,143.745,3639
SHOP,2026-09-03,12:44,143.73,143.73,143.47,143.49,6826
SHOP,2026-09-03,12:45,143.44,143.49,143.44,143.46,4359
SHOP,2026-09-03,12:46,143.46,143.505,143.4,143.46,6887
SHOP,2026-09-03,12:47,143.45,143.53,143.45,143.53,2030
SHOP,2026-09-03,12:48,143.525,143.525,143.52,143.52,1107
SHOP,2026-09-03,12:49,143.52,143.58,143.52,143.58,4120
SHOP,2026-09-03,12:50,143.5507,143.5507,143.48,143.48,2803
SHOP,2026-09-03,12:51,143.42,143.515,143.395,143.515,3445
SHOP,2026-09-03,12:52,143.53,143.53,143.45,143.495,4800
SHOP,2026-09-03,12:53,143.49,143.5,143.45,143.46,5267
SHOP,2026-09-03,12:54,143.5,143.57,143.49,143.49,10018
SHOP,2026-09-03,12:55,143.47,143.48,143.44,143.46,2078
SHOP,2026-09-03,12:56,143.4505,143.53,143.35,143.35,12355
SHOP,2026-09-03,12:57,143.29,143.3338,143.17,143.26,11310
SHOP,2026-09-03,12:58,143.285,143.33,143.285,143.325,5576
SHOP,2026-09-03,12:59,143.325,143.505,143.325,143.505,5743
SHOP,2026-09-03,13:00,143.51,143.6,143.435,143.435,13609
SHOP,2026-09-03,13:01,143.44,143.57,143.44,143.55,4964
SHOP,2026-09-03,13:02,143.585,143.59,143.48,143.52,5591
SHOP,2026-09-03,13:03,143.51,143.665,143.51,143.665,4302
SHOP,2026-09-03,13:04,143.665,143.685,143.6,143.6,5051
SHOP,2026-09-03,13:05,143.6,143.64,143.6,143.64,2207
SHOP,2026-09-03,13:06,143.67,143.765,143.655,143.765,8539
SHOP,2026-09-03,13:07,143.76,143.97,143.76,143.915,14889
SHOP,2026-09-03,13:08,143.89,144.1,143.84,144.1,5009
SHOP,2026-09-03,13:09,144.12,144.15,144.06,144.095,4268
SHOP,2026-09-03,13:10,144.085,144.09,144.0313,144.04,2352
SHOP,2026-09-03,13:11,144.09,144.09,144.03,144.07,4114
SHOP,2026-09-03,13:12,144.06,144.085,144.03,144.085,3382
SHOP,2026-09-03,13:13,144.085,144.13,144.0601,144.13,2924
SHOP,2026-09-03,13:14,144.13,144.18,144.13,144.16,1588
SHOP,2026-09-03,13:15,144.19,144.22,144.17,144.17,5459
SHOP,2026-09-03,13:16,144.155,144.155,144.07,144.1,9256
SHOP,2026-09-03,13:17,144.11,144.155,144.07,144.07,8375
SHOP,2026-09-03,13:18,144.03,144.035,144.01,144.01,3990
SHOP,2026-09-03,13:19,144.01,144.04,143.81,143.855,5663
SHOP,2026-09-03,13:20,143.8426,143.93,143.8,143.93,7086
SHOP,2026-09-03,13:21,143.92,143.9335,143.89,143.9,2792
SHOP,2026-09-03,13:22,143.9,144.045,143.89,144.045,3855
SHOP,2026-09-03,13:23,144.04,144.04,143.98,143.98,1319
SHOP,2026-09-03,13:24,143.98,144,143.93,143.95,4161
SHOP,2026-09-03,13:25,143.93,144.01,143.93,143.94,4013
SHOP,2026-09-03,13:26,143.935,144.07,143.91,144.07,4774
SHOP,2026-09-03,13:27,144.095,144.225,144.095,144.225,3898
SHOP,2026-09-03,13:28,144.235,144.28,144.23,144.28,4633
SHOP,2026-09-03,13:29,144.25,144.36,144.25,144.36,6688
SHOP,2026-09-03,13:30,144.345,144.47,144.34,144.47,5301
SHOP,2026-09-03,13:31,144.47,144.52,144.43,144.51,10794
SHOP,2026-09-03,13:32,144.48,144.5258,144.42,144.425,4079
SHOP,2026-09-03,13:33,144.42,144.43,144.39,144.43,6247
SHOP,2026-09-03,13:34,144.425,144.425,144.24,144.24,21895
SHOP,2026-09-03,13:35,144.21,144.34,144.16,144.325,15023
SHOP,2026-09-03,13:36,144.345,144.41,144.345,144.41,3638
SHOP,2026-09-03,13:37,144.41,144.48,144.38,144.48,6856
SHOP,2026-09-03,13:38,144.47,144.49,144.39,144.4,4929
SHOP,2026-09-03,13:39,144.395,144.395,144.27,144.345,5050
SHOP,2026-09-03,13:40,144.335,144.35,144.28,144.34,5549
SHOP,2026-09-03,13:41,144.34,144.34,144.25,144.315,7720
SHOP,2026-09-03,13:42,144.315,144.34,144.26,144.325,10069
SHOP,2026-09-03,13:43,144.325,144.41,144.325,144.35,4852
SHOP,2026-09-03,13:44,144.45,144.47,144.4,144.44,5339
SHOP,2026-09-03,13:45,144.405,144.42,144.33,144.41,7953
SHOP,2026-09-03,13:46,144.42,144.44,144.4,144.44,2557
SHOP,2026-09-03,13:47,144.445,144.445,144.38,144.385,5477
SHOP,2026-09-03,13:48,144.36,144.4,144.36,144.36,2004
SHOP,2026-09-03,13:49,144.385,144.44,144.385,144.41,3389
SHOP,2026-09-03,13:50,144.45,144.52,144.45,144.52,4165
SHOP,2026-09-03,13:51,144.52,144.6,144.52,144.55,6642
SHOP,2026-09-03,13:52,144.58,144.585,144.54,144.585,6248
SHOP,2026-09-03,13:53,144.58,144.6,144.551,144.57,4967
SHOP,2026-09-03,13:54,144.58,144.63,144.58,144.63,3957
SHOP,2026-09-03,13:55,144.665,144.68,144.44,144.44,12827
SHOP,2026-09-03,13:56,144.465,144.59,144.46,144.565,9966
SHOP,2026-09-03,13:57,144.565,144.62,144.56,144.615,6176
SHOP,2026-09-03,13:58,144.615,144.615,144.56,144.615,2751
SHOP,2026-09-03,13:59,144.58,144.65,144.55,144.64,5947
SHOP,2026-09-03,14:00,144.7,144.77,144.7,144.77,6562
SHOP,2026-09-03,14:01,144.77,144.77,144.495,144.5,12360
SHOP,2026-09-03,14:02,144.54,144.55,144.4401,144.45,4599
SHOP,2026-09-03,14:03,144.47,144.52,144.47,144.51,5405
SHOP,2026-09-03,14:04,144.51,144.51,144.51,144.51,0
SHOP,2026-09-03,14:05,144.58,144.58,144.5522,144.5522,10071
SHOP,2026-09-03,14:06,144.57,144.61,144.57,144.61,6051
SHOP,2026-09-03,14:07,144.6,144.71,144.56,144.68,5652
SHOP,2026-09-03,14:08,144.68,144.68,144.68,144.68,0
SHOP,2026-09-03,14:09,144.68,144.68,144.68,144.68,0
SHOP,2026-09-03,14:10,144.73,144.755,144.71,144.755,14299
SHOP,2026-09-03,14:11,144.73,144.775,144.73,144.775,7873
SHOP,2026-09-03,14:12,144.88,144.88,144.8,144.83,4315
SHOP,2026-09-03,14:13,144.8301,144.84,144.8,144.84,4713
SHOP,2026-09-03,14:14,144.86,144.89,144.82,144.88,5738
SHOP,2026-09-03,14:15,144.89,144.912,144.69,144.71,26731
SHOP,2026-09-03,14:16,144.735,144.7681,144.735,144.735,3629
SHOP,2026-09-03,14:17,144.735,144.79,144.7,144.79,5439
SHOP,2026-09-03,14:18,144.795,144.83,144.7398,144.825,4441
SHOP,2026-09-03,14:19,144.83,144.88,144.75,144.865,24047
SHOP,2026-09-03,14:20,144.855,144.86,144.8,144.8,5054
SHOP,2026-09-03,14:21,144.81,144.81,144.72,144.72,10357
SHOP,2026-09-03,14:22,144.66,144.68,144.66,144.68,1850
SHOP,2026-09-03,14:23,144.65,144.68,144.6,144.66,9470
SHOP,2026-09-03,14:24,144.66,144.66,144.66,144.66,3305
SHOP,2026-09-03,14:25,144.66,144.665,144.56,144.59,9261
SHOP,2026-09-03,14:26,144.575,144.63,144.575,144.61,3811
SHOP,2026-09-03,14:27,144.61,144.67,144.61,144.67,2939
SHOP,2026-09-03,14:28,144.685,144.81,144.685,144.795,13920
SHOP,2026-09-03,14:29,144.7963,144.81,144.71,144.73,34175
SHOP,2026-09-03,14:30,144.75,144.9,144.65,144.9,35997
SHOP,2026-09-03,14:31,144.91,144.96,144.85,144.915,66058
SHOP,2026-09-03,14:32,144.96,145.07,144.8,144.92,40657
SHOP,2026-09-03,14:33,144.935,145.32,144.935,145.3,39909
SHOP,2026-09-03,14:34,145.27,145.41,145.27,145.37,9493
SHOP,2026-09-03,14:35,145.44,145.59,145.38,145.55,29559
SHOP,2026-09-03,14:36,145.58,145.6593,145.4,145.54,76914
SHOP,2026-09-03,14:37,145.5,145.52,145.45,145.4935,12529
SHOP,2026-09-03,14:38,145.52,145.57,145.52,145.57,7319
SHOP,2026-09-03,14:39,145.48,145.69,145.45,145.64,12465
SHOP,2026-09-03,14:40,145.6,145.615,145.52,145.54,8803
SHOP,2026-09-03,14:41,145.545,145.61,145.545,145.61,6038
SHOP,2026-09-03,14:42,145.585,145.585,145.3049,145.3049,10701
SHOP,2026-09-03,14:43,145.36,145.465,145.3235,145.465,7866
SHOP,2026-09-03,14:44,145.46,145.46,145.4,145.41,3277
SHOP,2026-09-03,14:45,145.425,145.54,145.38,145.54,8578
SHOP,2026-09-03,14:46,145.53,145.56,145.48,145.55,5780
SHOP,2026-09-03,14:47,145.563,145.59,145.55,145.555,6412
SHOP,2026-09-03,14:48,145.575,145.575,145.51,145.545,5522
SHOP,2026-09-03,14:49,145.535,145.535,145.4875,145.52,4204
SHOP,2026-09-03,14:50,145.48,145.505,145.43,145.43,8718
SHOP,2026-09-03,14:51,145.46,145.55,145.45,145.545,3457
SHOP,2026-09-03,14:52,145.55,145.565,145.51,145.51,5463
SHOP,2026-09-03,14:53,145.52,145.625,145.52,145.625,5841
SHOP,2026-09-03,14:54,145.625,145.76,145.59,145.76,8107
SHOP,2026-09-03,14:55,145.8199,145.8199,145.69,145.69,7726
SHOP,2026-09-03,14:56,145.7,145.805,145.7,145.73,11464
SHOP,2026-09-03,14:57,145.75,145.86,145.75,145.86,8171
SHOP,2026-09-03,14:58,145.83,145.89,145.82,145.89,9068
SHOP,2026-09-03,14:59,145.93,145.93,145.85,145.855,4607
SHOP,2026-09-03,15:00,145.855,146.04,145.76,146.03,17285
SHOP,2026-09-03,15:01,146.03,146.08,145.96,145.98,13799
SHOP,2026-09-03,15:02,146.01,146.08,145.98,146.055,6867
SHOP,2026-09-03,15:03,146.07,146.14,146.05,146.14,18479
SHOP,2026-09-03,15:04,146.14,146.2378,146.14,146.23,5694
SHOP,2026-09-03,15:05,146.2481,146.32,146.17,146.32,13488
SHOP,2026-09-03,15:06,146.3476,146.3476,146.24,146.32,12792
SHOP,2026-09-03,15:07,146.35,146.36,146.28,146.28,18704
SHOP,2026-09-03,15:08,146.31,146.37,146.1961,146.1961,10695
SHOP,2026-09-03,15:09,146.215,146.27,146.18,146.27,10912
SHOP,2026-09-03,15:10,146.29,146.29,146.22,146.22,3939
SHOP,2026-09-03,15:11,146.18,146.18,146.1309,146.16,8256
SHOP,2026-09-03,15:12,146.155,146.19,146.0222,146.0332,14601
SHOP,2026-09-03,15:13,146.02,146.07,146.02,146.07,4202
SHOP,2026-09-03,15:14,146.07,146.07,145.97,145.99,12193
SHOP,2026-09-03,15:15,145.92,145.92,145.86,145.86,4009
SHOP,2026-09-03,15:16,145.9,146.03,145.9,146.03,9188
SHOP,2026-09-03,15:17,146.065,146.07,145.9416,145.96,5914
SHOP,2026-09-03,15:18,145.93,146.01,145.92,146.01,8283
SHOP,2026-09-03,15:19,146.01,146.02,145.98,146.005,6311
SHOP,2026-09-03,15:20,145.99,146.02,145.95,145.95,9210
SHOP,2026-09-03,15:21,145.98,146.075,145.98,146.075,6967
SHOP,2026-09-03,15:22,146.08,146.08,145.83,145.85,12763
SHOP,2026-09-03,15:23,145.81,145.815,145.745,145.77,10420
SHOP,2026-09-03,15:24,145.795,145.82,145.75,145.79,8198
SHOP,2026-09-03,15:25,145.78,145.78,145.73,145.73,9329
SHOP,2026-09-03,15:26,145.71,145.71,145.575,145.58,15158
SHOP,2026-09-03,15:27,145.57,145.68,145.51,145.67,9309
SHOP,2026-09-03,15:28,145.655,145.655,145.56,145.635,5725
SHOP,2026-09-03,15:29,145.57,145.57,145.47,145.48,9940
SHOP,2026-09-03,15:30,145.46,145.4795,145.28,145.35,9720
SHOP,2026-09-03,15:31,145.35,145.45,145.3,145.39,63235
SHOP,2026-09-03,15:32,145.39,145.66,145.39,145.53,21423
SHOP,2026-09-03,15:33,145.53,145.63,145.45,145.615,10566
SHOP,2026-09-03,15:34,145.565,145.64,145.53,145.64,7474
SHOP,2026-09-03,15:35,145.58,145.58,145.48,145.53,10178
SHOP,2026-09-03,15:36,145.5,145.85,145.5,145.8,20215
SHOP,2026-09-03,15:37,145.82,146.015,145.82,146.015,17190
SHOP,2026-09-03,15:38,146.03,146.07,145.99,146.07,9186
SHOP,2026-09-03,15:39,146.09,146.09,145.955,145.965,17040
SHOP,2026-09-03,15:40,145.965,145.965,145.76,145.815,16224
SHOP,2026-09-03,15:41,145.725,145.81,145.725,145.81,30716
SHOP,2026-09-03,15:42,145.81,145.925,145.765,145.925,14929
SHOP,2026-09-03,15:43,145.92,145.92,145.77,145.785,18238
SHOP,2026-09-03,15:44,145.76,145.87,145.75,145.84,13767
SHOP,2026-09-03,15:45,145.84,145.89,145.73,145.89,35835
SHOP,2026-09-03,15:46,145.9,146.0201,145.9,146.01,19497
SHOP,2026-09-03,15:47,146.01,146.065,145.96,145.99,31854
SHOP,2026-09-03,15:48,146.02,146.04,145.86,145.87,17439
SHOP,2026-09-03,15:49,145.8745,145.925,145.85,145.89,15174
SHOP,2026-09-03,15:50,145.87,145.96,145.85,145.895,28686
SHOP,2026-09-03,15:51,145.91,145.97,145.83,145.905,34789
SHOP,2026-09-03,15:52,145.905,145.93,145.85,145.85,33908
SHOP,2026-09-03,15:53,145.85,145.85,145.535,145.7,57819
SHOP,2026-09-03,15:54,145.695,145.75,145.345,145.39,80461
SHOP,2026-09-03,15:55,145.17,145.52,145.1,145.52,56710
SHOP,2026-09-03,15:56,145.56,145.6,145.46,145.56,76302
SHOP,2026-09-03,15:57,145.54,145.825,145.53,145.815,125465
SHOP,2026-09-03,15:58,145.82,145.935,145.79,145.905,96212
SHOP,2026-09-03,15:59,145.9136,145.93,145.85,145.89,161131
SHOP,2026-09-04,09:30,144.555,146.58,144.555,146.125,120062
SHOP,2026-09-04,09:31,146.2,146.8,145.69,145.725,13347
SHOP,2026-09-04,09:32,145.93,146.02,144.68,144.68,55741
SHOP,2026-09-04,09:33,145.27,146,145.27,145.605,8942
SHOP,2026-09-04,09:34,145.605,145.78,145.21,145.48,48116
SHOP,2026-09-04,09:35,145.39,146.045,145.2724,146.045,23554
SHOP,2026-09-04,09:36,146.29,146.89,146.29,146.89,10712
SHOP,2026-09-04,09:37,146.9,147.075,146.48,147.075,17777
SHOP,2026-09-04,09:38,146.85,146.87,146.05,146.085,28097
SHOP,2026-09-04,09:39,146.26,147.03,146.1,147.03,20323
SHOP,2026-09-04,09:40,146.9231,147.04,146.46,146.58,38093
SHOP,2026-09-04,09:41,146.64,147.42,146.525,147.13,19572
SHOP,2026-09-04,09:42,147.1025,147.29,146.72,147.245,25136
SHOP,2026-09-04,09:43,147.26,147.56,147.1,147.55,18386
SHOP,2026-09-04,09:44,147.545,147.6,147.18,147.2901,20852
SHOP,2026-09-04,09:45,147.41,147.54,147.11,147.17,40359
SHOP,2026-09-04,09:46,147.09,147.285,146.355,146.715,32277
SHOP,2026-09-04,09:47,146.69,146.69,145.945,145.99,19893
SHOP,2026-09-04,09:48,146.035,146.16,145.75,146.16,17128
SHOP,2026-09-04,09:49,146.13,146.2,145.83,146.14,20626
SHOP,2026-09-04,09:50,146.1,146.16,145.67,145.99,50644
SHOP,2026-09-04,09:51,145.97,145.97,145.47,145.555,26439
SHOP,2026-09-04,09:52,145.6,145.75,145.385,145.5425,27987
SHOP,2026-09-04,09:53,145.495,145.78,145.26,145.36,71929
SHOP,2026-09-04,09:54,145.45,145.56,145.28,145.34,37287
SHOP,2026-09-04,09:55,145.4,145.9,145.375,145.84,17909
SHOP,2026-09-04,09:56,145.795,146.04,145.54,146.04,25928
SHOP,2026-09-04,09:57,145.97,146.155,145.85,145.85,14600
SHOP,2026-09-04,09:58,145.91,146.06,145.66,145.74,12611
SHOP,2026-09-04,09:59,145.725,145.8,145.465,145.8,22880
SHOP,2026-09-04,10:00,145.795,145.975,145.53,145.88,24628
SHOP,2026-09-04,10:01,145.845,146.15,145.765,145.985,28328
SHOP,2026-09-04,10:02,146.06,146.5,146.06,146.47,24645
SHOP,2026-09-04,10:03,146.47,146.93,146.36,146.93,27813
SHOP,2026-09-04,10:04,146.93,147.26,146.91,147.26,28307
SHOP,2026-09-04,10:05,147.21,147.76,147.21,147.76,26071
SHOP,2026-09-04,10:06,147.76,147.76,147.385,147.56,30685
SHOP,2026-09-04,10:07,147.5201,147.78,147.5201,147.595,17155
SHOP,2026-09-04,10:08,147.57,147.7,147.21,147.335,27209
SHOP,2026-09-04,10:09,147.365,147.48,147.19,147.34,26911
SHOP,2026-09-04,10:10,147.34,147.4,146.9,146.935,20700
SHOP,2026-09-04,10:11,146.935,147.095,146.78,146.993,22463
SHOP,2026-09-04,10:12,146.98,146.995,146.79,146.995,28894
SHOP,2026-09-04,10:13,146.995,146.995,146.78,146.925,15363
SHOP,2026-09-04,10:14,146.925,147,146.71,146.8,26773
SHOP,2026-09-04,10:15,146.74,147.1045,146.74,147.1,18926
SHOP,2026-09-04,10:16,147.01,147.05,146.88,146.9501,14818
SHOP,2026-09-04,10:17,146.95,147.53,146.9,147.53,21913
SHOP,2026-09-04,10:18,147.5,147.56,147.17,147.425,33071
SHOP,2026-09-04,10:19,147.425,147.54,147.26,147.39,48003
SHOP,2026-09-04,10:20,147.39,147.73,147.39,147.63,28705
SHOP,2026-09-04,10:21,147.625,147.625,147.18,147.55,46948
SHOP,2026-09-04,10:22,147.55,147.61,147.44,147.53,25992
SHOP,2026-09-04,10:23,147.525,147.53,147.36,147.53,12877
SHOP,2026-09-04,10:24,147.49,147.62,147.48,147.6,12938
SHOP,2026-09-04,10:25,147.67,147.71,147.64,147.69,9726
SHOP,2026-09-04,10:26,147.67,147.77,147.66,147.7699,23624
SHOP,2026-09-04,10:27,147.715,147.89,147.71,147.775,33818
SHOP,2026-09-04,10:28,147.85,147.95,147.82,147.905,16345
SHOP,2026-09-04,10:29,147.915,147.97,147.75,147.92,20874
SHOP,2026-09-04,10:30,147.88,148.11,147.85,148,30074
SHOP,2026-09-04,10:31,148.04,148.0896,147.64,147.73,26259
SHOP,2026-09-04,10:32,147.715,147.8099,147.61,147.63,21119
SHOP,2026-09-04,10:33,147.7,147.88,147.7,147.855,5877
SHOP,2026-09-04,10:34,147.855,147.855,147.52,147.745,14937
SHOP,2026-09-04,10:35,147.745,147.99,147.745,147.98,12751
SHOP,2026-09-04,10:36,147.995,148.29,147.955,148.2001,13652
SHOP,2026-09-04,10:37,148.225,148.235,148.13,148.13,17714
SHOP,2026-09-04,10:38,148.36,148.56,148.35,148.52,12729
SHOP,2026-09-04,10:39,148.48,148.57,148.4,148.57,10682
SHOP,2026-09-04,10:40,148.57,148.73,148.57,148.67,9940
SHOP,2026-09-04,10:41,148.7,148.925,148.565,148.82,31769
SHOP,2026-09-04,10:42,148.875,149,148.71,148.85,18211
SHOP,2026-09-04,10:43,148.94,149.01,148.88,148.965,21294
SHOP,2026-09-04,10:44,148.965,149.07,148.965,149.07,8767
SHOP,2026-09-04,10:45,149.07,149.4,149.07,149.38,21697
SHOP,2026-09-04,10:46,149.34,149.36,149.1,149.14,29390
SHOP,2026-09-04,10:47,149.14,149.2301,148.95,149.06,20047
SHOP,2026-09-04,10:48,149.055,149.1,148.98,149,8949
SHOP,2026-09-04,10:49,149.06,149.11,148.835,148.97,23343
SHOP,2026-09-04,10:50,149.0725,149.255,149.031,149.22,30147
SHOP,2026-09-04,10:51,149.25,149.43,148.73,148.81,28078
SHOP,2026-09-04,10:52,148.8425,148.86,148.3155,148.495,30706
SHOP,2026-09-04,10:53,148.59,148.78,148.59,148.72,7011
SHOP,2026-09-04,10:54,148.75,148.78,148.6,148.77,10067
SHOP,2026-09-04,10:55,148.77,148.77,148.64,148.64,7375
SHOP,2026-09-04,10:56,148.6,148.78,148.4356,148.4356,16593
SHOP,2026-09-04,10:57,148.4,148.615,148.4,148.45,7030
SHOP,2026-09-04,10:58,148.43,148.565,148.35,148.54,9967
SHOP,2026-09-04,10:59,148.54,148.6,148.44,148.56,10040
SHOP,2026-09-04,11:00,148.605,148.81,148.605,148.74,8945
SHOP,2026-09-04,11:01,148.715,148.84,148.65,148.675,16833
SHOP,2026-09-04,11:02,148.675,148.735,148.445,148.5,17575
SHOP,2026-09-04,11:03,148.515,148.55,148.31,148.34,17215
SHOP,2026-09-04,11:04,148.26,148.39,148.26,148.2601,14464
SHOP,2026-09-04,11:05,148.32,148.32,148.08,148.15,21809
SHOP,2026-09-04,11:06,148.15,148.15,148.01,148.01,7966
SHOP,2026-09-04,11:07,147.98,148.2,147.98,148.09,9364
SHOP,2026-09-04,11:08,148.12,148.44,148.06,148.35,18325
SHOP,2026-09-04,11:09,148.3425,148.3425,148.16,148.3,12608
SHOP,2026-09-04,11:10,148.41,148.41,148.17,148.17,3467
SHOP,2026-09-04,11:11,148.17,148.23,148.02,148.11,15923
SHOP,2026-09-04,11:12,148.07,148.165,148.07,148.09,4943
SHOP,2026-09-04,11:13,148.11,148.225,148.085,148.225,5376
SHOP,2026-09-04,11:14,148.225,148.225,148.0304,148.14,12536
SHOP,2026-09-04,11:15,148.02,148.16,148.02,148.13,19541
SHOP,2026-09-04,11:16,148.1101,148.36,148.1101,148.315,14205
SHOP,2026-09-04,11:17,148.315,148.315,148.1,148.135,15297
SHOP,2026-09-04,11:18,148.11,148.11,147.93,147.96,19435
SHOP,2026-09-04,11:19,148.01,148.1,148,148.055,27456
SHOP,2026-09-04,11:20,148.0644,148.25,148.06,148.25,4867
SHOP,2026-09-04,11:21,148.285,148.33,148.05,148.05,17841
SHOP,2026-09-04,11:22,148.05,148.15,148,148.15,14341
SHOP,2026-09-04,11:23,148.155,148.2058,148.05,148.2058,10070
SHOP,2026-09-04,11:24,148.12,148.14,148.02,148.11,4673
SHOP,2026-09-04,11:25,148.03,148.22,148.03,148.16,4136
SHOP,2026-09-04,11:26,148.21,148.21,148.12,148.17,9023
SHOP,2026-09-04,11:27,148.1,148.2,148.065,148.185,10026
SHOP,2026-09-04,11:28,148.26,148.26,148.12,148.18,3757
SHOP,2026-09-04,11:29,148.17,148.23,147.96,147.99,24631
SHOP,2026-09-04,11:30,147.93,147.93,147.61,147.61,6404
SHOP,2026-09-04,11:31,147.65,147.65,147.465,147.465,12898
SHOP,2026-09-04,11:32,147.48,147.485,147.33,147.33,6153
SHOP,2026-09-04,11:33,147.325,147.33,147.23,147.27,13309
SHOP,2026-09-04,11:34,147.2825,147.5198,147.2825,147.5198,11642
SHOP,2026-09-04,11:35,147.475,147.595,147.475,147.595,7133
SHOP,2026-09-04,11:36,147.59,147.66,147.48,147.48,7587
SHOP,2026-09-04,11:37,147.46,147.47,147.38,147.39,10924
SHOP,2026-09-04,11:38,147.425,147.43,147.19,147.25,10200
SHOP,2026-09-04,11:39,147.245,147.29,147.16,147.16,10447
SHOP,2026-09-04,11:40,147.15,147.25,147.0729,147.25,5590
SHOP,2026-09-04,11:41,147.255,147.37,147.255,147.36,7040
SHOP,2026-09-04,11:42,147.35,147.41,147.3425,147.41,6690
SHOP,2026-09-04,11:43,147.365,147.54,147.365,147.48,5101
SHOP,2026-09-04,11:44,147.41,147.56,147.37,147.5502,10956
SHOP,2026-09-04,11:45,147.485,147.62,147.485,147.62,3181
SHOP,2026-09-04,11:46,147.57,147.62,147.5,147.555,13626
SHOP,2026-09-04,11:47,147.545,147.545,147.28,147.355,16021
SHOP,2026-09-04,11:48,147.35,147.4,147.31,147.4,4670
SHOP,2026-09-04,11:49,147.38,147.43,147.38,147.43,4076
SHOP,2026-09-04,11:50,147.48,147.53,147.36,147.415,19683
SHOP,2026-09-04,11:51,147.415,147.42,147,147.28,21679
SHOP,2026-09-04,11:52,147.315,147.38,147.21,147.235,2751
SHOP,2026-09-04,11:53,147.235,147.26,147.155,147.26,6654
SHOP,2026-09-04,11:54,147.205,147.205,147.09,147.115,19592
SHOP,2026-09-04,11:55,147.13,147.35,147.13,147.35,10376
SHOP,2026-09-04,11:56,147.32,147.35,147.12,147.145,9240
SHOP,2026-09-04,11:57,147.1813,147.22,147.1,147.22,6583
SHOP,2026-09-04,11:58,147.14,147.14,147.075,147.11,6603
SHOP,2026-09-04,11:59,147.11,147.16,147.05,147.1566,10034
SHOP,2026-09-04,12:00,147.16,147.17,146.98,146.98,16055
SHOP,2026-09-04,12:01,146.95,146.955,146.87,146.89,12047
SHOP,2026-09-04,12:02,146.89,147.02,146.86,146.96,12623
SHOP,2026-09-04,12:03,147.01,147.17,146.94,146.99,20652
SHOP,2026-09-04,12:04,146.975,147.13,146.975,147.13,8002
SHOP,2026-09-04,12:05,147.11,147.56,147.01,147.53,131813
SHOP,2026-09-04,12:06,147.515,147.55,147.4,147.485,21649
SHOP,2026-09-04,12:07,147.47,147.63,147.47,147.53,15236
SHOP,2026-09-04,12:08,147.59,147.68,147.59,147.6,6492
SHOP,2026-09-04,12:09,147.595,147.595,147.49,147.505,20988
SHOP,2026-09-04,12:10,147.495,147.59,147.495,147.57,10375
SHOP,2026-09-04,12:11,147.62,147.65,147.59,147.605,8057
SHOP,2026-09-04,12:12,147.605,147.605,147.48,147.595,23133
SHOP,2026-09-04,12:13,147.53,147.56,147.5,147.56,5010
SHOP,2026-09-04,12:14,147.56,147.71,147.55,147.63,9836
SHOP,2026-09-04,12:15,147.62,147.64,147.6,147.6,4582
SHOP,2026-09-04,12:16,147.59,147.59,147.365,147.365,9962
SHOP,2026-09-04,12:17,147.38,147.51,147.36,147.51,12022
SHOP,2026-09-04,12:18,147.48,147.54,147.48,147.485,1638
SHOP,2026-09-04,12:19,147.485,147.75,147.41,147.75,21761
SHOP,2026-09-04,12:20,147.74,147.85,147.74,147.82,6265
SHOP,2026-09-04,12:21,147.82,147.89,147.68,147.68,12070
SHOP,2026-09-04,12:22,147.7,147.715,147.555,147.615,7544
SHOP,2026-09-04,12:23,147.6,147.67,147.6,147.67,6541
SHOP,2026-09-04,12:24,147.65,147.65,147.45,147.46,14522
SHOP,2026-09-04,12:25,147.43,147.52,147.41,147.44,13166
SHOP,2026-09-04,12:26,147.48,147.52,147.36,147.49,16024
SHOP,2026-09-04,12:27,147.42,147.42,147.38,147.42,5555
SHOP,2026-09-04,12:28,147.37,147.43,147.3,147.37,10871
SHOP,2026-09-04,12:29,147.34,147.37,147.2,147.2,7168
SHOP,2026-09-04,12:30,147.21,147.3,147.15,147.245,16780
SHOP,2026-09-04,12:31,147.27,147.27,147.14,147.2,6177
SHOP,2026-09-04,12:32,147.255,147.34,147.25,147.34,4762
SHOP,2026-09-04,12:33,147.36,147.42,147.35,147.365,3953
SHOP,2026-09-04,12:34,147.365,147.41,147.35,147.41,4394
SHOP,2026-09-04,12:35,147.34,147.42,147.34,147.38,5408
SHOP,2026-09-04,12:36,147.41,147.42,147.35,147.38,4325
SHOP,2026-09-04,12:37,147.34,147.39,147.31,147.39,9456
SHOP,2026-09-04,12:38,147.32,147.42,147.32,147.39,5816
SHOP,2026-09-04,12:39,147.4,147.4,147.34,147.36,7467
SHOP,2026-09-04,12:40,147.3658,147.42,147.25,147.285,11182
SHOP,2026-09-04,12:41,147.28,147.42,147.275,147.42,5163
SHOP,2026-09-04,12:42,147.395,147.47,147.315,147.37,7064
SHOP,2026-09-04,12:43,147.43,147.43,147.36,147.365,1844
SHOP,2026-09-04,12:44,147.43,147.45,147.31,147.405,4258
SHOP,2026-09-04,12:45,147.405,147.405,147.31,147.325,9246
SHOP,2026-09-04,12:46,147.3,147.34,147.26,147.31,8817
SHOP,2026-09-04,12:47,147.31,147.42,147.31,147.37,8847
SHOP,2026-09-04,12:48,147.37,147.4941,147.37,147.41,6665
SHOP,2026-09-04,12:49,147.435,147.435,147.33,147.37,7722
SHOP,2026-09-04,12:50,147.325,147.34,147.3,147.31,8801
SHOP,2026-09-04,12:51,147.31,147.35,147.17,147.23,10206
SHOP,2026-09-04,12:52,147.24,147.26,147.16,147.21,4493
SHOP,2026-09-04,12:53,147.21,147.21,147.16,147.16,3849
SHOP,2026-09-04,12:54,147.16,147.22,147.16,147.185,5919
SHOP,2026-09-04,12:55,147.14,147.14,147.09,147.105,6380
SHOP,2026-09-04,12:56,147.13,147.21,147.105,147.2,16481
SHOP,2026-09-04,12:57,147.09,147.18,147.09,147.135,2457
SHOP,2026-09-04,12:58,147.135,147.14,147.09,147.12,4982
SHOP,2026-09-04,12:59,147.09,147.11,147,147,15031
SHOP,2026-09-04,13:00,147.02,147.1,147.02,147.03,4635
SHOP,2026-09-04,13:01,147,147.06,146.91,146.91,16177
SHOP,2026-09-04,13:02,146.89,146.91,146.84,146.86,9594
SHOP,2026-09-04,13:03,146.84,146.9099,146.76,146.79,11536
SHOP,2026-09-04,13:04,146.74,146.83,146.7168,146.83,5937
SHOP,2026-09-04,13:05,146.76,146.76,146.37,146.46,12329
SHOP,2026-09-04,13:06,146.46,146.47,146.405,146.43,3901
SHOP,2026-09-04,13:07,146.415,146.48,146.415,146.435,2672
SHOP,2026-09-04,13:08,146.435,146.51,146.4011,146.41,3193
SHOP,2026-09-04,13:09,146.41,146.52,146.41,146.44,6954
SHOP,2026-09-04,13:10,146.43,146.43,146.25,146.32,22966
SHOP,2026-09-04,13:11,146.32,146.46,146.28,146.355,17828
SHOP,2026-09-04,13:12,146.3,146.3,146.19,146.19,8623
SHOP,2026-09-04,13:13,146.22,146.25,146.185,146.21,6596
SHOP,2026-09-04,13:14,146.27,146.4,146.16,146.4,13556
SHOP,2026-09-04,13:15,146.31,146.4,146.24,146.3,8125
SHOP,2026-09-04,13:16,146.29,146.38,146.18,146.3685,12516
SHOP,2026-09-04,13:17,146.33,146.53,146.325,146.53,7989
SHOP,2026-09-04,13:18,146.5,146.5,146.4,146.41,4680
SHOP,2026-09-04,13:19,146.37,146.37,146.21,146.215,8634
SHOP,2026-09-04,13:20,146.28,146.31,146.21,146.21,5494
SHOP,2026-09-04,13:21,146.21,146.31,146.21,146.26,7785
SHOP,2026-09-04,13:22,146.25,146.32,146.25,146.28,5395
SHOP,2026-09-04,13:23,146.23,146.26,146.19,146.215,13792
SHOP,2026-09-04,13:24,146.18,146.18,146.02,146.09,13027
SHOP,2026-09-04,13:25,146.12,146.12,146.095,146.095,1671
SHOP,2026-09-04,13:26,146.095,146.18,146.095,146.165,7560
SHOP,2026-09-04,13:27,146.21,146.24,146.1,146.235,10976
SHOP,2026-09-04,13:28,146.23,146.23,146.16,146.185,5373
SHOP,2026-09-04,13:29,146.16,146.22,146.14,146.14,6495
SHOP,2026-09-04,13:30,146.15,146.25,146.07,146.11,12987
SHOP,2026-09-04,13:31,146.17,146.25,146.135,146.25,4764
SHOP,2026-09-04,13:32,146.19,146.24,146.13,146.18,3884
SHOP,2026-09-04,13:33,146.2,146.2,146.1001,146.15,4172
SHOP,2026-09-04,13:34,146.08,146.12,146.03,146.12,8913
SHOP,2026-09-04,13:35,146.115,146.115,146.0575,146.0575,1672
SHOP,2026-09-04,13:36,146.02,146.03,145.95,146.005,15149
SHOP,2026-09-04,13:37,145.995,146.03,145.98,146.01,4033
SHOP,2026-09-04,13:38,146.06,146.14,146.05,146.05,8099
SHOP,2026-09-04,13:39,146.1037,146.14,146.02,146.045,5182
SHOP,2026-09-04,13:40,146.04,146.08,146.04,146.08,1566
SHOP,2026-09-04,13:41,146.1,146.21,146.05,146.1,6077
SHOP,2026-09-04,13:42,146.13,146.14,146.05,146.1017,4585
SHOP,2026-09-04,13:43,146.04,146.05,146,146.05,6740
SHOP,2026-09-04,13:44,146.08,146.08,146.08,146.08,1979
SHOP,2026-09-04,13:45,146,146.015,145.94,146.015,10373
SHOP,2026-09-04,13:46,146.05,146.05,146.045,146.045,3692
SHOP,2026-09-04,13:47,145.97,146.13,145.97,146.13,1212
SHOP,2026-09-04,13:48,146.08,146.1,145.97,145.97,3251
SHOP,2026-09-04,13:49,145.96,145.96,145.9,145.92,7109
SHOP,2026-09-04,13:50,145.94,145.98,145.8801,145.91,4336
SHOP,2026-09-04,13:51,145.99,145.99,145.9,145.955,5463
SHOP,2026-09-04,13:52,146,146.02,145.965,146.02,3890
SHOP,2026-09-04,13:53,145.955,145.955,145.91,145.95,3333
SHOP,2026-09-04,13:54,145.95,145.98,145.9,145.98,5036
SHOP,2026-09-04,13:55,145.98,145.98,145.9,145.97,2851
SHOP,2026-09-04,13:56,145.98,146.01,145.8984,145.8984,8435
SHOP,2026-09-04,13:57,145.92,145.94,145.8801,145.94,4347
SHOP,2026-09-04,13:58,145.96,145.97,145.9143,145.97,2676
SHOP,2026-09-04,13:59,145.935,145.95,145.915,145.95,4651
SHOP,2026-09-04,14:00,145.98,146.06,145.98,146.055,2965
SHOP,2026-09-04,14:01,146.055,146.11,146.03,146.03,13847
SHOP,2026-09-04,14:02,146.02,146.04,145.99,146.04,10662
SHOP,2026-09-04,14:03,146.01,146.07,146.01,146.05,4999
SHOP,2026-09-04,14:04,146.08,146.1,146.01,146.04,7552
SHOP,2026-09-04,14:05,146.07,146.08,146,146.08,7834
SHOP,2026-09-04,14:06,146.04,146.07,146.035,146.07,1999
SHOP,2026-09-04,14:07,146.07,146.09,146,146.09,20158
SHOP,2026-09-04,14:08,146.1,146.11,146.06,146.08,4915
SHOP,2026-09-04,14:09,146.1,146.12,146.03,146.1,7065
SHOP,2026-09-04,14:10,146.093,146.14,146.09,146.14,2818
SHOP,2026-09-04,14:11,146.105,146.13,146.0555,146.1,15812
SHOP,2026-09-04,14:12,146.105,146.105,146.105,146.105,279
SHOP,2026-09-04,14:13,146.07,146.1,146,146.1,14261
SHOP,2026-09-04,14:14,146.1,146.1,146.07,146.08,1263
SHOP,2026-09-04,14:15,146.12,146.15,146.04,146.07,9860
SHOP,2026-09-04,14:16,146.09,146.09,146.09,146.09,2933
SHOP,2026-09-04,14:17,146.05,146.05,145.98,146.02,8000
SHOP,2026-09-04,14:18,146.06,146.14,146.05,146.14,2651
SHOP,2026-09-04,14:19,146.145,146.1512,146.08,146.11,4194
SHOP,2026-09-04,14:20,146.11,146.155,146.04,146.155,5259
SHOP,2026-09-04,14:21,146.155,146.21,146.155,146.21,3201
SHOP,2026-09-04,14:22,146.21,146.21,146.07,146.11,16433
SHOP,2026-09-04,14:23,146.09,146.09,146.04,146.06,6656
SHOP,2026-09-04,14:24,146.055,146.08,145.95,145.96,7411
SHOP,2026-09-04,14:25,145.99,146.04,145.99,146.04,8372
SHOP,2026-09-04,14:26,146.04,146.11,145.99,145.99,6178
SHOP,2026-09-04,14:27,146.05,146.11,146.05,146.11,3570
SHOP,2026-09-04,14:28,146.07,146.1135,145.99,145.99,5641
SHOP,2026-09-04,14:29,145.99,146.04,145.96,146.04,3928
SHOP,2026-09-04,14:30,146.01,146.08,145.985,146,12118
SHOP,2026-09-04,14:31,145.96,145.96,145.75,145.81,9889
SHOP,2026-09-04,14:32,145.75,145.805,145.73,145.7948,7688
SHOP,2026-09-04,14:33,145.7817,145.81,145.66,145.66,8592
SHOP,2026-09-04,14:34,145.63,145.69,145.63,145.69,6832
SHOP,2026-09-04,14:35,145.67,145.6951,145.5001,145.61,18176
SHOP,2026-09-04,14:36,145.595,145.595,145.56,145.56,3188
SHOP,2026-09-04,14:37,145.52,145.59,145.5,145.58,6544
SHOP,2026-09-04,14:38,145.575,145.6,145.52,145.6,5048
SHOP,2026-09-04,14:39,145.57,145.64,145.53,145.64,15768
SHOP,2026-09-04,14:40,145.61,145.65,145.5801,145.6,5209
SHOP,2026-09-04,14:41,145.61,145.66,145.58,145.615,11364
SHOP,2026-09-04,14:42,145.66,145.66,145.59,145.615,8806
SHOP,2026-09-04,14:43,145.61,145.62,145.52,145.52,11973
SHOP,2026-09-04,14:44,145.52,145.54,145.5,145.52,5123
SHOP,2026-09-04,14:45,145.52,145.59,145.48,145.505,10937
SHOP,2026-09-04,14:46,145.5,145.5,145.435,145.45,6919
SHOP,2026-09-04,14:47,145.44,145.46,145.37,145.375,7624
SHOP,2026-09-04,14:48,145.33,145.37,145.22,145.23,13748
SHOP,2026-09-04,14:49,145.22,145.22,145.08,145.19,8539
SHOP,2026-09-04,14:50,145.18,145.2,145.16,145.18,9487
SHOP,2026-09-04,14:51,145.15,145.16,145.14,145.16,8474
SHOP,2026-09-04,14:52,145.15,145.21,145.15,145.21,6200
SHOP,2026-09-04,14:53,145.22,145.23,145.15,145.18,6837
SHOP,2026-09-04,14:54,145.19,145.26,145.14,145.26,8694
SHOP,2026-09-04,14:55,145.31,145.33,145.23,145.245,6572
SHOP,2026-09-04,14:56,145.27,145.28,145.24,145.24,5610
SHOP,2026-09-04,14:57,145.24,145.24,145.24,145.24,0
SHOP,2026-09-04,14:58,145.33,145.35,145.3,145.3,8829
SHOP,2026-09-04,14:59,145.32,145.35,145.3,145.35,6014
SHOP,2026-09-04,15:00,145.37,145.37,145.16,145.16,9042
SHOP,2026-09-04,15:01,145.19,145.25,145.1207,145.2211,8574
SHOP,2026-09-04,15:02,145.22,145.29,145.2,145.29,8179
SHOP,2026-09-04,15:03,145.27,145.27,145.24,145.265,8995
SHOP,2026-09-04,15:04,145.26,145.3,145.23,145.24,3395
SHOP,2026-09-04,15:05,145.26,145.41,145.25,145.41,11329
SHOP,2026-09-04,15:06,145.39,145.43,145.34,145.34,4377
SHOP,2026-09-04,15:07,145.365,145.38,145.365,145.38,4084
SHOP,2026-09-04,15:08,145.35,145.36,145.19,145.27,28208
SHOP,2026-09-04,15:09,145.3,145.345,145.29,145.345,8606
SHOP,2026-09-04,15:10,145.37,145.52,145.37,145.52,14110
SHOP,2026-09-04,15:11,145.45,145.47,145.4,145.425,11555
SHOP,2026-09-04,15:12,145.425,145.6,145.425,145.6,9272
SHOP,2026-09-04,15:13,145.615,145.6175,145.55,145.58,9696
SHOP,2026-09-04,15:14,145.57,145.73,145.55,145.73,8632
SHOP,2026-09-04,15:15,145.73,145.73,145.61,145.7,8964
SHOP,2026-09-04,15:16,145.66,145.66,145.6,145.6,5692
SHOP,2026-09-04,15:17,145.63,145.72,145.63,145.72,9567
SHOP,2026-09-04,15:18,145.75,145.755,145.75,145.755,3193
SHOP,2026-09-04,15:19,145.79,145.79,145.58,145.58,14202
SHOP,2026-09-04,15:20,145.54,145.58,145.51,145.535,7505
SHOP,2026-09-04,15:21,145.57,145.71,145.51,145.69,17808
SHOP,2026-09-04,15:22,145.71,145.81,145.71,145.8,6292
SHOP,2026-09-04,15:23,145.8,145.85,145.8,145.83,9546
SHOP,2026-09-04,15:24,145.8251,145.915,145.82,145.915,17188
SHOP,2026-09-04,15:25,145.94,146.02,145.92,145.995,17567
SHOP,2026-09-04,15:26,146,146.1,145.97,145.97,19804
SHOP,2026-09-04,15:27,146.02,146.05,146.01,146.05,4771
SHOP,2026-09-04,15:28,146.035,146.05,145.88,145.88,14770
SHOP,2026-09-04,15:29,145.885,145.885,145.75,145.75,14251
SHOP,2026-09-04,15:30,145.725,145.78,145.49,145.52,23784
SHOP,2026-09-04,15:31,145.5,145.6159,145.435,145.585,17537
SHOP,2026-09-04,15:32,145.59,145.73,145.58,145.61,13002
SHOP,2026-09-04,15:33,145.63,145.83,145.63,145.83,7594
SHOP,2026-09-04,15:34,145.84,145.93,145.75,145.75,11082
SHOP,2026-09-04,15:35,145.76,145.76,145.57,145.57,12253
SHOP,2026-09-04,15:36,145.53,145.66,145.53,145.66,7524
SHOP,2026-09-04,15:37,145.615,145.68,145.605,145.61,10365
SHOP,2026-09-04,15:38,145.62,145.63,145.57,145.615,10864
SHOP,2026-09-04,15:39,145.65,145.66,145.61,145.64,6625
SHOP,2026-09-04,15:40,145.65,145.73,145.59,145.73,10743
SHOP,2026-09-04,15:41,145.69,145.805,145.685,145.765,21258
SHOP,2026-09-04,15:42,145.79,145.79,145.68,145.71,12875
SHOP,2026-09-04,15:43,145.71,145.8,145.71,145.76,10824
SHOP,2026-09-04,15:44,145.77,145.78,145.55,145.565,21583
SHOP,2026-09-04,15:45,145.56,145.59,145.42,145.4782,17537
SHOP,2026-09-04,15:46,145.42,145.55,145.41,145.53,20377
SHOP,2026-09-04,15:47,145.51,145.58,145.5,145.57,10874
SHOP,2026-09-04,15:48,145.57,145.57,145.465,145.465,15791
SHOP,2026-09-04,15:49,145.47,145.55,145.42,145.49,20216
SHOP,2026-09-04,15:50,145.4,145.55,145.32,145.4,54647
SHOP,2026-09-04,15:51,145.37,145.72,145.32,145.69,69048
SHOP,2026-09-04,15:52,145.69,145.69,145.54,145.5539,37201
SHOP,2026-09-04,15:53,145.51,145.52,145.38,145.505,34282
SHOP,2026-09-04,15:54,145.505,145.54,145.35,145.4,46039
SHOP,2026-09-04,15:55,145.42,145.45,145.23,145.35,66449
SHOP,2026-09-04,15:56,145.34,145.34,144.98,145.045,69908
SHOP,2026-09-04,15:57,145.08,145.19,144.99,145.185,82565
SHOP,2026-09-04,15:58,145.195,145.195,145.1,145.16,71208
SHOP,2026-09-04,15:59,145.15,145.17,145.04,145.12,142766
SHOP,2026-09-04,16:00,145.09,145.09,145.09,145.09,0
