symbol,date,time,open,high,low,close,volume
SNOW,2026-08-31,09:30,326.5,332.2,326.4,330.265,152200
SNOW,2026-08-31,09:31,331.69,332.27,328.99,331.38,38783
SNOW,2026-08-31,09:32,332.65,332.65,326.85,327.055,14796
SNOW,2026-08-31,09:33,329.71,329.71,328.41,328.825,12147
SNOW,2026-08-31,09:34,329.65,331.0752,327.72,329.85,16411
SNOW,2026-08-31,09:35,330.01,331,328.925,330.275,7642
SNOW,2026-08-31,09:36,330.99,330.99,329.34,329.78,5505
SNOW,2026-08-31,09:37,330.27,330.27,328.69,329.27,7533
SNOW,2026-08-31,09:38,329.79,329.8199,327.01,327.305,4929
SNOW,2026-08-31,09:39,327.6,327.6,326.36,327.2325,3298
SNOW,2026-08-31,09:40,327.59,328.335,327.59,327.985,12083
SNOW,2026-08-31,09:41,328.5,328.5,326.56,326.65,5738
SNOW,2026-08-31,09:42,327.27,328.48,326.66,328.1275,5904
SNOW,2026-08-31,09:43,328.48,328.48,327.69,327.78,5077
SNOW,2026-08-31,09:44,328.45,329.12,327.77,327.99,11108
SNOW,2026-08-31,09:45,328.5,328.5,327.09,327.935,7572
SNOW,2026-08-31,09:46,328.4,328.4,326,326,9158
SNOW,2026-08-31,09:47,326,326.14,324,325.71,24194
SNOW,2026-08-31,09:48,325.71,325.71,323.72,324.475,19339
SNOW,2026-08-31,09:49,324.86,325.72,324.13,325.22,29481
SNOW,2026-08-31,09:50,325.225,325.74,323.18,324.11,12466
SNOW,2026-08-31,09:51,324.85,325.26,324.025,325.03,7791
SNOW,2026-08-31,09:52,325.91,325.91,323.36,324.19,11466
SNOW,2026-08-31,09:53,324.49,324.49,323.1,323.7,20080
SNOW,2026-08-31,09:54,324.04,326.02,323.705,325.69,9412
SNOW,2026-08-31,09:55,325.88,326.5094,325,325.64,12780
SNOW,2026-08-31,09:56,326.02,326.8299,325.9575,326.415,7316
SNOW,2026-08-31,09:57,326.36,326.5403,325.42,325.42,7373
SNOW,2026-08-31,09:58,325.63,325.83,324.79,325.07,4730
SNOW,2026-08-31,09:59,326.43,326.43,324.67,324.78,5162
SNOW,2026-08-31,10:00,324.5801,325.055,324.4325,324.58,5524
SNOW,2026-08-31,10:01,325.11,325.43,324.59,325.19,3064
SNOW,2026-08-31,10:02,325.36,325.36,324.625,324.625,9876
SNOW,2026-08-31,10:03,324.82,325.4,324.695,325.248,2981
SNOW,2026-08-31,10:04,325.46,325.56,325.11,325.51,5497
SNOW,2026-08-31,10:05,325.49,326.98,325.38,326.755,6598
SNOW,2026-08-31,10:06,326.77,326.77,325.5,325.5,12412
SNOW,2026-08-31,10:07,326.4,326.4,325.4,325.645,3910
SNOW,2026-08-31,10:08,326,326.75,325.32,326.75,10378
SNOW,2026-08-31,10:09,326.65,326.65,325.86,325.925,3426
SNOW,2026-08-31,10:10,326.51,326.51,325.64,325.64,3093
SNOW,2026-08-31,10:11,326.09,326.09,325.46,325.465,4098
SNOW,2026-08-31,10:12,325.49,325.49,324.2,324.435,6520
SNOW,2026-08-31,10:13,324.59,324.59,324,324.345,8064
SNOW,2026-08-31,10:14,324.75,324.75,323.7059,324,6542
SNOW,2026-08-31,10:15,324.34,324.34,323.3,323.5,16856
SNOW,2026-08-31,10:16,323.96,323.96,323.32,323.715,12427
SNOW,2026-08-31,10:17,323.99,324.17,323.6,324.02,7907
SNOW,2026-08-31,10:18,324.02,324.375,323.72,324.03,6343
SNOW,2026-08-31,10:19,324.36,324.36,323.83,324.35,2817
SNOW,2026-08-31,10:20,324.355,324.365,323.07,323.42,17791
SNOW,2026-08-31,10:21,323.67,324.18,323.67,324.06,4851
SNOW,2026-08-31,10:22,324.3,324.3,323.28,323.785,23129
SNOW,2026-08-31,10:23,324.26,324.26,323.41,323.815,3425
SNOW,2026-08-31,10:24,324.03,324.2299,323.43,323.45,3422
SNOW,2026-08-31,10:25,323.64,323.645,323.19,323.19,5162
SNOW,2026-08-31,10:26,323.39,323.82,323.04,323.57,6890
SNOW,2026-08-31,10:27,323.85,324.145,323.55,324.14,28404
SNOW,2026-08-31,10:28,324.34,324.8254,323.95,324.74,26607
SNOW,2026-08-31,10:29,324.96,324.96,324.295,324.295,26466
SNOW,2026-08-31,10:30,324.47,325.015,324.255,324.79,17353
SNOW,2026-08-31,10:31,325.31,325.31,324.515,324.515,4078
SNOW,2026-08-31,10:32,325.1,325.1,324.6201,324.97,1700
SNOW,2026-08-31,10:33,325.31,325.31,324.56,324.56,4650
SNOW,2026-08-31,10:34,324.365,324.42,324.0475,324.42,3345
SNOW,2026-08-31,10:35,324.84,324.84,324.42,324.62,13492
SNOW,2026-08-31,10:36,325.05,325.05,324.31,324.68,2364
SNOW,2026-08-31,10:37,325.05,325.07,324.3701,324.73,2431
SNOW,2026-08-31,10:38,325.07,325.1937,324.765,325.02,2880
SNOW,2026-08-31,10:39,325.03,325.12,324.34,324.585,7388
SNOW,2026-08-31,10:40,324.83,324.83,324.34,324.34,1831
SNOW,2026-08-31,10:41,324.5,324.65,324.5,324.65,2176
SNOW,2026-08-31,10:42,324.97,324.97,324.32,324.83,5018
SNOW,2026-08-31,10:43,324.82,324.82,324.3,324.555,4539
SNOW,2026-08-31,10:44,324.73,324.73,324.26,324.38,6325
SNOW,2026-08-31,10:45,324.53,324.65,324.5,324.505,33630
SNOW,2026-08-31,10:46,324.85,325,324.35,324.77,7954
SNOW,2026-08-31,10:47,325.19,325.19,324.376,324.376,2428
SNOW,2026-08-31,10:48,324.92,325.22,324.73,325.125,9090
SNOW,2026-08-31,10:49,325.51,325.51,324.14,324.33,5274
SNOW,2026-08-31,10:50,324.6,324.79,324.45,324.79,2405
SNOW,2026-08-31,10:51,324.91,325.135,324.78,324.905,4704
SNOW,2026-08-31,10:52,325.15,325.55,325.12,325.32,6671
SNOW,2026-08-31,10:53,325.55,325.55,324.89,325.03,2548
SNOW,2026-08-31,10:54,325.08,325.4199,324.81,325.13,5553
SNOW,2026-08-31,10:55,325.3915,325.55,325.135,325.135,12772
SNOW,2026-08-31,10:56,325.25,325.49,325.25,325.31,2391
SNOW,2026-08-31,10:57,325.14,325.49,325.1,325.2175,2789
SNOW,2026-08-31,10:58,325.225,325.225,324.55,324.55,8717
SNOW,2026-08-31,10:59,324.72,325.47,324.72,325.035,5464
SNOW,2026-08-31,11:00,324.95,325.25,324.81,324.97,5389
SNOW,2026-08-31,11:01,325.2,325.36,324.97,325.165,4735
SNOW,2026-08-31,11:02,325.36,325.36,324.5,324.5,3154
SNOW,2026-08-31,11:03,324.72,325.21,324.56,325.12,6763
SNOW,2026-08-31,11:04,325.21,325.24,324.555,324.57,4186
SNOW,2026-08-31,11:05,324.92,324.985,324.56,324.86,2625
SNOW,2026-08-31,11:06,325.05,325.1058,324.86,324.98,3932
SNOW,2026-08-31,11:07,325.21,325.21,325.055,325.055,3445
SNOW,2026-08-31,11:08,325.3,325.3,324.5859,324.5859,4497
SNOW,2026-08-31,11:09,324.98,325.055,324.6309,324.89,3311
SNOW,2026-08-31,11:10,325.22,325.2745,325.045,325.045,4623
SNOW,2026-08-31,11:11,325.3,325.3,324.935,324.935,2851
SNOW,2026-08-31,11:12,325.16,325.83,325.005,325.64,6609
SNOW,2026-08-31,11:13,326,326,325.4131,325.4131,8270
SNOW,2026-08-31,11:14,325.65,325.65,325.41,325.525,2698
SNOW,2026-08-31,11:15,325.65,325.65,325.33,325.5245,3518
SNOW,2026-08-31,11:16,325.88,325.88,325.5,325.61,4518
SNOW,2026-08-31,11:17,325.68,325.68,325.34,325.68,2652
SNOW,2026-08-31,11:18,325.68,325.68,325.17,325.39,12241
SNOW,2026-08-31,11:19,325.34,325.76,325.34,325.66,4845
SNOW,2026-08-31,11:20,325.83,326.03,325.39,326.03,13079
SNOW,2026-08-31,11:21,326.03,326.07,325.85,326.015,7571
SNOW,2026-08-31,11:22,326.21,326.21,325.97,326.04,1735
SNOW,2026-08-31,11:23,326.25,326.25,326.045,326.1,2207
SNOW,2026-08-31,11:24,326.23,326.55,325.86,325.99,4523
SNOW,2026-08-31,11:25,325.86,326,325.7,325.825,7820
SNOW,2026-08-31,11:26,325.85,325.98,325.755,325.755,3670
SNOW,2026-08-31,11:27,325.98,326.02,325.755,326.015,4412
SNOW,2026-08-31,11:28,326.11,326.11,325.43,325.62,8398
SNOW,2026-08-31,11:29,325.99,325.99,325.585,325.75,2168
SNOW,2026-08-31,11:30,326.14,326.14,325.23,325.755,1757
SNOW,2026-08-31,11:31,326.02,326.02,325.53,325.8,3780
SNOW,2026-08-31,11:32,325.92,325.92,325.36,325.37,3639
SNOW,2026-08-31,11:33,325.52,325.68,325.435,325.48,4581
SNOW,2026-08-31,11:34,325.67,325.87,325.58,325.87,2902
SNOW,2026-08-31,11:35,326.03,326.03,325.54,325.545,3205
SNOW,2026-08-31,11:36,325.89,326.03,325.52,326.03,2316
SNOW,2026-08-31,11:37,325.99,326.21,325.99,326.13,4377
SNOW,2026-08-31,11:38,326.21,326.21,325.94,325.94,3933
SNOW,2026-08-31,11:39,326.2,326.25,325.71,326.25,3386
SNOW,2026-08-31,11:40,326.49,326.515,326.255,326.515,5508
SNOW,2026-08-31,11:41,326.91,326.91,326.1201,326.67,3302
SNOW,2026-08-31,11:42,327,327.117,326.83,326.985,2572
SNOW,2026-08-31,11:43,327.15,327.15,326.44,326.56,8579
SNOW,2026-08-31,11:44,326.58,326.99,326.58,326.69,1391
SNOW,2026-08-31,11:45,326.97,326.97,326.43,326.69,1932
SNOW,2026-08-31,11:46,326.67,326.94,326.56,326.705,1682
SNOW,2026-08-31,11:47,327.01,327.01,326.61,326.61,3878
SNOW,2026-08-31,11:48,326.61,326.8,326.47,326.705,1198
SNOW,2026-08-31,11:49,326.88,327.15,326.705,326.96,7794
SNOW,2026-08-31,11:50,326.77,327.2,326.57,326.57,2572
SNOW,2026-08-31,11:51,326.65,327,326.62,326.67,2487
SNOW,2026-08-31,11:52,326.83,326.83,326.4,326.42,5285
SNOW,2026-08-31,11:53,326.42,326.55,326.27,326.27,2380
SNOW,2026-08-31,11:54,326.38,326.38,326.09,326.31,5341
SNOW,2026-08-31,11:55,326.22,326.49,326.07,326.26,2244
SNOW,2026-08-31,11:56,326.24,326.3,326.05,326.27,2425
SNOW,2026-08-31,11:57,326.47,326.47,326.08,326.275,5687
SNOW,2026-08-31,11:58,326.47,326.47,326.1,326.1,1934
SNOW,2026-08-31,11:59,326.4,326.4,326.015,326.015,13952
SNOW,2026-08-31,12:00,326.16,326.16,325.875,325.985,3697
SNOW,2026-08-31,12:01,326.11,326.11,325.6705,326.01,5189
SNOW,2026-08-31,12:02,326.16,326.17,325.9,326.15,4822
SNOW,2026-08-31,12:03,326.15,326.15,326.01,326.08,3561
SNOW,2026-08-31,12:04,326.4,326.4,325.715,325.715,3060
SNOW,2026-08-31,12:05,325.96,325.96,325.52,325.775,3787
SNOW,2026-08-31,12:06,325.95,325.95,325.6,325.6,1555
SNOW,2026-08-31,12:07,325.87,326,325.63,325.68,2527
SNOW,2026-08-31,12:08,326.01,326.01,325.45,325.735,3134
SNOW,2026-08-31,12:09,326.01,326.01,325.58,325.785,2065
SNOW,2026-08-31,12:10,326,326,325.45,325.69,4878
SNOW,2026-08-31,12:11,325.69,325.96,325.68,325.75,2313
SNOW,2026-08-31,12:12,325.96,325.96,325.63,325.67,2371
SNOW,2026-08-31,12:13,325.78,325.96,325.78,325.83,1849
SNOW,2026-08-31,12:14,325.85,325.99,325.775,325.97,6086
SNOW,2026-08-31,12:15,325.99,325.99,325.685,325.69,4151
SNOW,2026-08-31,12:16,325.685,325.685,325.37,325.52,1682
SNOW,2026-08-31,12:17,325.61,325.61,325.38,325.43,5122
SNOW,2026-08-31,12:18,325.66,325.775,325.53,325.775,3125
SNOW,2026-08-31,12:19,325.99,325.99,325.77,325.8,2828
SNOW,2026-08-31,12:20,325.99,325.99,325.815,325.855,965
SNOW,2026-08-31,12:21,325.99,325.99,325.7001,325.845,9527
SNOW,2026-08-31,12:22,325.99,326.16,325.915,325.97,7582
SNOW,2026-08-31,12:23,325.97,325.97,325.8,325.8,1912
SNOW,2026-08-31,12:24,325.97,326,325.97,325.9925,1106
SNOW,2026-08-31,12:25,326.07,326.1,325.98,325.98,5428
SNOW,2026-08-31,12:26,326.15,326.15,326.08,326.11,1068
SNOW,2026-08-31,12:27,326.16,326.16,326,326.005,3409
SNOW,2026-08-31,12:28,326.2,326.2,325.9,325.9,1873
SNOW,2026-08-31,12:29,326.2,326.2,325.77,325.77,4503
SNOW,2026-08-31,12:30,325.91,326,325.715,326,3642
SNOW,2026-08-31,12:31,326.2,326.21,325.916,325.916,5005
SNOW,2026-08-31,12:32,326.15,326.15,325.96,325.965,1870
SNOW,2026-08-31,12:33,326.15,326.15,325.7946,326.14,1991
SNOW,2026-08-31,12:34,326.13,326.15,326.06,326.08,2520
SNOW,2026-08-31,12:35,326.27,326.27,326.05,326.27,2182
SNOW,2026-08-31,12:36,326.33,326.82,326.26,326.82,9849
SNOW,2026-08-31,12:37,326.99,327.095,326.66,327.035,25039
SNOW,2026-08-31,12:38,327.28,327.28,326.94,326.95,7867
SNOW,2026-08-31,12:39,326.95,326.965,326.675,326.68,15371
SNOW,2026-08-31,12:40,326.95,327.0943,326.655,326.745,8164
SNOW,2026-08-31,12:41,327.12,327.12,326.745,326.86,1934
SNOW,2026-08-31,12:42,327.23,327.23,326.94,327.085,6494
SNOW,2026-08-31,12:43,326.93,327.04,326.93,327.04,2549
SNOW,2026-08-31,12:44,327.33,327.33,326.41,326.44,8288
SNOW,2026-08-31,12:45,326.57,327.11,326.135,326.135,8683
SNOW,2026-08-31,12:46,326.14,326.32,326.04,326.04,3287
SNOW,2026-08-31,12:47,326.11,326.16,326.03,326.16,2253
SNOW,2026-08-31,12:48,326.16,326.64,326.16,326.47,3575
SNOW,2026-08-31,12:49,326.79,326.79,326.29,326.485,3202
SNOW,2026-08-31,12:50,326.85,326.85,325.9147,326.23,6648
SNOW,2026-08-31,12:51,326.39,326.5,326.1225,326.44,3035
SNOW,2026-08-31,12:52,326.63,326.63,326.34,326.63,4165
SNOW,2026-08-31,12:53,326.63,326.825,326.46,326.68,3571
SNOW,2026-08-31,12:54,326.82,326.82,326.67,326.78,3685
SNOW,2026-08-31,12:55,327,327,326.31,326.31,5371
SNOW,2026-08-31,12:56,326.45,326.5,326.33,326.35,1421
SNOW,2026-08-31,12:57,326.53,326.92,326.48,326.875,3157
SNOW,2026-08-31,12:58,327,327.11,326.88,326.89,4658
SNOW,2026-08-31,12:59,327.33,327.33,326.8,326.83,1943
SNOW,2026-08-31,13:00,327.02,327.02,326.53,326.615,3507
SNOW,2026-08-31,13:01,326.64,327.01,326.48,326.61,1271
SNOW,2026-08-31,13:02,327,327,326.61,326.79,1508
SNOW,2026-08-31,13:03,327,327,326.61,326.61,1322
SNOW,2026-08-31,13:04,327,327,326.51,326.61,3059
SNOW,2026-08-31,13:05,326.76,327,326.51,326.555,2475
SNOW,2026-08-31,13:06,326.57,326.64,326.26,326.47,3620
SNOW,2026-08-31,13:07,326.7,326.7,326.31,326.5,1232
SNOW,2026-08-31,13:08,326.7,326.7,326.3,326.3,3942
SNOW,2026-08-31,13:09,326.44,326.44,326.17,326.17,5133
SNOW,2026-08-31,13:10,326.115,326.33,326.115,326.33,1734
SNOW,2026-08-31,13:11,326.33,326.5,326.165,326.5,4038
SNOW,2026-08-31,13:12,326.5,326.78,326.47,326.75,2775
SNOW,2026-08-31,13:13,326.84,327.2,326.83,327.09,11252
SNOW,2026-08-31,13:14,327.08,327.08,326.56,326.745,1794
SNOW,2026-08-31,13:15,326.95,326.95,326.61,326.705,1629
SNOW,2026-08-31,13:16,327.01,327.01,326.72,326.72,3493
SNOW,2026-08-31,13:17,326.82,326.82,326.39,326.52,3280
SNOW,2026-08-31,13:18,326.86,326.86,326.4,326.625,1019
SNOW,2026-08-31,13:19,326.86,326.86,326.27,326.51,2820
SNOW,2026-08-31,13:20,326.79,326.79,326.24,326.59,1985
SNOW,2026-08-31,13:21,326.7,326.79,326.59,326.64,5304
SNOW,2026-08-31,13:22,326.8,326.9,326.67,326.9,7299
SNOW,2026-08-31,13:23,326.87,327.33,326.87,327.28,8562
SNOW,2026-08-31,13:24,327.36,327.36,327.25,327.3397,1750
SNOW,2026-08-31,13:25,327.36,327.39,327.03,327.26,15488
SNOW,2026-08-31,13:26,327.49,327.49,327.255,327.26,768
SNOW,2026-08-31,13:27,327.26,327.26,327.03,327.115,5271
SNOW,2026-08-31,13:28,327.085,327.085,326.92,326.935,1823
SNOW,2026-08-31,13:29,327.21,327.21,326.86,326.86,2522
SNOW,2026-08-31,13:30,326.82,327.1,326.82,327.1,833
SNOW,2026-08-31,13:31,327.1,327.1,326.46,326.71,5864
SNOW,2026-08-31,13:32,327.03,327.03,326.74,326.9725,3656
SNOW,2026-08-31,13:33,327,327,326.66,326.92,1246
SNOW,2026-08-31,13:34,327,327,326.67,326.67,8871
SNOW,2026-08-31,13:35,326.9999,326.9999,326.565,326.8,1738
SNOW,2026-08-31,13:36,327,327,326.68,326.68,2275
SNOW,2026-08-31,13:37,326.96,326.96,326.8,326.8,1666
SNOW,2026-08-31,13:38,326.92,326.92,326.8,326.87,3526
SNOW,2026-08-31,13:39,327,327,326.74,326.785,2020
SNOW,2026-08-31,13:40,327,327.09,326.91,326.96,10669
SNOW,2026-08-31,13:41,326.945,327.165,326.94,327.04,3441
SNOW,2026-08-31,13:42,327.1,327.1,326.975,327.02,1354
SNOW,2026-08-31,13:43,327.26,327.26,327.075,327.085,11502
SNOW,2026-08-31,13:44,327.18,327.18,327.07,327.15,2363
SNOW,2026-08-31,13:45,327.21,327.21,327.02,327.02,1544
SNOW,2026-08-31,13:46,327.08,327.15,326.88,327.15,5805
SNOW,2026-08-31,13:47,327.2,327.425,327.1,327.425,5336
SNOW,2026-08-31,13:48,327.49,327.585,327.33,327.505,9479
SNOW,2026-08-31,13:49,327.54,327.54,327.255,327.265,2136
SNOW,2026-08-31,13:50,327.47,327.67,327.19,327.66,4368
SNOW,2026-08-31,13:51,327.75,327.88,327.665,327.77,3113
SNOW,2026-08-31,13:52,327.78,327.79,327.78,327.79,1807
SNOW,2026-08-31,13:53,327.87,328.09,327.69,328.09,7702
SNOW,2026-08-31,13:54,328.25,328.36,328.05,328.165,7279
SNOW,2026-08-31,13:55,328.19,328.19,327.82,327.98,5668
SNOW,2026-08-31,13:56,328.065,328.18,327.96,328.18,2568
SNOW,2026-08-31,13:57,328.44,328.44,327.89,328.175,2342
SNOW,2026-08-31,13:58,328.44,328.44,328.225,328.23,1308
SNOW,2026-08-31,13:59,328.44,328.45,328.1,328.23,12638
SNOW,2026-08-31,14:00,328.23,328.8404,328.06,328.8404,8919
SNOW,2026-08-31,14:01,328.86,329.025,328.86,328.95,1872
SNOW,2026-08-31,14:02,329.37,329.5,329.19,329.44,2524
SNOW,2026-08-31,14:03,329.58,329.65,329.42,329.505,4625
SNOW,2026-08-31,14:04,329.535,329.65,329.51,329.65,2401
SNOW,2026-08-31,14:05,329.66,329.66,329.35,329.37,158039
SNOW,2026-08-31,14:06,329.66,329.66,329.25,329.25,5128
SNOW,2026-08-31,14:07,329.37,329.37,329.0375,329.115,1676
SNOW,2026-08-31,14:08,329.36,329.6,329.33,329.6,2036
SNOW,2026-08-31,14:09,329.61,329.66,329.59,329.66,4361
SNOW,2026-08-31,14:10,329.7,329.8,329.5675,329.8,4773
SNOW,2026-08-31,14:11,329.88,329.88,329.745,329.795,5317
SNOW,2026-08-31,14:12,329.99,329.99,329.59,329.9109,9564
SNOW,2026-08-31,14:13,329.79,329.79,329.35,329.35,5615
SNOW,2026-08-31,14:14,329.41,329.41,329.08,329.39,4534
SNOW,2026-08-31,14:15,329.39,329.445,329.39,329.445,1853
SNOW,2026-08-31,14:16,329.48,329.48,329.3,329.42,5140
SNOW,2026-08-31,14:17,329.59,329.72,329.37,329.465,14798
SNOW,2026-08-31,14:18,329.46,329.46,329,329,3684
SNOW,2026-08-31,14:19,329.22,329.22,328.78,328.98,3162
SNOW,2026-08-31,14:20,329.02,329.2865,328.8,329.2865,3131
SNOW,2026-08-31,14:21,329.07,329.07,328.51,328.545,4428
SNOW,2026-08-31,14:22,328.83,328.83,328.67,328.68,1915
SNOW,2026-08-31,14:23,328.83,328.83,328.55,328.735,3246
SNOW,2026-08-31,14:24,328.73,328.85,328.61,328.81,6490
SNOW,2026-08-31,14:25,328.84,328.89,328.54,328.585,2256
SNOW,2026-08-31,14:26,328.57,328.6,328.57,328.59,1645
SNOW,2026-08-31,14:27,328.85,328.85,328.52,328.525,8593
SNOW,2026-08-31,14:28,328.79,328.79,328.325,328.325,3761
SNOW,2026-08-31,14:29,328.43,328.43,328.32,328.32,1187
SNOW,2026-08-31,14:30,328.56,328.605,328.375,328.4,6684
SNOW,2026-08-31,14:31,328.34,328.59,328.3,328.445,1743
SNOW,2026-08-31,14:32,328.59,328.68,328.35,328.57,11167
SNOW,2026-08-31,14:33,328.61,328.61,328.41,328.41,3383
SNOW,2026-08-31,14:34,328.78,328.78,327.96,328.005,8400
SNOW,2026-08-31,14:35,328.22,328.39,327.79,328.06,9200
SNOW,2026-08-31,14:36,328.33,328.33,328.1,328.1,723
SNOW,2026-08-31,14:37,328.27,328.335,328.22,328.2603,1919
SNOW,2026-08-31,14:38,328.36,328.36,328.18,328.2675,8078
SNOW,2026-08-31,14:39,328.275,328.4088,328.275,328.4062,1474
SNOW,2026-08-31,14:40,328.35,328.85,328.35,328.85,2912
SNOW,2026-08-31,14:41,328.97,328.97,328.56,328.63,3149
SNOW,2026-08-31,14:42,328.99,328.99,328.545,328.77,5067
SNOW,2026-08-31,14:43,328.99,328.99,328.67,328.67,3112
SNOW,2026-08-31,14:44,328.93,328.955,328.765,328.7925,1814
SNOW,2026-08-31,14:45,329.04,329.04,328.4701,328.695,5408
SNOW,2026-08-31,14:46,328.91,328.91,328.62,328.74,7185
SNOW,2026-08-31,14:47,328.86,329.4999,328.84,329.4999,8698
SNOW,2026-08-31,14:48,329.5,329.595,329.33,329.595,6752
SNOW,2026-08-31,14:49,329.605,329.63,329.39,329.39,4567
SNOW,2026-08-31,14:50,329.39,329.48,329.39,329.48,2626
SNOW,2026-08-31,14:51,329.58,329.58,329.31,329.4,3418
SNOW,2026-08-31,14:52,329.375,329.635,329.375,329.48,27755
SNOW,2026-08-31,14:53,329.48,329.56,329.38,329.43,4782
SNOW,2026-08-31,14:54,329.69,329.79,329.485,329.755,16550
SNOW,2026-08-31,14:55,329.88,329.88,329.63,329.69,11453
SNOW,2026-08-31,14:56,329.86,329.86,329.51,329.74,3127
SNOW,2026-08-31,14:57,329.83,329.83,329.56,329.6599,2201
SNOW,2026-08-31,14:58,329.65,329.75,329.61,329.75,2328
SNOW,2026-08-31,14:59,329.75,329.78,329.15,329.15,8797
SNOW,2026-08-31,15:00,329.23,329.27,329.07,329.15,2921
SNOW,2026-08-31,15:01,329.26,329.38,329.05,329.05,4633
SNOW,2026-08-31,15:02,329.35,329.61,329.195,329.23,3922
SNOW,2026-08-31,15:03,329.61,329.7292,329.56,329.685,3072
SNOW,2026-08-31,15:04,329.62,329.7,329.62,329.69,7058
SNOW,2026-08-31,15:05,329.69,329.72,329.61,329.665,5131
SNOW,2026-08-31,15:06,329.7,329.84,329.56,329.78,7251
SNOW,2026-08-31,15:07,329.99,329.99,329.785,329.82,3443
SNOW,2026-08-31,15:08,329.99,330,329.82,329.846,16002
SNOW,2026-08-31,15:09,329.86,330.365,329.86,330.365,8552
SNOW,2026-08-31,15:10,330.44,330.5,330.295,330.38,6301
SNOW,2026-08-31,15:11,330.5,330.85,330.36,330.52,7014
SNOW,2026-08-31,15:12,330.92,330.92,330.41,330.45,12801
SNOW,2026-08-31,15:13,330.3349,330.63,330.3349,330.61,6536
SNOW,2026-08-31,15:14,330.61,330.918,330.61,330.78,8962
SNOW,2026-08-31,15:15,330.78,330.96,330.69,330.82,11782
SNOW,2026-08-31,15:16,330.96,330.96,330.73,330.73,3149
SNOW,2026-08-31,15:17,330.9,330.9,330.72,330.76,2806
SNOW,2026-08-31,15:18,330.75,330.98,330.75,330.98,4322
SNOW,2026-08-31,15:19,331.02,331.025,330.46,330.595,15326
SNOW,2026-08-31,15:20,330.92,330.92,330.36,330.45,6069
SNOW,2026-08-31,15:21,330.42,330.6,330.34,330.6,4969
SNOW,2026-08-31,15:22,330.6,330.6,330.37,330.5,3483
SNOW,2026-08-31,15:23,330.46,330.54,330.37,330.46,3714
SNOW,2026-08-31,15:24,330.47,330.49,330.03,330.035,7681
SNOW,2026-08-31,15:25,330.01,330.21,329.8,330.16,17313
SNOW,2026-08-31,15:26,330.16,330.23,330.05,330.23,3284
SNOW,2026-08-31,15:27,330.145,330.61,330.0101,330.525,6337
SNOW,2026-08-31,15:28,330.86,330.86,330.435,330.58,3806
SNOW,2026-08-31,15:29,330.84,330.84,330.446,330.835,8417
SNOW,2026-08-31,15:30,330.815,330.86,330.635,330.86,7137
SNOW,2026-08-31,15:31,330.95,331.07,330.81,330.81,11652
SNOW,2026-08-31,15:32,330.87,330.87,330.65,330.71,7598
SNOW,2026-08-31,15:33,330.68,331.28,330.68,331.28,7842
SNOW,2026-08-31,15:34,331.28,331.57,331.065,331.47,7911
SNOW,2026-08-31,15:35,331.56,331.57,331.375,331.375,8999
SNOW,2026-08-31,15:36,331.48,331.48,331.04,331.04,12297
SNOW,2026-08-31,15:37,331.11,331.8,331.045,331.76,21129
SNOW,2026-08-31,15:38,331.76,331.89,331.72,331.89,9339
SNOW,2026-08-31,15:39,331.94,332.36,331.895,332.28,29872
SNOW,2026-08-31,15:40,332.25,332.31,331.81,331.92,30831
SNOW,2026-08-31,15:41,331.875,331.92,331.51,331.56,15606
SNOW,2026-08-31,15:42,331.65,331.87,331.55,331.87,24303
SNOW,2026-08-31,15:43,331.9,332.12,331.68,332.115,15954
SNOW,2026-08-31,15:44,332.16,332.21,331.81,331.81,18842
SNOW,2026-08-31,15:45,331.86,332.02,331.605,331.85,14563
SNOW,2026-08-31,15:46,331.94,331.94,331.57,331.835,22130
SNOW,2026-08-31,15:47,331.86,331.9,331.71,331.71,12467
SNOW,2026-08-31,15:48,331.74,331.93,331.74,331.92,15919
SNOW,2026-08-31,15:49,331.92,332.35,331.65,332.35,61588
SNOW,2026-08-31,15:50,332.47,332.53,331.96,332,18933
SNOW,2026-08-31,15:51,332.05,332.09,331.815,332.09,29923
SNOW,2026-08-31,15:52,332.1,332.1,331.91,331.92,23281
SNOW,2026-08-31,15:53,331.93,331.98,331.88,331.905,22677
SNOW,2026-08-31,15:54,331.905,332.15,331.685,331.935,38806
SNOW,2026-08-31,15:55,331.885,332.01,330.61,331.27,62761
SNOW,2026-08-31,15:56,331.33,331.55,331.125,331.17,49067
SNOW,2026-08-31,15:57,331.17,331.54,330.895,331.525,47766
SNOW,2026-08-31,15:58,331.525,332.2,331.525,332.19,78027
SNOW,2026-08-31,15:59,332.145,332.3,331.13,331.5,117396
SNOW,2026-09-01,09:30,325.875,327.6979,325.005,326.895,112421
SNOW,2026-09-01,09:31,327.78,328.31,326.445,326.975,11565
SNOW,2026-09-01,09:32,327.95,327.95,326.61,327.84,5477
SNOW,2026-09-01,09:33,328.76,328.76,326.71,327.86,6426
SNOW,2026-09-01,09:34,328.22,328.22,324.76,325.965,13376
SNOW,2026-09-01,09:35,326.96,328.22,326.32,327.05,4378
SNOW,2026-09-01,09:36,327.91,327.91,326.08,326.105,8044
SNOW,2026-09-01,09:37,326.65,328.2,325.54,327.61,10194
SNOW,2026-09-01,09:38,328.43,328.43,325.15,325.49,13584
SNOW,2026-09-01,09:39,325.83,325.93,324.75,325.15,12821
SNOW,2026-09-01,09:40,325.1432,326.48,325.05,325.05,15992
SNOW,2026-09-01,09:41,325.84,325.84,324.02,324.36,15911
SNOW,2026-09-01,09:42,324.71,325.95,324.41,325.04,17873
SNOW,2026-09-01,09:43,324.73,325.12,324.15,324.59,13421
SNOW,2026-09-01,09:44,324.69,324.86,324.08,324.8599,20976
SNOW,2026-09-01,09:45,324.435,326,324.43,326,21586
SNOW,2026-09-01,09:46,325.825,326.44,325.35,325.8599,5844
SNOW,2026-09-01,09:47,325.44,326.25,325.12,325.49,6998
SNOW,2026-09-01,09:48,325.87,325.87,324.5,324.64,29071
SNOW,2026-09-01,09:49,324.58,324.605,324.0861,324.535,2346
SNOW,2026-09-01,09:50,325.05,325.05,323.2001,323.33,13604
SNOW,2026-09-01,09:51,323.63,323.67,321.45,321.73,10346
SNOW,2026-09-01,09:52,321.96,321.96,320.2001,320.2001,18518
SNOW,2026-09-01,09:53,320.62,320.97,320.12,320.3102,17467
SNOW,2026-09-01,09:54,320.69,321.52,320.22,321.52,6196
SNOW,2026-09-01,09:55,321.52,322.345,321.2408,321.98,8803
SNOW,2026-09-01,09:56,322.33,322.7,321.79,322.6592,8484
SNOW,2026-09-01,09:57,322.64,322.98,322.175,322.175,13757
SNOW,2026-09-01,09:58,322.17,322.88,322.17,322.83,3881
SNOW,2026-09-01,09:59,323.02,323.02,321.87,322.26,9902
SNOW,2026-09-01,10:00,322.62,323.005,322.03,323.005,8385
SNOW,2026-09-01,10:01,323.4695,323.76,323.4695,323.565,4099
SNOW,2026-09-01,10:02,323.92,323.92,322.88,322.9,3971
SNOW,2026-09-01,10:03,323.37,323.92,322.895,323.37,9904
SNOW,2026-09-01,10:04,323.95,324.34,323.35,323.35,5676
SNOW,2026-09-01,10:05,323.41,323.85,323.18,323.67,5132
SNOW,2026-09-01,10:06,323.84,324.065,323.56,324.065,3172
SNOW,2026-09-01,10:07,324.47,324.47,323.15,323.62,5896
SNOW,2026-09-01,10:08,323.65,323.66,323.22,323.385,6133
SNOW,2026-09-01,10:09,323.53,323.74,323.14,323.53,6680
SNOW,2026-09-01,10:10,323.73,324.18,323.19,323.99,8722
SNOW,2026-09-01,10:11,324.03,324.08,323.52,323.52,4770
SNOW,2026-09-01,10:12,323.635,323.68,323.34,323.34,2579
SNOW,2026-09-01,10:13,323.35,323.74,323.11,323.38,8695
SNOW,2026-09-01,10:14,323.45,323.45,322.57,322.8125,15032
SNOW,2026-09-01,10:15,323.01,323.59,323.01,323.095,8552
SNOW,2026-09-01,10:16,323.41,323.58,323,323,6029
SNOW,2026-09-01,10:17,323,323.13,322.2001,322.305,8165
SNOW,2026-09-01,10:18,322.6,323.19,322.33,322.635,7480
SNOW,2026-09-01,10:19,322.6,322.825,322.525,322.64,3402
SNOW,2026-09-01,10:20,322.85,322.895,322.6,322.66,5156
SNOW,2026-09-01,10:21,322.88,323.05,322.61,322.94,4810
SNOW,2026-09-01,10:22,323.03,323.665,322.7975,323.405,10067
SNOW,2026-09-01,10:23,323.44,323.44,323,323.16,4047
SNOW,2026-09-01,10:24,323.21,323.21,322.32,322.32,4193
SNOW,2026-09-01,10:25,322.61,322.61,322.305,322.475,2461
SNOW,2026-09-01,10:26,322.85,322.87,322.585,322.69,1974
SNOW,2026-09-01,10:27,322.81,322.92,322.58,322.6175,5030
SNOW,2026-09-01,10:28,322.78,322.83,321.68,322.295,8376
SNOW,2026-09-01,10:29,322.66,322.66,321.55,322.13,9841
SNOW,2026-09-01,10:30,322.13,322.44,321.895,322.44,13256
SNOW,2026-09-01,10:31,322.71,323.375,322.45,323.04,6596
SNOW,2026-09-01,10:32,323.55,323.55,323.07,323.08,4270
SNOW,2026-09-01,10:33,323.27,323.27,322.855,323.06,6995
SNOW,2026-09-01,10:34,323.17,323.21,322.56,322.62,8674
SNOW,2026-09-01,10:35,322.585,322.81,322.4,322.725,2383
SNOW,2026-09-01,10:36,322.99,322.99,322.425,322.76,2943
SNOW,2026-09-01,10:37,322.82,323,322.805,323,3265
SNOW,2026-09-01,10:38,323.22,323.22,323.005,323.22,4834
SNOW,2026-09-01,10:39,323.26,323.5,323.13,323.5,3496
SNOW,2026-09-01,10:40,323.55,323.55,323.27,323.52,3272
SNOW,2026-09-01,10:41,323.5,323.5,322.88,323.3499,5440
SNOW,2026-09-01,10:42,323.35,323.35,323.06,323.14,4406
SNOW,2026-09-01,10:43,323.31,323.31,322.96,323.2,4353
SNOW,2026-09-01,10:44,323.35,323.61,323.05,323.61,5772
SNOW,2026-09-01,10:45,323.66,324.29,323.66,324.29,5868
SNOW,2026-09-01,10:46,324.57,324.57,323.83,324.07,4104
SNOW,2026-09-01,10:47,324.3,324.46,323.69,324.4,5654
SNOW,2026-09-01,10:48,324.46,324.46,324.17,324.23,2395
SNOW,2026-09-01,10:49,324.29,324.63,324.29,324.565,4057
SNOW,2026-09-01,10:50,324.47,324.47,323.98,324,3504
SNOW,2026-09-01,10:51,324.25,324.25,323.59,323.8301,4237
SNOW,2026-09-01,10:52,324.07,324.07,323.28,323.48,6734
SNOW,2026-09-01,10:53,323.51,323.7,323.51,323.58,2464
SNOW,2026-09-01,10:54,323.7,323.7,323.16,323.615,19627
SNOW,2026-09-01,10:55,323.94,323.94,323.39,323.9,3370
SNOW,2026-09-01,10:56,323.9,323.9,323.48,323.48,988
SNOW,2026-09-01,10:57,323.83,324.05,323.475,323.475,15477
SNOW,2026-09-01,10:58,323.68,323.68,323.45,323.62,4859
SNOW,2026-09-01,10:59,323.69,323.92,323.69,323.84,2582
SNOW,2026-09-01,11:00,324.01,324.155,323.73,323.86,5640
SNOW,2026-09-01,11:01,323.73,323.73,323.73,323.73,589
SNOW,2026-09-01,11:02,323.77,323.83,323.605,323.81,3978
SNOW,2026-09-01,11:03,323.98,323.98,323.275,323.275,8941
SNOW,2026-09-01,11:04,323.46,323.46,322.95,322.98,21373
SNOW,2026-09-01,11:05,322.9,323.32,322.89,323.1,9422
SNOW,2026-09-01,11:06,323.31,323.33,323.105,323.155,2697
SNOW,2026-09-01,11:07,323.34,323.34,322.37,322.52,9704
SNOW,2026-09-01,11:08,322.56,322.88,322.35,322.88,9200
SNOW,2026-09-01,11:09,322.88,322.88,322.69,322.84,3969
SNOW,2026-09-01,11:10,323.06,323.23,322.99,323.23,1818
SNOW,2026-09-01,11:11,323.19,323.19,322.375,322.375,9259
SNOW,2026-09-01,11:12,322.44,322.44,322.21,322.435,4253
SNOW,2026-09-01,11:13,322.56,322.71,322.3397,322.6,2900
SNOW,2026-09-01,11:14,322.51,322.72,322.51,322.72,2943
SNOW,2026-09-01,11:15,322.93,322.93,322.36,322.38,5785
SNOW,2026-09-01,11:16,322.45,322.48,321.75,321.845,25879
SNOW,2026-09-01,11:17,321.9,321.93,321.581,321.77,4949
SNOW,2026-09-01,11:18,321.96,322.07,321.77,322.0381,6707
SNOW,2026-09-01,11:19,322.11,322.11,321.725,322.0295,11661
SNOW,2026-09-01,11:20,321.815,322.06,321.67,321.67,3489
SNOW,2026-09-01,11:21,321.74,322.04,321.74,322.03,2878
SNOW,2026-09-01,11:22,322.12,322.12,321.89,321.89,2345
SNOW,2026-09-01,11:23,321.98,322.22,321.8,322.015,9134
SNOW,2026-09-01,11:24,322.19,322.19,321.74,322.03,5694
SNOW,2026-09-01,11:25,322.27,322.47,322.05,322.26,11846
SNOW,2026-09-01,11:26,322.26,322.7436,322.13,322.57,6432
SNOW,2026-09-01,11:27,322.6,322.6,321.8,322.22,6011
SNOW,2026-09-01,11:28,322.44,322.44,322.23,322.4,1880
SNOW,2026-09-01,11:29,322.42,322.685,322.29,322.645,4136
SNOW,2026-09-01,11:30,322.645,323,322.645,323,4821
SNOW,2026-09-01,11:31,323.16,323.32,323.01,323.16,5927
SNOW,2026-09-01,11:32,323.01,323.26,322.975,323.13,6212
SNOW,2026-09-01,11:33,323.11,323.36,322.96,323.07,6014
SNOW,2026-09-01,11:34,323.36,323.63,323.215,323.33,6284
SNOW,2026-09-01,11:35,323.305,323.305,322.95,323.07,5485
SNOW,2026-09-01,11:36,323.26,323.26,323.055,323.085,151700
SNOW,2026-09-01,11:37,323.21,323.4,323.0164,323.4,3823
SNOW,2026-09-01,11:38,323.57,323.57,322.95,323.19,3864
SNOW,2026-09-01,11:39,323.17,323.215,322.66,322.8488,9653
SNOW,2026-09-01,11:40,323.12,323.12,322.945,323,2171
SNOW,2026-09-01,11:41,323.09,323.38,322.995,323.27,5100
SNOW,2026-09-01,11:42,323.42,323.42,323.03,323.215,2117
SNOW,2026-09-01,11:43,323.4,323.4,323.03,323.2975,5624
SNOW,2026-09-01,11:44,323.17,323.24,323.03,323.03,5068
SNOW,2026-09-01,11:45,323.19,323.2,323.06,323.155,2900
SNOW,2026-09-01,11:46,323.27,323.27,322.76,322.765,9821
SNOW,2026-09-01,11:47,322.88,323.3,322.84,323.13,5751
SNOW,2026-09-01,11:48,323.45,323.45,323.21,323.21,548
SNOW,2026-09-01,11:49,323.4,323.4,323.02,323.175,1719
SNOW,2026-09-01,11:50,323.38,323.38,323.01,323.24,4176
SNOW,2026-09-01,11:51,323.07,323.1,322.92,322.92,4783
SNOW,2026-09-01,11:52,323.14,323.14,322.56,322.76,5135
SNOW,2026-09-01,11:53,322.91,322.91,322.73,322.745,3193
SNOW,2026-09-01,11:54,322.91,322.91,322.38,322.57,5104
SNOW,2026-09-01,11:55,322.74,322.75,322.595,322.75,2263
SNOW,2026-09-01,11:56,322.89,323.3326,322.76,323.16,3438
SNOW,2026-09-01,11:57,323.17,323.17,322.83,322.985,4053
SNOW,2026-09-01,11:58,322.83,322.935,322.62,322.935,4206
SNOW,2026-09-01,11:59,323.13,323.13,322.75,322.77,1373
SNOW,2026-09-01,12:00,322.74,322.74,322.4375,322.4375,2960
SNOW,2026-09-01,12:01,322.56,322.56,321.79,321.795,17576
SNOW,2026-09-01,12:02,321.735,322.105,321.715,321.915,5495
SNOW,2026-09-01,12:03,321.915,322.27,321.905,322.05,3704
SNOW,2026-09-01,12:04,322.51,322.51,321.73,321.895,7151
SNOW,2026-09-01,12:05,322.07,322.07,321.34,321.48,5695
SNOW,2026-09-01,12:06,321.53,321.635,321.34,321.34,5699
SNOW,2026-09-01,12:07,321.21,321.64,321.21,321.64,2482
SNOW,2026-09-01,12:08,321.78,321.78,321.33,321.43,3346
SNOW,2026-09-01,12:09,321.57,321.72,321.3501,321.51,4763
SNOW,2026-09-01,12:10,321.675,321.675,321.25,321.46,4960
SNOW,2026-09-01,12:11,321.7,321.7,321.31,321.35,3077
SNOW,2026-09-01,12:12,321.77,321.77,321.25,321.3,6112
SNOW,2026-09-01,12:13,321.41,321.41,321.28,321.345,1904
SNOW,2026-09-01,12:14,321.3,321.31,321.15,321.31,2765
SNOW,2026-09-01,12:15,321.48,321.48,321.12,321.22,1800
SNOW,2026-09-01,12:16,321.28,321.5,321.28,321.33,3260
SNOW,2026-09-01,12:17,321.54,321.54,321.18,321.18,3769
SNOW,2026-09-01,12:18,321.44,321.44,321,321.095,9012
SNOW,2026-09-01,12:19,321.24,321.49,321.095,321.41,4615
SNOW,2026-09-01,12:20,321.7,321.7,320.92,320.92,3389
SNOW,2026-09-01,12:21,321.16,321.16,320.635,320.635,3751
SNOW,2026-09-01,12:22,320.5,320.75,320.25,320.25,12668
SNOW,2026-09-01,12:23,320.264,320.55,320.21,320.32,6596
SNOW,2026-09-01,12:24,320.68,320.68,320.29,320.425,5649
SNOW,2026-09-01,12:25,320.5,320.79,320.5,320.78,5446
SNOW,2026-09-01,12:26,320.9,321,320.67,320.71,7265
SNOW,2026-09-01,12:27,320.72,321,320.615,320.675,4688
SNOW,2026-09-01,12:28,320.89,320.89,320.605,320.61,2158
SNOW,2026-09-01,12:29,320.75,320.75,320.595,320.61,1658
SNOW,2026-09-01,12:30,320.73,320.74,319.37,319.655,30113
SNOW,2026-09-01,12:31,319.95,319.95,319.2283,319.58,15118
SNOW,2026-09-01,12:32,319.78,319.78,319.5,319.545,3627
SNOW,2026-09-01,12:33,319.65,319.72,319.47,319.72,2833
SNOW,2026-09-01,12:34,319.71,319.71,319.4,319.505,3148
SNOW,2026-09-01,12:35,319.63,319.96,319.63,319.75,3040
SNOW,2026-09-01,12:36,319.81,319.96,319.62,319.62,12234
SNOW,2026-09-01,12:37,319.59,319.81,319.355,319.81,3606
SNOW,2026-09-01,12:38,319.81,319.83,319.2,319.2,11192
SNOW,2026-09-01,12:39,319.32,319.32,319.18,319.225,3957
SNOW,2026-09-01,12:40,319.45,319.45,319.145,319.225,4176
SNOW,2026-09-01,12:41,319.39,319.39,318.89,319.02,7859
SNOW,2026-09-01,12:42,319.01,319.01,318.37,318.565,4335
SNOW,2026-09-01,12:43,318.67,318.89,318.565,318.7801,5584
SNOW,2026-09-01,12:44,318.88,319.07,318.7255,319.07,83499
SNOW,2026-09-01,12:45,318.93,319,318.575,318.7,4601
SNOW,2026-09-01,12:46,318.78,318.78,318.63,318.74,2552
SNOW,2026-09-01,12:47,318.9,318.9,318.68,318.68,2139
SNOW,2026-09-01,12:48,318.87,318.88,318.7,318.87,4926
SNOW,2026-09-01,12:49,319.03,319.3,318.87,319.05,4140
SNOW,2026-09-01,12:50,319.165,319.55,319.165,319.55,5542
SNOW,2026-09-01,12:51,319.55,319.6367,319.365,319.37,2792
SNOW,2026-09-01,12:52,319.45,319.45,319.04,319.05,6923
SNOW,2026-09-01,12:53,319.15,319.6912,319.075,319.415,6081
SNOW,2026-09-01,12:54,319.365,319.46,319.22,319.23,4626
SNOW,2026-09-01,12:55,319.47,319.6099,319.155,319.535,6426
SNOW,2026-09-01,12:56,319.41,319.82,319.41,319.82,2097
SNOW,2026-09-01,12:57,320.04,320.14,319.84,320.14,4375
SNOW,2026-09-01,12:58,320.54,320.81,320.48,320.74,7219
SNOW,2026-09-01,12:59,320.89,320.89,320.39,320.565,4339
SNOW,2026-09-01,13:00,320.68,320.68,320.27,320.33,6281
SNOW,2026-09-01,13:01,320.66,320.66,320.32,320.32,3652
SNOW,2026-09-01,13:02,320.22,320.3536,320.1,320.1685,3674
SNOW,2026-09-01,13:03,320.48,320.52,320.255,320.52,2846
SNOW,2026-09-01,13:04,320.75,320.75,320.3701,320.75,4355
SNOW,2026-09-01,13:05,320.99,320.99,320.69,320.81,2808
SNOW,2026-09-01,13:06,320.79,320.79,320.6,320.6,6149
SNOW,2026-09-01,13:07,320.59,320.685,320.22,320.22,3888
SNOW,2026-09-01,13:08,320.19,320.45,320.19,320.28,3406
SNOW,2026-09-01,13:09,320.26,320.51,320.25,320.38,2284
SNOW,2026-09-01,13:10,320.63,320.63,320.4085,320.4085,693
SNOW,2026-09-01,13:11,320.63,320.63,320.445,320.6299,2682
SNOW,2026-09-01,13:12,320.66,320.86,320.605,320.86,3648
SNOW,2026-09-01,13:13,320.86,320.86,320.475,320.48,4649
SNOW,2026-09-01,13:14,320.77,320.77,320.38,320.38,1284
SNOW,2026-09-01,13:15,320.41,320.54,320.3201,320.46,3821
SNOW,2026-09-01,13:16,320.6,320.6,320.285,320.37,4523
SNOW,2026-09-01,13:17,320.385,320.46,320.385,320.46,1147
SNOW,2026-09-01,13:18,320.62,320.67,320.475,320.51,2094
SNOW,2026-09-01,13:19,320.67,320.69,320.39,320.64,4485
SNOW,2026-09-01,13:20,320.705,320.755,320.705,320.755,2255
SNOW,2026-09-01,13:21,320.72,320.72,320.17,320.34,11470
SNOW,2026-09-01,13:22,320.45,320.45,320.18,320.205,5745
SNOW,2026-09-01,13:23,320.22,320.22,320,320.01,3110
SNOW,2026-09-01,13:24,320.11,320.14,319.84,319.91,4449
SNOW,2026-09-01,13:25,320.11,320.11,319.48,319.8,5437
SNOW,2026-09-01,13:26,320.08,320.08,319.795,319.805,2165
SNOW,2026-09-01,13:27,319.95,319.95,319.698,319.845,1178
SNOW,2026-09-01,13:28,320.02,320.02,319.7,319.85,3425
SNOW,2026-09-01,13:29,319.78,320.48,319.59,320.25,7046
SNOW,2026-09-01,13:30,320.27,320.5,320.27,320.49,2733
SNOW,2026-09-01,13:31,320.56,320.6364,320.47,320.605,2913
SNOW,2026-09-01,13:32,320.85,320.85,320.655,320.735,1791
SNOW,2026-09-01,13:33,320.96,320.96,320.705,320.725,2123
SNOW,2026-09-01,13:34,320.94,320.98,320.735,320.77,1462
SNOW,2026-09-01,13:35,320.89,320.89,320.67,320.7,2788
SNOW,2026-09-01,13:36,320.82,320.82,320.455,320.615,17510
SNOW,2026-09-01,13:37,320.78,320.78,320.45,320.59,1803
SNOW,2026-09-01,13:38,320.7,320.7489,320.46,320.7489,4610
SNOW,2026-09-01,13:39,320.81,320.81,320.635,320.635,1944
SNOW,2026-09-01,13:40,320.79,320.79,320.655,320.655,2291
SNOW,2026-09-01,13:41,320.8,320.8,320.65,320.66,5539
SNOW,2026-09-01,13:42,320.51,320.62,320.2457,320.2457,3112
SNOW,2026-09-01,13:43,320.58,320.58,320.42,320.445,2554
SNOW,2026-09-01,13:44,320.53,320.53,320.31,320.31,1486
SNOW,2026-09-01,13:45,320.38,320.42,320.25,320.415,3212
SNOW,2026-09-01,13:46,320.415,320.415,320.22,320.22,1471
SNOW,2026-09-01,13:47,320.4,320.4,320.22,320.39,2866
SNOW,2026-09-01,13:48,320.4,320.4,320.225,320.225,1803
SNOW,2026-09-01,13:49,320.33,320.33,320.215,320.215,1863
SNOW,2026-09-01,13:50,320.31,320.31,320.22,320.22,628
SNOW,2026-09-01,13:51,320.3,320.33,319.76,319.89,18649
SNOW,2026-09-01,13:52,319.89,319.89,319.54,319.81,4521
SNOW,2026-09-01,13:53,319.86,319.8699,319.73,319.73,4174
SNOW,2026-09-01,13:54,319.86,319.86,319.49,319.645,2807
SNOW,2026-09-01,13:55,319.77,319.77,319.48,319.59,4669
SNOW,2026-09-01,13:56,319.73,319.73,319.03,319.15,7857
SNOW,2026-09-01,13:57,319.15,319.37,319.15,319.37,2635
SNOW,2026-09-01,13:58,319.54,319.54,319.09,319.39,5535
SNOW,2026-09-01,13:59,319.54,319.79,319.54,319.65,4136
SNOW,2026-09-01,14:00,319.8,320.065,319.8,319.91,3779
SNOW,2026-09-01,14:01,320.08,320.08,319.715,319.88,3810
SNOW,2026-09-01,14:02,320.01,320.1,319.92,320.01,3789
SNOW,2026-09-01,14:03,320.26,320.62,319.935,320.62,5844
SNOW,2026-09-01,14:04,320.7599,320.7599,320.3,320.3,1752
SNOW,2026-09-01,14:05,320.53,320.53,320.53,320.53,1057
SNOW,2026-09-01,14:06,320.38,320.38,320.0575,320.135,4946
SNOW,2026-09-01,14:07,320.28,320.37,320.135,320.335,3098
SNOW,2026-09-01,14:08,320.46,320.46,320.4,320.435,3490
SNOW,2026-09-01,14:09,320.62,320.62,320.15,320.265,4996
SNOW,2026-09-01,14:10,320.44,320.44,320.27,320.34,2097
SNOW,2026-09-01,14:11,320.5,320.505,320.4,320.505,2206
SNOW,2026-09-01,14:12,320.67,320.775,320.55,320.55,6611
SNOW,2026-09-01,14:13,320.83,320.83,320.08,320.08,13069
SNOW,2026-09-01,14:14,320.1,320.145,320.01,320.11,5908
SNOW,2026-09-01,14:15,320.09,320.16,319.8,319.985,14377
SNOW,2026-09-01,14:16,320.18,320.18,320,320,2671
SNOW,2026-09-01,14:17,320.18,320.18,319.6,319.845,5617
SNOW,2026-09-01,14:18,320.08,320.08,319.69,319.855,2143
SNOW,2026-09-01,14:19,319.9,319.94,319.79,319.94,2273
SNOW,2026-09-01,14:20,319.95,320.015,319.87,319.87,1450
SNOW,2026-09-01,14:21,319.96,319.96,319.77,319.77,3023
SNOW,2026-09-01,14:22,319.8,320.16,319.78,319.995,4585
SNOW,2026-09-01,14:23,320.08,320.08,319.32,319.32,4113
SNOW,2026-09-01,14:24,319.22,319.43,319.14,319.42,4812
SNOW,2026-09-01,14:25,319.39,319.68,319.39,319.68,20206
SNOW,2026-09-01,14:26,319.72,319.72,319.57,319.65,3548
SNOW,2026-09-01,14:27,319.72,319.91,319.63,319.63,4589
SNOW,2026-09-01,14:28,319.76,319.76,319.57,319.595,6616
SNOW,2026-09-01,14:29,319.68,319.68,319.305,319.475,5540
SNOW,2026-09-01,14:30,319.61,319.61,319.2933,319.2933,3447
SNOW,2026-09-01,14:31,319.41,319.455,319.11,319.255,5964
SNOW,2026-09-01,14:32,319.33,319.33,318.8,318.92,11450
SNOW,2026-09-01,14:33,319.06,319.06,318.65,318.65,2481
SNOW,2026-09-01,14:34,318.69,318.69,318.1,318.33,7971
SNOW,2026-09-01,14:35,318.355,318.64,318.355,318.64,6103
SNOW,2026-09-01,14:36,318.61,318.63,318.61,318.63,3699
SNOW,2026-09-01,14:37,318.63,318.63,318.32,318.48,3742
SNOW,2026-09-01,14:38,318.46,318.46,318.4,318.41,1250
SNOW,2026-09-01,14:39,318.5,318.5,318.4,318.42,2813
SNOW,2026-09-01,14:40,318.415,318.415,318.13,318.18,5523
SNOW,2026-09-01,14:41,318.26,318.31,318.175,318.31,5330
SNOW,2026-09-01,14:42,318.4,318.4,318.1,318.12,1565
SNOW,2026-09-01,14:43,318.28,318.28,317.82,317.9,20414
SNOW,2026-09-01,14:44,317.915,318.38,317.91,318.285,10886
SNOW,2026-09-01,14:45,318.38,318.38,318.2,318.355,2706
SNOW,2026-09-01,14:46,318.48,318.495,318.252,318.4,5014
SNOW,2026-09-01,14:47,318.48,318.71,318.321,318.52,9488
SNOW,2026-09-01,14:48,318.59,318.64,318.32,318.425,6619
SNOW,2026-09-01,14:49,318.53,318.62,318.14,318.535,24155
SNOW,2026-09-01,14:50,318.7,318.7,318.37,318.405,2476
SNOW,2026-09-01,14:51,318.46,318.555,318.41,318.41,7223
SNOW,2026-09-01,14:52,318.32,318.42,318.125,318.155,8018
SNOW,2026-09-01,14:53,318.12,318.12,318.01,318.11,4716
SNOW,2026-09-01,14:54,318.11,318.66,318.03,318.495,34311
SNOW,2026-09-01,14:55,318.495,318.69,318.385,318.535,4904
SNOW,2026-09-01,14:56,318.69,319.01,318.62,318.99,19181
SNOW,2026-09-01,14:57,319.025,319.2,318.9,319.145,12790
SNOW,2026-09-01,14:58,319.145,319.145,318.7,318.805,11764
SNOW,2026-09-01,14:59,318.99,318.99,318.64,318.79,13319
SNOW,2026-09-01,15:00,318.88,318.88,318.73,318.745,3672
SNOW,2026-09-01,15:01,318.745,319.33,318.66,318.98,28735
SNOW,2026-09-01,15:02,319.05,319.2,318.935,319.085,3820
SNOW,2026-09-01,15:03,319.17,319.25,318.66,319.065,27033
SNOW,2026-09-01,15:04,319.13,319.26,318.9601,319.08,6253
SNOW,2026-09-01,15:05,319.095,319.095,318.76,319,6517
SNOW,2026-09-01,15:06,318.76,319.09,318.73,318.96,11219
SNOW,2026-09-01,15:07,318.81,318.95,318.77,318.86,7231
SNOW,2026-09-01,15:08,318.92,319.13,318.5,319.13,28041
SNOW,2026-09-01,15:09,319.22,319.225,318.8401,319.225,17843
SNOW,2026-09-01,15:10,319.31,319.66,319.17,319.4,12482
SNOW,2026-09-01,15:11,319.5,319.52,319.4,319.4,5672
SNOW,2026-09-01,15:12,319.49,319.49,319.04,319.3192,10590
SNOW,2026-09-01,15:13,319.36,319.46,319.185,319.41,10873
SNOW,2026-09-01,15:14,319.56,319.83,319.35,319.805,10739
SNOW,2026-09-01,15:15,319.805,319.84,319.65,319.75,11933
SNOW,2026-09-01,15:16,319.86,319.86,319.47,319.63,9173
SNOW,2026-09-01,15:17,319.69,319.78,319.5745,319.67,14003
SNOW,2026-09-01,15:18,319.8,319.8,319.56,319.63,5329
SNOW,2026-09-01,15:19,319.67,319.75,319.44,319.63,11151
SNOW,2026-09-01,15:20,319.76,319.96,319.565,319.63,10291
SNOW,2026-09-01,15:21,319.54,319.765,319.54,319.635,8953
SNOW,2026-09-01,15:22,319.68,319.77,319.44,319.44,7932
SNOW,2026-09-01,15:23,319.43,319.69,319.3,319.44,14398
SNOW,2026-09-01,15:24,319.46,319.53,319.37,319.38,6409
SNOW,2026-09-01,15:25,319.44,319.51,319.22,319.34,21428
SNOW,2026-09-01,15:26,319.41,319.41,319.305,319.305,2140
SNOW,2026-09-01,15:27,319.37,319.38,319.2,319.38,12113
SNOW,2026-09-01,15:28,319.43,319.495,319.385,319.495,3637
SNOW,2026-09-01,15:29,319.6,319.68,319.405,319.52,11766
SNOW,2026-09-01,15:30,319.67,319.67,319.25,319.32,7775
SNOW,2026-09-01,15:31,319.42,319.42,319.11,319.24,14933
SNOW,2026-09-01,15:32,319.35,319.5,319.215,319.44,4983
SNOW,2026-09-01,15:33,319.44,319.5,319.26,319.35,8542
SNOW,2026-09-01,15:34,319.4,320.01,319.33,320.01,25112
SNOW,2026-09-01,15:35,319.83,319.99,319.79,319.9,8950
SNOW,2026-09-01,15:36,319.97,319.97,319.54,319.61,5041
SNOW,2026-09-01,15:37,319.6125,319.94,319.6125,319.875,10233
SNOW,2026-09-01,15:38,320.02,320.06,319.94,319.975,12812
SNOW,2026-09-01,15:39,320.08,320.615,319.96,320.37,16435
SNOW,2026-09-01,15:40,320.53,320.53,319.955,320.25,16671
SNOW,2026-09-01,15:41,320.25,320.28,320.1,320.175,9585
SNOW,2026-09-01,15:42,320.175,320.21,319.57,319.685,16541
SNOW,2026-09-01,15:43,319.8,319.8,319.445,319.6,25376
SNOW,2026-09-01,15:44,319.68,319.68,319.01,319.13,29325
SNOW,2026-09-01,15:45,319.17,319.62,319.05,319.195,14957
SNOW,2026-09-01,15:46,319.26,319.54,319.07,319.335,13186
SNOW,2026-09-01,15:47,319.38,319.53,319.36,319.46,10936
SNOW,2026-09-01,15:48,319.52,319.64,319.41,319.52,12690
SNOW,2026-09-01,15:49,319.525,319.95,319.4301,319.83,10129
SNOW,2026-09-01,15:50,320,320.24,319.7,320.24,15395
SNOW,2026-09-01,15:51,320.24,320.35,320.04,320.04,19836
SNOW,2026-09-01,15:52,320.09,320.09,319.85,319.92,14556
SNOW,2026-09-01,15:53,319.97,320.08,319.72,319.72,21133
SNOW,2026-09-01,15:54,319.72,320,319.685,319.97,17123
SNOW,2026-09-01,15:55,319.99,320.07,319.5,319.67,39508
SNOW,2026-09-01,15:56,319.72,319.72,319.33,319.42,33790
SNOW,2026-09-01,15:57,319.5,319.56,319.255,319.47,52931
SNOW,2026-09-01,15:58,319.47,319.51,318.84,319.27,79845
SNOW,2026-09-01,15:59,319.36,320.015,319.18,319.95,115805
SNOW,2026-09-02,09:30,310.54,313.095,310.1,311.89,208749
SNOW,2026-09-02,09:31,311.1,314.9899,310.6608,312.975,20443
SNOW,2026-09-02,09:32,312.5063,312.96,311.61,312.0275,21197
SNOW,2026-09-02,09:33,312.25,312.4,310.231,311.335,23319
SNOW,2026-09-02,09:34,311.22,311.61,310.46,310.73,21646
SNOW,2026-09-02,09:35,310.73,311.86,310.3505,310.855,28723
SNOW,2026-09-02,09:36,311.36,311.585,309.255,309.55,39358
SNOW,2026-09-02,09:37,309.54,310.26,308.79,309.93,29982
SNOW,2026-09-02,09:38,309.5,309.685,308.54,309.29,27618
SNOW,2026-09-02,09:39,309.26,309.26,308.55,309.145,13786
SNOW,2026-09-02,09:40,309.145,311.5,308.95,311.5,26020
SNOW,2026-09-02,09:41,310.94,311.16,308.63,308.945,19293
SNOW,2026-09-02,09:42,308.78,311,308.78,310.515,13557
SNOW,2026-09-02,09:43,310.515,310.52,309.7,309.97,14535
SNOW,2026-09-02,09:44,310.08,310.535,309.54,310.535,17766
SNOW,2026-09-02,09:45,310.525,311.7099,310.4178,310.505,23343
SNOW,2026-09-02,09:46,310.51,311.6499,310.5,311.005,11661
SNOW,2026-09-02,09:47,311.49,311.88,311.1336,311.1336,9393
SNOW,2026-09-02,09:48,311.335,311.72,311.03,311.705,11887
SNOW,2026-09-02,09:49,311.71,311.99,310.86,311.075,12431
SNOW,2026-09-02,09:50,311.15,311.36,310.825,311.1044,9579
SNOW,2026-09-02,09:51,311.2,311.24,310.58,311.18,20619
SNOW,2026-09-02,09:52,310.88,311.1199,310.3,310.7375,7067
SNOW,2026-09-02,09:53,310.7275,311.43,310.7275,311,6071
SNOW,2026-09-02,09:54,310.7441,312,310.6601,311.9,13260
SNOW,2026-09-02,09:55,311.635,311.89,311.27,311.7,13167
SNOW,2026-09-02,09:56,311.86,312.59,311.805,312.3159,23705
SNOW,2026-09-02,09:57,312.595,312.6636,311.73,312.04,22303
SNOW,2026-09-02,09:58,312.035,312.3,311.31,311.365,44501
SNOW,2026-09-02,09:59,311.365,312.07,311.055,312.07,11363
SNOW,2026-09-02,10:00,311.655,312.7599,311.46,312.335,12637
SNOW,2026-09-02,10:01,312.405,312.41,311.3,311.3,28754
SNOW,2026-09-02,10:02,311.26,312.12,311.255,311.645,6300
SNOW,2026-09-02,10:03,311.8,311.87,311.37,311.37,16400
SNOW,2026-09-02,10:04,311.61,311.99,311.24,311.99,11052
SNOW,2026-09-02,10:05,312.64,314.18,312.6025,313.53,16203
SNOW,2026-09-02,10:06,313.36,313.46,312.8,313.075,13942
SNOW,2026-09-02,10:07,313.075,313.32,312.71,313.045,3892
SNOW,2026-09-02,10:08,313.045,313.48,312.885,312.885,6372
SNOW,2026-09-02,10:09,312.885,313.999,312.885,313.175,6769
SNOW,2026-09-02,10:10,313.105,314.235,313.1,314,20210
SNOW,2026-09-02,10:11,313.885,313.953,313.26,313.3101,12344
SNOW,2026-09-02,10:12,313.595,313.87,313.05,313.39,11939
SNOW,2026-09-02,10:13,313.48,313.48,312.535,312.665,14496
SNOW,2026-09-02,10:14,312.7325,312.8125,311.8125,311.9,7451
SNOW,2026-09-02,10:15,311.79,312.3668,311.79,312.0525,8475
SNOW,2026-09-02,10:16,312.1,312.36,311.781,312.04,23786
SNOW,2026-09-02,10:17,312.115,312.21,311.84,312.02,11823
SNOW,2026-09-02,10:18,312.2,312.3625,311.84,312.3625,10911
SNOW,2026-09-02,10:19,312.1712,312.5157,311.815,312.215,8906
SNOW,2026-09-02,10:20,312.215,313.32,311.8801,313.32,6293
SNOW,2026-09-02,10:21,313.205,313.49,312.682,313.18,8193
SNOW,2026-09-02,10:22,313.01,313.74,313,313.65,5565
SNOW,2026-09-02,10:23,313.645,313.8094,313.305,313.8094,15097
SNOW,2026-09-02,10:24,313.545,313.955,313.3501,313.3725,6676
SNOW,2026-09-02,10:25,313.525,313.945,313.3601,313.945,5833
SNOW,2026-09-02,10:26,313.95,314.38,313.95,314.36,9529
SNOW,2026-09-02,10:27,314.285,314.765,314.285,314.64,14039
SNOW,2026-09-02,10:28,314.78,314.82,314.5486,314.75,8728
SNOW,2026-09-02,10:29,314.75,315.3,314.67,314.825,11625
SNOW,2026-09-02,10:30,314.915,315.3,314.5701,315.25,8426
SNOW,2026-09-02,10:31,315.25,315.285,314.45,314.89,23175
SNOW,2026-09-02,10:32,314.895,315.2099,314.66,314.74,6585
SNOW,2026-09-02,10:33,314.83,315.17,314.735,314.945,16159
SNOW,2026-09-02,10:34,314.945,315.87,314.945,315.87,7010
SNOW,2026-09-02,10:35,315.97,316.195,315.76,315.975,11045
SNOW,2026-09-02,10:36,315.97,316.58,315.97,316.29,10010
SNOW,2026-09-02,10:37,316.38,316.5,316.09,316.315,11718
SNOW,2026-09-02,10:38,316.2904,316.78,316.06,316.59,12178
SNOW,2026-09-02,10:39,316.525,316.93,316.29,316.755,16790
SNOW,2026-09-02,10:40,316.845,317.21,316.7674,317.075,25126
SNOW,2026-09-02,10:41,317.095,317.76,316.99,317.215,45830
SNOW,2026-09-02,10:42,317.15,317.2,316.5199,317.2,11114
SNOW,2026-09-02,10:43,317.245,318.58,317.245,318.57,30065
SNOW,2026-09-02,10:44,318.58,318.78,318.36,318.51,8304
SNOW,2026-09-02,10:45,318.52,319.25,318.2501,318.9,40740
SNOW,2026-09-02,10:46,318.84,318.93,317.94,318.38,63426
SNOW,2026-09-02,10:47,318.1901,318.749,318.1901,318.525,68251
SNOW,2026-09-02,10:48,318.4219,318.51,318.0001,318.095,30735
SNOW,2026-09-02,10:49,318.1,318.55,317.525,317.525,109440
SNOW,2026-09-02,10:50,317.4,317.455,316.79,316.83,10228
SNOW,2026-09-02,10:51,316.78,317.26,316.44,317.24,24098
SNOW,2026-09-02,10:52,317.04,317.25,316.67,316.7601,49108
SNOW,2026-09-02,10:53,316.76,316.97,316.63,316.84,6867
SNOW,2026-09-02,10:54,316.56,316.56,315.54,315.755,15655
SNOW,2026-09-02,10:55,315.755,316,314.62,314.79,21393
SNOW,2026-09-02,10:56,314.765,314.88,313.66,313.69,18038
SNOW,2026-09-02,10:57,313.745,314.2475,313.01,314.195,102874
SNOW,2026-09-02,10:58,314.185,314.185,313.24,313.575,28506
SNOW,2026-09-02,10:59,313.575,313.8,312.72,313.155,11120
SNOW,2026-09-02,11:00,313.135,313.41,312.8,312.995,8614
SNOW,2026-09-02,11:01,313.08,313.41,312.8364,313.28,130276
SNOW,2026-09-02,11:02,313.2,313.3281,312.99,313.025,5002
SNOW,2026-09-02,11:03,313.072,313.072,312.59,312.59,34955
SNOW,2026-09-02,11:04,312.51,313.06,312.1,312.325,115908
SNOW,2026-09-02,11:05,312.29,312.33,312.1101,312.33,3166
SNOW,2026-09-02,11:06,312.33,312.7,312.33,312.34,24356
SNOW,2026-09-02,11:07,312.44,312.88,312.225,312.4215,22793
SNOW,2026-09-02,11:08,312.36,312.97,312.36,312.815,6584
SNOW,2026-09-02,11:09,312.8,313.5099,312.61,313.29,12509
SNOW,2026-09-02,11:10,312.995,313.47,312.965,313,7927
SNOW,2026-09-02,11:11,313.045,313.1,312.7244,313,4861
SNOW,2026-09-02,11:12,313.07,313.86,313.07,313.6,8469
SNOW,2026-09-02,11:13,313.62,313.67,312.91,313.16,7231
SNOW,2026-09-02,11:14,312.98,313.425,312.98,313.37,5639
SNOW,2026-09-02,11:15,313.1,313.2,312.5,312.7,40839
SNOW,2026-09-02,11:16,312.45,312.57,311.61,311.76,12047
SNOW,2026-09-02,11:17,311.76,312.275,311.745,312.155,22881
SNOW,2026-09-02,11:18,312.31,312.34,311.8,312.095,7873
SNOW,2026-09-02,11:19,312.27,312.345,312.03,312.335,8449
SNOW,2026-09-02,11:20,312.14,312.51,312.14,312.175,8742
SNOW,2026-09-02,11:21,312.165,312.88,311.91,312.4125,52317
SNOW,2026-09-02,11:22,312.4325,312.925,312.25,312.25,11575
SNOW,2026-09-02,11:23,312.2667,312.37,311.9401,311.95,8992
SNOW,2026-09-02,11:24,312,312,311.55,311.625,5383
SNOW,2026-09-02,11:25,311.624,311.63,311.1501,311.42,12310
SNOW,2026-09-02,11:26,311.42,311.42,310.855,311.05,10478
SNOW,2026-09-02,11:27,311.09,311.13,310.65,310.84,10695
SNOW,2026-09-02,11:28,310.98,310.98,310.485,310.7,6439
SNOW,2026-09-02,11:29,310.6,310.61,309.67,309.67,18411
SNOW,2026-09-02,11:30,309.7299,310.4,309.655,310.26,16495
SNOW,2026-09-02,11:31,310.25,310.88,310.25,310.5951,9239
SNOW,2026-09-02,11:32,310.595,310.6,310.1417,310.3699,7778
SNOW,2026-09-02,11:33,310.22,310.22,309.37,309.58,15697
SNOW,2026-09-02,11:34,309.31,309.68,309.3,309.475,11807
SNOW,2026-09-02,11:35,309.475,309.84,309.25,309.84,8973
SNOW,2026-09-02,11:36,309.83,310.11,309.83,309.97,5822
SNOW,2026-09-02,11:37,309.87,310.01,309.7801,309.85,8033
SNOW,2026-09-02,11:38,309.92,309.92,309.26,309.39,12610
SNOW,2026-09-02,11:39,309.2,309.41,309.16,309.25,12184
SNOW,2026-09-02,11:40,309.18,309.82,309.18,309.675,9022
SNOW,2026-09-02,11:41,309.5501,309.82,309.53,309.645,9978
SNOW,2026-09-02,11:42,309.65,309.65,309.1401,309.56,9726
SNOW,2026-09-02,11:43,309.3,309.37,308.52,308.88,22947
SNOW,2026-09-02,11:44,308.875,309.38,308.78,309.1106,15794
SNOW,2026-09-02,11:45,309.18,309.18,308.59,308.73,10181
SNOW,2026-09-02,11:46,308.6725,308.935,308.415,308.52,26899
SNOW,2026-09-02,11:47,308.6,308.6,308.15,308.27,17675
SNOW,2026-09-02,11:48,308.31,308.475,307.9,308.17,25515
SNOW,2026-09-02,11:49,308.0225,308.09,307.4281,307.47,30836
SNOW,2026-09-02,11:50,307.43,307.61,306.51,306.895,51576
SNOW,2026-09-02,11:51,306.89,307.6498,306.77,306.91,24392
SNOW,2026-09-02,11:52,306.89,307.395,306.41,307.395,20247
SNOW,2026-09-02,11:53,307.395,307.4,306.7,306.97,17963
SNOW,2026-09-02,11:54,307.1799,307.18,305.63,305.675,21808
SNOW,2026-09-02,11:55,305.81,305.95,305.13,305.67,29142
SNOW,2026-09-02,11:56,305.695,305.96,305.62,305.96,13450
SNOW,2026-09-02,11:57,305.87,306.08,305.59,305.81,18200
SNOW,2026-09-02,11:58,306.225,306.48,305.93,305.93,21685
SNOW,2026-09-02,11:59,306.17,306.6299,306.03,306.18,32558
SNOW,2026-09-02,12:00,306.18,306.32,305.91,306.1,22283
SNOW,2026-09-02,12:01,306.21,306.77,306.2,306.51,18428
SNOW,2026-09-02,12:02,306.57,307.33,306.3,307.1,18724
SNOW,2026-09-02,12:03,306.9463,307.09,306.51,306.72,5938
SNOW,2026-09-02,12:04,306.76,307.09,306.69,307.05,22532
SNOW,2026-09-02,12:05,307.12,307.4052,306.93,307.15,19885
SNOW,2026-09-02,12:06,307.16,307.3999,306.6,306.6,11592
SNOW,2026-09-02,12:07,306.665,306.71,306.46,306.52,9532
SNOW,2026-09-02,12:08,306.54,306.545,306.08,306.215,9956
SNOW,2026-09-02,12:09,306.22,306.63,306.0005,306.36,18511
SNOW,2026-09-02,12:10,306.36,306.9999,306.36,306.715,8205
SNOW,2026-09-02,12:11,306.72,306.725,306.36,306.36,8331
SNOW,2026-09-02,12:12,306.33,306.495,306.16,306.465,6063
SNOW,2026-09-02,12:13,306.46,306.685,306.33,306.395,10038
SNOW,2026-09-02,12:14,306.595,306.595,306.2469,306.55,12641
SNOW,2026-09-02,12:15,306.68,306.9999,306.64,306.85,14226
SNOW,2026-09-02,12:16,306.92,306.92,306.145,306.6275,31576
SNOW,2026-09-02,12:17,306.6275,306.9487,306.48,306.9487,13537
SNOW,2026-09-02,12:18,306.94,307.04,306.77,307.04,13897
SNOW,2026-09-02,12:19,307.04,307.04,306.4782,306.645,6385
SNOW,2026-09-02,12:20,306.53,306.8,306.53,306.7,12903
SNOW,2026-09-02,12:21,306.75,306.75,306.24,306.315,16210
SNOW,2026-09-02,12:22,306.315,307.01,306.315,306.71,14211
SNOW,2026-09-02,12:23,306.685,307,306.645,306.895,7669
SNOW,2026-09-02,12:24,306.915,307.05,306.59,307.015,19832
SNOW,2026-09-02,12:25,306.81,306.9656,306.6,306.76,14948
SNOW,2026-09-02,12:26,306.76,307.02,306.66,306.77,12268
SNOW,2026-09-02,12:27,306.7,306.77,306.3701,306.565,9666
SNOW,2026-09-02,12:28,306.565,306.67,306.295,306.36,12914
SNOW,2026-09-02,12:29,306.36,306.5,306.29,306.31,8968
SNOW,2026-09-02,12:30,306.24,306.52,306.13,306.42,11215
SNOW,2026-09-02,12:31,306.395,306.65,306.32,306.38,12405
SNOW,2026-09-02,12:32,306.36,306.47,306.2,306.28,8355
SNOW,2026-09-02,12:33,306.32,306.34,306.13,306.215,7278
SNOW,2026-09-02,12:34,306.26,306.42,306.1443,306.21,8351
SNOW,2026-09-02,12:35,306.13,306.2,305.8801,305.985,25873
SNOW,2026-09-02,12:36,305.9,306.0825,305.9,306.035,20527
SNOW,2026-09-02,12:37,306.035,306.84,306,306.75,24828
SNOW,2026-09-02,12:38,306.89,307.4865,306.67,307.4539,15804
SNOW,2026-09-02,12:39,307.395,307.6525,307.3,307.555,10371
SNOW,2026-09-02,12:40,307.555,307.585,307.13,307.36,17928
SNOW,2026-09-02,12:41,307.365,307.76,307.365,307.67,11230
SNOW,2026-09-02,12:42,307.68,307.69,306.95,307.29,14184
SNOW,2026-09-02,12:43,307.285,307.285,306.7,306.76,9328
SNOW,2026-09-02,12:44,306.775,306.775,305.88,305.935,18548
SNOW,2026-09-02,12:45,305.9775,306.32,305.75,306.065,12858
SNOW,2026-09-02,12:46,306.04,306.35,306.035,306.255,10381
SNOW,2026-09-02,12:47,306.26,306.26,305.75,305.895,9913
SNOW,2026-09-02,12:48,305.91,306.065,305.67,305.685,9193
SNOW,2026-09-02,12:49,305.685,306.105,305.685,306.03,10510
SNOW,2026-09-02,12:50,305.97,305.97,305.66,305.675,5217
SNOW,2026-09-02,12:51,305.59,305.62,305.3,305.455,16215
SNOW,2026-09-02,12:52,305.59,305.86,305.445,305.74,10935
SNOW,2026-09-02,12:53,305.87,305.9874,305.82,305.855,5038
SNOW,2026-09-02,12:54,305.855,305.86,305.5,305.58,8967
SNOW,2026-09-02,12:55,305.59,305.81,305.5001,305.805,5989
SNOW,2026-09-02,12:56,305.71,305.789,305.645,305.71,2941
SNOW,2026-09-02,12:57,305.79,305.885,305.79,305.885,3720
SNOW,2026-09-02,12:58,305.885,305.885,305.2,305.22,20461
SNOW,2026-09-02,12:59,305.16,305.29,305.09,305.18,7494
SNOW,2026-09-02,13:00,305.175,305.175,304.3201,304.81,28372
SNOW,2026-09-02,13:01,304.9799,305.0723,304.6958,304.85,10101
SNOW,2026-09-02,13:02,304.82,305.48,304.82,305.324,8965
SNOW,2026-09-02,13:03,305.47,305.49,304.84,304.896,5198
SNOW,2026-09-02,13:04,304.83,305.05,304.76,304.8605,6460
SNOW,2026-09-02,13:05,304.92,305.12,304.92,305.06,5017
SNOW,2026-09-02,13:06,305,305.01,304.511,304.65,9930
SNOW,2026-09-02,13:07,304.71,304.71,303.89,304.4,20036
SNOW,2026-09-02,13:08,304.3344,305,304.3344,304.8936,5078
SNOW,2026-09-02,13:09,304.915,304.935,304.84,304.91,4258
SNOW,2026-09-02,13:10,305.01,305.5023,304.93,305.5023,13380
SNOW,2026-09-02,13:11,305.58,305.72,305.39,305.6607,14590
SNOW,2026-09-02,13:12,305.74,305.76,305.6401,305.74,7447
SNOW,2026-09-02,13:13,305.74,305.97,305.66,305.81,13740
SNOW,2026-09-02,13:14,305.835,306.02,305.835,305.975,8155
SNOW,2026-09-02,13:15,305.87,305.912,305.785,305.87,5667
SNOW,2026-09-02,13:16,305.83,305.83,304.85,304.92,10351
SNOW,2026-09-02,13:17,304.91,305.125,304.89,305.07,13813
SNOW,2026-09-02,13:18,305.2246,305.31,304.6401,304.74,37880
SNOW,2026-09-02,13:19,304.87,305.1597,304.6405,305.035,12696
SNOW,2026-09-02,13:20,305.17,305.17,305.04,305.11,7778
SNOW,2026-09-02,13:21,305.115,305.3743,305.0038,305.3743,8935
SNOW,2026-09-02,13:22,305.46,305.705,305.46,305.5525,20595
SNOW,2026-09-02,13:23,305.47,305.48,304.98,305.17,16836
SNOW,2026-09-02,13:24,305.05,305.06,304.75,304.76,5091
SNOW,2026-09-02,13:25,304.815,305.57,304.76,305.36,19625
SNOW,2026-09-02,13:26,305.25,305.44,305.16,305.32,8659
SNOW,2026-09-02,13:27,305.25,305.35,305.2,305.34,7741
SNOW,2026-09-02,13:28,305.43,305.65,305.27,305.56,14029
SNOW,2026-09-02,13:29,305.66,306.0399,305.26,305.74,16442
SNOW,2026-09-02,13:30,305.6925,305.83,305.36,305.75,10903
SNOW,2026-09-02,13:31,305.87,306.02,305.72,305.795,5805
SNOW,2026-09-02,13:32,305.8,306.01,305.8,305.92,6425
SNOW,2026-09-02,13:33,305.83,306.08,305.795,306,11408
SNOW,2026-09-02,13:34,306.065,306.38,306.065,306.35,9383
SNOW,2026-09-02,13:35,306.35,306.68,306.34,306.36,17674
SNOW,2026-09-02,13:36,306.31,306.315,305.77,306.275,8073
SNOW,2026-09-02,13:37,306.11,306.1714,305.9101,306.06,3862
SNOW,2026-09-02,13:38,306.075,306.11,305.98,306,3463
SNOW,2026-09-02,13:39,306.04,306.17,305.97,306.145,7772
SNOW,2026-09-02,13:40,306.1,306.55,305.92,306.55,14812
SNOW,2026-09-02,13:41,306.455,306.52,306.12,306.12,7442
SNOW,2026-09-02,13:42,306.1545,306.2025,305.995,305.995,4507
SNOW,2026-09-02,13:43,305.995,306.1,305.94,305.995,6525
SNOW,2026-09-02,13:44,305.995,305.995,305.61,305.61,10375
SNOW,2026-09-02,13:45,305.64,306.205,305.57,306.205,19408
SNOW,2026-09-02,13:46,306.185,306.25,306.015,306.015,6781
SNOW,2026-09-02,13:47,306.01,306.3,305.89,306.2586,15430
SNOW,2026-09-02,13:48,306.27,306.27,306.1064,306.138,3787
SNOW,2026-09-02,13:49,306.17,306.36,306,306.08,24046
SNOW,2026-09-02,13:50,306.03,306.19,306.03,306.19,5420
SNOW,2026-09-02,13:51,306.2,306.625,306.2,306.625,9591
SNOW,2026-09-02,13:52,306.66,306.9999,306.66,306.855,10589
SNOW,2026-09-02,13:53,306.75,306.9119,306.72,306.72,10123
SNOW,2026-09-02,13:54,306.9395,306.94,306.39,306.39,17317
SNOW,2026-09-02,13:55,306.48,306.97,306.455,306.8,13549
SNOW,2026-09-02,13:56,306.83,306.8375,306.4694,306.4694,8566
SNOW,2026-09-02,13:57,306.61,307.28,306.6,307.28,7561
SNOW,2026-09-02,13:58,307.33,307.755,307.33,307.755,13626
SNOW,2026-09-02,13:59,307.53,307.53,307.13,307.26,6779
SNOW,2026-09-02,14:00,307.27,307.44,307.0502,307.44,4834
SNOW,2026-09-02,14:01,307.3,307.5,306.825,306.905,9895
SNOW,2026-09-02,14:02,306.905,307.205,306.895,307.205,2362
SNOW,2026-09-02,14:03,307.29,307.42,307.18,307.42,9599
SNOW,2026-09-02,14:04,307.3301,307.56,307.3301,307.39,7375
SNOW,2026-09-02,14:05,307.32,307.54,307.31,307.54,6633
SNOW,2026-09-02,14:06,307.555,307.7,307.44,307.63,6440
SNOW,2026-09-02,14:07,307.65,307.715,307.31,307.31,11282
SNOW,2026-09-02,14:08,307.4,307.54,307.32,307.5,7497
SNOW,2026-09-02,14:09,307.48,307.6149,307.3206,307.5,4009
SNOW,2026-09-02,14:10,307.51,307.5936,307.32,307.4,10846
SNOW,2026-09-02,14:11,307.41,307.49,307.18,307.23,12698
SNOW,2026-09-02,14:12,307.28,307.36,307.09,307.09,15855
SNOW,2026-09-02,14:13,307.09,307.26,306.98,307.12,13998
SNOW,2026-09-02,14:14,307.255,307.2599,306.86,306.86,6452
SNOW,2026-09-02,14:15,306.7,307.16,306.7,307.06,15893
SNOW,2026-09-02,14:16,307.19,307.58,306.9458,307.43,11580
SNOW,2026-09-02,14:17,307.43,307.44,307.01,307.32,7454
SNOW,2026-09-02,14:18,307.315,307.57,307.01,307.28,20404
SNOW,2026-09-02,14:19,307.29,307.49,307.224,307.415,4766
SNOW,2026-09-02,14:20,307.455,307.466,307.26,307.26,4395
SNOW,2026-09-02,14:21,307.26,307.45,307.1,307.44,7333
SNOW,2026-09-02,14:22,307.5299,307.69,307.31,307.64,14076
SNOW,2026-09-02,14:23,307.65,307.69,307.53,307.69,6181
SNOW,2026-09-02,14:24,307.74,308.06,307.69,308.06,12467
SNOW,2026-09-02,14:25,308.06,308.11,307.84,308.056,11181
SNOW,2026-09-02,14:26,308.04,308.04,307.72,307.86,8636
SNOW,2026-09-02,14:27,307.865,308.22,307.3301,307.525,20933
SNOW,2026-09-02,14:28,307.52,307.52,307.2498,307.4,4162
SNOW,2026-09-02,14:29,307.42,307.42,306.7901,307,10257
SNOW,2026-09-02,14:30,306.82,307.18,306.645,307.085,15450
SNOW,2026-09-02,14:31,307.05,307.12,306.76,306.76,4168
SNOW,2026-09-02,14:32,306.925,307.0337,306.7699,306.945,5186
SNOW,2026-09-02,14:33,306.87,307.05,306.42,306.895,38430
SNOW,2026-09-02,14:34,306.9024,307,306.625,306.755,6427
SNOW,2026-09-02,14:35,306.755,306.755,306.24,306.545,13775
SNOW,2026-09-02,14:36,306.4325,306.5,306.18,306.35,14786
SNOW,2026-09-02,14:37,306.368,306.94,306.235,306.835,21075
SNOW,2026-09-02,14:38,306.84,307.125,306.575,306.69,10093
SNOW,2026-09-02,14:39,306.5522,306.7006,306.5,306.545,5791
SNOW,2026-09-02,14:40,306.64,306.665,306.29,306.665,7849
SNOW,2026-09-02,14:41,306.6,307,306.585,306.82,8994
SNOW,2026-09-02,14:42,306.82,306.82,306.52,306.73,14058
SNOW,2026-09-02,14:43,306.84,307.15,306.66,306.97,9564
SNOW,2026-09-02,14:44,307,307.1978,306.7,306.82,7047
SNOW,2026-09-02,14:45,306.7,307.19,306.7,307.08,9260
SNOW,2026-09-02,14:46,307.0103,307.32,306.91,307.32,8940
SNOW,2026-09-02,14:47,307.165,307.32,307.05,307.24,8126
SNOW,2026-09-02,14:48,307.17,307.31,307.1496,307.31,7555
SNOW,2026-09-02,14:49,307.26,307.458,307.115,307.38,12774
SNOW,2026-09-02,14:50,307.5,307.91,307.455,307.755,37187
SNOW,2026-09-02,14:51,307.755,307.8999,307.6,307.645,21880
SNOW,2026-09-02,14:52,307.55,307.67,307.265,307.59,7195
SNOW,2026-09-02,14:53,307.499,307.545,307.34,307.45,5974
SNOW,2026-09-02,14:54,307.37,307.37,307.08,307.27,13498
SNOW,2026-09-02,14:55,307.275,307.48,307.1,307.225,13986
SNOW,2026-09-02,14:56,307.35,307.49,307.16,307.245,13848
SNOW,2026-09-02,14:57,307.37,307.425,306.85,306.98,173092
SNOW,2026-09-02,14:58,306.96,307.12,306.8875,306.975,6046
SNOW,2026-09-02,14:59,307.01,307.09,306.9446,306.9446,7389
SNOW,2026-09-02,15:00,307.0982,308.38,306.95,307.65,20984
SNOW,2026-09-02,15:01,307.65,308.05,307.46,307.89,9820
SNOW,2026-09-02,15:02,307.895,308.9799,307.7901,308.805,22360
SNOW,2026-09-02,15:03,308.9198,309.2975,308.86,309.095,16902
SNOW,2026-09-02,15:04,308.94,309.7207,308.92,309.65,11179
SNOW,2026-09-02,15:05,309.61,309.88,309.25,309.61,16388
SNOW,2026-09-02,15:06,309.75,309.88,309.3,309.4,11803
SNOW,2026-09-02,15:07,309.285,309.59,309.01,309.42,17805
SNOW,2026-09-02,15:08,309.435,309.58,308.545,308.745,17296
SNOW,2026-09-02,15:09,308.745,309.13,308.6937,308.9835,8679
SNOW,2026-09-02,15:10,308.83,309.04,308.77,308.92,6757
SNOW,2026-09-02,15:11,308.79,309.25,308.525,308.59,30833
SNOW,2026-09-02,15:12,308.41,309.17,308.41,308.98,14966
SNOW,2026-09-02,15:13,308.81,308.88,308.35,308.515,16728
SNOW,2026-09-02,15:14,308.505,308.69,308.0001,308.07,16666
SNOW,2026-09-02,15:15,308.155,308.6199,308.155,308.465,20259
SNOW,2026-09-02,15:16,308.42,308.91,308.365,308.7,17638
SNOW,2026-09-02,15:17,308.76,308.81,308.46,308.59,18325
SNOW,2026-09-02,15:18,308.65,308.65,308.37,308.43,5752
SNOW,2026-09-02,15:19,308.425,308.66,308.32,308.59,23626
SNOW,2026-09-02,15:20,308.52,308.82,308.5,308.62,19361
SNOW,2026-09-02,15:21,308.625,308.83,308.38,308.745,25558
SNOW,2026-09-02,15:22,308.63,308.9,308.59,308.735,15980
SNOW,2026-09-02,15:23,308.735,308.85,308.1725,308.18,22765
SNOW,2026-09-02,15:24,308.0795,308.84,308.0795,308.72,18333
SNOW,2026-09-02,15:25,308.74,309.25,308.53,308.58,16711
SNOW,2026-09-02,15:26,308.595,308.73,308.465,308.655,26791
SNOW,2026-09-02,15:27,308.655,309.14,308.641,309.14,24964
SNOW,2026-09-02,15:28,308.985,309.58,308.985,309.36,16412
SNOW,2026-09-02,15:29,309.36,309.49,309.05,309.375,15491
SNOW,2026-09-02,15:30,309.375,309.395,308.53,308.585,19335
SNOW,2026-09-02,15:31,308.5,308.86,308.435,308.725,17791
SNOW,2026-09-02,15:32,308.67,308.67,308.1,308.245,17522
SNOW,2026-09-02,15:33,308.27,308.51,308.01,308.09,16960
SNOW,2026-09-02,15:34,308.01,308.05,307.6417,307.67,23594
SNOW,2026-09-02,15:35,307.795,308.08,307.795,307.86,27624
SNOW,2026-09-02,15:36,307.85,308.13,307.7,307.855,22735
SNOW,2026-09-02,15:37,307.72,307.91,307.41,307.75,29556
SNOW,2026-09-02,15:38,307.75,308.2499,307.75,308.14,32964
SNOW,2026-09-02,15:39,308.06,308.1427,307.93,307.98,13775
SNOW,2026-09-02,15:40,307.91,307.91,306.905,307.1,30172
SNOW,2026-09-02,15:41,307.05,307.15,306.57,306.57,30679
SNOW,2026-09-02,15:42,306.56,307,306.45,306.93,19513
SNOW,2026-09-02,15:43,306.9801,306.9801,306.56,306.77,44893
SNOW,2026-09-02,15:44,306.83,307.48,306.83,307.36,31068
SNOW,2026-09-02,15:45,307.32,307.9,307.32,307.73,43939
SNOW,2026-09-02,15:46,307.73,308.04,307.5,307.99,36735
SNOW,2026-09-02,15:47,308.06,308.2,307.88,307.975,35050
SNOW,2026-09-02,15:48,308.06,308.1609,307.15,307.425,58345
SNOW,2026-09-02,15:49,307.43,307.95,307.05,307.95,39640
SNOW,2026-09-02,15:50,307.9,308.44,307.86,308.28,35055
SNOW,2026-09-02,15:51,308.345,308.4937,307.73,307.93,33299
SNOW,2026-09-02,15:52,307.9,308.14,307.35,307.46,104515
SNOW,2026-09-02,15:53,307.34,307.71,307.26,307.2901,84546
SNOW,2026-09-02,15:54,307.46,307.69,307.32,307.6,48402
SNOW,2026-09-02,15:55,307.51,307.9,307.21,307.78,59715
SNOW,2026-09-02,15:56,307.78,308.2096,307.44,308.035,61195
SNOW,2026-09-02,15:57,308.035,308.23,307.76,307.91,72686
SNOW,2026-09-02,15:58,307.91,308.23,307.11,307.19,119824
SNOW,2026-09-02,15:59,307.21,307.95,305.94,306.01,215539
SNOW,2026-09-03,09:30,377.245,384.56,377.24,380.5,1275659
SNOW,2026-09-03,09:31,380.27,384.26,372.56,376.795,898657
SNOW,2026-09-03,09:32,376.795,383.9899,372.8452,380.5,339361
SNOW,2026-09-03,09:33,380.5,381.27,375.42,380.02,313686
SNOW,2026-09-03,09:34,380,383.77,377.84,378.6001,255380
SNOW,2026-09-03,09:35,378.7429,380.77,371.5,372.6,263237
SNOW,2026-09-03,09:36,373.145,377.6799,370.2601,372.74,188106
SNOW,2026-09-03,09:37,372.5,372.91,370.25,371.8251,154143
SNOW,2026-09-03,09:38,371.825,372.3594,366.21,368.845,269346
SNOW,2026-09-03,09:39,368.96,372.5,368.51,371.0502,166647
SNOW,2026-09-03,09:40,371.4128,376.19,370.81,373.84,171711
SNOW,2026-09-03,09:41,373.5,373.5,369.99,371.33,148570
SNOW,2026-09-03,09:42,371.24,372.4,367.55,369.035,172655
SNOW,2026-09-03,09:43,369.03,369.5011,366.4,367.515,159655
SNOW,2026-09-03,09:44,367.515,369.4999,366.5,369.2814,109225
SNOW,2026-09-03,09:45,369,371.9899,368,370.78,139267
SNOW,2026-09-03,09:46,371.18,371.6537,369.53,370.475,162249
SNOW,2026-09-03,09:47,370.5025,370.94,367.661,367.77,133500
SNOW,2026-09-03,09:48,367.995,368.5099,366.77,367.415,75561
SNOW,2026-09-03,09:49,367.605,367.9699,364.0001,364.8351,153482
SNOW,2026-09-03,09:50,365.31,366.91,364.835,365.765,68935
SNOW,2026-09-03,09:51,365.765,367,365.2001,366.325,107107
SNOW,2026-09-03,09:52,366.325,368.1,365.59,367.795,67351
SNOW,2026-09-03,09:53,367.754,370,366.7936,370,100090
SNOW,2026-09-03,09:54,369.9,370.782,369.357,370.61,96145
SNOW,2026-09-03,09:55,370.61,371.87,369,369.59,131794
SNOW,2026-09-03,09:56,369.57,370.1217,368.15,368.605,96611
SNOW,2026-09-03,09:57,368.57,370.0775,368.38,368.93,140833
SNOW,2026-09-03,09:58,368.97,370.1,368.39,369.56,170583
SNOW,2026-09-03,09:59,369.7,373,369.5,372.5,187945
SNOW,2026-09-03,10:00,371.93,374.6499,371.14,374.52,158747
SNOW,2026-09-03,10:01,374.365,374.54,373.0101,373.65,113429
SNOW,2026-09-03,10:02,373.68,374.84,372.36,374.73,102964
SNOW,2026-09-03,10:03,374.8172,375.33,373,375.31,192623
SNOW,2026-09-03,10:04,375.18,377.5,375.04,377.498,314086
SNOW,2026-09-03,10:05,377.4999,379.898,377.0001,379.44,174606
SNOW,2026-09-03,10:06,379.57,380.33,377.12,377.75,191893
SNOW,2026-09-03,10:07,377.75,377.75,375.35,376.36,143693
SNOW,2026-09-03,10:08,376.36,377.44,375.34,376.775,89511
SNOW,2026-09-03,10:09,376.775,377.21,374.53,375.46,86594
SNOW,2026-09-03,10:10,375.76,377.35,375.04,376.845,63774
SNOW,2026-09-03,10:11,376.8451,377.82,376.7858,377.39,51913
SNOW,2026-09-03,10:12,377.48,378.675,377,377.785,54316
SNOW,2026-09-03,10:13,377.785,377.79,375.8001,376.97,46439
SNOW,2026-09-03,10:14,376.825,377.99,374.25,375.21,71128
SNOW,2026-09-03,10:15,375.205,375.215,371.4,372.8757,97814
SNOW,2026-09-03,10:16,372,374,371.6,373.635,65216
SNOW,2026-09-03,10:17,373.64,374.42,373.22,374.32,44872
SNOW,2026-09-03,10:18,374.48,374.9,372.2,372.88,46504
SNOW,2026-09-03,10:19,372.6024,373.9899,372.43,373.415,27815
SNOW,2026-09-03,10:20,373.415,373.7,372.3,372.77,39151
SNOW,2026-09-03,10:21,372.615,373.455,372.4129,372.775,44528
SNOW,2026-09-03,10:22,372.765,373.34,372.0401,372.9,47658
SNOW,2026-09-03,10:23,372.755,373.54,372.13,373.54,35937
SNOW,2026-09-03,10:24,373.54,374.0199,370.53,371.716,78293
SNOW,2026-09-03,10:25,371.3801,371.51,368.01,368.01,95993
SNOW,2026-09-03,10:26,368.01,370.3207,367.75,369.93,59389
SNOW,2026-09-03,10:27,369.93,371.94,369.93,371.195,45388
SNOW,2026-09-03,10:28,371.19,371.9899,370.98,371.2,55205
SNOW,2026-09-03,10:29,371.4,371.71,369.694,370.2,36962
SNOW,2026-09-03,10:30,370.77,370.8566,369.6481,370.55,32992
SNOW,2026-09-03,10:31,370.82,371.7045,370.53,371.015,39336
SNOW,2026-09-03,10:32,370.96,372.5083,370.96,371.485,42311
SNOW,2026-09-03,10:33,371.475,371.7604,370.5001,371.43,20210
SNOW,2026-09-03,10:34,371.4,371.4001,370.0201,370.4497,22236
SNOW,2026-09-03,10:35,370.48,371.47,370.19,370.93,22313
SNOW,2026-09-03,10:36,370.93,371.76,370.6745,371.5,31912
SNOW,2026-09-03,10:37,371.525,371.88,370.5201,370.83,25679
SNOW,2026-09-03,10:38,371,371.4999,369.98,370.93,39925
SNOW,2026-09-03,10:39,371,371.36,370.5,370.525,23814
SNOW,2026-09-03,10:40,370.84,370.84,368.1487,369.0879,65426
SNOW,2026-09-03,10:41,369.22,369.6399,368.6309,368.72,53326
SNOW,2026-09-03,10:42,368.955,370.1617,368.72,369.17,79489
SNOW,2026-09-03,10:43,369.11,369.1673,367.88,368.74,41052
SNOW,2026-09-03,10:44,368.74,369.8999,368.74,369.33,22584
SNOW,2026-09-03,10:45,369.65,369.65,368.461,368.461,18266
SNOW,2026-09-03,10:46,368.6,369.75,368.5,369.5,23143
SNOW,2026-09-03,10:47,369.5,369.99,369.21,369.86,18893
SNOW,2026-09-03,10:48,370,370,368.6809,369.22,30668
SNOW,2026-09-03,10:49,369.265,370.99,369.265,370.99,44439
SNOW,2026-09-03,10:50,370.58,371.37,370.58,371.045,29310
SNOW,2026-09-03,10:51,371.035,371.7513,370.55,371.111,34062
SNOW,2026-09-03,10:52,371.305,371.5,370.5543,370.67,28423
SNOW,2026-09-03,10:53,370.89,370.95,370.1901,370.6,22091
SNOW,2026-09-03,10:54,370.7317,371.1999,370.1597,370.36,24149
SNOW,2026-09-03,10:55,370.57,371.4699,370.3477,371.255,21868
SNOW,2026-09-03,10:56,371.45,371.93,369.5,370.05,37669
SNOW,2026-09-03,10:57,370,370.55,369.5101,370.35,15872
SNOW,2026-09-03,10:58,370.23,370.5395,369.041,370.06,22385
SNOW,2026-09-03,10:59,370.24,371.1399,370.0847,370.41,28131
SNOW,2026-09-03,11:00,370.41,370.96,369.791,370.49,17456
SNOW,2026-09-03,11:01,370.97,370.97,370.055,370.295,19316
SNOW,2026-09-03,11:02,370.26,371.96,370.04,371.96,140073
SNOW,2026-09-03,11:03,371.625,371.96,371.27,371.575,26890
SNOW,2026-09-03,11:04,371.41,371.5,370.1601,370.71,21726
SNOW,2026-09-03,11:05,370.76,371.025,370.45,370.5101,14421
SNOW,2026-09-03,11:06,370.51,371.83,370.51,371.655,16813
SNOW,2026-09-03,11:07,371.7711,371.8,370.7335,371.75,24559
SNOW,2026-09-03,11:08,371.42,371.83,371.4,371.79,18221
SNOW,2026-09-03,11:09,371.68,372,371.07,371.25,37708
SNOW,2026-09-03,11:10,371.46,371.5,370.6,371.29,18067
SNOW,2026-09-03,11:11,371.33,372.09,370.73,371.02,31188
SNOW,2026-09-03,11:12,371.02,371.4999,371.02,371.0701,15304
SNOW,2026-09-03,11:13,371.24,371.85,371.24,371.85,17629
SNOW,2026-09-03,11:14,371.84,372.8,371.84,372.39,72734
SNOW,2026-09-03,11:15,372.38,372.39,370.62,370.87,41081
SNOW,2026-09-03,11:16,371.01,371.075,369.7901,370.225,57002
SNOW,2026-09-03,11:17,370.225,371.49,369.77,369.77,32627
SNOW,2026-09-03,11:18,369.95,370.7107,369.0101,369.315,27007
SNOW,2026-09-03,11:19,369.2,370.2,369.01,369.74,24381
SNOW,2026-09-03,11:20,369.96,370.05,369.32,369.6425,18611
SNOW,2026-09-03,11:21,369.77,369.95,368.2005,368.385,40735
SNOW,2026-09-03,11:22,368.57,368.64,367.2,367.37,70103
SNOW,2026-09-03,11:23,367.2777,368.0299,367.2777,367.43,29530
SNOW,2026-09-03,11:24,367.67,368.19,366.66,367.23,45219
SNOW,2026-09-03,11:25,367.46,367.46,366.49,366.98,29121
SNOW,2026-09-03,11:26,366.78,367.3699,366.36,367.1551,30948
SNOW,2026-09-03,11:27,367.155,367.53,366.91,367.21,28181
SNOW,2026-09-03,11:28,367.2,367.5425,365.12,365.51,59521
SNOW,2026-09-03,11:29,365.455,366.65,365.455,366.17,46628
SNOW,2026-09-03,11:30,366.46,367.22,365.7806,366.69,31270
SNOW,2026-09-03,11:31,366.735,367.3759,366.595,366.595,34801
SNOW,2026-09-03,11:32,366.4,366.53,365.3,365.575,48678
SNOW,2026-09-03,11:33,365.58,366.05,365.5,365.66,26664
SNOW,2026-09-03,11:34,365.66,365.8099,364.62,364.62,210368
SNOW,2026-09-03,11:35,364.78,366.5252,364.65,366.26,59344
SNOW,2026-09-03,11:36,366.42,366.63,365.82,366.1201,51623
SNOW,2026-09-03,11:37,366.49,366.7499,365.8601,366.23,40346
SNOW,2026-09-03,11:38,366.47,366.8399,365.7,365.785,37406
SNOW,2026-09-03,11:39,365.7,365.92,365.1,365.275,24493
SNOW,2026-09-03,11:40,365.43,365.43,364.81,365.249,53612
SNOW,2026-09-03,11:41,365.13,366.5,365,366.5,38524
SNOW,2026-09-03,11:42,366.5,366.75,365.875,365.92,20515
SNOW,2026-09-03,11:43,365.87,366.74,365.5,366.7,19832
SNOW,2026-09-03,11:44,366.595,367.39,366.175,366.26,31451
SNOW,2026-09-03,11:45,366.39,366.48,365.81,365.865,19931
SNOW,2026-09-03,11:46,365.92,366.88,365.855,366.55,26934
SNOW,2026-09-03,11:47,366.42,366.58,365.2,365.75,20165
SNOW,2026-09-03,11:48,365.9,367.5599,365.8619,367.26,25403
SNOW,2026-09-03,11:49,367.015,367.49,366.8,367.15,39054
SNOW,2026-09-03,11:50,367.3,368.05,367.01,367.1413,33931
SNOW,2026-09-03,11:51,367.43,369.5,366.96,369.36,64040
SNOW,2026-09-03,11:52,369.49,369.6199,368.4201,368.82,32103
SNOW,2026-09-03,11:53,368.82,370.1098,368.185,369.46,55006
SNOW,2026-09-03,11:54,369.52,370.44,369.1001,370.16,35445
SNOW,2026-09-03,11:55,370.1,371.14,368.975,370.955,66541
SNOW,2026-09-03,11:56,370.92,371.8599,370.92,371.8246,63700
SNOW,2026-09-03,11:57,371.765,373.99,371.765,373.835,82097
SNOW,2026-09-03,11:58,373.835,374.4082,371.94,372.47,89885
SNOW,2026-09-03,11:59,372.35,372.35,370.29,370.43,30838
SNOW,2026-09-03,12:00,370.71,370.71,369.7001,369.845,37952
SNOW,2026-09-03,12:01,369.76,371,368.7,370.5951,36427
SNOW,2026-09-03,12:02,370.595,372.46,370.5101,371.745,39300
SNOW,2026-09-03,12:03,371.59,372.03,370.6801,371.5548,41391
SNOW,2026-09-03,12:04,371.2,371.41,369.16,369.16,67291
SNOW,2026-09-03,12:05,369.2,369.6,368.96,369.36,33226
SNOW,2026-09-03,12:06,369.36,369.36,368.0111,368.27,50991
SNOW,2026-09-03,12:07,368.27,369.1899,368,368.1226,30372
SNOW,2026-09-03,12:08,368.14,368.4687,367.5,368.14,28429
SNOW,2026-09-03,12:09,368.2466,368.765,367.5,367.8,26538
SNOW,2026-09-03,12:10,368.1,369.25,367.86,369.25,27377
SNOW,2026-09-03,12:11,369,369.4,368.5,369.1501,27135
SNOW,2026-09-03,12:12,369.2,369.2899,368.3964,368.7534,25036
SNOW,2026-09-03,12:13,368.618,369.34,368.34,369.262,18472
SNOW,2026-09-03,12:14,369.5,369.6057,369.1,369.23,15198
SNOW,2026-09-03,12:15,369.315,369.595,369.0195,369.595,20369
SNOW,2026-09-03,12:16,369.63,370.8264,369.5,370.72,33928
SNOW,2026-09-03,12:17,370.8,372.27,370.46,372.27,47103
SNOW,2026-09-03,12:18,372.285,372.45,371,371.96,47170
SNOW,2026-09-03,12:19,371.96,373.28,371.46,372.88,33696
SNOW,2026-09-03,12:20,373.29,373.69,372.96,373.315,45285
SNOW,2026-09-03,12:21,373.315,373.77,373.15,373.63,39243
SNOW,2026-09-03,12:22,373.63,373.76,373.16,373.161,48042
SNOW,2026-09-03,12:23,373.16,373.47,372.48,372.52,80512
SNOW,2026-09-03,12:24,372.765,373.35,371.5,371.95,84889
SNOW,2026-09-03,12:25,372.35,372.54,371.695,372.32,39079
SNOW,2026-09-03,12:26,372.28,373.97,372,373.5101,43138
SNOW,2026-09-03,12:27,373.66,374.46,373.34,374.33,55571
SNOW,2026-09-03,12:28,374.21,374.89,374,374.365,40290
SNOW,2026-09-03,12:29,374.365,374.8,373.41,374.6,38154
SNOW,2026-09-03,12:30,374.87,374.89,373.4295,373.815,33954
SNOW,2026-09-03,12:31,373.5,374,372.2501,372.78,25307
SNOW,2026-09-03,12:32,372.51,373.5199,372.48,373.025,31745
SNOW,2026-09-03,12:33,372.8482,373.23,372.5,372.675,16746
SNOW,2026-09-03,12:34,372.79,373.3999,372.775,372.7751,12496
SNOW,2026-09-03,12:35,372.8,373,372.44,372.62,36623
SNOW,2026-09-03,12:36,372.62,372.87,372.4301,372.705,14495
SNOW,2026-09-03,12:37,372.61,372.82,372.16,372.27,27764
SNOW,2026-09-03,12:38,372.23,372.63,371.56,372.62,16338
SNOW,2026-09-03,12:39,372.545,372.62,371.69,371.795,18234
SNOW,2026-09-03,12:40,371.91,372.6,371.9,372.405,9926
SNOW,2026-09-03,12:41,372.59,372.79,372.4589,372.6795,8607
SNOW,2026-09-03,12:42,372.59,372.99,372.4,372.83,19056
SNOW,2026-09-03,12:43,372.7001,372.9794,372.61,372.8,14338
SNOW,2026-09-03,12:44,372.79,372.79,372.0568,372.38,60204
SNOW,2026-09-03,12:45,372.535,372.545,372.19,372.52,9608
SNOW,2026-09-03,12:46,372.525,372.525,372.09,372.3,10907
SNOW,2026-09-03,12:47,372.28,372.73,371.81,372.1001,46319
SNOW,2026-09-03,12:48,372.48,372.72,372.38,372.61,12183
SNOW,2026-09-03,12:49,372.61,373.38,372.61,372.99,20837
SNOW,2026-09-03,12:50,373.21,373.65,372.7,373.11,32081
SNOW,2026-09-03,12:51,373.28,373.4999,372.42,373.25,83570
SNOW,2026-09-03,12:52,373.08,373.34,372.76,373.094,13145
SNOW,2026-09-03,12:53,373.205,373.499,373.0201,373.35,17959
SNOW,2026-09-03,12:54,373.35,373.51,372.87,373.03,25121
SNOW,2026-09-03,12:55,373.18,373.5325,372.52,372.62,33576
SNOW,2026-09-03,12:56,372.57,373.06,372.4401,372.92,14286
SNOW,2026-09-03,12:57,372.92,373.07,372.78,372.935,7462
SNOW,2026-09-03,12:58,373.09,373.1,371.83,372.37,83494
SNOW,2026-09-03,12:59,372.41,372.79,371.89,371.89,32885
SNOW,2026-09-03,13:00,371.99,372.11,370.11,371.35,46246
SNOW,2026-09-03,13:01,371.15,371.17,370.17,370.5,21277
SNOW,2026-09-03,13:02,370.41,370.485,368.805,369.0099,24581
SNOW,2026-09-03,13:03,369,369.01,368.3044,368.5,18733
SNOW,2026-09-03,13:04,368.33,368.97,367.7501,368.695,33567
SNOW,2026-09-03,13:05,368.89,369.655,367.85,369.655,64856
SNOW,2026-09-03,13:06,369.57,369.9273,368.92,369.025,20274
SNOW,2026-09-03,13:07,368.8806,369.015,368.416,368.416,10688
SNOW,2026-09-03,13:08,368.61,369.3,368.5,369.145,29439
SNOW,2026-09-03,13:09,369.19,369.29,368.4,368.42,12788
SNOW,2026-09-03,13:10,368.66,369.07,368.2243,368.84,12274
SNOW,2026-09-03,13:11,368.83,369.025,368.38,368.475,11601
SNOW,2026-09-03,13:12,368.475,368.76,368.42,368.76,10907
SNOW,2026-09-03,13:13,368.81,368.82,368.12,368.416,21064
SNOW,2026-09-03,13:14,368.39,368.605,368.38,368.49,7665
SNOW,2026-09-03,13:15,368.52,368.715,368.42,368.67,10893
SNOW,2026-09-03,13:16,368.66,369.12,368.45,368.765,14627
SNOW,2026-09-03,13:17,368.805,369.6,368.8,368.83,17267
SNOW,2026-09-03,13:18,368.9,368.9,368.52,368.79,11555
SNOW,2026-09-03,13:19,368.645,368.75,368.23,368.505,13491
SNOW,2026-09-03,13:20,368.75,368.86,368.3998,368.74,16306
SNOW,2026-09-03,13:21,368.74,369.2284,368.69,368.9,21933
SNOW,2026-09-03,13:22,368.84,369.11,368.4,368.895,15835
SNOW,2026-09-03,13:23,369.0786,369.0786,368,368.785,29551
SNOW,2026-09-03,13:24,368.785,369.9199,368.59,369.46,33253
SNOW,2026-09-03,13:25,369.365,369.7499,369.19,369.555,12681
SNOW,2026-09-03,13:26,369.36,369.7499,368.7001,368.89,15276
SNOW,2026-09-03,13:27,369.05,369.25,368.1501,368.54,13446
SNOW,2026-09-03,13:28,368.585,369.41,368.45,369.15,16397
SNOW,2026-09-03,13:29,369.15,369.38,368.91,369.085,12875
SNOW,2026-09-03,13:30,369.36,369.36,368.44,368.63,12204
SNOW,2026-09-03,13:31,368.82,369.47,368.44,369.415,11637
SNOW,2026-09-03,13:32,369.315,369.86,369.14,369.61,16967
SNOW,2026-09-03,13:33,369.5527,369.86,369.0507,369.445,16528
SNOW,2026-09-03,13:34,369.445,369.74,369.21,369.335,38128
SNOW,2026-09-03,13:35,369.56,369.81,369.11,369.61,23954
SNOW,2026-09-03,13:36,369.61,369.81,369.2,369.505,12742
SNOW,2026-09-03,13:37,369.28,369.8,369.22,369.49,12772
SNOW,2026-09-03,13:38,369.515,369.56,368.99,369.325,25658
SNOW,2026-09-03,13:39,369.325,369.7899,369.2,369.51,15516
SNOW,2026-09-03,13:40,369.6,370.4,369.41,369.88,33045
SNOW,2026-09-03,13:41,369.77,369.96,369.21,369.38,12333
SNOW,2026-09-03,13:42,369.53,369.53,369.08,369.185,31330
SNOW,2026-09-03,13:43,369.185,369.29,368.95,369.14,10402
SNOW,2026-09-03,13:44,369,369.4,369,369.215,13644
SNOW,2026-09-03,13:45,369.39,369.39,368.59,368.78,23498
SNOW,2026-09-03,13:46,368.825,369.28,368.74,368.885,15516
SNOW,2026-09-03,13:47,368.75,368.75,368.1001,368.43,21847
SNOW,2026-09-03,13:48,368.43,368.55,368.1,368.3,11924
SNOW,2026-09-03,13:49,368.295,368.295,368.29,368.29,1136
SNOW,2026-09-03,13:50,368.065,369.18,367.94,369.18,111515
SNOW,2026-09-03,13:51,369.18,369.78,368.98,369.6855,36960
SNOW,2026-09-03,13:52,369.605,369.91,369.6,369.73,16136
SNOW,2026-09-03,13:53,369.74,369.74,369.706,369.74,870
SNOW,2026-09-03,13:54,369.74,369.74,369.74,369.74,0
SNOW,2026-09-03,13:55,368.475,368.9999,368.47,368.98,130608
SNOW,2026-09-03,13:56,368.64,368.96,368.47,368.59,11649
SNOW,2026-09-03,13:57,368.01,368.02,367.4301,367.5,30168
SNOW,2026-09-03,13:58,367.44,368.74,367.16,368.74,41912
SNOW,2026-09-03,13:59,368.34,368.99,368,368.635,17017
SNOW,2026-09-03,14:00,368.83,369.2899,368.64,369.145,13491
SNOW,2026-09-03,14:01,369.145,369.145,368.16,368.38,18343
SNOW,2026-09-03,14:02,368.0101,368.6,368.0101,368.21,43484
SNOW,2026-09-03,14:03,368.01,368.01,367.5,367.805,12299
SNOW,2026-09-03,14:04,367.785,368.3222,367.7,368.09,11824
SNOW,2026-09-03,14:05,368.095,368.39,367.93,367.96,13156
SNOW,2026-09-03,14:06,367.96,368.12,367.61,367.61,10945
SNOW,2026-09-03,14:07,367.86,368.2399,367.6101,368.01,19771
SNOW,2026-09-03,14:08,367.96,368.14,367.5,367.97,30264
SNOW,2026-09-03,14:09,367.92,368.7899,367.86,368.635,15475
SNOW,2026-09-03,14:10,368.78,368.78,368.1001,368.325,14354
SNOW,2026-09-03,14:11,368.325,368.9564,368.15,368.64,11527
SNOW,2026-09-03,14:12,368.64,368.83,368.28,368.51,8013
SNOW,2026-09-03,14:13,368.5101,368.5101,368.24,368.31,22956
SNOW,2026-09-03,14:14,368.23,368.9899,368.22,368.73,22731
SNOW,2026-09-03,14:15,368.73,368.73,368.3,368.46,6625
SNOW,2026-09-03,14:16,368.34,368.34,367.5345,367.75,18796
SNOW,2026-09-03,14:17,367.685,367.92,367.55,367.81,13117
SNOW,2026-09-03,14:18,367.82,367.825,366.7,366.8,27650
SNOW,2026-09-03,14:19,366.71,367,366.401,366.5,20533
SNOW,2026-09-03,14:20,366.6,366.76,366.3401,366.42,15124
SNOW,2026-09-03,14:21,366.415,366.84,366,366.28,29631
SNOW,2026-09-03,14:22,366.375,366.375,365.5005,365.72,29518
SNOW,2026-09-03,14:23,365.72,365.99,365.57,365.875,15889
SNOW,2026-09-03,14:24,365.875,365.9999,365.79,365.88,13893
SNOW,2026-09-03,14:25,365.8,366.14,365.6,365.6,35076
SNOW,2026-09-03,14:26,365.63,365.9,365.63,365.71,8381
SNOW,2026-09-03,14:27,365.72,365.94,365.64,365.87,14300
SNOW,2026-09-03,14:28,365.98,366.07,365.8975,365.99,13504
SNOW,2026-09-03,14:29,365.99,366.055,365.865,366.05,8260
SNOW,2026-09-03,14:30,366.06,366.17,365.79,365.79,15114
SNOW,2026-09-03,14:31,365.84,366.389,365.69,366.27,16311
SNOW,2026-09-03,14:32,366.35,366.45,366.0001,366.215,19947
SNOW,2026-09-03,14:33,366.22,366.38,366.16,366.195,11012
SNOW,2026-09-03,14:34,366.2275,366.32,365.6861,366.148,27008
SNOW,2026-09-03,14:35,366.32,366.77,365.975,366.59,25045
SNOW,2026-09-03,14:36,366.59,367.74,366.2429,367.47,29871
SNOW,2026-09-03,14:37,367.41,367.5,366.94,367.005,9576
SNOW,2026-09-03,14:38,366.935,367.24,366.935,367.015,10212
SNOW,2026-09-03,14:39,367.015,367.1877,366.7,366.8999,10219
SNOW,2026-09-03,14:40,366.85,366.85,366.3122,366.42,8503
SNOW,2026-09-03,14:41,366.6099,366.6099,365.3201,365.525,25628
SNOW,2026-09-03,14:42,365.43,365.555,364.5,365.27,55355
SNOW,2026-09-03,14:43,365.294,365.505,364.69,365.085,27577
SNOW,2026-09-03,14:44,365.375,365.375,364.6,364.6,20373
SNOW,2026-09-03,14:45,364.54,364.9,364.42,364.59,29854
SNOW,2026-09-03,14:46,364.5,364.52,363.75,363.88,82775
SNOW,2026-09-03,14:47,363.92,364.7,363.54,364.295,53624
SNOW,2026-09-03,14:48,364.24,364.41,363.76,363.94,17767
SNOW,2026-09-03,14:49,363.94,364.3099,363.77,364.23,28458
SNOW,2026-09-03,14:50,364.29,364.54,364.08,364.415,22690
SNOW,2026-09-03,14:51,364.33,364.99,364.165,364.68,33592
SNOW,2026-09-03,14:52,364.63,364.81,364.22,364.59,22140
SNOW,2026-09-03,14:53,364.5,364.99,363.21,363.3895,32816
SNOW,2026-09-03,14:54,363.28,363.83,363.13,363.705,34735
SNOW,2026-09-03,14:55,363.71,364.11,363.1,363.295,27217
SNOW,2026-09-03,14:56,363.2751,363.55,363,363.43,45119
SNOW,2026-09-03,14:57,363.44,363.66,363.2001,363.395,26547
SNOW,2026-09-03,14:58,363.395,363.4899,362.01,362.01,43632
SNOW,2026-09-03,14:59,362.02,362.21,361.6,361.74,53209
SNOW,2026-09-03,15:00,361.93,362.01,361.5,361.55,38590
SNOW,2026-09-03,15:01,361.5075,361.63,360.825,361.11,46661
SNOW,2026-09-03,15:02,361.2,361.28,360.7039,360.825,30951
SNOW,2026-09-03,15:03,360.98,361.64,360.5,361.5,52812
SNOW,2026-09-03,15:04,361.58,362.64,361.415,361.8,66411
SNOW,2026-09-03,15:05,361.99,361.99,361.4375,361.95,30034
SNOW,2026-09-03,15:06,361.87,361.87,360.5,360.805,45220
SNOW,2026-09-03,15:07,360.7001,361.2,360.2601,361.1,51914
SNOW,2026-09-03,15:08,361.07,362.4199,361.07,362.3499,29669
SNOW,2026-09-03,15:09,362.225,362.4099,361.5,361.99,32957
SNOW,2026-09-03,15:10,361.815,361.815,361.097,361.2,21834
SNOW,2026-09-03,15:11,361.2,361.6,360.88,360.8901,26788
SNOW,2026-09-03,15:12,361.02,361.15,360.55,360.79,36456
SNOW,2026-09-03,15:13,360.79,360.88,360.11,360.25,32163
SNOW,2026-09-03,15:14,360.25,360.99,360.01,360.6675,47362
SNOW,2026-09-03,15:15,360.79,360.9499,360.5,360.6,19351
SNOW,2026-09-03,15:16,360.6,361.06,360.6,360.925,22576
SNOW,2026-09-03,15:17,361.05,361.11,360.6,360.7101,19185
SNOW,2026-09-03,15:18,360.78,360.815,360.5,360.77,31762
SNOW,2026-09-03,15:19,360.77,361.08,360.5,360.925,31851
SNOW,2026-09-03,15:20,360.925,361.1,360.2701,360.77,32735
SNOW,2026-09-03,15:21,360.74,361.7999,360.7,361.7999,57750
SNOW,2026-09-03,15:22,361.7559,362.14,361.14,361.58,27862
SNOW,2026-09-03,15:23,361.7,362.22,361.42,362.22,25041
SNOW,2026-09-03,15:24,362.2899,362.36,361.8,361.82,34193
SNOW,2026-09-03,15:25,362,362.005,361.6,361.78,19043
SNOW,2026-09-03,15:26,361.78,361.88,360.58,361.44,42825
SNOW,2026-09-03,15:27,361.35,362.31,361.35,362.155,24081
SNOW,2026-09-03,15:28,362.3,362.3,361.78,362.06,15121
SNOW,2026-09-03,15:29,362.09,363,362.06,362.3,32403
SNOW,2026-09-03,15:30,362.53,362.53,361.86,362.2,28033
SNOW,2026-09-03,15:31,362.31,362.33,361.7342,361.95,21661
SNOW,2026-09-03,15:32,361.9836,362.3099,361.88,361.885,24503
SNOW,2026-09-03,15:33,361.78,361.99,361.64,361.655,13779
SNOW,2026-09-03,15:34,361.7,361.75,361.06,361.3,29002
SNOW,2026-09-03,15:35,361.4,361.5499,361.12,361.34,24761
SNOW,2026-09-03,15:36,361.32,361.5,360.83,361.24,31446
SNOW,2026-09-03,15:37,361.17,361.35,360.8001,361.02,26963
SNOW,2026-09-03,15:38,361.02,361.55,360.8,361.33,25722
SNOW,2026-09-03,15:39,361.33,361.59,361.12,361.25,19852
SNOW,2026-09-03,15:40,361.19,361.19,360.5,360.655,41021
SNOW,2026-09-03,15:41,360.52,360.6025,359.7,360.48,87940
SNOW,2026-09-03,15:42,360.45,360.45,359.5,359.56,41487
SNOW,2026-09-03,15:43,359.5,359.61,359.12,359.36,52079
SNOW,2026-09-03,15:44,359.36,360.68,359,359.4,71843
SNOW,2026-09-03,15:45,359.57,361.84,359.57,361.52,83671
SNOW,2026-09-03,15:46,361.515,361.6596,360.87,360.9,34594
SNOW,2026-09-03,15:47,360.915,361.07,359.845,359.97,37900
SNOW,2026-09-03,15:48,359.77,359.88,359.2159,359.57,41290
SNOW,2026-09-03,15:49,359.68,359.69,358.6,358.7,47924
SNOW,2026-09-03,15:50,358.7,358.91,358,358.21,87739
SNOW,2026-09-03,15:51,358.255,358.26,357.5,357.64,69128
SNOW,2026-09-03,15:52,357.64,357.9,357.27,357.635,73866
SNOW,2026-09-03,15:53,357.68,357.76,357.34,357.675,81874
SNOW,2026-09-03,15:54,357.59,357.68,355.5,355.89,203273
SNOW,2026-09-03,15:55,356.09,356.16,355.47,355.755,122141
SNOW,2026-09-03,15:56,355.81,357.18,355.705,356.99,162562
SNOW,2026-09-03,15:57,357,357,356.12,356.73,127622
SNOW,2026-09-03,15:58,356.73,356.95,356.275,356.48,176728
SNOW,2026-09-03,15:59,356.45,357,355.74,356.64,256953
SNOW,2026-09-04,09:30,353.63,355.53,349.19,354.5,551523
SNOW,2026-09-04,09:31,354.575,356.4,351.975,356,67377
SNOW,2026-09-04,09:32,356.47,356.83,353.09,353.13,51325
SNOW,2026-09-04,09:33,353.7175,354.39,351.0001,351.625,26566
SNOW,2026-09-04,09:34,351.615,351.615,348.44,348.59,49091
SNOW,2026-09-04,09:35,349.22,350.8795,348.0201,350.5,44906
SNOW,2026-09-04,09:36,350.64,352.36,350.07,352.13,46004
SNOW,2026-09-04,09:37,352.13,352.55,350.79,351.4,41430
SNOW,2026-09-04,09:38,351.49,351.49,348.51,349.28,41680
SNOW,2026-09-04,09:39,348.8238,351.16,348.8238,349,107801
SNOW,2026-09-04,09:40,349.415,350.68,349,350.42,55916
SNOW,2026-09-04,09:41,350.425,350.425,349,349.7425,44107
SNOW,2026-09-04,09:42,349.735,350.33,349,350.115,42620
SNOW,2026-09-04,09:43,349.78,352.86,349.3,352.29,48017
SNOW,2026-09-04,09:44,352.2875,352.7361,351.26,351.61,44367
SNOW,2026-09-04,09:45,351.62,351.62,348.7714,348.7714,26141
SNOW,2026-09-04,09:46,348.75,349.0199,347.16,347.52,47657
SNOW,2026-09-04,09:47,347.68,348.17,346.8,348.07,39679
SNOW,2026-09-04,09:48,347.59,347.78,346.5,347.03,26499
SNOW,2026-09-04,09:49,347.03,347.86,346.72,347.63,29969
SNOW,2026-09-04,09:50,347.63,348.59,347,347.87,36668
SNOW,2026-09-04,09:51,347.9,348.06,345.8,347.125,60882
SNOW,2026-09-04,09:52,346.815,347.3999,346.5,346.5,16671
SNOW,2026-09-04,09:53,346.21,346.64,345.8,346.105,55443
SNOW,2026-09-04,09:54,346.0101,346.72,345.5,345.73,30963
SNOW,2026-09-04,09:55,345.62,346.49,345.62,346.1,33812
SNOW,2026-09-04,09:56,346.245,346.25,345.43,345.5,21343
SNOW,2026-09-04,09:57,345.72,345.9199,344.63,345.54,52131
SNOW,2026-09-04,09:58,345.305,345.99,345.305,345.71,22980
SNOW,2026-09-04,09:59,345.71,346.13,345.5001,345.93,21042
SNOW,2026-09-04,10:00,345.945,346.92,345.51,346.655,34647
SNOW,2026-09-04,10:01,346.49,347.8927,346.47,346.78,62556
SNOW,2026-09-04,10:02,346.57,348,346.52,347.36,26115
SNOW,2026-09-04,10:03,347.44,347.79,346.6,346.8,33471
SNOW,2026-09-04,10:04,346.96,347.24,346.74,347.24,19025
SNOW,2026-09-04,10:05,347.29,347.61,346.94,347.4,20225
SNOW,2026-09-04,10:06,347.395,347.559,346.69,346.7836,20575
SNOW,2026-09-04,10:07,346.96,347.49,346.46,346.7,9144
SNOW,2026-09-04,10:08,346.63,346.89,346.43,346.712,18590
SNOW,2026-09-04,10:09,346.57,347.0299,346.13,346.5,18667
SNOW,2026-09-04,10:10,346.37,346.8476,346.37,346.608,5381
SNOW,2026-09-04,10:11,346.635,347.1099,346.35,347.0463,18120
SNOW,2026-09-04,10:12,347.11,347.11,346.06,346.49,17867
SNOW,2026-09-04,10:13,346.485,347.27,346.42,346.625,15011
SNOW,2026-09-04,10:14,346.73,347.04,346.22,346.8,21642
SNOW,2026-09-04,10:15,346.99,347.13,346.5,346.5,13709
SNOW,2026-09-04,10:16,346.465,346.62,345.8601,346.275,23646
SNOW,2026-09-04,10:17,346.24,346.9,346.13,346.823,32133
SNOW,2026-09-04,10:18,346.9321,347.01,346.4101,346.735,17148
SNOW,2026-09-04,10:19,346.75,347.68,346.51,347.53,16997
SNOW,2026-09-04,10:20,347.385,347.8225,347.24,347.7391,15800
SNOW,2026-09-04,10:21,347.63,347.89,347.24,347.385,23279
SNOW,2026-09-04,10:22,347.385,347.6,347,347.4,13288
SNOW,2026-09-04,10:23,347.405,348.9385,347.405,348.62,37594
SNOW,2026-09-04,10:24,348.7045,348.79,347.44,347.44,13923
SNOW,2026-09-04,10:25,347.445,347.9,347.29,347.575,14655
SNOW,2026-09-04,10:26,347.57,347.83,346.88,347.14,19734
SNOW,2026-09-04,10:27,347,347.39,347,347.22,4260
SNOW,2026-09-04,10:28,347.36,347.37,346.0901,346.845,30665
SNOW,2026-09-04,10:29,346.845,347.22,346.7601,346.8001,8823
SNOW,2026-09-04,10:30,347.005,347.68,346.8,347.59,12953
SNOW,2026-09-04,10:31,347.52,348.684,347.52,348.66,25100
SNOW,2026-09-04,10:32,348.6,349,347.96,349,31339
SNOW,2026-09-04,10:33,348.9,351,348.9,349.71,134853
SNOW,2026-09-04,10:34,349.8799,350.7,349.71,350.14,30241
SNOW,2026-09-04,10:35,350.1,351.46,350.1,351.285,40906
SNOW,2026-09-04,10:36,351.29,351.95,351.1255,351.36,24228
SNOW,2026-09-04,10:37,351.36,351.4,350.5,351.4,19505
SNOW,2026-09-04,10:38,351.3999,353.475,351.225,352.68,40114
SNOW,2026-09-04,10:39,352.93,352.93,352.11,352.4129,17648
SNOW,2026-09-04,10:40,352.31,352.63,352,352.62,24589
SNOW,2026-09-04,10:41,352.69,352.73,351.9,351.955,20030
SNOW,2026-09-04,10:42,351.68,351.86,351.02,351.5,11144
SNOW,2026-09-04,10:43,351.32,352.11,351,351.8,14535
SNOW,2026-09-04,10:44,351.98,353.41,351.71,353.41,16162
SNOW,2026-09-04,10:45,353.37,353.43,352.48,353,16292
SNOW,2026-09-04,10:46,352.755,352.755,352.17,352.35,5284
SNOW,2026-09-04,10:47,352.345,352.53,351.69,351.69,22554
SNOW,2026-09-04,10:48,351.7275,352,351.4927,351.82,11814
SNOW,2026-09-04,10:49,351.85,352.49,351.7,352.25,24731
SNOW,2026-09-04,10:50,352.49,352.9899,352.4401,352.705,27353
SNOW,2026-09-04,10:51,352.705,352.705,352.2201,352.2201,13723
SNOW,2026-09-04,10:52,352.36,352.79,352.36,352.395,12650
SNOW,2026-09-04,10:53,352.48,352.94,352.48,352.83,6004
SNOW,2026-09-04,10:54,352.72,352.72,352.2252,352.2825,16641
SNOW,2026-09-04,10:55,352.2,352.27,350.46,350.6507,18400
SNOW,2026-09-04,10:56,350.6,350.6,350.136,350.315,9675
SNOW,2026-09-04,10:57,350.53,351.33,350.53,350.765,21912
SNOW,2026-09-04,10:58,351,351,350.14,350.14,16323
SNOW,2026-09-04,10:59,350.335,350.52,349.2046,349.41,15781
SNOW,2026-09-04,11:00,349.33,349.6715,349.09,349.305,11702
SNOW,2026-09-04,11:01,349.19,350.16,349.18,350.0497,16238
SNOW,2026-09-04,11:02,350.1093,350.15,349.27,349.71,23676
SNOW,2026-09-04,11:03,349.705,350,349.5,349.7101,6033
SNOW,2026-09-04,11:04,349.71,350.1,349.6091,349.97,9290
SNOW,2026-09-04,11:05,349.8,349.975,349.4,349.415,14287
SNOW,2026-09-04,11:06,349.51,350.03,349.4,349.9,8490
SNOW,2026-09-04,11:07,350.13,350.13,349.57,349.67,6128
SNOW,2026-09-04,11:08,349.705,350.2499,349.375,349.465,28590
SNOW,2026-09-04,11:09,349.74,349.95,349.22,349.5,6556
SNOW,2026-09-04,11:10,349.95,350.7999,349.55,350.465,32611
SNOW,2026-09-04,11:11,350.535,351,350.52,350.73,22558
SNOW,2026-09-04,11:12,350.45,351.2999,350.45,351.045,28134
SNOW,2026-09-04,11:13,351.4,352.25,351,352.035,26944
SNOW,2026-09-04,11:14,352.03,352.16,351.511,352.125,22470
SNOW,2026-09-04,11:15,352.11,353.15,352.11,352.7201,34914
SNOW,2026-09-04,11:16,352.72,352.96,352.53,352.81,13581
SNOW,2026-09-04,11:17,352.85,352.85,351.26,351.26,18547
SNOW,2026-09-04,11:18,351.255,351.4154,349.955,349.955,11138
SNOW,2026-09-04,11:19,349.955,349.96,348.955,348.955,23541
SNOW,2026-09-04,11:20,348.955,349.04,348.521,348.725,11268
SNOW,2026-09-04,11:21,348.7,348.74,348.03,348.15,10790
SNOW,2026-09-04,11:22,348.145,348.1451,347.45,347.84,26022
SNOW,2026-09-04,11:23,347.84,348.1987,347.66,348.14,13472
SNOW,2026-09-04,11:24,348.1,348.54,347.3,347.43,27585
SNOW,2026-09-04,11:25,347.545,347.6727,347.14,347.3,12756
SNOW,2026-09-04,11:26,347.44,347.56,347.25,347.415,9329
SNOW,2026-09-04,11:27,347.415,347.67,346.8107,346.95,15403
SNOW,2026-09-04,11:28,347.03,347.27,346.8,347.05,17459
SNOW,2026-09-04,11:29,346.8,347.2395,346.69,347.055,12683
SNOW,2026-09-04,11:30,347.055,347.71,346.99,347.32,17613
SNOW,2026-09-04,11:31,347.42,347.61,346.98,347.11,35814
SNOW,2026-09-04,11:32,347.11,347.24,347.1,347.15,10389
SNOW,2026-09-04,11:33,347.15,347.3,346.915,347.044,29452
SNOW,2026-09-04,11:34,346.8,347.11,346.8,346.93,7223
SNOW,2026-09-04,11:35,346.93,347.0597,346.8,346.8,14494
SNOW,2026-09-04,11:36,346.8,347.07,346.46,346.775,91018
SNOW,2026-09-04,11:37,346.775,347.06,346.57,346.95,30025
SNOW,2026-09-04,11:38,347,347.43,347,347.43,8101
SNOW,2026-09-04,11:39,347.47,347.55,347.3,347.355,11974
SNOW,2026-09-04,11:40,347.35,347.64,347.273,347.495,7579
SNOW,2026-09-04,11:41,347.64,347.64,346.35,346.54,14613
SNOW,2026-09-04,11:42,346.545,347.057,346.545,346.825,11381
SNOW,2026-09-04,11:43,346.76,347.0563,346.5,346.565,21815
SNOW,2026-09-04,11:44,346.68,347.2399,346.51,347.015,11371
SNOW,2026-09-04,11:45,347.03,347.23,346.88,346.92,3590
SNOW,2026-09-04,11:46,346.8403,346.8403,346,346.3481,24392
SNOW,2026-09-04,11:47,346.09,346.34,346.06,346.215,12807
SNOW,2026-09-04,11:48,346.215,346.36,346.08,346.26,6283
SNOW,2026-09-04,11:49,346.255,346.295,346.07,346.25,7199
SNOW,2026-09-04,11:50,346.25,346.33,346.1,346.1,4439
SNOW,2026-09-04,11:51,346.1,346.34,345.67,346.17,20107
SNOW,2026-09-04,11:52,346.16,346.55,346.155,346.285,12066
SNOW,2026-09-04,11:53,346.29,346.896,346.2057,346.84,6481
SNOW,2026-09-04,11:54,346.74,346.7773,346.37,346.54,6199
SNOW,2026-09-04,11:55,346.39,347.08,346.335,347.08,7913
SNOW,2026-09-04,11:56,347.035,347.04,346.86,346.86,10052
SNOW,2026-09-04,11:57,347.0101,347.27,346.71,347.26,6871
SNOW,2026-09-04,11:58,347.28,347.51,346.97,347.51,18517
SNOW,2026-09-04,11:59,347.42,347.5947,347.38,347.5947,7202
SNOW,2026-09-04,12:00,347.38,347.6299,347.02,347.155,11265
SNOW,2026-09-04,12:01,347.29,347.91,347.265,347.54,11708
SNOW,2026-09-04,12:02,347.66,347.89,347.58,347.89,9299
SNOW,2026-09-04,12:03,347.76,347.8311,347.3401,347.3401,9840
SNOW,2026-09-04,12:04,347.38,347.68,347.38,347.68,6108
SNOW,2026-09-04,12:05,347.54,347.74,347.41,347.42,11541
SNOW,2026-09-04,12:06,347.59,347.77,346.31,346.31,19514
SNOW,2026-09-04,12:07,346.3777,346.48,346.1,346.33,16111
SNOW,2026-09-04,12:08,346.234,346.3749,345.7,345.7,16006
SNOW,2026-09-04,12:09,345.8,346.32,345.7,345.8948,11747
SNOW,2026-09-04,12:10,345.82,345.9358,345.13,345.13,20819
SNOW,2026-09-04,12:11,345.275,345.41,345.08,345.22,13654
SNOW,2026-09-04,12:12,345.196,345.32,344.8,345.06,42853
SNOW,2026-09-04,12:13,345.205,345.44,345.08,345.44,16053
SNOW,2026-09-04,12:14,345.38,345.46,345.305,345.4,12634
SNOW,2026-09-04,12:15,345.52,345.56,345.25,345.25,7319
SNOW,2026-09-04,12:16,345.305,346,345.22,345.91,23415
SNOW,2026-09-04,12:17,345.94,346.18,345.48,345.585,25030
SNOW,2026-09-04,12:18,345.48,345.53,345.1,345.1,7061
SNOW,2026-09-04,12:19,345.085,345.245,344.63,344.745,32633
SNOW,2026-09-04,12:20,344.63,345.19,344.63,344.94,15019
SNOW,2026-09-04,12:21,345.085,345.2,344.88,344.9887,11713
SNOW,2026-09-04,12:22,344.845,344.845,344.34,344.605,16599
SNOW,2026-09-04,12:23,344.4601,345.01,344.46,344.78,14569
SNOW,2026-09-04,12:24,344.9,344.9699,344.72,344.88,10051
SNOW,2026-09-04,12:25,344.88,345.0634,344.69,344.69,9695
SNOW,2026-09-04,12:26,344.755,344.81,344.45,344.48,8516
SNOW,2026-09-04,12:27,344.515,344.5765,344.31,344.5765,8446
SNOW,2026-09-04,12:28,344.32,344.5529,343.87,343.92,30583
SNOW,2026-09-04,12:29,344.15,344.27,343.93,344.005,8272
SNOW,2026-09-04,12:30,343.92,344.09,343.09,343.5025,52349
SNOW,2026-09-04,12:31,343.2001,343.4,342.615,342.73,36365
SNOW,2026-09-04,12:32,342.6879,343.4333,342.5,343.22,53919
SNOW,2026-09-04,12:33,343.25,343.43,342.98,343.05,14493
SNOW,2026-09-04,12:34,343.09,343.09,342.6,342.845,15953
SNOW,2026-09-04,12:35,342.85,342.9799,342.5901,342.75,5565
SNOW,2026-09-04,12:36,342.75,342.95,342.73,342.92,17073
SNOW,2026-09-04,12:37,342.9,342.9,342.58,342.58,9867
SNOW,2026-09-04,12:38,342.7081,342.7081,342.5201,342.54,10965
SNOW,2026-09-04,12:39,342.54,343.2999,342.5,343.19,16778
SNOW,2026-09-04,12:40,343.19,343.4093,343.08,343.08,18078
SNOW,2026-09-04,12:41,343.145,343.39,343,343.2053,25611
SNOW,2026-09-04,12:42,343.08,343.1,342.7,343.07,24451
SNOW,2026-09-04,12:43,343,343.22,342.5121,342.63,28624
SNOW,2026-09-04,12:44,342.66,342.6601,342.3,342.6,17001
SNOW,2026-09-04,12:45,342.6,342.9,342.3,342.9,37771
SNOW,2026-09-04,12:46,342.7201,343.0399,342.705,343.0399,14014
SNOW,2026-09-04,12:47,342.805,343.0045,342.8,342.82,5374
SNOW,2026-09-04,12:48,342.82,343.18,342.82,343.09,17448
SNOW,2026-09-04,12:49,343.09,343.3757,343.075,343.12,13659
SNOW,2026-09-04,12:50,343.255,343.44,343.1001,343.28,15488
SNOW,2026-09-04,12:51,343.19,343.5,343.1,343.4794,31776
SNOW,2026-09-04,12:52,343.5,343.89,343.261,343.89,14112
SNOW,2026-09-04,12:53,343.745,344.05,343.7,343.9,12234
SNOW,2026-09-04,12:54,343.9,344.05,343.86,343.955,13690
SNOW,2026-09-04,12:55,343.94,344.09,343.91,343.95,7707
SNOW,2026-09-04,12:56,343.942,344.25,343.91,344.11,13931
SNOW,2026-09-04,12:57,344.15,344.55,343.95,344.44,27141
SNOW,2026-09-04,12:58,344.44,344.74,344.35,344.58,16080
SNOW,2026-09-04,12:59,344.5,344.6804,344.2901,344.485,11503
SNOW,2026-09-04,13:00,344.475,344.545,344.09,344.255,10102
SNOW,2026-09-04,13:01,344.255,344.255,343.7149,343.78,16865
SNOW,2026-09-04,13:02,343.73,343.77,343.59,343.59,5220
SNOW,2026-09-04,13:03,343.46,343.46,343.2541,343.4501,7190
SNOW,2026-09-04,13:04,343.455,343.79,343.1,343.36,10756
SNOW,2026-09-04,13:05,343.36,343.5599,343.18,343.27,3706
SNOW,2026-09-04,13:06,343.41,343.5,343.15,343.24,7258
SNOW,2026-09-04,13:07,343.25,343.4,343.1564,343.335,4685
SNOW,2026-09-04,13:08,343.3399,343.4391,342.9108,343.23,12900
SNOW,2026-09-04,13:09,343.33,343.67,343.32,343.67,6675
SNOW,2026-09-04,13:10,343.81,343.81,343.495,343.605,7405
SNOW,2026-09-04,13:11,343.66,343.69,343.38,343.38,4888
SNOW,2026-09-04,13:12,343.365,343.69,343.34,343.6215,9693
SNOW,2026-09-04,13:13,343.55,343.6,343.3801,343.505,4300
SNOW,2026-09-04,13:14,343.62,343.7151,343.43,343.5,6131
SNOW,2026-09-04,13:15,343.57,343.77,343.475,343.61,7260
SNOW,2026-09-04,13:16,343.58,343.69,343.45,343.515,12143
SNOW,2026-09-04,13:17,343.52,343.55,343.12,343.38,15262
SNOW,2026-09-04,13:18,343.58,343.67,343.4107,343.505,4573
SNOW,2026-09-04,13:19,343.62,343.62,343.34,343.405,8070
SNOW,2026-09-04,13:20,343.405,343.67,342.8,342.8,7773
SNOW,2026-09-04,13:21,342.63,342.885,342.51,342.88,9597
SNOW,2026-09-04,13:22,342.95,343.03,342.5,342.87,14079
SNOW,2026-09-04,13:23,342.875,343,342.575,342.87,10021
SNOW,2026-09-04,13:24,342.73,342.87,342.6,342.74,8463
SNOW,2026-09-04,13:25,342.74,342.99,342.61,342.865,11226
SNOW,2026-09-04,13:26,342.74,343.3243,342.74,343,14719
SNOW,2026-09-04,13:27,343.165,343.298,343,343.235,7074
SNOW,2026-09-04,13:28,343.31,343.55,342.88,342.89,15082
SNOW,2026-09-04,13:29,343.035,343.19,342.6675,342.84,6570
SNOW,2026-09-04,13:30,342.84,342.95,342.72,342.87,6032
SNOW,2026-09-04,13:31,342.79,342.94,342.31,342.78,16661
SNOW,2026-09-04,13:32,342.7575,342.9,342.4352,342.9,9496
SNOW,2026-09-04,13:33,342.6,343,342.6,342.8511,14373
SNOW,2026-09-04,13:34,342.825,342.835,342.54,342.54,9124
SNOW,2026-09-04,13:35,342.6,342.64,342.36,342.47,5184
SNOW,2026-09-04,13:36,342.45,342.74,342.3,342.655,10395
SNOW,2026-09-04,13:37,342.655,342.85,342.475,342.475,10938
SNOW,2026-09-04,13:38,342.48,342.64,342.36,342.62,3705
SNOW,2026-09-04,13:39,342.62,342.7399,342.43,342.635,7800
SNOW,2026-09-04,13:40,342.65,342.66,342.46,342.6,6346
SNOW,2026-09-04,13:41,342.6,342.6,342.46,342.5725,4560
SNOW,2026-09-04,13:42,342.48,342.51,342.12,342.205,12884
SNOW,2026-09-04,13:43,342.19,342.3,342,342.1,21844
SNOW,2026-09-04,13:44,342.14,342.3023,341.88,341.88,18071
SNOW,2026-09-04,13:45,341.88,342.1194,341.69,341.69,13409
SNOW,2026-09-04,13:46,341.78,341.78,341.51,341.714,18314
SNOW,2026-09-04,13:47,341.695,341.84,341.6,341.6261,8212
SNOW,2026-09-04,13:48,341.69,341.92,341.69,341.8999,11672
SNOW,2026-09-04,13:49,341.78,342,341.75,341.89,13760
SNOW,2026-09-04,13:50,341.89,342.74,341.89,342.5397,24239
SNOW,2026-09-04,13:51,342.5,343,342.4,342.955,9728
SNOW,2026-09-04,13:52,342.92,343.05,342.52,342.66,13940
SNOW,2026-09-04,13:53,342.66,342.79,342.51,342.63,10251
SNOW,2026-09-04,13:54,342.53,342.97,342.5,342.9175,18791
SNOW,2026-09-04,13:55,342.82,342.89,342.47,342.5,11539
SNOW,2026-09-04,13:56,342.5,342.575,342.1402,342.46,8440
SNOW,2026-09-04,13:57,342.26,342.4,342.005,342.075,14340
SNOW,2026-09-04,13:58,342.075,342.205,342,342.205,7800
SNOW,2026-09-04,13:59,342.17,342.35,342.17,342.27,20815
SNOW,2026-09-04,14:00,342.28,342.28,342.03,342.11,6716
SNOW,2026-09-04,14:01,342.01,342.35,342.01,342.22,5017
SNOW,2026-09-04,14:02,342.22,342.33,342.0901,342.22,3959
SNOW,2026-09-04,14:03,342.31,342.54,342.1868,342.35,9507
SNOW,2026-09-04,14:04,342.47,342.47,342.24,342.295,2653
SNOW,2026-09-04,14:05,342.295,342.36,341.92,342.01,11400
SNOW,2026-09-04,14:06,342.02,342.02,341.5,341.555,12170
SNOW,2026-09-04,14:07,341.5,341.83,341.5,341.5957,10310
SNOW,2026-09-04,14:08,341.8,341.869,341.64,341.64,6975
SNOW,2026-09-04,14:09,341.76,341.87,341.76,341.82,5056
SNOW,2026-09-04,14:10,341.82,341.93,341.7,341.929,11785
SNOW,2026-09-04,14:11,341.7829,341.87,341.55,341.67,12047
SNOW,2026-09-04,14:12,341.645,341.88,341.61,341.85,9259
SNOW,2026-09-04,14:13,341.825,341.86,341.715,341.86,3710
SNOW,2026-09-04,14:14,341.88,341.88,341.57,341.57,4937
SNOW,2026-09-04,14:15,341.64,341.64,341.37,341.37,14599
SNOW,2026-09-04,14:16,341.58,341.78,341.455,341.625,10089
SNOW,2026-09-04,14:17,341.625,341.705,341.1,341.13,10590
SNOW,2026-09-04,14:18,341.13,341.5099,341.05,341.355,13713
SNOW,2026-09-04,14:19,341.355,341.51,341.2531,341.365,6616
SNOW,2026-09-04,14:20,341.3011,341.34,340.955,340.955,19884
SNOW,2026-09-04,14:21,340.96,341.17,340.88,340.98,9761
SNOW,2026-09-04,14:22,340.935,341,340.55,340.7,9009
SNOW,2026-09-04,14:23,340.66,340.6738,340.25,340.33,29520
SNOW,2026-09-04,14:24,340.25,340.44,340.12,340.12,20749
SNOW,2026-09-04,14:25,340.4099,340.45,340.1813,340.195,8554
SNOW,2026-09-04,14:26,340.11,340.25,339.83,339.8301,30168
SNOW,2026-09-04,14:27,339.98,340.21,339.84,340.2,8897
SNOW,2026-09-04,14:28,340.13,340.49,340.11,340.21,17379
SNOW,2026-09-04,14:29,340.16,340.29,340.13,340.25,6224
SNOW,2026-09-04,14:30,340.155,340.22,339.9322,339.985,9549
SNOW,2026-09-04,14:31,339.88,339.955,339.56,339.65,13193
SNOW,2026-09-04,14:32,339.6,339.6899,339.22,339.55,37909
SNOW,2026-09-04,14:33,339.56,339.68,339.41,339.52,11281
SNOW,2026-09-04,14:34,339.52,339.7,339.35,339.535,14998
SNOW,2026-09-04,14:35,339.535,339.68,339.35,339.5299,10783
SNOW,2026-09-04,14:36,339.415,339.415,339.2,339.24,17539
SNOW,2026-09-04,14:37,339.16,339.2399,338.86,339.23,32669
SNOW,2026-09-04,14:38,339.22,339.818,339.0956,339.818,15658
SNOW,2026-09-04,14:39,339.83,339.94,339.55,339.5501,10202
SNOW,2026-09-04,14:40,339.55,339.74,338.95,339.05,16648
SNOW,2026-09-04,14:41,339.085,339.085,338.65,338.72,11863
SNOW,2026-09-04,14:42,338.61,338.91,338.5,338.781,11473
SNOW,2026-09-04,14:43,338.805,338.9999,338.8,338.905,5782
SNOW,2026-09-04,14:44,338.9653,339.12,338.89,339.04,8670
SNOW,2026-09-04,14:45,339.04,339.06,338.8472,339.05,7403
SNOW,2026-09-04,14:46,338.95,338.97,338.39,338.53,18567
SNOW,2026-09-04,14:47,338.659,338.96,338.65,338.96,9032
SNOW,2026-09-04,14:48,338.985,339.24,338.9,338.995,12170
SNOW,2026-09-04,14:49,339.04,339.0941,338.89,338.955,8539
SNOW,2026-09-04,14:50,338.95,339.18,338.86,339.18,6972
SNOW,2026-09-04,14:51,339.18,339.24,338.845,339.24,11864
SNOW,2026-09-04,14:52,339.125,339.26,339.05,339.13,9689
SNOW,2026-09-04,14:53,339.02,339.3,339.02,339.031,7935
SNOW,2026-09-04,14:54,339.155,339.3899,339.1,339.303,5588
SNOW,2026-09-04,14:55,339.31,339.41,339.1001,339.33,11697
SNOW,2026-09-04,14:56,339.38,339.72,339.33,339.6,16690
SNOW,2026-09-04,14:57,339.66,340.1,339.53,339.995,16696
SNOW,2026-09-04,14:58,339.995,340.2999,339.85,340.16,32602
SNOW,2026-09-04,14:59,340.17,340.2999,339.5375,339.5375,14264
SNOW,2026-09-04,15:00,339.8,339.8265,339.44,339.485,7904
SNOW,2026-09-04,15:01,339.4631,339.64,339.46,339.495,5398
SNOW,2026-09-04,15:02,339.44,339.765,339.39,339.765,8223
SNOW,2026-09-04,15:03,339.7425,339.7425,339.5,339.5001,5356
SNOW,2026-09-04,15:04,339.5,339.68,339.4599,339.595,5384
SNOW,2026-09-04,15:05,339.595,339.92,339.59,339.86,7568
SNOW,2026-09-04,15:06,340,340.769,339.87,340.15,13877
SNOW,2026-09-04,15:07,340.1311,340.46,339.92,340.46,11847
SNOW,2026-09-04,15:08,340.33,340.69,340.16,340.53,11447
SNOW,2026-09-04,15:09,340.53,340.68,340.36,340.44,8067
SNOW,2026-09-04,15:10,340.3,341.2,340.3,341.2,18514
SNOW,2026-09-04,15:11,341.03,341.26,340.7276,341.23,12173
SNOW,2026-09-04,15:12,341.19,341.237,340.64,340.79,11013
SNOW,2026-09-04,15:13,340.9018,340.9018,340,340.44,14768
SNOW,2026-09-04,15:14,340.4,340.4,340.0162,340.235,5042
SNOW,2026-09-04,15:15,340.21,340.41,340.21,340.285,5142
SNOW,2026-09-04,15:16,340.285,340.285,339.73,340.07,7800
SNOW,2026-09-04,15:17,339.975,340.09,339.8322,340.02,4026
SNOW,2026-09-04,15:18,339.92,340.36,339.92,340.095,14979
SNOW,2026-09-04,15:19,339.99,340.1518,339.5901,339.89,12058
SNOW,2026-09-04,15:20,339.86,340.09,339.7076,339.865,10412
SNOW,2026-09-04,15:21,339.75,339.75,338.8886,339.015,14723
SNOW,2026-09-04,15:22,339.015,339.1599,338.6,338.78,16972
SNOW,2026-09-04,15:23,338.765,339,338.5,338.68,17115
SNOW,2026-09-04,15:24,338.68,338.9,338.6179,338.83,8553
SNOW,2026-09-04,15:25,338.71,339.0606,338.5854,339.0606,8631
SNOW,2026-09-04,15:26,338.945,339.44,338.92,339.44,11921
SNOW,2026-09-04,15:27,339.47,339.7,339.4201,339.56,17542
SNOW,2026-09-04,15:28,339.56,339.725,339.256,339.365,13031
SNOW,2026-09-04,15:29,339.38,339.5399,338.82,338.92,13941
SNOW,2026-09-04,15:30,338.93,338.96,338.4,338.4,17279
SNOW,2026-09-04,15:31,338.21,338.7194,338.11,338.55,21715
SNOW,2026-09-04,15:32,338.545,338.74,338,338.74,30206
SNOW,2026-09-04,15:33,338.535,338.91,338.4212,338.75,9265
SNOW,2026-09-04,15:34,338.7452,338.8344,338.455,338.455,9884
SNOW,2026-09-04,15:35,338.56,338.56,338,338.105,11931
SNOW,2026-09-04,15:36,338.1,338.1,337.681,337.78,18219
SNOW,2026-09-04,15:37,337.66,337.85,337.61,337.7,15304
SNOW,2026-09-04,15:38,337.78,337.99,337.645,337.7406,18433
SNOW,2026-09-04,15:39,337.84,338.16,337.8175,338.16,12420
SNOW,2026-09-04,15:40,338.08,338.1599,337.9,338.04,17871
SNOW,2026-09-04,15:41,337.95,337.97,337.6801,337.6801,11592
SNOW,2026-09-04,15:42,337.785,338.09,337.62,337.97,28167
SNOW,2026-09-04,15:43,337.865,338.1399,337.77,337.87,14567
SNOW,2026-09-04,15:44,337.87,337.93,337.6201,337.795,13209
SNOW,2026-09-04,15:45,337.8,337.94,337.4101,337.525,28713
SNOW,2026-09-04,15:46,337.525,337.94,337.37,337.64,23717
SNOW,2026-09-04,15:47,337.6225,337.82,337.574,337.68,17552
SNOW,2026-09-04,15:48,337.76,337.76,337.11,337.25,19306
SNOW,2026-09-04,15:49,337.25,337.81,337.11,337.715,23479
SNOW,2026-09-04,15:50,337.81,338.08,337.73,338,15570
SNOW,2026-09-04,15:51,338.07,338.75,338.07,338.4532,22685
SNOW,2026-09-04,15:52,338.43,338.66,338.3,338.31,23464
SNOW,2026-09-04,15:53,338.3,338.56,338,338.19,35021
SNOW,2026-09-04,15:54,338.18,338.67,338.07,338.13,21232
SNOW,2026-09-04,15:55,338.19,338.33,337.76,338.33,51411
SNOW,2026-09-04,15:56,338.335,338.35,337.77,338.18,45175
SNOW,2026-09-04,15:57,338.175,338.65,338.13,338.525,42363
SNOW,2026-09-04,15:58,338.56,338.67,338.21,338.38,92240
SNOW,2026-09-04,15:59,338.42,338.685,337.26,337.27,170564
SNOW,2026-09-04,16:00,337.18,337.18,337.18,337.18,0
