symbol,time,price,decision,state,family,setupId,age,score,quality,waiting,entry,stop,t1,t2,rr
NVDA,"09:30",233.59,"NO TRADE","AVOID","","","",0,"","","","","","",""
NVDA,"09:31",233.18,"NO TRADE","AVOID","","","",0,"","","","","","",""
NVDA,"09:32",232.6039,"NO TRADE","AVOID","","","",0,"","","","","","",""
NVDA,"09:33",232.155,"NO TRADE","AVOID","","","",0,"","","","","","",""
NVDA,"09:34",231.84,"NO TRADE","AVOID","","","",0,"","","","","","",""
NVDA,"09:35",230.415,"NO TRADE","AVOID","","","",0,"","","","","","",""
NVDA,"09:36",230.83,"NO TRADE","AVOID","","","",0,"","","","","","",""
NVDA,"09:37",230.655,"NO TRADE","AVOID","","","",0,"","","","","","",""
NVDA,"09:38",230.9,"NO TRADE","AVOID","","","",0,"","","","","","",""
NVDA,"09:39",230.81,"NO TRADE","AVOID","","","",0,"","","","","","",""
NVDA,"09:40",230.7171,"NO TRADE","AVOID","","","",0,"","","","","","",""
NVDA,"09:41",230.64,"NO TRADE","AVOID","","","",0,"","","","","","",""
NVDA,"09:42",230.325,"NO TRADE","AVOID","","","",0,"","","","","","",""
NVDA,"09:43",230.485,"NO TRADE","AVOID","","","",0,"","","","","","",""
NVDA,"09:44",229.765,"WAIT","WATCH","","","",0,"Avoid","","","","","",""
NVDA,"09:45",229.825,"WAIT","WATCH","","","",0,"Avoid","","","","","",""
NVDA,"09:46",229.46,"WAIT","WATCH","","","",0,"Avoid","","","","","",""
NVDA,"09:47",229.11,"WAIT","WATCH","","","",0,"Avoid","","","","","",""
NVDA,"09:48",229.46,"WAIT","WATCH","","","",0,"Avoid","","","","","",""
NVDA,"09:49",230.3688,"WAIT","WATCH","","","",0,"Avoid","","","","","",""
NVDA,"09:50",229.94,"NO TRADE","AVOID","","","",0,"Avoid","","","","","",""
NVDA,"09:51",229.505,"NO TRADE","AVOID","","","",0,"Avoid","","","","","",""
NVDA,"09:52",229.9656,"NO TRADE","AVOID","","","",0,"Avoid","","","","","",""
NVDA,"09:53",229.337,"NO TRADE","AVOID","","","",0,"Avoid","","","","","",""
NVDA,"09:54",229.645,"NO TRADE","AVOID","","","",0,"Avoid","","","","","",""
NVDA,"09:55",229.6,"NO TRADE","AVOID","","","",0,"Avoid","","","","","",""
NVDA,"09:56",229.745,"WAIT","ARMED","PULLBACK_CONTINUATION","PULLBACK_CONTINUATION@229.16",0,5,"Weak","פריצה של 229.99 | ציון 6 (כרגע 5)",229.99,229.01,233.71,232.44,3.8
NVDA,"09:57",229.7799,"WAIT","ARMED","PULLBACK_CONTINUATION","PULLBACK_CONTINUATION@229.16",1,5,"Weak","פריצה של 229.99 | ציון 6 (כרגע 5)",229.99,229.01,233.71,232.44,3.8
NVDA,"09:58",229.95,"WAIT","ARMED","PULLBACK_CONTINUATION","PULLBACK_CONTINUATION@229.16",2,5,"Weak","פריצה של 229.99 | ציון 6 (כרגע 5)",229.99,229.01,233.71,232.44,3.8
NVDA,"09:59",229.5712,"WAIT","ARMED","PULLBACK_CONTINUATION","PULLBACK_CONTINUATION@229.16",3,4,"Weak","פריצה של 229.99 | ציון 6 (כרגע 4)",229.99,229.01,233.71,232.44,3.8
NVDA,"10:00",229.62,"WAIT","ARMED","PULLBACK_CONTINUATION","PULLBACK_CONTINUATION@229.16",4,4,"Weak","פריצה של 229.99 | ציון 6 (כרגע 4)",229.99,229.01,233.71,232.44,3.8
NVDA,"10:01",229.345,"WAIT","ARMED","PULLBACK_CONTINUATION","PULLBACK_CONTINUATION@229.16",5,4,"Weak","פריצה של 229.99 | ציון 6 (כרגע 4)",229.99,229.01,233.71,232.44,3.8
NVDA,"10:02",229.2,"FAILED","FAILED","PULLBACK_CONTINUATION","PULLBACK_CONTINUATION@229.16",6,0,"Avoid","","","","","",""
NVDA,"10:03",229.2919,"WAIT","WATCH","","","",0,"Avoid","","","","","",""
NVDA,"10:04",228.28,"WAIT","WATCH","","","",0,"Avoid","","","","","",""
NVDA,"10:05",228.62,"WAIT","WATCH","","","",0,"Avoid","","","","","",""
NVDA,"10:06",228.69,"WAIT","WATCH","","","",0,"Avoid","","","","","",""
NVDA,"10:07",228.87,"WAIT","WATCH","","","",0,"Weak","","","","","",""
NVDA,"10:08",229.24,"NO TRADE","AVOID","","","",0,"Avoid","","","","","",""
NVDA,"10:09",229.215,"NO TRADE","AVOID","","","",0,"Avoid","","","","","",""
NVDA,"10:10",228.7,"NO TRADE","AVOID","","","",0,"Avoid","","","","","",""
NVDA,"10:11",228.4872,"NO TRADE","AVOID","","","",0,"Avoid","","","","","",""
NVDA,"10:12",228.745,"NO TRADE","AVOID","","","",0,"Avoid","","","","","",""
NVDA,"10:13",228.785,"NO TRADE","AVOID","","","",0,"Avoid","","","","","",""
NVDA,"10:14",228.4906,"WAIT","WATCH","","","",0,"Weak","","","","","",""
NVDA,"10:15",228.64,"WAIT","WATCH","","","",0,"Weak","","","","","",""
NVDA,"10:16",228.475,"WAIT","WATCH","","","",0,"Weak","","","","","",""
NVDA,"10:17",228.3531,"WAIT","WATCH","","","",0,"Weak","","","","","",""
NVDA,"10:18",228.05,"WAIT","WATCH","","","",0,"Weak","","","","","",""
NVDA,"10:19",228.1701,"WAIT","WATCH","","","",0,"Weak","","","","","",""
NVDA,"10:20",228.16,"WAIT","WATCH","","","",0,"Weak","","","","","",""
NVDA,"10:21",228.2,"WAIT","WATCH","","","",0,"Weak","","","","","",""
NVDA,"10:22",228.19,"WAIT","WATCH","","","",0,"Weak","","","","","",""
NVDA,"10:23",227.9801,"WAIT","WATCH","","","",0,"Weak","","","","","",""
NVDA,"10:24",228.01,"WAIT","WATCH","","","",0,"Weak","","","","","",""
NVDA,"10:25",227.94,"WAIT","WATCH","","","",0,"Weak","","","","","",""
NVDA,"10:26",227.745,"WAIT","WATCH","","","",0,"Weak","","","","","",""
NVDA,"10:27",227.662,"WAIT","WATCH","","","",0,"Weak","","","","","",""
NVDA,"10:28",227.87,"WAIT","WATCH","","","",0,"Weak","","","","","",""
NVDA,"10:29",227.9423,"WAIT","WATCH","","","",0,"Weak","","","","","",""
NVDA,"10:30",227.5,"WAIT","WATCH","","","",0,"Weak","","","","","",""
NVDA,"10:31",227.6058,"WAIT","WATCH","","","",0,"Weak","","","","","",""
NVDA,"10:32",227.71,"WAIT","WATCH","","","",0,"Weak","","","","","",""
NVDA,"10:33",227.75,"WAIT","WATCH","","","",0,"Weak","","","","","",""
NVDA,"10:34",227.71,"NO TRADE","AVOID","","","",0,"Avoid","","","","","",""
NVDA,"10:35",227.6871,"NO TRADE","AVOID","","","",0,"Avoid","","","","","",""
NVDA,"10:36",227.52,"NO TRADE","AVOID","","","",0,"Avoid","","","","","",""
NVDA,"10:37",227.4124,"NO TRADE","AVOID","","","",0,"Avoid","","","","","",""
NVDA,"10:38",227.3832,"NO TRADE","AVOID","","","",0,"Avoid","","","","","",""
NVDA,"10:39",227.25,"NO TRADE","AVOID","","","",0,"Avoid","","","","","",""
NVDA,"10:40",227.245,"NO TRADE","AVOID","","","",0,"Avoid","","","","","",""
NVDA,"10:41",227.335,"NO TRADE","AVOID","","","",0,"Avoid","","","","","",""
NVDA,"10:42",227.33,"NO TRADE","AVOID","","","",0,"Avoid","","","","","",""
NVDA,"10:43",227.25,"NO TRADE","AVOID","","","",0,"Avoid","","","","","",""
NVDA,"10:44",227.44,"NO TRADE","AVOID","","","",0,"Avoid","","","","","",""
NVDA,"10:45",227.33,"NO TRADE","AVOID","","","",0,"Avoid","","","","","",""
NVDA,"10:46",227.17,"NO TRADE","AVOID","","","",0,"Avoid","","","","","",""
NVDA,"10:47",227.04,"NO TRADE","AVOID","","","",0,"Avoid","","","","","",""
NVDA,"10:48",227.155,"NO TRADE","AVOID","","","",0,"Avoid","","","","","",""
NVDA,"10:49",227.19,"NO TRADE","AVOID","","","",0,"Avoid","","","","","",""
NVDA,"10:50",227.235,"NO TRADE","AVOID","","","",0,"Avoid","","","","","",""
NVDA,"10:51",227.135,"NO TRADE","AVOID","","","",0,"Avoid","","","","","",""
NVDA,"10:52",226.9005,"NO TRADE","AVOID","","","",0,"Avoid","","","","","",""
NVDA,"10:53",226.9998,"NO TRADE","AVOID","","","",0,"Avoid","","","","","",""
NVDA,"10:54",227.1096,"NO TRADE","AVOID","","","",0,"Avoid","","","","","",""
NVDA,"10:55",227.312,"NO TRADE","AVOID","","","",0,"Avoid","","","","","",""
NVDA,"10:56",227.0371,"NO TRADE","AVOID","","","",0,"Avoid","","","","","",""
NVDA,"10:57",226.8599,"NO TRADE","AVOID","","","",0,"Avoid","","","","","",""
NVDA,"10:58",227,"NO TRADE","AVOID","","","",0,"Avoid","","","","","",""
NVDA,"10:59",227.055,"NO TRADE","AVOID","","","",0,"Avoid","","","","","",""
NVDA,"11:00",227.07,"NO TRADE","AVOID","","","",0,"Avoid","","","","","",""
NVDA,"11:01",227.395,"NO TRADE","AVOID","","","",0,"Avoid","","","","","",""
NVDA,"11:02",227.05,"NO TRADE","AVOID","","","",0,"Avoid","","","","","",""
NVDA,"11:03",227.16,"NO TRADE","AVOID","","","",0,"Avoid","","","","","",""
NVDA,"11:04",227.06,"WAIT","WATCH","","","",0,"Weak","","","","","",""
NVDA,"11:05",227,"WAIT","WATCH","","","",0,"Weak","","","","","",""
NVDA,"11:06",227.1,"WAIT","WATCH","","","",0,"Weak","","","","","",""
NVDA,"11:07",227.495,"WAIT","WATCH","","","",0,"Weak","","","","","",""
NVDA,"11:08",227.29,"WAIT","ARMED","PULLBACK_CONTINUATION","PULLBACK_CONTINUATION@226.94",0,5,"Neutral","פריצה של 227.65 | ציון 6 (כרגע 5)",227.65,226.86,229.45,229.97,2.28
NVDA,"11:09",227.215,"WAIT","ARMED","PULLBACK_CONTINUATION","PULLBACK_CONTINUATION@226.94",1,5,"Neutral","פריצה של 227.65 | ציון 6 (כרגע 5)",227.65,226.86,229.45,229.97,2.28
NVDA,"11:10",227.5,"WAIT","ARMED","PULLBACK_CONTINUATION","PULLBACK_CONTINUATION@226.94",2,5,"Neutral","פריצה של 227.65 | ציון 6 (כרגע 5)",227.65,226.86,229.45,229.97,2.28
NVDA,"11:11",227.65,"WAIT","ARMED","PULLBACK_CONTINUATION","PULLBACK_CONTINUATION@226.94",3,5,"Neutral","ציון 6 (כרגע 5)",227.65,226.86,229.45,229.97,2.28
NVDA,"11:12",227.725,"WAIT","ARMED","PULLBACK_CONTINUATION","PULLBACK_CONTINUATION@226.94",4,5,"Neutral","ציון 6 (כרגע 5)",227.65,226.86,229.45,229.97,2.28
NVDA,"11:13",227.78,"WAIT","ARMED","PULLBACK_CONTINUATION","PULLBACK_CONTINUATION@226.94",5,5,"Neutral","ציון 6 (כרגע 5)",227.65,226.86,229.45,229.97,2.28
NVDA,"11:14",227.3801,"WAIT","ARMED","PULLBACK_CONTINUATION","PULLBACK_CONTINUATION@226.94",6,5,"Neutral","סגירה קרוב ל-227.65 (לא רק נגיעה) | ציון 6 (כרגע 5)",227.65,226.86,229.45,229.97,2.28
NVDA,"11:15",227.16,"WAIT","ARMED","PULLBACK_CONTINUATION","PULLBACK_CONTINUATION@226.94",7,5,"Neutral","פריצה של 227.65 | ציון 6 (כרגע 5)",227.65,226.86,229.45,229.97,2.28
NVDA,"11:16",227.4,"WAIT","ARMED","PULLBACK_CONTINUATION","PULLBACK_CONTINUATION@226.94",8,5,"Neutral","פריצה של 227.65 | ציון 6 (כרגע 5)",227.65,226.86,229.45,229.97,2.28
NVDA,"11:17",227.455,"WAIT","ARMED","PULLBACK_CONTINUATION","PULLBACK_CONTINUATION@226.94",9,5,"Neutral","פריצה של 227.65 | ציון 6 (כרגע 5)",227.65,226.86,229.45,229.97,2.28
NVDA,"11:18",227.38,"WAIT","ARMED","PULLBACK_CONTINUATION","PULLBACK_CONTINUATION@226.94",10,5,"Neutral","פריצה של 227.65 | ציון 6 (כרגע 5)",227.65,226.86,229.45,229.97,2.28
NVDA,"11:19",227.1,"WAIT","ARMED","PULLBACK_CONTINUATION","PULLBACK_CONTINUATION@226.94",11,5,"Neutral","פריצה של 227.65 | ציון 6 (כרגע 5)",227.65,226.86,229.45,229.97,2.28
NVDA,"11:20",226.835,"FAILED","FAILED","PULLBACK_CONTINUATION","PULLBACK_CONTINUATION@226.94",12,0,"Weak","","","","","",""
NVDA,"11:21",226.52,"WAIT","WATCH","","","",0,"Weak","","","","","",""
NVDA,"11:22",226.495,"WAIT","WATCH","","","",0,"Weak","","","","","",""
NVDA,"11:23",226.794,"WAIT","WATCH","","","",0,"Weak","","","","","",""
NVDA,"11:24",227.01,"WAIT","WATCH","","","",0,"Weak","","","","","",""
NVDA,"11:25",226.76,"NO TRADE","AVOID","","","",0,"Avoid","","","","","",""
NVDA,"11:26",226.75,"NO TRADE","AVOID","","","",0,"Avoid","","","","","",""
NVDA,"11:27",226.9225,"NO TRADE","AVOID","","","",0,"Avoid","","","","","",""
NVDA,"11:28",226.83,"NO TRADE","AVOID","","","",0,"Avoid","","","","","",""
NVDA,"11:29",226.87,"NO TRADE","AVOID","","","",0,"Avoid","","","","","",""
NVDA,"11:30",226.91,"NO TRADE","AVOID","","","",0,"Avoid","","","","","",""
NVDA,"11:31",226.665,"NO TRADE","AVOID","","","",0,"Avoid","","","","","",""
NVDA,"11:32",226.6599,"NO TRADE","AVOID","","","",0,"Avoid","","","","","",""
NVDA,"11:33",226.615,"NO TRADE","AVOID","","","",0,"Avoid","","","","","",""
NVDA,"11:34",226.69,"NO TRADE","AVOID","","","",0,"Avoid","","","","","",""
NVDA,"11:35",226.5633,"NO TRADE","AVOID","","","",0,"Avoid","","","","","",""
NVDA,"11:36",226.66,"NO TRADE","AVOID","","","",0,"Avoid","","","","","",""
NVDA,"11:37",226.61,"NO TRADE","AVOID","","","",0,"Avoid","","","","","",""
NVDA,"11:38",226.5799,"NO TRADE","AVOID","","","",0,"Avoid","","","","","",""
NVDA,"11:39",226.66,"NO TRADE","AVOID","","","",0,"Avoid","","","","","",""
NVDA,"11:40",226.645,"NO TRADE","AVOID","","","",0,"Avoid","","","","","",""
NVDA,"11:41",226.94,"NO TRADE","AVOID","","","",0,"Avoid","","","","","",""
NVDA,"11:42",226.875,"NO TRADE","AVOID","","","",0,"Avoid","","","","","",""
NVDA,"11:43",227.1101,"NO TRADE","AVOID","","","",0,"Weak","","","","","",""
NVDA,"11:44",226.9146,"NO TRADE","AVOID","","","",0,"Weak","","","","","",""
NVDA,"11:45",226.7199,"NO TRADE","AVOID","","","",0,"Avoid","","","","","",""
NVDA,"11:46",226.54,"NO TRADE","AVOID","","","",0,"Avoid","","","","","",""
NVDA,"11:47",226.5907,"WAIT","WATCH","","","",0,"Weak","","","","","",""
NVDA,"11:48",226.472,"WAIT","WATCH","","","",0,"Weak","","","","","",""
NVDA,"11:49",226.6323,"WAIT","WATCH","","","",0,"Weak","","","","","",""
NVDA,"11:50",226.71,"WAIT","WATCH","","","",0,"Weak","","","","","",""
NVDA,"11:51",226.5,"WAIT","WATCH","","","",0,"Weak","","","","","",""
NVDA,"11:52",226.62,"WAIT","WATCH","","","",0,"Weak","","","","","",""
NVDA,"11:53",226.53,"WAIT","WATCH","","","",0,"Weak","","","","","",""
NVDA,"11:54",226.3599,"WAIT","WATCH","","","",0,"Weak","","","","","",""
NVDA,"11:55",226.28,"WAIT","WATCH","","","",0,"Weak","","","","","",""
NVDA,"11:56",226.13,"WAIT","WATCH","","","",0,"Weak","","","","","",""
NVDA,"11:57",226.17,"WAIT","WATCH","","","",0,"Weak","","","","","",""
NVDA,"11:58",226.26,"WAIT","WATCH","","","",0,"Weak","","","","","",""
NVDA,"11:59",226.26,"WAIT","WATCH","","","",0,"Weak","","","","","",""
NVDA,"12:00",226.27,"WAIT","WATCH","","","",0,"Weak","","","","","",""
NVDA,"12:01",226.38,"WAIT","WATCH","","","",0,"Weak","","","","","",""
NVDA,"12:02",226.43,"WAIT","WATCH","","","",0,"Weak","","","","","",""
NVDA,"12:03",226.33,"WAIT","WATCH","","","",0,"Weak","","","","","",""
NVDA,"12:04",226.18,"WAIT","WATCH","","","",0,"Weak","","","","","",""
NVDA,"12:05",226.28,"WAIT","WATCH","","","",0,"Weak","","","","","",""
NVDA,"12:06",226.2171,"NO TRADE","AVOID","","","",0,"Avoid","","","","","",""
NVDA,"12:07",226.195,"NO TRADE","AVOID","","","",0,"Avoid","","","","","",""
NVDA,"12:08",226.135,"NO TRADE","AVOID","","","",0,"Avoid","","","","","",""
NVDA,"12:09",225.915,"NO TRADE","AVOID","","","",0,"Avoid","","","","","",""
NVDA,"12:10",226.03,"NO TRADE","AVOID","","","",0,"Avoid","","","","","",""
NVDA,"12:11",226.0199,"NO TRADE","AVOID","","","",0,"Avoid","","","","","",""
NVDA,"12:12",226.06,"NO TRADE","AVOID","","","",0,"Avoid","","","","","",""
NVDA,"12:13",226.18,"NO TRADE","AVOID","","","",0,"Avoid","","","","","",""
NVDA,"12:14",226.0522,"NO TRADE","AVOID","","","",0,"Avoid","","","","","",""
NVDA,"12:15",226.015,"NO TRADE","AVOID","","","",0,"Avoid","","","","","",""
NVDA,"12:16",225.925,"NO TRADE","AVOID","","","",0,"Avoid","","","","","",""
NVDA,"12:17",226.04,"NO TRADE","AVOID","","","",0,"Avoid","","","","","",""
NVDA,"12:18",225.91,"NO TRADE","AVOID","","","",0,"Avoid","","","","","",""
NVDA,"12:19",225.89,"NO TRADE","AVOID","","","",0,"Avoid","","","","","",""
NVDA,"12:20",225.94,"NO TRADE","AVOID","","","",0,"Avoid","","","","","",""
NVDA,"12:21",225.9105,"NO TRADE","AVOID","","","",0,"Avoid","","","","","",""
NVDA,"12:22",226.01,"NO TRADE","AVOID","","","",0,"Avoid","","","","","",""
NVDA,"12:23",226.005,"NO TRADE","AVOID","","","",0,"Avoid","","","","","",""
NVDA,"12:24",225.97,"NO TRADE","AVOID","","","",0,"Avoid","","","","","",""
NVDA,"12:25",225.823,"NO TRADE","AVOID","","","",0,"Avoid","","","","","",""
NVDA,"12:26",225.755,"NO TRADE","AVOID","","","",0,"Avoid","","","","","",""
NVDA,"12:27",225.6662,"NO TRADE","AVOID","","","",0,"Avoid","","","","","",""
NVDA,"12:28",225.73,"NO TRADE","AVOID","","","",0,"Avoid","","","","","",""
NVDA,"12:29",225.66,"NO TRADE","AVOID","","","",0,"Avoid","","","","","",""
NVDA,"12:30",225.745,"NO TRADE","AVOID","","","",0,"Avoid","","","","","",""
NVDA,"12:31",225.85,"NO TRADE","AVOID","","","",0,"Avoid","","","","","",""
NVDA,"12:32",225.7,"NO TRADE","AVOID","","","",0,"Avoid","","","","","",""
NVDA,"12:33",225.82,"NO TRADE","AVOID","","","",0,"Avoid","","","","","",""
NVDA,"12:34",225.66,"NO TRADE","AVOID","","","",0,"Avoid","","","","","",""
NVDA,"12:35",225.69,"NO TRADE","AVOID","","","",0,"Avoid","","","","","",""
NVDA,"12:36",225.7205,"NO TRADE","AVOID","","","",0,"Avoid","","","","","",""
NVDA,"12:37",225.805,"NO TRADE","AVOID","","","",0,"Avoid","","","","","",""
NVDA,"12:38",225.9785,"NO TRADE","AVOID","","","",0,"Avoid","","","","","",""
NVDA,"12:39",226.03,"NO TRADE","AVOID","","","",0,"Avoid","","","","","",""
NVDA,"12:40",225.9891,"NO TRADE","AVOID","","","",0,"Weak","","","","","",""
NVDA,"12:41",225.99,"NO TRADE","AVOID","","","",0,"Weak","","","","","",""
NVDA,"12:42",226.005,"NO TRADE","AVOID","","","",0,"Weak","","","","","",""
NVDA,"12:43",225.93,"WAIT","WATCH","","","",0,"Weak","","","","","",""
NVDA,"12:44",225.83,"WAIT","WATCH","","","",0,"Weak","","","","","",""
NVDA,"12:45",225.815,"WAIT","WATCH","","","",0,"Weak","","","","","",""
NVDA,"12:46",225.92,"WAIT","WATCH","","","",0,"Neutral","","","","","",""
NVDA,"12:47",226,"WAIT","ARMED","PULLBACK_CONTINUATION","PULLBACK_CONTINUATION@225.72",0,5,"Neutral","פריצה של 226.09 | ציון 6 (כרגע 5)",226.09,225.68,227.05,227.14,2.33
NVDA,"12:48",225.995,"WAIT","ARMED","PULLBACK_CONTINUATION","PULLBACK_CONTINUATION@225.72",1,5,"Neutral","פריצה של 226.09 | ציון 6 (כרגע 5)",226.09,225.68,227.05,227.14,2.33
NVDA,"12:49",226.01,"WAIT","ARMED","PULLBACK_CONTINUATION","PULLBACK_CONTINUATION@225.72",2,5,"Neutral","פריצה של 226.09 | ציון 6 (כרגע 5)",226.09,225.68,227.05,227.14,2.33
NVDA,"12:50",226.02,"WAIT","ARMED","PULLBACK_CONTINUATION","PULLBACK_CONTINUATION@225.72",3,5,"Neutral","סגירה קרוב ל-226.09 (לא רק נגיעה) | ציון 6 (כרגע 5)",226.09,225.68,227.05,227.14,2.33
NVDA,"12:51",225.785,"WAIT","ARMED","PULLBACK_CONTINUATION","PULLBACK_CONTINUATION@225.72",4,5,"Neutral","פריצה של 226.09 | ציון 6 (כרגע 5)",226.09,225.68,227.05,227.14,2.33
NVDA,"12:52",225.86,"WAIT","ARMED","PULLBACK_CONTINUATION","PULLBACK_CONTINUATION@225.72",5,5,"Neutral","פריצה של 226.09 | ציון 6 (כרגע 5)",226.09,225.68,227.05,227.14,2.33
NVDA,"12:53",225.93,"WAIT","ARMED","PULLBACK_CONTINUATION","PULLBACK_CONTINUATION@225.72",6,5,"Neutral","פריצה של 226.09 | ציון 6 (כרגע 5)",226.09,225.68,227.05,227.14,2.33
NVDA,"12:54",225.9919,"WAIT","ARMED","PULLBACK_CONTINUATION","PULLBACK_CONTINUATION@225.72",7,5,"Neutral","פריצה של 226.09 | ציון 6 (כרגע 5)",226.09,225.68,227.05,227.14,2.33
NVDA,"12:55",226.01,"WAIT","ARMED","PULLBACK_CONTINUATION","PULLBACK_CONTINUATION@225.72",8,5,"Neutral","פריצה של 226.09 | ציון 6 (כרגע 5)",226.09,225.68,227.05,227.14,2.33
NVDA,"12:56",225.79,"FAILED","FAILED","PULLBACK_CONTINUATION","PULLBACK_CONTINUATION@225.72",9,0,"Neutral","","","","","",""
NVDA,"12:57",225.83,"WAIT","WATCH","","","",0,"Weak","","","","","",""
NVDA,"12:58",225.83,"WAIT","WATCH","","","",0,"Weak","","","","","",""
NVDA,"12:59",225.75,"WAIT","WATCH","","","",0,"Weak","","","","","",""
NVDA,"13:00",225.8702,"WAIT","WATCH","","","",0,"Weak","","","","","",""
NVDA,"13:01",226.09,"WAIT","WATCH","","","",0,"Weak","","","","","",""
NVDA,"13:02",226.25,"WAIT","ARMED","REVERSAL","REVERSAL|12:59|12:55",0,4,"Weak","",226.29,225.78,227.05,227.14,1.5
NVDA,"13:03",226.335,"WAIT","ARMED","REVERSAL","REVERSAL|12:59|12:55",1,4,"Weak","",226.29,225.78,227.05,227.14,1.5
NVDA,"13:04",226.285,"WAIT","ARMED","REVERSAL","REVERSAL|12:59|12:55",2,3,"Weak","",226.29,225.78,227.05,227.14,1.5
NVDA,"13:05",226.205,"WAIT","ARMED","REVERSAL","REVERSAL|12:59|12:55",3,3,"Weak","",226.29,225.78,227.05,227.14,1.5
NVDA,"13:06",226.17,"WAIT","ARMED","REVERSAL","REVERSAL|12:59|12:55",4,4,"Weak","",226.29,225.78,227.05,227.14,1.5
NVDA,"13:07",226.01,"WAIT","ARMED","REVERSAL","REVERSAL|12:59|12:55",5,4,"Weak","",226.29,225.78,227.05,227.14,1.5
NVDA,"13:08",226.0738,"WAIT","ARMED","REVERSAL","REVERSAL|12:59|12:55",6,4,"Weak","",226.29,225.78,227.05,227.14,1.5
NVDA,"13:09",225.9799,"WAIT","ARMED","REVERSAL","REVERSAL|12:59|12:55",7,4,"Weak","",226.29,225.78,227.05,227.14,1.5
NVDA,"13:10",225.9321,"WAIT","ARMED","REVERSAL","REVERSAL|12:59|12:55",8,4,"Weak","",226.29,225.78,227.05,227.14,1.5
NVDA,"13:11",225.95,"WAIT","ARMED","REVERSAL","REVERSAL|12:59|12:55",9,4,"Weak","",226.29,225.78,227.05,227.14,1.5
NVDA,"13:12",225.97,"WAIT","ARMED","REVERSAL","REVERSAL|12:59|12:55",10,4,"Weak","",226.29,225.78,227.05,227.14,1.5
NVDA,"13:13",226.08,"WAIT","ARMED","REVERSAL","REVERSAL|12:59|12:55",11,5,"Weak","",226.29,225.78,227.05,227.14,1.5
NVDA,"13:14",226.077,"WAIT","ARMED","REVERSAL","REVERSAL|12:59|12:55",12,6,"Neutral","",226.29,225.78,227.05,227.14,1.5
NVDA,"13:15",225.995,"WAIT","ARMED","REVERSAL","REVERSAL|12:59|12:55",13,6,"Neutral","",226.29,225.78,227.05,227.14,1.5
NVDA,"13:16",226.01,"WAIT","ARMED","REVERSAL","REVERSAL|12:59|12:55",14,5,"Weak","",226.29,225.78,227.05,227.14,1.5
NVDA,"13:17",226.135,"WAIT","ARMED","REVERSAL","REVERSAL|12:59|12:55",15,6,"Weak","",226.29,225.78,227.05,227.14,1.5
NVDA,"13:18",225.9599,"WAIT","ARMED","REVERSAL","REVERSAL|12:59|12:55",16,5,"Weak","",226.29,225.78,227.05,227.14,1.5
NVDA,"13:19",226.145,"WAIT","ARMED","REVERSAL","REVERSAL|12:59|12:55",17,6,"Weak","",226.29,225.78,227.05,227.14,1.5
NVDA,"13:20",226.1,"WAIT","ARMED","REVERSAL","REVERSAL|12:59|12:55",18,5,"Weak","",226.29,225.78,227.05,227.14,1.5
NVDA,"13:21",225.96,"WAIT","ARMED","REVERSAL","REVERSAL|12:59|12:55",19,5,"Weak","",226.29,225.78,227.05,227.14,1.5
NVDA,"13:22",225.925,"WAIT","ARMED","REVERSAL","REVERSAL|12:59|12:55",20,5,"Weak","",226.29,225.78,227.05,227.14,1.5
NVDA,"13:23",225.81,"FAILED","FAILED","REVERSAL","REVERSAL|12:59|12:55",21,0,"Weak","","","","","",""
NVDA,"13:24",225.7598,"WAIT","WATCH","","","",0,"Weak","","","","","",""
NVDA,"13:25",225.72,"WAIT","WATCH","","","",0,"Weak","","","","","",""
NVDA,"13:26",225.558,"WAIT","WATCH","","","",0,"Weak","","","","","",""
NVDA,"13:27",225.49,"WAIT","WATCH","","","",0,"Weak","","","","","",""
NVDA,"13:28",225.715,"WAIT","WATCH","","","",0,"Weak","","","","","",""
NVDA,"13:29",225.65,"WAIT","WATCH","","","",0,"Weak","","","","","",""
NVDA,"13:30",225.805,"WAIT","WATCH","","","",0,"Weak","","","","","",""
NVDA,"13:31",225.715,"WAIT","WATCH","","","",0,"Weak","","","","","",""
NVDA,"13:32",225.93,"WAIT","WATCH","","","",0,"Weak","","","","","",""
NVDA,"13:33",225.9768,"WAIT","WATCH","","","",0,"Weak","","","","","",""
NVDA,"13:34",225.95,"WAIT","WATCH","","","",0,"Weak","","","","","",""
NVDA,"13:35",225.9799,"WAIT","WATCH","","","",0,"Neutral","","","","","",""
NVDA,"13:36",226.05,"WAIT","WATCH","","","",0,"Neutral","","","","","",""
NVDA,"13:37",226.2,"WAIT","ARMED","PULLBACK_CONTINUATION","PULLBACK_CONTINUATION@225.85",0,5,"Neutral","פריצה של 226.23 | ציון 6 (כרגע 5)",226.23,225.81,227.05,227.14,1.96
NVDA,"13:38",226.1843,"WAIT","ARMED","PULLBACK_CONTINUATION","PULLBACK_CONTINUATION@225.85",1,5,"Neutral","סגירה קרוב ל-226.23 (לא רק נגיעה) | ציון 6 (כרגע 5)",226.23,225.81,227.05,227.14,1.96
NVDA,"13:39",226.1305,"WAIT","ARMED","PULLBACK_CONTINUATION","PULLBACK_CONTINUATION@225.85",2,5,"Neutral","סגירה קרוב ל-226.23 (לא רק נגיעה) | ציון 6 (כרגע 5)",226.23,225.81,227.05,227.14,1.96
NVDA,"13:40",226.005,"WAIT","ARMED","PULLBACK_CONTINUATION","PULLBACK_CONTINUATION@225.85",3,5,"Neutral","פריצה של 226.23 | ציון 6 (כרגע 5)",226.23,225.81,227.05,227.14,1.96
NVDA,"13:41",225.88,"WAIT","ARMED","PULLBACK_CONTINUATION","PULLBACK_CONTINUATION@225.85",4,5,"Neutral","פריצה של 226.23 | ציון 6 (כרגע 5)",226.23,225.81,227.05,227.14,1.96
NVDA,"13:42",225.96,"WAIT","ARMED","PULLBACK_CONTINUATION","PULLBACK_CONTINUATION@225.85",5,5,"Neutral","פריצה של 226.23 | ציון 6 (כרגע 5)",226.23,225.81,227.05,227.14,1.96
NVDA,"13:43",225.973,"WAIT","ARMED","PULLBACK_CONTINUATION","PULLBACK_CONTINUATION@225.85",6,5,"Neutral","פריצה של 226.23 | ציון 6 (כרגע 5)",226.23,225.81,227.05,227.14,1.96
NVDA,"13:44",225.895,"WAIT","ARMED","PULLBACK_CONTINUATION","PULLBACK_CONTINUATION@225.85",7,2,"Weak","",226.23,225.81,227.05,227.14,1.96
NVDA,"13:45",225.93,"WAIT","ARMED","PULLBACK_CONTINUATION","PULLBACK_CONTINUATION@225.85",8,2,"Weak","",226.23,225.81,227.05,227.14,1.96
NVDA,"13:46",225.9703,"WAIT","ARMED","PULLBACK_CONTINUATION","PULLBACK_CONTINUATION@225.85",9,2,"Weak","",226.23,225.81,227.05,227.14,1.96
NVDA,"13:47",225.925,"WAIT","ARMED","PULLBACK_CONTINUATION","PULLBACK_CONTINUATION@225.85",10,2,"Weak","",226.23,225.81,227.05,227.14,1.96
NVDA,"13:48",225.99,"WAIT","ARMED","PULLBACK_CONTINUATION","PULLBACK_CONTINUATION@225.85",11,3,"Weak","פריצה של 226.23 | ציון 6 (כרגע 3)",226.23,225.81,227.05,227.14,1.96
NVDA,"13:49",226,"WAIT","ARMED","PULLBACK_CONTINUATION","PULLBACK_CONTINUATION@225.85",12,5,"Neutral","פריצה של 226.23 | ציון 6 (כרגע 5)",226.23,225.81,227.05,227.14,1.96
NVDA,"13:50",225.94,"WAIT","ARMED","PULLBACK_CONTINUATION","PULLBACK_CONTINUATION@225.85",13,5,"Neutral","פריצה של 226.23 | ציון 6 (כרגע 5)",226.23,225.81,227.05,227.14,1.96
NVDA,"13:51",225.93,"WAIT","ARMED","PULLBACK_CONTINUATION","PULLBACK_CONTINUATION@225.85",14,5,"Neutral","פריצה של 226.23 | ציון 6 (כרגע 5)",226.23,225.81,227.05,227.14,1.96
NVDA,"13:52",226.015,"WAIT","ARMED","PULLBACK_CONTINUATION","PULLBACK_CONTINUATION@225.85",15,5,"Neutral","פריצה של 226.23 | ציון 6 (כרגע 5)",226.23,225.81,227.05,227.14,1.96
NVDA,"13:53",226.14,"WAIT","ARMED","PULLBACK_CONTINUATION","PULLBACK_CONTINUATION@225.85",16,5,"Neutral","פריצה של 226.23 | ציון 6 (כרגע 5)",226.23,225.81,227.05,227.14,1.96
NVDA,"13:54",226.1001,"WAIT","ARMED","PULLBACK_CONTINUATION","PULLBACK_CONTINUATION@225.85",17,2,"Weak","",226.23,225.81,227.05,227.14,1.96
NVDA,"13:55",225.985,"WAIT","ARMED","PULLBACK_CONTINUATION","PULLBACK_CONTINUATION@225.85",18,2,"Weak","",226.23,225.81,227.05,227.14,1.96
NVDA,"13:56",225.85,"FAILED","FAILED","PULLBACK_CONTINUATION","PULLBACK_CONTINUATION@225.85",19,0,"Weak","","","","","",""
NVDA,"13:57",225.8499,"NO TRADE","AVOID","","","",0,"Avoid","","","","","",""
NVDA,"13:58",225.845,"NO TRADE","AVOID","","","",0,"Avoid","","","","","",""
NVDA,"13:59",225.765,"NO TRADE","AVOID","","","",0,"Avoid","","","","","",""
NVDA,"14:00",225.813,"NO TRADE","AVOID","","","",0,"Avoid","","","","","",""
NVDA,"14:01",225.815,"NO TRADE","AVOID","","","",0,"Avoid","","","","","",""
NVDA,"14:02",225.83,"NO TRADE","AVOID","","","",0,"Avoid","","","","","",""
NVDA,"14:03",225.838,"NO TRADE","AVOID","","","",0,"Avoid","","","","","",""
NVDA,"14:04",225.885,"NO TRADE","AVOID","","","",0,"Avoid","","","","","",""
NVDA,"14:05",225.85,"NO TRADE","AVOID","","","",0,"Avoid","","","","","",""
NVDA,"14:06",225.945,"NO TRADE","AVOID","","","",0,"Avoid","","","","","",""
NVDA,"14:07",225.98,"NO TRADE","AVOID","","","",0,"Avoid","","","","","",""
NVDA,"14:08",225.97,"NO TRADE","AVOID","","","",0,"Weak","","","","","",""
NVDA,"14:09",225.96,"NO TRADE","AVOID","","","",0,"Weak","","","","","",""
NVDA,"14:10",225.99,"NO TRADE","AVOID","","","",0,"Weak","","","","","",""
NVDA,"14:11",225.975,"NO TRADE","AVOID","","","",0,"Weak","","","","","",""
NVDA,"14:12",225.86,"NO TRADE","AVOID","","","",0,"Weak","","","","","",""
NVDA,"14:13",225.8401,"NO TRADE","AVOID","","","",0,"Avoid","","","","","",""
NVDA,"14:14",225.885,"NO TRADE","AVOID","","","",0,"Avoid","","","","","",""
NVDA,"14:15",225.96,"NO TRADE","AVOID","","","",0,"Avoid","","","","","",""
NVDA,"14:16",225.975,"NO TRADE","AVOID","","","",0,"Weak","","","","","",""
NVDA,"14:17",225.975,"WAIT","WATCH","","","",0,"Weak","","","","","",""
NVDA,"14:18",225.96,"WAIT","WATCH","","","",0,"Weak","","","","","",""
NVDA,"14:19",225.96,"WAIT","ARMED","PULLBACK_CONTINUATION","PULLBACK_CONTINUATION@225.83",0,5,"Neutral","פריצה של 226.08 | ציון 6 (כרגע 5)",226.08,225.81,227.05,227.14,3.53
NVDA,"14:20",226.07,"WAIT","ARMED","PULLBACK_CONTINUATION","PULLBACK_CONTINUATION@225.83",1,5,"Neutral","סגירה קרוב ל-226.08 (לא רק נגיעה) | ציון 6 (כרגע 5)",226.08,225.81,227.05,227.14,3.53
NVDA,"14:21",225.96,"WAIT","ARMED","PULLBACK_CONTINUATION","PULLBACK_CONTINUATION@225.83",2,5,"Neutral","סגירה קרוב ל-226.08 (לא רק נגיעה) | ציון 6 (כרגע 5)",226.08,225.81,227.05,227.14,3.53
NVDA,"14:22",225.915,"WAIT","ARMED","PULLBACK_CONTINUATION","PULLBACK_CONTINUATION@225.83",3,5,"Neutral","פריצה של 226.08 | ציון 6 (כרגע 5)",226.08,225.81,227.05,227.14,3.53
NVDA,"14:23",225.935,"WAIT","ARMED","PULLBACK_CONTINUATION","PULLBACK_CONTINUATION@225.83",4,5,"Neutral","פריצה של 226.08 | ציון 6 (כרגע 5)",226.08,225.81,227.05,227.14,3.53
NVDA,"14:24",225.91,"WAIT","ARMED","PULLBACK_CONTINUATION","PULLBACK_CONTINUATION@225.83",5,5,"Neutral","פריצה של 226.08 | ציון 6 (כרגע 5)",226.08,225.81,227.05,227.14,3.53
NVDA,"14:25",225.92,"WAIT","ARMED","PULLBACK_CONTINUATION","PULLBACK_CONTINUATION@225.83",6,5,"Neutral","פריצה של 226.08 | ציון 6 (כרגע 5)",226.08,225.81,227.05,227.14,3.53
NVDA,"14:26",225.96,"WAIT","ARMED","PULLBACK_CONTINUATION","PULLBACK_CONTINUATION@225.83",7,5,"Neutral","פריצה של 226.08 | ציון 6 (כרגע 5)",226.08,225.81,227.05,227.14,3.53
NVDA,"14:27",226.06,"WAIT","ARMED","PULLBACK_CONTINUATION","PULLBACK_CONTINUATION@225.83",8,5,"Neutral","סגירה קרוב ל-226.08 (לא רק נגיעה) | ציון 6 (כרגע 5)",226.08,225.81,227.05,227.14,3.53
NVDA,"14:28",226.03,"WAIT","ARMED","PULLBACK_CONTINUATION","PULLBACK_CONTINUATION@225.83",9,5,"Neutral","סגירה קרוב ל-226.08 (לא רק נגיעה) | ציון 6 (כרגע 5)",226.08,225.81,227.05,227.14,3.53
NVDA,"14:29",226.08,"WAIT","ARMED","PULLBACK_CONTINUATION","PULLBACK_CONTINUATION@225.83",10,5,"Neutral","ציון 6 (כרגע 5)",226.08,225.81,227.05,227.14,3.53
NVDA,"14:30",226.08,"WAIT","ARMED","PULLBACK_CONTINUATION","PULLBACK_CONTINUATION@225.83",11,5,"Neutral","ציון 6 (כרגע 5)",226.08,225.81,227.05,227.14,3.53
NVDA,"14:31",226.0684,"WAIT","ARMED","PULLBACK_CONTINUATION","PULLBACK_CONTINUATION@225.83",12,5,"Neutral","סגירה קרוב ל-226.08 (לא רק נגיעה) | ציון 6 (כרגע 5)",226.08,225.81,227.05,227.14,3.53
NVDA,"14:32",226.1108,"WAIT","ARMED","PULLBACK_CONTINUATION","PULLBACK_CONTINUATION@225.83",13,5,"Neutral","ציון 6 (כרגע 5)",226.08,225.81,227.05,227.14,3.53
NVDA,"14:33",226.0999,"WAIT","ARMED","PULLBACK_CONTINUATION","PULLBACK_CONTINUATION@225.83",14,5,"Neutral","ציון 6 (כרגע 5)",226.08,225.81,227.05,227.14,3.53
NVDA,"14:34",226.145,"WAIT","ARMED","PULLBACK_CONTINUATION","PULLBACK_CONTINUATION@225.83",15,5,"Neutral","ציון 6 (כרגע 5)",226.08,225.81,227.05,227.14,3.53
NVDA,"14:35",226.055,"WAIT","ARMED","PULLBACK_CONTINUATION","PULLBACK_CONTINUATION@225.83",16,5,"Neutral","סגירה קרוב ל-226.08 (לא רק נגיעה) | ציון 6 (כרגע 5)",226.08,225.81,227.05,227.14,3.53
NVDA,"14:36",226.115,"WAIT","ARMED","PULLBACK_CONTINUATION","PULLBACK_CONTINUATION@225.83",17,5,"Neutral","ציון 6 (כרגע 5)",226.08,225.81,227.05,227.14,3.53
NVDA,"14:37",226.165,"WAIT","ARMED","PULLBACK_CONTINUATION","PULLBACK_CONTINUATION@225.83",18,5,"Neutral","ציון 6 (כרגע 5)",226.08,225.81,227.05,227.14,3.53
NVDA,"14:38",226.375,"WAIT","ARMED","PULLBACK_CONTINUATION","PULLBACK_CONTINUATION@225.83",19,4,"Neutral","",226.08,225.81,227.05,227.14,3.53
NVDA,"14:39",226.097,"WAIT","ARMED","PULLBACK_CONTINUATION","PULLBACK_CONTINUATION@225.97",0,5,"Neutral","פריצה של 226.41 | ציון 6 (כרגע 5)",226.41,225.94,227.14,227.35,1.55
NVDA,"14:40",225.91,"FAILED","FAILED","PULLBACK_CONTINUATION","PULLBACK_CONTINUATION@225.97",1,0,"Neutral","","","","","",""
NVDA,"14:41",225.875,"WAIT","WATCH","","","",0,"Neutral","","","","","",""
NVDA,"14:42",226.05,"WAIT","WATCH","","","",0,"Neutral","","","","","",""
NVDA,"14:43",226.19,"WAIT","WATCH","","","",0,"Neutral","","","","","",""
NVDA,"14:44",226.21,"WAIT","WATCH","","","",0,"Weak","","","","","",""
NVDA,"14:45",226.165,"WAIT","WATCH","","","",0,"Weak","","","","","",""
NVDA,"14:46",226.145,"WAIT","WATCH","","","",0,"Weak","","","","","",""
NVDA,"14:47",225.9465,"WAIT","WATCH","","","",0,"Weak","","","","","",""
NVDA,"14:48",225.391,"WAIT","WATCH","","","",0,"Weak","","","","","",""
NVDA,"14:49",225.564,"WAIT","WATCH","","","",0,"Weak","","","","","",""
NVDA,"14:50",225.72,"WAIT","WATCH","","","",0,"Weak","","","","","",""
NVDA,"14:51",225.645,"WAIT","WATCH","","","",0,"Weak","","","","","",""
NVDA,"14:52",225.46,"WAIT","WATCH","","","",0,"Weak","","","","","",""
NVDA,"14:53",225.82,"WAIT","WATCH","","","",0,"Weak","","","","","",""
NVDA,"14:54",225.9124,"WAIT","WATCH","","","",0,"Weak","","","","","",""
NVDA,"14:55",225.81,"WAIT","WATCH","","","",0,"Weak","","","","","",""
NVDA,"14:56",225.7,"WAIT","WATCH","","","",0,"Weak","","","","","",""
NVDA,"14:57",225.81,"WAIT","WATCH","","","",0,"Weak","","","","","",""
NVDA,"14:58",225.9,"WAIT","WATCH","","","",0,"Weak","","","","","",""
NVDA,"14:59",225.675,"WAIT","WATCH","","","",0,"Weak","","","","","",""
NVDA,"15:00",225.635,"WAIT","WATCH","","","",0,"Weak","","","","","",""
NVDA,"15:01",225.75,"WAIT","WATCH","","","",0,"Weak","","","","","",""
NVDA,"15:02",225.675,"WAIT","WATCH","","","",0,"Weak","","","","","",""
NVDA,"15:03",225.55,"WAIT","WATCH","","","",0,"Weak","","","","","",""
NVDA,"15:04",225.56,"WAIT","WATCH","","","",0,"Weak","","","","","",""
NVDA,"15:05",225.67,"WAIT","WATCH","","","",0,"Weak","","","","","",""
NVDA,"15:06",225.65,"WAIT","WATCH","","","",0,"Weak","","","","","",""
NVDA,"15:07",225.7597,"WAIT","WATCH","","","",0,"Weak","","","","","",""
NVDA,"15:08",225.6795,"WAIT","WATCH","","","",0,"Weak","","","","","",""
NVDA,"15:09",225.52,"WAIT","WATCH","","","",0,"Weak","","","","","",""
NVDA,"15:10",225.6299,"WAIT","WATCH","","","",0,"Weak","","","","","",""
NVDA,"15:11",225.6399,"WAIT","WATCH","","","",0,"Weak","","","","","",""
NVDA,"15:12",225.54,"WAIT","WATCH","","","",0,"Weak","","","","","",""
NVDA,"15:13",225.485,"WAIT","WATCH","","","",0,"Weak","","","","","",""
NVDA,"15:14",225.55,"WAIT","WATCH","","","",0,"Weak","","","","","",""
NVDA,"15:15",225.48,"WAIT","WATCH","","","",0,"Weak","","","","","",""
NVDA,"15:16",225.56,"NO TRADE","AVOID","","","",0,"Avoid","","","","","",""
NVDA,"15:17",225.42,"NO TRADE","AVOID","","","",0,"Avoid","","","","","",""
NVDA,"15:18",225.39,"NO TRADE","AVOID","","","",0,"Avoid","","","","","",""
NVDA,"15:19",225.3601,"NO TRADE","AVOID","","","",0,"Avoid","","","","","",""
NVDA,"15:20",225.42,"NO TRADE","AVOID","","","",0,"Avoid","","","","","",""
NVDA,"15:21",225.55,"NO TRADE","AVOID","","","",0,"Avoid","","","","","",""
NVDA,"15:22",225.55,"NO TRADE","AVOID","","","",0,"Avoid","","","","","",""
NVDA,"15:23",225.535,"NO TRADE","AVOID","","","",0,"Avoid","","","","","",""
NVDA,"15:24",225.485,"NO TRADE","AVOID","","","",0,"Avoid","","","","","",""
NVDA,"15:25",225.4,"WAIT","WATCH","","","",0,"Weak","","","","","",""
NVDA,"15:26",225.48,"WAIT","WATCH","","","",0,"Weak","","","","","",""
NVDA,"15:27",225.53,"WAIT","WATCH","","","",0,"Weak","","","","","",""
NVDA,"15:28",225.426,"WAIT","WATCH","","","",0,"Weak","","","","","",""
NVDA,"15:29",225.55,"WAIT","WATCH","","","",0,"Weak","","","","","",""
NVDA,"15:30",225.45,"WAIT","WATCH","","","",0,"Weak","","","","","",""
NVDA,"15:31",225.725,"WAIT","WATCH","","","",0,"Weak","","","","","",""
NVDA,"15:32",225.82,"WAIT","WATCH","","","",0,"Weak","","","","","",""
NVDA,"15:33",225.78,"WAIT","ARMED","PULLBACK_CONTINUATION","PULLBACK_CONTINUATION@225.31",0,5,"Neutral","פריצה של 225.91 | ציון 6 (כרגע 5)",225.91,225.27,227.05,227.14,1.77
NVDA,"15:34",225.825,"WAIT","ARMED","PULLBACK_CONTINUATION","PULLBACK_CONTINUATION@225.31",1,5,"Neutral","פריצה של 225.91 | ציון 6 (כרגע 5)",225.91,225.27,227.05,227.14,1.77
NVDA,"15:35",225.6594,"WAIT","ARMED","PULLBACK_CONTINUATION","PULLBACK_CONTINUATION@225.31",2,5,"Neutral","פריצה של 225.91 | ציון 6 (כרגע 5)",225.91,225.27,227.05,227.14,1.77
NVDA,"15:36",225.65,"WAIT","ARMED","PULLBACK_CONTINUATION","PULLBACK_CONTINUATION@225.31",3,5,"Neutral","פריצה של 225.91 | ציון 6 (כרגע 5)",225.91,225.27,227.05,227.14,1.77
NVDA,"15:37",225.775,"WAIT","ARMED","REVERSAL","REVERSAL|15:30|15:22",0,6,"Neutral","",225.91,225.39,227.05,227.14,2.18
NVDA,"15:38",225.7593,"WAIT","ARMED","PULLBACK_CONTINUATION","PULLBACK_CONTINUATION@225.31",5,5,"Neutral","פריצה של 225.91 | ציון 6 (כרגע 5)",225.91,225.27,227.05,227.14,1.77
NVDA,"15:39",225.82,"WAIT","ARMED","PULLBACK_CONTINUATION","PULLBACK_CONTINUATION@225.61",0,5,"Neutral","פריצה של 225.85 | ציון 6 (כרגע 5)",225.85,225.57,226.37,226.4,1.85
NVDA,"15:40",225.75,"WAIT","ARMED","PULLBACK_CONTINUATION","PULLBACK_CONTINUATION@225.61",1,5,"Neutral","פריצה של 225.85 | ציון 6 (כרגע 5)",225.85,225.57,226.37,226.4,1.85
NVDA,"15:41",225.705,"WAIT","ARMED","PULLBACK_CONTINUATION","PULLBACK_CONTINUATION@225.61",2,5,"Neutral","פריצה של 225.85 | ציון 6 (כרגע 5)",225.85,225.57,226.37,226.4,1.85
NVDA,"15:42",225.74,"WAIT","ARMED","PULLBACK_CONTINUATION","PULLBACK_CONTINUATION@225.61",3,4,"Weak","פריצה של 225.85 | ציון 6 (כרגע 4)",225.85,225.57,226.37,226.4,1.85
NVDA,"15:43",225.6686,"WAIT","ARMED","PULLBACK_CONTINUATION","PULLBACK_CONTINUATION@225.61",4,4,"Weak","פריצה של 225.85 | ציון 6 (כרגע 4)",225.85,225.57,226.37,226.4,1.85
NVDA,"15:44",225.575,"FAILED","FAILED","PULLBACK_CONTINUATION","PULLBACK_CONTINUATION@225.61",5,0,"Weak","","","","","",""
NVDA,"15:45",225.42,"WAIT","WATCH","","","",0,"Weak","","","","","",""
NVDA,"15:46",225.38,"WAIT","WATCH","","","",0,"Weak","","","","","",""
NVDA,"15:47",225.3,"WAIT","WATCH","","","",0,"Weak","","","","","",""
NVDA,"15:48",225.36,"WAIT","WATCH","","","",0,"Weak","","","","","",""
NVDA,"15:49",225.45,"WAIT","WATCH","","","",0,"Weak","","","","","",""
NVDA,"15:50",225.6677,"WAIT","WATCH","","","",0,"Weak","","","","","",""
NVDA,"15:51",225.4199,"NO TRADE","AVOID","","","",0,"Avoid","","","","","",""
NVDA,"15:52",225.405,"NO TRADE","AVOID","","","",0,"Avoid","","","","","",""
NVDA,"15:53",225.28,"NO TRADE","AVOID","","","",0,"Avoid","","","","","",""
NVDA,"15:54",224.96,"NO TRADE","AVOID","","","",0,"Avoid","","","","","",""
NVDA,"15:55",225.44,"NO TRADE","AVOID","","","",0,"Avoid","","","","","",""
NVDA,"15:56",225.4069,"NO TRADE","AVOID","","","",0,"Avoid","","","","","",""
NVDA,"15:57",225.3284,"NO TRADE","AVOID","","","",0,"Avoid","","","","","",""
NVDA,"15:58",225.34,"NO TRADE","AVOID","","","",0,"Avoid","","","","","",""
NVDA,"15:59",225.77,"NO TRADE","AVOID","","","",0,"Avoid","","","","","",""
AAPL,"09:30",319.47,"NO TRADE","AVOID","","","",0,"","","","","","",""
AAPL,"09:31",319.82,"NO TRADE","AVOID","","","",0,"","","","","","",""
AAPL,"09:32",318.4551,"NO TRADE","AVOID","","","",0,"","","","","","",""
AAPL,"09:33",317.445,"NO TRADE","AVOID","","","",0,"","","","","","",""
AAPL,"09:34",317.2699,"NO TRADE","AVOID","","","",0,"","","","","","",""
AAPL,"09:35",316.795,"NO TRADE","AVOID","","","",0,"","","","","","",""
AAPL,"09:36",315.84,"NO TRADE","AVOID","","","",0,"","","","","","",""
AAPL,"09:37",315.805,"NO TRADE","AVOID","","","",0,"","","","","","",""
AAPL,"09:38",316.755,"NO TRADE","AVOID","","","",0,"","","","","","",""
AAPL,"09:39",317.35,"NO TRADE","AVOID","","","",0,"","","","","","",""
AAPL,"09:40",317.71,"NO TRADE","AVOID","","","",0,"","","","","","",""
AAPL,"09:41",317.43,"NO TRADE","AVOID","","","",0,"","","","","","",""
AAPL,"09:42",317.595,"NO TRADE","AVOID","","","",0,"","","","","","",""
AAPL,"09:43",317.8526,"NO TRADE","AVOID","","","",0,"","","","","","",""
AAPL,"09:44",317.5183,"WAIT","WATCH","","","",0,"Weak","","","","","",""
AAPL,"09:45",316.94,"WAIT","WATCH","","","",0,"Avoid","","","","","",""
AAPL,"09:46",317.04,"WAIT","WATCH","","","",0,"Avoid","","","","","",""
AAPL,"09:47",316.36,"NO TRADE","AVOID","","","",0,"Avoid","","","","","",""
AAPL,"09:48",316.63,"NO TRADE","AVOID","","","",0,"Avoid","","","","","",""
AAPL,"09:49",316.22,"NO TRADE","AVOID","","","",0,"Avoid","","","","","",""
AAPL,"09:50",316.03,"NO TRADE","AVOID","","","",0,"Avoid","","","","","",""
AAPL,"09:51",316.07,"NO TRADE","AVOID","","","",0,"Avoid","","","","","",""
AAPL,"09:52",316.16,"NO TRADE","AVOID","","","",0,"Avoid","","","","","",""
AAPL,"09:53",316.5793,"NO TRADE","AVOID","","","",0,"Avoid","","","","","",""
AAPL,"09:54",316.46,"NO TRADE","AVOID","","","",0,"Avoid","","","","","",""
AAPL,"09:55",317.2011,"NO TRADE","AVOID","","","",0,"Avoid","","","","","",""
AAPL,"09:56",317.195,"NO TRADE","AVOID","","","",0,"Avoid","","","","","",""
AAPL,"09:57",317.58,"NO TRADE","AVOID","","","",0,"Avoid","","","","","",""
AAPL,"09:58",317.25,"NO TRADE","AVOID","","","",0,"Avoid","","","","","",""
AAPL,"09:59",316.9,"NO TRADE","AVOID","","","",0,"Avoid","","","","","",""
AAPL,"10:00",317.23,"NO TRADE","AVOID","","","",0,"Avoid","","","","","",""
AAPL,"10:01",316.7291,"NO TRADE","AVOID","","","",0,"Avoid","","","","","",""
AAPL,"10:02",316.62,"NO TRADE","AVOID","","","",0,"Avoid","","","","","",""
AAPL,"10:03",316.52,"NO TRADE","AVOID","","","",0,"Avoid","","","","","",""
AAPL,"10:04",316.8579,"NO TRADE","AVOID","","","",0,"Avoid","","","","","",""
AAPL,"10:05",316.6,"NO TRADE","AVOID","","","",0,"Avoid","","","","","",""
AAPL,"10:06",316.14,"NO TRADE","AVOID","","","",0,"Avoid","","","","","",""
AAPL,"10:07",316.21,"NO TRADE","AVOID","","","",0,"Avoid","","","","","",""
AAPL,"10:08",316.2,"NO TRADE","AVOID","","","",0,"Avoid","","","","","",""
AAPL,"10:09",315.955,"NO TRADE","AVOID","","","",0,"Avoid","","","","","",""
AAPL,"10:10",315.84,"NO TRADE","AVOID","","","",0,"Avoid","","","","","",""
AAPL,"10:11",315.78,"NO TRADE","AVOID","","","",0,"Avoid","","","","","",""
AAPL,"10:12",315.95,"NO TRADE","AVOID","","","",0,"Avoid","","","","","",""
AAPL,"10:13",315.88,"WAIT","WATCH","","","",0,"Weak","","","","","",""
AAPL,"10:14",315.885,"WAIT","WATCH","","","",0,"Weak","","","","","",""
AAPL,"10:15",315.6901,"WAIT","WATCH","","","",0,"Weak","","","","","",""
AAPL,"10:16",315.61,"WAIT","WATCH","","","",0,"Weak","","","","","",""
AAPL,"10:17",315.64,"WAIT","WATCH","","","",0,"Weak","","","","","",""
AAPL,"10:18",315.845,"WAIT","WATCH","","","",0,"Weak","","","","","",""
AAPL,"10:19",315.9589,"NO TRADE","AVOID","","","",0,"Avoid","","","","","",""
AAPL,"10:20",315.88,"NO TRADE","AVOID","","","",0,"Avoid","","","","","",""
AAPL,"10:21",315.755,"NO TRADE","AVOID","","","",0,"Avoid","","","","","",""
AAPL,"10:22",315.665,"NO TRADE","AVOID","","","",0,"Avoid","","","","","",""
AAPL,"10:23",315.65,"NO TRADE","AVOID","","","",0,"Avoid","","","","","",""
AAPL,"10:24",315.74,"NO TRADE","AVOID","","","",0,"Avoid","","","","","",""
AAPL,"10:25",315.855,"NO TRADE","AVOID","","","",0,"Avoid","","","","","",""
AAPL,"10:26",315.6426,"NO TRADE","AVOID","","","",0,"Avoid","","","","","",""
AAPL,"10:27",315.33,"NO TRADE","AVOID","","","",0,"Avoid","","","","","",""
AAPL,"10:28",315.37,"NO TRADE","AVOID","","","",0,"Avoid","","","","","",""
AAPL,"10:29",315.67,"NO TRADE","AVOID","","","",0,"Avoid","","","","","",""
AAPL,"10:30",315.506,"NO TRADE","AVOID","","","",0,"Avoid","","","","","",""
AAPL,"10:31",315.425,"NO TRADE","AVOID","","","",0,"Avoid","","","","","",""
AAPL,"10:32",315.36,"NO TRADE","AVOID","","","",0,"Avoid","","","","","",""
AAPL,"10:33",315.52,"NO TRADE","AVOID","","","",0,"Avoid","","","","","",""
AAPL,"10:34",315.655,"NO TRADE","AVOID","","","",0,"Avoid","","","","","",""
AAPL,"10:35",315.52,"NO TRADE","AVOID","","","",0,"Avoid","","","","","",""
AAPL,"10:36",315.605,"NO TRADE","AVOID","","","",0,"Avoid","","","","","",""
AAPL,"10:37",315.74,"NO TRADE","AVOID","","","",0,"Avoid","","","","","",""
AAPL,"10:38",315.83,"NO TRADE","AVOID","","","",0,"Avoid","","","","","",""
AAPL,"10:39",315.92,"NO TRADE","AVOID","","","",0,"Avoid","","","","","",""
AAPL,"10:40",315.78,"NO TRADE","AVOID","","","",0,"Avoid","","","","","",""
AAPL,"10:41",316.055,"NO TRADE","AVOID","","","",0,"Weak","","","","","",""
AAPL,"10:42",316.14,"NO TRADE","AVOID","","","",0,"Weak","","","","","",""
AAPL,"10:43",316.02,"NO TRADE","AVOID","","","",0,"Weak","","","","","",""
AAPL,"10:44",316.09,"NO TRADE","AVOID","","","",0,"Weak","","","","","",""
AAPL,"10:45",315.95,"WAIT","WATCH","","","",0,"Weak","","","","","",""
AAPL,"10:46",316.015,"WAIT","WATCH","","","",0,"Weak","","","","","",""
AAPL,"10:47",315.98,"WAIT","WATCH","","","",0,"Weak","","","","","",""
AAPL,"10:48",315.99,"WAIT","ARMED","PULLBACK_CONTINUATION","PULLBACK_CONTINUATION@315.88",0,5,"Neutral","פריצה של 316.12 | ציון 6 (כרגע 5)",316.12,315.83,317.65,317.97,5.22
AAPL,"10:49",316.165,"WAIT","ARMED","PULLBACK_CONTINUATION","PULLBACK_CONTINUATION@315.88",1,5,"Neutral","ציון 6 (כרגע 5)",316.12,315.83,317.65,317.97,5.22
AAPL,"10:50",316.27,"WAIT","ARMED","PULLBACK_CONTINUATION","PULLBACK_CONTINUATION@315.88",2,5,"Neutral","ציון 6 (כרגע 5)",316.12,315.83,317.65,317.97,5.22
AAPL,"10:51",316.03,"WAIT","ARMED","PULLBACK_CONTINUATION","PULLBACK_CONTINUATION@315.88",3,5,"Neutral","סגירה קרוב ל-316.12 (לא רק נגיעה) | ציון 6 (כרגע 5)",316.12,315.83,317.65,317.97,5.22
AAPL,"10:52",316.08,"WAIT","ARMED","PULLBACK_CONTINUATION","PULLBACK_CONTINUATION@315.88",4,5,"Neutral","פריצה של 316.12 | ציון 6 (כרגע 5)",316.12,315.83,317.65,317.97,5.22
AAPL,"10:53",316.225,"WAIT","ARMED","PULLBACK_CONTINUATION","PULLBACK_CONTINUATION@315.88",5,5,"Neutral","ציון 6 (כרגע 5)",316.12,315.83,317.65,317.97,5.22
AAPL,"10:54",316.28,"WAIT","ARMED","PULLBACK_CONTINUATION","PULLBACK_CONTINUATION@315.88",6,5,"Neutral","ציון 6 (כרגע 5)",316.12,315.83,317.65,317.97,5.22
AAPL,"10:55",316.3251,"WAIT","ARMED","PULLBACK_CONTINUATION","PULLBACK_CONTINUATION@315.96",0,5,"Neutral","פריצה של 316.36 | ציון 6 (כרגע 5)",316.36,315.91,317.65,317.97,2.89
AAPL,"10:56",316.115,"WAIT","ARMED","PULLBACK_CONTINUATION","PULLBACK_CONTINUATION@315.96",1,5,"Neutral","סגירה קרוב ל-316.36 (לא רק נגיעה) | ציון 6 (כרגע 5)",316.36,315.91,317.65,317.97,2.89
AAPL,"10:57",315.755,"FAILED","FAILED","PULLBACK_CONTINUATION","PULLBACK_CONTINUATION@315.96",2,0,"Neutral","","","","","",""
AAPL,"10:58",315.72,"WAIT","WATCH","","","",0,"Neutral","","","","","",""
AAPL,"10:59",315.9746,"WAIT","WATCH","","","",0,"Neutral","","","","","",""
AAPL,"11:00",316.01,"WAIT","WATCH","","","",0,"Neutral","","","","","",""
AAPL,"11:01",316.03,"WAIT","WATCH","","","",0,"Weak","","","","","",""
AAPL,"11:02",316.035,"WAIT","WATCH","","","",0,"Weak","","","","","",""
AAPL,"11:03",316.405,"WAIT","WATCH","","","",0,"Neutral","","","","","",""
AAPL,"11:04",316.425,"WAIT","ARMED","REVERSAL","REVERSAL|10:58|10:56",0,5,"Neutral","",316.58,315.95,317.65,317.97,1.7
AAPL,"11:05",316.37,"WAIT","ARMED","REVERSAL","REVERSAL|10:58|10:56",1,4,"Neutral","",316.58,315.95,317.65,317.97,1.7
AAPL,"11:06",316.04,"WAIT","ARMED","REVERSAL","REVERSAL|10:58|10:56",2,4,"Weak","",316.58,315.95,317.65,317.97,1.7
AAPL,"11:07",315.9999,"FAILED","FAILED","REVERSAL","REVERSAL|10:58|10:56",3,0,"Weak","","","","","",""
AAPL,"11:08",315.97,"WAIT","WATCH","","","",0,"Weak","","","","","",""
AAPL,"11:09",315.79,"WAIT","WATCH","","","",0,"Weak","","","","","",""
AAPL,"11:10",316.4,"WAIT","WATCH","","","",0,"Neutral","","","","","",""
AAPL,"11:11",316.34,"WAIT","WATCH","","","",0,"Neutral","","","","","",""
AAPL,"11:12",316.315,"WAIT","ARMED","PULLBACK_CONTINUATION","PULLBACK_CONTINUATION@315.72",0,5,"Neutral","פריצה של 316.51 | ציון 6 (כרגע 5)",316.51,315.65,317.97,318.07,1.69
AAPL,"11:13",316.43,"WAIT","ARMED","PULLBACK_CONTINUATION","PULLBACK_CONTINUATION@315.72",1,5,"Neutral","פריצה של 316.51 | ציון 6 (כרגע 5)",316.51,315.65,317.97,318.07,1.69
AAPL,"11:14",316.2,"WAIT","ARMED","PULLBACK_CONTINUATION","PULLBACK_CONTINUATION@315.72",2,4,"Weak","פריצה של 316.51 | ציון 6 (כרגע 4)",316.51,315.65,317.97,318.07,1.69
AAPL,"11:15",316.39,"WAIT","ARMED","PULLBACK_CONTINUATION","PULLBACK_CONTINUATION@315.72",3,5,"Neutral","פריצה של 316.51 | ציון 6 (כרגע 5)",316.51,315.65,317.97,318.07,1.69
AAPL,"11:16",316.3178,"WAIT","ARMED","PULLBACK_CONTINUATION","PULLBACK_CONTINUATION@315.72",4,4,"Neutral","פריצה של 316.51 | ציון 6 (כרגע 4)",316.51,315.65,317.97,318.07,1.69
AAPL,"11:17",316.13,"WAIT","ARMED","PULLBACK_CONTINUATION","PULLBACK_CONTINUATION@315.72",5,4,"Weak","פריצה של 316.51 | ציון 6 (כרגע 4)",316.51,315.65,317.97,318.07,1.69
AAPL,"11:18",316.03,"WAIT","ARMED","PULLBACK_CONTINUATION","PULLBACK_CONTINUATION@315.72",6,4,"Weak","פריצה של 316.51 | ציון 6 (כרגע 4)",316.51,315.65,317.97,318.07,1.69
AAPL,"11:19",315.895,"WAIT","ARMED","PULLBACK_CONTINUATION","PULLBACK_CONTINUATION@315.72",7,3,"Weak","פריצה של 316.51 | ציון 6 (כרגע 3)",316.51,315.65,317.97,318.07,1.69
AAPL,"11:20",315.95,"WAIT","ARMED","PULLBACK_CONTINUATION","PULLBACK_CONTINUATION@315.72",8,3,"Weak","פריצה של 316.51 | ציון 6 (כרגע 3)",316.51,315.65,317.97,318.07,1.69
AAPL,"11:21",315.83,"WAIT","ARMED","PULLBACK_CONTINUATION","PULLBACK_CONTINUATION@315.72",9,3,"Weak","פריצה של 316.51 | ציון 6 (כרגע 3)",316.51,315.65,317.97,318.07,1.69
AAPL,"11:22",315.795,"WAIT","ARMED","PULLBACK_CONTINUATION","PULLBACK_CONTINUATION@315.72",10,3,"Weak","פריצה של 316.51 | ציון 6 (כרגע 3)",316.51,315.65,317.97,318.07,1.69
AAPL,"11:23",315.98,"WAIT","ARMED","PULLBACK_CONTINUATION","PULLBACK_CONTINUATION@315.72",11,4,"Weak","פריצה של 316.51 | ציון 6 (כרגע 4)",316.51,315.65,317.97,318.07,1.69
AAPL,"11:24",316.375,"WAIT","ARMED","PULLBACK_CONTINUATION","PULLBACK_CONTINUATION@315.72",12,5,"Weak","פריצה של 316.51 | ציון 6 (כרגע 5)",316.51,315.65,317.97,318.07,1.69
AAPL,"11:25",316.5116,"WAIT","ARMED","PULLBACK_CONTINUATION","PULLBACK_CONTINUATION@315.72",13,5,"Neutral","ציון 6 (כרגע 5)",316.51,315.65,317.97,318.07,1.69
AAPL,"11:26",316.52,"WAIT","ARMED","REVERSAL","REVERSAL|11:22|11:10",0,5,"Neutral","",316.79,316.26,317.65,317.97,1.64
AAPL,"11:27",316.31,"FAILED","FAILED","REVERSAL","REVERSAL|11:22|11:10",1,0,"Neutral","","","","","",""
AAPL,"11:28",316.42,"WAIT","WATCH","","","",0,"Neutral","","","","","",""
AAPL,"11:29",316.2491,"WAIT","WATCH","","","",0,"Neutral","","","","","",""
AAPL,"11:30",316.32,"WAIT","WATCH","","","",0,"Neutral","","","","","",""
AAPL,"11:31",316.25,"WAIT","WATCH","","","",0,"Neutral","","","","","",""
AAPL,"11:32",316.15,"WAIT","WATCH","","","",0,"Neutral","","","","","",""
AAPL,"11:33",316.235,"WAIT","WATCH","","","",0,"Neutral","","","","","",""
AAPL,"11:34",316.26,"WAIT","WATCH","","","",0,"Neutral","","","","","",""
AAPL,"11:35",316.285,"WAIT","WATCH","","","",0,"Neutral","","","","","",""
AAPL,"11:36",316.28,"WAIT","WATCH","","","",0,"Neutral","","","","","",""
AAPL,"11:37",316.33,"WAIT","WATCH","","","",0,"Neutral","","","","","",""
AAPL,"11:38",316.26,"WAIT","WATCH","","","",0,"Neutral","","","","","",""
AAPL,"11:39",316.295,"WAIT","WATCH","","","",0,"Neutral","","","","","",""
AAPL,"11:40",316.305,"WAIT","WATCH","","","",0,"Neutral","","","","","",""
AAPL,"11:41",316.465,"WAIT","WATCH","","","",0,"Neutral","","","","","",""
AAPL,"11:42",316.69,"WAIT","WATCH","","","",0,"Neutral","","","","","",""
AAPL,"11:43",316.62,"WAIT","ARMED","PULLBACK_CONTINUATION","PULLBACK_CONTINUATION@316.20",0,5,"Neutral","פריצה של 316.82 | ציון 6 (כרגע 5)",316.82,316.16,317.97,318.07,1.74
AAPL,"11:44",316.415,"WAIT","ARMED","PULLBACK_CONTINUATION","PULLBACK_CONTINUATION@316.20",1,5,"Neutral","פריצה של 316.82 | ציון 6 (כרגע 5)",316.82,316.16,317.97,318.07,1.74
AAPL,"11:45",316.56,"WAIT","ARMED","PULLBACK_CONTINUATION","PULLBACK_CONTINUATION@316.20",2,5,"Neutral","פריצה של 316.82 | ציון 6 (כרגע 5)",316.82,316.16,317.97,318.07,1.74
AAPL,"11:46",316.295,"WAIT","ARMED","PULLBACK_CONTINUATION","PULLBACK_CONTINUATION@316.20",3,5,"Neutral","פריצה של 316.82 | ציון 6 (כרגע 5)",316.82,316.16,317.97,318.07,1.74
AAPL,"11:47",316.14,"FAILED","FAILED","PULLBACK_CONTINUATION","PULLBACK_CONTINUATION@316.20",4,0,"Neutral","","","","","",""
AAPL,"11:48",316.265,"WAIT","WATCH","","","",0,"Neutral","","","","","",""
AAPL,"11:49",316.195,"WAIT","WATCH","","","",0,"Neutral","","","","","",""
AAPL,"11:50",316.275,"WAIT","WATCH","","","",0,"Neutral","","","","","",""
AAPL,"11:51",316.43,"WAIT","WATCH","","","",0,"Neutral","","","","","",""
AAPL,"11:52",316.405,"WAIT","WATCH","","","",0,"Neutral","","","","","",""
AAPL,"11:53",316.32,"WAIT","WATCH","","","",0,"Neutral","","","","","",""
AAPL,"11:54",316.16,"WAIT","WATCH","","","",0,"Weak","","","","","",""
AAPL,"11:55",316.09,"NO TRADE","AVOID","","","",0,"Avoid","","","","","",""
AAPL,"11:56",316.16,"NO TRADE","AVOID","","","",0,"Weak","","","","","",""
AAPL,"11:57",316.16,"NO TRADE","AVOID","","","",0,"Weak","","","","","",""
AAPL,"11:58",316.14,"NO TRADE","AVOID","","","",0,"Weak","","","","","",""
AAPL,"11:59",316.0799,"NO TRADE","AVOID","","","",0,"Avoid","","","","","",""
AAPL,"12:00",315.91,"NO TRADE","AVOID","","","",0,"Avoid","","","","","",""
AAPL,"12:01",315.875,"NO TRADE","AVOID","","","",0,"Avoid","","","","","",""
AAPL,"12:02",315.99,"NO TRADE","AVOID","","","",0,"Avoid","","","","","",""
AAPL,"12:03",316.02,"NO TRADE","AVOID","","","",0,"Avoid","","","","","",""
AAPL,"12:04",316.03,"NO TRADE","AVOID","","","",0,"Avoid","","","","","",""
AAPL,"12:05",316.2361,"NO TRADE","AVOID","","","",0,"Weak","","","","","",""
AAPL,"12:06",316.1416,"NO TRADE","AVOID","","","",0,"Weak","","","","","",""
AAPL,"12:07",315.875,"NO TRADE","AVOID","","","",0,"Avoid","","","","","",""
AAPL,"12:08",315.7899,"NO TRADE","AVOID","","","",0,"Avoid","","","","","",""
AAPL,"12:09",315.73,"NO TRADE","AVOID","","","",0,"Avoid","","","","","",""
AAPL,"12:10",315.68,"NO TRADE","AVOID","","","",0,"Avoid","","","","","",""
AAPL,"12:11",315.64,"NO TRADE","AVOID","","","",0,"Avoid","","","","","",""
AAPL,"12:12",315.625,"NO TRADE","AVOID","","","",0,"Avoid","","","","","",""
AAPL,"12:13",315.65,"NO TRADE","AVOID","","","",0,"Avoid","","","","","",""
AAPL,"12:14",315.595,"NO TRADE","AVOID","","","",0,"Avoid","","","","","",""
AAPL,"12:15",315.74,"NO TRADE","AVOID","","","",0,"Avoid","","","","","",""
AAPL,"12:16",315.55,"NO TRADE","AVOID","","","",0,"Avoid","","","","","",""
AAPL,"12:17",315.52,"NO TRADE","AVOID","","","",0,"Avoid","","","","","",""
AAPL,"12:18",315.49,"NO TRADE","AVOID","","","",0,"Avoid","","","","","",""
AAPL,"12:19",315.49,"NO TRADE","AVOID","","","",0,"Avoid","","","","","",""
AAPL,"12:20",315.86,"NO TRADE","AVOID","","","",0,"Avoid","","","","","",""
AAPL,"12:21",315.89,"NO TRADE","AVOID","","","",0,"Avoid","","","","","",""
AAPL,"12:22",315.8395,"NO TRADE","AVOID","","","",0,"Avoid","","","","","",""
AAPL,"12:23",315.78,"NO TRADE","AVOID","","","",0,"Avoid","","","","","",""
AAPL,"12:24",315.79,"NO TRADE","AVOID","","","",0,"Avoid","","","","","",""
AAPL,"12:25",315.94,"NO TRADE","AVOID","","","",0,"Avoid","","","","","",""
AAPL,"12:26",315.89,"NO TRADE","AVOID","","","",0,"Weak","","","","","",""
AAPL,"12:27",315.91,"NO TRADE","AVOID","","","",0,"Weak","","","","","",""
AAPL,"12:28",316.06,"NO TRADE","AVOID","","","",0,"Weak","","","","","",""
AAPL,"12:29",316.085,"NO TRADE","AVOID","","","",0,"Weak","","","","","",""
AAPL,"12:30",316.005,"NO TRADE","AVOID","","","",0,"Weak","","","","","",""
AAPL,"12:31",316.025,"NO TRADE","AVOID","","","",0,"Weak","","","","","",""
AAPL,"12:32",316,"WAIT","WATCH","","","",0,"Weak","","","","","",""
AAPL,"12:33",316.02,"WAIT","WATCH","","","",0,"Neutral","","","","","",""
AAPL,"12:34",315.95,"WAIT","WATCH","","","",0,"Weak","","","","","",""
AAPL,"12:35",316.03,"WAIT","WATCH","","","",0,"Neutral","","","","","",""
AAPL,"12:36",315.93,"WAIT","WATCH","","","",0,"Weak","","","","","",""
AAPL,"12:37",315.92,"WAIT","WATCH","","","",0,"Weak","","","","","",""
AAPL,"12:38",315.9891,"WAIT","WATCH","","","",0,"Neutral","","","","","",""
AAPL,"12:39",316.02,"WAIT","WATCH","","","",0,"Neutral","","","","","",""
AAPL,"12:40",316,"WAIT","WATCH","","",112,0,"Neutral","","","","","",""
AAPL,"12:41",316.11,"WAIT","WATCH","","",113,0,"Neutral","","","","","",""
AAPL,"12:42",316.0599,"WAIT","WATCH","","",114,0,"Neutral","","","","","",""
AAPL,"12:43",316.08,"WAIT","WATCH","","",115,0,"Neutral","","","","","",""
AAPL,"12:44",316.09,"WAIT","WATCH","","",116,0,"Neutral","","","","","",""
AAPL,"12:45",316.1,"WAIT","WATCH","","",117,0,"Neutral","","","","","",""
AAPL,"12:46",316.1599,"WAIT","ARMED","PULLBACK_CONTINUATION","PULLBACK_CONTINUATION@315.99",0,5,"Neutral","פריצה של 316.19 | ציון 6 (כרגע 5)",316.19,315.96,316.57,316.78,1.64
AAPL,"12:47",316.0113,"WAIT","ARMED","PULLBACK_CONTINUATION","PULLBACK_CONTINUATION@315.99",1,5,"Neutral","פריצה של 316.19 | ציון 6 (כרגע 5)",316.19,315.96,316.57,316.78,1.64
AAPL,"12:48",316.07,"WAIT","ARMED","PULLBACK_CONTINUATION","PULLBACK_CONTINUATION@315.99",2,5,"Neutral","פריצה של 316.19 | ציון 6 (כרגע 5)",316.19,315.96,316.57,316.78,1.64
AAPL,"12:49",316.105,"WAIT","ARMED","PULLBACK_CONTINUATION","PULLBACK_CONTINUATION@315.99",3,5,"Neutral","פריצה של 316.19 | ציון 6 (כרגע 5)",316.19,315.96,316.57,316.78,1.64
AAPL,"12:50",316.03,"FAILED","FAILED","PULLBACK_CONTINUATION","PULLBACK_CONTINUATION@315.99",4,0,"Neutral","","","","","",""
AAPL,"12:51",316.1,"WAIT","WATCH","","","",0,"Neutral","","","","","",""
AAPL,"12:52",316.02,"WAIT","WATCH","","",6,0,"Neutral","","","","","",""
AAPL,"12:53",316.125,"WAIT","WATCH","","","",0,"Neutral","","","","","",""
AAPL,"12:54",316.08,"WAIT","WATCH","","",8,0,"Neutral","","","","","",""
AAPL,"12:55",316.03,"WAIT","WATCH","","",9,0,"Neutral","","","","","",""
AAPL,"12:56",315.9,"WAIT","WATCH","","","",0,"Weak","","","","","",""
AAPL,"12:57",315.9,"WAIT","WATCH","","","",0,"Weak","","","","","",""
AAPL,"12:58",315.9,"WAIT","WATCH","","","",0,"Weak","","","","","",""
AAPL,"12:59",315.99,"NO TRADE","AVOID","","","",0,"Weak","","","","","",""
AAPL,"13:00",316.15,"NO TRADE","AVOID","","","",0,"Weak","","","","","",""
AAPL,"13:01",316.35,"WAIT","ARMED","REVERSAL","REVERSAL|12:56|12:53",0,4,"Weak","",316.4,315.91,317.65,317.97,2.56
AAPL,"13:02",316.385,"WAIT","ARMED","REVERSAL","REVERSAL|12:56|12:53",1,4,"Weak","",316.4,315.91,317.65,317.97,2.56
AAPL,"13:03",316.335,"WAIT","ARMED","REVERSAL","REVERSAL|12:56|12:53",2,3,"Weak","",316.4,315.91,317.65,317.97,2.56
AAPL,"13:04",316.42,"WAIT","ARMED","REVERSAL","REVERSAL|12:56|12:53",3,4,"Weak","",316.4,315.91,317.65,317.97,2.56
AAPL,"13:05",316.465,"WAIT","ARMED","REVERSAL","REVERSAL|12:56|12:53",4,4,"Weak","",316.4,315.91,317.65,317.97,2.56
AAPL,"13:06",316.54,"WAIT","ARMED","REVERSAL","REVERSAL|12:56|12:53",5,3,"Weak","",316.4,315.91,317.65,317.97,2.56
AAPL,"13:07",316.46,"WAIT","ARMED","REVERSAL","REVERSAL|12:56|12:53",6,3,"Weak","",316.4,315.91,317.65,317.97,2.56
AAPL,"13:08",316.26,"WAIT","ARMED","REVERSAL","REVERSAL|12:56|12:53",7,3,"Weak","",316.4,315.91,317.65,317.97,2.56
AAPL,"13:09",316.185,"WAIT","ARMED","REVERSAL","REVERSAL|12:56|12:53",8,3,"Weak","",316.4,315.91,317.65,317.97,2.56
AAPL,"13:10",316.225,"WAIT","ARMED","REVERSAL","REVERSAL|12:56|12:53",9,4,"Neutral","",316.4,315.91,317.65,317.97,2.56
AAPL,"13:11",316.165,"WAIT","ARMED","REVERSAL","REVERSAL|12:56|12:53",10,4,"Neutral","",316.4,315.91,317.65,317.97,2.56
AAPL,"13:12",316.0999,"WAIT","ARMED","REVERSAL","REVERSAL|12:56|12:53",11,4,"Neutral","",316.4,315.91,317.65,317.97,2.56
AAPL,"13:13",316.14,"WAIT","ARMED","REVERSAL","REVERSAL|12:56|12:53",12,4,"Neutral","",316.4,315.91,317.65,317.97,2.56
AAPL,"13:14",316.185,"WAIT","ARMED","REVERSAL","REVERSAL|12:56|12:53",13,5,"Neutral","",316.4,315.91,317.65,317.97,2.56
AAPL,"13:15",316.09,"WAIT","ARMED","REVERSAL","REVERSAL|12:56|12:53",14,3,"Weak","",316.4,315.91,317.65,317.97,2.56
AAPL,"13:16",316.06,"WAIT","ARMED","REVERSAL","REVERSAL|12:56|12:53",15,3,"Weak","",316.4,315.91,317.65,317.97,2.56
AAPL,"13:17",316.13,"WAIT","ARMED","REVERSAL","REVERSAL|12:56|12:53",16,3,"Weak","",316.4,315.91,317.65,317.97,2.56
AAPL,"13:18",316.16,"WAIT","ARMED","REVERSAL","REVERSAL|12:56|12:53",17,6,"Neutral","",316.4,315.91,317.65,317.97,2.56
AAPL,"13:19",316.07,"WAIT","ARMED","REVERSAL","REVERSAL|12:56|12:53",18,5,"Neutral","",316.4,315.91,317.65,317.97,2.56
AAPL,"13:20",315.91,"FAILED","FAILED","REVERSAL","REVERSAL|12:56|12:53",19,0,"Weak","","","","","",""
AAPL,"13:21",315.92,"WAIT","WATCH","","","",0,"Weak","","","","","",""
AAPL,"13:22",315.98,"WAIT","WATCH","","","",0,"Weak","","","","","",""
AAPL,"13:23",316.117,"WAIT","WATCH","","","",0,"Weak","","","","","",""
AAPL,"13:24",316.1,"NO TRADE","AVOID","","","",0,"Weak","","","","","",""
AAPL,"13:25",316,"NO TRADE","AVOID","","","",0,"Weak","","","","","",""
AAPL,"13:26",316.05,"NO TRADE","AVOID","","","",0,"Weak","","","","","",""
AAPL,"13:27",316.08,"NO TRADE","AVOID","","","",0,"Weak","","","","","",""
AAPL,"13:28",316.22,"NO TRADE","AVOID","","","",0,"Weak","","","","","",""
AAPL,"13:29",316.27,"WAIT","ARMED","REVERSAL","REVERSAL|13:21|13:18",0,4,"Weak","",316.29,316.06,316.78,316.81,2.1
AAPL,"13:30",316.21,"WAIT","ARMED","REVERSAL","REVERSAL|13:21|13:18",1,3,"Weak","",316.29,316.06,316.78,316.81,2.1
AAPL,"13:31",316.175,"WAIT","ARMED","REVERSAL","REVERSAL|13:21|13:18",2,3,"Weak","",316.29,316.06,316.78,316.81,2.1
AAPL,"13:32",316.23,"WAIT","ARMED","REVERSAL","REVERSAL|13:21|13:18",3,3,"Weak","",316.29,316.06,316.78,316.81,2.1
AAPL,"13:33",316.27,"WAIT","ARMED","REVERSAL","REVERSAL|13:21|13:18",4,5,"Neutral","",316.29,316.06,316.78,316.81,2.1
AAPL,"13:34",316.2,"WAIT","ARMED","REVERSAL","REVERSAL|13:21|13:18",5,4,"Neutral","",316.29,316.06,316.78,316.81,2.1
AAPL,"13:35",316.18,"WAIT","ARMED","REVERSAL","REVERSAL|13:21|13:18",6,4,"Neutral","",316.29,316.06,316.78,316.81,2.1
AAPL,"13:36",316.165,"WAIT","ARMED","REVERSAL","REVERSAL|13:21|13:18",7,4,"Neutral","",316.29,316.06,316.78,316.81,2.1
AAPL,"13:37",316.18,"WAIT","ARMED","REVERSAL","REVERSAL|13:21|13:18",8,3,"Weak","",316.29,316.06,316.78,316.81,2.1
AAPL,"13:38",316.18,"WAIT","ARMED","REVERSAL","REVERSAL|13:21|13:18",9,3,"Weak","",316.29,316.06,316.78,316.81,2.1
AAPL,"13:39",316.05,"FAILED","FAILED","REVERSAL","REVERSAL|13:21|13:18",10,0,"Weak","","","","","",""
AAPL,"13:40",316.11,"NO TRADE","AVOID","","","",0,"Weak","","","","","",""
AAPL,"13:41",316.14,"NO TRADE","AVOID","","","",0,"Weak","","","","","",""
AAPL,"13:42",316.19,"NO TRADE","AVOID","","","",0,"Weak","","","","","",""
AAPL,"13:43",316.21,"WAIT","WATCH","","","",0,"Neutral","","","","","",""
AAPL,"13:44",316.26,"WAIT","WATCH","","","",0,"Neutral","","","","","",""
AAPL,"13:45",316.21,"WAIT","WATCH","","","",0,"Neutral","","","","","",""
AAPL,"13:46",316.145,"WAIT","WATCH","","","",0,"Neutral","","","","","",""
AAPL,"13:47",316.1136,"WAIT","WATCH","","","",0,"Neutral","","","","","",""
AAPL,"13:48",316.13,"WAIT","WATCH","","","",0,"Neutral","","","","","",""
AAPL,"13:49",316.16,"WAIT","WATCH","","","",0,"Neutral","","","","","",""
AAPL,"13:50",316.085,"WAIT","WATCH","","","",0,"Neutral","","","","","",""
AAPL,"13:51",316.05,"WAIT","WATCH","","","",0,"Neutral","","","","","",""
AAPL,"13:52",316.075,"WAIT","WATCH","","","",0,"Neutral","","","","","",""
AAPL,"13:53",316.0201,"WAIT","WATCH","","","",0,"Neutral","","","","","",""
AAPL,"13:54",316.015,"WAIT","WATCH","","","",0,"Neutral","","","","","",""
AAPL,"13:55",316.045,"WAIT","WATCH","","","",0,"Neutral","","","","","",""
AAPL,"13:56",315.985,"WAIT","WATCH","","","",0,"Weak","","","","","",""
AAPL,"13:57",316.04,"WAIT","WATCH","","","",0,"Weak","","","","","",""
AAPL,"13:58",316,"WAIT","WATCH","","","",0,"Weak","","","","","",""
AAPL,"13:59",316.03,"WAIT","WATCH","","","",0,"Weak","","","","","",""
AAPL,"14:00",316.115,"WAIT","WATCH","","","",0,"Weak","","","","","",""
AAPL,"14:01",316.2,"WAIT","WATCH","","","",0,"Neutral","","","","","",""
AAPL,"14:02",316.2,"WAIT","WATCH","","","",0,"Neutral","","","","","",""
AAPL,"14:03",316.1699,"WAIT","WATCH","","","",0,"Neutral","","","","","",""
AAPL,"14:04",316.1226,"WAIT","WATCH","","","",0,"Neutral","","","","","",""
AAPL,"14:05",316.234,"WAIT","WATCH","","","",0,"Neutral","","","","","",""
AAPL,"14:06",316.16,"WAIT","WATCH","","","",0,"Neutral","","","","","",""
AAPL,"14:07",316.09,"WAIT","WATCH","","","",0,"Neutral","","","","","",""
AAPL,"14:08",316.14,"WAIT","WATCH","","","",0,"Neutral","","","","","",""
AAPL,"14:09",316.07,"WAIT","WATCH","","","",0,"Neutral","","","","","",""
AAPL,"14:10",316.0926,"WAIT","WATCH","","","",0,"Neutral","","","","","",""
AAPL,"14:11",316.07,"WAIT","WATCH","","","",0,"Weak","","","","","",""
AAPL,"14:12",316.33,"WAIT","WATCH","","","",0,"Neutral","","","","","",""
AAPL,"14:13",316.34,"WAIT","WATCH","","","",0,"Neutral","","","","","",""
AAPL,"14:14",316.325,"WAIT","ARMED","REVERSAL","REVERSAL|14:11|14:06",0,5,"Neutral","",316.53,316.01,317.65,317.97,2.16
AAPL,"14:15",316.365,"WAIT","ARMED","REVERSAL","REVERSAL|14:11|14:06",1,6,"Neutral","",316.53,316.01,317.65,317.97,2.16
AAPL,"14:16",316.2899,"WAIT","ARMED","REVERSAL","REVERSAL|14:11|14:06",2,6,"Neutral","",316.53,316.01,317.65,317.97,2.16
AAPL,"14:17",316.29,"WAIT","ARMED","REVERSAL","REVERSAL|14:11|14:06",3,6,"Neutral","",316.53,316.01,317.65,317.97,2.16
AAPL,"14:18",316.2354,"WAIT","ARMED","REVERSAL","REVERSAL|14:11|14:06",4,6,"Neutral","",316.53,316.01,317.65,317.97,2.16
AAPL,"14:19",316.28,"WAIT","ARMED","REVERSAL","REVERSAL|14:11|14:06",5,6,"Neutral","",316.53,316.01,317.65,317.97,2.16
AAPL,"14:20",316.29,"WAIT","ARMED","REVERSAL","REVERSAL|14:11|14:06",6,6,"Neutral","",316.53,316.01,317.65,317.97,2.16
AAPL,"14:21",316.14,"WAIT","ARMED","REVERSAL","REVERSAL|14:11|14:06",7,6,"Neutral","",316.53,316.01,317.65,317.97,2.16
AAPL,"14:22",316.105,"WAIT","ARMED","REVERSAL","REVERSAL|14:11|14:06",8,6,"Neutral","",316.53,316.01,317.65,317.97,2.16
AAPL,"14:23",316.01,"FAILED","FAILED","REVERSAL","REVERSAL|14:11|14:06",9,0,"Neutral","","","","","",""
AAPL,"14:24",315.994,"WAIT","WATCH","","","",0,"Weak","","","","","",""
AAPL,"14:25",316.1989,"WAIT","WATCH","","","",0,"Weak","","","","","",""
AAPL,"14:26",316.275,"WAIT","WATCH","","","",0,"Weak","","","","","",""
AAPL,"14:27",316.64,"WAIT","WATCH","","",13,0,"Neutral","","","","","",""
AAPL,"14:28",316.56,"WAIT","ARMED","REVERSAL","REVERSAL|14:25|14:21",0,3,"Neutral","",316.75,316.24,317.65,317.97,1.75
AAPL,"14:29",316.39,"WAIT","ARMED","REVERSAL","REVERSAL|14:25|14:21",1,3,"Weak","",316.75,316.24,317.65,317.97,1.75
AAPL,"14:30",316.38,"WAIT","ARMED","REVERSAL","REVERSAL|14:25|14:21",2,5,"Neutral","",316.75,316.24,317.65,317.97,1.75
AAPL,"14:31",316.2499,"FAILED","FAILED","REVERSAL","REVERSAL|14:25|14:21",3,0,"Neutral","","","","","",""
AAPL,"14:32",316.145,"WAIT","WATCH","","","",0,"Neutral","","","","","",""
AAPL,"14:33",315.9401,"WAIT","WATCH","","","",0,"Weak","","","","","",""
AAPL,"14:34",315.89,"WAIT","WATCH","","","",0,"Weak","","","","","",""
AAPL,"14:35",315.91,"WAIT","WATCH","","","",0,"Weak","","","","","",""
AAPL,"14:36",316.015,"WAIT","WATCH","","","",0,"Weak","","","","","",""
AAPL,"14:37",315.8899,"WAIT","WATCH","","","",0,"Weak","","","","","",""
AAPL,"14:38",315.78,"WAIT","WATCH","","","",0,"Weak","","","","","",""
AAPL,"14:39",315.855,"WAIT","WATCH","","","",0,"Weak","","","","","",""
AAPL,"14:40",315.73,"WAIT","WATCH","","","",0,"Weak","","","","","",""
AAPL,"14:41",315.54,"WAIT","WATCH","","","",0,"Weak","","","","","",""
AAPL,"14:42",315.47,"WAIT","WATCH","","","",0,"Weak","","","","","",""
AAPL,"14:43",315.49,"WAIT","WATCH","","","",0,"Weak","","","","","",""
AAPL,"14:44",315.47,"WAIT","WATCH","","","",0,"Weak","","","","","",""
AAPL,"14:45",315.49,"WAIT","WATCH","","","",0,"Weak","","","","","",""
AAPL,"14:46",315.6,"WAIT","WATCH","","","",0,"Weak","","","","","",""
AAPL,"14:47",315.3589,"WAIT","WATCH","","","",0,"Weak","","","","","",""
AAPL,"14:48",315.025,"WAIT","WATCH","","","",0,"Weak","","","","","",""
AAPL,"14:49",315.18,"WAIT","WATCH","","","",0,"Weak","","","","","",""
AAPL,"14:50",315.455,"WAIT","WATCH","","","",0,"Weak","","","","","",""
AAPL,"14:51",315.53,"WAIT","WATCH","","","",0,"Weak","","","","","",""
AAPL,"14:52",315.59,"WAIT","WATCH","","","",0,"Weak","","","","","",""
AAPL,"14:53",315.74,"WAIT","WATCH","","","",0,"Weak","","","","","",""
AAPL,"14:54",315.86,"WAIT","WATCH","","","",0,"Weak","","","","","",""
AAPL,"14:55",315.94,"WAIT","WATCH","","","",0,"Weak","","","","","",""
AAPL,"14:56",315.85,"WAIT","WATCH","","","",0,"Neutral","","","","","",""
AAPL,"14:57",315.73,"WAIT","WATCH","","","",0,"Weak","","","","","",""
AAPL,"14:58",315.55,"NO TRADE","AVOID","","","",0,"Avoid","","","","","",""
AAPL,"14:59",315.53,"NO TRADE","AVOID","","","",0,"Avoid","","","","","",""
AAPL,"15:00",315.51,"NO TRADE","AVOID","","","",0,"Avoid","","","","","",""
AAPL,"15:01",315.48,"NO TRADE","AVOID","","","",0,"Avoid","","","","","",""
AAPL,"15:02",315.41,"NO TRADE","AVOID","","","",0,"Avoid","","","","","",""
AAPL,"15:03",315.44,"NO TRADE","AVOID","","","",0,"Avoid","","","","","",""
AAPL,"15:04",315.54,"NO TRADE","AVOID","","","",0,"Avoid","","","","","",""
AAPL,"15:05",315.625,"NO TRADE","AVOID","","","",0,"Avoid","","","","","",""
AAPL,"15:06",315.695,"WAIT","WATCH","","","",0,"Weak","","","","","",""
AAPL,"15:07",316.055,"WAIT","WATCH","","","",0,"Neutral","","","","","",""
AAPL,"15:08",316.12,"WAIT","ARMED","REVERSAL","REVERSAL|15:03|14:55",0,6,"Neutral","",316.17,315.68,317.65,317.97,3.02
AAPL,"15:09",316.27,"WAIT","ARMED","REVERSAL","REVERSAL|15:03|14:55",1,5,"Neutral","",316.17,315.68,317.65,317.97,3.02
AAPL,"15:10",316.4501,"WAIT","ARMED","REVERSAL","REVERSAL|15:03|14:55",2,5,"Neutral","",316.17,315.68,317.65,317.97,3.02
AAPL,"15:11",316.32,"WAIT","ARMED","REVERSAL","REVERSAL|15:03|14:55",3,5,"Neutral","",316.17,315.68,317.65,317.97,3.02
AAPL,"15:12",316.235,"WAIT","ARMED","REVERSAL","REVERSAL|15:03|14:55",4,6,"Neutral","",316.17,315.68,317.65,317.97,3.02
AAPL,"15:13",316.05,"WAIT","ARMED","REVERSAL","REVERSAL|15:03|14:55",5,6,"Neutral","",316.17,315.68,317.65,317.97,3.02
AAPL,"15:14",316.09,"WAIT","ARMED","REVERSAL","REVERSAL|15:03|14:55",6,6,"Neutral","",316.17,315.68,317.65,317.97,3.02
AAPL,"15:15",315.98,"WAIT","ARMED","REVERSAL","REVERSAL|15:03|14:55",7,6,"Neutral","",316.17,315.68,317.65,317.97,3.02
AAPL,"15:16",315.97,"WAIT","ARMED","REVERSAL","REVERSAL|15:03|14:55",8,6,"Neutral","",316.17,315.68,317.65,317.97,3.02
AAPL,"15:17",315.835,"WAIT","ARMED","REVERSAL","REVERSAL|15:03|14:55",9,6,"Neutral","",316.17,315.68,317.65,317.97,3.02
AAPL,"15:18",315.73,"FAILED","FAILED","REVERSAL","REVERSAL|15:03|14:55",10,0,"Neutral","","","","","",""
AAPL,"15:19",315.79,"WAIT","WATCH","","","",0,"Neutral","","","","","",""
AAPL,"15:20",315.8957,"WAIT","WATCH","","","",0,"Neutral","","","","","",""
AAPL,"15:21",315.94,"WAIT","WATCH","","","",0,"Neutral","","","","","",""
AAPL,"15:22",315.89,"WAIT","WATCH","","","",0,"Neutral","","","","","",""
AAPL,"15:23",315.885,"WAIT","WATCH","","","",0,"Neutral","","","","","",""
AAPL,"15:24",315.905,"WAIT","WATCH","","","",0,"Neutral","","","","","",""
AAPL,"15:25",315.94,"WAIT","WATCH","","","",0,"Neutral","","","","","",""
AAPL,"15:26",315.775,"WAIT","WATCH","","","",0,"Weak","","","","","",""
AAPL,"15:27",315.67,"WAIT","WATCH","","","",0,"Weak","","","","","",""
AAPL,"15:28",315.6761,"WAIT","WATCH","","","",0,"Weak","","","","","",""
AAPL,"15:29",315.8,"WAIT","WATCH","","","",0,"Weak","","","","","",""
AAPL,"15:30",315.615,"WAIT","WATCH","","","",0,"Weak","","","","","",""
AAPL,"15:31",315.835,"WAIT","WATCH","","","",0,"Weak","","","","","",""
AAPL,"15:32",316.07,"WAIT","WATCH","","","",0,"Weak","","","","","",""
AAPL,"15:33",316.09,"WAIT","WATCH","","","",0,"Neutral","","","","","",""
AAPL,"15:34",316.05,"WAIT","WATCH","","","",0,"Neutral","","","","","",""
AAPL,"15:35",316.0401,"WAIT","WATCH","","","",0,"Neutral","","","","","",""
AAPL,"15:36",316.015,"WAIT","ARMED","PULLBACK_CONTINUATION","PULLBACK_CONTINUATION@315.60",0,5,"Neutral","פריצה של 316.25 | ציון 6 (כרגע 5)",316.25,315.56,317.65,317.97,2.02
AAPL,"15:37",316.14,"WAIT","ARMED","PULLBACK_CONTINUATION","PULLBACK_CONTINUATION@315.60",1,5,"Neutral","פריצה של 316.25 | ציון 6 (כרגע 5)",316.25,315.56,317.65,317.97,2.02
AAPL,"15:38",316.15,"WAIT","ARMED","PULLBACK_CONTINUATION","PULLBACK_CONTINUATION@315.60",2,5,"Neutral","פריצה של 316.25 | ציון 6 (כרגע 5)",316.25,315.56,317.65,317.97,2.02
AAPL,"15:39",316.3,"WAIT","ARMED","PULLBACK_CONTINUATION","PULLBACK_CONTINUATION@315.60",3,5,"Neutral","ציון 6 (כרגע 5)",316.25,315.56,317.65,317.97,2.02
AAPL,"15:40",316.28,"WAIT","ARMED","PULLBACK_CONTINUATION","PULLBACK_CONTINUATION@315.97",0,5,"Neutral","פריצה של 316.33 | ציון 6 (כרגע 5)",316.33,315.92,317.65,317.97,3.25
AAPL,"15:41",316.22,"WAIT","ARMED","PULLBACK_CONTINUATION","PULLBACK_CONTINUATION@315.97",1,5,"Neutral","סגירה קרוב ל-316.33 (לא רק נגיעה) | ציון 6 (כרגע 5)",316.33,315.92,317.65,317.97,3.25
AAPL,"15:42",316.1134,"WAIT","ARMED","PULLBACK_CONTINUATION","PULLBACK_CONTINUATION@315.97",2,5,"Neutral","פריצה של 316.33 | ציון 6 (כרגע 5)",316.33,315.92,317.65,317.97,3.25
AAPL,"15:43",316.13,"WAIT","ARMED","PULLBACK_CONTINUATION","PULLBACK_CONTINUATION@315.97",3,5,"Neutral","פריצה של 316.33 | ציון 6 (כרגע 5)",316.33,315.92,317.65,317.97,3.25
AAPL,"15:44",316.18,"WAIT","ARMED","PULLBACK_CONTINUATION","PULLBACK_CONTINUATION@315.97",4,5,"Neutral","פריצה של 316.33 | ציון 6 (כרגע 5)",316.33,315.92,317.65,317.97,3.25
AAPL,"15:45",316.1,"WAIT","ARMED","PULLBACK_CONTINUATION","PULLBACK_CONTINUATION@315.97",5,5,"Neutral","פריצה של 316.33 | ציון 6 (כרגע 5)",316.33,315.92,317.65,317.97,3.25
AAPL,"15:46",316.05,"FAILED","FAILED","PULLBACK_CONTINUATION","PULLBACK_CONTINUATION@315.97",6,0,"Neutral","","","","","",""
AAPL,"15:47",316.12,"WAIT","WATCH","","","",0,"Neutral","","","","","",""
AAPL,"15:48",316.17,"WAIT","WATCH","","","",0,"Neutral","","","","","",""
AAPL,"15:49",316.25,"WAIT","WATCH","","","",0,"Neutral","","","","","",""
AAPL,"15:50",316.02,"WAIT","WATCH","","","",0,"Neutral","","","","","",""
AAPL,"15:51",316.08,"WAIT","WATCH","","","",0,"Neutral","","","","","",""
AAPL,"15:52",316.21,"WAIT","WATCH","","","",0,"Neutral","","","","","",""
AAPL,"15:53",316.075,"WAIT","WATCH","","","",0,"Neutral","","","","","",""
AAPL,"15:54",316.43,"WAIT","WATCH","","","",0,"Neutral","","","","","",""
AAPL,"15:55",316.18,"WAIT","WATCH","","","",0,"Neutral","","","","","",""
AAPL,"15:56",315.96,"WAIT","WATCH","","","",0,"Neutral","","","","","",""
AAPL,"15:57",315.86,"WAIT","WATCH","","","",0,"Weak","","","","","",""
AAPL,"15:58",315.9501,"WAIT","WATCH","","","",0,"Weak","","","","","",""
AAPL,"15:59",316.35,"WAIT","WATCH","","","",0,"Neutral","","","","","",""
GOOGL,"09:30",335.8739,"NO TRADE","AVOID","","","",0,"","","","","","",""
GOOGL,"09:31",334.87,"NO TRADE","AVOID","","","",0,"","","","","","",""
GOOGL,"09:32",335.21,"NO TRADE","AVOID","","","",0,"","","","","","",""
GOOGL,"09:33",335.235,"NO TRADE","AVOID","","","",0,"","","","","","",""
GOOGL,"09:34",336.02,"NO TRADE","AVOID","","","",0,"","","","","","",""
GOOGL,"09:35",335.83,"NO TRADE","AVOID","","","",0,"","","","","","",""
GOOGL,"09:36",335.03,"NO TRADE","AVOID","","","",0,"","","","","","",""
GOOGL,"09:37",335.835,"NO TRADE","AVOID","","","",0,"","","","","","",""
GOOGL,"09:38",336.21,"NO TRADE","AVOID","","","",0,"","","","","","",""
GOOGL,"09:39",335.52,"NO TRADE","AVOID","","","",0,"","","","","","",""
GOOGL,"09:40",336.15,"NO TRADE","AVOID","","","",0,"","","","","","",""
GOOGL,"09:41",335.87,"NO TRADE","AVOID","","","",0,"","","","","","",""
GOOGL,"09:42",335.34,"NO TRADE","AVOID","","","",0,"","","","","","",""
GOOGL,"09:43",335.19,"NO TRADE","AVOID","","","",0,"","","","","","",""
GOOGL,"09:44",335.31,"WAIT","WATCH","","","",0,"Weak","","","","","",""
GOOGL,"09:45",334.43,"WAIT","WATCH","","","",0,"Weak","","","","","",""
GOOGL,"09:46",334.315,"WAIT","WATCH","","","",0,"Weak","","","","","",""
GOOGL,"09:47",333.805,"WAIT","WATCH","","","",0,"Avoid","","","","","",""
GOOGL,"09:48",334.335,"WAIT","WATCH","","","",0,"Avoid","","","","","",""
GOOGL,"09:49",333.94,"WAIT","WATCH","","","",0,"Avoid","","","","","",""
GOOGL,"09:50",334.21,"NO TRADE","AVOID","","","",0,"Avoid","","","","","",""
GOOGL,"09:51",334.16,"NO TRADE","AVOID","","","",0,"Avoid","","","","","",""
GOOGL,"09:52",333.8499,"NO TRADE","AVOID","","","",0,"Avoid","","","","","",""
GOOGL,"09:53",333.7384,"NO TRADE","AVOID","","","",0,"Avoid","","","","","",""
GOOGL,"09:54",334,"NO TRADE","AVOID","","","",0,"Avoid","","","","","",""
GOOGL,"09:55",334.3,"NO TRADE","AVOID","","","",0,"Avoid","","","","","",""
GOOGL,"09:56",334.14,"NO TRADE","AVOID","","","",0,"Avoid","","","","","",""
GOOGL,"09:57",334.5,"NO TRADE","AVOID","","","",0,"Avoid","","","","","",""
GOOGL,"09:58",334.2101,"NO TRADE","AVOID","","","",0,"Avoid","","","","","",""
GOOGL,"09:59",333.9109,"NO TRADE","AVOID","","","",0,"Avoid","","","","","",""
GOOGL,"10:00",333.63,"NO TRADE","AVOID","","","",0,"Avoid","","","","","",""
GOOGL,"10:01",333.45,"NO TRADE","AVOID","","","",0,"Avoid","","","","","",""
GOOGL,"10:02",333.28,"NO TRADE","AVOID","","","",0,"Avoid","","","","","",""
GOOGL,"10:03",333.38,"NO TRADE","AVOID","","","",0,"Avoid","","","","","",""
GOOGL,"10:04",333.51,"NO TRADE","AVOID","","","",0,"Avoid","","","","","",""
GOOGL,"10:05",333.82,"NO TRADE","AVOID","","","",0,"Avoid","","","","","",""
GOOGL,"10:06",334.06,"NO TRADE","AVOID","","","",0,"Avoid","","","","","",""
GOOGL,"10:07",334,"NO TRADE","AVOID","","","",0,"Avoid","","","","","",""
GOOGL,"10:08",334.58,"NO TRADE","AVOID","","","",0,"Avoid","","","","","",""
GOOGL,"10:09",334.2099,"NO TRADE","AVOID","","","",0,"Avoid","","","","","",""
GOOGL,"10:10",333.71,"NO TRADE","AVOID","","","",0,"Avoid","","","","","",""
GOOGL,"10:11",333.5529,"NO TRADE","AVOID","","","",0,"Avoid","","","","","",""
GOOGL,"10:12",333.93,"WAIT","WATCH","","","",0,"Avoid","","","","","",""
GOOGL,"10:13",334.045,"WAIT","WATCH","","","",0,"Avoid","","","","","",""
GOOGL,"10:14",333.48,"WAIT","WATCH","","","",0,"Avoid","","","","","",""
GOOGL,"10:15",334.03,"WAIT","WATCH","","","",0,"Avoid","","","","","",""
GOOGL,"10:16",334.17,"WAIT","WATCH","","","",0,"Weak","","","","","",""
GOOGL,"10:17",334.265,"WAIT","WATCH","","","",0,"Weak","","","","","",""
GOOGL,"10:18",334.56,"WAIT","ARMED","PULLBACK_CONTINUATION","PULLBACK_CONTINUATION@333.43",0,5,"Neutral","פריצה של 334.58 | ציון 6 (כרגע 5)",334.58,333.32,336.65,336.99,1.64
GOOGL,"10:19",334.87,"WAIT","ARMED","PULLBACK_CONTINUATION","PULLBACK_CONTINUATION@333.43",1,5,"Neutral","ציון 6 (כרגע 5)",334.58,333.32,336.65,336.99,1.64
GOOGL,"10:20",334.68,"WAIT","ARMED","PULLBACK_CONTINUATION","PULLBACK_CONTINUATION@333.43",2,5,"Neutral","ציון 6 (כרגע 5)",334.58,333.32,336.65,336.99,1.64
GOOGL,"10:21",334.52,"WAIT","ARMED","PULLBACK_CONTINUATION","PULLBACK_CONTINUATION@333.43",3,5,"Neutral","סגירה קרוב ל-334.58 (לא רק נגיעה) | ציון 6 (כרגע 5)",334.58,333.32,336.65,336.99,1.64
GOOGL,"10:22",334.55,"WAIT","ARMED","PULLBACK_CONTINUATION","PULLBACK_CONTINUATION@333.43",4,5,"Neutral","ציון 6 (כרגע 5)",334.58,333.32,336.65,336.99,1.64
GOOGL,"10:23",334.5,"WAIT","ARMED","PULLBACK_CONTINUATION","PULLBACK_CONTINUATION@333.43",5,5,"Neutral","סגירה קרוב ל-334.58 (לא רק נגיעה) | ציון 6 (כרגע 5)",334.58,333.32,336.65,336.99,1.64
GOOGL,"10:24",334.435,"WAIT","ARMED","PULLBACK_CONTINUATION","PULLBACK_CONTINUATION@333.43",6,5,"Neutral","סגירה קרוב ל-334.58 (לא רק נגיעה) | ציון 6 (כרגע 5)",334.58,333.32,336.65,336.99,1.64
GOOGL,"10:25",334.765,"WAIT","ARMED","PULLBACK_CONTINUATION","PULLBACK_CONTINUATION@333.43",7,5,"Neutral","ציון 6 (כרגע 5)",334.58,333.32,336.65,336.99,1.64
GOOGL,"10:26",334.63,"WAIT","ARMED","PULLBACK_CONTINUATION","PULLBACK_CONTINUATION@333.43",8,5,"Neutral","ציון 6 (כרגע 5)",334.58,333.32,336.65,336.99,1.64
GOOGL,"10:27",334.76,"WAIT","ARMED","PULLBACK_CONTINUATION","PULLBACK_CONTINUATION@334.40",0,5,"Neutral","פריצה של 334.84 | ציון 6 (כרגע 5)",334.84,334.31,336.65,336.99,3.41
GOOGL,"10:28",334.61,"WAIT","ARMED","PULLBACK_CONTINUATION","PULLBACK_CONTINUATION@334.40",1,4,"Weak","פריצה של 334.84 | ציון 6 (כרגע 4)",334.84,334.31,336.65,336.99,3.41
GOOGL,"10:29",334.63,"WAIT","ARMED","PULLBACK_CONTINUATION","PULLBACK_CONTINUATION@334.40",2,4,"Neutral","פריצה של 334.84 | ציון 6 (כרגע 4)",334.84,334.31,336.65,336.99,3.41
GOOGL,"10:30",334.54,"WAIT","ARMED","PULLBACK_CONTINUATION","PULLBACK_CONTINUATION@334.40",3,4,"Neutral","פריצה של 334.84 | ציון 6 (כרגע 4)",334.84,334.31,336.65,336.99,3.41
GOOGL,"10:31",334.52,"WAIT","ARMED","PULLBACK_CONTINUATION","PULLBACK_CONTINUATION@334.40",4,4,"Neutral","פריצה של 334.84 | ציון 6 (כרגע 4)",334.84,334.31,336.65,336.99,3.41
GOOGL,"10:32",334.45,"WAIT","ARMED","PULLBACK_CONTINUATION","PULLBACK_CONTINUATION@334.40",5,4,"Neutral","פריצה של 334.84 | ציון 6 (כרגע 4)",334.84,334.31,336.65,336.99,3.41
GOOGL,"10:33",334.46,"FAILED","FAILED","PULLBACK_CONTINUATION","PULLBACK_CONTINUATION@334.40",6,0,"Neutral","","","","","",""
GOOGL,"10:34",334.54,"WAIT","WATCH","","","",0,"Neutral","","","","","",""
GOOGL,"10:35",334.39,"WAIT","WATCH","","","",0,"Neutral","","","","","",""
GOOGL,"10:36",334.5799,"WAIT","WATCH","","","",0,"Neutral","","","","","",""
GOOGL,"10:37",334.635,"WAIT","WATCH","","","",0,"Neutral","","","","","",""
GOOGL,"10:38",334.97,"NO TRADE","AVOID","","","",0,"Neutral","","","","","",""
GOOGL,"10:39",335.16,"WAIT","ARMED","REVERSAL","REVERSAL|10:35|10:29",0,4,"Neutral","",335.18,334.44,336.65,336.99,1.98
GOOGL,"10:40",335.38,"WAIT","ARMED","REVERSAL","REVERSAL|10:35|10:29",1,3,"Neutral","",335.18,334.44,336.65,336.99,1.98
GOOGL,"10:41",335.8452,"WAIT","ARMED","REVERSAL","REVERSAL|10:35|10:29",2,2,"Neutral","",335.18,334.44,336.65,336.99,1.98
GOOGL,"10:42",336.08,"WAIT","ARMED","REVERSAL","REVERSAL|10:35|10:29",3,3,"Neutral","",335.18,334.44,336.65,336.99,1.98
GOOGL,"10:43",336.27,"WAIT","ARMED","REVERSAL","REVERSAL|10:35|10:29",4,2,"Neutral","",335.18,334.44,336.65,336.99,1.98
GOOGL,"10:44",336.27,"WAIT","ARMED","REVERSAL","REVERSAL|10:35|10:29",5,1,"Neutral","",335.18,334.44,336.65,336.99,1.98
GOOGL,"10:45",336.36,"WAIT","ARMED","REVERSAL","REVERSAL|10:35|10:29",6,2,"Neutral","",335.18,334.44,336.65,336.99,1.98
GOOGL,"10:46",336.49,"WAIT","ARMED","REVERSAL","REVERSAL|10:35|10:29",7,2,"Neutral","",335.18,334.44,336.65,336.99,1.98
GOOGL,"10:47",336.7801,"WAIT","ARMED","REVERSAL","REVERSAL|10:35|10:29",8,2,"Weak","",335.18,334.44,336.65,336.99,1.98
GOOGL,"10:48",336.795,"WAIT","ARMED","REVERSAL","REVERSAL|10:35|10:29",9,1,"Neutral","",335.18,334.44,336.65,336.99,1.98
GOOGL,"10:49",336.6363,"WAIT","ARMED","REVERSAL","REVERSAL|10:35|10:29",10,1,"Weak","",335.18,334.44,336.65,336.99,1.98
GOOGL,"10:50",336.77,"WAIT","ARMED","REVERSAL","REVERSAL|10:35|10:29",11,1,"Weak","",335.18,334.44,336.65,336.99,1.98
GOOGL,"10:51",336.88,"WAIT","ARMED","REVERSAL","REVERSAL|10:35|10:29",12,2,"Weak","",335.18,334.44,336.65,336.99,1.98
GOOGL,"10:52",336.92,"WAIT","ARMED","REVERSAL","REVERSAL|10:35|10:29",13,2,"Neutral","",335.18,334.44,336.65,336.99,1.98
GOOGL,"10:53",337.461,"WAIT","ARMED","REVERSAL","REVERSAL|10:35|10:29",14,2,"Neutral","",335.18,334.44,336.65,336.99,1.98
GOOGL,"10:54",337.071,"WAIT","ARMED","REVERSAL","REVERSAL|10:35|10:29",15,1,"Neutral","",335.18,334.44,336.65,336.99,1.98
GOOGL,"10:55",337.635,"WAIT","ARMED","REVERSAL","REVERSAL|10:35|10:29",16,2,"Neutral","",335.18,334.44,336.65,336.99,1.98
GOOGL,"10:56",337.205,"WAIT","ARMED","REVERSAL","REVERSAL|10:35|10:29",17,1,"Weak","",335.18,334.44,336.65,336.99,1.98
GOOGL,"10:57",336.815,"WAIT","ARMED","REVERSAL","REVERSAL|10:35|10:29",18,1,"Weak","",335.18,334.44,336.65,336.99,1.98
GOOGL,"10:58",336.74,"WAIT","ARMED","REVERSAL","REVERSAL|10:35|10:29",19,2,"Neutral","",335.18,334.44,336.65,336.99,1.98
GOOGL,"10:59",337.112,"WAIT","ARMED","REVERSAL","REVERSAL|10:35|10:29",20,2,"Neutral","",335.18,334.44,336.65,336.99,1.98
GOOGL,"11:00",337.535,"WAIT","ARMED","REVERSAL","REVERSAL|10:35|10:29",21,3,"Neutral","",335.18,334.44,336.65,336.99,1.98
GOOGL,"11:01",337.89,"WAIT","ARMED","PULLBACK_CONTINUATION","PULLBACK_CONTINUATION@336.64",0,6,"Neutral","פריצה של 337.95",337.95,336.54,340.77,342.18,2
GOOGL,"11:02",337.66,"WAIT","ARMED","PULLBACK_CONTINUATION","PULLBACK_CONTINUATION@336.64",1,5,"Neutral","סגירה קרוב ל-337.95 (לא רק נגיעה) | ציון 6 (כרגע 5)",337.95,336.54,340.77,342.18,2
GOOGL,"11:03",337.54,"WAIT","ARMED","PULLBACK_CONTINUATION","PULLBACK_CONTINUATION@336.64",2,5,"Neutral","פריצה של 337.95 | ציון 6 (כרגע 5)",337.95,336.54,340.77,342.18,2
GOOGL,"11:04",337.585,"WAIT","ARMED","PULLBACK_CONTINUATION","PULLBACK_CONTINUATION@336.64",3,5,"Neutral","פריצה של 337.95 | ציון 6 (כרגע 5)",337.95,336.54,340.77,342.18,2
GOOGL,"11:05",337.68,"WAIT","ARMED","PULLBACK_CONTINUATION","PULLBACK_CONTINUATION@336.64",4,6,"Neutral","פריצה של 337.95",337.95,336.54,340.77,342.18,2
GOOGL,"11:06",337.5601,"WAIT","ARMED","PULLBACK_CONTINUATION","PULLBACK_CONTINUATION@336.64",5,5,"Neutral","פריצה של 337.95 | ציון 6 (כרגע 5)",337.95,336.54,340.77,342.18,2
GOOGL,"11:07",337.415,"WAIT","ARMED","STRUCTURAL_BASE","STRUCTURAL_BASE|10:58|11:02",0,6,"Good","פריצה של 337.97",337.97,336.54,340.83,342.25,2
GOOGL,"11:08",337.54,"WAIT","ARMED","STRUCTURAL_BASE","STRUCTURAL_BASE|10:58|11:02",1,6,"Good","פריצה של 337.97",337.97,336.54,340.83,342.25,2
GOOGL,"11:09",337.36,"WAIT","ARMED","STRUCTURAL_BASE","STRUCTURAL_BASE|10:58|11:02",2,6,"Good","פריצה של 337.97",337.97,336.54,340.83,342.25,2
GOOGL,"11:10",337.63,"WAIT","ARMED","STRUCTURAL_BASE","STRUCTURAL_BASE|10:58|11:02",3,7,"Good","פריצה של 337.97",337.97,336.54,340.83,342.25,2
GOOGL,"11:11",337.44,"WAIT","ARMED","PULLBACK_CONTINUATION","PULLBACK_CONTINUATION@336.64",10,6,"Good","פריצה של 337.95",337.95,336.54,340.77,342.18,2
GOOGL,"11:12",337.542,"WAIT","SETUP","PULLBACK_CONTINUATION","PULLBACK_CONTINUATION|11:09|11:02",0,7,"Good","",337.76,336.98,337.96,339.72,0.25
GOOGL,"11:13",337.79,"WAIT","SETUP","PULLBACK_CONTINUATION","PULLBACK_CONTINUATION@337.06",0,7,"Good","",337.87,336.98,337.96,340.1,0.1
GOOGL,"11:14",337.76,"WAIT","SETUP","PULLBACK_CONTINUATION","PULLBACK_CONTINUATION@337.06",1,6,"Good","",337.87,336.98,337.96,340.1,0.1
GOOGL,"11:15",338.13,"WAIT","SETUP","PULLBACK_CONTINUATION","PULLBACK_CONTINUATION@337.06",2,6,"Good","",337.87,336.98,337.96,340.1,0.1
GOOGL,"11:16",338.17,"WAIT","SETUP","PULLBACK_CONTINUATION","PULLBACK_CONTINUATION@337.06",3,6,"Good","",337.87,336.98,337.96,340.1,0.1
GOOGL,"11:17",338.24,"WAIT","SETUP","PULLBACK_CONTINUATION","PULLBACK_CONTINUATION@337.06",4,6,"Good","",337.87,336.98,337.96,340.1,0.1
GOOGL,"11:18",337.92,"WAIT","SETUP","PULLBACK_CONTINUATION","PULLBACK_CONTINUATION@337.06",5,6,"Good","",337.87,336.98,337.96,340.1,0.1
GOOGL,"11:19",337.84,"WAIT","SETUP","PULLBACK_CONTINUATION","PULLBACK_CONTINUATION@337.06",6,6,"Good","",337.87,336.98,337.96,340.1,0.1
GOOGL,"11:20",337.71,"WAIT","ARMED","STRUCTURAL_BASE","STRUCTURAL_BASE|11:09|11:17",0,6,"Good","פריצה של 338.43",338.43,336.98,341.33,342.78,2
GOOGL,"11:21",337.6,"WAIT","ARMED","STRUCTURAL_BASE","STRUCTURAL_BASE|11:09|11:17",1,6,"Good","פריצה של 338.43",338.43,336.98,341.33,342.78,2
GOOGL,"11:22",337.5029,"WAIT","ARMED","STRUCTURAL_BASE","STRUCTURAL_BASE|11:09|11:17",2,6,"Good","פריצה של 338.43",338.43,336.98,341.33,342.78,2
GOOGL,"11:23",337.85,"WAIT","ARMED","STRUCTURAL_BASE","STRUCTURAL_BASE|11:09|11:17",3,7,"Good","פריצה של 338.43",338.43,336.98,341.33,342.78,2
GOOGL,"11:24",338.32,"WAIT","ARMED","STRUCTURAL_BASE","STRUCTURAL_BASE|11:09|11:17",4,7,"Good","פריצה של 338.43",338.43,336.98,341.33,342.78,2
GOOGL,"11:25",338.27,"WAIT","ARMED","PULLBACK_CONTINUATION","PULLBACK_CONTINUATION@337.40",0,6,"Good","פריצה של 338.51",338.51,337.32,340.89,342.08,2
GOOGL,"11:26",338.358,"WAIT","ARMED","PULLBACK_CONTINUATION","PULLBACK_CONTINUATION@337.40",1,7,"Good","פריצה של 338.51",338.51,337.32,340.89,342.08,2
GOOGL,"11:27",338.435,"WAIT","ARMED","PULLBACK_CONTINUATION","PULLBACK_CONTINUATION@337.40",2,7,"Good","פריצה של 338.51",338.51,337.32,340.89,342.08,2
GOOGL,"11:28",338.2102,"WAIT","ARMED","PULLBACK_CONTINUATION","PULLBACK_CONTINUATION@337.40",3,6,"Good","סגירה קרוב ל-338.51 (לא רק נגיעה)",338.51,337.32,340.89,342.08,2
GOOGL,"11:29",338.27,"WAIT","ARMED","PULLBACK_CONTINUATION","PULLBACK_CONTINUATION@337.40",4,6,"Good","פריצה של 338.51",338.51,337.32,340.89,342.08,2
GOOGL,"11:30",338.465,"WAIT","ARMED","PULLBACK_CONTINUATION","PULLBACK_CONTINUATION@337.40",5,7,"Good","סגירה קרוב ל-338.51 (לא רק נגיעה)",338.51,337.32,340.89,342.08,2
GOOGL,"11:31",338.55,"NO TRADE (shadow)","READY","PULLBACK_CONTINUATION","PULLBACK_CONTINUATION@337.40",6,7,"Good","",338.51,337.32,340.89,342.08,2
GOOGL,"11:32",338.4,"WAIT","SETUP","PULLBACK_CONTINUATION","PULLBACK_CONTINUATION@338.16",0,6,"Good","",338.6,338.08,338.61,339.89,0.02
GOOGL,"11:33",338.46,"WAIT","SETUP","PULLBACK_CONTINUATION","PULLBACK_CONTINUATION@338.16",1,6,"Good","",338.6,338.08,338.61,339.89,0.02
GOOGL,"11:34",338.495,"WAIT","SETUP","PULLBACK_CONTINUATION","PULLBACK_CONTINUATION@338.16",2,6,"Good","",338.6,338.08,338.61,339.89,0.02
GOOGL,"11:35",338.235,"WAIT","SETUP","PULLBACK_CONTINUATION","PULLBACK_CONTINUATION@338.16",3,6,"Good","",338.6,338.08,338.61,339.89,0.02
GOOGL,"11:36",338.31,"WAIT","SETUP","PULLBACK_CONTINUATION","PULLBACK_CONTINUATION@338.16",4,6,"Good","",338.6,338.08,338.61,339.89,0.02
GOOGL,"11:37",338.395,"WAIT","SETUP","PULLBACK_CONTINUATION","PULLBACK_CONTINUATION@338.16",5,6,"Good","",338.6,338.08,338.61,339.89,0.02
GOOGL,"11:38",338.175,"WAIT","SETUP","PULLBACK_CONTINUATION","PULLBACK_CONTINUATION|11:29|11:28",0,6,"Good","",338.6,338.1,338.61,339.86,0.02
GOOGL,"11:39",338.38,"WAIT","SETUP","PULLBACK_CONTINUATION","PULLBACK_CONTINUATION|11:29|11:28",1,7,"Good","",338.6,338.1,338.61,339.86,0.02
GOOGL,"11:40",338.45,"WAIT","SETUP","PULLBACK_CONTINUATION","PULLBACK_CONTINUATION@338.16",8,7,"Good","",338.6,338.08,338.61,339.89,0.02
GOOGL,"11:41",338.585,"WAIT","SETUP","PULLBACK_CONTINUATION","PULLBACK_CONTINUATION@338.16",9,5,"Good","",338.6,338.08,338.61,339.89,0.02
GOOGL,"11:42",338.6,"WAIT","SETUP","PULLBACK_CONTINUATION","PULLBACK_CONTINUATION@338.16",10,5,"Good","",338.6,338.08,338.61,339.89,0.02
GOOGL,"11:43",338.495,"WAIT","SETUP","PULLBACK_CONTINUATION","PULLBACK_CONTINUATION@338.16",11,4,"Good","",338.6,338.08,338.61,339.89,0.02
GOOGL,"11:44",338.55,"WAIT","SETUP","PULLBACK_CONTINUATION","PULLBACK_CONTINUATION@338.16",12,4,"Good","",338.6,338.08,338.61,339.89,0.02
GOOGL,"11:45",338.65,"WAIT","SETUP","PULLBACK_CONTINUATION","PULLBACK_CONTINUATION@338.16",13,5,"Good","",338.6,338.08,338.61,339.89,0.02
GOOGL,"11:46",338.45,"WAIT","SETUP","PULLBACK_CONTINUATION","PULLBACK_CONTINUATION@338.16",14,4,"Good","",338.6,338.08,338.61,339.89,0.02
GOOGL,"11:47",338.27,"WAIT","SETUP","PULLBACK_CONTINUATION","PULLBACK_CONTINUATION@338.16",15,4,"Good","",338.6,338.08,338.61,339.89,0.02
GOOGL,"11:48",338.335,"FAILED","FAILED","PULLBACK_CONTINUATION","PULLBACK_CONTINUATION@338.16",16,0,"Good","","","","","",""
GOOGL,"11:49",338.33,"WAIT","WATCH","","","",0,"Good","","","","","",""
GOOGL,"11:50",338.5,"WAIT","WATCH","","","",0,"Good","","","","","",""
GOOGL,"11:51",338.595,"WAIT","SETUP","PULLBACK_CONTINUATION","PULLBACK_CONTINUATION@338.14",0,7,"Good","",338.62,338.09,338.7,339.95,0.15
GOOGL,"11:52",338.525,"WAIT","SETUP","PULLBACK_CONTINUATION","PULLBACK_CONTINUATION@338.14",1,6,"Good","",338.62,338.09,338.7,339.95,0.15
GOOGL,"11:53",338.719,"WAIT","SETUP","PULLBACK_CONTINUATION","PULLBACK_CONTINUATION@338.14",2,7,"Good","",338.62,338.09,338.7,339.95,0.15
GOOGL,"11:54",338.655,"WAIT","SETUP","PULLBACK_CONTINUATION","PULLBACK_CONTINUATION@338.14",3,6,"Good","",338.62,338.09,338.7,339.95,0.15
GOOGL,"11:55",338.685,"WAIT","SETUP","PULLBACK_CONTINUATION","PULLBACK_CONTINUATION@338.14",4,7,"Good","",338.62,338.09,338.7,339.95,0.15
GOOGL,"11:56",338.62,"WAIT","SETUP","PULLBACK_CONTINUATION","PULLBACK_CONTINUATION@338.14",5,6,"Good","",338.62,338.09,338.7,339.95,0.15
GOOGL,"11:57",338.565,"WAIT","SETUP","PULLBACK_CONTINUATION","PULLBACK_CONTINUATION@338.14",6,6,"Good","",338.62,338.09,338.7,339.95,0.15
GOOGL,"11:58",338.465,"WAIT","SETUP","PULLBACK_CONTINUATION","PULLBACK_CONTINUATION@338.14",7,6,"Good","",338.62,338.09,338.7,339.95,0.15
GOOGL,"11:59",338.515,"WAIT","ARMED","PULLBACK_CONTINUATION","PULLBACK_CONTINUATION|11:48|11:42",0,6,"Good","פריצה של 338.79",338.79,338.09,340.19,340.89,2
GOOGL,"12:00",338.41,"WAIT","ARMED","STRUCTURAL_BASE","STRUCTURAL_BASE|11:48|11:57",0,6,"Good","פריצה של 338.79",338.79,338.09,340.19,340.89,2
GOOGL,"12:01",338.33,"WAIT","ARMED","STRUCTURAL_BASE","STRUCTURAL_BASE|11:48|11:57",1,6,"Good","פריצה של 338.79",338.79,338.09,340.19,340.89,2
GOOGL,"12:02",338.16,"FAILED","FAILED","STRUCTURAL_BASE","STRUCTURAL_BASE|11:48|11:57",2,0,"Good","","","","","",""
GOOGL,"12:03",338.24,"WAIT","WATCH","","","",0,"Good","","","","","",""
GOOGL,"12:04",338.415,"WAIT","WATCH","","","",0,"Good","","","","","",""
GOOGL,"12:05",338.6597,"WAIT","WATCH","","",5,0,"Good","","","","","",""
GOOGL,"12:06",338.66,"WAIT","SETUP","PULLBACK_CONTINUATION","PULLBACK_CONTINUATION@338.14",15,6,"Good","",338.62,338.09,338.7,339.95,0.15
GOOGL,"12:07",338.35,"WAIT","SETUP","PULLBACK_CONTINUATION","PULLBACK_CONTINUATION@338.14",16,6,"Good","",338.62,338.09,338.7,339.95,0.15
GOOGL,"12:08",338.055,"FAILED","FAILED","PULLBACK_CONTINUATION","PULLBACK_CONTINUATION@338.14",17,0,"Good","","","","","",""
GOOGL,"12:09",338.31,"WAIT","WATCH","","","",0,"Neutral","","","","","",""
GOOGL,"12:10",338.425,"WAIT","SETUP","RECLAIM_CONTINUATION","RECLAIM_CONTINUATION|PIVOT_11:38|START_12:09",0,5,"Neutral","",338.47,337.92,338.61,339.85,0.25
GOOGL,"12:11",338.19,"WAIT","SETUP","RECLAIM_CONTINUATION","RECLAIM_CONTINUATION|PIVOT_11:38|START_12:09",1,4,"Neutral","",338.47,337.92,338.61,339.85,0.25
GOOGL,"12:12",338.25,"WAIT","SETUP","RECLAIM_CONTINUATION","RECLAIM_CONTINUATION|PIVOT_11:38|START_12:09",2,1,"Neutral","",338.47,337.92,338.61,339.85,0.25
GOOGL,"12:13",338.26,"WAIT","SETUP","RECLAIM_CONTINUATION","RECLAIM_CONTINUATION|PIVOT_11:38|START_12:09",3,1,"Neutral","",338.47,337.92,338.61,339.85,0.25
GOOGL,"12:14",338.14,"WAIT","SETUP","RECLAIM_CONTINUATION","RECLAIM_CONTINUATION|PIVOT_11:38|START_12:09",4,1,"Neutral","",338.47,337.92,338.61,339.85,0.25
GOOGL,"12:15",338.385,"WAIT","SETUP","RECLAIM_CONTINUATION","RECLAIM_CONTINUATION|PIVOT_11:38|START_12:09",5,2,"Neutral","",338.47,337.92,338.61,339.85,0.25
GOOGL,"12:16",338.29,"WAIT","SETUP","RECLAIM_CONTINUATION","RECLAIM_CONTINUATION|PIVOT_11:38|START_12:09",6,1,"Neutral","",338.47,337.92,338.61,339.85,0.25
GOOGL,"12:17",338.18,"WAIT","SETUP","RECLAIM_CONTINUATION","RECLAIM_CONTINUATION|PIVOT_11:38|START_12:09",7,1,"Neutral","",338.47,337.92,338.61,339.85,0.25
GOOGL,"12:18",338.18,"WAIT","SETUP","RECLAIM_CONTINUATION","RECLAIM_CONTINUATION|PIVOT_11:38|START_12:09",8,4,"Neutral","",338.47,337.92,338.61,339.85,0.25
GOOGL,"12:19",338.26,"WAIT","SETUP","RECLAIM_CONTINUATION","RECLAIM_CONTINUATION|PIVOT_11:38|START_12:09",9,4,"Neutral","",338.47,337.92,338.61,339.85,0.25
GOOGL,"12:20",338.255,"WAIT","SETUP","RECLAIM_CONTINUATION","RECLAIM_CONTINUATION|PIVOT_11:38|START_12:09",10,4,"Neutral","",338.47,337.92,338.61,339.85,0.25
GOOGL,"12:21",338.37,"WAIT","SETUP","RECLAIM_CONTINUATION","RECLAIM_CONTINUATION|PIVOT_11:38|START_12:09",11,5,"Good","",338.47,337.92,338.61,339.85,0.25
GOOGL,"12:22",338.37,"WAIT","SETUP","STRUCTURAL_BASE","STRUCTURAL_BASE|12:15|12:16",0,5,"Good","",338.45,338.07,338.61,339.41,0.42
GOOGL,"12:23",338.3899,"WAIT","SETUP","STRUCTURAL_BASE","STRUCTURAL_BASE|12:15|12:16",1,6,"Good","",338.45,338.07,338.61,339.41,0.42
GOOGL,"12:24",338.46,"WAIT","SETUP","STRUCTURAL_BASE","STRUCTURAL_BASE|12:15|12:16",2,7,"Good","",338.45,338.07,338.61,339.41,0.42
GOOGL,"12:25",338.9,"WAIT","ARMED","REVERSAL","REVERSAL|12:15|12:16",0,7,"Good","",338.95,338.27,340.31,340.99,2
GOOGL,"12:26",338.6775,"WAIT","ARMED","REVERSAL","REVERSAL|12:15|12:16",1,6,"Good","",338.95,338.27,340.31,340.99,2
GOOGL,"12:27",338.635,"WAIT","ARMED","REVERSAL","REVERSAL|12:15|12:16",2,6,"Good","",338.95,338.27,340.31,340.99,2
GOOGL,"12:28",338.515,"WAIT","SETUP","STRUCTURAL_BASE","STRUCTURAL_BASE|12:15|12:16",6,7,"Strong","",338.45,338.07,338.61,339.41,0.42
GOOGL,"12:29",338.5207,"WAIT","SETUP","STRUCTURAL_BASE","STRUCTURAL_BASE|12:15|12:16",7,7,"Strong","",338.45,338.07,338.61,339.41,0.42
GOOGL,"12:30",338.4001,"WAIT","SETUP","STRUCTURAL_BASE","STRUCTURAL_BASE|12:15|12:16",8,7,"Strong","",338.45,338.07,338.61,339.41,0.42
GOOGL,"12:31",338.5,"WAIT","SETUP","STRUCTURAL_BASE","STRUCTURAL_BASE|12:15|12:16",9,7,"Strong","",338.45,338.07,338.61,339.41,0.42
GOOGL,"12:32",338.395,"WAIT","SETUP","STRUCTURAL_BASE","STRUCTURAL_BASE|12:15|12:16",10,7,"Strong","",338.45,338.07,338.61,339.41,0.42
GOOGL,"12:33",338.56,"WAIT","SETUP","STRUCTURAL_BASE","STRUCTURAL_BASE|12:15|12:16",11,8,"Strong","",338.45,338.07,338.61,339.41,0.42
GOOGL,"12:34",338.45,"WAIT","SETUP","STRUCTURAL_BASE","STRUCTURAL_BASE|12:15|12:16",12,7,"Strong","",338.45,338.07,338.61,339.41,0.42
GOOGL,"12:35",338.545,"WAIT","SETUP","STRUCTURAL_BASE","STRUCTURAL_BASE|12:15|12:16",13,8,"Strong","",338.45,338.07,338.61,339.41,0.42
GOOGL,"12:36",338.5,"WAIT","SETUP","PULLBACK_CONTINUATION","PULLBACK_CONTINUATION|12:33|12:25",0,7,"Strong","",338.63,338.25,338.7,339.58,0.18
GOOGL,"12:37",338.49,"WAIT","SETUP","PULLBACK_CONTINUATION","PULLBACK_CONTINUATION|12:33|12:25",1,7,"Strong","",338.63,338.25,338.7,339.58,0.18
GOOGL,"12:38",338.36,"WAIT","SETUP","PULLBACK_CONTINUATION","PULLBACK_CONTINUATION|12:33|12:25",2,7,"Strong","",338.63,338.25,338.7,339.58,0.18
GOOGL,"12:39",338.26,"FAILED","FAILED","PULLBACK_CONTINUATION","PULLBACK_CONTINUATION|12:33|12:25",3,0,"Good","","","","","",""
GOOGL,"12:40",338.41,"WAIT","WATCH","","","",0,"Good","","","","","",""
GOOGL,"12:41",338.37,"WAIT","WATCH","","","",0,"Good","","","","","",""
GOOGL,"12:42",338.52,"WAIT","WATCH","","","",0,"Good","","","","","",""
GOOGL,"12:43",338.47,"NO TRADE","AVOID","","","",0,"Neutral","","","","","",""
GOOGL,"12:44",338.71,"NO TRADE","AVOID","","","",0,"Good","","","","","",""
GOOGL,"12:45",338.61,"NO TRADE","AVOID","","","",0,"Good","","","","","",""
GOOGL,"12:46",338.585,"NO TRADE","AVOID","","","",0,"Good","","","","","",""
GOOGL,"12:47",338.505,"NO TRADE","AVOID","","","",0,"Good","","","","","",""
GOOGL,"12:48",338.375,"WAIT","SETUP","RECLAIM_CONTINUATION","RECLAIM_CONTINUATION|PIVOT_12:33|START_12:40",0,4,"Good","",338.73,338.11,338.76,340.27,0.05
GOOGL,"12:49",338.575,"WAIT","SETUP","RECLAIM_CONTINUATION","RECLAIM_CONTINUATION|PIVOT_12:33|START_12:40",1,4,"Good","",338.73,338.11,338.76,340.27,0.05
GOOGL,"12:50",338.72,"WAIT","SETUP","RECLAIM_CONTINUATION","RECLAIM_CONTINUATION|PIVOT_12:33|START_12:40",2,5,"Good","",338.73,338.11,338.76,340.27,0.05
GOOGL,"12:51",338.58,"WAIT","SETUP","RECLAIM_CONTINUATION","RECLAIM_CONTINUATION|PIVOT_12:33|START_12:40",3,4,"Good","",338.73,338.11,338.76,340.27,0.05
GOOGL,"12:52",338.645,"WAIT","SETUP","PULLBACK_CONTINUATION","PULLBACK_CONTINUATION@338.37",0,8,"Strong","",338.88,338.32,338.94,340.28,0.12
GOOGL,"12:53",338.8899,"WAIT","SETUP","PULLBACK_CONTINUATION","PULLBACK_CONTINUATION@338.37",1,8,"Strong","",338.88,338.32,338.94,340.28,0.12
GOOGL,"12:54",338.88,"WAIT","SETUP","PULLBACK_CONTINUATION","PULLBACK_CONTINUATION@338.37",2,7,"Strong","",338.88,338.32,338.94,340.28,0.12
GOOGL,"12:55",339.27,"WAIT","ARMED","PULLBACK_CONTINUATION","PULLBACK_CONTINUATION@338.37",3,6,"Strong","",338.88,338.32,338.94,340.28,0.12
GOOGL,"12:56",338.62,"WAIT","SETUP","PULLBACK_CONTINUATION","PULLBACK_CONTINUATION@338.37",4,8,"Strong","",338.88,338.32,338.94,340.28,0.12
GOOGL,"12:57",338.53,"WAIT","SETUP","PULLBACK_CONTINUATION","PULLBACK_CONTINUATION@338.37",5,7,"Strong","",338.88,338.32,338.94,340.28,0.12
GOOGL,"12:58",338.64,"WAIT","ARMED","STRUCTURAL_BASE","STRUCTURAL_BASE|12:49|12:55",0,7,"Strong","פריצה של 339.29",339.29,338.31,341.26,342.24,2
GOOGL,"12:59",338.67,"WAIT","ARMED","STRUCTURAL_BASE","STRUCTURAL_BASE|12:49|12:55",1,8,"Strong","פריצה של 339.29",339.29,338.31,341.26,342.24,2
GOOGL,"13:00",338.8307,"WAIT","ARMED","STRUCTURAL_BASE","STRUCTURAL_BASE|12:49|12:55",2,8,"Strong","פריצה של 339.29",339.29,338.31,341.26,342.24,2
GOOGL,"13:01",339.105,"WAIT","SETUP","REVERSAL","REVERSAL|12:49|12:45",0,9,"Strong","",339.14,338.57,339.28,340.57,0.25
GOOGL,"13:02",339.155,"WAIT","SETUP","PULLBACK_CONTINUATION","PULLBACK_CONTINUATION@338.45",0,8,"Strong","",339.23,338.38,339.28,341.35,0.06
GOOGL,"13:03",339.2601,"WAIT","SETUP","PULLBACK_CONTINUATION","PULLBACK_CONTINUATION@338.45",1,8,"Strong","",339.23,338.38,339.28,341.35,0.06
GOOGL,"13:04",339.315,"WAIT","SETUP","PULLBACK_CONTINUATION","PULLBACK_CONTINUATION@338.45",2,8,"Strong","",339.23,338.38,339.28,341.35,0.06
GOOGL,"13:05",339.2,"WAIT","SETUP","PULLBACK_CONTINUATION","PULLBACK_CONTINUATION@338.45",3,7,"Strong","",339.23,338.38,339.28,341.35,0.06
GOOGL,"13:06",339.43,"WAIT","SETUP","PULLBACK_CONTINUATION","PULLBACK_CONTINUATION@338.45",4,7,"Strong","",339.23,338.38,339.28,341.35,0.06
GOOGL,"13:07",339.2,"WAIT","SETUP","PULLBACK_CONTINUATION","PULLBACK_CONTINUATION@338.45",5,7,"Strong","",339.23,338.38,339.28,341.35,0.06
GOOGL,"13:08",339.3,"WAIT","SETUP","PULLBACK_CONTINUATION","PULLBACK_CONTINUATION@338.45",6,8,"Strong","",339.23,338.38,339.28,341.35,0.06
GOOGL,"13:09",339.245,"WAIT","SETUP","PULLBACK_CONTINUATION","PULLBACK_CONTINUATION@338.45",7,7,"Strong","",339.23,338.38,339.28,341.35,0.06
GOOGL,"13:10",339.18,"WAIT","ARMED","STRUCTURAL_BASE","STRUCTURAL_BASE|12:59|13:07",0,7,"Strong","פריצה של 339.51",339.51,338.39,341.74,342.86,2
GOOGL,"13:11",339.25,"WAIT","ARMED","STRUCTURAL_BASE","STRUCTURAL_BASE|12:59|13:07",1,7,"Strong","פריצה של 339.51",339.51,338.39,341.74,342.86,2
GOOGL,"13:12",338.98,"WAIT","ARMED","STRUCTURAL_BASE","STRUCTURAL_BASE|12:59|13:07",2,7,"Strong","פריצה של 339.51",339.51,338.39,341.74,342.86,2
GOOGL,"13:13",338.895,"WAIT","ARMED","STRUCTURAL_BASE","STRUCTURAL_BASE|12:59|13:07",3,7,"Strong","פריצה של 339.51",339.51,338.39,341.74,342.86,2
GOOGL,"13:14",338.82,"WAIT","ARMED","STRUCTURAL_BASE","STRUCTURAL_BASE|12:59|13:07",4,7,"Strong","פריצה של 339.51",339.51,338.39,341.74,342.86,2
GOOGL,"13:15",338.7,"WAIT","ARMED","STRUCTURAL_BASE","STRUCTURAL_BASE|12:59|13:07",5,5,"Good","פריצה של 339.51 | ציון 6 (כרגע 5)",339.51,338.39,341.74,342.86,2
GOOGL,"13:16",338.575,"WAIT","ARMED","STRUCTURAL_BASE","STRUCTURAL_BASE|12:59|13:07",6,5,"Good","פריצה של 339.51 | ציון 6 (כרגע 5)",339.51,338.39,341.74,342.86,2
GOOGL,"13:17",338.585,"WAIT","ARMED","STRUCTURAL_BASE","STRUCTURAL_BASE|12:59|13:07",7,5,"Good","פריצה של 339.51 | ציון 6 (כרגע 5)",339.51,338.39,341.74,342.86,2
GOOGL,"13:18",338.715,"WAIT","ARMED","STRUCTURAL_BASE","STRUCTURAL_BASE|12:59|13:07",8,6,"Good","פריצה של 339.51",339.51,338.39,341.74,342.86,2
GOOGL,"13:19",338.79,"WAIT","ARMED","STRUCTURAL_BASE","STRUCTURAL_BASE|12:59|13:07",9,6,"Good","פריצה של 339.51",339.51,338.39,341.74,342.86,2
GOOGL,"13:20",339,"WAIT","ARMED","STRUCTURAL_BASE","STRUCTURAL_BASE|12:59|13:07",10,6,"Good","פריצה של 339.51",339.51,338.39,341.74,342.86,2
GOOGL,"13:21",339.2,"WAIT","SETUP","PULLBACK_CONTINUATION","PULLBACK_CONTINUATION|13:18|13:07",0,6,"Good","",339.22,338.45,339.28,341.14,0.08
GOOGL,"13:22",339.04,"WAIT","SETUP","PULLBACK_CONTINUATION","PULLBACK_CONTINUATION|13:18|13:07",1,7,"Strong","",339.22,338.45,339.28,341.14,0.08
GOOGL,"13:23",339.08,"WAIT","SETUP","PULLBACK_CONTINUATION","PULLBACK_CONTINUATION|13:18|13:07",2,8,"Strong","",339.22,338.45,339.28,341.14,0.08
GOOGL,"13:24",339.34,"WAIT","SETUP","PULLBACK_CONTINUATION","PULLBACK_CONTINUATION|13:18|13:07",3,8,"Strong","",339.22,338.45,339.28,341.14,0.08
GOOGL,"13:25",339.375,"WAIT","SETUP","PULLBACK_CONTINUATION","PULLBACK_CONTINUATION@338.50",0,9,"Strong","",339.46,338.45,339.5,341.99,0.04
GOOGL,"13:26",339.35,"WAIT","SETUP","PULLBACK_CONTINUATION","PULLBACK_CONTINUATION@338.50",1,7,"Strong","",339.46,338.45,339.5,341.99,0.04
GOOGL,"13:27",339.32,"WAIT","SETUP","STRUCTURAL_BASE","STRUCTURAL_BASE|13:18|13:24",0,6,"Good","",339.46,338.45,339.5,341.99,0.04
GOOGL,"13:28",339.405,"WAIT","SETUP","STRUCTURAL_BASE","STRUCTURAL_BASE|13:18|13:24",1,7,"Good","",339.46,338.45,339.5,341.99,0.04
GOOGL,"13:29",339.31,"WAIT","SETUP","STRUCTURAL_BASE","STRUCTURAL_BASE|13:18|13:24",2,6,"Good","",339.46,338.45,339.5,341.99,0.04
GOOGL,"13:30",339.49,"WAIT","SETUP","STRUCTURAL_BASE","STRUCTURAL_BASE|13:18|13:24",3,7,"Good","",339.46,338.45,339.5,341.99,0.04
GOOGL,"13:31",339.6256,"WAIT","SETUP","STRUCTURAL_BASE","STRUCTURAL_BASE|13:18|13:24",4,6,"Good","",339.46,338.45,339.5,341.99,0.04
GOOGL,"13:32",339.44,"WAIT","SETUP","STRUCTURAL_BASE","STRUCTURAL_BASE|13:18|13:24",5,6,"Good","",339.46,338.45,339.5,341.99,0.04
GOOGL,"13:33",339.35,"WAIT","SETUP","STRUCTURAL_BASE","STRUCTURAL_BASE|13:18|13:24",6,6,"Good","",339.46,338.45,339.5,341.99,0.04
GOOGL,"13:34",339.3,"WAIT","SETUP","STRUCTURAL_BASE","STRUCTURAL_BASE|13:18|13:24",7,7,"Strong","",339.46,338.45,339.5,341.99,0.04
GOOGL,"13:35",339.47,"WAIT","SETUP","STRUCTURAL_BASE","STRUCTURAL_BASE|13:18|13:24",8,8,"Strong","",339.46,338.45,339.5,341.99,0.04
GOOGL,"13:36",339.49,"WAIT","SETUP","PULLBACK_CONTINUATION","PULLBACK_CONTINUATION@339.28",0,8,"Strong","",339.57,339.23,339.65,340.41,0.25
GOOGL,"13:37",339.55,"WAIT","SETUP","PULLBACK_CONTINUATION","PULLBACK_CONTINUATION|13:33|13:31",0,8,"Strong","",339.58,339.23,339.65,340.45,0.21
GOOGL,"13:38",339.57,"WAIT","SETUP","PULLBACK_CONTINUATION","PULLBACK_CONTINUATION@339.28",2,8,"Strong","",339.57,339.23,339.65,340.41,0.25
GOOGL,"13:39",339.53,"WAIT","SETUP","PULLBACK_CONTINUATION","PULLBACK_CONTINUATION@339.28",3,7,"Strong","",339.57,339.23,339.65,340.41,0.25
GOOGL,"13:40",339.31,"WAIT","SETUP","PULLBACK_CONTINUATION","PULLBACK_CONTINUATION|13:33|13:31",3,7,"Strong","",339.58,339.23,339.65,340.45,0.21
GOOGL,"13:41",339.29,"WAIT","SETUP","PULLBACK_CONTINUATION","PULLBACK_CONTINUATION|13:33|13:31",4,7,"Strong","",339.58,339.23,339.65,340.45,0.21
GOOGL,"13:42",339.265,"FAILED","FAILED","PULLBACK_CONTINUATION","PULLBACK_CONTINUATION|13:33|13:31",5,0,"Strong","","","","","",""
GOOGL,"13:43",339.15,"WAIT","WATCH","","","",0,"Strong","","","","","",""
GOOGL,"13:44",338.7,"WAIT","WATCH","","","",0,"Good","","","","","",""
GOOGL,"13:45",338.75,"WAIT","WATCH","","","",0,"Good","","","","","",""
GOOGL,"13:46",338.84,"WAIT","WATCH","","","",0,"Good","","","","","",""
GOOGL,"13:47",338.92,"WAIT","WATCH","","","",0,"Good","","","","","",""
GOOGL,"13:48",339.1,"WAIT","WATCH","","","",0,"Good","","","","","",""
GOOGL,"13:49",339.215,"WAIT","WATCH","","","",0,"Good","","","","","",""
GOOGL,"13:50",339.34,"WAIT","WATCH","","","",0,"Good","","","","","",""
GOOGL,"13:51",339.42,"WAIT","SETUP","RECLAIM_CONTINUATION","RECLAIM_CONTINUATION|PIVOT_13:33|START_13:50",0,5,"Good","",339.52,338.95,339.65,340.93,0.24
GOOGL,"13:52",339.36,"WAIT","SETUP","RECLAIM_CONTINUATION","RECLAIM_CONTINUATION|PIVOT_13:33|START_13:50",1,4,"Good","",339.52,338.95,339.65,340.93,0.24
GOOGL,"13:53",339.305,"WAIT","SETUP","RECLAIM_CONTINUATION","RECLAIM_CONTINUATION|PIVOT_13:33|START_13:50",2,4,"Good","",339.52,338.95,339.65,340.93,0.24
GOOGL,"13:54",339.265,"WAIT","SETUP","RECLAIM_CONTINUATION","RECLAIM_CONTINUATION|PIVOT_13:33|START_13:50",3,3,"Good","",339.52,338.95,339.65,340.93,0.24
GOOGL,"13:55",338.85,"FAILED","FAILED","RECLAIM_CONTINUATION","RECLAIM_CONTINUATION|PIVOT_13:33|START_13:50",4,0,"Neutral","","","","","",""
GOOGL,"13:56",338.88,"NO TRADE","AVOID","","","",0,"Neutral","","","","","",""
GOOGL,"13:57",338.94,"NO TRADE","AVOID","","","",0,"Neutral","","","","","",""
GOOGL,"13:58",338.87,"NO TRADE","AVOID","","","",0,"Neutral","","","","","",""
GOOGL,"13:59",338.76,"NO TRADE","AVOID","","","",0,"Neutral","","","","","",""
GOOGL,"14:00",338.62,"NO TRADE","AVOID","","","",0,"Neutral","","","","","",""
GOOGL,"14:01",338.41,"NO TRADE","AVOID","","","",0,"Neutral","","","","","",""
GOOGL,"14:02",338.33,"NO TRADE","AVOID","","","",0,"Neutral","","","","","",""
GOOGL,"14:03",338.315,"NO TRADE","AVOID","","","",0,"Neutral","","","","","",""
GOOGL,"14:04",338.5652,"NO TRADE","AVOID","","","",0,"Neutral","","","","","",""
GOOGL,"14:05",338.62,"NO TRADE","AVOID","","","",0,"Neutral","","","","","",""
GOOGL,"14:06",338.18,"NO TRADE","AVOID","","","",0,"Neutral","","","","","",""
GOOGL,"14:07",337.98,"NO TRADE","AVOID","","","",0,"Neutral","","","","","",""
GOOGL,"14:08",338.045,"NO TRADE","AVOID","","","",0,"Neutral","","","","","",""
GOOGL,"14:09",338.09,"NO TRADE","AVOID","","","",0,"Neutral","","","","","",""
GOOGL,"14:10",338.24,"NO TRADE","AVOID","","","",0,"Neutral","","","","","",""
GOOGL,"14:11",338.195,"NO TRADE","AVOID","","","",0,"Neutral","","","","","",""
GOOGL,"14:12",338.19,"NO TRADE","AVOID","","","",0,"Neutral","","","","","",""
GOOGL,"14:13",337.98,"NO TRADE","AVOID","","","",0,"Neutral","","","","","",""
GOOGL,"14:14",338.165,"NO TRADE","AVOID","","","",0,"Neutral","","","","","",""
GOOGL,"14:15",338.23,"NO TRADE","AVOID","","","",0,"Neutral","","","","","",""
GOOGL,"14:16",338.2308,"NO TRADE","AVOID","","","",0,"Neutral","","","","","",""
GOOGL,"14:17",338.05,"NO TRADE","AVOID","","","",0,"Neutral","","","","","",""
GOOGL,"14:18",338.06,"NO TRADE","AVOID","","","",0,"Neutral","","","","","",""
GOOGL,"14:19",338.08,"NO TRADE","AVOID","","","",0,"Neutral","","","","","",""
GOOGL,"14:20",338.175,"NO TRADE","AVOID","","","",0,"Neutral","","","","","",""
GOOGL,"14:21",338.125,"NO TRADE","AVOID","","","",0,"Neutral","","","","","",""
GOOGL,"14:22",338.15,"NO TRADE","AVOID","","","",0,"Neutral","","","","","",""
GOOGL,"14:23",338.05,"NO TRADE","AVOID","","","",0,"Neutral","","","","","",""
GOOGL,"14:24",337.98,"NO TRADE","AVOID","","","",0,"Neutral","","","","","",""
GOOGL,"14:25",338,"NO TRADE","AVOID","","","",0,"Neutral","","","","","",""
GOOGL,"14:26",337.91,"NO TRADE","AVOID","","","",0,"Neutral","","","","","",""
GOOGL,"14:27",337.975,"NO TRADE","AVOID","","","",0,"Neutral","","","","","",""
GOOGL,"14:28",338.0015,"NO TRADE","AVOID","","","",0,"Neutral","","","","","",""
GOOGL,"14:29",338.085,"NO TRADE","AVOID","","","",0,"Neutral","","","","","",""
GOOGL,"14:30",338.1,"NO TRADE","AVOID","","","",0,"Neutral","","","","","",""
GOOGL,"14:31",338.12,"NO TRADE","AVOID","","","",0,"Neutral","","","","","",""
GOOGL,"14:32",338.16,"NO TRADE","AVOID","","","",0,"Neutral","","","","","",""
GOOGL,"14:33",338.21,"NO TRADE","AVOID","","","",0,"Neutral","","","","","",""
GOOGL,"14:34",338.42,"NO TRADE","AVOID","","","",0,"Good","","","","","",""
GOOGL,"14:35",337.99,"NO TRADE","AVOID","","","",0,"Neutral","","","","","",""
GOOGL,"14:36",337.9907,"NO TRADE","AVOID","","","",0,"Neutral","","","","","",""
GOOGL,"14:37",337.94,"NO TRADE","AVOID","","","",0,"Neutral","","","","","",""
GOOGL,"14:38",337.925,"NO TRADE","AVOID","","","",0,"Neutral","","","","","",""
GOOGL,"14:39",337.885,"NO TRADE","AVOID","","","",0,"Neutral","","","","","",""
GOOGL,"14:40",337.9,"NO TRADE","AVOID","","","",0,"Neutral","","","","","",""
GOOGL,"14:41",338.08,"NO TRADE","AVOID","","","",0,"Neutral","","","","","",""
GOOGL,"14:42",338.1,"NO TRADE","AVOID","","","",0,"Neutral","","","","","",""
GOOGL,"14:43",338.19,"NO TRADE","AVOID","","","",0,"Neutral","","","","","",""
GOOGL,"14:44",338.265,"NO TRADE","AVOID","","","",0,"Good","","","","","",""
GOOGL,"14:45",338.39,"NO TRADE","AVOID","","","",0,"Good","","","","","",""
GOOGL,"14:46",338.44,"NO TRADE","AVOID","","","",0,"Good","","","","","",""
GOOGL,"14:47",338.0101,"NO TRADE","AVOID","","","",0,"Good","","","","","",""
GOOGL,"14:48",337.45,"NO TRADE","AVOID","","","",0,"Neutral","","","","","",""
GOOGL,"14:49",337.78,"NO TRADE","AVOID","","","",0,"Neutral","","","","","",""
GOOGL,"14:50",337.985,"NO TRADE","AVOID","","","",0,"Neutral","","","","","",""
GOOGL,"14:51",337.68,"NO TRADE","AVOID","","","",0,"Neutral","","","","","",""
GOOGL,"14:52",337.51,"NO TRADE","AVOID","","","",0,"Neutral","","","","","",""
GOOGL,"14:53",337.79,"NO TRADE","AVOID","","","",0,"Neutral","","","","","",""
GOOGL,"14:54",337.685,"NO TRADE","AVOID","","","",0,"Neutral","","","","","",""
GOOGL,"14:55",337.86,"NO TRADE","AVOID","","","",0,"Neutral","","","","","",""
GOOGL,"14:56",337.955,"NO TRADE","AVOID","","","",0,"Neutral","","","","","",""
GOOGL,"14:57",337.9395,"NO TRADE","AVOID","","","",0,"Neutral","","","","","",""
GOOGL,"14:58",337.77,"NO TRADE","AVOID","","","",0,"Neutral","","","","","",""
GOOGL,"14:59",337.79,"NO TRADE","AVOID","","","",0,"Neutral","","","","","",""
GOOGL,"15:00",337.9,"NO TRADE","AVOID","","","",0,"Neutral","","","","","",""
GOOGL,"15:01",337.89,"WAIT","WATCH","","","",0,"Good","","","","","",""
GOOGL,"15:02",338.09,"WAIT","WATCH","","","",0,"Good","","","","","",""
GOOGL,"15:03",338.08,"WAIT","ARMED","REVERSAL","REVERSAL|14:58|14:57",0,7,"Good","",338.11,337.82,338.61,338.67,1.72
GOOGL,"15:04",337.71,"FAILED","FAILED","REVERSAL","REVERSAL|14:58|14:57",1,0,"Good","","","","","",""
GOOGL,"15:05",337.72,"WAIT","WATCH","","","",0,"Good","","","","","",""
GOOGL,"15:06",337.365,"WAIT","WATCH","","","",0,"Good","","","","","",""
GOOGL,"15:07",337.33,"WAIT","WATCH","","","",0,"Good","","","","","",""
GOOGL,"15:08",337.28,"WAIT","WATCH","","","",0,"Good","","","","","",""
GOOGL,"15:09",337.3488,"WAIT","WATCH","","","",0,"Good","","","","","",""
GOOGL,"15:10",337.37,"WAIT","WATCH","","","",0,"Good","","","","","",""
GOOGL,"15:11",337.265,"WAIT","WATCH","","","",0,"Good","","","","","",""
GOOGL,"15:12",337.335,"WAIT","WATCH","","","",0,"Good","","","","","",""
GOOGL,"15:13",337.35,"WAIT","WATCH","","","",0,"Good","","","","","",""
GOOGL,"15:14",337.275,"WAIT","WATCH","","","",0,"Good","","","","","",""
GOOGL,"15:15",337.21,"WAIT","WATCH","","","",0,"Good","","","","","",""
GOOGL,"15:16",337.2,"NO TRADE","AVOID","","","",0,"Neutral","","","","","",""
GOOGL,"15:17",337.09,"NO TRADE","AVOID","","","",0,"Neutral","","","","","",""
GOOGL,"15:18",337.135,"NO TRADE","AVOID","","","",0,"Neutral","","","","","",""
GOOGL,"15:19",337.275,"NO TRADE","AVOID","","","",0,"Neutral","","","","","",""
GOOGL,"15:20",337.36,"NO TRADE","AVOID","","","",0,"Neutral","","","","","",""
GOOGL,"15:21",337.37,"NO TRADE","AVOID","","","",0,"Neutral","","","","","",""
GOOGL,"15:22",337.3995,"NO TRADE","AVOID","","","",0,"Neutral","","","","","",""
GOOGL,"15:23",337.3775,"NO TRADE","AVOID","","","",0,"Neutral","","","","","",""
GOOGL,"15:24",337.42,"NO TRADE","AVOID","","","",0,"Neutral","","","","","",""
GOOGL,"15:25",337.555,"NO TRADE","AVOID","","","",0,"Neutral","","","","","",""
GOOGL,"15:26",337.56,"WAIT","WATCH","","","",0,"Good","","","","","",""
GOOGL,"15:27",337.59,"WAIT","WATCH","","","",0,"Good","","","","","",""
GOOGL,"15:28",337.58,"WAIT","WATCH","","","",0,"Good","","","","","",""
GOOGL,"15:29",337.69,"WAIT","WATCH","","","",0,"Good","","","","","",""
GOOGL,"15:30",337.6037,"WAIT","WATCH","","","",0,"Good","","","","","",""
GOOGL,"15:31",337.4,"WAIT","WATCH","","","",0,"Good","","","","","",""
GOOGL,"15:32",337.365,"WAIT","ARMED","STRUCTURAL_BASE","STRUCTURAL_BASE|15:23|15:29",0,7,"Strong","פריצה של 337.77",337.77,337.18,338.67,338.7,1.51
GOOGL,"15:33",337.46,"WAIT","ARMED","STRUCTURAL_BASE","STRUCTURAL_BASE|15:23|15:29",1,7,"Strong","פריצה של 337.77",337.77,337.18,338.67,338.7,1.51
GOOGL,"15:34",337.56,"WAIT","ARMED","PULLBACK_CONTINUATION","PULLBACK_CONTINUATION|15:31|15:29",0,8,"Strong","פריצה של 337.64",337.64,337.28,338.21,338.26,1.58
GOOGL,"15:35",337.52,"WAIT","ARMED","PULLBACK_CONTINUATION","PULLBACK_CONTINUATION|15:31|15:29",1,7,"Strong","סגירה קרוב ל-337.64 (לא רק נגיעה)",337.64,337.28,338.21,338.26,1.58
GOOGL,"15:36",337.58,"WAIT","ARMED","PULLBACK_CONTINUATION","PULLBACK_CONTINUATION|15:31|15:29",2,8,"Strong","פריצה של 337.64",337.64,337.28,338.21,338.26,1.58
GOOGL,"15:37",337.66,"WAIT","ARMED","PULLBACK_CONTINUATION","PULLBACK_CONTINUATION@337.32",0,8,"Strong","פריצה של 337.67",337.67,337.28,338.26,338.42,1.51
GOOGL,"15:38",337.74,"NO TRADE (shadow)","READY","PULLBACK_CONTINUATION","PULLBACK_CONTINUATION@337.32",1,8,"Strong","",337.67,337.28,338.26,338.42,1.51
GOOGL,"15:39",337.95,"WAIT","ARMED","PULLBACK_CONTINUATION","PULLBACK_CONTINUATION@337.32",2,6,"Strong","",337.67,337.28,338.26,338.42,1.51
GOOGL,"15:40",338.37,"WAIT","ARMED","PULLBACK_CONTINUATION","PULLBACK_CONTINUATION@337.32",3,7,"Strong","",337.67,337.28,338.26,338.42,1.51
GOOGL,"15:41",338.29,"WAIT","ARMED","PULLBACK_CONTINUATION","PULLBACK_CONTINUATION@337.32",4,5,"Strong","",337.67,337.28,338.26,338.42,1.51
GOOGL,"15:42",338.325,"WAIT","ARMED","PULLBACK_CONTINUATION","PULLBACK_CONTINUATION@337.32",5,6,"Strong","",337.67,337.28,338.26,338.42,1.51
GOOGL,"15:43",338.415,"WAIT","ARMED","PULLBACK_CONTINUATION","PULLBACK_CONTINUATION@337.32",6,6,"Strong","",337.67,337.28,338.26,338.42,1.51
GOOGL,"15:44",338.29,"WAIT","ARMED","PULLBACK_CONTINUATION","PULLBACK_CONTINUATION@337.32",7,5,"Strong","",337.67,337.28,338.26,338.42,1.51
GOOGL,"15:45",338.3,"WAIT","ARMED","PULLBACK_CONTINUATION","PULLBACK_CONTINUATION@337.32",8,5,"Strong","",337.67,337.28,338.26,338.42,1.51
GOOGL,"15:46",338.46,"WAIT","ARMED","PULLBACK_CONTINUATION","PULLBACK_CONTINUATION@337.32",9,7,"Strong","",337.67,337.28,338.26,338.42,1.51
GOOGL,"15:47",338.52,"WAIT","ARMED","PULLBACK_CONTINUATION","PULLBACK_CONTINUATION@337.32",10,7,"Strong","",337.67,337.28,338.26,338.42,1.51
GOOGL,"15:48",338.37,"NO TRADE (shadow)","READY","PULLBACK_CONTINUATION","PULLBACK_CONTINUATION@337.32",11,8,"Strong","",337.67,337.28,338.26,338.42,1.51
GOOGL,"15:49",338.51,"NO TRADE (shadow)","READY","PULLBACK_CONTINUATION","PULLBACK_CONTINUATION@337.32",12,9,"Strong","",337.67,337.28,338.26,338.42,1.51
GOOGL,"15:50",338.35,"NO TRADE (shadow)","READY","PULLBACK_CONTINUATION","PULLBACK_CONTINUATION@337.32",13,8,"Strong","",337.67,337.28,338.26,338.42,1.51
GOOGL,"15:51",338.195,"NO TRADE (shadow)","READY","PULLBACK_CONTINUATION","PULLBACK_CONTINUATION@337.32",14,8,"Strong","",337.67,337.28,338.26,338.42,1.51
GOOGL,"15:52",338.16,"WAIT","ARMED","REVERSAL","REVERSAL|15:45|15:29",0,9,"Strong","פריצה של 338.65",338.65,338.1,339.5,339.65,1.55
GOOGL,"15:53",337.84,"FAILED","FAILED","REVERSAL","REVERSAL|15:45|15:29",1,0,"Strong","","","","","",""
GOOGL,"15:54",338.1602,"WAIT","WATCH","","",2,0,"Strong","","","","","",""
GOOGL,"15:55",338.47,"WAIT","WATCH","","",3,0,"Strong","","","","","",""
GOOGL,"15:56",338.39,"WAIT","WATCH","","",264,0,"Strong","","","","","",""
GOOGL,"15:57",338.13,"WAIT","WATCH","","","",0,"Good","","","","","",""
GOOGL,"15:58",338.22,"NO TRADE","AVOID","","","",0,"Good","","","","","",""
GOOGL,"15:59",338.43,"NO TRADE","AVOID","","","",0,"Good","","","","","",""
WFC,"09:30",89.73,"NO TRADE","AVOID","","","",0,"","","","","","",""
WFC,"09:31",89.08,"NO TRADE","AVOID","","","",0,"","","","","","",""
WFC,"09:32",89.365,"NO TRADE","AVOID","","","",0,"","","","","","",""
WFC,"09:33",89.31,"NO TRADE","AVOID","","","",0,"","","","","","",""
WFC,"09:34",89.07,"NO TRADE","AVOID","","","",0,"","","","","","",""
WFC,"09:35",89.035,"NO TRADE","AVOID","","","",0,"","","","","","",""
WFC,"09:36",89.1568,"NO TRADE","AVOID","","","",0,"","","","","","",""
WFC,"09:37",89.03,"NO TRADE","AVOID","","","",0,"","","","","","",""
WFC,"09:38",88.98,"NO TRADE","AVOID","","","",0,"","","","","","",""
WFC,"09:39",89.13,"NO TRADE","AVOID","","","",0,"","","","","","",""
WFC,"09:40",88.93,"NO TRADE","AVOID","","","",0,"","","","","","",""
WFC,"09:41",88.98,"NO TRADE","AVOID","","","",0,"","","","","","",""
WFC,"09:42",89.215,"NO TRADE","AVOID","","","",0,"","","","","","",""
WFC,"09:43",89.255,"NO TRADE","AVOID","","","",0,"","","","","","",""
WFC,"09:44",89.315,"WAIT","SETUP","RECLAIM_CONTINUATION","RECLAIM_CONTINUATION|VWAP|START_09:42",0,3,"Weak","",89.44,88.84,89.73,90.95,0.48
WFC,"09:45",89.205,"WAIT","SETUP","RECLAIM_CONTINUATION","RECLAIM_CONTINUATION|VWAP|START_09:42",1,1,"Weak","",89.44,88.84,89.73,90.95,0.48
WFC,"09:46",89.16,"WAIT","SETUP","RECLAIM_CONTINUATION","RECLAIM_CONTINUATION|VWAP|START_09:42",2,0,"Weak","",89.44,88.84,89.73,90.95,0.48
WFC,"09:47",89.26,"WAIT","SETUP","RECLAIM_CONTINUATION","RECLAIM_CONTINUATION|VWAP|START_09:42",3,1,"Weak","",89.44,88.84,89.73,90.95,0.48
WFC,"09:48",89.28,"WAIT","SETUP","RECLAIM_CONTINUATION","RECLAIM_CONTINUATION|VWAP|START_09:42",4,2,"Weak","",89.44,88.84,89.73,90.95,0.48
WFC,"09:49",89.185,"WAIT","SETUP","PULLBACK_CONTINUATION","PULLBACK_CONTINUATION@89.08",0,4,"Neutral","",89.34,89.04,89.43,90.08,0.3
WFC,"09:50",89.17,"WAIT","SETUP","PULLBACK_CONTINUATION","PULLBACK_CONTINUATION@89.08",1,4,"Neutral","",89.34,89.04,89.43,90.08,0.3
WFC,"09:51",89.24,"WAIT","SETUP","PULLBACK_CONTINUATION","PULLBACK_CONTINUATION@89.08",2,4,"Neutral","",89.34,89.04,89.43,90.08,0.3
WFC,"09:52",89.255,"WAIT","ARMED","RECLAIM_CONTINUATION","RECLAIM_CONTINUATION|VWAP|START_09:51",0,5,"Neutral","פריצה של 89.33 | ציון 6 (כרגע 5)",89.33,89.13,89.73,89.83,1.98
WFC,"09:53",89.26,"WAIT","ARMED","RECLAIM_CONTINUATION","RECLAIM_CONTINUATION|VWAP|START_09:51",1,5,"Neutral","סגירה קרוב ל-89.33 (לא רק נגיעה) | ציון 6 (כרגע 5)",89.33,89.13,89.73,89.83,1.98
WFC,"09:54",89.11,"FAILED","FAILED","RECLAIM_CONTINUATION","RECLAIM_CONTINUATION|VWAP|START_09:51",2,0,"Weak","","","","","",""
WFC,"09:55",89.13,"WAIT","WATCH","","","",0,"Weak","","","","","",""
WFC,"09:56",89.135,"WAIT","WATCH","","","",0,"Neutral","","","","","",""
WFC,"09:57",89.11,"WAIT","WATCH","","","",0,"Neutral","","","","","",""
WFC,"09:58",89.08,"WAIT","WATCH","","","",0,"Weak","","","","","",""
WFC,"09:59",89.085,"WAIT","WATCH","","","",0,"Weak","","","","","",""
WFC,"10:00",89.04,"WAIT","WATCH","","","",0,"Weak","","","","","",""
WFC,"10:01",88.96,"WAIT","WATCH","","","",0,"Avoid","","","","","",""
WFC,"10:02",89.059,"WAIT","WATCH","","","",0,"Weak","","","","","",""
WFC,"10:03",88.88,"WAIT","WATCH","","","",0,"Avoid","","","","","",""
WFC,"10:04",88.885,"WAIT","WATCH","","","",0,"Avoid","","","","","",""
WFC,"10:05",88.87,"WAIT","WATCH","","","",0,"Avoid","","","","","",""
WFC,"10:06",88.77,"WAIT","WATCH","","","",0,"Avoid","","","","","",""
WFC,"10:07",88.83,"WAIT","WATCH","","","",0,"Avoid","","","","","",""
WFC,"10:08",88.7937,"WAIT","WATCH","","","",0,"Avoid","","","","","",""
WFC,"10:09",88.85,"WAIT","WATCH","","","",0,"Avoid","","","","","",""
WFC,"10:10",88.92,"WAIT","WATCH","","","",0,"Avoid","","","","","",""
WFC,"10:11",88.93,"WAIT","WATCH","","","",0,"Weak","","","","","",""
WFC,"10:12",88.99,"WAIT","WATCH","","","",0,"Weak","","","","","",""
WFC,"10:13",88.995,"WAIT","WATCH","","","",0,"Weak","","","","","",""
WFC,"10:14",88.975,"WAIT","WATCH","","","",0,"Weak","","","","","",""
WFC,"10:15",88.88,"WAIT","WATCH","","","",0,"Avoid","","","","","",""
WFC,"10:16",88.87,"NO TRADE","AVOID","","","",0,"Avoid","","","","","",""
WFC,"10:17",88.72,"NO TRADE","AVOID","","","",0,"Avoid","","","","","",""
WFC,"10:18",88.62,"NO TRADE","AVOID","","","",0,"Avoid","","","","","",""
WFC,"10:19",88.685,"NO TRADE","AVOID","","","",0,"Avoid","","","","","",""
WFC,"10:20",88.635,"NO TRADE","AVOID","","","",0,"Avoid","","","","","",""
WFC,"10:21",88.57,"NO TRADE","AVOID","","","",0,"Avoid","","","","","",""
WFC,"10:22",88.54,"NO TRADE","AVOID","","","",0,"Avoid","","","","","",""
WFC,"10:23",88.63,"NO TRADE","AVOID","","","",0,"Avoid","","","","","",""
WFC,"10:24",88.665,"NO TRADE","AVOID","","","",0,"Avoid","","","","","",""
WFC,"10:25",88.7,"NO TRADE","AVOID","","","",0,"Avoid","","","","","",""
WFC,"10:26",88.68,"NO TRADE","AVOID","","","",0,"Avoid","","","","","",""
WFC,"10:27",88.655,"NO TRADE","AVOID","","","",0,"Avoid","","","","","",""
WFC,"10:28",88.595,"NO TRADE","AVOID","","","",0,"Avoid","","","","","",""
WFC,"10:29",88.595,"NO TRADE","AVOID","","","",0,"Avoid","","","","","",""
WFC,"10:30",88.685,"NO TRADE","AVOID","","","",0,"Avoid","","","","","",""
WFC,"10:31",88.7,"NO TRADE","AVOID","","","",0,"Avoid","","","","","",""
WFC,"10:32",88.695,"WAIT","WATCH","","","",0,"Weak","","","","","",""
WFC,"10:33",88.675,"WAIT","WATCH","","","",0,"Weak","","","","","",""
WFC,"10:34",88.64,"WAIT","WATCH","","","",0,"Weak","","","","","",""
WFC,"10:35",88.705,"WAIT","WATCH","","","",0,"Weak","","","","","",""
WFC,"10:36",88.725,"WAIT","ARMED","PULLBACK_CONTINUATION","PULLBACK_CONTINUATION@88.58",0,5,"Weak","פריצה של 88.76 | ציון 6 (כרגע 5)",88.76,88.56,89.33,89.36,2.85
WFC,"10:37",88.64,"WAIT","ARMED","PULLBACK_CONTINUATION","PULLBACK_CONTINUATION@88.58",1,4,"Weak","פריצה של 88.76 | ציון 6 (כרגע 4)",88.76,88.56,89.33,89.36,2.85
WFC,"10:38",88.68,"WAIT","ARMED","PULLBACK_CONTINUATION","PULLBACK_CONTINUATION@88.58",2,4,"Weak","פריצה של 88.76 | ציון 6 (כרגע 4)",88.76,88.56,89.33,89.36,2.85
WFC,"10:39",88.74,"WAIT","ARMED","PULLBACK_CONTINUATION","PULLBACK_CONTINUATION@88.58",3,5,"Weak","פריצה של 88.76 | ציון 6 (כרגע 5)",88.76,88.56,89.33,89.36,2.85
WFC,"10:40",88.75,"WAIT","ARMED","PULLBACK_CONTINUATION","PULLBACK_CONTINUATION@88.58",4,4,"Weak","סגירה קרוב ל-88.76 (לא רק נגיעה) | ציון 6 (כרגע 4)",88.76,88.56,89.33,89.36,2.85
WFC,"10:41",88.64,"WAIT","ARMED","PULLBACK_CONTINUATION","PULLBACK_CONTINUATION@88.58",5,4,"Weak","פריצה של 88.76 | ציון 6 (כרגע 4)",88.76,88.56,89.33,89.36,2.85
WFC,"10:42",88.6,"WAIT","ARMED","PULLBACK_CONTINUATION","PULLBACK_CONTINUATION@88.58",6,4,"Weak","פריצה של 88.76 | ציון 6 (כרגע 4)",88.76,88.56,89.33,89.36,2.85
WFC,"10:43",88.565,"FAILED","FAILED","PULLBACK_CONTINUATION","PULLBACK_CONTINUATION@88.58",7,0,"Weak","","","","","",""
WFC,"10:44",88.51,"WAIT","WATCH","","","",0,"Weak","","","","","",""
WFC,"10:45",88.47,"WAIT","WATCH","","","",0,"Weak","","","","","",""
WFC,"10:46",88.54,"WAIT","WATCH","","","",0,"Weak","","","","","",""
WFC,"10:47",88.59,"WAIT","WATCH","","","",0,"Weak","","","","","",""
WFC,"10:48",88.61,"WAIT","WATCH","","","",0,"Weak","","","","","",""
WFC,"10:49",88.68,"WAIT","WATCH","","","",0,"Weak","","","","","",""
WFC,"10:50",88.71,"WAIT","WATCH","","","",0,"Weak","","","","","",""
WFC,"10:51",88.72,"WAIT","WATCH","","","",0,"Weak","","","","","",""
WFC,"10:52",88.655,"WAIT","WATCH","","","",0,"Weak","","","","","",""
WFC,"10:53",88.59,"WAIT","WATCH","","","",0,"Weak","","","","","",""
WFC,"10:54",88.59,"NO TRADE","AVOID","","","",0,"Avoid","","","","","",""
WFC,"10:55",88.63,"NO TRADE","AVOID","","","",0,"Avoid","","","","","",""
WFC,"10:56",88.59,"NO TRADE","AVOID","","","",0,"Avoid","","","","","",""
WFC,"10:57",88.6,"WAIT","WATCH","","","",0,"Weak","","","","","",""
WFC,"10:58",88.55,"WAIT","WATCH","","","",0,"Weak","","","","","",""
WFC,"10:59",88.57,"WAIT","WATCH","","","",0,"Weak","","","","","",""
WFC,"11:00",88.591,"WAIT","WATCH","","","",0,"Weak","","","","","",""
WFC,"11:01",88.62,"WAIT","WATCH","","","",0,"Weak","","","","","",""
WFC,"11:02",88.685,"NO TRADE","AVOID","","","",0,"Avoid","","","","","",""
WFC,"11:03",88.745,"NO TRADE","AVOID","","","",0,"Weak","","","","","",""
WFC,"11:04",88.725,"NO TRADE","AVOID","","","",0,"Weak","","","","","",""
WFC,"11:05",88.65,"NO TRADE","AVOID","","","",0,"Weak","","","","","",""
WFC,"11:06",88.7069,"NO TRADE","AVOID","","","",0,"Weak","","","","","",""
WFC,"11:07",88.805,"NO TRADE","AVOID","","","",0,"Weak","","","","","",""
WFC,"11:08",88.79,"WAIT","ARMED","REVERSAL","REVERSAL|10:59|10:51",0,3,"Weak","",88.84,88.69,89.33,89.36,3.31
WFC,"11:09",88.8469,"WAIT","ARMED","REVERSAL","REVERSAL|11:06|10:51",0,6,"Neutral","",88.86,88.69,89.33,89.36,2.81
WFC,"11:10",88.835,"WAIT","ARMED","REVERSAL","REVERSAL|11:06|10:51",1,5,"Neutral","",88.86,88.69,89.33,89.36,2.81
WFC,"11:11",88.87,"WAIT","ARMED","REVERSAL","REVERSAL|11:06|10:51",2,6,"Neutral","",88.86,88.69,89.33,89.36,2.81
WFC,"11:12",88.905,"WAIT","ARMED","REVERSAL","REVERSAL|11:06|10:51",3,5,"Neutral","",88.86,88.69,89.33,89.36,2.81
WFC,"11:13",88.86,"WAIT","ARMED","REVERSAL","REVERSAL|11:06|10:51",4,5,"Neutral","",88.86,88.69,89.33,89.36,2.81
WFC,"11:14",88.76,"WAIT","ARMED","REVERSAL","REVERSAL|11:06|10:51",5,5,"Neutral","",88.86,88.69,89.33,89.36,2.81
WFC,"11:15",88.7782,"WAIT","ARMED","REVERSAL","REVERSAL|11:06|10:51",6,6,"Neutral","",88.86,88.69,89.33,89.36,2.81
WFC,"11:16",88.74,"WAIT","ARMED","REVERSAL","REVERSAL|11:06|10:51",7,6,"Neutral","",88.86,88.69,89.33,89.36,2.81
WFC,"11:17",88.73,"WAIT","ARMED","REVERSAL","REVERSAL|11:06|10:51",8,6,"Neutral","",88.86,88.69,89.33,89.36,2.81
WFC,"11:18",88.71,"WAIT","ARMED","REVERSAL","REVERSAL|11:06|10:51",9,6,"Neutral","",88.86,88.69,89.33,89.36,2.81
WFC,"11:19",88.71,"FAILED","FAILED","REVERSAL","REVERSAL|11:06|10:51",10,0,"Neutral","","","","","",""
WFC,"11:20",88.715,"WAIT","WATCH","","","",0,"Neutral","","","","","",""
WFC,"11:21",88.765,"WAIT","WATCH","","","",0,"Neutral","","","","","",""
WFC,"11:22",88.745,"WAIT","WATCH","","","",0,"Neutral","","","","","",""
WFC,"11:23",88.82,"WAIT","WATCH","","","",0,"Neutral","","","","","",""
WFC,"11:24",88.855,"WAIT","WATCH","","",15,0,"Neutral","","","","","",""
WFC,"11:25",88.9,"WAIT","ARMED","PULLBACK_CONTINUATION","PULLBACK_CONTINUATION@88.64",0,8,"Good","פריצה של 88.95",88.95,88.63,89.43,89.73,1.5
WFC,"11:26",88.94,"WAIT","ARMED","PULLBACK_CONTINUATION","PULLBACK_CONTINUATION@88.64",1,7,"Good","סגירה קרוב ל-88.95 (לא רק נגיעה)",88.95,88.63,89.43,89.73,1.5
WFC,"11:27",88.92,"WAIT","ARMED","PULLBACK_CONTINUATION","PULLBACK_CONTINUATION@88.64",2,6,"Good","סגירה קרוב ל-88.95 (לא רק נגיעה)",88.95,88.63,89.43,89.73,1.5
WFC,"11:28",88.91,"WAIT","ARMED","PULLBACK_CONTINUATION","PULLBACK_CONTINUATION@88.64",3,6,"Good","פריצה של 88.95",88.95,88.63,89.43,89.73,1.5
WFC,"11:29",88.92,"WAIT","ARMED","PULLBACK_CONTINUATION","PULLBACK_CONTINUATION@88.64",4,6,"Good","פריצה של 88.95",88.95,88.63,89.43,89.73,1.5
WFC,"11:30",88.925,"WAIT","ARMED","PULLBACK_CONTINUATION","PULLBACK_CONTINUATION@88.64",5,7,"Good","סגירה קרוב ל-88.95 (לא רק נגיעה)",88.95,88.63,89.43,89.73,1.5
WFC,"11:31",88.93,"WAIT","ARMED","PULLBACK_CONTINUATION","PULLBACK_CONTINUATION@88.64",6,7,"Good","פריצה של 88.95",88.95,88.63,89.43,89.73,1.5
WFC,"11:32",88.91,"WAIT","ARMED","PULLBACK_CONTINUATION","PULLBACK_CONTINUATION@88.89",0,6,"Good","פריצה של 88.98",88.98,88.87,89.33,89.36,3.26
WFC,"11:33",88.925,"WAIT","ARMED","RECLAIM_CONTINUATION","RECLAIM_CONTINUATION|VWAP|START_11:25",0,6,"Good","פריצה של 88.98",88.98,88.85,89.33,89.36,2.64
WFC,"11:34",88.89,"WAIT","ARMED","RECLAIM_CONTINUATION","RECLAIM_CONTINUATION|VWAP|START_11:25",1,6,"Good","פריצה של 88.98",88.98,88.85,89.33,89.36,2.64
WFC,"11:35",88.835,"FAILED","FAILED","RECLAIM_CONTINUATION","RECLAIM_CONTINUATION|VWAP|START_11:25",2,0,"Neutral","","","","","",""
WFC,"11:36",88.69,"WAIT","WATCH","","","",0,"Neutral","","","","","",""
WFC,"11:37",88.71,"WAIT","WATCH","","","",0,"Neutral","","","","","",""
WFC,"11:38",88.695,"WAIT","WATCH","","","",0,"Weak","","","","","",""
WFC,"11:39",88.67,"WAIT","WATCH","","","",0,"Weak","","","","","",""
WFC,"11:40",88.72,"WAIT","WATCH","","","",0,"Weak","","","","","",""
WFC,"11:41",88.76,"WAIT","WATCH","","","",0,"Weak","","","","","",""
WFC,"11:42",88.705,"WAIT","WATCH","","","",0,"Weak","","","","","",""
WFC,"11:43",88.65,"WAIT","WATCH","","","",0,"Weak","","","","","",""
WFC,"11:44",88.73,"NO TRADE","AVOID","","","",0,"Weak","","","","","",""
WFC,"11:45",88.74,"NO TRADE","AVOID","","","",0,"Weak","","","","","",""
WFC,"11:46",88.745,"NO TRADE","AVOID","","","",0,"Weak","","","","","",""
WFC,"11:47",88.83,"NO TRADE","AVOID","","","",0,"Weak","","","","","",""
WFC,"11:48",88.8,"NO TRADE","AVOID","","","",0,"Weak","","","","","",""
WFC,"11:49",88.77,"NO TRADE","AVOID","","","",0,"Weak","","","","","",""
WFC,"11:50",88.745,"NO TRADE","AVOID","","","",0,"Weak","","","","","",""
WFC,"11:51",88.76,"WAIT","WATCH","","","",0,"Weak","","","","","",""
WFC,"11:52",88.74,"WAIT","WATCH","","","",0,"Weak","","","","","",""
WFC,"11:53",88.7,"WAIT","WATCH","","","",0,"Weak","","","","","",""
WFC,"11:54",88.7,"WAIT","WATCH","","","",0,"Weak","","","","","",""
WFC,"11:55",88.7099,"WAIT","WATCH","","","",0,"Weak","","","","","",""
WFC,"11:56",88.695,"WAIT","WATCH","","","",0,"Weak","","","","","",""
WFC,"11:57",88.65,"WAIT","WATCH","","","",0,"Weak","","","","","",""
WFC,"11:58",88.635,"WAIT","WATCH","","","",0,"Weak","","","","","",""
WFC,"11:59",88.65,"WAIT","WATCH","","","",0,"Weak","","","","","",""
WFC,"12:00",88.6,"WAIT","WATCH","","","",0,"Weak","","","","","",""
WFC,"12:01",88.59,"WAIT","WATCH","","","",0,"Weak","","","","","",""
WFC,"12:02",88.57,"WAIT","WATCH","","","",0,"Weak","","","","","",""
WFC,"12:03",88.54,"WAIT","WATCH","","","",0,"Weak","","","","","",""
WFC,"12:04",88.635,"WAIT","WATCH","","","",0,"Weak","","","","","",""
WFC,"12:05",88.6,"WAIT","WATCH","","","",0,"Weak","","","","","",""
WFC,"12:06",88.59,"WAIT","WATCH","","","",0,"Weak","","","","","",""
WFC,"12:07",88.6425,"NO TRADE","AVOID","","","",0,"Avoid","","","","","",""
WFC,"12:08",88.6,"NO TRADE","AVOID","","","",0,"Avoid","","","","","",""
WFC,"12:09",88.64,"NO TRADE","AVOID","","","",0,"Avoid","","","","","",""
WFC,"12:10",88.62,"NO TRADE","AVOID","","","",0,"Avoid","","","","","",""
WFC,"12:11",88.6057,"NO TRADE","AVOID","","","",0,"Avoid","","","","","",""
WFC,"12:12",88.6,"NO TRADE","AVOID","","","",0,"Avoid","","","","","",""
WFC,"12:13",88.59,"NO TRADE","AVOID","","","",0,"Avoid","","","","","",""
WFC,"12:14",88.57,"NO TRADE","AVOID","","","",0,"Avoid","","","","","",""
WFC,"12:15",88.56,"NO TRADE","AVOID","","","",0,"Avoid","","","","","",""
WFC,"12:16",88.53,"NO TRADE","AVOID","","","",0,"Avoid","","","","","",""
WFC,"12:17",88.57,"NO TRADE","AVOID","","","",0,"Avoid","","","","","",""
WFC,"12:18",88.605,"NO TRADE","AVOID","","","",0,"Avoid","","","","","",""
WFC,"12:19",88.66,"NO TRADE","AVOID","","","",0,"Weak","","","","","",""
WFC,"12:20",88.655,"NO TRADE","AVOID","","","",0,"Avoid","","","","","",""
WFC,"12:21",88.65,"NO TRADE","AVOID","","","",0,"Avoid","","","","","",""
WFC,"12:22",88.67,"NO TRADE","AVOID","","","",0,"Weak","","","","","",""
WFC,"12:23",88.68,"NO TRADE","AVOID","","","",0,"Weak","","","","","",""
WFC,"12:24",88.65,"NO TRADE","AVOID","","","",0,"Weak","","","","","",""
WFC,"12:25",88.68,"NO TRADE","AVOID","","","",0,"Weak","","","","","",""
WFC,"12:26",88.705,"NO TRADE","AVOID","","","",0,"Weak","","","","","",""
WFC,"12:27",88.665,"NO TRADE","AVOID","","","",0,"Weak","","","","","",""
WFC,"12:28",88.68,"NO TRADE","AVOID","","","",0,"Weak","","","","","",""
WFC,"12:29",88.69,"NO TRADE","AVOID","","","",0,"Weak","","","","","",""
WFC,"12:30",88.68,"NO TRADE","AVOID","","","",0,"Weak","","","","","",""
WFC,"12:31",88.655,"NO TRADE","AVOID","","","",0,"Weak","","","","","",""
WFC,"12:32",88.7,"NO TRADE","AVOID","","","",0,"Weak","","","","","",""
WFC,"12:33",88.64,"NO TRADE","AVOID","","","",0,"Weak","","","","","",""
WFC,"12:34",88.65,"WAIT","WATCH","","","",0,"Neutral","","","","","",""
WFC,"12:35",88.57,"WAIT","WATCH","","","",0,"Weak","","","","","",""
WFC,"12:36",88.56,"WAIT","WATCH","","","",0,"Weak","","","","","",""
WFC,"12:37",88.57,"WAIT","WATCH","","","",0,"Weak","","","","","",""
WFC,"12:38",88.5501,"WAIT","WATCH","","","",0,"Weak","","","","","",""
WFC,"12:39",88.55,"NO TRADE","AVOID","","","",0,"Avoid","","","","","",""
WFC,"12:40",88.56,"NO TRADE","AVOID","","","",0,"Avoid","","","","","",""
WFC,"12:41",88.56,"NO TRADE","AVOID","","","",0,"Avoid","","","","","",""
WFC,"12:42",88.55,"NO TRADE","AVOID","","","",0,"Avoid","","","","","",""
WFC,"12:43",88.56,"NO TRADE","AVOID","","","",0,"Avoid","","","","","",""
WFC,"12:44",88.59,"NO TRADE","AVOID","","","",0,"Avoid","","","","","",""
WFC,"12:45",88.59,"NO TRADE","AVOID","","","",0,"Avoid","","","","","",""
WFC,"12:46",88.62,"NO TRADE","AVOID","","","",0,"Avoid","","","","","",""
WFC,"12:47",88.58,"NO TRADE","AVOID","","","",0,"Avoid","","","","","",""
WFC,"12:48",88.625,"NO TRADE","AVOID","","","",0,"Avoid","","","","","",""
WFC,"12:49",88.65,"NO TRADE","AVOID","","","",0,"Weak","","","","","",""
WFC,"12:50",88.655,"NO TRADE","AVOID","","","",0,"Weak","","","","","",""
WFC,"12:51",88.61,"WAIT","WATCH","","","",0,"Weak","","","","","",""
WFC,"12:52",88.545,"WAIT","WATCH","","","",0,"Weak","","","","","",""
WFC,"12:53",88.535,"WAIT","WATCH","","","",0,"Weak","","","","","",""
WFC,"12:54",88.53,"WAIT","WATCH","","","",0,"Weak","","","","","",""
WFC,"12:55",88.505,"WAIT","WATCH","","","",0,"Weak","","","","","",""
WFC,"12:56",88.495,"WAIT","WATCH","","","",0,"Weak","","","","","",""
WFC,"12:57",88.505,"WAIT","WATCH","","","",0,"Weak","","","","","",""
WFC,"12:58",88.51,"WAIT","WATCH","","","",0,"Weak","","","","","",""
WFC,"12:59",88.515,"WAIT","WATCH","","","",0,"Weak","","","","","",""
WFC,"13:00",88.54,"WAIT","WATCH","","","",0,"Weak","","","","","",""
WFC,"13:01",88.56,"WAIT","WATCH","","","",0,"Weak","","","","","",""
WFC,"13:02",88.5623,"WAIT","WATCH","","","",0,"Weak","","","","","",""
WFC,"13:03",88.605,"WAIT","WATCH","","","",0,"Weak","","","","","",""
WFC,"13:04",88.63,"WAIT","WATCH","","","",0,"Neutral","","","","","",""
WFC,"13:05",88.65,"WAIT","WATCH","","","",0,"Neutral","","","","","",""
WFC,"13:06",88.63,"WAIT","WATCH","","","",0,"Neutral","","","","","",""
WFC,"13:07",88.63,"NO TRADE","AVOID","","","",0,"Weak","","","","","",""
WFC,"13:08",88.64,"NO TRADE","AVOID","","","",0,"Weak","","","","","",""
WFC,"13:09",88.645,"NO TRADE","AVOID","","","",0,"Weak","","","","","",""
WFC,"13:10",88.645,"NO TRADE","AVOID","","","",0,"Weak","","","","","",""
WFC,"13:11",88.615,"NO TRADE","AVOID","","","",0,"Weak","","","","","",""
WFC,"13:12",88.58,"NO TRADE","AVOID","","","",0,"Weak","","","","","",""
WFC,"13:13",88.595,"NO TRADE","AVOID","","","",0,"Weak","","","","","",""
WFC,"13:14",88.58,"NO TRADE","AVOID","","","",0,"Weak","","","","","",""
WFC,"13:15",88.575,"WAIT","WATCH","","","",0,"Weak","","","","","",""
WFC,"13:16",88.6,"WAIT","WATCH","","","",0,"Weak","","","","","",""
WFC,"13:17",88.61,"WAIT","WATCH","","","",0,"Neutral","","","","","",""
WFC,"13:18",88.64,"WAIT","WATCH","","","",0,"Neutral","","","","","",""
WFC,"13:19",88.67,"WAIT","WATCH","","","",0,"Neutral","","","","","",""
WFC,"13:20",88.69,"WAIT","ARMED","REVERSAL","REVERSAL|13:12|13:10",0,6,"Neutral","",88.72,88.62,88.93,88.97,2.09
WFC,"13:21",88.67,"WAIT","ARMED","REVERSAL","REVERSAL|13:12|13:10",1,5,"Neutral","",88.72,88.62,88.93,88.97,2.09
WFC,"13:22",88.7,"WAIT","ARMED","REVERSAL","REVERSAL|13:12|13:10",2,6,"Neutral","",88.72,88.62,88.93,88.97,2.09
WFC,"13:23",88.69,"WAIT","ARMED","REVERSAL","REVERSAL|13:12|13:10",3,5,"Neutral","",88.72,88.62,88.93,88.97,2.09
WFC,"13:24",88.665,"WAIT","ARMED","REVERSAL","REVERSAL|13:12|13:10",4,5,"Neutral","",88.72,88.62,88.93,88.97,2.09
WFC,"13:25",88.64,"FAILED","FAILED","REVERSAL","REVERSAL|13:12|13:10",5,0,"Neutral","","","","","",""
WFC,"13:26",88.635,"WAIT","WATCH","","","",0,"Neutral","","","","","",""
WFC,"13:27",88.67,"WAIT","WATCH","","","",0,"Neutral","","","","","",""
WFC,"13:28",88.6399,"WAIT","WATCH","","","",0,"Neutral","","","","","",""
WFC,"13:29",88.665,"WAIT","WATCH","","","",0,"Neutral","","","","","",""
WFC,"13:30",88.69,"WAIT","WATCH","","",10,0,"Neutral","","","","","",""
WFC,"13:31",88.67,"WAIT","WATCH","","",11,0,"Neutral","","","","","",""
WFC,"13:32",88.7,"WAIT","ARMED","PULLBACK_CONTINUATION","PULLBACK_CONTINUATION@88.53",0,5,"Neutral","פריצה של 88.75 | ציון 6 (כרגע 5)",88.75,88.52,89.33,89.36,2.5
WFC,"13:33",88.62,"WAIT","ARMED","PULLBACK_CONTINUATION","PULLBACK_CONTINUATION@88.53",1,5,"Neutral","פריצה של 88.75 | ציון 6 (כרגע 5)",88.75,88.52,89.33,89.36,2.5
WFC,"13:34",88.65,"WAIT","ARMED","PULLBACK_CONTINUATION","PULLBACK_CONTINUATION@88.53",2,5,"Neutral","פריצה של 88.75 | ציון 6 (כרגע 5)",88.75,88.52,89.33,89.36,2.5
WFC,"13:35",88.71,"WAIT","ARMED","PULLBACK_CONTINUATION","PULLBACK_CONTINUATION@88.53",3,5,"Neutral","פריצה של 88.75 | ציון 6 (כרגע 5)",88.75,88.52,89.33,89.36,2.5
WFC,"13:36",88.71,"WAIT","ARMED","PULLBACK_CONTINUATION","PULLBACK_CONTINUATION@88.53",4,5,"Neutral","פריצה של 88.75 | ציון 6 (כרגע 5)",88.75,88.52,89.33,89.36,2.5
WFC,"13:37",88.775,"NO TRADE (shadow)","READY","PULLBACK_CONTINUATION","PULLBACK_CONTINUATION@88.53",5,7,"Good","",88.75,88.52,89.33,89.36,2.5
WFC,"13:38",88.78,"NO TRADE (shadow)","READY","PULLBACK_CONTINUATION","PULLBACK_CONTINUATION@88.53",6,7,"Good","",88.75,88.52,89.33,89.36,2.5
WFC,"13:39",88.75,"WAIT","ARMED","PULLBACK_CONTINUATION","PULLBACK_CONTINUATION@88.53",7,5,"Neutral","ציון 6 (כרגע 5)",88.75,88.52,89.33,89.36,2.5
WFC,"13:40",88.79,"NO TRADE (shadow)","READY","PULLBACK_CONTINUATION","PULLBACK_CONTINUATION@88.53",8,7,"Good","",88.75,88.52,89.33,89.36,2.5
WFC,"13:41",88.81,"NO TRADE (shadow)","READY","PULLBACK_CONTINUATION","PULLBACK_CONTINUATION@88.53",9,6,"Good","",88.75,88.52,89.33,89.36,2.5
WFC,"13:42",88.79,"NO TRADE (shadow)","READY","PULLBACK_CONTINUATION","PULLBACK_CONTINUATION@88.53",10,6,"Good","",88.75,88.52,89.33,89.36,2.5
WFC,"13:43",88.77,"WAIT","ARMED","PULLBACK_CONTINUATION","PULLBACK_CONTINUATION@88.53",11,5,"Neutral","ציון 6 (כרגע 5)",88.75,88.52,89.33,89.36,2.5
WFC,"13:44",88.7922,"WAIT","ARMED","PULLBACK_CONTINUATION","PULLBACK_CONTINUATION@88.53",12,5,"Good","ציון 6 (כרגע 5)",88.75,88.52,89.33,89.36,2.5
WFC,"13:45",88.76,"WAIT","ARMED","PULLBACK_CONTINUATION","PULLBACK_CONTINUATION@88.53",13,5,"Neutral","ציון 6 (כרגע 5)",88.75,88.52,89.33,89.36,2.5
WFC,"13:46",88.79,"NO TRADE (shadow)","READY","PULLBACK_CONTINUATION","PULLBACK_CONTINUATION@88.53",14,8,"Good","",88.75,88.52,89.33,89.36,2.5
WFC,"13:47",88.815,"NO TRADE (shadow)","READY","PULLBACK_CONTINUATION","PULLBACK_CONTINUATION@88.53",15,7,"Good","",88.75,88.52,89.33,89.36,2.5
WFC,"13:48",88.74,"WAIT","ARMED","PULLBACK_CONTINUATION","PULLBACK_CONTINUATION@88.53",16,5,"Neutral","סגירה קרוב ל-88.75 (לא רק נגיעה) | ציון 6 (כרגע 5)",88.75,88.52,89.33,89.36,2.5
WFC,"13:49",88.785,"NO TRADE (shadow)","READY","PULLBACK_CONTINUATION","PULLBACK_CONTINUATION@88.53",17,6,"Good","",88.75,88.52,89.33,89.36,2.5
WFC,"13:50",88.805,"WAIT","ARMED","PULLBACK_CONTINUATION","PULLBACK_CONTINUATION@88.53",18,5,"Good","ציון 6 (כרגע 5)",88.75,88.52,89.33,89.36,2.5
WFC,"13:51",88.8453,"WAIT","ARMED","RECLAIM_CONTINUATION","RECLAIM_CONTINUATION|VWAP|START_13:49",0,7,"Good","פריצה של 88.87",88.87,88.74,89.33,89.36,3.46
WFC,"13:52",88.88,"WAIT","ARMED","PULLBACK_CONTINUATION","PULLBACK_CONTINUATION@88.74",0,7,"Good","פריצה של 88.91",88.91,88.73,89.33,89.36,2.3
WFC,"13:53",88.89,"WAIT","ARMED","PULLBACK_CONTINUATION","PULLBACK_CONTINUATION@88.74",1,8,"Good","פריצה של 88.91",88.91,88.73,89.33,89.36,2.3
WFC,"13:54",88.82,"WAIT","ARMED","PULLBACK_CONTINUATION","PULLBACK_CONTINUATION@88.74",2,7,"Good","פריצה של 88.91",88.91,88.73,89.33,89.36,2.3
WFC,"13:55",88.83,"WAIT","ARMED","RECLAIM_CONTINUATION","RECLAIM_CONTINUATION|VWAP|START_13:49",4,6,"Good","פריצה של 88.87",88.87,88.74,89.33,89.36,3.46
WFC,"13:56",88.825,"WAIT","ARMED","RECLAIM_CONTINUATION","RECLAIM_CONTINUATION|VWAP|START_13:49",5,6,"Good","פריצה של 88.87",88.87,88.74,89.33,89.36,3.46
WFC,"13:57",88.81,"WAIT","ARMED","RECLAIM_CONTINUATION","RECLAIM_CONTINUATION|VWAP|START_13:49",6,6,"Good","פריצה של 88.87",88.87,88.74,89.33,89.36,3.46
WFC,"13:58",88.81,"WAIT","ARMED","RECLAIM_CONTINUATION","RECLAIM_CONTINUATION|VWAP|START_13:49",7,6,"Good","פריצה של 88.87",88.87,88.74,89.33,89.36,3.46
WFC,"13:59",88.83,"WAIT","ARMED","RECLAIM_CONTINUATION","RECLAIM_CONTINUATION|VWAP|START_13:49",8,7,"Good","פריצה של 88.87",88.87,88.74,89.33,89.36,3.46
WFC,"14:00",88.845,"WAIT","ARMED","RECLAIM_CONTINUATION","RECLAIM_CONTINUATION|VWAP|START_13:49",9,7,"Good","פריצה של 88.87",88.87,88.74,89.33,89.36,3.46
WFC,"14:01",88.825,"WAIT","ARMED","RECLAIM_CONTINUATION","RECLAIM_CONTINUATION|VWAP|START_13:49",10,6,"Good","סגירה קרוב ל-88.87 (לא רק נגיעה)",88.87,88.74,89.33,89.36,3.46
WFC,"14:02",88.765,"WAIT","ARMED","RECLAIM_CONTINUATION","RECLAIM_CONTINUATION|VWAP|START_13:49",11,5,"Neutral","פריצה של 88.87 | ציון 6 (כרגע 5)",88.87,88.74,89.33,89.36,3.46
WFC,"14:03",88.77,"WAIT","ARMED","RECLAIM_CONTINUATION","RECLAIM_CONTINUATION|VWAP|START_13:49",12,5,"Neutral","פריצה של 88.87 | ציון 6 (כרגע 5)",88.87,88.74,89.33,89.36,3.46
WFC,"14:04",88.77,"WAIT","ARMED","RECLAIM_CONTINUATION","RECLAIM_CONTINUATION|VWAP|START_13:49",13,4,"Neutral","פריצה של 88.87 | ציון 6 (כרגע 4)",88.87,88.74,89.33,89.36,3.46
WFC,"14:05",88.755,"FAILED","FAILED","RECLAIM_CONTINUATION","RECLAIM_CONTINUATION|VWAP|START_13:49",14,0,"Weak","","","","","",""
WFC,"14:06",88.815,"WAIT","WATCH","","","",0,"Neutral","","","","","",""
WFC,"14:07",88.8109,"WAIT","ARMED","RECLAIM_CONTINUATION","RECLAIM_CONTINUATION|VWAP|START_14:06",0,5,"Neutral","פריצה של 88.84 | ציון 6 (כרגע 5)",88.84,88.75,89.02,89.33,2.01
WFC,"14:08",88.825,"WAIT","ARMED","RECLAIM_CONTINUATION","RECLAIM_CONTINUATION|VWAP|START_14:06",1,3,"Neutral","פריצה של 88.84 | ציון 6 (כרגע 3)",88.84,88.75,89.02,89.33,2.01
WFC,"14:09",88.8393,"WAIT","ARMED","RECLAIM_CONTINUATION","RECLAIM_CONTINUATION|VWAP|START_14:06",2,4,"Neutral","ציון 6 (כרגע 4)",88.84,88.75,89.02,89.33,2.01
WFC,"14:10",88.835,"WAIT","ARMED","RECLAIM_CONTINUATION","RECLAIM_CONTINUATION|VWAP|START_14:06",3,3,"Neutral","סגירה קרוב ל-88.84 (לא רק נגיעה) | ציון 6 (כרגע 3)",88.84,88.75,89.02,89.33,2.01
WFC,"14:11",88.84,"WAIT","ARMED","RECLAIM_CONTINUATION","RECLAIM_CONTINUATION|VWAP|START_14:06",4,3,"Neutral","ציון 6 (כרגע 3)",88.84,88.75,89.02,89.33,2.01
WFC,"14:12",88.785,"WAIT","ARMED","RECLAIM_CONTINUATION","RECLAIM_CONTINUATION|VWAP|START_14:06",5,3,"Neutral","פריצה של 88.84 | ציון 6 (כרגע 3)",88.84,88.75,89.02,89.33,2.01
WFC,"14:13",88.81,"WAIT","ARMED","RECLAIM_CONTINUATION","RECLAIM_CONTINUATION|VWAP|START_14:06",6,3,"Neutral","פריצה של 88.84 | ציון 6 (כרגע 3)",88.84,88.75,89.02,89.33,2.01
WFC,"14:14",88.87,"WAIT","ARMED","RECLAIM_CONTINUATION","RECLAIM_CONTINUATION|VWAP|START_14:06",7,3,"Neutral","ציון 6 (כרגע 3)",88.84,88.75,89.02,89.33,2.01
WFC,"14:15",88.86,"WAIT","ARMED","RECLAIM_CONTINUATION","RECLAIM_CONTINUATION|VWAP|START_14:06",8,4,"Neutral","ציון 6 (כרגע 4)",88.84,88.75,89.02,89.33,2.01
WFC,"14:16",88.83,"WAIT","ARMED","RECLAIM_CONTINUATION","RECLAIM_CONTINUATION|VWAP|START_14:06",9,6,"Good","סגירה קרוב ל-88.84 (לא רק נגיעה)",88.84,88.75,89.02,89.33,2.01
WFC,"14:17",88.84,"BUY NOW","READY","RECLAIM_CONTINUATION","RECLAIM_CONTINUATION|VWAP|START_14:06",10,6,"Good","",88.84,88.75,89.02,89.33,2.01
WFC,"14:18",88.835,"WAIT","ARMED","RECLAIM_CONTINUATION","RECLAIM_CONTINUATION|VWAP|START_14:06",11,5,"Neutral","סגירה קרוב ל-88.84 (לא רק נגיעה) | ציון 6 (כרגע 5)",88.84,88.75,89.02,89.33,2.01
WFC,"14:19",88.83,"WAIT","ARMED","STRUCTURAL_BASE","STRUCTURAL_BASE|14:13|14:15",0,5,"Neutral","פריצה של 88.90 | ציון 6 (כרגע 5)",88.9,88.76,89.33,89.36,2.99
WFC,"14:20",88.855,"WAIT","ARMED","STRUCTURAL_BASE","STRUCTURAL_BASE|14:13|14:15",1,7,"Neutral","פריצה של 88.90",88.9,88.76,89.33,89.36,2.99
WFC,"14:21",88.84,"WAIT","ARMED","STRUCTURAL_BASE","STRUCTURAL_BASE|14:13|14:15",2,5,"Neutral","פריצה של 88.90 | ציון 6 (כרגע 5)",88.9,88.76,89.33,89.36,2.99
WFC,"14:22",88.83,"WAIT","ARMED","STRUCTURAL_BASE","STRUCTURAL_BASE|14:13|14:15",3,5,"Neutral","פריצה של 88.90 | ציון 6 (כרגע 5)",88.9,88.76,89.33,89.36,2.99
WFC,"14:23",88.825,"WAIT","ARMED","STRUCTURAL_BASE","STRUCTURAL_BASE|14:13|14:15",4,5,"Neutral","פריצה של 88.90 | ציון 6 (כרגע 5)",88.9,88.76,89.33,89.36,2.99
WFC,"14:24",88.835,"WAIT","ARMED","STRUCTURAL_BASE","STRUCTURAL_BASE|14:13|14:15",5,5,"Neutral","פריצה של 88.90 | ציון 6 (כרגע 5)",88.9,88.76,89.33,89.36,2.99
WFC,"14:25",88.83,"WAIT","ARMED","STRUCTURAL_BASE","STRUCTURAL_BASE|14:13|14:15",6,5,"Neutral","פריצה של 88.90 | ציון 6 (כרגע 5)",88.9,88.76,89.33,89.36,2.99
WFC,"14:26",88.88,"WAIT","ARMED","STRUCTURAL_BASE","STRUCTURAL_BASE|14:13|14:15",7,7,"Neutral","סגירה קרוב ל-88.90 (לא רק נגיעה)",88.9,88.76,89.33,89.36,2.99
WFC,"14:27",88.85,"WAIT","ARMED","STRUCTURAL_BASE","STRUCTURAL_BASE|14:13|14:15",8,5,"Neutral","פריצה של 88.90 | ציון 6 (כרגע 5)",88.9,88.76,89.33,89.36,2.99
WFC,"14:28",88.875,"WAIT","ARMED","STRUCTURAL_BASE","STRUCTURAL_BASE|14:13|14:15",9,7,"Neutral","פריצה של 88.90",88.9,88.76,89.33,89.36,2.99
WFC,"14:29",88.865,"WAIT","ARMED","STRUCTURAL_BASE","STRUCTURAL_BASE|14:13|14:15",10,6,"Good","פריצה של 88.90",88.9,88.76,89.33,89.36,2.99
WFC,"14:30",88.845,"WAIT","ARMED","STRUCTURAL_BASE","STRUCTURAL_BASE|14:13|14:15",11,6,"Good","פריצה של 88.90",88.9,88.76,89.33,89.36,2.99
WFC,"14:31",88.865,"WAIT","ARMED","STRUCTURAL_BASE","STRUCTURAL_BASE|14:13|14:15",12,6,"Good","פריצה של 88.90",88.9,88.76,89.33,89.36,2.99
WFC,"14:32",88.835,"WAIT","ARMED","STRUCTURAL_BASE","STRUCTURAL_BASE|14:13|14:15",13,6,"Good","פריצה של 88.90",88.9,88.76,89.33,89.36,2.99
WFC,"14:33",88.81,"WAIT","ARMED","STRUCTURAL_BASE","STRUCTURAL_BASE|14:13|14:15",14,6,"Good","פריצה של 88.90",88.9,88.76,89.33,89.36,2.99
WFC,"14:34",88.78,"FAILED","FAILED","STRUCTURAL_BASE","STRUCTURAL_BASE|14:13|14:15",15,0,"Neutral","","","","","",""
WFC,"14:35",88.725,"WAIT","WATCH","","","",0,"Neutral","","","","","",""
WFC,"14:36",88.69,"WAIT","WATCH","","","",0,"Neutral","","","","","",""
WFC,"14:37",88.69,"WAIT","WATCH","","","",0,"Neutral","","","","","",""
WFC,"14:38",88.715,"WAIT","WATCH","","","",0,"Neutral","","","","","",""
WFC,"14:39",88.69,"WAIT","WATCH","","","",0,"Neutral","","","","","",""
WFC,"14:40",88.715,"WAIT","WATCH","","","",0,"Neutral","","","","","",""
WFC,"14:41",88.7,"WAIT","WATCH","","","",0,"Neutral","","","","","",""
WFC,"14:42",88.68,"WAIT","WATCH","","","",0,"Neutral","","","","","",""
WFC,"14:43",88.69,"WAIT","WATCH","","","",0,"Neutral","","","","","",""
WFC,"14:44",88.695,"WAIT","WATCH","","","",0,"Weak","","","","","",""
WFC,"14:45",88.655,"WAIT","WATCH","","","",0,"Weak","","","","","",""
WFC,"14:46",88.61,"WAIT","WATCH","","","",0,"Weak","","","","","",""
WFC,"14:47",88.62,"WAIT","WATCH","","","",0,"Weak","","","","","",""
WFC,"14:48",88.505,"WAIT","WATCH","","","",0,"Weak","","","","","",""
WFC,"14:49",88.5641,"WAIT","WATCH","","","",0,"Weak","","","","","",""
WFC,"14:50",88.54,"WAIT","WATCH","","","",0,"Weak","","","","","",""
WFC,"14:51",88.48,"WAIT","WATCH","","","",0,"Weak","","","","","",""
WFC,"14:52",88.485,"WAIT","WATCH","","","",0,"Weak","","","","","",""
WFC,"14:53",88.505,"WAIT","WATCH","","","",0,"Weak","","","","","",""
WFC,"14:54",88.48,"NO TRADE","AVOID","","","",0,"Avoid","","","","","",""
WFC,"14:55",88.455,"NO TRADE","AVOID","","","",0,"Avoid","","","","","",""
WFC,"14:56",88.45,"NO TRADE","AVOID","","","",0,"Avoid","","","","","",""
WFC,"14:57",88.385,"NO TRADE","AVOID","","","",0,"Avoid","","","","","",""
WFC,"14:58",88.31,"NO TRADE","AVOID","","","",0,"Avoid","","","","","",""
WFC,"14:59",88.37,"NO TRADE","AVOID","","","",0,"Avoid","","","","","",""
WFC,"15:00",88.33,"NO TRADE","AVOID","","","",0,"Avoid","","","","","",""
WFC,"15:01",88.315,"NO TRADE","AVOID","","","",0,"Avoid","","","","","",""
WFC,"15:02",88.3389,"NO TRADE","AVOID","","","",0,"Avoid","","","","","",""
WFC,"15:03",88.305,"NO TRADE","AVOID","","","",0,"Avoid","","","","","",""
WFC,"15:04",88.34,"NO TRADE","AVOID","","","",0,"Avoid","","","","","",""
WFC,"15:05",88.37,"NO TRADE","AVOID","","","",0,"Avoid","","","","","",""
WFC,"15:06",88.38,"NO TRADE","AVOID","","","",0,"Avoid","","","","","",""
WFC,"15:07",88.38,"NO TRADE","AVOID","","","",0,"Avoid","","","","","",""
WFC,"15:08",88.39,"NO TRADE","AVOID","","","",0,"Avoid","","","","","",""
WFC,"15:09",88.425,"NO TRADE","AVOID","","","",0,"Avoid","","","","","",""
WFC,"15:10",88.415,"NO TRADE","AVOID","","","",0,"Avoid","","","","","",""
WFC,"15:11",88.42,"NO TRADE","AVOID","","","",0,"Avoid","","","","","",""
WFC,"15:12",88.415,"NO TRADE","AVOID","","","",0,"Avoid","","","","","",""
WFC,"15:13",88.425,"NO TRADE","AVOID","","","",0,"Avoid","","","","","",""
WFC,"15:14",88.41,"NO TRADE","AVOID","","","",0,"Avoid","","","","","",""
WFC,"15:15",88.41,"NO TRADE","AVOID","","","",0,"Avoid","","","","","",""
WFC,"15:16",88.441,"NO TRADE","AVOID","","","",0,"Avoid","","","","","",""
WFC,"15:17",88.41,"NO TRADE","AVOID","","","",0,"Avoid","","","","","",""
WFC,"15:18",88.365,"NO TRADE","AVOID","","","",0,"Avoid","","","","","",""
WFC,"15:19",88.37,"WAIT","WATCH","","","",0,"Weak","","","","","",""
WFC,"15:20",88.39,"WAIT","WATCH","","","",0,"Weak","","","","","",""
WFC,"15:21",88.36,"WAIT","WATCH","","","",0,"Weak","","","","","",""
WFC,"15:22",88.335,"WAIT","WATCH","","","",0,"Weak","","","","","",""
WFC,"15:23",88.365,"WAIT","WATCH","","","",0,"Weak","","","","","",""
WFC,"15:24",88.325,"WAIT","WATCH","","","",0,"Weak","","","","","",""
WFC,"15:25",88.29,"WAIT","WATCH","","","",0,"Weak","","","","","",""
WFC,"15:26",88.295,"WAIT","WATCH","","","",0,"Weak","","","","","",""
WFC,"15:27",88.255,"WAIT","WATCH","","","",0,"Weak","","","","","",""
WFC,"15:28",88.235,"WAIT","WATCH","","","",0,"Weak","","","","","",""
WFC,"15:29",88.23,"WAIT","WATCH","","","",0,"Weak","","","","","",""
WFC,"15:30",88.2475,"WAIT","WATCH","","","",0,"Weak","","","","","",""
WFC,"15:31",88.3,"WAIT","WATCH","","","",0,"Weak","","","","","",""
WFC,"15:32",88.325,"WAIT","WATCH","","","",0,"Weak","","","","","",""
WFC,"15:33",88.335,"WAIT","WATCH","","","",0,"Weak","","","","","",""
WFC,"15:34",88.4,"WAIT","WATCH","","","",0,"Weak","","","","","",""
WFC,"15:35",88.37,"WAIT","WATCH","","","",0,"Weak","","","","","",""
WFC,"15:36",88.325,"WAIT","WATCH","","","",0,"Weak","","","","","",""
WFC,"15:37",88.335,"WAIT","WATCH","","","",0,"Weak","","","","","",""
WFC,"15:38",88.33,"NO TRADE","AVOID","","","",0,"Avoid","","","","","",""
WFC,"15:39",88.285,"NO TRADE","AVOID","","","",0,"Avoid","","","","","",""
WFC,"15:40",88.325,"NO TRADE","AVOID","","","",0,"Avoid","","","","","",""
WFC,"15:41",88.305,"NO TRADE","AVOID","","","",0,"Avoid","","","","","",""
WFC,"15:42",88.295,"WAIT","WATCH","","","",0,"Weak","","","","","",""
WFC,"15:43",88.305,"WAIT","WATCH","","","",0,"Weak","","","","","",""
WFC,"15:44",88.315,"WAIT","WATCH","","","",0,"Weak","","","","","",""
WFC,"15:45",88.33,"WAIT","WATCH","","","",0,"Weak","","","","","",""
WFC,"15:46",88.345,"WAIT","WATCH","","","",0,"Weak","","","","","",""
WFC,"15:47",88.33,"WAIT","WATCH","","","",0,"Weak","","","","","",""
WFC,"15:48",88.32,"WAIT","WATCH","","","",0,"Weak","","","","","",""
WFC,"15:49",88.295,"WAIT","WATCH","","","",0,"Weak","","","","","",""
WFC,"15:50",88.165,"WAIT","WATCH","","","",0,"Weak","","","","","",""
WFC,"15:51",88.14,"WAIT","WATCH","","","",0,"Weak","","","","","",""
WFC,"15:52",88.085,"WAIT","WATCH","","","",0,"Weak","","","","","",""
WFC,"15:53",88.08,"WAIT","WATCH","","","",0,"Weak","","","","","",""
WFC,"15:54",88.05,"WAIT","WATCH","","","",0,"Weak","","","","","",""
WFC,"15:55",88.115,"WAIT","WATCH","","","",0,"Weak","","","","","",""
WFC,"15:56",88.095,"WAIT","WATCH","","","",0,"Weak","","","","","",""
WFC,"15:57",88.07,"WAIT","WATCH","","","",0,"Weak","","","","","",""
WFC,"15:58",88.005,"WAIT","WATCH","","","",0,"Weak","","","","","",""
WFC,"15:59",87.97,"WAIT","WATCH","","","",0,"Weak","","","","","",""
TSLA,"09:30",359.58,"NO TRADE","AVOID","","","",0,"","","","","","",""
TSLA,"09:31",357.885,"NO TRADE","AVOID","","","",0,"","","","","","",""
TSLA,"09:32",360.62,"NO TRADE","AVOID","","","",0,"","","","","","",""
TSLA,"09:33",360.34,"NO TRADE","AVOID","","","",0,"","","","","","",""
TSLA,"09:34",361.365,"NO TRADE","AVOID","","","",0,"","","","","","",""
TSLA,"09:35",361.3101,"NO TRADE","AVOID","","","",0,"","","","","","",""
TSLA,"09:36",361.89,"NO TRADE","AVOID","","","",0,"","","","","","",""
TSLA,"09:37",361.27,"NO TRADE","AVOID","","","",0,"","","","","","",""
TSLA,"09:38",360.7862,"NO TRADE","AVOID","","","",0,"","","","","","",""
TSLA,"09:39",359.33,"NO TRADE","AVOID","","","",0,"","","","","","",""
TSLA,"09:40",358.535,"NO TRADE","AVOID","","","",0,"","","","","","",""
TSLA,"09:41",357.05,"NO TRADE","AVOID","","","",0,"","","","","","",""
TSLA,"09:42",356.645,"NO TRADE","AVOID","","","",0,"","","","","","",""
TSLA,"09:43",358.44,"NO TRADE","AVOID","","","",0,"","","","","","",""
TSLA,"09:44",357.67,"WAIT","WATCH","","","",0,"Weak","","","","","",""
TSLA,"09:45",358.24,"WAIT","WATCH","","","",0,"Weak","","","","","",""
TSLA,"09:46",358.5,"WAIT","WATCH","","","",0,"Weak","","","","","",""
TSLA,"09:47",358.21,"WAIT","WATCH","","","",0,"Weak","","","","","",""
TSLA,"09:48",358.83,"WAIT","WATCH","","","",0,"Weak","","","","","",""
TSLA,"09:49",358.4753,"WAIT","WATCH","","","",0,"Avoid","","","","","",""
TSLA,"09:50",357.2864,"WAIT","WATCH","","","",0,"Avoid","","","","","",""
TSLA,"09:51",357.495,"WAIT","WATCH","","","",0,"Avoid","","","","","",""
TSLA,"09:52",358.31,"NO TRADE","AVOID","","","",0,"Avoid","","","","","",""
TSLA,"09:53",358.145,"WAIT","WATCH","","","",0,"Avoid","","","","","",""
TSLA,"09:54",358.67,"WAIT","WATCH","","","",0,"Weak","","","","","",""
TSLA,"09:55",360.13,"WAIT","WATCH","","","",0,"Weak","","","","","",""
TSLA,"09:56",359.34,"WAIT","SETUP","REVERSAL","REVERSAL|09:50|09:49",0,5,"Weak","",360.31,358.34,362.42,365.25,1.07
TSLA,"09:57",359.375,"WAIT","SETUP","REVERSAL","REVERSAL|09:50|09:49",1,6,"Neutral","",360.31,358.34,362.42,365.25,1.07
TSLA,"09:58",359.92,"WAIT","SETUP","PULLBACK_CONTINUATION","PULLBACK_CONTINUATION@357.10",0,6,"Good","",360.31,356.84,362.42,368.98,0.61
TSLA,"09:59",360.175,"WAIT","SETUP","PULLBACK_CONTINUATION","PULLBACK_CONTINUATION@357.10",1,7,"Good","",360.31,356.84,362.42,368.98,0.61
TSLA,"10:00",358.74,"WAIT","SETUP","PULLBACK_CONTINUATION","PULLBACK_CONTINUATION@357.10",2,5,"Neutral","",360.31,356.84,362.42,368.98,0.61
TSLA,"10:01",359.46,"WAIT","SETUP","STRUCTURAL_BASE","STRUCTURAL_BASE|09:50|09:55",0,6,"Good","",360.31,356.81,362.42,369.06,0.6
TSLA,"10:02",359.3589,"WAIT","SETUP","PULLBACK_CONTINUATION","PULLBACK_CONTINUATION@357.10",4,6,"Good","",360.31,356.84,362.42,368.98,0.61
TSLA,"10:03",360.46,"WAIT","SETUP","PULLBACK_CONTINUATION","PULLBACK_CONTINUATION@358.37",0,7,"Good","",360.81,358.07,362.42,367.66,0.59
TSLA,"10:04",361.305,"WAIT","SETUP","PULLBACK_CONTINUATION","PULLBACK_CONTINUATION@358.37",1,7,"Good","",360.81,358.07,362.42,367.66,0.59
TSLA,"10:05",361.88,"WAIT","SETUP","PULLBACK_CONTINUATION","PULLBACK_CONTINUATION@358.37",2,6,"Good","",360.81,358.07,362.42,367.66,0.59
TSLA,"10:06",362.065,"WAIT","SETUP","PULLBACK_CONTINUATION","PULLBACK_CONTINUATION@358.37",3,6,"Good","",360.81,358.07,362.42,367.66,0.59
TSLA,"10:07",361.866,"WAIT","SETUP","PULLBACK_CONTINUATION","PULLBACK_CONTINUATION@358.37",4,5,"Good","",360.81,358.07,362.42,367.66,0.59
TSLA,"10:08",362.005,"WAIT","SETUP","PULLBACK_CONTINUATION","PULLBACK_CONTINUATION@358.37",5,6,"Good","",360.81,358.07,362.42,367.66,0.59
TSLA,"10:09",361.55,"WAIT","SETUP","PULLBACK_CONTINUATION","PULLBACK_CONTINUATION@358.37",6,5,"Good","",360.81,358.07,362.42,367.66,0.59
TSLA,"10:10",361.335,"WAIT","SETUP","PULLBACK_CONTINUATION","PULLBACK_CONTINUATION@358.37",7,6,"Good","",360.81,358.07,362.42,367.66,0.59
TSLA,"10:11",360.35,"WAIT","SETUP","PULLBACK_CONTINUATION","PULLBACK_CONTINUATION@358.37",8,6,"Good","",360.81,358.07,362.42,367.66,0.59
TSLA,"10:12",361.418,"WAIT","ARMED","REVERSAL","REVERSAL|10:00|09:55",0,7,"Good","",362.63,358.92,370.04,373.75,2
TSLA,"10:13",361.8699,"WAIT","SETUP","PULLBACK_CONTINUATION","PULLBACK_CONTINUATION@358.37",10,6,"Good","",360.81,358.07,362.42,367.66,0.59
TSLA,"10:14",361.9873,"WAIT","SETUP","PULLBACK_CONTINUATION","PULLBACK_CONTINUATION@358.37",11,6,"Good","",360.81,358.07,362.42,367.66,0.59
TSLA,"10:15",361.755,"WAIT","SETUP","PULLBACK_CONTINUATION","PULLBACK_CONTINUATION@360.15",0,6,"Good","",362.51,359.91,362.62,369.02,0.04
TSLA,"10:16",361.455,"WAIT","SETUP","PULLBACK_CONTINUATION","PULLBACK_CONTINUATION@360.15",1,6,"Good","",362.51,359.91,362.62,369.02,0.04
TSLA,"10:17",361.075,"WAIT","SETUP","PULLBACK_CONTINUATION","PULLBACK_CONTINUATION|10:12|10:09",0,6,"Good","",362.51,359.91,362.62,369,0.04
TSLA,"10:18",361.505,"WAIT","SETUP","STRUCTURAL_BASE","STRUCTURAL_BASE|10:12|10:15",0,5,"Neutral","",362.51,359.92,362.62,368.99,0.04
TSLA,"10:19",361.825,"WAIT","SETUP","STRUCTURAL_BASE","STRUCTURAL_BASE|10:12|10:15",1,6,"Neutral","",362.51,359.92,362.62,368.99,0.04
TSLA,"10:20",361.49,"WAIT","SETUP","STRUCTURAL_BASE","STRUCTURAL_BASE|10:12|10:15",2,5,"Neutral","",362.51,359.92,362.62,368.99,0.04
TSLA,"10:21",362.5348,"WAIT","SETUP","STRUCTURAL_BASE","STRUCTURAL_BASE|10:12|10:15",3,7,"Good","",362.51,359.92,362.62,368.99,0.04
TSLA,"10:22",362.8601,"WAIT","ARMED","REVERSAL","REVERSAL|10:17|10:15",0,7,"Good","",363.41,361.25,367.72,369.88,2
TSLA,"10:23",364.625,"WAIT","ARMED","REVERSAL","REVERSAL|10:17|10:15",1,6,"Good","",363.41,361.25,367.72,369.88,2
TSLA,"10:24",363.9551,"WAIT","ARMED","REVERSAL","REVERSAL|10:17|10:15",2,6,"Good","",363.41,361.25,367.72,369.88,2
TSLA,"10:25",364.0151,"WAIT","ARMED","REVERSAL","REVERSAL|10:17|10:15",3,6,"Good","",363.41,361.25,367.72,369.88,2
TSLA,"10:26",363.33,"WAIT","ARMED","REVERSAL","REVERSAL|10:17|10:15",4,6,"Good","",363.41,361.25,367.72,369.88,2
TSLA,"10:27",362.8565,"WAIT","ARMED","REVERSAL","REVERSAL|10:17|10:15",5,7,"Good","",363.41,361.25,367.72,369.88,2
TSLA,"10:28",362.425,"WAIT","ARMED","STRUCTURAL_BASE","STRUCTURAL_BASE|10:17|10:24",0,6,"Good","פריצה של 364.76",364.76,360.02,374.25,378.99,2
TSLA,"10:29",363.37,"WAIT","ARMED","STRUCTURAL_BASE","STRUCTURAL_BASE|10:17|10:24",1,7,"Good","פריצה של 364.76",364.76,360.02,374.25,378.99,2
TSLA,"10:30",363.8717,"WAIT","ARMED","PULLBACK_CONTINUATION","PULLBACK_CONTINUATION@360.25",0,7,"Good","פריצה של 364.76",364.76,360,374.27,379.03,2
TSLA,"10:31",363.75,"WAIT","ARMED","PULLBACK_CONTINUATION","PULLBACK_CONTINUATION@360.25",1,6,"Good","פריצה של 364.76",364.76,360,374.27,379.03,2
TSLA,"10:32",363.7,"WAIT","SETUP","PULLBACK_CONTINUATION","PULLBACK_CONTINUATION@362.10",0,7,"Good","",364.3,361.87,364.75,370.38,0.19
TSLA,"10:33",363.9001,"WAIT","SETUP","STRUCTURAL_BASE","STRUCTURAL_BASE|10:29|10:30",0,7,"Good","",364.3,361.86,364.75,370.39,0.18
TSLA,"10:34",364.458,"WAIT","SETUP","STRUCTURAL_BASE","STRUCTURAL_BASE|10:29|10:30",1,7,"Good","",364.3,361.86,364.75,370.39,0.18
TSLA,"10:35",364.27,"WAIT","SETUP","STRUCTURAL_BASE","STRUCTURAL_BASE|10:29|10:30",2,6,"Good","",364.3,361.86,364.75,370.39,0.18
TSLA,"10:36",364.64,"WAIT","SETUP","STRUCTURAL_BASE","STRUCTURAL_BASE|10:29|10:30",3,7,"Good","",364.3,361.86,364.75,370.39,0.18
TSLA,"10:37",364.945,"WAIT","ARMED","REVERSAL","REVERSAL|10:33|10:30",0,7,"Good","",364.99,363.85,367.27,368.41,2
TSLA,"10:38",364.595,"WAIT","ARMED","REVERSAL","REVERSAL|10:33|10:30",1,6,"Good","",364.99,363.85,367.27,368.41,2
TSLA,"10:39",364.525,"WAIT","ARMED","REVERSAL","REVERSAL|10:33|10:30",2,6,"Good","",364.99,363.85,367.27,368.41,2
TSLA,"10:40",364.5015,"WAIT","ARMED","REVERSAL","REVERSAL|10:33|10:30",3,7,"Good","",364.99,363.85,367.27,368.41,2
TSLA,"10:41",364.36,"WAIT","ARMED","REVERSAL","REVERSAL|10:33|10:30",4,6,"Good","",364.99,363.85,367.27,368.41,2
TSLA,"10:42",363.73,"FAILED","FAILED","REVERSAL","REVERSAL|10:33|10:30",5,0,"Good","","","","","",""
TSLA,"10:43",363.9174,"WAIT","WATCH","STRUCTURAL_BASE","STRUCTURAL_BASE|10:33|10:40",0,7,"Strong","",365.09,362.85,369.57,371.82,2
TSLA,"10:44",364.5,"WAIT","ARMED","STRUCTURAL_BASE","STRUCTURAL_BASE|10:33|10:40",1,8,"Strong","פריצה של 365.09",365.09,362.85,369.57,371.82,2
TSLA,"10:45",364.025,"WAIT","SETUP","PULLBACK_CONTINUATION","PULLBACK_CONTINUATION|10:42|10:40",0,7,"Strong","",364.58,363.35,364.75,367.65,0.14
TSLA,"10:46",364.1801,"WAIT","SETUP","PULLBACK_CONTINUATION","PULLBACK_CONTINUATION|10:42|10:40",1,8,"Strong","",364.58,363.35,364.75,367.65,0.14
TSLA,"10:47",364.11,"WAIT","SETUP","PULLBACK_CONTINUATION","PULLBACK_CONTINUATION|10:42|10:40",2,7,"Strong","",364.58,363.35,364.75,367.65,0.14
TSLA,"10:48",363.2,"FAILED","FAILED","PULLBACK_CONTINUATION","PULLBACK_CONTINUATION|10:42|10:40",3,0,"Strong","","","","","",""
TSLA,"10:49",363.785,"WAIT","WATCH","","",4,0,"Strong","","","","","",""
TSLA,"10:50",364.33,"WAIT","WATCH","","",5,0,"Strong","","","","","",""
TSLA,"10:51",364.37,"WAIT","SETUP","PULLBACK_CONTINUATION","PULLBACK_CONTINUATION@363.52",0,8,"Strong","",364.79,363.35,365.08,368.39,0.2
TSLA,"10:52",363.98,"WAIT","SETUP","RECLAIM_CONTINUATION","RECLAIM_CONTINUATION|PIVOT_10:42|START_10:49",0,4,"Good","",364.79,362.79,365.08,369.8,0.14
TSLA,"10:53",364.215,"WAIT","SETUP","RECLAIM_CONTINUATION","RECLAIM_CONTINUATION|PIVOT_10:42|START_10:49",1,4,"Good","",364.79,362.79,365.08,369.8,0.14
TSLA,"10:54",364.345,"WAIT","SETUP","RECLAIM_CONTINUATION","RECLAIM_CONTINUATION|PIVOT_10:42|START_10:49",2,3,"Good","",364.79,362.79,365.08,369.8,0.14
TSLA,"10:55",364.72,"WAIT","SETUP","RECLAIM_CONTINUATION","RECLAIM_CONTINUATION|PIVOT_10:42|START_10:49",3,4,"Good","",364.79,362.79,365.08,369.8,0.14
TSLA,"10:56",364.8,"WAIT","SETUP","RECLAIM_CONTINUATION","RECLAIM_CONTINUATION|PIVOT_10:42|START_10:49",4,4,"Good","",364.79,362.79,365.08,369.8,0.14
TSLA,"10:57",364.76,"WAIT","SETUP","RECLAIM_CONTINUATION","RECLAIM_CONTINUATION|PIVOT_10:42|START_10:49",5,3,"Good","",364.79,362.79,365.08,369.8,0.14
TSLA,"10:58",364.97,"WAIT","SETUP","RECLAIM_CONTINUATION","RECLAIM_CONTINUATION|PIVOT_10:42|START_10:49",6,4,"Good","",364.79,362.79,365.08,369.8,0.14
TSLA,"10:59",365.11,"WAIT","SETUP","RECLAIM_CONTINUATION","RECLAIM_CONTINUATION|PIVOT_10:42|START_10:49",7,4,"Good","",364.79,362.79,365.08,369.8,0.14
TSLA,"11:00",365.275,"WAIT","ARMED","REVERSAL","REVERSAL|10:49|10:40",0,5,"Good","",365.61,364.67,367.5,368.44,2
TSLA,"11:01",365.335,"WAIT","ARMED","REVERSAL","REVERSAL|10:49|10:40",1,5,"Good","",365.61,364.67,367.5,368.44,2
TSLA,"11:02",365,"WAIT","ARMED","REVERSAL","REVERSAL|10:49|10:40",2,4,"Good","",365.61,364.67,367.5,368.44,2
TSLA,"11:03",365.75,"WAIT","ARMED","REVERSAL","REVERSAL|10:49|10:40",3,5,"Good","",365.61,364.67,367.5,368.44,2
TSLA,"11:04",365.765,"WAIT","ARMED","REVERSAL","REVERSAL|10:49|10:40",4,5,"Good","",365.61,364.67,367.5,368.44,2
TSLA,"11:05",365.7,"WAIT","ARMED","REVERSAL","REVERSAL|10:49|10:40",5,4,"Good","",365.61,364.67,367.5,368.44,2
TSLA,"11:06",365.474,"WAIT","ARMED","REVERSAL","REVERSAL|10:49|10:40",6,4,"Good","",365.61,364.67,367.5,368.44,2
TSLA,"11:07",365.3801,"WAIT","ARMED","REVERSAL","REVERSAL|10:49|10:40",7,5,"Good","",365.61,364.67,367.5,368.44,2
TSLA,"11:08",365.175,"WAIT","ARMED","REVERSAL","REVERSAL|10:49|10:40",8,5,"Good","",365.61,364.67,367.5,368.44,2
TSLA,"11:09",364.9,"FAILED","FAILED","REVERSAL","REVERSAL|10:49|10:40",9,0,"Good","","","","","",""
TSLA,"11:10",364.885,"WAIT","WATCH","","","",0,"Good","","","","","",""
TSLA,"11:11",364.76,"WAIT","WATCH","","","",0,"Good","","","","","",""
TSLA,"11:12",364.9701,"WAIT","SETUP","PULLBACK_CONTINUATION","PULLBACK_CONTINUATION|11:09|11:04",0,8,"Strong","",365.51,364.12,366.36,369,0.61
TSLA,"11:13",365.35,"WAIT","SETUP","PULLBACK_CONTINUATION","PULLBACK_CONTINUATION|11:09|11:04",1,8,"Strong","",365.51,364.12,366.36,369,0.61
TSLA,"11:14",364.73,"WAIT","SETUP","PULLBACK_CONTINUATION","PULLBACK_CONTINUATION|11:09|11:04",2,7,"Strong","",365.51,364.12,366.36,369,0.61
TSLA,"11:15",365.025,"WAIT","SETUP","PULLBACK_CONTINUATION","PULLBACK_CONTINUATION|11:09|11:04",3,8,"Strong","",365.51,364.12,366.36,369,0.61
TSLA,"11:16",364.98,"WAIT","SETUP","PULLBACK_CONTINUATION","PULLBACK_CONTINUATION|11:09|11:04",4,7,"Strong","",365.51,364.12,366.36,369,0.61
TSLA,"11:17",365.19,"WAIT","SETUP","PULLBACK_CONTINUATION","PULLBACK_CONTINUATION|11:09|11:04",5,8,"Strong","",365.51,364.12,366.36,369,0.61
TSLA,"11:18",365.34,"WAIT","SETUP","PULLBACK_CONTINUATION","PULLBACK_CONTINUATION|11:09|11:04",6,8,"Strong","",365.51,364.12,366.36,369,0.61
TSLA,"11:19",365.575,"WAIT","SETUP","PULLBACK_CONTINUATION","PULLBACK_CONTINUATION|11:09|11:04",7,8,"Strong","",365.51,364.12,366.36,369,0.61
TSLA,"11:20",365.52,"WAIT","SETUP","PULLBACK_CONTINUATION","PULLBACK_CONTINUATION|11:09|11:04",8,8,"Strong","",365.51,364.12,366.36,369,0.61
TSLA,"11:21",365.755,"WAIT","SETUP","PULLBACK_CONTINUATION","PULLBACK_CONTINUATION|11:09|11:04",9,8,"Strong","",365.51,364.12,366.36,369,0.61
TSLA,"11:22",366.025,"WAIT","SETUP","PULLBACK_CONTINUATION","PULLBACK_CONTINUATION@364.28",0,8,"Strong","",366.13,364.14,366.36,371.11,0.12
TSLA,"11:23",366.395,"WAIT","SETUP","PULLBACK_CONTINUATION","PULLBACK_CONTINUATION@364.28",1,8,"Strong","",366.13,364.14,366.36,371.11,0.12
TSLA,"11:24",366.65,"WAIT","SETUP","PULLBACK_CONTINUATION","PULLBACK_CONTINUATION@364.28",2,7,"Strong","",366.13,364.14,366.36,371.11,0.12
TSLA,"11:25",366.935,"WAIT","ARMED","PULLBACK_CONTINUATION","PULLBACK_CONTINUATION@364.28",3,7,"Strong","",366.13,364.14,366.36,371.11,0.12
TSLA,"11:26",367.36,"WAIT","ARMED","PULLBACK_CONTINUATION","PULLBACK_CONTINUATION@364.28",4,6,"Strong","",366.13,364.14,366.36,371.11,0.12
TSLA,"11:27",367.76,"WAIT","ARMED","PULLBACK_CONTINUATION","PULLBACK_CONTINUATION@364.28",5,6,"Strong","",366.13,364.14,366.36,371.11,0.12
TSLA,"11:28",367.41,"WAIT","ARMED","PULLBACK_CONTINUATION","PULLBACK_CONTINUATION@364.28",6,5,"Strong","",366.13,364.14,366.36,371.11,0.12
TSLA,"11:29",367.8299,"WAIT","ARMED","PULLBACK_CONTINUATION","PULLBACK_CONTINUATION@364.28",7,6,"Strong","",366.13,364.14,366.36,371.11,0.12
TSLA,"11:30",367.9973,"WAIT","ARMED","PULLBACK_CONTINUATION","PULLBACK_CONTINUATION@364.28",8,6,"Strong","",366.13,364.14,366.36,371.11,0.12
TSLA,"11:31",367.9875,"WAIT","ARMED","PULLBACK_CONTINUATION","PULLBACK_CONTINUATION@364.28",9,5,"Strong","",366.13,364.14,366.36,371.11,0.12
TSLA,"11:32",367.87,"WAIT","ARMED","PULLBACK_CONTINUATION","PULLBACK_CONTINUATION@364.28",10,5,"Strong","",366.13,364.14,366.36,371.11,0.12
TSLA,"11:33",367.035,"WAIT","ARMED","PULLBACK_CONTINUATION","PULLBACK_CONTINUATION@364.28",11,5,"Strong","",366.13,364.14,366.36,371.11,0.12
TSLA,"11:34",366.5201,"WAIT","ARMED","REVERSAL","REVERSAL|11:09|11:04",0,8,"Strong","",368.25,365.8,373.15,375.6,2
TSLA,"11:35",366.2,"WAIT","ARMED","REVERSAL","REVERSAL|11:09|11:04",1,8,"Strong","",368.25,365.8,373.15,375.6,2
TSLA,"11:36",365.3399,"FAILED","FAILED","REVERSAL","REVERSAL|11:09|11:04",2,0,"Strong","","","","","",""
TSLA,"11:37",365.3,"WAIT","WATCH","","","",0,"Good","","","","","",""
TSLA,"11:38",365.82,"WAIT","WATCH","","","",0,"Good","","","","","",""
TSLA,"11:39",365.67,"WAIT","WATCH","","","",0,"Good","","","","","",""
TSLA,"11:40",366.0988,"WAIT","WATCH","","","",0,"Good","","","","","",""
TSLA,"11:41",366.45,"WAIT","WATCH","","","",0,"Good","","","","","",""
TSLA,"11:42",366.37,"WAIT","WATCH","","","",0,"Good","","","","","",""
TSLA,"11:43",366.52,"WAIT","WATCH","","","",0,"Good","","","","","",""
TSLA,"11:44",366.065,"WAIT","WATCH","","","",0,"Good","","","","","",""
TSLA,"11:45",366.81,"WAIT","SETUP","PULLBACK_CONTINUATION","PULLBACK_CONTINUATION|11:37|11:31",0,8,"Strong","",367.02,364.91,368.24,372.3,0.58
TSLA,"11:46",366.74,"WAIT","SETUP","PULLBACK_CONTINUATION","PULLBACK_CONTINUATION|11:37|11:31",1,7,"Strong","",367.02,364.91,368.24,372.3,0.58
TSLA,"11:47",366.2454,"WAIT","SETUP","PULLBACK_CONTINUATION","PULLBACK_CONTINUATION|11:37|11:31",2,7,"Strong","",367.02,364.91,368.24,372.3,0.58
TSLA,"11:48",366.38,"WAIT","SETUP","STRUCTURAL_BASE","STRUCTURAL_BASE|11:44|11:45",0,6,"Good","",367.02,365.75,368.24,370.2,0.96
TSLA,"11:49",366.09,"WAIT","SETUP","STRUCTURAL_BASE","STRUCTURAL_BASE|11:44|11:45",1,5,"Good","",367.02,365.75,368.24,370.2,0.96
TSLA,"11:50",366.19,"WAIT","SETUP","STRUCTURAL_BASE","STRUCTURAL_BASE|11:44|11:45",2,5,"Good","",367.02,365.75,368.24,370.2,0.96
TSLA,"11:51",366.1727,"WAIT","SETUP","STRUCTURAL_BASE","STRUCTURAL_BASE|11:44|11:45",3,5,"Good","",367.02,365.75,368.24,370.2,0.96
TSLA,"11:52",366.225,"WAIT","SETUP","STRUCTURAL_BASE","STRUCTURAL_BASE|11:44|11:45",4,4,"Neutral","",367.02,365.75,368.24,370.2,0.96
TSLA,"11:53",366.835,"WAIT","SETUP","STRUCTURAL_BASE","STRUCTURAL_BASE|11:44|11:45",5,5,"Good","",367.02,365.75,368.24,370.2,0.96
TSLA,"11:54",367.175,"WAIT","SETUP","STRUCTURAL_BASE","STRUCTURAL_BASE|11:44|11:45",6,5,"Good","",367.02,365.75,368.24,370.2,0.96
TSLA,"11:55",367.13,"WAIT","SETUP","REVERSAL","REVERSAL|11:49|11:45",0,4,"Good","",367.36,366.64,368.24,369.15,1.23
TSLA,"11:56",367.46,"WAIT","SETUP","REVERSAL","REVERSAL|11:49|11:45",1,5,"Good","",367.36,366.64,368.24,369.15,1.23
TSLA,"11:57",368.06,"WAIT","ARMED","REVERSAL","REVERSAL|11:49|11:45",2,3,"Good","",367.36,366.64,368.24,369.15,1.23
TSLA,"11:58",367.7,"WAIT","SETUP","REVERSAL","REVERSAL|11:49|11:45",3,3,"Good","",367.36,366.64,368.24,369.15,1.23
TSLA,"11:59",367.7701,"WAIT","SETUP","REVERSAL","REVERSAL|11:49|11:45",4,4,"Good","",367.36,366.64,368.24,369.15,1.23
TSLA,"12:00",367.75,"WAIT","SETUP","REVERSAL","REVERSAL|11:49|11:45",5,4,"Good","",367.36,366.64,368.24,369.15,1.23
TSLA,"12:01",367.17,"WAIT","SETUP","REVERSAL","REVERSAL|11:49|11:45",6,5,"Good","",367.36,366.64,368.24,369.15,1.23
TSLA,"12:02",367.27,"WAIT","SETUP","REVERSAL","REVERSAL|11:49|11:45",7,5,"Good","",367.36,366.64,368.24,369.15,1.23
TSLA,"12:03",367.285,"WAIT","SETUP","REVERSAL","REVERSAL|11:49|11:45",8,5,"Good","",367.36,366.64,368.24,369.15,1.23
TSLA,"12:04",367.6002,"WAIT","SETUP","REVERSAL","REVERSAL|11:49|11:45",9,5,"Good","",367.36,366.64,368.24,369.15,1.23
TSLA,"12:05",368.2101,"WAIT","ARMED","REVERSAL","REVERSAL|11:49|11:45",10,4,"Good","",367.36,366.64,368.24,369.15,1.23
TSLA,"12:06",367.665,"WAIT","ARMED","PULLBACK_CONTINUATION","PULLBACK_CONTINUATION@366.92",0,7,"Strong","פריצה של 368.27",368.27,366.78,371.25,372.74,2
TSLA,"12:07",367.94,"WAIT","ARMED","PULLBACK_CONTINUATION","PULLBACK_CONTINUATION@366.92",1,8,"Strong","פריצה של 368.27",368.27,366.78,371.25,372.74,2
TSLA,"12:08",367.72,"WAIT","ARMED","PULLBACK_CONTINUATION","PULLBACK_CONTINUATION@366.92",2,7,"Strong","פריצה של 368.27",368.27,366.78,371.25,372.74,2
TSLA,"12:09",367.28,"WAIT","ARMED","STRUCTURAL_BASE","STRUCTURAL_BASE|12:03|12:05",0,7,"Strong","פריצה של 368.27",368.27,366.78,371.25,372.74,2
TSLA,"12:10",366.73,"FAILED","FAILED","STRUCTURAL_BASE","STRUCTURAL_BASE|12:03|12:05",1,0,"Strong","","","","","",""
TSLA,"12:11",366.85,"WAIT","WATCH","","","",0,"Strong","","","","","",""
TSLA,"12:12",367.1999,"WAIT","WATCH","","","",0,"Strong","","","","","",""
TSLA,"12:13",367.1,"WAIT","WATCH","","","",0,"Strong","","","","","",""
TSLA,"12:14",367.5951,"WAIT","SETUP","RECLAIM_CONTINUATION","RECLAIM_CONTINUATION|PIVOT_12:03|START_12:12",0,5,"Good","",367.63,366.67,368.15,370.02,0.54
TSLA,"12:15",367.67,"WAIT","SETUP","RECLAIM_CONTINUATION","RECLAIM_CONTINUATION|PIVOT_12:03|START_12:12",1,5,"Good","",367.63,366.67,368.15,370.02,0.54
TSLA,"12:16",367.505,"WAIT","SETUP","RECLAIM_CONTINUATION","RECLAIM_CONTINUATION|PIVOT_12:03|START_12:12",2,4,"Good","",367.63,366.67,368.15,370.02,0.54
TSLA,"12:17",367.49,"WAIT","SETUP","RECLAIM_CONTINUATION","RECLAIM_CONTINUATION|PIVOT_12:03|START_12:12",3,4,"Good","",367.63,366.67,368.15,370.02,0.54
TSLA,"12:18",367.7188,"WAIT","SETUP","RECLAIM_CONTINUATION","RECLAIM_CONTINUATION|PIVOT_12:03|START_12:12",4,5,"Good","",367.63,366.67,368.15,370.02,0.54
TSLA,"12:19",367.5,"WAIT","SETUP","RECLAIM_CONTINUATION","RECLAIM_CONTINUATION|PIVOT_12:03|START_12:12",5,4,"Good","",367.63,366.67,368.15,370.02,0.54
TSLA,"12:20",367.7002,"WAIT","SETUP","RECLAIM_CONTINUATION","RECLAIM_CONTINUATION|PIVOT_12:03|START_12:12",6,5,"Good","",367.63,366.67,368.15,370.02,0.54
TSLA,"12:21",367.365,"WAIT","SETUP","RECLAIM_CONTINUATION","RECLAIM_CONTINUATION|PIVOT_12:03|START_12:12",7,3,"Good","",367.63,366.67,368.15,370.02,0.54
TSLA,"12:22",367.725,"WAIT","SETUP","RECLAIM_CONTINUATION","RECLAIM_CONTINUATION|PIVOT_12:03|START_12:12",8,4,"Good","",367.63,366.67,368.15,370.02,0.54
TSLA,"12:23",367.9,"WAIT","SETUP","RECLAIM_CONTINUATION","RECLAIM_CONTINUATION|PIVOT_12:03|START_12:12",9,3,"Good","",367.63,366.67,368.15,370.02,0.54
TSLA,"12:24",368.1901,"WAIT","SETUP","REVERSAL","REVERSAL|12:21|12:18",0,7,"Good","",368.24,367.58,368.26,369.9,0.03
TSLA,"12:25",368.34,"WAIT","SETUP","REVERSAL","REVERSAL|12:21|12:18",1,7,"Good","",368.24,367.58,368.26,369.9,0.03
TSLA,"12:26",368.66,"WAIT","SETUP","REVERSAL","REVERSAL|12:21|12:18",2,6,"Good","",368.24,367.58,368.26,369.9,0.03
TSLA,"12:27",368.84,"WAIT","ARMED","REVERSAL","REVERSAL|12:21|12:18",3,5,"Good","",368.24,367.58,368.26,369.9,0.03
TSLA,"12:28",368.84,"WAIT","ARMED","REVERSAL","REVERSAL|12:21|12:18",4,5,"Good","",368.24,367.58,368.26,369.9,0.03
TSLA,"12:29",368.22,"WAIT","SETUP","REVERSAL","REVERSAL|12:21|12:18",5,6,"Good","",368.24,367.58,368.26,369.9,0.03
TSLA,"12:30",368.44,"WAIT","SETUP","REVERSAL","REVERSAL|12:21|12:18",6,8,"Strong","",368.24,367.58,368.26,369.9,0.03
TSLA,"12:31",368.6896,"WAIT","SETUP","REVERSAL","REVERSAL|12:21|12:18",7,7,"Strong","",368.24,367.58,368.26,369.9,0.03
TSLA,"12:32",368.4725,"WAIT","ARMED","PULLBACK_CONTINUATION","PULLBACK_CONTINUATION@367.30",0,7,"Strong","פריצה של 369.02",369.02,367.19,372.67,374.5,2
TSLA,"12:33",368.62,"WAIT","SETUP","PULLBACK_CONTINUATION","PULLBACK_CONTINUATION@368.00",0,8,"Strong","",368.86,367.89,369.01,371.28,0.16
TSLA,"12:34",368.4416,"WAIT","SETUP","PULLBACK_CONTINUATION","PULLBACK_CONTINUATION|12:30|12:27",0,7,"Strong","",368.86,367.89,369.01,371.28,0.16
TSLA,"12:35",368.56,"WAIT","SETUP","PULLBACK_CONTINUATION","PULLBACK_CONTINUATION|12:30|12:27",1,8,"Strong","",368.86,367.89,369.01,371.28,0.16
TSLA,"12:36",368.3913,"WAIT","SETUP","STRUCTURAL_BASE","STRUCTURAL_BASE|12:30|12:33",0,6,"Good","",368.86,367.89,369.01,371.27,0.16
TSLA,"12:37",368.51,"WAIT","SETUP","STRUCTURAL_BASE","STRUCTURAL_BASE|12:30|12:33",1,7,"Good","",368.86,367.89,369.01,371.27,0.16
TSLA,"12:38",368.9,"WAIT","SETUP","STRUCTURAL_BASE","STRUCTURAL_BASE|12:30|12:33",2,7,"Good","",368.86,367.89,369.01,371.27,0.16
TSLA,"12:39",368.83,"WAIT","SETUP","STRUCTURAL_BASE","STRUCTURAL_BASE|12:30|12:33",3,6,"Good","",368.86,367.89,369.01,371.27,0.16
TSLA,"12:40",368.7801,"WAIT","SETUP","STRUCTURAL_BASE","STRUCTURAL_BASE|12:30|12:33",4,6,"Good","",368.86,367.89,369.01,371.27,0.16
TSLA,"12:41",368.96,"WAIT","SETUP","STRUCTURAL_BASE","STRUCTURAL_BASE|12:30|12:33",5,7,"Good","",368.86,367.89,369.01,371.27,0.16
TSLA,"12:42",368.99,"WAIT","ARMED","REVERSAL","REVERSAL|12:36|12:33",0,7,"Good","",369.29,368.66,370.56,371.19,2
TSLA,"12:43",369.14,"WAIT","ARMED","REVERSAL","REVERSAL|12:36|12:33",1,7,"Good","",369.29,368.66,370.56,371.19,2
TSLA,"12:44",369.19,"WAIT","ARMED","REVERSAL","REVERSAL|12:36|12:33",2,7,"Good","",369.29,368.66,370.56,371.19,2
TSLA,"12:45",368.82,"WAIT","ARMED","STRUCTURAL_BASE","STRUCTURAL_BASE|12:36|12:42",0,7,"Strong","פריצה של 369.29",369.29,368.15,371.57,372.71,2
TSLA,"12:46",368.8,"WAIT","ARMED","STRUCTURAL_BASE","STRUCTURAL_BASE|12:36|12:42",1,7,"Strong","פריצה של 369.29",369.29,368.15,371.57,372.71,2
TSLA,"12:47",368.608,"WAIT","ARMED","STRUCTURAL_BASE","STRUCTURAL_BASE|12:36|12:42",2,7,"Strong","פריצה של 369.29",369.29,368.15,371.57,372.71,2
TSLA,"12:48",368.74,"WAIT","ARMED","STRUCTURAL_BASE","STRUCTURAL_BASE|12:36|12:42",3,7,"Strong","פריצה של 369.29",369.29,368.15,371.57,372.71,2
TSLA,"12:49",369.05,"WAIT","ARMED","STRUCTURAL_BASE","STRUCTURAL_BASE|12:36|12:42",4,8,"Strong","פריצה של 369.29",369.29,368.15,371.57,372.71,2
TSLA,"12:50",369.34,"WAIT","ARMED","PULLBACK_CONTINUATION","PULLBACK_CONTINUATION@368.24",0,8,"Strong","פריצה של 369.69",369.69,368.15,372.78,374.32,2
TSLA,"12:51",369.22,"WAIT","ARMED","PULLBACK_CONTINUATION","PULLBACK_CONTINUATION@368.49",0,7,"Strong","פריצה של 369.69",369.69,368.4,372.27,373.56,2
TSLA,"12:52",368.3886,"FAILED","FAILED","PULLBACK_CONTINUATION","PULLBACK_CONTINUATION@368.49",1,0,"Strong","","","","","",""
TSLA,"12:53",369.23,"WAIT","WATCH","","","",0,"Strong","","","","","",""
TSLA,"12:54",369.03,"WAIT","WATCH","","",3,0,"Strong","","","","","",""
TSLA,"12:55",368.54,"WAIT","WATCH","","","",0,"Strong","","","","","",""
TSLA,"12:56",368.29,"WAIT","WATCH","","","",0,"Strong","","","","","",""
TSLA,"12:57",368.095,"WAIT","WATCH","","","",0,"Good","","","","","",""
TSLA,"12:58",368.325,"WAIT","WATCH","","","",0,"Good","","","","","",""
TSLA,"12:59",368.27,"WAIT","ARMED","RECLAIM_CONTINUATION","RECLAIM_CONTINUATION|PIVOT_12:36|START_12:58",0,5,"Good","פריצה של 368.49 | ציון 6 (כרגע 5)",368.49,367.73,369.68,370.38,1.57
TSLA,"13:00",369.29,"WAIT","ARMED","RECLAIM_CONTINUATION","RECLAIM_CONTINUATION|PIVOT_12:36|START_12:58",1,5,"Good","",368.49,367.73,369.68,370.38,1.57
TSLA,"13:01",369.6,"BUY NOW","READY","RECLAIM_CONTINUATION","RECLAIM_CONTINUATION|PIVOT_12:36|START_12:58",2,8,"Strong","",368.49,367.73,369.68,370.38,1.57
TSLA,"13:02",369.38,"WAIT","ARMED","RECLAIM_CONTINUATION","RECLAIM_CONTINUATION|PIVOT_12:36|START_12:58",3,3,"Good","",368.49,367.73,369.68,370.38,1.57
TSLA,"13:03",368.8,"WAIT","ARMED","RECLAIM_CONTINUATION","RECLAIM_CONTINUATION|PIVOT_12:36|START_12:58",4,4,"Good","ציון 6 (כרגע 4)",368.49,367.73,369.68,370.38,1.57
TSLA,"13:04",368.8056,"WAIT","ARMED","RECLAIM_CONTINUATION","RECLAIM_CONTINUATION|PIVOT_12:36|START_12:58",5,4,"Good","ציון 6 (כרגע 4)",368.49,367.73,369.68,370.38,1.57
TSLA,"13:05",369.4041,"WAIT","ARMED","RECLAIM_CONTINUATION","RECLAIM_CONTINUATION|PIVOT_12:36|START_12:58",6,3,"Good","",368.49,367.73,369.68,370.38,1.57
TSLA,"13:06",369.415,"WAIT","ARMED","RECLAIM_CONTINUATION","RECLAIM_CONTINUATION|PIVOT_12:36|START_12:58",7,3,"Good","",368.49,367.73,369.68,370.38,1.57
TSLA,"13:07",369.13,"BUY NOW","READY","RECLAIM_CONTINUATION","RECLAIM_CONTINUATION|PIVOT_12:36|START_12:58",8,6,"Strong","",368.49,367.73,369.68,370.38,1.57
TSLA,"13:08",368.92,"BUY NOW","READY","RECLAIM_CONTINUATION","RECLAIM_CONTINUATION|PIVOT_12:36|START_12:58",9,6,"Strong","",368.49,367.73,369.68,370.38,1.57
TSLA,"13:09",368.705,"WAIT","ARMED","RECLAIM_CONTINUATION","RECLAIM_CONTINUATION|PIVOT_12:36|START_12:58",10,5,"Good","ציון 6 (כרגע 5)",368.49,367.73,369.68,370.38,1.57
TSLA,"13:10",368.915,"WAIT","ARMED","RECLAIM_CONTINUATION","RECLAIM_CONTINUATION|PIVOT_12:36|START_12:58",11,5,"Good","ציון 6 (כרגע 5)",368.49,367.73,369.68,370.38,1.57
TSLA,"13:11",368.82,"WAIT","SETUP","STRUCTURAL_BASE","STRUCTURAL_BASE|13:04|13:06",0,6,"Good","",369.63,368.52,369.68,372.42,0.04
TSLA,"13:12",368.35,"FAILED","FAILED","STRUCTURAL_BASE","STRUCTURAL_BASE|13:04|13:06",1,0,"Good","","","","","",""
TSLA,"13:13",368.47,"WAIT","WATCH","","","",0,"Good","","","","","",""
TSLA,"13:14",368.3703,"WAIT","WATCH","","","",0,"Good","","","","","",""
TSLA,"13:15",367.96,"WAIT","WATCH","","","",0,"Good","","","","","",""
TSLA,"13:16",367.72,"WAIT","WATCH","","","",0,"Good","","","","","",""
TSLA,"13:17",367.42,"WAIT","WATCH","","","",0,"Good","","","","","",""
TSLA,"13:18",367.58,"WAIT","WATCH","","","",0,"Good","","","","","",""
TSLA,"13:19",367.8,"WAIT","WATCH","","","",0,"Good","","","","","",""
TSLA,"13:20",367.725,"WAIT","WATCH","","","",0,"Good","","","","","",""
TSLA,"13:21",367.81,"WAIT","WATCH","","","",0,"Good","","","","","",""
TSLA,"13:22",367.74,"WAIT","WATCH","","","",0,"Good","","","","","",""
TSLA,"13:23",367.7017,"WAIT","WATCH","","","",0,"Good","","","","","",""
TSLA,"13:24",367.38,"WAIT","WATCH","","","",0,"Good","","","","","",""
TSLA,"13:25",367.38,"WAIT","WATCH","","","",0,"Good","","","","","",""
TSLA,"13:26",367.5,"NO TRADE","AVOID","","","",0,"Neutral","","","","","",""
TSLA,"13:27",367.775,"NO TRADE","AVOID","","","",0,"Neutral","","","","","",""
TSLA,"13:28",367.77,"NO TRADE","AVOID","","","",0,"Neutral","","","","","",""
TSLA,"13:29",367.52,"NO TRADE","AVOID","","","",0,"Neutral","","","","","",""
TSLA,"13:30",367.6,"NO TRADE","AVOID","","","",0,"Neutral","","","","","",""
TSLA,"13:31",367.73,"NO TRADE","AVOID","","","",0,"Neutral","","","","","",""
TSLA,"13:32",367.67,"NO TRADE","AVOID","","","",0,"Neutral","","","","","",""
TSLA,"13:33",367.795,"NO TRADE","AVOID","","","",0,"Neutral","","","","","",""
TSLA,"13:34",367.83,"NO TRADE","AVOID","","","",0,"Neutral","","","","","",""
TSLA,"13:35",367.65,"NO TRADE","AVOID","","","",0,"Neutral","","","","","",""
TSLA,"13:36",367.605,"NO TRADE","AVOID","","","",0,"Neutral","","","","","",""
TSLA,"13:37",367.455,"WAIT","WATCH","","","",0,"Good","","","","","",""
TSLA,"13:38",367.34,"WAIT","WATCH","","","",0,"Good","","","","","",""
TSLA,"13:39",367.251,"WAIT","WATCH","","","",0,"Good","","","","","",""
TSLA,"13:40",367.09,"WAIT","WATCH","","","",0,"Good","","","","","",""
TSLA,"13:41",366.9199,"WAIT","WATCH","","","",0,"Good","","","","","",""
TSLA,"13:42",366.75,"WAIT","WATCH","","","",0,"Good","","","","","",""
TSLA,"13:43",366.5,"WAIT","WATCH","","","",0,"Good","","","","","",""
TSLA,"13:44",366.57,"WAIT","WATCH","","","",0,"Good","","","","","",""
TSLA,"13:45",366.735,"WAIT","WATCH","","","",0,"Good","","","","","",""
TSLA,"13:46",366.5,"WAIT","WATCH","","","",0,"Good","","","","","",""
TSLA,"13:47",366.76,"WAIT","WATCH","","","",0,"Good","","","","","",""
TSLA,"13:48",366.61,"WAIT","WATCH","","","",0,"Good","","","","","",""
TSLA,"13:49",366.6,"NO TRADE","AVOID","","","",0,"Neutral","","","","","",""
TSLA,"13:50",366.46,"NO TRADE","AVOID","","","",0,"Neutral","","","","","",""
TSLA,"13:51",366.325,"NO TRADE","AVOID","","","",0,"Neutral","","","","","",""
TSLA,"13:52",366.35,"NO TRADE","AVOID","","","",0,"Neutral","","","","","",""
TSLA,"13:53",366.46,"NO TRADE","AVOID","","","",0,"Neutral","","","","","",""
TSLA,"13:54",366.455,"NO TRADE","AVOID","","","",0,"Neutral","","","","","",""
TSLA,"13:55",366.07,"NO TRADE","AVOID","","","",0,"Neutral","","","","","",""
TSLA,"13:56",366.05,"NO TRADE","AVOID","","","",0,"Neutral","","","","","",""
TSLA,"13:57",365.92,"NO TRADE","AVOID","","","",0,"Neutral","","","","","",""
TSLA,"13:58",365.86,"NO TRADE","AVOID","","","",0,"Neutral","","","","","",""
TSLA,"13:59",365.7801,"NO TRADE","AVOID","","","",0,"Neutral","","","","","",""
TSLA,"14:00",366.02,"NO TRADE","AVOID","","","",0,"Neutral","","","","","",""
TSLA,"14:01",366.125,"NO TRADE","AVOID","","","",0,"Neutral","","","","","",""
TSLA,"14:02",366.25,"NO TRADE","AVOID","","","",0,"Neutral","","","","","",""
TSLA,"14:03",366.1599,"NO TRADE","AVOID","","","",0,"Neutral","","","","","",""
TSLA,"14:04",366.185,"NO TRADE","AVOID","","","",0,"Neutral","","","","","",""
TSLA,"14:05",366.17,"NO TRADE","AVOID","","","",0,"Neutral","","","","","",""
TSLA,"14:06",366.175,"NO TRADE","AVOID","","","",0,"Neutral","","","","","",""
TSLA,"14:07",366.18,"NO TRADE","AVOID","","","",0,"Neutral","","","","","",""
TSLA,"14:08",365.94,"NO TRADE","AVOID","","","",0,"Neutral","","","","","",""
TSLA,"14:09",366.0197,"WAIT","WATCH","","","",0,"Good","","","","","",""
TSLA,"14:10",366.28,"WAIT","WATCH","","","",0,"Good","","","","","",""
TSLA,"14:11",366.42,"WAIT","WATCH","","","",0,"Good","","","","","",""
TSLA,"14:12",366.16,"WAIT","WATCH","","","",0,"Good","","","","","",""
TSLA,"14:13",366.0393,"WAIT","WATCH","","","",0,"Good","","","","","",""
TSLA,"14:14",365.94,"WAIT","WATCH","","","",0,"Good","","","","","",""
TSLA,"14:15",366.13,"WAIT","WATCH","","","",0,"Good","","","","","",""
TSLA,"14:16",366.19,"WAIT","WATCH","","","",0,"Good","","","","","",""
TSLA,"14:17",366.125,"WAIT","WATCH","","","",0,"Good","","","","","",""
TSLA,"14:18",366.2,"WAIT","WATCH","","","",0,"Good","","","","","",""
TSLA,"14:19",366.36,"WAIT","WATCH","","","",0,"Good","","","","","",""
TSLA,"14:20",366.4,"WAIT","WATCH","","","",0,"Good","","","","","",""
TSLA,"14:21",366.22,"WAIT","WATCH","","","",0,"Good","","","","","",""
TSLA,"14:22",366.035,"WAIT","WATCH","","","",0,"Good","","","","","",""
TSLA,"14:23",366.19,"WAIT","WATCH","","","",0,"Good","","","","","",""
TSLA,"14:24",366.1301,"WAIT","WATCH","","","",0,"Good","","","","","",""
TSLA,"14:25",365.995,"WAIT","WATCH","","","",0,"Good","","","","","",""
TSLA,"14:26",365.7,"WAIT","WATCH","","","",0,"Good","","","","","",""
TSLA,"14:27",365.618,"WAIT","WATCH","","","",0,"Good","","","","","",""
TSLA,"14:28",365.485,"WAIT","WATCH","","","",0,"Good","","","","","",""
TSLA,"14:29",365.545,"WAIT","WATCH","","","",0,"Good","","","","","",""
TSLA,"14:30",365.49,"WAIT","WATCH","","","",0,"Good","","","","","",""
TSLA,"14:31",365.54,"WAIT","WATCH","","","",0,"Good","","","","","",""
TSLA,"14:32",365.44,"WAIT","WATCH","","","",0,"Good","","","","","",""
TSLA,"14:33",365.21,"WAIT","WATCH","","","",0,"Good","","","","","",""
TSLA,"14:34",365.3,"WAIT","WATCH","","","",0,"Good","","","","","",""
TSLA,"14:35",365.6664,"WAIT","WATCH","","","",0,"Good","","","","","",""
TSLA,"14:36",365.65,"WAIT","WATCH","","","",0,"Good","","","","","",""
TSLA,"14:37",365.985,"WAIT","WATCH","","","",0,"Good","","","","","",""
TSLA,"14:38",365.7935,"WAIT","ARMED","RECLAIM_CONTINUATION","RECLAIM_CONTINUATION|PIVOT_14:14|START_14:37",0,3,"Good","פריצה של 366.05 | ציון 6 (כרגע 3)",366.05,365.55,366.91,367.01,1.72
TSLA,"14:39",365.86,"WAIT","ARMED","RECLAIM_CONTINUATION","RECLAIM_CONTINUATION|PIVOT_14:14|START_14:37",1,4,"Good","פריצה של 366.05 | ציון 6 (כרגע 4)",366.05,365.55,366.91,367.01,1.72
TSLA,"14:40",366.07,"WAIT","ARMED","RECLAIM_CONTINUATION","RECLAIM_CONTINUATION|PIVOT_14:14|START_14:37",2,4,"Good","ציון 6 (כרגע 4)",366.05,365.55,366.91,367.01,1.72
TSLA,"14:41",366.15,"WAIT","ARMED","RECLAIM_CONTINUATION","RECLAIM_CONTINUATION|PIVOT_14:14|START_14:37",3,5,"Good","ציון 6 (כרגע 5)",366.05,365.55,366.91,367.01,1.72
TSLA,"14:42",366.37,"WAIT","ARMED","RECLAIM_CONTINUATION","RECLAIM_CONTINUATION|PIVOT_14:14|START_14:37",4,4,"Good","ציון 6 (כרגע 4)",366.05,365.55,366.91,367.01,1.72
TSLA,"14:43",366.5199,"WAIT","ARMED","RECLAIM_CONTINUATION","RECLAIM_CONTINUATION|PIVOT_14:14|START_14:37",5,3,"Good","",366.05,365.55,366.91,367.01,1.72
TSLA,"14:44",366.4669,"WAIT","ARMED","RECLAIM_CONTINUATION","RECLAIM_CONTINUATION|PIVOT_14:14|START_14:37",6,2,"Good","",366.05,365.55,366.91,367.01,1.72
TSLA,"14:45",366.55,"WAIT","ARMED","RECLAIM_CONTINUATION","RECLAIM_CONTINUATION|PIVOT_14:14|START_14:37",7,4,"Good","",366.05,365.55,366.91,367.01,1.72
TSLA,"14:46",366.605,"WAIT","ARMED","RECLAIM_CONTINUATION","RECLAIM_CONTINUATION|PIVOT_14:14|START_14:37",8,4,"Good","",366.05,365.55,366.91,367.01,1.72
TSLA,"14:47",365.76,"WAIT","ARMED","RECLAIM_CONTINUATION","RECLAIM_CONTINUATION|PIVOT_14:14|START_14:37",9,4,"Good","סגירה קרוב ל-366.05 (לא רק נגיעה) | ציון 6 (כרגע 4)",366.05,365.55,366.91,367.01,1.72
TSLA,"14:48",365.27,"FAILED","FAILED","RECLAIM_CONTINUATION","RECLAIM_CONTINUATION|PIVOT_14:14|START_14:37",10,0,"Good","","","","","",""
TSLA,"14:49",365.95,"WAIT","WATCH","","","",0,"Good","","","","","",""
TSLA,"14:50",366.205,"WAIT","ARMED","RECLAIM_CONTINUATION","RECLAIM_CONTINUATION|PIVOT_14:14|START_14:49",0,5,"Good","פריצה של 366.46 | ציון 6 (כרגע 5)",366.46,364.71,369.28,369.62,1.61
TSLA,"14:51",366.1,"WAIT","ARMED","RECLAIM_CONTINUATION","RECLAIM_CONTINUATION|PIVOT_14:14|START_14:49",1,4,"Good","פריצה של 366.46 | ציון 6 (כרגע 4)",366.46,364.71,369.28,369.62,1.61
TSLA,"14:52",366.01,"WAIT","ARMED","RECLAIM_CONTINUATION","RECLAIM_CONTINUATION|PIVOT_14:14|START_14:49",2,4,"Good","פריצה של 366.46 | ציון 6 (כרגע 4)",366.46,364.71,369.28,369.62,1.61
TSLA,"14:53",366.6,"WAIT","ARMED","RECLAIM_CONTINUATION","RECLAIM_CONTINUATION|PIVOT_14:14|START_14:49",3,5,"Good","ציון 6 (כרגע 5)",366.46,364.71,369.28,369.62,1.61
TSLA,"14:54",367.01,"WAIT","ARMED","RECLAIM_CONTINUATION","RECLAIM_CONTINUATION|PIVOT_14:14|START_14:49",4,4,"Good","ציון 6 (כרגע 4)",366.46,364.71,369.28,369.62,1.61
TSLA,"14:55",366.85,"WAIT","ARMED","RECLAIM_CONTINUATION","RECLAIM_CONTINUATION|PIVOT_14:14|START_14:49",5,4,"Good","ציון 6 (כרגע 4)",366.46,364.71,369.28,369.62,1.61
TSLA,"14:56",366.87,"WAIT","ARMED","RECLAIM_CONTINUATION","RECLAIM_CONTINUATION|PIVOT_14:14|START_14:49",6,4,"Good","ציון 6 (כרגע 4)",366.46,364.71,369.28,369.62,1.61
TSLA,"14:57",367.01,"WAIT","ARMED","RECLAIM_CONTINUATION","RECLAIM_CONTINUATION|PIVOT_14:14|START_14:49",7,2,"Good","",366.46,364.71,369.28,369.62,1.61
TSLA,"14:58",367.32,"WAIT","ARMED","RECLAIM_CONTINUATION","RECLAIM_CONTINUATION|PIVOT_14:14|START_14:49",8,2,"Good","",366.46,364.71,369.28,369.62,1.61
TSLA,"14:59",367.055,"WAIT","ARMED","RECLAIM_CONTINUATION","RECLAIM_CONTINUATION|PIVOT_14:14|START_14:49",9,2,"Good","",366.46,364.71,369.28,369.62,1.61
TSLA,"15:00",366.94,"WAIT","ARMED","RECLAIM_CONTINUATION","RECLAIM_CONTINUATION|PIVOT_14:14|START_14:49",10,2,"Good","",366.46,364.71,369.28,369.62,1.61
TSLA,"15:01",366.8801,"WAIT","ARMED","RECLAIM_CONTINUATION","RECLAIM_CONTINUATION|PIVOT_14:14|START_14:49",11,2,"Good","",366.46,364.71,369.28,369.62,1.61
TSLA,"15:02",366.92,"WAIT","ARMED","RECLAIM_CONTINUATION","RECLAIM_CONTINUATION|PIVOT_14:14|START_14:49",12,3,"Good","ציון 6 (כרגע 3)",366.46,364.71,369.28,369.62,1.61
TSLA,"15:03",366.76,"WAIT","ARMED","RECLAIM_CONTINUATION","RECLAIM_CONTINUATION|PIVOT_14:14|START_14:49",13,3,"Good","ציון 6 (כרגע 3)",366.46,364.71,369.28,369.62,1.61
TSLA,"15:04",366.78,"WAIT","ARMED","RECLAIM_CONTINUATION","RECLAIM_CONTINUATION|PIVOT_14:14|START_14:49",14,3,"Good","ציון 6 (כרגע 3)",366.46,364.71,369.28,369.62,1.61
TSLA,"15:05",367.025,"WAIT","ARMED","RECLAIM_CONTINUATION","RECLAIM_CONTINUATION|PIVOT_14:14|START_14:49",15,3,"Good","",366.46,364.71,369.28,369.62,1.61
TSLA,"15:06",367.275,"WAIT","ARMED","PULLBACK_CONTINUATION","PULLBACK_CONTINUATION@366.51",0,8,"Strong","פריצה של 367.35",367.35,366.41,368.85,369.01,1.6
TSLA,"15:07",367.35,"NO TRADE (shadow)","READY","PULLBACK_CONTINUATION","PULLBACK_CONTINUATION@366.51",1,8,"Strong","",367.35,366.41,368.85,369.01,1.6
TSLA,"15:08",367.16,"WAIT","ARMED","PULLBACK_CONTINUATION","PULLBACK_CONTINUATION@366.51",2,7,"Strong","סגירה קרוב ל-367.35 (לא רק נגיעה)",367.35,366.41,368.85,369.01,1.6
TSLA,"15:09",367.145,"WAIT","ARMED","PULLBACK_CONTINUATION","PULLBACK_CONTINUATION@366.51",3,7,"Strong","פריצה של 367.35",367.35,366.41,368.85,369.01,1.6
TSLA,"15:10",367.265,"WAIT","ARMED","PULLBACK_CONTINUATION","PULLBACK_CONTINUATION@366.51",4,7,"Strong","סגירה קרוב ל-367.35 (לא רק נגיעה)",367.35,366.41,368.85,369.01,1.6
TSLA,"15:11",367.23,"WAIT","ARMED","PULLBACK_CONTINUATION","PULLBACK_CONTINUATION@366.51",5,7,"Strong","סגירה קרוב ל-367.35 (לא רק נגיעה)",367.35,366.41,368.85,369.01,1.6
TSLA,"15:12",367.44,"NO TRADE (shadow)","READY","PULLBACK_CONTINUATION","PULLBACK_CONTINUATION@366.51",6,8,"Strong","",367.35,366.41,368.85,369.01,1.6
TSLA,"15:13",367.44,"NO TRADE (shadow)","READY","PULLBACK_CONTINUATION","PULLBACK_CONTINUATION@366.51",7,7,"Strong","",367.35,366.41,368.85,369.01,1.6
TSLA,"15:14",367.3,"WAIT","ARMED","PULLBACK_CONTINUATION","PULLBACK_CONTINUATION@366.51",8,7,"Strong","סגירה קרוב ל-367.35 (לא רק נגיעה)",367.35,366.41,368.85,369.01,1.6
TSLA,"15:15",366.99,"WAIT","ARMED","PULLBACK_CONTINUATION","PULLBACK_CONTINUATION@366.51",9,7,"Strong","פריצה של 367.35",367.35,366.41,368.85,369.01,1.6
TSLA,"15:16",367.0999,"WAIT","ARMED","STRUCTURAL_BASE","STRUCTURAL_BASE|15:03|15:13",0,7,"Strong","פריצה של 367.52",367.52,366.42,369.28,369.62,1.6
TSLA,"15:17",367.0001,"WAIT","ARMED","STRUCTURAL_BASE","STRUCTURAL_BASE|15:03|15:13",1,7,"Strong","פריצה של 367.52",367.52,366.42,369.28,369.62,1.6
TSLA,"15:18",367,"WAIT","ARMED","STRUCTURAL_BASE","STRUCTURAL_BASE|15:03|15:13",2,7,"Strong","פריצה של 367.52",367.52,366.42,369.28,369.62,1.6
TSLA,"15:19",366.7801,"WAIT","ARMED","STRUCTURAL_BASE","STRUCTURAL_BASE|15:03|15:13",3,7,"Strong","פריצה של 367.52",367.52,366.42,369.28,369.62,1.6
TSLA,"15:20",366.7499,"WAIT","ARMED","STRUCTURAL_BASE","STRUCTURAL_BASE|15:03|15:13",4,7,"Strong","פריצה של 367.52",367.52,366.42,369.28,369.62,1.6
TSLA,"15:21",366.76,"WAIT","ARMED","STRUCTURAL_BASE","STRUCTURAL_BASE|15:03|15:13",5,5,"Good","פריצה של 367.52 | ציון 6 (כרגע 5)",367.52,366.42,369.28,369.62,1.6
TSLA,"15:22",366.71,"WAIT","ARMED","STRUCTURAL_BASE","STRUCTURAL_BASE|15:03|15:13",6,5,"Good","פריצה של 367.52 | ציון 6 (כרגע 5)",367.52,366.42,369.28,369.62,1.6
TSLA,"15:23",367.02,"WAIT","ARMED","STRUCTURAL_BASE","STRUCTURAL_BASE|15:03|15:13",7,6,"Good","פריצה של 367.52",367.52,366.42,369.28,369.62,1.6
TSLA,"15:24",366.87,"WAIT","ARMED","PULLBACK_CONTINUATION","PULLBACK_CONTINUATION|15:21|15:13",0,5,"Good","פריצה של 367.08 | ציון 6 (כרגע 5)",367.08,366.46,368.15,368.24,1.71
TSLA,"15:25",367.0999,"NO TRADE (shadow)","READY","PULLBACK_CONTINUATION","PULLBACK_CONTINUATION|15:21|15:13",1,6,"Good","",367.08,366.46,368.15,368.24,1.71
TSLA,"15:26",367.3,"NO TRADE (shadow)","READY","PULLBACK_CONTINUATION","PULLBACK_CONTINUATION|15:21|15:13",2,7,"Strong","",367.08,366.46,368.15,368.24,1.71
TSLA,"15:27",367.85,"WAIT","SETUP","PULLBACK_CONTINUATION","PULLBACK_CONTINUATION@366.54",0,8,"Strong","",367.92,366.45,367.93,371.59,0.01
TSLA,"15:28",367.87,"WAIT","SETUP","PULLBACK_CONTINUATION","PULLBACK_CONTINUATION@366.54",1,7,"Strong","",367.92,366.45,367.93,371.59,0.01
TSLA,"15:29",368.275,"WAIT","SETUP","PULLBACK_CONTINUATION","PULLBACK_CONTINUATION@366.54",2,7,"Strong","",367.92,366.45,367.93,371.59,0.01
TSLA,"15:30",368.09,"WAIT","SETUP","PULLBACK_CONTINUATION","PULLBACK_CONTINUATION@366.54",3,7,"Strong","",367.92,366.45,367.93,371.59,0.01
TSLA,"15:31",367.9,"WAIT","SETUP","PULLBACK_CONTINUATION","PULLBACK_CONTINUATION@366.54",4,7,"Strong","",367.92,366.45,367.93,371.59,0.01
TSLA,"15:32",368.12,"WAIT","SETUP","PULLBACK_CONTINUATION","PULLBACK_CONTINUATION@366.54",5,7,"Strong","",367.92,366.45,367.93,371.59,0.01
TSLA,"15:33",367.965,"WAIT","SETUP","PULLBACK_CONTINUATION","PULLBACK_CONTINUATION@366.54",6,7,"Strong","",367.92,366.45,367.93,371.59,0.01
TSLA,"15:34",368,"WAIT","SETUP","PULLBACK_CONTINUATION","PULLBACK_CONTINUATION@366.54",7,8,"Strong","",367.92,366.45,367.93,371.59,0.01
TSLA,"15:35",368.17,"WAIT","SETUP","PULLBACK_CONTINUATION","PULLBACK_CONTINUATION@366.54",8,7,"Strong","",367.92,366.45,367.93,371.59,0.01
TSLA,"15:36",367.98,"WAIT","SETUP","PULLBACK_CONTINUATION","PULLBACK_CONTINUATION@366.54",9,7,"Strong","",367.92,366.45,367.93,371.59,0.01
TSLA,"15:37",368.0217,"WAIT","SETUP","PULLBACK_CONTINUATION","PULLBACK_CONTINUATION@366.54",10,8,"Strong","",367.92,366.45,367.93,371.59,0.01
TSLA,"15:38",367.8881,"WAIT","SETUP","REVERSAL","REVERSAL|15:21|15:13",0,8,"Strong","",368.39,367.15,368.85,371.49,0.37
TSLA,"15:39",367.91,"WAIT","SETUP","REVERSAL","REVERSAL|15:21|15:13",1,6,"Good","",368.39,367.15,368.85,371.49,0.37
TSLA,"15:40",367.89,"WAIT","SETUP","REVERSAL","REVERSAL|15:21|15:13",2,6,"Good","",368.39,367.15,368.85,371.49,0.37
TSLA,"15:41",368,"WAIT","SETUP","REVERSAL","REVERSAL|15:21|15:13",3,7,"Good","",368.39,367.15,368.85,371.49,0.37
TSLA,"15:42",367.679,"WAIT","SETUP","REVERSAL","REVERSAL|15:21|15:13",4,6,"Good","",368.39,367.15,368.85,371.49,0.37
TSLA,"15:43",367.56,"WAIT","SETUP","REVERSAL","REVERSAL|15:21|15:13",5,6,"Good","",368.39,367.15,368.85,371.49,0.37
TSLA,"15:44",367.97,"WAIT","SETUP","REVERSAL","REVERSAL|15:21|15:13",6,6,"Good","",368.39,367.15,368.85,371.49,0.37
TSLA,"15:45",367.47,"WAIT","SETUP","STRUCTURAL_BASE","STRUCTURAL_BASE|15:21|15:30",0,6,"Good","",368.39,366.45,368.85,373.25,0.24
TSLA,"15:46",367.64,"WAIT","SETUP","STRUCTURAL_BASE","STRUCTURAL_BASE|15:21|15:30",1,7,"Good","",368.39,366.45,368.85,373.25,0.24
TSLA,"15:47",368.04,"WAIT","SETUP","REVERSAL","REVERSAL|15:21|15:13",9,8,"Good","",368.39,367.15,368.85,371.49,0.37
TSLA,"15:48",368.415,"WAIT","SETUP","REVERSAL","REVERSAL|15:21|15:13",10,7,"Good","",368.39,367.15,368.85,371.49,0.37
TSLA,"15:49",368.495,"WAIT","ARMED","REVERSAL","REVERSAL|15:46|15:36",0,7,"Good","",368.51,367.86,369.62,369.68,1.7
TSLA,"15:50",368.48,"WAIT","ARMED","REVERSAL","REVERSAL|15:46|15:36",1,7,"Good","",368.51,367.86,369.62,369.68,1.7
TSLA,"15:51",368.28,"WAIT","ARMED","REVERSAL","REVERSAL|15:46|15:36",2,6,"Good","",368.51,367.86,369.62,369.68,1.7
TSLA,"15:52",368.5,"FAILED","FAILED","REVERSAL","REVERSAL|15:46|15:36",3,0,"Good","","","","","",""
TSLA,"15:53",368.475,"WAIT","WATCH","","",4,0,"Strong","","","","","",""
TSLA,"15:54",368.16,"WAIT","SETUP","STRUCTURAL_BASE","STRUCTURAL_BASE|15:46|15:50",0,8,"Strong","",368.81,367.22,368.85,372.79,0.03
TSLA,"15:55",367.93,"WAIT","SETUP","STRUCTURAL_BASE","STRUCTURAL_BASE|15:46|15:50",1,8,"Strong","",368.81,367.22,368.85,372.79,0.03
TSLA,"15:56",368.18,"WAIT","SETUP","STRUCTURAL_BASE","STRUCTURAL_BASE|15:46|15:50",2,8,"Strong","",368.81,367.22,368.85,372.79,0.03
TSLA,"15:57",368.23,"WAIT","SETUP","PULLBACK_CONTINUATION","PULLBACK_CONTINUATION@367.36",0,8,"Strong","",368.81,367.2,368.85,372.84,0.02
TSLA,"15:58",367.89,"WAIT","SETUP","PULLBACK_CONTINUATION","PULLBACK_CONTINUATION@367.36",1,8,"Strong","",368.81,367.2,368.85,372.84,0.02
TSLA,"15:59",368.04,"WAIT","SETUP","PULLBACK_CONTINUATION","PULLBACK_CONTINUATION|15:56|15:50",0,8,"Strong","",368.57,367.3,368.8,371.74,0.18
INTC,"09:30",102.5,"NO TRADE","AVOID","","","",0,"","","","","","",""
INTC,"09:31",101.64,"NO TRADE","AVOID","","","",0,"","","","","","",""
INTC,"09:32",101.4703,"NO TRADE","AVOID","","","",0,"","","","","","",""
INTC,"09:33",101.6202,"NO TRADE","AVOID","","","",0,"","","","","","",""
INTC,"09:34",101.475,"NO TRADE","AVOID","","","",0,"","","","","","",""
INTC,"09:35",101.095,"NO TRADE","AVOID","","","",0,"","","","","","",""
INTC,"09:36",101.13,"NO TRADE","AVOID","","","",0,"","","","","","",""
INTC,"09:37",101.37,"NO TRADE","AVOID","","","",0,"","","","","","",""
INTC,"09:38",101.285,"NO TRADE","AVOID","","","",0,"","","","","","",""
INTC,"09:39",101.05,"NO TRADE","AVOID","","","",0,"","","","","","",""
INTC,"09:40",101.265,"NO TRADE","AVOID","","","",0,"","","","","","",""
INTC,"09:41",101.645,"NO TRADE","AVOID","","","",0,"","","","","","",""
INTC,"09:42",100.4999,"NO TRADE","AVOID","","","",0,"","","","","","",""
INTC,"09:43",100.51,"NO TRADE","AVOID","","","",0,"","","","","","",""
INTC,"09:44",100.6,"WAIT","WATCH","","","",0,"Avoid","","","","","",""
INTC,"09:45",101.54,"WAIT","WATCH","","","",0,"Weak","","","","","",""
INTC,"09:46",101.22,"NO TRADE","AVOID","","","",0,"Avoid","","","","","",""
INTC,"09:47",101.6,"NO TRADE","AVOID","","","",0,"Avoid","","","","","",""
INTC,"09:48",101.73,"NO TRADE","AVOID","","","",0,"Weak","","","","","",""
INTC,"09:49",101.7074,"WAIT","WATCH","RECLAIM_CONTINUATION","RECLAIM_CONTINUATION|VWAP|START_09:48",0,2,"Weak","",101.78,101.07,103.24,103.56,2.05
INTC,"09:50",101.36,"WAIT","WATCH","","","",0,"Avoid","","","","","",""
INTC,"09:51",100.916,"WAIT","WATCH","","","",0,"Avoid","","","","","",""
INTC,"09:52",101.03,"WAIT","WATCH","","","",0,"Avoid","","","","","",""
INTC,"09:53",100.88,"WAIT","WATCH","","","",0,"Avoid","","","","","",""
INTC,"09:54",101.38,"WAIT","WATCH","","","",0,"Avoid","","","","","",""
INTC,"09:55",101.545,"WAIT","ARMED","PULLBACK_CONTINUATION","PULLBACK_CONTINUATION@100.72",0,5,"Weak","פריצה של 101.56 | ציון 6 (כרגע 5)",101.56,100.57,103.24,104.04,1.69
INTC,"09:56",101.27,"WAIT","ARMED","PULLBACK_CONTINUATION","PULLBACK_CONTINUATION@100.72",1,4,"Weak","פריצה של 101.56 | ציון 6 (כרגע 4)",101.56,100.57,103.24,104.04,1.69
INTC,"09:57",101.115,"WAIT","ARMED","PULLBACK_CONTINUATION","PULLBACK_CONTINUATION@100.72",2,4,"Weak","פריצה של 101.56 | ציון 6 (כרגע 4)",101.56,100.57,103.24,104.04,1.69
INTC,"09:58",101.26,"WAIT","ARMED","PULLBACK_CONTINUATION","PULLBACK_CONTINUATION@100.72",3,3,"Avoid","פריצה של 101.56 | ציון 6 (כרגע 3)",101.56,100.57,103.24,104.04,1.69
INTC,"09:59",101.14,"WAIT","ARMED","PULLBACK_CONTINUATION","PULLBACK_CONTINUATION@100.72",4,3,"Avoid","פריצה של 101.56 | ציון 6 (כרגע 3)",101.56,100.57,103.24,104.04,1.69
INTC,"10:00",101.0269,"WAIT","ARMED","PULLBACK_CONTINUATION","PULLBACK_CONTINUATION@100.72",5,3,"Avoid","פריצה של 101.56 | ציון 6 (כרגע 3)",101.56,100.57,103.24,104.04,1.69
INTC,"10:01",101.0974,"WAIT","ARMED","PULLBACK_CONTINUATION","PULLBACK_CONTINUATION@100.72",6,3,"Avoid","פריצה של 101.56 | ציון 6 (כרגע 3)",101.56,100.57,103.24,104.04,1.69
INTC,"10:02",100.8543,"WAIT","ARMED","PULLBACK_CONTINUATION","PULLBACK_CONTINUATION@100.72",7,3,"Avoid","פריצה של 101.56 | ציון 6 (כרגע 3)",101.56,100.57,103.24,104.04,1.69
INTC,"10:03",100.92,"WAIT","ARMED","PULLBACK_CONTINUATION","PULLBACK_CONTINUATION@100.72",8,3,"Avoid","פריצה של 101.56 | ציון 6 (כרגע 3)",101.56,100.57,103.24,104.04,1.69
INTC,"10:04",101.115,"WAIT","ARMED","PULLBACK_CONTINUATION","PULLBACK_CONTINUATION@100.72",9,4,"Avoid","פריצה של 101.56 | ציון 6 (כרגע 4)",101.56,100.57,103.24,104.04,1.69
INTC,"10:05",101.086,"WAIT","ARMED","PULLBACK_CONTINUATION","PULLBACK_CONTINUATION@100.72",10,3,"Avoid","פריצה של 101.56 | ציון 6 (כרגע 3)",101.56,100.57,103.24,104.04,1.69
INTC,"10:06",101.072,"WAIT","ARMED","PULLBACK_CONTINUATION","PULLBACK_CONTINUATION@100.72",11,3,"Avoid","פריצה של 101.56 | ציון 6 (כרגע 3)",101.56,100.57,103.24,104.04,1.69
INTC,"10:07",100.97,"WAIT","ARMED","PULLBACK_CONTINUATION","PULLBACK_CONTINUATION@100.72",12,3,"Avoid","פריצה של 101.56 | ציון 6 (כרגע 3)",101.56,100.57,103.24,104.04,1.69
INTC,"10:08",101.04,"WAIT","ARMED","PULLBACK_CONTINUATION","PULLBACK_CONTINUATION@100.72",13,3,"Avoid","פריצה של 101.56 | ציון 6 (כרגע 3)",101.56,100.57,103.24,104.04,1.69
INTC,"10:09",101.325,"WAIT","ARMED","PULLBACK_CONTINUATION","PULLBACK_CONTINUATION@100.72",14,4,"Avoid","פריצה של 101.56 | ציון 6 (כרגע 4)",101.56,100.57,103.24,104.04,1.69
INTC,"10:10",101.3,"WAIT","ARMED","REVERSAL","REVERSAL|10:07|10:05",0,5,"Avoid","",101.51,100.93,103.24,102.97,2.96
INTC,"10:11",101.1799,"WAIT","ARMED","REVERSAL","REVERSAL|10:07|10:05",1,5,"Avoid","",101.51,100.93,103.24,102.97,2.96
INTC,"10:12",101.3001,"WAIT","ARMED","PULLBACK_CONTINUATION","PULLBACK_CONTINUATION@100.79",0,4,"Weak","פריצה של 101.51 | ציון 6 (כרגע 4)",101.51,100.72,103.24,103.49,2.19
INTC,"10:13",101.475,"WAIT","ARMED","PULLBACK_CONTINUATION","PULLBACK_CONTINUATION@100.79",1,5,"Neutral","פריצה של 101.51 | ציון 6 (כרגע 5)",101.51,100.72,103.24,103.49,2.19
INTC,"10:14",101.7123,"WAIT","ARMED","PULLBACK_CONTINUATION","PULLBACK_CONTINUATION@100.79",2,5,"Neutral","ציון 6 (כרגע 5)",101.51,100.72,103.24,103.49,2.19
INTC,"10:15",101.64,"WAIT","ARMED","PULLBACK_CONTINUATION","PULLBACK_CONTINUATION@100.79",3,5,"Neutral","ציון 6 (כרגע 5)",101.51,100.72,103.24,103.49,2.19
INTC,"10:16",101.77,"WAIT","ARMED","PULLBACK_CONTINUATION","PULLBACK_CONTINUATION@100.79",4,5,"Neutral","ציון 6 (כרגע 5)",101.51,100.72,103.24,103.49,2.19
INTC,"10:17",102.1,"WAIT","ARMED","PULLBACK_CONTINUATION","PULLBACK_CONTINUATION@100.79",5,5,"Neutral","",101.51,100.72,103.24,103.49,2.19
INTC,"10:18",101.9144,"WAIT","ARMED","PULLBACK_CONTINUATION","PULLBACK_CONTINUATION@100.79",6,4,"Neutral","",101.51,100.72,103.24,103.49,2.19
INTC,"10:19",102.2288,"WAIT","ARMED","PULLBACK_CONTINUATION","PULLBACK_CONTINUATION@100.79",7,5,"Neutral","",101.51,100.72,103.24,103.49,2.19
INTC,"10:20",102.2501,"WAIT","ARMED","PULLBACK_CONTINUATION","PULLBACK_CONTINUATION@100.79",8,5,"Neutral","",101.51,100.72,103.24,103.49,2.19
INTC,"10:21",102.7,"WAIT","ARMED","PULLBACK_CONTINUATION","PULLBACK_CONTINUATION@100.79",9,5,"Neutral","",101.51,100.72,103.24,103.49,2.19
INTC,"10:22",102.7714,"WAIT","ARMED","PULLBACK_CONTINUATION","PULLBACK_CONTINUATION@100.79",10,5,"Neutral","",101.51,100.72,103.24,103.49,2.19
INTC,"10:23",102.816,"WAIT","ARMED","PULLBACK_CONTINUATION","PULLBACK_CONTINUATION@100.79",11,5,"Neutral","",101.51,100.72,103.24,103.49,2.19
INTC,"10:24",103.055,"WAIT","ARMED","PULLBACK_CONTINUATION","PULLBACK_CONTINUATION@100.79",12,5,"Neutral","",101.51,100.72,103.24,103.49,2.19
INTC,"10:25",103.0353,"WAIT","ARMED","PULLBACK_CONTINUATION","PULLBACK_CONTINUATION@100.79",13,4,"Neutral","",101.51,100.72,103.24,103.49,2.19
INTC,"10:26",102.8376,"WAIT","ARMED","PULLBACK_CONTINUATION","PULLBACK_CONTINUATION@100.79",14,4,"Neutral","",101.51,100.72,103.24,103.49,2.19
INTC,"10:27",102.895,"WAIT","ARMED","PULLBACK_CONTINUATION","PULLBACK_CONTINUATION@100.79",15,4,"Neutral","",101.51,100.72,103.24,103.49,2.19
INTC,"10:28",103.105,"WAIT","ARMED","PULLBACK_CONTINUATION","PULLBACK_CONTINUATION@100.79",16,5,"Neutral","",101.51,100.72,103.24,103.49,2.19
INTC,"10:29",103.275,"WAIT","ARMED","PULLBACK_CONTINUATION","PULLBACK_CONTINUATION@100.79",17,5,"Neutral","",101.51,100.72,103.24,103.49,2.19
INTC,"10:30",103.0746,"WAIT","ARMED","PULLBACK_CONTINUATION","PULLBACK_CONTINUATION@100.79",18,4,"Neutral","",101.51,100.72,103.24,103.49,2.19
INTC,"10:31",103.0201,"WAIT","ARMED","PULLBACK_CONTINUATION","PULLBACK_CONTINUATION@100.79",19,4,"Neutral","",101.51,100.72,103.24,103.49,2.19
INTC,"10:32",103.3,"WAIT","ARMED","PULLBACK_CONTINUATION","PULLBACK_CONTINUATION@100.79",20,5,"Neutral","",101.51,100.72,103.24,103.49,2.19
INTC,"10:33",102.815,"WAIT","ARMED","PULLBACK_CONTINUATION","PULLBACK_CONTINUATION@100.79",21,4,"Neutral","",101.51,100.72,103.24,103.49,2.19
INTC,"10:34",102.9384,"WAIT","ARMED","PULLBACK_CONTINUATION","PULLBACK_CONTINUATION@100.79",22,4,"Neutral","",101.51,100.72,103.24,103.49,2.19
INTC,"10:35",102.84,"WAIT","ARMED","REVERSAL","REVERSAL|10:07|10:05",25,5,"Neutral","",101.51,100.93,103.24,102.97,2.96
INTC,"10:36",102.9007,"WAIT","ARMED","REVERSAL","REVERSAL|10:07|10:05",26,5,"Neutral","",101.51,100.93,103.24,102.97,2.96
INTC,"10:37",102.905,"WAIT","SETUP","PULLBACK_CONTINUATION","PULLBACK_CONTINUATION|10:34|10:32",0,5,"Neutral","",103.08,102.62,103.1,104.23,0.04
INTC,"10:38",103.18,"WAIT","SETUP","PULLBACK_CONTINUATION","PULLBACK_CONTINUATION|10:34|10:32",1,7,"Good","",103.08,102.62,103.1,104.23,0.04
INTC,"10:39",103.21,"WAIT","SETUP","PULLBACK_CONTINUATION","PULLBACK_CONTINUATION@102.70",0,7,"Good","",103.31,102.62,103.4,105.04,0.13
INTC,"10:40",103.39,"WAIT","SETUP","PULLBACK_CONTINUATION","PULLBACK_CONTINUATION@102.70",1,7,"Good","",103.31,102.62,103.4,105.04,0.13
INTC,"10:41",103.38,"WAIT","SETUP","PULLBACK_CONTINUATION","PULLBACK_CONTINUATION@102.70",2,6,"Good","",103.31,102.62,103.4,105.04,0.13
INTC,"10:42",103.2961,"WAIT","SETUP","PULLBACK_CONTINUATION","PULLBACK_CONTINUATION@102.70",3,6,"Good","",103.31,102.62,103.4,105.04,0.13
INTC,"10:43",102.94,"WAIT","ARMED","STRUCTURAL_BASE","STRUCTURAL_BASE|10:34|10:40",0,6,"Good","פריצה של 103.55",103.55,102.62,105.41,106.34,2
INTC,"10:44",103.18,"WAIT","ARMED","STRUCTURAL_BASE","STRUCTURAL_BASE|10:34|10:40",1,6,"Good","פריצה של 103.55",103.55,102.62,105.41,106.34,2
INTC,"10:45",102.9271,"WAIT","ARMED","STRUCTURAL_BASE","STRUCTURAL_BASE|10:34|10:40",2,6,"Good","פריצה של 103.55",103.55,102.62,105.41,106.34,2
INTC,"10:46",103.0835,"WAIT","ARMED","STRUCTURAL_BASE","STRUCTURAL_BASE|10:34|10:40",3,7,"Good","פריצה של 103.55",103.55,102.62,105.41,106.34,2
INTC,"10:47",103.03,"WAIT","ARMED","STRUCTURAL_BASE","STRUCTURAL_BASE|10:34|10:40",4,6,"Good","פריצה של 103.55",103.55,102.62,105.41,106.34,2
INTC,"10:48",103.0484,"WAIT","SETUP","PULLBACK_CONTINUATION","PULLBACK_CONTINUATION|10:45|10:40",0,7,"Good","",103.23,102.79,103.4,104.34,0.38
INTC,"10:49",102.9925,"WAIT","SETUP","PULLBACK_CONTINUATION","PULLBACK_CONTINUATION|10:45|10:40",1,6,"Good","",103.23,102.79,103.4,104.34,0.38
INTC,"10:50",103.06,"WAIT","SETUP","PULLBACK_CONTINUATION","PULLBACK_CONTINUATION|10:45|10:40",2,7,"Good","",103.23,102.79,103.4,104.34,0.38
INTC,"10:51",102.94,"WAIT","SETUP","PULLBACK_CONTINUATION","PULLBACK_CONTINUATION|10:45|10:40",3,6,"Good","",103.23,102.79,103.4,104.34,0.38
INTC,"10:52",103.315,"WAIT","SETUP","PULLBACK_CONTINUATION","PULLBACK_CONTINUATION|10:45|10:40",4,7,"Good","",103.23,102.79,103.4,104.34,0.38
INTC,"10:53",103.165,"WAIT","SETUP","PULLBACK_CONTINUATION","PULLBACK_CONTINUATION|10:45|10:40",5,6,"Good","",103.23,102.79,103.4,104.34,0.38
INTC,"10:54",103.3763,"WAIT","SETUP","PULLBACK_CONTINUATION","PULLBACK_CONTINUATION|10:45|10:40",6,7,"Good","",103.23,102.79,103.4,104.34,0.38
INTC,"10:55",103.515,"WAIT","ARMED","PULLBACK_CONTINUATION","PULLBACK_CONTINUATION@102.85",0,7,"Good","פריצה של 103.58",103.58,102.79,105.17,105.96,2
INTC,"10:56",103.545,"WAIT","ARMED","PULLBACK_CONTINUATION","PULLBACK_CONTINUATION@102.85",1,7,"Good","סגירה קרוב ל-103.58 (לא רק נגיעה)",103.58,102.79,105.17,105.96,2
INTC,"10:57",103.425,"WAIT","ARMED","PULLBACK_CONTINUATION","PULLBACK_CONTINUATION@102.85",2,6,"Good","סגירה קרוב ל-103.58 (לא רק נגיעה)",103.58,102.79,105.17,105.96,2
INTC,"10:58",103.58,"NO TRADE (shadow)","READY","PULLBACK_CONTINUATION","PULLBACK_CONTINUATION@102.85",3,7,"Good","",103.58,102.79,105.17,105.96,2
INTC,"10:59",103.6062,"NO TRADE (shadow)","READY","PULLBACK_CONTINUATION","PULLBACK_CONTINUATION@102.85",4,7,"Good","",103.58,102.79,105.17,105.96,2
INTC,"11:00",103.645,"NO TRADE (shadow)","READY","PULLBACK_CONTINUATION","PULLBACK_CONTINUATION@102.85",5,7,"Good","",103.58,102.79,105.17,105.96,2
INTC,"11:01",103.43,"WAIT","ARMED","PULLBACK_CONTINUATION","PULLBACK_CONTINUATION@102.85",6,6,"Good","סגירה קרוב ל-103.58 (לא רק נגיעה)",103.58,102.79,105.17,105.96,2
INTC,"11:02",103.295,"WAIT","SETUP","PULLBACK_CONTINUATION","PULLBACK_CONTINUATION|10:45|10:40",14,6,"Good","",103.23,102.79,103.4,104.34,0.38
INTC,"11:03",103.29,"WAIT","ARMED","STRUCTURAL_BASE","STRUCTURAL_BASE|10:45|11:00",0,6,"Good","פריצה של 103.75",103.75,102.8,105.66,106.61,2
INTC,"11:04",103.26,"WAIT","ARMED","STRUCTURAL_BASE","STRUCTURAL_BASE|10:45|11:00",1,6,"Good","פריצה של 103.75",103.75,102.8,105.66,106.61,2
INTC,"11:05",103.39,"WAIT","SETUP","PULLBACK_CONTINUATION","PULLBACK_CONTINUATION|11:02|11:00",0,7,"Good","",103.54,103.15,103.74,104.52,0.51
INTC,"11:06",103.418,"WAIT","SETUP","PULLBACK_CONTINUATION","PULLBACK_CONTINUATION|11:02|11:00",1,7,"Good","",103.54,103.15,103.74,104.52,0.51
INTC,"11:07",103.525,"WAIT","SETUP","PULLBACK_CONTINUATION","PULLBACK_CONTINUATION|11:02|11:00",2,7,"Good","",103.54,103.15,103.74,104.52,0.51
INTC,"11:08",103.44,"WAIT","SETUP","PULLBACK_CONTINUATION","PULLBACK_CONTINUATION|11:02|11:00",3,6,"Good","",103.54,103.15,103.74,104.52,0.51
INTC,"11:09",103.41,"WAIT","SETUP","PULLBACK_CONTINUATION","PULLBACK_CONTINUATION|11:02|11:00",4,6,"Good","",103.54,103.15,103.74,104.52,0.51
INTC,"11:10",103.4,"WAIT","SETUP","PULLBACK_CONTINUATION","PULLBACK_CONTINUATION|11:02|11:00",5,6,"Good","",103.54,103.15,103.74,104.52,0.51
INTC,"11:11",103.4,"WAIT","SETUP","PULLBACK_CONTINUATION","PULLBACK_CONTINUATION|11:02|11:00",6,6,"Good","",103.54,103.15,103.74,104.52,0.51
INTC,"11:12",103.44,"WAIT","SETUP","PULLBACK_CONTINUATION","PULLBACK_CONTINUATION|11:02|11:00",7,7,"Good","",103.54,103.15,103.74,104.52,0.51
INTC,"11:13",103.6099,"WAIT","SETUP","PULLBACK_CONTINUATION","PULLBACK_CONTINUATION@103.20",0,7,"Good","",103.66,103.15,103.74,104.94,0.16
INTC,"11:14",103.6,"WAIT","SETUP","PULLBACK_CONTINUATION","PULLBACK_CONTINUATION@103.20",1,6,"Good","",103.66,103.15,103.74,104.94,0.16
INTC,"11:15",103.58,"WAIT","SETUP","PULLBACK_CONTINUATION","PULLBACK_CONTINUATION@103.20",2,4,"Good","",103.66,103.15,103.74,104.94,0.16
INTC,"11:16",103.97,"WAIT","ARMED","PULLBACK_CONTINUATION","PULLBACK_CONTINUATION@103.20",3,4,"Good","",103.66,103.15,103.74,104.94,0.16
INTC,"11:17",103.7,"WAIT","SETUP","PULLBACK_CONTINUATION","PULLBACK_CONTINUATION@103.20",4,4,"Good","",103.66,103.15,103.74,104.94,0.16
INTC,"11:18",104.005,"WAIT","ARMED","PULLBACK_CONTINUATION","PULLBACK_CONTINUATION@103.20",5,3,"Good","",103.66,103.15,103.74,104.94,0.16
INTC,"11:19",104.14,"WAIT","ARMED","REVERSAL","REVERSAL|11:12|11:00",0,5,"Good","",104.19,103.6,105.37,105.97,2
INTC,"11:20",104.055,"WAIT","ARMED","REVERSAL","REVERSAL|11:12|11:00",1,5,"Good","",104.19,103.6,105.37,105.97,2
INTC,"11:21",104.02,"WAIT","ARMED","REVERSAL","REVERSAL|11:12|11:00",2,5,"Good","",104.19,103.6,105.37,105.97,2
INTC,"11:22",104.04,"WAIT","ARMED","REVERSAL","REVERSAL|11:12|11:00",3,5,"Good","",104.19,103.6,105.37,105.97,2
INTC,"11:23",104.25,"WAIT","ARMED","REVERSAL","REVERSAL|11:12|11:00",4,5,"Good","",104.19,103.6,105.37,105.97,2
INTC,"11:24",104.305,"WAIT","ARMED","REVERSAL","REVERSAL|11:12|11:00",5,5,"Good","",104.19,103.6,105.37,105.97,2
INTC,"11:25",104.34,"WAIT","ARMED","REVERSAL","REVERSAL|11:12|11:00",6,5,"Good","",104.19,103.6,105.37,105.97,2
INTC,"11:26",104.2501,"WAIT","ARMED","REVERSAL","REVERSAL|11:12|11:00",7,5,"Good","",104.19,103.6,105.37,105.97,2
INTC,"11:27",104.33,"WAIT","ARMED","REVERSAL","REVERSAL|11:12|11:00",8,5,"Good","",104.19,103.6,105.37,105.97,2
INTC,"11:28",104.37,"WAIT","ARMED","REVERSAL","REVERSAL|11:12|11:00",9,5,"Good","",104.19,103.6,105.37,105.97,2
INTC,"11:29",104.455,"WAIT","ARMED","REVERSAL","REVERSAL|11:12|11:00",10,5,"Good","",104.19,103.6,105.37,105.97,2
INTC,"11:30",104.43,"WAIT","ARMED","REVERSAL","REVERSAL|11:12|11:00",11,4,"Good","",104.19,103.6,105.37,105.97,2
INTC,"11:31",104.155,"WAIT","ARMED","REVERSAL","REVERSAL|11:12|11:00",12,5,"Good","",104.19,103.6,105.37,105.97,2
INTC,"11:32",104.2,"WAIT","ARMED","REVERSAL","REVERSAL|11:12|11:00",13,5,"Good","",104.19,103.6,105.37,105.97,2
INTC,"11:33",104.02,"WAIT","ARMED","REVERSAL","REVERSAL|11:12|11:00",14,5,"Good","",104.19,103.6,105.37,105.97,2
INTC,"11:34",104.25,"WAIT","ARMED","REVERSAL","REVERSAL|11:12|11:00",15,5,"Good","",104.19,103.6,105.37,105.97,2
INTC,"11:35",104.2001,"WAIT","ARMED","REVERSAL","REVERSAL|11:12|11:00",16,5,"Good","",104.19,103.6,105.37,105.97,2
INTC,"11:36",104.3442,"WAIT","ARMED","REVERSAL","REVERSAL|11:12|11:00",17,5,"Good","",104.19,103.6,105.37,105.97,2
INTC,"11:37",104.345,"WAIT","SETUP","PULLBACK_CONTINUATION","PULLBACK_CONTINUATION@104.00",0,7,"Strong","",104.44,103.95,104.53,105.66,0.18
INTC,"11:38",104.38,"WAIT","SETUP","PULLBACK_CONTINUATION","PULLBACK_CONTINUATION@104.00",1,8,"Strong","",104.44,103.95,104.53,105.66,0.18
INTC,"11:39",104.3172,"WAIT","SETUP","PULLBACK_CONTINUATION","PULLBACK_CONTINUATION|11:34|11:29",0,7,"Strong","",104.46,103.95,104.53,105.73,0.14
INTC,"11:40",104.3,"WAIT","SETUP","PULLBACK_CONTINUATION","PULLBACK_CONTINUATION@104.00",3,7,"Strong","",104.44,103.95,104.53,105.66,0.18
INTC,"11:41",104.38,"WAIT","SETUP","PULLBACK_CONTINUATION","PULLBACK_CONTINUATION@104.00",4,7,"Strong","",104.44,103.95,104.53,105.66,0.18
INTC,"11:42",104.505,"WAIT","SETUP","PULLBACK_CONTINUATION","PULLBACK_CONTINUATION@104.00",5,8,"Strong","",104.44,103.95,104.53,105.66,0.18
INTC,"11:43",104.605,"WAIT","SETUP","PULLBACK_CONTINUATION","PULLBACK_CONTINUATION@104.00",6,7,"Strong","",104.44,103.95,104.53,105.66,0.18
INTC,"11:44",104.6199,"WAIT","SETUP","PULLBACK_CONTINUATION","PULLBACK_CONTINUATION@104.00",7,7,"Strong","",104.44,103.95,104.53,105.66,0.18
INTC,"11:45",104.4606,"WAIT","SETUP","PULLBACK_CONTINUATION","PULLBACK_CONTINUATION@104.00",8,7,"Strong","",104.44,103.95,104.53,105.66,0.18
INTC,"11:46",104.595,"WAIT","SETUP","PULLBACK_CONTINUATION","PULLBACK_CONTINUATION@104.00",9,6,"Strong","",104.44,103.95,104.53,105.66,0.18
INTC,"11:47",104.505,"WAIT","SETUP","PULLBACK_CONTINUATION","PULLBACK_CONTINUATION@104.00",10,7,"Strong","",104.44,103.95,104.53,105.66,0.18
INTC,"11:48",104.6899,"WAIT","ARMED","PULLBACK_CONTINUATION","PULLBACK_CONTINUATION@104.00",11,6,"Strong","",104.44,103.95,104.53,105.66,0.18
INTC,"11:49",104.795,"WAIT","ARMED","PULLBACK_CONTINUATION","PULLBACK_CONTINUATION@104.00",12,6,"Strong","",104.44,103.95,104.53,105.66,0.18
INTC,"11:50",104.77,"WAIT","ARMED","PULLBACK_CONTINUATION","PULLBACK_CONTINUATION@104.00",13,5,"Strong","",104.44,103.95,104.53,105.66,0.18
INTC,"11:51",104.855,"WAIT","ARMED","PULLBACK_CONTINUATION","PULLBACK_CONTINUATION@104.00",14,6,"Strong","",104.44,103.95,104.53,105.66,0.18
INTC,"11:52",104.79,"WAIT","ARMED","PULLBACK_CONTINUATION","PULLBACK_CONTINUATION@104.00",15,5,"Strong","",104.44,103.95,104.53,105.66,0.18
INTC,"11:53",104.78,"WAIT","ARMED","PULLBACK_CONTINUATION","PULLBACK_CONTINUATION@104.00",16,5,"Strong","",104.44,103.95,104.53,105.66,0.18
INTC,"11:54",104.795,"WAIT","ARMED","PULLBACK_CONTINUATION","PULLBACK_CONTINUATION@104.00",17,5,"Strong","",104.44,103.95,104.53,105.66,0.18
INTC,"11:55",104.7594,"WAIT","ARMED","REVERSAL","REVERSAL|11:34|11:29",0,8,"Strong","",104.93,104.46,105.86,106.33,2
INTC,"11:56",104.765,"WAIT","ARMED","PULLBACK_CONTINUATION","PULLBACK_CONTINUATION@104.00",19,5,"Strong","",104.44,103.95,104.53,105.66,0.18
INTC,"11:57",104.925,"WAIT","ARMED","PULLBACK_CONTINUATION","PULLBACK_CONTINUATION@104.00",20,6,"Strong","",104.44,103.95,104.53,105.66,0.18
INTC,"11:58",104.8001,"WAIT","ARMED","PULLBACK_CONTINUATION","PULLBACK_CONTINUATION@104.65",0,7,"Strong","פריצה של 104.96",104.96,104.61,105.66,106,2
INTC,"11:59",104.69,"WAIT","ARMED","PULLBACK_CONTINUATION","PULLBACK_CONTINUATION|11:55|11:51",0,7,"Strong","פריצה של 104.96",104.96,104.61,105.65,106,2
INTC,"12:00",104.93,"WAIT","ARMED","PULLBACK_CONTINUATION","PULLBACK_CONTINUATION@104.65",2,8,"Strong","פריצה של 104.96",104.96,104.61,105.66,106,2
INTC,"12:01",104.9685,"NO TRADE (shadow)","READY","PULLBACK_CONTINUATION","PULLBACK_CONTINUATION@104.65",3,8,"Strong","",104.96,104.61,105.66,106,2
INTC,"12:02",104.89,"WAIT","ARMED","PULLBACK_CONTINUATION","PULLBACK_CONTINUATION@104.65",4,4,"Good","סגירה קרוב ל-104.96 (לא רק נגיעה) | ציון 6 (כרגע 4)",104.96,104.61,105.66,106,2
INTC,"12:03",104.91,"WAIT","ARMED","PULLBACK_CONTINUATION","PULLBACK_CONTINUATION@104.65",5,4,"Good","פריצה של 104.96 | ציון 6 (כרגע 4)",104.96,104.61,105.66,106,2
INTC,"12:04",105.235,"WAIT","ARMED","PULLBACK_CONTINUATION","PULLBACK_CONTINUATION@104.65",6,4,"Good","",104.96,104.61,105.66,106,2
INTC,"12:05",105.03,"WAIT","ARMED","REVERSAL","REVERSAL|11:59|11:51",0,5,"Good","",105.27,104.85,106.1,106.52,2
INTC,"12:06",104.935,"WAIT","ARMED","REVERSAL","REVERSAL|11:59|11:51",1,5,"Good","",105.27,104.85,106.1,106.52,2
INTC,"12:07",104.92,"WAIT","ARMED","REVERSAL","REVERSAL|11:59|11:51",2,5,"Good","",105.27,104.85,106.1,106.52,2
INTC,"12:08",105.01,"WAIT","ARMED","REVERSAL","REVERSAL|11:59|11:51",3,5,"Good","",105.27,104.85,106.1,106.52,2
INTC,"12:09",104.855,"FAILED","FAILED","REVERSAL","REVERSAL|11:59|11:51",4,0,"Good","","","","","",""
INTC,"12:10",104.7125,"WAIT","WATCH","STRUCTURAL_BASE","STRUCTURAL_BASE|11:59|12:05",0,5,"Good","",105.27,104.6,106.61,107.27,2
INTC,"12:11",104.5099,"WAIT","WATCH","","","",0,"Good","","","","","",""
INTC,"12:12",104.4189,"WAIT","WATCH","","","",0,"Good","","","","","",""
INTC,"12:13",104.6155,"WAIT","WATCH","","","",0,"Good","","","","","",""
INTC,"12:14",104.59,"WAIT","WATCH","","","",0,"Good","","","","","",""
INTC,"12:15",104.5,"WAIT","WATCH","","","",0,"Good","","","","","",""
INTC,"12:16",104.61,"WAIT","WATCH","","","",0,"Good","","","","","",""
INTC,"12:17",104.705,"WAIT","WATCH","","","",0,"Good","","","","","",""
INTC,"12:18",104.7748,"WAIT","ARMED","RECLAIM_CONTINUATION","RECLAIM_CONTINUATION|PIVOT_11:59|START_12:17",0,4,"Good","פריצה של 104.80 | ציון 6 (כרגע 4)",104.8,104.56,105.26,105.41,1.89
INTC,"12:19",104.735,"WAIT","ARMED","RECLAIM_CONTINUATION","RECLAIM_CONTINUATION|PIVOT_11:59|START_12:17",1,3,"Good","פריצה של 104.80 | ציון 6 (כרגע 3)",104.8,104.56,105.26,105.41,1.89
INTC,"12:20",104.8699,"WAIT","ARMED","RECLAIM_CONTINUATION","RECLAIM_CONTINUATION|PIVOT_11:59|START_12:17",2,4,"Good","ציון 6 (כרגע 4)",104.8,104.56,105.26,105.41,1.89
INTC,"12:21",104.755,"WAIT","ARMED","RECLAIM_CONTINUATION","RECLAIM_CONTINUATION|PIVOT_11:59|START_12:17",3,3,"Good","סגירה קרוב ל-104.80 (לא רק נגיעה) | ציון 6 (כרגע 3)",104.8,104.56,105.26,105.41,1.89
INTC,"12:22",104.92,"WAIT","ARMED","RECLAIM_CONTINUATION","RECLAIM_CONTINUATION|PIVOT_11:59|START_12:17",4,4,"Good","ציון 6 (כרגע 4)",104.8,104.56,105.26,105.41,1.89
INTC,"12:23",105.065,"WAIT","ARMED","RECLAIM_CONTINUATION","RECLAIM_CONTINUATION|PIVOT_11:59|START_12:17",5,3,"Good","",104.8,104.56,105.26,105.41,1.89
INTC,"12:24",105.01,"WAIT","ARMED","RECLAIM_CONTINUATION","RECLAIM_CONTINUATION|PIVOT_11:59|START_12:17",6,2,"Good","",104.8,104.56,105.26,105.41,1.89
INTC,"12:25",104.91,"WAIT","ARMED","RECLAIM_CONTINUATION","RECLAIM_CONTINUATION|PIVOT_11:59|START_12:17",7,3,"Good","ציון 6 (כרגע 3)",104.8,104.56,105.26,105.41,1.89
INTC,"12:26",104.85,"WAIT","ARMED","RECLAIM_CONTINUATION","RECLAIM_CONTINUATION|PIVOT_11:59|START_12:17",8,4,"Good","ציון 6 (כרגע 4)",104.8,104.56,105.26,105.41,1.89
INTC,"12:27",104.7039,"WAIT","ARMED","RECLAIM_CONTINUATION","RECLAIM_CONTINUATION|PIVOT_11:59|START_12:17",9,3,"Good","סגירה קרוב ל-104.80 (לא רק נגיעה) | ציון 6 (כרגע 3)",104.8,104.56,105.26,105.41,1.89
INTC,"12:28",104.68,"FAILED","FAILED","RECLAIM_CONTINUATION","RECLAIM_CONTINUATION|PIVOT_11:59|START_12:17",10,0,"Good","","","","","",""
INTC,"12:29",104.53,"NO TRADE","AVOID","","","",0,"Neutral","","","","","",""
INTC,"12:30",104.335,"NO TRADE","AVOID","","","",0,"Neutral","","","","","",""
INTC,"12:31",104.54,"NO TRADE","AVOID","","","",0,"Neutral","","","","","",""
INTC,"12:32",104.57,"NO TRADE","AVOID","","","",0,"Neutral","","","","","",""
INTC,"12:33",104.65,"NO TRADE","AVOID","","","",0,"Neutral","","","","","",""
INTC,"12:34",104.815,"NO TRADE","AVOID","","","",0,"Neutral","","","","","",""
INTC,"12:35",104.935,"NO TRADE","AVOID","","","",0,"Neutral","","","","","",""
INTC,"12:36",104.7106,"NO TRADE","AVOID","","","",0,"Neutral","","","","","",""
INTC,"12:37",104.705,"NO TRADE","AVOID","","","",0,"Neutral","","","","","",""
INTC,"12:38",104.705,"NO TRADE","AVOID","","","",0,"Neutral","","","","","",""
INTC,"12:39",104.7599,"NO TRADE","AVOID","","","",0,"Neutral","","","","","",""
INTC,"12:40",104.745,"NO TRADE","AVOID","","","",0,"Good","","","","","",""
INTC,"12:41",104.85,"WAIT","WATCH","","","",0,"Good","","","","","",""
INTC,"12:42",104.9294,"WAIT","WATCH","","","",0,"Good","","","","","",""
INTC,"12:43",104.925,"WAIT","WATCH","","","",0,"Good","","","","","",""
INTC,"12:44",104.855,"WAIT","WATCH","","","",0,"Good","","","","","",""
INTC,"12:45",104.8699,"WAIT","SETUP","STRUCTURAL_BASE","STRUCTURAL_BASE|12:38|12:42",0,7,"Strong","",105.12,104.56,105.26,106.53,0.25
INTC,"12:46",105,"WAIT","SETUP","STRUCTURAL_BASE","STRUCTURAL_BASE|12:38|12:42",1,8,"Strong","",105.12,104.56,105.26,106.53,0.25
INTC,"12:47",105.38,"WAIT","ARMED","PULLBACK_CONTINUATION","PULLBACK_CONTINUATION@104.59",0,9,"Strong","פריצה של 105.40",105.4,104.55,107.1,107.95,2
INTC,"12:48",105.43,"NO TRADE (shadow)","READY","PULLBACK_CONTINUATION","PULLBACK_CONTINUATION@104.59",1,9,"Strong","",105.4,104.55,107.1,107.95,2
INTC,"12:49",105.5799,"NO TRADE (shadow)","READY","PULLBACK_CONTINUATION","PULLBACK_CONTINUATION@104.59",2,7,"Strong","",105.4,104.55,107.1,107.95,2
INTC,"12:50",105.97,"WAIT","ARMED","PULLBACK_CONTINUATION","PULLBACK_CONTINUATION@104.59",3,7,"Strong","",105.4,104.55,107.1,107.95,2
INTC,"12:51",105.665,"WAIT","ARMED","PULLBACK_CONTINUATION","PULLBACK_CONTINUATION@104.59",4,5,"Strong","",105.4,104.55,107.1,107.95,2
INTC,"12:52",105.61,"NO TRADE (shadow)","READY","PULLBACK_CONTINUATION","PULLBACK_CONTINUATION@104.59",5,6,"Strong","",105.4,104.55,107.1,107.95,2
INTC,"12:53",105.745,"WAIT","ARMED","PULLBACK_CONTINUATION","PULLBACK_CONTINUATION@104.59",6,5,"Strong","",105.4,104.55,107.1,107.95,2
INTC,"12:54",105.5732,"NO TRADE (shadow)","READY","PULLBACK_CONTINUATION","PULLBACK_CONTINUATION@104.59",7,6,"Strong","",105.4,104.55,107.1,107.95,2
INTC,"12:55",105.58,"NO TRADE (shadow)","READY","PULLBACK_CONTINUATION","PULLBACK_CONTINUATION@104.59",8,6,"Strong","",105.4,104.55,107.1,107.95,2
INTC,"12:56",105.4601,"NO TRADE (shadow)","READY","PULLBACK_CONTINUATION","PULLBACK_CONTINUATION@104.59",9,7,"Strong","",105.4,104.55,107.1,107.95,2
INTC,"12:57",105.36,"WAIT","ARMED","PULLBACK_CONTINUATION","PULLBACK_CONTINUATION@104.59",10,7,"Strong","סגירה קרוב ל-105.40 (לא רק נגיעה)",105.4,104.55,107.1,107.95,2
INTC,"12:58",105.1999,"WAIT","ARMED","PULLBACK_CONTINUATION","PULLBACK_CONTINUATION@104.59",11,7,"Strong","פריצה של 105.40",105.4,104.55,107.1,107.95,2
INTC,"12:59",105.145,"WAIT","ARMED","PULLBACK_CONTINUATION","PULLBACK_CONTINUATION@104.59",12,7,"Strong","פריצה של 105.40",105.4,104.55,107.1,107.95,2
INTC,"13:00",105.2657,"WAIT","ARMED","PULLBACK_CONTINUATION","PULLBACK_CONTINUATION@104.59",13,7,"Strong","פריצה של 105.40",105.4,104.55,107.1,107.95,2
INTC,"13:01",105.53,"NO TRADE (shadow)","READY","PULLBACK_CONTINUATION","PULLBACK_CONTINUATION@104.59",14,8,"Strong","",105.4,104.55,107.1,107.95,2
INTC,"13:02",105.51,"WAIT","SETUP","PULLBACK_CONTINUATION","PULLBACK_CONTINUATION@104.95",0,7,"Strong","",105.6,104.89,105.98,107.38,0.53
INTC,"13:03",105.5437,"WAIT","SETUP","PULLBACK_CONTINUATION","PULLBACK_CONTINUATION@104.95",1,8,"Strong","",105.6,104.89,105.98,107.38,0.53
INTC,"13:04",105.65,"WAIT","SETUP","PULLBACK_CONTINUATION","PULLBACK_CONTINUATION@104.95",2,8,"Strong","",105.6,104.89,105.98,107.38,0.53
INTC,"13:05",105.68,"WAIT","SETUP","PULLBACK_CONTINUATION","PULLBACK_CONTINUATION@104.95",3,8,"Strong","",105.6,104.89,105.98,107.38,0.53
INTC,"13:06",105.408,"WAIT","SETUP","PULLBACK_CONTINUATION","PULLBACK_CONTINUATION@104.95",4,7,"Strong","",105.6,104.89,105.98,107.38,0.53
INTC,"13:07",105.4601,"WAIT","ARMED","REVERSAL","REVERSAL|12:59|12:42",0,8,"Strong","",105.99,104.9,108.18,109.27,2
INTC,"13:08",105.6,"WAIT","SETUP","PULLBACK_CONTINUATION","PULLBACK_CONTINUATION@104.95",6,7,"Strong","",105.6,104.89,105.98,107.38,0.53
INTC,"13:09",105.8,"WAIT","SETUP","PULLBACK_CONTINUATION","PULLBACK_CONTINUATION@104.95",7,7,"Strong","",105.6,104.89,105.98,107.38,0.53
INTC,"13:10",105.63,"WAIT","SETUP","PULLBACK_CONTINUATION","PULLBACK_CONTINUATION@105.36",0,7,"Strong","",105.83,105.31,105.98,107.14,0.29
INTC,"13:11",105.6099,"WAIT","SETUP","PULLBACK_CONTINUATION","PULLBACK_CONTINUATION@105.36",1,7,"Strong","",105.83,105.31,105.98,107.14,0.29
INTC,"13:12",105.672,"WAIT","SETUP","PULLBACK_CONTINUATION","PULLBACK_CONTINUATION@105.36",2,7,"Strong","",105.83,105.31,105.98,107.14,0.29
INTC,"13:13",105.73,"WAIT","SETUP","PULLBACK_CONTINUATION","PULLBACK_CONTINUATION@105.36",3,8,"Strong","",105.83,105.31,105.98,107.14,0.29
INTC,"13:14",105.785,"WAIT","SETUP","PULLBACK_CONTINUATION","PULLBACK_CONTINUATION@105.36",4,8,"Strong","",105.83,105.31,105.98,107.14,0.29
INTC,"13:15",105.8228,"WAIT","SETUP","PULLBACK_CONTINUATION","PULLBACK_CONTINUATION@105.36",5,8,"Strong","",105.83,105.31,105.98,107.14,0.29
INTC,"13:16",105.8824,"WAIT","SETUP","PULLBACK_CONTINUATION","PULLBACK_CONTINUATION@105.36",6,8,"Strong","",105.83,105.31,105.98,107.14,0.29
INTC,"13:17",105.905,"WAIT","SETUP","PULLBACK_CONTINUATION","PULLBACK_CONTINUATION@105.36",7,8,"Strong","",105.83,105.31,105.98,107.14,0.29
INTC,"13:18",105.92,"WAIT","SETUP","PULLBACK_CONTINUATION","PULLBACK_CONTINUATION@105.36",8,9,"Strong","",105.83,105.31,105.98,107.14,0.29
INTC,"13:19",105.95,"WAIT","SETUP","PULLBACK_CONTINUATION","PULLBACK_CONTINUATION@105.36",9,7,"Strong","",105.83,105.31,105.98,107.14,0.29
INTC,"13:20",105.86,"WAIT","SETUP","PULLBACK_CONTINUATION","PULLBACK_CONTINUATION@105.36",10,7,"Strong","",105.83,105.31,105.98,107.14,0.29
INTC,"13:21",105.845,"WAIT","ARMED","REVERSAL","REVERSAL|13:07|13:04",0,8,"Strong","",106.1,105.67,106.95,107.38,2
INTC,"13:22",105.825,"WAIT","ARMED","REVERSAL","REVERSAL|13:07|13:04",1,8,"Strong","",106.1,105.67,106.95,107.38,2
INTC,"13:23",105.915,"WAIT","ARMED","REVERSAL","REVERSAL|13:07|13:04",2,9,"Strong","",106.1,105.67,106.95,107.38,2
INTC,"13:24",105.8786,"WAIT","ARMED","REVERSAL","REVERSAL|13:07|13:04",3,8,"Strong","",106.1,105.67,106.95,107.38,2
INTC,"13:25",105.8399,"WAIT","SETUP","PULLBACK_CONTINUATION","PULLBACK_CONTINUATION|13:22|13:18",0,7,"Strong","",105.99,105.73,106.09,106.64,0.38
INTC,"13:26",105.8,"WAIT","SETUP","STRUCTURAL_BASE","STRUCTURAL_BASE|13:22|13:23",0,6,"Good","",105.99,105.73,106.09,106.64,0.38
INTC,"13:27",105.82,"WAIT","SETUP","STRUCTURAL_BASE","STRUCTURAL_BASE|13:22|13:23",1,6,"Good","",105.99,105.73,106.09,106.64,0.38
INTC,"13:28",105.9815,"WAIT","SETUP","STRUCTURAL_BASE","STRUCTURAL_BASE|13:22|13:23",2,7,"Good","",105.99,105.73,106.09,106.64,0.38
INTC,"13:29",105.82,"WAIT","SETUP","STRUCTURAL_BASE","STRUCTURAL_BASE|13:22|13:23",3,5,"Good","",105.99,105.73,106.09,106.64,0.38
INTC,"13:30",105.805,"FAILED","FAILED","STRUCTURAL_BASE","STRUCTURAL_BASE|13:22|13:23",4,0,"Good","","","","","",""
INTC,"13:31",105.75,"WAIT","WATCH","","","",0,"Good","","","","","",""
INTC,"13:32",105.8099,"WAIT","WATCH","","","",0,"Good","","","","","",""
INTC,"13:33",105.79,"WAIT","ARMED","RECLAIM_CONTINUATION","RECLAIM_CONTINUATION|PIVOT_13:22|START_13:32",0,4,"Good","פריצה של 105.82 | ציון 6 (כרגע 4)",105.82,105.68,106.06,106.09,1.7
INTC,"13:34",105.8801,"WAIT","ARMED","RECLAIM_CONTINUATION","RECLAIM_CONTINUATION|PIVOT_13:22|START_13:32",1,5,"Good","ציון 6 (כרגע 5)",105.82,105.68,106.06,106.09,1.7
INTC,"13:35",106.04,"WAIT","ARMED","RECLAIM_CONTINUATION","RECLAIM_CONTINUATION|PIVOT_13:22|START_13:32",2,3,"Good","",105.82,105.68,106.06,106.09,1.7
INTC,"13:36",105.775,"WAIT","ARMED","RECLAIM_CONTINUATION","RECLAIM_CONTINUATION|PIVOT_13:22|START_13:32",3,4,"Good","סגירה קרוב ל-105.82 (לא רק נגיעה) | ציון 6 (כרגע 4)",105.82,105.68,106.06,106.09,1.7
INTC,"13:37",105.8262,"WAIT","ARMED","RECLAIM_CONTINUATION","RECLAIM_CONTINUATION|PIVOT_13:22|START_13:32",4,4,"Good","ציון 6 (כרגע 4)",105.82,105.68,106.06,106.09,1.7
INTC,"13:38",105.78,"WAIT","ARMED","RECLAIM_CONTINUATION","RECLAIM_CONTINUATION|PIVOT_13:22|START_13:32",5,3,"Good","סגירה קרוב ל-105.82 (לא רק נגיעה) | ציון 6 (כרגע 3)",105.82,105.68,106.06,106.09,1.7
INTC,"13:39",105.645,"FAILED","FAILED","RECLAIM_CONTINUATION","RECLAIM_CONTINUATION|PIVOT_13:22|START_13:32",6,0,"Neutral","","","","","",""
INTC,"13:40",105.6062,"NO TRADE","AVOID","","","",0,"Neutral","","","","","",""
INTC,"13:41",105.4499,"NO TRADE","AVOID","","","",0,"Neutral","","","","","",""
INTC,"13:42",105.5201,"NO TRADE","AVOID","","","",0,"Neutral","","","","","",""
INTC,"13:43",105.5475,"NO TRADE","AVOID","","","",0,"Neutral","","","","","",""
INTC,"13:44",105.5685,"NO TRADE","AVOID","","","",0,"Neutral","","","","","",""
INTC,"13:45",105.4516,"NO TRADE","AVOID","","","",0,"Neutral","","","","","",""
INTC,"13:46",105.45,"NO TRADE","AVOID","","","",0,"Neutral","","","","","",""
INTC,"13:47",105.45,"NO TRADE","AVOID","","","",0,"Neutral","","","","","",""
INTC,"13:48",105.42,"NO TRADE","AVOID","","","",0,"Neutral","","","","","",""
INTC,"13:49",105.295,"NO TRADE","AVOID","","","",0,"Neutral","","","","","",""
INTC,"13:50",105.34,"NO TRADE","AVOID","","","",0,"Neutral","","","","","",""
INTC,"13:51",105.21,"NO TRADE","AVOID","","","",0,"Neutral","","","","","",""
INTC,"13:52",105.162,"NO TRADE","AVOID","","","",0,"Neutral","","","","","",""
INTC,"13:53",105.2299,"NO TRADE","AVOID","","","",0,"Neutral","","","","","",""
INTC,"13:54",105.055,"NO TRADE","AVOID","","","",0,"Neutral","","","","","",""
INTC,"13:55",105.13,"NO TRADE","AVOID","","","",0,"Neutral","","","","","",""
INTC,"13:56",105.1008,"NO TRADE","AVOID","","","",0,"Neutral","","","","","",""
INTC,"13:57",105.16,"NO TRADE","AVOID","","","",0,"Neutral","","","","","",""
INTC,"13:58",105.125,"NO TRADE","AVOID","","","",0,"Neutral","","","","","",""
INTC,"13:59",105.04,"NO TRADE","AVOID","","","",0,"Neutral","","","","","",""
INTC,"14:00",105.02,"NO TRADE","AVOID","","","",0,"Neutral","","","","","",""
INTC,"14:01",104.8186,"NO TRADE","AVOID","","","",0,"Neutral","","","","","",""
INTC,"14:02",104.945,"NO TRADE","AVOID","","","",0,"Neutral","","","","","",""
INTC,"14:03",104.805,"NO TRADE","AVOID","","","",0,"Neutral","","","","","",""
INTC,"14:04",104.8974,"NO TRADE","AVOID","","","",0,"Neutral","","","","","",""
INTC,"14:05",105.02,"NO TRADE","AVOID","","","",0,"Neutral","","","","","",""
INTC,"14:06",105.09,"NO TRADE","AVOID","","","",0,"Neutral","","","","","",""
INTC,"14:07",104.9757,"NO TRADE","AVOID","","","",0,"Neutral","","","","","",""
INTC,"14:08",104.988,"NO TRADE","AVOID","","","",0,"Neutral","","","","","",""
INTC,"14:09",104.94,"NO TRADE","AVOID","","","",0,"Neutral","","","","","",""
INTC,"14:10",104.97,"NO TRADE","AVOID","","","",0,"Neutral","","","","","",""
INTC,"14:11",105.0101,"NO TRADE","AVOID","","","",0,"Neutral","","","","","",""
INTC,"14:12",104.94,"WAIT","WATCH","","","",0,"Good","","","","","",""
INTC,"14:13",104.91,"WAIT","WATCH","","","",0,"Good","","","","","",""
INTC,"14:14",104.94,"WAIT","WATCH","","","",0,"Good","","","","","",""
INTC,"14:15",104.955,"WAIT","WATCH","","","",0,"Good","","","","","",""
INTC,"14:16",105.01,"NO TRADE","AVOID","","","",0,"Neutral","","","","","",""
INTC,"14:17",105.14,"NO TRADE","AVOID","","","",0,"Neutral","","","","","",""
INTC,"14:18",105.155,"WAIT","ARMED","REVERSAL","REVERSAL|14:13|14:06",0,3,"Neutral","",105.2,104.98,105.61,105.73,1.87
INTC,"14:19",105.28,"WAIT","ARMED","REVERSAL","REVERSAL|14:13|14:06",1,4,"Good","",105.2,104.98,105.61,105.73,1.87
INTC,"14:20",105.15,"WAIT","ARMED","REVERSAL","REVERSAL|14:13|14:06",2,4,"Good","",105.2,104.98,105.61,105.73,1.87
INTC,"14:21",104.965,"FAILED","FAILED","REVERSAL","REVERSAL|14:13|14:06",3,0,"Good","","","","","",""
INTC,"14:22",104.9948,"WAIT","WATCH","","","",0,"Good","","","","","",""
INTC,"14:23",105.025,"WAIT","WATCH","","","",0,"Good","","","","","",""
INTC,"14:24",104.9968,"WAIT","WATCH","","","",0,"Good","","","","","",""
INTC,"14:25",104.96,"WAIT","WATCH","","","",0,"Good","","","","","",""
INTC,"14:26",104.99,"WAIT","WATCH","","","",0,"Good","","","","","",""
INTC,"14:27",104.945,"WAIT","WATCH","","","",0,"Good","","","","","",""
INTC,"14:28",104.96,"WAIT","WATCH","","","",0,"Good","","","","","",""
INTC,"14:29",104.9201,"WAIT","WATCH","","","",0,"Good","","","","","",""
INTC,"14:30",104.91,"WAIT","WATCH","","","",0,"Good","","","","","",""
INTC,"14:31",104.89,"WAIT","WATCH","","","",0,"Good","","","","","",""
INTC,"14:32",104.965,"WAIT","WATCH","","","",0,"Good","","","","","",""
INTC,"14:33",104.9701,"WAIT","WATCH","","","",0,"Good","","","","","",""
INTC,"14:34",104.825,"WAIT","WATCH","","","",0,"Good","","","","","",""
INTC,"14:35",104.7,"WAIT","WATCH","","","",0,"Good","","","","","",""
INTC,"14:36",104.805,"WAIT","WATCH","","","",0,"Good","","","","","",""
INTC,"14:37",104.955,"NO TRADE","AVOID","","","",0,"Neutral","","","","","",""
INTC,"14:38",105.03,"NO TRADE","AVOID","","","",0,"Neutral","","","","","",""
INTC,"14:39",104.99,"NO TRADE","AVOID","","","",0,"Neutral","","","","","",""
INTC,"14:40",104.995,"NO TRADE","AVOID","","","",0,"Neutral","","","","","",""
INTC,"14:41",104.97,"WAIT","ARMED","RECLAIM_CONTINUATION","RECLAIM_CONTINUATION|PIVOT_14:30|START_14:36",0,3,"Good","פריצה של 105.11 | ציון 6 (כרגע 3)",105.11,104.67,105.82,105.98,1.63
INTC,"14:42",105.035,"WAIT","ARMED","RECLAIM_CONTINUATION","RECLAIM_CONTINUATION|PIVOT_14:30|START_14:36",1,5,"Good","פריצה של 105.11 | ציון 6 (כרגע 5)",105.11,104.67,105.82,105.98,1.63
INTC,"14:43",105.215,"WAIT","ARMED","RECLAIM_CONTINUATION","RECLAIM_CONTINUATION|PIVOT_14:30|START_14:36",2,4,"Good","ציון 6 (כרגע 4)",105.11,104.67,105.82,105.98,1.63
INTC,"14:44",105.11,"WAIT","ARMED","RECLAIM_CONTINUATION","RECLAIM_CONTINUATION|PIVOT_14:30|START_14:36",3,4,"Good","ציון 6 (כרגע 4)",105.11,104.67,105.82,105.98,1.63
INTC,"14:45",105.2001,"WAIT","ARMED","RECLAIM_CONTINUATION","RECLAIM_CONTINUATION|PIVOT_14:30|START_14:36",4,5,"Good","ציון 6 (כרגע 5)",105.11,104.67,105.82,105.98,1.63
INTC,"14:46",105.29,"WAIT","ARMED","RECLAIM_CONTINUATION","RECLAIM_CONTINUATION|PIVOT_14:30|START_14:36",5,4,"Good","ציון 6 (כרגע 4)",105.11,104.67,105.82,105.98,1.63
INTC,"14:47",105.1,"WAIT","ARMED","RECLAIM_CONTINUATION","RECLAIM_CONTINUATION|PIVOT_14:30|START_14:36",6,4,"Good","ציון 6 (כרגע 4)",105.11,104.67,105.82,105.98,1.63
INTC,"14:48",104.875,"WAIT","ARMED","RECLAIM_CONTINUATION","RECLAIM_CONTINUATION|PIVOT_14:30|START_14:36",7,4,"Good","סגירה קרוב ל-105.11 (לא רק נגיעה) | ציון 6 (כרגע 4)",105.11,104.67,105.82,105.98,1.63
INTC,"14:49",105.005,"WAIT","ARMED","RECLAIM_CONTINUATION","RECLAIM_CONTINUATION|PIVOT_14:30|START_14:36",8,4,"Good","סגירה קרוב ל-105.11 (לא רק נגיעה) | ציון 6 (כרגע 4)",105.11,104.67,105.82,105.98,1.63
INTC,"14:50",105.03,"WAIT","ARMED","RECLAIM_CONTINUATION","RECLAIM_CONTINUATION|PIVOT_14:30|START_14:36",9,4,"Good","פריצה של 105.11 | ציון 6 (כרגע 4)",105.11,104.67,105.82,105.98,1.63
INTC,"14:51",104.83,"WAIT","ARMED","RECLAIM_CONTINUATION","RECLAIM_CONTINUATION|PIVOT_14:30|START_14:36",10,3,"Good","פריצה של 105.11 | ציון 6 (כרגע 3)",105.11,104.67,105.82,105.98,1.63
INTC,"14:52",104.6614,"FAILED","FAILED","RECLAIM_CONTINUATION","RECLAIM_CONTINUATION|PIVOT_14:30|START_14:36",11,0,"Good","","","","","",""
INTC,"14:53",104.99,"WAIT","WATCH","","","",0,"Good","","","","","",""
INTC,"14:54",105.16,"WAIT","SETUP","RECLAIM_CONTINUATION","RECLAIM_CONTINUATION|PIVOT_14:30|START_14:53",0,4,"Good","",105.21,104.6,105.26,106.74,0.08
INTC,"14:55",105.19,"WAIT","SETUP","RECLAIM_CONTINUATION","RECLAIM_CONTINUATION|PIVOT_14:30|START_14:53",1,5,"Good","",105.21,104.6,105.26,106.74,0.08
INTC,"14:56",105.25,"WAIT","WATCH","","",178,0,"Strong","","","","","",""
INTC,"14:57",105.295,"WAIT","WATCH","","",179,0,"Strong","","","","","",""
INTC,"14:58",105.4856,"WAIT","WATCH","","",180,0,"Strong","","","","","",""
INTC,"14:59",105.4799,"WAIT","WATCH","","",181,0,"Strong","","","","","",""
INTC,"15:00",105.51,"WAIT","WATCH","","",182,0,"Strong","","","","","",""
INTC,"15:01",105.52,"WAIT","WATCH","","",183,0,"Strong","","","","","",""
INTC,"15:02",105.4247,"WAIT","WATCH","","",184,0,"Strong","","","","","",""
INTC,"15:03",105.375,"WAIT","WATCH","","",185,0,"Strong","","","","","",""
INTC,"15:04",105.4215,"WAIT","WATCH","","",186,0,"Strong","","","","","",""
INTC,"15:05",105.3822,"WAIT","WATCH","","",187,0,"Strong","","","","","",""
INTC,"15:06",105.385,"WAIT","ARMED","REVERSAL","REVERSAL|14:53|14:47",0,8,"Strong","",105.57,105.23,106.09,106.41,1.55
INTC,"15:07",105.45,"WAIT","WATCH","","",189,0,"Strong","","","","","",""
INTC,"15:08",105.37,"WAIT","ARMED","REVERSAL","REVERSAL|14:53|14:47",2,8,"Strong","",105.57,105.23,106.09,106.41,1.55
INTC,"15:09",105.318,"WAIT","ARMED","REVERSAL","REVERSAL|14:53|14:47",3,8,"Strong","",105.57,105.23,106.09,106.41,1.55
INTC,"15:10",105.3201,"FAILED","FAILED","REVERSAL","REVERSAL|14:53|14:47",4,0,"Good","","","","","",""
INTC,"15:11",105.325,"WAIT","WATCH","","","",0,"Good","","","","","",""
INTC,"15:12",105.345,"WAIT","WATCH","","","",0,"Good","","","","","",""
INTC,"15:13",105.4253,"WAIT","WATCH","","",7,0,"Good","","","","","",""
INTC,"15:14",105.525,"WAIT","WATCH","","",8,0,"Good","","","","","",""
INTC,"15:15",105.67,"WAIT","WATCH","","",9,0,"Good","","","","","",""
INTC,"15:16",105.5499,"WAIT","WATCH","","",10,0,"Good","","","","","",""
INTC,"15:17",105.47,"WAIT","WATCH","","",11,0,"Good","","","","","",""
INTC,"15:18",105.36,"WAIT","WATCH","","",12,0,"Good","","","","","",""
INTC,"15:19",105.1916,"WAIT","WATCH","","","",0,"Good","","","","","",""
INTC,"15:20",105.0438,"WAIT","WATCH","","","",0,"Good","","","","","",""
INTC,"15:21",105.105,"WAIT","WATCH","","","",0,"Good","","","","","",""
INTC,"15:22",105.045,"WAIT","WATCH","","","",0,"Good","","","","","",""
INTC,"15:23",105.0899,"WAIT","WATCH","","","",0,"Good","","","","","",""
INTC,"15:24",105.02,"WAIT","WATCH","","","",0,"Good","","","","","",""
INTC,"15:25",104.8792,"WAIT","WATCH","","","",0,"Good","","","","","",""
INTC,"15:26",104.74,"WAIT","WATCH","","","",0,"Good","","","","","",""
INTC,"15:27",104.91,"WAIT","WATCH","","","",0,"Good","","","","","",""
INTC,"15:28",104.885,"WAIT","WATCH","","","",0,"Good","","","","","",""
INTC,"15:29",105,"WAIT","WATCH","","","",0,"Good","","","","","",""
INTC,"15:30",104.885,"WAIT","WATCH","","","",0,"Good","","","","","",""
INTC,"15:31",105.0899,"WAIT","WATCH","","","",0,"Good","","","","","",""
INTC,"15:32",105.0056,"WAIT","WATCH","","","",0,"Good","","","","","",""
INTC,"15:33",104.99,"WAIT","WATCH","","","",0,"Good","","","","","",""
INTC,"15:34",105.1101,"WAIT","WATCH","","","",0,"Good","","","","","",""
INTC,"15:35",104.96,"WAIT","WATCH","","","",0,"Good","","","","","",""
INTC,"15:36",104.975,"WAIT","WATCH","","","",0,"Good","","","","","",""
INTC,"15:37",104.9454,"WAIT","WATCH","","","",0,"Good","","","","","",""
INTC,"15:38",104.95,"WAIT","WATCH","","","",0,"Good","","","","","",""
INTC,"15:39",105.005,"WAIT","WATCH","","","",0,"Good","","","","","",""
INTC,"15:40",105.035,"WAIT","WATCH","","","",0,"Good","","","","","",""
INTC,"15:41",104.99,"WAIT","WATCH","","","",0,"Good","","","","","",""
INTC,"15:42",104.96,"WAIT","WATCH","","","",0,"Good","","","","","",""
INTC,"15:43",104.895,"WAIT","WATCH","","","",0,"Good","","","","","",""
INTC,"15:44",104.995,"NO TRADE","AVOID","","","",0,"Neutral","","","","","",""
INTC,"15:45",105.05,"NO TRADE","AVOID","","","",0,"Neutral","","","","","",""
INTC,"15:46",105.05,"NO TRADE","AVOID","","","",0,"Neutral","","","","","",""
INTC,"15:47",104.9959,"NO TRADE","AVOID","","","",0,"Neutral","","","","","",""
INTC,"15:48",105.025,"WAIT","ARMED","RECLAIM_CONTINUATION","RECLAIM_CONTINUATION|PIVOT_15:21|START_15:44",0,3,"Good","פריצה של 105.27 | ציון 6 (כרגע 3)",105.27,104.83,105.98,106.06,1.6
INTC,"15:49",105.085,"WAIT","ARMED","RECLAIM_CONTINUATION","RECLAIM_CONTINUATION|PIVOT_15:21|START_15:44",1,4,"Good","פריצה של 105.27 | ציון 6 (כרגע 4)",105.27,104.83,105.98,106.06,1.6
INTC,"15:50",105.2599,"WAIT","ARMED","REVERSAL","REVERSAL|15:41|15:40",0,6,"Good","",105.28,104.77,106.06,106.09,1.54
INTC,"15:51",105.09,"WAIT","ARMED","REVERSAL","REVERSAL|15:41|15:40",1,5,"Good","",105.28,104.77,106.06,106.09,1.54
INTC,"15:52",104.905,"WAIT","ARMED","REVERSAL","REVERSAL|15:41|15:40",2,5,"Good","",105.28,104.77,106.06,106.09,1.54
INTC,"15:53",104.56,"FAILED","FAILED","REVERSAL","REVERSAL|15:41|15:40",3,0,"Good","","","","","",""
INTC,"15:54",104.58,"WAIT","WATCH","","","",0,"Good","","","","","",""
INTC,"15:55",104.26,"WAIT","WATCH","","","",0,"Good","","","","","",""
INTC,"15:56",104.3499,"WAIT","WATCH","","","",0,"Good","","","","","",""
INTC,"15:57",104.3,"WAIT","WATCH","","","",0,"Good","","","","","",""
INTC,"15:58",104.305,"WAIT","WATCH","","","",0,"Good","","","","","",""
INTC,"15:59",104.4401,"WAIT","WATCH","","","",0,"Good","","","","","",""
HOOD,"09:30",122.3188,"NO TRADE","AVOID","","","",0,"","","","","","",""
HOOD,"09:31",122.22,"NO TRADE","AVOID","","","",0,"","","","","","",""
HOOD,"09:32",121.445,"NO TRADE","AVOID","","","",0,"","","","","","",""
HOOD,"09:33",122.28,"NO TRADE","AVOID","","","",0,"","","","","","",""
HOOD,"09:34",122.62,"NO TRADE","AVOID","","","",0,"","","","","","",""
HOOD,"09:35",122.685,"NO TRADE","AVOID","","","",0,"","","","","","",""
HOOD,"09:36",121.63,"NO TRADE","AVOID","","","",0,"","","","","","",""
HOOD,"09:37",122.455,"NO TRADE","AVOID","","","",0,"","","","","","",""
HOOD,"09:38",123.03,"NO TRADE","AVOID","","","",0,"","","","","","",""
HOOD,"09:39",122.26,"NO TRADE","AVOID","","","",0,"","","","","","",""
HOOD,"09:40",121.7121,"NO TRADE","AVOID","","","",0,"","","","","","",""
HOOD,"09:41",122,"NO TRADE","AVOID","","","",0,"","","","","","",""
HOOD,"09:42",121.98,"NO TRADE","AVOID","","","",0,"","","","","","",""
HOOD,"09:43",122.5372,"NO TRADE","AVOID","","","",0,"","","","","","",""
HOOD,"09:44",122.8509,"NO TRADE","AVOID","","","",0,"Weak","","","","","",""
HOOD,"09:45",122.925,"NO TRADE","AVOID","","","",0,"Weak","","","","","",""
HOOD,"09:46",122.835,"NO TRADE","AVOID","","","",0,"Neutral","","","","","",""
HOOD,"09:47",123.3695,"NO TRADE","AVOID","","","",0,"Neutral","","","","","",""
HOOD,"09:48",122.9,"NO TRADE","AVOID","","","",0,"Neutral","","","","","",""
HOOD,"09:49",123.185,"NO TRADE","AVOID","","","",0,"Neutral","","","","","",""
HOOD,"09:50",122.9399,"NO TRADE","AVOID","","","",0,"Neutral","","","","","",""
HOOD,"09:51",122.9,"NO TRADE","AVOID","","","",0,"Neutral","","","","","",""
HOOD,"09:52",122.59,"NO TRADE","AVOID","","","",0,"Neutral","","","","","",""
HOOD,"09:53",122.78,"WAIT","WATCH","","","",0,"Good","","","","","",""
HOOD,"09:54",123.9,"WAIT","SETUP","PULLBACK_CONTINUATION","PULLBACK_CONTINUATION@120.45",0,6,"Good","",123.91,120.3,125.12,132.93,0.34
HOOD,"09:55",124.13,"WAIT","SETUP","PULLBACK_CONTINUATION","PULLBACK_CONTINUATION@120.45",1,5,"Good","",123.91,120.3,125.12,132.93,0.34
HOOD,"09:56",123.875,"WAIT","SETUP","PULLBACK_CONTINUATION","PULLBACK_CONTINUATION@122.51",0,6,"Good","",124.18,122.36,125.12,128.73,0.52
HOOD,"09:57",123.64,"WAIT","SETUP","PULLBACK_CONTINUATION","PULLBACK_CONTINUATION@122.51",1,6,"Good","",124.18,122.36,125.12,128.73,0.52
HOOD,"09:58",123.3399,"WAIT","SETUP","RECLAIM_CONTINUATION","RECLAIM_CONTINUATION|VWAP|START_09:53",0,6,"Good","",124.18,122.37,125.12,128.71,0.52
HOOD,"09:59",123.4,"WAIT","SETUP","RECLAIM_CONTINUATION","RECLAIM_CONTINUATION|VWAP|START_09:53",1,6,"Good","",124.18,122.37,125.12,128.71,0.52
HOOD,"10:00",123.4516,"WAIT","SETUP","RECLAIM_CONTINUATION","RECLAIM_CONTINUATION|VWAP|START_09:53",2,6,"Good","",124.18,122.37,125.12,128.71,0.52
HOOD,"10:01",123,"WAIT","SETUP","RECLAIM_CONTINUATION","RECLAIM_CONTINUATION|VWAP|START_09:53",3,6,"Good","",124.18,122.37,125.12,128.71,0.52
HOOD,"10:02",123.245,"WAIT","SETUP","RECLAIM_CONTINUATION","RECLAIM_CONTINUATION|VWAP|START_09:53",4,6,"Good","",124.18,122.37,125.12,128.71,0.52
HOOD,"10:03",122.93,"WAIT","SETUP","RECLAIM_CONTINUATION","RECLAIM_CONTINUATION|VWAP|START_09:53",5,6,"Good","",124.18,122.37,125.12,128.71,0.52
HOOD,"10:04",123.185,"WAIT","SETUP","RECLAIM_CONTINUATION","RECLAIM_CONTINUATION|VWAP|START_09:53",6,7,"Good","",124.18,122.37,125.12,128.71,0.52
HOOD,"10:05",123.56,"WAIT","SETUP","RECLAIM_CONTINUATION","RECLAIM_CONTINUATION|VWAP|START_09:53",7,7,"Good","",124.18,122.37,125.12,128.71,0.52
HOOD,"10:06",123.165,"WAIT","SETUP","PULLBACK_CONTINUATION","PULLBACK_CONTINUATION|10:03|09:55",0,6,"Good","",123.71,122.61,124.17,126.47,0.42
HOOD,"10:07",122.85,"WAIT","SETUP","PULLBACK_CONTINUATION","PULLBACK_CONTINUATION|10:03|09:55",1,6,"Good","",123.71,122.61,124.17,126.47,0.42
HOOD,"10:08",123.01,"WAIT","SETUP","STRUCTURAL_BASE","STRUCTURAL_BASE|10:03|10:05",0,6,"Good","",123.71,122.62,124.17,126.44,0.42
HOOD,"10:09",122.96,"WAIT","SETUP","STRUCTURAL_BASE","STRUCTURAL_BASE|10:03|10:05",1,5,"Neutral","",123.71,122.62,124.17,126.44,0.42
HOOD,"10:10",123.115,"WAIT","SETUP","STRUCTURAL_BASE","STRUCTURAL_BASE|10:03|10:05",2,5,"Neutral","",123.71,122.62,124.17,126.44,0.42
HOOD,"10:11",122.985,"WAIT","SETUP","STRUCTURAL_BASE","STRUCTURAL_BASE|10:03|10:05",3,3,"Neutral","",123.71,122.62,124.17,126.44,0.42
HOOD,"10:12",123.02,"WAIT","SETUP","STRUCTURAL_BASE","STRUCTURAL_BASE|10:03|10:05",4,4,"Neutral","",123.71,122.62,124.17,126.44,0.42
HOOD,"10:13",123.205,"WAIT","SETUP","STRUCTURAL_BASE","STRUCTURAL_BASE|10:03|10:05",5,4,"Neutral","",123.71,122.62,124.17,126.44,0.42
HOOD,"10:14",123.125,"WAIT","SETUP","STRUCTURAL_BASE","STRUCTURAL_BASE|10:03|10:05",6,3,"Neutral","",123.71,122.62,124.17,126.44,0.42
HOOD,"10:15",123.218,"WAIT","SETUP","STRUCTURAL_BASE","STRUCTURAL_BASE|10:03|10:05",7,5,"Neutral","",123.71,122.62,124.17,126.44,0.42
HOOD,"10:16",123.345,"WAIT","SETUP","STRUCTURAL_BASE","STRUCTURAL_BASE|10:03|10:05",8,5,"Neutral","",123.71,122.62,124.17,126.44,0.42
HOOD,"10:17",123.3,"WAIT","SETUP","STRUCTURAL_BASE","STRUCTURAL_BASE|10:03|10:05",9,4,"Neutral","",123.71,122.62,124.17,126.44,0.42
HOOD,"10:18",123.47,"WAIT","SETUP","STRUCTURAL_BASE","STRUCTURAL_BASE|10:03|10:05",10,5,"Good","",123.71,122.62,124.17,126.44,0.42
HOOD,"10:19",124.1,"WAIT","SETUP","STRUCTURAL_BASE","STRUCTURAL_BASE|10:03|10:05",11,5,"Good","",123.71,122.62,124.17,126.44,0.42
HOOD,"10:20",124.09,"WAIT","SETUP","REVERSAL","REVERSAL|10:08|10:05",0,4,"Good","",124.35,123.31,125.12,126.95,0.74
HOOD,"10:21",124.11,"WAIT","SETUP","REVERSAL","REVERSAL|10:08|10:05",1,5,"Good","",124.35,123.31,125.12,126.95,0.74
HOOD,"10:22",123.79,"WAIT","SETUP","REVERSAL","REVERSAL|10:08|10:05",2,4,"Good","",124.35,123.31,125.12,126.95,0.74
HOOD,"10:23",123.745,"WAIT","SETUP","REVERSAL","REVERSAL|10:08|10:05",3,4,"Good","",124.35,123.31,125.12,126.95,0.74
HOOD,"10:24",123.77,"WAIT","SETUP","REVERSAL","REVERSAL|10:08|10:05",4,4,"Good","",124.35,123.31,125.12,126.95,0.74
HOOD,"10:25",123.645,"WAIT","SETUP","REVERSAL","REVERSAL|10:08|10:05",5,5,"Good","",124.35,123.31,125.12,126.95,0.74
HOOD,"10:26",123.4385,"FAILED","FAILED","REVERSAL","REVERSAL|10:08|10:05",6,0,"Good","","","","","",""
HOOD,"10:27",123.4599,"WAIT","WATCH","","","",0,"Good","","","","","",""
HOOD,"10:28",123.36,"WAIT","WATCH","","","",0,"Good","","","","","",""
HOOD,"10:29",123.16,"WAIT","WATCH","","","",0,"Good","","","","","",""
HOOD,"10:30",123.3,"WAIT","WATCH","","","",0,"Good","","","","","",""
HOOD,"10:31",122.84,"WAIT","WATCH","","","",0,"Good","","","","","",""
HOOD,"10:32",123.18,"WAIT","WATCH","","","",0,"Good","","","","","",""
HOOD,"10:33",123.545,"WAIT","ARMED","RECLAIM_CONTINUATION","RECLAIM_CONTINUATION|VWAP|START_10:32",0,6,"Good","פריצה של 123.56",123.56,122.79,125.12,125.48,2.04
HOOD,"10:34",123.52,"WAIT","ARMED","RECLAIM_CONTINUATION","RECLAIM_CONTINUATION|VWAP|START_10:32",1,3,"Good","סגירה קרוב ל-123.56 (לא רק נגיעה) | ציון 6 (כרגע 3)",123.56,122.79,125.12,125.48,2.04
HOOD,"10:35",123.5399,"WAIT","ARMED","RECLAIM_CONTINUATION","RECLAIM_CONTINUATION|VWAP|START_10:32",2,3,"Good","ציון 6 (כרגע 3)",123.56,122.79,125.12,125.48,2.04
HOOD,"10:36",123.335,"WAIT","ARMED","RECLAIM_CONTINUATION","RECLAIM_CONTINUATION|VWAP|START_10:32",3,3,"Good","סגירה קרוב ל-123.56 (לא רק נגיעה) | ציון 6 (כרגע 3)",123.56,122.79,125.12,125.48,2.04
HOOD,"10:37",123.18,"WAIT","ARMED","RECLAIM_CONTINUATION","RECLAIM_CONTINUATION|VWAP|START_10:32",4,1,"Neutral","",123.56,122.79,125.12,125.48,2.04
HOOD,"10:38",123.2265,"WAIT","ARMED","RECLAIM_CONTINUATION","RECLAIM_CONTINUATION|VWAP|START_10:32",5,1,"Neutral","",123.56,122.79,125.12,125.48,2.04
HOOD,"10:39",123.07,"WAIT","ARMED","RECLAIM_CONTINUATION","RECLAIM_CONTINUATION|VWAP|START_10:32",6,1,"Neutral","",123.56,122.79,125.12,125.48,2.04
HOOD,"10:40",123.02,"FAILED","FAILED","RECLAIM_CONTINUATION","RECLAIM_CONTINUATION|VWAP|START_10:32",7,0,"Neutral","","","","","",""
HOOD,"10:41",122.81,"NO TRADE","AVOID","","","",0,"Neutral","","","","","",""
HOOD,"10:42",122.55,"NO TRADE","AVOID","","","",0,"Weak","","","","","",""
HOOD,"10:43",122.675,"NO TRADE","AVOID","","","",0,"Weak","","","","","",""
HOOD,"10:44",122.33,"NO TRADE","AVOID","","","",0,"Weak","","","","","",""
HOOD,"10:45",121.7574,"NO TRADE","AVOID","","","",0,"Weak","","","","","",""
HOOD,"10:46",122.37,"NO TRADE","AVOID","","","",0,"Weak","","","","","",""
HOOD,"10:47",122.2383,"NO TRADE","AVOID","","","",0,"Weak","","","","","",""
HOOD,"10:48",122.33,"NO TRADE","AVOID","","","",0,"Weak","","","","","",""
HOOD,"10:49",122.31,"NO TRADE","AVOID","","","",0,"Weak","","","","","",""
HOOD,"10:50",122.205,"NO TRADE","AVOID","","","",0,"Weak","","","","","",""
HOOD,"10:51",122.17,"NO TRADE","AVOID","","","",0,"Weak","","","","","",""
HOOD,"10:52",122.015,"NO TRADE","AVOID","","","",0,"Weak","","","","","",""
HOOD,"10:53",122.23,"NO TRADE","AVOID","","","",0,"Weak","","","","","",""
HOOD,"10:54",122.2749,"NO TRADE","AVOID","","","",0,"Weak","","","","","",""
HOOD,"10:55",122.365,"WAIT","WATCH","","","",0,"Neutral","","","","","",""
HOOD,"10:56",122.0866,"WAIT","WATCH","","","",0,"Neutral","","","","","",""
HOOD,"10:57",122.15,"WAIT","WATCH","","","",0,"Neutral","","","","","",""
HOOD,"10:58",122.03,"WAIT","WATCH","","","",0,"Neutral","","","","","",""
HOOD,"10:59",122.06,"WAIT","WATCH","","","",0,"Neutral","","","","","",""
HOOD,"11:00",121.84,"WAIT","WATCH","","","",0,"Neutral","","","","","",""
HOOD,"11:01",121.88,"WAIT","WATCH","","","",0,"Neutral","","","","","",""
HOOD,"11:02",121.9301,"WAIT","WATCH","","","",0,"Weak","","","","","",""
HOOD,"11:03",122.3762,"WAIT","WATCH","","","",0,"Weak","","","","","",""
HOOD,"11:04",122.28,"WAIT","WATCH","","","",0,"Weak","","","","","",""
HOOD,"11:05",122.375,"NO TRADE","AVOID","","","",0,"Weak","","","","","",""
HOOD,"11:06",122.14,"NO TRADE","AVOID","","","",0,"Weak","","","","","",""
HOOD,"11:07",122.27,"NO TRADE","AVOID","","","",0,"Weak","","","","","",""
HOOD,"11:08",122.3,"NO TRADE","AVOID","","","",0,"Weak","","","","","",""
HOOD,"11:09",122.48,"NO TRADE","AVOID","","","",0,"Weak","","","","","",""
HOOD,"11:10",122.37,"NO TRADE","AVOID","","","",0,"Weak","","","","","",""
HOOD,"11:11",122.24,"NO TRADE","AVOID","","","",0,"Weak","","","","","",""
HOOD,"11:12",122.3143,"NO TRADE","AVOID","","","",0,"Weak","","","","","",""
HOOD,"11:13",122.355,"WAIT","WATCH","","","",0,"Neutral","","","","","",""
HOOD,"11:14",122.35,"WAIT","WATCH","","","",0,"Neutral","","","","","",""
HOOD,"11:15",122.425,"WAIT","WATCH","","","",0,"Neutral","","","","","",""
HOOD,"11:16",122.4,"WAIT","WATCH","","","",0,"Neutral","","","","","",""
HOOD,"11:17",122.175,"WAIT","WATCH","","","",0,"Neutral","","","","","",""
HOOD,"11:18",122.165,"WAIT","WATCH","","","",0,"Weak","","","","","",""
HOOD,"11:19",122.03,"NO TRADE","AVOID","","","",0,"Weak","","","","","",""
HOOD,"11:20",121.94,"NO TRADE","AVOID","","","",0,"Weak","","","","","",""
HOOD,"11:21",121.82,"NO TRADE","AVOID","","","",0,"Weak","","","","","",""
HOOD,"11:22",121.695,"NO TRADE","AVOID","","","",0,"Weak","","","","","",""
HOOD,"11:23",121.74,"NO TRADE","AVOID","","","",0,"Weak","","","","","",""
HOOD,"11:24",121.82,"NO TRADE","AVOID","","","",0,"Weak","","","","","",""
HOOD,"11:25",121.77,"NO TRADE","AVOID","","","",0,"Weak","","","","","",""
HOOD,"11:26",121.705,"NO TRADE","AVOID","","","",0,"Weak","","","","","",""
HOOD,"11:27",121.76,"NO TRADE","AVOID","","","",0,"Weak","","","","","",""
HOOD,"11:28",121.67,"NO TRADE","AVOID","","","",0,"Weak","","","","","",""
HOOD,"11:29",121.56,"NO TRADE","AVOID","","","",0,"Weak","","","","","",""
HOOD,"11:30",121.605,"NO TRADE","AVOID","","","",0,"Weak","","","","","",""
HOOD,"11:31",121.6622,"NO TRADE","AVOID","","","",0,"Weak","","","","","",""
HOOD,"11:32",121.41,"NO TRADE","AVOID","","","",0,"Weak","","","","","",""
HOOD,"11:33",121.51,"NO TRADE","AVOID","","","",0,"Weak","","","","","",""
HOOD,"11:34",121.4,"NO TRADE","AVOID","","","",0,"Weak","","","","","",""
HOOD,"11:35",121.33,"NO TRADE","AVOID","","","",0,"Weak","","","","","",""
HOOD,"11:36",121.39,"NO TRADE","AVOID","","","",0,"Weak","","","","","",""
HOOD,"11:37",121.37,"NO TRADE","AVOID","","","",0,"Weak","","","","","",""
HOOD,"11:38",121.45,"NO TRADE","AVOID","","","",0,"Weak","","","","","",""
HOOD,"11:39",121.4799,"NO TRADE","AVOID","","","",0,"Weak","","","","","",""
HOOD,"11:40",121.445,"NO TRADE","AVOID","","","",0,"Weak","","","","","",""
HOOD,"11:41",121.39,"NO TRADE","AVOID","","","",0,"Weak","","","","","",""
HOOD,"11:42",121.39,"NO TRADE","AVOID","","","",0,"Weak","","","","","",""
HOOD,"11:43",121.43,"NO TRADE","AVOID","","","",0,"Weak","","","","","",""
HOOD,"11:44",121.435,"NO TRADE","AVOID","","","",0,"Weak","","","","","",""
HOOD,"11:45",121.445,"NO TRADE","AVOID","","","",0,"Weak","","","","","",""
HOOD,"11:46",121.37,"NO TRADE","AVOID","","","",0,"Weak","","","","","",""
HOOD,"11:47",121.555,"NO TRADE","AVOID","","","",0,"Weak","","","","","",""
HOOD,"11:48",121.5,"NO TRADE","AVOID","","","",0,"Weak","","","","","",""
HOOD,"11:49",121.45,"NO TRADE","AVOID","","","",0,"Weak","","","","","",""
HOOD,"11:50",121.3,"NO TRADE","AVOID","","","",0,"Weak","","","","","",""
HOOD,"11:51",121.38,"WAIT","WATCH","","","",0,"Weak","","","","","",""
HOOD,"11:52",121.44,"WAIT","WATCH","","","",0,"Weak","","","","","",""
HOOD,"11:53",121.51,"WAIT","ARMED","PULLBACK_CONTINUATION","PULLBACK_CONTINUATION@121.30",0,5,"Neutral","פריצה של 121.59 | ציון 6 (כרגע 5)",121.59,121.26,122.47,122.48,2.67
HOOD,"11:54",121.45,"WAIT","ARMED","PULLBACK_CONTINUATION","PULLBACK_CONTINUATION@121.30",1,4,"Neutral","פריצה של 121.59 | ציון 6 (כרגע 4)",121.59,121.26,122.47,122.48,2.67
HOOD,"11:55",121.57,"WAIT","ARMED","PULLBACK_CONTINUATION","PULLBACK_CONTINUATION@121.30",2,5,"Neutral","פריצה של 121.59 | ציון 6 (כרגע 5)",121.59,121.26,122.47,122.48,2.67
HOOD,"11:56",121.71,"WAIT","ARMED","PULLBACK_CONTINUATION","PULLBACK_CONTINUATION@121.30",3,5,"Neutral","ציון 6 (כרגע 5)",121.59,121.26,122.47,122.48,2.67
HOOD,"11:57",121.75,"WAIT","ARMED","PULLBACK_CONTINUATION","PULLBACK_CONTINUATION@121.30",4,5,"Neutral","ציון 6 (כרגע 5)",121.59,121.26,122.47,122.48,2.67
HOOD,"11:58",121.465,"WAIT","ARMED","PULLBACK_CONTINUATION","PULLBACK_CONTINUATION@121.30",5,5,"Neutral","סגירה קרוב ל-121.59 (לא רק נגיעה) | ציון 6 (כרגע 5)",121.59,121.26,122.47,122.48,2.67
HOOD,"11:59",121.54,"WAIT","ARMED","PULLBACK_CONTINUATION","PULLBACK_CONTINUATION@121.30",6,5,"Neutral","סגירה קרוב ל-121.59 (לא רק נגיעה) | ציון 6 (כרגע 5)",121.59,121.26,122.47,122.48,2.67
HOOD,"12:00",121.28,"FAILED","FAILED","PULLBACK_CONTINUATION","PULLBACK_CONTINUATION@121.30",7,0,"Weak","","","","","",""
HOOD,"12:01",121.26,"WAIT","WATCH","","","",0,"Weak","","","","","",""
HOOD,"12:02",121.395,"WAIT","WATCH","","","",0,"Weak","","","","","",""
HOOD,"12:03",121.48,"WAIT","WATCH","","","",0,"Weak","","","","","",""
HOOD,"12:04",121.75,"WAIT","WATCH","","","",0,"Weak","","","","","",""
HOOD,"12:05",121.92,"WAIT","WATCH","","","",0,"Weak","","","","","",""
HOOD,"12:06",121.655,"WAIT","WATCH","","","",0,"Weak","","","","","",""
HOOD,"12:07",121.635,"WAIT","WATCH","","","",0,"Weak","","","","","",""
HOOD,"12:08",121.6,"WAIT","WATCH","","","",0,"Weak","","","","","",""
HOOD,"12:09",121.47,"WAIT","WATCH","","","",0,"Weak","","","","","",""
HOOD,"12:10",121.085,"WAIT","WATCH","","","",0,"Weak","","","","","",""
HOOD,"12:11",121,"WAIT","WATCH","","","",0,"Weak","","","","","",""
HOOD,"12:12",121.05,"WAIT","WATCH","","","",0,"Weak","","","","","",""
HOOD,"12:13",121.09,"WAIT","WATCH","","","",0,"Weak","","","","","",""
HOOD,"12:14",121.165,"WAIT","WATCH","","","",0,"Weak","","","","","",""
HOOD,"12:15",121.06,"WAIT","WATCH","","","",0,"Weak","","","","","",""
HOOD,"12:16",121.07,"WAIT","WATCH","","","",0,"Weak","","","","","",""
HOOD,"12:17",121.02,"WAIT","WATCH","","","",0,"Weak","","","","","",""
HOOD,"12:18",120.94,"NO TRADE","AVOID","","","",0,"Avoid","","","","","",""
HOOD,"12:19",120.81,"NO TRADE","AVOID","","","",0,"Avoid","","","","","",""
HOOD,"12:20",120.85,"NO TRADE","AVOID","","","",0,"Avoid","","","","","",""
HOOD,"12:21",121.01,"NO TRADE","AVOID","","","",0,"Avoid","","","","","",""
HOOD,"12:22",121.065,"NO TRADE","AVOID","","","",0,"Avoid","","","","","",""
HOOD,"12:23",121.03,"NO TRADE","AVOID","","","",0,"Avoid","","","","","",""
HOOD,"12:24",120.985,"NO TRADE","AVOID","","","",0,"Avoid","","","","","",""
HOOD,"12:25",121.055,"NO TRADE","AVOID","","","",0,"Avoid","","","","","",""
HOOD,"12:26",120.975,"NO TRADE","AVOID","","","",0,"Avoid","","","","","",""
HOOD,"12:27",120.99,"NO TRADE","AVOID","","","",0,"Avoid","","","","","",""
HOOD,"12:28",120.93,"NO TRADE","AVOID","","","",0,"Avoid","","","","","",""
HOOD,"12:29",120.84,"NO TRADE","AVOID","","","",0,"Avoid","","","","","",""
HOOD,"12:30",120.745,"NO TRADE","AVOID","","","",0,"Avoid","","","","","",""
HOOD,"12:31",120.67,"NO TRADE","AVOID","","","",0,"Avoid","","","","","",""
HOOD,"12:32",120.825,"NO TRADE","AVOID","","","",0,"Avoid","","","","","",""
HOOD,"12:33",121,"NO TRADE","AVOID","","","",0,"Avoid","","","","","",""
HOOD,"12:34",120.93,"NO TRADE","AVOID","","","",0,"Avoid","","","","","",""
HOOD,"12:35",121.075,"NO TRADE","AVOID","","","",0,"Avoid","","","","","",""
HOOD,"12:36",121.025,"NO TRADE","AVOID","","","",0,"Avoid","","","","","",""
HOOD,"12:37",121.2,"NO TRADE","AVOID","","","",0,"Avoid","","","","","",""
HOOD,"12:38",121.17,"NO TRADE","AVOID","","","",0,"Weak","","","","","",""
HOOD,"12:39",121.19,"NO TRADE","AVOID","","","",0,"Weak","","","","","",""
HOOD,"12:40",121.17,"NO TRADE","AVOID","","","",0,"Weak","","","","","",""
HOOD,"12:41",121.0586,"NO TRADE","AVOID","","","",0,"Weak","","","","","",""
HOOD,"12:42",121.1035,"NO TRADE","AVOID","","","",0,"Weak","","","","","",""
HOOD,"12:43",120.975,"NO TRADE","AVOID","","","",0,"Weak","","","","","",""
HOOD,"12:44",121.03,"NO TRADE","AVOID","","","",0,"Weak","","","","","",""
HOOD,"12:45",120.94,"NO TRADE","AVOID","","","",0,"Avoid","","","","","",""
HOOD,"12:46",121.04,"NO TRADE","AVOID","","","",0,"Avoid","","","","","",""
HOOD,"12:47",120.995,"WAIT","WATCH","","","",0,"Weak","","","","","",""
HOOD,"12:48",120.97,"WAIT","WATCH","","","",0,"Weak","","","","","",""
HOOD,"12:49",121.045,"WAIT","WATCH","","","",0,"Weak","","","","","",""
HOOD,"12:50",121.07,"WAIT","WATCH","","","",0,"Weak","","","","","",""
HOOD,"12:51",121.1,"WAIT","WATCH","","","",0,"Weak","","","","","",""
HOOD,"12:52",121,"WAIT","WATCH","","","",0,"Weak","","","","","",""
HOOD,"12:53",120.9,"WAIT","WATCH","","","",0,"Weak","","","","","",""
HOOD,"12:54",120.775,"WAIT","WATCH","","","",0,"Weak","","","","","",""
HOOD,"12:55",120.6701,"WAIT","WATCH","","","",0,"Weak","","","","","",""
HOOD,"12:56",120.7,"WAIT","WATCH","","","",0,"Weak","","","","","",""
HOOD,"12:57",120.6086,"WAIT","WATCH","","","",0,"Weak","","","","","",""
HOOD,"12:58",120.6101,"WAIT","WATCH","","","",0,"Weak","","","","","",""
HOOD,"12:59",120.54,"WAIT","WATCH","","","",0,"Weak","","","","","",""
HOOD,"13:00",120.45,"WAIT","WATCH","","","",0,"Weak","","","","","",""
HOOD,"13:01",120.52,"WAIT","WATCH","","","",0,"Weak","","","","","",""
HOOD,"13:02",120.52,"WAIT","WATCH","","","",0,"Weak","","","","","",""
HOOD,"13:03",120.51,"WAIT","WATCH","","","",0,"Weak","","","","","",""
HOOD,"13:04",120.53,"WAIT","WATCH","","","",0,"Weak","","","","","",""
HOOD,"13:05",120.49,"WAIT","WATCH","","","",0,"Weak","","","","","",""
HOOD,"13:06",120.47,"WAIT","WATCH","","","",0,"Weak","","","","","",""
HOOD,"13:07",120.38,"WAIT","WATCH","","","",0,"Weak","","","","","",""
HOOD,"13:08",120.32,"WAIT","WATCH","","","",0,"Weak","","","","","",""
HOOD,"13:09",120.28,"WAIT","WATCH","","","",0,"Weak","","","","","",""
HOOD,"13:10",120.385,"WAIT","WATCH","","","",0,"Weak","","","","","",""
HOOD,"13:11",120.49,"WAIT","WATCH","","","",0,"Weak","","","","","",""
HOOD,"13:12",120.53,"WAIT","WATCH","","","",0,"Weak","","","","","",""
HOOD,"13:13",120.5,"WAIT","WATCH","","","",0,"Weak","","","","","",""
HOOD,"13:14",120.53,"WAIT","WATCH","","","",0,"Weak","","","","","",""
HOOD,"13:15",120.589,"WAIT","WATCH","","","",0,"Weak","","","","","",""
HOOD,"13:16",120.665,"WAIT","WATCH","","","",0,"Weak","","","","","",""
HOOD,"13:17",120.66,"WAIT","WATCH","","","",0,"Weak","","","","","",""
HOOD,"13:18",120.57,"WAIT","WATCH","","","",0,"Weak","","","","","",""
HOOD,"13:19",120.54,"WAIT","WATCH","","","",0,"Weak","","","","","",""
HOOD,"13:20",120.53,"WAIT","WATCH","","","",0,"Weak","","","","","",""
HOOD,"13:21",120.595,"WAIT","WATCH","","","",0,"Weak","","","","","",""
HOOD,"13:22",120.565,"WAIT","WATCH","","","",0,"Weak","","","","","",""
HOOD,"13:23",120.405,"WAIT","WATCH","","","",0,"Weak","","","","","",""
HOOD,"13:24",120.4,"WAIT","WATCH","","","",0,"Weak","","","","","",""
HOOD,"13:25",120.24,"WAIT","WATCH","","","",0,"Weak","","","","","",""
HOOD,"13:26",120.19,"WAIT","WATCH","","","",0,"Weak","","","","","",""
HOOD,"13:27",120.32,"WAIT","WATCH","","","",0,"Weak","","","","","",""
HOOD,"13:28",120.31,"WAIT","WATCH","","","",0,"Weak","","","","","",""
HOOD,"13:29",120.36,"WAIT","WATCH","","","",0,"Weak","","","","","",""
HOOD,"13:30",120.46,"NO TRADE","AVOID","","","",0,"Avoid","","","","","",""
HOOD,"13:31",120.7006,"NO TRADE","AVOID","","","",0,"Avoid","","","","","",""
HOOD,"13:32",120.675,"NO TRADE","AVOID","","","",0,"Weak","","","","","",""
HOOD,"13:33",120.73,"NO TRADE","AVOID","","","",0,"Weak","","","","","",""
HOOD,"13:34",120.705,"NO TRADE","AVOID","","","",0,"Weak","","","","","",""
HOOD,"13:35",120.63,"NO TRADE","AVOID","","","",0,"Weak","","","","","",""
HOOD,"13:36",120.6,"NO TRADE","AVOID","","","",0,"Weak","","","","","",""
HOOD,"13:37",120.635,"WAIT","WATCH","","","",0,"Weak","","","","","",""
HOOD,"13:38",120.62,"WAIT","WATCH","","","",0,"Weak","","","","","",""
HOOD,"13:39",120.579,"WAIT","WATCH","","","",0,"Neutral","","","","","",""
HOOD,"13:40",120.55,"WAIT","WATCH","","","",0,"Neutral","","","","","",""
HOOD,"13:41",120.54,"WAIT","WATCH","","","",0,"Neutral","","","","","",""
HOOD,"13:42",120.485,"WAIT","WATCH","","","",0,"Neutral","","","","","",""
HOOD,"13:43",120.39,"WAIT","WATCH","","","",0,"Weak","","","","","",""
HOOD,"13:44",120.38,"WAIT","WATCH","","","",0,"Weak","","","","","",""
HOOD,"13:45",120.47,"WAIT","WATCH","","","",0,"Weak","","","","","",""
HOOD,"13:46",120.47,"WAIT","WATCH","","","",0,"Weak","","","","","",""
HOOD,"13:47",120.5168,"WAIT","WATCH","","","",0,"Weak","","","","","",""
HOOD,"13:48",120.53,"WAIT","WATCH","","","",0,"Weak","","","","","",""
HOOD,"13:49",120.48,"WAIT","WATCH","","","",0,"Weak","","","","","",""
HOOD,"13:50",120.45,"WAIT","WATCH","","","",0,"Weak","","","","","",""
HOOD,"13:51",120.66,"WAIT","WATCH","","","",0,"Weak","","","","","",""
HOOD,"13:52",120.655,"WAIT","WATCH","","","",0,"Weak","","","","","",""
HOOD,"13:53",120.59,"WAIT","WATCH","","","",0,"Weak","","","","","",""
HOOD,"13:54",120.645,"WAIT","WATCH","","","",0,"Weak","","","","","",""
HOOD,"13:55",120.6,"NO TRADE","AVOID","","","",0,"Weak","","","","","",""
HOOD,"13:56",120.78,"NO TRADE","AVOID","","","",0,"Weak","","","","","",""
HOOD,"13:57",120.9389,"NO TRADE","AVOID","","","",0,"Weak","","","","","",""
HOOD,"13:58",120.77,"NO TRADE","AVOID","","","",0,"Weak","","","","","",""
HOOD,"13:59",120.805,"NO TRADE","AVOID","","","",0,"Weak","","","","","",""
HOOD,"14:00",120.8,"NO TRADE","AVOID","","","",0,"Weak","","","","","",""
HOOD,"14:01",120.78,"WAIT","WATCH","","","",0,"Weak","","","","","",""
HOOD,"14:02",120.87,"WAIT","WATCH","","","",0,"Weak","","","","","",""
HOOD,"14:03",120.82,"WAIT","ARMED","REVERSAL","REVERSAL|13:43|13:34",0,4,"Weak","",120.93,120.72,121.55,121.62,3
HOOD,"14:04",120.94,"WAIT","ARMED","REVERSAL","REVERSAL|13:43|13:34",1,7,"Neutral","",120.93,120.72,121.55,121.62,3
HOOD,"14:05",120.96,"WAIT","ARMED","PULLBACK_CONTINUATION","PULLBACK_CONTINUATION@120.63",0,5,"Neutral","פריצה של 120.97 | ציון 6 (כרגע 5)",120.97,120.59,121.55,121.62,1.54
HOOD,"14:06",121.01,"WAIT","ARMED","PULLBACK_CONTINUATION","PULLBACK_CONTINUATION@120.63",1,5,"Neutral","ציון 6 (כרגע 5)",120.97,120.59,121.55,121.62,1.54
HOOD,"14:07",120.88,"WAIT","ARMED","PULLBACK_CONTINUATION","PULLBACK_CONTINUATION@120.63",2,5,"Neutral","סגירה קרוב ל-120.97 (לא רק נגיעה) | ציון 6 (כרגע 5)",120.97,120.59,121.55,121.62,1.54
HOOD,"14:08",121.025,"WAIT","ARMED","PULLBACK_CONTINUATION","PULLBACK_CONTINUATION@120.63",3,5,"Neutral","ציון 6 (כרגע 5)",120.97,120.59,121.55,121.62,1.54
HOOD,"14:09",120.955,"WAIT","ARMED","PULLBACK_CONTINUATION","PULLBACK_CONTINUATION@120.63",4,5,"Neutral","ציון 6 (כרגע 5)",120.97,120.59,121.55,121.62,1.54
HOOD,"14:10",121.1,"WAIT","ARMED","PULLBACK_CONTINUATION","PULLBACK_CONTINUATION@120.63",5,5,"Neutral","ציון 6 (כרגע 5)",120.97,120.59,121.55,121.62,1.54
HOOD,"14:11",121.115,"WAIT","ARMED","PULLBACK_CONTINUATION","PULLBACK_CONTINUATION@120.63",6,5,"Neutral","ציון 6 (כרגע 5)",120.97,120.59,121.55,121.62,1.54
HOOD,"14:12",121.12,"WAIT","ARMED","PULLBACK_CONTINUATION","PULLBACK_CONTINUATION@120.63",7,5,"Neutral","ציון 6 (כרגע 5)",120.97,120.59,121.55,121.62,1.54
HOOD,"14:13",121.1169,"WAIT","ARMED","PULLBACK_CONTINUATION","PULLBACK_CONTINUATION@120.63",8,4,"Neutral","ציון 6 (כרגע 4)",120.97,120.59,121.55,121.62,1.54
HOOD,"14:14",121.11,"WAIT","ARMED","PULLBACK_CONTINUATION","PULLBACK_CONTINUATION@120.63",9,4,"Neutral","ציון 6 (כרגע 4)",120.97,120.59,121.55,121.62,1.54
HOOD,"14:15",121.13,"WAIT","ARMED","PULLBACK_CONTINUATION","PULLBACK_CONTINUATION@120.63",10,5,"Neutral","ציון 6 (כרגע 5)",120.97,120.59,121.55,121.62,1.54
HOOD,"14:16",121.12,"WAIT","ARMED","REVERSAL","REVERSAL|14:01|13:58",0,7,"Neutral","",121.28,120.94,121.8,121.93,1.51
HOOD,"14:17",121.05,"WAIT","ARMED","PULLBACK_CONTINUATION","PULLBACK_CONTINUATION@120.63",12,5,"Neutral","ציון 6 (כרגע 5)",120.97,120.59,121.55,121.62,1.54
HOOD,"14:18",120.9173,"WAIT","ARMED","PULLBACK_CONTINUATION","PULLBACK_CONTINUATION@120.63",13,5,"Neutral","סגירה קרוב ל-120.97 (לא רק נגיעה) | ציון 6 (כרגע 5)",120.97,120.59,121.55,121.62,1.54
HOOD,"14:19",120.92,"WAIT","ARMED","PULLBACK_CONTINUATION","PULLBACK_CONTINUATION@120.63",14,5,"Neutral","פריצה של 120.97 | ציון 6 (כרגע 5)",120.97,120.59,121.55,121.62,1.54
HOOD,"14:20",120.83,"WAIT","ARMED","PULLBACK_CONTINUATION","PULLBACK_CONTINUATION@120.63",15,5,"Neutral","פריצה של 120.97 | ציון 6 (כרגע 5)",120.97,120.59,121.55,121.62,1.54
HOOD,"14:21",120.685,"FAILED","FAILED","PULLBACK_CONTINUATION","PULLBACK_CONTINUATION@120.63",16,0,"Weak","","","","","",""
HOOD,"14:22",120.745,"WAIT","WATCH","","","",0,"Weak","","","","","",""
HOOD,"14:23",120.73,"WAIT","WATCH","","","",0,"Weak","","","","","",""
HOOD,"14:24",120.64,"WAIT","WATCH","","","",0,"Weak","","","","","",""
HOOD,"14:25",120.655,"WAIT","WATCH","","","",0,"Weak","","","","","",""
HOOD,"14:26",120.585,"WAIT","WATCH","","","",0,"Weak","","","","","",""
HOOD,"14:27",120.465,"WAIT","WATCH","","","",0,"Weak","","","","","",""
HOOD,"14:28",120.535,"WAIT","WATCH","","","",0,"Weak","","","","","",""
HOOD,"14:29",120.5,"WAIT","WATCH","","","",0,"Weak","","","","","",""
HOOD,"14:30",120.42,"WAIT","WATCH","","","",0,"Weak","","","","","",""
HOOD,"14:31",120.38,"WAIT","WATCH","","","",0,"Weak","","","","","",""
HOOD,"14:32",120.285,"WAIT","WATCH","","","",0,"Weak","","","","","",""
HOOD,"14:33",120.15,"WAIT","WATCH","","","",0,"Weak","","","","","",""
HOOD,"14:34",120.14,"WAIT","WATCH","","","",0,"Weak","","","","","",""
HOOD,"14:35",120.0501,"WAIT","WATCH","","","",0,"Weak","","","","","",""
HOOD,"14:36",119.88,"WAIT","WATCH","","","",0,"Weak","","","","","",""
HOOD,"14:37",119.735,"WAIT","WATCH","","","",0,"Weak","","","","","",""
HOOD,"14:38",119.6191,"WAIT","WATCH","","","",0,"Weak","","","","","",""
HOOD,"14:39",119.6519,"WAIT","WATCH","","","",0,"Weak","","","","","",""
HOOD,"14:40",119.6,"WAIT","WATCH","","","",0,"Weak","","","","","",""
HOOD,"14:41",119.54,"WAIT","WATCH","","","",0,"Weak","","","","","",""
HOOD,"14:42",119.62,"WAIT","WATCH","","","",0,"Weak","","","","","",""
HOOD,"14:43",119.71,"WAIT","WATCH","","","",0,"Weak","","","","","",""
HOOD,"14:44",119.65,"WAIT","WATCH","","","",0,"Weak","","","","","",""
HOOD,"14:45",119.66,"WAIT","WATCH","","","",0,"Weak","","","","","",""
HOOD,"14:46",119.65,"WAIT","WATCH","","","",0,"Weak","","","","","",""
HOOD,"14:47",119.3,"WAIT","WATCH","","","",0,"Weak","","","","","",""
HOOD,"14:48",118.81,"NO TRADE","AVOID","","","",0,"Avoid","","","","","",""
HOOD,"14:49",119.045,"NO TRADE","AVOID","","","",0,"Avoid","","","","","",""
HOOD,"14:50",119.21,"NO TRADE","AVOID","","","",0,"Avoid","","","","","",""
HOOD,"14:51",119.0926,"NO TRADE","AVOID","","","",0,"Avoid","","","","","",""
HOOD,"14:52",119.03,"NO TRADE","AVOID","","","",0,"Avoid","","","","","",""
HOOD,"14:53",119.245,"NO TRADE","AVOID","","","",0,"Avoid","","","","","",""
HOOD,"14:54",119.335,"NO TRADE","AVOID","","","",0,"Avoid","","","","","",""
HOOD,"14:55",119.29,"NO TRADE","AVOID","","","",0,"Avoid","","","","","",""
HOOD,"14:56",119.255,"NO TRADE","AVOID","","","",0,"Avoid","","","","","",""
HOOD,"14:57",119.1922,"NO TRADE","AVOID","","","",0,"Avoid","","","","","",""
HOOD,"14:58",119.2532,"NO TRADE","AVOID","","","",0,"Avoid","","","","","",""
HOOD,"14:59",119.15,"NO TRADE","AVOID","","","",0,"Avoid","","","","","",""
HOOD,"15:00",119.045,"NO TRADE","AVOID","","","",0,"Avoid","","","","","",""
HOOD,"15:01",118.93,"NO TRADE","AVOID","","","",0,"Avoid","","","","","",""
HOOD,"15:02",119.125,"NO TRADE","AVOID","","","",0,"Avoid","","","","","",""
HOOD,"15:03",119.08,"NO TRADE","AVOID","","","",0,"Avoid","","","","","",""
HOOD,"15:04",119.11,"WAIT","WATCH","","","",0,"Weak","","","","","",""
HOOD,"15:05",119.115,"WAIT","WATCH","","","",0,"Weak","","","","","",""
HOOD,"15:06",119.135,"WAIT","WATCH","","","",0,"Weak","","","","","",""
HOOD,"15:07",119.13,"WAIT","WATCH","","","",0,"Weak","","","","","",""
HOOD,"15:08",119.13,"WAIT","WATCH","","","",0,"Weak","","","","","",""
HOOD,"15:09",119.16,"WAIT","WATCH","","","",0,"Weak","","","","","",""
HOOD,"15:10",119.13,"WAIT","WATCH","","","",0,"Weak","","","","","",""
HOOD,"15:11",119.142,"WAIT","WATCH","","","",0,"Weak","","","","","",""
HOOD,"15:12",119.161,"WAIT","WATCH","","","",0,"Weak","","","","","",""
HOOD,"15:13",119.275,"WAIT","WATCH","","","",0,"Weak","","","","","",""
HOOD,"15:14",119.3688,"WAIT","WATCH","","","",0,"Weak","","","","","",""
HOOD,"15:15",119.21,"WAIT","WATCH","","","",0,"Weak","","","","","",""
HOOD,"15:16",119.175,"WAIT","WATCH","","","",0,"Weak","","","","","",""
HOOD,"15:17",119.085,"WAIT","WATCH","","","",0,"Weak","","","","","",""
HOOD,"15:18",119.015,"WAIT","WATCH","","","",0,"Weak","","","","","",""
HOOD,"15:19",118.86,"WAIT","WATCH","","","",0,"Weak","","","","","",""
HOOD,"15:20",118.8375,"WAIT","WATCH","","","",0,"Weak","","","","","",""
HOOD,"15:21",118.885,"WAIT","WATCH","","","",0,"Weak","","","","","",""
HOOD,"15:22",118.745,"WAIT","WATCH","","","",0,"Weak","","","","","",""
HOOD,"15:23",118.7526,"WAIT","WATCH","","","",0,"Weak","","","","","",""
HOOD,"15:24",118.58,"WAIT","WATCH","","","",0,"Weak","","","","","",""
HOOD,"15:25",118.49,"WAIT","WATCH","","","",0,"Weak","","","","","",""
HOOD,"15:26",118.52,"WAIT","WATCH","","","",0,"Weak","","","","","",""
HOOD,"15:27",118.54,"WAIT","WATCH","","","",0,"Weak","","","","","",""
HOOD,"15:28",118.605,"WAIT","WATCH","","","",0,"Weak","","","","","",""
HOOD,"15:29",118.675,"WAIT","WATCH","","","",0,"Weak","","","","","",""
HOOD,"15:30",118.545,"WAIT","WATCH","","","",0,"Weak","","","","","",""
HOOD,"15:31",118.9,"WAIT","WATCH","","","",0,"Weak","","","","","",""
HOOD,"15:32",118.4676,"WAIT","WATCH","","","",0,"Weak","","","","","",""
HOOD,"15:33",118.24,"WAIT","WATCH","","","",0,"Weak","","","","","",""
HOOD,"15:34",118.485,"NO TRADE","AVOID","","","",0,"Avoid","","","","","",""
HOOD,"15:35",118.28,"NO TRADE","AVOID","","","",0,"Avoid","","","","","",""
HOOD,"15:36",118.13,"NO TRADE","AVOID","","","",0,"Avoid","","","","","",""
HOOD,"15:37",118.16,"NO TRADE","AVOID","","","",0,"Avoid","","","","","",""
HOOD,"15:38",118.15,"NO TRADE","AVOID","","","",0,"Avoid","","","","","",""
HOOD,"15:39",118.14,"NO TRADE","AVOID","","","",0,"Avoid","","","","","",""
HOOD,"15:40",118.095,"NO TRADE","AVOID","","","",0,"Avoid","","","","","",""
HOOD,"15:41",118.02,"NO TRADE","AVOID","","","",0,"Avoid","","","","","",""
HOOD,"15:42",118.0493,"NO TRADE","AVOID","","","",0,"Avoid","","","","","",""
HOOD,"15:43",117.98,"NO TRADE","AVOID","","","",0,"Avoid","","","","","",""
HOOD,"15:44",118.215,"NO TRADE","AVOID","","","",0,"Avoid","","","","","",""
HOOD,"15:45",117.97,"NO TRADE","AVOID","","","",0,"Avoid","","","","","",""
HOOD,"15:46",118.035,"NO TRADE","AVOID","","","",0,"Avoid","","","","","",""
HOOD,"15:47",118.07,"NO TRADE","AVOID","","","",0,"Avoid","","","","","",""
HOOD,"15:48",118.11,"NO TRADE","AVOID","","","",0,"Avoid","","","","","",""
HOOD,"15:49",118.02,"NO TRADE","AVOID","","","",0,"Avoid","","","","","",""
HOOD,"15:50",117.85,"NO TRADE","AVOID","","","",0,"Avoid","","","","","",""
HOOD,"15:51",117.7619,"NO TRADE","AVOID","","","",0,"Avoid","","","","","",""
HOOD,"15:52",117.55,"NO TRADE","AVOID","","","",0,"Avoid","","","","","",""
HOOD,"15:53",117.545,"NO TRADE","AVOID","","","",0,"Avoid","","","","","",""
HOOD,"15:54",117.705,"NO TRADE","AVOID","","","",0,"Avoid","","","","","",""
HOOD,"15:55",117.71,"NO TRADE","AVOID","","","",0,"Avoid","","","","","",""
HOOD,"15:56",117.63,"NO TRADE","AVOID","","","",0,"Avoid","","","","","",""
HOOD,"15:57",117.365,"NO TRADE","AVOID","","","",0,"Avoid","","","","","",""
HOOD,"15:58",117.14,"NO TRADE","AVOID","","","",0,"Avoid","","","","","",""
HOOD,"15:59",117.32,"NO TRADE","AVOID","","","",0,"Avoid","","","","","",""
ARM,"09:30",261.835,"NO TRADE","AVOID","","","",0,"","","","","","",""
ARM,"09:31",262.075,"NO TRADE","AVOID","","","",0,"","","","","","",""
ARM,"09:32",262.185,"NO TRADE","AVOID","","","",0,"","","","","","",""
ARM,"09:33",260.415,"NO TRADE","AVOID","","","",0,"","","","","","",""
ARM,"09:34",261.47,"NO TRADE","AVOID","","","",0,"","","","","","",""
ARM,"09:35",260.27,"NO TRADE","AVOID","","","",0,"","","","","","",""
ARM,"09:36",260.51,"NO TRADE","AVOID","","","",0,"","","","","","",""
ARM,"09:37",260.77,"NO TRADE","AVOID","","","",0,"","","","","","",""
ARM,"09:38",259.83,"NO TRADE","AVOID","","","",0,"","","","","","",""
ARM,"09:39",259.09,"NO TRADE","AVOID","","","",0,"","","","","","",""
ARM,"09:40",258.79,"NO TRADE","AVOID","","","",0,"","","","","","",""
ARM,"09:41",259,"NO TRADE","AVOID","","","",0,"","","","","","",""
ARM,"09:42",257.8,"NO TRADE","AVOID","","","",0,"","","","","","",""
ARM,"09:43",258.15,"NO TRADE","AVOID","","","",0,"","","","","","",""
ARM,"09:44",257.3,"WAIT","WATCH","","","",0,"Avoid","","","","","",""
ARM,"09:45",257.88,"WAIT","WATCH","","","",0,"Avoid","","","","","",""
ARM,"09:46",256.6,"WAIT","WATCH","","","",0,"Avoid","","","","","",""
ARM,"09:47",257.28,"WAIT","WATCH","","","",0,"Avoid","","","","","",""
ARM,"09:48",257.37,"WAIT","WATCH","","","",0,"Avoid","","","","","",""
ARM,"09:49",258.79,"WAIT","WATCH","","","",0,"Avoid","","","","","",""
ARM,"09:50",257,"WAIT","WATCH","","","",0,"Avoid","","","","","",""
ARM,"09:51",257.5,"WAIT","WATCH","","","",0,"Avoid","","","","","",""
ARM,"09:52",256.54,"WAIT","WATCH","","","",0,"Avoid","","","","","",""
ARM,"09:53",256.605,"WAIT","WATCH","","","",0,"Avoid","","","","","",""
ARM,"09:54",256.99,"WAIT","WATCH","","","",0,"Avoid","","","","","",""
ARM,"09:55",257.26,"WAIT","WATCH","","","",0,"Avoid","","","","","",""
ARM,"09:56",257.3806,"NO TRADE","AVOID","","","",0,"Avoid","","","","","",""
ARM,"09:57",257.42,"NO TRADE","AVOID","","","",0,"Avoid","","","","","",""
ARM,"09:58",257.475,"NO TRADE","AVOID","","","",0,"Avoid","","","","","",""
ARM,"09:59",257.06,"NO TRADE","AVOID","","","",0,"Avoid","","","","","",""
ARM,"10:00",256.64,"NO TRADE","AVOID","","","",0,"Avoid","","","","","",""
ARM,"10:01",256.24,"NO TRADE","AVOID","","","",0,"Avoid","","","","","",""
ARM,"10:02",255.9201,"NO TRADE","AVOID","","","",0,"Avoid","","","","","",""
ARM,"10:03",256.0901,"NO TRADE","AVOID","","","",0,"Avoid","","","","","",""
ARM,"10:04",256.64,"NO TRADE","AVOID","","","",0,"Avoid","","","","","",""
ARM,"10:05",256.5972,"NO TRADE","AVOID","","","",0,"Avoid","","","","","",""
ARM,"10:06",256.55,"NO TRADE","AVOID","","","",0,"Avoid","","","","","",""
ARM,"10:07",255.83,"NO TRADE","AVOID","","","",0,"Avoid","","","","","",""
ARM,"10:08",255.45,"NO TRADE","AVOID","","","",0,"Avoid","","","","","",""
ARM,"10:09",254.855,"NO TRADE","AVOID","","","",0,"Avoid","","","","","",""
ARM,"10:10",255.03,"NO TRADE","AVOID","","","",0,"Avoid","","","","","",""
ARM,"10:11",255.025,"NO TRADE","AVOID","","","",0,"Avoid","","","","","",""
ARM,"10:12",255.72,"NO TRADE","AVOID","","","",0,"Avoid","","","","","",""
ARM,"10:13",255.58,"NO TRADE","AVOID","","","",0,"Avoid","","","","","",""
ARM,"10:14",255.73,"NO TRADE","AVOID","","","",0,"Avoid","","","","","",""
ARM,"10:15",255.59,"NO TRADE","AVOID","","","",0,"Avoid","","","","","",""
ARM,"10:16",256.19,"NO TRADE","AVOID","","","",0,"Avoid","","","","","",""
ARM,"10:17",256.435,"NO TRADE","AVOID","","","",0,"Avoid","","","","","",""
ARM,"10:18",256.34,"WAIT","WATCH","","","",0,"Weak","","","","","",""
ARM,"10:19",256.44,"WAIT","WATCH","","","",0,"Weak","","","","","",""
ARM,"10:20",256.89,"WAIT","WATCH","","","",0,"Weak","","","","","",""
ARM,"10:21",257.65,"WAIT","WATCH","","","",0,"Weak","","","","","",""
ARM,"10:22",257.405,"WAIT","WATCH","","","",0,"Weak","","","","","",""
ARM,"10:23",257.325,"WAIT","WATCH","","","",0,"Weak","","","","","",""
ARM,"10:24",256.64,"WAIT","WATCH","","","",0,"Neutral","","","","","",""
ARM,"10:25",256.9132,"WAIT","WATCH","","","",0,"Neutral","","","","","",""
ARM,"10:26",256.37,"WAIT","WATCH","","","",0,"Neutral","","","","","",""
ARM,"10:27",256.5,"WAIT","WATCH","","","",0,"Neutral","","","","","",""
ARM,"10:28",256.795,"WAIT","WATCH","","","",0,"Neutral","","","","","",""
ARM,"10:29",257.2,"WAIT","WATCH","","","",0,"Neutral","","","","","",""
ARM,"10:30",257.2299,"WAIT","WATCH","","","",0,"Neutral","","","","","",""
ARM,"10:31",256.84,"WAIT","WATCH","","","",0,"Neutral","","","","","",""
ARM,"10:32",256.495,"WAIT","WATCH","","","",0,"Neutral","","","","","",""
ARM,"10:33",255.93,"WAIT","WATCH","","","",0,"Weak","","","","","",""
ARM,"10:34",255.6947,"WAIT","WATCH","","","",0,"Weak","","","","","",""
ARM,"10:35",256.04,"WAIT","WATCH","","","",0,"Weak","","","","","",""
ARM,"10:36",256.12,"NO TRADE","AVOID","","","",0,"Avoid","","","","","",""
ARM,"10:37",256.165,"NO TRADE","AVOID","","","",0,"Avoid","","","","","",""
ARM,"10:38",256.48,"NO TRADE","AVOID","","","",0,"Avoid","","","","","",""
ARM,"10:39",256.065,"NO TRADE","AVOID","","","",0,"Avoid","","","","","",""
ARM,"10:40",255.995,"NO TRADE","AVOID","","","",0,"Avoid","","","","","",""
ARM,"10:41",256.49,"NO TRADE","AVOID","","","",0,"Avoid","","","","","",""
ARM,"10:42",256.35,"NO TRADE","AVOID","","","",0,"Avoid","","","","","",""
ARM,"10:43",256.1,"NO TRADE","AVOID","","","",0,"Avoid","","","","","",""
ARM,"10:44",256.36,"WAIT","WATCH","","","",0,"Weak","","","","","",""
ARM,"10:45",255.84,"WAIT","WATCH","","","",0,"Weak","","","","","",""
ARM,"10:46",256.27,"WAIT","WATCH","","","",0,"Weak","","","","","",""
ARM,"10:47",256.18,"WAIT","WATCH","","","",0,"Weak","","","","","",""
ARM,"10:48",256.445,"NO TRADE","AVOID","","","",0,"Avoid","","","","","",""
ARM,"10:49",256.4,"NO TRADE","AVOID","","","",0,"Avoid","","","","","",""
ARM,"10:50",256.65,"NO TRADE","AVOID","","","",0,"Weak","","","","","",""
ARM,"10:51",257.0597,"NO TRADE","AVOID","","","",0,"Weak","","","","","",""
ARM,"10:52",257.3,"WAIT","ARMED","REVERSAL","REVERSAL|10:45|10:39",0,4,"Weak","",257.41,256.54,259.13,262.88,1.98
ARM,"10:53",257.69,"WAIT","ARMED","REVERSAL","REVERSAL|10:45|10:39",1,4,"Weak","",257.41,256.54,259.13,262.88,1.98
ARM,"10:54",257.445,"WAIT","ARMED","REVERSAL","REVERSAL|10:45|10:39",2,4,"Weak","",257.41,256.54,259.13,262.88,1.98
ARM,"10:55",258.205,"WAIT","ARMED","REVERSAL","REVERSAL|10:45|10:39",3,3,"Weak","",257.41,256.54,259.13,262.88,1.98
ARM,"10:56",258.4,"WAIT","ARMED","REVERSAL","REVERSAL|10:45|10:39",4,1,"Weak","",257.41,256.54,259.13,262.88,1.98
ARM,"10:57",258.77,"WAIT","ARMED","REVERSAL","REVERSAL|10:45|10:39",5,2,"Neutral","",257.41,256.54,259.13,262.88,1.98
ARM,"10:58",259.3389,"WAIT","ARMED","REVERSAL","REVERSAL|10:45|10:39",6,2,"Neutral","",257.41,256.54,259.13,262.88,1.98
ARM,"10:59",259.555,"WAIT","ARMED","REVERSAL","REVERSAL|10:45|10:39",7,3,"Neutral","",257.41,256.54,259.13,262.88,1.98
ARM,"11:00",259.46,"WAIT","ARMED","REVERSAL","REVERSAL|10:45|10:39",8,1,"Neutral","",257.41,256.54,259.13,262.88,1.98
ARM,"11:01",259.19,"WAIT","ARMED","REVERSAL","REVERSAL|10:45|10:39",9,1,"Neutral","",257.41,256.54,259.13,262.88,1.98
ARM,"11:02",258.8,"WAIT","ARMED","REVERSAL","REVERSAL|10:45|10:39",10,1,"Neutral","",257.41,256.54,259.13,262.88,1.98
ARM,"11:03",258.99,"WAIT","ARMED","REVERSAL","REVERSAL|10:45|10:39",11,2,"Neutral","",257.41,256.54,259.13,262.88,1.98
ARM,"11:04",259.05,"WAIT","ARMED","REVERSAL","REVERSAL|10:45|10:39",12,2,"Neutral","",257.41,256.54,259.13,262.88,1.98
ARM,"11:05",259,"WAIT","ARMED","REVERSAL","REVERSAL|10:45|10:39",13,2,"Neutral","",257.41,256.54,259.13,262.88,1.98
ARM,"11:06",259,"WAIT","ARMED","RECLAIM_CONTINUATION","RECLAIM_CONTINUATION|VWAP|START_10:58",0,6,"Good","פריצה של 259.82",259.82,258.45,262.88,263.24,2.24
ARM,"11:07",259.25,"WAIT","ARMED","PULLBACK_CONTINUATION","PULLBACK_CONTINUATION@258.60",0,7,"Good","פריצה של 259.40",259.4,258.46,262.88,261.75,3.7
ARM,"11:08",259.83,"NO TRADE (shadow)","READY","PULLBACK_CONTINUATION","PULLBACK_CONTINUATION@258.60",1,7,"Good","",259.4,258.46,262.88,261.75,3.7
ARM,"11:09",260.13,"WAIT","ARMED","PULLBACK_CONTINUATION","PULLBACK_CONTINUATION@258.60",2,5,"Good","",259.4,258.46,262.88,261.75,3.7
ARM,"11:10",260.44,"WAIT","ARMED","PULLBACK_CONTINUATION","PULLBACK_CONTINUATION@258.60",3,5,"Good","",259.4,258.46,262.88,261.75,3.7
ARM,"11:11",260.74,"WAIT","ARMED","PULLBACK_CONTINUATION","PULLBACK_CONTINUATION@258.60",4,5,"Good","",259.4,258.46,262.88,261.75,3.7
ARM,"11:12",261.7499,"WAIT","ARMED","PULLBACK_CONTINUATION","PULLBACK_CONTINUATION@258.60",5,6,"Good","",259.4,258.46,262.88,261.75,3.7
ARM,"11:13",262.26,"WAIT","ARMED","PULLBACK_CONTINUATION","PULLBACK_CONTINUATION@258.60",6,6,"Good","",259.4,258.46,262.88,261.75,3.7
ARM,"11:14",262.73,"WAIT","ARMED","PULLBACK_CONTINUATION","PULLBACK_CONTINUATION@258.60",7,6,"Good","",259.4,258.46,262.88,261.75,3.7
ARM,"11:15",262.815,"WAIT","ARMED","PULLBACK_CONTINUATION","PULLBACK_CONTINUATION@258.60",8,5,"Good","",259.4,258.46,262.88,261.75,3.7
ARM,"11:16",262.55,"WAIT","ARMED","PULLBACK_CONTINUATION","PULLBACK_CONTINUATION@258.60",9,5,"Good","",259.4,258.46,262.88,261.75,3.7
ARM,"11:17",263.005,"WAIT","ARMED","PULLBACK_CONTINUATION","PULLBACK_CONTINUATION@258.60",10,5,"Good","",259.4,258.46,262.88,261.75,3.7
ARM,"11:18",262.85,"WAIT","ARMED","PULLBACK_CONTINUATION","PULLBACK_CONTINUATION@258.60",11,5,"Good","",259.4,258.46,262.88,261.75,3.7
ARM,"11:19",262.305,"WAIT","ARMED","PULLBACK_CONTINUATION","PULLBACK_CONTINUATION@258.60",12,5,"Good","",259.4,258.46,262.88,261.75,3.7
ARM,"11:20",262.18,"WAIT","ARMED","PULLBACK_CONTINUATION","PULLBACK_CONTINUATION@258.60",13,5,"Good","",259.4,258.46,262.88,261.75,3.7
ARM,"11:21",261.72,"WAIT","ARMED","REVERSAL","REVERSAL|11:03|11:00",0,7,"Good","",263.22,258.97,271.72,275.97,2
ARM,"11:22",261.955,"WAIT","ARMED","REVERSAL","REVERSAL|11:03|11:00",1,7,"Good","",263.22,258.97,271.72,275.97,2
ARM,"11:23",261.715,"WAIT","ARMED","REVERSAL","REVERSAL|11:03|11:00",2,7,"Good","",263.22,258.97,271.72,275.97,2
ARM,"11:24",262.495,"WAIT","ARMED","REVERSAL","REVERSAL|11:03|11:00",3,8,"Good","",263.22,258.97,271.72,275.97,2
ARM,"11:25",262.175,"WAIT","SETUP","PULLBACK_CONTINUATION","PULLBACK_CONTINUATION|11:22|11:18",0,7,"Good","",262.67,261.34,263.21,266,0.41
ARM,"11:26",262.07,"WAIT","SETUP","PULLBACK_CONTINUATION","PULLBACK_CONTINUATION|11:22|11:18",1,6,"Good","",262.67,261.34,263.21,266,0.41
ARM,"11:27",261.72,"WAIT","SETUP","STRUCTURAL_BASE","STRUCTURAL_BASE|11:22|11:24",0,6,"Neutral","",262.67,261.36,263.21,265.94,0.41
ARM,"11:28",261.4562,"FAILED","FAILED","STRUCTURAL_BASE","STRUCTURAL_BASE|11:22|11:24",1,0,"Neutral","","","","","",""
ARM,"11:29",261.61,"WAIT","WATCH","","",2,0,"Neutral","","","","","",""
ARM,"11:30",261.42,"WAIT","WATCH","","","",0,"Neutral","","","","","",""
ARM,"11:31",261.31,"WAIT","WATCH","","","",0,"Neutral","","","","","",""
ARM,"11:32",260.91,"WAIT","WATCH","","","",0,"Neutral","","","","","",""
ARM,"11:33",260.85,"WAIT","WATCH","","","",0,"Neutral","","","","","",""
ARM,"11:34",261.2,"WAIT","WATCH","","","",0,"Neutral","","","","","",""
ARM,"11:35",260.83,"WAIT","WATCH","","","",0,"Neutral","","","","","",""
ARM,"11:36",260.8,"NO TRADE","AVOID","","","",0,"Weak","","","","","",""
ARM,"11:37",260.825,"NO TRADE","AVOID","","","",0,"Weak","","","","","",""
ARM,"11:38",261.32,"NO TRADE","AVOID","","","",0,"Weak","","","","","",""
ARM,"11:39",263.485,"NO TRADE","AVOID","","","",0,"Neutral","","","","","",""
ARM,"11:40",265.34,"WAIT","ARMED","REVERSAL","REVERSAL|11:33|11:24",0,5,"Neutral","",265.63,261.03,274.83,279.43,2
ARM,"11:41",265.96,"WAIT","ARMED","REVERSAL","REVERSAL|11:33|11:24",1,5,"Neutral","",265.63,261.03,274.83,279.43,2
ARM,"11:42",267.22,"WAIT","ARMED","REVERSAL","REVERSAL|11:33|11:24",2,3,"Neutral","",265.63,261.03,274.83,279.43,2
ARM,"11:43",267.8899,"WAIT","ARMED","REVERSAL","REVERSAL|11:33|11:24",3,3,"Neutral","",265.63,261.03,274.83,279.43,2
ARM,"11:44",267.02,"WAIT","ARMED","REVERSAL","REVERSAL|11:33|11:24",4,2,"Neutral","",265.63,261.03,274.83,279.43,2
ARM,"11:45",266.01,"WAIT","ARMED","REVERSAL","REVERSAL|11:33|11:24",5,4,"Neutral","",265.63,261.03,274.83,279.43,2
ARM,"11:46",266.405,"WAIT","ARMED","REVERSAL","REVERSAL|11:33|11:24",6,3,"Neutral","",265.63,261.03,274.83,279.43,2
ARM,"11:47",266.01,"WAIT","ARMED","REVERSAL","REVERSAL|11:33|11:24",7,5,"Neutral","",265.63,261.03,274.83,279.43,2
ARM,"11:48",264.68,"WAIT","ARMED","REVERSAL","REVERSAL|11:33|11:24",8,5,"Neutral","",265.63,261.03,274.83,279.43,2
ARM,"11:49",265.415,"WAIT","ARMED","REVERSAL","REVERSAL|11:33|11:24",9,4,"Neutral","",265.63,261.03,274.83,279.43,2
ARM,"11:50",265.63,"WAIT","ARMED","REVERSAL","REVERSAL|11:33|11:24",10,4,"Neutral","",265.63,261.03,274.83,279.43,2
ARM,"11:51",265.655,"WAIT","ARMED","REVERSAL","REVERSAL|11:33|11:24",11,4,"Neutral","",265.63,261.03,274.83,279.43,2
ARM,"11:52",265.085,"WAIT","ARMED","REVERSAL","REVERSAL|11:33|11:24",12,4,"Neutral","",265.63,261.03,274.83,279.43,2
ARM,"11:53",264.59,"WAIT","ARMED","REVERSAL","REVERSAL|11:33|11:24",13,4,"Neutral","",265.63,261.03,274.83,279.43,2
ARM,"11:54",264.68,"WAIT","ARMED","REVERSAL","REVERSAL|11:33|11:24",14,5,"Good","",265.63,261.03,274.83,279.43,2
ARM,"11:55",264.7,"WAIT","ARMED","REVERSAL","REVERSAL|11:33|11:24",15,5,"Good","",265.63,261.03,274.83,279.43,2
ARM,"11:56",264.765,"WAIT","ARMED","REVERSAL","REVERSAL|11:33|11:24",16,8,"Good","",265.63,261.03,274.83,279.43,2
ARM,"11:57",265.56,"WAIT","ARMED","REVERSAL","REVERSAL|11:33|11:24",17,8,"Good","",265.63,261.03,274.83,279.43,2
ARM,"11:58",265.44,"WAIT","ARMED","REVERSAL","REVERSAL|11:33|11:24",18,7,"Good","",265.63,261.03,274.83,279.43,2
ARM,"11:59",265.44,"WAIT","ARMED","REVERSAL","REVERSAL|11:33|11:24",19,8,"Good","",265.63,261.03,274.83,279.43,2
ARM,"12:00",265.49,"WAIT","ARMED","REVERSAL","REVERSAL|11:33|11:24",20,7,"Good","",265.63,261.03,274.83,279.43,2
ARM,"12:01",265.205,"WAIT","SETUP","STRUCTURAL_BASE","STRUCTURAL_BASE|11:53|11:58",0,6,"Good","",265.71,263.79,267.97,270.52,1.17
ARM,"12:02",265.215,"WAIT","SETUP","STRUCTURAL_BASE","STRUCTURAL_BASE|11:53|11:58",1,6,"Good","",265.71,263.79,267.97,270.52,1.17
ARM,"12:03",265.365,"WAIT","SETUP","STRUCTURAL_BASE","STRUCTURAL_BASE|11:53|11:58",2,6,"Good","",265.71,263.79,267.97,270.52,1.17
ARM,"12:04",265.1901,"WAIT","SETUP","STRUCTURAL_BASE","STRUCTURAL_BASE|11:53|11:58",3,6,"Good","",265.71,263.79,267.97,270.52,1.17
ARM,"12:05",265.33,"WAIT","SETUP","STRUCTURAL_BASE","STRUCTURAL_BASE|11:53|11:58",4,7,"Good","",265.71,263.79,267.97,270.52,1.17
ARM,"12:06",265.27,"WAIT","SETUP","STRUCTURAL_BASE","STRUCTURAL_BASE|11:53|11:58",5,6,"Good","",265.71,263.79,267.97,270.52,1.17
ARM,"12:07",264.57,"WAIT","SETUP","STRUCTURAL_BASE","STRUCTURAL_BASE|11:53|11:58",6,6,"Good","",265.71,263.79,267.97,270.52,1.17
ARM,"12:08",264.465,"WAIT","SETUP","STRUCTURAL_BASE","STRUCTURAL_BASE|11:53|11:58",7,6,"Good","",265.71,263.79,267.97,270.52,1.17
ARM,"12:09",263.61,"FAILED","FAILED","STRUCTURAL_BASE","STRUCTURAL_BASE|11:53|11:58",8,0,"Neutral","","","","","",""
ARM,"12:10",263.755,"WAIT","WATCH","","","",0,"Neutral","","","","","",""
ARM,"12:11",263.62,"WAIT","WATCH","","","",0,"Neutral","","","","","",""
ARM,"12:12",263.07,"WAIT","WATCH","","","",0,"Neutral","","","","","",""
ARM,"12:13",263.455,"WAIT","WATCH","","","",0,"Neutral","","","","","",""
ARM,"12:14",263.565,"WAIT","WATCH","","","",0,"Neutral","","","","","",""
ARM,"12:15",263.24,"WAIT","WATCH","","","",0,"Neutral","","","","","",""
ARM,"12:16",263.01,"WAIT","WATCH","","","",0,"Neutral","","","","","",""
ARM,"12:17",263.2,"WAIT","WATCH","","","",0,"Neutral","","","","","",""
ARM,"12:18",263.21,"WAIT","WATCH","","","",0,"Neutral","","","","","",""
ARM,"12:19",262.9,"NO TRADE","AVOID","","","",0,"Neutral","","","","","",""
ARM,"12:20",263.58,"NO TRADE","AVOID","","","",0,"Neutral","","","","","",""
ARM,"12:21",263.44,"NO TRADE","AVOID","","","",0,"Neutral","","","","","",""
ARM,"12:22",263.38,"NO TRADE","AVOID","","","",0,"Neutral","","","","","",""
ARM,"12:23",263.83,"NO TRADE","AVOID","","","",0,"Neutral","","","","","",""
ARM,"12:24",264.4544,"NO TRADE","AVOID","","","",0,"Neutral","","","","","",""
ARM,"12:25",264.53,"NO TRADE","AVOID","","","",0,"Neutral","","","","","",""
ARM,"12:26",264.277,"NO TRADE","AVOID","","","",0,"Neutral","","","","","",""
ARM,"12:27",264.195,"NO TRADE","AVOID","","","",0,"Neutral","","","","","",""
ARM,"12:28",263.875,"NO TRADE","AVOID","","","",0,"Neutral","","","","","",""
ARM,"12:29",263.595,"NO TRADE","AVOID","","","",0,"Neutral","","","","","",""
ARM,"12:30",263.515,"NO TRADE","AVOID","","","",0,"Neutral","","","","","",""
ARM,"12:31",263.701,"NO TRADE","AVOID","","","",0,"Neutral","","","","","",""
ARM,"12:32",263.555,"NO TRADE","AVOID","","","",0,"Neutral","","","","","",""
ARM,"12:33",263.91,"NO TRADE","AVOID","","","",0,"Neutral","","","","","",""
ARM,"12:34",263.94,"WAIT","WATCH","","","",0,"Neutral","","","","","",""
ARM,"12:35",264.21,"WAIT","WATCH","","","",0,"Good","","","","","",""
ARM,"12:36",264.095,"WAIT","WATCH","","","",0,"Good","","","","","",""
ARM,"12:37",264.19,"WAIT","WATCH","","","",0,"Good","","","","","",""
ARM,"12:38",264.065,"WAIT","WATCH","","","",0,"Good","","","","","",""
ARM,"12:39",263.82,"WAIT","WATCH","","","",0,"Good","","","","","",""
ARM,"12:40",263.385,"WAIT","WATCH","","","",0,"Neutral","","","","","",""
ARM,"12:41",263.25,"WAIT","WATCH","","","",0,"Neutral","","","","","",""
ARM,"12:42",262.98,"WAIT","WATCH","","","",0,"Neutral","","","","","",""
ARM,"12:43",263.66,"WAIT","WATCH","","","",0,"Neutral","","","","","",""
ARM,"12:44",263.47,"WAIT","WATCH","","","",0,"Neutral","","","","","",""
ARM,"12:45",263.24,"NO TRADE","AVOID","","","",0,"Neutral","","","","","",""
ARM,"12:46",263.4,"NO TRADE","AVOID","","","",0,"Neutral","","","","","",""
ARM,"12:47",263.9,"NO TRADE","AVOID","","","",0,"Neutral","","","","","",""
ARM,"12:48",264.305,"NO TRADE","AVOID","","","",0,"Neutral","","","","","",""
ARM,"12:49",264.2,"NO TRADE","AVOID","","","",0,"Neutral","","","","","",""
ARM,"12:50",264.59,"NO TRADE","AVOID","","","",0,"Neutral","","","","","",""
ARM,"12:51",264.11,"NO TRADE","AVOID","","","",0,"Neutral","","","","","",""
ARM,"12:52",263.87,"NO TRADE","AVOID","","","",0,"Neutral","","","","","",""
ARM,"12:53",264.23,"NO TRADE","AVOID","","","",0,"Neutral","","","","","",""
ARM,"12:54",264,"WAIT","ARMED","RECLAIM_CONTINUATION","RECLAIM_CONTINUATION|PIVOT_12:31|START_12:47",0,4,"Good","פריצה של 264.68 | ציון 6 (כרגע 4)",264.68,263.3,267.97,268.13,2.38
ARM,"12:55",264.1,"WAIT","ARMED","RECLAIM_CONTINUATION","RECLAIM_CONTINUATION|PIVOT_12:31|START_12:47",1,7,"Good","פריצה של 264.68",264.68,263.3,267.97,268.13,2.38
ARM,"12:56",263.91,"WAIT","ARMED","RECLAIM_CONTINUATION","RECLAIM_CONTINUATION|PIVOT_12:31|START_12:47",2,7,"Good","פריצה של 264.68",264.68,263.3,267.97,268.13,2.38
ARM,"12:57",263.9799,"WAIT","ARMED","RECLAIM_CONTINUATION","RECLAIM_CONTINUATION|PIVOT_12:31|START_12:47",3,6,"Good","פריצה של 264.68",264.68,263.3,267.97,268.13,2.38
ARM,"12:58",263.78,"WAIT","ARMED","RECLAIM_CONTINUATION","RECLAIM_CONTINUATION|PIVOT_12:31|START_12:47",4,6,"Good","פריצה של 264.68",264.68,263.3,267.97,268.13,2.38
ARM,"12:59",263.775,"WAIT","ARMED","RECLAIM_CONTINUATION","RECLAIM_CONTINUATION|PIVOT_12:31|START_12:47",5,4,"Good","פריצה של 264.68 | ציון 6 (כרגע 4)",264.68,263.3,267.97,268.13,2.38
ARM,"13:00",264.44,"WAIT","ARMED","RECLAIM_CONTINUATION","RECLAIM_CONTINUATION|PIVOT_12:31|START_12:47",6,5,"Good","פריצה של 264.68 | ציון 6 (כרגע 5)",264.68,263.3,267.97,268.13,2.38
ARM,"13:01",265.36,"WAIT","ARMED","RECLAIM_CONTINUATION","RECLAIM_CONTINUATION|PIVOT_12:52|START_13:00",0,5,"Good","פריצה של 265.58 | ציון 6 (כרגע 5)",265.58,264.16,267.97,269.12,1.69
ARM,"13:02",265.38,"WAIT","ARMED","REVERSAL","REVERSAL|12:56|12:51",0,5,"Good","",265.58,264.34,267.97,268.67,1.93
ARM,"13:03",265.6175,"WAIT","ARMED","REVERSAL","REVERSAL|12:56|12:51",1,5,"Good","",265.58,264.34,267.97,268.67,1.93
ARM,"13:04",265.815,"WAIT","ARMED","REVERSAL","REVERSAL|12:56|12:51",2,5,"Good","",265.58,264.34,267.97,268.67,1.93
ARM,"13:05",265.805,"WAIT","ARMED","REVERSAL","REVERSAL|12:56|12:51",3,5,"Good","",265.58,264.34,267.97,268.67,1.93
ARM,"13:06",265.815,"WAIT","ARMED","REVERSAL","REVERSAL|12:56|12:51",4,5,"Good","",265.58,264.34,267.97,268.67,1.93
ARM,"13:07",265.625,"WAIT","ARMED","REVERSAL","REVERSAL|12:56|12:51",5,5,"Good","",265.58,264.34,267.97,268.67,1.93
ARM,"13:08",265.685,"WAIT","ARMED","REVERSAL","REVERSAL|12:56|12:51",6,5,"Good","",265.58,264.34,267.97,268.67,1.93
ARM,"13:09",265.92,"WAIT","ARMED","REVERSAL","REVERSAL|12:56|12:51",7,5,"Good","",265.58,264.34,267.97,268.67,1.93
ARM,"13:10",265.9425,"WAIT","ARMED","REVERSAL","REVERSAL|12:56|12:51",8,5,"Good","",265.58,264.34,267.97,268.67,1.93
ARM,"13:11",266.6,"WAIT","ARMED","REVERSAL","REVERSAL|12:56|12:51",9,5,"Good","",265.58,264.34,267.97,268.67,1.93
ARM,"13:12",267.31,"WAIT","ARMED","REVERSAL","REVERSAL|12:56|12:51",10,5,"Good","",265.58,264.34,267.97,268.67,1.93
ARM,"13:13",267.3,"WAIT","ARMED","REVERSAL","REVERSAL|12:56|12:51",11,4,"Good","",265.58,264.34,267.97,268.67,1.93
ARM,"13:14",267.25,"WAIT","ARMED","REVERSAL","REVERSAL|12:56|12:51",12,3,"Good","",265.58,264.34,267.97,268.67,1.93
ARM,"13:15",266.86,"WAIT","ARMED","REVERSAL","REVERSAL|12:56|12:51",13,4,"Good","",265.58,264.34,267.97,268.67,1.93
ARM,"13:16",266.82,"WAIT","ARMED","REVERSAL","REVERSAL|12:56|12:51",14,3,"Good","",265.58,264.34,267.97,268.67,1.93
ARM,"13:17",267.23,"WAIT","ARMED","REVERSAL","REVERSAL|12:56|12:51",15,4,"Good","",265.58,264.34,267.97,268.67,1.93
ARM,"13:18",267.105,"WAIT","ARMED","REVERSAL","REVERSAL|12:56|12:51",16,5,"Good","",265.58,264.34,267.97,268.67,1.93
ARM,"13:19",267.15,"WAIT","ARMED","REVERSAL","REVERSAL|12:56|12:51",17,3,"Good","",265.58,264.34,267.97,268.67,1.93
ARM,"13:20",266.9925,"WAIT","ARMED","REVERSAL","REVERSAL|12:56|12:51",18,3,"Good","",265.58,264.34,267.97,268.67,1.93
ARM,"13:21",266.53,"WAIT","ARMED","REVERSAL","REVERSAL|12:56|12:51",19,4,"Good","",265.58,264.34,267.97,268.67,1.93
ARM,"13:22",266.32,"WAIT","ARMED","REVERSAL","REVERSAL|12:56|12:51",20,1,"Neutral","",265.58,264.34,267.97,268.67,1.93
ARM,"13:23",266.615,"WAIT","ARMED","REVERSAL","REVERSAL|12:56|12:51",21,1,"Neutral","",265.58,264.34,267.97,268.67,1.93
ARM,"13:24",266.1975,"WAIT","ARMED","REVERSAL","REVERSAL|12:56|12:51",22,2,"Neutral","",265.58,264.34,267.97,268.67,1.93
ARM,"13:25",265.77,"WAIT","ARMED","REVERSAL","REVERSAL|12:56|12:51",23,3,"Neutral","",265.58,264.34,267.97,268.67,1.93
ARM,"13:26",266.03,"WAIT","ARMED","REVERSAL","REVERSAL|12:56|12:51",24,2,"Neutral","",265.58,264.34,267.97,268.67,1.93
ARM,"13:27",265.76,"WAIT","ARMED","REVERSAL","REVERSAL|12:56|12:51",25,3,"Neutral","",265.58,264.34,267.97,268.67,1.93
ARM,"13:28",265.7232,"WAIT","ARMED","REVERSAL","REVERSAL|12:56|12:51",26,2,"Neutral","",265.58,264.34,267.97,268.67,1.93
ARM,"13:29",265.79,"WAIT","ARMED","REVERSAL","REVERSAL|12:56|12:51",27,5,"Neutral","",265.58,264.34,267.97,268.67,1.93
ARM,"13:30",265.73,"WAIT","ARMED","REVERSAL","REVERSAL|12:56|12:51",28,5,"Good","",265.58,264.34,267.97,268.67,1.93
ARM,"13:31",265.57,"WAIT","ARMED","REVERSAL","REVERSAL|12:56|12:51",29,5,"Good","",265.58,264.34,267.97,268.67,1.93
ARM,"13:32",265.72,"WAIT","ARMED","REVERSAL","REVERSAL|12:56|12:51",30,5,"Good","",265.58,264.34,267.97,268.67,1.93
ARM,"13:33",265.66,"WAIT","ARMED","REVERSAL","REVERSAL|12:56|12:51",31,5,"Good","",265.58,264.34,267.97,268.67,1.93
ARM,"13:34",265.825,"WAIT","ARMED","REVERSAL","REVERSAL|12:56|12:51",32,5,"Good","",265.58,264.34,267.97,268.67,1.93
ARM,"13:35",265.845,"WAIT","ARMED","REVERSAL","REVERSAL|12:56|12:51",33,2,"Neutral","",265.58,264.34,267.97,268.67,1.93
ARM,"13:36",265.68,"WAIT","ARMED","REVERSAL","REVERSAL|12:56|12:51",34,2,"Neutral","",265.58,264.34,267.97,268.67,1.93
ARM,"13:37",265.68,"WAIT","ARMED","REVERSAL","REVERSAL|12:56|12:51",35,2,"Neutral","",265.58,264.34,267.97,268.67,1.93
ARM,"13:38",265.575,"WAIT","ARMED","REVERSAL","REVERSAL|12:56|12:51",36,2,"Neutral","",265.58,264.34,267.97,268.67,1.93
ARM,"13:39",264.715,"WAIT","ARMED","REVERSAL","REVERSAL|12:56|12:51",37,3,"Neutral","",265.58,264.34,267.97,268.67,1.93
ARM,"13:40",264.155,"FAILED","FAILED","REVERSAL","REVERSAL|12:56|12:51",38,0,"Neutral","","","","","",""
ARM,"13:41",263.8883,"NO TRADE","AVOID","","","",0,"Neutral","","","","","",""
ARM,"13:42",264.085,"NO TRADE","AVOID","","","",0,"Neutral","","","","","",""
ARM,"13:43",264.03,"NO TRADE","AVOID","","","",0,"Neutral","","","","","",""
ARM,"13:44",264.05,"NO TRADE","AVOID","","","",0,"Neutral","","","","","",""
ARM,"13:45",264.115,"NO TRADE","AVOID","","","",0,"Neutral","","","","","",""
ARM,"13:46",264.46,"NO TRADE","AVOID","","","",0,"Neutral","","","","","",""
ARM,"13:47",264.48,"NO TRADE","AVOID","","","",0,"Neutral","","","","","",""
ARM,"13:48",264.365,"NO TRADE","AVOID","","","",0,"Neutral","","","","","",""
ARM,"13:49",264.28,"NO TRADE","AVOID","","","",0,"Neutral","","","","","",""
ARM,"13:50",264.18,"NO TRADE","AVOID","","","",0,"Neutral","","","","","",""
ARM,"13:51",263.35,"NO TRADE","AVOID","","","",0,"Neutral","","","","","",""
ARM,"13:52",263.7199,"NO TRADE","AVOID","","","",0,"Neutral","","","","","",""
ARM,"13:53",263.04,"NO TRADE","AVOID","","","",0,"Neutral","","","","","",""
ARM,"13:54",262.78,"NO TRADE","AVOID","","","",0,"Neutral","","","","","",""
ARM,"13:55",262.68,"NO TRADE","AVOID","","","",0,"Neutral","","","","","",""
ARM,"13:56",262.605,"NO TRADE","AVOID","","","",0,"Neutral","","","","","",""
ARM,"13:57",262.13,"NO TRADE","AVOID","","","",0,"Neutral","","","","","",""
ARM,"13:58",262.38,"NO TRADE","AVOID","","","",0,"Neutral","","","","","",""
ARM,"13:59",262.155,"NO TRADE","AVOID","","","",0,"Neutral","","","","","",""
ARM,"14:00",262,"NO TRADE","AVOID","","","",0,"Neutral","","","","","",""
ARM,"14:01",262.9,"NO TRADE","AVOID","","","",0,"Neutral","","","","","",""
ARM,"14:02",263.33,"NO TRADE","AVOID","","","",0,"Neutral","","","","","",""
ARM,"14:03",263.23,"NO TRADE","AVOID","","","",0,"Neutral","","","","","",""
ARM,"14:04",263.47,"NO TRADE","AVOID","","","",0,"Neutral","","","","","",""
ARM,"14:05",263.555,"NO TRADE","AVOID","","","",0,"Neutral","","","","","",""
ARM,"14:06",263.02,"NO TRADE","AVOID","","","",0,"Neutral","","","","","",""
ARM,"14:07",263.31,"NO TRADE","AVOID","","","",0,"Neutral","","","","","",""
ARM,"14:08",263.455,"NO TRADE","AVOID","","","",0,"Neutral","","","","","",""
ARM,"14:09",263.225,"WAIT","WATCH","","","",0,"Good","","","","","",""
ARM,"14:10",262.755,"WAIT","WATCH","","","",0,"Good","","","","","",""
ARM,"14:11",262.855,"WAIT","WATCH","","","",0,"Good","","","","","",""
ARM,"14:12",262.74,"WAIT","WATCH","","","",0,"Good","","","","","",""
ARM,"14:13",262.765,"NO TRADE","AVOID","","","",0,"Neutral","","","","","",""
ARM,"14:14",262.395,"NO TRADE","AVOID","","","",0,"Neutral","","","","","",""
ARM,"14:15",262.715,"NO TRADE","AVOID","","","",0,"Neutral","","","","","",""
ARM,"14:16",262.89,"NO TRADE","AVOID","","","",0,"Neutral","","","","","",""
ARM,"14:17",262.64,"WAIT","WATCH","","","",0,"Good","","","","","",""
ARM,"14:18",262.95,"WAIT","WATCH","","","",0,"Good","","","","","",""
ARM,"14:19",262.92,"WAIT","WATCH","","","",0,"Good","","","","","",""
ARM,"14:20",262.845,"WAIT","WATCH","","","",0,"Good","","","","","",""
ARM,"14:21",262.895,"WAIT","WATCH","","","",0,"Good","","","","","",""
ARM,"14:22",262.76,"WAIT","WATCH","","","",0,"Good","","","","","",""
ARM,"14:23",262.82,"WAIT","WATCH","","","",0,"Good","","","","","",""
ARM,"14:24",262.44,"WAIT","WATCH","","","",0,"Good","","","","","",""
ARM,"14:25",263.0211,"WAIT","WATCH","","","",0,"Good","","","","","",""
ARM,"14:26",262.81,"WAIT","ARMED","PULLBACK_CONTINUATION","PULLBACK_CONTINUATION@262.39",0,5,"Good","פריצה של 263.05 | ציון 6 (כרגע 5)",263.05,262.32,264.35,264.67,1.78
ARM,"14:27",262.765,"WAIT","ARMED","PULLBACK_CONTINUATION","PULLBACK_CONTINUATION@262.44",0,5,"Good","פריצה של 263.03 | ציון 6 (כרגע 5)",263.03,262.36,264.35,264.67,1.98
ARM,"14:28",262.72,"WAIT","ARMED","PULLBACK_CONTINUATION","PULLBACK_CONTINUATION@262.44",1,5,"Good","פריצה של 263.03 | ציון 6 (כרגע 5)",263.03,262.36,264.35,264.67,1.98
ARM,"14:29",262.68,"WAIT","ARMED","PULLBACK_CONTINUATION","PULLBACK_CONTINUATION|14:24|14:22",0,5,"Good","פריצה של 263.03 | ציון 6 (כרגע 5)",263.03,262.37,264.35,264.67,2
ARM,"14:30",262.6525,"WAIT","ARMED","PULLBACK_CONTINUATION","PULLBACK_CONTINUATION|14:24|14:22",1,5,"Good","פריצה של 263.03 | ציון 6 (כרגע 5)",263.03,262.37,264.35,264.67,2
ARM,"14:31",262.63,"WAIT","ARMED","PULLBACK_CONTINUATION","PULLBACK_CONTINUATION|14:24|14:22",2,5,"Good","פריצה של 263.03 | ציון 6 (כרגע 5)",263.03,262.37,264.35,264.67,2
ARM,"14:32",262.7,"WAIT","ARMED","PULLBACK_CONTINUATION","PULLBACK_CONTINUATION|14:24|14:22",3,4,"Good","פריצה של 263.03 | ציון 6 (כרגע 4)",263.03,262.37,264.35,264.67,2
ARM,"14:33",262.64,"WAIT","ARMED","PULLBACK_CONTINUATION","PULLBACK_CONTINUATION|14:24|14:22",4,3,"Good","פריצה של 263.03 | ציון 6 (כרגע 3)",263.03,262.37,264.35,264.67,2
ARM,"14:34",262.4,"FAILED","FAILED","PULLBACK_CONTINUATION","PULLBACK_CONTINUATION|14:24|14:22",5,0,"Good","","","","","",""
ARM,"14:35",262.145,"WAIT","WATCH","","","",0,"Good","","","","","",""
ARM,"14:36",262.18,"NO TRADE","AVOID","","","",0,"Neutral","","","","","",""
ARM,"14:37",262.265,"NO TRADE","AVOID","","","",0,"Neutral","","","","","",""
ARM,"14:38",262.375,"NO TRADE","AVOID","","","",0,"Neutral","","","","","",""
ARM,"14:39",262.235,"NO TRADE","AVOID","","","",0,"Neutral","","","","","",""
ARM,"14:40",262.165,"NO TRADE","AVOID","","","",0,"Neutral","","","","","",""
ARM,"14:41",262.17,"NO TRADE","AVOID","","","",0,"Neutral","","","","","",""
ARM,"14:42",262.105,"NO TRADE","AVOID","","","",0,"Neutral","","","","","",""
ARM,"14:43",262.35,"NO TRADE","AVOID","","","",0,"Neutral","","","","","",""
ARM,"14:44",262.24,"NO TRADE","AVOID","","","",0,"Neutral","","","","","",""
ARM,"14:45",262.64,"NO TRADE","AVOID","","","",0,"Neutral","","","","","",""
ARM,"14:46",263.06,"WAIT","ARMED","REVERSAL","REVERSAL|14:43|14:38",0,6,"Good","",263.09,262.14,264.67,264.7,1.67
ARM,"14:47",262.66,"WAIT","ARMED","REVERSAL","REVERSAL|14:43|14:38",1,6,"Good","",263.09,262.14,264.67,264.7,1.67
ARM,"14:48",261.85,"FAILED","FAILED","REVERSAL","REVERSAL|14:43|14:38",2,0,"Neutral","","","","","",""
ARM,"14:49",261.78,"WAIT","WATCH","","","",0,"Neutral","","","","","",""
ARM,"14:50",262.09,"WAIT","WATCH","","","",0,"Good","","","","","",""
ARM,"14:51",262.2,"WAIT","ARMED","RECLAIM_CONTINUATION","RECLAIM_CONTINUATION|VWAP|START_14:50",0,5,"Good","פריצה של 262.55 | ציון 6 (כרגע 5)",262.55,261.93,263.61,264.35,1.72
ARM,"14:52",261.705,"FAILED","FAILED","RECLAIM_CONTINUATION","RECLAIM_CONTINUATION|VWAP|START_14:50",1,0,"Good","","","","","",""
ARM,"14:53",262.1,"WAIT","WATCH","","","",0,"Good","","","","","",""
ARM,"14:54",262.12,"WAIT","ARMED","RECLAIM_CONTINUATION","RECLAIM_CONTINUATION|VWAP|START_14:53",0,5,"Good","פריצה של 262.41 | ציון 6 (כרגע 5)",262.41,261.35,264.35,264.67,1.83
ARM,"14:55",262.06,"WAIT","ARMED","RECLAIM_CONTINUATION","RECLAIM_CONTINUATION|VWAP|START_14:53",1,3,"Good","פריצה של 262.41 | ציון 6 (כרגע 3)",262.41,261.35,264.35,264.67,1.83
ARM,"14:56",261.98,"WAIT","ARMED","RECLAIM_CONTINUATION","RECLAIM_CONTINUATION|VWAP|START_14:53",2,1,"Neutral","",262.41,261.35,264.35,264.67,1.83
ARM,"14:57",261.865,"WAIT","ARMED","RECLAIM_CONTINUATION","RECLAIM_CONTINUATION|VWAP|START_14:53",3,1,"Neutral","",262.41,261.35,264.35,264.67,1.83
ARM,"14:58",262.385,"WAIT","ARMED","RECLAIM_CONTINUATION","RECLAIM_CONTINUATION|VWAP|START_14:53",4,4,"Good","ציון 6 (כרגע 4)",262.41,261.35,264.35,264.67,1.83
ARM,"14:59",262.28,"WAIT","ARMED","RECLAIM_CONTINUATION","RECLAIM_CONTINUATION|VWAP|START_14:53",5,3,"Good","פריצה של 262.41 | ציון 6 (כרגע 3)",262.41,261.35,264.35,264.67,1.83
ARM,"15:00",262.1749,"WAIT","ARMED","RECLAIM_CONTINUATION","RECLAIM_CONTINUATION|VWAP|START_14:53",6,3,"Good","פריצה של 262.41 | ציון 6 (כרגע 3)",262.41,261.35,264.35,264.67,1.83
ARM,"15:01",261.9,"WAIT","ARMED","RECLAIM_CONTINUATION","RECLAIM_CONTINUATION|VWAP|START_14:53",7,3,"Neutral","פריצה של 262.41 | ציון 6 (כרגע 3)",262.41,261.35,264.35,264.67,1.83
ARM,"15:02",261.62,"WAIT","ARMED","RECLAIM_CONTINUATION","RECLAIM_CONTINUATION|VWAP|START_14:53",8,3,"Neutral","פריצה של 262.41 | ציון 6 (כרגע 3)",262.41,261.35,264.35,264.67,1.83
ARM,"15:03",261.44,"FAILED","FAILED","RECLAIM_CONTINUATION","RECLAIM_CONTINUATION|VWAP|START_14:53",9,0,"Neutral","","","","","",""
ARM,"15:04",261.695,"WAIT","WATCH","","","",0,"Neutral","","","","","",""
ARM,"15:05",261.79,"WAIT","WATCH","","","",0,"Neutral","","","","","",""
ARM,"15:06",261.89,"WAIT","WATCH","","","",0,"Neutral","","","","","",""
ARM,"15:07",261.98,"NO TRADE","AVOID","","","",0,"Neutral","","","","","",""
ARM,"15:08",261.63,"NO TRADE","AVOID","","","",0,"Neutral","","","","","",""
ARM,"15:09",261.2,"NO TRADE","AVOID","","","",0,"Weak","","","","","",""
ARM,"15:10",261.79,"NO TRADE","AVOID","","","",0,"Neutral","","","","","",""
ARM,"15:11",261.83,"NO TRADE","AVOID","","","",0,"Neutral","","","","","",""
ARM,"15:12",262.42,"NO TRADE","AVOID","","","",0,"Neutral","","","","","",""
ARM,"15:13",262.36,"NO TRADE","AVOID","","","",0,"Good","","","","","",""
ARM,"15:14",262.21,"NO TRADE","AVOID","","","",0,"Good","","","","","",""
ARM,"15:15",262.475,"NO TRADE","AVOID","","","",0,"Good","","","","","",""
ARM,"15:16",262.47,"NO TRADE","AVOID","","","",0,"Good","","","","","",""
ARM,"15:17",262.385,"NO TRADE","AVOID","","","",0,"Good","","","","","",""
ARM,"15:18",262.42,"NO TRADE","AVOID","","","",0,"Good","","","","","",""
ARM,"15:19",262.405,"WAIT","ARMED","RECLAIM_CONTINUATION","RECLAIM_CONTINUATION|VWAP|START_15:12",0,4,"Good","פריצה של 262.64 | ציון 6 (כרגע 4)",262.64,261.76,264.35,264.67,1.93
ARM,"15:20",262.26,"WAIT","ARMED","RECLAIM_CONTINUATION","RECLAIM_CONTINUATION|VWAP|START_15:12",1,4,"Good","פריצה של 262.64 | ציון 6 (כרגע 4)",262.64,261.76,264.35,264.67,1.93
ARM,"15:21",262.79,"WAIT","ARMED","RECLAIM_CONTINUATION","RECLAIM_CONTINUATION|VWAP|START_15:12",2,5,"Good","ציון 6 (כרגע 5)",262.64,261.76,264.35,264.67,1.93
ARM,"15:22",262.475,"WAIT","ARMED","RECLAIM_CONTINUATION","RECLAIM_CONTINUATION|VWAP|START_15:12",3,4,"Good","סגירה קרוב ל-262.64 (לא רק נגיעה) | ציון 6 (כרגע 4)",262.64,261.76,264.35,264.67,1.93
ARM,"15:23",262.3501,"WAIT","ARMED","RECLAIM_CONTINUATION","RECLAIM_CONTINUATION|VWAP|START_15:12",4,4,"Good","סגירה קרוב ל-262.64 (לא רק נגיעה) | ציון 6 (כרגע 4)",262.64,261.76,264.35,264.67,1.93
ARM,"15:24",262.535,"WAIT","ARMED","RECLAIM_CONTINUATION","RECLAIM_CONTINUATION|VWAP|START_15:12",5,4,"Good","פריצה של 262.64 | ציון 6 (כרגע 4)",262.64,261.76,264.35,264.67,1.93
ARM,"15:25",262.39,"WAIT","ARMED","RECLAIM_CONTINUATION","RECLAIM_CONTINUATION|VWAP|START_15:12",6,4,"Good","פריצה של 262.64 | ציון 6 (כרגע 4)",262.64,261.76,264.35,264.67,1.93
ARM,"15:26",262.6,"WAIT","ARMED","RECLAIM_CONTINUATION","RECLAIM_CONTINUATION|VWAP|START_15:12",7,5,"Good","פריצה של 262.64 | ציון 6 (כרגע 5)",262.64,261.76,264.35,264.67,1.93
ARM,"15:27",262.58,"WAIT","ARMED","RECLAIM_CONTINUATION","RECLAIM_CONTINUATION|VWAP|START_15:12",8,4,"Good","פריצה של 262.64 | ציון 6 (כרגע 4)",262.64,261.76,264.35,264.67,1.93
ARM,"15:28",262.63,"WAIT","ARMED","RECLAIM_CONTINUATION","RECLAIM_CONTINUATION|VWAP|START_15:12",9,4,"Good","ציון 6 (כרגע 4)",262.64,261.76,264.35,264.67,1.93
ARM,"15:29",262.775,"WAIT","ARMED","PULLBACK_CONTINUATION","PULLBACK_CONTINUATION@262.33",0,8,"Strong","פריצה של 262.96",262.96,262.26,264.35,264.67,1.98
ARM,"15:30",262.585,"WAIT","ARMED","PULLBACK_CONTINUATION","PULLBACK_CONTINUATION|15:26|15:21",0,7,"Strong","פריצה של 262.96",262.96,262.26,264.35,264.67,1.99
ARM,"15:31",262.47,"WAIT","ARMED","PULLBACK_CONTINUATION","PULLBACK_CONTINUATION|15:26|15:21",1,7,"Strong","פריצה של 262.96",262.96,262.26,264.35,264.67,1.99
ARM,"15:32",262.5275,"WAIT","ARMED","STRUCTURAL_BASE","STRUCTURAL_BASE|15:26|15:29",0,6,"Good","פריצה של 262.96",262.96,262.26,264.35,264.67,1.97
ARM,"15:33",262.535,"WAIT","ARMED","STRUCTURAL_BASE","STRUCTURAL_BASE|15:26|15:29",1,6,"Good","פריצה של 262.96",262.96,262.26,264.35,264.67,1.97
ARM,"15:34",262.505,"WAIT","ARMED","STRUCTURAL_BASE","STRUCTURAL_BASE|15:26|15:29",2,6,"Good","פריצה של 262.96",262.96,262.26,264.35,264.67,1.97
ARM,"15:35",261.615,"FAILED","FAILED","STRUCTURAL_BASE","STRUCTURAL_BASE|15:26|15:29",3,0,"Neutral","","","","","",""
ARM,"15:36",261.57,"WAIT","WATCH","","","",0,"Neutral","","","","","",""
ARM,"15:37",261.3675,"WAIT","WATCH","","","",0,"Neutral","","","","","",""
ARM,"15:38",261.16,"WAIT","WATCH","","","",0,"Neutral","","","","","",""
ARM,"15:39",261.56,"WAIT","WATCH","","","",0,"Neutral","","","","","",""
ARM,"15:40",261.79,"WAIT","WATCH","","","",0,"Neutral","","","","","",""
ARM,"15:41",261.815,"WAIT","WATCH","","","",0,"Neutral","","","","","",""
ARM,"15:42",261.8,"WAIT","WATCH","","","",0,"Neutral","","","","","",""
ARM,"15:43",261.63,"WAIT","WATCH","","","",0,"Neutral","","","","","",""
ARM,"15:44",261.66,"WAIT","WATCH","","","",0,"Neutral","","","","","",""
ARM,"15:45",261.615,"WAIT","WATCH","","","",0,"Neutral","","","","","",""
ARM,"15:46",261.825,"WAIT","WATCH","","","",0,"Neutral","","","","","",""
ARM,"15:47",261.32,"WAIT","WATCH","","","",0,"Neutral","","","","","",""
ARM,"15:48",261.765,"WAIT","WATCH","","","",0,"Good","","","","","",""
ARM,"15:49",261.665,"WAIT","WATCH","","","",0,"Good","","","","","",""
ARM,"15:50",261.82,"WAIT","ARMED","PULLBACK_CONTINUATION","PULLBACK_CONTINUATION@262.33",21,5,"Good","פריצה של 262.96 | ציון 6 (כרגע 5)",262.96,262.26,264.35,264.67,1.98
ARM,"15:51",261.21,"FAILED","FAILED","PULLBACK_CONTINUATION","PULLBACK_CONTINUATION@262.33",22,0,"Neutral","","","","","",""
ARM,"15:52",260.8324,"WAIT","WATCH","","","",0,"Neutral","","","","","",""
ARM,"15:53",260.6,"WAIT","WATCH","","","",0,"Neutral","","","","","",""
ARM,"15:54",260.835,"NO TRADE","AVOID","","","",0,"Weak","","","","","",""
ARM,"15:55",260.59,"NO TRADE","AVOID","","","",0,"Weak","","","","","",""
ARM,"15:56",261.4,"NO TRADE","AVOID","","","",0,"Weak","","","","","",""
ARM,"15:57",260.94,"NO TRADE","AVOID","","","",0,"Weak","","","","","",""
ARM,"15:58",261.185,"NO TRADE","AVOID","","","",0,"Weak","","","","","",""
ARM,"15:59",261.33,"NO TRADE","AVOID","","","",0,"Weak","","","","","",""
DDOG,"09:30",203.62,"NO TRADE","AVOID","","","",0,"","","","","","",""
DDOG,"09:31",206.92,"NO TRADE","AVOID","","","",0,"","","","","","",""
DDOG,"09:32",207.535,"NO TRADE","AVOID","","","",0,"","","","","","",""
DDOG,"09:33",208.58,"NO TRADE","AVOID","","","",0,"","","","","","",""
DDOG,"09:34",207.9075,"NO TRADE","AVOID","","","",0,"","","","","","",""
DDOG,"09:35",207.5709,"NO TRADE","AVOID","","","",0,"","","","","","",""
DDOG,"09:36",207.38,"NO TRADE","AVOID","","","",0,"","","","","","",""
DDOG,"09:37",207.34,"NO TRADE","AVOID","","","",0,"","","","","","",""
DDOG,"09:38",207.695,"NO TRADE","AVOID","","","",0,"","","","","","",""
DDOG,"09:39",206.89,"NO TRADE","AVOID","","","",0,"","","","","","",""
DDOG,"09:40",207.8914,"NO TRADE","AVOID","","","",0,"","","","","","",""
DDOG,"09:41",207.395,"NO TRADE","AVOID","","","",0,"","","","","","",""
DDOG,"09:42",207.565,"NO TRADE","AVOID","","","",0,"","","","","","",""
DDOG,"09:43",207.01,"NO TRADE","AVOID","","","",0,"","","","","","",""
DDOG,"09:44",206.48,"WAIT","WATCH","","","",0,"Good","","","","","",""
DDOG,"09:45",206.725,"WAIT","WATCH","","","",0,"Good","","","","","",""
DDOG,"09:46",206.23,"NO TRADE","AVOID","","","",0,"Neutral","","","","","",""
DDOG,"09:47",206.43,"NO TRADE","AVOID","","","",0,"Neutral","","","","","",""
DDOG,"09:48",206.465,"NO TRADE","AVOID","","","",0,"Neutral","","","","","",""
DDOG,"09:49",207,"NO TRADE","AVOID","","","",0,"Neutral","","","","","",""
DDOG,"09:50",207.3696,"NO TRADE","AVOID","","","",0,"Neutral","","","","","",""
DDOG,"09:51",206.68,"NO TRADE","AVOID","","","",0,"Neutral","","","","","",""
DDOG,"09:52",205.565,"NO TRADE","AVOID","","","",0,"Weak","","","","","",""
DDOG,"09:53",205.67,"NO TRADE","AVOID","","","",0,"Weak","","","","","",""
DDOG,"09:54",206.4893,"NO TRADE","AVOID","","","",0,"Neutral","","","","","",""
DDOG,"09:55",206.64,"NO TRADE","AVOID","","","",0,"Neutral","","","","","",""
DDOG,"09:56",206.47,"NO TRADE","AVOID","","","",0,"Neutral","","","","","",""
DDOG,"09:57",206.89,"NO TRADE","AVOID","","","",0,"Neutral","","","","","",""
DDOG,"09:58",206.6597,"NO TRADE","AVOID","","","",0,"Neutral","","","","","",""
DDOG,"09:59",206.8301,"NO TRADE","AVOID","","","",0,"Neutral","","","","","",""
DDOG,"10:00",206.24,"NO TRADE","AVOID","","","",0,"Neutral","","","","","",""
DDOG,"10:01",205.89,"NO TRADE","AVOID","","","",0,"Weak","","","","","",""
DDOG,"10:02",205.17,"NO TRADE","AVOID","","","",0,"Weak","","","","","",""
DDOG,"10:03",205.68,"NO TRADE","AVOID","","","",0,"Weak","","","","","",""
DDOG,"10:04",205.74,"NO TRADE","AVOID","","","",0,"Weak","","","","","",""
DDOG,"10:05",205.5945,"NO TRADE","AVOID","","","",0,"Weak","","","","","",""
DDOG,"10:06",205.355,"NO TRADE","AVOID","","","",0,"Weak","","","","","",""
DDOG,"10:07",205.41,"NO TRADE","AVOID","","","",0,"Weak","","","","","",""
DDOG,"10:08",205.48,"NO TRADE","AVOID","","","",0,"Weak","","","","","",""
DDOG,"10:09",205.5471,"NO TRADE","AVOID","","","",0,"Weak","","","","","",""
DDOG,"10:10",205.375,"NO TRADE","AVOID","","","",0,"Weak","","","","","",""
DDOG,"10:11",205.355,"NO TRADE","AVOID","","","",0,"Weak","","","","","",""
DDOG,"10:12",205.595,"NO TRADE","AVOID","","","",0,"Weak","","","","","",""
DDOG,"10:13",206.15,"NO TRADE","AVOID","","","",0,"Weak","","","","","",""
DDOG,"10:14",205.9125,"NO TRADE","AVOID","","","",0,"Weak","","","","","",""
DDOG,"10:15",206.77,"NO TRADE","AVOID","","","",0,"Neutral","","","","","",""
DDOG,"10:16",206.825,"NO TRADE","AVOID","","","",0,"Neutral","","","","","",""
DDOG,"10:17",206.65,"NO TRADE","AVOID","","","",0,"Neutral","","","","","",""
DDOG,"10:18",206.65,"NO TRADE","AVOID","","","",0,"Neutral","","","","","",""
DDOG,"10:19",206.98,"NO TRADE","AVOID","","","",0,"Neutral","","","","","",""
DDOG,"10:20",206.92,"NO TRADE","AVOID","","","",0,"Neutral","","","","","",""
DDOG,"10:21",206.9,"NO TRADE","AVOID","","","",0,"Neutral","","","","","",""
DDOG,"10:22",207.16,"NO TRADE","AVOID","","","",0,"Neutral","","","","","",""
DDOG,"10:23",207.02,"NO TRADE","AVOID","","","",0,"Neutral","","","","","",""
DDOG,"10:24",207.24,"NO TRADE","AVOID","","","",0,"Good","","","","","",""
DDOG,"10:25",207.12,"NO TRADE","AVOID","","","",0,"Good","","","","","",""
DDOG,"10:26",206.66,"NO TRADE","AVOID","","","",0,"Good","","","","","",""
DDOG,"10:27",206.67,"NO TRADE","AVOID","","","",0,"Good","","","","","",""
DDOG,"10:28",206.54,"WAIT","WATCH","","","",0,"Good","","","","","",""
DDOG,"10:29",206.31,"WAIT","WATCH","","","",0,"Good","","","","","",""
DDOG,"10:30",206.605,"WAIT","WATCH","","","",0,"Good","","","","","",""
DDOG,"10:31",206.78,"WAIT","WATCH","","","",0,"Good","","","","","",""
DDOG,"10:32",206.92,"WAIT","ARMED","PULLBACK_CONTINUATION","PULLBACK_CONTINUATION|10:29|10:25",0,8,"Strong","פריצה של 207.06",207.06,206.15,208.59,209.11,1.68
DDOG,"10:33",207.05,"WAIT","ARMED","PULLBACK_CONTINUATION","PULLBACK_CONTINUATION@206.23",0,8,"Strong","פריצה של 207.17",207.17,206.15,209.11,209.71,1.91
DDOG,"10:34",207.17,"NO TRADE (shadow)","READY","PULLBACK_CONTINUATION","PULLBACK_CONTINUATION|10:29|10:25",2,8,"Strong","",207.06,206.15,208.59,209.11,1.68
DDOG,"10:35",207.1175,"WAIT","ARMED","PULLBACK_CONTINUATION","PULLBACK_CONTINUATION@206.23",2,7,"Strong","סגירה קרוב ל-207.17 (לא רק נגיעה)",207.17,206.15,209.11,209.71,1.91
DDOG,"10:36",207.14,"NO TRADE (shadow)","READY","PULLBACK_CONTINUATION","PULLBACK_CONTINUATION@206.23",3,8,"Strong","",207.17,206.15,209.11,209.71,1.91
DDOG,"10:37",207.08,"NO TRADE (shadow)","READY","PULLBACK_CONTINUATION","PULLBACK_CONTINUATION|10:29|10:25",5,7,"Strong","",207.06,206.15,208.59,209.11,1.68
DDOG,"10:38",207.405,"NO TRADE (shadow)","READY","PULLBACK_CONTINUATION","PULLBACK_CONTINUATION@206.23",5,8,"Strong","",207.17,206.15,209.11,209.71,1.91
DDOG,"10:39",207.79,"WAIT","ARMED","PULLBACK_CONTINUATION","PULLBACK_CONTINUATION@206.23",6,7,"Strong","",207.17,206.15,209.11,209.71,1.91
DDOG,"10:40",207.73,"WAIT","SETUP","PULLBACK_CONTINUATION","PULLBACK_CONTINUATION@206.71",0,7,"Strong","",207.96,206.62,208.59,211.31,0.47
DDOG,"10:41",207.7218,"WAIT","SETUP","PULLBACK_CONTINUATION","PULLBACK_CONTINUATION@206.71",1,8,"Strong","",207.96,206.62,208.59,211.31,0.47
DDOG,"10:42",207.8675,"WAIT","SETUP","PULLBACK_CONTINUATION","PULLBACK_CONTINUATION@206.71",2,8,"Strong","",207.96,206.62,208.59,211.31,0.47
DDOG,"10:43",208.21,"WAIT","SETUP","PULLBACK_CONTINUATION","PULLBACK_CONTINUATION@206.71",3,7,"Strong","",207.96,206.62,208.59,211.31,0.47
DDOG,"10:44",207.8047,"WAIT","SETUP","PULLBACK_CONTINUATION","PULLBACK_CONTINUATION@206.71",4,7,"Strong","",207.96,206.62,208.59,211.31,0.47
DDOG,"10:45",207.955,"WAIT","SETUP","PULLBACK_CONTINUATION","PULLBACK_CONTINUATION@206.71",5,7,"Strong","",207.96,206.62,208.59,211.31,0.47
DDOG,"10:46",207.78,"WAIT","SETUP","PULLBACK_CONTINUATION","PULLBACK_CONTINUATION@206.71",6,7,"Strong","",207.96,206.62,208.59,211.31,0.47
DDOG,"10:47",207.765,"WAIT","SETUP","REVERSAL","REVERSAL|10:37|10:25",0,8,"Strong","",208.25,206.99,208.59,211.4,0.27
DDOG,"10:48",207.66,"WAIT","SETUP","REVERSAL","REVERSAL|10:37|10:25",1,8,"Strong","",208.25,206.99,208.59,211.4,0.27
DDOG,"10:49",207.8,"WAIT","SETUP","REVERSAL","REVERSAL|10:37|10:25",2,9,"Strong","",208.25,206.99,208.59,211.4,0.27
DDOG,"10:50",207.69,"WAIT","SETUP","REVERSAL","REVERSAL|10:37|10:25",3,8,"Strong","",208.25,206.99,208.59,211.4,0.27
DDOG,"10:51",207.87,"WAIT","SETUP","PULLBACK_CONTINUATION","PULLBACK_CONTINUATION@206.71",11,8,"Strong","",207.96,206.62,208.59,211.31,0.47
DDOG,"10:52",207.85,"WAIT","SETUP","REVERSAL","REVERSAL|10:37|10:25",5,8,"Strong","",208.25,206.99,208.59,211.4,0.27
DDOG,"10:53",208.27,"WAIT","SETUP","PULLBACK_CONTINUATION","PULLBACK_CONTINUATION@207.50",0,8,"Strong","",208.28,207.41,208.59,210.46,0.36
DDOG,"10:54",208.315,"WAIT","SETUP","PULLBACK_CONTINUATION","PULLBACK_CONTINUATION@207.50",1,8,"Strong","",208.28,207.41,208.59,210.46,0.36
DDOG,"10:55",208.6,"WAIT","SETUP","PULLBACK_CONTINUATION","PULLBACK_CONTINUATION@207.50",2,7,"Strong","",208.28,207.41,208.59,210.46,0.36
DDOG,"10:56",208.475,"WAIT","SETUP","PULLBACK_CONTINUATION","PULLBACK_CONTINUATION@207.50",3,7,"Strong","",208.28,207.41,208.59,210.46,0.36
DDOG,"10:57",208.925,"WAIT","ARMED","PULLBACK_CONTINUATION","PULLBACK_CONTINUATION@207.50",4,6,"Strong","",208.28,207.41,208.59,210.46,0.36
DDOG,"10:58",208.835,"WAIT","ARMED","PULLBACK_CONTINUATION","PULLBACK_CONTINUATION@207.50",5,5,"Strong","",208.28,207.41,208.59,210.46,0.36
DDOG,"10:59",208.755,"WAIT","ARMED","PULLBACK_CONTINUATION","PULLBACK_CONTINUATION@207.50",6,5,"Strong","",208.28,207.41,208.59,210.46,0.36
DDOG,"11:00",208.91,"WAIT","ARMED","PULLBACK_CONTINUATION","PULLBACK_CONTINUATION@207.50",7,5,"Strong","",208.28,207.41,208.59,210.46,0.36
DDOG,"11:01",208.61,"WAIT","ARMED","REVERSAL","REVERSAL|10:50|10:44",0,8,"Strong","",209.13,207.63,212.14,213.64,2
DDOG,"11:02",208.43,"WAIT","ARMED","REVERSAL","REVERSAL|10:50|10:44",1,8,"Strong","",209.13,207.63,212.14,213.64,2
DDOG,"11:03",208.51,"WAIT","ARMED","REVERSAL","REVERSAL|10:50|10:44",2,8,"Strong","",209.13,207.63,212.14,213.64,2
DDOG,"11:04",207.925,"WAIT","ARMED","STRUCTURAL_BASE","STRUCTURAL_BASE|10:50|10:57",0,8,"Strong","פריצה של 209.13",209.13,207.41,212.56,214.28,2
DDOG,"11:05",207.925,"WAIT","ARMED","STRUCTURAL_BASE","STRUCTURAL_BASE|10:50|10:57",1,7,"Strong","פריצה של 209.13",209.13,207.41,212.56,214.28,2
DDOG,"11:06",207.7,"WAIT","ARMED","STRUCTURAL_BASE","STRUCTURAL_BASE|10:50|10:57",2,8,"Strong","פריצה של 209.13",209.13,207.41,212.56,214.28,2
DDOG,"11:07",207.615,"WAIT","ARMED","STRUCTURAL_BASE","STRUCTURAL_BASE|10:50|10:57",3,5,"Good","פריצה של 209.13 | ציון 6 (כרגע 5)",209.13,207.41,212.56,214.28,2
DDOG,"11:08",207.63,"FAILED","FAILED","STRUCTURAL_BASE","STRUCTURAL_BASE|10:50|10:57",4,0,"Good","","","","","",""
DDOG,"11:09",208.1,"WAIT","WATCH","","","",0,"Good","","","","","",""
DDOG,"11:10",208.1,"WAIT","WATCH","","","",0,"Good","","","","","",""
DDOG,"11:11",207.98,"WAIT","WATCH","","","",0,"Good","","","","","",""
DDOG,"11:12",207.92,"WAIT","WATCH","","","",0,"Good","","","","","",""
DDOG,"11:13",208.27,"WAIT","WATCH","","","",0,"Good","","","","","",""
DDOG,"11:14",208.51,"WAIT","WATCH","","","",0,"Good","","","","","",""
DDOG,"11:15",208.285,"WAIT","WATCH","","","",0,"Good","","","","","",""
DDOG,"11:16",208.33,"WAIT","WATCH","","","",0,"Good","","","","","",""
DDOG,"11:17",208.28,"NO TRADE","AVOID","","","",0,"Good","","","","","",""
DDOG,"11:18",208.27,"NO TRADE","AVOID","","","",0,"Good","","","","","",""
DDOG,"11:19",208.42,"NO TRADE","AVOID","","","",0,"Good","","","","","",""
DDOG,"11:20",208.3,"NO TRADE","AVOID","","","",0,"Good","","","","","",""
DDOG,"11:21",208.155,"NO TRADE","AVOID","","","",0,"Good","","","","","",""
DDOG,"11:22",208.05,"NO TRADE","AVOID","","","",0,"Good","","","","","",""
DDOG,"11:23",208.065,"NO TRADE","AVOID","","","",0,"Good","","","","","",""
DDOG,"11:24",208.025,"NO TRADE","AVOID","","","",0,"Neutral","","","","","",""
DDOG,"11:25",207.855,"NO TRADE","AVOID","","","",0,"Neutral","","","","","",""
DDOG,"11:26",207.895,"NO TRADE","AVOID","","","",0,"Neutral","","","","","",""
DDOG,"11:27",207.78,"NO TRADE","AVOID","","","",0,"Neutral","","","","","",""
DDOG,"11:28",208.2,"NO TRADE","AVOID","","","",0,"Neutral","","","","","",""
DDOG,"11:29",208.21,"WAIT","WATCH","","","",0,"Good","","","","","",""
DDOG,"11:30",208.155,"WAIT","WATCH","","","",0,"Good","","","","","",""
DDOG,"11:31",208.22,"WAIT","WATCH","","","",0,"Good","","","","","",""
DDOG,"11:32",208.55,"WAIT","WATCH","","","",0,"Good","","","","","",""
DDOG,"11:33",208.425,"WAIT","WATCH","","","",0,"Good","","","","","",""
DDOG,"11:34",208.485,"WAIT","WATCH","","","",0,"Good","","","","","",""
DDOG,"11:35",208.455,"WAIT","WATCH","","","",0,"Good","","","","","",""
DDOG,"11:36",208.36,"WAIT","WATCH","","","",0,"Good","","","","","",""
DDOG,"11:37",208.385,"WAIT","WATCH","","","",0,"Good","","","","","",""
DDOG,"11:38",208.3825,"WAIT","WATCH","","","",0,"Good","","","","","",""
DDOG,"11:39",208.395,"WAIT","SETUP","STRUCTURAL_BASE","STRUCTURAL_BASE|11:26|11:36",0,7,"Good","",208.58,207.65,208.59,210.89,0.01
DDOG,"11:40",208.545,"WAIT","SETUP","STRUCTURAL_BASE","STRUCTURAL_BASE|11:26|11:36",1,8,"Good","",208.58,207.65,208.59,210.89,0.01
DDOG,"11:41",208.55,"WAIT","SETUP","STRUCTURAL_BASE","STRUCTURAL_BASE|11:26|11:36",2,6,"Good","",208.58,207.65,208.59,210.89,0.01
DDOG,"11:42",208.47,"WAIT","SETUP","STRUCTURAL_BASE","STRUCTURAL_BASE|11:26|11:36",3,6,"Good","",208.58,207.65,208.59,210.89,0.01
DDOG,"11:43",208.61,"WAIT","SETUP","STRUCTURAL_BASE","STRUCTURAL_BASE|11:26|11:36",4,8,"Good","",208.58,207.65,208.59,210.89,0.01
DDOG,"11:44",208.72,"WAIT","SETUP","STRUCTURAL_BASE","STRUCTURAL_BASE|11:26|11:36",5,6,"Good","",208.58,207.65,208.59,210.89,0.01
DDOG,"11:45",208.925,"WAIT","SETUP","REVERSAL","REVERSAL|11:26|11:14",0,7,"Good","",209.02,208.57,209.11,210.15,0.2
DDOG,"11:46",208.39,"FAILED","FAILED","REVERSAL","REVERSAL|11:26|11:14",1,0,"Good","","","","","",""
DDOG,"11:47",208.41,"WAIT","WATCH","STRUCTURAL_BASE","STRUCTURAL_BASE|11:26|11:36",8,6,"Good","",208.58,207.65,208.59,210.89,0.01
DDOG,"11:48",208.3,"WAIT","SETUP","STRUCTURAL_BASE","STRUCTURAL_BASE|11:26|11:36",9,6,"Good","",208.58,207.65,208.59,210.89,0.01
DDOG,"11:49",208.12,"WAIT","SETUP","STRUCTURAL_BASE","STRUCTURAL_BASE|11:26|11:36",10,7,"Strong","",208.58,207.65,208.59,210.89,0.01
DDOG,"11:50",208.1,"WAIT","SETUP","STRUCTURAL_BASE","STRUCTURAL_BASE|11:26|11:36",11,5,"Good","",208.58,207.65,208.59,210.89,0.01
DDOG,"11:51",207.92,"WAIT","SETUP","STRUCTURAL_BASE","STRUCTURAL_BASE|11:26|11:36",12,5,"Good","",208.58,207.65,208.59,210.89,0.01
DDOG,"11:52",208.0099,"WAIT","SETUP","STRUCTURAL_BASE","STRUCTURAL_BASE|11:26|11:36",13,5,"Good","",208.58,207.65,208.59,210.89,0.01
DDOG,"11:53",208.06,"WAIT","SETUP","STRUCTURAL_BASE","STRUCTURAL_BASE|11:26|11:36",14,5,"Good","",208.58,207.65,208.59,210.89,0.01
DDOG,"11:54",208,"WAIT","SETUP","STRUCTURAL_BASE","STRUCTURAL_BASE|11:26|11:36",15,5,"Good","",208.58,207.65,208.59,210.89,0.01
DDOG,"11:55",207.96,"WAIT","SETUP","STRUCTURAL_BASE","STRUCTURAL_BASE|11:26|11:36",16,5,"Good","",208.58,207.65,208.59,210.89,0.01
DDOG,"11:56",208,"WAIT","SETUP","STRUCTURAL_BASE","STRUCTURAL_BASE|11:26|11:36",17,6,"Good","",208.58,207.65,208.59,210.89,0.01
DDOG,"11:57",207.855,"WAIT","SETUP","STRUCTURAL_BASE","STRUCTURAL_BASE|11:26|11:36",18,5,"Good","",208.58,207.65,208.59,210.89,0.01
DDOG,"11:58",207.71,"WAIT","SETUP","STRUCTURAL_BASE","STRUCTURAL_BASE|11:26|11:36",19,5,"Good","",208.58,207.65,208.59,210.89,0.01
DDOG,"11:59",207.875,"WAIT","SETUP","STRUCTURAL_BASE","STRUCTURAL_BASE|11:26|11:36",20,5,"Good","",208.58,207.65,208.59,210.89,0.01
DDOG,"12:00",208.005,"WAIT","SETUP","STRUCTURAL_BASE","STRUCTURAL_BASE|11:26|11:36",21,7,"Good","",208.58,207.65,208.59,210.89,0.01
DDOG,"12:01",207.81,"WAIT","SETUP","STRUCTURAL_BASE","STRUCTURAL_BASE|11:26|11:36",22,3,"Neutral","",208.58,207.65,208.59,210.89,0.01
DDOG,"12:02",208.23,"WAIT","SETUP","STRUCTURAL_BASE","STRUCTURAL_BASE|11:26|11:36",23,5,"Neutral","",208.58,207.65,208.59,210.89,0.01
DDOG,"12:03",208.08,"WAIT","SETUP","STRUCTURAL_BASE","STRUCTURAL_BASE|11:26|11:36",24,3,"Neutral","",208.58,207.65,208.59,210.89,0.01
DDOG,"12:04",207.9061,"WAIT","SETUP","STRUCTURAL_BASE","STRUCTURAL_BASE|11:26|11:36",25,3,"Neutral","",208.58,207.65,208.59,210.89,0.01
DDOG,"12:05",207.77,"WAIT","SETUP","STRUCTURAL_BASE","STRUCTURAL_BASE|11:26|11:36",26,4,"Good","",208.58,207.65,208.59,210.89,0.01
DDOG,"12:06",207.85,"WAIT","SETUP","STRUCTURAL_BASE","STRUCTURAL_BASE|11:26|11:36",27,4,"Good","",208.58,207.65,208.59,210.89,0.01
DDOG,"12:07",207.59,"FAILED","FAILED","STRUCTURAL_BASE","STRUCTURAL_BASE|11:26|11:36",28,0,"Good","","","","","",""
DDOG,"12:08",207.38,"WAIT","WATCH","","","",0,"Good","","","","","",""
DDOG,"12:09",207.355,"WAIT","WATCH","","","",0,"Neutral","","","","","",""
DDOG,"12:10",207.405,"WAIT","WATCH","","","",0,"Good","","","","","",""
DDOG,"12:11",207.225,"WAIT","WATCH","","","",0,"Neutral","","","","","",""
DDOG,"12:12",207.3401,"WAIT","WATCH","","","",0,"Neutral","","","","","",""
DDOG,"12:13",207.59,"WAIT","WATCH","","","",0,"Good","","","","","",""
DDOG,"12:14",207.684,"WAIT","ARMED","RECLAIM_CONTINUATION","RECLAIM_CONTINUATION|VWAP|START_12:13",0,4,"Good","פריצה של 207.69 | ציון 6 (כרגע 4)",207.69,207.34,208.23,208.24,1.55
DDOG,"12:15",207.61,"WAIT","ARMED","RECLAIM_CONTINUATION","RECLAIM_CONTINUATION|VWAP|START_12:13",1,4,"Good","פריצה של 207.69 | ציון 6 (כרגע 4)",207.69,207.34,208.23,208.24,1.55
DDOG,"12:16",207.5,"WAIT","ARMED","RECLAIM_CONTINUATION","RECLAIM_CONTINUATION|VWAP|START_12:13",2,3,"Good","סגירה קרוב ל-207.69 (לא רק נגיעה) | ציון 6 (כרגע 3)",207.69,207.34,208.23,208.24,1.55
DDOG,"12:17",207.45,"WAIT","ARMED","RECLAIM_CONTINUATION","RECLAIM_CONTINUATION|VWAP|START_12:13",3,3,"Good","פריצה של 207.69 | ציון 6 (כרגע 3)",207.69,207.34,208.23,208.24,1.55
DDOG,"12:18",207.45,"WAIT","ARMED","RECLAIM_CONTINUATION","RECLAIM_CONTINUATION|VWAP|START_12:13",4,3,"Good","פריצה של 207.69 | ציון 6 (כרגע 3)",207.69,207.34,208.23,208.24,1.55
DDOG,"12:19",208.015,"WAIT","ARMED","RECLAIM_CONTINUATION","RECLAIM_CONTINUATION|VWAP|START_12:13",5,2,"Good","",207.69,207.34,208.23,208.24,1.55
DDOG,"12:20",208,"WAIT","ARMED","RECLAIM_CONTINUATION","RECLAIM_CONTINUATION|VWAP|START_12:13",6,2,"Good","",207.69,207.34,208.23,208.24,1.55
DDOG,"12:21",208.0446,"WAIT","ARMED","RECLAIM_CONTINUATION","RECLAIM_CONTINUATION|VWAP|START_12:13",7,3,"Good","",207.69,207.34,208.23,208.24,1.55
DDOG,"12:22",207.93,"WAIT","ARMED","RECLAIM_CONTINUATION","RECLAIM_CONTINUATION|VWAP|START_12:13",8,3,"Good","ציון 6 (כרגע 3)",207.69,207.34,208.23,208.24,1.55
DDOG,"12:23",208.02,"WAIT","ARMED","RECLAIM_CONTINUATION","RECLAIM_CONTINUATION|VWAP|START_12:13",9,4,"Good","",207.69,207.34,208.23,208.24,1.55
DDOG,"12:24",207.88,"WAIT","ARMED","RECLAIM_CONTINUATION","RECLAIM_CONTINUATION|VWAP|START_12:13",10,3,"Good","ציון 6 (כרגע 3)",207.69,207.34,208.23,208.24,1.55
DDOG,"12:25",208.13,"WAIT","ARMED","RECLAIM_CONTINUATION","RECLAIM_CONTINUATION|VWAP|START_12:13",11,4,"Good","",207.69,207.34,208.23,208.24,1.55
DDOG,"12:26",208.06,"WAIT","ARMED","RECLAIM_CONTINUATION","RECLAIM_CONTINUATION|PIVOT_11:58|START_12:19",0,4,"Good","פריצה של 208.17 | ציון 6 (כרגע 4)",208.17,207.64,209.05,209.11,1.65
DDOG,"12:27",208.11,"WAIT","ARMED","PULLBACK_CONTINUATION","PULLBACK_CONTINUATION@207.88",0,7,"Strong","פריצה של 208.17",208.17,207.84,209.05,209.11,2.66
DDOG,"12:28",208.025,"WAIT","ARMED","STRUCTURAL_BASE","STRUCTURAL_BASE|12:24|12:25",0,6,"Good","פריצה של 208.17",208.17,207.84,209.05,209.11,2.66
DDOG,"12:29",207.88,"WAIT","ARMED","STRUCTURAL_BASE","STRUCTURAL_BASE|12:24|12:25",1,6,"Good","פריצה של 208.17",208.17,207.84,209.05,209.11,2.66
DDOG,"12:30",208.085,"WAIT","ARMED","STRUCTURAL_BASE","STRUCTURAL_BASE|12:24|12:25",2,7,"Good","פריצה של 208.17",208.17,207.84,209.05,209.11,2.66
DDOG,"12:31",208.1,"WAIT","ARMED","STRUCTURAL_BASE","STRUCTURAL_BASE|12:24|12:25",3,7,"Good","סגירה קרוב ל-208.17 (לא רק נגיעה)",208.17,207.84,209.05,209.11,2.66
DDOG,"12:32",208.0899,"WAIT","ARMED","STRUCTURAL_BASE","STRUCTURAL_BASE|12:24|12:25",4,7,"Good","פריצה של 208.17",208.17,207.84,209.05,209.11,2.66
DDOG,"12:33",207.97,"WAIT","ARMED","STRUCTURAL_BASE","STRUCTURAL_BASE|12:24|12:25",5,6,"Good","פריצה של 208.17",208.17,207.84,209.05,209.11,2.66
DDOG,"12:34",207.99,"WAIT","ARMED","STRUCTURAL_BASE","STRUCTURAL_BASE|12:24|12:25",6,7,"Good","סגירה קרוב ל-208.17 (לא רק נגיעה)",208.17,207.84,209.05,209.11,2.66
DDOG,"12:35",208.02,"WAIT","ARMED","STRUCTURAL_BASE","STRUCTURAL_BASE|12:24|12:25",7,5,"Good","פריצה של 208.17 | ציון 6 (כרגע 5)",208.17,207.84,209.05,209.11,2.66
DDOG,"12:36",208.1,"WAIT","ARMED","STRUCTURAL_BASE","STRUCTURAL_BASE|12:24|12:25",8,5,"Good","פריצה של 208.17 | ציון 6 (כרגע 5)",208.17,207.84,209.05,209.11,2.66
DDOG,"12:37",208.04,"WAIT","ARMED","STRUCTURAL_BASE","STRUCTURAL_BASE|12:24|12:25",9,5,"Good","פריצה של 208.17 | ציון 6 (כרגע 5)",208.17,207.84,209.05,209.11,2.66
DDOG,"12:38",208.1,"WAIT","ARMED","STRUCTURAL_BASE","STRUCTURAL_BASE|12:24|12:25",10,5,"Good","סגירה קרוב ל-208.17 (לא רק נגיעה) | ציון 6 (כרגע 5)",208.17,207.84,209.05,209.11,2.66
DDOG,"12:39",208.1101,"WAIT","ARMED","STRUCTURAL_BASE","STRUCTURAL_BASE|12:24|12:25",11,6,"Good","פריצה של 208.17",208.17,207.84,209.05,209.11,2.66
DDOG,"12:40",208.18,"WAIT","ARMED","STRUCTURAL_BASE","STRUCTURAL_BASE|12:24|12:25",12,5,"Good","ציון 6 (כרגע 5)",208.17,207.84,209.05,209.11,2.66
DDOG,"12:41",208.23,"WAIT","ARMED","REVERSAL","REVERSAL|12:32|12:25",0,6,"Good","",208.33,208.12,209.05,209.11,3.45
DDOG,"12:42",208.18,"WAIT","ARMED","REVERSAL","REVERSAL|12:32|12:25",1,5,"Good","",208.33,208.12,209.05,209.11,3.45
DDOG,"12:43",208.145,"FAILED","FAILED","REVERSAL","REVERSAL|12:32|12:25",2,0,"Good","","","","","",""
DDOG,"12:44",208.2075,"WAIT","WATCH","","","",0,"Good","","","","","",""
DDOG,"12:45",208.135,"WAIT","WATCH","","","",0,"Good","","","","","",""
DDOG,"12:46",208.57,"WAIT","SETUP","PULLBACK_CONTINUATION","PULLBACK_CONTINUATION@208.04",0,9,"Strong","",208.65,208,209.05,210.27,0.62
DDOG,"12:47",208.335,"WAIT","SETUP","PULLBACK_CONTINUATION","PULLBACK_CONTINUATION@208.04",1,7,"Strong","",208.65,208,209.05,210.27,0.62
DDOG,"12:48",208.26,"WAIT","SETUP","PULLBACK_CONTINUATION","PULLBACK_CONTINUATION@208.04",2,8,"Strong","",208.65,208,209.05,210.27,0.62
DDOG,"12:49",208.025,"FAILED","FAILED","PULLBACK_CONTINUATION","PULLBACK_CONTINUATION@208.04",3,0,"Strong","","","","","",""
DDOG,"12:50",208.335,"WAIT","WATCH","STRUCTURAL_BASE","STRUCTURAL_BASE|12:43|12:46",0,7,"Strong","",208.65,207.99,209.05,210.29,0.61
DDOG,"12:51",208.05,"WAIT","SETUP","STRUCTURAL_BASE","STRUCTURAL_BASE|12:43|12:46",1,7,"Strong","",208.65,207.99,209.05,210.29,0.61
DDOG,"12:52",208.23,"WAIT","ARMED","RECLAIM_CONTINUATION","RECLAIM_CONTINUATION|PIVOT_12:43|START_12:50",0,5,"Good","פריצה של 208.34 | ציון 6 (כרגע 5)",208.34,207.99,209.05,209.11,2.03
DDOG,"12:53",208.49,"WAIT","ARMED","RECLAIM_CONTINUATION","RECLAIM_CONTINUATION|PIVOT_12:43|START_12:50",1,4,"Good","ציון 6 (כרגע 4)",208.34,207.99,209.05,209.11,2.03
DDOG,"12:54",208.42,"WAIT","ARMED","RECLAIM_CONTINUATION","RECLAIM_CONTINUATION|PIVOT_12:43|START_12:50",2,4,"Good","ציון 6 (כרגע 4)",208.34,207.99,209.05,209.11,2.03
DDOG,"12:55",208.36,"WAIT","ARMED","RECLAIM_CONTINUATION","RECLAIM_CONTINUATION|PIVOT_12:43|START_12:50",3,4,"Good","ציון 6 (כרגע 4)",208.34,207.99,209.05,209.11,2.03
DDOG,"12:56",208.23,"WAIT","ARMED","RECLAIM_CONTINUATION","RECLAIM_CONTINUATION|PIVOT_12:43|START_12:50",4,4,"Good","סגירה קרוב ל-208.34 (לא רק נגיעה) | ציון 6 (כרגע 4)",208.34,207.99,209.05,209.11,2.03
DDOG,"12:57",208.365,"WAIT","ARMED","RECLAIM_CONTINUATION","RECLAIM_CONTINUATION|PIVOT_12:43|START_12:50",5,3,"Good","ציון 6 (כרגע 3)",208.34,207.99,209.05,209.11,2.03
DDOG,"12:58",208.55,"WAIT","ARMED","RECLAIM_CONTINUATION","RECLAIM_CONTINUATION|PIVOT_12:43|START_12:50",6,3,"Good","ציון 6 (כרגע 3)",208.34,207.99,209.05,209.11,2.03
DDOG,"12:59",208.74,"WAIT","SETUP","REVERSAL","REVERSAL|12:56|12:54",0,8,"Good","",208.78,208.27,209.05,210.04,0.53
DDOG,"13:00",208.935,"WAIT","SETUP","REVERSAL","REVERSAL|12:56|12:54",1,5,"Good","",208.78,208.27,209.05,210.04,0.53
DDOG,"13:01",209.12,"WAIT","ARMED","REVERSAL","REVERSAL|12:56|12:54",2,5,"Good","",208.78,208.27,209.05,210.04,0.53
DDOG,"13:02",209.34,"WAIT","ARMED","REVERSAL","REVERSAL|12:56|12:54",3,5,"Good","",208.78,208.27,209.05,210.04,0.53
DDOG,"13:03",209.22,"WAIT","ARMED","REVERSAL","REVERSAL|12:56|12:54",4,5,"Good","",208.78,208.27,209.05,210.04,0.53
DDOG,"13:04",209.15,"WAIT","ARMED","REVERSAL","REVERSAL|12:56|12:54",5,5,"Good","",208.78,208.27,209.05,210.04,0.53
DDOG,"13:05",208.94,"WAIT","SETUP","REVERSAL","REVERSAL|12:56|12:54",6,5,"Good","",208.78,208.27,209.05,210.04,0.53
DDOG,"13:06",208.525,"WAIT","ARMED","STRUCTURAL_BASE","STRUCTURAL_BASE|12:56|13:03",0,8,"Strong","פריצה של 209.46",209.46,208.16,212.06,213.36,2
DDOG,"13:07",208.77,"WAIT","ARMED","STRUCTURAL_BASE","STRUCTURAL_BASE|12:56|13:03",1,7,"Strong","פריצה של 209.46",209.46,208.16,212.06,213.36,2
DDOG,"13:08",208.64,"WAIT","SETUP","REVERSAL","REVERSAL|12:56|12:54",9,8,"Strong","",208.78,208.27,209.05,210.04,0.53
DDOG,"13:09",208.95,"WAIT","SETUP","PULLBACK_CONTINUATION","PULLBACK_CONTINUATION|13:06|13:03",0,8,"Strong","",209.05,208.41,209.11,210.64,0.09
DDOG,"13:10",209,"WAIT","SETUP","PULLBACK_CONTINUATION","PULLBACK_CONTINUATION|13:06|13:03",1,8,"Strong","",209.05,208.41,209.11,210.64,0.09
DDOG,"13:11",209.01,"WAIT","SETUP","PULLBACK_CONTINUATION","PULLBACK_CONTINUATION|13:06|13:03",2,8,"Strong","",209.05,208.41,209.11,210.64,0.09
DDOG,"13:12",208.945,"WAIT","SETUP","PULLBACK_CONTINUATION","PULLBACK_CONTINUATION|13:06|13:03",3,7,"Strong","",209.05,208.41,209.11,210.64,0.09
DDOG,"13:13",208.935,"WAIT","SETUP","PULLBACK_CONTINUATION","PULLBACK_CONTINUATION|13:06|13:03",4,8,"Strong","",209.05,208.41,209.11,210.64,0.09
DDOG,"13:14",209.14,"WAIT","SETUP","PULLBACK_CONTINUATION","PULLBACK_CONTINUATION|13:06|13:03",5,9,"Strong","",209.05,208.41,209.11,210.64,0.09
DDOG,"13:15",209.065,"WAIT","SETUP","PULLBACK_CONTINUATION","PULLBACK_CONTINUATION|13:06|13:03",6,7,"Strong","",209.05,208.41,209.11,210.64,0.09
DDOG,"13:16",209.165,"WAIT","SETUP","PULLBACK_CONTINUATION","PULLBACK_CONTINUATION|13:06|13:03",7,9,"Strong","",209.05,208.41,209.11,210.64,0.09
DDOG,"13:17",209.14,"WAIT","SETUP","PULLBACK_CONTINUATION","PULLBACK_CONTINUATION@208.49",0,7,"Strong","",209.26,208.43,209.45,211.35,0.23
DDOG,"13:18",209.08,"WAIT","SETUP","PULLBACK_CONTINUATION","PULLBACK_CONTINUATION|13:06|13:03",9,9,"Strong","",209.05,208.41,209.11,210.64,0.09
DDOG,"13:19",209.01,"WAIT","SETUP","PULLBACK_CONTINUATION","PULLBACK_CONTINUATION|13:06|13:03",10,7,"Strong","",209.05,208.41,209.11,210.64,0.09
DDOG,"13:20",209,"WAIT","SETUP","PULLBACK_CONTINUATION","PULLBACK_CONTINUATION|13:06|13:03",11,7,"Strong","",209.05,208.41,209.11,210.64,0.09
DDOG,"13:21",208.92,"WAIT","SETUP","PULLBACK_CONTINUATION","PULLBACK_CONTINUATION|13:06|13:03",12,7,"Strong","",209.05,208.41,209.11,210.64,0.09
DDOG,"13:22",209,"WAIT","SETUP","PULLBACK_CONTINUATION","PULLBACK_CONTINUATION|13:06|13:03",13,7,"Strong","",209.05,208.41,209.11,210.64,0.09
DDOG,"13:23",209.345,"WAIT","ARMED","PULLBACK_CONTINUATION","PULLBACK_CONTINUATION|13:06|13:03",14,7,"Strong","",209.05,208.41,209.11,210.64,0.09
DDOG,"13:24",209.63,"WAIT","ARMED","PULLBACK_CONTINUATION","PULLBACK_CONTINUATION@208.92",0,9,"Strong","פריצה של 209.78",209.78,208.87,211.61,212.52,2
DDOG,"13:25",209.67,"WAIT","ARMED","PULLBACK_CONTINUATION","PULLBACK_CONTINUATION@208.92",1,8,"Strong","פריצה של 209.78",209.78,208.87,211.61,212.52,2
DDOG,"13:26",209.81,"NO TRADE (shadow)","READY","PULLBACK_CONTINUATION","PULLBACK_CONTINUATION@208.92",2,9,"Strong","",209.78,208.87,211.61,212.52,2
DDOG,"13:27",209.92,"NO TRADE (shadow)","READY","PULLBACK_CONTINUATION","PULLBACK_CONTINUATION@208.92",3,7,"Strong","",209.78,208.87,211.61,212.52,2
DDOG,"13:28",209.955,"NO TRADE (shadow)","READY","PULLBACK_CONTINUATION","PULLBACK_CONTINUATION@208.92",4,8,"Strong","",209.78,208.87,211.61,212.52,2
DDOG,"13:29",209.9,"NO TRADE (shadow)","READY","PULLBACK_CONTINUATION","PULLBACK_CONTINUATION@208.92",5,6,"Strong","",209.78,208.87,211.61,212.52,2
DDOG,"13:30",210.11,"WAIT","ARMED","PULLBACK_CONTINUATION","PULLBACK_CONTINUATION@208.92",6,7,"Strong","",209.78,208.87,211.61,212.52,2
DDOG,"13:31",210.13,"WAIT","ARMED","PULLBACK_CONTINUATION","PULLBACK_CONTINUATION@208.92",7,6,"Strong","",209.78,208.87,211.61,212.52,2
DDOG,"13:32",210.07,"WAIT","ARMED","PULLBACK_CONTINUATION","PULLBACK_CONTINUATION@208.92",8,5,"Strong","",209.78,208.87,211.61,212.52,2
DDOG,"13:33",210,"NO TRADE (shadow)","READY","PULLBACK_CONTINUATION","PULLBACK_CONTINUATION@208.92",9,6,"Strong","",209.78,208.87,211.61,212.52,2
DDOG,"13:34",210.03,"WAIT","ARMED","PULLBACK_CONTINUATION","PULLBACK_CONTINUATION@208.92",10,5,"Strong","",209.78,208.87,211.61,212.52,2
DDOG,"13:35",210.055,"WAIT","ARMED","PULLBACK_CONTINUATION","PULLBACK_CONTINUATION@208.92",11,5,"Strong","",209.78,208.87,211.61,212.52,2
DDOG,"13:36",210.08,"WAIT","ARMED","PULLBACK_CONTINUATION","PULLBACK_CONTINUATION@208.92",12,6,"Strong","",209.78,208.87,211.61,212.52,2
DDOG,"13:37",210.07,"WAIT","ARMED","PULLBACK_CONTINUATION","PULLBACK_CONTINUATION@208.92",13,5,"Strong","",209.78,208.87,211.61,212.52,2
DDOG,"13:38",210.255,"WAIT","ARMED","PULLBACK_CONTINUATION","PULLBACK_CONTINUATION@208.92",14,7,"Strong","",209.78,208.87,211.61,212.52,2
DDOG,"13:39",210.295,"WAIT","ARMED","PULLBACK_CONTINUATION","PULLBACK_CONTINUATION@208.92",15,6,"Strong","",209.78,208.87,211.61,212.52,2
DDOG,"13:40",210.2275,"WAIT","ARMED","PULLBACK_CONTINUATION","PULLBACK_CONTINUATION@208.92",16,6,"Strong","",209.78,208.87,211.61,212.52,2
DDOG,"13:41",210.67,"WAIT","ARMED","PULLBACK_CONTINUATION","PULLBACK_CONTINUATION@208.92",17,7,"Strong","",209.78,208.87,211.61,212.52,2
DDOG,"13:42",210.77,"WAIT","ARMED","PULLBACK_CONTINUATION","PULLBACK_CONTINUATION@208.92",18,6,"Strong","",209.78,208.87,211.61,212.52,2
DDOG,"13:43",210.81,"WAIT","ARMED","PULLBACK_CONTINUATION","PULLBACK_CONTINUATION@208.92",19,6,"Strong","",209.78,208.87,211.61,212.52,2
DDOG,"13:44",210.905,"WAIT","ARMED","PULLBACK_CONTINUATION","PULLBACK_CONTINUATION@208.92",20,6,"Strong","",209.78,208.87,211.61,212.52,2
DDOG,"13:45",210.93,"WAIT","ARMED","PULLBACK_CONTINUATION","PULLBACK_CONTINUATION@208.92",21,6,"Strong","",209.78,208.87,211.61,212.52,2
DDOG,"13:46",210.89,"WAIT","ARMED","PULLBACK_CONTINUATION","PULLBACK_CONTINUATION@208.92",22,5,"Strong","",209.78,208.87,211.61,212.52,2
DDOG,"13:47",210.735,"WAIT","ARMED","PULLBACK_CONTINUATION","PULLBACK_CONTINUATION@208.92",23,5,"Strong","",209.78,208.87,211.61,212.52,2
DDOG,"13:48",210.87,"WAIT","ARMED","PULLBACK_CONTINUATION","PULLBACK_CONTINUATION@208.92",24,5,"Strong","",209.78,208.87,211.61,212.52,2
DDOG,"13:49",210.66,"WAIT","ARMED","REVERSAL","REVERSAL|13:21|13:03",0,8,"Strong","",211.19,209.24,215.1,217.05,2
DDOG,"13:50",210.73,"WAIT","ARMED","REVERSAL","REVERSAL|13:21|13:03",1,8,"Strong","",211.19,209.24,215.1,217.05,2
DDOG,"13:51",210.685,"WAIT","ARMED","REVERSAL","REVERSAL|13:21|13:03",2,8,"Strong","",211.19,209.24,215.1,217.05,2
DDOG,"13:52",210.02,"WAIT","ARMED","REVERSAL","REVERSAL|13:21|13:03",3,8,"Strong","",211.19,209.24,215.1,217.05,2
DDOG,"13:53",209.92,"WAIT","ARMED","REVERSAL","REVERSAL|13:21|13:03",4,8,"Strong","",211.19,209.24,215.1,217.05,2
DDOG,"13:54",210.02,"WAIT","ARMED","REVERSAL","REVERSAL|13:21|13:03",5,8,"Strong","",211.19,209.24,215.1,217.05,2
DDOG,"13:55",209.895,"WAIT","ARMED","REVERSAL","REVERSAL|13:21|13:03",6,7,"Good","",211.19,209.24,215.1,217.05,2
DDOG,"13:56",209.95,"WAIT","ARMED","REVERSAL","REVERSAL|13:21|13:03",7,6,"Good","",211.19,209.24,215.1,217.05,2
DDOG,"13:57",209.97,"WAIT","ARMED","REVERSAL","REVERSAL|13:21|13:03",8,6,"Good","",211.19,209.24,215.1,217.05,2
DDOG,"13:58",209.975,"WAIT","ARMED","REVERSAL","REVERSAL|13:21|13:03",9,6,"Good","",211.19,209.24,215.1,217.05,2
DDOG,"13:59",209.7925,"WAIT","ARMED","REVERSAL","REVERSAL|13:21|13:03",10,6,"Good","",211.19,209.24,215.1,217.05,2
DDOG,"14:00",209.62,"WAIT","ARMED","REVERSAL","REVERSAL|13:21|13:03",11,7,"Good","",211.19,209.24,215.1,217.05,2
DDOG,"14:01",209.3,"WAIT","ARMED","REVERSAL","REVERSAL|13:21|13:03",12,6,"Good","",211.19,209.24,215.1,217.05,2
DDOG,"14:02",209.46,"WAIT","ARMED","REVERSAL","REVERSAL|13:21|13:03",13,6,"Good","",211.19,209.24,215.1,217.05,2
DDOG,"14:03",209.72,"WAIT","ARMED","REVERSAL","REVERSAL|13:21|13:03",14,8,"Good","",211.19,209.24,215.1,217.05,2
DDOG,"14:04",209.71,"WAIT","ARMED","REVERSAL","REVERSAL|13:21|13:03",15,4,"Good","",211.19,209.24,215.1,217.05,2
DDOG,"14:05",209.74,"WAIT","ARMED","REVERSAL","REVERSAL|13:21|13:03",16,5,"Good","",211.19,209.24,215.1,217.05,2
DDOG,"14:06",209.715,"WAIT","ARMED","REVERSAL","REVERSAL|13:21|13:03",17,4,"Good","",211.19,209.24,215.1,217.05,2
DDOG,"14:07",209.72,"WAIT","ARMED","REVERSAL","REVERSAL|13:21|13:03",18,5,"Good","",211.19,209.24,215.1,217.05,2
DDOG,"14:08",209.95,"WAIT","ARMED","REVERSAL","REVERSAL|13:21|13:03",19,5,"Good","",211.19,209.24,215.1,217.05,2
DDOG,"14:09",209.85,"WAIT","ARMED","RECLAIM_CONTINUATION","RECLAIM_CONTINUATION|PIVOT_13:55|START_14:08",0,3,"Good","פריצה של 209.98 | ציון 6 (כרגע 3)",209.98,209.68,211.18,210.73,4
DDOG,"14:10",209.86,"WAIT","ARMED","RECLAIM_CONTINUATION","RECLAIM_CONTINUATION|PIVOT_13:55|START_14:08",1,3,"Good","סגירה קרוב ל-209.98 (לא רק נגיעה) | ציון 6 (כרגע 3)",209.98,209.68,211.18,210.73,4
DDOG,"14:11",210,"WAIT","ARMED","RECLAIM_CONTINUATION","RECLAIM_CONTINUATION|PIVOT_13:55|START_14:08",2,4,"Good","ציון 6 (כרגע 4)",209.98,209.68,211.18,210.73,4
DDOG,"14:12",210,"WAIT","ARMED","RECLAIM_CONTINUATION","RECLAIM_CONTINUATION|PIVOT_13:55|START_14:08",3,4,"Good","ציון 6 (כרגע 4)",209.98,209.68,211.18,210.73,4
DDOG,"14:13",209.955,"WAIT","ARMED","RECLAIM_CONTINUATION","RECLAIM_CONTINUATION|PIVOT_13:55|START_14:08",4,3,"Good","סגירה קרוב ל-209.98 (לא רק נגיעה) | ציון 6 (כרגע 3)",209.98,209.68,211.18,210.73,4
DDOG,"14:14",209.835,"WAIT","ARMED","RECLAIM_CONTINUATION","RECLAIM_CONTINUATION|PIVOT_13:55|START_14:08",5,3,"Good","פריצה של 209.98 | ציון 6 (כרגע 3)",209.98,209.68,211.18,210.73,4
DDOG,"14:15",209.51,"FAILED","FAILED","RECLAIM_CONTINUATION","RECLAIM_CONTINUATION|PIVOT_13:55|START_14:08",6,0,"Neutral","","","","","",""
DDOG,"14:16",209.55,"NO TRADE","AVOID","","","",0,"Neutral","","","","","",""
DDOG,"14:17",209.305,"NO TRADE","AVOID","","","",0,"Neutral","","","","","",""
DDOG,"14:18",209.06,"NO TRADE","AVOID","","","",0,"Neutral","","","","","",""
DDOG,"14:19",209.081,"NO TRADE","AVOID","","","",0,"Neutral","","","","","",""
DDOG,"14:20",209.06,"NO TRADE","AVOID","","","",0,"Neutral","","","","","",""
DDOG,"14:21",209.165,"NO TRADE","AVOID","","","",0,"Neutral","","","","","",""
DDOG,"14:22",208.95,"NO TRADE","AVOID","","","",0,"Neutral","","","","","",""
DDOG,"14:23",208.94,"NO TRADE","AVOID","","","",0,"Neutral","","","","","",""
DDOG,"14:24",208.91,"NO TRADE","AVOID","","","",0,"Neutral","","","","","",""
DDOG,"14:25",208.91,"NO TRADE","AVOID","","","",0,"Neutral","","","","","",""
DDOG,"14:26",208.95,"NO TRADE","AVOID","","","",0,"Neutral","","","","","",""
DDOG,"14:27",209.02,"NO TRADE","AVOID","","","",0,"Neutral","","","","","",""
DDOG,"14:28",208.91,"NO TRADE","AVOID","","","",0,"Neutral","","","","","",""
DDOG,"14:29",208.8975,"NO TRADE","AVOID","","","",0,"Neutral","","","","","",""
DDOG,"14:30",208.745,"NO TRADE","AVOID","","","",0,"Neutral","","","","","",""
DDOG,"14:31",208.6906,"NO TRADE","AVOID","","","",0,"Neutral","","","","","",""
DDOG,"14:32",208.78,"NO TRADE","AVOID","","","",0,"Neutral","","","","","",""
DDOG,"14:33",208.65,"NO TRADE","AVOID","","","",0,"Neutral","","","","","",""
DDOG,"14:34",208.715,"NO TRADE","AVOID","","","",0,"Neutral","","","","","",""
DDOG,"14:35",208.6825,"NO TRADE","AVOID","","","",0,"Neutral","","","","","",""
DDOG,"14:36",209.14,"NO TRADE","AVOID","","","",0,"Neutral","","","","","",""
DDOG,"14:37",208.935,"NO TRADE","AVOID","","","",0,"Neutral","","","","","",""
DDOG,"14:38",208.82,"NO TRADE","AVOID","","","",0,"Neutral","","","","","",""
DDOG,"14:39",208.81,"WAIT","WATCH","","","",0,"Good","","","","","",""
DDOG,"14:40",208.7,"WAIT","WATCH","","","",0,"Good","","","","","",""
DDOG,"14:41",208.67,"WAIT","WATCH","","","",0,"Good","","","","","",""
DDOG,"14:42",208.815,"WAIT","WATCH","","","",0,"Good","","","","","",""
DDOG,"14:43",208.78,"WAIT","WATCH","","","",0,"Good","","","","","",""
DDOG,"14:44",208.85,"WAIT","ARMED","PULLBACK_CONTINUATION","PULLBACK_CONTINUATION|14:41|14:36",0,6,"Good","פריצה של 208.96",208.96,208.63,210.09,210.27,3.43
DDOG,"14:45",208.9275,"WAIT","ARMED","PULLBACK_CONTINUATION","PULLBACK_CONTINUATION|14:41|14:36",1,5,"Good","סגירה קרוב ל-208.96 (לא רק נגיעה) | ציון 6 (כרגע 5)",208.96,208.63,210.09,210.27,3.43
DDOG,"14:46",208.87,"WAIT","ARMED","PULLBACK_CONTINUATION","PULLBACK_CONTINUATION|14:41|14:36",2,5,"Good","סגירה קרוב ל-208.96 (לא רק נגיעה) | ציון 6 (כרגע 5)",208.96,208.63,210.09,210.27,3.43
DDOG,"14:47",208.9,"WAIT","ARMED","PULLBACK_CONTINUATION","PULLBACK_CONTINUATION|14:41|14:36",3,5,"Good","סגירה קרוב ל-208.96 (לא רק נגיעה) | ציון 6 (כרגע 5)",208.96,208.63,210.09,210.27,3.43
DDOG,"14:48",208.41,"FAILED","FAILED","PULLBACK_CONTINUATION","PULLBACK_CONTINUATION|14:41|14:36",4,0,"Good","","","","","",""
DDOG,"14:49",208.345,"WAIT","WATCH","","","",0,"Good","","","","","",""
DDOG,"14:50",208.61,"WAIT","WATCH","","","",0,"Good","","","","","",""
DDOG,"14:51",208.68,"WAIT","ARMED","RECLAIM_CONTINUATION","RECLAIM_CONTINUATION|PIVOT_14:35|START_14:50",0,6,"Good","פריצה של 208.69",208.69,208.37,209.45,210.09,2.4
DDOG,"14:52",208.44,"WAIT","ARMED","RECLAIM_CONTINUATION","RECLAIM_CONTINUATION|PIVOT_14:35|START_14:50",1,3,"Good","פריצה של 208.69 | ציון 6 (כרגע 3)",208.69,208.37,209.45,210.09,2.4
DDOG,"14:53",208.51,"FAILED","FAILED","RECLAIM_CONTINUATION","RECLAIM_CONTINUATION|PIVOT_14:35|START_14:50",2,0,"Good","","","","","",""
DDOG,"14:54",208.36,"WAIT","WATCH","","","",0,"Good","","","","","",""
DDOG,"14:55",208.545,"WAIT","WATCH","","","",0,"Good","","","","","",""
DDOG,"14:56",208.615,"WAIT","WATCH","","","",0,"Good","","","","","",""
DDOG,"14:57",208.755,"WAIT","ARMED","PULLBACK_CONTINUATION","PULLBACK_CONTINUATION|14:54|14:36",0,6,"Good","פריצה של 208.76",208.76,208.2,210.09,210.27,2.4
DDOG,"14:58",208.87,"NO TRADE (shadow)","READY","PULLBACK_CONTINUATION","PULLBACK_CONTINUATION|14:54|14:36",1,6,"Good","",208.76,208.2,210.09,210.27,2.4
DDOG,"14:59",208.9,"WAIT","ARMED","PULLBACK_CONTINUATION","PULLBACK_CONTINUATION@208.26",0,5,"Good","פריצה של 208.94 | ציון 6 (כרגע 5)",208.94,208.21,210.09,210.27,1.57
DDOG,"15:00",208.725,"WAIT","ARMED","PULLBACK_CONTINUATION","PULLBACK_CONTINUATION|14:54|14:36",3,5,"Good","סגירה קרוב ל-208.76 (לא רק נגיעה) | ציון 6 (כרגע 5)",208.76,208.2,210.09,210.27,2.4
DDOG,"15:01",208.685,"WAIT","ARMED","PULLBACK_CONTINUATION","PULLBACK_CONTINUATION|14:54|14:36",4,5,"Good","סגירה קרוב ל-208.76 (לא רק נגיעה) | ציון 6 (כרגע 5)",208.76,208.2,210.09,210.27,2.4
DDOG,"15:02",208.58,"WAIT","ARMED","STRUCTURAL_BASE","STRUCTURAL_BASE|14:54|14:59",0,5,"Good","פריצה של 208.94 | ציון 6 (כרגע 5)",208.94,208.21,210.09,210.27,1.58
DDOG,"15:03",208.69,"WAIT","ARMED","STRUCTURAL_BASE","STRUCTURAL_BASE|14:54|14:59",1,5,"Good","פריצה של 208.94 | ציון 6 (כרגע 5)",208.94,208.21,210.09,210.27,1.58
DDOG,"15:04",208.73,"WAIT","ARMED","STRUCTURAL_BASE","STRUCTURAL_BASE|14:54|14:59",2,5,"Good","פריצה של 208.94 | ציון 6 (כרגע 5)",208.94,208.21,210.09,210.27,1.58
DDOG,"15:05",209.39,"WAIT","ARMED","STRUCTURAL_BASE","STRUCTURAL_BASE|14:54|14:59",3,6,"Good","",208.94,208.21,210.09,210.27,1.58
DDOG,"15:06",209.52,"WAIT","ARMED","REVERSAL","REVERSAL|14:54|14:59",0,7,"Good","",209.62,208.71,211.18,211.89,1.71
DDOG,"15:07",209.26,"WAIT","ARMED","REVERSAL","REVERSAL|14:54|14:59",1,6,"Good","",209.62,208.71,211.18,211.89,1.71
DDOG,"15:08",209.4,"WAIT","ARMED","REVERSAL","REVERSAL|14:54|14:59",2,7,"Good","",209.62,208.71,211.18,211.89,1.71
DDOG,"15:09",209.15,"NO TRADE (shadow)","READY","STRUCTURAL_BASE","STRUCTURAL_BASE|14:54|14:59",7,6,"Strong","",208.94,208.21,210.09,210.27,1.58
DDOG,"15:10",209.2025,"NO TRADE (shadow)","READY","STRUCTURAL_BASE","STRUCTURAL_BASE|14:54|14:59",8,6,"Strong","",208.94,208.21,210.09,210.27,1.58
DDOG,"15:11",209.25,"WAIT","ARMED","STRUCTURAL_BASE","STRUCTURAL_BASE|14:54|14:59",9,6,"Strong","",208.94,208.21,210.09,210.27,1.58
DDOG,"15:12",209.3,"WAIT","ARMED","STRUCTURAL_BASE","STRUCTURAL_BASE|14:54|14:59",10,7,"Strong","",208.94,208.21,210.09,210.27,1.58
DDOG,"15:13",209.33,"WAIT","ARMED","PULLBACK_CONTINUATION","PULLBACK_CONTINUATION@208.26",14,6,"Strong","",208.94,208.21,210.09,210.27,1.57
DDOG,"15:14",209.305,"WAIT","ARMED","PULLBACK_CONTINUATION","PULLBACK_CONTINUATION|15:11|15:06",0,8,"Strong","פריצה של 209.44",209.44,209.04,210.09,210.27,1.64
DDOG,"15:15",209.3175,"WAIT","ARMED","PULLBACK_CONTINUATION","PULLBACK_CONTINUATION@209.10",0,7,"Strong","פריצה של 209.44",209.44,209.04,210.09,210.27,1.65
DDOG,"15:16",209.2,"WAIT","ARMED","PULLBACK_CONTINUATION","PULLBACK_CONTINUATION|15:11|15:06",2,7,"Strong","פריצה של 209.44",209.44,209.04,210.09,210.27,1.64
DDOG,"15:17",208.75,"FAILED","FAILED","PULLBACK_CONTINUATION","PULLBACK_CONTINUATION|15:11|15:06",3,0,"Good","","","","","",""
DDOG,"15:18",208.92,"WAIT","WATCH","","","",0,"Good","","","","","",""
DDOG,"15:19",208.82,"WAIT","WATCH","","","",0,"Good","","","","","",""
DDOG,"15:20",208.65,"WAIT","WATCH","","","",0,"Good","","","","","",""
DDOG,"15:21",208.405,"WAIT","WATCH","","","",0,"Good","","","","","",""
DDOG,"15:22",208.305,"WAIT","WATCH","","","",0,"Good","","","","","",""
DDOG,"15:23",208.525,"WAIT","WATCH","","","",0,"Good","","","","","",""
DDOG,"15:24",208.545,"WAIT","WATCH","","","",0,"Good","","","","","",""
DDOG,"15:25",208.535,"NO TRADE","AVOID","","","",0,"Neutral","","","","","",""
DDOG,"15:26",208.465,"NO TRADE","AVOID","","","",0,"Neutral","","","","","",""
DDOG,"15:27",208.58,"NO TRADE","AVOID","","","",0,"Neutral","","","","","",""
DDOG,"15:28",208.605,"NO TRADE","AVOID","","","",0,"Neutral","","","","","",""
DDOG,"15:29",208.515,"NO TRADE","AVOID","","","",0,"Neutral","","","","","",""
DDOG,"15:30",208.49,"NO TRADE","AVOID","","","",0,"Neutral","","","","","",""
DDOG,"15:31",208.525,"NO TRADE","AVOID","","","",0,"Neutral","","","","","",""
DDOG,"15:32",208.57,"NO TRADE","AVOID","","","",0,"Neutral","","","","","",""
DDOG,"15:33",208.43,"NO TRADE","AVOID","","","",0,"Neutral","","","","","",""
DDOG,"15:34",208.52,"NO TRADE","AVOID","","","",0,"Neutral","","","","","",""
DDOG,"15:35",208.23,"WAIT","WATCH","","","",0,"Good","","","","","",""
DDOG,"15:36",208.4,"WAIT","WATCH","","","",0,"Good","","","","","",""
DDOG,"15:37",208.16,"WAIT","WATCH","","","",0,"Neutral","","","","","",""
DDOG,"15:38",208.205,"WAIT","WATCH","","","",0,"Good","","","","","",""
DDOG,"15:39",208.33,"WAIT","ARMED","RECLAIM_CONTINUATION","RECLAIM_CONTINUATION|VWAP|START_15:38",0,3,"Good","פריצה של 208.34 | ציון 6 (כרגע 3)",208.34,208.02,208.93,209.02,1.82
DDOG,"15:40",208.25,"WAIT","ARMED","RECLAIM_CONTINUATION","RECLAIM_CONTINUATION|VWAP|START_15:38",1,4,"Good","פריצה של 208.34 | ציון 6 (כרגע 4)",208.34,208.02,208.93,209.02,1.82
DDOG,"15:41",208.31,"WAIT","ARMED","RECLAIM_CONTINUATION","RECLAIM_CONTINUATION|VWAP|START_15:38",2,4,"Good","סגירה קרוב ל-208.34 (לא רק נגיעה) | ציון 6 (כרגע 4)",208.34,208.02,208.93,209.02,1.82
DDOG,"15:42",208.185,"WAIT","ARMED","RECLAIM_CONTINUATION","RECLAIM_CONTINUATION|VWAP|START_15:38",3,3,"Good","סגירה קרוב ל-208.34 (לא רק נגיעה) | ציון 6 (כרגע 3)",208.34,208.02,208.93,209.02,1.82
DDOG,"15:43",208.365,"WAIT","ARMED","RECLAIM_CONTINUATION","RECLAIM_CONTINUATION|VWAP|START_15:38",4,5,"Good","ציון 6 (כרגע 5)",208.34,208.02,208.93,209.02,1.82
DDOG,"15:44",208.45,"WAIT","ARMED","RECLAIM_CONTINUATION","RECLAIM_CONTINUATION|VWAP|START_15:38",5,4,"Good","ציון 6 (כרגע 4)",208.34,208.02,208.93,209.02,1.82
DDOG,"15:45",208.37,"BUY NOW","READY","RECLAIM_CONTINUATION","RECLAIM_CONTINUATION|VWAP|START_15:38",6,6,"Good","",208.34,208.02,208.93,209.02,1.82
DDOG,"15:46",208.4201,"BUY NOW","READY","RECLAIM_CONTINUATION","RECLAIM_CONTINUATION|VWAP|START_15:38",7,7,"Good","",208.34,208.02,208.93,209.02,1.82
DDOG,"15:47",208.505,"WAIT","ARMED","PULLBACK_CONTINUATION","PULLBACK_CONTINUATION@208.11",0,6,"Good","פריצה של 208.56",208.56,208.06,209.43,209.45,1.75
DDOG,"15:48",208.355,"WAIT","ARMED","RECLAIM_CONTINUATION","RECLAIM_CONTINUATION|VWAP|START_15:43",0,5,"Good","פריצה של 208.56 | ציון 6 (כרגע 5)",208.56,208.22,209.11,209.14,1.62
DDOG,"15:49",208.51,"WAIT","ARMED","RECLAIM_CONTINUATION","RECLAIM_CONTINUATION|VWAP|START_15:43",1,7,"Good","פריצה של 208.56",208.56,208.22,209.11,209.14,1.62
DDOG,"15:50",208.815,"WAIT","ARMED","PULLBACK_CONTINUATION","PULLBACK_CONTINUATION@208.11",3,7,"Strong","",208.56,208.06,209.43,209.45,1.75
DDOG,"15:51",208.92,"WAIT","ARMED","PULLBACK_CONTINUATION","PULLBACK_CONTINUATION@208.11",4,7,"Strong","",208.56,208.06,209.43,209.45,1.75
DDOG,"15:52",208.525,"WAIT","ARMED","PULLBACK_CONTINUATION","PULLBACK_CONTINUATION@208.11",5,8,"Strong","סגירה קרוב ל-208.56 (לא רק נגיעה)",208.56,208.06,209.43,209.45,1.75
DDOG,"15:53",208.855,"WAIT","ARMED","PULLBACK_CONTINUATION","PULLBACK_CONTINUATION@208.11",6,7,"Strong","",208.56,208.06,209.43,209.45,1.75
DDOG,"15:54",209.7,"WAIT","ARMED","PULLBACK_CONTINUATION","PULLBACK_CONTINUATION@208.11",7,7,"Strong","",208.56,208.06,209.43,209.45,1.75
DDOG,"15:55",210,"WAIT","ARMED","PULLBACK_CONTINUATION","PULLBACK_CONTINUATION@208.11",8,7,"Strong","",208.56,208.06,209.43,209.45,1.75
DDOG,"15:56",210.31,"WAIT","SETUP","PULLBACK_CONTINUATION","PULLBACK_CONTINUATION@208.37",0,9,"Strong","",210.32,208.29,211.18,215.4,0.42
DDOG,"15:57",209.95,"WAIT","SETUP","PULLBACK_CONTINUATION","PULLBACK_CONTINUATION@208.37",1,8,"Strong","",210.32,208.29,211.18,215.4,0.42
DDOG,"15:58",210.155,"WAIT","SETUP","PULLBACK_CONTINUATION","PULLBACK_CONTINUATION@208.37",2,9,"Strong","",210.32,208.29,211.18,215.4,0.42
DDOG,"15:59",210.19,"WAIT","SETUP","PULLBACK_CONTINUATION","PULLBACK_CONTINUATION@208.37",3,8,"Strong","",210.32,208.29,211.18,215.4,0.42
AMZN,"09:30",255.565,"NO TRADE","AVOID","","","",0,"","","","","","",""
AMZN,"09:31",255.76,"NO TRADE","AVOID","","","",0,"","","","","","",""
AMZN,"09:32",255.56,"NO TRADE","AVOID","","","",0,"","","","","","",""
AMZN,"09:33",256.365,"NO TRADE","AVOID","","","",0,"","","","","","",""
AMZN,"09:34",256.895,"NO TRADE","AVOID","","","",0,"","","","","","",""
AMZN,"09:35",257.6,"NO TRADE","AVOID","","","",0,"","","","","","",""
AMZN,"09:36",256.52,"NO TRADE","AVOID","","","",0,"","","","","","",""
AMZN,"09:37",256.4284,"NO TRADE","AVOID","","","",0,"","","","","","",""
AMZN,"09:38",256.62,"NO TRADE","AVOID","","","",0,"","","","","","",""
AMZN,"09:39",256.66,"NO TRADE","AVOID","","","",0,"","","","","","",""
AMZN,"09:40",256.855,"NO TRADE","AVOID","","","",0,"","","","","","",""
AMZN,"09:41",256.745,"NO TRADE","AVOID","","","",0,"","","","","","",""
AMZN,"09:42",257.08,"NO TRADE","AVOID","","","",0,"","","","","","",""
AMZN,"09:43",257.365,"NO TRADE","AVOID","","","",0,"","","","","","",""
AMZN,"09:44",257.23,"WAIT","WATCH","","","",0,"Good","","","","","",""
AMZN,"09:45",256.695,"WAIT","WATCH","","","",0,"Good","","","","","",""
AMZN,"09:46",256.69,"WAIT","WATCH","","","",0,"Good","","","","","",""
AMZN,"09:47",256.51,"NO TRADE","AVOID","","","",0,"Neutral","","","","","",""
AMZN,"09:48",256.6451,"NO TRADE","AVOID","","","",0,"Neutral","","","","","",""
AMZN,"09:49",256.45,"NO TRADE","AVOID","","","",0,"Neutral","","","","","",""
AMZN,"09:50",256.368,"NO TRADE","AVOID","","","",0,"Neutral","","","","","",""
AMZN,"09:51",256.67,"NO TRADE","AVOID","","","",0,"Neutral","","","","","",""
AMZN,"09:52",256.41,"NO TRADE","AVOID","","","",0,"Neutral","","","","","",""
AMZN,"09:53",256.202,"NO TRADE","AVOID","","","",0,"Neutral","","","","","",""
AMZN,"09:54",256.38,"NO TRADE","AVOID","","","",0,"Neutral","","","","","",""
AMZN,"09:55",256.43,"NO TRADE","AVOID","","","",0,"Neutral","","","","","",""
AMZN,"09:56",256.21,"NO TRADE","AVOID","","","",0,"Weak","","","","","",""
AMZN,"09:57",256.5301,"NO TRADE","AVOID","","","",0,"Neutral","","","","","",""
AMZN,"09:58",256.41,"NO TRADE","AVOID","","","",0,"Neutral","","","","","",""
AMZN,"09:59",256.335,"NO TRADE","AVOID","","","",0,"Neutral","","","","","",""
AMZN,"10:00",255.82,"NO TRADE","AVOID","","","",0,"Weak","","","","","",""
AMZN,"10:01",255.4517,"NO TRADE","AVOID","","","",0,"Weak","","","","","",""
AMZN,"10:02",255.0187,"NO TRADE","AVOID","","","",0,"Weak","","","","","",""
AMZN,"10:03",255.12,"NO TRADE","AVOID","","","",0,"Weak","","","","","",""
AMZN,"10:04",255.18,"NO TRADE","AVOID","","","",0,"Weak","","","","","",""
AMZN,"10:05",255.35,"NO TRADE","AVOID","","","",0,"Weak","","","","","",""
AMZN,"10:06",255.37,"NO TRADE","AVOID","","","",0,"Weak","","","","","",""
AMZN,"10:07",255.37,"NO TRADE","AVOID","","","",0,"Weak","","","","","",""
AMZN,"10:08",255.59,"NO TRADE","AVOID","","","",0,"Avoid","","","","","",""
AMZN,"10:09",255.18,"NO TRADE","AVOID","","","",0,"Avoid","","","","","",""
AMZN,"10:10",255.04,"NO TRADE","AVOID","","","",0,"Avoid","","","","","",""
AMZN,"10:11",254.825,"NO TRADE","AVOID","","","",0,"Avoid","","","","","",""
AMZN,"10:12",254.96,"NO TRADE","AVOID","","","",0,"Avoid","","","","","",""
AMZN,"10:13",255.12,"NO TRADE","AVOID","","","",0,"Avoid","","","","","",""
AMZN,"10:14",254.9825,"NO TRADE","AVOID","","","",0,"Avoid","","","","","",""
AMZN,"10:15",255.175,"NO TRADE","AVOID","","","",0,"Avoid","","","","","",""
AMZN,"10:16",255.225,"NO TRADE","AVOID","","","",0,"Avoid","","","","","",""
AMZN,"10:17",255.11,"NO TRADE","AVOID","","","",0,"Avoid","","","","","",""
AMZN,"10:18",255.25,"NO TRADE","AVOID","","","",0,"Avoid","","","","","",""
AMZN,"10:19",255.31,"NO TRADE","AVOID","","","",0,"Avoid","","","","","",""
AMZN,"10:20",255.74,"NO TRADE","AVOID","","","",0,"Weak","","","","","",""
AMZN,"10:21",255.43,"NO TRADE","AVOID","","","",0,"Avoid","","","","","",""
AMZN,"10:22",255.305,"NO TRADE","AVOID","","","",0,"Avoid","","","","","",""
AMZN,"10:23",255.31,"NO TRADE","AVOID","","","",0,"Avoid","","","","","",""
AMZN,"10:24",255.37,"WAIT","WATCH","","","",0,"Weak","","","","","",""
AMZN,"10:25",255.31,"WAIT","WATCH","","","",0,"Weak","","","","","",""
AMZN,"10:26",255.16,"WAIT","WATCH","","","",0,"Weak","","","","","",""
AMZN,"10:27",254.98,"WAIT","WATCH","","","",0,"Weak","","","","","",""
AMZN,"10:28",255.185,"WAIT","WATCH","","","",0,"Weak","","","","","",""
AMZN,"10:29",255.143,"WAIT","WATCH","","","",0,"Weak","","","","","",""
AMZN,"10:30",255.1,"WAIT","WATCH","","","",0,"Weak","","","","","",""
AMZN,"10:31",255.16,"WAIT","WATCH","","","",0,"Weak","","","","","",""
AMZN,"10:32",255.165,"WAIT","WATCH","","","",0,"Weak","","","","","",""
AMZN,"10:33",255.17,"WAIT","WATCH","","","",0,"Weak","","","","","",""
AMZN,"10:34",255.32,"WAIT","WATCH","","","",0,"Weak","","","","","",""
AMZN,"10:35",255.2773,"WAIT","WATCH","","","",0,"Weak","","","","","",""
AMZN,"10:36",254.9734,"WAIT","WATCH","","","",0,"Weak","","","","","",""
AMZN,"10:37",254.88,"WAIT","WATCH","","","",0,"Weak","","","","","",""
AMZN,"10:38",255.08,"WAIT","WATCH","","","",0,"Avoid","","","","","",""
AMZN,"10:39",255.06,"WAIT","WATCH","","","",0,"Avoid","","","","","",""
AMZN,"10:40",255.19,"WAIT","WATCH","","","",0,"Avoid","","","","","",""
AMZN,"10:41",255.405,"NO TRADE","AVOID","","","",0,"Avoid","","","","","",""
AMZN,"10:42",255.32,"NO TRADE","AVOID","","","",0,"Avoid","","","","","",""
AMZN,"10:43",255.43,"NO TRADE","AVOID","","","",0,"Weak","","","","","",""
AMZN,"10:44",255.33,"WAIT","WATCH","","","",0,"Neutral","","","","","",""
AMZN,"10:45",255.5999,"WAIT","WATCH","","","",0,"Weak","","","","","",""
AMZN,"10:46",255.705,"WAIT","WATCH","","","",0,"Weak","","","","","",""
AMZN,"10:47",255.98,"WAIT","SETUP","RECLAIM_CONTINUATION","RECLAIM_CONTINUATION|PIVOT_10:28|START_10:38",0,4,"Neutral","",256.11,254.68,256.85,259.69,0.52
AMZN,"10:48",255.966,"WAIT","ARMED","PULLBACK_CONTINUATION","PULLBACK_CONTINUATION@255.22",0,5,"Neutral","פריצה של 256.11 | ציון 6 (כרגע 5)",256.11,255.16,257.58,257.69,1.54
AMZN,"10:49",256.21,"NO TRADE (shadow)","READY","PULLBACK_CONTINUATION","PULLBACK_CONTINUATION@255.22",1,6,"Neutral","",256.11,255.16,257.58,257.69,1.54
AMZN,"10:50",256.56,"WAIT","ARMED","PULLBACK_CONTINUATION","PULLBACK_CONTINUATION@255.22",2,5,"Neutral","",256.11,255.16,257.58,257.69,1.54
AMZN,"10:51",256.77,"WAIT","ARMED","PULLBACK_CONTINUATION","PULLBACK_CONTINUATION@255.22",3,5,"Neutral","",256.11,255.16,257.58,257.69,1.54
AMZN,"10:52",256.73,"WAIT","ARMED","PULLBACK_CONTINUATION","PULLBACK_CONTINUATION@255.22",4,4,"Neutral","",256.11,255.16,257.58,257.69,1.54
AMZN,"10:53",256.69,"WAIT","ARMED","PULLBACK_CONTINUATION","PULLBACK_CONTINUATION@255.22",5,4,"Neutral","",256.11,255.16,257.58,257.69,1.54
AMZN,"10:54",256.62,"WAIT","ARMED","PULLBACK_CONTINUATION","PULLBACK_CONTINUATION@255.22",6,4,"Neutral","",256.11,255.16,257.58,257.69,1.54
AMZN,"10:55",256.84,"WAIT","ARMED","PULLBACK_CONTINUATION","PULLBACK_CONTINUATION@255.22",7,5,"Neutral","",256.11,255.16,257.58,257.69,1.54
AMZN,"10:56",256.79,"WAIT","ARMED","PULLBACK_CONTINUATION","PULLBACK_CONTINUATION@255.22",8,5,"Good","",256.11,255.16,257.58,257.69,1.54
AMZN,"10:57",256.81,"WAIT","ARMED","PULLBACK_CONTINUATION","PULLBACK_CONTINUATION@255.22",9,5,"Good","",256.11,255.16,257.58,257.69,1.54
AMZN,"10:58",256.645,"WAIT","SETUP","REVERSAL","REVERSAL|10:45|10:41",0,7,"Good","",257.02,255.15,257.58,261.68,0.3
AMZN,"10:59",256.87,"WAIT","SETUP","REVERSAL","REVERSAL|10:45|10:41",1,8,"Good","",257.02,255.15,257.58,261.68,0.3
AMZN,"11:00",256.935,"WAIT","ARMED","PULLBACK_CONTINUATION","PULLBACK_CONTINUATION@255.22",12,5,"Good","",256.11,255.16,257.58,257.69,1.54
AMZN,"11:01",257.035,"WAIT","ARMED","PULLBACK_CONTINUATION","PULLBACK_CONTINUATION@255.22",13,5,"Good","",256.11,255.16,257.58,257.69,1.54
AMZN,"11:02",256.885,"WAIT","SETUP","PULLBACK_CONTINUATION","PULLBACK_CONTINUATION@256.55",0,6,"Good","",257.24,256.48,257.58,259.14,0.45
AMZN,"11:03",257.02,"WAIT","SETUP","PULLBACK_CONTINUATION","PULLBACK_CONTINUATION@256.55",1,7,"Good","",257.24,256.48,257.58,259.14,0.45
AMZN,"11:04",257.1,"WAIT","SETUP","PULLBACK_CONTINUATION","PULLBACK_CONTINUATION@256.55",2,7,"Good","",257.24,256.48,257.58,259.14,0.45
AMZN,"11:05",257.1,"WAIT","SETUP","PULLBACK_CONTINUATION","PULLBACK_CONTINUATION@256.55",3,6,"Good","",257.24,256.48,257.58,259.14,0.45
AMZN,"11:06",256.81,"WAIT","SETUP","STRUCTURAL_BASE","STRUCTURAL_BASE|10:59|11:01",0,6,"Good","",257.24,256.49,257.58,259.11,0.45
AMZN,"11:07",256.65,"WAIT","SETUP","STRUCTURAL_BASE","STRUCTURAL_BASE|10:59|11:01",1,6,"Good","",257.24,256.49,257.58,259.11,0.45
AMZN,"11:08",256.635,"WAIT","SETUP","STRUCTURAL_BASE","STRUCTURAL_BASE|10:59|11:01",2,6,"Good","",257.24,256.49,257.58,259.11,0.45
AMZN,"11:09",256.595,"FAILED","FAILED","STRUCTURAL_BASE","STRUCTURAL_BASE|10:59|11:01",3,0,"Good","","","","","",""
AMZN,"11:10",256.975,"WAIT","WATCH","","","",0,"Neutral","","","","","",""
AMZN,"11:11",256.875,"NO TRADE","AVOID","","","",0,"Neutral","","","","","",""
AMZN,"11:12",256.835,"NO TRADE","AVOID","","","",0,"Neutral","","","","","",""
AMZN,"11:13",256.8529,"NO TRADE","AVOID","","","",0,"Neutral","","","","","",""
AMZN,"11:14",257.17,"NO TRADE","AVOID","","","",0,"Neutral","","","","","",""
AMZN,"11:15",257.24,"NO TRADE","AVOID","","","",0,"Neutral","","","","","",""
AMZN,"11:16",257.035,"NO TRADE","AVOID","","","",0,"Neutral","","","","","",""
AMZN,"11:17",256.82,"NO TRADE","AVOID","","","",0,"Neutral","","","","","",""
AMZN,"11:18",256.98,"WAIT","WATCH","","","",0,"Neutral","","","","","",""
AMZN,"11:19",256.98,"WAIT","WATCH","","","",0,"Neutral","","","","","",""
AMZN,"11:20",256.9899,"WAIT","WATCH","","","",0,"Neutral","","","","","",""
AMZN,"11:21",257.04,"WAIT","SETUP","PULLBACK_CONTINUATION","PULLBACK_CONTINUATION@256.74",0,7,"Good","",257.11,256.68,257.2,258.19,0.21
AMZN,"11:22",256.985,"WAIT","SETUP","PULLBACK_CONTINUATION","PULLBACK_CONTINUATION|11:18|11:15",0,7,"Good","",257.11,256.68,257.2,258.18,0.21
AMZN,"11:23",257.04,"WAIT","SETUP","PULLBACK_CONTINUATION","PULLBACK_CONTINUATION@256.74",2,7,"Good","",257.11,256.68,257.2,258.19,0.21
AMZN,"11:24",257.215,"WAIT","SETUP","PULLBACK_CONTINUATION","PULLBACK_CONTINUATION@256.74",3,7,"Good","",257.11,256.68,257.2,258.19,0.21
AMZN,"11:25",257.16,"WAIT","SETUP","PULLBACK_CONTINUATION","PULLBACK_CONTINUATION@256.74",4,6,"Good","",257.11,256.68,257.2,258.19,0.21
AMZN,"11:26",257.19,"WAIT","SETUP","PULLBACK_CONTINUATION","PULLBACK_CONTINUATION@256.74",5,7,"Good","",257.11,256.68,257.2,258.19,0.21
AMZN,"11:27",257.225,"WAIT","SETUP","PULLBACK_CONTINUATION","PULLBACK_CONTINUATION@256.74",6,7,"Good","",257.11,256.68,257.2,258.19,0.21
AMZN,"11:28",257.35,"WAIT","SETUP","PULLBACK_CONTINUATION","PULLBACK_CONTINUATION@256.74",7,6,"Good","",257.11,256.68,257.2,258.19,0.21
AMZN,"11:29",257.3163,"WAIT","SETUP","PULLBACK_CONTINUATION","PULLBACK_CONTINUATION@256.74",8,5,"Good","",257.11,256.68,257.2,258.19,0.21
AMZN,"11:30",257.13,"WAIT","SETUP","PULLBACK_CONTINUATION","PULLBACK_CONTINUATION@256.74",9,6,"Good","",257.11,256.68,257.2,258.19,0.21
AMZN,"11:31",257.2094,"WAIT","SETUP","PULLBACK_CONTINUATION","PULLBACK_CONTINUATION@256.74",10,6,"Good","",257.11,256.68,257.2,258.19,0.21
AMZN,"11:32",257.09,"WAIT","SETUP","PULLBACK_CONTINUATION","PULLBACK_CONTINUATION@256.74",11,6,"Good","",257.11,256.68,257.2,258.19,0.21
AMZN,"11:33",257.26,"WAIT","SETUP","STRUCTURAL_BASE","STRUCTURAL_BASE|11:18|11:30",0,7,"Good","",257.55,256.69,257.58,259.69,0.03
AMZN,"11:34",256.905,"WAIT","SETUP","STRUCTURAL_BASE","STRUCTURAL_BASE|11:18|11:30",1,6,"Good","",257.55,256.69,257.58,259.69,0.03
AMZN,"11:35",256.8885,"WAIT","SETUP","STRUCTURAL_BASE","STRUCTURAL_BASE|11:18|11:30",2,6,"Good","",257.55,256.69,257.58,259.69,0.03
AMZN,"11:36",256.82,"WAIT","SETUP","STRUCTURAL_BASE","STRUCTURAL_BASE|11:18|11:30",3,5,"Good","",257.55,256.69,257.58,259.69,0.03
AMZN,"11:37",256.94,"WAIT","SETUP","STRUCTURAL_BASE","STRUCTURAL_BASE|11:18|11:30",4,6,"Good","",257.55,256.69,257.58,259.69,0.03
AMZN,"11:38",256.9,"WAIT","SETUP","STRUCTURAL_BASE","STRUCTURAL_BASE|11:18|11:30",5,5,"Good","",257.55,256.69,257.58,259.69,0.03
AMZN,"11:39",256.985,"WAIT","SETUP","STRUCTURAL_BASE","STRUCTURAL_BASE|11:18|11:30",6,4,"Neutral","",257.55,256.69,257.58,259.69,0.03
AMZN,"11:40",257.04,"WAIT","SETUP","STRUCTURAL_BASE","STRUCTURAL_BASE|11:18|11:30",7,4,"Neutral","",257.55,256.69,257.58,259.69,0.03
AMZN,"11:41",257.17,"WAIT","SETUP","STRUCTURAL_BASE","STRUCTURAL_BASE|11:18|11:30",8,5,"Good","",257.55,256.69,257.58,259.69,0.03
AMZN,"11:42",257.09,"WAIT","SETUP","STRUCTURAL_BASE","STRUCTURAL_BASE|11:18|11:30",9,5,"Good","",257.55,256.69,257.58,259.69,0.03
AMZN,"11:43",256.795,"WAIT","SETUP","STRUCTURAL_BASE","STRUCTURAL_BASE|11:18|11:30",10,3,"Neutral","",257.55,256.69,257.58,259.69,0.03
AMZN,"11:44",256.8299,"WAIT","SETUP","STRUCTURAL_BASE","STRUCTURAL_BASE|11:18|11:30",11,3,"Neutral","",257.55,256.69,257.58,259.69,0.03
AMZN,"11:45",256.8499,"WAIT","SETUP","STRUCTURAL_BASE","STRUCTURAL_BASE|11:18|11:30",12,3,"Neutral","",257.55,256.69,257.58,259.69,0.03
AMZN,"11:46",256.75,"FAILED","FAILED","STRUCTURAL_BASE","STRUCTURAL_BASE|11:18|11:30",13,0,"Neutral","","","","","",""
AMZN,"11:47",256.5691,"NO TRADE","AVOID","","","",0,"Neutral","","","","","",""
AMZN,"11:48",256.555,"NO TRADE","AVOID","","","",0,"Neutral","","","","","",""
AMZN,"11:49",256.59,"NO TRADE","AVOID","","","",0,"Neutral","","","","","",""
AMZN,"11:50",256.76,"NO TRADE","AVOID","","","",0,"Neutral","","","","","",""
AMZN,"11:51",256.7548,"NO TRADE","AVOID","","","",0,"Neutral","","","","","",""
AMZN,"11:52",256.84,"NO TRADE","AVOID","","","",0,"Neutral","","","","","",""
AMZN,"11:53",256.765,"NO TRADE","AVOID","","","",0,"Neutral","","","","","",""
AMZN,"11:54",256.79,"NO TRADE","AVOID","","","",0,"Neutral","","","","","",""
AMZN,"11:55",256.825,"NO TRADE","AVOID","","","",0,"Neutral","","","","","",""
AMZN,"11:56",256.7,"NO TRADE","AVOID","","","",0,"Neutral","","","","","",""
AMZN,"11:57",256.668,"NO TRADE","AVOID","","","",0,"Neutral","","","","","",""
AMZN,"11:58",256.55,"NO TRADE","AVOID","","","",0,"Neutral","","","","","",""
AMZN,"11:59",256.38,"NO TRADE","AVOID","","","",0,"Neutral","","","","","",""
AMZN,"12:00",256.37,"NO TRADE","AVOID","","","",0,"Neutral","","","","","",""
AMZN,"12:01",256.61,"NO TRADE","AVOID","","","",0,"Neutral","","","","","",""
AMZN,"12:02",256.5639,"NO TRADE","AVOID","","","",0,"Neutral","","","","","",""
AMZN,"12:03",256.635,"NO TRADE","AVOID","","","",0,"Neutral","","","","","",""
AMZN,"12:04",257.031,"NO TRADE","AVOID","","","",0,"Neutral","","","","","",""
AMZN,"12:05",257.37,"NO TRADE","AVOID","","","",0,"Good","","","","","",""
AMZN,"12:06",257.56,"NO TRADE","AVOID","","","",0,"Good","","","","","",""
AMZN,"12:07",257.295,"NO TRADE","AVOID","","","",0,"Good","","","","","",""
AMZN,"12:08",257.13,"NO TRADE","AVOID","","","",0,"Good","","","","","",""
AMZN,"12:09",257.2,"WAIT","SETUP","RECLAIM_CONTINUATION","RECLAIM_CONTINUATION|PIVOT_11:48|START_12:01",0,4,"Good","",257.63,256.29,257.69,260.97,0.04
AMZN,"12:10",257.0785,"WAIT","SETUP","RECLAIM_CONTINUATION","RECLAIM_CONTINUATION|PIVOT_11:48|START_12:01",1,4,"Good","",257.63,256.29,257.69,260.97,0.04
AMZN,"12:11",257.08,"WAIT","SETUP","RECLAIM_CONTINUATION","RECLAIM_CONTINUATION|PIVOT_11:48|START_12:01",2,4,"Good","",257.63,256.29,257.69,260.97,0.04
AMZN,"12:12",257.15,"WAIT","SETUP","RECLAIM_CONTINUATION","RECLAIM_CONTINUATION|PIVOT_11:48|START_12:01",3,5,"Good","",257.63,256.29,257.69,260.97,0.04
AMZN,"12:13",257.17,"WAIT","SETUP","RECLAIM_CONTINUATION","RECLAIM_CONTINUATION|PIVOT_11:48|START_12:01",4,5,"Good","",257.63,256.29,257.69,260.97,0.04
AMZN,"12:14",257.3072,"WAIT","SETUP","PULLBACK_CONTINUATION","PULLBACK_CONTINUATION|12:11|12:06",0,8,"Strong","",257.36,256.94,257.54,258.41,0.43
AMZN,"12:15",257.215,"WAIT","SETUP","PULLBACK_CONTINUATION","PULLBACK_CONTINUATION|12:11|12:06",1,7,"Strong","",257.36,256.94,257.54,258.41,0.43
AMZN,"12:16",257.0575,"FAILED","FAILED","PULLBACK_CONTINUATION","PULLBACK_CONTINUATION|12:11|12:06",2,0,"Strong","","","","","",""
AMZN,"12:17",257.02,"WAIT","WATCH","STRUCTURAL_BASE","STRUCTURAL_BASE|12:11|12:14",0,6,"Good","",257.36,256.94,257.54,258.4,0.43
AMZN,"12:18",257.01,"WAIT","SETUP","STRUCTURAL_BASE","STRUCTURAL_BASE|12:11|12:14",1,6,"Good","",257.36,256.94,257.54,258.4,0.43
AMZN,"12:19",257.04,"WAIT","SETUP","STRUCTURAL_BASE","STRUCTURAL_BASE|12:11|12:14",2,6,"Good","",257.36,256.94,257.54,258.4,0.43
AMZN,"12:20",257.12,"WAIT","SETUP","STRUCTURAL_BASE","STRUCTURAL_BASE|12:11|12:14",3,5,"Good","",257.36,256.94,257.54,258.4,0.43
AMZN,"12:21",257.01,"WAIT","SETUP","STRUCTURAL_BASE","STRUCTURAL_BASE|12:11|12:14",4,5,"Good","",257.36,256.94,257.54,258.4,0.43
AMZN,"12:22",257.105,"WAIT","SETUP","STRUCTURAL_BASE","STRUCTURAL_BASE|12:11|12:14",5,5,"Good","",257.36,256.94,257.54,258.4,0.43
AMZN,"12:23",256.89,"FAILED","FAILED","STRUCTURAL_BASE","STRUCTURAL_BASE|12:11|12:14",6,0,"Good","","","","","",""
AMZN,"12:24",256.935,"NO TRADE","AVOID","","","",0,"Neutral","","","","","",""
AMZN,"12:25",257.14,"NO TRADE","AVOID","","","",0,"Good","","","","","",""
AMZN,"12:26",256.95,"NO TRADE","AVOID","","","",0,"Neutral","","","","","",""
AMZN,"12:27",256.95,"NO TRADE","AVOID","","","",0,"Neutral","","","","","",""
AMZN,"12:28",257.015,"WAIT","WATCH","","","",0,"Good","","","","","",""
AMZN,"12:29",256.905,"WAIT","WATCH","","","",0,"Good","","","","","",""
AMZN,"12:30",257.04,"WAIT","WATCH","","","",0,"Good","","","","","",""
AMZN,"12:31",257.03,"WAIT","ARMED","RECLAIM_CONTINUATION","RECLAIM_CONTINUATION|PIVOT_12:17|START_12:30",0,3,"Good","פריצה של 257.11 | ציון 6 (כרגע 3)",257.11,256.83,257.54,257.58,1.56
AMZN,"12:32",257.045,"WAIT","ARMED","PULLBACK_CONTINUATION","PULLBACK_CONTINUATION@256.86",0,6,"Good","פריצה של 257.11",257.11,256.82,257.58,257.62,1.6
AMZN,"12:33",257.1199,"NO TRADE (shadow)","READY","PULLBACK_CONTINUATION","PULLBACK_CONTINUATION@256.86",1,8,"Strong","",257.11,256.82,257.58,257.62,1.6
AMZN,"12:34",257.0299,"WAIT","ARMED","PULLBACK_CONTINUATION","PULLBACK_CONTINUATION@256.86",2,7,"Strong","סגירה קרוב ל-257.11 (לא רק נגיעה)",257.11,256.82,257.58,257.62,1.6
AMZN,"12:35",257.03,"WAIT","ARMED","PULLBACK_CONTINUATION","PULLBACK_CONTINUATION|12:29|12:25",0,7,"Strong","פריצה של 257.13",257.13,256.82,257.62,257.69,1.56
AMZN,"12:36",257.07,"WAIT","ARMED","PULLBACK_CONTINUATION","PULLBACK_CONTINUATION@256.86",4,7,"Strong","פריצה של 257.11",257.11,256.82,257.58,257.62,1.6
AMZN,"12:37",257.06,"WAIT","ARMED","PULLBACK_CONTINUATION","PULLBACK_CONTINUATION@256.86",5,7,"Strong","פריצה של 257.11",257.11,256.82,257.58,257.62,1.6
AMZN,"12:38",257.0301,"WAIT","ARMED","PULLBACK_CONTINUATION","PULLBACK_CONTINUATION@256.86",6,8,"Strong","פריצה של 257.11",257.11,256.82,257.58,257.62,1.6
AMZN,"12:39",257,"WAIT","ARMED","PULLBACK_CONTINUATION","PULLBACK_CONTINUATION|12:29|12:25",4,7,"Strong","פריצה של 257.13",257.13,256.82,257.62,257.69,1.56
AMZN,"12:40",257.025,"WAIT","ARMED","PULLBACK_CONTINUATION","PULLBACK_CONTINUATION|12:29|12:25",5,7,"Strong","פריצה של 257.13",257.13,256.82,257.62,257.69,1.56
AMZN,"12:41",257.1301,"NO TRADE (shadow)","READY","PULLBACK_CONTINUATION","PULLBACK_CONTINUATION@256.86",9,8,"Strong","",257.11,256.82,257.58,257.62,1.6
AMZN,"12:42",257.17,"NO TRADE (shadow)","READY","PULLBACK_CONTINUATION","PULLBACK_CONTINUATION@256.86",10,8,"Strong","",257.11,256.82,257.58,257.62,1.6
AMZN,"12:43",257.2237,"NO TRADE (shadow)","READY","PULLBACK_CONTINUATION","PULLBACK_CONTINUATION@256.86",11,7,"Strong","",257.11,256.82,257.58,257.62,1.6
AMZN,"12:44",257.46,"WAIT","ARMED","PULLBACK_CONTINUATION","PULLBACK_CONTINUATION@256.86",12,6,"Strong","",257.11,256.82,257.58,257.62,1.6
AMZN,"12:45",257.395,"WAIT","ARMED","PULLBACK_CONTINUATION","PULLBACK_CONTINUATION@256.86",13,5,"Strong","",257.11,256.82,257.58,257.62,1.6
AMZN,"12:46",257.3747,"WAIT","ARMED","PULLBACK_CONTINUATION","PULLBACK_CONTINUATION@256.86",14,6,"Strong","",257.11,256.82,257.58,257.62,1.6
AMZN,"12:47",257.31,"WAIT","ARMED","PULLBACK_CONTINUATION","PULLBACK_CONTINUATION@256.86",15,5,"Strong","",257.11,256.82,257.58,257.62,1.6
AMZN,"12:48",257.37,"WAIT","ARMED","PULLBACK_CONTINUATION","PULLBACK_CONTINUATION@256.86",16,5,"Strong","",257.11,256.82,257.58,257.62,1.6
AMZN,"12:49",257.35,"WAIT","ARMED","PULLBACK_CONTINUATION","PULLBACK_CONTINUATION@256.86",17,5,"Strong","",257.11,256.82,257.58,257.62,1.6
AMZN,"12:50",257.42,"WAIT","SETUP","PULLBACK_CONTINUATION","PULLBACK_CONTINUATION|12:47|12:45",0,8,"Strong","",257.57,257.16,257.58,258.58,0.02
AMZN,"12:51",257.26,"WAIT","SETUP","PULLBACK_CONTINUATION","PULLBACK_CONTINUATION|12:47|12:45",1,7,"Strong","",257.57,257.16,257.58,258.58,0.02
AMZN,"12:52",257.39,"WAIT","SETUP","PULLBACK_CONTINUATION","PULLBACK_CONTINUATION|12:47|12:45",2,8,"Strong","",257.57,257.16,257.58,258.58,0.02
AMZN,"12:53",257.5,"WAIT","SETUP","STRUCTURAL_BASE","STRUCTURAL_BASE|12:47|12:50",0,8,"Strong","",257.57,257.16,257.58,258.59,0.02
AMZN,"12:54",257.48,"WAIT","SETUP","PULLBACK_CONTINUATION","PULLBACK_CONTINUATION@257.20",0,7,"Strong","",257.62,257.16,257.69,258.77,0.15
AMZN,"12:55",257.5301,"WAIT","SETUP","PULLBACK_CONTINUATION","PULLBACK_CONTINUATION@257.24",0,8,"Strong","",257.62,257.2,257.69,258.67,0.17
AMZN,"12:56",257.37,"WAIT","SETUP","PULLBACK_CONTINUATION","PULLBACK_CONTINUATION|12:52|12:50",0,8,"Strong","",257.62,257.2,257.69,258.68,0.17
AMZN,"12:57",257.18,"FAILED","FAILED","PULLBACK_CONTINUATION","PULLBACK_CONTINUATION|12:52|12:50",1,0,"Strong","","","","","",""
AMZN,"12:58",257.24,"WAIT","WATCH","","","",0,"Strong","","","","","",""
AMZN,"12:59",257.21,"WAIT","SETUP","RECLAIM_CONTINUATION","RECLAIM_CONTINUATION|PIVOT_12:47|START_12:58",0,7,"Strong","",257.31,256.96,257.32,258.19,0.03
AMZN,"13:00",257.515,"WAIT","SETUP","RECLAIM_CONTINUATION","RECLAIM_CONTINUATION|PIVOT_12:47|START_12:58",1,7,"Strong","",257.31,256.96,257.32,258.19,0.03
AMZN,"13:01",257.7199,"WAIT","SETUP","PULLBACK_CONTINUATION","PULLBACK_CONTINUATION@257.24",6,8,"Strong","",257.62,257.2,257.69,258.67,0.17
AMZN,"13:02",257.8,"WAIT","ARMED","REVERSAL","REVERSAL|12:59|12:54",0,5,"Good","",257.84,257.44,258.64,259.03,2
AMZN,"13:03",257.865,"WAIT","ARMED","REVERSAL","REVERSAL|12:59|12:54",1,5,"Good","",257.84,257.44,258.64,259.03,2
AMZN,"13:04",257.93,"WAIT","ARMED","REVERSAL","REVERSAL|12:59|12:54",2,5,"Good","",257.84,257.44,258.64,259.03,2
AMZN,"13:05",257.77,"WAIT","ARMED","REVERSAL","REVERSAL|12:59|12:54",3,5,"Good","",257.84,257.44,258.64,259.03,2
AMZN,"13:06",257.9503,"WAIT","ARMED","REVERSAL","REVERSAL|12:59|12:54",4,5,"Good","",257.84,257.44,258.64,259.03,2
AMZN,"13:07",257.6,"WAIT","ARMED","RECLAIM_CONTINUATION","RECLAIM_CONTINUATION|PIVOT_12:52|START_13:00",0,4,"Good","פריצה של 258.00 | ציון 6 (כרגע 4)",258,257.13,259.74,260.61,2
AMZN,"13:08",257.62,"WAIT","ARMED","RECLAIM_CONTINUATION","RECLAIM_CONTINUATION|PIVOT_12:52|START_13:00",1,4,"Good","פריצה של 258.00 | ציון 6 (כרגע 4)",258,257.13,259.74,260.61,2
AMZN,"13:09",257.375,"WAIT","ARMED","RECLAIM_CONTINUATION","RECLAIM_CONTINUATION|PIVOT_12:52|START_13:00",2,4,"Good","פריצה של 258.00 | ציון 6 (כרגע 4)",258,257.13,259.74,260.61,2
AMZN,"13:10",257.455,"WAIT","ARMED","RECLAIM_CONTINUATION","RECLAIM_CONTINUATION|PIVOT_12:52|START_13:00",3,4,"Good","פריצה של 258.00 | ציון 6 (כרגע 4)",258,257.13,259.74,260.61,2
AMZN,"13:11",257.51,"WAIT","ARMED","RECLAIM_CONTINUATION","RECLAIM_CONTINUATION|PIVOT_12:52|START_13:00",4,4,"Good","פריצה של 258.00 | ציון 6 (כרגע 4)",258,257.13,259.74,260.61,2
AMZN,"13:12",257.35,"WAIT","ARMED","RECLAIM_CONTINUATION","RECLAIM_CONTINUATION|PIVOT_12:52|START_13:00",5,4,"Good","פריצה של 258.00 | ציון 6 (כרגע 4)",258,257.13,259.74,260.61,2
AMZN,"13:13",257.32,"WAIT","ARMED","RECLAIM_CONTINUATION","RECLAIM_CONTINUATION|PIVOT_12:52|START_13:00",6,3,"Good","פריצה של 258.00 | ציון 6 (כרגע 3)",258,257.13,259.74,260.61,2
AMZN,"13:14",257.235,"FAILED","FAILED","RECLAIM_CONTINUATION","RECLAIM_CONTINUATION|PIVOT_12:52|START_13:00",7,0,"Good","","","","","",""
AMZN,"13:15",257.225,"WAIT","WATCH","","","",0,"Good","","","","","",""
AMZN,"13:16",257.12,"WAIT","WATCH","","","",0,"Good","","","","","",""
AMZN,"13:17",257.17,"WAIT","WATCH","","","",0,"Good","","","","","",""
AMZN,"13:18",257.19,"WAIT","WATCH","","","",0,"Good","","","","","",""
AMZN,"13:19",257.3,"WAIT","WATCH","","","",0,"Good","","","","","",""
AMZN,"13:20",257.22,"WAIT","WATCH","","","",0,"Good","","","","","",""
AMZN,"13:21",257.25,"WAIT","WATCH","","","",0,"Good","","","","","",""
AMZN,"13:22",257.235,"WAIT","WATCH","","","",0,"Good","","","","","",""
AMZN,"13:23",257.22,"WAIT","WATCH","","","",0,"Good","","","","","",""
AMZN,"13:24",257.2,"WAIT","WATCH","","","",0,"Good","","","","","",""
AMZN,"13:25",257.062,"WAIT","WATCH","","","",0,"Good","","","","","",""
AMZN,"13:26",257,"WAIT","WATCH","","","",0,"Good","","","","","",""
AMZN,"13:27",257.07,"WAIT","WATCH","","","",0,"Good","","","","","",""
AMZN,"13:28",257.08,"WAIT","WATCH","","","",0,"Good","","","","","",""
AMZN,"13:29",256.9101,"WAIT","WATCH","","","",0,"Good","","","","","",""
AMZN,"13:30",256.99,"WAIT","WATCH","","","",0,"Good","","","","","",""
AMZN,"13:31",256.98,"WAIT","WATCH","","","",0,"Good","","","","","",""
AMZN,"13:32",257.05,"NO TRADE","AVOID","","","",0,"Neutral","","","","","",""
AMZN,"13:33",257.17,"NO TRADE","AVOID","","","",0,"Neutral","","","","","",""
AMZN,"13:34",257.12,"NO TRADE","AVOID","","","",0,"Neutral","","","","","",""
AMZN,"13:35",257.07,"NO TRADE","AVOID","","","",0,"Neutral","","","","","",""
AMZN,"13:36",257.045,"NO TRADE","AVOID","","","",0,"Neutral","","","","","",""
AMZN,"13:37",257.1197,"NO TRADE","AVOID","","","",0,"Neutral","","","","","",""
AMZN,"13:38",257.07,"NO TRADE","AVOID","","","",0,"Neutral","","","","","",""
AMZN,"13:39",257.06,"WAIT","WATCH","","","",0,"Good","","","","","",""
AMZN,"13:40",256.935,"WAIT","WATCH","","","",0,"Good","","","","","",""
AMZN,"13:41",256.95,"WAIT","WATCH","","","",0,"Good","","","","","",""
AMZN,"13:42",256.85,"WAIT","WATCH","","","",0,"Good","","","","","",""
AMZN,"13:43",256.84,"WAIT","WATCH","","","",0,"Good","","","","","",""
AMZN,"13:44",256.7,"WAIT","WATCH","","","",0,"Good","","","","","",""
AMZN,"13:45",256.755,"WAIT","WATCH","","","",0,"Good","","","","","",""
AMZN,"13:46",256.7401,"WAIT","WATCH","","","",0,"Good","","","","","",""
AMZN,"13:47",256.8,"WAIT","WATCH","","","",0,"Good","","","","","",""
AMZN,"13:48",256.87,"NO TRADE","AVOID","","","",0,"Neutral","","","","","",""
AMZN,"13:49",256.91,"NO TRADE","AVOID","","","",0,"Neutral","","","","","",""
AMZN,"13:50",256.8899,"NO TRADE","AVOID","","","",0,"Neutral","","","","","",""
AMZN,"13:51",256.92,"NO TRADE","AVOID","","","",0,"Neutral","","","","","",""
AMZN,"13:52",256.95,"NO TRADE","AVOID","","","",0,"Neutral","","","","","",""
AMZN,"13:53",256.99,"NO TRADE","AVOID","","","",0,"Neutral","","","","","",""
AMZN,"13:54",256.97,"NO TRADE","AVOID","","","",0,"Neutral","","","","","",""
AMZN,"13:55",256.9699,"NO TRADE","AVOID","","","",0,"Neutral","","","","","",""
AMZN,"13:56",257,"NO TRADE","AVOID","","","",0,"Neutral","","","","","",""
AMZN,"13:57",257.05,"NO TRADE","AVOID","","","",0,"Good","","","","","",""
AMZN,"13:58",257.0899,"NO TRADE","AVOID","","","",0,"Good","","","","","",""
AMZN,"13:59",256.97,"WAIT","WATCH","","","",0,"Good","","","","","",""
AMZN,"14:00",257.04,"WAIT","WATCH","","","",0,"Good","","","","","",""
AMZN,"14:01",257.0725,"WAIT","ARMED","STRUCTURAL_BASE","STRUCTURAL_BASE|13:56|13:58",0,6,"Good","פריצה של 257.15",257.15,256.84,257.62,257.69,1.52
AMZN,"14:02",257.03,"WAIT","ARMED","STRUCTURAL_BASE","STRUCTURAL_BASE|13:56|13:58",1,6,"Good","פריצה של 257.15",257.15,256.84,257.62,257.69,1.52
AMZN,"14:03",257.0351,"WAIT","ARMED","STRUCTURAL_BASE","STRUCTURAL_BASE|13:56|13:58",2,6,"Good","פריצה של 257.15",257.15,256.84,257.62,257.69,1.52
AMZN,"14:04",257.12,"WAIT","ARMED","STRUCTURAL_BASE","STRUCTURAL_BASE|13:56|13:58",3,7,"Good","פריצה של 257.15",257.15,256.84,257.62,257.69,1.52
AMZN,"14:05",257.27,"NO TRADE (shadow)","READY","STRUCTURAL_BASE","STRUCTURAL_BASE|13:56|13:58",4,7,"Good","",257.15,256.84,257.62,257.69,1.52
AMZN,"14:06",257.265,"WAIT","ARMED","REVERSAL","REVERSAL|14:00|13:58",0,6,"Good","",257.3,257.09,257.62,257.69,1.53
AMZN,"14:07",257.12,"WAIT","ARMED","REVERSAL","REVERSAL|14:00|13:58",1,6,"Good","",257.3,257.09,257.62,257.69,1.53
AMZN,"14:08",257.16,"FAILED","FAILED","REVERSAL","REVERSAL|14:00|13:58",2,0,"Good","","","","","",""
AMZN,"14:09",257.0901,"WAIT","WATCH","STRUCTURAL_BASE","STRUCTURAL_BASE|14:00|14:06",0,7,"Strong","",257.3,256.93,257.99,258.22,1.87
AMZN,"14:10",257.12,"WAIT","ARMED","STRUCTURAL_BASE","STRUCTURAL_BASE|14:00|14:06",1,7,"Strong","פריצה של 257.30",257.3,256.93,257.99,258.22,1.87
AMZN,"14:11",257.09,"WAIT","ARMED","STRUCTURAL_BASE","STRUCTURAL_BASE|14:00|14:06",2,7,"Strong","פריצה של 257.30",257.3,256.93,257.99,258.22,1.87
AMZN,"14:12",257.0899,"WAIT","ARMED","STRUCTURAL_BASE","STRUCTURAL_BASE|14:00|14:06",3,7,"Strong","פריצה של 257.30",257.3,256.93,257.99,258.22,1.87
AMZN,"14:13",256.95,"FAILED","FAILED","STRUCTURAL_BASE","STRUCTURAL_BASE|14:00|14:06",4,0,"Strong","","","","","",""
AMZN,"14:14",257.034,"WAIT","WATCH","","","",0,"Strong","","","","","",""
AMZN,"14:15",257.08,"WAIT","WATCH","","","",0,"Strong","","","","","",""
AMZN,"14:16",257.05,"WAIT","ARMED","RECLAIM_CONTINUATION","RECLAIM_CONTINUATION|PIVOT_14:00|START_14:14",0,4,"Good","פריצה של 257.16 | ציון 6 (כרגע 4)",257.16,256.89,257.58,257.61,1.56
AMZN,"14:17",257.02,"WAIT","ARMED","RECLAIM_CONTINUATION","RECLAIM_CONTINUATION|PIVOT_14:00|START_14:14",1,3,"Good","פריצה של 257.16 | ציון 6 (כרגע 3)",257.16,256.89,257.58,257.61,1.56
AMZN,"14:18",256.99,"WAIT","ARMED","RECLAIM_CONTINUATION","RECLAIM_CONTINUATION|PIVOT_14:00|START_14:14",2,1,"Neutral","",257.16,256.89,257.58,257.61,1.56
AMZN,"14:19",256.99,"WAIT","ARMED","RECLAIM_CONTINUATION","RECLAIM_CONTINUATION|PIVOT_14:00|START_14:14",3,1,"Neutral","",257.16,256.89,257.58,257.61,1.56
AMZN,"14:20",256.975,"FAILED","FAILED","RECLAIM_CONTINUATION","RECLAIM_CONTINUATION|PIVOT_14:00|START_14:14",4,0,"Neutral","","","","","",""
AMZN,"14:21",256.98,"NO TRADE","AVOID","","","",0,"Neutral","","","","","",""
AMZN,"14:22",256.84,"NO TRADE","AVOID","","","",0,"Neutral","","","","","",""
AMZN,"14:23",256.81,"NO TRADE","AVOID","","","",0,"Neutral","","","","","",""
AMZN,"14:24",256.84,"NO TRADE","AVOID","","","",0,"Neutral","","","","","",""
AMZN,"14:25",256.85,"NO TRADE","AVOID","","","",0,"Neutral","","","","","",""
AMZN,"14:26",256.83,"NO TRADE","AVOID","","","",0,"Neutral","","","","","",""
AMZN,"14:27",256.815,"NO TRADE","AVOID","","","",0,"Neutral","","","","","",""
AMZN,"14:28",256.8454,"NO TRADE","AVOID","","","",0,"Neutral","","","","","",""
AMZN,"14:29",257.065,"NO TRADE","AVOID","","","",0,"Neutral","","","","","",""
AMZN,"14:30",257.08,"NO TRADE","AVOID","","","",0,"Neutral","","","","","",""
AMZN,"14:31",257.13,"NO TRADE","AVOID","","","",0,"Good","","","","","",""
AMZN,"14:32",257.17,"NO TRADE","AVOID","","","",0,"Good","","","","","",""
AMZN,"14:33",257.1004,"NO TRADE","AVOID","","","",0,"Good","","","","","",""
AMZN,"14:34",257.14,"NO TRADE","AVOID","","","",0,"Good","","","","","",""
AMZN,"14:35",257.045,"WAIT","ARMED","RECLAIM_CONTINUATION","RECLAIM_CONTINUATION|PIVOT_14:13|START_14:29",0,4,"Good","פריצה של 257.24 | ציון 6 (כרגע 4)",257.24,256.84,257.99,258.23,1.89
AMZN,"14:36",257.005,"WAIT","ARMED","RECLAIM_CONTINUATION","RECLAIM_CONTINUATION|PIVOT_14:13|START_14:29",1,4,"Good","פריצה של 257.24 | ציון 6 (כרגע 4)",257.24,256.84,257.99,258.23,1.89
AMZN,"14:37",257.01,"WAIT","ARMED","RECLAIM_CONTINUATION","RECLAIM_CONTINUATION|PIVOT_14:13|START_14:29",2,4,"Good","פריצה של 257.24 | ציון 6 (כרגע 4)",257.24,256.84,257.99,258.23,1.89
AMZN,"14:38",257.0799,"WAIT","ARMED","RECLAIM_CONTINUATION","RECLAIM_CONTINUATION|PIVOT_14:13|START_14:29",3,5,"Good","פריצה של 257.24 | ציון 6 (כרגע 5)",257.24,256.84,257.99,258.23,1.89
AMZN,"14:39",256.93,"WAIT","ARMED","RECLAIM_CONTINUATION","RECLAIM_CONTINUATION|PIVOT_14:13|START_14:29",4,4,"Good","פריצה של 257.24 | ציון 6 (כרגע 4)",257.24,256.84,257.99,258.23,1.89
AMZN,"14:40",256.935,"WAIT","ARMED","RECLAIM_CONTINUATION","RECLAIM_CONTINUATION|PIVOT_14:13|START_14:29",5,3,"Good","פריצה של 257.24 | ציון 6 (כרגע 3)",257.24,256.84,257.99,258.23,1.89
AMZN,"14:41",257.04,"WAIT","ARMED","RECLAIM_CONTINUATION","RECLAIM_CONTINUATION|PIVOT_14:13|START_14:29",6,4,"Good","פריצה של 257.24 | ציון 6 (כרגע 4)",257.24,256.84,257.99,258.23,1.89
AMZN,"14:42",257.0301,"WAIT","ARMED","PULLBACK_CONTINUATION","PULLBACK_CONTINUATION|14:39|14:32",0,7,"Strong","פריצה של 257.11",257.11,256.87,257.5,257.54,1.63
AMZN,"14:43",257.245,"NO TRADE (shadow)","READY","PULLBACK_CONTINUATION","PULLBACK_CONTINUATION|14:39|14:32",1,7,"Strong","",257.11,256.87,257.5,257.54,1.63
AMZN,"14:44",257.1401,"WAIT","ARMED","PULLBACK_CONTINUATION","PULLBACK_CONTINUATION@256.90",0,7,"Strong","פריצה של 257.26",257.26,256.87,257.99,258.23,1.87
AMZN,"14:45",257.1348,"WAIT","ARMED","PULLBACK_CONTINUATION","PULLBACK_CONTINUATION@256.90",1,7,"Strong","סגירה קרוב ל-257.26 (לא רק נגיעה)",257.26,256.87,257.99,258.23,1.87
AMZN,"14:46",257.15,"WAIT","ARMED","PULLBACK_CONTINUATION","PULLBACK_CONTINUATION@256.90",2,7,"Strong","פריצה של 257.26",257.26,256.87,257.99,258.23,1.87
AMZN,"14:47",256.64,"FAILED","FAILED","PULLBACK_CONTINUATION","PULLBACK_CONTINUATION@256.90",3,0,"Good","","","","","",""
AMZN,"14:48",256.2576,"WAIT","WATCH","","","",0,"Good","","","","","",""
AMZN,"14:49",256.46,"WAIT","WATCH","","","",0,"Good","","","","","",""
AMZN,"14:50",256.775,"WAIT","SETUP","RECLAIM_CONTINUATION","RECLAIM_CONTINUATION|VWAP|START_14:49",0,6,"Good","",256.9,256.01,257.01,259.12,0.12
AMZN,"14:51",256.675,"WAIT","SETUP","RECLAIM_CONTINUATION","RECLAIM_CONTINUATION|VWAP|START_14:49",1,5,"Good","",256.9,256.01,257.01,259.12,0.12
AMZN,"14:52",256.67,"WAIT","SETUP","RECLAIM_CONTINUATION","RECLAIM_CONTINUATION|VWAP|START_14:49",2,4,"Good","",256.9,256.01,257.01,259.12,0.12
AMZN,"14:53",256.88,"WAIT","SETUP","RECLAIM_CONTINUATION","RECLAIM_CONTINUATION|VWAP|START_14:49",3,3,"Neutral","",256.9,256.01,257.01,259.12,0.12
AMZN,"14:54",256.9,"WAIT","SETUP","RECLAIM_CONTINUATION","RECLAIM_CONTINUATION|VWAP|START_14:49",4,2,"Neutral","",256.9,256.01,257.01,259.12,0.12
AMZN,"14:55",256.86,"WAIT","SETUP","RECLAIM_CONTINUATION","RECLAIM_CONTINUATION|VWAP|START_14:49",5,2,"Neutral","",256.9,256.01,257.01,259.12,0.12
AMZN,"14:56",256.88,"WAIT","SETUP","RECLAIM_CONTINUATION","RECLAIM_CONTINUATION|VWAP|START_14:49",6,2,"Neutral","",256.9,256.01,257.01,259.12,0.12
AMZN,"14:57",256.935,"WAIT","SETUP","RECLAIM_CONTINUATION","RECLAIM_CONTINUATION|VWAP|START_14:49",7,3,"Neutral","",256.9,256.01,257.01,259.12,0.12
AMZN,"14:58",256.99,"WAIT","SETUP","RECLAIM_CONTINUATION","RECLAIM_CONTINUATION|VWAP|START_14:49",8,3,"Neutral","",256.9,256.01,257.01,259.12,0.12
AMZN,"14:59",256.96,"WAIT","SETUP","RECLAIM_CONTINUATION","RECLAIM_CONTINUATION|VWAP|START_14:49",9,4,"Good","",256.9,256.01,257.01,259.12,0.12
AMZN,"15:00",257.295,"WAIT","ARMED","RECLAIM_CONTINUATION","RECLAIM_CONTINUATION|VWAP|START_14:49",10,3,"Good","",256.9,256.01,257.01,259.12,0.12
AMZN,"15:01",257.27,"WAIT","ARMED","RECLAIM_CONTINUATION","RECLAIM_CONTINUATION|VWAP|START_14:49",11,2,"Good","",256.9,256.01,257.01,259.12,0.12
AMZN,"15:02",257.43,"WAIT","SETUP","RECLAIM_CONTINUATION","RECLAIM_CONTINUATION|PIVOT_14:39|START_14:57",0,5,"Good","",257.51,256.82,257.54,259.24,0.04
AMZN,"15:03",257.43,"WAIT","SETUP","RECLAIM_CONTINUATION","RECLAIM_CONTINUATION|PIVOT_14:39|START_14:57",1,5,"Good","",257.51,256.82,257.54,259.24,0.04
AMZN,"15:04",257.39,"WAIT","SETUP","RECLAIM_CONTINUATION","RECLAIM_CONTINUATION|PIVOT_14:39|START_14:57",2,4,"Good","",257.51,256.82,257.54,259.24,0.04
AMZN,"15:05",257.255,"WAIT","SETUP","RECLAIM_CONTINUATION","RECLAIM_CONTINUATION|PIVOT_14:39|START_14:57",3,4,"Good","",257.51,256.82,257.54,259.24,0.04
AMZN,"15:06",257.12,"WAIT","SETUP","RECLAIM_CONTINUATION","RECLAIM_CONTINUATION|PIVOT_14:39|START_14:57",4,4,"Good","",257.51,256.82,257.54,259.24,0.04
AMZN,"15:07",257.27,"WAIT","SETUP","RECLAIM_CONTINUATION","RECLAIM_CONTINUATION|PIVOT_14:39|START_14:57",5,4,"Good","",257.51,256.82,257.54,259.24,0.04
AMZN,"15:08",257.295,"WAIT","SETUP","RECLAIM_CONTINUATION","RECLAIM_CONTINUATION|PIVOT_14:39|START_14:57",6,5,"Good","",257.51,256.82,257.54,259.24,0.04
AMZN,"15:09",257.16,"WAIT","SETUP","RECLAIM_CONTINUATION","RECLAIM_CONTINUATION|PIVOT_14:39|START_14:57",7,4,"Good","",257.51,256.82,257.54,259.24,0.04
AMZN,"15:10",257.25,"WAIT","SETUP","RECLAIM_CONTINUATION","RECLAIM_CONTINUATION|PIVOT_14:39|START_14:57",8,4,"Good","",257.51,256.82,257.54,259.24,0.04
AMZN,"15:11",257.13,"WAIT","SETUP","RECLAIM_CONTINUATION","RECLAIM_CONTINUATION|PIVOT_14:39|START_14:57",9,4,"Good","",257.51,256.82,257.54,259.24,0.04
AMZN,"15:12",257.125,"WAIT","SETUP","RECLAIM_CONTINUATION","RECLAIM_CONTINUATION|PIVOT_14:39|START_14:57",10,3,"Good","",257.51,256.82,257.54,259.24,0.04
AMZN,"15:13",257.095,"WAIT","SETUP","RECLAIM_CONTINUATION","RECLAIM_CONTINUATION|PIVOT_14:39|START_14:57",11,3,"Good","",257.51,256.82,257.54,259.24,0.04
AMZN,"15:14",256.96,"WAIT","SETUP","RECLAIM_CONTINUATION","RECLAIM_CONTINUATION|PIVOT_14:39|START_14:57",12,3,"Good","",257.51,256.82,257.54,259.24,0.04
AMZN,"15:15",256.83,"FAILED","FAILED","RECLAIM_CONTINUATION","RECLAIM_CONTINUATION|PIVOT_14:39|START_14:57",13,0,"Neutral","","","","","",""
AMZN,"15:16",256.84,"NO TRADE","AVOID","","","",0,"Neutral","","","","","",""
AMZN,"15:17",256.725,"NO TRADE","AVOID","","","",0,"Neutral","","","","","",""
AMZN,"15:18",257.02,"NO TRADE","AVOID","","","",0,"Neutral","","","","","",""
AMZN,"15:19",257.07,"NO TRADE","AVOID","","","",0,"Neutral","","","","","",""
AMZN,"15:20",257.21,"WAIT","WATCH","","","",0,"Good","","","","","",""
AMZN,"15:21",257.09,"WAIT","WATCH","","","",0,"Good","","","","","",""
AMZN,"15:22",257.045,"WAIT","WATCH","","","",0,"Good","","","","","",""
AMZN,"15:23",256.905,"WAIT","WATCH","","","",0,"Good","","","","","",""
AMZN,"15:24",256.89,"WAIT","WATCH","","","",0,"Good","","","","","",""
AMZN,"15:25",257.03,"WAIT","WATCH","","","",0,"Good","","","","","",""
AMZN,"15:26",257.09,"WAIT","SETUP","STRUCTURAL_BASE","STRUCTURAL_BASE|15:17|15:20",0,6,"Good","",257.24,256.6,257.29,258.83,0.08
AMZN,"15:27",257.18,"WAIT","SETUP","STRUCTURAL_BASE","STRUCTURAL_BASE|15:17|15:20",1,8,"Good","",257.24,256.6,257.29,258.83,0.08
AMZN,"15:28",257.3,"WAIT","SETUP","STRUCTURAL_BASE","STRUCTURAL_BASE|15:17|15:20",2,7,"Good","",257.24,256.6,257.29,258.83,0.08
AMZN,"15:29",257.1201,"WAIT","SETUP","STRUCTURAL_BASE","STRUCTURAL_BASE|15:17|15:20",3,6,"Good","",257.24,256.6,257.29,258.83,0.08
AMZN,"15:30",256.8375,"FAILED","FAILED","STRUCTURAL_BASE","STRUCTURAL_BASE|15:17|15:20",4,0,"Good","","","","","",""
AMZN,"15:31",256.625,"WAIT","WATCH","","","",0,"Good","","","","","",""
AMZN,"15:32",256.64,"WAIT","WATCH","","","",0,"Good","","","","","",""
AMZN,"15:33",256.89,"WAIT","WATCH","","","",0,"Good","","","","","",""
AMZN,"15:34",256.81,"WAIT","ARMED","RECLAIM_CONTINUATION","RECLAIM_CONTINUATION|PIVOT_15:24|START_15:33",0,4,"Good","פריצה של 256.95 | ציון 6 (כרגע 4)",256.95,256.54,257.58,257.61,1.53
AMZN,"15:35",256.64,"WAIT","ARMED","RECLAIM_CONTINUATION","RECLAIM_CONTINUATION|PIVOT_15:24|START_15:33",1,3,"Good","פריצה של 256.95 | ציון 6 (כרגע 3)",256.95,256.54,257.58,257.61,1.53
AMZN,"15:36",256.68,"FAILED","FAILED","RECLAIM_CONTINUATION","RECLAIM_CONTINUATION|PIVOT_15:24|START_15:33",2,0,"Good","","","","","",""
AMZN,"15:37",256.69,"WAIT","WATCH","","","",0,"Good","","","","","",""
AMZN,"15:38",256.77,"WAIT","WATCH","","","",0,"Good","","","","","",""
AMZN,"15:39",256.89,"WAIT","ARMED","PULLBACK_CONTINUATION","PULLBACK_CONTINUATION|15:36|15:29",0,6,"Good","פריצה של 256.90",256.9,256.51,257.5,257.54,1.53
AMZN,"15:40",256.955,"NO TRADE (shadow)","READY","PULLBACK_CONTINUATION","PULLBACK_CONTINUATION|15:36|15:29",1,7,"Good","",256.9,256.51,257.5,257.54,1.53
AMZN,"15:41",256.84,"WAIT","ARMED","PULLBACK_CONTINUATION","PULLBACK_CONTINUATION|15:36|15:29",2,6,"Good","סגירה קרוב ל-256.90 (לא רק נגיעה)",256.9,256.51,257.5,257.54,1.53
AMZN,"15:42",256.89,"WAIT","ARMED","PULLBACK_CONTINUATION","PULLBACK_CONTINUATION|15:36|15:29",3,5,"Good","ציון 6 (כרגע 5)",256.9,256.51,257.5,257.54,1.53
AMZN,"15:43",256.93,"WAIT","ARMED","STRUCTURAL_BASE","STRUCTURAL_BASE|15:36|15:40",0,5,"Good","פריצה של 257.01 | ציון 6 (כרגע 5)",257.01,256.51,257.99,258.26,1.96
AMZN,"15:44",256.9699,"WAIT","ARMED","STRUCTURAL_BASE","STRUCTURAL_BASE|15:36|15:40",1,7,"Good","פריצה של 257.01",257.01,256.51,257.99,258.26,1.96
AMZN,"15:45",256.975,"WAIT","ARMED","STRUCTURAL_BASE","STRUCTURAL_BASE|15:36|15:40",2,8,"Good","סגירה קרוב ל-257.01 (לא רק נגיעה)",257.01,256.51,257.99,258.26,1.96
AMZN,"15:46",256.98,"WAIT","ARMED","STRUCTURAL_BASE","STRUCTURAL_BASE|15:36|15:40",3,8,"Good","פריצה של 257.01",257.01,256.51,257.99,258.26,1.96
AMZN,"15:47",256.83,"WAIT","ARMED","STRUCTURAL_BASE","STRUCTURAL_BASE|15:36|15:40",4,7,"Good","פריצה של 257.01",257.01,256.51,257.99,258.26,1.96
AMZN,"15:48",256.775,"WAIT","ARMED","STRUCTURAL_BASE","STRUCTURAL_BASE|15:36|15:40",5,5,"Good","פריצה של 257.01 | ציון 6 (כרגע 5)",257.01,256.51,257.99,258.26,1.96
AMZN,"15:49",257.1,"NO TRADE (shadow)","READY","STRUCTURAL_BASE","STRUCTURAL_BASE|15:36|15:40",6,9,"Strong","",257.01,256.51,257.99,258.26,1.96
AMZN,"15:50",257.015,"WAIT","SETUP","PULLBACK_CONTINUATION","PULLBACK_CONTINUATION@256.56",0,8,"Strong","",257.2,256.52,257.21,258.9,0.01
AMZN,"15:51",256.935,"WAIT","ARMED","PULLBACK_CONTINUATION","PULLBACK_CONTINUATION@256.73",0,8,"Strong","פריצה של 257.20",257.2,256.69,257.99,258.48,1.54
AMZN,"15:52",256.89,"WAIT","ARMED","PULLBACK_CONTINUATION","PULLBACK_CONTINUATION@256.73",1,8,"Strong","פריצה של 257.20",257.2,256.69,257.99,258.48,1.54
AMZN,"15:53",256.56,"FAILED","FAILED","PULLBACK_CONTINUATION","PULLBACK_CONTINUATION@256.73",2,0,"Good","","","","","",""
AMZN,"15:54",256.58,"WAIT","WATCH","","","",0,"Good","","","","","",""
AMZN,"15:55",256.69,"WAIT","WATCH","","","",0,"Good","","","","","",""
AMZN,"15:56",256.595,"WAIT","WATCH","","","",0,"Good","","","","","",""
AMZN,"15:57",256.74,"WAIT","WATCH","","","",0,"Good","","","","","",""
AMZN,"15:58",256.81,"WAIT","ARMED","RECLAIM_CONTINUATION","RECLAIM_CONTINUATION|PIVOT_15:48|START_15:57",0,5,"Good","פריצה של 256.88 | ציון 6 (כרגע 5)",256.88,256.53,257.5,257.54,1.76
AMZN,"15:59",256.96,"WAIT","ARMED","RECLAIM_CONTINUATION","RECLAIM_CONTINUATION|PIVOT_15:48|START_15:57",1,5,"Good","ציון 6 (כרגע 5)",256.88,256.53,257.5,257.54,1.76