symbol,date,time,open,high,low,close,volume
AMGN,2026-09-02,09:30,440.65,441.35,439.63,440.925,88542
AMGN,2026-09-02,09:31,440.795,440.795,439.97,440.695,20097
AMGN,2026-09-02,09:32,440.695,441.775,440.695,441.41,31772
AMGN,2026-09-02,09:33,441.41,442.72,441.1529,442.48,31213
AMGN,2026-09-02,09:34,442.46,442.92,442.27,442.27,4147
AMGN,2026-09-02,09:35,442.36,442.51,441.2501,441.98,5984
AMGN,2026-09-02,09:36,442.365,442.7,441.67,442.695,6310
AMGN,2026-09-02,09:37,442.695,443.8,442.6643,443.8,19090
AMGN,2026-09-02,09:38,443.8,444.61,443.75,444.205,4256
AMGN,2026-09-02,09:39,443.92,444.43,443.83,444.38,5310
AMGN,2026-09-02,09:40,444.3676,444.43,444.01,444.415,8230
AMGN,2026-09-02,09:41,444.3801,445.57,444.31,444.76,11739
AMGN,2026-09-02,09:42,445.14,445.14,443.68,443.68,4438
AMGN,2026-09-02,09:43,443.86,444.15,443.58,443.58,4512
AMGN,2026-09-02,09:44,443.5525,444.3061,443.23,443.71,5742
AMGN,2026-09-02,09:45,443.64,444.295,443.32,443.96,6031
AMGN,2026-09-02,09:46,444.09,444.09,443.48,443.545,2062
AMGN,2026-09-02,09:47,443.38,443.38,442.355,442.56,4041
AMGN,2026-09-02,09:48,442.3,442.69,441.97,442.215,3254
AMGN,2026-09-02,09:49,442.07,442.1499,441.53,441.53,2013
AMGN,2026-09-02,09:50,441.23,441.365,441.01,441.0572,3295
AMGN,2026-09-02,09:51,441.145,441.5,440.98,441.415,4505
AMGN,2026-09-02,09:52,441.44,441.44,440.74,440.935,6759
AMGN,2026-09-02,09:53,441.11,441.17,440.2,440.2,3393
AMGN,2026-09-02,09:54,440.9399,441.04,440.2,440.85,4287
AMGN,2026-09-02,09:55,440.85,440.85,439.71,440.08,5327
AMGN,2026-09-02,09:56,440.4,441.01,439.77,439.79,5087
AMGN,2026-09-02,09:57,439.79,440.26,439.66,439.865,4384
AMGN,2026-09-02,09:58,439.865,440.2799,439.66,439.97,6829
AMGN,2026-09-02,09:59,439.965,439.965,439.1144,439.1144,5171
AMGN,2026-09-02,10:00,439.355,440.82,439.355,440.605,4869
AMGN,2026-09-02,10:01,440.605,441.01,440.595,441,4580
AMGN,2026-09-02,10:02,440.688,441.71,440.688,441.525,2420
AMGN,2026-09-02,10:03,441.52,441.52,440.48,440.925,3287
AMGN,2026-09-02,10:04,440.49,441.36,440.49,440.825,4136
AMGN,2026-09-02,10:05,440.845,441.39,440.845,441.21,2600
AMGN,2026-09-02,10:06,441.495,441.97,441.2701,441.82,4766
AMGN,2026-09-02,10:07,441.62,441.62,440.54,441.28,3663
AMGN,2026-09-02,10:08,441.25,441.25,440.905,440.905,3021
AMGN,2026-09-02,10:09,440.9632,440.9632,440.01,440.47,6622
AMGN,2026-09-02,10:10,440.13,440.6321,440,440.15,4068
AMGN,2026-09-02,10:11,440.045,440.2422,438.65,438.71,10626
AMGN,2026-09-02,10:12,438.94,439.19,438.715,439.19,5011
AMGN,2026-09-02,10:13,439.09,439.09,438.47,438.98,2765
AMGN,2026-09-02,10:14,438.7,438.76,438.44,438.44,3134
AMGN,2026-09-02,10:15,438.5,438.5,438.26,438.4,3037
AMGN,2026-09-02,10:16,438.39,438.68,438.39,438.65,2684
AMGN,2026-09-02,10:17,438.7271,438.99,438.5,438.97,6539
AMGN,2026-09-02,10:18,438.9,439.34,438.53,438.99,3214
AMGN,2026-09-02,10:19,439.15,439.4499,439.08,439.21,4805
AMGN,2026-09-02,10:20,438.78,439.14,438.78,438.985,1471
AMGN,2026-09-02,10:21,438.985,438.985,438.12,438.1421,4958
AMGN,2026-09-02,10:22,438.34,438.41,437.7078,437.995,3505
AMGN,2026-09-02,10:23,437.83,437.86,437.4688,437.7,1522
AMGN,2026-09-02,10:24,437.9,438.02,437.9,437.913,1093
AMGN,2026-09-02,10:25,438.0982,438.4299,437.99,438.105,2694
AMGN,2026-09-02,10:26,438.38,438.4,438.11,438.11,1728
AMGN,2026-09-02,10:27,438.4,438.41,438.0343,438.28,3577
AMGN,2026-09-02,10:28,438.14,438.35,437.8801,437.96,2457
AMGN,2026-09-02,10:29,437.98,438.16,437.86,437.9999,1488
AMGN,2026-09-02,10:30,438.02,438.62,438.02,438.62,2693
AMGN,2026-09-02,10:31,438.526,438.62,438.52,438.54,1734
AMGN,2026-09-02,10:32,438.53,438.69,438.2295,438.4,3430
AMGN,2026-09-02,10:33,438.24,438.24,437.92,437.92,1703
AMGN,2026-09-02,10:34,438.12,438.5675,438.11,438.5675,2337
AMGN,2026-09-02,10:35,437.97,438.415,437.96,438.41,1614
AMGN,2026-09-02,10:36,438.415,438.415,437.74,437.74,1949
AMGN,2026-09-02,10:37,437.9,438.2,437.8101,438.2,2225
AMGN,2026-09-02,10:38,437.8201,438.085,437.8201,438.085,795
AMGN,2026-09-02,10:39,438.0236,438.34,438.0236,438.34,1050
AMGN,2026-09-02,10:40,438.34,438.34,438.15,438.27,838
AMGN,2026-09-02,10:41,438.17,438.44,438,438.255,4282
AMGN,2026-09-02,10:42,438.1028,438.26,438.04,438.21,3650
AMGN,2026-09-02,10:43,438.225,438.225,438.06,438.16,1429
AMGN,2026-09-02,10:44,438.19,438.43,438.16,438.43,2874
AMGN,2026-09-02,10:45,438.48,438.48,437.955,438.07,5277
AMGN,2026-09-02,10:46,438.14,438.14,438.05,438.065,1589
AMGN,2026-09-02,10:47,438.065,438.1664,437.86,437.86,1782
AMGN,2026-09-02,10:48,437.87,438.04,437.87,438.04,1545
AMGN,2026-09-02,10:49,438.09,438.2799,438.09,438.13,1248
AMGN,2026-09-02,10:50,438.01,438.07,437.91,438.07,1865
AMGN,2026-09-02,10:51,438.085,438.085,437.9,438,2024
AMGN,2026-09-02,10:52,437.78,437.99,437.78,437.985,916
AMGN,2026-09-02,10:53,437.9202,437.93,437.36,437.55,14535
AMGN,2026-09-02,10:54,437.63,437.69,437.4,437.4,1742
AMGN,2026-09-02,10:55,437.2687,437.35,437.2687,437.35,895
AMGN,2026-09-02,10:56,437.14,437.3,437.0401,437.3,1363
AMGN,2026-09-02,10:57,437.305,437.305,437.05,437.29,984
AMGN,2026-09-02,10:58,437.16,437.35,437.07,437.35,2225
AMGN,2026-09-02,10:59,437.42,437.53,437.04,437.04,17358
AMGN,2026-09-02,11:00,437.237,437.25,437.07,437.215,2538
AMGN,2026-09-02,11:01,437.15,437.15,436.86,436.86,3136
AMGN,2026-09-02,11:02,436.99,437.019,436.88,436.97,1756
AMGN,2026-09-02,11:03,436.98,436.98,436.8699,436.8699,1075
AMGN,2026-09-02,11:04,437.025,437.23,437.025,437.11,1214
AMGN,2026-09-02,11:05,437,437.56,437,437.42,9395
AMGN,2026-09-02,11:06,437.21,437.21,436.91,436.91,2961
AMGN,2026-09-02,11:07,436.52,436.52,436.48,436.49,2486
AMGN,2026-09-02,11:08,436.6,436.6,436.6,436.6,481
AMGN,2026-09-02,11:09,436.42,436.755,436.42,436.755,1160
AMGN,2026-09-02,11:10,436.7,437.21,436.61,436.935,4786
AMGN,2026-09-02,11:11,436.94,437.14,436.92,437.14,591
AMGN,2026-09-02,11:12,437.12,437.26,437.07,437.26,2694
AMGN,2026-09-02,11:13,437.385,437.385,436.845,436.845,2201
AMGN,2026-09-02,11:14,437.02,437.02,436.64,436.64,625
AMGN,2026-09-02,11:15,436.63,436.725,436.46,436.46,1180
AMGN,2026-09-02,11:16,436.44,436.45,436.44,436.45,669
AMGN,2026-09-02,11:17,436.32,436.4959,436.1068,436.1068,1516
AMGN,2026-09-02,11:18,436.255,436.6,436.255,436.6,2335
AMGN,2026-09-02,11:19,436.63,437.16,436.63,437.145,2847
AMGN,2026-09-02,11:20,437.23,437.28,437.05,437.12,4215
AMGN,2026-09-02,11:21,437.38,437.4299,437,437.07,6912
AMGN,2026-09-02,11:22,436.91,437.015,436.795,437.01,1906
AMGN,2026-09-02,11:23,437.2733,437.355,437.2733,437.355,2002
AMGN,2026-09-02,11:24,437.36,437.52,437.19,437.49,8688
AMGN,2026-09-02,11:25,437.26,437.7,437.2201,437.36,11418
AMGN,2026-09-02,11:26,437.17,437.17,437.14,437.17,1275
AMGN,2026-09-02,11:27,436.99,437.19,436.99,437.19,790
AMGN,2026-09-02,11:28,437.39,437.66,437.37,437.46,4323
AMGN,2026-09-02,11:29,437.52,437.575,437.29,437.45,2593
AMGN,2026-09-02,11:30,437.38,437.535,437.125,437.185,3602
AMGN,2026-09-02,11:31,437.14,437.14,436.93,436.93,2479
AMGN,2026-09-02,11:32,436.97,436.975,436.5796,436.625,4200
AMGN,2026-09-02,11:33,436.72,436.83,436.72,436.83,679
AMGN,2026-09-02,11:34,436.9,436.9,436.65,436.65,2600
AMGN,2026-09-02,11:35,436.6739,436.6739,436.59,436.59,502
AMGN,2026-09-02,11:36,436.56,436.69,436.46,436.595,2718
AMGN,2026-09-02,11:37,436.58,436.725,436.38,436.38,6111
AMGN,2026-09-02,11:38,436.295,436.808,436.295,436.46,3931
AMGN,2026-09-02,11:39,436.379,436.579,436.379,436.495,1211
AMGN,2026-09-02,11:40,436.43,436.475,436.29,436.475,1279
AMGN,2026-09-02,11:41,436.42,436.52,436.165,436.34,3535
AMGN,2026-09-02,11:42,436.48,436.48,436.385,436.385,1371
AMGN,2026-09-02,11:43,436.31,436.31,436.19,436.19,1326
AMGN,2026-09-02,11:44,436.285,436.41,436.285,436.3,1266
AMGN,2026-09-02,11:45,436.3,436.3,436.17,436.3,1312
AMGN,2026-09-02,11:46,436.335,436.4,436.23,436.345,4089
AMGN,2026-09-02,11:47,436.4237,436.4237,436.2,436.23,4106
AMGN,2026-09-02,11:48,435.955,435.955,435.42,435.46,2741
AMGN,2026-09-02,11:49,435.35,435.61,435.35,435.61,1741
AMGN,2026-09-02,11:50,435.53,435.53,435.2,435.44,2372
AMGN,2026-09-02,11:51,435.44,435.55,435.27,435.535,4175
AMGN,2026-09-02,11:52,435.59,436.12,435.535,435.91,6667
AMGN,2026-09-02,11:53,435.97,436.33,435.97,436.33,3246
AMGN,2026-09-02,11:54,436.38,436.38,436,436.01,5443
AMGN,2026-09-02,11:55,435.83,435.94,435.83,435.83,1055
AMGN,2026-09-02,11:56,435.78,435.85,435.62,435.715,1152
AMGN,2026-09-02,11:57,435.78,435.93,435.7053,435.87,1661
AMGN,2026-09-02,11:58,435.8332,435.89,435.7,435.7,2617
AMGN,2026-09-02,11:59,435.64,435.87,435.63,435.64,1721
AMGN,2026-09-02,12:00,435.73,435.73,435.39,435.53,2338
AMGN,2026-09-02,12:01,435.655,435.655,435.3,435.3,1804
AMGN,2026-09-02,12:02,435.37,435.52,435.37,435.52,1206
AMGN,2026-09-02,12:03,435.415,435.415,435.1,435.11,2701
AMGN,2026-09-02,12:04,435.1,435.3,435.1,435.3,1483
AMGN,2026-09-02,12:05,435.44,435.45,435.44,435.45,444
AMGN,2026-09-02,12:06,435.47,435.47,435.2,435.2,4480
AMGN,2026-09-02,12:07,435,435.145,435,435.145,1288
AMGN,2026-09-02,12:08,435.09,435.2375,435.07,435.2375,2007
AMGN,2026-09-02,12:09,435.23,435.42,435.07,435.42,2030
AMGN,2026-09-02,12:10,435.48,435.8,435.48,435.8,1403
AMGN,2026-09-02,12:11,435.805,435.83,435.67,435.67,1801
AMGN,2026-09-02,12:12,435.8,435.9,435.67,435.795,3097
AMGN,2026-09-02,12:13,435.811,435.96,435.72,435.72,1892
AMGN,2026-09-02,12:14,435.72,435.93,435.71,435.815,4125
AMGN,2026-09-02,12:15,435.72,435.85,435.4,435.85,3921
AMGN,2026-09-02,12:16,435.845,436.06,435.7,436.06,1105
AMGN,2026-09-02,12:17,435.93,435.93,435.52,435.66,1738
AMGN,2026-09-02,12:18,435.7,435.87,435.66,435.805,2866
AMGN,2026-09-02,12:19,435.805,435.99,435.7501,435.91,2324
AMGN,2026-09-02,12:20,436.04,436.11,435.99,436.07,4325
AMGN,2026-09-02,12:21,436.119,436.119,435.95,436.01,1195
AMGN,2026-09-02,12:22,436.1,436.65,436.04,436.65,4478
AMGN,2026-09-02,12:23,436.86,436.87,436.56,436.645,2627
AMGN,2026-09-02,12:24,436.645,436.79,436.56,436.7,1765
AMGN,2026-09-02,12:25,436.7,436.88,436.54,436.78,7302
AMGN,2026-09-02,12:26,436.89,437.03,436.83,436.97,5884
AMGN,2026-09-02,12:27,437.0601,437.44,437.0601,437.315,1622
AMGN,2026-09-02,12:28,437.2489,437.315,437.1,437.1,1681
AMGN,2026-09-02,12:29,437.09,437.09,437,437.07,2284
AMGN,2026-09-02,12:30,437.12,437.1772,437.04,437.1772,1374
AMGN,2026-09-02,12:31,437.04,437.3146,437.04,437.3146,1593
AMGN,2026-09-02,12:32,437.43,437.86,437.43,437.65,2474
AMGN,2026-09-02,12:33,437.61,437.67,437.61,437.61,761
AMGN,2026-09-02,12:34,437.61,437.67,437.57,437.57,2197
AMGN,2026-09-02,12:35,437.57,437.63,437.138,437.63,23347
AMGN,2026-09-02,12:36,437.63,437.825,437.57,437.8,2581
AMGN,2026-09-02,12:37,437.92,437.9499,437.66,437.805,1875
AMGN,2026-09-02,12:38,437.8,437.8,437.48,437.72,5544
AMGN,2026-09-02,12:39,437.715,437.88,437.715,437.83,770
AMGN,2026-09-02,12:40,437.73,437.77,437.33,437.33,2173
AMGN,2026-09-02,12:41,437.41,437.48,437.33,437.45,7269
AMGN,2026-09-02,12:42,437.495,437.69,437.46,437.69,2644
AMGN,2026-09-02,12:43,437.739,437.805,437.575,437.575,2593
AMGN,2026-09-02,12:44,437.52,437.5283,437.46,437.52,1872
AMGN,2026-09-02,12:45,437.35,437.39,437.18,437.18,9177
AMGN,2026-09-02,12:46,437.16,437.22,437.0201,437.14,1319
AMGN,2026-09-02,12:47,437.14,437.22,437.14,437.14,1047
AMGN,2026-09-02,12:48,437.14,437.3,437.14,437.14,1201
AMGN,2026-09-02,12:49,437.14,437.43,437.14,437.429,9603
AMGN,2026-09-02,12:50,437.43,437.66,437.43,437.66,7383
AMGN,2026-09-02,12:51,437.65,437.8499,437.53,437.745,12831
AMGN,2026-09-02,12:52,437.745,438.014,437.7082,437.8,11324
AMGN,2026-09-02,12:53,437.895,438.049,437.792,437.92,3083
AMGN,2026-09-02,12:54,438.12,438.12,437.96,437.965,1118
AMGN,2026-09-02,12:55,438.085,438.085,437.96,438.02,829
AMGN,2026-09-02,12:56,438.02,438.02,437.9,437.9,1525
AMGN,2026-09-02,12:57,437.9,438,437.8,438,1538
AMGN,2026-09-02,12:58,437.98,437.98,437.83,437.83,892
AMGN,2026-09-02,12:59,437.965,438.16,437.965,438.11,3449
AMGN,2026-09-02,13:00,438.015,438.4698,438.015,438.24,2694
AMGN,2026-09-02,13:01,438.265,438.34,438.265,438.34,932
AMGN,2026-09-02,13:02,438.305,438.4,438.305,438.35,2214
AMGN,2026-09-02,13:03,438.44,438.7,438.44,438.645,2996
AMGN,2026-09-02,13:04,438.66,438.68,438.57,438.57,1738
AMGN,2026-09-02,13:05,438.64,438.64,438.625,438.635,1023
AMGN,2026-09-02,13:06,438.635,438.635,438.405,438.405,1908
AMGN,2026-09-02,13:07,438.53,438.59,438.43,438.58,1749
AMGN,2026-09-02,13:08,438.75,438.88,438.75,438.75,1890
AMGN,2026-09-02,13:09,438.75,438.75,438.75,438.75,341
AMGN,2026-09-02,13:10,438.75,438.83,438.69,438.69,1887
AMGN,2026-09-02,13:11,438.69,438.78,438.61,438.77,1184
AMGN,2026-09-02,13:12,438.69,438.755,438.62,438.755,698
AMGN,2026-09-02,13:13,438.76,438.76,438.64,438.725,602
AMGN,2026-09-02,13:14,438.64,438.71,438.43,438.43,2276
AMGN,2026-09-02,13:15,438.385,438.46,438.36,438.3827,2082
AMGN,2026-09-02,13:16,438.41,438.45,438.35,438.35,1969
AMGN,2026-09-02,13:17,438.41,438.41,438.34,438.345,1470
AMGN,2026-09-02,13:18,438.26,438.26,437.81,437.81,1784
AMGN,2026-09-02,13:19,437.92,438.05,437.86,437.86,1436
AMGN,2026-09-02,13:20,438.05,438.12,438.05,438.12,547
AMGN,2026-09-02,13:21,438.105,438.105,438.105,438.105,467
AMGN,2026-09-02,13:22,438.105,438.24,437.791,437.791,5702
AMGN,2026-09-02,13:23,438.05,438.24,438.05,438.24,1037
AMGN,2026-09-02,13:24,438.215,438.215,438.07,438.07,1097
AMGN,2026-09-02,13:25,438.08,438.08,438.07,438.07,662
AMGN,2026-09-02,13:26,438.04,438.04,437.905,437.905,456
AMGN,2026-09-02,13:27,437.9,438.25,437.9,438.145,10589
AMGN,2026-09-02,13:28,438.145,438.145,438.145,438.145,0
AMGN,2026-09-02,13:29,438.3,438.3,437.99,437.99,1972
AMGN,2026-09-02,13:30,438.14,438.22,438.09,438.185,2001
AMGN,2026-09-02,13:31,438.1175,438.35,438.1175,438.29,1986
AMGN,2026-09-02,13:32,438.27,438.27,438.18,438.25,1052
AMGN,2026-09-02,13:33,438.255,438.4,438.23,438.31,1465
AMGN,2026-09-02,13:34,438.4,438.4,438.28,438.28,1597
AMGN,2026-09-02,13:35,438.31,438.54,438.31,438.54,3998
AMGN,2026-09-02,13:36,438.57,438.745,438.57,438.745,1175
AMGN,2026-09-02,13:37,438.76,438.82,438.615,438.7199,1671
AMGN,2026-09-02,13:38,438.615,438.615,438.495,438.495,2107
AMGN,2026-09-02,13:39,438.33,438.38,438.245,438.245,1246
AMGN,2026-09-02,13:40,438.215,438.355,438.215,438.33,1831
AMGN,2026-09-02,13:41,438.33,438.33,438.2,438.28,823
AMGN,2026-09-02,13:42,438.39,438.67,438.39,438.58,1803
AMGN,2026-09-02,13:43,438.58,438.74,438.58,438.74,3274
AMGN,2026-09-02,13:44,438.73,438.99,438.69,438.99,4416
AMGN,2026-09-02,13:45,439.08,439.08,438.99,438.99,857
AMGN,2026-09-02,13:46,439.04,439.07,438.85,438.98,3691
AMGN,2026-09-02,13:47,438.93,438.98,438.912,438.97,1993
AMGN,2026-09-02,13:48,438.925,439.045,438.89,438.89,2833
AMGN,2026-09-02,13:49,438.93,438.99,438.93,438.975,1544
AMGN,2026-09-02,13:50,438.91,438.98,438.86,438.98,2084
AMGN,2026-09-02,13:51,439.055,439.1781,439.055,439.125,3342
AMGN,2026-09-02,13:52,439.17,439.23,439.145,439.23,1263
AMGN,2026-09-02,13:53,439.19,439.25,439.17,439.215,2499
AMGN,2026-09-02,13:54,439.29,439.413,439.28,439.413,2216
AMGN,2026-09-02,13:55,439.27,439.57,439.18,439.57,2383
AMGN,2026-09-02,13:56,439.65,439.735,439.49,439.705,1202
AMGN,2026-09-02,13:57,439.74,439.74,439.55,439.66,2502
AMGN,2026-09-02,13:58,439.59,439.75,439.59,439.59,782
AMGN,2026-09-02,13:59,439.675,439.75,439.57,439.6,2311
AMGN,2026-09-02,14:00,439.64,439.64,439.55,439.55,3521
AMGN,2026-09-02,14:01,439.54,439.58,439.5017,439.55,2373
AMGN,2026-09-02,14:02,439.54,439.61,439.46,439.55,4390
AMGN,2026-09-02,14:03,439.535,439.63,439.4,439.47,7720
AMGN,2026-09-02,14:04,439.72,439.94,439.72,439.76,3050
AMGN,2026-09-02,14:05,439.76,440.05,439.65,440.04,4560
AMGN,2026-09-02,14:06,440.039,440.06,440.039,440.06,1609
AMGN,2026-09-02,14:07,440.07,440.2,440.07,440.17,2186
AMGN,2026-09-02,14:08,440.165,440.165,440.0662,440.0662,553
AMGN,2026-09-02,14:09,440.07,440.07,439.47,439.76,5268
AMGN,2026-09-02,14:10,439.71,439.99,439.71,439.905,2578
AMGN,2026-09-02,14:11,439.905,440.07,439.8768,440.07,2115
AMGN,2026-09-02,14:12,440.155,440.3,440.155,440.3,1292
AMGN,2026-09-02,14:13,440.29,440.29,440.19,440.19,1670
AMGN,2026-09-02,14:14,440.2486,440.2486,440.2486,440.2486,81
AMGN,2026-09-02,14:15,440.21,440.3,440.19,440.23,2213
AMGN,2026-09-02,14:16,440.32,440.5,440.245,440.3,3184
AMGN,2026-09-02,14:17,440.38,440.49,440.19,440.355,2805
AMGN,2026-09-02,14:18,440.36,440.41,439.915,440.28,5386
AMGN,2026-09-02,14:19,440.27,440.28,440.27,440.28,828
AMGN,2026-09-02,14:20,440.18,440.275,440.18,440.275,756
AMGN,2026-09-02,14:21,440.28,440.28,440.01,440.01,1404
AMGN,2026-09-02,14:22,440.175,440.175,440.01,440.01,481
AMGN,2026-09-02,14:23,440.01,440.16,439.88,439.88,1926
AMGN,2026-09-02,14:24,439.9595,439.9595,439.7762,439.84,1209
AMGN,2026-09-02,14:25,439.72,439.835,439.72,439.835,1063
AMGN,2026-09-02,14:26,439.845,439.895,439.845,439.895,1051
AMGN,2026-09-02,14:27,439.94,439.99,439.7918,439.99,2714
AMGN,2026-09-02,14:28,439.87,439.9999,439.7427,439.865,1505
AMGN,2026-09-02,14:29,439.8115,439.85,439.78,439.78,907
AMGN,2026-09-02,14:30,439.835,439.94,439.835,439.86,3238
AMGN,2026-09-02,14:31,439.865,440.08,439.865,440.04,2779
AMGN,2026-09-02,14:32,440.01,440.021,439.885,439.885,1500
AMGN,2026-09-02,14:33,439.895,440.119,439.895,440.119,1861
AMGN,2026-09-02,14:34,440.11,440.22,440.11,440.22,1635
AMGN,2026-09-02,14:35,440.16,440.16,440.03,440.03,2156
AMGN,2026-09-02,14:36,440.1479,440.19,440.11,440.12,1498
AMGN,2026-09-02,14:37,440.12,440.19,440.05,440.11,3547
AMGN,2026-09-02,14:38,440.05,440.05,439.77,439.9,3691
AMGN,2026-09-02,14:39,439.9,440.05,439.9,439.985,4984
AMGN,2026-09-02,14:40,440.005,440.14,440,440.139,7291
AMGN,2026-09-02,14:41,440.16,440.27,440.06,440.27,2439
AMGN,2026-09-02,14:42,440.25,440.25,440.25,440.25,161
AMGN,2026-09-02,14:43,440.25,440.52,440.25,440.52,2569
AMGN,2026-09-02,14:44,440.44,440.44,440.36,440.425,1840
AMGN,2026-09-02,14:45,440.4622,440.48,440.4622,440.48,1096
AMGN,2026-09-02,14:46,440.485,440.485,440.39,440.39,1571
AMGN,2026-09-02,14:47,440.39,440.57,440.39,440.485,1527
AMGN,2026-09-02,14:48,440.4,440.495,440.225,440.225,4238
AMGN,2026-09-02,14:49,440.11,440.21,440,440.135,4829
AMGN,2026-09-02,14:50,440.135,440.22,440.135,440.19,2178
AMGN,2026-09-02,14:51,440.28,440.28,440.28,440.28,162
AMGN,2026-09-02,14:52,440.285,440.54,440.285,440.54,2199
AMGN,2026-09-02,14:53,440.57,440.605,440.57,440.605,776
AMGN,2026-09-02,14:54,440.63,440.759,440.59,440.63,2387
AMGN,2026-09-02,14:55,440.61,440.67,440.61,440.645,1897
AMGN,2026-09-02,14:56,440.645,440.645,440.645,440.645,740
AMGN,2026-09-02,14:57,440.68,440.75,440.47,440.47,4076
AMGN,2026-09-02,14:58,440.35,440.35,440.35,440.35,768
AMGN,2026-09-02,14:59,440.36,440.59,440.28,440.28,7947
AMGN,2026-09-02,15:00,440.285,440.355,440.19,440.355,2082
AMGN,2026-09-02,15:01,440.33,440.465,440.33,440.465,2736
AMGN,2026-09-02,15:02,440.43,440.48,440.355,440.48,2052
AMGN,2026-09-02,15:03,440.48,440.485,440.38,440.485,2883
AMGN,2026-09-02,15:04,440.39,440.39,440.215,440.27,2712
AMGN,2026-09-02,15:05,440.23,440.35,440.23,440.31,2572
AMGN,2026-09-02,15:06,440.295,440.295,440.2,440.23,1465
AMGN,2026-09-02,15:07,440.23,440.23,440.08,440.08,875
AMGN,2026-09-02,15:08,440.08,440.29,440.05,440.165,4106
AMGN,2026-09-02,15:09,440.115,440.135,440.02,440.05,3007
AMGN,2026-09-02,15:10,440.0899,440.185,440.03,440.135,10331
AMGN,2026-09-02,15:11,440.15,440.15,440.15,440.15,1033
AMGN,2026-09-02,15:12,440.15,440.1789,440.1195,440.14,1975
AMGN,2026-09-02,15:13,440.08,440.23,439.79,440.175,15180
AMGN,2026-09-02,15:14,440.25,440.88,440.165,440.72,7536
AMGN,2026-09-02,15:15,440.78,441.06,440.5601,441.025,10732
AMGN,2026-09-02,15:16,440.99,441.17,440.99,441.17,5425
AMGN,2026-09-02,15:17,441.16,441.35,441.11,441.28,3114
AMGN,2026-09-02,15:18,441.39,441.61,441.39,441.55,7581
AMGN,2026-09-02,15:19,441.55,441.68,441.5,441.609,30104
AMGN,2026-09-02,15:20,441.555,441.64,441.5,441.54,4610
AMGN,2026-09-02,15:21,441.44,441.5,441.3601,441.5,1628
AMGN,2026-09-02,15:22,441.5,441.64,441.42,441.58,4263
AMGN,2026-09-02,15:23,441.54,441.555,441.19,441.2231,3116
AMGN,2026-09-02,15:24,441.23,441.235,441.0982,441.15,3557
AMGN,2026-09-02,15:25,441.16,441.28,441.16,441.22,4748
AMGN,2026-09-02,15:26,441.255,441.3,441.005,441.14,3378
AMGN,2026-09-02,15:27,441.095,441.095,440.96,441.035,2251
AMGN,2026-09-02,15:28,441.035,441.35,441.03,441.226,18825
AMGN,2026-09-02,15:29,441.34,441.34,441.23,441.34,2591
AMGN,2026-09-02,15:30,441.33,441.45,441.245,441.245,4263
AMGN,2026-09-02,15:31,441.275,441.32,440.8258,440.8258,3459
AMGN,2026-09-02,15:32,440.878,441.335,440.878,441.335,13692
AMGN,2026-09-02,15:33,441.43,441.479,441.22,441.285,4457
AMGN,2026-09-02,15:34,441.33,441.49,441.295,441.49,2848
AMGN,2026-09-02,15:35,441.52,441.78,441.515,441.72,8342
AMGN,2026-09-02,15:36,441.72,441.97,441.7115,441.85,3129
AMGN,2026-09-02,15:37,441.97,442.14,441.97,442.075,3246
AMGN,2026-09-02,15:38,442.0252,442.25,441.82,441.82,16837
AMGN,2026-09-02,15:39,441.88,442.05,441.88,442.05,4528
AMGN,2026-09-02,15:40,442.21,442.21,442.06,442.06,3156
AMGN,2026-09-02,15:41,442.13,442.13,441.83,441.83,5565
AMGN,2026-09-02,15:42,441.83,442,441.83,441.98,6852
AMGN,2026-09-02,15:43,441.95,442.16,441.88,442.16,5440
AMGN,2026-09-02,15:44,442.15,442.23,442.05,442.185,7749
AMGN,2026-09-02,15:45,442.21,442.21,441.8,441.8,5685
AMGN,2026-09-02,15:46,441.95,442.06,441.92,442.05,4982
AMGN,2026-09-02,15:47,441.8,442.05,441.76,441.875,24987
AMGN,2026-09-02,15:48,441.86,442.1,441.81,442.02,6124
AMGN,2026-09-02,15:49,442.02,442.04,441.81,441.9,7360
AMGN,2026-09-02,15:50,441.81,442.16,441.355,441.99,11124
AMGN,2026-09-02,15:51,441.99,442.02,441.71,441.745,9568
AMGN,2026-09-02,15:52,441.74,442.4,441.735,442.27,8521
AMGN,2026-09-02,15:53,442.32,442.41,442.15,442.35,9166
AMGN,2026-09-02,15:54,442.35,442.73,441.91,441.91,21481
AMGN,2026-09-02,15:55,442.41,443.34,442.37,442.96,23758
AMGN,2026-09-02,15:56,442.925,443.54,442.8,443.33,26273
AMGN,2026-09-02,15:57,443.33,443.51,442.945,442.98,30085
AMGN,2026-09-02,15:58,442.98,443.11,442.7,442.775,32154
AMGN,2026-09-02,15:59,442.76,443.01,442.61,442.84,58051
AMGN,2026-09-03,09:30,445.67,445.815,444.17,444.665,38398
AMGN,2026-09-03,09:31,444.95,445.76,444.68,445.32,2200
AMGN,2026-09-03,09:32,444.32,444.32,443.9675,444.305,2642
AMGN,2026-09-03,09:33,444.015,444.02,443.8522,443.955,1270
AMGN,2026-09-03,09:34,443.77,443.9,443.29,443.89,3429
AMGN,2026-09-03,09:35,443.795,444.766,443.5,444.445,3074
AMGN,2026-09-03,09:36,444.44,444.77,442.48,442.9,3409
AMGN,2026-09-03,09:37,443.1,443.15,441.6,441.6,2230
AMGN,2026-09-03,09:38,441.6,442.21,441.125,442.195,4097
AMGN,2026-09-03,09:39,442.1475,442.1475,441.6,441.76,2054
AMGN,2026-09-03,09:40,441.885,442.46,441.67,442.46,2465
AMGN,2026-09-03,09:41,442.5,443.13,442.475,443.13,3435
AMGN,2026-09-03,09:42,442.72,442.835,442.02,442.02,2851
AMGN,2026-09-03,09:43,441.38,441.82,441.38,441.645,774
AMGN,2026-09-03,09:44,441.83,442.02,441.48,441.595,2284
AMGN,2026-09-03,09:45,441.43,441.505,440.37,440.565,4223
AMGN,2026-09-03,09:46,440.57,440.57,439.33,439.38,2613
AMGN,2026-09-03,09:47,439.33,439.44,438.43,438.43,5306
AMGN,2026-09-03,09:48,438.0801,438.82,438.0801,438.32,2295
AMGN,2026-09-03,09:49,438.485,439.21,438.18,439,24845
AMGN,2026-09-03,09:50,439.17,440.4599,439.13,440.4599,2825
AMGN,2026-09-03,09:51,440.21,441.325,440.21,440.67,5736
AMGN,2026-09-03,09:52,441.04,442.17,440.73,441.71,2844
AMGN,2026-09-03,09:53,441.39,441.795,441.39,441.715,1246
AMGN,2026-09-03,09:54,441.5969,441.96,441.59,441.845,2149
AMGN,2026-09-03,09:55,442.1,442.1,441.08,441.345,3465
AMGN,2026-09-03,09:56,441.345,441.85,441.345,441.77,3459
AMGN,2026-09-03,09:57,441.8,441.8,441.505,441.505,987
AMGN,2026-09-03,09:58,440.8,441.18,440.8,441.09,1871
AMGN,2026-09-03,09:59,440.9,440.9,440.2338,440.57,1467
AMGN,2026-09-03,10:00,440.322,440.98,440.322,440.64,3016
AMGN,2026-09-03,10:01,440.88,440.93,440.7,440.93,1909
AMGN,2026-09-03,10:02,440.99,440.99,440.85,440.85,1313
AMGN,2026-09-03,10:03,440.61,441.4695,440.61,441.4695,2951
AMGN,2026-09-03,10:04,441.08,441.08,441.08,441.08,1060
AMGN,2026-09-03,10:05,441.133,441.575,441.133,441.56,2011
AMGN,2026-09-03,10:06,441.575,441.73,441.095,441.165,8358
AMGN,2026-09-03,10:07,441.52,442.4263,441.52,442.39,3740
AMGN,2026-09-03,10:08,442.44,442.46,442.215,442.215,1633
AMGN,2026-09-03,10:09,441.94,441.95,441.66,441.78,2189
AMGN,2026-09-03,10:10,441.78,441.78,441.305,441.425,1056
AMGN,2026-09-03,10:11,441.38,441.5403,440.935,441.0175,2276
AMGN,2026-09-03,10:12,441.017,441.315,440.74,441.18,1639
AMGN,2026-09-03,10:13,440.9401,441.26,440.76,440.76,1342
AMGN,2026-09-03,10:14,440.97,440.97,440.5725,440.66,1988
AMGN,2026-09-03,10:15,440.55,440.89,439.93,439.93,2680
AMGN,2026-09-03,10:16,439.96,439.96,439.34,439.5125,1632
AMGN,2026-09-03,10:17,439.515,440.09,439.43,439.96,4672
AMGN,2026-09-03,10:18,439.93,439.93,439.73,439.73,440
AMGN,2026-09-03,10:19,439.855,440.0699,439.85,440.005,2460
AMGN,2026-09-03,10:20,440.01,440.01,439.66,439.66,1988
AMGN,2026-09-03,10:21,439.99,440.2,439.8701,439.8701,1874
AMGN,2026-09-03,10:22,440.115,440.1489,439.98,439.98,2007
AMGN,2026-09-03,10:23,439.84,440.09,439.65,440.09,1638
AMGN,2026-09-03,10:24,440.12,440.12,439.65,439.9,2731
AMGN,2026-09-03,10:25,440.065,440.2499,439.87,439.985,1194
AMGN,2026-09-03,10:26,439.99,440.03,439.93,440.03,873
AMGN,2026-09-03,10:27,440.02,440.675,439.96,440.54,4119
AMGN,2026-09-03,10:28,440.345,440.925,440.2626,440.925,3596
AMGN,2026-09-03,10:29,440.8675,441.4999,440.7601,441.4999,2441
AMGN,2026-09-03,10:30,441.27,441.365,441.13,441.13,1141
AMGN,2026-09-03,10:31,441.54,442.005,441.54,442.005,2601
AMGN,2026-09-03,10:32,441.78,442.05,441.78,442.045,1131
AMGN,2026-09-03,10:33,442.13,442.13,441.66,441.67,1892
AMGN,2026-09-03,10:34,441.69,441.91,441.69,441.825,1231
AMGN,2026-09-03,10:35,441.72,442.075,441.72,442.075,1178
AMGN,2026-09-03,10:36,442.08,442.58,442.08,442.495,2496
AMGN,2026-09-03,10:37,442.46,442.71,442.46,442.71,756
AMGN,2026-09-03,10:38,442.82,442.82,442.18,442.28,1999
AMGN,2026-09-03,10:39,442.415,442.45,442.23,442.23,620
AMGN,2026-09-03,10:40,442.325,442.6,442.325,442.57,1700
AMGN,2026-09-03,10:41,442.56,442.56,442.1901,442.1901,687
AMGN,2026-09-03,10:42,442.2201,442.67,442.2201,442.58,1987
AMGN,2026-09-03,10:43,442.7394,442.8,442.4001,442.8,828
AMGN,2026-09-03,10:44,442.9,443.19,442.9,443.145,2060
AMGN,2026-09-03,10:45,443.07,443.3,443.06,443.06,2601
AMGN,2026-09-03,10:46,442.72,442.845,442.72,442.845,317
AMGN,2026-09-03,10:47,443.05,443.41,443.05,443.205,2240
AMGN,2026-09-03,10:48,443.23,443.23,442.95,442.95,780
AMGN,2026-09-03,10:49,443.08,443.09,443.08,443.08,1149
AMGN,2026-09-03,10:50,443.085,443.26,443.005,443.005,3440
AMGN,2026-09-03,10:51,443,443.03,442.82,442.82,4088
AMGN,2026-09-03,10:52,442.91,442.95,442.72,442.95,2179
AMGN,2026-09-03,10:53,442.93,443.13,442.86,443.13,1718
AMGN,2026-09-03,10:54,443.04,443.04,442.65,442.9799,963
AMGN,2026-09-03,10:55,442.815,442.815,442.615,442.615,1555
AMGN,2026-09-03,10:56,442.38,442.38,441.72,442.01,6510
AMGN,2026-09-03,10:57,442.26,442.26,442.24,442.24,1322
AMGN,2026-09-03,10:58,442.28,442.7,442.28,442.625,1891
AMGN,2026-09-03,10:59,442.61,442.688,442.505,442.505,11709
AMGN,2026-09-03,11:00,442.65,442.65,441.64,441.73,5692
AMGN,2026-09-03,11:01,441.73,442.15,441.72,442.15,3134
AMGN,2026-09-03,11:02,441.95,442.48,441.95,442.355,1861
AMGN,2026-09-03,11:03,442.25,442.48,442.25,442.48,1153
AMGN,2026-09-03,11:04,442.25,442.44,442.25,442.44,5812
AMGN,2026-09-03,11:05,442.605,442.81,442.605,442.69,1551
AMGN,2026-09-03,11:06,442.595,442.7799,442.58,442.69,1328
AMGN,2026-09-03,11:07,442.6,443.09,442.49,443.015,2970
AMGN,2026-09-03,11:08,443.2099,443.2099,442.85,442.85,828
AMGN,2026-09-03,11:09,443.01,443.02,443.01,443.02,665
AMGN,2026-09-03,11:10,442.755,442.87,442.6204,442.6204,1850
AMGN,2026-09-03,11:11,442.59,442.925,442.59,442.925,2372
AMGN,2026-09-03,11:12,443.1,443.64,443.1,443.64,2442
AMGN,2026-09-03,11:13,443.4675,443.4675,443.16,443.16,1158
AMGN,2026-09-03,11:14,443.3,443.6899,443.28,443.6899,2108
AMGN,2026-09-03,11:15,443.405,443.405,443.12,443.35,1182
AMGN,2026-09-03,11:16,443.35,443.35,442.79,442.79,2283
AMGN,2026-09-03,11:17,442.68,442.72,442.36,442.36,1331
AMGN,2026-09-03,11:18,442.355,442.63,442.355,442.6,1440
AMGN,2026-09-03,11:19,442.73,442.9597,442.685,442.785,1832
AMGN,2026-09-03,11:20,442.94,442.94,442.51,442.52,1202
AMGN,2026-09-03,11:21,442.615,442.6796,442.49,442.61,1652
AMGN,2026-09-03,11:22,442.62,442.675,442.55,442.565,1857
AMGN,2026-09-03,11:23,442.48,442.96,442.48,442.75,1943
AMGN,2026-09-03,11:24,442.885,442.9,442.885,442.9,548
AMGN,2026-09-03,11:25,442.79,442.865,442.79,442.865,860
AMGN,2026-09-03,11:26,442.73,442.73,442.53,442.53,741
AMGN,2026-09-03,11:27,442.5,442.59,442.24,442.33,2514
AMGN,2026-09-03,11:28,442.13,442.5,442.13,442.5,3724
AMGN,2026-09-03,11:29,442.44,442.44,442.2,442.29,1273
AMGN,2026-09-03,11:30,442.395,442.83,442.395,442.6532,3231
AMGN,2026-09-03,11:31,442.835,442.835,442.58,442.61,3644
AMGN,2026-09-03,11:32,442.56,442.68,442.56,442.68,481
AMGN,2026-09-03,11:33,442.7,442.81,442.61,442.67,3640
AMGN,2026-09-03,11:34,442.61,442.65,442.41,442.59,1938
AMGN,2026-09-03,11:35,442.3426,442.46,442.34,442.395,962
AMGN,2026-09-03,11:36,442.425,442.66,442.425,442.51,2944
AMGN,2026-09-03,11:37,442.465,442.465,442.46,442.46,504
AMGN,2026-09-03,11:38,442.41,442.675,442.405,442.675,2429
AMGN,2026-09-03,11:39,442.69,442.705,442.63,442.705,1796
AMGN,2026-09-03,11:40,442.7,442.78,442.63,442.705,1642
AMGN,2026-09-03,11:41,442.685,442.69,442.685,442.69,634
AMGN,2026-09-03,11:42,442.685,442.79,442.62,442.65,1579
AMGN,2026-09-03,11:43,442.61,442.61,442.44,442.44,5829
AMGN,2026-09-03,11:44,442.495,442.64,442.365,442.64,9022
AMGN,2026-09-03,11:45,442.77,442.77,442.65,442.65,650
AMGN,2026-09-03,11:46,442.675,442.675,442.675,442.675,128
AMGN,2026-09-03,11:47,442.6599,443.3,442.6599,443.2,1820
AMGN,2026-09-03,11:48,443.1775,443.54,443.08,443.54,1323
AMGN,2026-09-03,11:49,443.545,443.545,443.545,443.545,198
AMGN,2026-09-03,11:50,443.465,443.58,443.445,443.58,530
AMGN,2026-09-03,11:51,443.49,443.62,443.4,443.4,1567
AMGN,2026-09-03,11:52,443.505,443.51,443.41,443.41,1270
AMGN,2026-09-03,11:53,443.445,443.55,443.4,443.4064,1665
AMGN,2026-09-03,11:54,443.535,443.535,443.43,443.52,968
AMGN,2026-09-03,11:55,443.36,443.4,443.24,443.24,781
AMGN,2026-09-03,11:56,443.15,443.5504,443.15,443.44,1621
AMGN,2026-09-03,11:57,443.49,443.57,443.49,443.57,412
AMGN,2026-09-03,11:58,443.4766,443.61,443.44,443.44,1033
AMGN,2026-09-03,11:59,443.45,443.55,443.44,443.55,1597
AMGN,2026-09-03,12:00,443.62,443.62,443.41,443.535,880
AMGN,2026-09-03,12:01,443.55,443.78,443.545,443.665,1596
AMGN,2026-09-03,12:02,443.665,443.665,443.665,443.665,0
AMGN,2026-09-03,12:03,443.78,443.83,443.72,443.83,1072
AMGN,2026-09-03,12:04,443.895,444.09,443.895,444.09,1522
AMGN,2026-09-03,12:05,444.02,444.02,443.77,443.77,2363
AMGN,2026-09-03,12:06,443.82,443.82,443.82,443.82,611
AMGN,2026-09-03,12:07,443.68,443.68,443.42,443.61,3620
AMGN,2026-09-03,12:08,443.61,443.61,443.61,443.61,0
AMGN,2026-09-03,12:09,443.505,443.51,443.4301,443.4301,337
AMGN,2026-09-03,12:10,443.46,443.5,443.36,443.36,2259
AMGN,2026-09-03,12:11,443.32,443.47,443.32,443.45,1222
AMGN,2026-09-03,12:12,443.42,443.43,443.19,443.265,1570
AMGN,2026-09-03,12:13,443.25,443.37,443.2,443.37,3555
AMGN,2026-09-03,12:14,443.35,443.54,443.34,443.54,1367
AMGN,2026-09-03,12:15,443.34,443.56,443.34,443.56,1459
AMGN,2026-09-03,12:16,443.42,443.46,443.28,443.38,1464
AMGN,2026-09-03,12:17,443.26,443.44,443.26,443.3797,1692
AMGN,2026-09-03,12:18,443.28,443.325,443.18,443.31,2700
AMGN,2026-09-03,12:19,443.21,443.26,443.13,443.13,1170
AMGN,2026-09-03,12:20,443.09,443.14,443.07,443.08,1352
AMGN,2026-09-03,12:21,443.06,443.1,442.99,443.09,1431
AMGN,2026-09-03,12:22,443.16,443.36,443.16,443.205,2642
AMGN,2026-09-03,12:23,443.195,443.215,443.195,443.215,485
AMGN,2026-09-03,12:24,443.22,443.22,443.1268,443.1268,1317
AMGN,2026-09-03,12:25,443.08,443.2,443.05,443.165,2481
AMGN,2026-09-03,12:26,443.06,443.06,443.03,443.03,820
AMGN,2026-09-03,12:27,442.89,443.21,442.89,443.05,3876
AMGN,2026-09-03,12:28,443.06,443.06,443.06,443.06,713
AMGN,2026-09-03,12:29,443.07,443.21,443.07,443.21,327
AMGN,2026-09-03,12:30,443.095,443.2,442.94,442.97,3484
AMGN,2026-09-03,12:31,443.05,443.33,443.03,443.33,1929
AMGN,2026-09-03,12:32,443.49,443.525,443.49,443.525,886
AMGN,2026-09-03,12:33,443.5382,443.7,443.5382,443.7,609
AMGN,2026-09-03,12:34,443.695,443.745,443.51,443.615,2746
AMGN,2026-09-03,12:35,443.75,443.83,443.75,443.75,1304
AMGN,2026-09-03,12:36,443.7814,443.82,443.77,443.79,3448
AMGN,2026-09-03,12:37,443.79,444.03,443.79,443.89,1017
AMGN,2026-09-03,12:38,443.96,444.02,443.96,444.02,947
AMGN,2026-09-03,12:39,444.01,444.04,443.98,444.03,1070
AMGN,2026-09-03,12:40,444.03,444.18,443.94,443.94,2971
AMGN,2026-09-03,12:41,443.935,443.99,443.915,443.935,2155
AMGN,2026-09-03,12:42,443.92,443.935,443.79,443.79,2266
AMGN,2026-09-03,12:43,443.71,443.71,443.41,443.44,1237
AMGN,2026-09-03,12:44,443.59,443.71,443.59,443.71,1327
AMGN,2026-09-03,12:45,443.715,443.81,443.715,443.78,1094
AMGN,2026-09-03,12:46,443.8,443.81,443.67,443.69,1522
AMGN,2026-09-03,12:47,443.68,443.83,443.68,443.83,997
AMGN,2026-09-03,12:48,443.8,443.8,443.72,443.785,857
AMGN,2026-09-03,12:49,443.785,443.9199,443.76,443.79,2203
AMGN,2026-09-03,12:50,443.71,443.765,443.69,443.765,1006
AMGN,2026-09-03,12:51,443.7,443.7,443.7,443.7,768
AMGN,2026-09-03,12:52,443.8,443.82,443.72,443.8,1698
AMGN,2026-09-03,12:53,443.896,443.91,443.82,443.91,650
AMGN,2026-09-03,12:54,443.85,444,443.82,443.82,5835
AMGN,2026-09-03,12:55,443.8,443.81,443.62,443.64,4040
AMGN,2026-09-03,12:56,443.78,443.78,443.4801,443.57,2019
AMGN,2026-09-03,12:57,443.6,443.78,443.57,443.57,1225
AMGN,2026-09-03,12:58,443.6338,443.6338,443.44,443.44,309
AMGN,2026-09-03,12:59,443.525,443.525,443.45,443.515,1252
AMGN,2026-09-03,13:00,443.4,443.42,443.4,443.4,1968
AMGN,2026-09-03,13:01,443.34,443.355,443.21,443.21,1168
AMGN,2026-09-03,13:02,443.32,443.34,443.25,443.33,2184
AMGN,2026-09-03,13:03,443.49,443.6,443.49,443.525,1778
AMGN,2026-09-03,13:04,443.6,443.67,443.58,443.58,813
AMGN,2026-09-03,13:05,443.62,443.73,443.51,443.7299,3833
AMGN,2026-09-03,13:06,443.78,443.78,443.44,443.44,2064
AMGN,2026-09-03,13:07,443.495,443.54,443.44,443.45,1429
AMGN,2026-09-03,13:08,443.5295,443.61,443.5295,443.61,1318
AMGN,2026-09-03,13:09,443.67,443.73,443.5501,443.66,1529
AMGN,2026-09-03,13:10,443.75,443.85,443.685,443.78,2228
AMGN,2026-09-03,13:11,443.74,443.74,443.545,443.545,3009
AMGN,2026-09-03,13:12,443.66,443.78,443.615,443.7,2546
AMGN,2026-09-03,13:13,443.77,443.78,443.7,443.78,668
AMGN,2026-09-03,13:14,443.705,443.8,443.705,443.8,834
AMGN,2026-09-03,13:15,443.75,443.75,443.675,443.675,1106
AMGN,2026-09-03,13:16,443.56,443.7,443.56,443.69,1510
AMGN,2026-09-03,13:17,443.695,443.84,443.695,443.765,929
AMGN,2026-09-03,13:18,443.85,443.91,443.77,443.91,1614
AMGN,2026-09-03,13:19,443.96,444.02,443.95,443.995,2276
AMGN,2026-09-03,13:20,444,444,443.865,443.87,1742
AMGN,2026-09-03,13:21,443.87,443.87,443.87,443.87,0
AMGN,2026-09-03,13:22,443.875,443.99,443.875,443.8851,1348
AMGN,2026-09-03,13:23,443.885,443.895,443.8,443.895,581
AMGN,2026-09-03,13:24,443.91,444.03,443.91,444.03,1198
AMGN,2026-09-03,13:25,443.995,443.995,443.91,443.91,1452
AMGN,2026-09-03,13:26,444.05,444.05,443.97,443.97,773
AMGN,2026-09-03,13:27,444.0799,444.0799,443.975,443.9825,711
AMGN,2026-09-03,13:28,443.945,444.1,443.945,444.065,985
AMGN,2026-09-03,13:29,444.18,444.18,444.07,444.07,1585
AMGN,2026-09-03,13:30,444.18,444.27,444.1001,444.27,1162
AMGN,2026-09-03,13:31,444.29,444.46,444.25,444.46,2298
AMGN,2026-09-03,13:32,444.42,444.51,444.39,444.3999,5167
AMGN,2026-09-03,13:33,444.41,444.435,444.38,444.4325,2435
AMGN,2026-09-03,13:34,444.33,444.425,444.33,444.425,190
AMGN,2026-09-03,13:35,444.435,444.48,444.35,444.35,2008
AMGN,2026-09-03,13:36,444.375,444.375,444.29,444.32,1050
AMGN,2026-09-03,13:37,444.3801,444.3801,444.29,444.29,2328
AMGN,2026-09-03,13:38,444.19,444.19,443.87,443.88,2071
AMGN,2026-09-03,13:39,444.01,444.06,443.79,443.81,6768
AMGN,2026-09-03,13:40,443.7705,443.815,443.72,443.815,1507
AMGN,2026-09-03,13:41,443.82,443.91,443.815,443.885,2571
AMGN,2026-09-03,13:42,443.875,443.875,443.575,443.575,3445
AMGN,2026-09-03,13:43,443.615,443.615,443.56,443.56,1371
AMGN,2026-09-03,13:44,443.67,443.68,443.6,443.615,2114
AMGN,2026-09-03,13:45,443.55,443.895,443.55,443.885,2146
AMGN,2026-09-03,13:46,443.88,443.88,443.79,443.81,798
AMGN,2026-09-03,13:47,443.835,443.84,443.835,443.84,394
AMGN,2026-09-03,13:48,443.78,443.95,443.778,443.81,2007
AMGN,2026-09-03,13:49,443.86,443.88,443.78,443.88,1470
AMGN,2026-09-03,13:50,443.9,443.92,443.73,443.73,2617
AMGN,2026-09-03,13:51,443.69,443.72,443.59,443.59,1077
AMGN,2026-09-03,13:52,443.75,443.78,443.58,443.58,1341
AMGN,2026-09-03,13:53,443.65,443.76,443.63,443.76,2155
AMGN,2026-09-03,13:54,443.79,443.8,443.79,443.8,853
AMGN,2026-09-03,13:55,443.84,443.84,443.66,443.66,1261
AMGN,2026-09-03,13:56,443.73,443.83,443.7,443.73,3091
AMGN,2026-09-03,13:57,443.715,443.7999,443.715,443.725,883
AMGN,2026-09-03,13:58,443.7,443.705,443.51,443.6,3609
AMGN,2026-09-03,13:59,443.595,443.73,443.53,443.73,1482
AMGN,2026-09-03,14:00,443.74,444,443.74,443.99,2179
AMGN,2026-09-03,14:01,443.955,444.13,443.915,444.13,5734
AMGN,2026-09-03,14:02,444.15,444.155,444.15,444.155,927
AMGN,2026-09-03,14:03,444.155,444.155,443.94,443.975,3885
AMGN,2026-09-03,14:04,444.025,444.025,443.86,443.86,725
AMGN,2026-09-03,14:05,443.715,443.715,443.715,443.715,3601
AMGN,2026-09-03,14:06,443.65,443.65,443.48,443.64,1560
AMGN,2026-09-03,14:07,443.54,443.54,443.54,443.54,53
AMGN,2026-09-03,14:08,443.54,443.54,443.54,443.54,0
AMGN,2026-09-03,14:09,443.54,443.54,443.54,443.54,0
AMGN,2026-09-03,14:10,443.52,443.6,443.52,443.6,5327
AMGN,2026-09-03,14:11,443.71,443.71,443.67,443.67,1034
AMGN,2026-09-03,14:12,443.73,443.73,443.56,443.56,2310
AMGN,2026-09-03,14:13,443.62,443.62,443.47,443.47,1054
AMGN,2026-09-03,14:14,443.4643,443.655,443.4643,443.655,1247
AMGN,2026-09-03,14:15,443.65,443.77,443.635,443.665,2698
AMGN,2026-09-03,14:16,443.66,443.665,443.46,443.46,1691
AMGN,2026-09-03,14:17,443.41,443.51,443.41,443.51,1017
AMGN,2026-09-03,14:18,443.47,443.57,443.465,443.465,1465
AMGN,2026-09-03,14:19,443.37,443.42,443.32,443.39,1532
AMGN,2026-09-03,14:20,443.46,443.46,443.3301,443.44,769
AMGN,2026-09-03,14:21,443.3904,443.3904,443.3904,443.3904,252
AMGN,2026-09-03,14:22,443.51,443.55,443.4365,443.465,2946
AMGN,2026-09-03,14:23,443.54,443.61,443.48,443.56,1929
AMGN,2026-09-03,14:24,443.555,443.555,443.5115,443.545,1437
AMGN,2026-09-03,14:25,443.61,443.65,443.57,443.58,2027
AMGN,2026-09-03,14:26,443.49,443.49,443.465,443.465,1066
AMGN,2026-09-03,14:27,443.55,443.77,443.55,443.77,2042
AMGN,2026-09-03,14:28,443.765,443.77,443.765,443.77,553
AMGN,2026-09-03,14:29,443.7001,443.72,443.6,443.6,1859
AMGN,2026-09-03,14:30,443.6407,443.74,443.6407,443.74,599
AMGN,2026-09-03,14:31,443.665,443.73,443.665,443.7068,633
AMGN,2026-09-03,14:32,443.63,443.725,443.63,443.72,3742
AMGN,2026-09-03,14:33,443.665,443.71,443.58,443.605,4990
AMGN,2026-09-03,14:34,443.61,443.61,443.58,443.58,654
AMGN,2026-09-03,14:35,443.62,443.62,443.475,443.56,2072
AMGN,2026-09-03,14:36,443.58,443.7,443.58,443.7,1279
AMGN,2026-09-03,14:37,443.8141,443.8141,443.73,443.73,2696
AMGN,2026-09-03,14:38,443.68,443.725,443.68,443.725,457
AMGN,2026-09-03,14:39,443.725,443.86,443.725,443.81,2140
AMGN,2026-09-03,14:40,443.75,443.775,443.72,443.775,2005
AMGN,2026-09-03,14:41,443.78,443.78,443.73,443.775,1848
AMGN,2026-09-03,14:42,443.77,443.835,443.74,443.74,3144
AMGN,2026-09-03,14:43,443.77,443.7999,443.73,443.73,2045
AMGN,2026-09-03,14:44,443.64,443.78,443.64,443.711,1395
AMGN,2026-09-03,14:45,443.79,443.79,443.72,443.74,1198
AMGN,2026-09-03,14:46,443.8,443.89,443.58,443.58,4871
AMGN,2026-09-03,14:47,443.52,443.52,443.52,443.52,697
AMGN,2026-09-03,14:48,443.51,443.51,443.44,443.495,720
AMGN,2026-09-03,14:49,443.5,443.5,443.42,443.465,1243
AMGN,2026-09-03,14:50,443.4,443.44,443.2946,443.44,2081
AMGN,2026-09-03,14:51,443.41,443.4991,443.39,443.39,1664
AMGN,2026-09-03,14:52,443.385,443.44,443.385,443.44,488
AMGN,2026-09-03,14:53,443.44,443.59,443.395,443.59,1809
AMGN,2026-09-03,14:54,443.7799,443.7799,443.64,443.74,2112
AMGN,2026-09-03,14:55,443.81,443.81,443.7812,443.805,1133
AMGN,2026-09-03,14:56,443.805,443.81,443.72,443.77,1702
AMGN,2026-09-03,14:57,443.77,443.77,443.64,443.64,1032
AMGN,2026-09-03,14:58,443.66,443.77,443.66,443.77,2204
AMGN,2026-09-03,14:59,443.82,443.93,443.82,443.9,1101
AMGN,2026-09-03,15:00,443.87,443.87,443.49,443.66,3713
AMGN,2026-09-03,15:01,443.62,443.665,443.58,443.665,1091
AMGN,2026-09-03,15:02,443.6,443.61,443.48,443.48,1282
AMGN,2026-09-03,15:03,443.58,443.595,443.42,443.42,2364
AMGN,2026-09-03,15:04,443.48,443.6,443.48,443.6,1374
AMGN,2026-09-03,15:05,443.43,443.48,443.305,443.305,4067
AMGN,2026-09-03,15:06,443.42,443.48,443.26,443.31,3253
AMGN,2026-09-03,15:07,443.19,443.35,443.19,443.275,940
AMGN,2026-09-03,15:08,443.35,443.39,443.325,443.325,1636
AMGN,2026-09-03,15:09,443.33,443.33,443.29,443.325,529
AMGN,2026-09-03,15:10,443.325,443.4086,443.23,443.23,6472
AMGN,2026-09-03,15:11,443.23,443.23,443.03,443.07,2651
AMGN,2026-09-03,15:12,443.11,443.11,443.0401,443.11,1332
AMGN,2026-09-03,15:13,443.11,443.38,442.97,443.37,3988
AMGN,2026-09-03,15:14,443.355,443.43,443.2,443.33,7449
AMGN,2026-09-03,15:15,443.335,443.375,443.22,443.36,2251
AMGN,2026-09-03,15:16,443.4,443.675,443.37,443.675,4597
AMGN,2026-09-03,15:17,443.675,443.675,443.46,443.46,1795
AMGN,2026-09-03,15:18,443.41,443.415,443.36,443.415,1530
AMGN,2026-09-03,15:19,443.43,443.47,443.31,443.31,2735
AMGN,2026-09-03,15:20,443.28,443.385,443.25,443.32,3191
AMGN,2026-09-03,15:21,443.35,443.4,443.31,443.315,2418
AMGN,2026-09-03,15:22,443.23,443.3,443.2,443.3,2165
AMGN,2026-09-03,15:23,443.2,443.39,443.08,443.08,2648
AMGN,2026-09-03,15:24,443.05,443.05,442.92,442.965,1878
AMGN,2026-09-03,15:25,442.96,443.3,442.955,443.3,4356
AMGN,2026-09-03,15:26,443.31,443.34,443.23,443.325,4716
AMGN,2026-09-03,15:27,443.39,443.46,443.32,443.32,2683
AMGN,2026-09-03,15:28,443.23,443.23,443.17,443.195,2330
AMGN,2026-09-03,15:29,443.27,443.31,443.27,443.31,2050
AMGN,2026-09-03,15:30,443.24,443.47,443.17,443.46,6500
AMGN,2026-09-03,15:31,443.38,443.4373,443.375,443.415,2239
AMGN,2026-09-03,15:32,443.415,443.42,443.305,443.305,2460
AMGN,2026-09-03,15:33,443.38,443.54,443.355,443.51,3180
AMGN,2026-09-03,15:34,443.52,443.56,443.47,443.47,1920
AMGN,2026-09-03,15:35,443.4364,443.695,443.4364,443.59,3305
AMGN,2026-09-03,15:36,443.5,443.81,443.5,443.805,3720
AMGN,2026-09-03,15:37,443.785,443.785,443.54,443.67,5535
AMGN,2026-09-03,15:38,443.67,443.67,443.62,443.62,1336
AMGN,2026-09-03,15:39,443.59,443.59,443.5136,443.585,4744
AMGN,2026-09-03,15:40,443.61,443.72,443.58,443.58,4001
AMGN,2026-09-03,15:41,443.54,443.585,443.49,443.49,3360
AMGN,2026-09-03,15:42,443.445,443.57,443.445,443.57,5668
AMGN,2026-09-03,15:43,443.63,443.7,443.61,443.7,3129
AMGN,2026-09-03,15:44,443.74,443.74,443.645,443.645,3767
AMGN,2026-09-03,15:45,443.66,443.73,443.56,443.62,4254
AMGN,2026-09-03,15:46,443.66,443.66,443.49,443.49,2673
AMGN,2026-09-03,15:47,443.545,443.545,443.33,443.45,4022
AMGN,2026-09-03,15:48,443.46,443.8,443.46,443.8,5648
AMGN,2026-09-03,15:49,443.78,443.92,443.78,443.88,6353
AMGN,2026-09-03,15:50,443.94,443.99,443.49,443.515,10381
AMGN,2026-09-03,15:51,443.515,443.61,443.515,443.6,10707
AMGN,2026-09-03,15:52,443.63,443.73,443.56,443.575,4380
AMGN,2026-09-03,15:53,443.575,443.945,443.56,443.9425,9637
AMGN,2026-09-03,15:54,443.93,444.44,443.86,444.15,10484
AMGN,2026-09-03,15:55,444.27,444.31,443.95,444.01,9198
AMGN,2026-09-03,15:56,443.96,444.35,443.955,444.27,9493
AMGN,2026-09-03,15:57,444.22,444.24,444.04,444.06,9746
AMGN,2026-09-03,15:58,444.055,444.1,443.85,443.97,20499
AMGN,2026-09-03,15:59,444,444.23,443.85,444.05,38125
AMGN,2026-09-03,16:00,444.12,444.12,444.12,444.12,0
AMGN,2026-09-04,09:30,435.007,439.29,435.007,439.29,27836
AMGN,2026-09-04,09:31,439.565,441.02,439.565,440.81,4954
AMGN,2026-09-04,09:32,440.92,441.43,440.92,441.43,4186
AMGN,2026-09-04,09:33,441.66,441.66,440.01,440.01,2178
AMGN,2026-09-04,09:34,439.67,439.72,438.585,438.585,2226
AMGN,2026-09-04,09:35,438.95,439.235,438.3958,438.87,4280
AMGN,2026-09-04,09:36,439.57,440.15,439.56,440.14,1860
AMGN,2026-09-04,09:37,440.44,440.68,440.02,440.32,7766
AMGN,2026-09-04,09:38,440.05,440.05,439.43,439.43,434
AMGN,2026-09-04,09:39,439.755,440.55,439.74,440.19,3676
AMGN,2026-09-04,09:40,440.1139,440.59,439.79,440.41,1894
AMGN,2026-09-04,09:41,440.475,440.475,439.79,439.79,4758
AMGN,2026-09-04,09:42,440.14,440.22,439.57,440.21,2374
AMGN,2026-09-04,09:43,440.015,440.015,440.015,440.015,115
AMGN,2026-09-04,09:44,439.9451,440.02,439.73,439.73,961
AMGN,2026-09-04,09:45,440.19,440.665,440.165,440.28,3308
AMGN,2026-09-04,09:46,440.255,440.92,440.255,440.92,1305
AMGN,2026-09-04,09:47,440.52,440.88,440.52,440.87,1003
AMGN,2026-09-04,09:48,440.67,440.74,440.3801,440.3801,1907
AMGN,2026-09-04,09:49,440.74,440.9499,440.38,440.38,1007
AMGN,2026-09-04,09:50,440.43,440.535,439.69,439.69,12743
AMGN,2026-09-04,09:51,439.67,439.67,439.625,439.625,746
AMGN,2026-09-04,09:52,439.3701,439.3701,438.81,439.02,1074
AMGN,2026-09-04,09:53,438.97,439.15,437.92,437.96,3186
AMGN,2026-09-04,09:54,437.84,438.072,437.84,437.9475,915
AMGN,2026-09-04,09:55,437.865,437.865,437.55,437.55,1709
AMGN,2026-09-04,09:56,437.65,438.1,437.65,437.83,1246
AMGN,2026-09-04,09:57,437.745,437.745,437.45,437.5799,860
AMGN,2026-09-04,09:58,437.61,437.95,437.37,437.38,3296
AMGN,2026-09-04,09:59,437.45,437.72,437.4,437.52,2605
AMGN,2026-09-04,10:00,437.52,438.42,437.49,438.39,6012
AMGN,2026-09-04,10:01,438.51,438.83,438,438.675,8658
AMGN,2026-09-04,10:02,438.7132,438.91,438.2,438.2,2181
AMGN,2026-09-04,10:03,437.935,437.95,437.57,437.81,1588
AMGN,2026-09-04,10:04,437.64,437.9428,437.64,437.72,1107
AMGN,2026-09-04,10:05,437.79,438.66,437.67,438.47,2528
AMGN,2026-09-04,10:06,438.04,438.34,438.02,438.17,2225
AMGN,2026-09-04,10:07,438.45,438.5,438.45,438.5,590
AMGN,2026-09-04,10:08,438.8499,438.895,438.75,438.75,1214
AMGN,2026-09-04,10:09,438.75,438.94,438.5101,438.7601,2035
AMGN,2026-09-04,10:10,438.755,438.91,438.59,438.75,3174
AMGN,2026-09-04,10:11,438.91,438.955,438.19,438.19,1444
AMGN,2026-09-04,10:12,438.7,438.865,438.4501,438.52,2516
AMGN,2026-09-04,10:13,438.41,438.707,438.41,438.707,1352
AMGN,2026-09-04,10:14,438.4,438.75,438.25,438.75,3143
AMGN,2026-09-04,10:15,438.83,438.99,438.68,438.68,2417
AMGN,2026-09-04,10:16,438.37,438.82,438.37,438.69,6782
AMGN,2026-09-04,10:17,438.1801,438.9799,438.1801,438.855,1219
AMGN,2026-09-04,10:18,438.35,438.6,438.03,438.135,5859
AMGN,2026-09-04,10:19,438.11,438.44,438.11,438.44,2924
AMGN,2026-09-04,10:20,438.78,438.87,438.265,438.2926,9816
AMGN,2026-09-04,10:21,438.405,438.5799,438.03,438.185,1127
AMGN,2026-09-04,10:22,438.3,438.48,438,438.37,3820
AMGN,2026-09-04,10:23,438.55,438.71,438.2401,438.635,2444
AMGN,2026-09-04,10:24,438.74,438.99,438.71,438.71,3234
AMGN,2026-09-04,10:25,438.39,438.53,438.32,438.53,5509
AMGN,2026-09-04,10:26,438.4,438.56,438.4,438.515,3268
AMGN,2026-09-04,10:27,438.48,438.48,438.45,438.45,771
AMGN,2026-09-04,10:28,438.54,438.59,438.25,438.33,2554
AMGN,2026-09-04,10:29,437.91,437.91,437.63,437.76,2062
AMGN,2026-09-04,10:30,437.93,438.18,437.7,438.11,2206
AMGN,2026-09-04,10:31,438.26,438.26,438.25,438.25,590
AMGN,2026-09-04,10:32,437.7901,438.39,437.7901,438.39,2026
AMGN,2026-09-04,10:33,438.55,438.7,438.3,438.7,1139
AMGN,2026-09-04,10:34,438.76,438.77,438.68,438.69,1312
AMGN,2026-09-04,10:35,438.47,438.47,438.03,438.04,2408
AMGN,2026-09-04,10:36,438.31,438.38,438.13,438.38,1735
AMGN,2026-09-04,10:37,438.36,438.4,438.06,438.06,1827
AMGN,2026-09-04,10:38,438.2399,438.2399,438.02,438.08,902
AMGN,2026-09-04,10:39,438.125,438.2399,437.78,438.005,1138
AMGN,2026-09-04,10:40,437.945,438.24,437.89,437.92,2172
AMGN,2026-09-04,10:41,437.87,437.87,437.21,437.21,2581
AMGN,2026-09-04,10:42,437.265,437.265,437.02,437.16,3285
AMGN,2026-09-04,10:43,437.16,437.275,437.16,437.27,1646
AMGN,2026-09-04,10:44,437.39,437.46,437.315,437.315,871
AMGN,2026-09-04,10:45,437.42,437.65,437.42,437.51,1412
AMGN,2026-09-04,10:46,437.52,437.52,437.33,437.33,2267
AMGN,2026-09-04,10:47,437.205,437.205,437,437.1342,1142
AMGN,2026-09-04,10:48,437.02,437.12,436.98,437.075,1491
AMGN,2026-09-04,10:49,437.1075,437.1075,436.79,436.94,1577
AMGN,2026-09-04,10:50,437.06,437.24,436.96,437.23,2211
AMGN,2026-09-04,10:51,437.44,437.465,437.44,437.4475,1225
AMGN,2026-09-04,10:52,437.27,437.54,437.27,437.28,1111
AMGN,2026-09-04,10:53,437.33,437.39,437.22,437.22,1316
AMGN,2026-09-04,10:54,437.25,437.58,437.22,437.365,5422
AMGN,2026-09-04,10:55,437.23,437.44,437.114,437.44,1370
AMGN,2026-09-04,10:56,437.5,437.5,437.335,437.335,1130
AMGN,2026-09-04,10:57,437.18,437.29,437.07,437.19,1104
AMGN,2026-09-04,10:58,437.16,437.38,437.16,437.38,2264
AMGN,2026-09-04,10:59,437.275,437.29,437.15,437.15,720
AMGN,2026-09-04,11:00,437.26,437.45,437.25,437.37,1456
AMGN,2026-09-04,11:01,437.37,437.63,437.37,437.49,3282
AMGN,2026-09-04,11:02,437.5,437.99,437.5,437.99,1702
AMGN,2026-09-04,11:03,437.93,437.93,437.67,437.91,2892
AMGN,2026-09-04,11:04,437.86,437.87,437.86,437.87,851
AMGN,2026-09-04,11:05,437.87,437.915,437.87,437.915,455
AMGN,2026-09-04,11:06,437.92,437.96,437.92,437.96,1740
AMGN,2026-09-04,11:07,438,438.0848,437.965,438,1726
AMGN,2026-09-04,11:08,437.86,437.93,437.65,437.81,2216
AMGN,2026-09-04,11:09,437.84,437.965,437.84,437.965,1063
AMGN,2026-09-04,11:10,437.965,437.965,437.815,437.815,1510
AMGN,2026-09-04,11:11,437.83,437.83,437.64,437.655,1193
AMGN,2026-09-04,11:12,437.52,437.75,437.52,437.74,1560
AMGN,2026-09-04,11:13,437.82,437.9402,437.72,437.91,903
AMGN,2026-09-04,11:14,437.88,437.95,437.72,437.95,4538
AMGN,2026-09-04,11:15,437.91,438.035,437.8,437.8,1570
AMGN,2026-09-04,11:16,437.8125,437.845,437.8125,437.845,247
AMGN,2026-09-04,11:17,437.95,437.95,437.65,437.82,2915
AMGN,2026-09-04,11:18,437.85,437.85,437.66,437.75,5941
AMGN,2026-09-04,11:19,437.78,437.86,437.78,437.82,2185
AMGN,2026-09-04,11:20,437.82,437.82,437.8125,437.8125,438
AMGN,2026-09-04,11:21,437.92,437.99,437.745,437.745,2894
AMGN,2026-09-04,11:22,437.91,437.9999,437.82,437.9999,441
AMGN,2026-09-04,11:23,437.82,437.835,437.82,437.83,764
AMGN,2026-09-04,11:24,437.845,437.845,437.845,437.845,1225
AMGN,2026-09-04,11:25,437.92,437.92,437.755,437.7895,2481
AMGN,2026-09-04,11:26,437.8074,437.85,437.79,437.85,756
AMGN,2026-09-04,11:27,437.78,437.795,437.77,437.79,1206
AMGN,2026-09-04,11:28,437.8699,437.8699,437.646,437.78,1372
AMGN,2026-09-04,11:29,437.81,437.99,437.81,437.83,1493
AMGN,2026-09-04,11:30,437.8025,437.81,437.8,437.8,543
AMGN,2026-09-04,11:31,437.89,437.91,437.72,437.81,2972
AMGN,2026-09-04,11:32,437.805,437.955,437.805,437.84,5018
AMGN,2026-09-04,11:33,437.903,438.1675,437.88,438.1125,1533
AMGN,2026-09-04,11:34,438.05,438.18,437.96,438.03,1906
AMGN,2026-09-04,11:35,438.19,438.19,438.19,438.19,529
AMGN,2026-09-04,11:36,438.15,438.43,438.1,438.2,2744
AMGN,2026-09-04,11:37,438.32,438.32,438.04,438.195,1018
AMGN,2026-09-04,11:38,438.19,438.4,438.19,438.345,1451
AMGN,2026-09-04,11:39,438.3356,438.49,438.3356,438.49,638
AMGN,2026-09-04,11:40,438.41,438.47,438.33,438.42,2275
AMGN,2026-09-04,11:41,438.46,438.59,438.41,438.59,862
AMGN,2026-09-04,11:42,438.546,438.87,438.546,438.825,1539
AMGN,2026-09-04,11:43,438.83,438.83,438.66,438.66,769
AMGN,2026-09-04,11:44,438.65,438.655,438.65,438.655,460
AMGN,2026-09-04,11:45,438.65,438.65,438.52,438.52,1666
AMGN,2026-09-04,11:46,438.52,438.57,438.475,438.57,690
AMGN,2026-09-04,11:47,438.51,438.59,438.51,438.59,1363
AMGN,2026-09-04,11:48,438.565,438.565,438.5,438.52,747
AMGN,2026-09-04,11:49,438.44,438.51,438.195,438.195,3732
AMGN,2026-09-04,11:50,438.23,438.385,438.04,438.385,5226
AMGN,2026-09-04,11:51,438.48,438.54,438.48,438.52,1277
AMGN,2026-09-04,11:52,438.56,438.65,438.56,438.65,1386
AMGN,2026-09-04,11:53,438.7,438.735,438.5475,438.555,2512
AMGN,2026-09-04,11:54,438.56,438.57,438.56,438.57,1029
AMGN,2026-09-04,11:55,438.57,438.57,438.57,438.57,0
AMGN,2026-09-04,11:56,438.59,438.59,438.46,438.55,3568
AMGN,2026-09-04,11:57,438.53,438.53,438.41,438.43,2301
AMGN,2026-09-04,11:58,438.355,438.355,438.3,438.355,1207
AMGN,2026-09-04,11:59,438.4,438.41,438.24,438.24,1977
AMGN,2026-09-04,12:00,438.26,438.26,438.015,438.13,2088
AMGN,2026-09-04,12:01,438.24,438.27,438.1299,438.1299,1759
AMGN,2026-09-04,12:02,438.18,438.32,438.03,438.32,1048
AMGN,2026-09-04,12:03,438.3675,438.47,438.26,438.47,2654
AMGN,2026-09-04,12:04,438.55,438.69,438.55,438.69,1313
AMGN,2026-09-04,12:05,438.72,438.72,438.48,438.48,1128
AMGN,2026-09-04,12:06,438.5058,438.5058,438.35,438.41,2467
AMGN,2026-09-04,12:07,438.41,438.71,438.41,438.71,4623
AMGN,2026-09-04,12:08,438.65,438.765,438.65,438.765,901
AMGN,2026-09-04,12:09,438.67,438.67,438.43,438.43,818
AMGN,2026-09-04,12:10,438.33,438.42,438.33,438.42,719
AMGN,2026-09-04,12:11,438.425,438.425,438.42,438.42,660
AMGN,2026-09-04,12:12,438.31,438.415,438.31,438.415,630
AMGN,2026-09-04,12:13,438.34,438.65,438.34,438.5,1354
AMGN,2026-09-04,12:14,438.52,438.57,438.42,438.57,807
AMGN,2026-09-04,12:15,438.43,438.43,437.98,438.04,2937
AMGN,2026-09-04,12:16,437.8403,438.06,437.8403,438.055,1108
AMGN,2026-09-04,12:17,438.06,438.07,437.785,437.9,3045
AMGN,2026-09-04,12:18,437.895,437.98,437.895,437.9315,1858
AMGN,2026-09-04,12:19,437.98,438.005,437.98,438.005,697
AMGN,2026-09-04,12:20,438.07,438.16,437.93,437.99,1784
AMGN,2026-09-04,12:21,438.09,438.145,438.03,438.09,790
AMGN,2026-09-04,12:22,438.17,438.17,438.11,438.11,933
AMGN,2026-09-04,12:23,438.16,438.2,438.02,438.11,2484
AMGN,2026-09-04,12:24,438.04,438.13,437.99,438.13,1318
AMGN,2026-09-04,12:25,438.045,438.27,438.045,438.105,2119
AMGN,2026-09-04,12:26,438.12,438.12,438.0805,438.115,1044
AMGN,2026-09-04,12:27,438.1737,438.1737,438.15,438.15,490
AMGN,2026-09-04,12:28,438.15,438.23,438.052,438.23,1601
AMGN,2026-09-04,12:29,438.14,438.1575,438.0001,438.075,3089
AMGN,2026-09-04,12:30,438.07,438.245,438.07,438.19,1988
AMGN,2026-09-04,12:31,438.14,438.18,438.04,438.05,1920
AMGN,2026-09-04,12:32,438.01,438.115,438.01,438.115,542
AMGN,2026-09-04,12:33,438.18,438.18,437.98,438.1,2709
AMGN,2026-09-04,12:34,438.09,438.09,438.09,438.09,564
AMGN,2026-09-04,12:35,438.07,438.15,437.995,437.995,3702
AMGN,2026-09-04,12:36,438.02,438.04,437.885,437.885,1143
AMGN,2026-09-04,12:37,437.94,437.97,437.87,437.875,790
AMGN,2026-09-04,12:38,437.95,437.95,437.68,437.8,3970
AMGN,2026-09-04,12:39,437.8,437.8,437.75,437.79,1766
AMGN,2026-09-04,12:40,437.87,437.87,437.77,437.81,1185
AMGN,2026-09-04,12:41,437.82,437.82,437.61,437.61,3919
AMGN,2026-09-04,12:42,437.74,437.81,437.74,437.74,1333
AMGN,2026-09-04,12:43,437.7,437.7455,437.7,437.7,865
AMGN,2026-09-04,12:44,437.7,437.79,437.6001,437.785,2071
AMGN,2026-09-04,12:45,437.78,437.875,437.74,437.84,4389
AMGN,2026-09-04,12:46,437.87,437.87,437.8,437.805,1319
AMGN,2026-09-04,12:47,437.85,437.89,437.71,437.715,3861
AMGN,2026-09-04,12:48,437.6851,437.74,437.6395,437.74,874
AMGN,2026-09-04,12:49,437.665,437.875,437.6401,437.79,2346
AMGN,2026-09-04,12:50,437.73,437.73,437.5,437.5,2167
AMGN,2026-09-04,12:51,437.36,437.5563,437.2959,437.54,1043
AMGN,2026-09-04,12:52,437.54,437.54,437.54,437.54,0
AMGN,2026-09-04,12:53,437.44,437.5068,437.395,437.395,1507
AMGN,2026-09-04,12:54,437.39,437.39,437.21,437.21,1678
AMGN,2026-09-04,12:55,437.34,437.44,437.34,437.42,1477
AMGN,2026-09-04,12:56,437.45,437.48,437.39,437.425,2433
AMGN,2026-09-04,12:57,437.5,437.55,437.14,437.1401,6624
AMGN,2026-09-04,12:58,437.31,437.31,437.095,437.095,1311
AMGN,2026-09-04,12:59,437.01,437.01,436.8,436.83,1936
AMGN,2026-09-04,13:00,436.775,436.88,436.74,436.88,4586
AMGN,2026-09-04,13:01,436.81,436.9199,436.81,436.9199,597
AMGN,2026-09-04,13:02,436.91,437.045,436.91,437.045,2657
AMGN,2026-09-04,13:03,437.08,437.08,436.89,436.89,3835
AMGN,2026-09-04,13:04,436.84,436.95,436.835,436.84,765
AMGN,2026-09-04,13:05,436.83,436.83,436.78,436.78,485
AMGN,2026-09-04,13:06,436.72,436.93,436.71,436.93,1280
AMGN,2026-09-04,13:07,436.88,436.96,436.88,436.96,724
AMGN,2026-09-04,13:08,436.96,436.97,436.85,436.85,2106
AMGN,2026-09-04,13:09,436.88,436.89,436.81,436.81,1028
AMGN,2026-09-04,13:10,436.815,436.89,436.8125,436.89,1005
AMGN,2026-09-04,13:11,436.87,436.96,436.65,436.695,6188
AMGN,2026-09-04,13:12,436.76,436.77,436.71,436.755,3032
AMGN,2026-09-04,13:13,436.805,436.895,436.7401,436.825,3073
AMGN,2026-09-04,13:14,436.87,436.91,436.775,436.82,2228
AMGN,2026-09-04,13:15,436.82,436.82,436.82,436.82,0
AMGN,2026-09-04,13:16,436.785,436.785,436.775,436.775,791
AMGN,2026-09-04,13:17,436.775,436.82,436.645,436.82,4455
AMGN,2026-09-04,13:18,436.77,436.77,436.65,436.7,767
AMGN,2026-09-04,13:19,436.76,436.83,436.64,436.82,3680
AMGN,2026-09-04,13:20,436.6138,436.6138,436.6138,436.6138,274
AMGN,2026-09-04,13:21,436.86,436.94,436.86,436.86,1818
AMGN,2026-09-04,13:22,436.848,436.848,436.848,436.848,439
AMGN,2026-09-04,13:23,436.73,436.73,436.58,436.58,2771
AMGN,2026-09-04,13:24,436.67,436.68,436.46,436.46,2198
AMGN,2026-09-04,13:25,436.54,436.57,436.485,436.485,1353
AMGN,2026-09-04,13:26,436.5,436.5,436.26,436.26,1870
AMGN,2026-09-04,13:27,436.21,436.29,436.18,436.29,3480
AMGN,2026-09-04,13:28,436.29,436.3699,436.29,436.3699,697
AMGN,2026-09-04,13:29,436.34,436.37,436.19,436.25,2888
AMGN,2026-09-04,13:30,436.3299,436.3299,436.12,436.12,5240
AMGN,2026-09-04,13:31,436.12,436.32,436.065,436.32,2027
AMGN,2026-09-04,13:32,436.32,436.62,436.32,436.62,1896
AMGN,2026-09-04,13:33,436.64,436.72,436.64,436.7,2341
AMGN,2026-09-04,13:34,436.6343,436.86,436.6343,436.86,1296
AMGN,2026-09-04,13:35,436.925,436.96,436.82,436.96,2870
AMGN,2026-09-04,13:36,436.88,436.89,436.85,436.851,1171
AMGN,2026-09-04,13:37,436.87,436.88,436.72,436.88,2264
AMGN,2026-09-04,13:38,436.97,437.03,436.97,436.985,1055
AMGN,2026-09-04,13:39,436.97,437.07,436.97,437.07,1049
AMGN,2026-09-04,13:40,436.97,436.97,436.85,436.85,1890
AMGN,2026-09-04,13:41,436.98,436.98,436.98,436.98,348
AMGN,2026-09-04,13:42,437,437.08,436.9301,437.01,3439
AMGN,2026-09-04,13:43,436.95,436.95,436.95,436.95,2881
AMGN,2026-09-04,13:44,437.04,437.2,436.955,437.2,1375
AMGN,2026-09-04,13:45,437.08,437.08,436.87,436.98,759
AMGN,2026-09-04,13:46,437,437.13,437,437.115,1932
AMGN,2026-09-04,13:47,437.1,437.18,437.08,437.18,767
AMGN,2026-09-04,13:48,437.2,437.2,437.07,437.07,2070
AMGN,2026-09-04,13:49,437.145,437.145,437.145,437.145,211
AMGN,2026-09-04,13:50,437.08,437.29,437.08,437.29,3107
AMGN,2026-09-04,13:51,437.2595,437.3,437.2595,437.3,357
AMGN,2026-09-04,13:52,437.31,437.51,437.295,437.51,1325
AMGN,2026-09-04,13:53,437.49,437.545,437.355,437.355,2480
AMGN,2026-09-04,13:54,437.39,437.41,437.39,437.39,996
AMGN,2026-09-04,13:55,437.38,437.46,437.2401,437.2401,1423
AMGN,2026-09-04,13:56,437.36,437.45,437.34,437.36,1152
AMGN,2026-09-04,13:57,437.4,437.405,437.3,437.32,2047
AMGN,2026-09-04,13:58,437.34,437.37,437.26,437.26,1261
AMGN,2026-09-04,13:59,437.25,437.275,437.22,437.22,1367
AMGN,2026-09-04,14:00,437.23,437.4,437.23,437.315,1322
AMGN,2026-09-04,14:01,437.2,437.2,437.13,437.13,1012
AMGN,2026-09-04,14:02,437.05,437.2,437.04,437.2,1666
AMGN,2026-09-04,14:03,437.22,437.33,437.15,437.33,1917
AMGN,2026-09-04,14:04,437.225,437.32,437.22,437.275,1478
AMGN,2026-09-04,14:05,437.275,437.28,437.22,437.22,2157
AMGN,2026-09-04,14:06,437.26,437.33,437.25,437.33,1636
AMGN,2026-09-04,14:07,437.36,437.36,437.36,437.36,224
AMGN,2026-09-04,14:08,437.33,437.42,437.33,437.33,1157
AMGN,2026-09-04,14:09,437.36,437.505,437.295,437.505,3060
AMGN,2026-09-04,14:10,437.51,437.66,437.48,437.57,2808
AMGN,2026-09-04,14:11,437.62,437.675,437.45,437.5648,3336
AMGN,2026-09-04,14:12,437.53,437.53,437.47,437.53,935
AMGN,2026-09-04,14:13,437.53,437.53,437.24,437.24,3618
AMGN,2026-09-04,14:14,437.2,437.2,437.14,437.14,2321
AMGN,2026-09-04,14:15,437.145,437.145,436.81,436.81,3968
AMGN,2026-09-04,14:16,436.695,436.91,436.695,436.9,1890
AMGN,2026-09-04,14:17,436.87,436.9,436.87,436.9,324
AMGN,2026-09-04,14:18,436.855,436.875,436.855,436.875,228
AMGN,2026-09-04,14:19,436.905,436.92,436.875,436.88,1372
AMGN,2026-09-04,14:20,436.95,436.99,436.825,436.9,4440
AMGN,2026-09-04,14:21,436.895,436.96,436.89,436.89,1608
AMGN,2026-09-04,14:22,436.9,436.92,436.7613,436.86,1458
AMGN,2026-09-04,14:23,436.84,436.84,436.69,436.69,643
AMGN,2026-09-04,14:24,436.75,436.81,436.64,436.8099,1889
AMGN,2026-09-04,14:25,436.67,436.81,436.67,436.81,571
AMGN,2026-09-04,14:26,436.7316,436.7316,436.59,436.73,2623
AMGN,2026-09-04,14:27,436.69,436.78,436.62,436.78,1346
AMGN,2026-09-04,14:28,436.71,436.75,436.64,436.75,411
AMGN,2026-09-04,14:29,436.73,436.76,436.55,436.57,2364
AMGN,2026-09-04,14:30,436.64,436.68,436.575,436.58,1728
AMGN,2026-09-04,14:31,436.65,436.65,436.385,436.52,3577
AMGN,2026-09-04,14:32,436.55,436.7,436.49,436.7,1443
AMGN,2026-09-04,14:33,436.635,436.69,436.635,436.69,310
AMGN,2026-09-04,14:34,436.68,436.9,436.68,436.9,1668
AMGN,2026-09-04,14:35,436.79,436.835,436.75,436.78,2322
AMGN,2026-09-04,14:36,436.745,436.82,436.58,436.745,3000
AMGN,2026-09-04,14:37,436.88,436.915,436.82,436.86,951
AMGN,2026-09-04,14:38,436.845,436.845,436.845,436.845,181
AMGN,2026-09-04,14:39,436.91,436.92,436.85,436.86,2733
AMGN,2026-09-04,14:40,436.87,436.91,436.81,436.81,1935
AMGN,2026-09-04,14:41,436.81,436.88,436.7,436.8484,2618
AMGN,2026-09-04,14:42,436.74,436.805,436.74,436.805,833
AMGN,2026-09-04,14:43,436.78,436.86,436.745,436.745,1647
AMGN,2026-09-04,14:44,436.78,436.79,436.7101,436.7101,1007
AMGN,2026-09-04,14:45,436.78,436.85,436.78,436.79,1704
AMGN,2026-09-04,14:46,436.8,436.89,436.8,436.89,1550
AMGN,2026-09-04,14:47,436.93,436.94,436.78,436.78,1755
AMGN,2026-09-04,14:48,436.86,436.86,436.86,436.86,396
AMGN,2026-09-04,14:49,436.88,436.925,436.71,436.78,2850
AMGN,2026-09-04,14:50,436.93,436.95,436.88,436.88,1138
AMGN,2026-09-04,14:51,436.9,436.92,436.76,436.92,2356
AMGN,2026-09-04,14:52,436.905,436.905,436.85,436.85,546
AMGN,2026-09-04,14:53,436.94,436.95,436.93,436.93,813
AMGN,2026-09-04,14:54,436.855,436.855,436.855,436.855,523
AMGN,2026-09-04,14:55,436.92,436.93,436.84,436.85,1653
AMGN,2026-09-04,14:56,436.85,436.94,436.85,436.91,5199
AMGN,2026-09-04,14:57,436.915,436.945,436.815,436.91,2740
AMGN,2026-09-04,14:58,436.9,436.9,436.81,436.9,1229
AMGN,2026-09-04,14:59,436.89,437.05,436.87,437.015,3241
AMGN,2026-09-04,15:00,436.98,437.05,436.92,436.92,1752
AMGN,2026-09-04,15:01,436.92,437.18,436.875,437.145,3494
AMGN,2026-09-04,15:02,437.145,437.145,436.895,436.96,2680
AMGN,2026-09-04,15:03,437,437,436.86,436.88,2340
AMGN,2026-09-04,15:04,436.9798,436.9798,436.81,436.83,2395
AMGN,2026-09-04,15:05,436.8,436.83,436.68,436.68,3176
AMGN,2026-09-04,15:06,436.64,436.695,436.5501,436.65,2296
AMGN,2026-09-04,15:07,436.695,437.14,436.695,437.13,2347
AMGN,2026-09-04,15:08,437.125,437.125,437.05,437.05,1272
AMGN,2026-09-04,15:09,436.97,437.04,436.79,437.04,2728
AMGN,2026-09-04,15:10,437.0062,437.0062,436.9,436.915,1341
AMGN,2026-09-04,15:11,436.915,436.915,436.915,436.915,931
AMGN,2026-09-04,15:12,436.92,436.96,436.86,436.9099,2555
AMGN,2026-09-04,15:13,436.91,436.99,436.89,436.94,1955
AMGN,2026-09-04,15:14,436.91,436.95,436.85,436.85,1715
AMGN,2026-09-04,15:15,436.865,436.9,436.86,436.86,2590
AMGN,2026-09-04,15:16,436.82,436.96,436.82,436.865,1960
AMGN,2026-09-04,15:17,436.9,436.93,436.81,436.81,2013
AMGN,2026-09-04,15:18,436.86,436.96,436.78,436.78,1890
AMGN,2026-09-04,15:19,436.83,437.03,436.83,436.9801,1968
AMGN,2026-09-04,15:20,437.05,437.14,437,437.14,4023
AMGN,2026-09-04,15:21,437.15,437.185,436.74,436.74,3702
AMGN,2026-09-04,15:22,436.78,436.78,436.78,436.78,763
AMGN,2026-09-04,15:23,436.87,436.8725,436.78,436.81,846
AMGN,2026-09-04,15:24,436.79,436.8995,436.77,436.8995,1701
AMGN,2026-09-04,15:25,436.825,436.89,436.75,436.78,3068
AMGN,2026-09-04,15:26,436.9,436.9,436.9,436.9,428
AMGN,2026-09-04,15:27,436.96,437.03,436.955,437.025,2555
AMGN,2026-09-04,15:28,437.04,437.095,437.01,437.095,2026
AMGN,2026-09-04,15:29,437.1,437.15,437.06,437.115,4179
AMGN,2026-09-04,15:30,436.94,437.25,436.91,437.25,2794
AMGN,2026-09-04,15:31,437.23,437.23,437.01,437.08,3176
AMGN,2026-09-04,15:32,437.08,437.1299,436.96,437.1,1466
AMGN,2026-09-04,15:33,437.02,437.09,437,437.09,1671
AMGN,2026-09-04,15:34,437.035,437.1,436.92,437.04,3058
AMGN,2026-09-04,15:35,437.04,437.2,437.04,437.2,2053
AMGN,2026-09-04,15:36,437.21,437.21,437.04,437.15,2479
AMGN,2026-09-04,15:37,437.175,437.175,437.0589,437.115,1064
AMGN,2026-09-04,15:38,437.115,437.17,437.02,437.17,2747
AMGN,2026-09-04,15:39,437.19,437.19,436.98,437.01,2864
AMGN,2026-09-04,15:40,436.94,437.08,436.94,437.075,5117
AMGN,2026-09-04,15:41,437.075,437.075,436.935,437.03,2994
AMGN,2026-09-04,15:42,436.99,437.0499,436.87,436.95,3703
AMGN,2026-09-04,15:43,436.945,436.96,436.93,436.93,1963
AMGN,2026-09-04,15:44,436.93,437.02,436.915,437.015,3082
AMGN,2026-09-04,15:45,437.05,437.05,436.74,436.81,5289
AMGN,2026-09-04,15:46,436.81,436.89,436.76,436.76,2921
AMGN,2026-09-04,15:47,436.805,437.03,436.805,436.9101,2757
AMGN,2026-09-04,15:48,437.02,437.03,436.92,436.95,2672
AMGN,2026-09-04,15:49,437.03,437.04,436.94,436.94,2426
AMGN,2026-09-04,15:50,436.93,437.23,436.91,437.2,12047
AMGN,2026-09-04,15:51,437.16,437.24,437.06,437.16,6736
AMGN,2026-09-04,15:52,437.215,437.37,437.205,437.34,4526
AMGN,2026-09-04,15:53,437.34,437.37,437.11,437.37,11902
AMGN,2026-09-04,15:54,437.38,437.945,437.34,437.89,18872
AMGN,2026-09-04,15:55,437.98,437.99,437.36,437.41,10039
AMGN,2026-09-04,15:56,437.45,437.47,437.15,437.47,9783
AMGN,2026-09-04,15:57,437.45,437.73,437.32,437.46,22128
AMGN,2026-09-04,15:58,437.49,437.52,437.06,437.18,29898
AMGN,2026-09-04,15:59,437.13,437.31,437.01,437.23,47057
AMGN,2026-09-04,16:00,437.23,437.23,437.23,437.23,0
AMGN,2026-09-08,09:30,408.9,410.025,405,405.13,289374
AMGN,2026-09-08,09:31,405.67,408.25,404.26,405.965,42148
AMGN,2026-09-08,09:32,405.4,405.5975,399.95,401.2,41721
AMGN,2026-09-08,09:33,401.61,403.02,399.68,400.96,37142
AMGN,2026-09-08,09:34,401.34,403.74,400.9601,403.29,39544
AMGN,2026-09-08,09:35,402.51,404.58,401.795,404.58,25722
AMGN,2026-09-08,09:36,404.615,405.4,403.58,404.48,21258
AMGN,2026-09-08,09:37,404.275,404.95,403.12,404.95,31180
AMGN,2026-09-08,09:38,405.08,405.99,404.77,405.81,22530
AMGN,2026-09-08,09:39,405.81,406.29,405.011,406.065,29878
AMGN,2026-09-08,09:40,406.1124,406.1124,405.08,405.4168,17192
AMGN,2026-09-08,09:41,405.2,405.66,404.01,405.66,30088
AMGN,2026-09-08,09:42,405.65,407.48,405.5201,407.3999,21623
AMGN,2026-09-08,09:43,407.4,407.54,406.53,406.945,21334
AMGN,2026-09-08,09:44,407.005,407.52,406.66,407.04,40790
AMGN,2026-09-08,09:45,407.13,407.13,405.94,406.65,15424
AMGN,2026-09-08,09:46,406.555,407.485,406.5501,407.33,19460
AMGN,2026-09-08,09:47,407.33,407.33,406,406.32,15468
AMGN,2026-09-08,09:48,406.14,406.72,405.8214,406.72,11045
AMGN,2026-09-08,09:49,406.28,406.73,405.12,405.99,18565
AMGN,2026-09-08,09:50,405.7865,406.66,405.5025,406.37,10196
AMGN,2026-09-08,09:51,406.205,406.65,405.92,406.62,11767
AMGN,2026-09-08,09:52,406.62,406.75,406.23,406.615,13159
AMGN,2026-09-08,09:53,406.82,406.93,406,406.264,19363
AMGN,2026-09-08,09:54,406.325,406.53,405.3301,405.89,13860
AMGN,2026-09-08,09:55,406.035,406.07,403.88,404.14,18823
AMGN,2026-09-08,09:56,404.3201,404.59,403.84,404.4199,8117
AMGN,2026-09-08,09:57,404.22,404.85,404.1,404.85,9033
AMGN,2026-09-08,09:58,404.8,405.2,404.64,404.65,10485
AMGN,2026-09-08,09:59,404.24,404.25,402.89,403.42,36481
AMGN,2026-09-08,10:00,403.6,404.21,403.42,403.975,12802
AMGN,2026-09-08,10:01,403.91,404.28,402.66,402.76,16671
AMGN,2026-09-08,10:02,402.76,402.76,401.4875,401.4975,31491
AMGN,2026-09-08,10:03,401.435,401.6599,401.05,401.19,12664
AMGN,2026-09-08,10:04,401.21,402.25,401,402.08,30005
AMGN,2026-09-08,10:05,402.03,403.84,401.94,403.65,19123
AMGN,2026-09-08,10:06,403.65,403.65,402.9,403.025,6445
AMGN,2026-09-08,10:07,402.8,403.13,402.45,402.605,17408
AMGN,2026-09-08,10:08,402.6,402.6,401.79,401.79,8205
AMGN,2026-09-08,10:09,401.785,402.15,401.745,401.76,8429
AMGN,2026-09-08,10:10,401.65,401.65,400.665,401.36,13675
AMGN,2026-09-08,10:11,401.36,401.36,400.85,400.87,8107
AMGN,2026-09-08,10:12,400.865,401.1345,400.3,400.62,8476
AMGN,2026-09-08,10:13,400.72,400.95,400.4,400.95,7507
AMGN,2026-09-08,10:14,400.795,401.5,400.795,400.99,12910
AMGN,2026-09-08,10:15,401,401.34,400.5,400.5,7619
AMGN,2026-09-08,10:16,400.55,400.55,399.68,399.92,51135
AMGN,2026-09-08,10:17,399.845,400.03,398.73,399.41,36200
AMGN,2026-09-08,10:18,399.4,400.215,399.4,399.8,23686
AMGN,2026-09-08,10:19,399.9812,399.9812,399.35,399.55,14464
AMGN,2026-09-08,10:20,399.5,399.61,398.915,399.18,20901
AMGN,2026-09-08,10:21,399.18,399.495,399.02,399.02,10307
AMGN,2026-09-08,10:22,399.15,399.39,398.985,399.14,11512
AMGN,2026-09-08,10:23,399.145,399.145,398.591,398.647,16582
AMGN,2026-09-08,10:24,398.715,398.99,398.4506,398.6,11970
AMGN,2026-09-08,10:25,398.6301,398.6301,398.23,398.496,19905
AMGN,2026-09-08,10:26,398.43,398.7018,398.19,398.57,10270
AMGN,2026-09-08,10:27,398.75,398.82,398.235,398.36,15927
AMGN,2026-09-08,10:28,398.355,398.45,397.62,397.79,11642
AMGN,2026-09-08,10:29,397.64,397.805,396.8901,397.3108,24374
AMGN,2026-09-08,10:30,397.33,398.1285,397.02,397.77,18425
AMGN,2026-09-08,10:31,397.77,397.89,397.355,397.865,8274
AMGN,2026-09-08,10:32,398.02,398.46,397.455,397.75,11488
AMGN,2026-09-08,10:33,397.8,397.9,397.185,397.185,12753
AMGN,2026-09-08,10:34,397.13,397.21,396.79,396.9,22435
AMGN,2026-09-08,10:35,396.83,397.68,396.63,397.53,31416
AMGN,2026-09-08,10:36,397.58,397.69,396.8,396.883,8868
AMGN,2026-09-08,10:37,396.895,396.9975,396.6114,396.73,19931
AMGN,2026-09-08,10:38,396.73,396.94,395.5,395.86,35858
AMGN,2026-09-08,10:39,395.86,396.91,395.86,396.2,25669
AMGN,2026-09-08,10:40,396.325,396.88,396.315,396.655,12118
AMGN,2026-09-08,10:41,396.42,397.12,396.42,397.12,10428
AMGN,2026-09-08,10:42,397.145,398.32,397.145,397.9,17176
AMGN,2026-09-08,10:43,397.77,398.07,397.335,397.44,9300
AMGN,2026-09-08,10:44,397.495,398.4264,397.495,398.1701,9606
AMGN,2026-09-08,10:45,398.165,398.165,397.9,397.98,5280
AMGN,2026-09-08,10:46,397.905,398.35,397.74,398.06,12837
AMGN,2026-09-08,10:47,397.96,398.16,397.801,397.835,6152
AMGN,2026-09-08,10:48,397.835,397.86,397.14,397.1404,9689
AMGN,2026-09-08,10:49,397.255,397.69,397.15,397.66,14859
AMGN,2026-09-08,10:50,397.505,397.845,397.34,397.8,8242
AMGN,2026-09-08,10:51,397.74,398.055,397.5,397.975,8555
AMGN,2026-09-08,10:52,398.0146,398.0146,397.7,397.82,4354
AMGN,2026-09-08,10:53,397.82,398.04,397.405,397.74,5675
AMGN,2026-09-08,10:54,397.74,397.91,397.6,397.91,2798
AMGN,2026-09-08,10:55,397.91,397.96,397.65,397.65,5106
AMGN,2026-09-08,10:56,397.51,398.24,397.51,398.125,10668
AMGN,2026-09-08,10:57,398.125,398.125,397.72,397.78,9508
AMGN,2026-09-08,10:58,397.83,397.845,397.17,397.17,4896
AMGN,2026-09-08,10:59,397.18,397.32,396.72,397.005,10298
AMGN,2026-09-08,11:00,396.985,397.35,396.83,397.22,10029
AMGN,2026-09-08,11:01,397.285,397.45,397.17,397.36,6618
AMGN,2026-09-08,11:02,397.37,397.72,397.2701,397.6225,3682
AMGN,2026-09-08,11:03,397.69,398.1733,397.65,398.1733,14462
AMGN,2026-09-08,11:04,398.14,398.14,397.65,397.765,3971
AMGN,2026-09-08,11:05,397.7798,397.863,397.605,397.67,4578
AMGN,2026-09-08,11:06,397.67,398.16,397.67,397.88,9426
AMGN,2026-09-08,11:07,397.88,397.88,397.63,397.63,4066
AMGN,2026-09-08,11:08,397.61,397.61,397.16,397.4099,7489
AMGN,2026-09-08,11:09,397.305,397.54,397.305,397.445,5943
AMGN,2026-09-08,11:10,397.45,397.4642,397.025,397.0575,6834
AMGN,2026-09-08,11:11,396.96,397.19,396.75,396.88,11126
AMGN,2026-09-08,11:12,396.83,396.83,396.0491,396.58,14573
AMGN,2026-09-08,11:13,396.65,396.66,396.2313,396.315,6459
AMGN,2026-09-08,11:14,396.25,396.33,395.85,395.9,6730
AMGN,2026-09-08,11:15,395.96,396.13,395.84,396.07,11467
AMGN,2026-09-08,11:16,396.08,396.17,395.79,395.82,7416
AMGN,2026-09-08,11:17,395.91,395.94,395.6313,395.69,8122
AMGN,2026-09-08,11:18,395.81,396.3199,395.805,396.05,12264
AMGN,2026-09-08,11:19,396.07,396.7195,396.05,396.58,10923
AMGN,2026-09-08,11:20,396.415,397.2,396.415,397.2,11555
AMGN,2026-09-08,11:21,397.025,397.2,396.3,396.325,7832
AMGN,2026-09-08,11:22,396.385,396.42,395.91,396.14,10772
AMGN,2026-09-08,11:23,396.095,396.3499,395.65,395.735,6435
AMGN,2026-09-08,11:24,395.725,396.82,395.615,396.65,16327
AMGN,2026-09-08,11:25,396.65,396.65,396.37,396.45,8661
AMGN,2026-09-08,11:26,396.45,396.54,395.9043,396.255,17392
AMGN,2026-09-08,11:27,396.255,396.8,396.255,396.8,8587
AMGN,2026-09-08,11:28,396.8,396.97,396.395,396.445,16094
AMGN,2026-09-08,11:29,396.46,396.61,395.89,396.075,4512
AMGN,2026-09-08,11:30,395.9,395.9,395.3,395.51,20961
AMGN,2026-09-08,11:31,395.51,396.16,395.51,395.85,12072
AMGN,2026-09-08,11:32,395.82,395.94,395.49,395.635,4854
AMGN,2026-09-08,11:33,395.7481,395.7481,395.5,395.515,2660
AMGN,2026-09-08,11:34,395.515,395.78,395.48,395.78,5610
AMGN,2026-09-08,11:35,395.67,395.73,395.26,395.57,14004
AMGN,2026-09-08,11:36,395.56,395.7066,395.56,395.705,4686
AMGN,2026-09-08,11:37,395.81,395.84,395.535,395.62,7484
AMGN,2026-09-08,11:38,395.51,395.9,395.51,395.86,4399
AMGN,2026-09-08,11:39,395.76,395.76,395.5,395.5,4336
AMGN,2026-09-08,11:40,395.37,395.38,394.645,394.65,10793
AMGN,2026-09-08,11:41,394.85,395.24,394.85,395.24,4424
AMGN,2026-09-08,11:42,395.46,395.5895,395.3,395.4001,3263
AMGN,2026-09-08,11:43,395.4826,395.4826,394.975,395.1186,6508
AMGN,2026-09-08,11:44,395.1422,395.1422,394.81,394.9811,4387
AMGN,2026-09-08,11:45,394.935,395.54,394.89,395.508,5941
AMGN,2026-09-08,11:46,395.36,395.66,395.25,395.37,7637
AMGN,2026-09-08,11:47,395.37,395.9564,395.3626,395.6801,7107
AMGN,2026-09-08,11:48,395.8128,396.33,395.6801,396.275,6337
AMGN,2026-09-08,11:49,396.3,396.64,395.99,396.025,19762
AMGN,2026-09-08,11:50,396.1499,396.1499,395.76,396.035,7770
AMGN,2026-09-08,11:51,396.08,396.21,396,396.02,6033
AMGN,2026-09-08,11:52,395.96,395.96,395.365,395.51,14784
AMGN,2026-09-08,11:53,395.62,395.68,395.3101,395.4792,5184
AMGN,2026-09-08,11:54,395.395,395.395,394.7,394.755,10192
AMGN,2026-09-08,11:55,394.81,395.4299,394.64,395.297,12076
AMGN,2026-09-08,11:56,395.255,395.66,395.19,395.5,9398
AMGN,2026-09-08,11:57,395.36,395.47,395.3,395.37,3588
AMGN,2026-09-08,11:58,395.44,395.44,395.16,395.29,4473
AMGN,2026-09-08,11:59,395.23,395.23,395,395.12,4124
AMGN,2026-09-08,12:00,395.105,395.42,395.07,395.18,5849
AMGN,2026-09-08,12:01,395.175,395.3,395,395.115,6577
AMGN,2026-09-08,12:02,395.17,395.17,394.56,394.85,23878
AMGN,2026-09-08,12:03,394.75,395.2099,394.73,395.2099,6944
AMGN,2026-09-08,12:04,395.1,395.1199,394.9201,395.02,4659
AMGN,2026-09-08,12:05,395.09,395.29,394.52,394.735,13345
AMGN,2026-09-08,12:06,394.6,394.89,394.58,394.775,6984
AMGN,2026-09-08,12:07,394.66,394.96,394.6,394.73,4396
AMGN,2026-09-08,12:08,394.91,394.91,394.65,394.66,2373
AMGN,2026-09-08,12:09,394.5401,394.655,394.45,394.55,4740
AMGN,2026-09-08,12:10,394.545,394.706,394.44,394.44,5634
AMGN,2026-09-08,12:11,394.5,394.59,394.2301,394.38,7684
AMGN,2026-09-08,12:12,394.51,394.55,394.35,394.38,13724
AMGN,2026-09-08,12:13,394.27,394.44,394.22,394.385,6487
AMGN,2026-09-08,12:14,394.3007,394.36,394.1,394.32,5640
AMGN,2026-09-08,12:15,394.235,394.35,394.02,394.15,6018
AMGN,2026-09-08,12:16,394.2,394.2,393.96,393.98,11374
AMGN,2026-09-08,12:17,394.06,394.14,393.97,394.0701,2316
AMGN,2026-09-08,12:18,394,394.1392,393.64,393.64,13354
AMGN,2026-09-08,12:19,393.65,393.99,393.63,393.945,9458
AMGN,2026-09-08,12:20,393.945,394.0099,393.26,393.45,22468
AMGN,2026-09-08,12:21,393.27,394.45,393.11,394.225,47699
AMGN,2026-09-08,12:22,394.29,394.755,394.0636,394.695,19107
AMGN,2026-09-08,12:23,394.705,395.6299,394.7,395.2608,7433
AMGN,2026-09-08,12:24,395.28,395.63,395.22,395.44,8088
AMGN,2026-09-08,12:25,395.41,395.49,394.93,395.125,13518
AMGN,2026-09-08,12:26,395.125,395.62,395,395.62,11439
AMGN,2026-09-08,12:27,395.61,396.05,395.61,396.05,9575
AMGN,2026-09-08,12:28,395.925,396.11,395.52,395.65,6370
AMGN,2026-09-08,12:29,395.51,395.76,395.41,395.695,7912
AMGN,2026-09-08,12:30,395.62,395.7,395.1417,395.4585,9745
AMGN,2026-09-08,12:31,395.595,395.75,395.1286,395.1286,8582
AMGN,2026-09-08,12:32,395.15,395.21,393.4739,393.66,48947
AMGN,2026-09-08,12:33,393.66,394.11,393.655,393.91,12663
AMGN,2026-09-08,12:34,393.8775,394.0699,393.2645,394,13986
AMGN,2026-09-08,12:35,394,394.3999,393.6501,393.795,13098
AMGN,2026-09-08,12:36,393.73,393.84,393.3904,393.68,9972
AMGN,2026-09-08,12:37,393.51,393.61,393.25,393.25,6557
AMGN,2026-09-08,12:38,393.23,393.315,392.99,392.995,10361
AMGN,2026-09-08,12:39,392.95,393.1398,392.64,392.83,10827
AMGN,2026-09-08,12:40,392.795,393.435,392.775,393.34,11633
AMGN,2026-09-08,12:41,393.275,393.389,393.05,393.165,5006
AMGN,2026-09-08,12:42,393,393.02,392.71,392.78,6674
AMGN,2026-09-08,12:43,392.785,393.15,392.543,392.7701,7888
AMGN,2026-09-08,12:44,392.77,392.91,392.02,392.08,8709
AMGN,2026-09-08,12:45,392.07,393.38,392.02,393.17,17431
AMGN,2026-09-08,12:46,393.27,393.6473,393.06,393.485,11365
AMGN,2026-09-08,12:47,393.55,393.875,393.55,393.85,6387
AMGN,2026-09-08,12:48,393.85,393.93,393.62,393.91,6867
AMGN,2026-09-08,12:49,393.91,393.91,393.66,393.7815,8494
AMGN,2026-09-08,12:50,393.69,393.98,393.3878,393.98,10884
AMGN,2026-09-08,12:51,394.12,394.32,394.015,394.32,6961
AMGN,2026-09-08,12:52,394.25,394.43,394.21,394.43,5372
AMGN,2026-09-08,12:53,394.46,394.8,394.4546,394.7656,3455
AMGN,2026-09-08,12:54,394.74,394.85,394.18,394.38,8862
AMGN,2026-09-08,12:55,394.29,394.54,394.29,394.47,5367
AMGN,2026-09-08,12:56,394.47,394.62,394.18,394.245,12962
AMGN,2026-09-08,12:57,394.22,394.46,394.215,394.435,4979
AMGN,2026-09-08,12:58,394.435,394.58,394.435,394.58,4111
AMGN,2026-09-08,12:59,394.536,394.655,394.32,394.54,9754
AMGN,2026-09-08,13:00,394.63,395.025,394.275,394.275,12257
AMGN,2026-09-08,13:01,393.8627,394.53,393.64,394.36,3242
AMGN,2026-09-08,13:02,394.32,394.32,393.615,393.82,8424
AMGN,2026-09-08,13:03,393.906,393.965,393.78,393.965,2222
AMGN,2026-09-08,13:04,393.965,394.02,393.547,393.695,8760
AMGN,2026-09-08,13:05,393.695,394.4,393.695,394.32,35480
AMGN,2026-09-08,13:06,394.315,395.03,394.29,394.905,6294
AMGN,2026-09-08,13:07,394.83,394.8475,394.3993,394.3993,3189
AMGN,2026-09-08,13:08,394.29,394.29,393.86,394.135,6793
AMGN,2026-09-08,13:09,394.02,394.86,394.02,394.72,6515
AMGN,2026-09-08,13:10,394.62,394.87,394.55,394.6,3920
AMGN,2026-09-08,13:11,394.5,394.72,394.5,394.625,3185
AMGN,2026-09-08,13:12,394.53,394.73,394.53,394.625,3659
AMGN,2026-09-08,13:13,394.55,394.625,394.43,394.485,8756
AMGN,2026-09-08,13:14,394.66,395.21,394.66,394.97,10912
AMGN,2026-09-08,13:15,394.96,396,394.93,395.9,15173
AMGN,2026-09-08,13:16,395.94,396.11,395.74,395.8,3232
AMGN,2026-09-08,13:17,395.8,396.16,395.69,396.16,7563
AMGN,2026-09-08,13:18,396.16,396.48,396.02,396.255,12694
AMGN,2026-09-08,13:19,396.24,396.3,395.83,395.83,10231
AMGN,2026-09-08,13:20,395.97,395.99,395.56,395.62,6287
AMGN,2026-09-08,13:21,395.62,395.93,395.62,395.81,9020
AMGN,2026-09-08,13:22,395.965,395.98,395.65,395.69,12935
AMGN,2026-09-08,13:23,395.705,396.07,395.705,396.04,6488
AMGN,2026-09-08,13:24,396.095,396.95,396.07,396.89,14794
AMGN,2026-09-08,13:25,396.77,397.49,396.77,397.49,10531
AMGN,2026-09-08,13:26,397.4,397.55,397.0107,397.085,13171
AMGN,2026-09-08,13:27,397,397.39,396.96,397.385,19170
AMGN,2026-09-08,13:28,397.39,397.83,396.82,397.675,33936
AMGN,2026-09-08,13:29,397.67,398.5871,397.5401,398.31,8327
AMGN,2026-09-08,13:30,398.38,398.46,397.7901,398.075,14277
AMGN,2026-09-08,13:31,397.81,397.97,396.845,397.135,6136
AMGN,2026-09-08,13:32,397.2345,397.55,397.23,397.415,14591
AMGN,2026-09-08,13:33,397.26,397.5,397.2,397.365,2732
AMGN,2026-09-08,13:34,397.355,397.355,396.81,396.96,15420
AMGN,2026-09-08,13:35,396.81,396.93,396.24,396.43,3500
AMGN,2026-09-08,13:36,396.42,396.43,396.01,396.01,3335
AMGN,2026-09-08,13:37,396.2124,396.2124,395.75,396.1,3907
AMGN,2026-09-08,13:38,396,396,395.7401,395.76,5125
AMGN,2026-09-08,13:39,395.69,396.2157,395.55,396.2157,5151
AMGN,2026-09-08,13:40,396.175,396.175,395.8235,396.045,6895
AMGN,2026-09-08,13:41,396.045,396.54,396.045,396.43,12252
AMGN,2026-09-08,13:42,396.43,396.6,396.1,396.6,14890
AMGN,2026-09-08,13:43,396.6,397,396.6,396.835,9709
AMGN,2026-09-08,13:44,396.9788,397.3099,396.8097,397.3,3341
AMGN,2026-09-08,13:45,397.175,397.29,396.89,397.11,9217
AMGN,2026-09-08,13:46,397.24,397.39,397.02,397.377,11762
AMGN,2026-09-08,13:47,397.45,397.78,397.42,397.7,9097
AMGN,2026-09-08,13:48,397.77,397.9999,397.39,397.9999,9055
AMGN,2026-09-08,13:49,398,398.18,397.78,397.925,8933
AMGN,2026-09-08,13:50,397.97,398.07,397.73,397.8,7081
AMGN,2026-09-08,13:51,397.83,398.0111,397.83,397.841,4989
AMGN,2026-09-08,13:52,397.84,397.95,397.78,397.915,5026
AMGN,2026-09-08,13:53,397.91,397.97,397.7501,397.97,4460
AMGN,2026-09-08,13:54,397.9,398.22,397.875,398.22,5303
AMGN,2026-09-08,13:55,398.195,398.55,398.07,398.11,8817
AMGN,2026-09-08,13:56,398.1,398.11,397.565,397.79,6991
AMGN,2026-09-08,13:57,397.8,397.99,397.69,397.99,5760
AMGN,2026-09-08,13:58,397.92,398.44,397.92,398.35,6232
AMGN,2026-09-08,13:59,398.4399,398.525,397.99,398.035,11386
AMGN,2026-09-08,14:00,398.035,398.21,397.91,398.135,11385
AMGN,2026-09-08,14:01,398.13,398.13,397.58,397.64,8236
AMGN,2026-09-08,14:02,397.665,397.665,397.01,397.11,3935
AMGN,2026-09-08,14:03,397.16,397.7199,397.16,397.35,24690
AMGN,2026-09-08,14:04,397.34,397.58,397.2925,397.58,4588
AMGN,2026-09-08,14:05,397.4694,397.58,397.385,397.39,3035
AMGN,2026-09-08,14:06,397.5,397.97,397.43,397.89,7122
AMGN,2026-09-08,14:07,397.97,398.06,397.93,398.06,6741
AMGN,2026-09-08,14:08,398.0899,398.15,398.07,398.09,3137
AMGN,2026-09-08,14:09,398.119,398.219,398.03,398.095,11896
AMGN,2026-09-08,14:10,398.095,398.35,397.7,397.7,12515
AMGN,2026-09-08,14:11,397.81,397.885,397.47,397.55,7141
AMGN,2026-09-08,14:12,397.46,397.57,397.185,397.24,7583
AMGN,2026-09-08,14:13,397.05,397.32,397.05,397.175,3998
AMGN,2026-09-08,14:14,397.1057,397.37,396.8301,397.11,14607
AMGN,2026-09-08,14:15,397.125,397.125,396.01,396.27,8237
AMGN,2026-09-08,14:16,396.38,396.46,396.25,396.25,7877
AMGN,2026-09-08,14:17,396.24,396.24,395.8045,395.89,4389
AMGN,2026-09-08,14:18,395.95,396.0603,395.81,395.96,8936
AMGN,2026-09-08,14:19,395.98,396.14,395.34,395.48,62917
AMGN,2026-09-08,14:20,395.37,395.42,395.29,395.29,4686
AMGN,2026-09-08,14:21,395.315,395.315,395.13,395.13,4952
AMGN,2026-09-08,14:22,395.1499,395.71,395.125,395.67,7842
AMGN,2026-09-08,14:23,395.59,395.68,395.3,395.355,6746
AMGN,2026-09-08,14:24,395.52,395.72,395.39,395.68,4333
AMGN,2026-09-08,14:25,395.73,395.83,395.57,395.74,5172
AMGN,2026-09-08,14:26,395.83,396.29,395.83,396.0101,6972
AMGN,2026-09-08,14:27,396.075,396.075,395.985,396.03,6077
AMGN,2026-09-08,14:28,396.0015,396.42,395.74,395.74,16897
AMGN,2026-09-08,14:29,395.9947,395.9947,395.7,395.74,8642
AMGN,2026-09-08,14:30,395.745,395.76,395.42,395.44,4429
AMGN,2026-09-08,14:31,395.445,395.72,395.34,395.67,7129
AMGN,2026-09-08,14:32,395.66,395.88,395.54,395.78,7695
AMGN,2026-09-08,14:33,395.72,395.78,394.99,395.04,11897
AMGN,2026-09-08,14:34,394.99,395.085,394.801,394.801,3000
AMGN,2026-09-08,14:35,394.865,395.25,394.74,395.095,14726
AMGN,2026-09-08,14:36,394.8201,395.26,394.8201,395.15,7837
AMGN,2026-09-08,14:37,395.15,395.15,394.85,394.905,2564
AMGN,2026-09-08,14:38,394.905,394.905,394.64,394.695,8963
AMGN,2026-09-08,14:39,394.69,394.8281,394.6872,394.785,3187
AMGN,2026-09-08,14:40,394.84,395.04,394.75,395.03,5898
AMGN,2026-09-08,14:41,394.92,395.34,394.92,395.26,4758
AMGN,2026-09-08,14:42,395.26,395.3899,395.2304,395.3899,4850
AMGN,2026-09-08,14:43,395.35,395.43,395.28,395.395,3941
AMGN,2026-09-08,14:44,395.395,395.65,395.395,395.65,5346
AMGN,2026-09-08,14:45,395.65,395.78,395.42,395.475,4669
AMGN,2026-09-08,14:46,395.43,395.53,395.43,395.45,3307
AMGN,2026-09-08,14:47,395.39,395.65,395.37,395.47,10913
AMGN,2026-09-08,14:48,395.5,395.565,395.3362,395.34,8379
AMGN,2026-09-08,14:49,395.34,395.34,395.0573,395.16,7744
AMGN,2026-09-08,14:50,395.16,395.37,395.07,395.29,7553
AMGN,2026-09-08,14:51,395.17,395.28,395.12,395.22,2704
AMGN,2026-09-08,14:52,395.13,395.21,394.795,394.9313,8740
AMGN,2026-09-08,14:53,394.905,394.98,394.75,394.805,4277
AMGN,2026-09-08,14:54,394.805,395.22,394.805,395.06,7861
AMGN,2026-09-08,14:55,395.06,395.1398,394.91,395,5558
AMGN,2026-09-08,14:56,394.99,395.04,394.92,394.95,41322
AMGN,2026-09-08,14:57,394.91,396.1682,394.91,395.495,20409
AMGN,2026-09-08,14:58,395.475,395.7899,395.44,395.51,8187
AMGN,2026-09-08,14:59,395.48,395.6186,395.47,395.555,2301
AMGN,2026-09-08,15:00,395.55,395.94,395.51,395.86,7665
AMGN,2026-09-08,15:01,395.76,395.76,395.1805,395.24,8627
AMGN,2026-09-08,15:02,395.1895,395.45,394.74,395.445,14920
AMGN,2026-09-08,15:03,395.435,395.73,395.386,395.5,3616
AMGN,2026-09-08,15:04,395.3601,395.62,395.36,395.52,6480
AMGN,2026-09-08,15:05,395.56,395.6,395.4501,395.535,5868
AMGN,2026-09-08,15:06,395.49,395.77,395.49,395.7537,8603
AMGN,2026-09-08,15:07,395.685,396.33,395.68,395.98,34078
AMGN,2026-09-08,15:08,396.04,396.3,395.975,396.21,8910
AMGN,2026-09-08,15:09,396.34,396.84,396.265,396.67,9665
AMGN,2026-09-08,15:10,396.675,396.72,396.4,396.6,13215
AMGN,2026-09-08,15:11,396.595,396.595,396.31,396.31,6782
AMGN,2026-09-08,15:12,396.31,396.47,396.01,396.1,6291
AMGN,2026-09-08,15:13,396.1,396.28,395.88,396.28,18801
AMGN,2026-09-08,15:14,396.23,396.2928,395.99,395.99,7946
AMGN,2026-09-08,15:15,396.01,396.3,395.91,395.97,32121
AMGN,2026-09-08,15:16,396.05,396.4998,395.87,396.39,10854
AMGN,2026-09-08,15:17,396.39,396.51,396.185,396.2846,5228
AMGN,2026-09-08,15:18,396.1968,396.24,396.12,396.1966,7749
AMGN,2026-09-08,15:19,396.1325,396.1325,394.99,394.99,12426
AMGN,2026-09-08,15:20,394.9,394.99,394.78,394.98,7831
AMGN,2026-09-08,15:21,394.83,395.12,394.4,394.4,13248
AMGN,2026-09-08,15:22,394.3901,394.51,394.12,394.135,5976
AMGN,2026-09-08,15:23,394.05,394.2385,393.965,393.965,9629
AMGN,2026-09-08,15:24,393.9,394.02,393.61,393.91,13746
AMGN,2026-09-08,15:25,393.905,394.26,393.81,394.205,12532
AMGN,2026-09-08,15:26,394.265,394.7,394.21,394.56,11197
AMGN,2026-09-08,15:27,394.53,394.74,394.42,394.645,8821
AMGN,2026-09-08,15:28,394.645,394.83,394.35,394.3595,15801
AMGN,2026-09-08,15:29,394.43,394.5,394.2101,394.2101,11727
AMGN,2026-09-08,15:30,394.28,394.4663,394.0302,394.15,19661
AMGN,2026-09-08,15:31,394.15,394.6699,394.0006,394.38,19681
AMGN,2026-09-08,15:32,394.31,394.87,394.31,394.87,44673
AMGN,2026-09-08,15:33,394.87,394.9,394.44,394.44,13564
AMGN,2026-09-08,15:34,394.44,394.5,394.1601,394.3675,16309
AMGN,2026-09-08,15:35,394.4235,395.15,394.365,394.96,11349
AMGN,2026-09-08,15:36,394.97,395.0291,394.37,394.49,18554
AMGN,2026-09-08,15:37,394.52,394.79,394.37,394.68,6857
AMGN,2026-09-08,15:38,394.79,394.97,394.565,394.69,16112
AMGN,2026-09-08,15:39,394.64,394.64,394.43,394.59,10062
AMGN,2026-09-08,15:40,394.59,394.645,394.44,394.48,12122
AMGN,2026-09-08,15:41,394.56,394.63,394.26,394.27,14115
AMGN,2026-09-08,15:42,394.23,394.58,394.0871,394.5205,11371
AMGN,2026-09-08,15:43,394.5555,394.85,394.44,394.7436,41252
AMGN,2026-09-08,15:44,394.735,394.78,394.16,394.1812,9890
AMGN,2026-09-08,15:45,394.23,394.25,393.71,393.76,42508
AMGN,2026-09-08,15:46,393.78,393.81,393.535,393.72,14090
AMGN,2026-09-08,15:47,393.69,393.85,393.55,393.55,10714
AMGN,2026-09-08,15:48,393.6225,393.6225,393.17,393.375,14245
AMGN,2026-09-08,15:49,393.33,393.4,392.61,392.625,39818
AMGN,2026-09-08,15:50,392.66,392.66,391.17,391.85,47344
AMGN,2026-09-08,15:51,391.79,392.385,391.65,392.385,28399
AMGN,2026-09-08,15:52,392.31,392.36,391.31,391.62,37740
AMGN,2026-09-08,15:53,391.66,392.24,391.58,392.24,44043
AMGN,2026-09-08,15:54,392.24,392.378,391.79,391.79,54107
AMGN,2026-09-08,15:55,391.785,392.28,391.53,391.99,46867
AMGN,2026-09-08,15:56,391.93,392.05,391.63,391.63,35798
AMGN,2026-09-08,15:57,391.63,391.93,391.52,391.885,51216
AMGN,2026-09-08,15:58,391.86,393.06,391.86,392.84,113420
AMGN,2026-09-08,15:59,392.84,393.49,392.72,393.23,175665
AMGN,2026-09-08,16:00,393.17,393.17,393.17,393.17,0
AMGN,2026-09-09,09:30,392.2,392.99,389.28,390.065,85614
AMGN,2026-09-09,09:31,390.7,391.6401,390.335,391.58,9547
AMGN,2026-09-09,09:32,391.56,392.0507,390.965,391.32,3525
AMGN,2026-09-09,09:33,390.9,391.07,390.79,390.99,1291
AMGN,2026-09-09,09:34,390.685,392.06,390.37,392,4884
AMGN,2026-09-09,09:35,392.41,392.824,391.61,391.61,6409
AMGN,2026-09-09,09:36,391.3475,391.91,390.9001,391.84,3286
AMGN,2026-09-09,09:37,392.3,392.75,391.61,392.0001,6193
AMGN,2026-09-09,09:38,392.01,392.085,391.57,391.692,5856
AMGN,2026-09-09,09:39,391.52,391.52,390.73,390.935,3387
AMGN,2026-09-09,09:40,391,391.9199,390.76,391.585,8353
AMGN,2026-09-09,09:41,391.595,391.595,390.68,390.765,3527
AMGN,2026-09-09,09:42,390.56,391.31,390.56,390.965,8473
AMGN,2026-09-09,09:43,391.2,391.32,391.065,391.275,1414
AMGN,2026-09-09,09:44,391.3384,392,391.3384,391.85,4245
AMGN,2026-09-09,09:45,391.89,392.48,391.5,392.06,8523
AMGN,2026-09-09,09:46,391.785,392.41,391.785,391.8801,9595
AMGN,2026-09-09,09:47,392.08,393.59,392.05,393.525,11493
AMGN,2026-09-09,09:48,393.525,393.525,392.56,392.56,7514
AMGN,2026-09-09,09:49,392.45,394.465,392.45,393.56,16226
AMGN,2026-09-09,09:50,393.735,394.5,393.28,393.42,8937
AMGN,2026-09-09,09:51,393.43,394.3151,393.43,394.06,3837
AMGN,2026-09-09,09:52,394.065,394.27,394,394.115,2206
AMGN,2026-09-09,09:53,394.12,394.3799,393.97,394.3799,4927
AMGN,2026-09-09,09:54,394.31,394.49,394,394.03,7055
AMGN,2026-09-09,09:55,394.06,394.23,393.91,394.16,4075
AMGN,2026-09-09,09:56,393.99,394.65,393.96,394.01,5531
AMGN,2026-09-09,09:57,393.935,394.345,393.4501,393.615,24823
AMGN,2026-09-09,09:58,393.78,394.0801,393.6,393.9,4524
AMGN,2026-09-09,09:59,393.885,394.08,393.38,393.7,8025
AMGN,2026-09-09,10:00,393.63,394.77,393.5325,394.67,9272
AMGN,2026-09-09,10:01,394.79,394.82,394.49,394.49,6663
AMGN,2026-09-09,10:02,394.64,395.03,394.6,395.0247,13201
AMGN,2026-09-09,10:03,394.86,395.33,394.51,394.9149,6233
AMGN,2026-09-09,10:04,395.15,395.55,394.96,395.19,9699
AMGN,2026-09-09,10:05,395.0894,395.255,394.61,394.8687,6707
AMGN,2026-09-09,10:06,394.66,394.67,394.33,394.655,4246
AMGN,2026-09-09,10:07,394.645,394.86,394.565,394.565,5133
AMGN,2026-09-09,10:08,394.56,394.94,394.4137,394.73,2847
AMGN,2026-09-09,10:09,394.73,395.0925,394.37,394.43,6655
AMGN,2026-09-09,10:10,394.29,394.345,394.0506,394.09,2545
AMGN,2026-09-09,10:11,394.2,394.319,394.0737,394.15,2133
AMGN,2026-09-09,10:12,394.11,394.383,394.001,394.2,8679
AMGN,2026-09-09,10:13,394.39,394.87,394.21,394.58,5445
AMGN,2026-09-09,10:14,394.58,394.76,394.32,394.415,3882
AMGN,2026-09-09,10:15,394.27,394.345,393.935,394.31,5329
AMGN,2026-09-09,10:16,394.305,394.54,394.04,394.5275,4118
AMGN,2026-09-09,10:17,394.51,394.71,394.46,394.51,2650
AMGN,2026-09-09,10:18,394.62,394.86,394.56,394.6925,5294
AMGN,2026-09-09,10:19,394.69,395,394.5701,394.98,7572
AMGN,2026-09-09,10:20,395.31,395.31,394.7595,395.07,4154
AMGN,2026-09-09,10:21,395.08,395.37,394.75,394.895,7694
AMGN,2026-09-09,10:22,394.79,395.1968,394.235,395.1968,20051
AMGN,2026-09-09,10:23,395.105,395.105,394.76,394.76,3133
AMGN,2026-09-09,10:24,394.71,394.735,394.22,394.32,9882
AMGN,2026-09-09,10:25,394.42,394.47,394.21,394.435,2515
AMGN,2026-09-09,10:26,394.35,394.3709,394.08,394.235,4393
AMGN,2026-09-09,10:27,394.115,394.28,394.02,394.16,7367
AMGN,2026-09-09,10:28,394.165,394.29,394.165,394.18,1419
AMGN,2026-09-09,10:29,394.18,394.29,393.4,393.675,5044
AMGN,2026-09-09,10:30,393.72,393.81,393.13,393.505,8369
AMGN,2026-09-09,10:31,393.39,393.49,393.27,393.4332,3928
AMGN,2026-09-09,10:32,393.07,393.09,392.765,392.85,3748
AMGN,2026-09-09,10:33,392.875,392.901,392.59,392.64,4861
AMGN,2026-09-09,10:34,392.64,392.9,392.64,392.76,4717
AMGN,2026-09-09,10:35,392.81,393.2,392.81,393.2,2855
AMGN,2026-09-09,10:36,393.17,393.17,392.955,393.1,2497
AMGN,2026-09-09,10:37,393.12,393.39,392.81,392.92,7658
AMGN,2026-09-09,10:38,392.9,393.08,392.735,392.735,6660
AMGN,2026-09-09,10:39,392.8495,393.1,392.755,393.035,3614
AMGN,2026-09-09,10:40,393.1024,393.235,393.055,393.08,3249
AMGN,2026-09-09,10:41,392.989,393.08,392.725,392.725,2648
AMGN,2026-09-09,10:42,392.86,393.1,392.85,393.07,3054
AMGN,2026-09-09,10:43,393.07,393.07,392.8875,392.9,1595
AMGN,2026-09-09,10:44,392.85,393.32,392.85,393.155,2371
AMGN,2026-09-09,10:45,393.16,393.34,393.01,393.15,6840
AMGN,2026-09-09,10:46,393.21,393.21,392.84,392.84,5355
AMGN,2026-09-09,10:47,392.82,393.09,392.7533,393.025,5495
AMGN,2026-09-09,10:48,392.92,393.235,392.92,393.235,4400
AMGN,2026-09-09,10:49,393.14,393.14,392.91,393.09,3182
AMGN,2026-09-09,10:50,392.96,393.43,392.96,393.37,4452
AMGN,2026-09-09,10:51,393.375,393.5683,393.24,393.33,33875
AMGN,2026-09-09,10:52,393.335,393.3575,393.07,393.07,11554
AMGN,2026-09-09,10:53,393.065,393.15,393.0206,393.085,4150
AMGN,2026-09-09,10:54,393.15,393.19,392.9,392.9,6439
AMGN,2026-09-09,10:55,392.905,393.19,392.89,392.985,6904
AMGN,2026-09-09,10:56,392.95,393.29,392.81,393.13,6134
AMGN,2026-09-09,10:57,393.19,393.44,393.12,393.35,3674
AMGN,2026-09-09,10:58,393.295,393.295,392.95,393.02,3639
AMGN,2026-09-09,10:59,392.9921,393.35,392.9921,393.29,25075
AMGN,2026-09-09,11:00,393.305,393.305,392.97,393.29,8477
AMGN,2026-09-09,11:01,393.21,393.29,393.17,393.22,2369
AMGN,2026-09-09,11:02,393.135,393.135,392.77,392.77,3417
AMGN,2026-09-09,11:03,392.79,392.79,392.585,392.67,7338
AMGN,2026-09-09,11:04,392.665,392.665,392.14,392.3321,8019
AMGN,2026-09-09,11:05,392.18,392.1811,392.05,392.05,5638
AMGN,2026-09-09,11:06,392.065,392.41,392.065,392.3,14029
AMGN,2026-09-09,11:07,392.29,392.96,392.21,392.96,6625
AMGN,2026-09-09,11:08,393.065,393.11,392.64,392.64,3909
AMGN,2026-09-09,11:09,392.7799,392.7799,392.15,392.255,3026
AMGN,2026-09-09,11:10,392.14,392.14,391.75,392.01,7487
AMGN,2026-09-09,11:11,392.01,392.1101,391.91,392.005,5511
AMGN,2026-09-09,11:12,392,392.86,391.74,392.67,20564
AMGN,2026-09-09,11:13,392.85,393.58,392.85,393.08,4976
AMGN,2026-09-09,11:14,393.19,393.4699,393.13,393.1545,5747
AMGN,2026-09-09,11:15,393.125,393.18,392.94,393.18,3429
AMGN,2026-09-09,11:16,393.145,393.31,393.01,393.24,3853
AMGN,2026-09-09,11:17,393.17,393.175,392.75,392.88,4831
AMGN,2026-09-09,11:18,392.82,393.18,392.82,393.18,2046
AMGN,2026-09-09,11:19,393.14,393.35,392.99,393.35,4830
AMGN,2026-09-09,11:20,393.425,393.48,393.28,393.35,5481
AMGN,2026-09-09,11:21,393.3575,393.3575,392.99,392.99,7960
AMGN,2026-09-09,11:22,392.96,393.025,392.8,392.8,4798
AMGN,2026-09-09,11:23,392.83,392.97,392.81,392.97,4043
AMGN,2026-09-09,11:24,393,393.34,392.92,393.23,10774
AMGN,2026-09-09,11:25,393.2224,393.2224,392.71,392.71,4788
AMGN,2026-09-09,11:26,392.68,393.33,392.68,393.24,2308
AMGN,2026-09-09,11:27,393.315,393.58,393.2,393.58,4225
AMGN,2026-09-09,11:28,393.66,393.785,393.3401,393.475,3004
AMGN,2026-09-09,11:29,393.61,393.74,393.54,393.74,5126
AMGN,2026-09-09,11:30,393.74,393.86,393.6,393.665,3256
AMGN,2026-09-09,11:31,393.71,393.715,393.185,393.19,5318
AMGN,2026-09-09,11:32,392.9,393.09,392.9,392.9,8117
AMGN,2026-09-09,11:33,392.84,393.0104,392.84,393.0104,3964
AMGN,2026-09-09,11:34,392.98,392.982,392.75,392.875,2576
AMGN,2026-09-09,11:35,392.75,392.88,392.67,392.67,1576
AMGN,2026-09-09,11:36,392.82,392.98,392.67,392.92,4641
AMGN,2026-09-09,11:37,392.93,392.935,392.785,392.81,3536
AMGN,2026-09-09,11:38,392.72,392.98,392.67,392.98,22419
AMGN,2026-09-09,11:39,392.87,393.22,392.87,393.1,4722
AMGN,2026-09-09,11:40,393.215,393.36,393.07,393.155,4513
AMGN,2026-09-09,11:41,393.155,393.16,392.7,392.71,3835
AMGN,2026-09-09,11:42,392.77,393.05,392.77,392.88,2136
AMGN,2026-09-09,11:43,392.89,393.05,392.88,392.995,3343
AMGN,2026-09-09,11:44,392.985,392.985,392.66,392.67,3135
AMGN,2026-09-09,11:45,392.77,392.805,392.77,392.78,1737
AMGN,2026-09-09,11:46,392.68,392.685,392.6,392.685,1554
AMGN,2026-09-09,11:47,392.58,392.76,392.57,392.665,2332
AMGN,2026-09-09,11:48,392.67,392.74,392.5,392.535,3318
AMGN,2026-09-09,11:49,392.49,392.65,392.49,392.65,2672
AMGN,2026-09-09,11:50,392.74,392.875,392.74,392.8401,2909
AMGN,2026-09-09,11:51,392.775,392.84,392.74,392.84,1634
AMGN,2026-09-09,11:52,392.92,392.92,392.83,392.88,1394
AMGN,2026-09-09,11:53,392.86,392.878,392.74,392.78,1521
AMGN,2026-09-09,11:54,392.78,393.07,392.78,392.968,10973
AMGN,2026-09-09,11:55,393.01,393.02,392.91,392.97,585
AMGN,2026-09-09,11:56,392.965,392.98,392.88,392.98,809
AMGN,2026-09-09,11:57,392.995,393.1,392.95,392.97,6973
AMGN,2026-09-09,11:58,392.975,392.975,392.735,392.74,3802
AMGN,2026-09-09,11:59,392.71,392.746,392.705,392.71,698
AMGN,2026-09-09,12:00,392.59,392.59,392.42,392.48,2292
AMGN,2026-09-09,12:01,392.42,392.54,392.42,392.435,2381
AMGN,2026-09-09,12:02,392.445,392.445,392.375,392.375,2470
AMGN,2026-09-09,12:03,392.28,392.34,392.26,392.28,1569
AMGN,2026-09-09,12:04,392.28,392.29,392.21,392.29,5937
AMGN,2026-09-09,12:05,392.25,392.25,391.99,392.01,2788
AMGN,2026-09-09,12:06,391.875,392,391.875,391.92,2208
AMGN,2026-09-09,12:07,391.92,391.9576,391.83,391.899,1495
AMGN,2026-09-09,12:08,391.92,391.92,391.755,391.755,2968
AMGN,2026-09-09,12:09,391.68,391.705,391.61,391.665,1885
AMGN,2026-09-09,12:10,391.69,391.69,391.5,391.52,4488
AMGN,2026-09-09,12:11,391.54,391.54,391.4725,391.515,4323
AMGN,2026-09-09,12:12,391.57,391.73,391.57,391.67,2911
AMGN,2026-09-09,12:13,391.73,391.74,391.59,391.59,1492
AMGN,2026-09-09,12:14,391.66,391.69,391.49,391.69,2110
AMGN,2026-09-09,12:15,391.64,391.72,391.57,391.66,982
AMGN,2026-09-09,12:16,391.66,391.66,391.63,391.63,702
AMGN,2026-09-09,12:17,391.72,391.8,391.65,391.72,5196
AMGN,2026-09-09,12:18,391.76,391.78,391.66,391.66,2539
AMGN,2026-09-09,12:19,391.5901,391.65,391.53,391.65,1494
AMGN,2026-09-09,12:20,391.65,391.69,391.57,391.57,1380
AMGN,2026-09-09,12:21,391.49,391.49,391.38,391.45,3422
AMGN,2026-09-09,12:22,391.34,391.48,391.34,391.48,695
AMGN,2026-09-09,12:23,391.48,391.6,391.48,391.6,2705
AMGN,2026-09-09,12:24,391.55,391.55,391.48,391.48,1319
AMGN,2026-09-09,12:25,391.525,391.81,391.5,391.7,3731
AMGN,2026-09-09,12:26,391.65,391.67,391.5951,391.66,2191
AMGN,2026-09-09,12:27,391.69,391.76,391.685,391.755,2107
AMGN,2026-09-09,12:28,391.755,391.778,391.695,391.74,3737
AMGN,2026-09-09,12:29,391.74,391.755,391.69,391.7,2182
AMGN,2026-09-09,12:30,391.74,391.74,391.64,391.64,1517
AMGN,2026-09-09,12:31,391.65,391.66,391.63,391.65,749
AMGN,2026-09-09,12:32,391.65,391.69,391.6,391.63,1930
AMGN,2026-09-09,12:33,391.595,391.7,391.595,391.66,1630
AMGN,2026-09-09,12:34,391.66,391.7,391.57,391.57,2015
AMGN,2026-09-09,12:35,391.63,392.005,391.63,391.778,15819
AMGN,2026-09-09,12:36,391.78,391.78,391.52,391.52,1455
AMGN,2026-09-09,12:37,391.44,391.591,391.44,391.591,358
AMGN,2026-09-09,12:38,391.48,391.6,391.36,391.485,1764
AMGN,2026-09-09,12:39,391.485,391.49,391.31,391.429,3178
AMGN,2026-09-09,12:40,391.26,391.35,391.17,391.18,1426
AMGN,2026-09-09,12:41,391.275,391.275,391.18,391.18,610
AMGN,2026-09-09,12:42,391.27,391.36,391.1701,391.255,1355
AMGN,2026-09-09,12:43,391.28,391.39,391.255,391.36,3403
AMGN,2026-09-09,12:44,391.32,391.49,391.28,391.49,3836
AMGN,2026-09-09,12:45,391.48,391.48,391.465,391.47,275
AMGN,2026-09-09,12:46,391.465,391.53,391.455,391.53,835
AMGN,2026-09-09,12:47,391.445,391.49,391,391.49,5826
AMGN,2026-09-09,12:48,391.54,391.54,391.1,391.27,2978
AMGN,2026-09-09,12:49,391.15,391.1983,391.12,391.12,3009
AMGN,2026-09-09,12:50,391.13,391.2753,390.76,390.83,7765
AMGN,2026-09-09,12:51,390.9095,390.92,390.765,390.92,2075
AMGN,2026-09-09,12:52,390.89,390.91,390.815,390.815,1498
AMGN,2026-09-09,12:53,390.835,391.07,390.78,391.065,7002
AMGN,2026-09-09,12:54,391.11,391.295,391.11,391.295,1593
AMGN,2026-09-09,12:55,391.16,391.45,391.16,391.43,1935
AMGN,2026-09-09,12:56,391.45,391.49,391.34,391.34,4430
AMGN,2026-09-09,12:57,391.455,391.56,391.36,391.46,1096
AMGN,2026-09-09,12:58,391.45,391.455,391.205,391.205,3151
AMGN,2026-09-09,12:59,391.18,391.19,391.06,391.165,5992
AMGN,2026-09-09,13:00,391.11,391.11,390.63,390.63,2504
AMGN,2026-09-09,13:01,390.63,390.82,390.625,390.82,2827
AMGN,2026-09-09,13:02,390.8,390.93,390.7051,390.93,3023
AMGN,2026-09-09,13:03,390.885,390.885,390.5205,390.6,3972
AMGN,2026-09-09,13:04,390.625,390.7,390.5501,390.62,2729
AMGN,2026-09-09,13:05,390.62,390.62,390.12,390.235,6897
AMGN,2026-09-09,13:06,390.235,390.51,390.13,390.5,10051
AMGN,2026-09-09,13:07,390.395,390.63,390.35,390.63,9256
AMGN,2026-09-09,13:08,390.5714,390.73,390.5714,390.73,3250
AMGN,2026-09-09,13:09,390.665,390.675,390.475,390.475,2033
AMGN,2026-09-09,13:10,390.475,390.61,390.385,390.59,1634
AMGN,2026-09-09,13:11,390.56,390.62,390.3601,390.62,3403
AMGN,2026-09-09,13:12,390.51,390.76,390.425,390.76,3003
AMGN,2026-09-09,13:13,390.79,390.79,390.645,390.645,2387
AMGN,2026-09-09,13:14,390.705,390.735,390.64,390.64,1707
AMGN,2026-09-09,13:15,390.675,390.79,390.675,390.75,2941
AMGN,2026-09-09,13:16,390.73,390.735,390.4,390.44,3812
AMGN,2026-09-09,13:17,390.44,390.675,390.43,390.67,3209
AMGN,2026-09-09,13:18,390.75,390.8,390.715,390.8,2430
AMGN,2026-09-09,13:19,390.8,390.8,390.53,390.53,9490
AMGN,2026-09-09,13:20,390.47,390.86,390.45,390.86,10901
AMGN,2026-09-09,13:21,390.86,391.76,390.86,391.685,5525
AMGN,2026-09-09,13:22,391.84,391.8832,391.52,391.61,9205
AMGN,2026-09-09,13:23,391.52,391.53,391.26,391.325,4200
AMGN,2026-09-09,13:24,391.29,391.4,391.29,391.33,1554
AMGN,2026-09-09,13:25,391.33,391.33,391.05,391.315,4190
AMGN,2026-09-09,13:26,391.255,391.255,391.05,391.115,3085
AMGN,2026-09-09,13:27,391.115,391.16,391.11,391.135,1542
AMGN,2026-09-09,13:28,391.17,391.17,391.01,391.05,2877
AMGN,2026-09-09,13:29,391.05,391.265,391,391.265,5404
AMGN,2026-09-09,13:30,391.235,391.26,390.97,390.97,4524
AMGN,2026-09-09,13:31,390.89,390.89,390.64,390.77,2636
AMGN,2026-09-09,13:32,390.795,390.8,390.7,390.729,3304
AMGN,2026-09-09,13:33,390.8,390.87,390.65,390.725,5047
AMGN,2026-09-09,13:34,390.72,390.725,390.62,390.62,1408
AMGN,2026-09-09,13:35,390.41,390.465,390.255,390.26,1414
AMGN,2026-09-09,13:36,390.27,390.36,390.23,390.305,2162
AMGN,2026-09-09,13:37,390.27,390.31,390.12,390.17,2258
AMGN,2026-09-09,13:38,390.23,390.23,390.05,390.06,2131
AMGN,2026-09-09,13:39,390.02,390.32,390,390.085,8912
AMGN,2026-09-09,13:40,390.14,390.525,390,390.525,7167
AMGN,2026-09-09,13:41,390.48,390.48,390.37,390.44,2782
AMGN,2026-09-09,13:42,390.56,390.74,390.56,390.62,1894
AMGN,2026-09-09,13:43,390.615,390.66,390.56,390.65,3073
AMGN,2026-09-09,13:44,390.54,390.54,390.36,390.41,1837
AMGN,2026-09-09,13:45,390.3475,390.385,390.1801,390.31,2955
AMGN,2026-09-09,13:46,390.31,390.56,390.31,390.56,1478
AMGN,2026-09-09,13:47,390.57,390.58,390.47,390.48,2695
AMGN,2026-09-09,13:48,390.405,390.405,390.26,390.31,2587
AMGN,2026-09-09,13:49,390.33,390.57,390.33,390.57,2966
AMGN,2026-09-09,13:50,390.58,390.63,390.54,390.575,4163
AMGN,2026-09-09,13:51,390.575,390.575,390.4,390.4,3217
AMGN,2026-09-09,13:52,390.485,390.485,390.44,390.44,1178
AMGN,2026-09-09,13:53,390.465,390.75,390.465,390.75,2642
AMGN,2026-09-09,13:54,390.78,390.78,390.58,390.58,1577
AMGN,2026-09-09,13:55,390.6,390.66,390.53,390.66,3392
AMGN,2026-09-09,13:56,390.67,390.91,390.67,390.74,5107
AMGN,2026-09-09,13:57,390.665,390.7399,390.535,390.7399,1510
AMGN,2026-09-09,13:58,390.75,390.83,390.73,390.79,1075
AMGN,2026-09-09,13:59,390.725,390.97,390.725,390.91,2260
AMGN,2026-09-09,14:00,390.85,390.97,390.78,390.9,2228
AMGN,2026-09-09,14:01,390.9,390.94,390.86,390.88,2137
AMGN,2026-09-09,14:02,390.87,391.03,390.87,390.985,2450
AMGN,2026-09-09,14:03,390.975,391.09,390.975,390.99,2378
AMGN,2026-09-09,14:04,391.09,391.09,390.96,391.01,2870
AMGN,2026-09-09,14:05,391.01,391.09,391.01,391.04,2546
AMGN,2026-09-09,14:06,391.09,391.12,391.02,391.02,3385
AMGN,2026-09-09,14:07,391.025,391.025,390.79,390.79,3300
AMGN,2026-09-09,14:08,390.741,390.741,390.655,390.695,2269
AMGN,2026-09-09,14:09,390.695,390.7,390.63,390.64,1109
AMGN,2026-09-09,14:10,390.58,390.64,390.58,390.63,924
AMGN,2026-09-09,14:11,390.58,390.66,390.53,390.6,3416
AMGN,2026-09-09,14:12,390.58,390.86,390.58,390.7101,3342
AMGN,2026-09-09,14:13,390.98,390.98,390.905,390.905,699
AMGN,2026-09-09,14:14,390.89,390.94,390.87,390.94,769
AMGN,2026-09-09,14:15,390.94,391.05,390.84,390.84,10098
AMGN,2026-09-09,14:16,390.87,390.935,390.87,390.93,1698
AMGN,2026-09-09,14:17,390.9503,391.04,390.9503,391.015,1525
AMGN,2026-09-09,14:18,391.015,391.3299,391.015,391.27,2881
AMGN,2026-09-09,14:19,391.225,391.225,391.08,391.095,4618
AMGN,2026-09-09,14:20,391.12,391.15,391.05,391.105,2555
AMGN,2026-09-09,14:21,391.04,391.29,391.03,391.29,4868
AMGN,2026-09-09,14:22,391.28,391.4,391.2309,391.4,1491
AMGN,2026-09-09,14:23,391.31,392.48,391.3,392.1,44714
AMGN,2026-09-09,14:24,392.095,392.44,392.085,392.44,3320
AMGN,2026-09-09,14:25,392.435,392.49,392.416,392.49,2431
AMGN,2026-09-09,14:26,392.49,392.74,392.42,392.6,21271
AMGN,2026-09-09,14:27,392.645,392.71,392.645,392.645,2088
AMGN,2026-09-09,14:28,392.705,392.84,392.5401,392.84,18299
AMGN,2026-09-09,14:29,392.8,392.83,392.14,392.33,17829
AMGN,2026-09-09,14:30,392.315,392.34,392.1928,392.32,4292
AMGN,2026-09-09,14:31,392.32,392.32,391.955,392.14,4693
AMGN,2026-09-09,14:32,392.2,392.275,392.11,392.13,5351
AMGN,2026-09-09,14:33,392.12,392.12,391.59,391.965,28980
AMGN,2026-09-09,14:34,392,392.23,391.822,391.9625,27249
AMGN,2026-09-09,14:35,391.96,392.08,391.84,391.86,1402
AMGN,2026-09-09,14:36,391.84,392.07,391.84,392.07,1450
AMGN,2026-09-09,14:37,392,392.04,391.67,391.73,6104
AMGN,2026-09-09,14:38,391.77,391.87,391.73,391.825,3918
AMGN,2026-09-09,14:39,391.825,391.92,391.825,391.855,1510
AMGN,2026-09-09,14:40,391.74,391.81,391.58,391.68,1028
AMGN,2026-09-09,14:41,391.5,391.665,391.47,391.52,3520
AMGN,2026-09-09,14:42,391.5201,391.55,391.29,391.29,3460
AMGN,2026-09-09,14:43,391.28,391.3199,391.26,391.26,1078
AMGN,2026-09-09,14:44,391.26,391.26,391.18,391.225,1460
AMGN,2026-09-09,14:45,391.145,391.2,391.1286,391.1286,2762
AMGN,2026-09-09,14:46,391.07,391.09,390.825,390.84,3620
AMGN,2026-09-09,14:47,390.95,390.95,390.77,390.77,673
AMGN,2026-09-09,14:48,390.7,390.82,390.69,390.6901,2007
AMGN,2026-09-09,14:49,390.69,390.69,390.595,390.64,1496
AMGN,2026-09-09,14:50,390.64,390.73,390.5,390.595,7839
AMGN,2026-09-09,14:51,390.59,390.59,390.51,390.59,922
AMGN,2026-09-09,14:52,390.595,390.68,390.53,390.67,896
AMGN,2026-09-09,14:53,390.595,390.91,390.5893,390.9,5651
AMGN,2026-09-09,14:54,390.95,391.08,390.84,390.84,6284
AMGN,2026-09-09,14:55,390.825,391.93,390.63,391.64,52275
AMGN,2026-09-09,14:56,391.73,392.26,391.73,392.17,3868
AMGN,2026-09-09,14:57,392.175,392.47,392.175,392.385,2204
AMGN,2026-09-09,14:58,392.48,392.48,391.28,391.68,26368
AMGN,2026-09-09,14:59,391.68,391.68,391.5,391.63,1467
AMGN,2026-09-09,15:00,391.63,391.63,391.29,391.29,2561
AMGN,2026-09-09,15:01,391.28,391.28,391.22,391.22,1384
AMGN,2026-09-09,15:02,391.23,391.53,391.23,391.53,3673
AMGN,2026-09-09,15:03,391.53,391.53,391.265,391.44,3809
AMGN,2026-09-09,15:04,391.3981,391.3981,391.0801,391.095,3191
AMGN,2026-09-09,15:05,391,391,390.6838,390.6838,1817
AMGN,2026-09-09,15:06,390.735,390.735,390.64,390.68,3332
AMGN,2026-09-09,15:07,390.67,390.78,390.59,390.72,3519
AMGN,2026-09-09,15:08,390.72,391.08,390.72,391.08,8703
AMGN,2026-09-09,15:09,391.155,391.81,391.155,391.745,6151
AMGN,2026-09-09,15:10,391.78,391.78,391.23,391.47,5222
AMGN,2026-09-09,15:11,391.525,391.525,391.415,391.475,1713
AMGN,2026-09-09,15:12,391.385,391.555,391.375,391.375,4312
AMGN,2026-09-09,15:13,391.305,391.375,391.16,391.16,2361
AMGN,2026-09-09,15:14,391.24,391.36,391.23,391.295,5294
AMGN,2026-09-09,15:15,391.295,391.4,391.12,391.195,11890
AMGN,2026-09-09,15:16,391.28,391.305,391.19,391.19,2462
AMGN,2026-09-09,15:17,391.155,391.29,391.155,391.255,1679
AMGN,2026-09-09,15:18,391.2651,391.77,391.265,391.705,4004
AMGN,2026-09-09,15:19,391.6517,391.81,391.6517,391.755,3947
AMGN,2026-09-09,15:20,391.74,391.94,391.735,391.94,3089
AMGN,2026-09-09,15:21,391.82,392,391.69,391.755,6436
AMGN,2026-09-09,15:22,391.65,391.6528,391.55,391.615,1138
AMGN,2026-09-09,15:23,391.6388,391.75,391.63,391.74,2883
AMGN,2026-09-09,15:24,391.705,391.795,391.705,391.7701,3323
AMGN,2026-09-09,15:25,391.74,392.585,391.74,392.585,11850
AMGN,2026-09-09,15:26,392.585,392.585,392.23,392.23,7297
AMGN,2026-09-09,15:27,392.23,392.32,392.16,392.32,3026
AMGN,2026-09-09,15:28,392.37,392.5,392.31,392.5,7277
AMGN,2026-09-09,15:29,392.54,392.74,392.5,392.665,7837
AMGN,2026-09-09,15:30,392.6,392.6,392.19,392.33,5461
AMGN,2026-09-09,15:31,392.335,392.48,392.335,392.45,5314
AMGN,2026-09-09,15:32,392.42,392.52,392.38,392.38,4689
AMGN,2026-09-09,15:33,392.4,392.44,392.265,392.275,7734
AMGN,2026-09-09,15:34,392.23,392.24,392.03,392.155,3565
AMGN,2026-09-09,15:35,392.09,392.23,392.06,392.1743,5673
AMGN,2026-09-09,15:36,392.2,392.46,392.0725,392.0725,7682
AMGN,2026-09-09,15:37,392.035,392.28,391.92,392.22,5792
AMGN,2026-09-09,15:38,392.28,392.34,392.18,392.295,4353
AMGN,2026-09-09,15:39,392.33,392.37,392.07,392.08,9125
AMGN,2026-09-09,15:40,392.01,392.04,391.915,392.02,7921
AMGN,2026-09-09,15:41,391.96,392.07,391.85,392.07,6206
AMGN,2026-09-09,15:42,392.015,392.12,391.97,392.105,6242
AMGN,2026-09-09,15:43,392.12,392.215,391.93,391.935,12223
AMGN,2026-09-09,15:44,391.85,391.96,391.535,391.9,7322
AMGN,2026-09-09,15:45,391.895,392.01,391.42,391.465,16019
AMGN,2026-09-09,15:46,391.41,391.825,391.41,391.795,9677
AMGN,2026-09-09,15:47,391.84,391.92,391.815,391.865,9506
AMGN,2026-09-09,15:48,391.865,391.97,391.77,391.77,9808
AMGN,2026-09-09,15:49,391.7201,392.18,391.695,391.84,7726
AMGN,2026-09-09,15:50,391.63,391.63,390.96,391.27,23499
AMGN,2026-09-09,15:51,391.27,391.52,391.125,391.519,18849
AMGN,2026-09-09,15:52,391.475,391.903,391.45,391.72,13574
AMGN,2026-09-09,15:53,391.75,392.43,391.75,392.28,17616
AMGN,2026-09-09,15:54,392.25,392.315,391.83,392.1,13560
AMGN,2026-09-09,15:55,392.12,392.43,392.06,392.085,18385
AMGN,2026-09-09,15:56,392.1,392.43,392.1,392.25,22166
AMGN,2026-09-09,15:57,392.23,392.27,391.97,392,30255
AMGN,2026-09-09,15:58,391.98,392.03,391.52,391.52,63983
AMGN,2026-09-09,15:59,391.46,391.53,390.85,391.28,148095
AMGN,2026-09-10,09:30,387.84,388,385.39,385.92,75779
AMGN,2026-09-10,09:31,386.5399,386.97,385.92,386.57,13119
AMGN,2026-09-10,09:32,386.825,390,386.4939,389.92,12386
AMGN,2026-09-10,09:33,390.675,391.26,389.5296,391.26,4989
AMGN,2026-09-10,09:34,391.17,391.666,390.84,391.62,4494
AMGN,2026-09-10,09:35,391.27,391.27,389.4091,389.71,5605
AMGN,2026-09-10,09:36,390.51,391.09,390.208,391.08,1869
AMGN,2026-09-10,09:37,390.53,390.7975,389.34,389.695,3795
AMGN,2026-09-10,09:38,390,391.08,389.625,389.96,4506
AMGN,2026-09-10,09:39,389.81,390.2,389.4,389.99,2212
AMGN,2026-09-10,09:40,389.86,390.3375,389.21,389.51,4490
AMGN,2026-09-10,09:41,389.65,390.47,389.65,390.39,5229
AMGN,2026-09-10,09:42,390.39,390.39,389.32,389.875,2938
AMGN,2026-09-10,09:43,389.355,390.6,389.355,389.985,9740
AMGN,2026-09-10,09:44,389.98,390.6,389.98,390.49,2154
AMGN,2026-09-10,09:45,390.5,390.87,389.81,390.37,6006
AMGN,2026-09-10,09:46,390.38,390.465,389.88,390.22,17410
AMGN,2026-09-10,09:47,390.01,390.01,389.515,389.89,3281
AMGN,2026-09-10,09:48,389.875,390.2,389.795,390.18,3824
AMGN,2026-09-10,09:49,389.97,390.07,388.77,388.77,3764
AMGN,2026-09-10,09:50,388.9,388.9425,388.42,388.81,4951
AMGN,2026-09-10,09:51,388.8744,389.6599,388.87,389.415,3058
AMGN,2026-09-10,09:52,389.39,389.39,388.06,388.53,4776
AMGN,2026-09-10,09:53,388.53,389.16,388.46,389.155,2959
AMGN,2026-09-10,09:54,389.16,389.2,388.67,388.795,9298
AMGN,2026-09-10,09:55,388.55,388.68,388.37,388.68,2329
AMGN,2026-09-10,09:56,388.41,388.79,388.305,388.52,2471
AMGN,2026-09-10,09:57,388.57,388.63,388.41,388.545,2448
AMGN,2026-09-10,09:58,388.56,388.56,388.49,388.49,772
AMGN,2026-09-10,09:59,388.54,388.88,388.33,388.33,15328
AMGN,2026-09-10,10:00,388.6075,388.68,388.105,388.1675,9001
AMGN,2026-09-10,10:01,388.33,388.505,388.17,388.17,6863
AMGN,2026-09-10,10:02,388.135,388.135,387.1601,387.4,5008
AMGN,2026-09-10,10:03,387.52,387.6575,387.34,387.555,3689
AMGN,2026-09-10,10:04,387.57,388.165,387.57,387.79,11118
AMGN,2026-09-10,10:05,387.8,388.18,387.605,388.18,2887
AMGN,2026-09-10,10:06,388.3209,388.3209,387.665,387.73,12067
AMGN,2026-09-10,10:07,387.6,388.215,387.5264,388.215,2536
AMGN,2026-09-10,10:08,388.15,388.2,388.03,388.03,2528
AMGN,2026-09-10,10:09,388.14,388.34,387.91,387.9375,4406
AMGN,2026-09-10,10:10,387.7001,388.22,387.7001,388.01,6304
AMGN,2026-09-10,10:11,388.04,388.32,387.96,387.96,6490
AMGN,2026-09-10,10:12,388.2825,388.54,388.26,388.43,11261
AMGN,2026-09-10,10:13,388.416,388.54,388.12,388.54,2935
AMGN,2026-09-10,10:14,388.5212,388.67,388.425,388.46,3974
AMGN,2026-09-10,10:15,388.635,388.635,388.08,388.34,2342
AMGN,2026-09-10,10:16,388.375,388.7751,388.295,388.7751,3089
AMGN,2026-09-10,10:17,389,389,388.3451,388.3451,4714
AMGN,2026-09-10,10:18,388.24,388.44,388.18,388.315,1438
AMGN,2026-09-10,10:19,388.305,388.779,388.2943,388.67,4244
AMGN,2026-09-10,10:20,388.74,388.86,388.5,388.66,7139
AMGN,2026-09-10,10:21,388.32,388.545,388.2,388.4501,3695
AMGN,2026-09-10,10:22,388.515,388.5392,388.21,388.5392,1797
AMGN,2026-09-10,10:23,388.55,388.6019,388.22,388.3374,1885
AMGN,2026-09-10,10:24,388.285,388.555,388.06,388.39,4779
AMGN,2026-09-10,10:25,388.395,388.395,387.885,388.33,3958
AMGN,2026-09-10,10:26,388.24,388.24,387.71,387.845,2567
AMGN,2026-09-10,10:27,387.85,387.85,386.87,386.9168,3389
AMGN,2026-09-10,10:28,386.95,387.03,386,386,5217
AMGN,2026-09-10,10:29,386.2823,386.2823,386.05,386.27,1677
AMGN,2026-09-10,10:30,386.47,386.64,386.19,386.5875,8046
AMGN,2026-09-10,10:31,386.68,386.86,386.615,386.745,4021
AMGN,2026-09-10,10:32,386.67,386.89,386.15,386.2575,5458
AMGN,2026-09-10,10:33,386.36,386.39,386.24,386.37,4354
AMGN,2026-09-10,10:34,386.47,386.85,386.27,386.69,23588
AMGN,2026-09-10,10:35,386.645,386.76,386.1255,386.1255,4417
AMGN,2026-09-10,10:36,386.4199,386.4199,385.725,386.02,13337
AMGN,2026-09-10,10:37,385.975,385.975,385.65,385.705,1516
AMGN,2026-09-10,10:38,385.705,385.73,385.5255,385.685,18395
AMGN,2026-09-10,10:39,385.845,385.845,385.17,385.19,7002
AMGN,2026-09-10,10:40,385.15,385.15,384.575,384.585,11572
AMGN,2026-09-10,10:41,384.49,384.72,384.48,384.625,11470
AMGN,2026-09-10,10:42,384.56,384.79,384.56,384.63,5149
AMGN,2026-09-10,10:43,384.625,384.64,384.25,384.385,7898
AMGN,2026-09-10,10:44,384.285,384.6,383.91,383.91,17866
AMGN,2026-09-10,10:45,383.935,384.43,383.6,384.43,10485
AMGN,2026-09-10,10:46,384.44,384.64,384.38,384.61,8477
AMGN,2026-09-10,10:47,384.64,384.66,384.56,384.565,2751
AMGN,2026-09-10,10:48,384.49,384.635,384.35,384.51,6507
AMGN,2026-09-10,10:49,384.415,384.585,384.21,384.21,4993
AMGN,2026-09-10,10:50,384.35,384.71,384.3,384.475,6834
AMGN,2026-09-10,10:51,384.49,384.9099,384.49,384.61,6886
AMGN,2026-09-10,10:52,384.52,384.55,384.15,384.165,8522
AMGN,2026-09-10,10:53,384.3,384.41,383.921,383.98,4276
AMGN,2026-09-10,10:54,383.94,384.48,383.94,384.215,21670
AMGN,2026-09-10,10:55,384.24,384.51,384.24,384.51,6182
AMGN,2026-09-10,10:56,384.28,384.68,384.13,384.2,7389
AMGN,2026-09-10,10:57,384.14,384.16,383.93,383.96,6357
AMGN,2026-09-10,10:58,384.09,384.49,384.09,384.32,4148
AMGN,2026-09-10,10:59,384.24,384.32,383.94,384.03,3930
AMGN,2026-09-10,11:00,383.91,383.91,383.5,383.635,5339
AMGN,2026-09-10,11:01,383.59,383.66,383.02,383.18,8659
AMGN,2026-09-10,11:02,383.0849,383.41,383.04,383.26,7500
AMGN,2026-09-10,11:03,383.3,383.505,383.18,383.47,5230
AMGN,2026-09-10,11:04,383.425,383.6,383.2,383.54,7409
AMGN,2026-09-10,11:05,383.39,383.71,383.39,383.71,2171
AMGN,2026-09-10,11:06,383.63,383.63,383.42,383.5,4272
AMGN,2026-09-10,11:07,383.5,384.3666,383.5,384.24,11484
AMGN,2026-09-10,11:08,384.345,384.345,383.795,384.02,7793
AMGN,2026-09-10,11:09,384.055,384.8,383.94,384.73,12821
AMGN,2026-09-10,11:10,384.735,384.94,384.515,384.85,2883
AMGN,2026-09-10,11:11,384.855,384.88,384.15,384.29,4974
AMGN,2026-09-10,11:12,384.29,384.41,383.75,384.05,6504
AMGN,2026-09-10,11:13,384.05,384.06,383.845,383.88,2101
AMGN,2026-09-10,11:14,384.04,384.04,383.755,383.91,11535
AMGN,2026-09-10,11:15,383.91,383.91,383.67,383.6971,12411
AMGN,2026-09-10,11:16,383.59,383.6501,383.41,383.57,5603
AMGN,2026-09-10,11:17,383.58,383.855,383.58,383.855,3060
AMGN,2026-09-10,11:18,383.86,383.92,383.66,383.67,12666
AMGN,2026-09-10,11:19,383.685,383.685,383.04,383.3652,4381
AMGN,2026-09-10,11:20,383.325,383.42,383.28,383.3,5417
AMGN,2026-09-10,11:21,383.31,383.31,383.07,383.085,4732
AMGN,2026-09-10,11:22,383.14,383.14,382.84,382.88,13180
AMGN,2026-09-10,11:23,382.9,382.91,382.55,382.56,11741
AMGN,2026-09-10,11:24,382.57,383.2738,382.56,383.02,9317
AMGN,2026-09-10,11:25,383.14,383.51,382.99,383.35,7536
AMGN,2026-09-10,11:26,383.33,383.33,382.96,383.12,6852
AMGN,2026-09-10,11:27,383.12,383.3499,382.83,383.2297,11580
AMGN,2026-09-10,11:28,383.12,383.4716,382.97,382.97,2630
AMGN,2026-09-10,11:29,383.36,383.3899,382.92,383.025,5386
AMGN,2026-09-10,11:30,382.95,383.335,382.95,383.335,11984
AMGN,2026-09-10,11:31,383.3,383.45,383.21,383.45,11002
AMGN,2026-09-10,11:32,383.335,383.445,383.23,383.43,4327
AMGN,2026-09-10,11:33,383.33,384.25,383.33,383.67,16216
AMGN,2026-09-10,11:34,383.69,383.69,383.31,383.475,7444
AMGN,2026-09-10,11:35,383.54,383.65,383.27,383.65,18620
AMGN,2026-09-10,11:36,383.73,383.73,383.27,383.35,3778
AMGN,2026-09-10,11:37,383.27,383.36,382.8,382.8,8975
AMGN,2026-09-10,11:38,382.66,383.25,382.6,383.17,5801
AMGN,2026-09-10,11:39,383.24,383.245,382.95,383.065,13737
AMGN,2026-09-10,11:40,383.055,383.32,382.98,383.1601,4926
AMGN,2026-09-10,11:41,383.2,383.405,383.12,383.405,6644
AMGN,2026-09-10,11:42,383.415,383.415,383.16,383.25,2253
AMGN,2026-09-10,11:43,383.31,383.48,383.18,383.345,6109
AMGN,2026-09-10,11:44,383.48,383.48,383.19,383.38,6953
AMGN,2026-09-10,11:45,383.305,383.305,383.12,383.235,5084
AMGN,2026-09-10,11:46,383.23,383.33,383.2082,383.265,3518
AMGN,2026-09-10,11:47,383.18,383.22,382.83,383.02,7969
AMGN,2026-09-10,11:48,383.04,383.385,383.04,383.22,3957
AMGN,2026-09-10,11:49,383.185,383.74,383.17,383.58,5964
AMGN,2026-09-10,11:50,383.793,383.793,383.54,383.54,1098
AMGN,2026-09-10,11:51,383.6,383.68,383.48,383.565,1811
AMGN,2026-09-10,11:52,383.57,383.875,383.5,383.8,8591
AMGN,2026-09-10,11:53,383.89,383.89,383.61,383.61,4315
AMGN,2026-09-10,11:54,383.52,383.59,383.37,383.385,3433
AMGN,2026-09-10,11:55,383.36,383.6,383.36,383.5,2504
AMGN,2026-09-10,11:56,383.535,383.56,383.44,383.56,2241
AMGN,2026-09-10,11:57,383.46,383.4749,383.214,383.35,4124
AMGN,2026-09-10,11:58,383.35,383.4899,383.11,383.3801,4415
AMGN,2026-09-10,11:59,383.39,383.49,383.3675,383.44,1169
AMGN,2026-09-10,12:00,383.45,383.89,383.45,383.81,6902
AMGN,2026-09-10,12:01,383.815,383.815,383.56,383.605,12910
AMGN,2026-09-10,12:02,383.55,383.61,383.26,383.46,9279
AMGN,2026-09-10,12:03,383.385,383.48,383.2,383.25,7251
AMGN,2026-09-10,12:04,383.21,383.335,382.65,382.65,2845
AMGN,2026-09-10,12:05,382.64,382.79,382.63,382.7,2541
AMGN,2026-09-10,12:06,382.69,382.86,382.69,382.72,4278
AMGN,2026-09-10,12:07,382.7,382.94,382.7,382.825,3870
AMGN,2026-09-10,12:08,382.825,382.94,382.75,382.75,3616
AMGN,2026-09-10,12:09,382.77,382.8,382.6231,382.78,3064
AMGN,2026-09-10,12:10,382.78,382.86,382.56,382.56,6039
AMGN,2026-09-10,12:11,382.695,382.72,382.38,382.38,8941
AMGN,2026-09-10,12:12,382.5,382.5,382.18,382.19,5972
AMGN,2026-09-10,12:13,382.19,382.27,382.16,382.19,10370
AMGN,2026-09-10,12:14,382.17,382.56,382.17,382.53,6806
AMGN,2026-09-10,12:15,382.535,382.535,382.43,382.53,3452
AMGN,2026-09-10,12:16,382.49,382.745,382.415,382.64,4442
AMGN,2026-09-10,12:17,382.77,382.855,382.77,382.855,1620
AMGN,2026-09-10,12:18,382.87,383.2,382.855,383.085,3123
AMGN,2026-09-10,12:19,383.09,383.125,382.85,383.005,3965
AMGN,2026-09-10,12:20,382.98,383.6495,382.91,383.27,6368
AMGN,2026-09-10,12:21,383.22,383.22,383.03,383.03,1243
AMGN,2026-09-10,12:22,383.1125,383.12,382.91,383.055,5652
AMGN,2026-09-10,12:23,383.055,383.11,382.83,382.8601,3630
AMGN,2026-09-10,12:24,382.86,383.02,382.86,382.98,1986
AMGN,2026-09-10,12:25,382.805,382.805,382.43,382.43,4346
AMGN,2026-09-10,12:26,382.5,382.52,382.16,382.385,4305
AMGN,2026-09-10,12:27,382.42,382.5,382.31,382.49,8650
AMGN,2026-09-10,12:28,382.49,382.6,382.45,382.51,4228
AMGN,2026-09-10,12:29,382.53,382.53,382.475,382.475,1004
AMGN,2026-09-10,12:30,382.47,382.49,382.38,382.39,1348
AMGN,2026-09-10,12:31,382.47,382.74,382.46,382.5901,2928
AMGN,2026-09-10,12:32,382.59,382.63,382.49,382.6,1781
AMGN,2026-09-10,12:33,382.5901,382.68,382.5725,382.6232,1751
AMGN,2026-09-10,12:34,382.67,382.71,382.1,382.1,6483
AMGN,2026-09-10,12:35,382.19,382.2593,382.02,382.115,7550
AMGN,2026-09-10,12:36,382.11,382.395,382.11,382.395,3303
AMGN,2026-09-10,12:37,382.405,382.4899,382.33,382.4899,1029
AMGN,2026-09-10,12:38,382.36,382.36,382.25,382.335,2359
AMGN,2026-09-10,12:39,382.26,382.5425,382.18,382.5425,3183
AMGN,2026-09-10,12:40,382.58,382.6782,382.49,382.595,2003
AMGN,2026-09-10,12:41,382.48,382.545,382.44,382.545,1330
AMGN,2026-09-10,12:42,382.545,382.63,382.45,382.5,1778
AMGN,2026-09-10,12:43,382.6,382.79,382.5575,382.79,3386
AMGN,2026-09-10,12:44,382.735,382.735,382.65,382.695,1437
AMGN,2026-09-10,12:45,382.695,382.7,382.53,382.6,3417
AMGN,2026-09-10,12:46,382.53,382.575,382.2,382.31,11437
AMGN,2026-09-10,12:47,382.24,382.34,381.94,382.23,7783
AMGN,2026-09-10,12:48,382.16,382.17,382.1551,382.16,1259
AMGN,2026-09-10,12:49,382.21,382.21,382.02,382.0275,1695
AMGN,2026-09-10,12:50,382.025,382.095,381.79,381.8403,3380
AMGN,2026-09-10,12:51,381.855,381.855,381.71,381.76,3402
AMGN,2026-09-10,12:52,381.77,381.91,381.72,381.75,8928
AMGN,2026-09-10,12:53,381.77,381.84,381.7373,381.76,3420
AMGN,2026-09-10,12:54,381.795,381.95,381.7601,381.91,5127
AMGN,2026-09-10,12:55,381.85,382.13,381.72,381.82,6598
AMGN,2026-09-10,12:56,381.65,381.815,381.65,381.68,981
AMGN,2026-09-10,12:57,381.7,381.7,381.51,381.65,4653
AMGN,2026-09-10,12:58,381.61,381.65,381.58,381.58,9026
AMGN,2026-09-10,12:59,381.58,381.965,381.57,381.9425,5534
AMGN,2026-09-10,13:00,381.91,382.14,381.91,382.025,2650
AMGN,2026-09-10,13:01,381.92,381.96,381.79,381.96,2031
AMGN,2026-09-10,13:02,382.04,382.14,381.74,381.755,9352
AMGN,2026-09-10,13:03,381.76,381.76,381.6,381.63,3950
AMGN,2026-09-10,13:04,381.685,381.98,381.6001,381.98,2592
AMGN,2026-09-10,13:05,381.875,381.97,381.77,381.85,2303
AMGN,2026-09-10,13:06,381.83,381.8351,381.62,381.755,2136
AMGN,2026-09-10,13:07,381.73,381.76,381.6,381.72,4561
AMGN,2026-09-10,13:08,381.75,381.7901,381.7475,381.76,1955
AMGN,2026-09-10,13:09,381.76,381.76,381.61,381.695,3002
AMGN,2026-09-10,13:10,381.7,381.85,381.665,381.85,2786
AMGN,2026-09-10,13:11,381.98,382.2099,381.9302,381.97,7545
AMGN,2026-09-10,13:12,381.97,382.26,381.904,382.26,5229
AMGN,2026-09-10,13:13,382.1688,382.19,382.04,382.125,1675
AMGN,2026-09-10,13:14,382.07,382.74,381.99,382.74,11609
AMGN,2026-09-10,13:15,382.55,382.56,382.51,382.555,1975
AMGN,2026-09-10,13:16,382.56,382.7,382.45,382.525,1144
AMGN,2026-09-10,13:17,382.65,382.65,382.25,382.56,24955
AMGN,2026-09-10,13:18,382.555,382.69,382.42,382.57,6500
AMGN,2026-09-10,13:19,382.565,383.33,382.46,383.295,22424
AMGN,2026-09-10,13:20,383.295,383.42,383.15,383.245,11116
AMGN,2026-09-10,13:21,383.275,383.275,382.974,383.025,2730
AMGN,2026-09-10,13:22,383.075,383.075,382.725,382.73,4706
AMGN,2026-09-10,13:23,382.74,382.775,382.59,382.775,1388
AMGN,2026-09-10,13:24,382.7,382.74,382.53,382.665,6034
AMGN,2026-09-10,13:25,382.685,382.685,382.4668,382.505,2414
AMGN,2026-09-10,13:26,382.565,382.565,382.25,382.4,4278
AMGN,2026-09-10,13:27,382.34,382.34,382.125,382.125,1954
AMGN,2026-09-10,13:28,382.25,382.4,382.16,382.3114,3911
AMGN,2026-09-10,13:29,382.32,382.32,382.14,382.18,3319
AMGN,2026-09-10,13:30,382.26,382.3803,382.095,382.095,6381
AMGN,2026-09-10,13:31,382.165,382.48,382.12,382.475,5470
AMGN,2026-09-10,13:32,382.47,382.59,382.465,382.465,3860
AMGN,2026-09-10,13:33,382.53,382.55,382.15,382.465,10933
AMGN,2026-09-10,13:34,382.56,383.04,382.475,383.04,11415
AMGN,2026-09-10,13:35,383.045,383.045,382.49,382.73,4443
AMGN,2026-09-10,13:36,382.715,382.88,382.715,382.745,6938
AMGN,2026-09-10,13:37,382.8,382.9,382.61,382.78,22730
AMGN,2026-09-10,13:38,382.88,383.15,382.88,383.025,4074
AMGN,2026-09-10,13:39,382.98,382.98,382.5717,382.79,3276
AMGN,2026-09-10,13:40,382.77,382.79,382.41,382.445,3879
AMGN,2026-09-10,13:41,382.445,382.445,382.445,382.445,0
AMGN,2026-09-10,13:42,382.39,382.685,382.39,382.59,4230
AMGN,2026-09-10,13:43,382.455,382.455,382.1,382.1,7917
AMGN,2026-09-10,13:44,382.115,382.3,382.115,382.23,4158
AMGN,2026-09-10,13:45,382.25,382.26,382.1201,382.1201,971
AMGN,2026-09-10,13:46,382.1,382.115,382.01,382.0999,1589
AMGN,2026-09-10,13:47,382.055,382.3,382.055,382.21,3054
AMGN,2026-09-10,13:48,382.11,382.155,382.11,382.155,808
AMGN,2026-09-10,13:49,382.2,382.35,382.16,382.175,6344
AMGN,2026-09-10,13:50,382.24,382.285,382.21,382.21,1653
AMGN,2026-09-10,13:51,382.24,382.335,382.24,382.24,1115
AMGN,2026-09-10,13:52,382.1901,382.32,382.1901,382.21,1167
AMGN,2026-09-10,13:53,382.31,382.365,382.12,382.12,4068
AMGN,2026-09-10,13:54,382.12,382.3864,382.12,382.385,3589
AMGN,2026-09-10,13:55,382.4,382.4,382.22,382.295,1780
AMGN,2026-09-10,13:56,382.3,382.3,382.25,382.25,727
AMGN,2026-09-10,13:57,382.3,382.3,381.83,381.9575,9850
AMGN,2026-09-10,13:58,381.945,382.235,381.9174,382.22,5440
AMGN,2026-09-10,13:59,382.265,382.345,382.265,382.345,1672
AMGN,2026-09-10,14:00,382.27,382.6601,382.27,382.6601,2155
AMGN,2026-09-10,14:01,382.66,382.69,382.49,382.5,7144
AMGN,2026-09-10,14:02,382.51,382.57,382.125,382.215,4214
AMGN,2026-09-10,14:03,382.22,382.22,382.08,382.125,3021
AMGN,2026-09-10,14:04,382.04,382.2399,382.04,382.23,2522
AMGN,2026-09-10,14:05,382.08,382.22,381.81,382.115,12805
AMGN,2026-09-10,14:06,382.195,382.195,381.99,382.185,7286
AMGN,2026-09-10,14:07,382.25,382.25,381.98,382.2,8052
AMGN,2026-09-10,14:08,382.29,382.48,382.29,382.48,2601
AMGN,2026-09-10,14:09,382.26,382.37,382.17,382.3,2940
AMGN,2026-09-10,14:10,382.295,382.295,381.85,381.92,4936
AMGN,2026-09-10,14:11,381.92,381.979,381.765,381.82,3003
AMGN,2026-09-10,14:12,381.9,382.359,381.9,382.359,3847
AMGN,2026-09-10,14:13,382.265,382.5,382.265,382.469,2476
AMGN,2026-09-10,14:14,382.415,382.44,382.345,382.44,3889
AMGN,2026-09-10,14:15,382.39,382.48,382.22,382.325,3025
AMGN,2026-09-10,14:16,382.32,382.46,382.315,382.41,2512
AMGN,2026-09-10,14:17,382.32,382.8,382.23,382.8,4546
AMGN,2026-09-10,14:18,382.92,383,382.755,382.83,4959
AMGN,2026-09-10,14:19,382.75,382.78,382.6,382.6,1664
AMGN,2026-09-10,14:20,382.69,382.965,382.69,382.73,2016
AMGN,2026-09-10,14:21,382.745,382.7823,382.68,382.725,3880
AMGN,2026-09-10,14:22,382.72,382.745,382.69,382.745,1099
AMGN,2026-09-10,14:23,382.62,382.7985,382.6,382.6,4075
AMGN,2026-09-10,14:24,382.44,382.4705,382.44,382.45,865
AMGN,2026-09-10,14:25,382.45,382.47,382.2,382.29,4880
AMGN,2026-09-10,14:26,382.34,382.365,382.23,382.26,1761
AMGN,2026-09-10,14:27,382.235,382.499,382.07,382.12,14074
AMGN,2026-09-10,14:28,382.1975,382.225,382.1975,382.225,1865
AMGN,2026-09-10,14:29,382.1,382.195,382.07,382.135,1727
AMGN,2026-09-10,14:30,382.135,382.135,382.04,382.125,1105
AMGN,2026-09-10,14:31,382.1175,382.2025,382.1175,382.165,4080
AMGN,2026-09-10,14:32,382.27,382.2878,382.18,382.18,3310
AMGN,2026-09-10,14:33,382.24,382.24,382.14,382.23,1476
AMGN,2026-09-10,14:34,382.24,382.255,382,382.09,5318
AMGN,2026-09-10,14:35,382.105,382.12,382.105,382.12,1925
AMGN,2026-09-10,14:36,382.03,382.03,381.87,381.87,4264
AMGN,2026-09-10,14:37,381.915,382.225,381.88,381.95,9629
AMGN,2026-09-10,14:38,381.936,381.95,381.71,381.71,2802
AMGN,2026-09-10,14:39,381.775,381.83,381.775,381.785,1176
AMGN,2026-09-10,14:40,381.755,381.88,381.7223,381.88,3253
AMGN,2026-09-10,14:41,381.83,381.84,381.69,381.705,3482
AMGN,2026-09-10,14:42,381.705,381.76,381.66,381.76,644
AMGN,2026-09-10,14:43,381.715,381.7477,381.71,381.715,3528
AMGN,2026-09-10,14:44,381.76,383.05,381.76,382.48,137241
AMGN,2026-09-10,14:45,382.4225,382.5399,382.36,382.49,2059
AMGN,2026-09-10,14:46,382.38,382.6,382.38,382.505,2645
AMGN,2026-09-10,14:47,382.56,382.79,382.48,382.54,13598
AMGN,2026-09-10,14:48,382.48,383.695,382.48,383.695,58598
AMGN,2026-09-10,14:49,383.8425,384.09,383.405,383.63,11684
AMGN,2026-09-10,14:50,383.56,383.68,383.38,383.51,7893
AMGN,2026-09-10,14:51,383.45,383.75,383.45,383.73,7841
AMGN,2026-09-10,14:52,383.73,383.91,383.69,383.7625,20758
AMGN,2026-09-10,14:53,383.795,383.86,383.795,383.86,1701
AMGN,2026-09-10,14:54,383.805,383.9,383.47,383.47,9861
AMGN,2026-09-10,14:55,383.375,383.375,383.375,383.375,562
AMGN,2026-09-10,14:56,383.3,383.38,383.245,383.37,4187
AMGN,2026-09-10,14:57,383.49,383.495,383.29,383.33,2486
AMGN,2026-09-10,14:58,383.3299,383.3299,383.1,383.1,1443
AMGN,2026-09-10,14:59,383.065,383.07,382.81,382.81,3118
AMGN,2026-09-10,15:00,382.885,382.885,382.6,382.6,2890
AMGN,2026-09-10,15:01,382.7,382.93,382.7,382.93,2567
AMGN,2026-09-10,15:02,382.8414,382.92,382.8414,382.85,1911
AMGN,2026-09-10,15:03,382.86,383.1,382.86,383.1,11226
AMGN,2026-09-10,15:04,383.08,383.17,383.03,383.045,3100
AMGN,2026-09-10,15:05,382.95,383.23,382.95,383.21,5471
AMGN,2026-09-10,15:06,383.185,383.38,383.185,383.345,7704
AMGN,2026-09-10,15:07,383.28,383.41,383.2,383.37,6691
AMGN,2026-09-10,15:08,383.435,383.57,383.41,383.57,4963
AMGN,2026-09-10,15:09,383.54,383.78,383.51,383.72,6084
AMGN,2026-09-10,15:10,383.65,383.735,383.65,383.735,3467
AMGN,2026-09-10,15:11,383.74,383.795,383.45,383.45,4265
AMGN,2026-09-10,15:12,383.425,383.46,383.35,383.425,3156
AMGN,2026-09-10,15:13,383.41,383.41,383.32,383.345,1799
AMGN,2026-09-10,15:14,383.4,383.4,383.25,383.265,3886
AMGN,2026-09-10,15:15,383.305,383.305,383.02,383.02,11126
AMGN,2026-09-10,15:16,382.9,383.04,382.89,382.96,4990
AMGN,2026-09-10,15:17,382.95,383,382.76,382.84,3683
AMGN,2026-09-10,15:18,382.83,383,382.83,382.9306,3492
AMGN,2026-09-10,15:19,383.04,383.16,383,383.045,7210
AMGN,2026-09-10,15:20,383,383.05,382.89,382.89,7140
AMGN,2026-09-10,15:21,382.955,383.05,382.83,382.915,8236
AMGN,2026-09-10,15:22,382.92,382.94,382.81,382.855,1360
AMGN,2026-09-10,15:23,382.79,382.98,382.67,382.76,3385
AMGN,2026-09-10,15:24,382.755,382.79,382.7,382.79,1687
AMGN,2026-09-10,15:25,382.815,382.815,382.514,382.56,3311
AMGN,2026-09-10,15:26,382.61,382.6499,382.47,382.47,9709
AMGN,2026-09-10,15:27,382.47,382.68,382.46,382.62,14214
AMGN,2026-09-10,15:28,382.5808,382.68,382.56,382.56,2315
AMGN,2026-09-10,15:29,382.56,382.58,382.51,382.545,8296
AMGN,2026-09-10,15:30,382.52,382.525,382.2401,382.4499,9288
AMGN,2026-09-10,15:31,382.35,382.51,382.18,382.18,20079
AMGN,2026-09-10,15:32,382.145,382.32,382.09,382.32,3718
AMGN,2026-09-10,15:33,382.32,382.55,382.22,382.55,8085
AMGN,2026-09-10,15:34,382.53,382.65,382.42,382.42,6607
AMGN,2026-09-10,15:35,382.42,382.42,382.3,382.32,2735
AMGN,2026-09-10,15:36,382.41,382.5499,382.32,382.4,9440
AMGN,2026-09-10,15:37,382.4,382.4,382.2701,382.38,3245
AMGN,2026-09-10,15:38,382.38,382.81,382.314,382.73,14450
AMGN,2026-09-10,15:39,382.875,383.2001,382.875,383.13,5640
AMGN,2026-09-10,15:40,383.19,383.47,383.17,383.17,8761
AMGN,2026-09-10,15:41,383.32,383.32,383.09,383.09,10793
AMGN,2026-09-10,15:42,383.05,383.05,382.95,383.05,5020
AMGN,2026-09-10,15:43,382.975,383.49,382.82,383.39,19643
AMGN,2026-09-10,15:44,383.37,383.37,383.175,383.26,4451
AMGN,2026-09-10,15:45,383.26,383.46,382.73,382.76,6775
AMGN,2026-09-10,15:46,382.685,382.735,382.55,382.655,3433
AMGN,2026-09-10,15:47,382.66,382.76,382.61,382.76,3298
AMGN,2026-09-10,15:48,382.73,382.78,382.54,382.55,4262
AMGN,2026-09-10,15:49,382.55,382.81,382.44,382.585,14391
AMGN,2026-09-10,15:50,382.47,382.7,382.42,382.605,16881
AMGN,2026-09-10,15:51,382.605,382.66,382.27,382.335,34650
AMGN,2026-09-10,15:52,382.34,382.36,382.17,382.265,11687
AMGN,2026-09-10,15:53,382.39,382.6385,382.18,382.56,17998
AMGN,2026-09-10,15:54,382.51,383.331,382.22,383.15,19397
AMGN,2026-09-10,15:55,382.97,383.195,382.63,382.94,24406
AMGN,2026-09-10,15:56,382.95,382.99,382.63,382.78,17913
AMGN,2026-09-10,15:57,382.73,382.79,382.36,382.36,28534
AMGN,2026-09-10,15:58,382.36,382.5,382.27,382.3,65890
AMGN,2026-09-10,15:59,382.26,382.53,382.13,382.3,60867
AMGN,2026-09-10,16:00,382.47,382.47,382.47,382.47,0
AMGN,2026-09-11,09:30,386.99,386.99,383.005,383.005,68790
AMGN,2026-09-11,09:31,383,384.545,382.6,384.545,10390
AMGN,2026-09-11,09:32,384.575,384.8212,384.52,384.58,1514
AMGN,2026-09-11,09:33,384.33,384.33,382.68,384.06,2662
AMGN,2026-09-11,09:34,383.54,384.595,383.54,384.1225,10500
AMGN,2026-09-11,09:35,384.425,385.22,384.01,384.295,5060
AMGN,2026-09-11,09:36,384.3375,384.405,383.85,384.33,3420
AMGN,2026-09-11,09:37,384.33,384.415,383.15,383.15,2909
AMGN,2026-09-11,09:38,383.065,383.5155,383.035,383.235,3288
AMGN,2026-09-11,09:39,383.04,383.17,382.35,382.35,5493
AMGN,2026-09-11,09:40,382.4325,382.55,381.865,382.27,2155
AMGN,2026-09-11,09:41,381.995,382.34,381.86,381.955,4974
AMGN,2026-09-11,09:42,381.86,382.0337,381.6,381.6,1540
AMGN,2026-09-11,09:43,381.53,381.6,381.3,381.32,3045
AMGN,2026-09-11,09:44,381.335,382.0351,381.335,382.0351,2674
AMGN,2026-09-11,09:45,381.855,382.355,381.855,382.06,2989
AMGN,2026-09-11,09:46,382.36,382.36,381.72,381.765,3103
AMGN,2026-09-11,09:47,381.825,382.42,381.825,382.29,1639
AMGN,2026-09-11,09:48,382.35,382.65,382.35,382.5,3058
AMGN,2026-09-11,09:49,382.665,382.665,382.06,382.245,3660
AMGN,2026-09-11,09:50,381.86,381.9651,381.29,381.495,1840
AMGN,2026-09-11,09:51,381.68,382.01,381.645,381.785,1695
AMGN,2026-09-11,09:52,381.88,382.315,381.88,382.2975,3362
AMGN,2026-09-11,09:53,382.35,382.53,382.19,382.53,2897
AMGN,2026-09-11,09:54,382.25,382.25,381.65,381.99,1863
AMGN,2026-09-11,09:55,382.02,382.21,381.8,381.98,7217
AMGN,2026-09-11,09:56,381.75,382.11,381.75,381.77,2040
AMGN,2026-09-11,09:57,381.95,382.2,381.92,382.005,2081
AMGN,2026-09-11,09:58,382,382,381.61,382,2084
AMGN,2026-09-11,09:59,381.77,382.005,381.5,381.555,1567
AMGN,2026-09-11,10:00,381.32,381.62,381.185,381.185,4388
AMGN,2026-09-11,10:01,381.05,381.3227,380.83,380.96,8233
AMGN,2026-09-11,10:02,380.6463,380.6463,380.19,380.28,4219
AMGN,2026-09-11,10:03,380.3,380.35,379.35,379.5482,19601
AMGN,2026-09-11,10:04,379.365,379.5,378.89,378.915,11722
AMGN,2026-09-11,10:05,379.0299,379.54,378.8,379.405,6153
AMGN,2026-09-11,10:06,379,379.3999,378.8,379.09,20106
AMGN,2026-09-11,10:07,379.1,379.1,378.27,378.67,11745
AMGN,2026-09-11,10:08,378.79,378.89,378.675,378.795,4228
AMGN,2026-09-11,10:09,378.785,378.98,378.39,378.39,4805
AMGN,2026-09-11,10:10,378.475,378.63,378.46,378.46,2996
AMGN,2026-09-11,10:11,378.63,378.8251,378.47,378.825,5388
AMGN,2026-09-11,10:12,378.66,378.67,378.38,378.58,3644
AMGN,2026-09-11,10:13,378.525,379.525,378.52,379.525,18901
AMGN,2026-09-11,10:14,379.64,379.649,379.27,379.365,3068
AMGN,2026-09-11,10:15,379.35,379.62,379.35,379.52,4794
AMGN,2026-09-11,10:16,379.49,379.6,379.3,379.5,4248
AMGN,2026-09-11,10:17,379.32,379.66,379.31,379.535,4661
AMGN,2026-09-11,10:18,379.54,379.69,379.395,379.585,12117
AMGN,2026-09-11,10:19,379.75,379.86,379.65,379.8225,2021
AMGN,2026-09-11,10:20,379.99,380,379.6,379.67,4833
AMGN,2026-09-11,10:21,379.67,379.68,379.41,379.655,1062
AMGN,2026-09-11,10:22,379.46,379.7,379.32,379.32,2042
AMGN,2026-09-11,10:23,379.33,379.33,378.85,379.07,1781
AMGN,2026-09-11,10:24,379.07,379.1513,378.805,378.805,1851
AMGN,2026-09-11,10:25,378.75,378.905,378.57,378.72,7260
AMGN,2026-09-11,10:26,378.727,378.895,378.727,378.895,3069
AMGN,2026-09-11,10:27,378.895,378.98,378.71,378.83,3631
AMGN,2026-09-11,10:28,378.805,379.18,378.805,378.965,2182
AMGN,2026-09-11,10:29,379,379,378.71,378.91,5198
AMGN,2026-09-11,10:30,378.88,378.9899,378.74,378.8951,2806
AMGN,2026-09-11,10:31,378.895,379,378.855,378.98,1727
AMGN,2026-09-11,10:32,378.89,378.89,378.3,378.405,5605
AMGN,2026-09-11,10:33,378.34,378.51,378.3001,378.5,4434
AMGN,2026-09-11,10:34,378.3801,378.62,378.3801,378.42,1140
AMGN,2026-09-11,10:35,378.3,378.745,378.29,378.745,6472
AMGN,2026-09-11,10:36,378.75,378.91,378.67,378.785,12980
AMGN,2026-09-11,10:37,378.785,378.91,378.58,378.71,2432
AMGN,2026-09-11,10:38,378.675,378.77,378.565,378.6425,2986
AMGN,2026-09-11,10:39,378.725,378.86,378.67,378.805,1634
AMGN,2026-09-11,10:40,378.75,378.87,378.64,378.64,4995
AMGN,2026-09-11,10:41,378.655,378.665,378.49,378.615,1583
AMGN,2026-09-11,10:42,378.665,378.675,378.615,378.615,1238
AMGN,2026-09-11,10:43,378.94,379.0236,378.83,378.9999,2365
AMGN,2026-09-11,10:44,378.855,378.855,378.56,378.64,3066
AMGN,2026-09-11,10:45,378.41,378.41,378.17,378.265,2518
AMGN,2026-09-11,10:46,378.41,378.94,378.35,378.93,3952
AMGN,2026-09-11,10:47,378.865,378.97,378.81,378.87,8353
AMGN,2026-09-11,10:48,378.93,379.215,378.82,379.04,3576
AMGN,2026-09-11,10:49,379.04,379.105,378.91,379.1,1825
AMGN,2026-09-11,10:50,379.1,379.2,378.8,378.807,3136
AMGN,2026-09-11,10:51,378.95,379.05,378.86,379.02,2963
AMGN,2026-09-11,10:52,379.12,379.67,379.005,379.67,3865
AMGN,2026-09-11,10:53,379.675,379.955,379.675,379.955,2098
AMGN,2026-09-11,10:54,379.6901,379.99,379.6901,379.845,1863
AMGN,2026-09-11,10:55,379.845,379.99,379.84,379.965,2579
AMGN,2026-09-11,10:56,379.96,380.11,379.715,380.005,4687
AMGN,2026-09-11,10:57,380.12,380.16,379.88,380.16,2393
AMGN,2026-09-11,10:58,380.15,380.32,380.15,380.32,2733
AMGN,2026-09-11,10:59,380.245,380.39,380.12,380.225,4314
AMGN,2026-09-11,11:00,380.315,380.39,380.2,380.235,1135
AMGN,2026-09-11,11:01,380.23,380.38,380.1,380.185,4059
AMGN,2026-09-11,11:02,380.07,380.07,379.7764,379.935,6015
AMGN,2026-09-11,11:03,379.935,380.105,379.715,379.8,7274
AMGN,2026-09-11,11:04,379.875,380.0127,379.72,379.92,2681
AMGN,2026-09-11,11:05,379.92,380.05,379.92,380.0059,1096
AMGN,2026-09-11,11:06,379.92,380.005,379.58,379.58,3306
AMGN,2026-09-11,11:07,379.5006,379.76,379.5006,379.65,4431
AMGN,2026-09-11,11:08,379.6501,379.6501,379.47,379.6,2364
AMGN,2026-09-11,11:09,379.685,379.99,379.5,379.99,2527
AMGN,2026-09-11,11:10,379.75,379.99,379.75,379.86,672
AMGN,2026-09-11,11:11,379.855,379.855,379.69,379.805,3948
AMGN,2026-09-11,11:12,379.85,379.85,379.4518,379.58,3097
AMGN,2026-09-11,11:13,379.485,379.485,379.08,379.08,2325
AMGN,2026-09-11,11:14,379.13,379.26,379.105,379.105,1551
AMGN,2026-09-11,11:15,379.1,379.26,379.0696,379.13,1246
AMGN,2026-09-11,11:16,379.13,379.24,379.13,379.17,1609
AMGN,2026-09-11,11:17,379.24,379.36,379.22,379.285,4005
AMGN,2026-09-11,11:18,379.205,379.26,379.0001,379.145,3993
AMGN,2026-09-11,11:19,379.31,379.43,379.31,379.375,1368
AMGN,2026-09-11,11:20,379.19,379.45,379.175,379.45,2470
AMGN,2026-09-11,11:21,379.373,379.52,379.34,379.36,3988
AMGN,2026-09-11,11:22,379.5,379.8,379.5,379.665,2634
AMGN,2026-09-11,11:23,379.66,379.81,379.55,379.78,5595
AMGN,2026-09-11,11:24,379.7,379.7,379.52,379.57,2659
AMGN,2026-09-11,11:25,379.5,379.738,379.46,379.46,4364
AMGN,2026-09-11,11:26,379.615,379.76,379.6,379.6,2115
AMGN,2026-09-11,11:27,379.77,379.86,379.77,379.8291,787
AMGN,2026-09-11,11:28,379.86,379.86,379.7,379.7051,1426
AMGN,2026-09-11,11:29,379.68,379.68,379.55,379.55,1723
AMGN,2026-09-11,11:30,379.44,379.5901,379.44,379.59,1911
AMGN,2026-09-11,11:31,379.57,379.57,379.33,379.35,3301
AMGN,2026-09-11,11:32,379.355,379.55,379.355,379.37,8324
AMGN,2026-09-11,11:33,379.4,379.72,379.31,379.72,10084
AMGN,2026-09-11,11:34,379.6075,379.85,379.605,379.85,1911
AMGN,2026-09-11,11:35,379.83,379.86,379.725,379.74,3200
AMGN,2026-09-11,11:36,379.86,379.955,379.76,379.955,3802
AMGN,2026-09-11,11:37,379.96,380,379.86,379.93,477
AMGN,2026-09-11,11:38,379.93,380.21,379.93,380.21,1301
AMGN,2026-09-11,11:39,380.21,380.21,380.0616,380.07,2578
AMGN,2026-09-11,11:40,380.085,380.095,380.025,380.05,3667
AMGN,2026-09-11,11:41,380.05,380.05,380,380.045,592
AMGN,2026-09-11,11:42,380.045,380.59,380.045,380.48,11427
AMGN,2026-09-11,11:43,380.385,380.415,380.29,380.3539,1311
AMGN,2026-09-11,11:44,380.37,380.42,380.37,380.42,1008
AMGN,2026-09-11,11:45,380.375,380.48,380.25,380.28,1690
AMGN,2026-09-11,11:46,380.365,380.365,380.275,380.355,516
AMGN,2026-09-11,11:47,380.335,380.335,380.13,380.21,1554
AMGN,2026-09-11,11:48,380.215,380.305,380.06,380.25,703
AMGN,2026-09-11,11:49,380.26,380.31,380.26,380.28,3287
AMGN,2026-09-11,11:50,380.315,380.36,380.19,380.19,2670
AMGN,2026-09-11,11:51,380.1219,380.1219,380.115,380.115,485
AMGN,2026-09-11,11:52,380.16,380.16,380.13,380.13,1188
AMGN,2026-09-11,11:53,380.125,380.125,380.09,380.09,2057
AMGN,2026-09-11,11:54,380.085,380.085,379.95,379.99,2170
AMGN,2026-09-11,11:55,379.99,380.05,379.94,379.97,5171
AMGN,2026-09-11,11:56,379.985,380,379.97,379.97,1162
AMGN,2026-09-11,11:57,379.88,379.885,379.81,379.81,1402
AMGN,2026-09-11,11:58,379.805,379.92,379.7296,379.92,5094
AMGN,2026-09-11,11:59,379.815,379.815,379.6575,379.725,2115
AMGN,2026-09-11,12:00,379.6,379.66,379.59,379.625,1129
AMGN,2026-09-11,12:01,379.58,379.865,379.51,379.865,5894
AMGN,2026-09-11,12:02,379.77,379.85,379.75,379.78,1495
AMGN,2026-09-11,12:03,379.88,379.91,379.62,379.62,12533
AMGN,2026-09-11,12:04,379.7,379.83,379.68,379.83,2568
AMGN,2026-09-11,12:05,379.73,379.8,379.67,379.76,1756
AMGN,2026-09-11,12:06,379.71,379.76,379.59,379.675,4960
AMGN,2026-09-11,12:07,379.615,379.79,379.54,379.765,6017
AMGN,2026-09-11,12:08,379.775,379.99,379.73,379.855,2442
AMGN,2026-09-11,12:09,379.875,379.949,379.72,379.87,3304
AMGN,2026-09-11,12:10,379.97,380.125,379.97,380.085,4916
AMGN,2026-09-11,12:11,380.03,380.1,380.01,380.07,1222
AMGN,2026-09-11,12:12,380.02,380.09,379.99,380,1568
AMGN,2026-09-11,12:13,380.025,380.065,379.79,379.88,3137
AMGN,2026-09-11,12:14,379.81,379.89,379.68,379.68,2447
AMGN,2026-09-11,12:15,379.72,379.8,379.68,379.68,1571
AMGN,2026-09-11,12:16,379.68,379.72,379.63,379.63,1554
AMGN,2026-09-11,12:17,379.75,379.81,379.7,379.79,1488
AMGN,2026-09-11,12:18,379.82,379.88,379.745,379.8,2057
AMGN,2026-09-11,12:19,379.905,379.905,379.8,379.81,1463
AMGN,2026-09-11,12:20,379.83,379.875,379.74,379.74,2083
AMGN,2026-09-11,12:21,379.7725,379.7725,379.66,379.7,1656
AMGN,2026-09-11,12:22,379.77,380.15,379.77,380.065,8130
AMGN,2026-09-11,12:23,380.05,380.12,380.035,380.1,2290
AMGN,2026-09-11,12:24,380.09,380.15,380.03,380.03,959
AMGN,2026-09-11,12:25,380.08,380.23,380.04,380.04,1954
AMGN,2026-09-11,12:26,380,380.03,379.96,380.03,767
AMGN,2026-09-11,12:27,380.01,380.07,379.86,380.07,1944
AMGN,2026-09-11,12:28,380.01,380.07,379.9119,380.01,1623
AMGN,2026-09-11,12:29,380.0301,380.0301,379.76,379.77,2810
AMGN,2026-09-11,12:30,379.71,379.89,379.71,379.81,1704
AMGN,2026-09-11,12:31,379.88,380.07,379.79,379.79,1893
AMGN,2026-09-11,12:32,379.75,379.87,379.72,379.87,1484
AMGN,2026-09-11,12:33,379.86,380.1,379.86,379.99,4117
AMGN,2026-09-11,12:34,380.04,380.05,379.96,380.03,3838
AMGN,2026-09-11,12:35,380.035,380.035,380.0211,380.0211,1035
AMGN,2026-09-11,12:36,379.97,380.05,379.91,379.95,2392
AMGN,2026-09-11,12:37,379.97,380.01,379.84,379.9,2716
AMGN,2026-09-11,12:38,379.92,380,379.9,379.98,1740
AMGN,2026-09-11,12:39,379.91,379.96,379.86,379.93,1260
AMGN,2026-09-11,12:40,379.94,380.07,379.87,380.04,1918
AMGN,2026-09-11,12:41,380.13,380.13,380.03,380.075,1669
AMGN,2026-09-11,12:42,380.01,380.04,379.9,379.93,1323
AMGN,2026-09-11,12:43,379.88,379.995,379.82,379.92,1537
AMGN,2026-09-11,12:44,379.97,379.97,379.85,379.9259,2499
AMGN,2026-09-11,12:45,379.9145,380,379.86,379.9,2125
AMGN,2026-09-11,12:46,379.97,380.27,379.91,380.24,10214
AMGN,2026-09-11,12:47,380.28,380.28,380.11,380.11,901
AMGN,2026-09-11,12:48,380.13,380.17,380.09,380.09,1309
AMGN,2026-09-11,12:49,380.08,380.1,379.9701,380,1958
AMGN,2026-09-11,12:50,380.06,380.14,380,380.05,953
AMGN,2026-09-11,12:51,380.1,380.1,379.62,379.658,4606
AMGN,2026-09-11,12:52,379.62,379.72,379.61,379.72,1167
AMGN,2026-09-11,12:53,379.66,379.7899,379.66,379.74,1047
AMGN,2026-09-11,12:54,379.72,379.8,379.62,379.62,2752
AMGN,2026-09-11,12:55,379.54,379.67,379.451,379.57,4463
AMGN,2026-09-11,12:56,379.535,379.535,379.535,379.535,984
AMGN,2026-09-11,12:57,379.635,379.635,379.635,379.635,372
AMGN,2026-09-11,12:58,379.665,379.79,379.665,379.79,1258
AMGN,2026-09-11,12:59,379.855,379.855,379.855,379.855,583
AMGN,2026-09-11,13:00,379.79,379.86,379.6902,379.6902,888
AMGN,2026-09-11,13:01,379.82,379.82,379.56,379.56,1502
AMGN,2026-09-11,13:02,379.53,379.53,379.401,379.401,2451
AMGN,2026-09-11,13:03,379.4,379.49,379.4,379.49,1612
AMGN,2026-09-11,13:04,379.485,379.485,379.4381,379.4381,302
AMGN,2026-09-11,13:05,379.39,379.52,379.36,379.435,1657
AMGN,2026-09-11,13:06,379.435,379.435,379.435,379.435,0
AMGN,2026-09-11,13:07,379.43,379.43,379.23,379.345,3022
AMGN,2026-09-11,13:08,379.46,379.47,379.36,379.47,1212
AMGN,2026-09-11,13:09,379.455,379.455,379.39,379.39,767
AMGN,2026-09-11,13:10,379.33,379.35,379.27,379.27,1846
AMGN,2026-09-11,13:11,379.31,379.46,379.26,379.45,2096
AMGN,2026-09-11,13:12,379.43,379.465,379.3,379.3,2596
AMGN,2026-09-11,13:13,379.28,379.365,379.28,379.31,1059
AMGN,2026-09-11,13:14,379.32,379.32,379.25,379.29,806
AMGN,2026-09-11,13:15,379.2966,379.39,379.281,379.34,1654
AMGN,2026-09-11,13:16,379.3,379.415,379.3,379.37,4589
AMGN,2026-09-11,13:17,379.39,379.4,379.32,379.32,1797
AMGN,2026-09-11,13:18,379.33,379.4,379.26,379.4,3452
AMGN,2026-09-11,13:19,379.32,379.465,379.32,379.42,2630
AMGN,2026-09-11,13:20,379.44,379.45,379.36,379.36,2952
AMGN,2026-09-11,13:21,379.3512,379.64,379.3512,379.56,2058
AMGN,2026-09-11,13:22,379.55,379.57,379.45,379.57,2203
AMGN,2026-09-11,13:23,379.57,379.57,379.5,379.51,938
AMGN,2026-09-11,13:24,379.51,379.52,379.38,379.47,2178
AMGN,2026-09-11,13:25,379.42,379.42,379.31,379.36,1137
AMGN,2026-09-11,13:26,379.29,379.295,379.28,379.295,794
AMGN,2026-09-11,13:27,379.24,379.275,379.2,379.24,1603
AMGN,2026-09-11,13:28,379.27,379.2848,379.18,379.19,1359
AMGN,2026-09-11,13:29,379.23,379.23,379.16,379.19,1939
AMGN,2026-09-11,13:30,379.12,379.12,378.55,378.62,6514
AMGN,2026-09-11,13:31,378.6401,378.93,378.6401,378.89,4302
AMGN,2026-09-11,13:32,378.93,378.98,378.93,378.95,1535
AMGN,2026-09-11,13:33,378.96,379.15,378.96,379.07,1549
AMGN,2026-09-11,13:34,379.03,379.19,379.03,379.1601,3403
AMGN,2026-09-11,13:35,379.16,379.2294,379.075,379.08,2618
AMGN,2026-09-11,13:36,379.02,379.0701,379.02,379.07,1365
AMGN,2026-09-11,13:37,379.03,379.0414,378.9801,379,2393
AMGN,2026-09-11,13:38,379.02,379.04,378.99,379.03,2700
AMGN,2026-09-11,13:39,379.0001,379.2099,379.0001,379.1,2454
AMGN,2026-09-11,13:40,379,379.06,378.965,379.01,3353
AMGN,2026-09-11,13:41,378.97,379.165,378.91,379.11,2418
AMGN,2026-09-11,13:42,379.04,379.1,379.0096,379.04,1508
AMGN,2026-09-11,13:43,379.135,379.135,379.06,379.09,1580
AMGN,2026-09-11,13:44,379.06,379.15,379.01,379.13,3631
AMGN,2026-09-11,13:45,379.08,379.1399,379.03,379.09,2458
AMGN,2026-09-11,13:46,379.15,379.15,379.05,379.09,1974
AMGN,2026-09-11,13:47,379.05,379.18,379.05,379.15,2183
AMGN,2026-09-11,13:48,379.14,379.22,379.14,379.22,1319
AMGN,2026-09-11,13:49,379.19,379.32,379.1101,379.32,2560
AMGN,2026-09-11,13:50,379.31,379.32,379.22,379.29,2521
AMGN,2026-09-11,13:51,379.29,379.38,379.29,379.355,4541
AMGN,2026-09-11,13:52,379.355,379.46,379.355,379.3601,2477
AMGN,2026-09-11,13:53,379.4,379.48,379.39,379.44,2783
AMGN,2026-09-11,13:54,379.4,379.4,379.4,379.4,602
AMGN,2026-09-11,13:55,379.4,379.405,379.3,379.35,3205
AMGN,2026-09-11,13:56,379.41,379.51,379.41,379.43,1573
AMGN,2026-09-11,13:57,379.42,379.5,379.315,379.5,5196
AMGN,2026-09-11,13:58,379.42,379.54,379.42,379.48,2416
AMGN,2026-09-11,13:59,379.495,379.56,379.46,379.51,1316
AMGN,2026-09-11,14:00,379.52,379.52,379.44,379.48,2468
AMGN,2026-09-11,14:01,379.5,379.56,379.45,379.46,7067
AMGN,2026-09-11,14:02,379.49,379.49,379.17,379.17,2765
AMGN,2026-09-11,14:03,379.215,379.23,379.11,379.11,1692
AMGN,2026-09-11,14:04,379.16,379.2,379.14,379.19,2376
AMGN,2026-09-11,14:05,379.13,379.135,379.06,379.135,1772
AMGN,2026-09-11,14:06,379.155,379.17,379.05,379.05,3653
AMGN,2026-09-11,14:07,379,379.01,378.84,378.97,2844
AMGN,2026-09-11,14:08,378.9,378.9,378.78,378.82,1254
AMGN,2026-09-11,14:09,378.84,378.86,378.7612,378.81,2407
AMGN,2026-09-11,14:10,378.81,378.81,378.8,378.8,1261
AMGN,2026-09-11,14:11,378.86,378.88,378.855,378.88,1386
AMGN,2026-09-11,14:12,378.83,378.94,378.825,378.93,2944
AMGN,2026-09-11,14:13,378.86,378.86,378.59,378.62,3778
AMGN,2026-09-11,14:14,378.62,378.64,378.52,378.555,4454
AMGN,2026-09-11,14:15,378.51,378.57,378.42,378.5,6802
AMGN,2026-09-11,14:16,378.5,378.88,378.48,378.77,10661
AMGN,2026-09-11,14:17,378.83,378.91,378.61,378.91,3853
AMGN,2026-09-11,14:18,378.81,379.48,378.81,379.45,3669
AMGN,2026-09-11,14:19,379.415,379.49,379.28,379.365,3896
AMGN,2026-09-11,14:20,379.24,379.24,378.71,378.95,8122
AMGN,2026-09-11,14:21,378.91,379.15,378.91,379.15,2837
AMGN,2026-09-11,14:22,379.155,379.23,379.04,379.165,2382
AMGN,2026-09-11,14:23,379.09,379.205,379.05,379.1,5533
AMGN,2026-09-11,14:24,379.02,379.025,378.92,378.92,1896
AMGN,2026-09-11,14:25,378.81,378.85,378.725,378.845,4810
AMGN,2026-09-11,14:26,378.78,378.785,378.59,378.59,3580
AMGN,2026-09-11,14:27,378.6,378.97,378.6,378.97,6829
AMGN,2026-09-11,14:28,379.005,379.063,378.91,378.96,3233
AMGN,2026-09-11,14:29,378.975,379.058,378.87,379.058,1605
AMGN,2026-09-11,14:30,378.935,379.08,378.8975,378.95,2720
AMGN,2026-09-11,14:31,379.0093,379.08,378.9,378.98,3421
AMGN,2026-09-11,14:32,378.96,379.21,378.95,379.04,9198
AMGN,2026-09-11,14:33,379,379.009,378.94,378.975,1731
AMGN,2026-09-11,14:34,378.975,379.15,378.975,379.15,3565
AMGN,2026-09-11,14:35,379.11,379.166,379.04,379.06,1419
AMGN,2026-09-11,14:36,379.01,379.05,378.97,379.01,2508
AMGN,2026-09-11,14:37,379,379,378.85,378.85,2380
AMGN,2026-09-11,14:38,378.82,378.92,378.82,378.92,1642
AMGN,2026-09-11,14:39,378.87,378.9,378.75,378.75,2116
AMGN,2026-09-11,14:40,378.85,378.87,378.79,378.795,1506
AMGN,2026-09-11,14:41,378.795,378.89,378.795,378.89,1825
AMGN,2026-09-11,14:42,378.89,378.9,378.79,378.79,1680
AMGN,2026-09-11,14:43,378.72,378.73,378.72,378.73,1099
AMGN,2026-09-11,14:44,378.685,378.685,378.685,378.685,480
AMGN,2026-09-11,14:45,378.685,378.73,378.56,378.56,3280
AMGN,2026-09-11,14:46,378.55,378.97,378.55,378.945,3129
AMGN,2026-09-11,14:47,378.975,379.04,378.93,379.035,3139
AMGN,2026-09-11,14:48,379.04,379.06,379.01,379.01,2361
AMGN,2026-09-11,14:49,379.05,379.05,379.05,379.05,714
AMGN,2026-09-11,14:50,379,379.08,378.96,379.015,26814
AMGN,2026-09-11,14:51,379.015,379.15,378.98,378.98,8743
AMGN,2026-09-11,14:52,379.04,379.04,378.95,379.01,1809
AMGN,2026-09-11,14:53,378.99,378.99,378.99,378.99,637
AMGN,2026-09-11,14:54,378.9001,378.99,378.9001,378.99,632
AMGN,2026-09-11,14:55,378.99,379,378.99,379,640
AMGN,2026-09-11,14:56,378.95,379.04,378.92,378.98,6013
AMGN,2026-09-11,14:57,378.94,379.0296,378.92,378.92,2894
AMGN,2026-09-11,14:58,378.89,379.03,378.86,378.97,1790
AMGN,2026-09-11,14:59,379.04,379.04,378.93,378.98,1857
AMGN,2026-09-11,15:00,378.97,379.015,378.88,378.9,4411
AMGN,2026-09-11,15:01,378.89,379.03,378.8701,379,4485
AMGN,2026-09-11,15:02,379,379.16,378.97,379.04,10532
AMGN,2026-09-11,15:03,379.1,379.12,379,379.04,3562
AMGN,2026-09-11,15:04,379.04,379.06,378.96,379,2665
AMGN,2026-09-11,15:05,378.97,379.005,378.86,378.86,3603
AMGN,2026-09-11,15:06,378.87,378.87,378.74,378.75,2916
AMGN,2026-09-11,15:07,378.62,378.63,378.5301,378.5301,986
AMGN,2026-09-11,15:08,378.62,378.67,378.55,378.59,2448
AMGN,2026-09-11,15:09,378.64,378.75,378.62,378.75,1639
AMGN,2026-09-11,15:10,378.57,378.57,378.5,378.55,1705
AMGN,2026-09-11,15:11,378.55,378.55,378.49,378.545,1975
AMGN,2026-09-11,15:12,378.6,378.665,378.52,378.65,2677
AMGN,2026-09-11,15:13,378.59,378.805,378.59,378.805,2058
AMGN,2026-09-11,15:14,378.79,378.79,378.69,378.69,2141
AMGN,2026-09-11,15:15,378.74,378.76,378.64,378.64,2586
AMGN,2026-09-11,15:16,378.63,378.72,378.6,378.695,3534
AMGN,2026-09-11,15:17,378.63,378.98,378.63,378.79,3957
AMGN,2026-09-11,15:18,378.89,378.92,378.8,378.92,863
AMGN,2026-09-11,15:19,378.99,379.05,378.98,378.98,5058
AMGN,2026-09-11,15:20,379.01,379.19,379.005,379.16,10544
AMGN,2026-09-11,15:21,379.17,379.28,379.17,379.28,3105
AMGN,2026-09-11,15:22,379.3,379.3,379.17,379.175,7022
AMGN,2026-09-11,15:23,379.16,379.165,379.14,379.14,2003
AMGN,2026-09-11,15:24,379.13,379.18,379.01,379.16,4806
AMGN,2026-09-11,15:25,379.19,379.25,379.16,379.2,4777
AMGN,2026-09-11,15:26,379.2,379.2051,379.13,379.17,2886
AMGN,2026-09-11,15:27,379.14,379.25,379.14,379.14,3692
AMGN,2026-09-11,15:28,379.06,379.165,378.59,378.64,9333
AMGN,2026-09-11,15:29,378.65,378.66,378.5,378.53,4342
AMGN,2026-09-11,15:30,378.53,378.65,378.47,378.65,5921
AMGN,2026-09-11,15:31,378.57,378.57,378.47,378.49,2979
AMGN,2026-09-11,15:32,378.5,378.63,378.44,378.63,2454
AMGN,2026-09-11,15:33,378.605,378.605,378.45,378.45,3086
AMGN,2026-09-11,15:34,378.51,378.53,378.41,378.53,2900
AMGN,2026-09-11,15:35,378.52,378.58,378.46,378.46,2302
AMGN,2026-09-11,15:36,378.4,378.46,378.14,378.1407,5085
AMGN,2026-09-11,15:37,378.15,378.175,378.11,378.15,2265
AMGN,2026-09-11,15:38,378.1967,378.1967,377.99,378.13,5760
AMGN,2026-09-11,15:39,378.1299,378.1299,377.96,378.03,4278
AMGN,2026-09-11,15:40,378.04,378.05,377.95,377.95,1468
AMGN,2026-09-11,15:41,377.98,378.04,377.97,378,2364
AMGN,2026-09-11,15:42,378.1,378.2,378.04,378.175,4634
AMGN,2026-09-11,15:43,378.12,378.22,378.0901,378.195,3351
AMGN,2026-09-11,15:44,378.259,378.27,378.17,378.17,5344
AMGN,2026-09-11,15:45,378.13,378.24,378.08,378.24,3193
AMGN,2026-09-11,15:46,378.2475,378.342,378.225,378.25,4485
AMGN,2026-09-11,15:47,378.33,378.42,378.28,378.285,7541
AMGN,2026-09-11,15:48,378.27,378.35,378.26,378.325,5970
AMGN,2026-09-11,15:49,378.25,378.25,378.08,378.08,5384
AMGN,2026-09-11,15:50,378.14,378.14,377.6,377.61,10804
AMGN,2026-09-11,15:51,377.605,377.74,377.6001,377.685,6638
AMGN,2026-09-11,15:52,377.71,377.77,377.49,377.49,32611
AMGN,2026-09-11,15:53,377.5,377.95,377.5,377.73,22232
AMGN,2026-09-11,15:54,377.85,378.15,377.7,377.9,24186
AMGN,2026-09-11,15:55,377.915,378.1,377.895,377.93,25080
AMGN,2026-09-11,15:56,377.93,378.03,377.89,378.02,22266
AMGN,2026-09-11,15:57,378.035,378.05,377.68,377.72,32496
AMGN,2026-09-11,15:58,377.72,377.74,377.53,377.685,44129
AMGN,2026-09-11,15:59,377.68,377.7575,377.22,377.33,98706
AMGN,2026-09-11,16:00,377.35,377.35,377.35,377.35,0
