symbol,date,time,open,high,low,close,volume
AMZN,2026-09-02,09:30,254.255,254.81,253.4,253.585,797161
AMZN,2026-09-02,09:31,253.5,253.9961,253.4,253.87,68297
AMZN,2026-09-02,09:32,253.9,254,253.54,253.9299,65960
AMZN,2026-09-02,09:33,253.895,254.24,253.8351,254.14,55445
AMZN,2026-09-02,09:34,254.24,254.25,253.69,253.9318,63279
AMZN,2026-09-02,09:35,253.89,254.4387,253.61,254.38,95876
AMZN,2026-09-02,09:36,254.42,254.51,254.1,254.2,86087
AMZN,2026-09-02,09:37,254.17,254.275,253.865,253.97,51186
AMZN,2026-09-02,09:38,254.015,254.27,253.941,254.105,41551
AMZN,2026-09-02,09:39,254.08,254.305,253.985,254.275,49845
AMZN,2026-09-02,09:40,254.2442,254.6,254.19,254.4352,63315
AMZN,2026-09-02,09:41,254.41,254.48,254.165,254.41,42236
AMZN,2026-09-02,09:42,254.3801,254.4699,254.22,254.38,62252
AMZN,2026-09-02,09:43,254.39,254.665,254.34,254.3925,57101
AMZN,2026-09-02,09:44,254.38,254.46,254.22,254.3,68897
AMZN,2026-09-02,09:45,254.22,254.4,254.01,254.265,118556
AMZN,2026-09-02,09:46,254.27,255.055,254.21,255,113813
AMZN,2026-09-02,09:47,255.01,255.29,254.83,254.9701,110431
AMZN,2026-09-02,09:48,254.97,255.28,254.91,254.97,91793
AMZN,2026-09-02,09:49,254.99,255.15,254.75,254.81,52721
AMZN,2026-09-02,09:50,254.86,255.13,254.81,255.0825,60391
AMZN,2026-09-02,09:51,255.09,255.1647,254.5,254.6,175964
AMZN,2026-09-02,09:52,254.5705,255.12,254.5,254.81,97906
AMZN,2026-09-02,09:53,254.83,255.488,254.81,255.24,81593
AMZN,2026-09-02,09:54,255.27,255.64,255.2407,255.435,123289
AMZN,2026-09-02,09:55,255.41,255.55,255.2401,255.43,158758
AMZN,2026-09-02,09:56,255.45,255.5,255.24,255.38,80516
AMZN,2026-09-02,09:57,255.34,255.6,255.25,255.415,90892
AMZN,2026-09-02,09:58,255.42,255.48,255.231,255.41,53796
AMZN,2026-09-02,09:59,255.355,255.36,255.03,255.3,70184
AMZN,2026-09-02,10:00,255.28,255.3799,254.95,255.305,108154
AMZN,2026-09-02,10:01,255.305,255.3282,254.99,255.005,103045
AMZN,2026-09-02,10:02,255.005,255.04,254.66,254.75,87030
AMZN,2026-09-02,10:03,254.76,255.11,254.73,255.08,54361
AMZN,2026-09-02,10:04,255.1,255.39,255.03,255.34,159242
AMZN,2026-09-02,10:05,255.29,255.49,255.21,255.26,99234
AMZN,2026-09-02,10:06,255.26,255.53,255.26,255.395,78439
AMZN,2026-09-02,10:07,255.409,255.7,255.38,255.6,102880
AMZN,2026-09-02,10:08,255.58,255.65,255.4664,255.4967,63173
AMZN,2026-09-02,10:09,255.5394,255.85,255.495,255.675,100026
AMZN,2026-09-02,10:10,255.72,255.95,255.51,255.675,78108
AMZN,2026-09-02,10:11,255.675,255.77,255.54,255.7401,61822
AMZN,2026-09-02,10:12,255.805,255.94,255.1605,255.36,85809
AMZN,2026-09-02,10:13,255.385,255.59,255.2572,255.57,65867
AMZN,2026-09-02,10:14,255.565,255.63,255.41,255.6,44422
AMZN,2026-09-02,10:15,255.6156,255.93,255.53,255.58,130056
AMZN,2026-09-02,10:16,255.64,255.8,255.495,255.74,79085
AMZN,2026-09-02,10:17,255.74,255.915,255.59,255.845,128157
AMZN,2026-09-02,10:18,255.84,255.975,255.13,255.295,159120
AMZN,2026-09-02,10:19,255.31,255.545,255.2128,255.36,92460
AMZN,2026-09-02,10:20,255.34,255.43,255.24,255.285,78015
AMZN,2026-09-02,10:21,255.305,255.6499,255.27,255.61,61437
AMZN,2026-09-02,10:22,255.61,255.92,255.56,255.865,48673
AMZN,2026-09-02,10:23,255.85,255.91,255.57,255.7401,68468
AMZN,2026-09-02,10:24,255.74,255.97,255.64,255.7236,51605
AMZN,2026-09-02,10:25,255.75,255.79,255.67,255.7001,34828
AMZN,2026-09-02,10:26,255.79,256.1899,255.765,256.06,84222
AMZN,2026-09-02,10:27,256.04,256.12,255.85,256.115,55815
AMZN,2026-09-02,10:28,256.115,256.2,255.87,256.115,131392
AMZN,2026-09-02,10:29,256.115,256.24,255.85,256.1,83962
AMZN,2026-09-02,10:30,256.055,256.075,255.63,255.73,132011
AMZN,2026-09-02,10:31,255.73,255.797,255.53,255.57,62005
AMZN,2026-09-02,10:32,255.585,255.75,255.37,255.37,64141
AMZN,2026-09-02,10:33,255.3799,255.5471,255.2378,255.4054,67193
AMZN,2026-09-02,10:34,255.41,255.5952,255.41,255.575,51947
AMZN,2026-09-02,10:35,255.52,255.65,255.5,255.535,48516
AMZN,2026-09-02,10:36,255.58,255.64,255.51,255.615,44584
AMZN,2026-09-02,10:37,255.615,255.62,255.36,255.42,68488
AMZN,2026-09-02,10:38,255.385,255.4115,255.2,255.22,61085
AMZN,2026-09-02,10:39,255.2,255.215,254.87,255.01,218707
AMZN,2026-09-02,10:40,255,255.34,254.93,255.315,108601
AMZN,2026-09-02,10:41,255.3949,255.52,255.285,255.4101,47039
AMZN,2026-09-02,10:42,255.385,255.5892,255.33,255.37,50420
AMZN,2026-09-02,10:43,255.355,255.355,255.165,255.2501,47335
AMZN,2026-09-02,10:44,255.28,255.39,255.2501,255.33,29144
AMZN,2026-09-02,10:45,255.35,255.4,255.245,255.3,49573
AMZN,2026-09-02,10:46,255.295,255.695,255.27,255.66,83957
AMZN,2026-09-02,10:47,255.66,255.815,255.62,255.78,55668
AMZN,2026-09-02,10:48,255.78,255.8,255.5601,255.62,63490
AMZN,2026-09-02,10:49,255.64,255.74,255.59,255.675,37767
AMZN,2026-09-02,10:50,255.67,255.7286,255.23,255.23,69531
AMZN,2026-09-02,10:51,255.26,255.355,255.21,255.35,41992
AMZN,2026-09-02,10:52,255.365,255.38,255.3,255.32,33568
AMZN,2026-09-02,10:53,255.3,255.33,255.06,255.08,63131
AMZN,2026-09-02,10:54,255.115,255.45,255.03,255.26,58174
AMZN,2026-09-02,10:55,255.31,255.53,255.31,255.425,34152
AMZN,2026-09-02,10:56,255.43,255.495,255.27,255.32,34449
AMZN,2026-09-02,10:57,255.325,255.45,255.28,255.45,53434
AMZN,2026-09-02,10:58,255.4923,255.56,255.35,255.36,24820
AMZN,2026-09-02,10:59,255.36,255.42,255.325,255.325,28144
AMZN,2026-09-02,11:00,255.355,255.355,255.095,255.13,63986
AMZN,2026-09-02,11:01,255.15,255.29,255.15,255.27,59274
AMZN,2026-09-02,11:02,255.275,255.54,255.25,255.45,45436
AMZN,2026-09-02,11:03,255.525,255.73,255.5,255.7,38226
AMZN,2026-09-02,11:04,255.7,255.7399,255.56,255.6,55587
AMZN,2026-09-02,11:05,255.605,255.7941,255.56,255.7941,9887
AMZN,2026-09-02,11:06,255.8,255.88,255.63,255.675,53831
AMZN,2026-09-02,11:07,255.7101,255.79,255.43,255.44,101372
AMZN,2026-09-02,11:08,255.44,255.5099,255.26,255.36,36027
AMZN,2026-09-02,11:09,255.36,255.36,255.23,255.23,61187
AMZN,2026-09-02,11:10,255.22,255.34,255.1,255.155,81550
AMZN,2026-09-02,11:11,255.155,255.42,255.1,255.42,38007
AMZN,2026-09-02,11:12,255.415,255.4575,255.12,255.14,47695
AMZN,2026-09-02,11:13,255.13,255.2,255.0201,255.08,47591
AMZN,2026-09-02,11:14,255.12,255.135,255.02,255.135,24168
AMZN,2026-09-02,11:15,255.135,255.1699,254.76,254.7999,99408
AMZN,2026-09-02,11:16,254.77,254.9599,254.77,254.9199,48876
AMZN,2026-09-02,11:17,254.93,255.01,254.91,254.925,42105
AMZN,2026-09-02,11:18,254.93,255.16,254.87,255.16,50935
AMZN,2026-09-02,11:19,255.18,255.2,255.03,255.0422,24657
AMZN,2026-09-02,11:20,255.0462,255.1,255.025,255.06,32956
AMZN,2026-09-02,11:21,255.025,255.05,254.935,255.05,33182
AMZN,2026-09-02,11:22,255.01,255.12,255,255.085,34466
AMZN,2026-09-02,11:23,255.085,255.11,254.945,254.99,43979
AMZN,2026-09-02,11:24,254.999,255.1,254.995,255.1,23567
AMZN,2026-09-02,11:25,255.075,255.2,255.06,255.175,33337
AMZN,2026-09-02,11:26,255.15,255.28,255.1,255.195,42780
AMZN,2026-09-02,11:27,255.21,255.38,255.2,255.21,44897
AMZN,2026-09-02,11:28,255.24,255.38,255.24,255.31,33552
AMZN,2026-09-02,11:29,255.315,255.36,255.24,255.28,49140
AMZN,2026-09-02,11:30,255.31,255.39,255.28,255.315,54760
AMZN,2026-09-02,11:31,255.33,255.37,255.27,255.35,35602
AMZN,2026-09-02,11:32,255.3354,255.3401,255.23,255.3338,41832
AMZN,2026-09-02,11:33,255.335,255.39,255.21,255.28,39031
AMZN,2026-09-02,11:34,255.285,255.2956,255.24,255.27,17393
AMZN,2026-09-02,11:35,255.28,255.31,255.22,255.27,40690
AMZN,2026-09-02,11:36,255.255,255.43,255.24,255.395,27536
AMZN,2026-09-02,11:37,255.405,255.43,255.23,255.24,54398
AMZN,2026-09-02,11:38,255.24,255.27,255,255,36612
AMZN,2026-09-02,11:39,255.04,255.0573,254.885,254.9799,48655
AMZN,2026-09-02,11:40,254.96,255.1,254.9,255.015,51158
AMZN,2026-09-02,11:41,255.015,255.11,254.97,255.11,27646
AMZN,2026-09-02,11:42,255.0801,255.1199,254.8501,254.8928,32345
AMZN,2026-09-02,11:43,254.8792,254.9,254.71,254.725,44000
AMZN,2026-09-02,11:44,254.73,254.8,254.72,254.785,26036
AMZN,2026-09-02,11:45,254.765,254.765,254.53,254.55,52908
AMZN,2026-09-02,11:46,254.55,254.655,254.47,254.5891,46646
AMZN,2026-09-02,11:47,254.61,254.61,254.45,254.515,41046
AMZN,2026-09-02,11:48,254.48,254.63,254.44,254.595,30516
AMZN,2026-09-02,11:49,254.63,254.64,254.49,254.535,26458
AMZN,2026-09-02,11:50,254.51,254.57,254.49,254.565,24530
AMZN,2026-09-02,11:51,254.56,254.7084,254.54,254.64,27987
AMZN,2026-09-02,11:52,254.64,254.77,254.64,254.75,28925
AMZN,2026-09-02,11:53,254.77,254.78,254.64,254.64,39207
AMZN,2026-09-02,11:54,254.625,254.65,254.565,254.62,12018
AMZN,2026-09-02,11:55,254.64,254.6563,254.52,254.525,14795
AMZN,2026-09-02,11:56,254.52,254.5599,254.5,254.5524,25057
AMZN,2026-09-02,11:57,254.55,254.725,254.54,254.691,32917
AMZN,2026-09-02,11:58,254.7,254.935,254.6901,254.88,40778
AMZN,2026-09-02,11:59,254.87,255.04,254.8501,255,42354
AMZN,2026-09-02,12:00,255,255.065,254.86,255.045,35914
AMZN,2026-09-02,12:01,255.05,255.14,254.99,255.05,44242
AMZN,2026-09-02,12:02,255.06,255.07,254.93,255.015,26741
AMZN,2026-09-02,12:03,255.02,255.085,254.98,255.06,33824
AMZN,2026-09-02,12:04,255.07,255.1299,255.01,255.1299,28351
AMZN,2026-09-02,12:05,255.1,255.1,254.865,254.92,36617
AMZN,2026-09-02,12:06,254.9276,254.93,254.79,254.82,23866
AMZN,2026-09-02,12:07,254.83,254.89,254.79,254.87,25169
AMZN,2026-09-02,12:08,254.85,254.89,254.7,254.73,31749
AMZN,2026-09-02,12:09,254.75,254.77,254.61,254.6897,28544
AMZN,2026-09-02,12:10,254.7,254.87,254.6916,254.86,21547
AMZN,2026-09-02,12:11,254.87,254.88,254.8,254.83,28444
AMZN,2026-09-02,12:12,254.84,254.945,254.77,254.925,20877
AMZN,2026-09-02,12:13,254.9,254.995,254.86,254.92,27783
AMZN,2026-09-02,12:14,254.92,254.97,254.87,254.955,27884
AMZN,2026-09-02,12:15,254.95,254.955,254.77,254.8,40010
AMZN,2026-09-02,12:16,254.795,254.815,254.68,254.695,25152
AMZN,2026-09-02,12:17,254.7,255.0152,254.6801,254.96,35704
AMZN,2026-09-02,12:18,254.94,255.0899,254.94,255.045,44050
AMZN,2026-09-02,12:19,255.05,255.05,254.8,254.86,65750
AMZN,2026-09-02,12:20,254.875,254.9,254.8,254.84,28306
AMZN,2026-09-02,12:21,254.85,254.86,254.7,254.75,43833
AMZN,2026-09-02,12:22,254.755,254.85,254.75,254.77,21968
AMZN,2026-09-02,12:23,254.745,254.745,254.52,254.555,46115
AMZN,2026-09-02,12:24,254.54,254.86,254.5,254.745,178493
AMZN,2026-09-02,12:25,254.75,254.76,254.67,254.68,32171
AMZN,2026-09-02,12:26,254.67,254.8327,254.665,254.71,33035
AMZN,2026-09-02,12:27,254.73,254.8,254.72,254.755,16555
AMZN,2026-09-02,12:28,254.74,254.81,254.6696,254.73,31910
AMZN,2026-09-02,12:29,254.7472,254.87,254.7472,254.87,24191
AMZN,2026-09-02,12:30,254.85,254.88,254.72,254.805,36988
AMZN,2026-09-02,12:31,254.81,254.95,254.8,254.9432,23931
AMZN,2026-09-02,12:32,254.95,254.97,254.795,254.815,21490
AMZN,2026-09-02,12:33,254.815,254.84,254.63,254.695,31561
AMZN,2026-09-02,12:34,254.69,254.8899,254.67,254.825,18655
AMZN,2026-09-02,12:35,254.8,254.925,254.8,254.913,12283
AMZN,2026-09-02,12:36,254.91,254.91,254.83,254.88,14775
AMZN,2026-09-02,12:37,254.89,254.89,254.77,254.87,18921
AMZN,2026-09-02,12:38,254.85,254.96,254.85,254.96,19252
AMZN,2026-09-02,12:39,254.98,255.06,254.94,255.02,25064
AMZN,2026-09-02,12:40,255.025,255.062,254.97,254.98,20240
AMZN,2026-09-02,12:41,255.01,255.0796,254.97,255.04,32772
AMZN,2026-09-02,12:42,255.035,255.06,254.91,254.9971,25060
AMZN,2026-09-02,12:43,254.995,255.02,254.931,255,12809
AMZN,2026-09-02,12:44,255.015,255.025,254.91,254.91,25277
AMZN,2026-09-02,12:45,254.94,255.2,254.94,255.07,55081
AMZN,2026-09-02,12:46,255.05,255.07,254.94,254.94,31080
AMZN,2026-09-02,12:47,254.955,255.03,254.955,254.995,12182
AMZN,2026-09-02,12:48,254.98,255.14,254.98,255.14,12249
AMZN,2026-09-02,12:49,255.14,255.15,254.92,255.0201,32351
AMZN,2026-09-02,12:50,255.055,255.079,255,255.01,13785
AMZN,2026-09-02,12:51,255.015,255.19,254.99,255.19,24010
AMZN,2026-09-02,12:52,255.2084,255.315,255.2,255.265,37957
AMZN,2026-09-02,12:53,255.3,255.54,255.27,255.54,57525
AMZN,2026-09-02,12:54,255.512,255.6,255.41,255.54,50059
AMZN,2026-09-02,12:55,255.58,255.588,255.38,255.44,39893
AMZN,2026-09-02,12:56,255.43,255.47,255.29,255.47,34999
AMZN,2026-09-02,12:57,255.45,255.47,255.36,255.36,24013
AMZN,2026-09-02,12:58,255.36,255.4,255.13,255.13,26845
AMZN,2026-09-02,12:59,255.13,255.16,255.03,255.07,31531
AMZN,2026-09-02,13:00,255.1,255.25,255.1,255.19,54527
AMZN,2026-09-02,13:01,255.2,255.2,255.08,255.08,44090
AMZN,2026-09-02,13:02,255.05,255.1699,255.05,255.13,24879
AMZN,2026-09-02,13:03,255.145,255.22,255.11,255.1493,27633
AMZN,2026-09-02,13:04,255.14,255.15,255.065,255.085,25376
AMZN,2026-09-02,13:05,255.08,255.14,255,255.04,48611
AMZN,2026-09-02,13:06,255.04,255.08,254.74,254.79,117328
AMZN,2026-09-02,13:07,254.795,254.9,254.46,254.52,146499
AMZN,2026-09-02,13:08,254.55,254.61,254.21,254.29,84546
AMZN,2026-09-02,13:09,254.29,254.54,254.29,254.54,77553
AMZN,2026-09-02,13:10,254.52,254.58,254.4,254.4485,28099
AMZN,2026-09-02,13:11,254.43,254.58,254.4051,254.56,20199
AMZN,2026-09-02,13:12,254.575,254.73,254.56,254.715,23216
AMZN,2026-09-02,13:13,254.715,254.75,254.65,254.665,20925
AMZN,2026-09-02,13:14,254.665,254.7,254.605,254.62,18001
AMZN,2026-09-02,13:15,254.611,254.665,254.5702,254.66,22146
AMZN,2026-09-02,13:16,254.66,254.66,254.5,254.56,18897
AMZN,2026-09-02,13:17,254.58,254.595,254.5,254.515,13146
AMZN,2026-09-02,13:18,254.53,254.5499,254.401,254.51,36585
AMZN,2026-09-02,13:19,254.51,254.7,254.5,254.69,36768
AMZN,2026-09-02,13:20,254.72,254.72,254.5866,254.6796,27473
AMZN,2026-09-02,13:21,254.67,254.77,254.66,254.74,17332
AMZN,2026-09-02,13:22,254.76,254.825,254.68,254.77,13660
AMZN,2026-09-02,13:23,254.75,254.83,254.695,254.83,20764
AMZN,2026-09-02,13:24,254.82,254.88,254.76,254.79,17240
AMZN,2026-09-02,13:25,254.775,254.91,254.72,254.885,32817
AMZN,2026-09-02,13:26,254.895,254.95,254.87,254.945,22090
AMZN,2026-09-02,13:27,254.93,254.94,254.83,254.83,16500
AMZN,2026-09-02,13:28,254.84,254.8623,254.71,254.84,20326
AMZN,2026-09-02,13:29,254.7901,254.838,254.7501,254.78,24562
AMZN,2026-09-02,13:30,254.775,254.7999,254.62,254.68,32468
AMZN,2026-09-02,13:31,254.6799,254.705,254.575,254.675,29992
AMZN,2026-09-02,13:32,254.65,254.665,254.57,254.575,10879
AMZN,2026-09-02,13:33,254.605,254.605,254.5,254.52,18908
AMZN,2026-09-02,13:34,254.5,254.5,254.4,254.41,23344
AMZN,2026-09-02,13:35,254.41,254.5499,254.4,254.5482,22630
AMZN,2026-09-02,13:36,254.535,254.585,254.48,254.535,19668
AMZN,2026-09-02,13:37,254.56,254.67,254.56,254.64,19636
AMZN,2026-09-02,13:38,254.638,254.66,254.571,254.59,16871
AMZN,2026-09-02,13:39,254.57,254.6608,254.55,254.575,23271
AMZN,2026-09-02,13:40,254.575,254.59,254.52,254.555,16473
AMZN,2026-09-02,13:41,254.555,254.565,254.5,254.5,17461
AMZN,2026-09-02,13:42,254.48,254.6599,254.48,254.65,43128
AMZN,2026-09-02,13:43,254.69,254.71,254.57,254.59,13007
AMZN,2026-09-02,13:44,254.595,254.77,254.58,254.77,37483
AMZN,2026-09-02,13:45,254.77,254.89,254.77,254.86,19251
AMZN,2026-09-02,13:46,254.8441,254.86,254.75,254.785,35974
AMZN,2026-09-02,13:47,254.7501,254.765,254.695,254.725,14501
AMZN,2026-09-02,13:48,254.725,254.83,254.68,254.825,18964
AMZN,2026-09-02,13:49,254.835,254.8899,254.83,254.86,14523
AMZN,2026-09-02,13:50,254.86,254.92,254.8,254.87,46559
AMZN,2026-09-02,13:51,254.81,254.86,254.77,254.84,18806
AMZN,2026-09-02,13:52,254.85,254.885,254.835,254.845,12736
AMZN,2026-09-02,13:53,254.84,254.9785,254.84,254.975,18286
AMZN,2026-09-02,13:54,254.9718,254.99,254.84,254.8695,16662
AMZN,2026-09-02,13:55,254.84,254.99,254.82,254.99,34464
AMZN,2026-09-02,13:56,254.99,255.05,254.975,255.025,29720
AMZN,2026-09-02,13:57,255,255.1,255,255.08,25600
AMZN,2026-09-02,13:58,255.08,255.085,254.951,254.985,21171
AMZN,2026-09-02,13:59,254.985,255.09,254.96,255.0275,17165
AMZN,2026-09-02,14:00,255,255.015,254.87,254.87,36048
AMZN,2026-09-02,14:01,254.82,254.87,254.715,254.715,22702
AMZN,2026-09-02,14:02,254.7535,254.82,254.74,254.79,14359
AMZN,2026-09-02,14:03,254.81,254.94,254.8,254.895,19637
AMZN,2026-09-02,14:04,254.85,254.99,254.85,254.92,33302
AMZN,2026-09-02,14:05,254.905,254.925,254.8501,254.865,14502
AMZN,2026-09-02,14:06,254.88,254.98,254.88,254.955,11958
AMZN,2026-09-02,14:07,254.9201,254.9599,254.79,254.82,18178
AMZN,2026-09-02,14:08,254.84,254.89,254.8,254.81,30348
AMZN,2026-09-02,14:09,254.8376,254.89,254.8306,254.87,38297
AMZN,2026-09-02,14:10,254.88,254.88,254.73,254.805,44199
AMZN,2026-09-02,14:11,254.8,254.81,254.72,254.73,17951
AMZN,2026-09-02,14:12,254.73,254.76,254.65,254.76,27527
AMZN,2026-09-02,14:13,254.76,254.8712,254.75,254.835,22346
AMZN,2026-09-02,14:14,254.82,254.835,254.765,254.78,23567
AMZN,2026-09-02,14:15,254.77,254.84,254.735,254.83,26980
AMZN,2026-09-02,14:16,254.83,254.83,254.74,254.765,17721
AMZN,2026-09-02,14:17,254.75,254.83,254.7341,254.8,18167
AMZN,2026-09-02,14:18,254.77,255.35,254.77,255.0452,88622
AMZN,2026-09-02,14:19,255.05,255.0799,254.97,254.9723,24949
AMZN,2026-09-02,14:20,254.99,255.1199,254.95,254.95,21726
AMZN,2026-09-02,14:21,254.99,255.04,254.83,254.95,27814
AMZN,2026-09-02,14:22,254.97,254.99,254.89,254.9642,24922
AMZN,2026-09-02,14:23,254.955,255.0799,254.94,254.9672,16220
AMZN,2026-09-02,14:24,254.96,254.975,254.8501,254.8701,18824
AMZN,2026-09-02,14:25,254.9,254.91,254.86,254.87,10298
AMZN,2026-09-02,14:26,254.88,254.93,254.85,254.8675,20186
AMZN,2026-09-02,14:27,254.86,254.87,254.7242,254.7599,20084
AMZN,2026-09-02,14:28,254.74,254.79,254.67,254.675,40388
AMZN,2026-09-02,14:29,254.685,254.79,254.65,254.785,41262
AMZN,2026-09-02,14:30,254.78,254.84,254.72,254.75,20548
AMZN,2026-09-02,14:31,254.755,254.86,254.74,254.86,28166
AMZN,2026-09-02,14:32,254.855,254.87,254.675,254.68,23224
AMZN,2026-09-02,14:33,254.68,254.71,254.63,254.65,17580
AMZN,2026-09-02,14:34,254.63,254.63,254.5531,254.62,24563
AMZN,2026-09-02,14:35,254.628,254.64,254.58,254.5917,26275
AMZN,2026-09-02,14:36,254.585,254.585,254.4298,254.46,32534
AMZN,2026-09-02,14:37,254.46,254.5099,254.44,254.47,24306
AMZN,2026-09-02,14:38,254.45,254.615,254.44,254.59,37621
AMZN,2026-09-02,14:39,254.595,254.79,254.59,254.75,27707
AMZN,2026-09-02,14:40,254.77,254.89,254.765,254.865,32017
AMZN,2026-09-02,14:41,254.87,254.89,254.805,254.88,46916
AMZN,2026-09-02,14:42,254.865,255.01,254.8538,254.8901,42120
AMZN,2026-09-02,14:43,254.945,254.96,254.79,254.875,19580
AMZN,2026-09-02,14:44,254.9,254.97,254.85,254.92,43070
AMZN,2026-09-02,14:45,254.95,254.9999,254.8755,254.89,49133
AMZN,2026-09-02,14:46,254.871,254.9099,254.7,254.77,81250
AMZN,2026-09-02,14:47,254.77,254.85,254.67,254.695,60575
AMZN,2026-09-02,14:48,254.705,254.93,254.63,254.85,107175
AMZN,2026-09-02,14:49,254.85,255.08,254.84,255.06,44453
AMZN,2026-09-02,14:50,255.08,255.2645,255.08,255.2523,26598
AMZN,2026-09-02,14:51,255.27,255.315,255.24,255.3,47379
AMZN,2026-09-02,14:52,255.31,255.32,255.1,255.14,23180
AMZN,2026-09-02,14:53,255.1714,255.27,255.12,255.22,30174
AMZN,2026-09-02,14:54,255.26,255.26,255.16,255.16,21647
AMZN,2026-09-02,14:55,255.16,255.26,255.13,255.2304,27494
AMZN,2026-09-02,14:56,255.22,255.245,255.17,255.225,29342
AMZN,2026-09-02,14:57,255.235,255.26,255.07,255.07,35253
AMZN,2026-09-02,14:58,255.06,255.125,254.98,255.12,46278
AMZN,2026-09-02,14:59,255.12,255.22,255.12,255.1601,21187
AMZN,2026-09-02,15:00,255.19,255.29,255.14,255.17,31431
AMZN,2026-09-02,15:01,255.15,255.21,255.01,255.05,38157
AMZN,2026-09-02,15:02,255.12,255.1603,255.02,255.155,20700
AMZN,2026-09-02,15:03,255.16,255.25,255.16,255.215,24269
AMZN,2026-09-02,15:04,255.215,255.23,255.0706,255.085,23901
AMZN,2026-09-02,15:05,255.1,255.25,255.0948,255.175,42235
AMZN,2026-09-02,15:06,255.16,255.22,255.13,255.195,17616
AMZN,2026-09-02,15:07,255.18,255.22,255.15,255.18,30483
AMZN,2026-09-02,15:08,255.175,255.185,255.129,255.18,18537
AMZN,2026-09-02,15:09,255.165,255.325,255.165,255.32,54814
AMZN,2026-09-02,15:10,255.365,255.375,255.29,255.335,26119
AMZN,2026-09-02,15:11,255.34,255.345,255.22,255.27,32157
AMZN,2026-09-02,15:12,255.275,255.33,255.1993,255.33,25744
AMZN,2026-09-02,15:13,255.33,255.34,255.18,255.18,28152
AMZN,2026-09-02,15:14,255.18,255.3,255.18,255.3,46960
AMZN,2026-09-02,15:15,255.31,255.505,255.3,255.36,87325
AMZN,2026-09-02,15:16,255.345,255.45,255.3,255.345,35830
AMZN,2026-09-02,15:17,255.34,255.38,255.235,255.38,41654
AMZN,2026-09-02,15:18,255.38,255.4599,255.36,255.415,27128
AMZN,2026-09-02,15:19,255.39,255.45,255.36,255.43,42549
AMZN,2026-09-02,15:20,255.435,255.44,255.1,255.107,51376
AMZN,2026-09-02,15:21,255.14,255.2699,255.01,255.19,96656
AMZN,2026-09-02,15:22,255.1832,255.21,255.04,255.15,33100
AMZN,2026-09-02,15:23,255.1603,255.17,255.06,255.12,28555
AMZN,2026-09-02,15:24,255.125,255.235,255.08,255.22,27513
AMZN,2026-09-02,15:25,255.19,255.21,255.12,255.14,22054
AMZN,2026-09-02,15:26,255.16,255.27,255.15,255.26,34497
AMZN,2026-09-02,15:27,255.26,255.26,255.1208,255.14,25263
AMZN,2026-09-02,15:28,255.15,255.255,255.08,255.09,57859
AMZN,2026-09-02,15:29,255.16,255.23,255.1,255.11,44049
AMZN,2026-09-02,15:30,255.15,255.165,255.045,255.12,47194
AMZN,2026-09-02,15:31,255.12,255.12,254.91,255,36792
AMZN,2026-09-02,15:32,254.985,254.985,254.88,254.885,39093
AMZN,2026-09-02,15:33,254.92,255.0299,254.84,254.84,34371
AMZN,2026-09-02,15:34,254.82,254.85,254.73,254.81,57785
AMZN,2026-09-02,15:35,254.85,254.97,254.825,254.93,73147
AMZN,2026-09-02,15:36,254.94,255.18,254.94,255.14,46811
AMZN,2026-09-02,15:37,255.12,255.15,254.885,254.89,38523
AMZN,2026-09-02,15:38,254.89,254.92,254.825,254.895,48230
AMZN,2026-09-02,15:39,254.9077,254.96,254.88,254.945,35781
AMZN,2026-09-02,15:40,254.91,255.0046,254.87,255,35317
AMZN,2026-09-02,15:41,254.98,254.98,254.885,254.975,42745
AMZN,2026-09-02,15:42,254.975,254.975,254.83,254.9,36256
AMZN,2026-09-02,15:43,254.9,255.1899,254.895,255.18,83396
AMZN,2026-09-02,15:44,255.175,255.19,255.08,255.165,47946
AMZN,2026-09-02,15:45,255.165,255.27,255.115,255.16,89495
AMZN,2026-09-02,15:46,255.165,255.18,255.11,255.155,39921
AMZN,2026-09-02,15:47,255.16,255.21,255.07,255.085,97153
AMZN,2026-09-02,15:48,255.0701,255.1399,255.02,255.13,51233
AMZN,2026-09-02,15:49,255.13,255.2,255.065,255.105,46516
AMZN,2026-09-02,15:50,255.09,255.2877,255.07,255.16,114825
AMZN,2026-09-02,15:51,255.16,255.17,255.0101,255.07,66279
AMZN,2026-09-02,15:52,255.07,255.13,255.04,255.0618,55574
AMZN,2026-09-02,15:53,255.06,255.2,255.05,255.09,86665
AMZN,2026-09-02,15:54,255.09,255.23,254.89,254.94,134115
AMZN,2026-09-02,15:55,254.94,255.01,254.76,254.79,147372
AMZN,2026-09-02,15:56,254.775,254.83,254.52,254.68,172025
AMZN,2026-09-02,15:57,254.685,254.785,254.645,254.73,182137
AMZN,2026-09-02,15:58,254.73,254.78,254.69,254.715,211141
AMZN,2026-09-02,15:59,254.72,255.02,254.705,254.97,522069
AMZN,2026-09-02,16:00,254.98,254.98,254.98,254.98,0
AMZN,2026-09-03,09:30,256.32,256.83,256,256.45,1568027
AMZN,2026-09-03,09:31,256.54,257.58,256.46,257.28,247589
AMZN,2026-09-03,09:32,257.31,257.93,256.105,256.6,251267
AMZN,2026-09-03,09:33,256.6,257.54,256.335,257.53,152058
AMZN,2026-09-03,09:34,257.485,257.97,257.27,257.86,161385
AMZN,2026-09-03,09:35,257.76,257.875,257.37,257.78,158906
AMZN,2026-09-03,09:36,257.79,258.895,257.7403,258.61,235335
AMZN,2026-09-03,09:37,258.66,259.04,258.445,258.51,205553
AMZN,2026-09-03,09:38,258.585,258.585,258.155,258.155,150619
AMZN,2026-09-03,09:39,258.2124,258.8,258.11,258.755,111149
AMZN,2026-09-03,09:40,258.7709,259,258.6301,258.6683,122661
AMZN,2026-09-03,09:41,258.66,258.84,258.34,258.375,86107
AMZN,2026-09-03,09:42,258.36,258.75,258.29,258.66,78100
AMZN,2026-09-03,09:43,258.66,259.35,258.6,259.16,127500
AMZN,2026-09-03,09:44,259.21,259.4299,258.75,259.11,161592
AMZN,2026-09-03,09:45,259.12,259.25,258.91,259.0901,126976
AMZN,2026-09-03,09:46,259.13,259.1601,258.7601,258.9699,83838
AMZN,2026-09-03,09:47,258.95,259.11,258.74,258.9,87616
AMZN,2026-09-03,09:48,258.93,258.95,258.3209,258.375,76146
AMZN,2026-09-03,09:49,258.35,258.65,258.31,258.56,90114
AMZN,2026-09-03,09:50,258.51,258.51,258.25,258.4,144271
AMZN,2026-09-03,09:51,258.44,258.9099,258.43,258.73,104247
AMZN,2026-09-03,09:52,258.69,258.92,258.3304,258.35,72516
AMZN,2026-09-03,09:53,258.35,258.5,258.09,258.185,94716
AMZN,2026-09-03,09:54,258.145,258.145,257.84,258.04,86416
AMZN,2026-09-03,09:55,258.07,258.16,257.87,257.91,53829
AMZN,2026-09-03,09:56,258,258.135,257.87,258.03,75294
AMZN,2026-09-03,09:57,258.06,258.2,257.93,258.07,42120
AMZN,2026-09-03,09:58,258.14,258.21,257.72,257.8591,82991
AMZN,2026-09-03,09:59,257.8117,257.9,257.6408,257.86,72880
AMZN,2026-09-03,10:00,257.7,257.83,257.385,257.52,96994
AMZN,2026-09-03,10:01,257.56,257.63,257.4107,257.51,87673
AMZN,2026-09-03,10:02,257.49,258.05,257.26,257.995,106699
AMZN,2026-09-03,10:03,257.995,258.295,257.865,258.29,78642
AMZN,2026-09-03,10:04,258.27,258.3299,257.8506,257.865,88033
AMZN,2026-09-03,10:05,257.865,258.2515,257.815,257.95,74265
AMZN,2026-09-03,10:06,257.945,258.24,257.9,258.1,65378
AMZN,2026-09-03,10:07,258.12,258.17,257.61,257.68,40653
AMZN,2026-09-03,10:08,257.67,257.76,257.425,257.5299,77378
AMZN,2026-09-03,10:09,257.4483,257.57,257.32,257.35,42558
AMZN,2026-09-03,10:10,257.365,257.435,257.045,257.3,72962
AMZN,2026-09-03,10:11,257.26,257.5264,257.19,257.45,63687
AMZN,2026-09-03,10:12,257.38,257.48,257.27,257.34,46619
AMZN,2026-09-03,10:13,257.32,257.4,257.18,257.38,81406
AMZN,2026-09-03,10:14,257.34,257.5,257.13,257.46,60171
AMZN,2026-09-03,10:15,257.46,257.78,257.4589,257.657,98495
AMZN,2026-09-03,10:16,257.74,257.87,257.51,257.57,54603
AMZN,2026-09-03,10:17,257.59,257.7,257.42,257.55,53920
AMZN,2026-09-03,10:18,257.53,257.64,257.42,257.46,43523
AMZN,2026-09-03,10:19,257.46,257.55,257.22,257.22,134886
AMZN,2026-09-03,10:20,257.25,257.5,257.1,257.27,61895
AMZN,2026-09-03,10:21,257.3499,257.45,257.1801,257.243,48586
AMZN,2026-09-03,10:22,257.2,257.3099,256.91,256.91,98677
AMZN,2026-09-03,10:23,256.95,257.17,256.9306,257.075,63708
AMZN,2026-09-03,10:24,257.1,257.25,257.07,257.189,57826
AMZN,2026-09-03,10:25,257.18,257.18,257.035,257.09,47602
AMZN,2026-09-03,10:26,257.12,257.25,257.02,257.0684,72530
AMZN,2026-09-03,10:27,257.04,257.095,256.9101,257.01,55870
AMZN,2026-09-03,10:28,257.01,257.175,257.01,257.1197,42993
AMZN,2026-09-03,10:29,257.075,257.82,257.075,257.78,84179
AMZN,2026-09-03,10:30,257.6746,257.99,257.66,257.96,74569
AMZN,2026-09-03,10:31,257.945,257.99,257.662,257.835,63696
AMZN,2026-09-03,10:32,257.81,258.05,257.7814,257.915,69820
AMZN,2026-09-03,10:33,257.93,258.18,257.9,257.94,63160
AMZN,2026-09-03,10:34,257.9051,257.935,257.6611,257.76,45477
AMZN,2026-09-03,10:35,257.79,258.062,257.64,257.995,94614
AMZN,2026-09-03,10:36,257.96,258,257.8,257.81,39988
AMZN,2026-09-03,10:37,257.77,257.8999,257.68,257.7301,40784
AMZN,2026-09-03,10:38,257.73,257.8804,257.54,257.575,48249
AMZN,2026-09-03,10:39,257.575,257.575,257.33,257.37,53783
AMZN,2026-09-03,10:40,257.36,257.3999,257.15,257.21,41603
AMZN,2026-09-03,10:41,257.22,257.62,257.2151,257.62,32613
AMZN,2026-09-03,10:42,257.6,257.89,257.6,257.755,44148
AMZN,2026-09-03,10:43,257.76,257.765,257.43,257.52,24939
AMZN,2026-09-03,10:44,257.55,257.6599,257.3732,257.59,24335
AMZN,2026-09-03,10:45,257.58,257.64,257.44,257.5201,23690
AMZN,2026-09-03,10:46,257.53,257.53,257.22,257.23,26275
AMZN,2026-09-03,10:47,257.22,257.41,257.02,257.38,45262
AMZN,2026-09-03,10:48,257.36,257.37,257.205,257.32,23313
AMZN,2026-09-03,10:49,257.35,257.5,257.25,257.48,33424
AMZN,2026-09-03,10:50,257.44,257.44,257.11,257.16,28189
AMZN,2026-09-03,10:51,257.14,257.14,256.8177,256.885,46205
AMZN,2026-09-03,10:52,256.88,256.92,256.65,256.65,58575
AMZN,2026-09-03,10:53,256.68,256.73,256.44,256.5399,64396
AMZN,2026-09-03,10:54,256.52,256.734,256.4901,256.715,55659
AMZN,2026-09-03,10:55,256.715,256.76,256.515,256.6792,54227
AMZN,2026-09-03,10:56,256.65,256.77,256.21,256.28,154427
AMZN,2026-09-03,10:57,256.2744,256.4,256.07,256.365,109873
AMZN,2026-09-03,10:58,256.36,256.5,256.27,256.45,51020
AMZN,2026-09-03,10:59,256.45,256.6,256.27,256.5721,128498
AMZN,2026-09-03,11:00,256.58,256.76,256.41,256.49,46770
AMZN,2026-09-03,11:01,256.495,256.94,256.495,256.85,58765
AMZN,2026-09-03,11:02,256.84,257,256.72,256.72,47368
AMZN,2026-09-03,11:03,256.72,257.45,256.72,257.42,93784
AMZN,2026-09-03,11:04,257.39,257.66,257.2601,257.65,75564
AMZN,2026-09-03,11:05,257.71,257.955,257.71,257.915,70833
AMZN,2026-09-03,11:06,257.935,257.935,257.49,257.66,66265
AMZN,2026-09-03,11:07,257.615,257.77,257.535,257.66,42851
AMZN,2026-09-03,11:08,257.6884,257.77,257.61,257.77,31604
AMZN,2026-09-03,11:09,257.865,258,257.8396,257.935,43247
AMZN,2026-09-03,11:10,257.9101,257.9101,257.69,257.83,22023
AMZN,2026-09-03,11:11,257.84,257.99,257.7701,257.8,37933
AMZN,2026-09-03,11:12,257.825,257.965,257.815,257.8351,35112
AMZN,2026-09-03,11:13,257.835,257.87,257.74,257.85,30072
AMZN,2026-09-03,11:14,257.85,257.95,257.7406,257.885,29439
AMZN,2026-09-03,11:15,257.94,258.125,257.85,258.035,82230
AMZN,2026-09-03,11:16,258.03,258.3,258.02,258.24,54197
AMZN,2026-09-03,11:17,258.2384,258.4,258.13,258.39,55404
AMZN,2026-09-03,11:18,258.37,258.38,257.7,258.12,152939
AMZN,2026-09-03,11:19,258.04,258.32,257.9,258.27,66764
AMZN,2026-09-03,11:20,258.24,258.38,258.08,258.31,32741
AMZN,2026-09-03,11:21,258.3051,258.39,258.18,258.24,39786
AMZN,2026-09-03,11:22,258.2301,258.58,258.195,258.54,47135
AMZN,2026-09-03,11:23,258.53,258.87,258.53,258.765,57084
AMZN,2026-09-03,11:24,258.8,258.845,258.62,258.65,60144
AMZN,2026-09-03,11:25,258.67,258.705,258.29,258.405,110088
AMZN,2026-09-03,11:26,258.38,258.4499,258.3,258.415,39339
AMZN,2026-09-03,11:27,258.405,258.54,258.22,258.49,46651
AMZN,2026-09-03,11:28,258.47,258.5,258.36,258.425,33793
AMZN,2026-09-03,11:29,258.48,258.76,258.48,258.74,49574
AMZN,2026-09-03,11:30,258.76,258.81,258.54,258.71,78458
AMZN,2026-09-03,11:31,258.73,258.775,258.6701,258.72,40885
AMZN,2026-09-03,11:32,258.74,258.96,258.71,258.96,99936
AMZN,2026-09-03,11:33,258.9796,259.09,258.97,258.98,75670
AMZN,2026-09-03,11:34,258.985,259.16,258.965,259.08,58643
AMZN,2026-09-03,11:35,259.09,259.165,259.0174,259.15,36956
AMZN,2026-09-03,11:36,259.15,259.2246,259.095,259.155,44883
AMZN,2026-09-03,11:37,259.1895,259.27,259.11,259.185,66385
AMZN,2026-09-03,11:38,259.215,259.325,259.12,259.23,65588
AMZN,2026-09-03,11:39,259.24,259.25,259.06,259.14,31514
AMZN,2026-09-03,11:40,259.11,259.21,259.017,259.02,44705
AMZN,2026-09-03,11:41,259.04,259.09,258.94,259.0428,36233
AMZN,2026-09-03,11:42,259.025,259.17,258.97,259.14,41525
AMZN,2026-09-03,11:43,259.13,259.13,259.05,259.13,27655
AMZN,2026-09-03,11:44,259.12,259.15,258.87,258.87,33454
AMZN,2026-09-03,11:45,258.88,259.0307,258.8436,258.97,30649
AMZN,2026-09-03,11:46,258.9999,258.9999,258.86,258.93,35001
AMZN,2026-09-03,11:47,258.935,259.17,258.935,259.145,24407
AMZN,2026-09-03,11:48,259.1,259.125,259.004,259.0044,40834
AMZN,2026-09-03,11:49,259.04,259.2182,258.94,258.94,43308
AMZN,2026-09-03,11:50,258.94,259.085,258.92,259.085,22243
AMZN,2026-09-03,11:51,259.08,259.24,259.03,259.105,48594
AMZN,2026-09-03,11:52,259.09,259.105,258.97,258.97,39740
AMZN,2026-09-03,11:53,258.97,259.03,258.835,258.89,42389
AMZN,2026-09-03,11:54,258.89,258.9999,258.77,258.99,47179
AMZN,2026-09-03,11:55,258.96,259.01,258.825,258.825,49602
AMZN,2026-09-03,11:56,258.835,258.86,258.69,258.705,32055
AMZN,2026-09-03,11:57,258.71,259,258.71,258.98,34228
AMZN,2026-09-03,11:58,258.96,258.96,258.83,258.92,28765
AMZN,2026-09-03,11:59,258.94,259.075,258.87,259.075,34317
AMZN,2026-09-03,12:00,259.08,259.19,258.9881,259.0194,47167
AMZN,2026-09-03,12:01,258.9918,259.04,258.8,258.9,47248
AMZN,2026-09-03,12:02,258.91,259.005,258.8301,258.965,24255
AMZN,2026-09-03,12:03,258.94,259.02,258.94,259.01,29664
AMZN,2026-09-03,12:04,258.97,259.03,258.93,258.9517,48048
AMZN,2026-09-03,12:05,258.975,259.06,258.9,259.0019,112904
AMZN,2026-09-03,12:06,258.985,259.125,258.974,259.05,22474
AMZN,2026-09-03,12:07,259.06,259.085,258.95,258.97,23385
AMZN,2026-09-03,12:08,258.975,259.07,258.96,259,32737
AMZN,2026-09-03,12:09,259.035,259.14,258.986,258.986,22591
AMZN,2026-09-03,12:10,258.98,259.2336,258.98,259.2,33363
AMZN,2026-09-03,12:11,259.205,259.205,259.045,259.11,23540
AMZN,2026-09-03,12:12,259.085,259.1,258.98,259.04,20910
AMZN,2026-09-03,12:13,259.03,259.0699,258.97,259.0401,18980
AMZN,2026-09-03,12:14,259.07,259.1199,259.0289,259.075,27271
AMZN,2026-09-03,12:15,259.05,259.15,259.03,259.15,17313
AMZN,2026-09-03,12:16,259.15,259.165,259.0201,259.096,19832
AMZN,2026-09-03,12:17,259.1,259.12,259.0433,259.045,21759
AMZN,2026-09-03,12:18,259.0567,259.0567,258.95,258.975,21717
AMZN,2026-09-03,12:19,258.98,259.1,258.7506,258.79,72610
AMZN,2026-09-03,12:20,258.7675,258.92,258.625,258.92,40827
AMZN,2026-09-03,12:21,258.92,258.93,258.7,258.7742,41661
AMZN,2026-09-03,12:22,258.8,258.8399,258.56,258.575,37004
AMZN,2026-09-03,12:23,258.5775,258.65,258.38,258.585,50100
AMZN,2026-09-03,12:24,258.585,258.62,258.54,258.57,23579
AMZN,2026-09-03,12:25,258.565,258.565,258.31,258.43,27811
AMZN,2026-09-03,12:26,258.46,258.46,258.26,258.32,26367
AMZN,2026-09-03,12:27,258.31,258.35,258.2,258.345,42723
AMZN,2026-09-03,12:28,258.35,258.48,258.34,258.48,52184
AMZN,2026-09-03,12:29,258.4776,258.572,258.47,258.535,33608
AMZN,2026-09-03,12:30,258.51,258.5587,258.41,258.525,28054
AMZN,2026-09-03,12:31,258.54,258.5853,258.43,258.49,45970
AMZN,2026-09-03,12:32,258.5116,258.5846,258.44,258.56,21765
AMZN,2026-09-03,12:33,258.55,258.55,258.37,258.5,24946
AMZN,2026-09-03,12:34,258.4761,258.645,258.4761,258.565,45925
AMZN,2026-09-03,12:35,258.54,258.66,258.53,258.56,33703
AMZN,2026-09-03,12:36,258.5625,258.66,258.48,258.48,20326
AMZN,2026-09-03,12:37,258.475,258.5499,258.38,258.5,23825
AMZN,2026-09-03,12:38,258.5201,258.7,258.52,258.695,18905
AMZN,2026-09-03,12:39,258.6601,258.8799,258.65,258.79,21364
AMZN,2026-09-03,12:40,258.7994,258.7994,258.7101,258.795,10664
AMZN,2026-09-03,12:41,258.795,258.83,258.78,258.795,17131
AMZN,2026-09-03,12:42,258.8,258.901,258.6215,258.6222,27116
AMZN,2026-09-03,12:43,258.64,258.69,258.52,258.69,33700
AMZN,2026-09-03,12:44,258.675,258.69,258.4601,258.5,24492
AMZN,2026-09-03,12:45,258.55,258.55,258.435,258.485,10915
AMZN,2026-09-03,12:46,258.485,258.5199,258.43,258.5,15713
AMZN,2026-09-03,12:47,258.47,258.52,258.47,258.52,24815
AMZN,2026-09-03,12:48,258.52,258.54,258.43,258.54,30680
AMZN,2026-09-03,12:49,258.545,258.6362,258.5,258.575,47246
AMZN,2026-09-03,12:50,258.565,258.565,258.395,258.395,23590
AMZN,2026-09-03,12:51,258.395,258.445,258.3,258.33,19950
AMZN,2026-09-03,12:52,258.34,258.37,258.2,258.22,30572
AMZN,2026-09-03,12:53,258.22,258.22,257.96,258,58905
AMZN,2026-09-03,12:54,257.9977,257.9977,257.81,257.87,63395
AMZN,2026-09-03,12:55,257.86,257.88,257.75,257.82,36632
AMZN,2026-09-03,12:56,257.825,257.9715,257.78,257.86,28786
AMZN,2026-09-03,12:57,257.86,258.15,257.775,258.15,36729
AMZN,2026-09-03,12:58,258.16,258.31,258.16,258.26,33962
AMZN,2026-09-03,12:59,258.2442,258.4,258.18,258.36,38930
AMZN,2026-09-03,13:00,258.38,258.42,258.265,258.31,27640
AMZN,2026-09-03,13:01,258.29,258.5499,258.29,258.51,41050
AMZN,2026-09-03,13:02,258.51,258.64,258.41,258.415,32266
AMZN,2026-09-03,13:03,258.415,258.54,258.4,258.52,25274
AMZN,2026-09-03,13:04,258.5,258.56,258.43,258.465,39576
AMZN,2026-09-03,13:05,258.4651,258.62,258.4651,258.535,22852
AMZN,2026-09-03,13:06,258.5351,258.5351,258.36,258.41,23326
AMZN,2026-09-03,13:07,258.38,258.41,258.3635,258.37,16918
AMZN,2026-09-03,13:08,258.37,258.41,258.34,258.4,17668
AMZN,2026-09-03,13:09,258.43,258.479,258.23,258.29,18145
AMZN,2026-09-03,13:10,258.24,258.39,258.19,258.39,25082
AMZN,2026-09-03,13:11,258.37,258.45,258.2701,258.375,20160
AMZN,2026-09-03,13:12,258.38,258.38,258.29,258.295,11408
AMZN,2026-09-03,13:13,258.295,258.37,258.27,258.37,21387
AMZN,2026-09-03,13:14,258.365,258.44,258.2801,258.35,17971
AMZN,2026-09-03,13:15,258.36,258.44,258.35,258.425,9273
AMZN,2026-09-03,13:16,258.44,258.44,258.375,258.39,16221
AMZN,2026-09-03,13:17,258.395,258.505,258.39,258.495,16166
AMZN,2026-09-03,13:18,258.495,258.51,258.3401,258.375,11936
AMZN,2026-09-03,13:19,258.38,258.5,258.38,258.425,12060
AMZN,2026-09-03,13:20,258.4499,258.51,258.415,258.51,22487
AMZN,2026-09-03,13:21,258.52,258.61,258.3701,258.44,52320
AMZN,2026-09-03,13:22,258.4501,258.5,258.38,258.405,30294
AMZN,2026-09-03,13:23,258.4551,258.545,258.37,258.545,17946
AMZN,2026-09-03,13:24,258.52,258.55,258.465,258.475,45205
AMZN,2026-09-03,13:25,258.4994,258.52,258.4,258.49,25263
AMZN,2026-09-03,13:26,258.505,258.6,258.445,258.56,24997
AMZN,2026-09-03,13:27,258.6,258.6,258.48,258.48,21395
AMZN,2026-09-03,13:28,258.52,258.65,258.5,258.62,29591
AMZN,2026-09-03,13:29,258.615,258.6999,258.61,258.6517,17999
AMZN,2026-09-03,13:30,258.68,258.79,258.68,258.75,28430
AMZN,2026-09-03,13:31,258.82,258.82,258.6501,258.67,45364
AMZN,2026-09-03,13:32,258.67,258.73,258.56,258.56,23892
AMZN,2026-09-03,13:33,258.555,258.58,258.4701,258.54,33798
AMZN,2026-09-03,13:34,258.515,258.515,258.28,258.36,28789
AMZN,2026-09-03,13:35,258.39,258.4701,258.3501,258.4701,27120
AMZN,2026-09-03,13:36,258.5,258.62,258.48,258.51,15466
AMZN,2026-09-03,13:37,258.5,258.54,258.45,258.45,15310
AMZN,2026-09-03,13:38,258.47,258.58,258.4212,258.52,18877
AMZN,2026-09-03,13:39,258.51,258.53,258.43,258.515,13865
AMZN,2026-09-03,13:40,258.51,258.65,258.5,258.5143,26271
AMZN,2026-09-03,13:41,258.56,258.58,258.5,258.5,12797
AMZN,2026-09-03,13:42,258.5,258.5149,258.41,258.45,33710
AMZN,2026-09-03,13:43,258.44,258.44,258.3,258.385,21030
AMZN,2026-09-03,13:44,258.385,258.43,258.35,258.39,15782
AMZN,2026-09-03,13:45,258.4,258.4399,258.29,258.3,21037
AMZN,2026-09-03,13:46,258.3,258.38,258.285,258.335,14598
AMZN,2026-09-03,13:47,258.32,258.36,258.195,258.25,24270
AMZN,2026-09-03,13:48,258.24,258.26,258.1707,258.25,21272
AMZN,2026-09-03,13:49,258.25,258.33,258.2398,258.3219,19035
AMZN,2026-09-03,13:50,258.28,258.33,258.2213,258.23,13707
AMZN,2026-09-03,13:51,258.21,258.2899,258.2,258.2899,21522
AMZN,2026-09-03,13:52,258.29,258.385,258.25,258.28,19286
AMZN,2026-09-03,13:53,258.2851,258.34,258.165,258.165,26521
AMZN,2026-09-03,13:54,258.18,258.29,258.17,258.28,22176
AMZN,2026-09-03,13:55,258.275,258.29,258.1524,258.18,20264
AMZN,2026-09-03,13:56,258.19,258.34,258.1202,258.276,27675
AMZN,2026-09-03,13:57,258.24,258.29,258.05,258.09,31080
AMZN,2026-09-03,13:58,258.09,258.1753,258.0851,258.115,24248
AMZN,2026-09-03,13:59,258.12,258.215,258.12,258.19,19858
AMZN,2026-09-03,14:00,258.21,258.5999,258.21,258.54,42408
AMZN,2026-09-03,14:01,258.54,258.58,258.35,258.35,16036
AMZN,2026-09-03,14:02,258.39,258.54,258.39,258.51,26589
AMZN,2026-09-03,14:03,258.54,258.575,258.47,258.525,19812
AMZN,2026-09-03,14:04,258.515,258.53,258.515,258.515,2116
AMZN,2026-09-03,14:05,258.68,258.6996,258.67,258.685,77424
AMZN,2026-09-03,14:06,258.7,258.9699,258.685,258.85,34996
AMZN,2026-09-03,14:07,258.865,258.9799,258.84,258.9799,20919
AMZN,2026-09-03,14:08,258.95,259.08,258.95,258.9896,30358
AMZN,2026-09-03,14:09,259.1451,259.1451,259.1451,259.1451,76197
AMZN,2026-09-03,14:10,259.38,259.44,259.38,259.4,157727
AMZN,2026-09-03,14:11,259.385,259.42,259.295,259.395,30606
AMZN,2026-09-03,14:12,259.315,259.34,259.31,259.325,43875
AMZN,2026-09-03,14:13,259.31,259.42,259.2901,259.405,26847
AMZN,2026-09-03,14:14,259.415,259.425,259.17,259.23,39542
AMZN,2026-09-03,14:15,259.23,259.405,259.23,259.33,48584
AMZN,2026-09-03,14:16,259.33,259.365,259.24,259.285,33737
AMZN,2026-09-03,14:17,259.32,259.335,259.0468,259.09,35250
AMZN,2026-09-03,14:18,259.09,259.09,258.95,258.97,42157
AMZN,2026-09-03,14:19,258.97,259.003,258.8836,258.985,23083
AMZN,2026-09-03,14:20,259.005,259.08,258.95,258.98,25982
AMZN,2026-09-03,14:21,258.98,259.115,258.975,259.025,27087
AMZN,2026-09-03,14:22,259.02,259.02,258.96,258.99,23714
AMZN,2026-09-03,14:23,258.985,259.01,258.8834,258.95,38113
AMZN,2026-09-03,14:24,258.96,259.02,258.94,258.98,28586
AMZN,2026-09-03,14:25,258.98,259.065,258.95,259.05,30832
AMZN,2026-09-03,14:26,259.05,259.22,259.0301,259.13,33863
AMZN,2026-09-03,14:27,259.1052,259.2,259.1,259.12,31759
AMZN,2026-09-03,14:28,259.15,259.27,259.1346,259.225,29467
AMZN,2026-09-03,14:29,259.24,259.47,259.2,259.47,33648
AMZN,2026-09-03,14:30,259.46,259.5,259.21,259.29,42350
AMZN,2026-09-03,14:31,259.305,259.34,259.24,259.295,24400
AMZN,2026-09-03,14:32,259.3351,259.42,259.32,259.345,33216
AMZN,2026-09-03,14:33,259.345,259.42,259.34,259.415,21322
AMZN,2026-09-03,14:34,259.415,259.45,259.27,259.28,27112
AMZN,2026-09-03,14:35,259.28,259.29,259.15,259.195,41157
AMZN,2026-09-03,14:36,259.195,259.2221,259.15,259.175,21797
AMZN,2026-09-03,14:37,259.175,259.175,258.9113,258.955,39576
AMZN,2026-09-03,14:38,258.96,258.96,258.785,258.8,40640
AMZN,2026-09-03,14:39,258.78,258.9,258.73,258.8298,35896
AMZN,2026-09-03,14:40,258.85,258.855,258.71,258.8,26423
AMZN,2026-09-03,14:41,258.795,258.885,258.7797,258.86,19648
AMZN,2026-09-03,14:42,258.8646,258.8646,258.6,258.66,42974
AMZN,2026-09-03,14:43,258.69,258.7,258.55,258.64,20923
AMZN,2026-09-03,14:44,258.625,258.7167,258.58,258.685,27239
AMZN,2026-09-03,14:45,258.685,258.722,258.6,258.665,22314
AMZN,2026-09-03,14:46,258.66,258.87,258.66,258.8,47272
AMZN,2026-09-03,14:47,258.81,258.84,258.77,258.7701,28510
AMZN,2026-09-03,14:48,258.785,258.8815,258.755,258.755,21786
AMZN,2026-09-03,14:49,258.74,258.845,258.71,258.74,33379
AMZN,2026-09-03,14:50,258.77,258.85,258.77,258.795,18106
AMZN,2026-09-03,14:51,258.795,258.81,258.74,258.81,24802
AMZN,2026-09-03,14:52,258.81,258.84,258.7006,258.7105,23002
AMZN,2026-09-03,14:53,258.71,258.72,258.6,258.63,28660
AMZN,2026-09-03,14:54,258.64,258.675,258.59,258.665,34733
AMZN,2026-09-03,14:55,258.67,258.69,258.47,258.48,35026
AMZN,2026-09-03,14:56,258.515,258.78,258.515,258.74,51076
AMZN,2026-09-03,14:57,258.76,258.81,258.67,258.78,23196
AMZN,2026-09-03,14:58,258.7801,258.96,258.7801,258.93,34745
AMZN,2026-09-03,14:59,258.93,259.12,258.915,259.01,31191
AMZN,2026-09-03,15:00,259.07,259.11,258.9899,259.0241,24966
AMZN,2026-09-03,15:01,259.0251,259.0251,258.79,258.8399,35368
AMZN,2026-09-03,15:02,258.815,258.9299,258.8,258.84,50964
AMZN,2026-09-03,15:03,258.845,258.87,258.6802,258.84,69010
AMZN,2026-09-03,15:04,258.84,258.84,258.62,258.755,42678
AMZN,2026-09-03,15:05,258.745,258.88,258.72,258.85,29042
AMZN,2026-09-03,15:06,258.845,258.87,258.72,258.78,41316
AMZN,2026-09-03,15:07,258.77,258.8299,258.6802,258.695,24291
AMZN,2026-09-03,15:08,258.695,258.82,258.68,258.77,31095
AMZN,2026-09-03,15:09,258.78,258.81,258.72,258.8,37816
AMZN,2026-09-03,15:10,258.8,258.83,258.735,258.83,33882
AMZN,2026-09-03,15:11,258.84,258.89,258.78,258.89,30179
AMZN,2026-09-03,15:12,258.87,258.88,258.79,258.851,40932
AMZN,2026-09-03,15:13,258.8416,258.8416,258.72,258.75,42647
AMZN,2026-09-03,15:14,258.77,258.77,258.62,258.66,50034
AMZN,2026-09-03,15:15,258.66,258.69,258.61,258.65,27514
AMZN,2026-09-03,15:16,258.68,258.69,258.605,258.65,23048
AMZN,2026-09-03,15:17,258.65,258.72,258.5901,258.71,43539
AMZN,2026-09-03,15:18,258.71,258.7942,258.69,258.7942,29438
AMZN,2026-09-03,15:19,258.785,258.87,258.77,258.86,27834
AMZN,2026-09-03,15:20,258.88,258.9,258.77,258.8,29880
AMZN,2026-09-03,15:21,258.8081,258.845,258.76,258.76,23401
AMZN,2026-09-03,15:22,258.74,258.7701,258.6,258.6,39110
AMZN,2026-09-03,15:23,258.605,258.63,258.4101,258.52,52229
AMZN,2026-09-03,15:24,258.53,258.53,258.42,258.48,35059
AMZN,2026-09-03,15:25,258.4846,258.5,258.4275,258.5,28128
AMZN,2026-09-03,15:26,258.49,258.52,258.4401,258.46,24623
AMZN,2026-09-03,15:27,258.48,258.7,258.47,258.66,39899
AMZN,2026-09-03,15:28,258.67,258.67,258.49,258.57,31128
AMZN,2026-09-03,15:29,258.59,258.74,258.59,258.655,29801
AMZN,2026-09-03,15:30,258.655,258.71,258.59,258.695,36345
AMZN,2026-09-03,15:31,258.7201,258.815,258.7201,258.765,39666
AMZN,2026-09-03,15:32,258.7923,258.805,258.6708,258.79,32708
AMZN,2026-09-03,15:33,258.78,258.78,258.58,258.58,43777
AMZN,2026-09-03,15:34,258.59,258.59,258.46,258.485,34334
AMZN,2026-09-03,15:35,258.485,258.51,258.44,258.44,36108
AMZN,2026-09-03,15:36,258.475,258.56,258.475,258.54,30395
AMZN,2026-09-03,15:37,258.554,258.6606,258.54,258.625,28960
AMZN,2026-09-03,15:38,258.625,258.72,258.585,258.72,44523
AMZN,2026-09-03,15:39,258.72,258.8272,258.65,258.805,37582
AMZN,2026-09-03,15:40,258.805,258.99,258.805,258.975,47623
AMZN,2026-09-03,15:41,258.975,258.975,258.89,258.93,49364
AMZN,2026-09-03,15:42,258.93,259.05,258.89,258.9764,60033
AMZN,2026-09-03,15:43,258.98,259.095,258.9601,258.98,54918
AMZN,2026-09-03,15:44,259,259.02,258.87,258.87,56543
AMZN,2026-09-03,15:45,258.88,259.105,258.855,259.07,80090
AMZN,2026-09-03,15:46,259.09,259.105,258.95,258.97,57169
AMZN,2026-09-03,15:47,258.96,259.05,258.725,258.75,55312
AMZN,2026-09-03,15:48,258.78,258.83,258.72,258.795,57908
AMZN,2026-09-03,15:49,258.79,258.79,258.65,258.6913,63538
AMZN,2026-09-03,15:50,258.7,258.82,258.61,258.675,79375
AMZN,2026-09-03,15:51,258.685,258.85,258.675,258.83,88333
AMZN,2026-09-03,15:52,258.825,258.94,258.82,258.915,65790
AMZN,2026-09-03,15:53,258.91,258.965,258.87,258.875,199332
AMZN,2026-09-03,15:54,258.88,259.03,258.88,258.98,110518
AMZN,2026-09-03,15:55,258.98,259.16,258.87,259.12,166874
AMZN,2026-09-03,15:56,259.13,259.13,258.9,258.98,128552
AMZN,2026-09-03,15:57,258.975,259.03,258.93,259.03,143907
AMZN,2026-09-03,15:58,259.03,259.0419,258.83,258.875,226652
AMZN,2026-09-03,15:59,258.875,259.01,258.72,258.9,516293
AMZN,2026-09-03,16:00,258.9,258.9,258.9,258.9,0
AMZN,2026-09-04,09:30,259.215,260.83,259.1,260.785,1370926
AMZN,2026-09-04,09:31,260.785,261.12,260.29,260.745,266498
AMZN,2026-09-04,09:32,260.765,260.86,259.6007,259.99,178898
AMZN,2026-09-04,09:33,259.915,260.49,258.75,258.76,162437
AMZN,2026-09-04,09:34,258.76,259.02,258.4043,258.82,117342
AMZN,2026-09-04,09:35,258.85,259.4887,258.67,259.36,115698
AMZN,2026-09-04,09:36,259.355,259.5,258.75,258.85,129049
AMZN,2026-09-04,09:37,258.8,258.86,258.385,258.775,66584
AMZN,2026-09-04,09:38,258.74,259.45,258.71,259.4,68461
AMZN,2026-09-04,09:39,259.39,260.13,259,259.945,138333
AMZN,2026-09-04,09:40,259.9621,259.9983,259.42,259.475,92178
AMZN,2026-09-04,09:41,259.46,259.7699,259.3,259.62,58977
AMZN,2026-09-04,09:42,259.61,259.6999,258.8,258.975,93082
AMZN,2026-09-04,09:43,258.95,259.15,258.67,258.76,47865
AMZN,2026-09-04,09:44,258.81,259.05,258.4,258.5199,94393
AMZN,2026-09-04,09:45,258.49,258.7699,258.45,258.705,93373
AMZN,2026-09-04,09:46,258.715,258.755,258.27,258.365,68907
AMZN,2026-09-04,09:47,258.38,258.39,257.62,257.62,172605
AMZN,2026-09-04,09:48,257.655,257.74,257.3705,257.46,130426
AMZN,2026-09-04,09:49,257.44,257.68,257.225,257.5162,86989
AMZN,2026-09-04,09:50,257.39,257.45,256.81,257.16,122834
AMZN,2026-09-04,09:51,257.225,257.28,256.9184,257.13,97970
AMZN,2026-09-04,09:52,257.125,257.4,257.04,257.35,90626
AMZN,2026-09-04,09:53,257.35,257.646,257.32,257.58,75570
AMZN,2026-09-04,09:54,257.609,257.99,257.58,257.94,116478
AMZN,2026-09-04,09:55,257.97,258.11,257.86,258.01,76282
AMZN,2026-09-04,09:56,257.95,258.165,257.9,257.97,94522
AMZN,2026-09-04,09:57,258.005,258.012,257.71,257.775,95977
AMZN,2026-09-04,09:58,257.8,258.18,257.795,257.955,87390
AMZN,2026-09-04,09:59,257.95,257.96,257.675,257.96,116701
AMZN,2026-09-04,10:00,257.88,258.2182,257.49,258.15,181429
AMZN,2026-09-04,10:01,258.14,258.1993,257.48,257.49,86800
AMZN,2026-09-04,10:02,257.545,257.68,257.5167,257.615,167525
AMZN,2026-09-04,10:03,257.605,258.215,257.5,258.17,76203
AMZN,2026-09-04,10:04,258.14,258.48,258.14,258.2925,89360
AMZN,2026-09-04,10:05,258.26,258.52,258.18,258.45,61274
AMZN,2026-09-04,10:06,258.48,258.48,258.105,258.26,53418
AMZN,2026-09-04,10:07,258.27,258.3,257.9313,258.0248,58364
AMZN,2026-09-04,10:08,257.98,257.9892,257.77,257.8598,65687
AMZN,2026-09-04,10:09,257.87,258.1565,257.8,258.07,72636
AMZN,2026-09-04,10:10,258.07,258.22,257.86,257.895,80589
AMZN,2026-09-04,10:11,257.895,258.34,257.86,258.19,51161
AMZN,2026-09-04,10:12,258.18,258.2,258.01,258.15,46978
AMZN,2026-09-04,10:13,258.18,258.21,257.965,257.98,57705
AMZN,2026-09-04,10:14,257.96,258.2199,257.895,258.05,47350
AMZN,2026-09-04,10:15,258.05,258.16,257.9416,258.14,53111
AMZN,2026-09-04,10:16,258.14,258.17,257.9366,258.06,50676
AMZN,2026-09-04,10:17,258.06,258.07,257.86,257.88,84424
AMZN,2026-09-04,10:18,257.91,257.95,257.65,257.66,108450
AMZN,2026-09-04,10:19,257.66,257.73,257.56,257.65,54452
AMZN,2026-09-04,10:20,257.62,257.725,257.57,257.64,59458
AMZN,2026-09-04,10:21,257.65,257.75,257.56,257.66,58135
AMZN,2026-09-04,10:22,257.63,257.685,257.53,257.67,59075
AMZN,2026-09-04,10:23,257.64,257.8694,257.59,257.8,40489
AMZN,2026-09-04,10:24,257.83,257.83,257.61,257.66,68529
AMZN,2026-09-04,10:25,257.62,257.87,257.62,257.74,55663
AMZN,2026-09-04,10:26,257.745,257.745,257.49,257.58,52918
AMZN,2026-09-04,10:27,257.57,257.57,257.42,257.47,44451
AMZN,2026-09-04,10:28,257.4601,257.77,257.42,257.645,86835
AMZN,2026-09-04,10:29,257.64,257.725,257.31,257.31,49275
AMZN,2026-09-04,10:30,257.33,257.41,257.23,257.29,50600
AMZN,2026-09-04,10:31,257.27,257.5,257.2,257.26,70059
AMZN,2026-09-04,10:32,257.255,257.3353,257.08,257.29,96740
AMZN,2026-09-04,10:33,257.3173,257.4,257.065,257.09,74898
AMZN,2026-09-04,10:34,257.12,257.185,256.9427,257.085,88020
AMZN,2026-09-04,10:35,257.07,257.21,256.91,256.925,61678
AMZN,2026-09-04,10:36,256.92,257.09,256.9,256.97,65928
AMZN,2026-09-04,10:37,256.9483,256.99,256.82,256.945,60678
AMZN,2026-09-04,10:38,256.93,256.96,256.83,256.93,52677
AMZN,2026-09-04,10:39,256.9418,257.24,256.94,257.23,48643
AMZN,2026-09-04,10:40,257.235,257.28,257.0001,257.07,44548
AMZN,2026-09-04,10:41,257.088,257.1799,257,257.11,28096
AMZN,2026-09-04,10:42,257.11,257.19,257,257.09,45839
AMZN,2026-09-04,10:43,257.15,257.21,256.94,256.975,26873
AMZN,2026-09-04,10:44,256.99,257.15,256.97,257.01,49898
AMZN,2026-09-04,10:45,257.03,257.185,257.03,257.03,49331
AMZN,2026-09-04,10:46,257.08,257.1,256.98,257.045,90775
AMZN,2026-09-04,10:47,257.045,257.07,256.88,256.9443,74982
AMZN,2026-09-04,10:48,256.985,256.99,256.83,256.8686,57980
AMZN,2026-09-04,10:49,256.8668,256.96,256.65,256.68,137135
AMZN,2026-09-04,10:50,256.68,256.72,256.52,256.5599,80141
AMZN,2026-09-04,10:51,256.56,256.62,256.385,256.41,70546
AMZN,2026-09-04,10:52,256.4228,256.6099,256.2914,256.542,77396
AMZN,2026-09-04,10:53,256.5695,256.67,256.51,256.52,35929
AMZN,2026-09-04,10:54,256.52,256.65,256.46,256.565,61603
AMZN,2026-09-04,10:55,256.5,256.5,256.35,256.42,68608
AMZN,2026-09-04,10:56,256.4995,256.55,256.28,256.29,53986
AMZN,2026-09-04,10:57,256.28,256.44,256.17,256.44,94248
AMZN,2026-09-04,10:58,256.44,256.49,256.3,256.42,41880
AMZN,2026-09-04,10:59,256.45,256.53,256.25,256.53,64244
AMZN,2026-09-04,11:00,256.47,256.52,256.1304,256.2,76543
AMZN,2026-09-04,11:01,256.18,256.22,256.04,256.11,87743
AMZN,2026-09-04,11:02,256.115,256.13,255.795,255.92,144946
AMZN,2026-09-04,11:03,255.92,256.03,255.83,255.97,87746
AMZN,2026-09-04,11:04,255.97,256.0196,255.78,255.9101,66479
AMZN,2026-09-04,11:05,255.91,255.97,255.81,255.81,54294
AMZN,2026-09-04,11:06,255.81,255.87,255.55,255.555,74286
AMZN,2026-09-04,11:07,255.555,255.635,255.29,255.6,114098
AMZN,2026-09-04,11:08,255.56,255.575,255.475,255.55,36497
AMZN,2026-09-04,11:09,255.52,255.6,255.41,255.53,63804
AMZN,2026-09-04,11:10,255.55,255.63,255.36,255.57,66743
AMZN,2026-09-04,11:11,255.6,255.63,255.48,255.53,60892
AMZN,2026-09-04,11:12,255.51,255.64,255.47,255.625,40635
AMZN,2026-09-04,11:13,255.625,255.7768,255.59,255.68,49659
AMZN,2026-09-04,11:14,255.68,255.68,255.53,255.68,44871
AMZN,2026-09-04,11:15,255.69,255.71,255.62,255.625,46480
AMZN,2026-09-04,11:16,255.6,255.76,255.57,255.64,47507
AMZN,2026-09-04,11:17,255.645,255.645,255.41,255.52,79500
AMZN,2026-09-04,11:18,255.54,255.7299,255.44,255.52,55773
AMZN,2026-09-04,11:19,255.51,255.6,255.43,255.51,45727
AMZN,2026-09-04,11:20,255.5,255.55,255.34,255.54,47511
AMZN,2026-09-04,11:21,255.55,255.71,255.505,255.66,51401
AMZN,2026-09-04,11:22,255.665,256,255.63,255.975,105226
AMZN,2026-09-04,11:23,255.975,256.06,255.83,255.835,66932
AMZN,2026-09-04,11:24,255.82,256.04,255.7701,256.01,42066
AMZN,2026-09-04,11:25,256,256.03,255.91,255.92,30187
AMZN,2026-09-04,11:26,255.96,255.99,255.875,255.93,29746
AMZN,2026-09-04,11:27,255.935,255.98,255.86,255.965,38123
AMZN,2026-09-04,11:28,255.9401,256.045,255.9,256.01,35023
AMZN,2026-09-04,11:29,256.0001,256.1,255.86,255.995,158174
AMZN,2026-09-04,11:30,255.995,256.06,255.72,255.75,106160
AMZN,2026-09-04,11:31,255.731,255.9,255.731,255.855,52446
AMZN,2026-09-04,11:32,255.845,255.86,255.6801,255.6801,58035
AMZN,2026-09-04,11:33,255.69,255.94,255.67,255.925,33233
AMZN,2026-09-04,11:34,255.925,256.0389,255.67,255.6922,55469
AMZN,2026-09-04,11:35,255.68,256.005,255.67,255.93,52380
AMZN,2026-09-04,11:36,255.945,256.1,255.945,255.955,42308
AMZN,2026-09-04,11:37,256.0097,256.01,255.7629,255.7629,30465
AMZN,2026-09-04,11:38,255.76,256.02,255.72,255.95,62439
AMZN,2026-09-04,11:39,255.9,255.95,255.8306,255.89,29375
AMZN,2026-09-04,11:40,255.895,255.945,255.87,255.87,21155
AMZN,2026-09-04,11:41,255.88,255.95,255.83,255.92,31974
AMZN,2026-09-04,11:42,255.95,256.03,255.92,256.03,24979
AMZN,2026-09-04,11:43,256.04,256.09,255.9777,256.015,29648
AMZN,2026-09-04,11:44,256.05,256.06,255.931,255.9639,31730
AMZN,2026-09-04,11:45,255.96,256.05,255.83,256.05,25474
AMZN,2026-09-04,11:46,256.025,256.0662,255.9301,256.002,18640
AMZN,2026-09-04,11:47,255.96,255.97,255.85,255.905,36517
AMZN,2026-09-04,11:48,255.9,255.91,255.77,255.8104,33662
AMZN,2026-09-04,11:49,255.795,256.05,255.77,256.03,43457
AMZN,2026-09-04,11:50,256.05,256.17,256.005,256.06,43506
AMZN,2026-09-04,11:51,256.08,256.1,256.03,256.09,29378
AMZN,2026-09-04,11:52,256.09,256.15,256.055,256.11,50480
AMZN,2026-09-04,11:53,256.145,256.25,256.03,256.22,42061
AMZN,2026-09-04,11:54,256.22,256.23,256.0601,256.215,31617
AMZN,2026-09-04,11:55,256.195,256.32,256.18,256.21,30864
AMZN,2026-09-04,11:56,256.2102,256.2102,256.1101,256.115,30018
AMZN,2026-09-04,11:57,256.12,256.2,256.0195,256.18,28083
AMZN,2026-09-04,11:58,256.169,256.19,255.965,255.995,47115
AMZN,2026-09-04,11:59,256.01,256.07,255.98,256.03,22911
AMZN,2026-09-04,12:00,256.03,256.0999,255.94,255.995,35807
AMZN,2026-09-04,12:01,255.985,255.985,255.81,255.84,34525
AMZN,2026-09-04,12:02,255.86,255.96,255.86,255.92,30558
AMZN,2026-09-04,12:03,255.925,256.0199,255.9067,255.98,38695
AMZN,2026-09-04,12:04,255.98,256.13,255.98,256.085,42863
AMZN,2026-09-04,12:05,256.08,256.16,255.99,255.99,39907
AMZN,2026-09-04,12:06,255.9787,256.08,255.91,255.97,52610
AMZN,2026-09-04,12:07,255.99,256.2,255.97,256.2,26955
AMZN,2026-09-04,12:08,256.22,256.32,256.12,256.188,31927
AMZN,2026-09-04,12:09,256.2299,256.29,256.1401,256.18,32656
AMZN,2026-09-04,12:10,256.155,256.22,256.04,256.136,37996
AMZN,2026-09-04,12:11,256.1401,256.2597,256.075,256.2597,24513
AMZN,2026-09-04,12:12,256.225,256.3,256.18,256.27,23528
AMZN,2026-09-04,12:13,256.28,256.53,256.28,256.5,41155
AMZN,2026-09-04,12:14,256.5,256.6233,256.5,256.589,37687
AMZN,2026-09-04,12:15,256.581,256.7,256.47,256.535,49326
AMZN,2026-09-04,12:16,256.55,256.56,256.45,256.4891,36200
AMZN,2026-09-04,12:17,256.47,256.7,256.47,256.6822,35460
AMZN,2026-09-04,12:18,256.6929,256.745,256.6,256.725,45336
AMZN,2026-09-04,12:19,256.74,256.94,256.6605,256.75,77401
AMZN,2026-09-04,12:20,256.765,256.95,256.765,256.92,35102
AMZN,2026-09-04,12:21,256.92,257.04,256.9,256.93,65742
AMZN,2026-09-04,12:22,256.9,256.9,256.85,256.88,28904
AMZN,2026-09-04,12:23,256.86,256.96,256.785,256.96,39265
AMZN,2026-09-04,12:24,256.945,257.0299,256.92,256.95,38148
AMZN,2026-09-04,12:25,256.96,257.08,256.92,257.02,30223
AMZN,2026-09-04,12:26,257,257.1199,256.94,257,39002
AMZN,2026-09-04,12:27,257.005,257.06,256.88,257.0599,38732
AMZN,2026-09-04,12:28,257.0465,257.1,257.02,257.045,28339
AMZN,2026-09-04,12:29,257.025,257.075,256.97,257.04,33896
AMZN,2026-09-04,12:30,257.04,257.17,256.96,257.17,42528
AMZN,2026-09-04,12:31,257.17,257.24,257.128,257.1425,52631
AMZN,2026-09-04,12:32,257.16,257.3,257.1421,257.215,37582
AMZN,2026-09-04,12:33,257.21,257.23,257.175,257.175,43323
AMZN,2026-09-04,12:34,257.18,257.345,257.18,257.335,30485
AMZN,2026-09-04,12:35,257.32,257.39,257.2801,257.305,50931
AMZN,2026-09-04,12:36,257.3,257.37,257.23,257.2748,67448
AMZN,2026-09-04,12:37,257.25,257.27,257.085,257.115,38797
AMZN,2026-09-04,12:38,257.116,257.19,257.11,257.17,28492
AMZN,2026-09-04,12:39,257.19,257.24,257.14,257.18,33290
AMZN,2026-09-04,12:40,257.1291,257.23,257.0978,257.11,23988
AMZN,2026-09-04,12:41,257.11,257.14,256.9802,257.01,39265
AMZN,2026-09-04,12:42,257.02,257.1,256.985,257.085,39864
AMZN,2026-09-04,12:43,257.09,257.17,257.07,257.17,39852
AMZN,2026-09-04,12:44,257.17,257.2101,257.07,257.1,33105
AMZN,2026-09-04,12:45,257.16,257.2,257.09,257.2,29296
AMZN,2026-09-04,12:46,257.18,257.25,257.17,257.18,22435
AMZN,2026-09-04,12:47,257.175,257.289,257.175,257.2,34178
AMZN,2026-09-04,12:48,257.1618,257.1618,257.08,257.16,15322
AMZN,2026-09-04,12:49,257.16,257.19,257.08,257.11,25153
AMZN,2026-09-04,12:50,257.1,257.1799,257.05,257.155,19502
AMZN,2026-09-04,12:51,257.16,257.23,257.131,257.131,19970
AMZN,2026-09-04,12:52,257.1307,257.21,257.1307,257.2099,16641
AMZN,2026-09-04,12:53,257.21,257.32,257.21,257.27,43928
AMZN,2026-09-04,12:54,257.27,257.32,257.2008,257.2008,32260
AMZN,2026-09-04,12:55,257.2099,257.2744,257.19,257.2744,13360
AMZN,2026-09-04,12:56,257.28,257.28,257.21,257.235,24788
AMZN,2026-09-04,12:57,257.235,257.3,257.235,257.27,18551
AMZN,2026-09-04,12:58,257.27,257.312,257.21,257.2399,19586
AMZN,2026-09-04,12:59,257.23,257.27,257.2,257.25,19737
AMZN,2026-09-04,13:00,257.26,257.28,257.165,257.22,26971
AMZN,2026-09-04,13:01,257.2014,257.2108,257.05,257.055,27346
AMZN,2026-09-04,13:02,257.04,257.0999,256.95,256.9507,45131
AMZN,2026-09-04,13:03,256.95,257.04,256.83,257.03,40043
AMZN,2026-09-04,13:04,257.03,257.0348,256.93,257.02,17427
AMZN,2026-09-04,13:05,257.015,257.13,257,257.13,41832
AMZN,2026-09-04,13:06,257.11,257.195,257.0901,257.15,15594
AMZN,2026-09-04,13:07,257.16,257.27,257.16,257.16,23954
AMZN,2026-09-04,13:08,257.18,257.25,257.02,257.065,44333
AMZN,2026-09-04,13:09,257.065,257.17,257.05,257.1,21313
AMZN,2026-09-04,13:10,257.1,257.17,257.09,257.125,28123
AMZN,2026-09-04,13:11,257.14,257.18,257.1,257.12,26329
AMZN,2026-09-04,13:12,257.12,257.13,257.06,257.09,16830
AMZN,2026-09-04,13:13,257.09,257.11,257.02,257.11,18542
AMZN,2026-09-04,13:14,257.1273,257.21,257.095,257.13,22444
AMZN,2026-09-04,13:15,257.12,257.13,257.015,257.025,15322
AMZN,2026-09-04,13:16,257.04,257.08,256.97,257.07,35771
AMZN,2026-09-04,13:17,257.07,257.1,257.06,257.07,21776
AMZN,2026-09-04,13:18,257.09,257.1393,257.08,257.11,18597
AMZN,2026-09-04,13:19,257.105,257.1297,257.0301,257.095,39293
AMZN,2026-09-04,13:20,257.095,257.17,257.0705,257.16,24248
AMZN,2026-09-04,13:21,257.1579,257.1579,257.04,257.05,22358
AMZN,2026-09-04,13:22,257.0516,257.11,257.05,257.09,18587
AMZN,2026-09-04,13:23,257.06,257.06,256.91,256.92,23467
AMZN,2026-09-04,13:24,256.95,257.02,256.94,257.02,29202
AMZN,2026-09-04,13:25,257.03,257.1588,256.99,257.145,37221
AMZN,2026-09-04,13:26,257.145,257.1451,257.005,257.005,21524
AMZN,2026-09-04,13:27,257,257.03,256.93,257.02,29999
AMZN,2026-09-04,13:28,257.03,257.04,256.92,256.92,27865
AMZN,2026-09-04,13:29,256.86,256.906,256.82,256.88,23602
AMZN,2026-09-04,13:30,256.84,256.8987,256.82,256.885,54314
AMZN,2026-09-04,13:31,256.9099,257.015,256.9,256.94,22754
AMZN,2026-09-04,13:32,256.915,256.9299,256.8501,256.855,12513
AMZN,2026-09-04,13:33,256.89,256.92,256.81,256.82,33934
AMZN,2026-09-04,13:34,256.82,256.83,256.72,256.815,34328
AMZN,2026-09-04,13:35,256.815,256.82,256.685,256.8,29955
AMZN,2026-09-04,13:36,256.78,256.85,256.77,256.785,19123
AMZN,2026-09-04,13:37,256.76,256.82,256.74,256.74,24273
AMZN,2026-09-04,13:38,256.75,256.8925,256.75,256.8925,20810
AMZN,2026-09-04,13:39,256.9,256.92,256.845,256.89,18507
AMZN,2026-09-04,13:40,256.88,256.88,256.755,256.83,19056
AMZN,2026-09-04,13:41,256.82,256.84,256.77,256.78,15175
AMZN,2026-09-04,13:42,256.79,256.85,256.76,256.765,12761
AMZN,2026-09-04,13:43,256.77,256.9,256.7601,256.8936,21704
AMZN,2026-09-04,13:44,256.87,256.9299,256.8501,256.87,32921
AMZN,2026-09-04,13:45,256.88,256.89,256.76,256.835,48351
AMZN,2026-09-04,13:46,256.85,256.89,256.81,256.82,27584
AMZN,2026-09-04,13:47,256.81,256.95,256.8,256.93,15252
AMZN,2026-09-04,13:48,256.93,257.05,256.93,257.01,24431
AMZN,2026-09-04,13:49,257.01,257.11,256.9701,257.04,26802
AMZN,2026-09-04,13:50,257.05,257.1,257.04,257.08,17301
AMZN,2026-09-04,13:51,257.055,257.08,256.975,257.05,19061
AMZN,2026-09-04,13:52,257.05,257.13,257.05,257.115,22152
AMZN,2026-09-04,13:53,257.11,257.2495,257.11,257.2,47299
AMZN,2026-09-04,13:54,257.22,257.2215,257.12,257.17,23242
AMZN,2026-09-04,13:55,257.155,257.17,257.0801,257.13,16224
AMZN,2026-09-04,13:56,257.14,257.19,257.09,257.09,13462
AMZN,2026-09-04,13:57,257.09,257.12,257.0457,257.08,21400
AMZN,2026-09-04,13:58,257.1,257.24,257.0701,257.195,30433
AMZN,2026-09-04,13:59,257.19,257.22,257.14,257.15,15403
AMZN,2026-09-04,14:00,257.15,257.32,257.15,257.27,38134
AMZN,2026-09-04,14:01,257.27,257.2982,257.11,257.1451,16630
AMZN,2026-09-04,14:02,257.145,257.25,257.13,257.25,20594
AMZN,2026-09-04,14:03,257.245,257.4305,257.23,257.23,44894
AMZN,2026-09-04,14:04,257.23,257.3,257.19,257.295,24177
AMZN,2026-09-04,14:05,257.31,257.31,257.22,257.29,25415
AMZN,2026-09-04,14:06,257.2862,257.3,257.195,257.25,21763
AMZN,2026-09-04,14:07,257.28,257.29,257.15,257.22,38130
AMZN,2026-09-04,14:08,257.225,257.3398,257.225,257.3398,26494
AMZN,2026-09-04,14:09,257.325,257.36,257.19,257.36,37517
AMZN,2026-09-04,14:10,257.3401,257.485,257.33,257.43,40495
AMZN,2026-09-04,14:11,257.4446,257.4446,257.26,257.31,47746
AMZN,2026-09-04,14:12,257.31,257.4,257.31,257.34,27363
AMZN,2026-09-04,14:13,257.34,257.48,257.33,257.45,31778
AMZN,2026-09-04,14:14,257.43,257.45,257.3901,257.41,27273
AMZN,2026-09-04,14:15,257.42,257.4999,257.31,257.315,77837
AMZN,2026-09-04,14:16,257.32,257.43,257.275,257.4092,43097
AMZN,2026-09-04,14:17,257.4101,257.49,257.4101,257.445,17241
AMZN,2026-09-04,14:18,257.42,257.42,257.33,257.34,29736
AMZN,2026-09-04,14:19,257.34,257.3925,257.285,257.29,48555
AMZN,2026-09-04,14:20,257.315,257.38,257.19,257.3508,101538
AMZN,2026-09-04,14:21,257.34,257.34,257.25,257.31,44905
AMZN,2026-09-04,14:22,257.28,257.355,257.235,257.35,51682
AMZN,2026-09-04,14:23,257.37,257.37,257.26,257.29,25246
AMZN,2026-09-04,14:24,257.29,257.31,257.14,257.245,51121
AMZN,2026-09-04,14:25,257.26,257.44,257.26,257.41,20560
AMZN,2026-09-04,14:26,257.42,257.42,257.38,257.4,35993
AMZN,2026-09-04,14:27,257.41,257.43,257.36,257.4199,20872
AMZN,2026-09-04,14:28,257.42,257.42,257.26,257.307,57414
AMZN,2026-09-04,14:29,257.29,257.38,257.07,257.325,84733
AMZN,2026-09-04,14:30,257.34,257.46,257.34,257.445,19872
AMZN,2026-09-04,14:31,257.445,257.46,257.365,257.365,22393
AMZN,2026-09-04,14:32,257.35,257.36,257.31,257.32,17787
AMZN,2026-09-04,14:33,257.33,257.37,257.315,257.355,18337
AMZN,2026-09-04,14:34,257.355,257.36,257.31,257.32,32058
AMZN,2026-09-04,14:35,257.335,257.455,257.33,257.45,33460
AMZN,2026-09-04,14:36,257.44,257.5589,257.44,257.51,52933
AMZN,2026-09-04,14:37,257.5,257.675,257.48,257.669,67051
AMZN,2026-09-04,14:38,257.67,257.698,257.615,257.615,33218
AMZN,2026-09-04,14:39,257.6243,257.67,257.59,257.6699,29157
AMZN,2026-09-04,14:40,257.65,257.69,257.61,257.635,36581
AMZN,2026-09-04,14:41,257.65,257.67,257.52,257.63,42200
AMZN,2026-09-04,14:42,257.64,257.65,257.58,257.58,82861
AMZN,2026-09-04,14:43,257.585,257.645,257.56,257.63,23635
AMZN,2026-09-04,14:44,257.645,257.68,257.6,257.61,25432
AMZN,2026-09-04,14:45,257.62,257.76,257.61,257.68,44033
AMZN,2026-09-04,14:46,257.675,257.7,257.56,257.575,37993
AMZN,2026-09-04,14:47,257.6,257.66,257.5418,257.6464,97947
AMZN,2026-09-04,14:48,257.66,257.68,257.6253,257.665,20106
AMZN,2026-09-04,14:49,257.6699,257.71,257.65,257.67,30616
AMZN,2026-09-04,14:50,257.66,257.7399,257.62,257.7019,18880
AMZN,2026-09-04,14:51,257.74,257.77,257.6946,257.76,28073
AMZN,2026-09-04,14:52,257.76,257.8399,257.74,257.82,24651
AMZN,2026-09-04,14:53,257.8201,257.93,257.8201,257.93,23588
AMZN,2026-09-04,14:54,257.93,257.95,257.88,257.92,27136
AMZN,2026-09-04,14:55,257.945,257.96,257.89,257.92,27383
AMZN,2026-09-04,14:56,257.92,258.06,257.915,258.05,61591
AMZN,2026-09-04,14:57,258.04,258.08,258.01,258.07,33947
AMZN,2026-09-04,14:58,258.09,258.17,258.069,258.17,57848
AMZN,2026-09-04,14:59,258.17,258.28,258.17,258.215,37969
AMZN,2026-09-04,15:00,258.22,258.23,258.11,258.16,48008
AMZN,2026-09-04,15:01,258.16,258.22,258.045,258.16,269459
AMZN,2026-09-04,15:02,258.16,258.17,257.99,258.12,25003
AMZN,2026-09-04,15:03,258.1,258.1,257.98,258.02,44831
AMZN,2026-09-04,15:04,258.025,258.1127,257.99,258.0895,45749
AMZN,2026-09-04,15:05,258.08,258.11,258.015,258.04,30343
AMZN,2026-09-04,15:06,258.05,258.09,257.95,257.97,51950
AMZN,2026-09-04,15:07,257.99,258.14,257.99,258.05,24912
AMZN,2026-09-04,15:08,258.03,258.14,258.03,258.12,37573
AMZN,2026-09-04,15:09,258.12,258.16,258.05,258.075,46182
AMZN,2026-09-04,15:10,258.09,258.19,258.09,258.19,41848
AMZN,2026-09-04,15:11,258.175,258.175,258.06,258.06,42878
AMZN,2026-09-04,15:12,258.075,258.19,258.03,258.175,55046
AMZN,2026-09-04,15:13,258.185,258.21,258.055,258.16,43310
AMZN,2026-09-04,15:14,258.14,258.23,258.09,258.16,34583
AMZN,2026-09-04,15:15,258.16,258.19,258.1,258.19,26338
AMZN,2026-09-04,15:16,258.15,258.22,258.115,258.17,37924
AMZN,2026-09-04,15:17,258.177,258.23,258.115,258.18,280848
AMZN,2026-09-04,15:18,258.18,258.21,258.1601,258.2,27711
AMZN,2026-09-04,15:19,258.1884,258.195,258.09,258.12,37856
AMZN,2026-09-04,15:20,258.14,258.19,258.1,258.175,32574
AMZN,2026-09-04,15:21,258.19,258.2,258.125,258.16,24789
AMZN,2026-09-04,15:22,258.18,258.2,258.11,258.13,48926
AMZN,2026-09-04,15:23,258.11,258.149,258.09,258.14,32549
AMZN,2026-09-04,15:24,258.15,258.225,258.145,258.19,35832
AMZN,2026-09-04,15:25,258.19,258.26,258.19,258.26,33536
AMZN,2026-09-04,15:26,258.25,258.28,258.24,258.255,35300
AMZN,2026-09-04,15:27,258.26,258.35,258.255,258.305,39784
AMZN,2026-09-04,15:28,258.305,258.5,258.295,258.43,88191
AMZN,2026-09-04,15:29,258.43,258.47,258.37,258.445,116884
AMZN,2026-09-04,15:30,258.405,258.45,258.29,258.32,66973
AMZN,2026-09-04,15:31,258.3,258.37,258.25,258.26,56488
AMZN,2026-09-04,15:32,258.27,258.4,258.27,258.385,29489
AMZN,2026-09-04,15:33,258.39,258.459,258.37,258.455,35943
AMZN,2026-09-04,15:34,258.47,258.57,258.46,258.56,58520
AMZN,2026-09-04,15:35,258.56,258.5999,258.39,258.39,52407
AMZN,2026-09-04,15:36,258.43,258.5199,258.4139,258.47,37043
AMZN,2026-09-04,15:37,258.485,258.5,258.405,258.405,49111
AMZN,2026-09-04,15:38,258.39,258.4375,258.34,258.4375,64857
AMZN,2026-09-04,15:39,258.435,258.5,258.41,258.41,45700
AMZN,2026-09-04,15:40,258.4,258.47,258.31,258.45,58064
AMZN,2026-09-04,15:41,258.47,258.5,258.39,258.49,58186
AMZN,2026-09-04,15:42,258.475,258.5,258.41,258.47,123425
AMZN,2026-09-04,15:43,258.4999,258.58,258.46,258.49,97189
AMZN,2026-09-04,15:44,258.5,258.58,258.416,258.445,60091
AMZN,2026-09-04,15:45,258.45,258.795,258.43,258.72,99276
AMZN,2026-09-04,15:46,258.75,258.9583,258.74,258.7654,107236
AMZN,2026-09-04,15:47,258.81,259.03,258.81,258.98,165494
AMZN,2026-09-04,15:48,258.97,259.0394,258.865,259.01,67667
AMZN,2026-09-04,15:49,259.01,259.05,258.9201,259.005,79722
AMZN,2026-09-04,15:50,259.03,259.28,258.87,258.87,159684
AMZN,2026-09-04,15:51,258.88,258.91,258.695,258.76,94007
AMZN,2026-09-04,15:52,258.78,258.88,258.74,258.88,71034
AMZN,2026-09-04,15:53,258.87,258.91,258.81,258.91,112798
AMZN,2026-09-04,15:54,258.91,259.08,258.88,259.0049,150959
AMZN,2026-09-04,15:55,259.01,259.06,258.69,258.69,212912
AMZN,2026-09-04,15:56,258.67,258.77,258.525,258.755,172852
AMZN,2026-09-04,15:57,258.74,258.75,258.55,258.63,173861
AMZN,2026-09-04,15:58,258.64,258.685,258.42,258.46,261485
AMZN,2026-09-04,15:59,258.45,258.56,258.26,258.51,709186
AMZN,2026-09-04,16:00,258.51,258.51,258.51,258.51,0
AMZN,2026-09-08,09:30,256.76,257.05,254.95,255.565,1752223
AMZN,2026-09-08,09:31,255.635,256.4099,255.44,255.76,195186
AMZN,2026-09-08,09:32,255.79,256.08,255.2003,255.56,122743
AMZN,2026-09-08,09:33,255.54,256.37,255.49,256.365,144800
AMZN,2026-09-08,09:34,256.3504,257.24,256.2,256.895,177282
AMZN,2026-09-08,09:35,256.89,257.62,256.81,257.6,160799
AMZN,2026-09-08,09:36,257.5466,257.69,256.375,256.52,122364
AMZN,2026-09-08,09:37,256.67,256.76,256.24,256.4284,74763
AMZN,2026-09-08,09:38,256.405,256.89,256.4,256.62,75648
AMZN,2026-09-08,09:39,256.62,256.86,256.41,256.66,84307
AMZN,2026-09-08,09:40,256.58,256.91,256.55,256.855,89638
AMZN,2026-09-08,09:41,256.84,256.9,256.62,256.745,92283
AMZN,2026-09-08,09:42,256.7372,257.08,256.51,257.08,82095
AMZN,2026-09-08,09:43,257.12,257.42,256.801,257.365,95124
AMZN,2026-09-08,09:44,257.39,257.5799,257.15,257.23,94086
AMZN,2026-09-08,09:45,257.28,257.3,256.6,256.695,89761
AMZN,2026-09-08,09:46,256.6758,257.03,256.5901,256.69,46721
AMZN,2026-09-08,09:47,256.78,256.86,256.4352,256.51,63643
AMZN,2026-09-08,09:48,256.53,256.7,256.38,256.6451,52184
AMZN,2026-09-08,09:49,256.72,256.72,256.4,256.45,64667
AMZN,2026-09-08,09:50,256.49,256.55,256.24,256.368,80801
AMZN,2026-09-08,09:51,256.36,256.67,256.3546,256.67,50464
AMZN,2026-09-08,09:52,256.67,256.85,256.41,256.41,81927
AMZN,2026-09-08,09:53,256.435,256.46,256.07,256.202,71256
AMZN,2026-09-08,09:54,256.22,256.39,256.02,256.38,32665
AMZN,2026-09-08,09:55,256.38,256.61,256.3,256.43,59522
AMZN,2026-09-08,09:56,256.41,256.55,256.2,256.21,44455
AMZN,2026-09-08,09:57,256.195,256.535,256.1419,256.5301,49013
AMZN,2026-09-08,09:58,256.555,256.61,256.27,256.41,35020
AMZN,2026-09-08,09:59,256.353,256.375,256.115,256.335,31116
AMZN,2026-09-08,10:00,256.35,256.35,255.61,255.82,134736
AMZN,2026-09-08,10:01,255.815,255.9,255.4142,255.4517,86612
AMZN,2026-09-08,10:02,255.48,255.48,254.85,255.0187,243462
AMZN,2026-09-08,10:03,254.985,255.15,254.89,255.12,81369
AMZN,2026-09-08,10:04,255.126,255.215,254.89,255.18,92775
AMZN,2026-09-08,10:05,255.2,255.4899,255.13,255.35,51119
AMZN,2026-09-08,10:06,255.32,255.49,255.24,255.37,43727
AMZN,2026-09-08,10:07,255.37,255.515,255.2,255.37,82115
AMZN,2026-09-08,10:08,255.38,255.59,255.32,255.59,56000
AMZN,2026-09-08,10:09,255.53,255.55,255.1701,255.18,71980
AMZN,2026-09-08,10:10,255.17,255.18,254.9603,255.04,104968
AMZN,2026-09-08,10:11,255.02,255.16,254.81,254.825,118563
AMZN,2026-09-08,10:12,254.8,255.05,254.8,254.96,93402
AMZN,2026-09-08,10:13,255.025,255.19,254.97,255.12,58994
AMZN,2026-09-08,10:14,255.115,255.22,254.89,254.9825,92370
AMZN,2026-09-08,10:15,254.94,255.34,254.9,255.175,105101
AMZN,2026-09-08,10:16,255.22,255.28,255.05,255.225,34859
AMZN,2026-09-08,10:17,255.22,255.249,255.11,255.11,33846
AMZN,2026-09-08,10:18,255.11,255.25,255.04,255.25,53296
AMZN,2026-09-08,10:19,255.2,255.33,255.18,255.31,45554
AMZN,2026-09-08,10:20,255.33,255.74,255.31,255.74,96859
AMZN,2026-09-08,10:21,255.7583,255.765,255.38,255.43,60580
AMZN,2026-09-08,10:22,255.45,255.4599,255.25,255.305,40906
AMZN,2026-09-08,10:23,255.29,255.3799,255.195,255.31,37030
AMZN,2026-09-08,10:24,255.31,255.46,255.16,255.37,77612
AMZN,2026-09-08,10:25,255.36,255.44,255.29,255.31,61552
AMZN,2026-09-08,10:26,255.31,255.39,255.12,255.16,59696
AMZN,2026-09-08,10:27,255.13,255.21,254.93,254.98,82924
AMZN,2026-09-08,10:28,254.98,255.185,254.92,255.185,92087
AMZN,2026-09-08,10:29,255.19,255.37,255.143,255.143,67669
AMZN,2026-09-08,10:30,255.19,255.29,255.1,255.1,53461
AMZN,2026-09-08,10:31,255.115,255.29,255.115,255.16,45673
AMZN,2026-09-08,10:32,255.19,255.265,255.13,255.165,60140
AMZN,2026-09-08,10:33,255.165,255.1728,255.0205,255.17,64824
AMZN,2026-09-08,10:34,255.19,255.335,255.11,255.32,45847
AMZN,2026-09-08,10:35,255.3299,255.4499,255.22,255.2773,57299
AMZN,2026-09-08,10:36,255.27,255.33,254.81,254.9734,90405
AMZN,2026-09-08,10:37,255.085,255.085,254.76,254.88,88115
AMZN,2026-09-08,10:38,254.89,255.08,254.75,255.08,46232
AMZN,2026-09-08,10:39,255.04,255.2,254.99,255.06,60749
AMZN,2026-09-08,10:40,255.06,255.205,255.0201,255.19,44811
AMZN,2026-09-08,10:41,255.25,255.51,255.2111,255.405,64830
AMZN,2026-09-08,10:42,255.38,255.45,255.25,255.32,51170
AMZN,2026-09-08,10:43,255.32,255.43,255.24,255.43,39147
AMZN,2026-09-08,10:44,255.36,255.4,255.25,255.33,50566
AMZN,2026-09-08,10:45,255.35,255.5999,255.225,255.5999,110695
AMZN,2026-09-08,10:46,255.565,255.77,255.514,255.705,58100
AMZN,2026-09-08,10:47,255.67,256.0951,255.67,255.98,82376
AMZN,2026-09-08,10:48,255.9899,256.05,255.91,255.966,49677
AMZN,2026-09-08,10:49,255.95,256.2899,255.885,256.21,62212
AMZN,2026-09-08,10:50,256.24,256.59,256.23,256.56,77561
AMZN,2026-09-08,10:51,256.56,256.92,256.53,256.77,94202
AMZN,2026-09-08,10:52,256.78,257.01,256.68,256.73,97071
AMZN,2026-09-08,10:53,256.75,256.8961,256.68,256.69,44721
AMZN,2026-09-08,10:54,256.71,256.79,256.585,256.62,39761
AMZN,2026-09-08,10:55,256.63,256.85,256.63,256.84,31855
AMZN,2026-09-08,10:56,256.81,256.85,256.7,256.79,40418
AMZN,2026-09-08,10:57,256.76,256.9386,256.7101,256.81,73478
AMZN,2026-09-08,10:58,256.79,256.8,256.57,256.645,61198
AMZN,2026-09-08,10:59,256.645,256.87,256.5503,256.87,41391
AMZN,2026-09-08,11:00,256.88,257.0299,256.8575,256.935,66475
AMZN,2026-09-08,11:01,256.9339,257.226,256.9339,257.035,56325
AMZN,2026-09-08,11:02,257.04,257.1119,256.7985,256.885,62757
AMZN,2026-09-08,11:03,256.88,257.0651,256.83,257.02,63943
AMZN,2026-09-08,11:04,257.02,257.1939,257.0001,257.1,29617
AMZN,2026-09-08,11:05,257.1,257.1999,257.0501,257.1,32458
AMZN,2026-09-08,11:06,257.085,257.0925,256.76,256.81,55605
AMZN,2026-09-08,11:07,256.82,256.84,256.63,256.65,71604
AMZN,2026-09-08,11:08,256.65,256.65,256.46,256.635,56587
AMZN,2026-09-08,11:09,256.625,256.6994,256.525,256.595,40673
AMZN,2026-09-08,11:10,256.595,256.975,256.595,256.975,33295
AMZN,2026-09-08,11:11,256.975,257.015,256.84,256.875,54234
AMZN,2026-09-08,11:12,256.885,256.92,256.72,256.835,27505
AMZN,2026-09-08,11:13,256.82,256.97,256.8,256.8529,26218
AMZN,2026-09-08,11:14,256.84,257.17,256.84,257.17,57840
AMZN,2026-09-08,11:15,257.145,257.32,256.98,257.24,131064
AMZN,2026-09-08,11:16,257.23,257.23,256.92,257.035,40820
AMZN,2026-09-08,11:17,257.06,257.09,256.815,256.82,50485
AMZN,2026-09-08,11:18,256.8,257.08,256.74,256.98,63241
AMZN,2026-09-08,11:19,256.96,257.09,256.88,256.98,63705
AMZN,2026-09-08,11:20,256.97,257.035,256.9016,256.9899,41781
AMZN,2026-09-08,11:21,257,257.1,256.97,257.04,62746
AMZN,2026-09-08,11:22,256.98,257.06,256.92,256.985,41593
AMZN,2026-09-08,11:23,257,257.15,256.97,257.04,46790
AMZN,2026-09-08,11:24,257.07,257.215,257.0501,257.215,41322
AMZN,2026-09-08,11:25,257.215,257.29,257.02,257.16,64647
AMZN,2026-09-08,11:26,257.18,257.2585,257.14,257.19,51212
AMZN,2026-09-08,11:27,257.19,257.25,257.11,257.225,63579
AMZN,2026-09-08,11:28,257.3,257.46,257.3,257.35,62498
AMZN,2026-09-08,11:29,257.33,257.43,257.3,257.3163,41229
AMZN,2026-09-08,11:30,257.36,257.54,257.1123,257.13,85506
AMZN,2026-09-08,11:31,257.11,257.22,257.095,257.2094,42409
AMZN,2026-09-08,11:32,257.195,257.31,257.09,257.09,93248
AMZN,2026-09-08,11:33,257.055,257.29,257.04,257.26,40248
AMZN,2026-09-08,11:34,257.265,257.265,256.8999,256.905,50137
AMZN,2026-09-08,11:35,256.88,257.078,256.81,256.8885,56449
AMZN,2026-09-08,11:36,256.85,256.86,256.7126,256.82,45592
AMZN,2026-09-08,11:37,256.82,256.94,256.78,256.94,39021
AMZN,2026-09-08,11:38,256.9599,256.98,256.868,256.9,30336
AMZN,2026-09-08,11:39,256.875,257.02,256.87,256.985,32008
AMZN,2026-09-08,11:40,256.95,257.11,256.95,257.04,25651
AMZN,2026-09-08,11:41,257.0229,257.2,257.0229,257.17,41940
AMZN,2026-09-08,11:42,257.17,257.18,257.02,257.09,45598
AMZN,2026-09-08,11:43,257.095,257.095,256.75,256.795,50873
AMZN,2026-09-08,11:44,256.815,256.94,256.79,256.8299,28020
AMZN,2026-09-08,11:45,256.8299,256.8499,256.7701,256.8499,31213
AMZN,2026-09-08,11:46,256.83,256.96,256.7346,256.75,75250
AMZN,2026-09-08,11:47,256.75,256.8,256.52,256.5691,50435
AMZN,2026-09-08,11:48,256.55,256.6099,256.465,256.555,43039
AMZN,2026-09-08,11:49,256.55,256.63,256.52,256.59,23494
AMZN,2026-09-08,11:50,256.57,256.81,256.57,256.76,27207
AMZN,2026-09-08,11:51,256.7,256.775,256.63,256.7548,23620
AMZN,2026-09-08,11:52,256.72,256.84,256.7001,256.84,29090
AMZN,2026-09-08,11:53,256.83,256.83,256.69,256.765,29345
AMZN,2026-09-08,11:54,256.74,256.84,256.71,256.79,23282
AMZN,2026-09-08,11:55,256.77,256.8799,256.73,256.825,30647
AMZN,2026-09-08,11:56,256.785,256.81,256.7,256.7,29669
AMZN,2026-09-08,11:57,256.71,256.8072,256.668,256.668,21726
AMZN,2026-09-08,11:58,256.68,256.68,256.54,256.55,32306
AMZN,2026-09-08,11:59,256.555,256.574,256.2836,256.38,41959
AMZN,2026-09-08,12:00,256.36,256.4,256.23,256.37,33324
AMZN,2026-09-08,12:01,256.43,256.65,256.35,256.61,40567
AMZN,2026-09-08,12:02,256.63,256.66,256.51,256.5639,30922
AMZN,2026-09-08,12:03,256.565,256.635,256.53,256.635,20434
AMZN,2026-09-08,12:04,256.64,257.1,256.62,257.031,59053
AMZN,2026-09-08,12:05,257.06,257.38,257.03,257.37,42060
AMZN,2026-09-08,12:06,257.3301,257.6177,257.3301,257.56,60076
AMZN,2026-09-08,12:07,257.56,257.56,257.23,257.295,88979
AMZN,2026-09-08,12:08,257.29,257.332,257.13,257.13,19368
AMZN,2026-09-08,12:09,257.14,257.27,257.11,257.2,20815
AMZN,2026-09-08,12:10,257.2199,257.23,257.01,257.0785,34380
AMZN,2026-09-08,12:11,257.06,257.14,257,257.08,30205
AMZN,2026-09-08,12:12,257.08,257.305,257.06,257.15,110242
AMZN,2026-09-08,12:13,257.15,257.19,257.06,257.17,27561
AMZN,2026-09-08,12:14,257.195,257.345,257.1801,257.3072,20903
AMZN,2026-09-08,12:15,257.3045,257.315,257.1901,257.215,33033
AMZN,2026-09-08,12:16,257.2299,257.2299,256.99,257.0575,61964
AMZN,2026-09-08,12:17,257.04,257.085,256.9801,257.02,37713
AMZN,2026-09-08,12:18,257.03,257.17,256.985,257.01,33411
AMZN,2026-09-08,12:19,257,257.08,256.99,257.04,27549
AMZN,2026-09-08,12:20,257.055,257.125,257,257.12,33946
AMZN,2026-09-08,12:21,257.12,257.21,257.01,257.01,32997
AMZN,2026-09-08,12:22,257.035,257.19,257.035,257.105,38542
AMZN,2026-09-08,12:23,257.1183,257.1199,256.81,256.89,55933
AMZN,2026-09-08,12:24,256.93,256.99,256.815,256.935,33356
AMZN,2026-09-08,12:25,256.93,257.23,256.9101,257.14,48389
AMZN,2026-09-08,12:26,257.13,257.1399,256.892,256.95,39566
AMZN,2026-09-08,12:27,256.95,256.9999,256.915,256.95,16599
AMZN,2026-09-08,12:28,256.92,257.035,256.89,257.015,24356
AMZN,2026-09-08,12:29,256.995,257,256.86,256.905,28279
AMZN,2026-09-08,12:30,256.88,257.05,256.88,257.04,33315
AMZN,2026-09-08,12:31,257.03,257.1,256.95,257.03,45822
AMZN,2026-09-08,12:32,256.98,257.09,256.97,257.045,43276
AMZN,2026-09-08,12:33,257.02,257.1199,257.01,257.1199,28386
AMZN,2026-09-08,12:34,257.1199,257.1199,257.015,257.0299,35832
AMZN,2026-09-08,12:35,257.015,257.1,256.97,257.03,15911
AMZN,2026-09-08,12:36,257.06,257.1,257.01,257.07,19277
AMZN,2026-09-08,12:37,257.1,257.1,257.01,257.06,30685
AMZN,2026-09-08,12:38,257.025,257.1,257.018,257.0301,29361
AMZN,2026-09-08,12:39,257.09,257.11,256.95,257,25149
AMZN,2026-09-08,12:40,256.98,257.06,256.95,257.025,24952
AMZN,2026-09-08,12:41,257.06,257.15,257.05,257.1301,17212
AMZN,2026-09-08,12:42,257.16,257.26,257.16,257.17,27338
AMZN,2026-09-08,12:43,257.1701,257.235,257.1,257.2237,23993
AMZN,2026-09-08,12:44,257.225,257.46,257.225,257.46,47438
AMZN,2026-09-08,12:45,257.4899,257.5,257.31,257.395,22117
AMZN,2026-09-08,12:46,257.37,257.44,257.34,257.3747,17332
AMZN,2026-09-08,12:47,257.355,257.3799,257.2,257.31,15998
AMZN,2026-09-08,12:48,257.31,257.42,257.3,257.37,35103
AMZN,2026-09-08,12:49,257.35,257.375,257.31,257.35,19639
AMZN,2026-09-08,12:50,257.38,257.558,257.2675,257.42,35335
AMZN,2026-09-08,12:51,257.405,257.405,257.26,257.26,18413
AMZN,2026-09-08,12:52,257.3199,257.39,257.24,257.39,27127
AMZN,2026-09-08,12:53,257.37,257.5051,257.31,257.5,25206
AMZN,2026-09-08,12:54,257.52,257.605,257.48,257.48,33722
AMZN,2026-09-08,12:55,257.4978,257.5899,257.4978,257.5301,18590
AMZN,2026-09-08,12:56,257.5799,257.6,257.21,257.37,77095
AMZN,2026-09-08,12:57,257.35,257.39,257.18,257.18,28328
AMZN,2026-09-08,12:58,257.21,257.3025,257.205,257.24,17539
AMZN,2026-09-08,12:59,257.22,257.2207,257,257.21,31455
AMZN,2026-09-08,13:00,257.2,257.54,257.19,257.515,22485
AMZN,2026-09-08,13:01,257.525,257.81,257.495,257.7199,60792
AMZN,2026-09-08,13:02,257.69,257.8315,257.5701,257.8,31659
AMZN,2026-09-08,13:03,257.8087,257.93,257.7562,257.865,71926
AMZN,2026-09-08,13:04,257.855,257.95,257.8,257.93,32972
AMZN,2026-09-08,13:05,257.9101,257.92,257.73,257.77,21650
AMZN,2026-09-08,13:06,257.7521,257.99,257.7521,257.9503,27810
AMZN,2026-09-08,13:07,257.97,257.9766,257.55,257.6,43528
AMZN,2026-09-08,13:08,257.58,257.665,257.42,257.62,29503
AMZN,2026-09-08,13:09,257.62,257.62,257.375,257.375,24979
AMZN,2026-09-08,13:10,257.4,257.485,257.39,257.455,16058
AMZN,2026-09-08,13:11,257.4651,257.52,257.45,257.51,16911
AMZN,2026-09-08,13:12,257.51,257.51,257.3105,257.35,21538
AMZN,2026-09-08,13:13,257.34,257.37,257.28,257.32,22683
AMZN,2026-09-08,13:14,257.305,257.33,257.185,257.235,18543
AMZN,2026-09-08,13:15,257.26,257.27,257.21,257.225,16515
AMZN,2026-09-08,13:16,257.22,257.2499,257.12,257.12,47965
AMZN,2026-09-08,13:17,257.13,257.17,257.085,257.17,13541
AMZN,2026-09-08,13:18,257.145,257.2199,257.13,257.19,15327
AMZN,2026-09-08,13:19,257.195,257.33,257.15,257.3,34924
AMZN,2026-09-08,13:20,257.26,257.31,257.22,257.22,21010
AMZN,2026-09-08,13:21,257.21,257.255,257.2,257.25,20527
AMZN,2026-09-08,13:22,257.25,257.26,257.211,257.235,14239
AMZN,2026-09-08,13:23,257.22,257.23,257.12,257.22,52639
AMZN,2026-09-08,13:24,257.2,257.26,257.1201,257.2,24401
AMZN,2026-09-08,13:25,257.21,257.21,257.06,257.062,13362
AMZN,2026-09-08,13:26,257.06,257.06,256.94,257,17591
AMZN,2026-09-08,13:27,257.02,257.0999,257,257.07,23553
AMZN,2026-09-08,13:28,257.08,257.14,257.08,257.08,11438
AMZN,2026-09-08,13:29,257.0901,257.12,256.8702,256.9101,45759
AMZN,2026-09-08,13:30,256.925,257,256.92,256.99,14671
AMZN,2026-09-08,13:31,256.98,257,256.91,256.98,17807
AMZN,2026-09-08,13:32,256.9818,257.0854,256.96,257.05,19595
AMZN,2026-09-08,13:33,257.04,257.1719,257.01,257.17,22147
AMZN,2026-09-08,13:34,257.16,257.22,257.12,257.12,14689
AMZN,2026-09-08,13:35,257.1101,257.1699,257.07,257.07,13034
AMZN,2026-09-08,13:36,257.08,257.1198,256.98,257.045,34929
AMZN,2026-09-08,13:37,257.03,257.1197,256.995,257.1197,14384
AMZN,2026-09-08,13:38,257.14,257.1799,257.04,257.07,16243
AMZN,2026-09-08,13:39,257.06,257.1,257.035,257.06,12860
AMZN,2026-09-08,13:40,257.07,257.07,256.935,256.935,34525
AMZN,2026-09-08,13:41,256.94,256.95,256.8793,256.95,29574
AMZN,2026-09-08,13:42,256.93,256.93,256.82,256.85,25127
AMZN,2026-09-08,13:43,256.88,256.9051,256.82,256.84,15097
AMZN,2026-09-08,13:44,256.85,256.85,256.69,256.7,51976
AMZN,2026-09-08,13:45,256.71,256.78,256.67,256.755,22580
AMZN,2026-09-08,13:46,256.7414,256.83,256.6889,256.7401,25689
AMZN,2026-09-08,13:47,256.77,256.86,256.75,256.8,32068
AMZN,2026-09-08,13:48,256.785,256.9199,256.785,256.87,26720
AMZN,2026-09-08,13:49,256.89,256.92,256.83,256.91,20444
AMZN,2026-09-08,13:50,256.87,256.9,256.81,256.8899,56882
AMZN,2026-09-08,13:51,256.9,256.96,256.85,256.92,26609
AMZN,2026-09-08,13:52,256.925,256.9865,256.925,256.95,11903
AMZN,2026-09-08,13:53,256.96,257.02,256.91,256.99,22025
AMZN,2026-09-08,13:54,256.97,257,256.94,256.97,12910
AMZN,2026-09-08,13:55,256.945,256.9699,256.8805,256.9699,24780
AMZN,2026-09-08,13:56,256.94,257.025,256.87,257,37970
AMZN,2026-09-08,13:57,256.965,257.08,256.965,257.05,19603
AMZN,2026-09-08,13:58,257.045,257.1401,257.01,257.0899,24519
AMZN,2026-09-08,13:59,257.065,257.1,256.97,256.97,27222
AMZN,2026-09-08,14:00,256.9802,257.08,256.9601,257.04,22278
AMZN,2026-09-08,14:01,257.052,257.1,257.01,257.0725,23253
AMZN,2026-09-08,14:02,257.05,257.075,257.01,257.03,12332
AMZN,2026-09-08,14:03,257.0308,257.1,256.98,257.0351,31426
AMZN,2026-09-08,14:04,257.08,257.12,257.0501,257.12,15093
AMZN,2026-09-08,14:05,257.14,257.2895,257.1201,257.27,65877
AMZN,2026-09-08,14:06,257.29,257.29,257.2,257.265,17445
AMZN,2026-09-08,14:07,257.25,257.2699,257.12,257.12,22662
AMZN,2026-09-08,14:08,257.14,257.2044,257.1193,257.16,14633
AMZN,2026-09-08,14:09,257.175,257.2083,257.0901,257.0901,21306
AMZN,2026-09-08,14:10,257.1,257.1618,257.1,257.12,9659
AMZN,2026-09-08,14:11,257.1001,257.1649,257.07,257.09,24205
AMZN,2026-09-08,14:12,257.07,257.11,257.04,257.0899,27977
AMZN,2026-09-08,14:13,257.08,257.0899,256.9,256.95,32635
AMZN,2026-09-08,14:14,256.94,257.0801,256.92,257.034,16755
AMZN,2026-09-08,14:15,257.04,257.15,257.02,257.08,37438
AMZN,2026-09-08,14:16,257.1,257.1157,257.045,257.05,16870
AMZN,2026-09-08,14:17,257.05,257.09,257.01,257.02,24868
AMZN,2026-09-08,14:18,257.02,257.0212,256.94,256.99,19272
AMZN,2026-09-08,14:19,256.97,256.99,256.95,256.99,19888
AMZN,2026-09-08,14:20,256.98,257,256.91,256.975,27397
AMZN,2026-09-08,14:21,256.94,257,256.93,256.98,28026
AMZN,2026-09-08,14:22,256.995,257.0078,256.8,256.84,32629
AMZN,2026-09-08,14:23,256.8,256.84,256.77,256.81,20661
AMZN,2026-09-08,14:24,256.8,256.84,256.79,256.84,14219
AMZN,2026-09-08,14:25,256.82,256.88,256.78,256.85,25055
AMZN,2026-09-08,14:26,256.84,256.86,256.76,256.83,20719
AMZN,2026-09-08,14:27,256.845,256.87,256.8,256.815,18384
AMZN,2026-09-08,14:28,256.81,256.87,256.77,256.8454,77423
AMZN,2026-09-08,14:29,256.87,257.09,256.87,257.065,31573
AMZN,2026-09-08,14:30,257.11,257.15,257.07,257.08,25275
AMZN,2026-09-08,14:31,257.09,257.165,257.09,257.13,22723
AMZN,2026-09-08,14:32,257.16,257.23,257.1103,257.17,22377
AMZN,2026-09-08,14:33,257.1,257.16,257.0101,257.1004,25423
AMZN,2026-09-08,14:34,257.135,257.14,257.1067,257.14,24437
AMZN,2026-09-08,14:35,257.13,257.13,257.045,257.045,27067
AMZN,2026-09-08,14:36,257.0407,257.08,256.934,257.005,39829
AMZN,2026-09-08,14:37,257.005,257.075,257,257.01,29562
AMZN,2026-09-08,14:38,257.03,257.09,256.98,257.0799,29885
AMZN,2026-09-08,14:39,257.05,257.0801,256.9005,256.93,26496
AMZN,2026-09-08,14:40,256.91,256.985,256.91,256.935,17291
AMZN,2026-09-08,14:41,256.97,257.07,256.97,257.04,23139
AMZN,2026-09-08,14:42,257.06,257.097,257.01,257.0301,16807
AMZN,2026-09-08,14:43,257.03,257.25,257.03,257.245,47768
AMZN,2026-09-08,14:44,257.24,257.24,257.1,257.1401,26652
AMZN,2026-09-08,14:45,257.135,257.3744,257.0601,257.1348,46527
AMZN,2026-09-08,14:46,257.1,257.2099,257.0951,257.15,25487
AMZN,2026-09-08,14:47,257.15,257.15,256.6,256.64,76079
AMZN,2026-09-08,14:48,256.63,256.68,256.25,256.2576,74179
AMZN,2026-09-08,14:49,256.21,256.52,256.07,256.46,78521
AMZN,2026-09-08,14:50,256.55,256.89,256.55,256.775,39578
AMZN,2026-09-08,14:51,256.81,256.82,256.4501,256.675,56753
AMZN,2026-09-08,14:52,256.66,256.78,256.6001,256.67,38869
AMZN,2026-09-08,14:53,256.61,256.9182,256.61,256.88,22848
AMZN,2026-09-08,14:54,256.905,257.035,256.805,256.9,34036
AMZN,2026-09-08,14:55,256.91,256.91,256.82,256.86,26964
AMZN,2026-09-08,14:56,256.85,256.91,256.785,256.88,21557
AMZN,2026-09-08,14:57,256.93,257.11,256.9,256.935,43743
AMZN,2026-09-08,14:58,256.935,256.99,256.88,256.99,27419
AMZN,2026-09-08,14:59,257,257.02,256.94,256.96,22408
AMZN,2026-09-08,15:00,256.9799,257.305,256.9799,257.295,45928
AMZN,2026-09-08,15:01,257.31,257.34,257.13,257.27,43696
AMZN,2026-09-08,15:02,257.2895,257.5,257.28,257.43,34207
AMZN,2026-09-08,15:03,257.425,257.445,257.29,257.43,39295
AMZN,2026-09-08,15:04,257.435,257.46,257.3,257.39,37980
AMZN,2026-09-08,15:05,257.38,257.38,257.13,257.255,36353
AMZN,2026-09-08,15:06,257.255,257.255,257.12,257.12,33481
AMZN,2026-09-08,15:07,257.12,257.27,257.12,257.27,20331
AMZN,2026-09-08,15:08,257.27,257.33,257.21,257.295,52259
AMZN,2026-09-08,15:09,257.3399,257.3399,257.12,257.16,19505
AMZN,2026-09-08,15:10,257.165,257.26,257.15,257.25,45285
AMZN,2026-09-08,15:11,257.26,257.27,257.09,257.13,20558
AMZN,2026-09-08,15:12,257.1,257.15,257.0415,257.125,17710
AMZN,2026-09-08,15:13,257.124,257.14,256.97,257.095,28423
AMZN,2026-09-08,15:14,257.085,257.1,256.88,256.96,49348
AMZN,2026-09-08,15:15,256.9799,257.01,256.825,256.83,68295
AMZN,2026-09-08,15:16,256.82,256.86,256.715,256.84,24917
AMZN,2026-09-08,15:17,256.82,256.82,256.65,256.725,57898
AMZN,2026-09-08,15:18,256.8,257.02,256.8,257.02,39575
AMZN,2026-09-08,15:19,257.0399,257.15,257.03,257.07,31627
AMZN,2026-09-08,15:20,257.08,257.23,257.076,257.21,33849
AMZN,2026-09-08,15:21,257.19,257.215,257.02,257.09,28343
AMZN,2026-09-08,15:22,257.1,257.125,256.955,257.045,56047
AMZN,2026-09-08,15:23,257.045,257.1,256.86,256.905,37438
AMZN,2026-09-08,15:24,256.88,256.89,256.7501,256.89,38060
AMZN,2026-09-08,15:25,256.925,257.08,256.86,257.03,28478
AMZN,2026-09-08,15:26,257.04,257.09,256.95,257.09,36946
AMZN,2026-09-08,15:27,257.11,257.265,257.08,257.18,64130
AMZN,2026-09-08,15:28,257.17,257.3,257.16,257.3,53471
AMZN,2026-09-08,15:29,257.33,257.365,257.1201,257.1201,55903
AMZN,2026-09-08,15:30,257.16,257.2701,256.6002,256.8375,94823
AMZN,2026-09-08,15:31,256.85,256.88,256.53,256.625,52919
AMZN,2026-09-08,15:32,256.67,256.7799,256.59,256.64,31138
AMZN,2026-09-08,15:33,256.6,256.94,256.6,256.89,59092
AMZN,2026-09-08,15:34,256.84,256.94,256.76,256.81,60279
AMZN,2026-09-08,15:35,256.83,256.86,256.61,256.64,33658
AMZN,2026-09-08,15:36,256.63,256.71,256.565,256.68,56805
AMZN,2026-09-08,15:37,256.685,256.73,256.61,256.69,50175
AMZN,2026-09-08,15:38,256.66,256.77,256.625,256.77,33966
AMZN,2026-09-08,15:39,256.755,256.89,256.755,256.89,30855
AMZN,2026-09-08,15:40,256.875,257,256.83,256.955,59960
AMZN,2026-09-08,15:41,256.95,256.9816,256.83,256.84,79530
AMZN,2026-09-08,15:42,256.84,256.92,256.81,256.89,41264
AMZN,2026-09-08,15:43,256.93,256.94,256.83,256.93,40465
AMZN,2026-09-08,15:44,256.91,256.9899,256.85,256.9699,60661
AMZN,2026-09-08,15:45,256.96,257.05,256.89,256.975,68750
AMZN,2026-09-08,15:46,256.975,257.005,256.86,256.98,75123
AMZN,2026-09-08,15:47,256.97,257,256.83,256.83,75757
AMZN,2026-09-08,15:48,256.82,256.82,256.73,256.775,39204
AMZN,2026-09-08,15:49,256.78,257.1799,256.78,257.1,110870
AMZN,2026-09-08,15:50,257.1,257.19,256.84,257.015,197707
AMZN,2026-09-08,15:51,257.03,257.04,256.9,256.935,67912
AMZN,2026-09-08,15:52,256.935,257.04,256.85,256.89,134708
AMZN,2026-09-08,15:53,256.87,256.9,256.49,256.56,121643
AMZN,2026-09-08,15:54,256.56,256.82,256.44,256.58,125334
AMZN,2026-09-08,15:55,256.6,257.04,256.6,256.69,170568
AMZN,2026-09-08,15:56,256.71,256.72,256.54,256.595,143736
AMZN,2026-09-08,15:57,256.605,256.78,256.59,256.74,183987
AMZN,2026-09-08,15:58,256.74,256.87,256.69,256.81,247011
AMZN,2026-09-08,15:59,256.8,257.14,256.72,256.96,747767
AMZN,2026-09-08,16:00,256.97,256.97,256.97,256.97,0
AMZN,2026-09-09,09:30,253.12,254.62,251.9,251.98,2734341
AMZN,2026-09-09,09:31,252.03,252.87,251.11,251.285,346979
AMZN,2026-09-09,09:32,251.24,251.88,250.89,251.585,281163
AMZN,2026-09-09,09:33,251.61,252.43,251.46,252.29,151888
AMZN,2026-09-09,09:34,252.27,252.97,252.2201,252.63,175116
AMZN,2026-09-09,09:35,252.7,252.93,252.62,252.885,138424
AMZN,2026-09-09,09:36,252.895,252.895,252.34,252.44,124100
AMZN,2026-09-09,09:37,252.5,252.61,252.26,252.49,121034
AMZN,2026-09-09,09:38,252.53,253.09,252.37,252.88,139428
AMZN,2026-09-09,09:39,252.88,253.3586,252.81,253.3199,103116
AMZN,2026-09-09,09:40,253.29,253.3001,252.59,252.64,99810
AMZN,2026-09-09,09:41,252.665,252.9413,252.57,252.8,85714
AMZN,2026-09-09,09:42,252.73,253,252.68,252.72,70182
AMZN,2026-09-09,09:43,252.71,252.99,252.551,252.645,100753
AMZN,2026-09-09,09:44,252.645,252.6887,252.18,252.29,111281
AMZN,2026-09-09,09:45,252.305,252.6899,252.22,252.39,139177
AMZN,2026-09-09,09:46,252.37,252.3809,252.07,252.15,107887
AMZN,2026-09-09,09:47,252.12,252.39,251.96,252,149959
AMZN,2026-09-09,09:48,252.01,252.128,251.7912,252.03,120630
AMZN,2026-09-09,09:49,252.104,252.45,252.055,252.38,123749
AMZN,2026-09-09,09:50,252.3775,252.48,252.0701,252.1,108193
AMZN,2026-09-09,09:51,252.06,252.34,252.06,252.1,92577
AMZN,2026-09-09,09:52,252.095,252.17,252,252.13,105925
AMZN,2026-09-09,09:53,252.09,252.7999,252.085,252.7557,109948
AMZN,2026-09-09,09:54,252.75,253.13,252.74,252.965,114822
AMZN,2026-09-09,09:55,252.9301,252.9899,252.785,252.86,85127
AMZN,2026-09-09,09:56,252.8799,252.96,252.51,252.625,81791
AMZN,2026-09-09,09:57,252.625,252.8,252.55,252.745,124794
AMZN,2026-09-09,09:58,252.785,252.94,252.59,252.69,69196
AMZN,2026-09-09,09:59,252.67,252.6999,252.41,252.435,88526
AMZN,2026-09-09,10:00,252.435,252.435,252.11,252.21,102965
AMZN,2026-09-09,10:01,252.21,252.21,251.88,252.065,94887
AMZN,2026-09-09,10:02,252.05,252.0689,251.7,251.7464,146833
AMZN,2026-09-09,10:03,251.75,251.83,251.615,251.77,88704
AMZN,2026-09-09,10:04,251.8277,252.1601,251.8,252.12,100899
AMZN,2026-09-09,10:05,252.115,252.2,251.875,251.925,96323
AMZN,2026-09-09,10:06,251.94,252.06,251.8001,251.9,82198
AMZN,2026-09-09,10:07,251.89,251.945,251.8,251.905,53327
AMZN,2026-09-09,10:08,251.85,252.08,251.85,252.055,77021
AMZN,2026-09-09,10:09,252.03,252.2,251.92,252.12,75209
AMZN,2026-09-09,10:10,252.115,252.235,252.06,252.21,76470
AMZN,2026-09-09,10:11,252.19,252.31,252,252.28,179876
AMZN,2026-09-09,10:12,252.3,252.625,252.26,252.61,74254
AMZN,2026-09-09,10:13,252.61,252.61,252.45,252.505,49488
AMZN,2026-09-09,10:14,252.52,252.65,252.42,252.46,79063
AMZN,2026-09-09,10:15,252.45,252.545,252.26,252.3,69423
AMZN,2026-09-09,10:16,252.35,252.37,251.875,251.875,158846
AMZN,2026-09-09,10:17,251.87,251.92,251.74,251.79,146495
AMZN,2026-09-09,10:18,251.79,251.8,251.5805,251.72,137517
AMZN,2026-09-09,10:19,251.74,252.09,251.715,252.04,81987
AMZN,2026-09-09,10:20,252.03,252.2,251.97,251.97,45758
AMZN,2026-09-09,10:21,251.95,252.0687,251.92,251.995,43814
AMZN,2026-09-09,10:22,252.03,252.03,251.74,251.815,51891
AMZN,2026-09-09,10:23,251.785,251.8387,251.675,251.72,65427
AMZN,2026-09-09,10:24,251.74,251.8199,251.56,251.63,79680
AMZN,2026-09-09,10:25,251.625,251.815,251.52,251.815,71722
AMZN,2026-09-09,10:26,251.815,251.96,251.73,251.895,50988
AMZN,2026-09-09,10:27,251.9199,252.175,251.89,252.135,57494
AMZN,2026-09-09,10:28,252.16,252.63,252.16,252.63,62145
AMZN,2026-09-09,10:29,252.63,252.65,252.37,252.45,62991
AMZN,2026-09-09,10:30,252.45,252.45,252.231,252.231,48101
AMZN,2026-09-09,10:31,252.26,252.27,252,252.1501,58541
AMZN,2026-09-09,10:32,252.18,252.21,252.02,252.14,90767
AMZN,2026-09-09,10:33,252.14,252.23,252.12,252.15,42802
AMZN,2026-09-09,10:34,252.15,252.25,252.045,252.21,47421
AMZN,2026-09-09,10:35,252.2,252.2,252.02,252.08,34703
AMZN,2026-09-09,10:36,252.07,252.16,251.88,251.88,85867
AMZN,2026-09-09,10:37,251.86,252.03,251.86,252.03,64835
AMZN,2026-09-09,10:38,252.01,252.14,252.0091,252.055,70166
AMZN,2026-09-09,10:39,252.045,252.2,252.045,252.14,55903
AMZN,2026-09-09,10:40,252.13,252.25,252.09,252.1,82509
AMZN,2026-09-09,10:41,252.105,252.24,252.0801,252.2299,40021
AMZN,2026-09-09,10:42,252.2,252.26,252.16,252.2047,81926
AMZN,2026-09-09,10:43,252.2,252.22,252.1,252.12,57927
AMZN,2026-09-09,10:44,252.1,252.48,252.075,252.48,69810
AMZN,2026-09-09,10:45,252.475,252.52,252.41,252.49,57616
AMZN,2026-09-09,10:46,252.4899,252.65,252.43,252.625,58758
AMZN,2026-09-09,10:47,252.615,252.69,252.45,252.5451,98600
AMZN,2026-09-09,10:48,252.59,252.655,252.17,252.19,80516
AMZN,2026-09-09,10:49,252.17,252.34,252.1,252.2931,41894
AMZN,2026-09-09,10:50,252.32,252.425,252.18,252.21,39383
AMZN,2026-09-09,10:51,252.205,252.27,252.09,252.1513,90351
AMZN,2026-09-09,10:52,252.2,252.22,252.1,252.11,47208
AMZN,2026-09-09,10:53,252.11,252.2,252.05,252.05,31601
AMZN,2026-09-09,10:54,252.02,252.23,252.02,252.23,61854
AMZN,2026-09-09,10:55,252.2499,252.32,251.82,251.8475,84997
AMZN,2026-09-09,10:56,251.855,251.8895,251.74,251.81,62314
AMZN,2026-09-09,10:57,251.83,251.88,251.63,251.7899,54203
AMZN,2026-09-09,10:58,251.79,252.04,251.76,251.92,36700
AMZN,2026-09-09,10:59,251.915,252,251.78,251.805,69262
AMZN,2026-09-09,11:00,251.79,252.03,251.75,251.86,60096
AMZN,2026-09-09,11:01,251.84,251.97,251.49,251.555,120756
AMZN,2026-09-09,11:02,251.55,251.66,251.45,251.47,76762
AMZN,2026-09-09,11:03,251.48,251.54,251.23,251.28,114269
AMZN,2026-09-09,11:04,251.285,251.39,251.21,251.25,84814
AMZN,2026-09-09,11:05,251.28,251.35,251.18,251.2,73693
AMZN,2026-09-09,11:06,251.2,251.54,251.15,251.495,128129
AMZN,2026-09-09,11:07,251.5,251.59,251.47,251.47,46484
AMZN,2026-09-09,11:08,251.48,251.5,251.41,251.5,35698
AMZN,2026-09-09,11:09,251.48,251.52,251.355,251.414,68183
AMZN,2026-09-09,11:10,251.445,251.53,251.3601,251.45,42880
AMZN,2026-09-09,11:11,251.45,251.45,251,251,169251
AMZN,2026-09-09,11:12,251.0239,251.11,250.98,251.065,70704
AMZN,2026-09-09,11:13,251.065,251.14,251.03,251.06,42515
AMZN,2026-09-09,11:14,251.055,251.1,250.92,250.9401,69970
AMZN,2026-09-09,11:15,250.93,251.1799,250.92,251.13,85729
AMZN,2026-09-09,11:16,251.14,251.345,251.1,251.345,53255
AMZN,2026-09-09,11:17,251.345,251.45,251.345,251.405,48891
AMZN,2026-09-09,11:18,251.42,251.43,251.295,251.39,36880
AMZN,2026-09-09,11:19,251.395,251.57,251.315,251.525,53258
AMZN,2026-09-09,11:20,251.4846,251.57,251.44,251.4432,29386
AMZN,2026-09-09,11:21,251.436,251.4804,251.32,251.32,46978
AMZN,2026-09-09,11:22,251.33,251.36,251.0802,251.1,45959
AMZN,2026-09-09,11:23,251.08,251.17,250.95,250.965,98596
AMZN,2026-09-09,11:24,250.97,251,250.72,250.825,144457
AMZN,2026-09-09,11:25,250.85,250.865,250.77,250.8,62583
AMZN,2026-09-09,11:26,250.8,250.895,250.78,250.82,84039
AMZN,2026-09-09,11:27,250.83,250.85,250.72,250.82,43799
AMZN,2026-09-09,11:28,250.83,250.855,250.65,250.68,76623
AMZN,2026-09-09,11:29,250.66,250.79,250.65,250.78,51201
AMZN,2026-09-09,11:30,250.775,250.88,250.75,250.852,84936
AMZN,2026-09-09,11:31,250.84,250.93,250.77,250.86,106856
AMZN,2026-09-09,11:32,250.86,251.05,250.86,251.05,47695
AMZN,2026-09-09,11:33,251.06,251.06,250.895,251.04,59014
AMZN,2026-09-09,11:34,251.0309,251.08,250.94,251.065,41069
AMZN,2026-09-09,11:35,251.08,251.15,251.02,251.15,79068
AMZN,2026-09-09,11:36,251.15,251.3,251.15,251.18,78475
AMZN,2026-09-09,11:37,251.18,251.2599,251.12,251.1365,41713
AMZN,2026-09-09,11:38,251.15,251.15,250.97,251.1,44176
AMZN,2026-09-09,11:39,251.12,251.49,251.02,251.455,86392
AMZN,2026-09-09,11:40,251.42,251.58,251.32,251.38,77383
AMZN,2026-09-09,11:41,251.39,251.4,251.17,251.265,50070
AMZN,2026-09-09,11:42,251.275,251.34,251.275,251.315,23648
AMZN,2026-09-09,11:43,251.325,251.47,251.31,251.44,39525
AMZN,2026-09-09,11:44,251.41,251.5,251.39,251.485,40444
AMZN,2026-09-09,11:45,251.5,251.5,251.415,251.42,58186
AMZN,2026-09-09,11:46,251.41,251.465,251.3701,251.4014,31669
AMZN,2026-09-09,11:47,251.3901,251.48,251.36,251.36,40107
AMZN,2026-09-09,11:48,251.37,251.47,251.345,251.345,22357
AMZN,2026-09-09,11:49,251.345,251.5,251.29,251.5,30426
AMZN,2026-09-09,11:50,251.49,251.68,251.47,251.66,37656
AMZN,2026-09-09,11:51,251.66,251.69,251.59,251.66,50509
AMZN,2026-09-09,11:52,251.655,251.7,251.56,251.7,29767
AMZN,2026-09-09,11:53,251.67,251.97,251.65,251.94,110258
AMZN,2026-09-09,11:54,251.95,251.98,251.85,251.895,63345
AMZN,2026-09-09,11:55,251.91,251.91,251.67,251.67,81300
AMZN,2026-09-09,11:56,251.665,251.68,251.5735,251.63,32297
AMZN,2026-09-09,11:57,251.635,251.64,251.445,251.45,23779
AMZN,2026-09-09,11:58,251.45,251.6,251.45,251.6,29176
AMZN,2026-09-09,11:59,251.6,251.65,251.57,251.605,27469
AMZN,2026-09-09,12:00,251.57,251.73,251.53,251.63,39269
AMZN,2026-09-09,12:01,251.65,251.65,251.535,251.545,25197
AMZN,2026-09-09,12:02,251.545,251.6301,251.47,251.6301,26609
AMZN,2026-09-09,12:03,251.62,251.6399,251.42,251.43,44445
AMZN,2026-09-09,12:04,251.43,251.535,251.38,251.495,57367
AMZN,2026-09-09,12:05,251.495,251.755,251.47,251.72,47891
AMZN,2026-09-09,12:06,251.69,251.69,251.39,251.47,28392
AMZN,2026-09-09,12:07,251.475,251.475,251.27,251.27,37017
AMZN,2026-09-09,12:08,251.27,251.27,251.11,251.21,46138
AMZN,2026-09-09,12:09,251.1903,251.26,251.15,251.15,28424
AMZN,2026-09-09,12:10,251.14,251.2,251.1,251.2,26763
AMZN,2026-09-09,12:11,251.2,251.32,251.2,251.31,51693
AMZN,2026-09-09,12:12,251.3,251.4,251.28,251.3943,47149
AMZN,2026-09-09,12:13,251.38,251.49,251.38,251.4,29679
AMZN,2026-09-09,12:14,251.41,251.42,251.34,251.35,43323
AMZN,2026-09-09,12:15,251.37,251.4499,251.33,251.425,36648
AMZN,2026-09-09,12:16,251.43,251.49,251.365,251.435,53579
AMZN,2026-09-09,12:17,251.4599,251.49,251.38,251.45,29659
AMZN,2026-09-09,12:18,251.46,251.74,251.46,251.62,70723
AMZN,2026-09-09,12:19,251.675,251.755,251.63,251.6599,39771
AMZN,2026-09-09,12:20,251.635,251.69,251.57,251.64,68336
AMZN,2026-09-09,12:21,251.61,251.826,251.61,251.805,39846
AMZN,2026-09-09,12:22,251.81,251.815,251.64,251.7133,49151
AMZN,2026-09-09,12:23,251.71,251.72,251.63,251.675,43438
AMZN,2026-09-09,12:24,251.65,251.73,251.65,251.7144,35305
AMZN,2026-09-09,12:25,251.66,251.73,251.625,251.655,25457
AMZN,2026-09-09,12:26,251.674,251.674,251.5,251.57,108448
AMZN,2026-09-09,12:27,251.565,251.565,251.43,251.51,51885
AMZN,2026-09-09,12:28,251.55,251.5994,251.44,251.44,20372
AMZN,2026-09-09,12:29,251.455,251.47,251.34,251.385,25372
AMZN,2026-09-09,12:30,251.3682,251.38,251.145,251.19,30026
AMZN,2026-09-09,12:31,251.2189,251.2189,251.1283,251.15,21972
AMZN,2026-09-09,12:32,251.16,251.3142,251.08,251.3142,41866
AMZN,2026-09-09,12:33,251.31,251.38,251.31,251.355,24997
AMZN,2026-09-09,12:34,251.34,251.44,251.21,251.215,31220
AMZN,2026-09-09,12:35,251.23,251.23,251.15,251.16,132462
AMZN,2026-09-09,12:36,251.16,251.23,251.15,251.1999,28521
AMZN,2026-09-09,12:37,251.17,251.38,251.17,251.27,52930
AMZN,2026-09-09,12:38,251.27,251.31,251.195,251.3,25790
AMZN,2026-09-09,12:39,251.296,251.296,251.21,251.265,20828
AMZN,2026-09-09,12:40,251.26,251.27,251.2,251.21,27136
AMZN,2026-09-09,12:41,251.23,251.31,251.22,251.26,24781
AMZN,2026-09-09,12:42,251.26,251.2627,251.21,251.26,21372
AMZN,2026-09-09,12:43,251.22,251.34,251.2,251.33,36032
AMZN,2026-09-09,12:44,251.33,251.4,251.33,251.39,82614
AMZN,2026-09-09,12:45,251.41,251.46,251.395,251.46,89713
AMZN,2026-09-09,12:46,251.455,251.455,251.35,251.4051,27399
AMZN,2026-09-09,12:47,251.4101,251.57,251.36,251.54,29083
AMZN,2026-09-09,12:48,251.545,251.67,251.545,251.665,64745
AMZN,2026-09-09,12:49,251.665,251.7,251.55,251.59,30169
AMZN,2026-09-09,12:50,251.5861,251.8,251.58,251.725,45808
AMZN,2026-09-09,12:51,251.71,251.84,251.7,251.84,23259
AMZN,2026-09-09,12:52,251.82,252.035,251.82,252.01,71388
AMZN,2026-09-09,12:53,252.01,252.1,252,252.04,39343
AMZN,2026-09-09,12:54,252.06,252.16,252.06,252.08,38023
AMZN,2026-09-09,12:55,252.05,252.11,251.87,251.93,37283
AMZN,2026-09-09,12:56,251.96,252,251.885,251.895,25274
AMZN,2026-09-09,12:57,251.9,251.94,251.87,251.915,23407
AMZN,2026-09-09,12:58,251.94,251.9675,251.84,251.8472,16983
AMZN,2026-09-09,12:59,251.8463,251.88,251.76,251.845,38957
AMZN,2026-09-09,13:00,251.845,251.9599,251.75,251.93,46460
AMZN,2026-09-09,13:01,251.89,251.93,251.845,251.8865,21031
AMZN,2026-09-09,13:02,251.87,252.1192,251.87,252.0334,50234
AMZN,2026-09-09,13:03,252.02,252.1299,251.94,251.96,45658
AMZN,2026-09-09,13:04,251.955,252.02,251.93,251.935,21909
AMZN,2026-09-09,13:05,251.95,252.08,251.91,252.07,27852
AMZN,2026-09-09,13:06,252.07,252.13,252.04,252.06,26171
AMZN,2026-09-09,13:07,252.055,252.1,252.0064,252.08,17281
AMZN,2026-09-09,13:08,252.09,252.1499,252.08,252.1,21551
AMZN,2026-09-09,13:09,252.11,252.19,252.08,252.1146,37853
AMZN,2026-09-09,13:10,252.065,252.23,252.06,252.215,60375
AMZN,2026-09-09,13:11,252.215,252.342,252.19,252.325,54446
AMZN,2026-09-09,13:12,252.3499,252.3499,252.2,252.24,19620
AMZN,2026-09-09,13:13,252.25,252.35,252.235,252.265,46554
AMZN,2026-09-09,13:14,252.265,252.3799,252.25,252.36,38873
AMZN,2026-09-09,13:15,252.3408,252.44,252.3408,252.43,38063
AMZN,2026-09-09,13:16,252.44,252.48,252.4048,252.425,39032
AMZN,2026-09-09,13:17,252.4133,252.46,252.35,252.4,27983
AMZN,2026-09-09,13:18,252.4,252.41,252.3201,252.365,22127
AMZN,2026-09-09,13:19,252.34,252.3792,252.3,252.345,20616
AMZN,2026-09-09,13:20,252.35,252.35,252.21,252.25,17338
AMZN,2026-09-09,13:21,252.241,252.31,252.22,252.31,24770
AMZN,2026-09-09,13:22,252.33,252.3699,252.3,252.35,16120
AMZN,2026-09-09,13:23,252.37,252.55,252.355,252.535,49812
AMZN,2026-09-09,13:24,252.535,252.58,252.38,252.46,55139
AMZN,2026-09-09,13:25,252.46,252.51,252.43,252.44,29834
AMZN,2026-09-09,13:26,252.4618,252.4672,252.32,252.39,31433
AMZN,2026-09-09,13:27,252.3985,252.4,252.3101,252.33,18249
AMZN,2026-09-09,13:28,252.345,252.37,252.33,252.345,26017
AMZN,2026-09-09,13:29,252.33,252.33,252.215,252.25,34191
AMZN,2026-09-09,13:30,252.25,252.3,252.215,252.26,21301
AMZN,2026-09-09,13:31,252.275,252.28,252.13,252.155,38040
AMZN,2026-09-09,13:32,252.178,252.23,252.16,252.195,533738
AMZN,2026-09-09,13:33,252.195,252.25,252.17,252.22,26575
AMZN,2026-09-09,13:34,252.24,252.24,252.195,252.23,17759
AMZN,2026-09-09,13:35,252.225,252.29,252.195,252.29,17241
AMZN,2026-09-09,13:36,252.29,252.3599,252.28,252.335,17935
AMZN,2026-09-09,13:37,252.335,252.35,252.155,252.165,29071
AMZN,2026-09-09,13:38,252.17,252.17,252.1,252.115,22563
AMZN,2026-09-09,13:39,252.09,252.16,252.055,252.135,24508
AMZN,2026-09-09,13:40,252.13,252.1999,252.08,252.185,34361
AMZN,2026-09-09,13:41,252.1881,252.19,252.13,252.1595,23383
AMZN,2026-09-09,13:42,252.14,252.23,252.09,252.22,32775
AMZN,2026-09-09,13:43,252.2201,252.25,252.14,252.15,25027
AMZN,2026-09-09,13:44,252.15,252.25,252.15,252.215,21960
AMZN,2026-09-09,13:45,252.2,252.21,252.12,252.12,20479
AMZN,2026-09-09,13:46,252.12,252.19,252.07,252.185,38875
AMZN,2026-09-09,13:47,252.16,252.27,252.15,252.27,32436
AMZN,2026-09-09,13:48,252.29,252.31,252.19,252.22,23720
AMZN,2026-09-09,13:49,252.2448,252.2519,252.18,252.21,20577
AMZN,2026-09-09,13:50,252.21,252.237,252.18,252.2,17669
AMZN,2026-09-09,13:51,252.195,252.26,252.195,252.21,31406
AMZN,2026-09-09,13:52,252.21,252.285,252.19,252.285,27434
AMZN,2026-09-09,13:53,252.29,252.32,252.19,252.32,42457
AMZN,2026-09-09,13:54,252.32,252.5,252.2403,252.29,98734
AMZN,2026-09-09,13:55,252.29,252.32,252.19,252.27,20300
AMZN,2026-09-09,13:56,252.24,252.24,252.17,252.21,19654
AMZN,2026-09-09,13:57,252.2,252.355,252.2,252.29,45206
AMZN,2026-09-09,13:58,252.33,252.3599,252.3001,252.3089,14546
AMZN,2026-09-09,13:59,252.308,252.3175,252.21,252.26,42228
AMZN,2026-09-09,14:00,252.275,252.35,252.24,252.25,17813
AMZN,2026-09-09,14:01,252.27,252.33,252.07,252.08,70583
AMZN,2026-09-09,14:02,252.11,252.24,252.06,252.22,38242
AMZN,2026-09-09,14:03,252.17,252.195,252.0998,252.1399,23231
AMZN,2026-09-09,14:04,252.09,252.13,252.01,252.125,44180
AMZN,2026-09-09,14:05,252.11,252.2349,252.11,252.18,27939
AMZN,2026-09-09,14:06,252.2099,252.2099,252.125,252.16,22204
AMZN,2026-09-09,14:07,252.1691,252.18,252.13,252.17,26246
AMZN,2026-09-09,14:08,252.165,252.18,252.13,252.1622,22342
AMZN,2026-09-09,14:09,252.165,252.27,252.14,252.27,21447
AMZN,2026-09-09,14:10,252.265,252.28,252.19,252.2227,24686
AMZN,2026-09-09,14:11,252.215,252.249,252.18,252.18,17727
AMZN,2026-09-09,14:12,252.17,252.1893,252.1054,252.1054,36711
AMZN,2026-09-09,14:13,252.11,252.11,252.02,252.035,44059
AMZN,2026-09-09,14:14,252.055,252.13,252.055,252.13,18227
AMZN,2026-09-09,14:15,252.13,252.13,251.9113,251.9999,66821
AMZN,2026-09-09,14:16,251.99,252.11,251.99,252.09,26272
AMZN,2026-09-09,14:17,252.1,252.25,252.1,252.22,45980
AMZN,2026-09-09,14:18,252.22,252.29,252.2,252.26,20739
AMZN,2026-09-09,14:19,252.26,252.26,252.08,252.09,48052
AMZN,2026-09-09,14:20,252.09,252.14,252.045,252.11,38037
AMZN,2026-09-09,14:21,252.09,252.16,252.09,252.14,27608
AMZN,2026-09-09,14:22,252.14,252.24,252.085,252.24,29684
AMZN,2026-09-09,14:23,252.215,252.23,252.15,252.1756,53537
AMZN,2026-09-09,14:24,252.182,252.185,252.12,252.17,29757
AMZN,2026-09-09,14:25,252.14,252.3,252.12,252.247,56253
AMZN,2026-09-09,14:26,252.24,252.28,252.21,252.2276,41084
AMZN,2026-09-09,14:27,252.23,252.26,252.17,252.2591,50605
AMZN,2026-09-09,14:28,252.23,252.25,252.18,252.205,32353
AMZN,2026-09-09,14:29,252.22,252.46,252.22,252.41,77788
AMZN,2026-09-09,14:30,252.41,252.425,252.3,252.325,50714
AMZN,2026-09-09,14:31,252.325,252.42,252.29,252.31,36406
AMZN,2026-09-09,14:32,252.31,252.32,252.23,252.28,16360
AMZN,2026-09-09,14:33,252.265,252.34,252.23,252.3148,21791
AMZN,2026-09-09,14:34,252.3101,252.36,252.25,252.31,30202
AMZN,2026-09-09,14:35,252.295,252.3,252.2001,252.2945,20470
AMZN,2026-09-09,14:36,252.3,252.325,252.27,252.325,17960
AMZN,2026-09-09,14:37,252.3099,252.31,252.24,252.27,29147
AMZN,2026-09-09,14:38,252.26,252.397,252.25,252.38,22633
AMZN,2026-09-09,14:39,252.4,252.58,252.4,252.5322,45281
AMZN,2026-09-09,14:40,252.56,252.68,252.55,252.63,32826
AMZN,2026-09-09,14:41,252.64,252.69,252.623,252.66,41518
AMZN,2026-09-09,14:42,252.66,252.76,252.66,252.68,39663
AMZN,2026-09-09,14:43,252.67,252.75,252.67,252.72,32192
AMZN,2026-09-09,14:44,252.7286,252.7286,252.59,252.64,23708
AMZN,2026-09-09,14:45,252.64,252.65,252.57,252.585,32000
AMZN,2026-09-09,14:46,252.585,252.5899,252.49,252.558,44818
AMZN,2026-09-09,14:47,252.5535,252.5795,252.53,252.55,28374
AMZN,2026-09-09,14:48,252.55,252.5706,252.4701,252.4701,25984
AMZN,2026-09-09,14:49,252.48,252.54,252.4202,252.4399,25912
AMZN,2026-09-09,14:50,252.415,252.445,252.31,252.3201,27258
AMZN,2026-09-09,14:51,252.338,252.4,252.22,252.235,41938
AMZN,2026-09-09,14:52,252.225,252.29,252.185,252.21,29929
AMZN,2026-09-09,14:53,252.21,252.315,252.21,252.285,34203
AMZN,2026-09-09,14:54,252.29,252.34,252.24,252.25,32388
AMZN,2026-09-09,14:55,252.28,252.32,252.17,252.17,45004
AMZN,2026-09-09,14:56,252.1925,252.2599,252.19,252.2052,31207
AMZN,2026-09-09,14:57,252.21,252.23,252.17,252.19,20148
AMZN,2026-09-09,14:58,252.1958,252.26,252.19,252.24,32668
AMZN,2026-09-09,14:59,252.24,252.2501,252.1901,252.23,18602
AMZN,2026-09-09,15:00,252.22,252.295,252.1201,252.27,38334
AMZN,2026-09-09,15:01,252.2015,252.2015,251.43,251.63,143448
AMZN,2026-09-09,15:02,251.6493,251.74,251.58,251.7019,52799
AMZN,2026-09-09,15:03,251.71,251.73,251.56,251.649,38671
AMZN,2026-09-09,15:04,251.63,251.74,251.6,251.73,29556
AMZN,2026-09-09,15:05,251.73,251.83,251.72,251.73,50980
AMZN,2026-09-09,15:06,251.73,251.84,251.72,251.81,32975
AMZN,2026-09-09,15:07,251.82,252.0201,251.82,252.0201,47636
AMZN,2026-09-09,15:08,252.0452,252.11,252.0077,252.11,32154
AMZN,2026-09-09,15:09,252.105,252.1299,251.98,252.0301,31588
AMZN,2026-09-09,15:10,252.025,252.14,252.02,252.075,35335
AMZN,2026-09-09,15:11,252.075,252.105,251.988,251.988,32593
AMZN,2026-09-09,15:12,251.99,252.02,251.97,252,38165
AMZN,2026-09-09,15:13,251.98,252.02,251.9601,252.02,36816
AMZN,2026-09-09,15:14,252.02,252.02,251.91,251.98,53289
AMZN,2026-09-09,15:15,251.98,252.1,251.97,252.1,27475
AMZN,2026-09-09,15:16,252.11,252.2441,252.105,252.225,36470
AMZN,2026-09-09,15:17,252.23,252.305,252.1929,252.27,56598
AMZN,2026-09-09,15:18,252.28,252.44,252.28,252.43,56009
AMZN,2026-09-09,15:19,252.435,252.445,252.37,252.39,35476
AMZN,2026-09-09,15:20,252.39,252.4197,252.32,252.33,39228
AMZN,2026-09-09,15:21,252.325,252.35,252.2801,252.3299,45594
AMZN,2026-09-09,15:22,252.32,252.345,252.26,252.345,41565
AMZN,2026-09-09,15:23,252.34,252.37,252.3,252.355,34448
AMZN,2026-09-09,15:24,252.355,252.43,252.27,252.41,65486
AMZN,2026-09-09,15:25,252.44,252.55,252.3701,252.5302,52715
AMZN,2026-09-09,15:26,252.54,252.5415,252.475,252.5,37125
AMZN,2026-09-09,15:27,252.515,252.52,252.36,252.38,44671
AMZN,2026-09-09,15:28,252.39,252.41,252.21,252.26,61667
AMZN,2026-09-09,15:29,252.2501,252.26,252.188,252.2201,43156
AMZN,2026-09-09,15:30,252.23,252.2475,252.12,252.174,60551
AMZN,2026-09-09,15:31,252.15,252.17,252.07,252.11,43969
AMZN,2026-09-09,15:32,252.11,252.165,252.06,252.145,43044
AMZN,2026-09-09,15:33,252.15,252.19,252.09,252.165,42095
AMZN,2026-09-09,15:34,252.15,252.16,252.105,252.12,40137
AMZN,2026-09-09,15:35,252.14,252.19,252.12,252.175,42024
AMZN,2026-09-09,15:36,252.19,252.19,252.115,252.125,40633
AMZN,2026-09-09,15:37,252.125,252.19,252.12,252.155,46817
AMZN,2026-09-09,15:38,252.1588,252.175,252.135,252.14,50101
AMZN,2026-09-09,15:39,252.14,252.21,252.12,252.14,51490
AMZN,2026-09-09,15:40,252.12,252.165,252.085,252.15,36439
AMZN,2026-09-09,15:41,252.15,252.2,252.1,252.15,48319
AMZN,2026-09-09,15:42,252.15,252.16,252.06,252.07,71413
AMZN,2026-09-09,15:43,252.07,252.2798,252.07,252.26,57056
AMZN,2026-09-09,15:44,252.27,252.3,252.19,252.226,57837
AMZN,2026-09-09,15:45,252.24,252.32,252.22,252.295,83759
AMZN,2026-09-09,15:46,252.295,252.31,252.19,252.23,47909
AMZN,2026-09-09,15:47,252.23,252.265,252.16,252.2096,56394
AMZN,2026-09-09,15:48,252.21,252.34,252.21,252.33,45932
AMZN,2026-09-09,15:49,252.35,252.42,252.34,252.36,71280
AMZN,2026-09-09,15:50,252.38,252.39,252.14,252.215,123559
AMZN,2026-09-09,15:51,252.21,252.32,252.175,252.3,123602
AMZN,2026-09-09,15:52,252.31,252.33,252.19,252.19,111444
AMZN,2026-09-09,15:53,252.18,252.29,252.12,252.185,154742
AMZN,2026-09-09,15:54,252.17,252.61,252.17,252.465,231595
AMZN,2026-09-09,15:55,252.48,252.485,252.05,252.26,269476
AMZN,2026-09-09,15:56,252.2699,252.359,252.25,252.265,240079
AMZN,2026-09-09,15:57,252.265,252.42,252.245,252.385,249438
AMZN,2026-09-09,15:58,252.38,252.43,252.36,252.41,363241
AMZN,2026-09-09,15:59,252.41,252.48,252.35,252.48,654273
AMZN,2026-09-09,16:00,252.4,252.4,252.4,252.4,0
AMZN,2026-09-10,09:30,250.19,251.295,250.09,250.28,1332794
AMZN,2026-09-10,09:31,250.19,250.3,249.58,250.07,379040
AMZN,2026-09-10,09:32,250.15,250.73,250.01,250.665,74939
AMZN,2026-09-10,09:33,250.78,251.75,250.71,251.53,140115
AMZN,2026-09-10,09:34,251.5577,251.85,251.08,251.08,92390
AMZN,2026-09-10,09:35,251.14,251.49,251.14,251.25,90593
AMZN,2026-09-10,09:36,251.2111,251.24,250.82,251.01,145129
AMZN,2026-09-10,09:37,251,251.255,250.97,251.205,63538
AMZN,2026-09-10,09:38,251.21,251.59,251.21,251.465,75384
AMZN,2026-09-10,09:39,251.45,251.68,251.4,251.53,91265
AMZN,2026-09-10,09:40,251.5117,251.53,250.94,251.06,120518
AMZN,2026-09-10,09:41,250.99,251.005,250.77,250.985,92958
AMZN,2026-09-10,09:42,250.93,251.1999,250.83,251.14,96467
AMZN,2026-09-10,09:43,251.169,251.17,250.7,250.7101,108398
AMZN,2026-09-10,09:44,250.755,250.83,250.5,250.6595,118275
AMZN,2026-09-10,09:45,250.625,251.3,250.59,251.24,159389
AMZN,2026-09-10,09:46,251.24,251.75,251.195,251.675,145217
AMZN,2026-09-10,09:47,251.67,251.95,251.6206,251.7901,137753
AMZN,2026-09-10,09:48,251.825,251.97,251.62,251.744,54258
AMZN,2026-09-10,09:49,251.74,252,251.52,251.97,109340
AMZN,2026-09-10,09:50,252,252.0195,251.465,251.71,119670
AMZN,2026-09-10,09:51,251.63,251.77,251.51,251.545,72305
AMZN,2026-09-10,09:52,251.59,251.7199,251.545,251.63,55960
AMZN,2026-09-10,09:53,251.63,252.27,251.6,252.105,203466
AMZN,2026-09-10,09:54,252.075,252.48,251.8,251.825,97110
AMZN,2026-09-10,09:55,251.72,251.86,251.28,251.365,52544
AMZN,2026-09-10,09:56,251.32,251.64,251.3,251.64,42345
AMZN,2026-09-10,09:57,251.62,251.84,251.38,251.68,67458
AMZN,2026-09-10,09:58,251.65,251.72,251.5,251.545,43385
AMZN,2026-09-10,09:59,251.5,251.58,251.24,251.29,60401
AMZN,2026-09-10,10:00,251.3,251.53,251.29,251.42,75157
AMZN,2026-09-10,10:01,251.435,251.7118,251.435,251.64,55102
AMZN,2026-09-10,10:02,251.625,251.9019,251.625,251.76,54145
AMZN,2026-09-10,10:03,251.72,251.7699,251.58,251.74,55656
AMZN,2026-09-10,10:04,251.69,251.69,251.53,251.6,38700
AMZN,2026-09-10,10:05,251.62,251.82,251.54,251.56,53444
AMZN,2026-09-10,10:06,251.595,251.64,251.49,251.555,34161
AMZN,2026-09-10,10:07,251.61,251.78,251.48,251.65,48598
AMZN,2026-09-10,10:08,251.6696,251.795,251.645,251.7529,35154
AMZN,2026-09-10,10:09,251.6948,251.72,251.37,251.5166,61545
AMZN,2026-09-10,10:10,251.5,251.7,251.48,251.7,34379
AMZN,2026-09-10,10:11,251.69,251.96,251.68,251.95,40296
AMZN,2026-09-10,10:12,251.97,252.46,251.97,252.32,131103
AMZN,2026-09-10,10:13,252.315,252.3799,252.21,252.295,43305
AMZN,2026-09-10,10:14,252.3004,252.4,252.1801,252.32,57512
AMZN,2026-09-10,10:15,252.32,252.35,251.92,252.11,62018
AMZN,2026-09-10,10:16,252.11,252.11,251.8401,252.0899,37316
AMZN,2026-09-10,10:17,252.0997,252.11,251.8634,251.92,24722
AMZN,2026-09-10,10:18,251.92,251.96,251.72,251.915,44587
AMZN,2026-09-10,10:19,251.905,252.2,251.8701,252.19,38536
AMZN,2026-09-10,10:20,252.145,252.2,252.065,252.18,33392
AMZN,2026-09-10,10:21,252.185,252.24,252,252.1443,91383
AMZN,2026-09-10,10:22,252.19,252.32,252.12,252.2,38598
AMZN,2026-09-10,10:23,252.1801,252.2,251.9,251.995,44101
AMZN,2026-09-10,10:24,252.01,252.66,251.93,252.29,120158
AMZN,2026-09-10,10:25,252.25,252.3999,252.17,252.295,53439
AMZN,2026-09-10,10:26,252.32,252.44,252.25,252.28,51475
AMZN,2026-09-10,10:27,252.22,252.28,251.995,252.125,76228
AMZN,2026-09-10,10:28,252.045,252.3,252.04,252.0938,69664
AMZN,2026-09-10,10:29,252.05,252.13,251.91,252.07,56032
AMZN,2026-09-10,10:30,252.07,252.33,252.07,252.3,57183
AMZN,2026-09-10,10:31,252.25,252.3001,252.13,252.255,43299
AMZN,2026-09-10,10:32,252.2501,252.26,251.925,251.94,66383
AMZN,2026-09-10,10:33,251.94,252.3,251.88,252.2,62939
AMZN,2026-09-10,10:34,252.18,252.2,251.96,252.03,60931
AMZN,2026-09-10,10:35,252.01,252.25,252,252.22,52022
AMZN,2026-09-10,10:36,252.18,252.27,252.1701,252.21,34055
AMZN,2026-09-10,10:37,252.2,252.652,252.2,252.595,74411
AMZN,2026-09-10,10:38,252.56,252.6,252.41,252.5815,67783
AMZN,2026-09-10,10:39,252.53,252.71,252.52,252.7,78210
AMZN,2026-09-10,10:40,252.6801,252.69,252.51,252.59,53329
AMZN,2026-09-10,10:41,252.6,252.7,252.56,252.63,37432
AMZN,2026-09-10,10:42,252.59,252.84,252.5302,252.5711,73418
AMZN,2026-09-10,10:43,252.6,252.78,252.555,252.555,62884
AMZN,2026-09-10,10:44,252.595,252.79,252.54,252.666,47236
AMZN,2026-09-10,10:45,252.635,252.6567,252.41,252.46,47109
AMZN,2026-09-10,10:46,252.46,252.56,252.28,252.415,52573
AMZN,2026-09-10,10:47,252.415,252.5099,252.3701,252.375,40497
AMZN,2026-09-10,10:48,252.36,252.62,252.36,252.59,39512
AMZN,2026-09-10,10:49,252.59,252.67,252.46,252.525,32175
AMZN,2026-09-10,10:50,252.495,252.5,252.3153,252.35,37205
AMZN,2026-09-10,10:51,252.355,252.425,252.2325,252.36,57815
AMZN,2026-09-10,10:52,252.37,252.4346,252.27,252.27,20677
AMZN,2026-09-10,10:53,252.27,252.435,252.21,252.435,22157
AMZN,2026-09-10,10:54,252.42,252.6,252.27,252.545,49386
AMZN,2026-09-10,10:55,252.565,252.67,252.55,252.63,41323
AMZN,2026-09-10,10:56,252.58,252.87,252.56,252.5799,115473
AMZN,2026-09-10,10:57,252.6,252.66,252.56,252.6,28588
AMZN,2026-09-10,10:58,252.58,252.75,252.57,252.7193,38405
AMZN,2026-09-10,10:59,252.67,252.83,252.65,252.78,48192
AMZN,2026-09-10,11:00,252.765,252.79,252.62,252.7,55265
AMZN,2026-09-10,11:01,252.6863,252.7,252.47,252.61,91627
AMZN,2026-09-10,11:02,252.625,252.625,252.3999,252.445,45151
AMZN,2026-09-10,11:03,252.43,252.63,252.315,252.45,61541
AMZN,2026-09-10,11:04,252.44,252.5099,252.285,252.38,58261
AMZN,2026-09-10,11:05,252.37,252.53,252.35,252.485,60927
AMZN,2026-09-10,11:06,252.4501,252.53,252.3,252.3,32388
AMZN,2026-09-10,11:07,252.2901,252.39,252.2101,252.3617,44197
AMZN,2026-09-10,11:08,252.34,252.519,252.305,252.385,48146
AMZN,2026-09-10,11:09,252.37,252.44,252.32,252.33,21576
AMZN,2026-09-10,11:10,252.34,252.7,252.34,252.675,42624
AMZN,2026-09-10,11:11,252.68,252.8,252.65,252.765,69093
AMZN,2026-09-10,11:12,252.7699,252.94,252.7594,252.84,49125
AMZN,2026-09-10,11:13,252.87,252.87,252.66,252.7799,51096
AMZN,2026-09-10,11:14,252.7412,252.9,252.7223,252.9,48946
AMZN,2026-09-10,11:15,252.8223,252.92,252.62,252.685,48183
AMZN,2026-09-10,11:16,252.7,252.76,252.6301,252.655,26073
AMZN,2026-09-10,11:17,252.66,252.99,252.66,252.91,32209
AMZN,2026-09-10,11:18,252.91,252.98,252.85,252.915,32670
AMZN,2026-09-10,11:19,252.91,252.91,252.75,252.805,33319
AMZN,2026-09-10,11:20,252.82,252.83,252.6,252.61,36046
AMZN,2026-09-10,11:21,252.615,252.62,252.51,252.605,26021
AMZN,2026-09-10,11:22,252.63,252.735,252.6,252.7331,29571
AMZN,2026-09-10,11:23,252.71,252.905,252.66,252.74,51585
AMZN,2026-09-10,11:24,252.78,252.88,252.76,252.855,29579
AMZN,2026-09-10,11:25,252.8401,252.89,252.59,252.685,30240
AMZN,2026-09-10,11:26,252.728,252.728,252.48,252.505,50867
AMZN,2026-09-10,11:27,252.48,252.58,252.36,252.43,70672
AMZN,2026-09-10,11:28,252.4243,252.485,252.365,252.405,42346
AMZN,2026-09-10,11:29,252.37,252.42,252.21,252.365,86279
AMZN,2026-09-10,11:30,252.3799,252.47,252.29,252.47,52088
AMZN,2026-09-10,11:31,252.4362,252.57,252.4362,252.48,62572
AMZN,2026-09-10,11:32,252.485,252.525,252.4,252.5196,42284
AMZN,2026-09-10,11:33,252.5199,252.63,252.51,252.58,42808
AMZN,2026-09-10,11:34,252.56,252.56,252.4701,252.495,27677
AMZN,2026-09-10,11:35,252.49,252.56,252.44,252.54,50989
AMZN,2026-09-10,11:36,252.555,252.74,252.555,252.65,71374
AMZN,2026-09-10,11:37,252.63,252.74,252.6,252.66,27849
AMZN,2026-09-10,11:38,252.66,252.69,252.38,252.38,79284
AMZN,2026-09-10,11:39,252.4,252.45,252.328,252.415,45904
AMZN,2026-09-10,11:40,252.42,252.48,252.38,252.38,57492
AMZN,2026-09-10,11:41,252.4,252.4764,252.36,252.425,31758
AMZN,2026-09-10,11:42,252.39,252.42,252.35,252.386,37434
AMZN,2026-09-10,11:43,252.425,252.6,252.39,252.585,85202
AMZN,2026-09-10,11:44,252.59,252.59,252.46,252.56,27221
AMZN,2026-09-10,11:45,252.57,252.61,252.49,252.57,50063
AMZN,2026-09-10,11:46,252.57,252.9,252.52,252.7578,64269
AMZN,2026-09-10,11:47,252.725,252.89,252.71,252.855,50622
AMZN,2026-09-10,11:48,252.84,253.06,252.7075,252.835,74204
AMZN,2026-09-10,11:49,252.85,253.04,252.85,252.94,34156
AMZN,2026-09-10,11:50,252.95,252.95,252.78,252.78,30922
AMZN,2026-09-10,11:51,252.8,252.92,252.74,252.83,27012
AMZN,2026-09-10,11:52,252.81,252.9,252.73,252.8,22375
AMZN,2026-09-10,11:53,252.76,252.8,252.55,252.55,23846
AMZN,2026-09-10,11:54,252.5,252.53,252.155,252.16,63183
AMZN,2026-09-10,11:55,252.17,252.22,252.11,252.15,23230
AMZN,2026-09-10,11:56,252.18,252.37,252.15,252.355,41089
AMZN,2026-09-10,11:57,252.345,252.41,252.18,252.32,36190
AMZN,2026-09-10,11:58,252.32,252.54,252.3,252.51,32882
AMZN,2026-09-10,11:59,252.51,252.51,252.36,252.38,27678
AMZN,2026-09-10,12:00,252.39,252.8014,252.36,252.787,66433
AMZN,2026-09-10,12:01,252.785,252.88,252.73,252.815,41515
AMZN,2026-09-10,12:02,252.78,252.81,252.655,252.675,23563
AMZN,2026-09-10,12:03,252.64,252.75,252.58,252.59,34509
AMZN,2026-09-10,12:04,252.61,252.786,252.6,252.72,18564
AMZN,2026-09-10,12:05,252.73,252.73,252.54,252.56,27306
AMZN,2026-09-10,12:06,252.53,252.565,252.41,252.41,40492
AMZN,2026-09-10,12:07,252.42,252.45,252.22,252.255,33967
AMZN,2026-09-10,12:08,252.29,252.33,252.15,252.17,21412
AMZN,2026-09-10,12:09,252.2,252.29,252.1551,252.2301,17689
AMZN,2026-09-10,12:10,252.3,252.32,252.24,252.29,16512
AMZN,2026-09-10,12:11,252.31,252.54,252.2701,252.515,27690
AMZN,2026-09-10,12:12,252.49,252.61,252.48,252.61,14183
AMZN,2026-09-10,12:13,252.61,252.62,252.51,252.59,13254
AMZN,2026-09-10,12:14,252.57,252.58,252.45,252.49,16919
AMZN,2026-09-10,12:15,252.475,252.68,252.41,252.68,29468
AMZN,2026-09-10,12:16,252.68,252.68,252.51,252.59,14340
AMZN,2026-09-10,12:17,252.55,252.59,252.47,252.545,21207
AMZN,2026-09-10,12:18,252.56,252.67,252.56,252.64,11270
AMZN,2026-09-10,12:19,252.655,252.7,252.6,252.61,18710
AMZN,2026-09-10,12:20,252.61,252.68,252.545,252.68,16137
AMZN,2026-09-10,12:21,252.65,252.66,252.5801,252.61,13401
AMZN,2026-09-10,12:22,252.6199,252.68,252.6199,252.66,17784
AMZN,2026-09-10,12:23,252.6599,252.665,252.54,252.6,21531
AMZN,2026-09-10,12:24,252.6,252.6,252.5,252.505,15398
AMZN,2026-09-10,12:25,252.51,252.51,252.38,252.42,15518
AMZN,2026-09-10,12:26,252.42,252.52,252.415,252.49,14581
AMZN,2026-09-10,12:27,252.475,252.51,252.41,252.51,29192
AMZN,2026-09-10,12:28,252.53,252.61,252.49,252.58,21652
AMZN,2026-09-10,12:29,252.595,252.64,252.49,252.49,21145
AMZN,2026-09-10,12:30,252.5,252.56,252.45,252.47,16982
AMZN,2026-09-10,12:31,252.46,252.5,252.43,252.46,13676
AMZN,2026-09-10,12:32,252.49,252.65,252.49,252.6,26760
AMZN,2026-09-10,12:33,252.575,252.63,252.55,252.62,14270
AMZN,2026-09-10,12:34,252.605,252.62,252.28,252.355,96358
AMZN,2026-09-10,12:35,252.29,252.359,252.186,252.23,82963
AMZN,2026-09-10,12:36,252.24,252.3,252.2,252.3,14655
AMZN,2026-09-10,12:37,252.2984,252.4,252.26,252.4,43095
AMZN,2026-09-10,12:38,252.39,252.45,252.3701,252.375,13152
AMZN,2026-09-10,12:39,252.39,252.432,252.36,252.4,17720
AMZN,2026-09-10,12:40,252.4,252.47,252.36,252.44,20035
AMZN,2026-09-10,12:41,252.413,252.576,252.413,252.576,21914
AMZN,2026-09-10,12:42,252.55,252.675,252.54,252.61,53380
AMZN,2026-09-10,12:43,252.6,252.62,252.54,252.62,39931
AMZN,2026-09-10,12:44,252.605,252.65,252.5601,252.58,18476
AMZN,2026-09-10,12:45,252.58,252.8587,252.57,252.8587,38155
AMZN,2026-09-10,12:46,252.8762,252.96,252.82,252.93,27347
AMZN,2026-09-10,12:47,252.92,252.95,252.82,252.94,33132
AMZN,2026-09-10,12:48,252.96,252.97,252.89,252.96,26111
AMZN,2026-09-10,12:49,252.93,252.945,252.7201,252.73,23566
AMZN,2026-09-10,12:50,252.72,252.75,252.64,252.735,32055
AMZN,2026-09-10,12:51,252.75,252.8199,252.705,252.705,33997
AMZN,2026-09-10,12:52,252.69,252.89,252.69,252.82,37687
AMZN,2026-09-10,12:53,252.83,252.875,252.81,252.875,11972
AMZN,2026-09-10,12:54,252.9,252.96,252.8601,252.96,32371
AMZN,2026-09-10,12:55,252.95,253.0141,252.9101,252.93,34037
AMZN,2026-09-10,12:56,252.955,252.99,252.88,252.94,24550
AMZN,2026-09-10,12:57,252.93,252.96,252.89,252.9,22237
AMZN,2026-09-10,12:58,252.89,252.93,252.86,252.89,43060
AMZN,2026-09-10,12:59,252.89,252.89,252.81,252.87,13582
AMZN,2026-09-10,13:00,252.845,252.88,252.79,252.88,17037
AMZN,2026-09-10,13:01,252.89,252.93,252.8,252.8,34739
AMZN,2026-09-10,13:02,252.82,253.15,252.82,252.835,72351
AMZN,2026-09-10,13:03,252.78,252.8199,252.72,252.72,21183
AMZN,2026-09-10,13:04,252.7,252.82,252.67,252.82,13426
AMZN,2026-09-10,13:05,252.82,252.89,252.78,252.79,17845
AMZN,2026-09-10,13:06,252.78,252.78,252.62,252.7,47860
AMZN,2026-09-10,13:07,252.63,252.7199,252.6299,252.6301,11353
AMZN,2026-09-10,13:08,252.63,252.7,252.55,252.59,25621
AMZN,2026-09-10,13:09,252.59,252.6499,252.57,252.61,13254
AMZN,2026-09-10,13:10,252.61,252.78,252.61,252.77,18812
AMZN,2026-09-10,13:11,252.775,252.79,252.69,252.7,19459
AMZN,2026-09-10,13:12,252.715,252.77,252.68,252.715,12116
AMZN,2026-09-10,13:13,252.715,252.765,252.6982,252.73,20206
AMZN,2026-09-10,13:14,252.73,252.8199,252.72,252.75,17068
AMZN,2026-09-10,13:15,252.7403,252.78,252.68,252.72,11869
AMZN,2026-09-10,13:16,252.75,252.8399,252.72,252.8299,9359
AMZN,2026-09-10,13:17,252.83,252.85,252.7701,252.79,29217
AMZN,2026-09-10,13:18,252.76,252.7899,252.635,252.66,19643
AMZN,2026-09-10,13:19,252.655,252.68,252.59,252.6,10525
AMZN,2026-09-10,13:20,252.625,252.625,252.52,252.605,28011
AMZN,2026-09-10,13:21,252.61,252.67,252.58,252.64,16077
AMZN,2026-09-10,13:22,252.635,252.68,252.61,252.64,16955
AMZN,2026-09-10,13:23,252.63,252.67,252.54,252.54,38478
AMZN,2026-09-10,13:24,252.54,252.56,252.5,252.55,25858
AMZN,2026-09-10,13:25,252.55,252.5646,252.43,252.455,15739
AMZN,2026-09-10,13:26,252.455,252.51,252.45,252.51,16736
AMZN,2026-09-10,13:27,252.53,252.53,252.48,252.53,13884
AMZN,2026-09-10,13:28,252.51,252.53,252.46,252.46,25511
AMZN,2026-09-10,13:29,252.47,252.47,252.41,252.41,13252
AMZN,2026-09-10,13:30,252.41,252.41,252.31,252.35,25018
AMZN,2026-09-10,13:31,252.32,252.3499,252.26,252.33,27631
AMZN,2026-09-10,13:32,252.32,252.3699,252.27,252.27,32920
AMZN,2026-09-10,13:33,252.275,252.33,252.22,252.33,26215
AMZN,2026-09-10,13:34,252.34,252.43,252.34,252.355,17914
AMZN,2026-09-10,13:35,252.355,252.38,252.27,252.29,20319
AMZN,2026-09-10,13:36,252.3,252.303,252.18,252.22,25487
AMZN,2026-09-10,13:37,252.195,252.22,252.06,252.06,43286
AMZN,2026-09-10,13:38,252.04,252.11,252.01,252.07,34966
AMZN,2026-09-10,13:39,252.065,252.08,251.87,251.88,64435
AMZN,2026-09-10,13:40,251.865,251.96,251.845,251.93,35822
AMZN,2026-09-10,13:41,251.93,252.12,251.93,252.12,30800
AMZN,2026-09-10,13:42,252.1403,252.22,252.09,252.19,22761
AMZN,2026-09-10,13:43,252.19,252.3,252.17,252.27,38953
AMZN,2026-09-10,13:44,252.27,252.33,252.21,252.25,24957
AMZN,2026-09-10,13:45,252.255,252.28,252.23,252.23,10083
AMZN,2026-09-10,13:46,252.2199,252.26,252.1,252.13,13135
AMZN,2026-09-10,13:47,252.14,252.18,252.12,252.15,13383
AMZN,2026-09-10,13:48,252.15,252.21,252.1,252.1,23423
AMZN,2026-09-10,13:49,252.1,252.235,252.1,252.215,22505
AMZN,2026-09-10,13:50,252.21,252.28,252.19,252.28,37141
AMZN,2026-09-10,13:51,252.26,252.365,252.26,252.33,21685
AMZN,2026-09-10,13:52,252.335,252.38,252.29,252.32,21778
AMZN,2026-09-10,13:53,252.27,252.28,252.18,252.21,17190
AMZN,2026-09-10,13:54,252.21,252.225,252.17,252.18,8338
AMZN,2026-09-10,13:55,252.16,252.22,252.125,252.18,12738
AMZN,2026-09-10,13:56,252.15,252.23,252.14,252.23,15850
AMZN,2026-09-10,13:57,252.24,252.295,252.17,252.2,15495
AMZN,2026-09-10,13:58,252.2,252.2,252.095,252.13,22329
AMZN,2026-09-10,13:59,252.13,252.14,252.09,252.12,18991
AMZN,2026-09-10,14:00,252.1,252.1,252,252.08,26432
AMZN,2026-09-10,14:01,252.09,252.11,251.96,251.965,26595
AMZN,2026-09-10,14:02,251.965,252.17,251.965,252.17,36769
AMZN,2026-09-10,14:03,252.17,252.2,252.14,252.17,14745
AMZN,2026-09-10,14:04,252.195,252.2367,252.16,252.2,10193
AMZN,2026-09-10,14:05,252.2,252.26,252.16,252.22,17437
AMZN,2026-09-10,14:06,252.2299,252.25,252.21,252.2244,13019
AMZN,2026-09-10,14:07,252.23,252.31,252.225,252.29,11757
AMZN,2026-09-10,14:08,252.285,252.31,252.25,252.2999,15849
AMZN,2026-09-10,14:09,252.25,252.29,252.2,252.2,14996
AMZN,2026-09-10,14:10,252.2,252.3,252.12,252.29,15785
AMZN,2026-09-10,14:11,252.26,252.26,252.1201,252.14,14207
AMZN,2026-09-10,14:12,252.14,252.14,252.06,252.115,17092
AMZN,2026-09-10,14:13,252.16,252.16,252.1,252.135,10984
AMZN,2026-09-10,14:14,252.135,252.1499,252,252,31250
AMZN,2026-09-10,14:15,252,252.06,251.92,252.04,19685
AMZN,2026-09-10,14:16,252.04,252.094,251.9801,251.9801,25137
AMZN,2026-09-10,14:17,251.995,252.0784,251.98,252.03,16080
AMZN,2026-09-10,14:18,252.03,252.073,251.9,251.92,29511
AMZN,2026-09-10,14:19,251.91,251.9999,251.88,251.99,41323
AMZN,2026-09-10,14:20,252,252.04,251.98,252.03,14377
AMZN,2026-09-10,14:21,252.0399,252.05,251.9535,251.9599,28728
AMZN,2026-09-10,14:22,251.95,252.1,251.95,252.07,30152
AMZN,2026-09-10,14:23,252.08,252.13,252.04,252.11,22285
AMZN,2026-09-10,14:24,252.1,252.21,252.07,252.15,23989
AMZN,2026-09-10,14:25,252.14,252.15,252.03,252.07,19220
AMZN,2026-09-10,14:26,252.05,252.076,251.96,251.9714,19746
AMZN,2026-09-10,14:27,251.97,252.01,251.935,251.9899,16034
AMZN,2026-09-10,14:28,251.99,252.12,251.99,252.045,22173
AMZN,2026-09-10,14:29,252.01,252.05,252,252.05,18202
AMZN,2026-09-10,14:30,252.0525,252.08,251.9652,251.99,24379
AMZN,2026-09-10,14:31,251.98,252.02,251.95,252.02,15212
AMZN,2026-09-10,14:32,252.015,252.03,251.9,251.915,30795
AMZN,2026-09-10,14:33,251.93,251.98,251.92,251.935,19949
AMZN,2026-09-10,14:34,251.95,251.98,251.87,251.98,32066
AMZN,2026-09-10,14:35,251.975,252,251.9401,251.98,16685
AMZN,2026-09-10,14:36,252.005,252.01,251.96,251.96,16566
AMZN,2026-09-10,14:37,251.96,251.97,251.91,251.92,25661
AMZN,2026-09-10,14:38,251.9,252.04,251.9,252.005,37269
AMZN,2026-09-10,14:39,251.9914,252.02,251.9575,251.995,29667
AMZN,2026-09-10,14:40,251.995,252.03,251.985,251.99,28457
AMZN,2026-09-10,14:41,252.01,252.02,251.96,251.9937,31442
AMZN,2026-09-10,14:42,251.9735,252.0498,251.951,251.97,35598
AMZN,2026-09-10,14:43,251.976,252.03,251.95,252,22358
AMZN,2026-09-10,14:44,251.99,252.0299,251.95,251.9612,11601
AMZN,2026-09-10,14:45,251.9743,252,251.92,251.95,17106
AMZN,2026-09-10,14:46,251.9675,251.99,251.9301,251.97,38236
AMZN,2026-09-10,14:47,251.95,251.98,251.93,251.97,17950
AMZN,2026-09-10,14:48,251.9657,251.9657,251.91,251.96,14083
AMZN,2026-09-10,14:49,251.9699,252.18,251.95,252.09,54121
AMZN,2026-09-10,14:50,252.0999,252.1148,252.05,252.11,20993
AMZN,2026-09-10,14:51,252.11,252.28,252.1,252.2,47367
AMZN,2026-09-10,14:52,252.195,252.2999,252.17,252.275,22829
AMZN,2026-09-10,14:53,252.25,252.26,252.17,252.17,21369
AMZN,2026-09-10,14:54,252.17,252.24,252.13,252.1701,34496
AMZN,2026-09-10,14:55,252.17,252.23,252.16,252.23,13982
AMZN,2026-09-10,14:56,252.23,252.25,252.15,252.15,14127
AMZN,2026-09-10,14:57,252.16,252.16,252.005,252.02,33970
AMZN,2026-09-10,14:58,252.02,252.04,251.85,251.86,37713
AMZN,2026-09-10,14:59,251.86,251.88,251.8001,251.84,26520
AMZN,2026-09-10,15:00,251.81,251.825,251.71,251.73,50482
AMZN,2026-09-10,15:01,251.7242,251.83,251.67,251.76,28822
AMZN,2026-09-10,15:02,251.755,251.8,251.56,251.5998,65190
AMZN,2026-09-10,15:03,251.5799,251.585,251.45,251.485,53598
AMZN,2026-09-10,15:04,251.4755,251.65,251.4755,251.5471,35419
AMZN,2026-09-10,15:05,251.575,251.63,251.55,251.6,30926
AMZN,2026-09-10,15:06,251.6199,251.74,251.6,251.7001,51842
AMZN,2026-09-10,15:07,251.73,251.77,251.68,251.75,45414
AMZN,2026-09-10,15:08,251.74,251.78,251.6752,251.78,31481
AMZN,2026-09-10,15:09,251.76,251.86,251.69,251.84,59245
AMZN,2026-09-10,15:10,251.81,251.96,251.785,251.92,82928
AMZN,2026-09-10,15:11,251.9122,252.09,251.82,251.835,56281
AMZN,2026-09-10,15:12,251.84,251.96,251.7932,251.915,38356
AMZN,2026-09-10,15:13,251.94,251.98,251.89,251.94,27398
AMZN,2026-09-10,15:14,251.94,251.99,251.912,251.95,21372
AMZN,2026-09-10,15:15,251.95,251.95,251.73,251.73,38299
AMZN,2026-09-10,15:16,251.74,251.76,251.67,251.68,33078
AMZN,2026-09-10,15:17,251.68,251.73,251.606,251.6612,33439
AMZN,2026-09-10,15:18,251.67,251.67,251.5529,251.59,21718
AMZN,2026-09-10,15:19,251.56,251.63,251.47,251.63,65126
AMZN,2026-09-10,15:20,251.615,251.65,251.58,251.61,22391
AMZN,2026-09-10,15:21,251.62,251.63,251.56,251.63,21619
AMZN,2026-09-10,15:22,251.64,251.64,251.44,251.5201,43309
AMZN,2026-09-10,15:23,251.525,251.54,251.456,251.46,28925
AMZN,2026-09-10,15:24,251.4401,251.585,251.4401,251.58,21902
AMZN,2026-09-10,15:25,251.58,251.62,251.515,251.525,20839
AMZN,2026-09-10,15:26,251.53,251.6099,251.52,251.56,18814
AMZN,2026-09-10,15:27,251.555,251.61,251.52,251.56,23451
AMZN,2026-09-10,15:28,251.55,251.55,251.44,251.46,31313
AMZN,2026-09-10,15:29,251.48,251.54,251.4692,251.54,24620
AMZN,2026-09-10,15:30,251.54,251.6,251.5,251.51,39936
AMZN,2026-09-10,15:31,251.505,251.665,251.505,251.665,31394
AMZN,2026-09-10,15:32,251.66,251.665,251.62,251.64,101690
AMZN,2026-09-10,15:33,251.6389,251.71,251.625,251.7,32489
AMZN,2026-09-10,15:34,251.69,251.7199,251.62,251.69,27368
AMZN,2026-09-10,15:35,251.69,251.72,251.66,251.66,55351
AMZN,2026-09-10,15:36,251.66,251.68,251.625,251.6399,31635
AMZN,2026-09-10,15:37,251.64,251.7,251.62,251.635,43862
AMZN,2026-09-10,15:38,251.64,251.66,251.5219,251.62,38972
AMZN,2026-09-10,15:39,251.6,251.68,251.54,251.58,29806
AMZN,2026-09-10,15:40,251.58,251.61,251.55,251.57,36432
AMZN,2026-09-10,15:41,251.555,251.62,251.4845,251.59,39351
AMZN,2026-09-10,15:42,251.59,251.595,251.5,251.55,28014
AMZN,2026-09-10,15:43,251.56,251.59,251.49,251.53,37003
AMZN,2026-09-10,15:44,251.52,251.54,251.42,251.4591,35613
AMZN,2026-09-10,15:45,251.43,251.46,251.38,251.46,42777
AMZN,2026-09-10,15:46,251.47,251.48,251.17,251.18,55305
AMZN,2026-09-10,15:47,251.1735,251.23,251.12,251.16,42296
AMZN,2026-09-10,15:48,251.1657,251.21,251.02,251.03,51898
AMZN,2026-09-10,15:49,251.05,251.26,250.99,251.215,109373
AMZN,2026-09-10,15:50,251.24,251.5,251.24,251.49,70841
AMZN,2026-09-10,15:51,251.47,251.4799,251.3,251.42,96815
AMZN,2026-09-10,15:52,251.4,251.44,251.29,251.34,89077
AMZN,2026-09-10,15:53,251.33,251.34,251.19,251.265,87517
AMZN,2026-09-10,15:54,251.25,251.42,250.89,251.38,167041
AMZN,2026-09-10,15:55,251.4,251.76,251.4,251.65,163946
AMZN,2026-09-10,15:56,251.65,251.79,251.64,251.75,111743
AMZN,2026-09-10,15:57,251.74,251.77,251.64,251.64,115526
AMZN,2026-09-10,15:58,251.64,251.86,251.63,251.85,171309
AMZN,2026-09-10,15:59,251.85,251.96,251.7,251.89,398398
AMZN,2026-09-11,09:30,254.045,254.81,253.14,254.725,1186787
AMZN,2026-09-11,09:31,254.73,255.39,254.28,255.38,160911
AMZN,2026-09-11,09:32,255.2827,255.5395,254.97,255.4499,149912
AMZN,2026-09-11,09:33,255.38,256.48,255.3606,256.39,214098
AMZN,2026-09-11,09:34,256.39,256.39,256.01,256.16,167647
AMZN,2026-09-11,09:35,256.15,256.48,255.925,255.99,139463
AMZN,2026-09-11,09:36,255.935,256.7102,255.87,256.125,202808
AMZN,2026-09-11,09:37,256.145,256.74,256.0901,256.69,104773
AMZN,2026-09-11,09:38,256.69,256.715,256,256.14,156403
AMZN,2026-09-11,09:39,256.12,256.49,255.99,256.25,99501
AMZN,2026-09-11,09:40,256.2628,256.3684,255.69,255.74,155559
AMZN,2026-09-11,09:41,255.7,256.12,255.5798,255.59,142015
AMZN,2026-09-11,09:42,255.57,256.07,255.51,256.05,69413
AMZN,2026-09-11,09:43,255.995,256.35,255.685,256.05,101696
AMZN,2026-09-11,09:44,255.995,256.18,255.8073,256.03,62890
AMZN,2026-09-11,09:45,255.98,256.15,255.72,256.15,85583
AMZN,2026-09-11,09:46,256.135,256.68,255.7701,255.9001,141920
AMZN,2026-09-11,09:47,255.965,256.03,255.77,255.855,69853
AMZN,2026-09-11,09:48,255.8911,256.2,255.815,256.015,68465
AMZN,2026-09-11,09:49,255.94,256.01,255.6101,255.765,38580
AMZN,2026-09-11,09:50,255.7685,256.12,255.64,256.005,53475
AMZN,2026-09-11,09:51,255.9925,256.24,255.8219,256.24,43690
AMZN,2026-09-11,09:52,256.17,256.29,255.87,255.925,65557
AMZN,2026-09-11,09:53,255.925,256.085,255.7401,255.87,67692
AMZN,2026-09-11,09:54,255.9,256,255.6,255.74,66872
AMZN,2026-09-11,09:55,255.765,255.86,255.7,255.7999,62482
AMZN,2026-09-11,09:56,255.725,256.04,255.725,255.985,58945
AMZN,2026-09-11,09:57,256,256,255.74,255.86,42193
AMZN,2026-09-11,09:58,255.82,255.9,255.75,255.8,49887
AMZN,2026-09-11,09:59,255.7901,256.27,255.7,256.195,73800
AMZN,2026-09-11,10:00,256.15,256.431,255.93,256.385,149222
AMZN,2026-09-11,10:01,256.385,256.67,256.3,256.334,152660
AMZN,2026-09-11,10:02,256.29,256.37,256.13,256.235,87266
AMZN,2026-09-11,10:03,256.235,256.3401,255.8801,256.245,75940
AMZN,2026-09-11,10:04,256.2614,256.39,256.085,256.34,51316
AMZN,2026-09-11,10:05,256.34,256.47,256.095,256.095,57982
AMZN,2026-09-11,10:06,256.1,256.2999,256.0403,256.205,51926
AMZN,2026-09-11,10:07,256.205,256.39,256.14,256.26,58598
AMZN,2026-09-11,10:08,256.26,256.445,256.26,256.44,58644
AMZN,2026-09-11,10:09,256.44,256.7345,256.365,256.465,123810
AMZN,2026-09-11,10:10,256.465,256.7299,256.435,256.54,111458
AMZN,2026-09-11,10:11,256.545,256.545,256.15,256.33,116697
AMZN,2026-09-11,10:12,256.34,256.4,256.25,256.351,57912
AMZN,2026-09-11,10:13,256.35,256.51,256.29,256.415,42822
AMZN,2026-09-11,10:14,256.38,256.38,256.0101,256.055,59970
AMZN,2026-09-11,10:15,256.03,256.16,255.89,256.12,48443
AMZN,2026-09-11,10:16,256.11,256.23,256.08,256.14,34629
AMZN,2026-09-11,10:17,256.14,256.3199,256.09,256.25,34154
AMZN,2026-09-11,10:18,256.23,256.5,256.1501,256.5,35902
AMZN,2026-09-11,10:19,256.52,256.76,256.49,256.74,94783
AMZN,2026-09-11,10:20,256.7201,256.9118,256.68,256.9,144617
AMZN,2026-09-11,10:21,256.88,256.909,256.53,256.69,53566
AMZN,2026-09-11,10:22,256.68,256.68,256.41,256.445,46410
AMZN,2026-09-11,10:23,256.525,256.535,256.38,256.43,29918
AMZN,2026-09-11,10:24,256.46,256.465,256.35,256.3552,32486
AMZN,2026-09-11,10:25,256.3324,256.36,256.01,256.04,32493
AMZN,2026-09-11,10:26,256.07,256.0775,255.68,255.725,88872
AMZN,2026-09-11,10:27,255.775,256.0974,255.72,255.985,38194
AMZN,2026-09-11,10:28,255.99,256.0682,255.88,256.0201,34387
AMZN,2026-09-11,10:29,256.045,256.045,255.72,255.72,42585
AMZN,2026-09-11,10:30,255.72,255.76,255.43,255.5,57221
AMZN,2026-09-11,10:31,255.4933,255.6857,255.34,255.34,61871
AMZN,2026-09-11,10:32,255.35,255.59,255.33,255.5438,42397
AMZN,2026-09-11,10:33,255.535,255.6,255.3242,255.3242,30433
AMZN,2026-09-11,10:34,255.35,255.435,255.15,255.255,30473
AMZN,2026-09-11,10:35,255.2186,255.31,255.12,255.2,33358
AMZN,2026-09-11,10:36,255.195,255.245,255.1,255.21,22945
AMZN,2026-09-11,10:37,255.24,255.39,255.12,255.297,40817
AMZN,2026-09-11,10:38,255.29,255.3046,255.06,255.11,47219
AMZN,2026-09-11,10:39,255.0862,255.1369,255.02,255.0551,28894
AMZN,2026-09-11,10:40,255.16,255.24,255,255.02,31755
AMZN,2026-09-11,10:41,255,255.094,254.9424,255.075,25641
AMZN,2026-09-11,10:42,255.1,255.15,255,255.0699,27460
AMZN,2026-09-11,10:43,255.0667,255.095,254.7,254.75,50910
AMZN,2026-09-11,10:44,254.705,255.0996,254.7,255.065,54773
AMZN,2026-09-11,10:45,255.1099,255.15,254.97,255.06,26298
AMZN,2026-09-11,10:46,255.12,255.1399,254.96,254.99,37113
AMZN,2026-09-11,10:47,254.99,255.15,254.8,254.8,69923
AMZN,2026-09-11,10:48,254.8001,255.39,254.8,255.055,54587
AMZN,2026-09-11,10:49,255.065,255.2,254.96,255.15,31212
AMZN,2026-09-11,10:50,255.2,255.27,255.1,255.12,29110
AMZN,2026-09-11,10:51,255.175,255.25,255.06,255.1601,27748
AMZN,2026-09-11,10:52,255.115,255.21,255.08,255.1624,32502
AMZN,2026-09-11,10:53,255.125,255.3,255.1116,255.27,34765
AMZN,2026-09-11,10:54,255.26,255.27,255.07,255.075,49684
AMZN,2026-09-11,10:55,255.08,255.08,254.8201,254.95,36237
AMZN,2026-09-11,10:56,254.95,255.02,254.9,254.915,28767
AMZN,2026-09-11,10:57,254.886,255.085,254.825,255.03,36624
AMZN,2026-09-11,10:58,255.005,255.07,254.8401,254.8401,29070
AMZN,2026-09-11,10:59,254.8578,254.985,254.795,254.92,25680
AMZN,2026-09-11,11:00,254.92,255.17,254.86,255.12,23964
AMZN,2026-09-11,11:01,255.155,255.22,255.04,255.0507,53380
AMZN,2026-09-11,11:02,255.16,255.18,255.0667,255.12,12291
AMZN,2026-09-11,11:03,255.175,255.3,255.15,255.2514,27907
AMZN,2026-09-11,11:04,255.275,255.3247,255.21,255.275,19533
AMZN,2026-09-11,11:05,255.29,255.64,255.27,255.54,70644
AMZN,2026-09-11,11:06,255.5468,255.6638,255.4804,255.635,41776
AMZN,2026-09-11,11:07,255.645,255.89,255.61,255.885,57009
AMZN,2026-09-11,11:08,255.91,255.91,255.7643,255.8,43912
AMZN,2026-09-11,11:09,255.8151,255.88,255.7114,255.78,42724
AMZN,2026-09-11,11:10,255.81,255.869,255.735,255.835,55428
AMZN,2026-09-11,11:11,255.835,255.8599,255.57,255.71,62851
AMZN,2026-09-11,11:12,255.76,255.77,255.63,255.63,25789
AMZN,2026-09-11,11:13,255.655,255.66,255.55,255.66,32513
AMZN,2026-09-11,11:14,255.635,255.97,255.6057,255.955,75565
AMZN,2026-09-11,11:15,255.955,256.27,255.935,256.245,77150
AMZN,2026-09-11,11:16,256.25,256.32,256.18,256.32,36414
AMZN,2026-09-11,11:17,256.32,256.425,256.23,256.34,27352
AMZN,2026-09-11,11:18,256.38,256.5,256.3,256.35,91237
AMZN,2026-09-11,11:19,256.345,256.4,256.28,256.39,41953
AMZN,2026-09-11,11:20,256.39,256.5,256.34,256.46,74157
AMZN,2026-09-11,11:21,256.5,256.515,256.2,256.36,69491
AMZN,2026-09-11,11:22,256.35,256.41,256.28,256.375,129304
AMZN,2026-09-11,11:23,256.4,256.4,256.09,256.0975,46935
AMZN,2026-09-11,11:24,256.095,256.31,256.08,256.31,35574
AMZN,2026-09-11,11:25,256.29,256.35,256.19,256.325,23353
AMZN,2026-09-11,11:26,256.33,256.47,256.33,256.41,43010
AMZN,2026-09-11,11:27,256.44,256.5499,256.41,256.43,46934
AMZN,2026-09-11,11:28,256.454,256.5,256.34,256.445,28799
AMZN,2026-09-11,11:29,256.47,256.47,256.28,256.32,44938
AMZN,2026-09-11,11:30,256.315,256.385,256,256.08,59586
AMZN,2026-09-11,11:31,256.0808,256.265,256.0501,256.12,29509
AMZN,2026-09-11,11:32,256.11,256.15,255.945,255.945,40906
AMZN,2026-09-11,11:33,255.915,256.135,255.84,256.07,44437
AMZN,2026-09-11,11:34,256.065,256.18,256.0201,256.043,86444
AMZN,2026-09-11,11:35,256.07,256.11,255.8701,256.02,70557
AMZN,2026-09-11,11:36,256.04,256.05,255.7606,255.88,28665
AMZN,2026-09-11,11:37,255.9,256.03,255.83,255.865,35810
AMZN,2026-09-11,11:38,255.872,255.94,255.79,255.85,19260
AMZN,2026-09-11,11:39,255.85,256.125,255.8,256.02,32059
AMZN,2026-09-11,11:40,256.01,256.1629,256.01,256.145,22035
AMZN,2026-09-11,11:41,256.14,256.17,256.065,256.065,23641
AMZN,2026-09-11,11:42,256.0201,256.0201,255.865,255.92,29365
AMZN,2026-09-11,11:43,255.87,255.89,255.74,255.77,69227
AMZN,2026-09-11,11:44,255.7875,255.885,255.71,255.85,80067
AMZN,2026-09-11,11:45,255.85,255.87,255.72,255.73,19756
AMZN,2026-09-11,11:46,255.72,255.735,255.6,255.62,21039
AMZN,2026-09-11,11:47,255.625,255.63,255.485,255.54,53989
AMZN,2026-09-11,11:48,255.54,255.68,255.54,255.61,29091
AMZN,2026-09-11,11:49,255.59,255.7167,255.575,255.67,22998
AMZN,2026-09-11,11:50,255.695,255.825,255.69,255.825,24948
AMZN,2026-09-11,11:51,255.835,255.869,255.7501,255.76,20091
AMZN,2026-09-11,11:52,255.78,255.8399,255.76,255.76,31878
AMZN,2026-09-11,11:53,255.775,255.775,255.54,255.555,20918
AMZN,2026-09-11,11:54,255.58,255.718,255.56,255.6794,18104
AMZN,2026-09-11,11:55,255.66,255.76,255.64,255.72,18869
AMZN,2026-09-11,11:56,255.72,255.79,255.695,255.7333,22469
AMZN,2026-09-11,11:57,255.76,255.88,255.751,255.78,31720
AMZN,2026-09-11,11:58,255.79,255.835,255.72,255.75,29915
AMZN,2026-09-11,11:59,255.7124,255.74,255.67,255.7099,9985
AMZN,2026-09-11,12:00,255.7,255.84,255.7,255.76,19183
AMZN,2026-09-11,12:01,255.75,255.9519,255.75,255.93,30233
AMZN,2026-09-11,12:02,255.925,256.16,255.83,256.14,76429
AMZN,2026-09-11,12:03,256.165,256.21,256.01,256.0115,31866
AMZN,2026-09-11,12:04,255.99,256.06,255.965,256.03,38797
AMZN,2026-09-11,12:05,256.03,256.075,256.01,256.025,34372
AMZN,2026-09-11,12:06,256.025,256.045,255.97,256,29958
AMZN,2026-09-11,12:07,256,256.11,255.99,256.03,27306
AMZN,2026-09-11,12:08,256.01,256.1091,255.92,256.075,19071
AMZN,2026-09-11,12:09,256.07,256.21,256.06,256.1,27024
AMZN,2026-09-11,12:10,256.135,256.19,256.04,256.07,21130
AMZN,2026-09-11,12:11,256.07,256.175,256.07,256.11,336865
AMZN,2026-09-11,12:12,256.11,256.12,256,256.055,75983
AMZN,2026-09-11,12:13,256,256.02,255.825,255.835,29884
AMZN,2026-09-11,12:14,255.835,255.89,255.82,255.87,22152
AMZN,2026-09-11,12:15,255.88,255.988,255.8001,255.83,23845
AMZN,2026-09-11,12:16,255.83,255.865,255.76,255.865,35852
AMZN,2026-09-11,12:17,255.87,256.02,255.86,255.86,20629
AMZN,2026-09-11,12:18,255.865,255.905,255.83,255.8533,14648
AMZN,2026-09-11,12:19,255.82,255.9,255.8,255.9,20421
AMZN,2026-09-11,12:20,255.88,255.94,255.78,255.78,39115
AMZN,2026-09-11,12:21,255.7949,255.83,255.71,255.79,24284
AMZN,2026-09-11,12:22,255.76,255.81,255.671,255.81,22003
AMZN,2026-09-11,12:23,255.78,255.81,255.675,255.69,16765
AMZN,2026-09-11,12:24,255.67,255.73,255.6101,255.64,25707
AMZN,2026-09-11,12:25,255.635,255.705,255.6285,255.6907,16539
AMZN,2026-09-11,12:26,255.62,255.68,255.56,255.585,14308
AMZN,2026-09-11,12:27,255.585,255.79,255.585,255.76,21888
AMZN,2026-09-11,12:28,255.7684,255.805,255.742,255.8,12191
AMZN,2026-09-11,12:29,255.8,255.82,255.5501,255.56,37577
AMZN,2026-09-11,12:30,255.57,255.58,255.45,255.53,23919
AMZN,2026-09-11,12:31,255.49,255.555,255.44,255.4775,22962
AMZN,2026-09-11,12:32,255.475,255.635,255.41,255.635,19353
AMZN,2026-09-11,12:33,255.64,255.8,255.61,255.785,18566
AMZN,2026-09-11,12:34,255.785,255.93,255.785,255.92,24180
AMZN,2026-09-11,12:35,255.94,255.9699,255.8701,255.9,21899
AMZN,2026-09-11,12:36,255.915,255.915,255.745,255.79,40669
AMZN,2026-09-11,12:37,255.7938,255.84,255.71,255.79,34001
AMZN,2026-09-11,12:38,255.805,255.845,255.74,255.8,14481
AMZN,2026-09-11,12:39,255.7402,255.7872,255.63,255.63,44240
AMZN,2026-09-11,12:40,255.63,255.82,255.61,255.8,20134
AMZN,2026-09-11,12:41,255.75,255.78,255.71,255.76,12292
AMZN,2026-09-11,12:42,255.74,255.875,255.71,255.79,72294
AMZN,2026-09-11,12:43,255.8,255.95,255.78,255.93,23685
AMZN,2026-09-11,12:44,255.95,256.06,255.92,256.01,28548
AMZN,2026-09-11,12:45,256.035,256.035,255.92,256,28995
AMZN,2026-09-11,12:46,256.01,256.1,255.955,255.955,21308
AMZN,2026-09-11,12:47,255.9492,255.9708,255.81,255.81,15279
AMZN,2026-09-11,12:48,255.83,255.8655,255.78,255.82,15761
AMZN,2026-09-11,12:49,255.7901,255.81,255.75,255.77,14976
AMZN,2026-09-11,12:50,255.765,255.85,255.75,255.77,33034
AMZN,2026-09-11,12:51,255.75,255.752,255.6,255.625,22656
AMZN,2026-09-11,12:52,255.62,255.6398,255.55,255.58,25327
AMZN,2026-09-11,12:53,255.59,255.6699,255.56,255.62,20938
AMZN,2026-09-11,12:54,255.62,255.6595,255.59,255.63,13036
AMZN,2026-09-11,12:55,255.65,255.86,255.65,255.72,58485
AMZN,2026-09-11,12:56,255.76,255.81,255.7,255.775,20533
AMZN,2026-09-11,12:57,255.75,255.8722,255.72,255.8,33167
AMZN,2026-09-11,12:58,255.82,255.84,255.75,255.77,18162
AMZN,2026-09-11,12:59,255.76,255.81,255.7258,255.755,36399
AMZN,2026-09-11,13:00,255.76,255.85,255.74,255.825,18008
AMZN,2026-09-11,13:01,255.8,255.9475,255.78,255.8225,31049
AMZN,2026-09-11,13:02,255.825,255.915,255.825,255.9,17530
AMZN,2026-09-11,13:03,255.915,255.93,255.83,255.885,27269
AMZN,2026-09-11,13:04,255.93,255.99,255.89,255.95,19560
AMZN,2026-09-11,13:05,255.96,256.07,255.9,256.0099,32001
AMZN,2026-09-11,13:06,255.985,256.0899,255.97,255.97,21562
AMZN,2026-09-11,13:07,255.95,256.22,255.94,256.22,55446
AMZN,2026-09-11,13:08,256.205,256.205,256.1,256.17,21379
AMZN,2026-09-11,13:09,256.17,256.21,256.15,256.1966,24889
AMZN,2026-09-11,13:10,256.2,256.22,256.13,256.1601,17279
AMZN,2026-09-11,13:11,256.16,256.16,256.085,256.13,16000
AMZN,2026-09-11,13:12,256.12,256.25,256.09,256.2,27261
AMZN,2026-09-11,13:13,256.2,256.205,256.07,256.12,25313
AMZN,2026-09-11,13:14,256.115,256.181,256.11,256.18,34457
AMZN,2026-09-11,13:15,256.2,256.43,256.19,256.3281,49688
AMZN,2026-09-11,13:16,256.34,256.49,256.2801,256.49,29040
AMZN,2026-09-11,13:17,256.47,256.47,256.37,256.4024,29540
AMZN,2026-09-11,13:18,256.39,256.43,256.35,256.415,17679
AMZN,2026-09-11,13:19,256.38,256.44,256.37,256.425,21511
AMZN,2026-09-11,13:20,256.4499,256.48,256.405,256.405,17596
AMZN,2026-09-11,13:21,256.405,256.46,256.38,256.4492,31311
AMZN,2026-09-11,13:22,256.42,256.45,256.4,256.425,18608
AMZN,2026-09-11,13:23,256.41,256.53,256.41,256.53,44419
AMZN,2026-09-11,13:24,256.55,256.7,256.5401,256.7,28896
AMZN,2026-09-11,13:25,256.72,256.76,256.65,256.7214,26029
AMZN,2026-09-11,13:26,256.74,256.745,256.65,256.7201,17044
AMZN,2026-09-11,13:27,256.7,256.88,256.69,256.805,30916
AMZN,2026-09-11,13:28,256.785,256.8,256.66,256.675,26361
AMZN,2026-09-11,13:29,256.6601,256.7216,256.6501,256.7,33573
AMZN,2026-09-11,13:30,256.69,257.04,256.67,256.97,150296
AMZN,2026-09-11,13:31,256.99,257.06,256.92,257.06,71180
AMZN,2026-09-11,13:32,257.09,257.12,256.94,256.975,41210
AMZN,2026-09-11,13:33,256.99,257.1096,256.84,257.075,138391
AMZN,2026-09-11,13:34,257.105,257.25,257.01,257.01,78581
AMZN,2026-09-11,13:35,257.01,257.034,256.91,256.91,37806
AMZN,2026-09-11,13:36,256.91,256.965,256.82,256.829,39391
AMZN,2026-09-11,13:37,256.8484,256.85,256.69,256.73,34840
AMZN,2026-09-11,13:38,256.72,256.84,256.67,256.84,30074
AMZN,2026-09-11,13:39,256.82,256.9,256.72,256.78,52843
AMZN,2026-09-11,13:40,256.8167,257.1,256.785,257.1,78000
AMZN,2026-09-11,13:41,257.115,257.15,256.91,257,155645
AMZN,2026-09-11,13:42,256.96,257.02,256.901,256.935,21336
AMZN,2026-09-11,13:43,256.955,256.9851,256.805,256.815,26728
AMZN,2026-09-11,13:44,256.805,256.83,256.65,256.65,33612
AMZN,2026-09-11,13:45,256.6473,256.67,256.57,256.63,41889
AMZN,2026-09-11,13:46,256.645,256.7,256.615,256.615,24525
AMZN,2026-09-11,13:47,256.625,256.8199,256.59,256.7986,26649
AMZN,2026-09-11,13:48,256.805,256.805,256.665,256.7,25310
AMZN,2026-09-11,13:49,256.71,256.8255,256.71,256.805,18883
AMZN,2026-09-11,13:50,256.805,256.845,256.73,256.75,19046
AMZN,2026-09-11,13:51,256.755,256.8,256.74,256.785,15450
AMZN,2026-09-11,13:52,256.7838,256.81,256.77,256.78,17450
AMZN,2026-09-11,13:53,256.77,256.82,256.7,256.79,24647
AMZN,2026-09-11,13:54,256.7859,256.95,256.76,256.92,25566
AMZN,2026-09-11,13:55,256.93,256.9892,256.87,256.93,20337
AMZN,2026-09-11,13:56,256.93,256.935,256.865,256.865,21148
AMZN,2026-09-11,13:57,256.83,256.89,256.83,256.865,19018
AMZN,2026-09-11,13:58,256.865,256.9499,256.82,256.87,35552
AMZN,2026-09-11,13:59,256.835,256.9,256.83,256.85,22105
AMZN,2026-09-11,14:00,256.83,256.97,256.81,256.95,38021
AMZN,2026-09-11,14:01,256.91,256.925,256.845,256.89,22133
AMZN,2026-09-11,14:02,256.888,257.025,256.888,256.945,35138
AMZN,2026-09-11,14:03,256.95,256.97,256.9,256.97,17689
AMZN,2026-09-11,14:04,256.97,256.975,256.91,256.91,18457
AMZN,2026-09-11,14:05,256.9,256.95,256.71,256.72,39942
AMZN,2026-09-11,14:06,256.725,256.7401,256.61,256.625,38720
AMZN,2026-09-11,14:07,256.635,256.71,256.61,256.62,22073
AMZN,2026-09-11,14:08,256.61,256.61,256.5101,256.555,32905
AMZN,2026-09-11,14:09,256.565,256.608,256.5,256.605,30421
AMZN,2026-09-11,14:10,256.585,256.62,256.51,256.56,36006
AMZN,2026-09-11,14:11,256.55,256.5653,256.5,256.55,30412
AMZN,2026-09-11,14:12,256.53,256.56,256.46,256.495,31176
AMZN,2026-09-11,14:13,256.498,256.6,256.49,256.515,28626
AMZN,2026-09-11,14:14,256.515,256.611,256.515,256.575,25491
AMZN,2026-09-11,14:15,256.5701,256.59,256.46,256.51,21575
AMZN,2026-09-11,14:16,256.51,256.526,256.45,256.5,25699
AMZN,2026-09-11,14:17,256.515,256.52,256.48,256.48,14650
AMZN,2026-09-11,14:18,256.49,256.5289,256.46,256.515,16115
AMZN,2026-09-11,14:19,256.5248,256.5301,256.34,256.37,32908
AMZN,2026-09-11,14:20,256.37,256.42,256.19,256.3,70331
AMZN,2026-09-11,14:21,256.3,256.33,256.249,256.27,15100
AMZN,2026-09-11,14:22,256.27,256.32,256.255,256.31,19625
AMZN,2026-09-11,14:23,256.31,256.33,256.25,256.3,12630
AMZN,2026-09-11,14:24,256.305,256.4,256.28,256.39,25957
AMZN,2026-09-11,14:25,256.39,256.425,256.34,256.41,25174
AMZN,2026-09-11,14:26,256.415,256.57,256.415,256.56,34922
AMZN,2026-09-11,14:27,256.565,256.59,256.46,256.57,39705
AMZN,2026-09-11,14:28,256.57,256.66,256.46,256.635,44628
AMZN,2026-09-11,14:29,256.66,256.66,256.62,256.63,20752
AMZN,2026-09-11,14:30,256.66,256.66,256.57,256.6,26331
AMZN,2026-09-11,14:31,256.6,256.69,256.6,256.64,25635
AMZN,2026-09-11,14:32,256.635,256.815,256.63,256.81,21232
AMZN,2026-09-11,14:33,256.81,256.9,256.7912,256.87,36878
AMZN,2026-09-11,14:34,256.88,256.97,256.87,256.91,28299
AMZN,2026-09-11,14:35,256.88,256.9499,256.88,256.9499,25816
AMZN,2026-09-11,14:36,256.94,256.97,256.8801,256.95,41384
AMZN,2026-09-11,14:37,256.95,256.97,256.93,256.95,16314
AMZN,2026-09-11,14:38,256.95,256.95,256.88,256.9,35348
AMZN,2026-09-11,14:39,256.9099,256.96,256.9099,256.9455,23462
AMZN,2026-09-11,14:40,256.95,256.96,256.8125,256.9,27702
AMZN,2026-09-11,14:41,256.88,256.94,256.81,256.8116,37429
AMZN,2026-09-11,14:42,256.81,256.865,256.7885,256.795,41586
AMZN,2026-09-11,14:43,256.795,256.8,256.7764,256.78,22323
AMZN,2026-09-11,14:44,256.78,256.86,256.78,256.82,20716
AMZN,2026-09-11,14:45,256.82,256.88,256.82,256.855,21025
AMZN,2026-09-11,14:46,256.855,256.91,256.81,256.885,28767
AMZN,2026-09-11,14:47,256.88,257.04,256.82,257.03,67032
AMZN,2026-09-11,14:48,257.03,257.04,256.8718,256.88,30191
AMZN,2026-09-11,14:49,256.875,256.97,256.875,256.96,15999
AMZN,2026-09-11,14:50,256.955,257.09,256.9501,257.09,39089
AMZN,2026-09-11,14:51,257.0811,257.17,257.0811,257.14,42330
AMZN,2026-09-11,14:52,257.145,257.17,257.06,257.13,58996
AMZN,2026-09-11,14:53,257.145,257.205,257.075,257.145,53085
AMZN,2026-09-11,14:54,257.15,257.24,257.11,257.12,34597
AMZN,2026-09-11,14:55,257.12,257.12,257.01,257.02,29829
AMZN,2026-09-11,14:56,257.025,257.12,257.01,257.0568,24034
AMZN,2026-09-11,14:57,257.06,257.08,256.965,257.025,22046
AMZN,2026-09-11,14:58,257.03,257.08,256.95,257.08,24931
AMZN,2026-09-11,14:59,257.1,257.16,257.0601,257.15,33211
AMZN,2026-09-11,15:00,257.105,257.225,257.105,257.225,40673
AMZN,2026-09-11,15:01,257.2105,257.36,257.18,257.344,47972
AMZN,2026-09-11,15:02,257.34,257.37,257.26,257.26,36693
AMZN,2026-09-11,15:03,257.27,257.2755,257.1981,257.265,21039
AMZN,2026-09-11,15:04,257.2654,257.28,257.22,257.25,31409
AMZN,2026-09-11,15:05,257.255,257.29,257.21,257.2601,26725
AMZN,2026-09-11,15:06,257.275,257.35,257.26,257.34,30090
AMZN,2026-09-11,15:07,257.33,257.33,257.1801,257.1801,33357
AMZN,2026-09-11,15:08,257.188,257.2473,257.17,257.185,28429
AMZN,2026-09-11,15:09,257.185,257.23,257.1301,257.1301,35313
AMZN,2026-09-11,15:10,257.1401,257.1401,257.05,257.0681,41960
AMZN,2026-09-11,15:11,257.06,257.08,257.03,257.045,38249
AMZN,2026-09-11,15:12,257.04,257.28,257.02,257.28,27514
AMZN,2026-09-11,15:13,257.26,257.28,257.22,257.265,23359
AMZN,2026-09-11,15:14,257.26,257.34,257.26,257.2816,27157
AMZN,2026-09-11,15:15,257.285,257.34,257.23,257.24,23490
AMZN,2026-09-11,15:16,257.27,257.35,257.25,257.345,37558
AMZN,2026-09-11,15:17,257.345,257.44,257.345,257.415,41378
AMZN,2026-09-11,15:18,257.415,257.43,257.3001,257.39,40355
AMZN,2026-09-11,15:19,257.375,257.375,257.27,257.295,37411
AMZN,2026-09-11,15:20,257.295,257.35,257.295,257.315,20143
AMZN,2026-09-11,15:21,257.33,257.33,257.1,257.13,56931
AMZN,2026-09-11,15:22,257.13,257.2,257.09,257.1501,34227
AMZN,2026-09-11,15:23,257.19,257.295,257.17,257.28,36573
AMZN,2026-09-11,15:24,257.275,257.3556,257.25,257.31,38594
AMZN,2026-09-11,15:25,257.3,257.3351,257.27,257.3,31232
AMZN,2026-09-11,15:26,257.3001,257.35,257.25,257.29,65664
AMZN,2026-09-11,15:27,257.27,257.27,257.13,257.175,31923
AMZN,2026-09-11,15:28,257.16,257.355,257.15,257.355,53667
AMZN,2026-09-11,15:29,257.35,257.355,257.27,257.29,45957
AMZN,2026-09-11,15:30,257.2775,257.37,257.2775,257.335,49165
AMZN,2026-09-11,15:31,257.34,257.38,257.2281,257.2701,48178
AMZN,2026-09-11,15:32,257.29,257.29,257.22,257.225,33923
AMZN,2026-09-11,15:33,257.22,257.24,257.155,257.225,52172
AMZN,2026-09-11,15:34,257.22,257.29,257.14,257.1916,105821
AMZN,2026-09-11,15:35,257.215,257.36,257.21,257.295,46352
AMZN,2026-09-11,15:36,257.295,257.3,257.23,257.26,27510
AMZN,2026-09-11,15:37,257.26,257.35,257.203,257.26,49316
AMZN,2026-09-11,15:38,257.26,257.3189,257.2,257.31,61459
AMZN,2026-09-11,15:39,257.305,257.38,257.28,257.305,41460
AMZN,2026-09-11,15:40,257.305,257.345,257.2701,257.28,31708
AMZN,2026-09-11,15:41,257.28,257.28,257.14,257.21,45488
AMZN,2026-09-11,15:42,257.19,257.31,257.16,257.31,48278
AMZN,2026-09-11,15:43,257.3,257.385,257.2675,257.3827,57362
AMZN,2026-09-11,15:44,257.38,257.44,257.35,257.41,57072
AMZN,2026-09-11,15:45,257.415,257.58,257.36,257.39,92960
AMZN,2026-09-11,15:46,257.4,257.48,257.31,257.4,117465
AMZN,2026-09-11,15:47,257.42,257.59,257.36,257.475,70749
AMZN,2026-09-11,15:48,257.4742,257.59,257.35,257.355,91026
AMZN,2026-09-11,15:49,257.36,257.43,257.3,257.31,61419
AMZN,2026-09-11,15:50,257.3,257.3,256.66,256.91,139109
AMZN,2026-09-11,15:51,256.9,257.03,256.89,256.95,97374
AMZN,2026-09-11,15:52,256.96,257.15,256.94,257.075,136209
AMZN,2026-09-11,15:53,257.08,257.44,257.08,257.35,109072
AMZN,2026-09-11,15:54,257.37,257.55,257.28,257.28,639251
AMZN,2026-09-11,15:55,257.28,257.28,256.88,256.95,182905
AMZN,2026-09-11,15:56,256.94,257.16,256.94,257.155,134638
AMZN,2026-09-11,15:57,257.16,257.32,257.15,257.185,170870
AMZN,2026-09-11,15:58,257.18,257.18,257,257,256892
AMZN,2026-09-11,15:59,257,257.03,256.72,256.79,544836
AMZN,2026-09-11,16:00,256.78,256.78,256.78,256.78,0
