symbol,date,time,open,high,low,close,volume
AVGO,2026-09-04,09:30,360.005,360.045,354.51,354.7268,2083516
AVGO,2026-09-04,09:31,354.6892,357.5,354.55,357.44,168858
AVGO,2026-09-04,09:32,357.405,358.9564,356.931,357.985,142893
AVGO,2026-09-04,09:33,358.0899,358.89,356.96,358.8125,129470
AVGO,2026-09-04,09:34,358.87,359,357.945,358.69,110854
AVGO,2026-09-04,09:35,358.665,359.7,358.015,358.45,150023
AVGO,2026-09-04,09:36,358.6899,358.92,357.4175,357.585,92843
AVGO,2026-09-04,09:37,357.585,358.27,357.44,357.745,104811
AVGO,2026-09-04,09:38,357.745,358.8189,357.45,357.585,119662
AVGO,2026-09-04,09:39,357.515,358.3299,354.67,354.94,258447
AVGO,2026-09-04,09:40,355.0385,358.28,355.035,358.1908,167048
AVGO,2026-09-04,09:41,358.06,358.49,357.51,358.36,105669
AVGO,2026-09-04,09:42,358.365,359.3,358.2,358.77,201761
AVGO,2026-09-04,09:43,358.765,359.32,358.4,358.7,107204
AVGO,2026-09-04,09:44,358.62,359.1,358.185,358.595,123708
AVGO,2026-09-04,09:45,358.555,358.555,356.79,357.39,161731
AVGO,2026-09-04,09:46,357.31,358,357.09,357.775,91887
AVGO,2026-09-04,09:47,357.68,357.9194,357.28,357.62,87101
AVGO,2026-09-04,09:48,357.73,359.13,357.73,358.7,149226
AVGO,2026-09-04,09:49,358.74,358.81,357,357.175,138840
AVGO,2026-09-04,09:50,357.17,357.635,356.75,357.57,219028
AVGO,2026-09-04,09:51,357.64,358.25,357.14,357.505,151916
AVGO,2026-09-04,09:52,357.52,357.85,357,357.73,108774
AVGO,2026-09-04,09:53,357.675,357.76,356.8801,357.695,96438
AVGO,2026-09-04,09:54,357.695,357.83,357.08,357.14,85993
AVGO,2026-09-04,09:55,357.16,357.78,356.56,357.61,188150
AVGO,2026-09-04,09:56,357.52,357.59,356.62,356.64,68977
AVGO,2026-09-04,09:57,356.68,356.9099,356.5,356.6527,90020
AVGO,2026-09-04,09:58,356.66,357,356.11,356.575,106414
AVGO,2026-09-04,09:59,356.48,356.77,355.82,356.69,169024
AVGO,2026-09-04,10:00,356.725,357.37,356.5,356.7,156319
AVGO,2026-09-04,10:01,356.7,356.8,356,356.7425,74872
AVGO,2026-09-04,10:02,356.73,357.2,356.48,357.19,77085
AVGO,2026-09-04,10:03,357.2,357.94,357.03,357.875,154521
AVGO,2026-09-04,10:04,357.875,357.9391,356.32,356.375,136767
AVGO,2026-09-04,10:05,356.3482,356.76,356.31,356.37,81562
AVGO,2026-09-04,10:06,356.34,356.34,355.34,355.62,148695
AVGO,2026-09-04,10:07,355.615,355.625,355,355.2083,95233
AVGO,2026-09-04,10:08,355.245,355.94,355.0514,355.62,78356
AVGO,2026-09-04,10:09,355.6327,356.16,355.19,355.4875,109165
AVGO,2026-09-04,10:10,355.59,356.12,355.44,355.96,76056
AVGO,2026-09-04,10:11,355.96,356.125,355.495,355.7379,95372
AVGO,2026-09-04,10:12,355.72,355.765,355.0475,355.47,69617
AVGO,2026-09-04,10:13,355.44,355.6,355.05,355.3499,70986
AVGO,2026-09-04,10:14,355.305,355.79,355.305,355.65,67178
AVGO,2026-09-04,10:15,355.65,355.7699,355.0335,355.13,84742
AVGO,2026-09-04,10:16,355.05,355.5,355.01,355.01,92539
AVGO,2026-09-04,10:17,355.075,355.27,354.86,354.86,150837
AVGO,2026-09-04,10:18,354.905,355.29,354.905,355.03,62044
AVGO,2026-09-04,10:19,355,355.01,354.6,354.61,92947
AVGO,2026-09-04,10:20,354.6,354.89,354.45,354.6,99506
AVGO,2026-09-04,10:21,354.6108,355.319,354.44,355.06,128204
AVGO,2026-09-04,10:22,355.0892,355.11,354.64,355.075,60892
AVGO,2026-09-04,10:23,355.03,355.85,354.92,355.81,72878
AVGO,2026-09-04,10:24,355.81,356.38,355.51,356.38,80287
AVGO,2026-09-04,10:25,356.4,356.69,355.8601,356.3,114235
AVGO,2026-09-04,10:26,356.23,356.56,356.1439,356.47,65275
AVGO,2026-09-04,10:27,356.48,356.75,356.39,356.61,53026
AVGO,2026-09-04,10:28,356.5975,357.23,356.5975,357.155,117748
AVGO,2026-09-04,10:29,357.21,358.67,357.08,358.67,176053
AVGO,2026-09-04,10:30,358.64,358.7216,357.65,357.67,113601
AVGO,2026-09-04,10:31,357.61,357.7,356.59,356.655,97073
AVGO,2026-09-04,10:32,356.635,357.23,356.44,356.88,80699
AVGO,2026-09-04,10:33,356.86,356.86,356.35,356.375,57843
AVGO,2026-09-04,10:34,356.44,357.04,356.2407,356.28,39020
AVGO,2026-09-04,10:35,356.275,356.3022,355.82,356.18,54929
AVGO,2026-09-04,10:36,356.03,356.1,355.6,355.685,63956
AVGO,2026-09-04,10:37,355.71,355.97,355.64,355.96,42893
AVGO,2026-09-04,10:38,355.97,356.21,355.64,355.65,52259
AVGO,2026-09-04,10:39,355.63,355.8006,355.46,355.61,55737
AVGO,2026-09-04,10:40,355.605,355.65,355.25,355.43,49467
AVGO,2026-09-04,10:41,355.445,355.48,355.21,355.31,35983
AVGO,2026-09-04,10:42,355.305,355.35,354.8,354.8,85538
AVGO,2026-09-04,10:43,354.83,355.98,354.74,355.365,221775
AVGO,2026-09-04,10:44,355.44,355.68,355.2876,355.45,40749
AVGO,2026-09-04,10:45,355.49,355.705,355.41,355.485,44354
AVGO,2026-09-04,10:46,355.52,355.91,355.43,355.6899,33587
AVGO,2026-09-04,10:47,355.6,356.28,355.45,356.2524,62003
AVGO,2026-09-04,10:48,356.235,356.66,356.0701,356.3,66318
AVGO,2026-09-04,10:49,356.39,356.5,356.06,356.37,51007
AVGO,2026-09-04,10:50,356.2504,356.75,356.105,356.74,83319
AVGO,2026-09-04,10:51,356.75,357.56,356.64,357.265,82146
AVGO,2026-09-04,10:52,357.285,357.3,356.9,357.095,37858
AVGO,2026-09-04,10:53,357.18,357.41,356.6901,356.73,91489
AVGO,2026-09-04,10:54,356.83,357.03,355.965,356.52,65191
AVGO,2026-09-04,10:55,356.55,356.8099,356.53,356.685,44684
AVGO,2026-09-04,10:56,356.66,357.01,356.55,356.5874,34404
AVGO,2026-09-04,10:57,356.615,356.79,356.5,356.65,30040
AVGO,2026-09-04,10:58,356.65,356.7799,356.3174,356.6071,30079
AVGO,2026-09-04,10:59,356.6,356.65,356.0283,356.3001,62554
AVGO,2026-09-04,11:00,356.345,356.39,355.82,356.2,40351
AVGO,2026-09-04,11:01,356.27,356.41,356.1101,356.2399,25526
AVGO,2026-09-04,11:02,356.24,356.26,355.68,355.89,37953
AVGO,2026-09-04,11:03,355.93,355.94,355.5,355.67,47142
AVGO,2026-09-04,11:04,355.6,356.3519,355.6,356.35,51727
AVGO,2026-09-04,11:05,356.3,356.97,356.118,356.785,85532
AVGO,2026-09-04,11:06,356.8171,357.13,356.57,356.875,48518
AVGO,2026-09-04,11:07,356.875,357.21,356.8,357.11,65753
AVGO,2026-09-04,11:08,357.11,357.35,356.9127,357.2622,41072
AVGO,2026-09-04,11:09,357.235,357.2899,357.02,357.11,34189
AVGO,2026-09-04,11:10,357.155,357.4,356.9712,357.2,84483
AVGO,2026-09-04,11:11,357.23,357.48,356.885,357.43,77061
AVGO,2026-09-04,11:12,357.47,357.93,357.23,357.88,49366
AVGO,2026-09-04,11:13,357.83,358.14,357.41,357.48,97783
AVGO,2026-09-04,11:14,357.475,357.48,357.06,357.405,48212
AVGO,2026-09-04,11:15,357.405,357.49,357.1,357.1956,77007
AVGO,2026-09-04,11:16,357.12,357.15,356.795,356.8,28805
AVGO,2026-09-04,11:17,356.84,356.9146,356.5,356.55,39930
AVGO,2026-09-04,11:18,356.5304,356.62,356.1328,356.2772,63983
AVGO,2026-09-04,11:19,356.31,356.31,355.6605,356.18,64627
AVGO,2026-09-04,11:20,356.175,356.3071,355.92,356.0163,62271
AVGO,2026-09-04,11:21,355.99,356.16,355.75,355.86,59122
AVGO,2026-09-04,11:22,355.91,356.08,355.77,355.95,34238
AVGO,2026-09-04,11:23,356,356.5,355.88,356.07,61407
AVGO,2026-09-04,11:24,356.03,356.03,355.75,355.93,58202
AVGO,2026-09-04,11:25,355.93,356.165,355.87,355.99,40706
AVGO,2026-09-04,11:26,355.99,356.4,355.9,356.24,50461
AVGO,2026-09-04,11:27,356.24,356.37,356,356.095,43538
AVGO,2026-09-04,11:28,356.095,356.11,355.7,355.945,78585
AVGO,2026-09-04,11:29,355.99,356.29,355.72,356.185,74876
AVGO,2026-09-04,11:30,356.185,356.383,355.7,355.7,52015
AVGO,2026-09-04,11:31,355.7094,355.845,355.4095,355.51,92083
AVGO,2026-09-04,11:32,355.53,355.53,354.9,354.925,89030
AVGO,2026-09-04,11:33,354.9,355.17,354.66,354.89,113112
AVGO,2026-09-04,11:34,354.89,355.32,354.7,355.32,80225
AVGO,2026-09-04,11:35,355.32,355.56,355.27,355.5,53486
AVGO,2026-09-04,11:36,355.44,355.92,355.42,355.67,75596
AVGO,2026-09-04,11:37,355.6954,356.35,355.6551,356.04,84865
AVGO,2026-09-04,11:38,356.04,356.58,356,356.5309,101928
AVGO,2026-09-04,11:39,356.58,357.24,356.5412,357.09,58790
AVGO,2026-09-04,11:40,357.09,357.4,356.91,357.37,117262
AVGO,2026-09-04,11:41,357.37,357.87,357.3423,357.49,74052
AVGO,2026-09-04,11:42,357.4508,357.84,357.12,357.25,67557
AVGO,2026-09-04,11:43,357.21,357.39,357.06,357.255,36787
AVGO,2026-09-04,11:44,357.255,357.3699,356.85,356.9551,33100
AVGO,2026-09-04,11:45,356.955,357.4299,356.83,357.27,41956
AVGO,2026-09-04,11:46,357.2699,357.27,356.51,356.58,53635
AVGO,2026-09-04,11:47,356.51,356.7691,356.31,356.33,63569
AVGO,2026-09-04,11:48,356.315,356.45,356.18,356.325,83984
AVGO,2026-09-04,11:49,356.3498,356.4,356.04,356.205,40175
AVGO,2026-09-04,11:50,356.2,356.33,355.975,356.17,49712
AVGO,2026-09-04,11:51,356.17,356.35,355.95,356.07,68052
AVGO,2026-09-04,11:52,356.06,356.31,356.02,356.105,34514
AVGO,2026-09-04,11:53,356.14,356.18,355.97,355.9933,35865
AVGO,2026-09-04,11:54,355.965,356.3,355.95,356.1275,35374
AVGO,2026-09-04,11:55,356.169,356.36,355.975,356.01,37732
AVGO,2026-09-04,11:56,356.015,356.11,355.95,356.03,38167
AVGO,2026-09-04,11:57,356.03,356.32,355.8217,356.28,46164
AVGO,2026-09-04,11:58,356.27,356.27,356.1,356.1857,20561
AVGO,2026-09-04,11:59,356.24,356.3,355.965,356.2,29061
AVGO,2026-09-04,12:00,356.145,356.48,356.1206,356.39,51926
AVGO,2026-09-04,12:01,356.4,356.9,356.36,356.6401,36391
AVGO,2026-09-04,12:02,356.675,356.86,356.38,356.46,44461
AVGO,2026-09-04,12:03,356.63,356.665,356.5,356.5,20961
AVGO,2026-09-04,12:04,356.525,356.705,356.44,356.67,22802
AVGO,2026-09-04,12:05,356.635,356.72,356.52,356.6,14038
AVGO,2026-09-04,12:06,356.56,356.65,356.13,356.2,42571
AVGO,2026-09-04,12:07,356.25,356.33,356.1304,356.31,29452
AVGO,2026-09-04,12:08,356.31,356.38,356.17,356.31,25695
AVGO,2026-09-04,12:09,356.31,356.4,356.225,356.38,26839
AVGO,2026-09-04,12:10,356.38,356.46,356.31,356.33,26616
AVGO,2026-09-04,12:11,356.35,356.405,356.22,356.2249,29095
AVGO,2026-09-04,12:12,356.2165,356.26,356.0922,356.26,31963
AVGO,2026-09-04,12:13,356.27,356.29,355.79,355.79,42993
AVGO,2026-09-04,12:14,355.805,355.96,355.71,355.96,37150
AVGO,2026-09-04,12:15,355.955,356.05,355.61,355.62,37110
AVGO,2026-09-04,12:16,355.62,355.74,355.57,355.61,25705
AVGO,2026-09-04,12:17,355.61,355.61,355.37,355.465,75713
AVGO,2026-09-04,12:18,355.45,355.59,355.33,355.44,36193
AVGO,2026-09-04,12:19,355.44,355.61,355.41,355.56,32549
AVGO,2026-09-04,12:20,355.56,355.68,355.475,355.675,28807
AVGO,2026-09-04,12:21,355.6725,355.85,355.6481,355.77,32325
AVGO,2026-09-04,12:22,355.765,355.765,355.41,355.5,43091
AVGO,2026-09-04,12:23,355.49,355.52,355.15,355.205,95126
AVGO,2026-09-04,12:24,355.16,355.27,355.0201,355.045,77369
AVGO,2026-09-04,12:25,355.035,355.08,354.81,354.91,115423
AVGO,2026-09-04,12:26,354.91,355.12,354.86,354.98,96225
AVGO,2026-09-04,12:27,354.98,355.225,354.945,355.215,40241
AVGO,2026-09-04,12:28,355.225,355.28,355.11,355.24,24792
AVGO,2026-09-04,12:29,355.23,355.33,355.06,355.33,32516
AVGO,2026-09-04,12:30,355.31,355.45,355.0967,355.29,35817
AVGO,2026-09-04,12:31,355.285,355.4,355.1,355.265,48266
AVGO,2026-09-04,12:32,355.27,355.35,355.13,355.21,33617
AVGO,2026-09-04,12:33,355.17,355.31,355.01,355.205,24468
AVGO,2026-09-04,12:34,355.205,355.39,355.18,355.37,27001
AVGO,2026-09-04,12:35,355.35,355.53,355.29,355.515,60016
AVGO,2026-09-04,12:36,355.49,355.5799,355.35,355.44,38326
AVGO,2026-09-04,12:37,355.4801,355.52,355.2163,355.25,38373
AVGO,2026-09-04,12:38,355.2267,355.39,355.1569,355.19,37290
AVGO,2026-09-04,12:39,355.23,355.44,355.211,355.25,41494
AVGO,2026-09-04,12:40,355.25,355.37,355.19,355.26,21661
AVGO,2026-09-04,12:41,355.27,355.32,355.09,355.14,35182
AVGO,2026-09-04,12:42,355.17,355.21,355.08,355.115,28170
AVGO,2026-09-04,12:43,355.13,355.35,355.13,355.285,20278
AVGO,2026-09-04,12:44,355.33,355.39,355.24,355.37,23584
AVGO,2026-09-04,12:45,355.39,355.47,355.32,355.44,24604
AVGO,2026-09-04,12:46,355.43,355.62,355.43,355.62,31053
AVGO,2026-09-04,12:47,355.625,356.02,355.59,355.9642,66618
AVGO,2026-09-04,12:48,356.03,356.1381,355.8057,356.05,50472
AVGO,2026-09-04,12:49,356.05,356.4,356.05,356.16,67591
AVGO,2026-09-04,12:50,356.14,356.2999,356.14,356.2,38247
AVGO,2026-09-04,12:51,356.23,356.44,356.19,356.395,39403
AVGO,2026-09-04,12:52,356.395,356.44,356.27,356.345,27540
AVGO,2026-09-04,12:53,356.36,356.555,356.32,356.3606,31463
AVGO,2026-09-04,12:54,356.3606,356.4,356.3,356.33,25476
AVGO,2026-09-04,12:55,356.33,356.33,356,356.0004,65147
AVGO,2026-09-04,12:56,356.015,356.4,355.92,356.09,77381
AVGO,2026-09-04,12:57,356.13,356.325,355.96,356.32,24510
AVGO,2026-09-04,12:58,356.32,356.325,356.15,356.23,15856
AVGO,2026-09-04,12:59,356.27,356.42,356.23,356.31,24735
AVGO,2026-09-04,13:00,356.32,356.33,356.08,356.32,27776
AVGO,2026-09-04,13:01,356.34,356.55,355.96,356.12,54447
AVGO,2026-09-04,13:02,356.13,356.18,355.8235,355.8559,66220
AVGO,2026-09-04,13:03,355.91,355.91,355.6061,355.83,23920
AVGO,2026-09-04,13:04,355.77,355.87,355.7,355.83,19185
AVGO,2026-09-04,13:05,355.84,356,355.77,355.92,35302
AVGO,2026-09-04,13:06,355.885,355.885,355.6068,355.64,21898
AVGO,2026-09-04,13:07,355.635,355.89,355.53,355.82,36006
AVGO,2026-09-04,13:08,355.805,355.9,355.42,355.4204,38645
AVGO,2026-09-04,13:09,355.41,355.52,355.33,355.51,24004
AVGO,2026-09-04,13:10,355.52,355.61,355.455,355.455,25347
AVGO,2026-09-04,13:11,355.43,355.6,355.36,355.5,14331
AVGO,2026-09-04,13:12,355.49,355.65,355.4792,355.595,16982
AVGO,2026-09-04,13:13,355.6199,355.64,355.54,355.577,24082
AVGO,2026-09-04,13:14,355.575,355.67,355.48,355.495,35049
AVGO,2026-09-04,13:15,355.48,355.635,355.4,355.43,21631
AVGO,2026-09-04,13:16,355.49,355.53,355.35,355.46,45900
AVGO,2026-09-04,13:17,355.48,355.645,355.45,355.49,18865
AVGO,2026-09-04,13:18,355.515,355.56,355.36,355.405,26264
AVGO,2026-09-04,13:19,355.405,355.45,355.145,355.235,53041
AVGO,2026-09-04,13:20,355.26,355.32,355.21,355.235,44781
AVGO,2026-09-04,13:21,355.235,355.235,355.01,355.07,34147
AVGO,2026-09-04,13:22,355.065,355.15,355.0169,355.07,26399
AVGO,2026-09-04,13:23,355.07,355.1,354.8,354.86,95552
AVGO,2026-09-04,13:24,354.9,354.9,354.69,354.7,55102
AVGO,2026-09-04,13:25,354.695,354.79,354.65,354.74,28759
AVGO,2026-09-04,13:26,354.74,354.89,354.74,354.82,37829
AVGO,2026-09-04,13:27,354.85,355.19,354.82,355.03,45751
AVGO,2026-09-04,13:28,355.035,355.1099,354.855,354.9191,25165
AVGO,2026-09-04,13:29,354.86,354.91,354.725,354.74,31167
AVGO,2026-09-04,13:30,354.735,354.8191,354.43,354.43,72178
AVGO,2026-09-04,13:31,354.445,354.49,354.25,354.28,49016
AVGO,2026-09-04,13:32,354.285,354.32,354.14,354.28,55800
AVGO,2026-09-04,13:33,354.26,354.37,354.05,354.095,39146
AVGO,2026-09-04,13:34,354.095,354.21,353.8,353.835,120234
AVGO,2026-09-04,13:35,353.8,354.215,353.7,354.17,50008
AVGO,2026-09-04,13:36,354.17,354.47,354.16,354.325,35741
AVGO,2026-09-04,13:37,354.325,354.89,354.21,354.89,34988
AVGO,2026-09-04,13:38,354.8181,355.15,354.8,355.095,75449
AVGO,2026-09-04,13:39,355.11,355.6,355.07,355.48,63724
AVGO,2026-09-04,13:40,355.435,355.53,355.26,355.5,37770
AVGO,2026-09-04,13:41,355.49,355.63,355.28,355.28,45873
AVGO,2026-09-04,13:42,355.31,355.325,355.03,355.19,41634
AVGO,2026-09-04,13:43,355.185,355.35,354.91,355.13,66702
AVGO,2026-09-04,13:44,355.1184,355.133,354.695,354.785,54847
AVGO,2026-09-04,13:45,354.77,354.82,354.25,354.45,50288
AVGO,2026-09-04,13:46,354.44,354.84,354.38,354.82,31207
AVGO,2026-09-04,13:47,354.81,354.92,354.75,354.85,26325
AVGO,2026-09-04,13:48,354.85,354.92,354.69,354.885,33771
AVGO,2026-09-04,13:49,354.885,354.885,354.6,354.67,25592
AVGO,2026-09-04,13:50,354.72,354.85,354.6924,354.8,25088
AVGO,2026-09-04,13:51,354.8,354.8,354.64,354.73,55973
AVGO,2026-09-04,13:52,354.73,354.8,354.58,354.6599,12876
AVGO,2026-09-04,13:53,354.625,354.65,354.46,354.5,20647
AVGO,2026-09-04,13:54,354.475,354.49,354.35,354.44,33126
AVGO,2026-09-04,13:55,354.44,354.6,354.44,354.51,22726
AVGO,2026-09-04,13:56,354.487,354.6,354.46,354.59,25715
AVGO,2026-09-04,13:57,354.59,354.73,354.55,354.565,24396
AVGO,2026-09-04,13:58,354.57,354.72,354.43,354.69,40096
AVGO,2026-09-04,13:59,354.65,354.9,354.65,354.9,35576
AVGO,2026-09-04,14:00,354.88,354.91,354.56,354.645,33232
AVGO,2026-09-04,14:01,354.63,354.68,354.3,354.3,31729
AVGO,2026-09-04,14:02,354.3,354.55,354.3,354.495,23441
AVGO,2026-09-04,14:03,354.5048,354.7,354.42,354.56,21782
AVGO,2026-09-04,14:04,354.6,354.82,354.51,354.82,19049
AVGO,2026-09-04,14:05,354.795,355.14,354.795,355.095,52316
AVGO,2026-09-04,14:06,355.1143,355.2,354.94,355.125,27319
AVGO,2026-09-04,14:07,355.16,355.36,355.01,355.325,23911
AVGO,2026-09-04,14:08,355.35,355.43,355.2301,355.28,28162
AVGO,2026-09-04,14:09,355.3,355.47,355.2501,355.4201,25883
AVGO,2026-09-04,14:10,355.47,355.47,355.247,355.385,20142
AVGO,2026-09-04,14:11,355.4,355.66,355.21,355.26,98729
AVGO,2026-09-04,14:12,355.2819,355.37,355.18,355.35,29974
AVGO,2026-09-04,14:13,355.31,355.4,355.28,355.31,20379
AVGO,2026-09-04,14:14,355.305,355.38,355.2001,355.345,13812
AVGO,2026-09-04,14:15,355.35,355.39,355.23,355.23,12601
AVGO,2026-09-04,14:16,355.25,355.47,355.2,355.385,20435
AVGO,2026-09-04,14:17,355.33,355.67,355.27,355.62,32700
AVGO,2026-09-04,14:18,355.62,355.89,355.58,355.8399,31696
AVGO,2026-09-04,14:19,355.805,355.83,355.62,355.695,68180
AVGO,2026-09-04,14:20,355.7,356.1,355.62,356.1,36743
AVGO,2026-09-04,14:21,356.13,356.4,356.09,356.315,40740
AVGO,2026-09-04,14:22,356.34,356.39,356.11,356.34,38371
AVGO,2026-09-04,14:23,356.36,356.38,355.63,355.75,106862
AVGO,2026-09-04,14:24,355.77,356.045,355.72,355.9799,36259
AVGO,2026-09-04,14:25,355.925,355.96,355.61,355.665,37071
AVGO,2026-09-04,14:26,355.6765,355.71,355.6,355.61,19105
AVGO,2026-09-04,14:27,355.61,355.65,355.51,355.57,35787
AVGO,2026-09-04,14:28,355.57,355.9799,355.51,355.815,31939
AVGO,2026-09-04,14:29,355.81,355.9896,355.8,355.93,1026449
AVGO,2026-09-04,14:30,355.91,355.94,355.77,355.9198,32826
AVGO,2026-09-04,14:31,355.9,356.19,355.9,356.15,29218
AVGO,2026-09-04,14:32,356.17,356.18,356.0203,356.11,13941
AVGO,2026-09-04,14:33,356.08,356.29,355.87,356.245,39766
AVGO,2026-09-04,14:34,356.245,356.39,356.1101,356.33,31975
AVGO,2026-09-04,14:35,356.345,356.77,356.34,356.5,75303
AVGO,2026-09-04,14:36,356.51,356.65,356.42,356.51,25146
AVGO,2026-09-04,14:37,356.48,356.75,356.41,356.42,49249
AVGO,2026-09-04,14:38,356.485,356.85,356.42,356.83,43877
AVGO,2026-09-04,14:39,356.83,356.9244,356.53,356.64,79999
AVGO,2026-09-04,14:40,356.605,356.7419,356.465,356.61,29785
AVGO,2026-09-04,14:41,356.62,356.86,356.62,356.72,25113
AVGO,2026-09-04,14:42,356.71,356.88,356.68,356.8285,24093
AVGO,2026-09-04,14:43,356.88,357.14,356.82,357.085,63159
AVGO,2026-09-04,14:44,357.2,357.55,357.17,357.4574,133245
AVGO,2026-09-04,14:45,357.43,357.54,357.06,357.22,1062870
AVGO,2026-09-04,14:46,357.24,357.4,357.18,357.245,47255
AVGO,2026-09-04,14:47,357.245,357.3799,357.0501,357.09,121158
AVGO,2026-09-04,14:48,357.0901,357.39,356.9575,357.3748,51208
AVGO,2026-09-04,14:49,357.385,357.56,357.2701,357.5495,99136
AVGO,2026-09-04,14:50,357.58,357.6,357.31,357.4936,63886
AVGO,2026-09-04,14:51,357.51,357.5131,357.21,357.245,38434
AVGO,2026-09-04,14:52,357.27,357.289,357.11,357.2299,41538
AVGO,2026-09-04,14:53,357.17,357.21,357.03,357.17,23224
AVGO,2026-09-04,14:54,357.21,357.243,357.02,357.05,21117
AVGO,2026-09-04,14:55,357.05,357.18,356.9,356.94,35348
AVGO,2026-09-04,14:56,356.935,356.99,356.58,356.91,233560
AVGO,2026-09-04,14:57,356.89,357.03,356.77,356.95,25743
AVGO,2026-09-04,14:58,356.95,356.96,356.33,356.35,49145
AVGO,2026-09-04,14:59,356.35,356.44,356.02,356.17,44307
AVGO,2026-09-04,15:00,356.1451,356.19,355.6711,355.98,60865
AVGO,2026-09-04,15:01,356,356.49,355.9,356.385,59829
AVGO,2026-09-04,15:02,356.3988,356.62,356.3988,356.61,39466
AVGO,2026-09-04,15:03,356.58,356.94,356.55,356.94,38725
AVGO,2026-09-04,15:04,356.915,356.98,356.69,356.73,38514
AVGO,2026-09-04,15:05,356.74,357.1,356.7008,356.9,43991
AVGO,2026-09-04,15:06,356.9,357.05,356.685,356.8,29521
AVGO,2026-09-04,15:07,356.84,357,356.69,356.7201,25958
AVGO,2026-09-04,15:08,356.769,356.769,356.17,356.23,37505
AVGO,2026-09-04,15:09,356.2,356.24,356.0242,356.06,23665
AVGO,2026-09-04,15:10,356.09,356.45,355.975,356.45,23318
AVGO,2026-09-04,15:11,356.36,356.6778,356.3,356.65,31393
AVGO,2026-09-04,15:12,356.6,356.9171,356.2601,356.3206,176778
AVGO,2026-09-04,15:13,356.33,356.335,355.75,355.86,30783
AVGO,2026-09-04,15:14,355.855,355.99,355.6,355.725,30808
AVGO,2026-09-04,15:15,355.77,355.96,355.75,355.9191,25175
AVGO,2026-09-04,15:16,355.95,355.98,355.7,355.81,25203
AVGO,2026-09-04,15:17,355.85,355.96,355.75,355.75,18833
AVGO,2026-09-04,15:18,355.76,355.856,355.67,355.8,28557
AVGO,2026-09-04,15:19,355.79,355.96,355.71,355.91,36899
AVGO,2026-09-04,15:20,355.91,356.01,355.84,356.01,23704
AVGO,2026-09-04,15:21,355.99,356.2,355.9201,356.2,21076
AVGO,2026-09-04,15:22,356.27,356.34,356.21,356.295,24611
AVGO,2026-09-04,15:23,356.31,356.33,356.17,356.2304,22602
AVGO,2026-09-04,15:24,356.25,356.35,356.16,356.22,30205
AVGO,2026-09-04,15:25,356.26,356.31,356.03,356.29,29079
AVGO,2026-09-04,15:26,356.28,356.31,356.09,356.1,38298
AVGO,2026-09-04,15:27,356.1,356.47,356.08,356.34,36102
AVGO,2026-09-04,15:28,356.33,356.33,356.15,356.25,24144
AVGO,2026-09-04,15:29,356.24,356.36,356.2,356.23,37062
AVGO,2026-09-04,15:30,356.25,356.3,356,356.0827,45723
AVGO,2026-09-04,15:31,356.115,356.4,356.04,356.34,37440
AVGO,2026-09-04,15:32,356.39,356.45,356.2,356.34,34033
AVGO,2026-09-04,15:33,356.325,356.77,356.325,356.7495,63159
AVGO,2026-09-04,15:34,356.75,357.19,356.75,357.12,47749
AVGO,2026-09-04,15:35,357.14,357.14,356.77,356.88,64909
AVGO,2026-09-04,15:36,356.875,357.12,356.815,356.985,43455
AVGO,2026-09-04,15:37,356.98,357,356.6,356.74,47589
AVGO,2026-09-04,15:38,356.74,356.86,356.61,356.81,31373
AVGO,2026-09-04,15:39,356.78,356.86,356.74,356.85,27184
AVGO,2026-09-04,15:40,356.82,357.05,356.58,356.62,86468
AVGO,2026-09-04,15:41,356.63,356.7,356.515,356.61,45887
AVGO,2026-09-04,15:42,356.575,356.98,356.52,356.92,42063
AVGO,2026-09-04,15:43,356.87,356.94,356.64,356.72,42800
AVGO,2026-09-04,15:44,356.725,356.9,356.6101,356.795,36238
AVGO,2026-09-04,15:45,356.76,357,356.75,357,55289
AVGO,2026-09-04,15:46,357,357.07,356.86,357.0101,44828
AVGO,2026-09-04,15:47,357.01,357.25,357.01,357.2,66623
AVGO,2026-09-04,15:48,357.195,357.57,357.195,357.452,93678
AVGO,2026-09-04,15:49,357.4899,357.55,357.3501,357.515,55423
AVGO,2026-09-04,15:50,357.55,357.97,357.5,357.735,125696
AVGO,2026-09-04,15:51,357.76,357.905,357.68,357.82,114615
AVGO,2026-09-04,15:52,357.83,357.88,357.66,357.66,85821
AVGO,2026-09-04,15:53,357.66,357.76,357.28,357.355,96847
AVGO,2026-09-04,15:54,357.37,357.91,357.37,357.7,129149
AVGO,2026-09-04,15:55,357.7,358.2,357.68,358.18,746748
AVGO,2026-09-04,15:56,358.18,358.46,358.05,358.36,219771
AVGO,2026-09-04,15:57,358.36,358.435,358.08,358.175,200021
AVGO,2026-09-04,15:58,358.17,358.3395,357.97,357.98,302247
AVGO,2026-09-04,15:59,357.97,358.02,357.66,357.87,648896
AVGO,2026-09-04,16:00,357.895,357.895,357.895,357.895,0
AVGO,2026-09-08,09:30,363.725,365.55,362.745,365,1628110
AVGO,2026-09-08,09:31,365.13,368.32,364.47,367.065,333417
AVGO,2026-09-08,09:32,367.13,367.45,364.685,365.58,203301
AVGO,2026-09-08,09:33,365.52,367.11,364.75,366.21,186080
AVGO,2026-09-08,09:34,366.21,369.12,366,368.5029,312210
AVGO,2026-09-08,09:35,368.67,369.1299,367.4605,367.995,275948
AVGO,2026-09-08,09:36,367.944,368.85,367.27,368.49,154921
AVGO,2026-09-08,09:37,368.38,369.7541,368.38,369.5901,242112
AVGO,2026-09-08,09:38,369.5905,370.6,369.275,370.37,293106
AVGO,2026-09-08,09:39,370.435,370.63,368.65,369.2601,189090
AVGO,2026-09-08,09:40,369.26,370.24,368.22,368.22,150825
AVGO,2026-09-08,09:41,368.2601,368.84,365.44,365.5751,188487
AVGO,2026-09-08,09:42,365.44,365.68,364.105,364.11,172860
AVGO,2026-09-08,09:43,364.145,364.41,362.85,363.29,190271
AVGO,2026-09-08,09:44,363.35,364.99,363.33,364.8665,135231
AVGO,2026-09-08,09:45,364.885,365,364.11,364.77,105642
AVGO,2026-09-08,09:46,364.85,366.04,364.63,365.8,117658
AVGO,2026-09-08,09:47,365.74,366.86,365.58,366.2223,98011
AVGO,2026-09-08,09:48,366.155,367.13,366.155,366.89,90563
AVGO,2026-09-08,09:49,366.75,367.46,366.54,367.35,77436
AVGO,2026-09-08,09:50,367.3272,367.73,366.27,366.485,131640
AVGO,2026-09-08,09:51,366.49,366.78,366.06,366.59,83629
AVGO,2026-09-08,09:52,366.55,367.99,366.51,367.96,80020
AVGO,2026-09-08,09:53,367.905,367.9099,366.81,367.2,69332
AVGO,2026-09-08,09:54,367.26,367.67,366.5401,367.66,67405
AVGO,2026-09-08,09:55,367.75,368.11,367.26,367.885,101437
AVGO,2026-09-08,09:56,367.9131,368.07,367.38,367.53,54905
AVGO,2026-09-08,09:57,367.62,368.34,367.1,367.2,92059
AVGO,2026-09-08,09:58,367.2,367.5995,366.69,366.76,72692
AVGO,2026-09-08,09:59,366.8,367.2,366.5,367.11,111682
AVGO,2026-09-08,10:00,367.16,367.345,366.322,366.34,88922
AVGO,2026-09-08,10:01,366.385,367.26,366.375,366.6,59227
AVGO,2026-09-08,10:02,366.64,368,366.33,367.9321,79352
AVGO,2026-09-08,10:03,367.97,368.55,367.7796,367.8,69966
AVGO,2026-09-08,10:04,367.8,368.58,367.56,368.28,82884
AVGO,2026-09-08,10:05,368.3196,368.41,367.56,367.68,67568
AVGO,2026-09-08,10:06,367.695,367.9803,367.295,367.71,45626
AVGO,2026-09-08,10:07,367.58,368.27,367.22,368.185,55483
AVGO,2026-09-08,10:08,368.185,368.5995,367.79,367.815,81938
AVGO,2026-09-08,10:09,367.825,367.9499,367.45,367.453,41675
AVGO,2026-09-08,10:10,367.55,367.79,367.37,367.4625,56240
AVGO,2026-09-08,10:11,367.41,367.55,366.65,367.165,70539
AVGO,2026-09-08,10:12,367.21,368,367.13,367.61,71886
AVGO,2026-09-08,10:13,367.67,368.129,367.58,367.88,91390
AVGO,2026-09-08,10:14,367.93,368.14,367.42,367.45,51656
AVGO,2026-09-08,10:15,367.52,368.75,367.52,368.61,51617
AVGO,2026-09-08,10:16,368.58,368.9,368.02,368.345,51262
AVGO,2026-09-08,10:17,368.26,368.69,367.9705,368.37,40586
AVGO,2026-09-08,10:18,368.37,368.49,367.8601,368.3446,51385
AVGO,2026-09-08,10:19,368.31,368.76,368.21,368.6103,56849
AVGO,2026-09-08,10:20,368.69,369.59,368.63,369.52,129944
AVGO,2026-09-08,10:21,369.525,370.33,369.5003,370.03,215232
AVGO,2026-09-08,10:22,369.935,370.57,369.935,370.25,96536
AVGO,2026-09-08,10:23,370.1885,370.84,370,370.05,102676
AVGO,2026-09-08,10:24,370.17,370.59,369.2623,369.31,68149
AVGO,2026-09-08,10:25,369.2401,369.4,369.02,369.37,60980
AVGO,2026-09-08,10:26,369.415,369.7317,368.9,369.04,54578
AVGO,2026-09-08,10:27,369.0556,369.2,368.69,369.005,74212
AVGO,2026-09-08,10:28,369.09,369.33,368.88,369.13,32328
AVGO,2026-09-08,10:29,369.135,369.66,369.08,369.577,65356
AVGO,2026-09-08,10:30,369.585,369.6753,368.86,368.91,56165
AVGO,2026-09-08,10:31,368.91,369,368.31,368.66,68937
AVGO,2026-09-08,10:32,368.59,368.59,367.23,367.315,96426
AVGO,2026-09-08,10:33,367.2547,368.3697,367.13,368.3697,86132
AVGO,2026-09-08,10:34,368.31,369.24,368.25,369.24,46008
AVGO,2026-09-08,10:35,369.3983,369.51,368.8,369.49,46226
AVGO,2026-09-08,10:36,369.43,369.4572,368.69,368.76,35272
AVGO,2026-09-08,10:37,368.69,368.74,368.0823,368.25,45258
AVGO,2026-09-08,10:38,368.28,368.7397,367.7059,368.62,30698
AVGO,2026-09-08,10:39,368.62,368.7399,367.935,367.975,27772
AVGO,2026-09-08,10:40,368.05,368.23,367.81,368.14,70276
AVGO,2026-09-08,10:41,368.1877,368.51,368,368.27,25934
AVGO,2026-09-08,10:42,368.15,368.4,367.97,368.165,30240
AVGO,2026-09-08,10:43,368.1184,368.325,368.04,368.275,34745
AVGO,2026-09-08,10:44,368.31,369,368.31,368.825,51584
AVGO,2026-09-08,10:45,368.85,369.16,368.56,368.89,48281
AVGO,2026-09-08,10:46,368.96,369.1,367.94,367.985,56184
AVGO,2026-09-08,10:47,367.995,368.4499,367.97,368.075,67135
AVGO,2026-09-08,10:48,368.075,368.385,367.94,368.1786,36968
AVGO,2026-09-08,10:49,368.215,368.78,368.12,368.69,27693
AVGO,2026-09-08,10:50,368.78,369.057,368.6,369.015,39923
AVGO,2026-09-08,10:51,369.015,369.18,368.62,368.78,37368
AVGO,2026-09-08,10:52,368.79,369.92,368.71,369.87,82659
AVGO,2026-09-08,10:53,369.82,370.4,369.795,370.4,99990
AVGO,2026-09-08,10:54,370.446,371.29,370.435,371.065,179342
AVGO,2026-09-08,10:55,371.065,371.9,371.01,371.345,104273
AVGO,2026-09-08,10:56,371.34,371.42,370.52,370.815,59438
AVGO,2026-09-08,10:57,370.8,370.82,370.2301,370.34,53180
AVGO,2026-09-08,10:58,370.39,370.86,370.31,370.64,46468
AVGO,2026-09-08,10:59,370.575,371.17,370.575,371.125,39218
AVGO,2026-09-08,11:00,371.15,371.34,370.5,370.5,54306
AVGO,2026-09-08,11:01,370.51,370.79,370.25,370.293,48906
AVGO,2026-09-08,11:02,370.3348,370.595,370.29,370.5506,43281
AVGO,2026-09-08,11:03,370.56,370.75,370.51,370.5603,36850
AVGO,2026-09-08,11:04,370.6,370.65,370.23,370.465,34627
AVGO,2026-09-08,11:05,370.465,370.79,370.4,370.76,30951
AVGO,2026-09-08,11:06,370.7765,371.32,370.55,370.635,71170
AVGO,2026-09-08,11:07,370.6828,370.6828,369.52,369.59,98270
AVGO,2026-09-08,11:08,369.58,369.9799,369.5,369.84,35055
AVGO,2026-09-08,11:09,369.83,370.05,369.63,369.965,55966
AVGO,2026-09-08,11:10,369.965,370.57,369.9512,370.5301,134925
AVGO,2026-09-08,11:11,370.518,370.6737,370.385,370.455,23798
AVGO,2026-09-08,11:12,370.47,371.46,370.4515,371.26,89871
AVGO,2026-09-08,11:13,371.24,371.83,371.06,371.665,69168
AVGO,2026-09-08,11:14,371.655,371.81,371.4473,371.5902,52724
AVGO,2026-09-08,11:15,371.66,371.68,371.26,371.5001,37706
AVGO,2026-09-08,11:16,371.56,372.3088,371.495,371.73,113239
AVGO,2026-09-08,11:17,371.77,372.3,371.65,372.14,36113
AVGO,2026-09-08,11:18,372.19,372.36,372.0101,372.22,38322
AVGO,2026-09-08,11:19,372.22,372.24,371.7227,372.05,50629
AVGO,2026-09-08,11:20,372.11,372.45,372.03,372.2638,72372
AVGO,2026-09-08,11:21,372.29,372.345,371.792,371.805,41861
AVGO,2026-09-08,11:22,371.785,372.03,371.57,371.9,49240
AVGO,2026-09-08,11:23,371.8914,372.37,371.8914,372.16,44228
AVGO,2026-09-08,11:24,372.18,372.38,371.65,372.17,188972
AVGO,2026-09-08,11:25,372.2,372.3,371.77,372.12,51291
AVGO,2026-09-08,11:26,372.155,372.53,372.01,372.4576,44829
AVGO,2026-09-08,11:27,372.45,372.69,372.32,372.63,40502
AVGO,2026-09-08,11:28,372.67,372.6999,372.09,372.19,41731
AVGO,2026-09-08,11:29,372.19,372.25,371.56,371.645,44266
AVGO,2026-09-08,11:30,371.645,371.93,371.4401,371.695,40476
AVGO,2026-09-08,11:31,371.7493,371.77,371.09,371.125,28564
AVGO,2026-09-08,11:32,371.15,371.465,371.1,371.39,35279
AVGO,2026-09-08,11:33,371.38,371.43,370.62,370.71,40590
AVGO,2026-09-08,11:34,370.705,370.705,370.13,370.455,586200
AVGO,2026-09-08,11:35,370.47,370.5,369.9008,370.13,84256
AVGO,2026-09-08,11:36,370.13,370.3891,370.11,370.34,49550
AVGO,2026-09-08,11:37,370.35,370.43,370.2,370.37,25410
AVGO,2026-09-08,11:38,370.37,370.43,370.11,370.34,36237
AVGO,2026-09-08,11:39,370.34,370.7005,370.23,370.6764,28255
AVGO,2026-09-08,11:40,370.675,370.74,370.54,370.665,29068
AVGO,2026-09-08,11:41,370.66,370.71,370.3035,370.54,40215
AVGO,2026-09-08,11:42,370.4601,370.6999,370.3001,370.4,26259
AVGO,2026-09-08,11:43,370.395,370.9,370.395,370.865,37839
AVGO,2026-09-08,11:44,370.885,371.045,370.7,370.88,38144
AVGO,2026-09-08,11:45,370.8001,370.89,370.5194,370.7,45666
AVGO,2026-09-08,11:46,370.67,370.725,370.49,370.55,40349
AVGO,2026-09-08,11:47,370.6,370.655,370.0201,370.045,41550
AVGO,2026-09-08,11:48,370.08,370.15,368.88,369.29,62113
AVGO,2026-09-08,11:49,369.265,369.41,369.01,369.3353,30513
AVGO,2026-09-08,11:50,369.31,369.47,369.11,369.11,30597
AVGO,2026-09-08,11:51,369.1847,369.65,369.16,369.57,57780
AVGO,2026-09-08,11:52,369.56,369.672,369.4092,369.545,25318
AVGO,2026-09-08,11:53,369.55,369.65,369.4034,369.635,27091
AVGO,2026-09-08,11:54,369.59,369.74,369.44,369.64,27210
AVGO,2026-09-08,11:55,369.645,369.78,369.54,369.66,17763
AVGO,2026-09-08,11:56,369.6903,369.77,369.63,369.7101,25589
AVGO,2026-09-08,11:57,369.7201,369.773,369.51,369.63,26064
AVGO,2026-09-08,11:58,369.67,369.71,369.38,369.38,19554
AVGO,2026-09-08,11:59,369.37,369.52,369.287,369.4808,22248
AVGO,2026-09-08,12:00,369.51,369.55,369.28,369.37,36637
AVGO,2026-09-08,12:01,369.37,369.52,369.25,369.445,23396
AVGO,2026-09-08,12:02,369.44,369.75,369.39,369.66,26721
AVGO,2026-09-08,12:03,369.7,369.75,369.59,369.75,26791
AVGO,2026-09-08,12:04,369.77,370.1995,369.7201,370.02,51954
AVGO,2026-09-08,12:05,370.02,370.03,369.65,369.8,34606
AVGO,2026-09-08,12:06,369.84,370.14,369.84,369.94,34641
AVGO,2026-09-08,12:07,369.94,369.95,369.65,369.83,69623
AVGO,2026-09-08,12:08,369.8024,370.06,369.7113,370.05,31938
AVGO,2026-09-08,12:09,370.09,370.09,369.55,369.55,46553
AVGO,2026-09-08,12:10,369.565,369.592,369.31,369.46,16051
AVGO,2026-09-08,12:11,369.385,369.409,369.12,369.1699,23733
AVGO,2026-09-08,12:12,369.145,369.315,368.725,368.79,35226
AVGO,2026-09-08,12:13,368.79,369.05,368.7,369.05,18918
AVGO,2026-09-08,12:14,369.1071,369.3,368.8201,368.96,22942
AVGO,2026-09-08,12:15,368.93,368.99,368.42,368.5,27644
AVGO,2026-09-08,12:16,368.51,368.59,368.3,368.39,38506
AVGO,2026-09-08,12:17,368.4,368.47,368.23,368.4253,26795
AVGO,2026-09-08,12:18,368.5,368.58,368.37,368.43,22065
AVGO,2026-09-08,12:19,368.415,368.42,368.17,368.185,27757
AVGO,2026-09-08,12:20,368.15,368.17,367.81,367.94,62504
AVGO,2026-09-08,12:21,367.905,368.14,367.8695,367.91,23772
AVGO,2026-09-08,12:22,367.945,368.03,367.85,367.87,21742
AVGO,2026-09-08,12:23,367.85,367.94,367.68,367.94,28865
AVGO,2026-09-08,12:24,367.95,367.97,367.76,367.87,32474
AVGO,2026-09-08,12:25,367.91,368.115,367.8657,368.115,26057
AVGO,2026-09-08,12:26,368.09,368.23,367.8201,367.8799,44204
AVGO,2026-09-08,12:27,367.83,367.83,367.45,367.49,42848
AVGO,2026-09-08,12:28,367.485,367.73,367.33,367.6932,29882
AVGO,2026-09-08,12:29,367.67,367.8,367.49,367.71,30990
AVGO,2026-09-08,12:30,367.7137,367.73,367.34,367.38,33398
AVGO,2026-09-08,12:31,367.44,367.54,366.85,366.8901,50462
AVGO,2026-09-08,12:32,366.92,367.06,366.8,366.965,29279
AVGO,2026-09-08,12:33,366.96,367.04,366.775,366.9391,30145
AVGO,2026-09-08,12:34,366.9384,366.9384,366.565,366.59,34097
AVGO,2026-09-08,12:35,366.57,366.8999,366.32,366.7,32225
AVGO,2026-09-08,12:36,366.77,366.872,366.615,366.8172,41147
AVGO,2026-09-08,12:37,366.76,366.785,366.6222,366.66,16948
AVGO,2026-09-08,12:38,366.7,366.92,366.615,366.87,28821
AVGO,2026-09-08,12:39,366.87,366.97,366.72,366.77,18721
AVGO,2026-09-08,12:40,366.8099,366.84,366.6859,366.6859,27745
AVGO,2026-09-08,12:41,366.7393,366.87,366.65,366.705,70265
AVGO,2026-09-08,12:42,366.68,366.68,366.37,366.425,28812
AVGO,2026-09-08,12:43,366.415,366.43,366.0813,366.31,46955
AVGO,2026-09-08,12:44,366.32,366.3399,365.65,365.66,67872
AVGO,2026-09-08,12:45,365.695,365.8,365.52,365.74,34698
AVGO,2026-09-08,12:46,365.745,366.095,365.745,366.095,23124
AVGO,2026-09-08,12:47,366.095,366.46,366.05,366.3701,27482
AVGO,2026-09-08,12:48,366.395,366.77,366.35,366.47,49800
AVGO,2026-09-08,12:49,366.4993,366.4999,366.2453,366.36,34410
AVGO,2026-09-08,12:50,366.36,366.625,366.26,366.6119,36178
AVGO,2026-09-08,12:51,366.59,366.6119,366.33,366.35,30425
AVGO,2026-09-08,12:52,366.325,366.5,366.3001,366.3466,23864
AVGO,2026-09-08,12:53,366.38,366.53,366.3213,366.5074,30717
AVGO,2026-09-08,12:54,366.52,366.72,366.52,366.7,29171
AVGO,2026-09-08,12:55,366.63,366.72,366.29,366.465,31136
AVGO,2026-09-08,12:56,366.47,366.47,365.845,366.12,53966
AVGO,2026-09-08,12:57,366.11,366.18,365.9501,366.08,62102
AVGO,2026-09-08,12:58,366.08,366.215,365.88,365.915,23389
AVGO,2026-09-08,12:59,365.9275,366.18,365.77,366.15,39129
AVGO,2026-09-08,13:00,366.15,366.54,366.13,366.54,20163
AVGO,2026-09-08,13:01,366.51,366.78,366.435,366.77,33651
AVGO,2026-09-08,13:02,366.735,366.77,366.41,366.5114,34130
AVGO,2026-09-08,13:03,366.512,366.6,366.43,366.55,28969
AVGO,2026-09-08,13:04,366.545,366.58,366.35,366.445,19805
AVGO,2026-09-08,13:05,366.445,366.6,366.33,366.55,21040
AVGO,2026-09-08,13:06,366.5575,366.64,366.38,366.59,28090
AVGO,2026-09-08,13:07,366.64,366.67,366.48,366.515,27719
AVGO,2026-09-08,13:08,366.53,366.77,366.47,366.65,27409
AVGO,2026-09-08,13:09,366.63,366.67,366.48,366.53,19854
AVGO,2026-09-08,13:10,366.525,366.78,366.49,366.6899,21529
AVGO,2026-09-08,13:11,366.655,366.69,366.5005,366.62,18039
AVGO,2026-09-08,13:12,366.66,366.97,366.65,366.84,30564
AVGO,2026-09-08,13:13,366.83,367.1,366.8,367.035,44805
AVGO,2026-09-08,13:14,367.045,367.17,367.045,367.12,34133
AVGO,2026-09-08,13:15,367.125,367.19,366.975,367.0601,28693
AVGO,2026-09-08,13:16,367.12,367.1633,366.87,366.89,27614
AVGO,2026-09-08,13:17,366.89,367.13,366.88,366.935,43923
AVGO,2026-09-08,13:18,366.93,366.95,366.85,366.9,19295
AVGO,2026-09-08,13:19,366.8925,367.38,366.8,367.315,44491
AVGO,2026-09-08,13:20,367.3284,367.3284,367.08,367.235,39005
AVGO,2026-09-08,13:21,367.225,367.32,367.16,367.23,21282
AVGO,2026-09-08,13:22,367.215,367.2342,366.94,367.11,34143
AVGO,2026-09-08,13:23,367.07,367.33,367.07,367.2151,20570
AVGO,2026-09-08,13:24,367.24,367.245,366.8337,366.8337,56834
AVGO,2026-09-08,13:25,366.87,366.9199,366.46,366.635,30865
AVGO,2026-09-08,13:26,366.635,366.72,366.555,366.66,36313
AVGO,2026-09-08,13:27,366.662,366.755,366.57,366.7,18221
AVGO,2026-09-08,13:28,366.705,366.945,366.67,366.94,18218
AVGO,2026-09-08,13:29,366.95,367.46,366.8758,367.16,63241
AVGO,2026-09-08,13:30,367.16,367.27,366.925,366.925,25745
AVGO,2026-09-08,13:31,366.93,367.2466,366.82,367.2466,18910
AVGO,2026-09-08,13:32,367.225,367.63,367.18,367.63,24539
AVGO,2026-09-08,13:33,367.62,367.62,367.37,367.45,32098
AVGO,2026-09-08,13:34,367.48,367.48,367.285,367.345,15173
AVGO,2026-09-08,13:35,367.345,367.38,367.045,367.11,24671
AVGO,2026-09-08,13:36,367.105,367.55,367.1003,367.515,30488
AVGO,2026-09-08,13:37,367.45,367.5,367.35,367.41,23496
AVGO,2026-09-08,13:38,367.4,367.67,367.39,367.43,55345
AVGO,2026-09-08,13:39,367.43,367.49,367.245,367.3,42612
AVGO,2026-09-08,13:40,367.3,367.33,367.06,367.255,26773
AVGO,2026-09-08,13:41,367.225,367.25,367.08,367.14,29357
AVGO,2026-09-08,13:42,367.11,367.2,366.95,367.005,30798
AVGO,2026-09-08,13:43,367.03,367.21,366.9701,367.1,23587
AVGO,2026-09-08,13:44,367.07,367.11,366.9,367.09,30401
AVGO,2026-09-08,13:45,367.005,367.135,366.95,367.09,37276
AVGO,2026-09-08,13:46,367.055,367.17,367,367.07,22546
AVGO,2026-09-08,13:47,367.07,367.1998,366.98,367.08,29056
AVGO,2026-09-08,13:48,367.125,367.61,367.0801,367.5,85821
AVGO,2026-09-08,13:49,367.518,367.518,367.29,367.377,30124
AVGO,2026-09-08,13:50,367.365,367.55,367.215,367.335,23164
AVGO,2026-09-08,13:51,367.38,367.38,367.01,367.16,20362
AVGO,2026-09-08,13:52,367.17,367.36,367.155,367.215,18995
AVGO,2026-09-08,13:53,367.25,367.47,367.16,367.47,17174
AVGO,2026-09-08,13:54,367.405,367.47,367.25,367.25,16912
AVGO,2026-09-08,13:55,367.28,368.26,367.215,368.14,81249
AVGO,2026-09-08,13:56,368.17,368.28,367.99,368.06,35208
AVGO,2026-09-08,13:57,368.045,368.39,367.96,368.35,28475
AVGO,2026-09-08,13:58,368.355,368.4015,368.202,368.24,37353
AVGO,2026-09-08,13:59,368.2232,368.56,368.17,368.45,26826
AVGO,2026-09-08,14:00,368.4787,368.69,368.22,368.3731,34604
AVGO,2026-09-08,14:01,368.37,368.725,368.37,368.61,27674
AVGO,2026-09-08,14:02,368.63,368.85,368.6096,368.78,35787
AVGO,2026-09-08,14:03,368.78,369.05,368.69,368.87,30995
AVGO,2026-09-08,14:04,368.89,369.17,368.88,369.1,30993
AVGO,2026-09-08,14:05,369.0401,369.4,368.88,368.9447,43996
AVGO,2026-09-08,14:06,368.97,369.12,368.8501,368.95,26078
AVGO,2026-09-08,14:07,368.945,369.015,368.7681,368.78,17232
AVGO,2026-09-08,14:08,368.78,368.8883,368.7757,368.82,19957
AVGO,2026-09-08,14:09,368.83,368.88,368.71,368.7865,19317
AVGO,2026-09-08,14:10,368.74,368.88,368.7355,368.88,13382
AVGO,2026-09-08,14:11,368.87,369.15,368.85,369.075,25802
AVGO,2026-09-08,14:12,369.0999,369.22,369.0423,369.0423,64739
AVGO,2026-09-08,14:13,369.025,369.1029,368.82,368.82,19170
AVGO,2026-09-08,14:14,368.82,368.89,368.63,368.805,19398
AVGO,2026-09-08,14:15,368.84,368.97,368.789,368.89,24346
AVGO,2026-09-08,14:16,368.91,369.12,368.88,368.904,25064
AVGO,2026-09-08,14:17,368.88,368.96,368.8375,368.91,18417
AVGO,2026-09-08,14:18,368.88,368.89,368.7701,368.7701,16353
AVGO,2026-09-08,14:19,368.77,368.87,368.65,368.67,25034
AVGO,2026-09-08,14:20,368.73,369.0012,368.62,368.97,49573
AVGO,2026-09-08,14:21,368.965,369.37,368.965,369.25,26691
AVGO,2026-09-08,14:22,369.28,369.4,369.05,369.1099,42705
AVGO,2026-09-08,14:23,369.09,369.2042,369.0753,369.17,20840
AVGO,2026-09-08,14:24,369.185,369.3199,369,369.115,45495
AVGO,2026-09-08,14:25,369.0755,369.35,369.0017,369.3499,40072
AVGO,2026-09-08,14:26,369.29,369.47,369.23,369.46,47056
AVGO,2026-09-08,14:27,369.43,369.53,369.43,369.44,42396
AVGO,2026-09-08,14:28,369.462,369.47,369.24,369.35,19079
AVGO,2026-09-08,14:29,369.335,369.37,369.215,369.275,19116
AVGO,2026-09-08,14:30,369.26,369.36,369.23,369.28,20490
AVGO,2026-09-08,14:31,369.27,369.375,369.0601,369.07,22569
AVGO,2026-09-08,14:32,369.085,369.5631,369.06,369.54,16148
AVGO,2026-09-08,14:33,369.5,369.65,369.45,369.52,29086
AVGO,2026-09-08,14:34,369.54,369.64,369.18,369.245,26412
AVGO,2026-09-08,14:35,369.155,369.46,369.09,369.355,23655
AVGO,2026-09-08,14:36,369.42,369.6,369.2,369.29,57209
AVGO,2026-09-08,14:37,369.37,369.57,369.13,369.525,18572
AVGO,2026-09-08,14:38,369.45,369.67,369.27,369.27,18075
AVGO,2026-09-08,14:39,369.27,369.27,369.011,369.21,18945
AVGO,2026-09-08,14:40,369.21,369.21,369.05,369.145,15046
AVGO,2026-09-08,14:41,369.145,369.35,369.12,369.12,23948
AVGO,2026-09-08,14:42,369.13,369.21,368.95,369.08,25995
AVGO,2026-09-08,14:43,369.09,369.26,369.08,369.25,19197
AVGO,2026-09-08,14:44,369.2342,369.3,369.14,369.15,15212
AVGO,2026-09-08,14:45,369.19,369.25,369.13,369.145,20746
AVGO,2026-09-08,14:46,369.14,369.56,369.14,369.5,27318
AVGO,2026-09-08,14:47,369.54,369.54,368.87,368.91,53490
AVGO,2026-09-08,14:48,368.96,368.96,368.28,368.34,37514
AVGO,2026-09-08,14:49,368.3251,368.9,368.07,368.773,46601
AVGO,2026-09-08,14:50,368.77,369.04,368.77,368.92,21066
AVGO,2026-09-08,14:51,368.97,369.18,368.92,368.92,45499
AVGO,2026-09-08,14:52,368.89,369.11,368.6679,368.705,30086
AVGO,2026-09-08,14:53,368.695,369.26,368.6301,369.21,23656
AVGO,2026-09-08,14:54,369.1729,369.1729,368.87,369.055,21174
AVGO,2026-09-08,14:55,368.95,369.04,368.795,368.945,26826
AVGO,2026-09-08,14:56,368.97,369.005,368.84,368.94,16581
AVGO,2026-09-08,14:57,368.955,369,368.8743,368.91,18800
AVGO,2026-09-08,14:58,368.91,369.02,368.7,368.995,26351
AVGO,2026-09-08,14:59,369,369.0819,368.94,368.98,24056
AVGO,2026-09-08,15:00,369,369.002,368.6601,368.675,26572
AVGO,2026-09-08,15:01,368.66,368.755,368.56,368.74,21058
AVGO,2026-09-08,15:02,368.72,368.74,368.48,368.6093,28423
AVGO,2026-09-08,15:03,368.62,368.71,368.33,368.3805,27342
AVGO,2026-09-08,15:04,368.4001,368.57,368.2,368.57,37592
AVGO,2026-09-08,15:05,368.53,368.63,368.48,368.535,24183
AVGO,2026-09-08,15:06,368.5,368.57,368.36,368.44,20702
AVGO,2026-09-08,15:07,368.44,368.45,368.24,368.45,20272
AVGO,2026-09-08,15:08,368.435,368.6,368.28,368.47,39616
AVGO,2026-09-08,15:09,368.45,368.51,368.35,368.395,19614
AVGO,2026-09-08,15:10,368.38,368.81,368.3781,368.66,29771
AVGO,2026-09-08,15:11,368.67,368.93,368.6588,368.8101,23697
AVGO,2026-09-08,15:12,368.86,368.96,368.77,368.92,28806
AVGO,2026-09-08,15:13,368.92,369.2131,368.9,368.92,27907
AVGO,2026-09-08,15:14,368.915,369.21,368.9,369.16,20900
AVGO,2026-09-08,15:15,369.21,369.29,369.15,369.17,23555
AVGO,2026-09-08,15:16,369.2,369.265,369.14,369.195,34641
AVGO,2026-09-08,15:17,369.18,369.29,369.1101,369.27,17947
AVGO,2026-09-08,15:18,369.2651,369.3,369.15,369.2278,26512
AVGO,2026-09-08,15:19,369.222,369.435,369.222,369.28,22228
AVGO,2026-09-08,15:20,369.28,369.44,369.16,369.32,29049
AVGO,2026-09-08,15:21,369.32,369.5,369.25,369.418,36103
AVGO,2026-09-08,15:22,369.38,369.4,369.2357,369.3,28497
AVGO,2026-09-08,15:23,369.3,369.41,369.21,369.25,30109
AVGO,2026-09-08,15:24,369.26,369.32,369,369.135,23562
AVGO,2026-09-08,15:25,369.135,369.2,368.98,369.055,35190
AVGO,2026-09-08,15:26,369.01,369.15,368.97,369.14,27131
AVGO,2026-09-08,15:27,369.17,369.37,369.11,369.27,24318
AVGO,2026-09-08,15:28,369.25,369.29,369.03,369.075,21838
AVGO,2026-09-08,15:29,369.07,369.225,368.985,369.025,29046
AVGO,2026-09-08,15:30,369.0178,369.0178,368.47,368.685,48738
AVGO,2026-09-08,15:31,368.67,368.87,368.6,368.78,38792
AVGO,2026-09-08,15:32,368.76,368.9099,368.67,368.71,24007
AVGO,2026-09-08,15:33,368.6701,368.74,368.43,368.6321,30137
AVGO,2026-09-08,15:34,368.65,368.72,368.59,368.62,25090
AVGO,2026-09-08,15:35,368.64,368.645,368.25,368.275,27135
AVGO,2026-09-08,15:36,368.275,368.275,367.79,367.815,53389
AVGO,2026-09-08,15:37,367.79,367.99,367.76,367.97,44487
AVGO,2026-09-08,15:38,367.97,367.98,367.81,367.875,40458
AVGO,2026-09-08,15:39,367.875,368,367.74,367.94,27606
AVGO,2026-09-08,15:40,367.92,367.93,367.7425,367.78,39484
AVGO,2026-09-08,15:41,367.8,368.01,367.73,368.01,44676
AVGO,2026-09-08,15:42,367.9701,367.978,367.62,367.71,33381
AVGO,2026-09-08,15:43,367.73,367.96,367.66,367.75,35517
AVGO,2026-09-08,15:44,367.76,368.19,367.7551,368.1141,42763
AVGO,2026-09-08,15:45,368.16,368.4,367.82,367.85,48118
AVGO,2026-09-08,15:46,367.855,367.965,367.68,367.6801,44900
AVGO,2026-09-08,15:47,367.71,367.98,367.64,367.64,29889
AVGO,2026-09-08,15:48,367.68,367.77,367.3001,367.705,52368
AVGO,2026-09-08,15:49,367.705,368,367.6901,367.91,42877
AVGO,2026-09-08,15:50,367.92,368.03,367.51,367.705,54618
AVGO,2026-09-08,15:51,367.74,367.935,367.61,367.645,57134
AVGO,2026-09-08,15:52,367.61,367.67,367.43,367.5,52902
AVGO,2026-09-08,15:53,367.47,367.5199,367.05,367.47,84604
AVGO,2026-09-08,15:54,367.42,367.46,366.4,366.69,150983
AVGO,2026-09-08,15:55,366.69,367.73,366.63,367.5,147593
AVGO,2026-09-08,15:56,367.485,367.81,367.4,367.81,126140
AVGO,2026-09-08,15:57,367.81,368.06,367.78,367.95,160062
AVGO,2026-09-08,15:58,367.965,368.02,367.87,367.94,174936
AVGO,2026-09-08,15:59,367.945,368.75,367.9,368.43,462031
AVGO,2026-09-08,16:00,368.56,368.56,368.56,368.56,0
AVGO,2026-09-09,09:30,366.47,368.01,365.7,367.17,1028298
AVGO,2026-09-09,09:31,366.95,367.04,364.4205,364.52,160677
AVGO,2026-09-09,09:32,364.52,364.76,363.2501,363.61,131401
AVGO,2026-09-09,09:33,363.66,364.35,362.99,363.515,102782
AVGO,2026-09-09,09:34,363.515,364.73,363.5,364.48,68196
AVGO,2026-09-09,09:35,364.615,365.76,364.35,365.3136,84123
AVGO,2026-09-09,09:36,365.23,365.67,364.81,365.06,53395
AVGO,2026-09-09,09:37,365.11,365.4,364.69,364.895,43708
AVGO,2026-09-09,09:38,365,365.2,364.78,364.88,28256
AVGO,2026-09-09,09:39,364.76,364.8175,363.8,364.115,46965
AVGO,2026-09-09,09:40,364.115,364.525,363.135,363.225,68320
AVGO,2026-09-09,09:41,363.205,363.4,362.4069,362.7,121490
AVGO,2026-09-09,09:42,362.5523,363.27,362.55,362.9702,57990
AVGO,2026-09-09,09:43,362.99,363.15,362.55,362.72,67350
AVGO,2026-09-09,09:44,362.675,363.03,362.46,362.665,72925
AVGO,2026-09-09,09:45,362.665,363,362.44,362.7504,69844
AVGO,2026-09-09,09:46,362.71,362.79,361.28,361.745,132217
AVGO,2026-09-09,09:47,361.76,362.11,361.38,361.74,109657
AVGO,2026-09-09,09:48,361.745,362.1299,361.3,361.8,70850
AVGO,2026-09-09,09:49,361.8,362.56,361.765,362.16,70769
AVGO,2026-09-09,09:50,362.21,362.29,361.97,362.125,53248
AVGO,2026-09-09,09:51,362.07,362.16,361.81,362.025,49912
AVGO,2026-09-09,09:52,362.06,362.62,362.06,362.58,30551
AVGO,2026-09-09,09:53,362.57,362.7,362.215,362.2968,44286
AVGO,2026-09-09,09:54,362.295,362.81,362.16,362.76,38489
AVGO,2026-09-09,09:55,362.7999,362.95,362.67,362.895,36448
AVGO,2026-09-09,09:56,362.87,363.0938,362.78,362.8075,43818
AVGO,2026-09-09,09:57,362.75,362.775,362.2801,362.2801,116545
AVGO,2026-09-09,09:58,362.28,362.67,362.12,362.57,66743
AVGO,2026-09-09,09:59,362.4918,362.67,362.11,362.195,85622
AVGO,2026-09-09,10:00,362.28,362.63,362.2,362.63,78282
AVGO,2026-09-09,10:01,362.63,362.64,362.21,362.265,51348
AVGO,2026-09-09,10:02,362.23,362.4399,361.93,362.19,90180
AVGO,2026-09-09,10:03,362.115,362.56,362.03,362.362,38711
AVGO,2026-09-09,10:04,362.41,362.5574,362.22,362.39,33347
AVGO,2026-09-09,10:05,362.39,362.39,361.86,362.165,62088
AVGO,2026-09-09,10:06,362.165,362.59,362.105,362.59,49019
AVGO,2026-09-09,10:07,362.575,362.74,362.415,362.675,90707
AVGO,2026-09-09,10:08,362.69,363.329,362.62,363.155,82811
AVGO,2026-09-09,10:09,363.13,363.65,362.9,363.445,133518
AVGO,2026-09-09,10:10,363.445,363.65,363.0922,363.27,65204
AVGO,2026-09-09,10:11,363.265,363.3,362.66,362.785,62507
AVGO,2026-09-09,10:12,362.78,363.53,362.695,363.405,62408
AVGO,2026-09-09,10:13,363.46,363.85,363.46,363.78,40146
AVGO,2026-09-09,10:14,363.805,363.8379,363.15,363.3168,39112
AVGO,2026-09-09,10:15,363.3,363.3,361.95,362.22,76070
AVGO,2026-09-09,10:16,362.22,362.44,361.765,361.765,71168
AVGO,2026-09-09,10:17,361.7408,362.24,361.7408,362.215,36081
AVGO,2026-09-09,10:18,362.23,362.25,361.7001,362.08,46935
AVGO,2026-09-09,10:19,362.07,362.15,361.77,362.065,55108
AVGO,2026-09-09,10:20,362.075,362.175,361.7,361.77,52307
AVGO,2026-09-09,10:21,361.71,361.935,361.46,361.83,59840
AVGO,2026-09-09,10:22,361.83,361.92,361.5875,361.885,31201
AVGO,2026-09-09,10:23,361.885,362.1,361.825,361.84,52042
AVGO,2026-09-09,10:24,361.87,362.404,361.87,362,41384
AVGO,2026-09-09,10:25,362.01,362.34,361.96,362.205,36591
AVGO,2026-09-09,10:26,362.18,362.23,361.935,361.935,35738
AVGO,2026-09-09,10:27,361.935,362.17,361.75,362.13,31099
AVGO,2026-09-09,10:28,362.13,363.11,362.13,363.035,59621
AVGO,2026-09-09,10:29,363.08,363.3,362.99,363.175,37119
AVGO,2026-09-09,10:30,363.175,363.25,362.96,362.968,23825
AVGO,2026-09-09,10:31,362.96,363.175,362.95,363.01,20519
AVGO,2026-09-09,10:32,363.01,363.8,363.01,363.605,37817
AVGO,2026-09-09,10:33,363.56,363.76,363.555,363.63,34972
AVGO,2026-09-09,10:34,363.595,363.602,363.35,363.44,33434
AVGO,2026-09-09,10:35,363.4453,363.5,363.27,363.31,19879
AVGO,2026-09-09,10:36,363.4,363.75,363.33,363.3929,35707
AVGO,2026-09-09,10:37,363.415,363.48,362.97,363.275,31711
AVGO,2026-09-09,10:38,363.275,363.275,362.58,362.855,71407
AVGO,2026-09-09,10:39,362.815,363.655,362.815,363.655,61077
AVGO,2026-09-09,10:40,363.63,363.9,363.59,363.76,37877
AVGO,2026-09-09,10:41,363.72,363.78,363.54,363.75,23072
AVGO,2026-09-09,10:42,363.7001,363.91,363.54,363.8,26476
AVGO,2026-09-09,10:43,363.775,363.87,363.565,363.8,31965
AVGO,2026-09-09,10:44,363.775,363.8999,363.57,363.7,22625
AVGO,2026-09-09,10:45,363.69,363.69,362.95,363.27,30428
AVGO,2026-09-09,10:46,363.265,363.44,363.105,363.25,17190
AVGO,2026-09-09,10:47,363.265,363.265,362.8701,363.095,23130
AVGO,2026-09-09,10:48,363.16,363.165,362.6094,362.66,35703
AVGO,2026-09-09,10:49,362.66,362.875,362.6,362.76,32250
AVGO,2026-09-09,10:50,362.755,362.825,362.43,362.4301,30144
AVGO,2026-09-09,10:51,362.43,362.68,362.25,362.52,45616
AVGO,2026-09-09,10:52,362.525,362.65,362.21,362.3901,42065
AVGO,2026-09-09,10:53,362.38,362.38,361.79,361.8431,69221
AVGO,2026-09-09,10:54,361.815,361.9,361.61,361.65,83047
AVGO,2026-09-09,10:55,361.67,362.0241,361.58,361.77,32330
AVGO,2026-09-09,10:56,361.71,362.0208,361.63,362.005,44505
AVGO,2026-09-09,10:57,361.91,362.03,361.79,362.0199,27055
AVGO,2026-09-09,10:58,361.98,362.25,361.98,362.14,32141
AVGO,2026-09-09,10:59,362.16,362.95,362.13,362.44,39029
AVGO,2026-09-09,11:00,362.62,362.9,362.295,362.62,40564
AVGO,2026-09-09,11:01,362.73,362.81,362.02,362.32,33028
AVGO,2026-09-09,11:02,362.36,362.62,362.166,362.166,12030
AVGO,2026-09-09,11:03,362.17,362.1979,361.8505,362.0422,32862
AVGO,2026-09-09,11:04,362.06,362.415,361.99,362.415,23328
AVGO,2026-09-09,11:05,362.42,362.51,362.0701,362.145,17711
AVGO,2026-09-09,11:06,362.14,362.29,362,362.2,20567
AVGO,2026-09-09,11:07,362.15,362.2,361.64,361.71,38070
AVGO,2026-09-09,11:08,361.64,361.69,361.37,361.47,70217
AVGO,2026-09-09,11:09,361.47,361.65,361.08,361.172,65061
AVGO,2026-09-09,11:10,361.15,361.4943,361.05,361.33,43474
AVGO,2026-09-09,11:11,361.3399,361.3399,360.88,360.9594,86078
AVGO,2026-09-09,11:12,360.9,360.915,360.49,360.59,65290
AVGO,2026-09-09,11:13,360.595,360.77,360.53,360.66,33706
AVGO,2026-09-09,11:14,360.66,361.07,360.66,360.9211,35633
AVGO,2026-09-09,11:15,360.9501,361.21,360.84,361.08,20131
AVGO,2026-09-09,11:16,361.06,361.11,360.7,361.09,52676
AVGO,2026-09-09,11:17,361.05,361.21,360.92,361.21,37823
AVGO,2026-09-09,11:18,361.175,361.39,361.06,361.26,29499
AVGO,2026-09-09,11:19,361.275,361.38,361.02,361.2399,29125
AVGO,2026-09-09,11:20,361.14,361.41,361.0201,361.2599,39906
AVGO,2026-09-09,11:21,361.21,361.32,360.94,361.04,41035
AVGO,2026-09-09,11:22,361.08,361.08,360.66,360.7,33691
AVGO,2026-09-09,11:23,360.74,360.74,359.98,360.19,168308
AVGO,2026-09-09,11:24,360.1,360.1,359.7022,359.795,76420
AVGO,2026-09-09,11:25,359.795,360.15,359.75,359.96,52507
AVGO,2026-09-09,11:26,359.96,360.03,359.75,359.82,45724
AVGO,2026-09-09,11:27,359.781,359.94,359.615,359.91,37719
AVGO,2026-09-09,11:28,359.88,360.25,359.82,360.06,42971
AVGO,2026-09-09,11:29,360.055,360.36,359.91,360.32,36343
AVGO,2026-09-09,11:30,360.35,360.94,360.34,360.92,49991
AVGO,2026-09-09,11:31,360.96,360.96,360.53,360.5375,45130
AVGO,2026-09-09,11:32,360.52,360.7799,360.44,360.75,35550
AVGO,2026-09-09,11:33,360.72,361.2,360.61,361.19,29142
AVGO,2026-09-09,11:34,361.22,361.28,360.95,361.07,38150
AVGO,2026-09-09,11:35,361.07,361.23,360.9,360.955,33244
AVGO,2026-09-09,11:36,360.91,361.19,360.87,361.1465,37800
AVGO,2026-09-09,11:37,361.1399,361.2,360.69,360.74,20026
AVGO,2026-09-09,11:38,360.74,360.83,360.66,360.81,18898
AVGO,2026-09-09,11:39,360.755,361.51,360.68,361.51,68514
AVGO,2026-09-09,11:40,361.49,361.59,360.985,361.165,24369
AVGO,2026-09-09,11:41,361.1705,361.22,360.83,360.9599,24598
AVGO,2026-09-09,11:42,360.925,361.1994,360.9073,361.1994,17010
AVGO,2026-09-09,11:43,361.16,361.4,361.13,361.375,23835
AVGO,2026-09-09,11:44,361.375,361.375,361.1801,361.28,14273
AVGO,2026-09-09,11:45,361.2606,361.5399,361.225,361.51,26878
AVGO,2026-09-09,11:46,361.505,361.55,361.36,361.425,17841
AVGO,2026-09-09,11:47,361.4,361.7,361.35,361.61,19851
AVGO,2026-09-09,11:48,361.59,361.76,361.43,361.46,36813
AVGO,2026-09-09,11:49,361.46,361.85,361.405,361.795,59118
AVGO,2026-09-09,11:50,361.82,362.15,361.81,362.01,36952
AVGO,2026-09-09,11:51,362.06,362.23,362.02,362.135,70652
AVGO,2026-09-09,11:52,362.12,362.13,361.58,361.66,31985
AVGO,2026-09-09,11:53,361.63,361.8,361.58,361.59,23169
AVGO,2026-09-09,11:54,361.575,361.77,361.44,361.45,25635
AVGO,2026-09-09,11:55,361.46,361.46,360.8,360.8,24444
AVGO,2026-09-09,11:56,360.81,360.9,360.7,360.84,24944
AVGO,2026-09-09,11:57,360.87,360.87,360.5,360.55,19997
AVGO,2026-09-09,11:58,360.55,360.9,360.55,360.838,19203
AVGO,2026-09-09,11:59,360.9,361.16,360.875,360.905,42365
AVGO,2026-09-09,12:00,360.92,360.98,360.7,360.74,16444
AVGO,2026-09-09,12:01,360.7699,360.8586,360.65,360.7962,15226
AVGO,2026-09-09,12:02,360.82,360.83,360.69,360.75,19181
AVGO,2026-09-09,12:03,360.76,360.76,360.59,360.59,26232
AVGO,2026-09-09,12:04,360.56,360.76,360.52,360.57,29958
AVGO,2026-09-09,12:05,360.61,360.76,360.565,360.76,12549
AVGO,2026-09-09,12:06,360.74,360.83,360.64,360.66,17166
AVGO,2026-09-09,12:07,360.68,360.75,360.48,360.49,19073
AVGO,2026-09-09,12:08,360.4999,360.6,360.3601,360.4301,25794
AVGO,2026-09-09,12:09,360.495,360.69,360.4,360.4,32550
AVGO,2026-09-09,12:10,360.36,360.64,360.3354,360.605,21584
AVGO,2026-09-09,12:11,360.6,360.69,360.285,360.285,28046
AVGO,2026-09-09,12:12,360.2851,360.435,360.21,360.29,34519
AVGO,2026-09-09,12:13,360.31,360.3399,359.87,359.93,120558
AVGO,2026-09-09,12:14,359.95,360.1,359.6,359.675,60088
AVGO,2026-09-09,12:15,359.6843,359.805,359.58,359.63,35499
AVGO,2026-09-09,12:16,359.635,359.7499,359.48,359.55,52336
AVGO,2026-09-09,12:17,359.58,359.8599,359.5,359.5,37132
AVGO,2026-09-09,12:18,359.5675,359.68,359.5675,359.58,28128
AVGO,2026-09-09,12:19,359.57,359.74,359.56,359.74,28893
AVGO,2026-09-09,12:20,359.73,359.73,359.59,359.65,27997
AVGO,2026-09-09,12:21,359.65,359.72,359.46,359.7099,40092
AVGO,2026-09-09,12:22,359.645,359.71,359.6001,359.71,21286
AVGO,2026-09-09,12:23,359.71,359.79,359.67,359.78,31245
AVGO,2026-09-09,12:24,359.76,359.82,359.67,359.715,26138
AVGO,2026-09-09,12:25,359.765,359.81,359.46,359.47,36400
AVGO,2026-09-09,12:26,359.49,359.49,359.25,359.35,57106
AVGO,2026-09-09,12:27,359.345,359.58,359.345,359.5362,47846
AVGO,2026-09-09,12:28,359.55,359.625,359.48,359.5262,37887
AVGO,2026-09-09,12:29,359.535,359.865,359.41,359.865,42134
AVGO,2026-09-09,12:30,359.89,360.03,359.69,359.815,86402
AVGO,2026-09-09,12:31,359.845,360.34,359.845,360.285,104735
AVGO,2026-09-09,12:32,360.285,360.32,360.06,360.29,62397
AVGO,2026-09-09,12:33,360.265,360.365,360.18,360.27,23050
AVGO,2026-09-09,12:34,360.32,360.48,360.29,360.39,26173
AVGO,2026-09-09,12:35,360.39,360.4043,360.2001,360.315,13664
AVGO,2026-09-09,12:36,360.315,360.5,360.28,360.49,36987
AVGO,2026-09-09,12:37,360.49,360.5199,360.41,360.46,26916
AVGO,2026-09-09,12:38,360.485,360.65,360.46,360.6299,29307
AVGO,2026-09-09,12:39,360.62,360.72,360.6,360.71,20684
AVGO,2026-09-09,12:40,360.68,361.13,360.65,361.1,49050
AVGO,2026-09-09,12:41,361.13,361.23,361.0201,361.1906,27141
AVGO,2026-09-09,12:42,361.19,361.3,361.1501,361.255,18472
AVGO,2026-09-09,12:43,361.255,361.31,361.08,361.31,28525
AVGO,2026-09-09,12:44,361.27,361.43,361.27,361.305,17961
AVGO,2026-09-09,12:45,361.33,361.36,361.2,361.225,19293
AVGO,2026-09-09,12:46,361.2,361.42,361.06,361.415,17441
AVGO,2026-09-09,12:47,361.41,361.41,361.18,361.32,16152
AVGO,2026-09-09,12:48,361.31,361.42,361.195,361.235,17547
AVGO,2026-09-09,12:49,361.235,361.34,361.2001,361.28,15434
AVGO,2026-09-09,12:50,361.309,362.24,361.28,362.115,37965
AVGO,2026-09-09,12:51,362.15,362.21,362.0601,362.1,23915
AVGO,2026-09-09,12:52,362.095,362.24,362.045,362.2125,23521
AVGO,2026-09-09,12:53,362.2125,362.269,362.13,362.19,20439
AVGO,2026-09-09,12:54,362.14,362.31,362.13,362.16,29265
AVGO,2026-09-09,12:55,362.1,362.28,362.07,362.175,19598
AVGO,2026-09-09,12:56,362.158,362.27,362.06,362.2,15700
AVGO,2026-09-09,12:57,362.18,362.34,362.11,362.175,22068
AVGO,2026-09-09,12:58,362.175,362.21,362.1142,362.145,21258
AVGO,2026-09-09,12:59,362.16,362.23,362.08,362.13,20922
AVGO,2026-09-09,13:00,362.13,362.27,362.06,362.225,22899
AVGO,2026-09-09,13:01,362.225,362.3299,362.18,362.28,14866
AVGO,2026-09-09,13:02,362.27,362.75,362.16,362.75,59571
AVGO,2026-09-09,13:03,362.75,362.87,362.72,362.8,24382
AVGO,2026-09-09,13:04,362.785,362.87,362.64,362.6401,21377
AVGO,2026-09-09,13:05,362.7,362.99,362.68,362.99,24185
AVGO,2026-09-09,13:06,363,363.07,362.77,362.77,45088
AVGO,2026-09-09,13:07,362.835,362.97,362.785,362.84,17617
AVGO,2026-09-09,13:08,362.84,362.96,362.8,362.94,16789
AVGO,2026-09-09,13:09,362.9478,362.97,362.84,362.915,16336
AVGO,2026-09-09,13:10,362.89,362.95,362.7201,362.915,21199
AVGO,2026-09-09,13:11,362.915,363,362.86,362.9599,43499
AVGO,2026-09-09,13:12,362.945,363.03,362.88,362.9001,18462
AVGO,2026-09-09,13:13,362.9,363.2619,362.89,363.215,42040
AVGO,2026-09-09,13:14,363.215,363.39,363.15,363.2,32863
AVGO,2026-09-09,13:15,363.1201,363.3104,363.05,363.23,20498
AVGO,2026-09-09,13:16,363.2001,363.26,363.07,363.15,13839
AVGO,2026-09-09,13:17,363.18,363.35,363.11,363.295,15990
AVGO,2026-09-09,13:18,363.295,364.02,363.255,363.87,162855
AVGO,2026-09-09,13:19,363.83,363.92,363.78,363.85,42045
AVGO,2026-09-09,13:20,363.85,364,363.82,363.955,30733
AVGO,2026-09-09,13:21,363.965,364.15,363.89,364.03,36532
AVGO,2026-09-09,13:22,364.063,364.12,363.94,364.055,28316
AVGO,2026-09-09,13:23,364.055,364.09,363.4401,363.69,81129
AVGO,2026-09-09,13:24,363.74,363.82,363.46,363.64,15001
AVGO,2026-09-09,13:25,363.65,363.6818,363.4101,363.5325,27137
AVGO,2026-09-09,13:26,363.56,363.6,363.46,363.4601,14566
AVGO,2026-09-09,13:27,363.49,363.75,363.49,363.73,22355
AVGO,2026-09-09,13:28,363.73,363.975,363.66,363.86,30900
AVGO,2026-09-09,13:29,363.8604,364.06,363.835,364.05,22982
AVGO,2026-09-09,13:30,364,364.2497,363.96,364.14,38932
AVGO,2026-09-09,13:31,364.13,364.15,363.7,363.8,40525
AVGO,2026-09-09,13:32,363.83,363.9493,363.83,363.9,13920
AVGO,2026-09-09,13:33,363.9,364,363.85,363.955,26023
AVGO,2026-09-09,13:34,363.99,364.685,363.97,364.45,76676
AVGO,2026-09-09,13:35,364.48,364.61,364.45,364.55,29079
AVGO,2026-09-09,13:36,364.545,364.6,364.29,364.42,40800
AVGO,2026-09-09,13:37,364.34,364.51,364.3078,364.49,21274
AVGO,2026-09-09,13:38,364.48,364.48,364.3638,364.41,26461
AVGO,2026-09-09,13:39,364.425,364.655,364.41,364.56,27614
AVGO,2026-09-09,13:40,364.55,364.64,364.51,364.6399,29877
AVGO,2026-09-09,13:41,364.605,364.605,364.27,364.3313,17604
AVGO,2026-09-09,13:42,364.36,364.45,364.09,364.19,25148
AVGO,2026-09-09,13:43,364.185,364.22,364.07,364.12,13845
AVGO,2026-09-09,13:44,364.14,364.3,364.12,364.25,19732
AVGO,2026-09-09,13:45,364.27,364.51,364.27,364.395,19154
AVGO,2026-09-09,13:46,364.41,364.63,364.3951,364.565,12920
AVGO,2026-09-09,13:47,364.5721,364.59,364.42,364.465,14511
AVGO,2026-09-09,13:48,364.465,364.5,364.2105,364.275,15729
AVGO,2026-09-09,13:49,364.27,364.39,364.24,364.37,18610
AVGO,2026-09-09,13:50,364.37,364.48,364.32,364.48,13477
AVGO,2026-09-09,13:51,364.445,364.55,364.41,364.49,26494
AVGO,2026-09-09,13:52,364.485,364.58,364.47,364.52,14649
AVGO,2026-09-09,13:53,364.5388,364.69,364.45,364.67,18541
AVGO,2026-09-09,13:54,364.67,364.67,364.52,364.55,13060
AVGO,2026-09-09,13:55,364.541,364.61,364.4775,364.59,12145
AVGO,2026-09-09,13:56,364.57,364.61,364.49,364.505,12566
AVGO,2026-09-09,13:57,364.535,364.56,364.2501,364.36,20810
AVGO,2026-09-09,13:58,364.37,364.53,364.3401,364.39,21021
AVGO,2026-09-09,13:59,364.39,364.46,364.2328,364.27,21210
AVGO,2026-09-09,14:00,364.22,364.44,364.21,364.41,25795
AVGO,2026-09-09,14:01,364.4294,364.62,364.41,364.605,20673
AVGO,2026-09-09,14:02,364.605,364.82,364.58,364.755,22681
AVGO,2026-09-09,14:03,364.82,365.3,364.8,365.29,55792
AVGO,2026-09-09,14:04,365.255,365.35,365.04,365.095,27475
AVGO,2026-09-09,14:05,365.095,365.22,364.93,365.0091,37206
AVGO,2026-09-09,14:06,365.02,365.1206,365.01,365.063,13823
AVGO,2026-09-09,14:07,365.06,365.07,364.85,364.965,15711
AVGO,2026-09-09,14:08,364.93,364.95,364.63,364.675,16163
AVGO,2026-09-09,14:09,364.675,364.77,364.53,364.61,25711
AVGO,2026-09-09,14:10,364.615,364.6356,364.5201,364.6,9182
AVGO,2026-09-09,14:11,364.625,364.7399,364.45,364.495,15000
AVGO,2026-09-09,14:12,364.505,364.74,364.44,364.55,34792
AVGO,2026-09-09,14:13,364.565,364.615,364.47,364.5,18773
AVGO,2026-09-09,14:14,364.48,364.52,364.16,364.22,24213
AVGO,2026-09-09,14:15,364.27,364.34,364.22,364.29,21143
AVGO,2026-09-09,14:16,364.28,364.32,364.19,364.29,12810
AVGO,2026-09-09,14:17,364.29,364.47,364.28,364.47,21337
AVGO,2026-09-09,14:18,364.48,364.513,364.38,364.495,14757
AVGO,2026-09-09,14:19,364.4805,364.4805,364.28,364.375,16069
AVGO,2026-09-09,14:20,364.369,364.3799,364.2227,364.36,20149
AVGO,2026-09-09,14:21,364.35,364.41,364.052,364.09,27401
AVGO,2026-09-09,14:22,364.09,364.09,363.8,363.845,34395
AVGO,2026-09-09,14:23,363.845,363.95,363.77,363.82,28435
AVGO,2026-09-09,14:24,363.79,363.86,363.74,363.7973,31233
AVGO,2026-09-09,14:25,363.79,363.9,363.75,363.75,29841
AVGO,2026-09-09,14:26,363.75,364.16,363.75,364.1034,39002
AVGO,2026-09-09,14:27,364.1,364.18,364.01,364.18,12762
AVGO,2026-09-09,14:28,364.15,364.17,363.855,363.855,18427
AVGO,2026-09-09,14:29,363.9,363.97,363.838,363.97,17834
AVGO,2026-09-09,14:30,363.975,363.98,363.75,363.91,14824
AVGO,2026-09-09,14:31,363.9,363.98,363.84,363.94,20936
AVGO,2026-09-09,14:32,363.94,363.94,363.76,363.895,10205
AVGO,2026-09-09,14:33,363.92,363.97,363.825,363.88,29144
AVGO,2026-09-09,14:34,363.9,363.9,363.45,363.53,45910
AVGO,2026-09-09,14:35,363.53,363.65,363.48,363.515,18964
AVGO,2026-09-09,14:36,363.5,363.73,363.5,363.69,13096
AVGO,2026-09-09,14:37,363.685,363.73,363.64,363.67,21689
AVGO,2026-09-09,14:38,363.65,363.7099,363.55,363.67,18883
AVGO,2026-09-09,14:39,363.648,363.7565,363.64,363.75,12368
AVGO,2026-09-09,14:40,363.735,363.77,363.595,363.63,17820
AVGO,2026-09-09,14:41,363.655,363.665,363.5281,363.57,24448
AVGO,2026-09-09,14:42,363.5301,363.63,363.5,363.52,19808
AVGO,2026-09-09,14:43,363.55,363.65,363.51,363.54,30782
AVGO,2026-09-09,14:44,363.51,363.89,363.46,363.565,99471
AVGO,2026-09-09,14:45,363.58,363.7,363.58,363.655,23396
AVGO,2026-09-09,14:46,363.655,363.67,363.29,363.39,36241
AVGO,2026-09-09,14:47,363.36,363.79,363.28,363.78,22552
AVGO,2026-09-09,14:48,363.785,363.9599,363.77,363.87,55974
AVGO,2026-09-09,14:49,363.88,363.9594,363.83,363.91,24476
AVGO,2026-09-09,14:50,363.923,363.99,363.87,363.99,30296
AVGO,2026-09-09,14:51,363.975,364,363.6501,363.6501,33792
AVGO,2026-09-09,14:52,363.7,363.77,363.685,363.72,14555
AVGO,2026-09-09,14:53,363.715,363.75,363.5901,363.6701,15055
AVGO,2026-09-09,14:54,363.7101,363.755,363.62,363.635,22533
AVGO,2026-09-09,14:55,363.6201,363.74,363.61,363.74,25453
AVGO,2026-09-09,14:56,363.735,363.82,363.6501,363.68,24282
AVGO,2026-09-09,14:57,363.71,363.72,363.36,363.41,22363
AVGO,2026-09-09,14:58,363.405,363.54,363.4,363.48,30935
AVGO,2026-09-09,14:59,363.48,363.55,363.37,363.45,19555
AVGO,2026-09-09,15:00,363.48,363.6,363.44,363.6,21839
AVGO,2026-09-09,15:01,363.605,363.715,363.33,363.355,23810
AVGO,2026-09-09,15:02,363.37,363.61,363.37,363.61,16564
AVGO,2026-09-09,15:03,363.57,363.69,363.53,363.63,37981
AVGO,2026-09-09,15:04,363.62,363.64,363.44,363.615,18667
AVGO,2026-09-09,15:05,363.615,363.83,363.42,363.83,37010
AVGO,2026-09-09,15:06,363.83,363.86,363.71,363.77,1019399
AVGO,2026-09-09,15:07,363.8199,364.1896,363.77,364.095,31312
AVGO,2026-09-09,15:08,364.1499,364.2835,364.0001,364.025,26318
AVGO,2026-09-09,15:09,363.96,364.12,363.83,364.0865,25639
AVGO,2026-09-09,15:10,364.07,364.14,363.97,363.97,14681
AVGO,2026-09-09,15:11,363.95,364.0199,363.88,363.88,12918
AVGO,2026-09-09,15:12,363.87,363.88,363.6901,363.7536,23558
AVGO,2026-09-09,15:13,363.765,363.85,363.46,363.525,83409
AVGO,2026-09-09,15:14,363.52,363.57,363.255,363.5572,50389
AVGO,2026-09-09,15:15,363.54,363.8792,363.485,363.8683,23659
AVGO,2026-09-09,15:16,363.81,363.81,363.62,363.658,18500
AVGO,2026-09-09,15:17,363.67,363.67,363.55,363.66,18023
AVGO,2026-09-09,15:18,363.6519,363.84,363.6519,363.805,22102
AVGO,2026-09-09,15:19,363.82,363.9599,363.7764,363.91,25467
AVGO,2026-09-09,15:20,363.865,363.9175,363.6,363.685,27111
AVGO,2026-09-09,15:21,363.67,363.875,363.61,363.805,14532
AVGO,2026-09-09,15:22,363.8273,363.9,363.5,363.515,21411
AVGO,2026-09-09,15:23,363.53,363.7099,363.51,363.595,27158
AVGO,2026-09-09,15:24,363.64,363.64,363.46,363.47,17770
AVGO,2026-09-09,15:25,363.47,363.7806,363.45,363.74,37726
AVGO,2026-09-09,15:26,363.715,363.85,363.66,363.67,26995
AVGO,2026-09-09,15:27,363.66,363.66,363.39,363.46,32043
AVGO,2026-09-09,15:28,363.46,363.91,363.345,363.83,61651
AVGO,2026-09-09,15:29,363.8136,363.96,363.795,363.82,45205
AVGO,2026-09-09,15:30,363.82,363.89,363.71,363.825,53021
AVGO,2026-09-09,15:31,363.84,363.95,363.73,363.855,43510
AVGO,2026-09-09,15:32,363.87,363.87,363.64,363.715,50731
AVGO,2026-09-09,15:33,363.73,363.93,363.725,363.83,47768
AVGO,2026-09-09,15:34,363.86,364,363.77,363.77,58009
AVGO,2026-09-09,15:35,363.75,363.95,363.72,363.93,26795
AVGO,2026-09-09,15:36,363.96,364.03,363.78,363.88,53233
AVGO,2026-09-09,15:37,363.895,364.1,363.77,364.02,39157
AVGO,2026-09-09,15:38,364.02,364.19,363.95,364.188,54761
AVGO,2026-09-09,15:39,364.165,364.21,364.02,364.075,44776
AVGO,2026-09-09,15:40,364.09,364.1,363.94,364.055,46122
AVGO,2026-09-09,15:41,364.06,364.625,364.055,364.4,85805
AVGO,2026-09-09,15:42,364.4,364.505,364.01,364.03,112871
AVGO,2026-09-09,15:43,364.055,364.22,363.25,363.865,165405
AVGO,2026-09-09,15:44,363.88,363.88,363.07,363.835,94394
AVGO,2026-09-09,15:45,363.88,364.4,363.67,364.15,95320
AVGO,2026-09-09,15:46,364.145,364.4,364.12,364.19,43367
AVGO,2026-09-09,15:47,364.23,364.45,364.215,364.44,84016
AVGO,2026-09-09,15:48,364.42,364.46,364.2,364.21,35654
AVGO,2026-09-09,15:49,364.2149,364.31,364.0594,364.08,44933
AVGO,2026-09-09,15:50,364.1,364.2,363.82,363.95,60476
AVGO,2026-09-09,15:51,363.94,364.17,363.93,364.07,79236
AVGO,2026-09-09,15:52,364.09,364.41,364.04,364.1808,88193
AVGO,2026-09-09,15:53,364.22,364.35,364.2,364.32,94042
AVGO,2026-09-09,15:54,364.315,364.5499,364.22,364.5,164368
AVGO,2026-09-09,15:55,364.48,364.48,363.39,363.91,124280
AVGO,2026-09-09,15:56,363.905,363.98,363.41,363.43,93655
AVGO,2026-09-09,15:57,363.4399,364.075,363.37,363.945,187542
AVGO,2026-09-09,15:58,363.96,364.08,363.86,364.06,199239
AVGO,2026-09-09,15:59,364.06,364.49,363.94,364.42,393546
AVGO,2026-09-09,16:00,364.38,364.38,364.38,364.38,0
AVGO,2026-09-10,09:30,360.02,361,359.37,360.425,870836
AVGO,2026-09-10,09:31,360.47,361.7,360.46,360.87,83188
AVGO,2026-09-10,09:32,360.78,361,359.14,359.35,53563
AVGO,2026-09-10,09:33,359.325,359.46,358.38,359.06,95589
AVGO,2026-09-10,09:34,359.14,359.52,358.12,358.405,80932
AVGO,2026-09-10,09:35,358.4527,359.81,358.16,359.74,75661
AVGO,2026-09-10,09:36,359.74,360.35,359.41,359.4592,65937
AVGO,2026-09-10,09:37,359.3,360.09,359.11,359.225,52481
AVGO,2026-09-10,09:38,359.11,359.51,357.785,358.1725,79177
AVGO,2026-09-10,09:39,357.98,359.7,357.98,359.49,42938
AVGO,2026-09-10,09:40,359.5417,360.01,359.32,359.67,68686
AVGO,2026-09-10,09:41,359.56,360.05,359.52,359.8347,44122
AVGO,2026-09-10,09:42,359.8318,360.08,359.0551,359.5,40706
AVGO,2026-09-10,09:43,359.47,359.77,359.22,359.375,32015
AVGO,2026-09-10,09:44,359.32,359.455,358.57,358.665,41724
AVGO,2026-09-10,09:45,358.52,359.42,358.52,359.415,43443
AVGO,2026-09-10,09:46,359.39,359.47,358.77,359.405,75824
AVGO,2026-09-10,09:47,359.41,360.39,359.36,360.26,37271
AVGO,2026-09-10,09:48,360.18,360.55,359.7,360.04,74346
AVGO,2026-09-10,09:49,360.11,361.58,360.017,361.48,122784
AVGO,2026-09-10,09:50,361.33,361.81,361,361.41,101937
AVGO,2026-09-10,09:51,361.36,361.74,361.125,361.125,71680
AVGO,2026-09-10,09:52,361.1,361.44,361.07,361.29,25434
AVGO,2026-09-10,09:53,361.29,362.1815,361.22,361.995,46546
AVGO,2026-09-10,09:54,362,362.38,361.95,361.965,62467
AVGO,2026-09-10,09:55,361.98,362.29,361.815,362.18,65489
AVGO,2026-09-10,09:56,362.05,362.5,361.85,362.4899,54123
AVGO,2026-09-10,09:57,362.41,362.53,361.995,362.315,80145
AVGO,2026-09-10,09:58,362.22,362.41,361.3681,361.41,130694
AVGO,2026-09-10,09:59,361.36,361.65,360.8356,361.22,107387
AVGO,2026-09-10,10:00,361.15,361.53,361.03,361.22,47591
AVGO,2026-09-10,10:01,361.22,361.57,361.11,361.535,43794
AVGO,2026-09-10,10:02,361.55,362.74,361.48,362.645,54575
AVGO,2026-09-10,10:03,362.69,362.91,362.34,362.84,57452
AVGO,2026-09-10,10:04,362.88,362.88,362.055,362.26,43101
AVGO,2026-09-10,10:05,362.2,362.7,362.2,362.64,26957
AVGO,2026-09-10,10:06,362.64,362.88,362.6188,362.66,24822
AVGO,2026-09-10,10:07,362.735,362.85,362.21,362.21,37614
AVGO,2026-09-10,10:08,362.21,362.99,362.08,362.912,24965
AVGO,2026-09-10,10:09,362.87,363.14,362.54,363.1,48498
AVGO,2026-09-10,10:10,363.08,363.56,362.9402,363.2543,45585
AVGO,2026-09-10,10:11,363.295,363.4,362.06,362.31,51961
AVGO,2026-09-10,10:12,362.355,362.93,362.3528,362.9,31678
AVGO,2026-09-10,10:13,362.835,363.46,362.72,362.757,33329
AVGO,2026-09-10,10:14,362.75,362.85,362.1,362.36,61904
AVGO,2026-09-10,10:15,362.345,362.545,362.09,362.215,31363
AVGO,2026-09-10,10:16,362.16,362.56,361.9,361.96,40349
AVGO,2026-09-10,10:17,361.97,362.13,361.5755,361.68,35593
AVGO,2026-09-10,10:18,361.7584,362.14,361.71,362.05,28828
AVGO,2026-09-10,10:19,362.05,362.6324,362.007,362.565,41571
AVGO,2026-09-10,10:20,362.475,362.76,362.32,362.69,26796
AVGO,2026-09-10,10:21,362.6623,362.8,362.42,362.68,27088
AVGO,2026-09-10,10:22,362.75,362.81,362.36,362.6354,30965
AVGO,2026-09-10,10:23,362.74,362.74,362.34,362.73,36280
AVGO,2026-09-10,10:24,362.69,363.8,362.53,363.4699,94302
AVGO,2026-09-10,10:25,363.47,363.93,363.305,363.4651,56686
AVGO,2026-09-10,10:26,363.5,363.59,362.87,362.92,33864
AVGO,2026-09-10,10:27,362.92,363.2809,362.6791,362.905,26219
AVGO,2026-09-10,10:28,362.885,363.43,362.8201,363.125,37707
AVGO,2026-09-10,10:29,363.125,363.1725,362.85,363.07,19046
AVGO,2026-09-10,10:30,363.1,363.46,363.1,363.3297,28907
AVGO,2026-09-10,10:31,363.2626,363.62,363.2626,363.5,28777
AVGO,2026-09-10,10:32,363.49,363.5657,363.1653,363.2501,19137
AVGO,2026-09-10,10:33,363.29,363.62,363.1523,363.3199,28908
AVGO,2026-09-10,10:34,363.345,363.68,363.195,363.5,29577
AVGO,2026-09-10,10:35,363.5,363.96,363.4601,363.95,24608
AVGO,2026-09-10,10:36,363.96,364.25,363.88,364.16,44541
AVGO,2026-09-10,10:37,364.195,364.43,364,364.31,42333
AVGO,2026-09-10,10:38,364.38,364.49,364.15,364.36,28809
AVGO,2026-09-10,10:39,364.375,364.58,363.9534,363.9534,39528
AVGO,2026-09-10,10:40,364,364.17,363.7882,363.93,26603
AVGO,2026-09-10,10:41,363.985,364.11,363.63,363.825,30496
AVGO,2026-09-10,10:42,363.825,363.96,363.54,363.57,57953
AVGO,2026-09-10,10:43,363.57,363.6191,363.29,363.33,31013
AVGO,2026-09-10,10:44,363.4699,363.4699,363.16,363.35,23960
AVGO,2026-09-10,10:45,363.33,363.5,363.09,363.185,35602
AVGO,2026-09-10,10:46,363.155,363.43,363.06,363.26,16514
AVGO,2026-09-10,10:47,363.25,363.4699,362.73,362.805,45411
AVGO,2026-09-10,10:48,362.815,363,362.73,362.9,13585
AVGO,2026-09-10,10:49,362.8303,363.238,362.8303,363.23,22404
AVGO,2026-09-10,10:50,363.22,363.2819,362.93,363.045,15132
AVGO,2026-09-10,10:51,363.05,363.33,363.05,363.26,23722
AVGO,2026-09-10,10:52,363.31,363.37,362.9,363.31,18618
AVGO,2026-09-10,10:53,363.343,363.52,363.2,363.4087,13996
AVGO,2026-09-10,10:54,363.44,363.76,363.34,363.7,23575
AVGO,2026-09-10,10:55,363.75,363.76,363.37,363.37,14744
AVGO,2026-09-10,10:56,363.41,363.7,363.38,363.655,15197
AVGO,2026-09-10,10:57,363.655,363.85,363.5097,363.79,29832
AVGO,2026-09-10,10:58,363.85,363.9,363.61,363.64,24503
AVGO,2026-09-10,10:59,363.71,363.85,363.57,363.7,18221
AVGO,2026-09-10,11:00,363.77,364.03,363.73,363.89,36685
AVGO,2026-09-10,11:01,363.865,363.87,363.35,363.5,17904
AVGO,2026-09-10,11:02,363.51,363.525,363.2395,363.325,13716
AVGO,2026-09-10,11:03,363.325,363.74,363.16,363.74,22116
AVGO,2026-09-10,11:04,363.7,363.92,363.64,363.74,21953
AVGO,2026-09-10,11:05,363.735,364.08,363.7,364.02,27661
AVGO,2026-09-10,11:06,364,364.29,363.72,364.2799,27249
AVGO,2026-09-10,11:07,364.28,364.28,363.99,364.035,30520
AVGO,2026-09-10,11:08,364.03,364.39,363.92,364.33,19725
AVGO,2026-09-10,11:09,364.3646,364.44,364.06,364.2299,19546
AVGO,2026-09-10,11:10,364.145,364.72,364.145,364.685,32486
AVGO,2026-09-10,11:11,364.76,364.76,364.38,364.5465,34770
AVGO,2026-09-10,11:12,364.51,364.9,364.51,364.82,29240
AVGO,2026-09-10,11:13,364.83,365.2,364.525,365.0497,46492
AVGO,2026-09-10,11:14,365.0948,365.27,364.91,364.995,29963
AVGO,2026-09-10,11:15,364.9501,365.19,364.67,364.715,24211
AVGO,2026-09-10,11:16,364.65,364.8987,364.62,364.7324,21244
AVGO,2026-09-10,11:17,364.7699,364.94,364.59,364.82,27354
AVGO,2026-09-10,11:18,364.775,364.93,364.534,364.55,35788
AVGO,2026-09-10,11:19,364.55,364.94,364.5174,364.76,25787
AVGO,2026-09-10,11:20,364.72,364.87,364.56,364.59,18332
AVGO,2026-09-10,11:21,364.57,364.6214,364.2001,364.475,23490
AVGO,2026-09-10,11:22,364.55,364.79,364.53,364.725,21174
AVGO,2026-09-10,11:23,364.675,364.8,364.34,364.345,27023
AVGO,2026-09-10,11:24,364.3,364.45,364.195,364.4193,19195
AVGO,2026-09-10,11:25,364.38,364.62,364.26,364.605,18833
AVGO,2026-09-10,11:26,364.58,364.78,364.478,364.665,16946
AVGO,2026-09-10,11:27,364.62,365.18,364.62,365.01,36230
AVGO,2026-09-10,11:28,364.97,365.08,364.62,364.675,21192
AVGO,2026-09-10,11:29,364.65,364.7099,364.43,364.46,24392
AVGO,2026-09-10,11:30,364.44,364.54,364.02,364.02,48135
AVGO,2026-09-10,11:31,364.0908,364.14,363.875,363.975,27620
AVGO,2026-09-10,11:32,363.975,364.105,363.6,363.89,28720
AVGO,2026-09-10,11:33,363.94,364.12,363.89,364.09,11561
AVGO,2026-09-10,11:34,364.08,364.2,363.99,364.0217,11510
AVGO,2026-09-10,11:35,364.06,364.14,363.98,364.08,11442
AVGO,2026-09-10,11:36,364.1,364.14,363.95,363.95,17187
AVGO,2026-09-10,11:37,363.99,364.2,363.96,364.11,19486
AVGO,2026-09-10,11:38,364.132,364.44,363.9134,363.9897,27520
AVGO,2026-09-10,11:39,363.96,364.02,363.61,363.9,29760
AVGO,2026-09-10,11:40,363.97,364.0193,363.68,363.685,20398
AVGO,2026-09-10,11:41,363.685,364.22,363.685,364.2188,16449
AVGO,2026-09-10,11:42,364.205,364.69,364.15,364.56,39389
AVGO,2026-09-10,11:43,364.5504,364.72,364.35,364.68,26814
AVGO,2026-09-10,11:44,364.6101,364.77,364.55,364.67,24170
AVGO,2026-09-10,11:45,364.71,364.77,364.39,364.3907,21271
AVGO,2026-09-10,11:46,364.38,364.47,364.21,364.36,23744
AVGO,2026-09-10,11:47,364.35,364.36,363.985,364.28,28841
AVGO,2026-09-10,11:48,364.25,364.3,364.08,364.12,26461
AVGO,2026-09-10,11:49,364.16,364.38,364.113,364.23,14466
AVGO,2026-09-10,11:50,364.23,364.235,363.885,364.04,61372
AVGO,2026-09-10,11:51,364.005,364.3,364,364.175,14319
AVGO,2026-09-10,11:52,364.25,364.5,364.2,364.27,26219
AVGO,2026-09-10,11:53,364.305,364.32,363.955,364.005,14984
AVGO,2026-09-10,11:54,363.98,363.98,363.77,363.7799,16775
AVGO,2026-09-10,11:55,363.74,363.75,363.56,363.685,17402
AVGO,2026-09-10,11:56,363.6,363.63,363.266,363.425,16287
AVGO,2026-09-10,11:57,363.385,363.53,363.36,363.45,13842
AVGO,2026-09-10,11:58,363.445,363.88,363.39,363.83,20295
AVGO,2026-09-10,11:59,363.83,364.49,363.795,364.28,55368
AVGO,2026-09-10,12:00,364.23,364.965,364.23,364.925,29736
AVGO,2026-09-10,12:01,364.8601,365.14,364.74,364.74,50593
AVGO,2026-09-10,12:02,364.741,365.25,364.741,364.87,32797
AVGO,2026-09-10,12:03,364.71,364.71,364.29,364.56,29252
AVGO,2026-09-10,12:04,364.515,364.725,364.41,364.6013,32853
AVGO,2026-09-10,12:05,364.53,364.97,364.445,364.86,24411
AVGO,2026-09-10,12:06,364.77,364.88,364.64,364.64,28077
AVGO,2026-09-10,12:07,364.72,364.79,364.57,364.596,18852
AVGO,2026-09-10,12:08,364.57,364.83,364.54,364.685,13399
AVGO,2026-09-10,12:09,364.59,364.96,364.59,364.7956,13868
AVGO,2026-09-10,12:10,364.755,364.825,364.3,364.43,10520
AVGO,2026-09-10,12:11,364.34,364.4,364.08,364.2,17454
AVGO,2026-09-10,12:12,364.14,364.14,363.8,363.8,17116
AVGO,2026-09-10,12:13,363.795,363.97,363.795,363.85,15378
AVGO,2026-09-10,12:14,363.8,363.89,363.7,363.76,13686
AVGO,2026-09-10,12:15,363.81,363.99,363.6391,363.99,15585
AVGO,2026-09-10,12:16,364.01,364.15,363.76,363.82,24816
AVGO,2026-09-10,12:17,363.805,363.86,363.53,363.755,11457
AVGO,2026-09-10,12:18,363.69,363.81,363.6,363.7201,8235
AVGO,2026-09-10,12:19,363.72,363.9993,363.68,363.765,34927
AVGO,2026-09-10,12:20,363.735,364,363.7301,363.74,19763
AVGO,2026-09-10,12:21,363.93,363.93,363.75,363.75,7921
AVGO,2026-09-10,12:22,363.815,363.99,363.77,363.97,15677
AVGO,2026-09-10,12:23,364,364.14,363.91,363.955,14202
AVGO,2026-09-10,12:24,363.93,363.955,363.7,363.7,10649
AVGO,2026-09-10,12:25,363.68,363.81,363.59,363.695,20372
AVGO,2026-09-10,12:26,363.695,363.77,363.56,363.59,13893
AVGO,2026-09-10,12:27,363.57,363.68,363.4,363.535,17762
AVGO,2026-09-10,12:28,363.48,363.59,363.3158,363.39,17088
AVGO,2026-09-10,12:29,363.41,363.5,363.31,363.455,34744
AVGO,2026-09-10,12:30,363.495,363.78,363.4701,363.6268,16589
AVGO,2026-09-10,12:31,363.62,363.62,363.39,363.52,11203
AVGO,2026-09-10,12:32,363.525,363.6256,363.45,363.59,13160
AVGO,2026-09-10,12:33,363.59,363.65,363.5,363.5013,17974
AVGO,2026-09-10,12:34,363.47,363.5,362.89,362.93,65660
AVGO,2026-09-10,12:35,362.96,362.96,362.63,362.8899,21282
AVGO,2026-09-10,12:36,362.77,363.0322,362.72,362.975,21573
AVGO,2026-09-10,12:37,362.975,363.24,362.84,363.115,30473
AVGO,2026-09-10,12:38,362.9901,363.05,362.81,362.86,14487
AVGO,2026-09-10,12:39,362.88,362.965,362.7701,362.89,13349
AVGO,2026-09-10,12:40,362.86,363.15,362.86,362.94,34623
AVGO,2026-09-10,12:41,363,363.3,362.95,363.275,25783
AVGO,2026-09-10,12:42,363.25,363.37,363.1001,363.15,16193
AVGO,2026-09-10,12:43,363.16,363.3,363.1001,363.19,14215
AVGO,2026-09-10,12:44,363.27,363.345,362.994,363.3,16648
AVGO,2026-09-10,12:45,363.25,363.48,363.25,363.37,20264
AVGO,2026-09-10,12:46,363.395,363.75,363.25,363.65,33038
AVGO,2026-09-10,12:47,363.66,363.76,363.41,363.41,15708
AVGO,2026-09-10,12:48,363.45,363.53,363.24,363.24,8424
AVGO,2026-09-10,12:49,363.25,363.45,363.13,363.38,11073
AVGO,2026-09-10,12:50,363.355,363.5799,363.27,363.4676,11191
AVGO,2026-09-10,12:51,363.435,363.61,363.435,363.555,18017
AVGO,2026-09-10,12:52,363.51,363.74,363.4301,363.66,11607
AVGO,2026-09-10,12:53,363.68,363.7319,363.57,363.635,9250
AVGO,2026-09-10,12:54,363.6305,363.71,363.4901,363.53,10701
AVGO,2026-09-10,12:55,363.53,363.82,363.52,363.77,14135
AVGO,2026-09-10,12:56,363.73,363.75,363.64,363.74,5844
AVGO,2026-09-10,12:57,363.76,363.8033,363.57,363.655,10713
AVGO,2026-09-10,12:58,363.645,363.7799,363.6,363.6569,14665
AVGO,2026-09-10,12:59,363.64,363.73,363.5001,363.565,18340
AVGO,2026-09-10,13:00,363.6199,363.6199,363.315,363.46,14888
AVGO,2026-09-10,13:01,363.46,363.685,363.425,363.64,11218
AVGO,2026-09-10,13:02,363.67,364.2,363.67,363.89,48550
AVGO,2026-09-10,13:03,363.92,363.99,363.73,363.785,10538
AVGO,2026-09-10,13:04,363.73,364.01,363.72,364.01,15170
AVGO,2026-09-10,13:05,364.07,364.35,364.017,364.185,30569
AVGO,2026-09-10,13:06,364.16,364.25,364.055,364.25,9921
AVGO,2026-09-10,13:07,364.2,364.4499,364.1801,364.3783,25969
AVGO,2026-09-10,13:08,364.4,364.4699,364.23,364.24,8917
AVGO,2026-09-10,13:09,364.28,364.4322,364.16,364.35,10836
AVGO,2026-09-10,13:10,364.3101,364.62,364.31,364.54,19880
AVGO,2026-09-10,13:11,364.5,364.5919,364.4201,364.555,10740
AVGO,2026-09-10,13:12,364.555,364.57,364.42,364.46,11644
AVGO,2026-09-10,13:13,364.5,364.51,364.28,364.29,11146
AVGO,2026-09-10,13:14,364.3,364.42,364.22,364.245,11221
AVGO,2026-09-10,13:15,364.245,364.245,363.98,364.02,41853
AVGO,2026-09-10,13:16,364.035,364.11,363.99,364.02,11129
AVGO,2026-09-10,13:17,363.98,363.98,363.767,363.82,10600
AVGO,2026-09-10,13:18,363.82,363.87,363.76,363.815,11765
AVGO,2026-09-10,13:19,363.82,363.91,363.79,363.8501,11913
AVGO,2026-09-10,13:20,363.87,363.98,363.8,363.87,23013
AVGO,2026-09-10,13:21,363.88,363.88,363.7,363.7203,7017
AVGO,2026-09-10,13:22,363.7,363.85,363.7,363.75,10955
AVGO,2026-09-10,13:23,363.75,363.75,363.44,363.44,13480
AVGO,2026-09-10,13:24,363.5131,363.53,363.41,363.43,10955
AVGO,2026-09-10,13:25,363.475,363.6168,363.3601,363.3601,15882
AVGO,2026-09-10,13:26,363.38,363.48,363.28,363.4,9264
AVGO,2026-09-10,13:27,363.4,363.53,363.4,363.505,11677
AVGO,2026-09-10,13:28,363.47,363.58,363.39,363.435,16799
AVGO,2026-09-10,13:29,363.44,363.48,363.29,363.41,12309
AVGO,2026-09-10,13:30,363.32,363.32,363.1,363.145,14640
AVGO,2026-09-10,13:31,363.17,363.1999,363.09,363.12,5834
AVGO,2026-09-10,13:32,363.15,363.23,362.86,363.1313,38594
AVGO,2026-09-10,13:33,363.1516,363.27,363.05,363.13,8544
AVGO,2026-09-10,13:34,363.1,363.1572,362.7862,362.836,40920
AVGO,2026-09-10,13:35,362.89,362.95,362.77,362.8601,17442
AVGO,2026-09-10,13:36,362.9,362.92,362.64,362.69,21385
AVGO,2026-09-10,13:37,362.7,362.7519,362.53,362.59,14548
AVGO,2026-09-10,13:38,362.52,362.645,362.4,362.645,16322
AVGO,2026-09-10,13:39,362.5701,362.6499,362.475,362.49,12384
AVGO,2026-09-10,13:40,362.485,362.75,362.44,362.68,11846
AVGO,2026-09-10,13:41,362.68,362.71,362.6,362.64,10375
AVGO,2026-09-10,13:42,362.64,362.6699,362.3001,362.415,46395
AVGO,2026-09-10,13:43,362.46,362.68,362.43,362.59,14294
AVGO,2026-09-10,13:44,362.575,362.83,362.5749,362.78,11461
AVGO,2026-09-10,13:45,362.73,362.83,362.7,362.755,10581
AVGO,2026-09-10,13:46,362.765,362.91,362.7,362.81,14984
AVGO,2026-09-10,13:47,362.795,362.8876,362.78,362.85,6915
AVGO,2026-09-10,13:48,362.841,362.9,362.62,362.63,14700
AVGO,2026-09-10,13:49,362.6011,362.71,362.54,362.71,14534
AVGO,2026-09-10,13:50,362.68,362.71,362.64,362.6999,5955
AVGO,2026-09-10,13:51,362.675,362.84,362.675,362.81,37825
AVGO,2026-09-10,13:52,362.8251,362.95,362.71,362.74,12289
AVGO,2026-09-10,13:53,362.7472,362.7472,362.44,362.615,12841
AVGO,2026-09-10,13:54,362.56,362.6982,362.5,362.59,8157
AVGO,2026-09-10,13:55,362.59,362.605,362.4901,362.54,4723
AVGO,2026-09-10,13:56,362.54,362.77,362.5,362.7423,11763
AVGO,2026-09-10,13:57,362.76,362.99,362.5401,362.5401,40530
AVGO,2026-09-10,13:58,362.61,362.6399,362.5301,362.6,7216
AVGO,2026-09-10,13:59,362.64,362.72,362.61,362.63,13417
AVGO,2026-09-10,14:00,362.6,362.74,362.6,362.72,36793
AVGO,2026-09-10,14:01,362.7,362.87,362.57,362.615,49836
AVGO,2026-09-10,14:02,362.58,362.775,362.54,362.6499,16403
AVGO,2026-09-10,14:03,362.65,362.65,362.4,362.44,19887
AVGO,2026-09-10,14:04,362.47,362.54,362.47,362.5,9239
AVGO,2026-09-10,14:05,362.505,362.55,362.3001,362.515,20013
AVGO,2026-09-10,14:06,362.515,362.58,362.465,362.51,10498
AVGO,2026-09-10,14:07,362.49,362.785,362.47,362.69,18782
AVGO,2026-09-10,14:08,362.69,362.84,362.63,362.63,11834
AVGO,2026-09-10,14:09,362.63,362.63,362.23,362.39,13439
AVGO,2026-09-10,14:10,362.35,362.35,362.1257,362.34,9742
AVGO,2026-09-10,14:11,362.34,362.55,362.3134,362.48,10107
AVGO,2026-09-10,14:12,362.475,362.54,362.43,362.52,10745
AVGO,2026-09-10,14:13,362.49,362.52,362.45,362.48,13490
AVGO,2026-09-10,14:14,362.47,362.53,362.4,362.455,13059
AVGO,2026-09-10,14:15,362.41,362.48,362.125,362.285,26544
AVGO,2026-09-10,14:16,362.285,362.32,362.19,362.25,15133
AVGO,2026-09-10,14:17,362.25,362.3793,362.19,362.29,13605
AVGO,2026-09-10,14:18,362.39,362.41,362.29,362.365,15974
AVGO,2026-09-10,14:19,362.3842,362.42,362.25,362.37,12397
AVGO,2026-09-10,14:20,362.4,362.68,362.37,362.644,41568
AVGO,2026-09-10,14:21,362.635,362.67,362.41,362.42,12187
AVGO,2026-09-10,14:22,362.43,362.63,362.4,362.52,12770
AVGO,2026-09-10,14:23,362.52,362.54,362.275,362.41,27325
AVGO,2026-09-10,14:24,362.36,362.485,362.29,362.4033,21452
AVGO,2026-09-10,14:25,362.36,362.525,362.35,362.5176,14749
AVGO,2026-09-10,14:26,362.45,362.525,362.33,362.36,18051
AVGO,2026-09-10,14:27,362.36,362.43,362.32,362.37,17879
AVGO,2026-09-10,14:28,362.39,362.71,362.38,362.705,30584
AVGO,2026-09-10,14:29,362.71,362.71,362.49,362.57,17373
AVGO,2026-09-10,14:30,362.55,362.55,362.39,362.415,21273
AVGO,2026-09-10,14:31,362.39,362.465,362.2801,362.46,13430
AVGO,2026-09-10,14:32,362.44,362.51,362.3987,362.46,13144
AVGO,2026-09-10,14:33,362.45,362.52,362.43,362.475,16343
AVGO,2026-09-10,14:34,362.4714,362.5629,362.3801,362.5629,16525
AVGO,2026-09-10,14:35,362.595,362.6,362.35,362.56,22352
AVGO,2026-09-10,14:36,362.555,362.63,362.47,362.4801,19799
AVGO,2026-09-10,14:37,362.58,362.605,362.43,362.47,42848
AVGO,2026-09-10,14:38,362.45,362.4572,362.25,362.4399,20149
AVGO,2026-09-10,14:39,362.44,362.52,362.35,362.505,24208
AVGO,2026-09-10,14:40,362.475,362.505,362.39,362.39,15827
AVGO,2026-09-10,14:41,362.3892,362.48,362.31,362.43,18316
AVGO,2026-09-10,14:42,362.45,362.45,362.21,362.315,23792
AVGO,2026-09-10,14:43,362.3,362.32,362.12,362.2851,12888
AVGO,2026-09-10,14:44,362.26,362.42,362.24,362.24,13681
AVGO,2026-09-10,14:45,362.24,362.2565,362.13,362.17,10773
AVGO,2026-09-10,14:46,362.175,362.233,362.07,362.08,16998
AVGO,2026-09-10,14:47,362.13,362.18,362.1,362.14,13734
AVGO,2026-09-10,14:48,362.15,362.18,361.89,362.0333,43763
AVGO,2026-09-10,14:49,362.02,362.39,361.98,361.985,18754
AVGO,2026-09-10,14:50,361.99,362.042,361.83,362.02,13074
AVGO,2026-09-10,14:51,362.025,362.41,361.99,362.33,25389
AVGO,2026-09-10,14:52,362.27,362.5,362.24,362.46,39299
AVGO,2026-09-10,14:53,362.46,362.4999,362.12,362.27,18990
AVGO,2026-09-10,14:54,362.315,362.43,362.1,362.105,15324
AVGO,2026-09-10,14:55,362.1,362.35,362.1,362.35,13816
AVGO,2026-09-10,14:56,362.37,362.485,362.31,362.38,14709
AVGO,2026-09-10,14:57,362.375,362.378,362.1857,362.215,19008
AVGO,2026-09-10,14:58,362.215,362.28,362.115,362.245,16144
AVGO,2026-09-10,14:59,362.245,362.31,362.21,362.29,11726
AVGO,2026-09-10,15:00,362.26,362.46,362.13,362.175,18254
AVGO,2026-09-10,15:01,362.21,362.4099,362.16,362.23,11774
AVGO,2026-09-10,15:02,362.2519,362.46,362.19,362.23,16010
AVGO,2026-09-10,15:03,362.225,362.35,362.11,362.325,19708
AVGO,2026-09-10,15:04,362.3,362.3259,362.15,362.255,16617
AVGO,2026-09-10,15:05,362.255,362.46,362.16,362.4,26104
AVGO,2026-09-10,15:06,362.38,362.39,362.04,362.1114,25954
AVGO,2026-09-10,15:07,362.04,362.12,361.65,361.685,31906
AVGO,2026-09-10,15:08,361.72,361.86,361.69,361.715,19506
AVGO,2026-09-10,15:09,361.728,362.06,361.728,362.0399,31386
AVGO,2026-09-10,15:10,361.93,362,361.73,361.765,15372
AVGO,2026-09-10,15:11,361.755,361.86,361.7,361.775,23640
AVGO,2026-09-10,15:12,361.775,361.92,361.74,361.8975,18427
AVGO,2026-09-10,15:13,361.91,361.91,361.69,361.69,13530
AVGO,2026-09-10,15:14,361.6835,361.8299,361.68,361.7499,16715
AVGO,2026-09-10,15:15,361.68,361.8549,361.45,361.48,48846
AVGO,2026-09-10,15:16,361.48,361.6,361.4051,361.52,28294
AVGO,2026-09-10,15:17,361.535,361.6447,361.465,361.47,12652
AVGO,2026-09-10,15:18,361.45,361.61,361.34,361.54,32330
AVGO,2026-09-10,15:19,361.5198,361.5997,361.25,361.4,28704
AVGO,2026-09-10,15:20,361.3781,361.62,361.35,361.44,20876
AVGO,2026-09-10,15:21,361.435,361.53,361.33,361.4,16261
AVGO,2026-09-10,15:22,361.34,361.5242,361.34,361.48,20291
AVGO,2026-09-10,15:23,361.465,361.5199,361.372,361.41,18388
AVGO,2026-09-10,15:24,361.39,361.63,361.38,361.6,14211
AVGO,2026-09-10,15:25,361.57,361.7672,361.57,361.66,12422
AVGO,2026-09-10,15:26,361.72,362,361.715,361.92,33772
AVGO,2026-09-10,15:27,361.83,361.96,361.83,361.87,10046
AVGO,2026-09-10,15:28,361.87,361.92,361.77,361.84,25080
AVGO,2026-09-10,15:29,361.875,362.21,361.875,362.185,28241
AVGO,2026-09-10,15:30,362.17,362.3,362.02,362.06,32872
AVGO,2026-09-10,15:31,362.055,362.06,361.81,361.98,29145
AVGO,2026-09-10,15:32,361.98,362.0799,361.91,361.98,18850
AVGO,2026-09-10,15:33,361.95,362.1,361.94,362.09,22890
AVGO,2026-09-10,15:34,362.13,362.2932,362.08,362.2932,17369
AVGO,2026-09-10,15:35,362.3,362.33,361.87,361.91,25335
AVGO,2026-09-10,15:36,361.88,362.06,361.86,362.05,21934
AVGO,2026-09-10,15:37,362.005,362.0499,361.74,361.92,15712
AVGO,2026-09-10,15:38,361.87,362,361.71,361.975,27886
AVGO,2026-09-10,15:39,361.98,362.17,361.94,362.13,20885
AVGO,2026-09-10,15:40,362.15,362.24,361.9655,362.05,21705
AVGO,2026-09-10,15:41,362.09,362.215,361.99,362.035,22633
AVGO,2026-09-10,15:42,362.015,362.06,361.68,361.78,45600
AVGO,2026-09-10,15:43,361.78,361.89,361.74,361.88,29862
AVGO,2026-09-10,15:44,361.855,361.88,361.59,361.63,23366
AVGO,2026-09-10,15:45,361.59,361.99,361.58,361.95,33742
AVGO,2026-09-10,15:46,361.945,361.9894,361.79,361.8501,32130
AVGO,2026-09-10,15:47,361.84,361.86,361.34,361.37,51832
AVGO,2026-09-10,15:48,361.34,361.39,361.25,361.2617,29328
AVGO,2026-09-10,15:49,361.275,361.29,361.14,361.2,31941
AVGO,2026-09-10,15:50,361.2,361.49,360.86,361.04,75944
AVGO,2026-09-10,15:51,360.98,361.03,360.82,360.92,59518
AVGO,2026-09-10,15:52,360.9,361.04,360.82,360.9,50922
AVGO,2026-09-10,15:53,360.91,360.97,360.74,360.825,61641
AVGO,2026-09-10,15:54,360.79,361.58,360.55,361.43,112846
AVGO,2026-09-10,15:55,361.4,361.4,360.46,360.61,100549
AVGO,2026-09-10,15:56,360.66,360.7,360.44,360.62,91618
AVGO,2026-09-10,15:57,360.62,360.94,360.41,360.885,114617
AVGO,2026-09-10,15:58,360.885,361.01,360.76,360.995,168722
AVGO,2026-09-10,15:59,361,361.025,360.68,360.71,372249
AVGO,2026-09-11,09:30,365.24,365.25,363.82,363.8648,666872
AVGO,2026-09-11,09:31,363.84,364.43,362.85,363.465,57110
AVGO,2026-09-11,09:32,363.39,363.88,363.05,363.805,44011
AVGO,2026-09-11,09:33,363.69,364.2566,363.56,363.775,49077
AVGO,2026-09-11,09:34,363.61,363.8,362.614,363.01,58466
AVGO,2026-09-11,09:35,362.88,364.02,362.88,364.02,54737
AVGO,2026-09-11,09:36,363.8,364.3,363.26,363.26,61842
AVGO,2026-09-11,09:37,363.2,364.1099,363.2,363.81,40019
AVGO,2026-09-11,09:38,363.71,363.9,363.335,363.782,49501
AVGO,2026-09-11,09:39,363.71,363.81,363.22,363.56,49853
AVGO,2026-09-11,09:40,363.42,364.125,363.19,363.975,92779
AVGO,2026-09-11,09:41,363.67,365.4499,363.67,365.135,87112
AVGO,2026-09-11,09:42,365.02,365.9,364.77,365.4201,64172
AVGO,2026-09-11,09:43,365.43,366.16,365.1677,365.33,102287
AVGO,2026-09-11,09:44,365.21,365.92,365.21,365.85,62645
AVGO,2026-09-11,09:45,365.7875,366.1499,365.59,365.742,110026
AVGO,2026-09-11,09:46,365.8,366.78,365.25,365.715,121434
AVGO,2026-09-11,09:47,365.715,366.26,365.58,365.855,63261
AVGO,2026-09-11,09:48,365.88,365.9885,365.337,365.4799,60699
AVGO,2026-09-11,09:49,365.27,366.2,365.18,366.105,60144
AVGO,2026-09-11,09:50,366.08,366.6,365.7301,366.4,57367
AVGO,2026-09-11,09:51,366.27,366.5,365.975,366.19,40334
AVGO,2026-09-11,09:52,366.18,366.18,364.86,365.05,77704
AVGO,2026-09-11,09:53,365,365.6708,364.925,365.44,38645
AVGO,2026-09-11,09:54,365.56,365.58,364.78,365.332,35144
AVGO,2026-09-11,09:55,365.39,365.52,364.98,365.0493,43526
AVGO,2026-09-11,09:56,364.94,365.3,364.16,364.18,89385
AVGO,2026-09-11,09:57,364.26,364.2864,363.54,364.045,283219
AVGO,2026-09-11,09:58,364.045,364.88,363.9976,364.79,34286
AVGO,2026-09-11,09:59,364.785,365.125,364.6001,364.905,37712
AVGO,2026-09-11,10:00,364.81,364.81,363.92,364.09,45615
AVGO,2026-09-11,10:01,364.09,364.395,363.2026,363.245,60472
AVGO,2026-09-11,10:02,363.255,363.29,362.87,363.05,69699
AVGO,2026-09-11,10:03,363.1,363.12,362.65,362.65,63968
AVGO,2026-09-11,10:04,362.68,363.09,362.56,362.64,42310
AVGO,2026-09-11,10:05,362.69,363.74,362.42,363.353,94180
AVGO,2026-09-11,10:06,363.3027,363.3499,362.8302,362.925,35061
AVGO,2026-09-11,10:07,362.92,362.97,362.624,362.7499,37340
AVGO,2026-09-11,10:08,362.67,363.305,362.67,362.975,26161
AVGO,2026-09-11,10:09,362.8801,363.0099,362.31,362.4,71598
AVGO,2026-09-11,10:10,362.385,362.96,362.3,362.4829,112086
AVGO,2026-09-11,10:11,362.455,362.95,362.29,362.9399,61879
AVGO,2026-09-11,10:12,362.7801,363.04,362.58,363.04,51736
AVGO,2026-09-11,10:13,363.15,363.15,362.7441,362.96,19095
AVGO,2026-09-11,10:14,362.97,363.05,362.81,362.81,33793
AVGO,2026-09-11,10:15,362.88,363.27,362.81,363.145,27100
AVGO,2026-09-11,10:16,363.1456,363.2759,362.86,363.105,30958
AVGO,2026-09-11,10:17,363.14,363.79,363.125,363.355,42676
AVGO,2026-09-11,10:18,363.355,364.0996,363.29,364,34426
AVGO,2026-09-11,10:19,363.99,364.55,363.914,364.395,50714
AVGO,2026-09-11,10:20,364.46,364.845,364.27,364.645,57612
AVGO,2026-09-11,10:21,364.69,364.755,364.38,364.65,25473
AVGO,2026-09-11,10:22,364.605,364.68,364.16,364.49,29302
AVGO,2026-09-11,10:23,364.54,364.8799,364.4618,364.74,21804
AVGO,2026-09-11,10:24,364.77,365.3,364.72,365.12,43104
AVGO,2026-09-11,10:25,365.155,365.94,365.1411,365.764,50754
AVGO,2026-09-11,10:26,365.79,366.48,365.7001,366.2151,72488
AVGO,2026-09-11,10:27,366.14,366.18,365.55,365.65,66833
AVGO,2026-09-11,10:28,365.7,366,365.59,365.875,37296
AVGO,2026-09-11,10:29,365.83,366,365.41,365.55,29300
AVGO,2026-09-11,10:30,365.61,365.8,365.14,365.27,35943
AVGO,2026-09-11,10:31,365.32,365.59,364.655,364.785,34022
AVGO,2026-09-11,10:32,364.8258,365.12,364.7201,365.06,30242
AVGO,2026-09-11,10:33,365.04,365.27,364.8101,365.08,27558
AVGO,2026-09-11,10:34,365.09,365.18,364.835,364.8403,26049
AVGO,2026-09-11,10:35,364.8796,364.98,364.4701,364.5,164246
AVGO,2026-09-11,10:36,364.48,364.56,364.22,364.47,87588
AVGO,2026-09-11,10:37,364.39,364.64,364.29,364.395,79684
AVGO,2026-09-11,10:38,364.34,364.41,364.01,364.1,26025
AVGO,2026-09-11,10:39,364.1,364.1699,363.8701,363.95,41065
AVGO,2026-09-11,10:40,364,364.5,363.96,364.27,136303
AVGO,2026-09-11,10:41,364.27,364.3,363.9,363.98,24030
AVGO,2026-09-11,10:42,364.02,364.02,363.6601,363.82,17314
AVGO,2026-09-11,10:43,363.8,363.88,363.24,363.24,17957
AVGO,2026-09-11,10:44,363.22,363.565,363.16,363.4,18847
AVGO,2026-09-11,10:45,363.43,363.9,363.37,363.9,18257
AVGO,2026-09-11,10:46,363.8,363.86,363.28,363.39,21516
AVGO,2026-09-11,10:47,363.37,363.539,363.125,363.235,32999
AVGO,2026-09-11,10:48,363.235,363.72,362.93,363.52,42655
AVGO,2026-09-11,10:49,363.52,364.18,363.4101,364.18,24687
AVGO,2026-09-11,10:50,364.18,364.2393,363.88,364.12,16676
AVGO,2026-09-11,10:51,364.08,364.14,363.81,364.04,22471
AVGO,2026-09-11,10:52,364.065,364.15,363.83,363.83,18451
AVGO,2026-09-11,10:53,363.762,363.815,363.57,363.6,8879
AVGO,2026-09-11,10:54,363.7,363.78,363.55,363.595,11828
AVGO,2026-09-11,10:55,363.54,363.573,363.34,363.45,23154
AVGO,2026-09-11,10:56,363.47,363.5,363.2775,363.415,22871
AVGO,2026-09-11,10:57,363.4,363.4,363.03,363.3,25487
AVGO,2026-09-11,10:58,363.315,363.6511,363.26,363.509,23345
AVGO,2026-09-11,10:59,363.5,363.72,363.41,363.56,19033
AVGO,2026-09-11,11:00,363.55,363.69,363.225,363.69,21592
AVGO,2026-09-11,11:01,363.59,363.82,363.35,363.82,19077
AVGO,2026-09-11,11:02,363.83,364.05,363.7,364.05,16744
AVGO,2026-09-11,11:03,364.05,364.09,363.78,363.96,22112
AVGO,2026-09-11,11:04,363.98,364.0499,363.94,363.96,20731
AVGO,2026-09-11,11:05,363.985,364.33,363.78,364.235,26529
AVGO,2026-09-11,11:06,364.2109,364.28,364.02,364.2025,17382
AVGO,2026-09-11,11:07,364.195,364.195,364.02,364.05,13262
AVGO,2026-09-11,11:08,364.1,364.365,364.04,364.11,23445
AVGO,2026-09-11,11:09,364.095,364.38,364.095,364.325,12630
AVGO,2026-09-11,11:10,364.335,364.335,364.05,364.145,28688
AVGO,2026-09-11,11:11,364.09,364.1252,363.7497,363.81,18168
AVGO,2026-09-11,11:12,363.9,363.9,363.62,363.68,15689
AVGO,2026-09-11,11:13,363.68,364.36,363.59,363.9701,27265
AVGO,2026-09-11,11:14,364,364.39,364,364.32,20815
AVGO,2026-09-11,11:15,364.27,364.89,364.23,364.89,35413
AVGO,2026-09-11,11:16,364.87,365.3,364.82,365.29,31517
AVGO,2026-09-11,11:17,365.26,365.26,364.8401,365.0201,24974
AVGO,2026-09-11,11:18,365.07,365.7,365.0346,365.7,63246
AVGO,2026-09-11,11:19,365.66,366.19,365.47,365.935,77931
AVGO,2026-09-11,11:20,365.935,366.12,365.63,365.7601,39800
AVGO,2026-09-11,11:21,365.79,365.79,365.2405,365.38,29526
AVGO,2026-09-11,11:22,365.375,365.65,365.335,365.575,18510
AVGO,2026-09-11,11:23,365.57,365.57,365.0801,365.125,30122
AVGO,2026-09-11,11:24,365.135,365.59,365.135,365.3,42673
AVGO,2026-09-11,11:25,365.37,365.385,365.1,365.19,23722
AVGO,2026-09-11,11:26,365.25,365.775,365.22,365.755,40108
AVGO,2026-09-11,11:27,365.75,365.98,365.6601,365.87,46715
AVGO,2026-09-11,11:28,365.91,365.9651,365.74,365.74,26523
AVGO,2026-09-11,11:29,365.82,365.95,365.7601,365.88,21504
AVGO,2026-09-11,11:30,365.86,365.95,365.595,365.91,25566
AVGO,2026-09-11,11:31,365.9284,366.03,365.79,365.93,28974
AVGO,2026-09-11,11:32,365.965,366.2,365.93,365.93,31214
AVGO,2026-09-11,11:33,365.93,365.9399,365.735,365.7687,26420
AVGO,2026-09-11,11:34,365.785,366.115,365.76,366.035,25952
AVGO,2026-09-11,11:35,366.035,366.08,365.74,365.8,17007
AVGO,2026-09-11,11:36,365.85,365.87,365.64,365.67,20671
AVGO,2026-09-11,11:37,365.67,365.7,365.225,365.235,27294
AVGO,2026-09-11,11:38,365.2799,365.37,365.15,365.34,28592
AVGO,2026-09-11,11:39,365.4,365.6,365.3424,365.44,16692
AVGO,2026-09-11,11:40,365.4565,365.64,365.445,365.6,13621
AVGO,2026-09-11,11:41,365.6,365.67,365.5,365.555,11871
AVGO,2026-09-11,11:42,365.51,365.5999,365.4244,365.465,16009
AVGO,2026-09-11,11:43,365.465,365.72,365.42,365.635,17046
AVGO,2026-09-11,11:44,365.67,365.71,365.57,365.665,14691
AVGO,2026-09-11,11:45,365.63,365.63,365.475,365.475,11807
AVGO,2026-09-11,11:46,365.45,365.45,365.18,365.305,21193
AVGO,2026-09-11,11:47,365.305,365.44,365.23,365.44,11508
AVGO,2026-09-11,11:48,365.43,365.48,365.2,365.275,20600
AVGO,2026-09-11,11:49,365.275,365.43,365.22,365.3105,15337
AVGO,2026-09-11,11:50,365.36,365.38,365.05,365.15,22368
AVGO,2026-09-11,11:51,365.1,365.1001,364.87,364.94,27589
AVGO,2026-09-11,11:52,364.91,364.9699,364.7,364.755,17686
AVGO,2026-09-11,11:53,364.755,364.9,364.7,364.815,20225
AVGO,2026-09-11,11:54,364.77,364.84,364.6,364.815,12989
AVGO,2026-09-11,11:55,364.7701,364.815,364.65,364.655,15216
AVGO,2026-09-11,11:56,364.655,364.815,364.61,364.73,11108
AVGO,2026-09-11,11:57,364.68,365.125,364.68,364.89,14300
AVGO,2026-09-11,11:58,364.935,365.2,364.8909,365.145,16054
AVGO,2026-09-11,11:59,365.11,365.1207,365,365.04,12014
AVGO,2026-09-11,12:00,365.04,365.11,364.89,364.96,25731
AVGO,2026-09-11,12:01,365,365.23,365,365.16,21970
AVGO,2026-09-11,12:02,365.185,365.415,365.12,365.38,20207
AVGO,2026-09-11,12:03,365.4125,365.55,365.36,365.381,19270
AVGO,2026-09-11,12:04,365.46,365.53,365.3822,365.43,19037
AVGO,2026-09-11,12:05,365.47,365.51,365.42,365.51,17294
AVGO,2026-09-11,12:06,365.51,365.5251,365.39,365.42,19916
AVGO,2026-09-11,12:07,365.38,365.45,365.2924,365.35,21850
AVGO,2026-09-11,12:08,365.33,365.5009,365.25,365.49,28030
AVGO,2026-09-11,12:09,365.38,365.61,365.35,365.56,20750
AVGO,2026-09-11,12:10,365.5301,365.5599,365.15,365.16,16531
AVGO,2026-09-11,12:11,365.2,365.28,365.17,365.23,25097
AVGO,2026-09-11,12:12,365.25,365.25,365.04,365.17,13653
AVGO,2026-09-11,12:13,365.19,365.19,365.04,365.105,9299
AVGO,2026-09-11,12:14,365.095,365.2,364.97,365.08,15010
AVGO,2026-09-11,12:15,365.07,365.16,364.87,364.945,14240
AVGO,2026-09-11,12:16,364.95,365.0699,364.78,364.82,19386
AVGO,2026-09-11,12:17,364.84,365.0719,364.84,364.97,12956
AVGO,2026-09-11,12:18,364.995,365.04,364.8,364.8,14205
AVGO,2026-09-11,12:19,364.7905,364.85,364.75,364.795,11998
AVGO,2026-09-11,12:20,364.81,364.8499,364.66,364.66,16731
AVGO,2026-09-11,12:21,364.69,364.82,364.69,364.714,14473
AVGO,2026-09-11,12:22,364.71,364.76,364.595,364.62,20698
AVGO,2026-09-11,12:23,364.625,364.71,364.615,364.67,12819
AVGO,2026-09-11,12:24,364.68,364.72,364.6,364.67,17660
AVGO,2026-09-11,12:25,364.71,364.96,364.6401,364.865,17581
AVGO,2026-09-11,12:26,364.885,365.03,364.6901,364.6901,36869
AVGO,2026-09-11,12:27,364.6901,364.99,364.6901,364.92,10652
AVGO,2026-09-11,12:28,364.915,365.03,364.83,364.99,11133
AVGO,2026-09-11,12:29,365.0001,365.04,364.67,364.735,22443
AVGO,2026-09-11,12:30,364.7,364.85,364.63,364.68,16215
AVGO,2026-09-11,12:31,364.68,364.695,364.44,364.555,22400
AVGO,2026-09-11,12:32,364.575,364.685,364.48,364.55,11663
AVGO,2026-09-11,12:33,364.59,364.6632,364.495,364.65,24739
AVGO,2026-09-11,12:34,364.66,364.7,364.52,364.53,24389
AVGO,2026-09-11,12:35,364.5,364.52,364.1318,364.185,18113
AVGO,2026-09-11,12:36,364.17,364.3527,364.09,364.13,12172
AVGO,2026-09-11,12:37,364.13,364.38,364.0982,364.38,16059
AVGO,2026-09-11,12:38,364.35,364.5,364.2466,364.34,16752
AVGO,2026-09-11,12:39,364.345,364.36,364.09,364.1,10175
AVGO,2026-09-11,12:40,364.065,364.3,363.98,364.19,35521
AVGO,2026-09-11,12:41,364.225,364.43,364.12,364.43,27154
AVGO,2026-09-11,12:42,364.47,364.86,364.36,364.79,53180
AVGO,2026-09-11,12:43,364.73,364.84,364.58,364.6147,10536
AVGO,2026-09-11,12:44,364.6,364.62,364.4001,364.5134,13238
AVGO,2026-09-11,12:45,364.51,364.66,364.49,364.625,15466
AVGO,2026-09-11,12:46,364.59,364.74,364.58,364.67,22381
AVGO,2026-09-11,12:47,364.66,364.74,364.56,364.68,9208
AVGO,2026-09-11,12:48,364.6811,364.72,364.415,364.4153,11601
AVGO,2026-09-11,12:49,364.401,364.425,364.28,364.3,17651
AVGO,2026-09-11,12:50,364.2,364.33,364.2,364.28,13156
AVGO,2026-09-11,12:51,364.305,364.32,364.19,364.2669,10229
AVGO,2026-09-11,12:52,364.29,364.37,364.15,364.335,12270
AVGO,2026-09-11,12:53,364.39,364.44,364.31,364.319,7719
AVGO,2026-09-11,12:54,364.415,364.47,364.36,364.45,6717
AVGO,2026-09-11,12:55,364.455,364.7,364.445,364.61,26561
AVGO,2026-09-11,12:56,364.62,364.81,364.56,364.76,13225
AVGO,2026-09-11,12:57,364.755,365.2,364.73,365.055,64782
AVGO,2026-09-11,12:58,365.055,365.2,365.04,365.155,17799
AVGO,2026-09-11,12:59,365.15,365.16,365.045,365.095,9689
AVGO,2026-09-11,13:00,365.095,365.2,364.9805,364.9805,17356
AVGO,2026-09-11,13:01,365.005,365.31,364.9,365.275,24192
AVGO,2026-09-11,13:02,365.31,365.35,364.92,365.1201,22479
AVGO,2026-09-11,13:03,365.18,365.24,365.02,365.13,14645
AVGO,2026-09-11,13:04,365.12,365.22,365.02,365.06,17526
AVGO,2026-09-11,13:05,365,365.24,364.98,365.24,27205
AVGO,2026-09-11,13:06,365.27,365.38,365.15,365.2501,18256
AVGO,2026-09-11,13:07,365.29,365.56,365.245,365.285,26775
AVGO,2026-09-11,13:08,365.3599,365.36,365.285,365.315,10745
AVGO,2026-09-11,13:09,365.32,365.35,365.25,365.31,11135
AVGO,2026-09-11,13:10,365.35,365.47,365.25,365.31,16596
AVGO,2026-09-11,13:11,365.3,365.3,365.08,365.15,12540
AVGO,2026-09-11,13:12,365.22,365.39,365.15,365.29,12482
AVGO,2026-09-11,13:13,365.3,365.3,365.135,365.2,12656
AVGO,2026-09-11,13:14,365.2,365.2299,364.9264,365,14947
AVGO,2026-09-11,13:15,364.99,365.04,364.95,365.03,15514
AVGO,2026-09-11,13:16,365.06,365.12,365,365.12,10030
AVGO,2026-09-11,13:17,365.11,365.41,365.076,365.37,16084
AVGO,2026-09-11,13:18,365.355,365.415,365.3,365.32,13100
AVGO,2026-09-11,13:19,365.32,365.39,365.235,365.3,7433
AVGO,2026-09-11,13:20,365.29,365.305,365.17,365.185,14063
AVGO,2026-09-11,13:21,365.2,365.23,365,365.05,19000
AVGO,2026-09-11,13:22,365.05,365.23,365.02,365.15,18025
AVGO,2026-09-11,13:23,365.15,365.37,365.11,365.37,13046
AVGO,2026-09-11,13:24,365.38,365.39,365.19,365.205,13210
AVGO,2026-09-11,13:25,365.18,365.33,365.12,365.14,9912
AVGO,2026-09-11,13:26,365.14,365.14,365,365.01,16678
AVGO,2026-09-11,13:27,365,365.1299,365,365.06,9492
AVGO,2026-09-11,13:28,365.03,365.15,365.03,365.125,13629
AVGO,2026-09-11,13:29,365.12,365.2899,365.0906,365.25,14509
AVGO,2026-09-11,13:30,365.26,365.3051,365.04,365.11,22289
AVGO,2026-09-11,13:31,365.11,365.3,365.1,365.295,18182
AVGO,2026-09-11,13:32,365.295,365.38,365.1701,365.215,9634
AVGO,2026-09-11,13:33,365.25,365.39,365.2413,365.37,8740
AVGO,2026-09-11,13:34,365.362,365.362,365.09,365.09,10038
AVGO,2026-09-11,13:35,365.105,365.2,365.05,365.1,16640
AVGO,2026-09-11,13:36,365,365.09,364.915,364.95,15300
AVGO,2026-09-11,13:37,364.95,365.015,364.88,364.916,24499
AVGO,2026-09-11,13:38,364.935,364.97,364.5375,364.8,33490
AVGO,2026-09-11,13:39,364.8594,364.8699,364.7301,364.76,22251
AVGO,2026-09-11,13:40,364.805,364.97,364.762,364.873,17474
AVGO,2026-09-11,13:41,364.91,365.12,364.7425,365.11,13898
AVGO,2026-09-11,13:42,365.12,365.12,365.02,365.06,17494
AVGO,2026-09-11,13:43,365.055,365.22,364.97,365.1,18302
AVGO,2026-09-11,13:44,365.1,365.18,365.035,365.065,12259
AVGO,2026-09-11,13:45,365.1,365.27,365.1,365.19,28409
AVGO,2026-09-11,13:46,365.185,365.24,365.1101,365.125,12943
AVGO,2026-09-11,13:47,365.112,365.12,364.94,365.02,18270
AVGO,2026-09-11,13:48,365.005,365.045,364.9103,364.955,18966
AVGO,2026-09-11,13:49,364.955,365.085,364.95,364.99,13659
AVGO,2026-09-11,13:50,365.0222,365.08,365,365.02,9453
AVGO,2026-09-11,13:51,365.04,365.25,365.02,365.225,12350
AVGO,2026-09-11,13:52,365.2,365.35,365.1701,365.315,12227
AVGO,2026-09-11,13:53,365.35,365.56,365.3,365.475,20598
AVGO,2026-09-11,13:54,365.475,365.475,365.31,365.33,13152
AVGO,2026-09-11,13:55,365.36,365.4,365.3,365.34,5713
AVGO,2026-09-11,13:56,365.3474,365.38,365.141,365.22,11011
AVGO,2026-09-11,13:57,365.18,365.25,365.045,365.045,12799
AVGO,2026-09-11,13:58,365.045,365.07,364.88,364.88,16175
AVGO,2026-09-11,13:59,364.8966,365.03,364.84,364.98,18117
AVGO,2026-09-11,14:00,364.96,365.0247,364.89,364.9728,9263
AVGO,2026-09-11,14:01,364.94,365.04,364.75,364.97,22433
AVGO,2026-09-11,14:02,364.97,365.015,364.88,364.88,13643
AVGO,2026-09-11,14:03,364.905,364.99,364.87,364.97,310249
AVGO,2026-09-11,14:04,364.97,365.02,364.87,364.97,19543
AVGO,2026-09-11,14:05,364.975,365.02,364.92,364.92,16296
AVGO,2026-09-11,14:06,364.98,365.2051,364.92,365.205,13482
AVGO,2026-09-11,14:07,365.205,365.26,365.12,365.16,36931
AVGO,2026-09-11,14:08,365.12,365.17,365.05,365.11,10367
AVGO,2026-09-11,14:09,365.15,365.4,365.12,365.34,20145
AVGO,2026-09-11,14:10,365.33,365.34,365.15,365.255,12434
AVGO,2026-09-11,14:11,365.255,365.26,364.95,364.97,12807
AVGO,2026-09-11,14:12,364.97,365.2,364.96,365.07,13086
AVGO,2026-09-11,14:13,365.07,365.21,364.99,365.18,9147
AVGO,2026-09-11,14:14,365.21,365.21,365.1,365.135,7220
AVGO,2026-09-11,14:15,365.15,365.18,364.99,365.09,16209
AVGO,2026-09-11,14:16,365.085,365.19,365,365.1404,8312
AVGO,2026-09-11,14:17,365.2,365.2399,365.0898,365.145,9915
AVGO,2026-09-11,14:18,365.1451,365.19,365.05,365.12,12786
AVGO,2026-09-11,14:19,365.0911,365.21,365.08,365.13,21299
AVGO,2026-09-11,14:20,365.175,365.18,364.78,364.86,33382
AVGO,2026-09-11,14:21,364.855,364.86,364.76,364.86,9858
AVGO,2026-09-11,14:22,364.8201,364.9,364.77,364.9,13838
AVGO,2026-09-11,14:23,364.86,364.923,364.79,364.8,9547
AVGO,2026-09-11,14:24,364.8,364.9,364.79,364.855,7293
AVGO,2026-09-11,14:25,364.9,365.01,364.895,364.96,17163
AVGO,2026-09-11,14:26,364.96,365.17,364.94,365.1,27930
AVGO,2026-09-11,14:27,365.1,365.1,364.88,364.88,10703
AVGO,2026-09-11,14:28,364.88,364.9799,364.81,364.93,14687
AVGO,2026-09-11,14:29,364.96,364.99,364.83,364.95,15356
AVGO,2026-09-11,14:30,364.9,365.02,364.79,364.8,21207
AVGO,2026-09-11,14:31,364.77,364.84,364.68,364.7,13037
AVGO,2026-09-11,14:32,364.72,364.78,364.6872,364.745,8282
AVGO,2026-09-11,14:33,364.7,364.91,364.66,364.88,12685
AVGO,2026-09-11,14:34,364.862,365,364.83,364.985,19770
AVGO,2026-09-11,14:35,364.97,364.98,364.775,364.795,13947
AVGO,2026-09-11,14:36,364.7708,364.94,364.75,364.94,12016
AVGO,2026-09-11,14:37,364.94,364.99,364.7725,364.815,11016
AVGO,2026-09-11,14:38,364.815,364.92,364.67,364.715,51837
AVGO,2026-09-11,14:39,364.7304,364.82,364.715,364.82,11943
AVGO,2026-09-11,14:40,364.82,364.845,364.71,364.815,15202
AVGO,2026-09-11,14:41,364.815,364.815,364.7,364.72,12530
AVGO,2026-09-11,14:42,364.72,364.72,364.57,364.5728,15550
AVGO,2026-09-11,14:43,364.58,364.58,364.38,364.4,27153
AVGO,2026-09-11,14:44,364.38,364.46,364.29,364.31,15179
AVGO,2026-09-11,14:45,364.36,364.42,364.04,364.04,19187
AVGO,2026-09-11,14:46,364.0899,364.2,363.92,364.13,24195
AVGO,2026-09-11,14:47,364.12,364.12,363.8901,363.995,24541
AVGO,2026-09-11,14:48,363.98,364.1,363.89,363.92,26852
AVGO,2026-09-11,14:49,363.92,363.925,363.75,363.81,17728
AVGO,2026-09-11,14:50,363.81,363.9299,363.77,363.78,16267
AVGO,2026-09-11,14:51,363.81,363.9,363.81,363.82,12513
AVGO,2026-09-11,14:52,363.84,363.85,363.68,363.79,22093
AVGO,2026-09-11,14:53,363.75,363.96,363.7119,363.91,21450
AVGO,2026-09-11,14:54,363.95,364.09,363.9,363.92,38792
AVGO,2026-09-11,14:55,363.95,364.15,363.9,364.14,30699
AVGO,2026-09-11,14:56,364.14,364.64,364.11,364.615,20880
AVGO,2026-09-11,14:57,364.62,364.66,364.38,364.38,16566
AVGO,2026-09-11,14:58,364.415,364.58,364.36,364.52,11486
AVGO,2026-09-11,14:59,364.525,364.53,364.3,364.39,15859
AVGO,2026-09-11,15:00,364.46,364.46,364.28,364.345,8319
AVGO,2026-09-11,15:01,364.37,364.43,364.25,364.25,9835
AVGO,2026-09-11,15:02,364.255,364.3,364.1415,364.195,11149
AVGO,2026-09-11,15:03,364.245,364.3,364.09,364.1498,11765
AVGO,2026-09-11,15:04,364.1401,364.25,364.0351,364.185,16008
AVGO,2026-09-11,15:05,364.17,364.175,364.01,364.175,10148
AVGO,2026-09-11,15:06,364.17,364.23,364.13,364.13,8880
AVGO,2026-09-11,15:07,364.12,364.12,363.9,363.945,13730
AVGO,2026-09-11,15:08,363.94,364.1999,363.94,364.11,19770
AVGO,2026-09-11,15:09,364.11,364.2,364,364.035,17449
AVGO,2026-09-11,15:10,364,364.11,363.85,363.91,18426
AVGO,2026-09-11,15:11,363.91,363.91,363.74,363.74,35353
AVGO,2026-09-11,15:12,363.7,363.7,363.55,363.575,17875
AVGO,2026-09-11,15:13,363.6,363.64,363.52,363.54,17485
AVGO,2026-09-11,15:14,363.54,363.585,363.51,363.57,20699
AVGO,2026-09-11,15:15,363.57,363.6999,363.56,363.5601,11978
AVGO,2026-09-11,15:16,363.605,363.69,363.53,363.535,11594
AVGO,2026-09-11,15:17,363.52,363.7,363.5,363.65,40844
AVGO,2026-09-11,15:18,363.65,363.7041,363.57,363.62,12158
AVGO,2026-09-11,15:19,363.626,363.626,363.48,363.59,22648
AVGO,2026-09-11,15:20,363.6,363.615,363.44,363.495,17285
AVGO,2026-09-11,15:21,363.495,363.53,363.34,363.38,16896
AVGO,2026-09-11,15:22,363.4,363.51,363.34,363.3536,16488
AVGO,2026-09-11,15:23,363.3576,363.66,363.355,363.59,21310
AVGO,2026-09-11,15:24,363.62,363.73,363.46,363.69,24824
AVGO,2026-09-11,15:25,363.76,363.78,363.58,363.635,18044
AVGO,2026-09-11,15:26,363.65,363.75,363.6,363.75,16658
AVGO,2026-09-11,15:27,363.77,363.82,363.5,363.55,23488
AVGO,2026-09-11,15:28,363.57,363.58,363.245,363.285,19899
AVGO,2026-09-11,15:29,363.285,363.47,363.191,363.25,22127
AVGO,2026-09-11,15:30,363.26,363.3199,362.91,363.035,43995
AVGO,2026-09-11,15:31,363.035,363.2,363.0013,363.18,18008
AVGO,2026-09-11,15:32,363.2,363.2,362.92,362.96,24644
AVGO,2026-09-11,15:33,362.965,362.965,362.78,362.8726,698827
AVGO,2026-09-11,15:34,362.89,363.07,362.8858,363.04,25530
AVGO,2026-09-11,15:35,363.04,363.15,362.93,362.97,28026
AVGO,2026-09-11,15:36,362.97,362.97,362.8,362.8488,31179
AVGO,2026-09-11,15:37,362.8668,362.97,362.82,362.935,22574
AVGO,2026-09-11,15:38,362.88,363.13,362.88,363.059,26056
AVGO,2026-09-11,15:39,363.06,363.1999,363.02,363.1616,16738
AVGO,2026-09-11,15:40,363.1727,363.29,363.11,363.21,20024
AVGO,2026-09-11,15:41,363.21,363.42,363.2,363.2,20675
AVGO,2026-09-11,15:42,363.19,363.19,363,363.16,25845
AVGO,2026-09-11,15:43,363.16,363.21,363.06,363.12,19462
AVGO,2026-09-11,15:44,363.135,363.195,363.06,363.075,24002
AVGO,2026-09-11,15:45,363.075,363.1,362.8589,362.89,35813
AVGO,2026-09-11,15:46,362.93,362.975,362.71,362.72,31072
AVGO,2026-09-11,15:47,362.7,362.71,362.4,362.55,49638
AVGO,2026-09-11,15:48,362.5535,362.64,362.36,362.375,26251
AVGO,2026-09-11,15:49,362.35,362.585,362.34,362.495,33750
AVGO,2026-09-11,15:50,362.47,362.47,361.64,362.38,117869
AVGO,2026-09-11,15:51,362.36,362.5565,362.29,362.375,54077
AVGO,2026-09-11,15:52,362.38,362.435,362.18,362.225,55399
AVGO,2026-09-11,15:53,362.2,362.64,362.03,362.385,99923
AVGO,2026-09-11,15:54,362.4,362.67,362.25,362.25,90530
AVGO,2026-09-11,15:55,362.25,362.28,361.73,361.97,68677
AVGO,2026-09-11,15:56,361.95,362.04,361.79,362.04,78551
AVGO,2026-09-11,15:57,362.04,362.095,361.835,361.99,94447
AVGO,2026-09-11,15:58,361.99,362.07,361.75,361.815,133719
AVGO,2026-09-11,15:59,361.82,362.08,361.67,361.8,398223
AVGO,2026-09-11,16:00,361.99,361.99,361.99,361.99,0
AVGO,2026-09-14,09:30,349.46,349.68,347.78,348.39,1713068
AVGO,2026-09-14,09:31,348.45,350.25,347.62,347.85,329291
AVGO,2026-09-14,09:32,347.71,348.8818,347.2,348.3254,146872
AVGO,2026-09-14,09:33,348.21,348.3,347.16,347.22,130253
AVGO,2026-09-14,09:34,347.22,348.0338,346.91,347.3,97554
AVGO,2026-09-14,09:35,347.4,347.97,347.18,347.46,74316
AVGO,2026-09-14,09:36,347.35,347.465,346.17,346.17,112588
AVGO,2026-09-14,09:37,346.175,346.79,346.08,346.58,101521
AVGO,2026-09-14,09:38,346.68,347.09,346.38,346.7895,67994
AVGO,2026-09-14,09:39,346.745,347.5,346.745,346.88,86970
AVGO,2026-09-14,09:40,346.8075,347.3899,346.75,347.125,97394
AVGO,2026-09-14,09:41,347.15,347.98,347.135,347.6227,78264
AVGO,2026-09-14,09:42,347.61,348.26,347.52,348.25,87041
AVGO,2026-09-14,09:43,348.25,348.8375,347.9032,348.595,66747
AVGO,2026-09-14,09:44,348.6,348.68,347.75,347.795,62112
AVGO,2026-09-14,09:45,347.78,348.8,347.65,348.4,69786
AVGO,2026-09-14,09:46,348.395,349.1,348.24,348.85,75122
AVGO,2026-09-14,09:47,348.9,349.29,348.42,348.63,74632
AVGO,2026-09-14,09:48,348.51,349.085,348.3,348.9815,48076
AVGO,2026-09-14,09:49,348.88,349.28,348.88,349.12,65833
AVGO,2026-09-14,09:50,349.09,349.225,348.55,348.595,73920
AVGO,2026-09-14,09:51,348.56,348.56,347.53,347.82,114516
AVGO,2026-09-14,09:52,347.77,348.32,347.71,348.26,56168
AVGO,2026-09-14,09:53,348.19,348.4895,347.78,348.4895,53488
AVGO,2026-09-14,09:54,348.435,348.63,348.12,348.121,52108
AVGO,2026-09-14,09:55,348.12,348.44,347.45,347.56,54653
AVGO,2026-09-14,09:56,347.61,347.63,347.27,347.395,41481
AVGO,2026-09-14,09:57,347.4,347.4584,347.09,347.23,49422
AVGO,2026-09-14,09:58,347.2232,347.76,347.17,347.485,49896
AVGO,2026-09-14,09:59,347.48,347.59,347.3,347.435,46107
AVGO,2026-09-14,10:00,347.43,347.9499,347.35,347.74,39239
AVGO,2026-09-14,10:01,347.73,348.1399,347.73,347.97,42891
AVGO,2026-09-14,10:02,347.98,348.03,347.06,347.13,112322
AVGO,2026-09-14,10:03,347.125,347.4599,347,347.2634,67516
AVGO,2026-09-14,10:04,347.16,347.49,347,347.115,76898
AVGO,2026-09-14,10:05,347.1,347.44,346.95,347.05,50402
AVGO,2026-09-14,10:06,347.05,347.81,347.04,347.74,52269
AVGO,2026-09-14,10:07,347.6537,347.97,347.6472,347.89,46981
AVGO,2026-09-14,10:08,347.87,348.37,347.82,348.0699,111583
AVGO,2026-09-14,10:09,348.035,348.2846,347.9479,348.0829,69200
AVGO,2026-09-14,10:10,348.1,348.55,348.1,348.185,77993
AVGO,2026-09-14,10:11,348.185,348.53,348.0665,348.32,64621
AVGO,2026-09-14,10:12,348.33,348.49,348.21,348.28,48792
AVGO,2026-09-14,10:13,348.2636,348.42,347.7463,347.865,61975
AVGO,2026-09-14,10:14,347.91,348.08,347.385,347.385,46980
AVGO,2026-09-14,10:15,347.43,347.556,347.3,347.48,65705
AVGO,2026-09-14,10:16,347.48,347.52,346.9762,347.03,73400
AVGO,2026-09-14,10:17,347.03,347.43,346.78,347.06,95745
AVGO,2026-09-14,10:18,347.03,347.208,346.45,346.6,91015
AVGO,2026-09-14,10:19,346.53,346.69,346.405,346.63,65729
AVGO,2026-09-14,10:20,346.56,346.56,345.92,346.02,132800
AVGO,2026-09-14,10:21,346.025,346.13,345.76,345.9906,76724
AVGO,2026-09-14,10:22,345.99,345.99,345.71,345.83,54014
AVGO,2026-09-14,10:23,345.85,346.195,345.71,346.06,56142
AVGO,2026-09-14,10:24,346.02,346.23,345.85,346.08,52585
AVGO,2026-09-14,10:25,346.06,346.14,345.88,345.9,56209
AVGO,2026-09-14,10:26,345.9,345.94,345.71,345.83,41727
AVGO,2026-09-14,10:27,345.79,346.35,345.7,346.3441,47798
AVGO,2026-09-14,10:28,346.335,346.4,345.89,345.92,66701
AVGO,2026-09-14,10:29,345.99,346.2,345.83,345.98,54652
AVGO,2026-09-14,10:30,345.9925,346.33,345.86,346.065,44981
AVGO,2026-09-14,10:31,346.06,346.2199,346.01,346.11,56303
AVGO,2026-09-14,10:32,346.11,346.42,345.95,346.3,74115
AVGO,2026-09-14,10:33,346.3,346.33,345.69,345.74,61431
AVGO,2026-09-14,10:34,345.77,346.09,345.55,346.04,81767
AVGO,2026-09-14,10:35,346.03,346.03,345.24,345.305,90387
AVGO,2026-09-14,10:36,345.28,345.5,344.5601,344.605,292917
AVGO,2026-09-14,10:37,344.595,345.17,344.54,345.1,103228
AVGO,2026-09-14,10:38,345.11,345.11,344.61,344.72,59548
AVGO,2026-09-14,10:39,344.71,344.87,344.68,344.75,54878
AVGO,2026-09-14,10:40,344.76,345,344.76,344.86,43756
AVGO,2026-09-14,10:41,344.875,345.165,344.73,344.77,77246
AVGO,2026-09-14,10:42,344.785,345.07,344.765,345.06,39888
AVGO,2026-09-14,10:43,345,345.015,344.79,344.925,40462
AVGO,2026-09-14,10:44,344.925,345.19,344.8501,344.98,65094
AVGO,2026-09-14,10:45,344.99,345.145,344.935,345.135,91783
AVGO,2026-09-14,10:46,345.1,345.14,344.85,344.944,50655
AVGO,2026-09-14,10:47,344.96,344.98,344.44,344.605,129070
AVGO,2026-09-14,10:48,344.7,344.9999,344.45,344.5,48196
AVGO,2026-09-14,10:49,344.45,344.535,344.15,344.31,105198
AVGO,2026-09-14,10:50,344.27,344.31,344,344.205,82190
AVGO,2026-09-14,10:51,344.205,344.44,344.2,344.225,78381
AVGO,2026-09-14,10:52,344.15,344.22,343.91,344.015,89066
AVGO,2026-09-14,10:53,343.98,344.39,343.98,344.1109,55937
AVGO,2026-09-14,10:54,344.095,344.37,344,344.2742,51483
AVGO,2026-09-14,10:55,344.25,344.3,344.11,344.23,45271
AVGO,2026-09-14,10:56,344.19,344.37,344.15,344.335,38639
AVGO,2026-09-14,10:57,344.344,344.42,344.28,344.36,49011
AVGO,2026-09-14,10:58,344.33,344.357,344.0413,344.19,37809
AVGO,2026-09-14,10:59,344.24,344.3799,344.08,344.3799,41552
AVGO,2026-09-14,11:00,344.3,344.5498,344.1,344.5498,47541
AVGO,2026-09-14,11:01,344.52,344.59,344.29,344.4,50824
AVGO,2026-09-14,11:02,344.4,344.49,344.245,344.26,49568
AVGO,2026-09-14,11:03,344.29,344.31,344.1,344.245,35069
AVGO,2026-09-14,11:04,344.245,344.38,343.92,343.97,70983
AVGO,2026-09-14,11:05,343.941,345,343.92,344.51,122774
AVGO,2026-09-14,11:06,344.54,345.25,344.43,344.9359,100244
AVGO,2026-09-14,11:07,344.91,344.955,344.58,344.81,52686
AVGO,2026-09-14,11:08,344.82,344.97,344.61,344.905,43566
AVGO,2026-09-14,11:09,344.905,345.14,344.7401,344.84,47920
AVGO,2026-09-14,11:10,344.84,344.95,344.57,344.605,37905
AVGO,2026-09-14,11:11,344.5923,344.63,344.305,344.395,48344
AVGO,2026-09-14,11:12,344.36,344.44,344.19,344.325,34193
AVGO,2026-09-14,11:13,344.325,344.44,344.22,344.33,40854
AVGO,2026-09-14,11:14,344.29,344.67,344.29,344.48,39081
AVGO,2026-09-14,11:15,344.448,344.94,344.44,344.7801,37048
AVGO,2026-09-14,11:16,344.835,345.1,344.7,344.95,42578
AVGO,2026-09-14,11:17,345.005,345.29,344.91,345.16,49846
AVGO,2026-09-14,11:18,345.15,345.18,344.92,344.945,30371
AVGO,2026-09-14,11:19,344.95,344.95,344.69,344.69,40104
AVGO,2026-09-14,11:20,344.74,344.83,344.61,344.67,34792
AVGO,2026-09-14,11:21,344.72,344.9192,344.65,344.79,39669
AVGO,2026-09-14,11:22,344.83,344.95,344.7,344.71,34852
AVGO,2026-09-14,11:23,344.75,345.1,344.74,345.025,66787
AVGO,2026-09-14,11:24,345.025,345.49,345.025,345.36,84109
AVGO,2026-09-14,11:25,345.385,345.79,345.34,345.525,82845
AVGO,2026-09-14,11:26,345.56,345.8399,345.5,345.785,53036
AVGO,2026-09-14,11:27,345.8,346,345.7695,345.86,37805
AVGO,2026-09-14,11:28,345.89,346.07,345.55,345.64,68301
AVGO,2026-09-14,11:29,345.645,345.705,345.44,345.59,32197
AVGO,2026-09-14,11:30,345.52,345.77,345.5,345.77,28372
AVGO,2026-09-14,11:31,345.769,345.769,345.52,345.69,43000
AVGO,2026-09-14,11:32,345.72,346.46,345.67,346.3076,71382
AVGO,2026-09-14,11:33,346.29,346.84,346.2001,346.8,61733
AVGO,2026-09-14,11:34,346.716,346.95,346.65,346.855,68010
AVGO,2026-09-14,11:35,346.81,347,346.67,346.67,66850
AVGO,2026-09-14,11:36,346.675,347,346.58,346.86,71623
AVGO,2026-09-14,11:37,346.88,347.51,346.88,347.48,63565
AVGO,2026-09-14,11:38,347.54,347.54,347.25,347.321,75040
AVGO,2026-09-14,11:39,347.355,347.45,347.3,347.45,48213
AVGO,2026-09-14,11:40,347.44,347.66,347.19,347.45,52532
AVGO,2026-09-14,11:41,347.43,348.0699,347.3,347.97,48339
AVGO,2026-09-14,11:42,347.94,348.08,347.56,347.695,54455
AVGO,2026-09-14,11:43,347.68,348.1,347.66,348.055,41792
AVGO,2026-09-14,11:44,348.04,348.17,347.81,347.88,41486
AVGO,2026-09-14,11:45,347.905,347.93,347.72,347.84,27409
AVGO,2026-09-14,11:46,347.83,347.99,347.72,347.99,35289
AVGO,2026-09-14,11:47,347.99,348.2999,347.99,348.26,46716
AVGO,2026-09-14,11:48,348.2497,348.2497,347.72,347.79,58768
AVGO,2026-09-14,11:49,347.75,347.8299,347.35,347.35,32294
AVGO,2026-09-14,11:50,347.4,347.44,347.02,347.1294,42939
AVGO,2026-09-14,11:51,347.14,347.4512,347.0387,347.4512,26774
AVGO,2026-09-14,11:52,347.42,347.62,347.42,347.505,22721
AVGO,2026-09-14,11:53,347.505,347.515,347.31,347.46,22782
AVGO,2026-09-14,11:54,347.43,347.49,347.16,347.41,26182
AVGO,2026-09-14,11:55,347.41,347.41,346.92,346.97,29342
AVGO,2026-09-14,11:56,346.93,347.015,346.72,346.945,41478
AVGO,2026-09-14,11:57,346.985,347.17,346.95,347.1401,21150
AVGO,2026-09-14,11:58,347.17,347.3235,347,347.07,34411
AVGO,2026-09-14,11:59,347.03,347.21,346.87,346.95,30930
AVGO,2026-09-14,12:00,346.88,346.99,346.5,346.59,27134
AVGO,2026-09-14,12:01,346.545,346.63,346.45,346.54,26262
AVGO,2026-09-14,12:02,346.54,346.65,346.45,346.455,29884
AVGO,2026-09-14,12:03,346.44,346.665,346.43,346.44,26429
AVGO,2026-09-14,12:04,346.472,346.472,346.16,346.225,22969
AVGO,2026-09-14,12:05,346.234,346.41,346.15,346.41,28513
AVGO,2026-09-14,12:06,346.385,346.42,346.06,346.06,48943
AVGO,2026-09-14,12:07,346.1175,346.2151,345.91,346.12,40131
AVGO,2026-09-14,12:08,346.14,346.146,345.9439,346.02,23398
AVGO,2026-09-14,12:09,346,346.1,345.9,346.055,23891
AVGO,2026-09-14,12:10,345.96,346.37,345.96,346.245,32047
AVGO,2026-09-14,12:11,346.2,346.3499,346.18,346.265,14808
AVGO,2026-09-14,12:12,346.2651,346.3499,346.2,346.3171,34195
AVGO,2026-09-14,12:13,346.34,346.34,346.05,346.13,41839
AVGO,2026-09-14,12:14,346.145,346.27,346.08,346.2133,41407
AVGO,2026-09-14,12:15,346.19,347.18,346.19,346.895,111841
AVGO,2026-09-14,12:16,346.82,347.19,346.8,347.13,46496
AVGO,2026-09-14,12:17,347.13,347.16,346.81,346.98,30004
AVGO,2026-09-14,12:18,347.025,347.14,346.9101,347.01,22601
AVGO,2026-09-14,12:19,346.945,347.08,346.82,346.955,37769
AVGO,2026-09-14,12:20,346.955,346.99,346.67,346.815,40822
AVGO,2026-09-14,12:21,346.8205,346.9299,346.68,346.72,21837
AVGO,2026-09-14,12:22,346.71,346.88,346.71,346.81,19923
AVGO,2026-09-14,12:23,346.81,347.2198,346.764,347.19,36978
AVGO,2026-09-14,12:24,347.2,347.23,346.96,347.025,22958
AVGO,2026-09-14,12:25,347.025,347.0699,346.8,346.825,20943
AVGO,2026-09-14,12:26,346.76,346.805,346.53,346.6,22397
AVGO,2026-09-14,12:27,346.61,346.64,346.42,346.575,26596
AVGO,2026-09-14,12:28,346.62,346.62,346.3,346.36,13916
AVGO,2026-09-14,12:29,346.34,346.42,346.3,346.34,37036
AVGO,2026-09-14,12:30,346.335,346.4395,346.22,346.25,23572
AVGO,2026-09-14,12:31,346.28,346.44,346.06,346.0871,48917
AVGO,2026-09-14,12:32,346.1,346.32,346.0708,346.09,24533
AVGO,2026-09-14,12:33,346.13,346.19,346.08,346.08,19782
AVGO,2026-09-14,12:34,346.1,346.2382,346,346.0552,33190
AVGO,2026-09-14,12:35,346.04,346.0816,345.86,346.077,48739
AVGO,2026-09-14,12:36,346.045,346.18,346.03,346.12,19370
AVGO,2026-09-14,12:37,346.12,346.31,346.05,346.225,27527
AVGO,2026-09-14,12:38,346.22,346.461,346.16,346.4,24154
AVGO,2026-09-14,12:39,346.395,346.5,346.35,346.415,40128
AVGO,2026-09-14,12:40,346.46,346.4821,346.25,346.28,15262
AVGO,2026-09-14,12:41,346.24,346.325,346.08,346.18,24144
AVGO,2026-09-14,12:42,346.17,346.6,346.17,346.6,21163
AVGO,2026-09-14,12:43,346.54,346.745,346.51,346.605,34063
AVGO,2026-09-14,12:44,346.605,346.845,346.56,346.83,21671
AVGO,2026-09-14,12:45,346.86,346.87,346.67,346.715,27631
AVGO,2026-09-14,12:46,346.715,346.81,346.62,346.685,24973
AVGO,2026-09-14,12:47,346.665,347.165,346.63,347.1393,49828
AVGO,2026-09-14,12:48,347.11,347.59,347.0001,347.56,51852
AVGO,2026-09-14,12:49,347.59,347.72,347.22,347.28,28115
AVGO,2026-09-14,12:50,347.28,347.43,347.11,347.29,26665
AVGO,2026-09-14,12:51,347.34,347.47,347.3,347.45,37453
AVGO,2026-09-14,12:52,347.49,347.49,347.2665,347.475,21434
AVGO,2026-09-14,12:53,347.475,347.475,347.25,347.32,18261
AVGO,2026-09-14,12:54,347.295,347.34,347.09,347.105,27321
AVGO,2026-09-14,12:55,347.1049,347.23,347.0601,347.175,25109
AVGO,2026-09-14,12:56,347.175,347.175,346.95,347.02,21647
AVGO,2026-09-14,12:57,347.0056,347.08,346.8853,346.905,22398
AVGO,2026-09-14,12:58,346.88,346.95,346.76,346.76,20523
AVGO,2026-09-14,12:59,346.785,346.82,346.67,346.755,23447
AVGO,2026-09-14,13:00,346.72,346.81,346.62,346.765,24819
AVGO,2026-09-14,13:01,346.75,346.79,346.63,346.75,18834
AVGO,2026-09-14,13:02,346.72,347.05,346.72,347.0022,33110
AVGO,2026-09-14,13:03,347.01,347.033,346.78,346.88,17650
AVGO,2026-09-14,13:04,346.85,347.02,346.85,347,16056
AVGO,2026-09-14,13:05,346.99,347.02,346.88,346.984,30789
AVGO,2026-09-14,13:06,346.98,347,346.89,346.905,26844
AVGO,2026-09-14,13:07,346.88,346.96,346.81,346.86,22013
AVGO,2026-09-14,13:08,346.9,346.9,346.72,346.83,29435
AVGO,2026-09-14,13:09,346.8105,346.9,346.71,346.86,26734
AVGO,2026-09-14,13:10,346.89,346.93,346.82,346.855,17514
AVGO,2026-09-14,13:11,346.855,346.99,346.84,346.94,19016
AVGO,2026-09-14,13:12,346.94,347.21,346.94,347.05,33110
AVGO,2026-09-14,13:13,347.01,347.11,346.85,346.87,18165
AVGO,2026-09-14,13:14,346.86,346.93,346.77,346.81,35346
AVGO,2026-09-14,13:15,346.8,346.85,346.75,346.75,22893
AVGO,2026-09-14,13:16,346.755,346.93,346.71,346.88,24169
AVGO,2026-09-14,13:17,346.85,346.9823,346.8,346.8,19501
AVGO,2026-09-14,13:18,346.835,346.835,346.55,346.612,24013
AVGO,2026-09-14,13:19,346.6324,346.81,346.6324,346.795,19634
AVGO,2026-09-14,13:20,346.79,346.91,346.7008,346.89,15945
AVGO,2026-09-14,13:21,346.86,346.918,346.68,346.68,30585
AVGO,2026-09-14,13:22,346.76,346.9,346.65,346.8795,31308
AVGO,2026-09-14,13:23,346.88,346.98,346.86,346.9,15286
AVGO,2026-09-14,13:24,346.9399,346.9399,346.8,346.92,18999
AVGO,2026-09-14,13:25,346.8531,346.97,346.78,346.8,20853
AVGO,2026-09-14,13:26,346.85,346.85,346.55,346.77,26790
AVGO,2026-09-14,13:27,346.77,346.78,346.71,346.75,18461
AVGO,2026-09-14,13:28,346.755,346.84,346.67,346.84,29068
AVGO,2026-09-14,13:29,346.855,347.01,346.8115,347,21374
AVGO,2026-09-14,13:30,346.975,346.99,346.7915,346.84,19513
AVGO,2026-09-14,13:31,346.86,346.86,346.7,346.745,24816
AVGO,2026-09-14,13:32,346.74,346.865,346.72,346.83,28176
AVGO,2026-09-14,13:33,346.83,346.83,346.62,346.715,21108
AVGO,2026-09-14,13:34,346.6801,346.8,346.6801,346.8,21665
AVGO,2026-09-14,13:35,346.775,346.775,346.6,346.64,22264
AVGO,2026-09-14,13:36,346.665,346.72,346.63,346.64,21356
AVGO,2026-09-14,13:37,346.625,346.695,346.5,346.66,25391
AVGO,2026-09-14,13:38,346.5987,346.73,346.5987,346.68,19873
AVGO,2026-09-14,13:39,346.66,346.73,346.6,346.71,17793
AVGO,2026-09-14,13:40,346.7,346.7,346.57,346.68,17630
AVGO,2026-09-14,13:41,346.68,346.72,346.6,346.69,470833
AVGO,2026-09-14,13:42,346.675,346.73,346.66,346.6899,17651
AVGO,2026-09-14,13:43,346.69,346.73,346.62,346.73,15823
AVGO,2026-09-14,13:44,346.7239,346.74,346.34,346.35,45119
AVGO,2026-09-14,13:45,346.3107,346.43,346.17,346.38,91994
AVGO,2026-09-14,13:46,346.32,346.49,346.31,346.46,31706
AVGO,2026-09-14,13:47,346.43,346.45,346.37,346.39,12537
AVGO,2026-09-14,13:48,346.3996,346.4699,346.3817,346.4099,17337
AVGO,2026-09-14,13:49,346.4,346.43,346.35,346.4,16974
AVGO,2026-09-14,13:50,346.39,346.46,346.32,346.3252,25582
AVGO,2026-09-14,13:51,346.34,346.41,346.32,346.32,17296
AVGO,2026-09-14,13:52,346.3399,346.53,346.32,346.521,32457
AVGO,2026-09-14,13:53,346.53,346.59,346.33,346.355,16028
AVGO,2026-09-14,13:54,346.38,346.3947,346.26,346.2676,24586
AVGO,2026-09-14,13:55,346.28,346.3,346.19,346.22,20918
AVGO,2026-09-14,13:56,346.215,346.26,346.18,346.22,23576
AVGO,2026-09-14,13:57,346.235,346.27,346.11,346.145,22188
AVGO,2026-09-14,13:58,346.145,346.255,346.11,346.2,29386
AVGO,2026-09-14,13:59,346.22,346.27,346.17,346.2424,18341
AVGO,2026-09-14,14:00,346.25,346.525,346.25,346.37,28972
AVGO,2026-09-14,14:01,346.36,346.42,346.25,346.27,15990
AVGO,2026-09-14,14:02,346.28,346.36,346.26,346.27,18823
AVGO,2026-09-14,14:03,346.2596,346.375,346.21,346.325,22145
AVGO,2026-09-14,14:04,346.325,346.45,346.31,346.3299,19815
AVGO,2026-09-14,14:05,346.37,346.43,346.26,346.41,14955
AVGO,2026-09-14,14:06,346.43,346.6,346.3951,346.545,23001
AVGO,2026-09-14,14:07,346.53,346.6,346.43,346.59,23825
AVGO,2026-09-14,14:08,346.59,346.61,346.52,346.52,16828
AVGO,2026-09-14,14:09,346.535,346.61,346.51,346.53,18487
AVGO,2026-09-14,14:10,346.5491,346.555,346.45,346.495,18966
AVGO,2026-09-14,14:11,346.5,346.54,346.42,346.435,15884
AVGO,2026-09-14,14:12,346.445,346.48,346.3913,346.425,19701
AVGO,2026-09-14,14:13,346.425,346.58,346.39,346.57,38047
AVGO,2026-09-14,14:14,346.545,346.7999,346.545,346.76,29922
AVGO,2026-09-14,14:15,346.75,346.92,346.65,346.895,31564
AVGO,2026-09-14,14:16,346.87,346.89,346.7,346.7,18866
AVGO,2026-09-14,14:17,346.74,346.74,346.4798,346.4798,16302
AVGO,2026-09-14,14:18,346.505,346.63,346.4701,346.63,24756
AVGO,2026-09-14,14:19,346.6299,346.63,346.55,346.615,27910
AVGO,2026-09-14,14:20,346.585,346.62,346.53,346.53,10595
AVGO,2026-09-14,14:21,346.555,346.59,346.4,346.46,22416
AVGO,2026-09-14,14:22,346.45,346.47,346.35,346.37,21105
AVGO,2026-09-14,14:23,346.37,346.43,346.31,346.34,18991
AVGO,2026-09-14,14:24,346.36,346.47,346.35,346.45,21207
AVGO,2026-09-14,14:25,346.425,346.45,346.3303,346.345,22007
AVGO,2026-09-14,14:26,346.35,346.39,346.3,346.315,13213
AVGO,2026-09-14,14:27,346.2901,346.34,346.01,346.0101,29360
AVGO,2026-09-14,14:28,346.0681,346.0681,345.77,345.82,67547
AVGO,2026-09-14,14:29,345.82,346.01,345.78,345.975,24388
AVGO,2026-09-14,14:30,345.965,346.12,345.93,346.12,35051
AVGO,2026-09-14,14:31,346.15,346.15,346,346.06,38540
AVGO,2026-09-14,14:32,346.045,346.15,346.02,346.06,24252
AVGO,2026-09-14,14:33,346.04,346.2841,346.04,346.23,24348
AVGO,2026-09-14,14:34,346.24,346.35,346.17,346.3,32358
AVGO,2026-09-14,14:35,346.26,346.29,346.13,346.1924,39837
AVGO,2026-09-14,14:36,346.185,346.25,346.0506,346.1095,20041
AVGO,2026-09-14,14:37,346.05,346.21,346.03,346.19,21612
AVGO,2026-09-14,14:38,346.16,346.19,346.0301,346.075,13087
AVGO,2026-09-14,14:39,346.075,346.12,346.0679,346.1,15260
AVGO,2026-09-14,14:40,346.1,346.1,345.96,346,24767
AVGO,2026-09-14,14:41,346.03,346.17,346.01,346.1351,35193
AVGO,2026-09-14,14:42,346.1,346.13,346.03,346.085,19076
AVGO,2026-09-14,14:43,346.085,346.35,346.07,346.3,24249
AVGO,2026-09-14,14:44,346.32,346.3265,346.16,346.2199,16386
AVGO,2026-09-14,14:45,346.19,346.27,346.1,346.195,31002
AVGO,2026-09-14,14:46,346.195,346.2499,345.9601,346,25755
AVGO,2026-09-14,14:47,345.995,346.22,345.97,346.1999,29073
AVGO,2026-09-14,14:48,346.1542,346.2399,346.1,346.19,16943
AVGO,2026-09-14,14:49,346.2299,346.28,346.1,346.28,21359
AVGO,2026-09-14,14:50,346.28,346.3588,346.15,346.17,25736
AVGO,2026-09-14,14:51,346.175,346.26,346.11,346.16,21314
AVGO,2026-09-14,14:52,346.2,346.36,346.1748,346.34,17871
AVGO,2026-09-14,14:53,346.34,346.61,346.34,346.515,32065
AVGO,2026-09-14,14:54,346.54,346.62,346.469,346.485,26723
AVGO,2026-09-14,14:55,346.47,346.47,346.33,346.365,29475
AVGO,2026-09-14,14:56,346.35,346.5,346.33,346.39,33613
AVGO,2026-09-14,14:57,346.375,346.44,346.33,346.335,22664
AVGO,2026-09-14,14:58,346.32,346.38,346.26,346.36,26246
AVGO,2026-09-14,14:59,346.36,346.465,346.32,346.44,36389
AVGO,2026-09-14,15:00,346.44,346.46,346.33,346.38,31858
AVGO,2026-09-14,15:01,346.4,346.5,346.297,346.3397,24146
AVGO,2026-09-14,15:02,346.34,346.37,346.2,346.23,37437
AVGO,2026-09-14,15:03,346.26,346.275,346.16,346.1608,25026
AVGO,2026-09-14,15:04,346.165,346.26,346.0702,346.235,30086
AVGO,2026-09-14,15:05,346.25,346.26,346.01,346.035,21500
AVGO,2026-09-14,15:06,346.035,346.17,345.87,345.87,46319
AVGO,2026-09-14,15:07,345.87,345.9628,345.86,345.87,22077
AVGO,2026-09-14,15:08,345.87,346.03,345.835,345.9909,35128
AVGO,2026-09-14,15:09,346.03,346.2599,346.03,346.155,22561
AVGO,2026-09-14,15:10,346.18,346.25,346.14,346.23,35060
AVGO,2026-09-14,15:11,346.23,346.29,346.14,346.275,24039
AVGO,2026-09-14,15:12,346.3,346.35,346.2,346.23,16517
AVGO,2026-09-14,15:13,346.205,346.42,346.03,346.0332,31390
AVGO,2026-09-14,15:14,346.02,346.0597,345.81,345.9,41264
AVGO,2026-09-14,15:15,345.95,345.95,345.72,345.73,39441
AVGO,2026-09-14,15:16,345.735,345.8,345.68,345.7,52852
AVGO,2026-09-14,15:17,345.7,345.74,345.54,345.565,35434
AVGO,2026-09-14,15:18,345.565,345.6,345.41,345.48,43141
AVGO,2026-09-14,15:19,345.48,345.5,345.38,345.47,29044
AVGO,2026-09-14,15:20,345.47,345.52,345.399,345.4,36885
AVGO,2026-09-14,15:21,345.42,345.45,345.31,345.365,27599
AVGO,2026-09-14,15:22,345.36,345.37,345.28,345.33,28630
AVGO,2026-09-14,15:23,345.29,345.33,345.17,345.17,43922
AVGO,2026-09-14,15:24,345.17,345.31,345.13,345.2574,31429
AVGO,2026-09-14,15:25,345.26,345.3,345.22,345.3,27936
AVGO,2026-09-14,15:26,345.3,345.3831,345.3,345.343,26299
AVGO,2026-09-14,15:27,345.33,345.47,345.31,345.41,26789
AVGO,2026-09-14,15:28,345.43,345.5,345.36,345.485,26488
AVGO,2026-09-14,15:29,345.47,345.55,345.35,345.37,32166
AVGO,2026-09-14,15:30,345.39,345.65,345.32,345.41,57531
AVGO,2026-09-14,15:31,345.41,345.53,345.3,345.3,40418
AVGO,2026-09-14,15:32,345.3,345.37,345.14,345.265,64207
AVGO,2026-09-14,15:33,345.24,345.29,344.76,344.81,113525
AVGO,2026-09-14,15:34,344.76,344.98,344.76,344.83,60141
AVGO,2026-09-14,15:35,344.795,344.87,344.58,344.58,60629
AVGO,2026-09-14,15:36,344.56,344.72,344.53,344.55,60625
AVGO,2026-09-14,15:37,344.51,344.59,344.43,344.45,65107
AVGO,2026-09-14,15:38,344.457,344.49,344.33,344.36,54584
AVGO,2026-09-14,15:39,344.33,344.42,344.26,344.4,54269
AVGO,2026-09-14,15:40,344.39,344.71,344.36,344.6822,103106
AVGO,2026-09-14,15:41,344.7,344.71,344.5,344.5771,57885
AVGO,2026-09-14,15:42,344.57,344.65,344.55,344.61,38678
AVGO,2026-09-14,15:43,344.58,344.6883,344.5725,344.6375,52196
AVGO,2026-09-14,15:44,344.65,344.71,344.56,344.61,58376
AVGO,2026-09-14,15:45,344.615,345.2,344.4,344.79,235145
AVGO,2026-09-14,15:46,344.76,344.8,344.56,344.7,62432
AVGO,2026-09-14,15:47,344.71,344.73,344.487,344.52,45251
AVGO,2026-09-14,15:48,344.52,344.7,344.4,344.7,109366
AVGO,2026-09-14,15:49,344.7,344.73,344.6201,344.685,56783
AVGO,2026-09-14,15:50,344.66,345.08,344.47,344.57,131710
AVGO,2026-09-14,15:51,344.56,344.7,344.38,344.44,97479
AVGO,2026-09-14,15:52,344.47,344.55,344.41,344.47,104744
AVGO,2026-09-14,15:53,344.5,344.65,344.34,344.65,128535
AVGO,2026-09-14,15:54,344.7,345.28,344.6905,345.2305,119303
AVGO,2026-09-14,15:55,345.11,345.245,344.66,344.71,201390
AVGO,2026-09-14,15:56,344.69,344.97,344.64,344.94,157918
AVGO,2026-09-14,15:57,344.905,345.17,344.8,345.03,166313
AVGO,2026-09-14,15:58,345.03,345.04,344.91,344.95,215245
AVGO,2026-09-14,15:59,344.98,345.09,344.36,344.82,503836
AVGO,2026-09-14,16:00,344.72,344.72,344.72,344.72,0
