symbol,date,time,open,high,low,close,volume
BMY,2026-09-09,09:30,64.57,64.755,64.42,64.505,133848
BMY,2026-09-09,09:31,64.505,64.69,64.42,64.44,28462
BMY,2026-09-09,09:32,64.5,64.57,64.47,64.47,13356
BMY,2026-09-09,09:33,64.505,64.605,64.415,64.605,25716
BMY,2026-09-09,09:34,64.57,64.5799,64.43,64.56,26535
BMY,2026-09-09,09:35,64.62,64.65,64.49,64.559,8535
BMY,2026-09-09,09:36,64.53,64.65,64.5101,64.625,10672
BMY,2026-09-09,09:37,64.67,64.749,64.67,64.7,7444
BMY,2026-09-09,09:38,64.73,64.73,64.67,64.69,3086
BMY,2026-09-09,09:39,64.67,64.74,64.65,64.69,48101
BMY,2026-09-09,09:40,64.6782,64.83,64.6782,64.83,18934
BMY,2026-09-09,09:41,64.835,64.84,64.66,64.6702,9494
BMY,2026-09-09,09:42,64.67,64.715,64.66,64.715,9969
BMY,2026-09-09,09:43,64.724,64.76,64.7,64.745,7334
BMY,2026-09-09,09:44,64.7644,64.89,64.7644,64.87,4821
BMY,2026-09-09,09:45,64.88,64.905,64.84,64.87,13109
BMY,2026-09-09,09:46,64.89,65.04,64.89,64.97,17951
BMY,2026-09-09,09:47,64.9997,65.04,64.98,65.04,7411
BMY,2026-09-09,09:48,65.05,65.05,64.89,64.9479,27086
BMY,2026-09-09,09:49,64.97,64.9899,64.91,64.955,7237
BMY,2026-09-09,09:50,64.94,64.94,64.79,64.81,7966
BMY,2026-09-09,09:51,64.8,64.92,64.8,64.92,9307
BMY,2026-09-09,09:52,64.9,64.965,64.9,64.949,9176
BMY,2026-09-09,09:53,64.94,64.974,64.91,64.94,7109
BMY,2026-09-09,09:54,64.9101,64.99,64.9,64.95,21788
BMY,2026-09-09,09:55,64.955,64.955,64.92,64.924,4801
BMY,2026-09-09,09:56,64.94,64.98,64.88,64.88,6249
BMY,2026-09-09,09:57,64.8648,64.92,64.85,64.85,8646
BMY,2026-09-09,09:58,64.84,64.87,64.82,64.82,7996
BMY,2026-09-09,09:59,64.7701,64.8,64.72,64.74,10675
BMY,2026-09-09,10:00,64.75,64.8,64.7,64.77,12202
BMY,2026-09-09,10:01,64.78,64.78,64.74,64.74,3076
BMY,2026-09-09,10:02,64.745,64.81,64.745,64.81,43719
BMY,2026-09-09,10:03,64.82,64.84,64.785,64.8,6293
BMY,2026-09-09,10:04,64.81,64.81,64.74,64.765,5075
BMY,2026-09-09,10:05,64.76,64.78,64.76,64.78,3656
BMY,2026-09-09,10:06,64.76,64.76,64.67,64.67,9910
BMY,2026-09-09,10:07,64.66,64.68,64.655,64.67,5871
BMY,2026-09-09,10:08,64.63,64.69,64.62,64.68,5686
BMY,2026-09-09,10:09,64.67,64.76,64.67,64.695,9313
BMY,2026-09-09,10:10,64.6986,64.71,64.64,64.655,8551
BMY,2026-09-09,10:11,64.67,64.72,64.67,64.69,4801
BMY,2026-09-09,10:12,64.7,64.72,64.66,64.69,7624
BMY,2026-09-09,10:13,64.705,64.745,64.69,64.72,12607
BMY,2026-09-09,10:14,64.71,64.72,64.7,64.72,7003
BMY,2026-09-09,10:15,64.7,64.8,64.69,64.79,12403
BMY,2026-09-09,10:16,64.795,64.88,64.76,64.88,11202
BMY,2026-09-09,10:17,64.88,64.9199,64.855,64.9,6962
BMY,2026-09-09,10:18,64.89,64.9,64.86,64.89,7028
BMY,2026-09-09,10:19,64.885,64.885,64.855,64.88,4333
BMY,2026-09-09,10:20,64.88,64.9,64.86,64.88,6762
BMY,2026-09-09,10:21,64.89,64.91,64.855,64.875,13124
BMY,2026-09-09,10:22,64.875,64.925,64.855,64.855,9316
BMY,2026-09-09,10:23,64.85,64.85,64.82,64.83,6179
BMY,2026-09-09,10:24,64.83,64.83,64.7,64.71,17678
BMY,2026-09-09,10:25,64.72,64.73,64.655,64.685,9424
BMY,2026-09-09,10:26,64.685,64.69,64.66,64.665,7327
BMY,2026-09-09,10:27,64.68,64.74,64.68,64.73,6324
BMY,2026-09-09,10:28,64.73,64.74,64.71,64.73,9683
BMY,2026-09-09,10:29,64.75,64.75,64.65,64.675,18069
BMY,2026-09-09,10:30,64.69,64.735,64.69,64.695,14729
BMY,2026-09-09,10:31,64.7,64.7,64.64,64.645,8594
BMY,2026-09-09,10:32,64.645,64.65,64.57,64.58,12588
BMY,2026-09-09,10:33,64.57,64.6,64.51,64.6,14895
BMY,2026-09-09,10:34,64.6,64.6,64.53,64.53,15797
BMY,2026-09-09,10:35,64.55,64.6,64.55,64.595,7051
BMY,2026-09-09,10:36,64.61,64.62,64.565,64.595,7837
BMY,2026-09-09,10:37,64.595,64.62,64.57,64.59,9364
BMY,2026-09-09,10:38,64.59,64.61,64.5,64.51,12682
BMY,2026-09-09,10:39,64.51,64.58,64.51,64.58,7870
BMY,2026-09-09,10:40,64.58,64.59,64.57,64.59,5105
BMY,2026-09-09,10:41,64.59,64.61,64.545,64.55,7222
BMY,2026-09-09,10:42,64.54,64.545,64.53,64.53,4861
BMY,2026-09-09,10:43,64.52,64.52,64.47,64.48,5890
BMY,2026-09-09,10:44,64.485,64.52,64.485,64.505,6539
BMY,2026-09-09,10:45,64.5,64.51,64.47,64.5,4978
BMY,2026-09-09,10:46,64.485,64.5,64.45,64.46,8128
BMY,2026-09-09,10:47,64.46,64.47,64.44,64.44,7174
BMY,2026-09-09,10:48,64.45,64.5,64.44,64.5,20351
BMY,2026-09-09,10:49,64.5,64.5,64.43,64.445,5604
BMY,2026-09-09,10:50,64.46,64.48,64.43,64.47,11108
BMY,2026-09-09,10:51,64.47,64.475,64.44,64.44,5656
BMY,2026-09-09,10:52,64.47,64.5,64.44,64.47,3211
BMY,2026-09-09,10:53,64.4755,64.51,64.4755,64.5,8637
BMY,2026-09-09,10:54,64.505,64.52,64.49,64.5,3787
BMY,2026-09-09,10:55,64.49,64.5,64.48,64.49,6693
BMY,2026-09-09,10:56,64.5,64.5,64.46,64.48,9651
BMY,2026-09-09,10:57,64.48,64.52,64.48,64.5,7784
BMY,2026-09-09,10:58,64.5,64.5,64.465,64.49,6527
BMY,2026-09-09,10:59,64.48,64.5,64.46,64.5,8784
BMY,2026-09-09,11:00,64.51,64.52,64.48,64.51,5858
BMY,2026-09-09,11:01,64.49,64.58,64.485,64.58,5336
BMY,2026-09-09,11:02,64.565,64.565,64.515,64.52,7657
BMY,2026-09-09,11:03,64.52,64.525,64.45,64.48,10494
BMY,2026-09-09,11:04,64.465,64.465,64.435,64.445,3027
BMY,2026-09-09,11:05,64.46,64.46,64.42,64.435,3415
BMY,2026-09-09,11:06,64.44,64.48,64.44,64.45,7072
BMY,2026-09-09,11:07,64.455,64.49,64.45,64.49,12983
BMY,2026-09-09,11:08,64.48,64.49,64.44,64.44,5389
BMY,2026-09-09,11:09,64.46,64.48,64.35,64.386,14252
BMY,2026-09-09,11:10,64.37,64.385,64.35,64.385,7953
BMY,2026-09-09,11:11,64.385,64.385,64.36,64.375,5831
BMY,2026-09-09,11:12,64.375,64.475,64.36,64.46,14095
BMY,2026-09-09,11:13,64.47,64.54,64.47,64.495,4398
BMY,2026-09-09,11:14,64.51,64.55,64.495,64.54,9069
BMY,2026-09-09,11:15,64.53,64.53,64.47,64.475,5133
BMY,2026-09-09,11:16,64.475,64.475,64.45,64.455,3390
BMY,2026-09-09,11:17,64.48,64.48,64.42,64.45,9729
BMY,2026-09-09,11:18,64.46,64.4799,64.45,64.465,5627
BMY,2026-09-09,11:19,64.47,64.47,64.45,64.465,3020
BMY,2026-09-09,11:20,64.47,64.48,64.45,64.455,6903
BMY,2026-09-09,11:21,64.47,64.48,64.46,64.47,2115
BMY,2026-09-09,11:22,64.46,64.5,64.455,64.48,6414
BMY,2026-09-09,11:23,64.49,64.56,64.48,64.53,15087
BMY,2026-09-09,11:24,64.53,64.56,64.5,64.53,10898
BMY,2026-09-09,11:25,64.51,64.52,64.494,64.5,7167
BMY,2026-09-09,11:26,64.51,64.51,64.48,64.5,6022
BMY,2026-09-09,11:27,64.5,64.51,64.47,64.47,10456
BMY,2026-09-09,11:28,64.475,64.48,64.44,64.46,8592
BMY,2026-09-09,11:29,64.47,64.49,64.45,64.46,14813
BMY,2026-09-09,11:30,64.465,64.48,64.46,64.475,9056
BMY,2026-09-09,11:31,64.4801,64.4801,64.45,64.46,8479
BMY,2026-09-09,11:32,64.46,64.47,64.41,64.41,17077
BMY,2026-09-09,11:33,64.41,64.43,64.4,64.4,8560
BMY,2026-09-09,11:34,64.395,64.4252,64.39,64.42,9500
BMY,2026-09-09,11:35,64.41,64.42,64.39,64.39,5914
BMY,2026-09-09,11:36,64.3866,64.41,64.38,64.4,4805
BMY,2026-09-09,11:37,64.39,64.4,64.38,64.39,7437
BMY,2026-09-09,11:38,64.39,64.39,64.37,64.375,9267
BMY,2026-09-09,11:39,64.39,64.41,64.38,64.4,17479
BMY,2026-09-09,11:40,64.39,64.43,64.39,64.41,11864
BMY,2026-09-09,11:41,64.42,64.45,64.4,64.415,12630
BMY,2026-09-09,11:42,64.415,64.45,64.415,64.435,5057
BMY,2026-09-09,11:43,64.42,64.44,64.42,64.42,4816
BMY,2026-09-09,11:44,64.41,64.41,64.39,64.4081,5555
BMY,2026-09-09,11:45,64.41,64.42,64.3443,64.364,6298
BMY,2026-09-09,11:46,64.35,64.36,64.34,64.345,7540
BMY,2026-09-09,11:47,64.355,64.39,64.34,64.385,14451
BMY,2026-09-09,11:48,64.39,64.41,64.375,64.395,9457
BMY,2026-09-09,11:49,64.395,64.425,64.39,64.4,11984
BMY,2026-09-09,11:50,64.4,64.42,64.37,64.37,10684
BMY,2026-09-09,11:51,64.38,64.41,64.38,64.39,14044
BMY,2026-09-09,11:52,64.4,64.42,64.385,64.385,7360
BMY,2026-09-09,11:53,64.385,64.385,64.365,64.38,6243
BMY,2026-09-09,11:54,64.405,64.405,64.37,64.39,5851
BMY,2026-09-09,11:55,64.38,64.405,64.37,64.38,12383
BMY,2026-09-09,11:56,64.37,64.41,64.365,64.41,11954
BMY,2026-09-09,11:57,64.4,64.42,64.395,64.41,9878
BMY,2026-09-09,11:58,64.41,64.415,64.39,64.39,9432
BMY,2026-09-09,11:59,64.38,64.39,64.3699,64.375,12918
BMY,2026-09-09,12:00,64.37,64.37,64.35,64.37,8302
BMY,2026-09-09,12:01,64.37,64.41,64.37,64.4038,10362
BMY,2026-09-09,12:02,64.41,64.43,64.405,64.43,7522
BMY,2026-09-09,12:03,64.43,64.44,64.425,64.425,5339
BMY,2026-09-09,12:04,64.425,64.425,64.4,64.41,6283
BMY,2026-09-09,12:05,64.41,64.41,64.365,64.37,7367
BMY,2026-09-09,12:06,64.37,64.405,64.365,64.405,4709
BMY,2026-09-09,12:07,64.42,64.425,64.39,64.4,8250
BMY,2026-09-09,12:08,64.39,64.4,64.33,64.33,12039
BMY,2026-09-09,12:09,64.34,64.36,64.32,64.355,9994
BMY,2026-09-09,12:10,64.355,64.37,64.34,64.34,7921
BMY,2026-09-09,12:11,64.33,64.33,64.29,64.32,10313
BMY,2026-09-09,12:12,64.33,64.365,64.325,64.36,12765
BMY,2026-09-09,12:13,64.37,64.385,64.355,64.385,7865
BMY,2026-09-09,12:14,64.385,64.4,64.3701,64.4,5553
BMY,2026-09-09,12:15,64.4,64.4,64.38,64.385,3911
BMY,2026-09-09,12:16,64.38,64.39,64.36,64.37,5240
BMY,2026-09-09,12:17,64.37,64.42,64.37,64.41,7077
BMY,2026-09-09,12:18,64.405,64.405,64.38,64.38,7765
BMY,2026-09-09,12:19,64.375,64.38,64.3601,64.37,4903
BMY,2026-09-09,12:20,64.37,64.39,64.37,64.39,4699
BMY,2026-09-09,12:21,64.39,64.39,64.38,64.38,3275
BMY,2026-09-09,12:22,64.39,64.4,64.38,64.4,12362
BMY,2026-09-09,12:23,64.41,64.42,64.405,64.42,8833
BMY,2026-09-09,12:24,64.42,64.43,64.415,64.415,3730
BMY,2026-09-09,12:25,64.42,64.45,64.42,64.44,10488
BMY,2026-09-09,12:26,64.45,64.45,64.44,64.45,6125
BMY,2026-09-09,12:27,64.45,64.455,64.445,64.455,1674
BMY,2026-09-09,12:28,64.45,64.455,64.44,64.45,3703
BMY,2026-09-09,12:29,64.44,64.47,64.44,64.47,6447
BMY,2026-09-09,12:30,64.4682,64.4718,64.455,64.47,3721
BMY,2026-09-09,12:31,64.47,64.49,64.46,64.49,3534
BMY,2026-09-09,12:32,64.48,64.4819,64.472,64.48,3744
BMY,2026-09-09,12:33,64.48,64.49,64.465,64.48,5705
BMY,2026-09-09,12:34,64.48,64.48,64.455,64.48,3880
BMY,2026-09-09,12:35,64.48,64.49,64.47,64.49,3976
BMY,2026-09-09,12:36,64.49,64.49,64.45,64.455,5673
BMY,2026-09-09,12:37,64.45,64.455,64.44,64.45,4140
BMY,2026-09-09,12:38,64.44,64.46,64.44,64.45,7059
BMY,2026-09-09,12:39,64.45,64.4625,64.44,64.44,5829
BMY,2026-09-09,12:40,64.44,64.44,64.395,64.395,3579
BMY,2026-09-09,12:41,64.4,64.42,64.4,64.41,6298
BMY,2026-09-09,12:42,64.4,64.4081,64.38,64.385,6161
BMY,2026-09-09,12:43,64.385,64.415,64.385,64.41,6707
BMY,2026-09-09,12:44,64.41,64.43,64.4,64.43,6869
BMY,2026-09-09,12:45,64.425,64.4275,64.4,64.415,4780
BMY,2026-09-09,12:46,64.415,64.415,64.41,64.415,2965
BMY,2026-09-09,12:47,64.412,64.415,64.4117,64.415,3290
BMY,2026-09-09,12:48,64.415,64.415,64.405,64.405,6967
BMY,2026-09-09,12:49,64.41,64.42,64.395,64.41,9626
BMY,2026-09-09,12:50,64.42,64.43,64.4,64.4,8365
BMY,2026-09-09,12:51,64.395,64.4,64.395,64.395,2105
BMY,2026-09-09,12:52,64.39,64.3999,64.385,64.39,4219
BMY,2026-09-09,12:53,64.39,64.45,64.39,64.45,24020
BMY,2026-09-09,12:54,64.45,64.47,64.45,64.45,5538
BMY,2026-09-09,12:55,64.46,64.49,64.45,64.49,4651
BMY,2026-09-09,12:56,64.48,64.5,64.475,64.49,9492
BMY,2026-09-09,12:57,64.49,64.49,64.47,64.47,6016
BMY,2026-09-09,12:58,64.47,64.4999,64.46,64.49,8505
BMY,2026-09-09,12:59,64.4801,64.51,64.4801,64.5,7233
BMY,2026-09-09,13:00,64.5,64.5,64.45,64.455,4524
BMY,2026-09-09,13:01,64.455,64.46,64.45,64.46,4295
BMY,2026-09-09,13:02,64.465,64.49,64.46,64.49,3831
BMY,2026-09-09,13:03,64.48,64.495,64.48,64.48,4820
BMY,2026-09-09,13:04,64.48,64.51,64.48,64.495,5953
BMY,2026-09-09,13:05,64.495,64.495,64.48,64.48,5715
BMY,2026-09-09,13:06,64.485,64.525,64.48,64.525,3791
BMY,2026-09-09,13:07,64.525,64.535,64.52,64.535,5968
BMY,2026-09-09,13:08,64.535,64.535,64.5,64.5,11180
BMY,2026-09-09,13:09,64.505,64.505,64.465,64.465,3345
BMY,2026-09-09,13:10,64.465,64.51,64.465,64.51,3120
BMY,2026-09-09,13:11,64.5,64.51,64.48,64.49,5674
BMY,2026-09-09,13:12,64.495,64.5,64.49,64.5,1741
BMY,2026-09-09,13:13,64.5,64.5,64.48,64.49,7314
BMY,2026-09-09,13:14,64.49,64.5,64.49,64.5,1828
BMY,2026-09-09,13:15,64.5,64.5,64.5,64.5,606
BMY,2026-09-09,13:16,64.49,64.53,64.49,64.53,9708
BMY,2026-09-09,13:17,64.53,64.54,64.515,64.525,5682
BMY,2026-09-09,13:18,64.525,64.54,64.51,64.54,2821
BMY,2026-09-09,13:19,64.53,64.53,64.52,64.52,3937
BMY,2026-09-09,13:20,64.52,64.56,64.52,64.56,5910
BMY,2026-09-09,13:21,64.55,64.56,64.54,64.56,3319
BMY,2026-09-09,13:22,64.565,64.6,64.56,64.595,12767
BMY,2026-09-09,13:23,64.59,64.59,64.58,64.59,2868
BMY,2026-09-09,13:24,64.59,64.5979,64.58,64.58,5128
BMY,2026-09-09,13:25,64.575,64.575,64.555,64.57,5312
BMY,2026-09-09,13:26,64.56,64.57,64.555,64.565,6476
BMY,2026-09-09,13:27,64.555,64.57,64.55,64.565,2179
BMY,2026-09-09,13:28,64.57,64.58,64.55,64.565,6629
BMY,2026-09-09,13:29,64.57,64.6,64.565,64.6,5202
BMY,2026-09-09,13:30,64.6,64.62,64.6,64.61,13027
BMY,2026-09-09,13:31,64.61,64.63,64.6,64.62,5956
BMY,2026-09-09,13:32,64.62,64.63,64.62,64.625,2998
BMY,2026-09-09,13:33,64.625,64.63,64.601,64.62,13940
BMY,2026-09-09,13:34,64.63,64.6301,64.61,64.61,3103
BMY,2026-09-09,13:35,64.6,64.6,64.58,64.59,8279
BMY,2026-09-09,13:36,64.595,64.6,64.58,64.595,6343
BMY,2026-09-09,13:37,64.595,64.6,64.575,64.575,3936
BMY,2026-09-09,13:38,64.57,64.57,64.54,64.55,7001
BMY,2026-09-09,13:39,64.55,64.58,64.535,64.55,14081
BMY,2026-09-09,13:40,64.56,64.57,64.55,64.57,12418
BMY,2026-09-09,13:41,64.56,64.57,64.54,64.5688,6120
BMY,2026-09-09,13:42,64.57,64.585,64.57,64.575,4473
BMY,2026-09-09,13:43,64.575,64.5851,64.575,64.585,2742
BMY,2026-09-09,13:44,64.58,64.58,64.54,64.55,7498
BMY,2026-09-09,13:45,64.54,64.56,64.53,64.55,3296
BMY,2026-09-09,13:46,64.5599,64.56,64.54,64.56,6400
BMY,2026-09-09,13:47,64.56,64.57,64.56,64.56,2253
BMY,2026-09-09,13:48,64.56,64.58,64.56,64.58,5230
BMY,2026-09-09,13:49,64.58,64.605,64.58,64.59,6696
BMY,2026-09-09,13:50,64.59,64.6,64.59,64.6,2690
BMY,2026-09-09,13:51,64.61,64.625,64.6,64.62,4491
BMY,2026-09-09,13:52,64.62,64.62,64.61,64.62,4798
BMY,2026-09-09,13:53,64.62,64.625,64.62,64.625,2405
BMY,2026-09-09,13:54,64.625,64.635,64.615,64.63,8747
BMY,2026-09-09,13:55,64.625,64.63,64.6,64.615,2949
BMY,2026-09-09,13:56,64.615,64.63,64.56,64.56,5428
BMY,2026-09-09,13:57,64.56,64.57,64.56,64.57,3178
BMY,2026-09-09,13:58,64.57,64.595,64.57,64.59,9998
BMY,2026-09-09,13:59,64.5999,64.5999,64.575,64.58,4093
BMY,2026-09-09,14:00,64.58,64.61,64.58,64.61,5570
BMY,2026-09-09,14:01,64.61,64.62,64.6,64.61,4040
BMY,2026-09-09,14:02,64.61,64.635,64.61,64.62,5651
BMY,2026-09-09,14:03,64.615,64.645,64.615,64.63,5322
BMY,2026-09-09,14:04,64.64,64.66,64.64,64.66,3347
BMY,2026-09-09,14:05,64.66,64.66,64.64,64.64,4601
BMY,2026-09-09,14:06,64.645,64.65,64.63,64.63,5006
BMY,2026-09-09,14:07,64.63,64.64,64.62,64.62,8345
BMY,2026-09-09,14:08,64.61,64.6317,64.61,64.62,5486
BMY,2026-09-09,14:09,64.62,64.62,64.6,64.6,4640
BMY,2026-09-09,14:10,64.61,64.61,64.6,64.6,4805
BMY,2026-09-09,14:11,64.61,64.62,64.6,64.61,4210
BMY,2026-09-09,14:12,64.61,64.62,64.61,64.62,3495
BMY,2026-09-09,14:13,64.62,64.64,64.62,64.64,3794
BMY,2026-09-09,14:14,64.64,64.655,64.635,64.64,4965
BMY,2026-09-09,14:15,64.64,64.64,64.62,64.625,9780
BMY,2026-09-09,14:16,64.62,64.72,64.61,64.71,35698
BMY,2026-09-09,14:17,64.72,64.72,64.675,64.675,10505
BMY,2026-09-09,14:18,64.675,64.7,64.67,64.685,7867
BMY,2026-09-09,14:19,64.685,64.685,64.665,64.6738,12778
BMY,2026-09-09,14:20,64.68,64.685,64.65,64.665,23214
BMY,2026-09-09,14:21,64.66,64.66,64.645,64.645,8297
BMY,2026-09-09,14:22,64.65,64.67,64.65,64.665,6898
BMY,2026-09-09,14:23,64.67,64.685,64.67,64.68,3809
BMY,2026-09-09,14:24,64.68,64.68,64.66,64.67,8193
BMY,2026-09-09,14:25,64.67,64.675,64.655,64.67,4365
BMY,2026-09-09,14:26,64.67,64.69,64.66,64.675,6618
BMY,2026-09-09,14:27,64.68,64.7,64.68,64.69,10174
BMY,2026-09-09,14:28,64.695,64.695,64.685,64.69,3097
BMY,2026-09-09,14:29,64.69,64.69,64.67,64.67,4662
BMY,2026-09-09,14:30,64.67,64.67,64.6338,64.64,5425
BMY,2026-09-09,14:31,64.63,64.635,64.61,64.63,6303
BMY,2026-09-09,14:32,64.63,64.6471,64.63,64.645,4370
BMY,2026-09-09,14:33,64.64,64.6401,64.62,64.63,7318
BMY,2026-09-09,14:34,64.625,64.63,64.61,64.615,3552
BMY,2026-09-09,14:35,64.615,64.615,64.6,64.605,3405
BMY,2026-09-09,14:36,64.61,64.625,64.61,64.615,14986
BMY,2026-09-09,14:37,64.61,64.61,64.59,64.59,5609
BMY,2026-09-09,14:38,64.58,64.58,64.55,64.555,4385
BMY,2026-09-09,14:39,64.555,64.5661,64.555,64.56,6997
BMY,2026-09-09,14:40,64.555,64.56,64.54,64.56,9926
BMY,2026-09-09,14:41,64.5625,64.5625,64.55,64.55,1923
BMY,2026-09-09,14:42,64.55,64.55,64.505,64.505,7880
BMY,2026-09-09,14:43,64.51,64.525,64.505,64.52,4554
BMY,2026-09-09,14:44,64.52,64.528,64.52,64.52,3460
BMY,2026-09-09,14:45,64.52,64.54,64.51,64.525,6372
BMY,2026-09-09,14:46,64.51,64.52,64.51,64.515,3872
BMY,2026-09-09,14:47,64.515,64.52,64.454,64.454,6454
BMY,2026-09-09,14:48,64.465,64.465,64.39,64.405,9030
BMY,2026-09-09,14:49,64.405,64.41,64.39,64.41,6930
BMY,2026-09-09,14:50,64.405,64.43,64.405,64.43,4963
BMY,2026-09-09,14:51,64.4399,64.44,64.43,64.44,9508
BMY,2026-09-09,14:52,64.4308,64.44,64.4308,64.435,2603
BMY,2026-09-09,14:53,64.44,64.46,64.44,64.46,5137
BMY,2026-09-09,14:54,64.47,64.4755,64.46,64.465,6350
BMY,2026-09-09,14:55,64.47,64.49,64.465,64.49,8802
BMY,2026-09-09,14:56,64.5,64.52,64.5,64.51,4907
BMY,2026-09-09,14:57,64.505,64.51,64.5,64.505,2107
BMY,2026-09-09,14:58,64.505,64.52,64.485,64.51,9696
BMY,2026-09-09,14:59,64.5,64.52,64.5,64.51,4078
BMY,2026-09-09,15:00,64.5,64.52,64.5,64.52,3284
BMY,2026-09-09,15:01,64.53,64.54,64.51,64.53,5509
BMY,2026-09-09,15:02,64.525,64.525,64.51,64.515,5912
BMY,2026-09-09,15:03,64.51,64.515,64.505,64.5141,4494
BMY,2026-09-09,15:04,64.51,64.51,64.49,64.5,12629
BMY,2026-09-09,15:05,64.5,64.5,64.46,64.47,3886
BMY,2026-09-09,15:06,64.47,64.47,64.46,64.46,6019
BMY,2026-09-09,15:07,64.46,64.475,64.46,64.47,7178
BMY,2026-09-09,15:08,64.475,64.535,64.475,64.53,12612
BMY,2026-09-09,15:09,64.535,64.55,64.535,64.535,6215
BMY,2026-09-09,15:10,64.545,64.545,64.515,64.53,6597
BMY,2026-09-09,15:11,64.535,64.535,64.525,64.525,3578
BMY,2026-09-09,15:12,64.52,64.52,64.495,64.5,7053
BMY,2026-09-09,15:13,64.495,64.5,64.46,64.47,13369
BMY,2026-09-09,15:14,64.48,64.52,64.48,64.52,8979
BMY,2026-09-09,15:15,64.52,64.52,64.44,64.45,19046
BMY,2026-09-09,15:16,64.45,64.48,64.44,64.46,11347
BMY,2026-09-09,15:17,64.455,64.475,64.45,64.47,5689
BMY,2026-09-09,15:18,64.475,64.48,64.45,64.45,6976
BMY,2026-09-09,15:19,64.45,64.48,64.45,64.45,13738
BMY,2026-09-09,15:20,64.445,64.46,64.435,64.435,9150
BMY,2026-09-09,15:21,64.43,64.43,64.37,64.385,13387
BMY,2026-09-09,15:22,64.3811,64.3899,64.36,64.38,12496
BMY,2026-09-09,15:23,64.38,64.39,64.37,64.385,7102
BMY,2026-09-09,15:24,64.385,64.3899,64.37,64.375,9182
BMY,2026-09-09,15:25,64.375,64.39,64.37,64.385,8151
BMY,2026-09-09,15:26,64.385,64.385,64.33,64.345,24008
BMY,2026-09-09,15:27,64.345,64.355,64.32,64.34,11212
BMY,2026-09-09,15:28,64.34,64.35,64.32,64.33,26735
BMY,2026-09-09,15:29,64.33,64.34,64.32,64.335,17927
BMY,2026-09-09,15:30,64.33,64.345,64.32,64.345,25522
BMY,2026-09-09,15:31,64.345,64.37,64.33,64.335,20954
BMY,2026-09-09,15:32,64.34,64.3656,64.33,64.36,18360
BMY,2026-09-09,15:33,64.36,64.36,64.32,64.34,19111
BMY,2026-09-09,15:34,64.33,64.33,64.3,64.305,20175
BMY,2026-09-09,15:35,64.305,64.345,64.3,64.34,18142
BMY,2026-09-09,15:36,64.34,64.34,64.32,64.33,13848
BMY,2026-09-09,15:37,64.33,64.33,64.31,64.325,24997
BMY,2026-09-09,15:38,64.33,64.335,64.32,64.335,12511
BMY,2026-09-09,15:39,64.33,64.34,64.32,64.32,12348
BMY,2026-09-09,15:40,64.315,64.37,64.31,64.365,16754
BMY,2026-09-09,15:41,64.365,64.37,64.35,64.365,15948
BMY,2026-09-09,15:42,64.365,64.395,64.35,64.395,10987
BMY,2026-09-09,15:43,64.3992,64.3992,64.36,64.36,14485
BMY,2026-09-09,15:44,64.36,64.365,64.345,64.355,14005
BMY,2026-09-09,15:45,64.35,64.37,64.34,64.345,25558
BMY,2026-09-09,15:46,64.35,64.365,64.34,64.365,31351
BMY,2026-09-09,15:47,64.36,64.365,64.34,64.365,26460
BMY,2026-09-09,15:48,64.37,64.37,64.355,64.355,19995
BMY,2026-09-09,15:49,64.355,64.36,64.2608,64.33,44705
BMY,2026-09-09,15:50,64.34,64.35,64.3,64.3,62321
BMY,2026-09-09,15:51,64.295,64.305,64.28,64.295,26605
BMY,2026-09-09,15:52,64.29,64.31,64.29,64.295,22083
BMY,2026-09-09,15:53,64.3,64.31,64.29,64.295,31643
BMY,2026-09-09,15:54,64.295,64.32,64.28,64.32,52267
BMY,2026-09-09,15:55,64.32,64.35,64.3,64.315,55560
BMY,2026-09-09,15:56,64.32,64.3902,64.315,64.38,64454
BMY,2026-09-09,15:57,64.38,64.42,64.37,64.38,73511
BMY,2026-09-09,15:58,64.38,64.49,64.36,64.48,158740
BMY,2026-09-09,15:59,64.47,64.48,64.38,64.42,207279
BMY,2026-09-10,09:30,64.92,64.92,64.35,64.36,92097
BMY,2026-09-10,09:31,64.34,64.405,64.2,64.35,14726
BMY,2026-09-10,09:32,64.31,64.45,64.13,64.42,33535
BMY,2026-09-10,09:33,64.46,64.565,64.44,64.56,8964
BMY,2026-09-10,09:34,64.53,64.58,64.4801,64.57,9689
BMY,2026-09-10,09:35,64.54,64.56,64.34,64.385,13527
BMY,2026-09-10,09:36,64.36,64.41,64.23,64.31,12095
BMY,2026-09-10,09:37,64.3,64.31,64.145,64.175,12358
BMY,2026-09-10,09:38,64.17,64.2,64.0855,64.14,10938
BMY,2026-09-10,09:39,64.12,64.13,64.075,64.11,6132
BMY,2026-09-10,09:40,64.1134,64.125,63.9,63.96,35023
BMY,2026-09-10,09:41,63.95,64.25,63.93,64.24,18946
BMY,2026-09-10,09:42,64.23,64.27,64.09,64.1801,14018
BMY,2026-09-10,09:43,64.19,64.21,64.11,64.16,6870
BMY,2026-09-10,09:44,64.18,64.26,64.1601,64.245,15048
BMY,2026-09-10,09:45,64.23,64.27,64.185,64.25,8721
BMY,2026-09-10,09:46,64.235,64.25,64.11,64.11,20350
BMY,2026-09-10,09:47,64.11,64.13,64.06,64.13,20283
BMY,2026-09-10,09:48,64.115,64.26,64.115,64.215,17704
BMY,2026-09-10,09:49,64.23,64.23,64.0663,64.0901,11391
BMY,2026-09-10,09:50,64.11,64.24,64.11,64.24,14814
BMY,2026-09-10,09:51,64.21,64.4,64.21,64.34,16437
BMY,2026-09-10,09:52,64.36,64.37,64.25,64.25,14290
BMY,2026-09-10,09:53,64.245,64.3,64.24,64.255,13234
BMY,2026-09-10,09:54,64.25,64.27,64.225,64.27,15868
BMY,2026-09-10,09:55,64.28,64.29,64.235,64.235,9945
BMY,2026-09-10,09:56,64.2462,64.2462,64.15,64.18,19004
BMY,2026-09-10,09:57,64.18,64.25,64.18,64.21,11661
BMY,2026-09-10,09:58,64.21,64.2414,64.195,64.225,21172
BMY,2026-09-10,09:59,64.21,64.25,64.18,64.215,15361
BMY,2026-09-10,10:00,64.215,64.22,64.16,64.2,28459
BMY,2026-09-10,10:01,64.22,64.22,64.135,64.17,7900
BMY,2026-09-10,10:02,64.18,64.18,64.05,64.06,8778
BMY,2026-09-10,10:03,64.05,64.05,63.9802,64.05,15237
BMY,2026-09-10,10:04,64.06,64.0963,64.03,64.06,29581
BMY,2026-09-10,10:05,64.05,64.065,63.98,64.05,9766
BMY,2026-09-10,10:06,64.05,64.105,64.02,64.02,17923
BMY,2026-09-10,10:07,64.03,64.12,64.015,64.12,25767
BMY,2026-09-10,10:08,64.1,64.13,64.045,64.06,10990
BMY,2026-09-10,10:09,64.07,64.1072,64.05,64.065,8121
BMY,2026-09-10,10:10,64.07,64.07,64.03,64.06,8129
BMY,2026-09-10,10:11,64.055,64.155,64.05,64.15,11538
BMY,2026-09-10,10:12,64.13,64.17,64.1,64.17,7973
BMY,2026-09-10,10:13,64.19,64.19,64.155,64.18,4959
BMY,2026-09-10,10:14,64.18,64.21,64.175,64.205,9769
BMY,2026-09-10,10:15,64.195,64.2,64.16,64.19,7484
BMY,2026-09-10,10:16,64.22,64.25,64.2,64.25,40384
BMY,2026-09-10,10:17,64.25,64.25,64.15,64.15,9165
BMY,2026-09-10,10:18,64.1492,64.21,64.14,64.185,7493
BMY,2026-09-10,10:19,64.19,64.21,64.1651,64.21,4345
BMY,2026-09-10,10:20,64.2,64.25,64.185,64.185,9757
BMY,2026-09-10,10:21,64.19,64.2,64.14,64.2,9807
BMY,2026-09-10,10:22,64.19,64.24,64.1801,64.24,7338
BMY,2026-09-10,10:23,64.245,64.28,64.225,64.225,6425
BMY,2026-09-10,10:24,64.23,64.27,64.2,64.26,10079
BMY,2026-09-10,10:25,64.26,64.33,64.25,64.33,4791
BMY,2026-09-10,10:26,64.32,64.33,64.24,64.2681,8707
BMY,2026-09-10,10:27,64.27,64.27,64.14,64.17,6964
BMY,2026-09-10,10:28,64.14,64.15,64.07,64.09,11380
BMY,2026-09-10,10:29,64.08,64.11,64.08,64.08,3224
BMY,2026-09-10,10:30,64.08,64.11,64.06,64.06,15577
BMY,2026-09-10,10:31,64.07,64.07,64.02,64.04,8568
BMY,2026-09-10,10:32,64.05,64.069,64.02,64.02,12075
BMY,2026-09-10,10:33,63.99,63.99,63.95,63.99,14911
BMY,2026-09-10,10:34,64,64.0625,63.99,63.99,12923
BMY,2026-09-10,10:35,63.985,64.006,63.97,63.97,3988
BMY,2026-09-10,10:36,63.96,63.96,63.9332,63.935,4744
BMY,2026-09-10,10:37,63.925,63.925,63.88,63.92,9147
BMY,2026-09-10,10:38,63.92,63.96,63.92,63.96,9894
BMY,2026-09-10,10:39,63.96,63.96,63.88,63.88,12770
BMY,2026-09-10,10:40,63.89,63.89,63.86,63.86,4924
BMY,2026-09-10,10:41,63.865,63.875,63.84,63.85,6322
BMY,2026-09-10,10:42,63.85,63.89,63.84,63.86,54837
BMY,2026-09-10,10:43,63.865,63.89,63.85,63.89,6241
BMY,2026-09-10,10:44,63.89,63.89,63.835,63.835,7755
BMY,2026-09-10,10:45,63.835,63.835,63.805,63.82,11694
BMY,2026-09-10,10:46,63.82,63.9,63.82,63.9,11748
BMY,2026-09-10,10:47,63.9,63.93,63.895,63.92,4842
BMY,2026-09-10,10:48,63.92,63.97,63.91,63.93,14266
BMY,2026-09-10,10:49,63.94,63.94,63.91,63.92,8998
BMY,2026-09-10,10:50,63.925,63.94,63.91,63.93,7027
BMY,2026-09-10,10:51,63.93,63.93,63.87,63.87,12238
BMY,2026-09-10,10:52,63.8895,63.8895,63.87,63.87,9348
BMY,2026-09-10,10:53,63.8778,63.88,63.83,63.85,9701
BMY,2026-09-10,10:54,63.85,63.86,63.84,63.845,10950
BMY,2026-09-10,10:55,63.85,63.89,63.85,63.85,11631
BMY,2026-09-10,10:56,63.88,63.91,63.86,63.91,9848
BMY,2026-09-10,10:57,63.9,63.95,63.9,63.94,21838
BMY,2026-09-10,10:58,63.94,63.96,63.9,63.9,36180
BMY,2026-09-10,10:59,63.91,63.93,63.87,63.92,46447
BMY,2026-09-10,11:00,63.92,63.94,63.86,63.87,13740
BMY,2026-09-10,11:01,63.855,63.86,63.835,63.85,9314
BMY,2026-09-10,11:02,63.84,63.9,63.84,63.885,5334
BMY,2026-09-10,11:03,63.885,63.93,63.87,63.93,44674
BMY,2026-09-10,11:04,63.93,63.93,63.865,63.87,6965
BMY,2026-09-10,11:05,63.89,63.905,63.88,63.9,10974
BMY,2026-09-10,11:06,63.905,63.9075,63.85,63.865,7244
BMY,2026-09-10,11:07,63.86,63.895,63.845,63.86,13287
BMY,2026-09-10,11:08,63.845,63.88,63.845,63.87,7382
BMY,2026-09-10,11:09,63.88,63.91,63.8683,63.905,8622
BMY,2026-09-10,11:10,63.9,63.91,63.89,63.895,8233
BMY,2026-09-10,11:11,63.9,63.905,63.865,63.87,9378
BMY,2026-09-10,11:12,63.86,63.865,63.81,63.81,34849
BMY,2026-09-10,11:13,63.8,63.83,63.78,63.79,10290
BMY,2026-09-10,11:14,63.79,63.8,63.77,63.8,8825
BMY,2026-09-10,11:15,63.795,63.885,63.795,63.87,44106
BMY,2026-09-10,11:16,63.85,63.85,63.81,63.83,12177
BMY,2026-09-10,11:17,63.83,63.93,63.82,63.92,48681
BMY,2026-09-10,11:18,63.93,64.08,63.9,64.08,68663
BMY,2026-09-10,11:19,64.08,64.08,64.05,64.0797,11034
BMY,2026-09-10,11:20,64.0776,64.105,64.075,64.08,8491
BMY,2026-09-10,11:21,64.08,64.12,64.06,64.07,18643
BMY,2026-09-10,11:22,64.075,64.09,64.06,64.06,6091
BMY,2026-09-10,11:23,64.05,64.05,63.9875,63.995,17140
BMY,2026-09-10,11:24,64.01,64.03,64,64.0258,11415
BMY,2026-09-10,11:25,64.025,64.08,64.025,64.03,28015
BMY,2026-09-10,11:26,64.05,64.05,64.01,64.02,6975
BMY,2026-09-10,11:27,64.01,64.01,63.965,64.005,7435
BMY,2026-09-10,11:28,64.005,64.01,63.98,64.01,7662
BMY,2026-09-10,11:29,64.02,64.05,64.015,64.03,12596
BMY,2026-09-10,11:30,64.035,64.08,64.035,64.055,14532
BMY,2026-09-10,11:31,64.055,64.055,64.015,64.04,11415
BMY,2026-09-10,11:32,64.05,64.05,64.02,64.025,7209
BMY,2026-09-10,11:33,64.0399,64.06,64.01,64.04,0
BMY,2026-09-10,11:34,64.04,64.045,64.02,64.035,5130
BMY,2026-09-10,11:35,64.03,64.06,64.025,64.06,11680
BMY,2026-09-10,11:36,64.05,64.05,64.04,64.045,4095
BMY,2026-09-10,11:37,64.05,64.065,64.045,64.06,8883
BMY,2026-09-10,11:38,64.05,64.11,64.03,64.11,12902
BMY,2026-09-10,11:39,64.13,64.13,64.06,64.07,6624
BMY,2026-09-10,11:40,64.07,64.0701,64.0538,64.06,7384
BMY,2026-09-10,11:41,64.06,64.08,64.04,64.06,9514
BMY,2026-09-10,11:42,64.065,64.07,64.05,64.055,3762
BMY,2026-09-10,11:43,64.055,64.07,64.03,64.065,6348
BMY,2026-09-10,11:44,64.07,64.085,64.06,64.07,13216
BMY,2026-09-10,11:45,64.08,64.085,64.065,64.07,4833
BMY,2026-09-10,11:46,64.06,64.06,64.01,64.01,12069
BMY,2026-09-10,11:47,64.005,64.05,64,64.04,30790
BMY,2026-09-10,11:48,64.04,64.05,64.04,64.05,2666
BMY,2026-09-10,11:49,64.06,64.115,64.06,64.11,12018
BMY,2026-09-10,11:50,64.11,64.13,64.105,64.12,7585
BMY,2026-09-10,11:51,64.1281,64.13,64.115,64.12,4064
BMY,2026-09-10,11:52,64.12,64.13,64.105,64.105,4166
BMY,2026-09-10,11:53,64.11,64.135,64.11,64.12,5524
BMY,2026-09-10,11:54,64.125,64.13,64.115,64.115,4105
BMY,2026-09-10,11:55,64.11,64.11,64.1,64.11,3451
BMY,2026-09-10,11:56,64.12,64.13,64.12,64.125,3760
BMY,2026-09-10,11:57,64.12,64.17,64.11,64.16,10868
BMY,2026-09-10,11:58,64.17,64.18,64.165,64.165,5696
BMY,2026-09-10,11:59,64.17,64.17,64.16,64.165,3019
BMY,2026-09-10,12:00,64.17,64.21,64.17,64.21,10612
BMY,2026-09-10,12:01,64.21,64.21,64.18,64.18,8996
BMY,2026-09-10,12:02,64.19,64.19,64.17,64.175,6431
BMY,2026-09-10,12:03,64.17,64.17,64.14,64.145,3553
BMY,2026-09-10,12:04,64.14,64.145,64.07,64.075,6817
BMY,2026-09-10,12:05,64.075,64.08,64.055,64.06,5153
BMY,2026-09-10,12:06,64.06,64.08,64.06,64.075,5660
BMY,2026-09-10,12:07,64.075,64.075,64.055,64.055,4083
BMY,2026-09-10,12:08,64.06,64.065,63.995,63.995,12998
BMY,2026-09-10,12:09,63.99,64,63.965,63.975,13284
BMY,2026-09-10,12:10,63.98,63.99,63.98,63.99,4151
BMY,2026-09-10,12:11,64,64,63.98,64,5177
BMY,2026-09-10,12:12,63.995,64.0051,63.9925,64,6596
BMY,2026-09-10,12:13,63.9972,64.005,63.99,64,7971
BMY,2026-09-10,12:14,63.995,64.03,63.995,64.015,6347
BMY,2026-09-10,12:15,64.02,64.05,64.02,64.04,7201
BMY,2026-09-10,12:16,64.03,64.055,64.01,64.01,12298
BMY,2026-09-10,12:17,64.01,64.02,63.99,64,24511
BMY,2026-09-10,12:18,64.01,64.02,64,64.02,7481
BMY,2026-09-10,12:19,64.015,64.025,63.975,64.005,19945
BMY,2026-09-10,12:20,64.015,64.02,64,64.005,10887
BMY,2026-09-10,12:21,64,64,63.95,63.95,8626
BMY,2026-09-10,12:22,63.94,63.975,63.93,63.975,10727
BMY,2026-09-10,12:23,63.98,63.98,63.96,63.96,6228
BMY,2026-09-10,12:24,63.955,63.96,63.94,63.95,3109
BMY,2026-09-10,12:25,63.94,63.94,63.9,63.915,9720
BMY,2026-09-10,12:26,63.915,63.92,63.875,63.89,9172
BMY,2026-09-10,12:27,63.89,63.915,63.89,63.91,11238
BMY,2026-09-10,12:28,63.91,63.97,63.8908,63.97,17458
BMY,2026-09-10,12:29,63.98,63.98,63.95,63.96,7283
BMY,2026-09-10,12:30,63.96,63.96,63.92,63.92,7955
BMY,2026-09-10,12:31,63.92,63.96,63.89,63.89,7902
BMY,2026-09-10,12:32,63.91,63.94,63.91,63.935,5947
BMY,2026-09-10,12:33,63.94,63.945,63.935,63.945,4862
BMY,2026-09-10,12:34,63.945,63.95,63.895,63.895,13297
BMY,2026-09-10,12:35,63.895,63.9,63.89,63.89,5835
BMY,2026-09-10,12:36,63.89,63.905,63.89,63.905,4132
BMY,2026-09-10,12:37,63.91,63.915,63.89,63.9,8688
BMY,2026-09-10,12:38,63.895,63.9,63.88,63.89,5350
BMY,2026-09-10,12:39,63.9,63.94,63.9,63.94,12164
BMY,2026-09-10,12:40,63.94,63.95,63.93,63.935,12077
BMY,2026-09-10,12:41,63.94,63.94,63.925,63.94,9024
BMY,2026-09-10,12:42,63.935,63.935,63.91,63.93,7469
BMY,2026-09-10,12:43,63.94,63.945,63.925,63.93,4155
BMY,2026-09-10,12:44,63.935,63.935,63.905,63.93,5659
BMY,2026-09-10,12:45,63.94,63.975,63.94,63.97,8042
BMY,2026-09-10,12:46,63.965,63.97,63.94,63.94,5848
BMY,2026-09-10,12:47,63.945,63.945,63.9,63.94,8053
BMY,2026-09-10,12:48,63.945,63.945,63.92,63.92,2815
BMY,2026-09-10,12:49,63.91,63.9401,63.91,63.9401,5946
BMY,2026-09-10,12:50,63.945,63.945,63.92,63.92,3699
BMY,2026-09-10,12:51,63.925,63.925,63.9,63.91,11286
BMY,2026-09-10,12:52,63.91,63.91,63.8803,63.89,12821
BMY,2026-09-10,12:53,63.89,63.95,63.89,63.95,7405
BMY,2026-09-10,12:54,63.955,63.96,63.94,63.96,5648
BMY,2026-09-10,12:55,63.965,63.9775,63.965,63.975,4412
BMY,2026-09-10,12:56,63.9708,63.98,63.965,63.97,5524
BMY,2026-09-10,12:57,63.97,63.97,63.945,63.945,5427
BMY,2026-09-10,12:58,63.95,63.96,63.93,63.95,8541
BMY,2026-09-10,12:59,63.95,63.99,63.95,63.97,10799
BMY,2026-09-10,13:00,63.98,63.995,63.97,63.98,6333
BMY,2026-09-10,13:01,63.98,63.98,63.9601,63.98,3352
BMY,2026-09-10,13:02,63.99,64.02,63.95,63.96,14248
BMY,2026-09-10,13:03,63.95,63.95,63.93,63.95,5470
BMY,2026-09-10,13:04,63.95,63.95,63.93,63.93,3785
BMY,2026-09-10,13:05,63.91,63.925,63.91,63.925,9929
BMY,2026-09-10,13:06,63.92,63.93,63.9,63.92,15336
BMY,2026-09-10,13:07,63.9,63.91,63.9,63.9,2396
BMY,2026-09-10,13:08,63.9,63.97,63.9,63.97,10391
BMY,2026-09-10,13:09,63.97,63.97,63.95,63.96,4889
BMY,2026-09-10,13:10,63.97,64,63.97,64,4524
BMY,2026-09-10,13:11,64.01,64.03,64.005,64.005,6377
BMY,2026-09-10,13:12,64.01,64.03,64.01,64.03,3377
BMY,2026-09-10,13:13,64.03,64.035,64.025,64.035,4799
BMY,2026-09-10,13:14,64.035,64.07,64.035,64.07,7244
BMY,2026-09-10,13:15,64.07,64.08,64.055,64.07,5330
BMY,2026-09-10,13:16,64.07,64.075,64.06,64.07,3779
BMY,2026-09-10,13:17,64.07,64.105,64.07,64.105,8967
BMY,2026-09-10,13:18,64.105,64.105,64.075,64.0814,9995
BMY,2026-09-10,13:19,64.085,64.11,64.0801,64.11,9167
BMY,2026-09-10,13:20,64.11,64.125,64.1,64.12,3407
BMY,2026-09-10,13:21,64.12,64.12,64.08,64.09,15929
BMY,2026-09-10,13:22,64.085,64.085,64.06,64.065,5341
BMY,2026-09-10,13:23,64.05,64.05,64.04,64.045,4432
BMY,2026-09-10,13:24,64.035,64.0475,64.035,64.035,6847
BMY,2026-09-10,13:25,64.035,64.035,64.0059,64.01,6164
BMY,2026-09-10,13:26,64.01,64.015,64,64,3903
BMY,2026-09-10,13:27,64.02,64.03,64.005,64.005,4656
BMY,2026-09-10,13:28,64,64.01,63.98,63.99,7858
BMY,2026-09-10,13:29,63.98,63.99,63.96,63.98,5395
BMY,2026-09-10,13:30,63.96,63.96,63.955,63.96,2682
BMY,2026-09-10,13:31,63.94,63.94,63.93,63.93,12989
BMY,2026-09-10,13:32,63.93,63.95,63.93,63.95,3409
BMY,2026-09-10,13:33,63.95,63.96,63.93,63.93,5000
BMY,2026-09-10,13:34,63.94,63.99,63.94,63.98,5442
BMY,2026-09-10,13:35,63.98,63.98,63.945,63.9488,4788
BMY,2026-09-10,13:36,63.95,63.95,63.95,63.95,2071
BMY,2026-09-10,13:37,63.94,63.95,63.915,63.94,6528
BMY,2026-09-10,13:38,63.935,63.94,63.935,63.935,2592
BMY,2026-09-10,13:39,63.94,63.95,63.93,63.935,4603
BMY,2026-09-10,13:40,63.935,63.935,63.92,63.925,4897
BMY,2026-09-10,13:41,63.925,63.94,63.92,63.925,4612
BMY,2026-09-10,13:42,63.915,63.93,63.915,63.925,4720
BMY,2026-09-10,13:43,63.915,63.915,63.9,63.91,2670
BMY,2026-09-10,13:44,63.91,63.92,63.905,63.905,2776
BMY,2026-09-10,13:45,63.91,63.92,63.9001,63.91,4447
BMY,2026-09-10,13:46,63.92,63.92,63.9,63.9,5135
BMY,2026-09-10,13:47,63.91,63.92,63.91,63.92,2131
BMY,2026-09-10,13:48,63.91,63.92,63.905,63.92,3696
BMY,2026-09-10,13:49,63.93,63.93,63.86,63.885,14212
BMY,2026-09-10,13:50,63.885,63.885,63.87,63.87,4286
BMY,2026-09-10,13:51,63.865,63.8799,63.865,63.8799,3302
BMY,2026-09-10,13:52,63.88,63.88,63.86,63.87,4172
BMY,2026-09-10,13:53,63.87,63.8799,63.85,63.85,5655
BMY,2026-09-10,13:54,63.85,63.86,63.85,63.85,25962
BMY,2026-09-10,13:55,63.85,63.85,63.845,63.845,1704
BMY,2026-09-10,13:56,63.845,63.845,63.835,63.835,5488
BMY,2026-09-10,13:57,63.835,63.84,63.825,63.825,6103
BMY,2026-09-10,13:58,63.83,63.865,63.83,63.865,7128
BMY,2026-09-10,13:59,63.865,63.865,63.86,63.865,2028
BMY,2026-09-10,14:00,63.865,63.8999,63.865,63.895,8100
BMY,2026-09-10,14:01,63.895,63.905,63.89,63.905,4805
BMY,2026-09-10,14:02,63.91,63.915,63.885,63.885,10121
BMY,2026-09-10,14:03,63.885,63.89,63.88,63.88,3275
BMY,2026-09-10,14:04,63.8701,63.9,63.87,63.9,4980
BMY,2026-09-10,14:05,63.905,63.905,63.905,63.905,1993
BMY,2026-09-10,14:06,63.905,63.935,63.905,63.935,5606
BMY,2026-09-10,14:07,63.94,63.965,63.94,63.95,5449
BMY,2026-09-10,14:08,63.94,63.9604,63.94,63.955,3172
BMY,2026-09-10,14:09,63.94,63.94,63.925,63.935,3308
BMY,2026-09-10,14:10,63.93,63.93,63.89,63.89,7505
BMY,2026-09-10,14:11,63.89,63.9,63.88,63.895,7479
BMY,2026-09-10,14:12,63.875,63.9,63.875,63.9,4840
BMY,2026-09-10,14:13,63.9,63.915,63.9,63.915,5058
BMY,2026-09-10,14:14,63.915,63.93,63.91,63.92,5642
BMY,2026-09-10,14:15,63.915,63.925,63.905,63.92,6155
BMY,2026-09-10,14:16,63.91,63.92,63.905,63.91,6346
BMY,2026-09-10,14:17,63.91,63.91,63.89,63.91,14530
BMY,2026-09-10,14:18,63.8916,63.895,63.89,63.895,1829
BMY,2026-09-10,14:19,63.9,63.91,63.9,63.9,2668
BMY,2026-09-10,14:20,63.91,63.935,63.91,63.935,10236
BMY,2026-09-10,14:21,63.935,63.9399,63.91,63.92,7910
BMY,2026-09-10,14:22,63.92,63.935,63.91,63.91,10911
BMY,2026-09-10,14:23,63.93,63.94,63.9,63.9,4217
BMY,2026-09-10,14:24,63.89,63.89,63.88,63.89,5866
BMY,2026-09-10,14:25,63.885,63.89,63.88,63.884,6026
BMY,2026-09-10,14:26,63.885,63.905,63.885,63.89,8584
BMY,2026-09-10,14:27,63.9,63.9,63.885,63.89,5758
BMY,2026-09-10,14:28,63.895,63.915,63.885,63.915,9015
BMY,2026-09-10,14:29,63.92,63.935,63.91,63.935,7797
BMY,2026-09-10,14:30,63.935,63.935,63.91,63.93,7951
BMY,2026-09-10,14:31,63.93,63.965,63.93,63.965,7578
BMY,2026-09-10,14:32,63.98,63.98,63.96,63.96,10848
BMY,2026-09-10,14:33,63.96,63.965,63.925,63.96,21701
BMY,2026-09-10,14:34,63.96,63.98,63.96,63.98,8375
BMY,2026-09-10,14:35,63.98,63.985,63.97,63.97,18962
BMY,2026-09-10,14:36,63.97,63.97,63.955,63.96,9742
BMY,2026-09-10,14:37,63.94,63.98,63.94,63.96,54899
BMY,2026-09-10,14:38,63.96,63.96,63.92,63.9301,6495
BMY,2026-09-10,14:39,63.93,63.95,63.93,63.935,8300
BMY,2026-09-10,14:40,63.94,63.96,63.94,63.95,4535
BMY,2026-09-10,14:41,63.95,63.955,63.94,63.94,6268
BMY,2026-09-10,14:42,63.945,63.95,63.935,63.935,4742
BMY,2026-09-10,14:43,63.935,63.94,63.925,63.94,4518
BMY,2026-09-10,14:44,63.93,63.955,63.93,63.955,7026
BMY,2026-09-10,14:45,63.955,63.96,63.9,63.91,7700
BMY,2026-09-10,14:46,63.91,63.92,63.88,63.88,11091
BMY,2026-09-10,14:47,63.86,63.87,63.85,63.87,5181
BMY,2026-09-10,14:48,63.86,63.9,63.86,63.88,9645
BMY,2026-09-10,14:49,63.8899,63.89,63.85,63.85,6863
BMY,2026-09-10,14:50,63.85,63.86,63.85,63.86,6236
BMY,2026-09-10,14:51,63.87,63.89,63.87,63.875,7313
BMY,2026-09-10,14:52,63.88,63.88,63.855,63.875,5211
BMY,2026-09-10,14:53,63.88,63.9,63.88,63.88,7353
BMY,2026-09-10,14:54,63.885,63.89,63.8525,63.855,5854
BMY,2026-09-10,14:55,63.86,63.86,63.85,63.855,7562
BMY,2026-09-10,14:56,63.85,63.865,63.8425,63.8601,6786
BMY,2026-09-10,14:57,63.865,63.865,63.855,63.855,4089
BMY,2026-09-10,14:58,63.86,63.87,63.85,63.85,9636
BMY,2026-09-10,14:59,63.855,63.88,63.855,63.86,6557
BMY,2026-09-10,15:00,63.85,63.86,63.84,63.85,12801
BMY,2026-09-10,15:01,63.85,63.88,63.8425,63.865,7101
BMY,2026-09-10,15:02,63.865,63.865,63.86,63.86,5320
BMY,2026-09-10,15:03,63.865,63.9,63.865,63.885,6087
BMY,2026-09-10,15:04,63.885,63.89,63.88,63.88,4273
BMY,2026-09-10,15:05,63.89,63.89,63.86,63.86,4243
BMY,2026-09-10,15:06,63.86,63.88,63.86,63.88,6226
BMY,2026-09-10,15:07,63.88,63.9,63.87,63.89,11515
BMY,2026-09-10,15:08,63.9,63.96,63.89,63.96,9545
BMY,2026-09-10,15:09,63.965,63.99,63.965,63.98,8684
BMY,2026-09-10,15:10,63.99,63.995,63.985,63.985,6359
BMY,2026-09-10,15:11,63.99,64.0092,63.97,63.98,21130
BMY,2026-09-10,15:12,63.975,64.01,63.97,64.01,11733
BMY,2026-09-10,15:13,64.01,64.015,64,64.005,3411
BMY,2026-09-10,15:14,64.005,64.01,63.995,64.005,8087
BMY,2026-09-10,15:15,64,64.01,63.975,63.975,9397
BMY,2026-09-10,15:16,63.97,63.98,63.9604,63.9604,5151
BMY,2026-09-10,15:17,63.97,63.97,63.9508,63.9508,10741
BMY,2026-09-10,15:18,63.955,63.98,63.935,63.975,11756
BMY,2026-09-10,15:19,63.975,63.975,63.975,63.975,4578
BMY,2026-09-10,15:20,63.98,63.98,63.96,63.97,10534
BMY,2026-09-10,15:21,63.955,63.96,63.93,63.94,6092
BMY,2026-09-10,15:22,63.92,63.93,63.905,63.93,13497
BMY,2026-09-10,15:23,63.92,63.93,63.905,63.9102,14246
BMY,2026-09-10,15:24,63.915,63.93,63.915,63.925,9896
BMY,2026-09-10,15:25,63.925,63.935,63.915,63.935,14060
BMY,2026-09-10,15:26,63.935,63.94,63.9125,63.915,11393
BMY,2026-09-10,15:27,63.92,63.93,63.915,63.92,14734
BMY,2026-09-10,15:28,63.92,63.935,63.905,63.935,17824
BMY,2026-09-10,15:29,63.94,63.94,63.925,63.93,8325
BMY,2026-09-10,15:30,63.93,63.975,63.91,63.97,33199
BMY,2026-09-10,15:31,63.98,64.035,63.94,63.94,37027
BMY,2026-09-10,15:32,63.93,63.935,63.9,63.935,19615
BMY,2026-09-10,15:33,63.94,63.98,63.94,63.98,18348
BMY,2026-09-10,15:34,63.98,63.98,63.96,63.96,11289
BMY,2026-09-10,15:35,63.95,63.955,63.915,63.925,13430
BMY,2026-09-10,15:36,63.92,63.925,63.9,63.925,19611
BMY,2026-09-10,15:37,63.925,63.935,63.91,63.91,17006
BMY,2026-09-10,15:38,63.92,63.995,63.92,63.995,15279
BMY,2026-09-10,15:39,63.995,64,63.98,64,20415
BMY,2026-09-10,15:40,64,64.05,64,64.03,18923
BMY,2026-09-10,15:41,64.02,64.025,63.99,64,11845
BMY,2026-09-10,15:42,64,64.01,63.975,63.975,15465
BMY,2026-09-10,15:43,63.97,63.97,63.925,63.93,37105
BMY,2026-09-10,15:44,63.925,63.94,63.91,63.91,13202
BMY,2026-09-10,15:45,63.91,63.96,63.91,63.94,23668
BMY,2026-09-10,15:46,63.95,63.95,63.88,63.89,13949
BMY,2026-09-10,15:47,63.9,63.92,63.89,63.905,14007
BMY,2026-09-10,15:48,63.905,63.91,63.87,63.89,179384
BMY,2026-09-10,15:49,63.89,63.89,63.865,63.89,24107
BMY,2026-09-10,15:50,63.9,63.91,63.86,63.875,27446
BMY,2026-09-10,15:51,63.87,63.885,63.86,63.865,26112
BMY,2026-09-10,15:52,63.865,63.925,63.86,63.87,38223
BMY,2026-09-10,15:53,63.86,63.8792,63.8403,63.8403,26275
BMY,2026-09-10,15:54,63.8497,63.87,63.82,63.82,46284
BMY,2026-09-10,15:55,63.835,63.835,63.74,63.7738,51830
BMY,2026-09-10,15:56,63.77,63.775,63.74,63.75,51741
BMY,2026-09-10,15:57,63.75,63.825,63.74,63.76,75052
BMY,2026-09-10,15:58,63.765,63.81,63.73,63.78,130303
BMY,2026-09-10,15:59,63.77,63.805,63.74,63.745,185957
BMY,2026-09-10,16:00,63.75,63.75,63.75,63.75,0
BMY,2026-09-11,09:30,63.46,63.46,63.46,63.46,187280
BMY,2026-09-11,09:31,63.4101,63.79,63.41,63.7757,24510
BMY,2026-09-11,09:32,63.795,63.83,63.735,63.77,7214
BMY,2026-09-11,09:33,63.73,63.73,63.6101,63.68,8408
BMY,2026-09-11,09:34,63.69,63.89,63.69,63.85,7060
BMY,2026-09-11,09:35,63.87,63.9,63.82,63.875,8037
BMY,2026-09-11,09:36,63.9,64.11,63.875,64.11,22377
BMY,2026-09-11,09:37,64.09,64.09,63.89,63.975,33466
BMY,2026-09-11,09:38,63.99,64.02,63.975,63.99,6979
BMY,2026-09-11,09:39,63.95,64.02,63.89,63.89,9974
BMY,2026-09-11,09:40,63.9127,63.94,63.82,63.85,11120
BMY,2026-09-11,09:41,63.835,63.9299,63.8,63.805,14992
BMY,2026-09-11,09:42,63.78,63.8,63.7,63.72,10485
BMY,2026-09-11,09:43,63.69,63.72,63.6434,63.7,27619
BMY,2026-09-11,09:44,63.7,63.78,63.675,63.78,56830
BMY,2026-09-11,09:45,63.81,63.86,63.8,63.83,11208
BMY,2026-09-11,09:46,63.835,63.86,63.75,63.76,9921
BMY,2026-09-11,09:47,63.755,63.82,63.755,63.82,9869
BMY,2026-09-11,09:48,63.82,63.88,63.8,63.83,8133
BMY,2026-09-11,09:49,63.84,63.84,63.755,63.78,9380
BMY,2026-09-11,09:50,63.8,63.81,63.71,63.72,10118
BMY,2026-09-11,09:51,63.75,63.78,63.73,63.75,5256
BMY,2026-09-11,09:52,63.7545,63.83,63.7545,63.83,3409
BMY,2026-09-11,09:53,63.85,63.8899,63.825,63.825,5087
BMY,2026-09-11,09:54,63.835,63.835,63.74,63.74,2981
BMY,2026-09-11,09:55,63.759,63.865,63.759,63.83,10275
BMY,2026-09-11,09:56,63.835,63.88,63.8194,63.88,8641
BMY,2026-09-11,09:57,63.855,63.88,63.81,63.865,8858
BMY,2026-09-11,09:58,63.86,63.86,63.77,63.79,10370
BMY,2026-09-11,09:59,63.8,63.8299,63.755,63.775,10335
BMY,2026-09-11,10:00,63.76,63.77,63.74,63.77,20378
BMY,2026-09-11,10:01,63.765,63.79,63.7175,63.79,11196
BMY,2026-09-11,10:02,63.775,63.775,63.62,63.64,11052
BMY,2026-09-11,10:03,63.62,63.62,63.55,63.56,9716
BMY,2026-09-11,10:04,63.57,63.57,63.525,63.525,7661
BMY,2026-09-11,10:05,63.51,63.555,63.49,63.55,22412
BMY,2026-09-11,10:06,63.53,63.53,63.465,63.48,14745
BMY,2026-09-11,10:07,63.49,63.52,63.43,63.49,22041
BMY,2026-09-11,10:08,63.47,63.47,63.45,63.465,14815
BMY,2026-09-11,10:09,63.48,63.48,63.42,63.42,8353
BMY,2026-09-11,10:10,63.42,63.43,63.36,63.43,14645
BMY,2026-09-11,10:11,63.44,63.47,63.4201,63.43,17491
BMY,2026-09-11,10:12,63.43,63.43,63.365,63.365,9551
BMY,2026-09-11,10:13,63.365,63.45,63.365,63.445,9376
BMY,2026-09-11,10:14,63.4591,63.49,63.445,63.47,6704
BMY,2026-09-11,10:15,63.48,63.51,63.45,63.5,9602
BMY,2026-09-11,10:16,63.5,63.55,63.47,63.53,8754
BMY,2026-09-11,10:17,63.53,63.55,63.51,63.54,8225
BMY,2026-09-11,10:18,63.54,63.575,63.54,63.555,8176
BMY,2026-09-11,10:19,63.56,63.57,63.54,63.57,11436
BMY,2026-09-11,10:20,63.565,63.565,63.495,63.495,7261
BMY,2026-09-11,10:21,63.49,63.5,63.475,63.475,4691
BMY,2026-09-11,10:22,63.475,63.51,63.47,63.48,9069
BMY,2026-09-11,10:23,63.48,63.48,63.41,63.415,5777
BMY,2026-09-11,10:24,63.415,63.46,63.41,63.41,6061
BMY,2026-09-11,10:25,63.41,63.45,63.4,63.41,7912
BMY,2026-09-11,10:26,63.41,63.44,63.4,63.44,5589
BMY,2026-09-11,10:27,63.45,63.45,63.42,63.42,5498
BMY,2026-09-11,10:28,63.415,63.475,63.4144,63.47,10230
BMY,2026-09-11,10:29,63.46,63.47,63.425,63.445,5297
BMY,2026-09-11,10:30,63.45,63.46,63.435,63.435,11067
BMY,2026-09-11,10:31,63.4201,63.48,63.4201,63.46,9361
BMY,2026-09-11,10:32,63.46,63.46,63.37,63.37,8307
BMY,2026-09-11,10:33,63.36,63.3839,63.34,63.35,12935
BMY,2026-09-11,10:34,63.34,63.36,63.3,63.3,10245
BMY,2026-09-11,10:35,63.28,63.34,63.28,63.32,8385
BMY,2026-09-11,10:36,63.315,63.4,63.3,63.37,11810
BMY,2026-09-11,10:37,63.355,63.41,63.34,63.365,11172
BMY,2026-09-11,10:38,63.36,63.39,63.36,63.38,10530
BMY,2026-09-11,10:39,63.36,63.39,63.36,63.38,9676
BMY,2026-09-11,10:40,63.38,63.385,63.36,63.365,4844
BMY,2026-09-11,10:41,63.36,63.365,63.32,63.34,10020
BMY,2026-09-11,10:42,63.335,63.39,63.335,63.35,11974
BMY,2026-09-11,10:43,63.36,63.39,63.345,63.38,12753
BMY,2026-09-11,10:44,63.38,63.385,63.35,63.35,12540
BMY,2026-09-11,10:45,63.35,63.36,63.315,63.32,15716
BMY,2026-09-11,10:46,63.31,63.39,63.3,63.385,11451
BMY,2026-09-11,10:47,63.385,63.41,63.37,63.405,18145
BMY,2026-09-11,10:48,63.405,63.43,63.3646,63.39,24534
BMY,2026-09-11,10:49,63.39,63.395,63.36,63.385,16426
BMY,2026-09-11,10:50,63.385,63.385,63.335,63.3486,21012
BMY,2026-09-11,10:51,63.345,63.355,63.32,63.33,6146
BMY,2026-09-11,10:52,63.32,63.37,63.32,63.37,11083
BMY,2026-09-11,10:53,63.37,63.4,63.37,63.4,13382
BMY,2026-09-11,10:54,63.39,63.485,63.39,63.48,31156
BMY,2026-09-11,10:55,63.47,63.5,63.46,63.48,13083
BMY,2026-09-11,10:56,63.475,63.495,63.475,63.49,8915
BMY,2026-09-11,10:57,63.5,63.53,63.5,63.53,14047
BMY,2026-09-11,10:58,63.53,63.54,63.51,63.53,6013
BMY,2026-09-11,10:59,63.53,63.55,63.5153,63.535,8292
BMY,2026-09-11,11:00,63.5253,63.54,63.5253,63.54,7048
BMY,2026-09-11,11:01,63.53,63.555,63.51,63.555,10061
BMY,2026-09-11,11:02,63.555,63.555,63.52,63.53,6824
BMY,2026-09-11,11:03,63.51,63.52,63.5,63.515,3028
BMY,2026-09-11,11:04,63.53,63.53,63.5,63.5,4828
BMY,2026-09-11,11:05,63.49,63.5099,63.49,63.505,8066
BMY,2026-09-11,11:06,63.51,63.51,63.44,63.44,10890
BMY,2026-09-11,11:07,63.46,63.47,63.45,63.46,3170
BMY,2026-09-11,11:08,63.46,63.475,63.43,63.46,7614
BMY,2026-09-11,11:09,63.45,63.45,63.42,63.42,6778
BMY,2026-09-11,11:10,63.43,63.46,63.43,63.46,8055
BMY,2026-09-11,11:11,63.45,63.45,63.4228,63.44,8454
BMY,2026-09-11,11:12,63.45,63.46,63.44,63.44,3720
BMY,2026-09-11,11:13,63.435,63.445,63.42,63.42,5493
BMY,2026-09-11,11:14,63.42,63.43,63.41,63.425,5251
BMY,2026-09-11,11:15,63.42,63.43,63.41,63.42,4897
BMY,2026-09-11,11:16,63.43,63.445,63.42,63.44,9565
BMY,2026-09-11,11:17,63.44,63.44,63.44,63.44,2567
BMY,2026-09-11,11:18,63.43,63.44,63.42,63.43,5565
BMY,2026-09-11,11:19,63.44,63.44,63.301,63.32,18328
BMY,2026-09-11,11:20,63.32,63.36,63.31,63.36,7802
BMY,2026-09-11,11:21,63.37,63.38,63.35,63.35,3407
BMY,2026-09-11,11:22,63.37,63.39,63.36,63.38,3990
BMY,2026-09-11,11:23,63.37,63.37,63.35,63.36,5397
BMY,2026-09-11,11:24,63.36,63.37,63.35,63.35,3194
BMY,2026-09-11,11:25,63.3424,63.38,63.3424,63.355,7119
BMY,2026-09-11,11:26,63.35,63.42,63.34,63.42,14652
BMY,2026-09-11,11:27,63.41,63.42,63.39,63.42,5720
BMY,2026-09-11,11:28,63.43,63.455,63.425,63.455,6541
BMY,2026-09-11,11:29,63.45,63.45,63.4,63.4,34490
BMY,2026-09-11,11:30,63.395,63.395,63.37,63.37,6837
BMY,2026-09-11,11:31,63.3686,63.369,63.345,63.35,12439
BMY,2026-09-11,11:32,63.36,63.37,63.355,63.37,8271
BMY,2026-09-11,11:33,63.375,63.375,63.355,63.36,4313
BMY,2026-09-11,11:34,63.355,63.37,63.35,63.35,5742
BMY,2026-09-11,11:35,63.35,63.35,63.33,63.34,4498
BMY,2026-09-11,11:36,63.34,63.35,63.33,63.34,4158
BMY,2026-09-11,11:37,63.35,63.355,63.34,63.355,3986
BMY,2026-09-11,11:38,63.355,63.355,63.335,63.335,4432
BMY,2026-09-11,11:39,63.33,63.35,63.33,63.34,3627
BMY,2026-09-11,11:40,63.335,63.345,63.315,63.32,9973
BMY,2026-09-11,11:41,63.32,63.335,63.31,63.325,6291
BMY,2026-09-11,11:42,63.33,63.3898,63.325,63.3898,9124
BMY,2026-09-11,11:43,63.385,63.41,63.34,63.34,17998
BMY,2026-09-11,11:44,63.3435,63.35,63.325,63.35,5974
BMY,2026-09-11,11:45,63.35,63.36,63.34,63.34,3699
BMY,2026-09-11,11:46,63.35,63.35,63.33,63.33,6560
BMY,2026-09-11,11:47,63.3305,63.35,63.32,63.3413,12227
BMY,2026-09-11,11:48,63.345,63.35,63.315,63.35,18878
BMY,2026-09-11,11:49,63.34,63.39,63.335,63.39,11255
BMY,2026-09-11,11:50,63.39,63.415,63.39,63.405,6206
BMY,2026-09-11,11:51,63.41,63.41,63.3901,63.395,3510
BMY,2026-09-11,11:52,63.39,63.41,63.385,63.41,5861
BMY,2026-09-11,11:53,63.41,63.43,63.41,63.43,3513
BMY,2026-09-11,11:54,63.43,63.435,63.41,63.41,5662
BMY,2026-09-11,11:55,63.405,63.42,63.4,63.4025,5813
BMY,2026-09-11,11:56,63.405,63.42,63.39,63.41,17868
BMY,2026-09-11,11:57,63.415,63.42,63.405,63.415,3360
BMY,2026-09-11,11:58,63.42,63.435,63.41,63.42,21715
BMY,2026-09-11,11:59,63.42,63.425,63.4,63.4,19076
BMY,2026-09-11,12:00,63.4,63.4,63.39,63.39,3782
BMY,2026-09-11,12:01,63.38,63.38,63.36,63.37,9122
BMY,2026-09-11,12:02,63.365,63.37,63.36,63.37,5045
BMY,2026-09-11,12:03,63.36,63.36,63.32,63.35,10031
BMY,2026-09-11,12:04,63.345,63.345,63.305,63.31,11742
BMY,2026-09-11,12:05,63.31,63.42,63.31,63.33,102043
BMY,2026-09-11,12:06,63.335,63.37,63.33,63.35,6155
BMY,2026-09-11,12:07,63.34,63.39,63.34,63.39,11665
BMY,2026-09-11,12:08,63.4,63.42,63.3976,63.42,10009
BMY,2026-09-11,12:09,63.42,63.42,63.34,63.345,16810
BMY,2026-09-11,12:10,63.35,63.39,63.35,63.38,11208
BMY,2026-09-11,12:11,63.39,63.39,63.37,63.38,3682
BMY,2026-09-11,12:12,63.38,63.38,63.36,63.36,3088
BMY,2026-09-11,12:13,63.365,63.365,63.355,63.365,8785
BMY,2026-09-11,12:14,63.36,63.36,63.32,63.33,11670
BMY,2026-09-11,12:15,63.33,63.34,63.325,63.33,8178
BMY,2026-09-11,12:16,63.338,63.35,63.333,63.335,10606
BMY,2026-09-11,12:17,63.34,63.345,63.3301,63.345,6584
BMY,2026-09-11,12:18,63.34,63.3556,63.33,63.33,9848
BMY,2026-09-11,12:19,63.335,63.335,63.27,63.32,32098
BMY,2026-09-11,12:20,63.33,63.375,63.33,63.37,3999
BMY,2026-09-11,12:21,63.365,63.38,63.365,63.375,4232
BMY,2026-09-11,12:22,63.375,63.4,63.375,63.39,5464
BMY,2026-09-11,12:23,63.38,63.405,63.38,63.405,6424
BMY,2026-09-11,12:24,63.405,63.415,63.4,63.41,8791
BMY,2026-09-11,12:25,63.4199,63.4199,63.405,63.41,1884
BMY,2026-09-11,12:26,63.4,63.415,63.4,63.405,7915
BMY,2026-09-11,12:27,63.41,63.43,63.41,63.43,6026
BMY,2026-09-11,12:28,63.43,63.43,63.41,63.43,6154
BMY,2026-09-11,12:29,63.425,63.425,63.4,63.41,8382
BMY,2026-09-11,12:30,63.42,63.4499,63.42,63.44,9294
BMY,2026-09-11,12:31,63.43,63.44,63.425,63.425,6706
BMY,2026-09-11,12:32,63.42,63.44,63.41,63.44,7187
BMY,2026-09-11,12:33,63.45,63.49,63.45,63.48,7281
BMY,2026-09-11,12:34,63.48,63.48,63.46,63.465,5332
BMY,2026-09-11,12:35,63.465,63.47,63.42,63.455,104377
BMY,2026-09-11,12:36,63.46,63.47,63.425,63.425,10930
BMY,2026-09-11,12:37,63.42,63.43,63.395,63.41,6827
BMY,2026-09-11,12:38,63.4,63.4151,63.38,63.38,10424
BMY,2026-09-11,12:39,63.375,63.39,63.37,63.39,9773
BMY,2026-09-11,12:40,63.385,63.42,63.385,63.42,8099
BMY,2026-09-11,12:41,63.42,63.45,63.42,63.44,4006
BMY,2026-09-11,12:42,63.43,63.445,63.41,63.41,4636
BMY,2026-09-11,12:43,63.415,63.42,63.415,63.42,2570
BMY,2026-09-11,12:44,63.42,63.42,63.41,63.41,5437
BMY,2026-09-11,12:45,63.414,63.42,63.39,63.415,7383
BMY,2026-09-11,12:46,63.415,63.415,63.4,63.41,3405
BMY,2026-09-11,12:47,63.41,63.4254,63.4,63.4,5388
BMY,2026-09-11,12:48,63.42,63.425,63.4,63.405,4798
BMY,2026-09-11,12:49,63.4,63.4099,63.375,63.3751,7799
BMY,2026-09-11,12:50,63.375,63.42,63.375,63.42,8906
BMY,2026-09-11,12:51,63.42,63.4214,63.375,63.4,10790
BMY,2026-09-11,12:52,63.39,63.4,63.38,63.4,3376
BMY,2026-09-11,12:53,63.4,63.4099,63.4,63.4,2673
BMY,2026-09-11,12:54,63.41,63.42,63.41,63.41,4723
BMY,2026-09-11,12:55,63.4,63.41,63.39,63.39,8621
BMY,2026-09-11,12:56,63.4,63.41,63.395,63.405,6218
BMY,2026-09-11,12:57,63.405,63.41,63.4,63.41,4866
BMY,2026-09-11,12:58,63.4,63.435,63.4,63.435,4727
BMY,2026-09-11,12:59,63.435,63.48,63.425,63.48,8667
BMY,2026-09-11,13:00,63.48,63.51,63.47,63.485,9973
BMY,2026-09-11,13:01,63.49,63.49,63.46,63.46,6302
BMY,2026-09-11,13:02,63.46,63.46,63.42,63.43,9605
BMY,2026-09-11,13:03,63.44,63.44,63.435,63.44,2750
BMY,2026-09-11,13:04,63.44,63.46,63.44,63.445,7521
BMY,2026-09-11,13:05,63.445,63.445,63.435,63.435,3969
BMY,2026-09-11,13:06,63.43,63.445,63.43,63.445,5462
BMY,2026-09-11,13:07,63.445,63.47,63.44,63.455,12591
BMY,2026-09-11,13:08,63.46,63.485,63.46,63.485,4896
BMY,2026-09-11,13:09,63.48,63.485,63.475,63.485,5180
BMY,2026-09-11,13:10,63.475,63.49,63.475,63.48,5263
BMY,2026-09-11,13:11,63.48,63.52,63.48,63.5,5196
BMY,2026-09-11,13:12,63.49,63.49,63.445,63.45,5713
BMY,2026-09-11,13:13,63.4607,63.465,63.455,63.455,2083
BMY,2026-09-11,13:14,63.455,63.485,63.455,63.485,6945
BMY,2026-09-11,13:15,63.49,63.495,63.475,63.49,7098
BMY,2026-09-11,13:16,63.49,63.52,63.49,63.49,7468
BMY,2026-09-11,13:17,63.4971,63.505,63.4971,63.5,1694
BMY,2026-09-11,13:18,63.5,63.52,63.4983,63.52,4364
BMY,2026-09-11,13:19,63.52,63.525,63.4788,63.4788,15177
BMY,2026-09-11,13:20,63.475,63.48,63.47,63.47,5706
BMY,2026-09-11,13:21,63.46,63.47,63.4546,63.4546,3415
BMY,2026-09-11,13:22,63.455,63.46,63.445,63.46,7429
BMY,2026-09-11,13:23,63.465,63.475,63.45,63.45,5593
BMY,2026-09-11,13:24,63.4399,63.45,63.43,63.445,4356
BMY,2026-09-11,13:25,63.44,63.44,63.415,63.425,7764
BMY,2026-09-11,13:26,63.425,63.44,63.42,63.44,4467
BMY,2026-09-11,13:27,63.435,63.435,63.425,63.425,4515
BMY,2026-09-11,13:28,63.425,63.43,63.42,63.42,4713
BMY,2026-09-11,13:29,63.425,63.425,63.405,63.405,4889
BMY,2026-09-11,13:30,63.405,63.41,63.385,63.385,8619
BMY,2026-09-11,13:31,63.4,63.425,63.395,63.415,11520
BMY,2026-09-11,13:32,63.415,63.425,63.415,63.42,10300
BMY,2026-09-11,13:33,63.42,63.46,63.42,63.45,5779
BMY,2026-09-11,13:34,63.46,63.481,63.46,63.47,5936
BMY,2026-09-11,13:35,63.475,63.485,63.425,63.43,18123
BMY,2026-09-11,13:36,63.435,63.44,63.415,63.43,5901
BMY,2026-09-11,13:37,63.43,63.44,63.42,63.435,6668
BMY,2026-09-11,13:38,63.435,63.45,63.43,63.43,6847
BMY,2026-09-11,13:39,63.435,63.455,63.435,63.45,9169
BMY,2026-09-11,13:40,63.4599,63.46,63.4388,63.45,8254
BMY,2026-09-11,13:41,63.445,63.45,63.445,63.445,2416
BMY,2026-09-11,13:42,63.435,63.455,63.435,63.455,4723
BMY,2026-09-11,13:43,63.455,63.455,63.42,63.44,11588
BMY,2026-09-11,13:44,63.445,63.46,63.415,63.42,13542
BMY,2026-09-11,13:45,63.41,63.41,63.37,63.37,6563
BMY,2026-09-11,13:46,63.36,63.37,63.345,63.345,7835
BMY,2026-09-11,13:47,63.34,63.36,63.34,63.36,2766
BMY,2026-09-11,13:48,63.35,63.39,63.35,63.38,4702
BMY,2026-09-11,13:49,63.385,63.385,63.37,63.38,5948
BMY,2026-09-11,13:50,63.38,63.39,63.38,63.385,3104
BMY,2026-09-11,13:51,63.38,63.385,63.375,63.375,5111
BMY,2026-09-11,13:52,63.375,63.415,63.375,63.395,20925
BMY,2026-09-11,13:53,63.395,63.4,63.375,63.39,5385
BMY,2026-09-11,13:54,63.38,63.39,63.37,63.37,6095
BMY,2026-09-11,13:55,63.375,63.395,63.36,63.395,5513
BMY,2026-09-11,13:56,63.39,63.4,63.385,63.39,11678
BMY,2026-09-11,13:57,63.385,63.39,63.38,63.385,3430
BMY,2026-09-11,13:58,63.385,63.4,63.385,63.3963,3890
BMY,2026-09-11,13:59,63.395,63.41,63.395,63.405,6626
BMY,2026-09-11,14:00,63.4,63.4,63.37,63.375,10800
BMY,2026-09-11,14:01,63.38,63.385,63.355,63.375,13284
BMY,2026-09-11,14:02,63.375,63.375,63.36,63.36,5060
BMY,2026-09-11,14:03,63.36,63.38,63.36,63.38,3355
BMY,2026-09-11,14:04,63.375,63.385,63.375,63.385,5899
BMY,2026-09-11,14:05,63.385,63.385,63.3545,63.355,5854
BMY,2026-09-11,14:06,63.355,63.36,63.35,63.36,8295
BMY,2026-09-11,14:07,63.355,63.385,63.35,63.38,11476
BMY,2026-09-11,14:08,63.38,63.38,63.35,63.355,4844
BMY,2026-09-11,14:09,63.36,63.3899,63.36,63.385,3813
BMY,2026-09-11,14:10,63.385,63.39,63.3634,63.37,7777
BMY,2026-09-11,14:11,63.38,63.42,63.38,63.415,6666
BMY,2026-09-11,14:12,63.41,63.41,63.395,63.395,6451
BMY,2026-09-11,14:13,63.395,63.4,63.345,63.345,12006
BMY,2026-09-11,14:14,63.34,63.35,63.335,63.35,3709
BMY,2026-09-11,14:15,63.34,63.35,63.33,63.33,15244
BMY,2026-09-11,14:16,63.35,63.4,63.34,63.39,23254
BMY,2026-09-11,14:17,63.375,63.4,63.375,63.4,4775
BMY,2026-09-11,14:18,63.39,63.43,63.39,63.43,6309
BMY,2026-09-11,14:19,63.435,63.435,63.43,63.43,6215
BMY,2026-09-11,14:20,63.42,63.42,63.4,63.4,6018
BMY,2026-09-11,14:21,63.405,63.405,63.4,63.405,4174
BMY,2026-09-11,14:22,63.4,63.42,63.395,63.41,10652
BMY,2026-09-11,14:23,63.409,63.42,63.375,63.39,10156
BMY,2026-09-11,14:24,63.38,63.38,63.35,63.365,9833
BMY,2026-09-11,14:25,63.36,63.37,63.35,63.365,6650
BMY,2026-09-11,14:26,63.369,63.38,63.345,63.3597,14045
BMY,2026-09-11,14:27,63.355,63.38,63.35,63.36,11911
BMY,2026-09-11,14:28,63.36,63.365,63.355,63.365,4829
BMY,2026-09-11,14:29,63.37,63.39,63.355,63.39,17180
BMY,2026-09-11,14:30,63.385,63.405,63.385,63.405,9279
BMY,2026-09-11,14:31,63.405,63.415,63.39,63.395,12379
BMY,2026-09-11,14:32,63.395,63.405,63.385,63.385,6368
BMY,2026-09-11,14:33,63.385,63.385,63.36,63.3742,5334
BMY,2026-09-11,14:34,63.3751,63.385,63.37,63.385,6226
BMY,2026-09-11,14:35,63.38,63.38,63.365,63.375,5263
BMY,2026-09-11,14:36,63.375,63.375,63.365,63.375,4335
BMY,2026-09-11,14:37,63.38,63.385,63.36,63.36,7196
BMY,2026-09-11,14:38,63.365,63.3899,63.365,63.385,4400
BMY,2026-09-11,14:39,63.385,63.385,63.37,63.375,3358
BMY,2026-09-11,14:40,63.375,63.38,63.37,63.375,8505
BMY,2026-09-11,14:41,63.375,63.385,63.37,63.37,7337
BMY,2026-09-11,14:42,63.38,63.38,63.36,63.3601,4838
BMY,2026-09-11,14:43,63.365,63.365,63.36,63.36,3945
BMY,2026-09-11,14:44,63.36,63.36,63.34,63.355,24646
BMY,2026-09-11,14:45,63.355,63.375,63.355,63.365,6068
BMY,2026-09-11,14:46,63.365,63.38,63.3626,63.375,57203
BMY,2026-09-11,14:47,63.38,63.425,63.38,63.415,51475
BMY,2026-09-11,14:48,63.415,63.415,63.4,63.4,3146
BMY,2026-09-11,14:49,63.4057,63.41,63.39,63.4,4899
BMY,2026-09-11,14:50,63.4099,63.4177,63.395,63.4177,7783
BMY,2026-09-11,14:51,63.415,63.42,63.41,63.41,7030
BMY,2026-09-11,14:52,63.4,63.41,63.365,63.37,70854
BMY,2026-09-11,14:53,63.37,63.38,63.36,63.37,8229
BMY,2026-09-11,14:54,63.375,63.38,63.36,63.375,17598
BMY,2026-09-11,14:55,63.375,63.39,63.375,63.39,4989
BMY,2026-09-11,14:56,63.38,63.39,63.38,63.38,5048
BMY,2026-09-11,14:57,63.39,63.39,63.375,63.3798,5986
BMY,2026-09-11,14:58,63.375,63.385,63.37,63.375,11292
BMY,2026-09-11,14:59,63.375,63.375,63.365,63.37,8357
BMY,2026-09-11,15:00,63.37,63.39,63.355,63.37,32555
BMY,2026-09-11,15:01,63.38,63.405,63.375,63.385,8801
BMY,2026-09-11,15:02,63.385,63.39,63.38,63.39,3674
BMY,2026-09-11,15:03,63.4,63.4,63.395,63.4,3147
BMY,2026-09-11,15:04,63.395,63.405,63.38,63.385,8738
BMY,2026-09-11,15:05,63.385,63.415,63.385,63.41,13312
BMY,2026-09-11,15:06,63.4,63.4,63.39,63.39,17188
BMY,2026-09-11,15:07,63.385,63.4,63.385,63.39,8157
BMY,2026-09-11,15:08,63.39,63.39,63.37,63.37,8394
BMY,2026-09-11,15:09,63.37,63.37,63.325,63.33,36947
BMY,2026-09-11,15:10,63.33,63.35,63.325,63.341,24524
BMY,2026-09-11,15:11,63.345,63.345,63.325,63.335,8242
BMY,2026-09-11,15:12,63.34,63.375,63.34,63.375,9220
BMY,2026-09-11,15:13,63.38,63.4,63.38,63.395,5809
BMY,2026-09-11,15:14,63.4,63.41,63.385,63.39,10723
BMY,2026-09-11,15:15,63.4,63.4,63.3701,63.375,5521
BMY,2026-09-11,15:16,63.375,63.4,63.36,63.4,11812
BMY,2026-09-11,15:17,63.4,63.41,63.395,63.41,12062
BMY,2026-09-11,15:18,63.41,63.45,63.41,63.435,9891
BMY,2026-09-11,15:19,63.44,63.4451,63.435,63.435,4213
BMY,2026-09-11,15:20,63.4313,63.45,63.43,63.445,14671
BMY,2026-09-11,15:21,63.445,63.485,63.44,63.485,11913
BMY,2026-09-11,15:22,63.48,63.48,63.465,63.4655,6678
BMY,2026-09-11,15:23,63.465,63.465,63.46,63.46,3852
BMY,2026-09-11,15:24,63.465,63.465,63.44,63.455,19319
BMY,2026-09-11,15:25,63.45,63.465,63.45,63.455,7739
BMY,2026-09-11,15:26,63.46,63.4687,63.45,63.465,13239
BMY,2026-09-11,15:27,63.465,63.5,63.46,63.4901,10299
BMY,2026-09-11,15:28,63.49,63.49,63.48,63.485,13472
BMY,2026-09-11,15:29,63.485,63.495,63.475,63.49,13285
BMY,2026-09-11,15:30,63.485,63.51,63.485,63.51,12580
BMY,2026-09-11,15:31,63.52,63.52,63.495,63.5,19078
BMY,2026-09-11,15:32,63.5,63.507,63.48,63.507,12326
BMY,2026-09-11,15:33,63.501,63.51,63.48,63.48,15648
BMY,2026-09-11,15:34,63.48,63.48,63.46,63.48,21448
BMY,2026-09-11,15:35,63.47,63.49,63.4602,63.49,18853
BMY,2026-09-11,15:36,63.485,63.485,63.465,63.475,9030
BMY,2026-09-11,15:37,63.471,63.48,63.47,63.48,5866
BMY,2026-09-11,15:38,63.475,63.475,63.445,63.445,15394
BMY,2026-09-11,15:39,63.445,63.4699,63.44,63.4699,13370
BMY,2026-09-11,15:40,63.465,63.465,63.44,63.445,15673
BMY,2026-09-11,15:41,63.445,63.465,63.441,63.46,11877
BMY,2026-09-11,15:42,63.46,63.475,63.45,63.465,28066
BMY,2026-09-11,15:43,63.465,63.48,63.45,63.48,10330
BMY,2026-09-11,15:44,63.475,63.48,63.455,63.4601,18415
BMY,2026-09-11,15:45,63.465,63.475,63.455,63.465,14863
BMY,2026-09-11,15:46,63.47,63.47,63.45,63.465,22877
BMY,2026-09-11,15:47,63.455,63.455,63.44,63.445,17443
BMY,2026-09-11,15:48,63.45,63.455,63.425,63.425,19503
BMY,2026-09-11,15:49,63.425,63.43,63.4,63.405,25828
BMY,2026-09-11,15:50,63.41,63.435,63.4,63.41,37650
BMY,2026-09-11,15:51,63.415,63.415,63.375,63.405,35173
BMY,2026-09-11,15:52,63.4,63.41,63.38,63.385,27196
BMY,2026-09-11,15:53,63.39,63.415,63.39,63.395,26440
BMY,2026-09-11,15:54,63.395,63.41,63.39,63.39,28321
BMY,2026-09-11,15:55,63.4,63.445,63.375,63.42,65628
BMY,2026-09-11,15:56,63.42,63.48,63.41,63.47,65813
BMY,2026-09-11,15:57,63.465,63.51,63.46,63.505,59145
BMY,2026-09-11,15:58,63.505,63.59,63.5,63.555,228479
BMY,2026-09-11,15:59,63.55,63.66,63.52,63.62,354876
BMY,2026-09-11,16:00,63.64,63.64,63.64,63.64,0
BMY,2026-09-14,09:30,64.59,65.29,64.49,64.86,179124
BMY,2026-09-14,09:31,64.92,65.13,64.92,65.13,18463
BMY,2026-09-14,09:32,65.105,65.17,64.92,64.92,24215
BMY,2026-09-14,09:33,64.92,64.96,64.86,64.8601,6078
BMY,2026-09-14,09:34,64.905,65.05,64.72,64.72,13958
BMY,2026-09-14,09:35,64.76,64.85,64.63,64.85,12291
BMY,2026-09-14,09:36,64.83,64.9,64.78,64.9,4478
BMY,2026-09-14,09:37,64.91,64.92,64.8,64.82,14568
BMY,2026-09-14,09:38,64.78,64.8,64.63,64.63,13450
BMY,2026-09-14,09:39,64.66,64.66,64.565,64.62,17056
BMY,2026-09-14,09:40,64.65,64.75,64.63,64.735,14673
BMY,2026-09-14,09:41,64.75,64.78,64.63,64.63,20256
BMY,2026-09-14,09:42,64.63,64.63,64.51,64.58,38614
BMY,2026-09-14,09:43,64.57,64.62,64.43,64.43,13580
BMY,2026-09-14,09:44,64.49,64.58,64.47,64.5,21322
BMY,2026-09-14,09:45,64.48,64.58,64.475,64.54,10906
BMY,2026-09-14,09:46,64.56,64.58,64.48,64.51,12994
BMY,2026-09-14,09:47,64.5,64.51,64.35,64.35,24712
BMY,2026-09-14,09:48,64.38,64.56,64.33,64.55,29388
BMY,2026-09-14,09:49,64.54,64.54,64.38,64.395,36480
BMY,2026-09-14,09:50,64.395,64.395,64.325,64.325,16052
BMY,2026-09-14,09:51,64.32,64.44,64.3,64.43,10096
BMY,2026-09-14,09:52,64.41,64.5,64.41,64.48,20237
BMY,2026-09-14,09:53,64.46,64.485,64.44,64.485,9560
BMY,2026-09-14,09:54,64.485,64.485,64.41,64.41,14220
BMY,2026-09-14,09:55,64.43,64.45,64.4,64.43,12736
BMY,2026-09-14,09:56,64.41,64.44,64.36,64.36,17055
BMY,2026-09-14,09:57,64.35,64.365,64.33,64.3599,9629
BMY,2026-09-14,09:58,64.34,64.34,64.125,64.165,18270
BMY,2026-09-14,09:59,64.14,64.24,64.14,64.18,24022
BMY,2026-09-14,10:00,64.19,64.26,64.19,64.23,12742
BMY,2026-09-14,10:01,64.23,64.23,64.17,64.19,14855
BMY,2026-09-14,10:02,64.19,64.27,64.19,64.27,9610
BMY,2026-09-14,10:03,64.28,64.31,64.23,64.235,17574
BMY,2026-09-14,10:04,64.25,64.3,64.245,64.29,9226
BMY,2026-09-14,10:05,64.29,64.31,64.24,64.26,10217
BMY,2026-09-14,10:06,64.245,64.245,64.1516,64.1516,8184
BMY,2026-09-14,10:07,64.12,64.14,64.105,64.13,4983
BMY,2026-09-14,10:08,64.13,64.16,64.12,64.15,11325
BMY,2026-09-14,10:09,64.145,64.18,64.11,64.18,12842
BMY,2026-09-14,10:10,64.18,64.24,64.13,64.24,8782
BMY,2026-09-14,10:11,64.2499,64.265,64.2,64.205,7175
BMY,2026-09-14,10:12,64.2,64.2,64.135,64.14,4122
BMY,2026-09-14,10:13,64.12,64.23,64.12,64.22,8127
BMY,2026-09-14,10:14,64.21,64.2199,64.19,64.2,10469
BMY,2026-09-14,10:15,64.22,64.31,64.22,64.27,12259
BMY,2026-09-14,10:16,64.285,64.32,64.285,64.31,5327
BMY,2026-09-14,10:17,64.315,64.315,64.275,64.275,7829
BMY,2026-09-14,10:18,64.29,64.31,64.26,64.31,5437
BMY,2026-09-14,10:19,64.3,64.32,64.27,64.27,10843
BMY,2026-09-14,10:20,64.28,64.33,64.28,64.33,9247
BMY,2026-09-14,10:21,64.335,64.34,64.32,64.34,9635
BMY,2026-09-14,10:22,64.33,64.34,64.3,64.32,6933
BMY,2026-09-14,10:23,64.33,64.35,64.3,64.3063,5506
BMY,2026-09-14,10:24,64.3,64.32,64.3,64.32,7668
BMY,2026-09-14,10:25,64.31,64.31,64.2502,64.2502,7262
BMY,2026-09-14,10:26,64.26,64.26,64.225,64.24,5747
BMY,2026-09-14,10:27,64.235,64.26,64.235,64.25,6432
BMY,2026-09-14,10:28,64.2546,64.27,64.25,64.265,5962
BMY,2026-09-14,10:29,64.26,64.335,64.26,64.315,8053
BMY,2026-09-14,10:30,64.32,64.35,64.32,64.33,7482
BMY,2026-09-14,10:31,64.32,64.32,64.26,64.265,6796
BMY,2026-09-14,10:32,64.25,64.29,64.24,64.25,10552
BMY,2026-09-14,10:33,64.255,64.27,64.25,64.255,3822
BMY,2026-09-14,10:34,64.255,64.255,64.19,64.25,10039
BMY,2026-09-14,10:35,64.245,64.315,64.24,64.315,10092
BMY,2026-09-14,10:36,64.315,64.34,64.315,64.33,6743
BMY,2026-09-14,10:37,64.31,64.31,64.28,64.29,9041
BMY,2026-09-14,10:38,64.295,64.31,64.295,64.295,8987
BMY,2026-09-14,10:39,64.27,64.28,64.26,64.28,10668
BMY,2026-09-14,10:40,64.29,64.32,64.275,64.3,7935
BMY,2026-09-14,10:41,64.28,64.32,64.28,64.28,13789
BMY,2026-09-14,10:42,64.28,64.28,64.255,64.26,4216
BMY,2026-09-14,10:43,64.26,64.28,64.26,64.27,6289
BMY,2026-09-14,10:44,64.255,64.3,64.25,64.3,8736
BMY,2026-09-14,10:45,64.31,64.31,64.265,64.29,27704
BMY,2026-09-14,10:46,64.2824,64.34,64.2824,64.3276,11595
BMY,2026-09-14,10:47,64.3,64.3,64.27,64.27,6991
BMY,2026-09-14,10:48,64.26,64.29,64.24,64.29,8153
BMY,2026-09-14,10:49,64.27,64.29,64.27,64.28,8665
BMY,2026-09-14,10:50,64.28,64.3,64.28,64.29,9087
BMY,2026-09-14,10:51,64.28,64.28,64.19,64.22,8976
BMY,2026-09-14,10:52,64.23,64.27,64.23,64.27,4435
BMY,2026-09-14,10:53,64.265,64.285,64.26,64.28,6132
BMY,2026-09-14,10:54,64.28,64.315,64.26,64.26,8367
BMY,2026-09-14,10:55,64.27,64.27,64.26,64.265,5732
BMY,2026-09-14,10:56,64.28,64.28,64.235,64.235,7587
BMY,2026-09-14,10:57,64.235,64.26,64.235,64.26,5061
BMY,2026-09-14,10:58,64.25,64.26,64.24,64.25,9323
BMY,2026-09-14,10:59,64.2554,64.26,64.22,64.22,8543
BMY,2026-09-14,11:00,64.22,64.22,64.2006,64.215,7701
BMY,2026-09-14,11:01,64.2,64.2,64.16,64.18,9867
BMY,2026-09-14,11:02,64.17,64.19,64.165,64.18,81578
BMY,2026-09-14,11:03,64.19,64.225,64.185,64.2,6471
BMY,2026-09-14,11:04,64.2,64.23,64.198,64.215,7423
BMY,2026-09-14,11:05,64.21,64.26,64.21,64.24,15769
BMY,2026-09-14,11:06,64.2201,64.245,64.205,64.24,10320
BMY,2026-09-14,11:07,64.21,64.22,64.19,64.21,5547
BMY,2026-09-14,11:08,64.21,64.23,64.21,64.23,3905
BMY,2026-09-14,11:09,64.23,64.29,64.23,64.29,7778
BMY,2026-09-14,11:10,64.28,64.28,64.23,64.26,6068
BMY,2026-09-14,11:11,64.26,64.28,64.23,64.23,5568
BMY,2026-09-14,11:12,64.24,64.27,64.24,64.25,5657
BMY,2026-09-14,11:13,64.2448,64.2448,64.175,64.175,11524
BMY,2026-09-14,11:14,64.18,64.19,64.17,64.17,4850
BMY,2026-09-14,11:15,64.165,64.165,64.1106,64.1106,10263
BMY,2026-09-14,11:16,64.12,64.17,64.11,64.17,11966
BMY,2026-09-14,11:17,64.17,64.205,64.16,64.16,5836
BMY,2026-09-14,11:18,64.15,64.15,64.1106,64.12,6599
BMY,2026-09-14,11:19,64.12,64.14,64.1,64.11,8321
BMY,2026-09-14,11:20,64.11,64.12,64.095,64.1,6847
BMY,2026-09-14,11:21,64.1,64.13,64.1,64.11,8415
BMY,2026-09-14,11:22,64.11,64.17,64.11,64.17,10257
BMY,2026-09-14,11:23,64.165,64.165,64.15,64.155,2931
BMY,2026-09-14,11:24,64.155,64.1691,64.15,64.15,10785
BMY,2026-09-14,11:25,64.15,64.15,64.09,64.13,11149
BMY,2026-09-14,11:26,64.13,64.15,64.13,64.15,2733
BMY,2026-09-14,11:27,64.15,64.19,64.15,64.16,5604
BMY,2026-09-14,11:28,64.16,64.18,64.145,64.145,8876
BMY,2026-09-14,11:29,64.14,64.155,64.14,64.15,6077
BMY,2026-09-14,11:30,64.15,64.15,64.08,64.08,5548
BMY,2026-09-14,11:31,64.0943,64.12,64.07,64.12,56569
BMY,2026-09-14,11:32,64.12,64.15,64.1,64.11,102273
BMY,2026-09-14,11:33,64.14,64.1999,64.14,64.17,9476
BMY,2026-09-14,11:34,64.15,64.18,64.145,64.17,3820
BMY,2026-09-14,11:35,64.17,64.19,64.165,64.17,6802
BMY,2026-09-14,11:36,64.16,64.16,64.12,64.12,4833
BMY,2026-09-14,11:37,64.13,64.15,64.13,64.14,7221
BMY,2026-09-14,11:38,64.15,64.19,64.145,64.185,6768
BMY,2026-09-14,11:39,64.185,64.19,64.18,64.19,4053
BMY,2026-09-14,11:40,64.1802,64.21,64.16,64.16,14412
BMY,2026-09-14,11:41,64.15,64.185,64.15,64.185,3149
BMY,2026-09-14,11:42,64.2,64.2717,64.2,64.2703,9420
BMY,2026-09-14,11:43,64.27,64.3525,64.27,64.3301,48050
BMY,2026-09-14,11:44,64.36,64.38,64.35,64.35,4757
BMY,2026-09-14,11:45,64.36,64.36,64.32,64.32,3687
BMY,2026-09-14,11:46,64.325,64.33,64.315,64.315,2969
BMY,2026-09-14,11:47,64.33,64.33,64.31,64.32,9802
BMY,2026-09-14,11:48,64.32,64.33,64.295,64.315,8761
BMY,2026-09-14,11:49,64.32,64.32,64.29,64.29,2289
BMY,2026-09-14,11:50,64.3,64.3,64.29,64.3,4434
BMY,2026-09-14,11:51,64.3,64.31,64.28,64.31,10155
BMY,2026-09-14,11:52,64.3,64.33,64.3,64.325,6111
BMY,2026-09-14,11:53,64.32,64.365,64.305,64.365,7753
BMY,2026-09-14,11:54,64.38,64.415,64.38,64.39,9301
BMY,2026-09-14,11:55,64.395,64.395,64.33,64.33,5583
BMY,2026-09-14,11:56,64.35,64.36,64.33,64.33,6498
BMY,2026-09-14,11:57,64.3314,64.355,64.3314,64.35,7556
BMY,2026-09-14,11:58,64.35,64.365,64.345,64.35,3690
BMY,2026-09-14,11:59,64.34,64.345,64.33,64.33,7273
BMY,2026-09-14,12:00,64.33,64.365,64.325,64.33,4376
BMY,2026-09-14,12:01,64.315,64.3365,64.31,64.3301,5189
BMY,2026-09-14,12:02,64.33,64.33,64.31,64.32,10452
BMY,2026-09-14,12:03,64.32,64.325,64.295,64.3,5860
BMY,2026-09-14,12:04,64.3,64.3,64.27,64.28,3466
BMY,2026-09-14,12:05,64.2885,64.3,64.27,64.3,4079
BMY,2026-09-14,12:06,64.3,64.3,64.24,64.25,6949
BMY,2026-09-14,12:07,64.25,64.29,64.25,64.29,5753
BMY,2026-09-14,12:08,64.29,64.29,64.261,64.265,7384
BMY,2026-09-14,12:09,64.27,64.29,64.21,64.21,11377
BMY,2026-09-14,12:10,64.21,64.24,64.21,64.21,4368
BMY,2026-09-14,12:11,64.21,64.22,64.2,64.21,7156
BMY,2026-09-14,12:12,64.2,64.215,64.16,64.16,24300
BMY,2026-09-14,12:13,64.16,64.175,64.14,64.145,7561
BMY,2026-09-14,12:14,64.145,64.16,64.13,64.13,8143
BMY,2026-09-14,12:15,64.14,64.14,64.1,64.12,9481
BMY,2026-09-14,12:16,64.115,64.14,64.115,64.14,7448
BMY,2026-09-14,12:17,64.14,64.14,64.11,64.12,5564
BMY,2026-09-14,12:18,64.1151,64.14,64.09,64.13,8579
BMY,2026-09-14,12:19,64.13,64.14,64.125,64.125,6124
BMY,2026-09-14,12:20,64.13,64.16,64.11,64.143,36712
BMY,2026-09-14,12:21,64.21,64.2133,64.16,64.16,7199
BMY,2026-09-14,12:22,64.17,64.19,64.16,64.18,4837
BMY,2026-09-14,12:23,64.17,64.18,64.16,64.16,8365
BMY,2026-09-14,12:24,64.17,64.185,64.155,64.16,6285
BMY,2026-09-14,12:25,64.16,64.16,64.15,64.16,4542
BMY,2026-09-14,12:26,64.15,64.16,64.12,64.155,10910
BMY,2026-09-14,12:27,64.155,64.16,64.15,64.16,6070
BMY,2026-09-14,12:28,64.15,64.15,64.12,64.15,5053
BMY,2026-09-14,12:29,64.15,64.16,64.13,64.155,10422
BMY,2026-09-14,12:30,64.17,64.17,64.155,64.17,4652
BMY,2026-09-14,12:31,64.17,64.2199,64.17,64.195,10193
BMY,2026-09-14,12:32,64.21,64.23,64.19,64.22,10391
BMY,2026-09-14,12:33,64.22,64.22,64.205,64.2078,4688
BMY,2026-09-14,12:34,64.205,64.21,64.19,64.19,4353
BMY,2026-09-14,12:35,64.18,64.2,64.17,64.175,9724
BMY,2026-09-14,12:36,64.17,64.17,64.15,64.16,8683
BMY,2026-09-14,12:37,64.15,64.15,64.12,64.14,5645
BMY,2026-09-14,12:38,64.135,64.165,64.12,64.15,12817
BMY,2026-09-14,12:39,64.135,64.15,64.135,64.15,3290
BMY,2026-09-14,12:40,64.15,64.16,64.14,64.16,10564
BMY,2026-09-14,12:41,64.1699,64.19,64.15,64.1788,23614
BMY,2026-09-14,12:42,64.14,64.15,64.14,64.15,389
BMY,2026-09-14,12:43,64.14,64.175,64.14,64.16,4932
BMY,2026-09-14,12:44,64.165,64.18,64.16,64.18,5759
BMY,2026-09-14,12:45,64.18,64.18,64.145,64.155,5978
BMY,2026-09-14,12:46,64.17,64.195,64.17,64.18,11924
BMY,2026-09-14,12:47,64.185,64.21,64.18,64.18,10507
BMY,2026-09-14,12:48,64.18,64.22,64.18,64.22,8187
BMY,2026-09-14,12:49,64.22,64.26,64.21,64.23,9699
BMY,2026-09-14,12:50,64.24,64.24,64.22,64.22,7438
BMY,2026-09-14,12:51,64.22,64.235,64.22,64.22,6160
BMY,2026-09-14,12:52,64.23,64.23,64.2,64.21,8457
BMY,2026-09-14,12:53,64.2,64.2,64.1802,64.1802,3226
BMY,2026-09-14,12:54,64.185,64.2099,64.18,64.205,3481
BMY,2026-09-14,12:55,64.2,64.2,64.19,64.19,5766
BMY,2026-09-14,12:56,64.18,64.18,64.165,64.165,5836
BMY,2026-09-14,12:57,64.165,64.17,64.16,64.17,5298
BMY,2026-09-14,12:58,64.17,64.175,64.15,64.15,9096
BMY,2026-09-14,12:59,64.16,64.16,64.14,64.145,3680
BMY,2026-09-14,13:00,64.145,64.1699,64.14,64.16,14026
BMY,2026-09-14,13:01,64.155,64.18,64.15,64.15,9421
BMY,2026-09-14,13:02,64.15,64.1573,64.14,64.14,3660
BMY,2026-09-14,13:03,64.13,64.13,64.1,64.11,6026
BMY,2026-09-14,13:04,64.11,64.12,64.11,64.12,3529
BMY,2026-09-14,13:05,64.12,64.12,64.1,64.12,5836
BMY,2026-09-14,13:06,64.115,64.13,64.115,64.12,7613
BMY,2026-09-14,13:07,64.12,64.12,64.07,64.0701,7526
BMY,2026-09-14,13:08,64.08,64.0924,64.075,64.09,4161
BMY,2026-09-14,13:09,64.1,64.1008,64.09,64.09,9998
BMY,2026-09-14,13:10,64.1,64.14,64.09,64.14,24147
BMY,2026-09-14,13:11,64.15,64.16,64.15,64.155,3033
BMY,2026-09-14,13:12,64.17,64.175,64.16,64.17,5573
BMY,2026-09-14,13:13,64.18,64.18,64.18,64.18,3621
BMY,2026-09-14,13:14,64.175,64.185,64.175,64.185,2614
BMY,2026-09-14,13:15,64.185,64.25,64.18,64.25,9631
BMY,2026-09-14,13:16,64.235,64.2418,64.22,64.22,9501
BMY,2026-09-14,13:17,64.22,64.28,64.22,64.28,8732
BMY,2026-09-14,13:18,64.27,64.295,64.27,64.295,3343
BMY,2026-09-14,13:19,64.3,64.3,64.27,64.27,3481
BMY,2026-09-14,13:20,64.27,64.27,64.22,64.22,11572
BMY,2026-09-14,13:21,64.21,64.22,64.17,64.21,11809
BMY,2026-09-14,13:22,64.21,64.21,64.16,64.16,18429
BMY,2026-09-14,13:23,64.155,64.18,64.15,64.165,13814
BMY,2026-09-14,13:24,64.18,64.1899,64.17,64.17,1656
BMY,2026-09-14,13:25,64.175,64.18,64.13,64.1372,17848
BMY,2026-09-14,13:26,64.13,64.145,64.11,64.135,9565
BMY,2026-09-14,13:27,64.125,64.135,64.125,64.135,2870
BMY,2026-09-14,13:28,64.135,64.17,64.135,64.1538,15956
BMY,2026-09-14,13:29,64.15,64.18,64.15,64.17,19062
BMY,2026-09-14,13:30,64.15,64.17,64.135,64.16,7287
BMY,2026-09-14,13:31,64.15,64.195,64.15,64.1762,23180
BMY,2026-09-14,13:32,64.18,64.19,64.14,64.145,9767
BMY,2026-09-14,13:33,64.14,64.15,64.125,64.13,4356
BMY,2026-09-14,13:34,64.13,64.145,64.13,64.14,7033
BMY,2026-09-14,13:35,64.15,64.15,64.13,64.1399,9770
BMY,2026-09-14,13:36,64.12,64.1299,64.12,64.125,3449
BMY,2026-09-14,13:37,64.12,64.12,64.08,64.09,8260
BMY,2026-09-14,13:38,64.09,64.1054,64.08,64.1054,5731
BMY,2026-09-14,13:39,64.1,64.12,64.1,64.105,8165
BMY,2026-09-14,13:40,64.0983,64.1,64.08,64.08,11279
BMY,2026-09-14,13:41,64.09,64.09,64.04,64.05,5741
BMY,2026-09-14,13:42,64.05,64.05,64.01,64.01,5653
BMY,2026-09-14,13:43,64.01,64.03,64,64.02,10102
BMY,2026-09-14,13:44,64.025,64.035,64.025,64.035,3186
BMY,2026-09-14,13:45,64.04,64.05,64.01,64.02,12135
BMY,2026-09-14,13:46,64.02,64.034,64.02,64.03,6782
BMY,2026-09-14,13:47,64.04,64.05,64.04,64.045,3348
BMY,2026-09-14,13:48,64.045,64.07,64.04,64.04,7631
BMY,2026-09-14,13:49,64.045,64.045,64,64,2974
BMY,2026-09-14,13:50,64.005,64.01,64,64.01,3636
BMY,2026-09-14,13:51,64.01,64.01,63.995,64.005,6115
BMY,2026-09-14,13:52,64.0051,64.015,63.995,64.015,7108
BMY,2026-09-14,13:53,64.015,64.02,64,64.02,19465
BMY,2026-09-14,13:54,64.01,64.015,64.01,64.015,3765
BMY,2026-09-14,13:55,64.015,64.0154,64.01,64.01,5502
BMY,2026-09-14,13:56,64.01,64.02,63.97,63.97,19759
BMY,2026-09-14,13:57,63.97,64,63.95,63.98,41136
BMY,2026-09-14,13:58,63.98,63.985,63.965,63.97,20786
BMY,2026-09-14,13:59,63.97,63.985,63.97,63.985,15662
BMY,2026-09-14,14:00,63.985,64.02,63.985,63.995,39694
BMY,2026-09-14,14:01,63.99,64.015,63.99,64.015,9221
BMY,2026-09-14,14:02,64.015,64.07,64.015,64.07,8647
BMY,2026-09-14,14:03,64.06,64.08,64.06,64.08,8024
BMY,2026-09-14,14:04,64.095,64.095,64.07,64.08,10628
BMY,2026-09-14,14:05,64.089,64.089,64.0601,64.07,4342
BMY,2026-09-14,14:06,64.0647,64.1,64.0647,64.09,5621
BMY,2026-09-14,14:07,64.08,64.08,64.04,64.045,12619
BMY,2026-09-14,14:08,64.05,64.05,64.025,64.04,6519
BMY,2026-09-14,14:09,64.045,64.045,64.02,64.02,5258
BMY,2026-09-14,14:10,64.02,64.025,64.01,64.02,9286
BMY,2026-09-14,14:11,64.02,64.025,64.02,64.02,2750
BMY,2026-09-14,14:12,64.015,64.035,64,64.035,8789
BMY,2026-09-14,14:13,64.0301,64.06,64.0301,64.055,4287
BMY,2026-09-14,14:14,64.055,64.085,64.055,64.08,18376
BMY,2026-09-14,14:15,64.08,64.08,64.05,64.065,6945
BMY,2026-09-14,14:16,64.06,64.07,64.035,64.045,23963
BMY,2026-09-14,14:17,64.04,64.045,63.975,64,43318
BMY,2026-09-14,14:18,64.01,64.01,63.985,63.99,32523
BMY,2026-09-14,14:19,63.99,64.03,63.99,64.01,13660
BMY,2026-09-14,14:20,64.005,64.025,63.97,64.02,25950
BMY,2026-09-14,14:21,64.01,64.01,63.95,63.97,33046
BMY,2026-09-14,14:22,63.97,63.97,63.9423,63.97,32639
BMY,2026-09-14,14:23,63.975,63.985,63.94,63.945,10951
BMY,2026-09-14,14:24,63.95,63.965,63.945,63.965,6598
BMY,2026-09-14,14:25,63.96,63.96,63.93,63.96,9135
BMY,2026-09-14,14:26,63.96,63.975,63.96,63.97,9516
BMY,2026-09-14,14:27,63.97,63.985,63.97,63.975,5403
BMY,2026-09-14,14:28,63.975,63.99,63.96,63.985,9311
BMY,2026-09-14,14:29,63.99,64.005,63.99,64,4099
BMY,2026-09-14,14:30,64.005,64.015,64.005,64.01,5747
BMY,2026-09-14,14:31,64.015,64.025,64.0123,64.025,5986
BMY,2026-09-14,14:32,64.03,64.035,64.025,64.03,4851
BMY,2026-09-14,14:33,64.025,64.03,64.015,64.015,7573
BMY,2026-09-14,14:34,64.015,64.03,64.015,64.03,4529
BMY,2026-09-14,14:35,64.0201,64.025,63.9909,63.995,8285
BMY,2026-09-14,14:36,63.98,64,63.95,63.95,9951
BMY,2026-09-14,14:37,63.95,63.96,63.95,63.96,4168
BMY,2026-09-14,14:38,63.955,63.96,63.93,63.955,11718
BMY,2026-09-14,14:39,63.955,63.955,63.935,63.935,8712
BMY,2026-09-14,14:40,63.935,63.96,63.935,63.96,12270
BMY,2026-09-14,14:41,63.965,63.9699,63.9601,63.965,6071
BMY,2026-09-14,14:42,63.965,63.98,63.965,63.9766,9372
BMY,2026-09-14,14:43,63.975,63.9799,63.96,63.9799,10103
BMY,2026-09-14,14:44,63.975,63.975,63.9601,63.975,5976
BMY,2026-09-14,14:45,63.975,63.99,63.96,63.975,11066
BMY,2026-09-14,14:46,63.975,63.99,63.96,63.99,8183
BMY,2026-09-14,14:47,63.995,64,63.985,63.995,9321
BMY,2026-09-14,14:48,63.995,63.995,63.98,63.995,7384
BMY,2026-09-14,14:49,63.995,64.01,63.985,64.005,7127
BMY,2026-09-14,14:50,64.01,64.03,64.005,64.02,13316
BMY,2026-09-14,14:51,64.01,64.01,63.975,63.975,7780
BMY,2026-09-14,14:52,63.9831,63.99,63.975,63.975,5628
BMY,2026-09-14,14:53,63.975,63.975,63.9605,63.975,9497
BMY,2026-09-14,14:54,63.97,63.97,63.955,63.965,8910
BMY,2026-09-14,14:55,63.965,63.985,63.965,63.985,9047
BMY,2026-09-14,14:56,63.985,63.9924,63.9799,63.9799,5234
BMY,2026-09-14,14:57,63.98,63.985,63.975,63.98,12354
BMY,2026-09-14,14:58,63.975,63.98,63.955,63.97,10855
BMY,2026-09-14,14:59,63.97,63.97,63.95,63.96,14067
BMY,2026-09-14,15:00,63.96,63.97,63.945,63.945,138039
BMY,2026-09-14,15:01,63.94,63.975,63.94,63.97,7304
BMY,2026-09-14,15:02,63.96,63.96,63.94,63.94,10867
BMY,2026-09-14,15:03,63.94,63.945,63.93,63.935,8306
BMY,2026-09-14,15:04,63.94,63.955,63.93,63.94,11858
BMY,2026-09-14,15:05,63.94,63.94,63.925,63.9301,7187
BMY,2026-09-14,15:06,63.93,63.945,63.93,63.94,5589
BMY,2026-09-14,15:07,63.93,63.93,63.91,63.925,8798
BMY,2026-09-14,15:08,63.92,63.935,63.9101,63.92,6215
BMY,2026-09-14,15:09,63.9101,63.925,63.91,63.92,10617
BMY,2026-09-14,15:10,63.92,63.96,63.92,63.945,9269
BMY,2026-09-14,15:11,63.945,63.955,63.92,63.955,9818
BMY,2026-09-14,15:12,63.95,63.955,63.945,63.955,3657
BMY,2026-09-14,15:13,63.96,63.98,63.955,63.955,10580
BMY,2026-09-14,15:14,63.955,63.97,63.95,63.97,9548
BMY,2026-09-14,15:15,63.99,64.02,63.985,64.02,9578
BMY,2026-09-14,15:16,64.015,64.02,64,64,11940
BMY,2026-09-14,15:17,63.99,63.99,63.975,63.985,14304
BMY,2026-09-14,15:18,63.98,64,63.98,63.99,13441
BMY,2026-09-14,15:19,64,64.02,64,64.015,8479
BMY,2026-09-14,15:20,64.015,64.065,64.015,64.039,13197
BMY,2026-09-14,15:21,64.03,64.04,64.01,64.01,4960
BMY,2026-09-14,15:22,64.01,64.02,64.01,64.01,6828
BMY,2026-09-14,15:23,64.015,64.02,64.005,64.015,5512
BMY,2026-09-14,15:24,64.015,64.035,64.01,64.025,14108
BMY,2026-09-14,15:25,64.025,64.025,64.015,64.015,3807
BMY,2026-09-14,15:26,64.01,64.025,64.005,64.005,9633
BMY,2026-09-14,15:27,64.005,64.07,64,64.05,19815
BMY,2026-09-14,15:28,64.05,64.08,64.05,64.08,8342
BMY,2026-09-14,15:29,64.085,64.09,64.07,64.09,13049
BMY,2026-09-14,15:30,64.09,64.155,64.09,64.15,16131
BMY,2026-09-14,15:31,64.15,64.15,64.13,64.15,16964
BMY,2026-09-14,15:32,64.155,64.155,64.145,64.145,7275
BMY,2026-09-14,15:33,64.14,64.14,64.09,64.125,16776
BMY,2026-09-14,15:34,64.12,64.12,64.08,64.09,13450
BMY,2026-09-14,15:35,64.085,64.125,64.085,64.125,8886
BMY,2026-09-14,15:36,64.12,64.12,64.1,64.105,9746
BMY,2026-09-14,15:37,64.105,64.105,64.07,64.07,10524
BMY,2026-09-14,15:38,64.065,64.075,64.045,64.055,16247
BMY,2026-09-14,15:39,64.055,64.055,64.03,64.04,22447
BMY,2026-09-14,15:40,64.04,64.04,63.995,63.995,11731
BMY,2026-09-14,15:41,64,64.015,63.995,64.015,12096
BMY,2026-09-14,15:42,64.015,64.055,64.015,64.055,10514
BMY,2026-09-14,15:43,64.055,64.09,64.05,64.065,13847
BMY,2026-09-14,15:44,64.065,64.065,63.98,64.015,43811
BMY,2026-09-14,15:45,64.035,64.12,64.035,64.09,69223
BMY,2026-09-14,15:46,64.105,64.115,64.085,64.105,19124
BMY,2026-09-14,15:47,64.105,64.14,64.09,64.1344,21750
BMY,2026-09-14,15:48,64.14,64.2,64.14,64.2,11624
BMY,2026-09-14,15:49,64.195,64.195,64.175,64.185,13972
BMY,2026-09-14,15:50,64.19,64.22,64.175,64.175,25896
BMY,2026-09-14,15:51,64.175,64.2,64.165,64.175,19161
BMY,2026-09-14,15:52,64.175,64.18,64.13,64.16,48429
BMY,2026-09-14,15:53,64.165,64.175,64.135,64.135,21683
BMY,2026-09-14,15:54,64.135,64.15,64.06,64.07,49252
BMY,2026-09-14,15:55,64.08,64.195,64.08,64.19,75813
BMY,2026-09-14,15:56,64.185,64.195,64.15,64.15,32847
BMY,2026-09-14,15:57,64.145,64.165,64.12,64.125,65731
BMY,2026-09-14,15:58,64.125,64.17,64.09,64.1,131620
BMY,2026-09-14,15:59,64.095,64.1,64.03,64.1,207453
BMY,2026-09-15,09:30,63.94,64.13,63.69,63.72,139087
BMY,2026-09-15,09:31,63.725,63.725,63.48,63.615,11734
BMY,2026-09-15,09:32,63.64,63.64,63.4301,63.45,9056
BMY,2026-09-15,09:33,63.42,63.49,63.39,63.43,14023
BMY,2026-09-15,09:34,63.46,63.54,63.455,63.475,6951
BMY,2026-09-15,09:35,63.47,63.62,63.445,63.55,11689
BMY,2026-09-15,09:36,63.54,63.57,63.51,63.53,9743
BMY,2026-09-15,09:37,63.52,63.53,63.33,63.36,15894
BMY,2026-09-15,09:38,63.4,63.47,63.355,63.38,7927
BMY,2026-09-15,09:39,63.375,63.465,63.36,63.465,7865
BMY,2026-09-15,09:40,63.4615,63.57,63.43,63.51,18215
BMY,2026-09-15,09:41,63.48,63.51,63.405,63.405,3868
BMY,2026-09-15,09:42,63.42,63.445,63.33,63.365,6060
BMY,2026-09-15,09:43,63.365,63.44,63.34,63.435,6070
BMY,2026-09-15,09:44,63.435,63.459,63.405,63.445,6563
BMY,2026-09-15,09:45,63.445,63.495,63.42,63.45,13048
BMY,2026-09-15,09:46,63.41,63.41,63.23,63.23,11957
BMY,2026-09-15,09:47,63.225,63.3,63.225,63.265,7391
BMY,2026-09-15,09:48,63.27,63.28,63.18,63.18,10324
BMY,2026-09-15,09:49,63.155,63.245,63.15,63.235,18989
BMY,2026-09-15,09:50,63.25,63.33,63.235,63.28,9118
BMY,2026-09-15,09:51,63.28,63.385,63.28,63.34,8494
BMY,2026-09-15,09:52,63.35,63.36,63.33,63.335,5548
BMY,2026-09-15,09:53,63.345,63.39,63.34,63.36,4351
BMY,2026-09-15,09:54,63.36,63.44,63.36,63.44,7411
BMY,2026-09-15,09:55,63.45,63.45,63.41,63.415,13514
BMY,2026-09-15,09:56,63.42,63.5,63.42,63.45,16514
BMY,2026-09-15,09:57,63.47,63.47,63.39,63.39,4301
BMY,2026-09-15,09:58,63.37,63.4,63.35,63.36,11121
BMY,2026-09-15,09:59,63.34,63.36,63.2901,63.3,7457
BMY,2026-09-15,10:00,63.32,63.52,63.31,63.515,72492
BMY,2026-09-15,10:01,63.52,63.605,63.44,63.605,41343
BMY,2026-09-15,10:02,63.605,63.69,63.56,63.67,20753
BMY,2026-09-15,10:03,63.655,63.67,63.61,63.61,8540
BMY,2026-09-15,10:04,63.625,63.64,63.56,63.56,9029
BMY,2026-09-15,10:05,63.57,63.57,63.5,63.555,10536
BMY,2026-09-15,10:06,63.555,63.615,63.48,63.5,12007
BMY,2026-09-15,10:07,63.495,63.57,63.4838,63.565,11847
BMY,2026-09-15,10:08,63.57,63.575,63.53,63.5593,8999
BMY,2026-09-15,10:09,63.56,63.565,63.52,63.52,11043
BMY,2026-09-15,10:10,63.51,63.55,63.48,63.53,10633
BMY,2026-09-15,10:11,63.54,63.56,63.535,63.54,7142
BMY,2026-09-15,10:12,63.53,63.56,63.51,63.53,6867
BMY,2026-09-15,10:13,63.52,63.55,63.5,63.5,8518
BMY,2026-09-15,10:14,63.515,63.52,63.47,63.5,8143
BMY,2026-09-15,10:15,63.49,63.56,63.48,63.55,8110
BMY,2026-09-15,10:16,63.55,63.55,63.4801,63.5,6751
BMY,2026-09-15,10:17,63.51,63.55,63.495,63.545,11401
BMY,2026-09-15,10:18,63.54,63.59,63.525,63.54,10371
BMY,2026-09-15,10:19,63.54,63.59,63.54,63.58,4872
BMY,2026-09-15,10:20,63.58,63.59,63.56,63.565,6382
BMY,2026-09-15,10:21,63.55,63.55,63.48,63.5,12655
BMY,2026-09-15,10:22,63.5,63.51,63.47,63.51,7489
BMY,2026-09-15,10:23,63.5,63.58,63.49,63.57,10188
BMY,2026-09-15,10:24,63.56,63.62,63.52,63.6,10278
BMY,2026-09-15,10:25,63.58,63.58,63.57,63.57,3021
BMY,2026-09-15,10:26,63.57,63.58,63.55,63.57,7203
BMY,2026-09-15,10:27,63.58,63.6,63.56,63.57,7470
BMY,2026-09-15,10:28,63.57,63.59,63.505,63.515,12972
BMY,2026-09-15,10:29,63.51,63.525,63.49,63.51,5345
BMY,2026-09-15,10:30,63.51,63.585,63.44,63.49,41700
BMY,2026-09-15,10:31,63.495,63.52,63.4783,63.4801,8527
BMY,2026-09-15,10:32,63.5,63.55,63.5,63.53,16586
BMY,2026-09-15,10:33,63.545,63.6,63.545,63.5702,10427
BMY,2026-09-15,10:34,63.57,63.57,63.55,63.55,6509
BMY,2026-09-15,10:35,63.5501,63.59,63.55,63.59,9751
BMY,2026-09-15,10:36,63.59,63.62,63.58,63.5801,6294
BMY,2026-09-15,10:37,63.59,63.595,63.57,63.57,9776
BMY,2026-09-15,10:38,63.565,63.6825,63.564,63.6825,22924
BMY,2026-09-15,10:39,63.68,63.685,63.67,63.685,4544
BMY,2026-09-15,10:40,63.7,63.7,63.65,63.655,9226
BMY,2026-09-15,10:41,63.66,63.675,63.62,63.64,39157
BMY,2026-09-15,10:42,63.635,63.655,63.605,63.65,20357
BMY,2026-09-15,10:43,63.645,63.68,63.635,63.68,5593
BMY,2026-09-15,10:44,63.68,63.71,63.66,63.66,7312
BMY,2026-09-15,10:45,63.665,63.68,63.58,63.62,26992
BMY,2026-09-15,10:46,63.61,63.62,63.585,63.59,9486
BMY,2026-09-15,10:47,63.595,63.64,63.59,63.64,12857
BMY,2026-09-15,10:48,63.65,63.65,63.63,63.63,13470
BMY,2026-09-15,10:49,63.635,63.635,63.59,63.61,11732
BMY,2026-09-15,10:50,63.605,63.61,63.53,63.53,11143
BMY,2026-09-15,10:51,63.505,63.54,63.485,63.5,16658
BMY,2026-09-15,10:52,63.49,63.5,63.47,63.495,11276
BMY,2026-09-15,10:53,63.5,63.53,63.47,63.47,12477
BMY,2026-09-15,10:54,63.48,63.5,63.44,63.445,13081
BMY,2026-09-15,10:55,63.445,63.47,63.43,63.43,21383
BMY,2026-09-15,10:56,63.435,63.48,63.4248,63.46,9311
BMY,2026-09-15,10:57,63.475,63.484,63.445,63.475,6662
BMY,2026-09-15,10:58,63.465,63.47,63.43,63.445,3588
BMY,2026-09-15,10:59,63.45,63.48,63.41,63.42,34606
BMY,2026-09-15,11:00,63.425,63.52,63.425,63.505,29241
BMY,2026-09-15,11:01,63.51,63.51,63.47,63.5,12165
BMY,2026-09-15,11:02,63.51,63.525,63.495,63.52,8786
BMY,2026-09-15,11:03,63.53,63.54,63.52,63.52,6009
BMY,2026-09-15,11:04,63.52,63.525,63.505,63.515,3396
BMY,2026-09-15,11:05,63.52,63.52,63.515,63.52,6687
BMY,2026-09-15,11:06,63.515,63.55,63.5,63.54,8536
BMY,2026-09-15,11:07,63.53,63.54,63.49,63.49,5213
BMY,2026-09-15,11:08,63.48,63.4999,63.46,63.46,18802
BMY,2026-09-15,11:09,63.46,63.53,63.46,63.53,11034
BMY,2026-09-15,11:10,63.515,63.56,63.515,63.55,9886
BMY,2026-09-15,11:11,63.545,63.6,63.545,63.6,7495
BMY,2026-09-15,11:12,63.6,63.64,63.575,63.575,8406
BMY,2026-09-15,11:13,63.57,63.63,63.57,63.63,4646
BMY,2026-09-15,11:14,63.6383,63.665,63.62,63.665,7844
BMY,2026-09-15,11:15,63.65,63.65,63.62,63.6347,5232
BMY,2026-09-15,11:16,63.62,63.67,63.615,63.645,10917
BMY,2026-09-15,11:17,63.66,63.7,63.645,63.7,10325
BMY,2026-09-15,11:18,63.69,63.725,63.67,63.72,5071
BMY,2026-09-15,11:19,63.72,63.7706,63.705,63.76,15630
BMY,2026-09-15,11:20,63.76,63.76,63.73,63.74,7414
BMY,2026-09-15,11:21,63.75,63.76,63.72,63.73,22263
BMY,2026-09-15,11:22,63.73,63.75,63.71,63.715,38010
BMY,2026-09-15,11:23,63.715,63.74,63.7,63.74,8969
BMY,2026-09-15,11:24,63.75,63.76,63.73,63.76,7223
BMY,2026-09-15,11:25,63.7537,63.76,63.73,63.74,19850
BMY,2026-09-15,11:26,63.76,63.81,63.755,63.81,18157
BMY,2026-09-15,11:27,63.79,63.83,63.79,63.82,4799
BMY,2026-09-15,11:28,63.82,63.83,63.805,63.82,8313
BMY,2026-09-15,11:29,63.83,63.86,63.815,63.86,12343
BMY,2026-09-15,11:30,63.875,63.88,63.83,63.84,13491
BMY,2026-09-15,11:31,63.845,63.86,63.835,63.85,9121
BMY,2026-09-15,11:32,63.84,63.84,63.78,63.785,10221
BMY,2026-09-15,11:33,63.785,63.795,63.78,63.785,5848
BMY,2026-09-15,11:34,63.785,63.8,63.78,63.79,6878
BMY,2026-09-15,11:35,63.79,63.825,63.78,63.825,11299
BMY,2026-09-15,11:36,63.825,63.83,63.81,63.819,9578
BMY,2026-09-15,11:37,63.82,63.86,63.81,63.855,16549
BMY,2026-09-15,11:38,63.86,63.93,63.86,63.92,12836
BMY,2026-09-15,11:39,63.91,63.915,63.905,63.915,8720
BMY,2026-09-15,11:40,63.915,63.915,63.905,63.91,8167
BMY,2026-09-15,11:41,63.9,63.9191,63.895,63.91,10917
BMY,2026-09-15,11:42,63.91,63.92,63.91,63.92,4881
BMY,2026-09-15,11:43,63.925,63.925,63.895,63.905,6683
BMY,2026-09-15,11:44,63.905,63.915,63.875,63.88,13221
BMY,2026-09-15,11:45,63.88,63.885,63.855,63.876,8325
BMY,2026-09-15,11:46,63.87,63.87,63.835,63.835,10117
BMY,2026-09-15,11:47,63.83,63.83,63.82,63.83,6600
BMY,2026-09-15,11:48,63.83,63.85,63.83,63.83,6802
BMY,2026-09-15,11:49,63.82,63.8399,63.785,63.785,9232
BMY,2026-09-15,11:50,63.785,63.805,63.77,63.78,15509
BMY,2026-09-15,11:51,63.78,63.78,63.76,63.775,9578
BMY,2026-09-15,11:52,63.765,63.77,63.73,63.745,30324
BMY,2026-09-15,11:53,63.745,63.785,63.745,63.775,20724
BMY,2026-09-15,11:54,63.775,63.775,63.72,63.72,15108
BMY,2026-09-15,11:55,63.73,63.74,63.705,63.705,14215
BMY,2026-09-15,11:56,63.7,63.72,63.685,63.705,10903
BMY,2026-09-15,11:57,63.705,63.705,63.665,63.68,11041
BMY,2026-09-15,11:58,63.675,63.675,63.62,63.64,10086
BMY,2026-09-15,11:59,63.645,63.655,63.62,63.62,8257
BMY,2026-09-15,12:00,63.595,63.655,63.595,63.63,14162
BMY,2026-09-15,12:01,63.6305,63.65,63.63,63.65,7728
BMY,2026-09-15,12:02,63.64,63.65,63.63,63.65,5929
BMY,2026-09-15,12:03,63.645,63.69,63.64,63.68,9523
BMY,2026-09-15,12:04,63.68,63.68,63.645,63.67,10700
BMY,2026-09-15,12:05,63.665,63.69,63.66,63.69,4065
BMY,2026-09-15,12:06,63.69,63.69,63.675,63.69,5023
BMY,2026-09-15,12:07,63.69,63.72,63.69,63.69,8285
BMY,2026-09-15,12:08,63.68,63.69,63.655,63.655,6121
BMY,2026-09-15,12:09,63.64,63.6514,63.63,63.63,7687
BMY,2026-09-15,12:10,63.635,63.69,63.635,63.69,7502
BMY,2026-09-15,12:11,63.69,63.7395,63.685,63.7395,6522
BMY,2026-09-15,12:12,63.725,63.74,63.71,63.74,6203
BMY,2026-09-15,12:13,63.73,63.76,63.73,63.76,7062
BMY,2026-09-15,12:14,63.76,63.78,63.75,63.77,7927
BMY,2026-09-15,12:15,63.77,63.77,63.715,63.715,10005
BMY,2026-09-15,12:16,63.715,63.73,63.715,63.72,2220
BMY,2026-09-15,12:17,63.72,63.72,63.7107,63.715,5612
BMY,2026-09-15,12:18,63.72,63.73,63.71,63.73,6425
BMY,2026-09-15,12:19,63.73,63.745,63.73,63.74,6349
BMY,2026-09-15,12:20,63.735,63.77,63.735,63.76,9801
BMY,2026-09-15,12:21,63.755,63.76,63.74,63.74,8133
BMY,2026-09-15,12:22,63.74,63.745,63.725,63.745,12245
BMY,2026-09-15,12:23,63.74,63.765,63.73,63.765,12759
BMY,2026-09-15,12:24,63.765,63.7869,63.765,63.77,7611
BMY,2026-09-15,12:25,63.765,63.795,63.76,63.77,19017
BMY,2026-09-15,12:26,63.76,63.79,63.75,63.79,5846
BMY,2026-09-15,12:27,63.8,63.82,63.78,63.78,7059
BMY,2026-09-15,12:28,63.795,63.81,63.795,63.8,7904
BMY,2026-09-15,12:29,63.805,63.81,63.8,63.805,4863
BMY,2026-09-15,12:30,63.805,63.815,63.8,63.805,9065
BMY,2026-09-15,12:31,63.805,63.805,63.79,63.79,5668
BMY,2026-09-15,12:32,63.79,63.8,63.78,63.8,7553
BMY,2026-09-15,12:33,63.8,63.8,63.78,63.78,6874
BMY,2026-09-15,12:34,63.785,63.79,63.77,63.78,5687
BMY,2026-09-15,12:35,63.775,63.79,63.765,63.79,6595
BMY,2026-09-15,12:36,63.79,63.795,63.765,63.77,6574
BMY,2026-09-15,12:37,63.77,63.8,63.77,63.775,7031
BMY,2026-09-15,12:38,63.785,63.785,63.7607,63.7607,4568
BMY,2026-09-15,12:39,63.77,63.77,63.73,63.73,8682
BMY,2026-09-15,12:40,63.74,63.77,63.74,63.77,5373
BMY,2026-09-15,12:41,63.765,63.765,63.735,63.735,3856
BMY,2026-09-15,12:42,63.735,63.74,63.725,63.74,5849
BMY,2026-09-15,12:43,63.74,63.755,63.74,63.755,5803
BMY,2026-09-15,12:44,63.765,63.78,63.755,63.78,8611
BMY,2026-09-15,12:45,63.79,63.805,63.79,63.79,7405
BMY,2026-09-15,12:46,63.8,63.8,63.785,63.785,5678
BMY,2026-09-15,12:47,63.795,63.81,63.79,63.8,3564
BMY,2026-09-15,12:48,63.795,63.8,63.79,63.79,5342
BMY,2026-09-15,12:49,63.78,63.8,63.78,63.79,6276
BMY,2026-09-15,12:50,63.79,63.79,63.785,63.785,1862
BMY,2026-09-15,12:51,63.785,63.79,63.765,63.765,23871
BMY,2026-09-15,12:52,63.755,63.785,63.745,63.77,10257
BMY,2026-09-15,12:53,63.785,63.82,63.7849,63.82,6200
BMY,2026-09-15,12:54,63.81,63.83,63.81,63.83,2496
BMY,2026-09-15,12:55,63.815,63.84,63.815,63.84,6828
BMY,2026-09-15,12:56,63.83,63.835,63.82,63.83,3487
BMY,2026-09-15,12:57,63.82,63.83,63.82,63.83,3400
BMY,2026-09-15,12:58,63.825,63.845,63.825,63.84,8053
BMY,2026-09-15,12:59,63.84,63.865,63.84,63.865,50782
BMY,2026-09-15,13:00,63.865,63.865,63.84,63.84,2371
BMY,2026-09-15,13:01,63.835,63.85,63.835,63.84,4957
BMY,2026-09-15,13:02,63.84,63.84,63.82,63.825,5278
BMY,2026-09-15,13:03,63.82,63.83,63.78,63.79,5543
BMY,2026-09-15,13:04,63.79,63.81,63.79,63.805,6324
BMY,2026-09-15,13:05,63.81,63.81,63.78,63.78,9117
BMY,2026-09-15,13:06,63.78,63.79,63.77,63.77,4280
BMY,2026-09-15,13:07,63.775,63.795,63.775,63.78,6651
BMY,2026-09-15,13:08,63.78,63.78,63.751,63.751,6360
BMY,2026-09-15,13:09,63.755,63.805,63.755,63.8,14080
BMY,2026-09-15,13:10,63.805,63.81,63.795,63.795,4084
BMY,2026-09-15,13:11,63.8,63.815,63.8,63.81,4941
BMY,2026-09-15,13:12,63.815,63.82,63.8,63.8001,6597
BMY,2026-09-15,13:13,63.805,63.83,63.805,63.83,7296
BMY,2026-09-15,13:14,63.835,63.84,63.825,63.84,6442
BMY,2026-09-15,13:15,63.84,63.84,63.83,63.83,4346
BMY,2026-09-15,13:16,63.8361,63.8361,63.82,63.83,5315
BMY,2026-09-15,13:17,63.83,63.83,63.8,63.8,3945
BMY,2026-09-15,13:18,63.795,63.795,63.76,63.77,4903
BMY,2026-09-15,13:19,63.745,63.76,63.74,63.74,6601
BMY,2026-09-15,13:20,63.74,63.75,63.73,63.73,8873
BMY,2026-09-15,13:21,63.735,63.76,63.72,63.735,8938
BMY,2026-09-15,13:22,63.735,63.735,63.7,63.7,5459
BMY,2026-09-15,13:23,63.71,63.715,63.68,63.69,8581
BMY,2026-09-15,13:24,63.69,63.705,63.68,63.705,6629
BMY,2026-09-15,13:25,63.705,63.725,63.695,63.72,6922
BMY,2026-09-15,13:26,63.72,63.735,63.72,63.735,5798
BMY,2026-09-15,13:27,63.74,63.745,63.725,63.7301,1284612
BMY,2026-09-15,13:28,63.745,63.745,63.73,63.74,5120
BMY,2026-09-15,13:29,63.735,63.76,63.735,63.74,10890
BMY,2026-09-15,13:30,63.745,63.79,63.745,63.775,17064
BMY,2026-09-15,13:31,63.78,63.8,63.755,63.76,6738
BMY,2026-09-15,13:32,63.765,63.77,63.74,63.76,5370
BMY,2026-09-15,13:33,63.76,63.78,63.755,63.76,15219
BMY,2026-09-15,13:34,63.76,63.77,63.75,63.77,11161
BMY,2026-09-15,13:35,63.77,63.785,63.75,63.76,7939
BMY,2026-09-15,13:36,63.77,63.77,63.755,63.765,5439
BMY,2026-09-15,13:37,63.76,63.76,63.755,63.76,4059
BMY,2026-09-15,13:38,63.76,63.76,63.755,63.76,3813
BMY,2026-09-15,13:39,63.76,63.765,63.755,63.765,8353
BMY,2026-09-15,13:40,63.76,63.78,63.76,63.775,9393
BMY,2026-09-15,13:41,63.775,63.78,63.77,63.775,6329
BMY,2026-09-15,13:42,63.775,63.79,63.775,63.7864,4473
BMY,2026-09-15,13:43,63.78,63.7898,63.78,63.78,3959
BMY,2026-09-15,13:44,63.78,63.79,63.765,63.775,8892
BMY,2026-09-15,13:45,63.78,63.8,63.775,63.795,6695
BMY,2026-09-15,13:46,63.8,63.8,63.795,63.795,5485
BMY,2026-09-15,13:47,63.795,63.8,63.775,63.78,7562
BMY,2026-09-15,13:48,63.765,63.77,63.755,63.77,8318
BMY,2026-09-15,13:49,63.775,63.78,63.74,63.75,7025
BMY,2026-09-15,13:50,63.755,63.76,63.74,63.745,7383
BMY,2026-09-15,13:51,63.745,63.76,63.745,63.755,6383
BMY,2026-09-15,13:52,63.7525,63.78,63.745,63.77,13797
BMY,2026-09-15,13:53,63.77,63.79,63.765,63.785,8974
BMY,2026-09-15,13:54,63.785,63.79,63.78,63.79,4733
BMY,2026-09-15,13:55,63.795,63.8,63.7844,63.7844,10991
BMY,2026-09-15,13:56,63.78,63.79,63.775,63.79,3354
BMY,2026-09-15,13:57,63.8,63.815,63.8,63.805,5662
BMY,2026-09-15,13:58,63.805,63.81,63.805,63.81,4332
BMY,2026-09-15,13:59,63.8125,63.82,63.79,63.795,12892
BMY,2026-09-15,14:00,63.8,63.815,63.795,63.815,7009
BMY,2026-09-15,14:01,63.825,63.83,63.815,63.815,5260
BMY,2026-09-15,14:02,63.815,63.82,63.805,63.805,4382
BMY,2026-09-15,14:03,63.805,63.825,63.805,63.825,3590
BMY,2026-09-15,14:04,63.825,63.84,63.825,63.84,8290
BMY,2026-09-15,14:05,63.845,63.87,63.84,63.87,7457
BMY,2026-09-15,14:06,63.86,63.865,63.84,63.84,8524
BMY,2026-09-15,14:07,63.83,63.84,63.825,63.825,7859
BMY,2026-09-15,14:08,63.825,63.845,63.825,63.845,6958
BMY,2026-09-15,14:09,63.845,63.86,63.845,63.85,11787
BMY,2026-09-15,14:10,63.84,63.84,63.79,63.7903,6465
BMY,2026-09-15,14:11,63.79,63.8,63.78,63.79,6881
BMY,2026-09-15,14:12,63.78,63.79,63.78,63.78,3439
BMY,2026-09-15,14:13,63.78,63.82,63.78,63.81,14925
BMY,2026-09-15,14:14,63.81,63.815,63.795,63.81,5352
BMY,2026-09-15,14:15,63.8132,63.815,63.795,63.805,5585
BMY,2026-09-15,14:16,63.8,63.805,63.795,63.8,8584
BMY,2026-09-15,14:17,63.8001,63.815,63.8,63.81,4974
BMY,2026-09-15,14:18,63.81,63.81,63.79,63.79,4440
BMY,2026-09-15,14:19,63.79,63.804,63.77,63.785,14348
BMY,2026-09-15,14:20,63.79,63.795,63.79,63.795,5109
BMY,2026-09-15,14:21,63.795,63.795,63.78,63.785,2561
BMY,2026-09-15,14:22,63.785,63.79,63.78,63.79,5980
BMY,2026-09-15,14:23,63.785,63.795,63.78,63.785,5525
BMY,2026-09-15,14:24,63.78,63.8,63.78,63.79,7263
BMY,2026-09-15,14:25,63.79,63.79,63.78,63.79,6057
BMY,2026-09-15,14:26,63.79,63.81,63.78,63.81,9673
BMY,2026-09-15,14:27,63.815,63.82,63.79,63.79,5836
BMY,2026-09-15,14:28,63.785,63.79,63.765,63.775,7864
BMY,2026-09-15,14:29,63.775,63.78,63.77,63.77,10230
BMY,2026-09-15,14:30,63.78,63.78,63.735,63.74,12110
BMY,2026-09-15,14:31,63.7301,63.74,63.73,63.735,3675
BMY,2026-09-15,14:32,63.74,63.745,63.72,63.745,9576
BMY,2026-09-15,14:33,63.74,63.76,63.73,63.7525,10431
BMY,2026-09-15,14:34,63.7501,63.755,63.745,63.755,5360
BMY,2026-09-15,14:35,63.755,63.765,63.7501,63.7501,4410
BMY,2026-09-15,14:36,63.76,63.77,63.755,63.765,5742
BMY,2026-09-15,14:37,63.765,63.765,63.75,63.75,9264
BMY,2026-09-15,14:38,63.75,63.75,63.745,63.7475,2762
BMY,2026-09-15,14:39,63.74,63.755,63.73,63.74,9565
BMY,2026-09-15,14:40,63.745,63.755,63.7401,63.755,5346
BMY,2026-09-15,14:41,63.755,63.8,63.755,63.8,11107
BMY,2026-09-15,14:42,63.78,63.785,63.775,63.7827,4739
BMY,2026-09-15,14:43,63.785,63.785,63.765,63.78,8505
BMY,2026-09-15,14:44,63.785,63.785,63.76,63.77,16105
BMY,2026-09-15,14:45,63.76,63.77,63.74,63.77,8928
BMY,2026-09-15,14:46,63.77,63.79,63.77,63.79,4467
BMY,2026-09-15,14:47,63.795,63.795,63.785,63.795,5449
BMY,2026-09-15,14:48,63.79,63.8,63.77,63.8,9840
BMY,2026-09-15,14:49,63.8073,63.81,63.7936,63.805,7641
BMY,2026-09-15,14:50,63.805,63.81,63.8,63.81,5359
BMY,2026-09-15,14:51,63.81,63.815,63.8,63.81,6902
BMY,2026-09-15,14:52,63.81,63.81,63.79,63.79,5024
BMY,2026-09-15,14:53,63.795,63.795,63.785,63.79,7090
BMY,2026-09-15,14:54,63.795,63.795,63.76,63.76,5767
BMY,2026-09-15,14:55,63.77,63.77,63.76,63.76,4676
BMY,2026-09-15,14:56,63.76,63.775,63.76,63.77,4933
BMY,2026-09-15,14:57,63.76,63.76,63.72,63.725,7271
BMY,2026-09-15,14:58,63.725,63.73,63.705,63.71,8683
BMY,2026-09-15,14:59,63.71,63.725,63.71,63.72,9768
BMY,2026-09-15,15:00,63.74,63.76,63.7289,63.75,19756
BMY,2026-09-15,15:01,63.75,63.76,63.745,63.745,4210
BMY,2026-09-15,15:02,63.73,63.735,63.725,63.735,3750
BMY,2026-09-15,15:03,63.73,63.73,63.72,63.7252,3676
BMY,2026-09-15,15:04,63.72,63.72,63.695,63.695,9554
BMY,2026-09-15,15:05,63.695,63.705,63.69,63.695,6893
BMY,2026-09-15,15:06,63.694,63.725,63.694,63.725,11663
BMY,2026-09-15,15:07,63.71,63.72,63.705,63.715,5809
BMY,2026-09-15,15:08,63.715,63.715,63.69,63.69,5171
BMY,2026-09-15,15:09,63.68,63.695,63.68,63.69,10958
BMY,2026-09-15,15:10,63.695,63.695,63.67,63.67,9546
BMY,2026-09-15,15:11,63.66,63.66,63.635,63.655,8365
BMY,2026-09-15,15:12,63.655,63.675,63.65,63.65,12710
BMY,2026-09-15,15:13,63.655,63.685,63.65,63.685,14528
BMY,2026-09-15,15:14,63.685,63.685,63.665,63.665,6549
BMY,2026-09-15,15:15,63.66,63.67,63.65,63.67,4778
BMY,2026-09-15,15:16,63.67,63.705,63.67,63.69,15192
BMY,2026-09-15,15:17,63.69,63.7,63.69,63.695,7333
BMY,2026-09-15,15:18,63.7,63.7,63.69,63.695,15280
BMY,2026-09-15,15:19,63.69,63.7,63.665,63.67,6301
BMY,2026-09-15,15:20,63.68,63.685,63.675,63.685,4610
BMY,2026-09-15,15:21,63.685,63.735,63.685,63.72,19997
BMY,2026-09-15,15:22,63.715,63.715,63.68,63.68,4168
BMY,2026-09-15,15:23,63.68,63.68,63.63,63.63,6957
BMY,2026-09-15,15:24,63.63,63.63,63.61,63.63,6166
BMY,2026-09-15,15:25,63.625,63.625,63.62,63.625,4143
BMY,2026-09-15,15:26,63.625,63.64,63.625,63.64,13247
BMY,2026-09-15,15:27,63.639,63.64,63.625,63.63,8823
BMY,2026-09-15,15:28,63.625,63.65,63.625,63.645,6129
BMY,2026-09-15,15:29,63.6458,63.66,63.63,63.66,6722
BMY,2026-09-15,15:30,63.65,63.715,63.645,63.69,23078
BMY,2026-09-15,15:31,63.69,63.6975,63.679,63.685,13114
BMY,2026-09-15,15:32,63.68,63.7,63.66,63.675,21604
BMY,2026-09-15,15:33,63.68,63.69,63.66,63.68,14888
BMY,2026-09-15,15:34,63.67,63.68,63.66,63.665,9841
BMY,2026-09-15,15:35,63.66,63.73,63.66,63.725,14535
BMY,2026-09-15,15:36,63.72,63.74,63.72,63.735,7281
BMY,2026-09-15,15:37,63.74,63.8,63.74,63.8,24353
BMY,2026-09-15,15:38,63.809,63.809,63.765,63.765,15679
BMY,2026-09-15,15:39,63.765,63.77,63.74,63.755,11491
BMY,2026-09-15,15:40,63.755,63.77,63.74,63.765,10320
BMY,2026-09-15,15:41,63.765,63.77,63.745,63.77,10034
BMY,2026-09-15,15:42,63.77,63.779,63.725,63.73,19185
BMY,2026-09-15,15:43,63.725,63.74,63.72,63.725,16058
BMY,2026-09-15,15:44,63.725,63.735,63.715,63.715,10471
BMY,2026-09-15,15:45,63.715,63.735,63.7,63.72,43478
BMY,2026-09-15,15:46,63.72,63.745,63.7,63.735,22663
BMY,2026-09-15,15:47,63.74,63.765,63.74,63.75,16020
BMY,2026-09-15,15:48,63.755,63.76,63.73,63.75,35163
BMY,2026-09-15,15:49,63.75,63.77,63.73,63.76,26625
BMY,2026-09-15,15:50,63.755,63.755,63.7,63.715,20968
BMY,2026-09-15,15:51,63.72,63.72,63.6937,63.695,24542
BMY,2026-09-15,15:52,63.7,63.705,63.655,63.66,15046
BMY,2026-09-15,15:53,63.66,63.66,63.63,63.635,22908
BMY,2026-09-15,15:54,63.635,63.655,63.63,63.65,47033
BMY,2026-09-15,15:55,63.65,63.695,63.64,63.695,51787
BMY,2026-09-15,15:56,63.6916,63.74,63.6916,63.715,46890
BMY,2026-09-15,15:57,63.71,63.73,63.695,63.7,91825
BMY,2026-09-15,15:58,63.7,63.75,63.68,63.69,172990
BMY,2026-09-15,15:59,63.695,63.75,63.68,63.74,192533
BMY,2026-09-15,16:00,63.73,63.73,63.73,63.73,0
BMY,2026-09-16,09:30,64.07,64.13,63.6037,64.13,105218
BMY,2026-09-16,09:31,64.13,64.25,64.105,64.205,11007
BMY,2026-09-16,09:32,64.23,64.25,64.12,64.195,8471
BMY,2026-09-16,09:33,64.24,64.34,64.24,64.3261,9841
BMY,2026-09-16,09:34,64.3495,64.37,64.1906,64.1906,10161
BMY,2026-09-16,09:35,64.2489,64.335,64.24,64.285,8061
BMY,2026-09-16,09:36,64.32,64.33,64.255,64.28,12963
BMY,2026-09-16,09:37,64.3,64.315,64.275,64.275,3943
BMY,2026-09-16,09:38,64.29,64.3,64.1501,64.19,10123
BMY,2026-09-16,09:39,64.22,64.29,64.11,64.11,16567
BMY,2026-09-16,09:40,64.13,64.185,64.1016,64.12,18746
BMY,2026-09-16,09:41,64.14,64.14,64,64.05,7310
BMY,2026-09-16,09:42,64.05,64.07,63.98,64.03,6621
BMY,2026-09-16,09:43,64.04,64.125,64.035,64.09,13628
BMY,2026-09-16,09:44,64.1,64.1,64.04,64.1,5381
BMY,2026-09-16,09:45,64.09,64.16,64.07,64.15,15778
BMY,2026-09-16,09:46,64.14,64.16,64.11,64.14,3123
BMY,2026-09-16,09:47,64.14,64.19,64.12,64.19,10954
BMY,2026-09-16,09:48,64.18,64.19,64.13,64.14,12499
BMY,2026-09-16,09:49,64.15,64.25,64.13,64.245,23095
BMY,2026-09-16,09:50,64.2486,64.29,64.2486,64.28,9785
BMY,2026-09-16,09:51,64.27,64.35,64.27,64.35,14789
BMY,2026-09-16,09:52,64.355,64.355,64.29,64.3,18148
BMY,2026-09-16,09:53,64.3,64.38,64.3,64.36,8997
BMY,2026-09-16,09:54,64.36,64.36,64.325,64.335,11469
BMY,2026-09-16,09:55,64.36,64.36,64.3,64.33,11404
BMY,2026-09-16,09:56,64.32,64.32,64.255,64.3,48196
BMY,2026-09-16,09:57,64.315,64.35,64.3,64.33,11536
BMY,2026-09-16,09:58,64.29,64.29,64.225,64.225,7317
BMY,2026-09-16,09:59,64.2,64.2,64.13,64.13,15442
BMY,2026-09-16,10:00,64.14,64.28,64.14,64.28,29781
BMY,2026-09-16,10:01,64.285,64.325,64.285,64.315,8787
BMY,2026-09-16,10:02,64.3,64.375,64.3,64.37,15521
BMY,2026-09-16,10:03,64.37,64.385,64.32,64.355,8038
BMY,2026-09-16,10:04,64.34,64.34,64.22,64.22,10559
BMY,2026-09-16,10:05,64.23,64.23,64.175,64.22,7268
BMY,2026-09-16,10:06,64.23,64.24,64.21,64.22,4814
BMY,2026-09-16,10:07,64.22,64.24,64.16,64.2,23645
BMY,2026-09-16,10:08,64.195,64.225,64.195,64.21,3851
BMY,2026-09-16,10:09,64.2,64.21,64.145,64.1517,9676
BMY,2026-09-16,10:10,64.17,64.1894,64.16,64.18,7463
BMY,2026-09-16,10:11,64.19,64.26,64.19,64.235,25304
BMY,2026-09-16,10:12,64.235,64.24,64.165,64.195,6867
BMY,2026-09-16,10:13,64.195,64.22,64.195,64.21,4395
BMY,2026-09-16,10:14,64.21,64.22,64.19,64.21,6430
BMY,2026-09-16,10:15,64.23,64.255,64.22,64.22,6246
BMY,2026-09-16,10:16,64.235,64.245,64.2,64.2,9857
BMY,2026-09-16,10:17,64.21,64.22,64.16,64.19,10223
BMY,2026-09-16,10:18,64.18,64.185,64.17,64.175,3457
BMY,2026-09-16,10:19,64.16,64.16,64.11,64.11,7168
BMY,2026-09-16,10:20,64.119,64.12,64.08,64.12,12819
BMY,2026-09-16,10:21,64.125,64.15,64.11,64.13,5759
BMY,2026-09-16,10:22,64.135,64.14,64.13,64.14,2999
BMY,2026-09-16,10:23,64.14,64.155,64.1367,64.15,12450
BMY,2026-09-16,10:24,64.15,64.155,64.14,64.145,3049
BMY,2026-09-16,10:25,64.15,64.17,64.14,64.145,11082
BMY,2026-09-16,10:26,64.145,64.165,64.14,64.16,5167
BMY,2026-09-16,10:27,64.15,64.195,64.14,64.195,13925
BMY,2026-09-16,10:28,64.195,64.205,64.17,64.17,5050
BMY,2026-09-16,10:29,64.17,64.21,64.17,64.2,8636
BMY,2026-09-16,10:30,64.23,64.275,64.23,64.27,3123
BMY,2026-09-16,10:31,64.275,64.275,64.23,64.25,7435
BMY,2026-09-16,10:32,64.25,64.25,64.23,64.24,3326
BMY,2026-09-16,10:33,64.25,64.275,64.22,64.25,8836
BMY,2026-09-16,10:34,64.225,64.225,64.19,64.19,4739
BMY,2026-09-16,10:35,64.19,64.22,64.18,64.18,5303
BMY,2026-09-16,10:36,64.17,64.18,64.16,64.175,5455
BMY,2026-09-16,10:37,64.17,64.175,64.14,64.14,6009
BMY,2026-09-16,10:38,64.15,64.15,64.13,64.15,4241
BMY,2026-09-16,10:39,64.14,64.15,64.135,64.15,3782
BMY,2026-09-16,10:40,64.15,64.17,64.15,64.15,9152
BMY,2026-09-16,10:41,64.15,64.16,64.1201,64.14,4575
BMY,2026-09-16,10:42,64.12,64.14,64.12,64.135,5454
BMY,2026-09-16,10:43,64.135,64.145,64.135,64.14,6280
BMY,2026-09-16,10:44,64.13,64.14,64.105,64.11,9515
BMY,2026-09-16,10:45,64.11,64.11,64.06,64.08,21861
BMY,2026-09-16,10:46,64.09,64.125,64.06,64.11,26921
BMY,2026-09-16,10:47,64.105,64.105,64.035,64.04,22934
BMY,2026-09-16,10:48,64.025,64.065,64.025,64.05,17378
BMY,2026-09-16,10:49,64.05,64.05,63.98,64,14723
BMY,2026-09-16,10:50,64,64.02,63.97,63.97,10217
BMY,2026-09-16,10:51,63.99,63.995,63.98,63.99,4092
BMY,2026-09-16,10:52,63.99,63.99,63.95,63.958,5432
BMY,2026-09-16,10:53,63.95,63.96,63.932,63.955,5877
BMY,2026-09-16,10:54,63.955,63.96,63.92,63.9299,7411
BMY,2026-09-16,10:55,63.92,63.995,63.92,63.995,5874
BMY,2026-09-16,10:56,63.995,64.029,63.995,64.025,9923
BMY,2026-09-16,10:57,64.025,64.025,64.015,64.02,6869
BMY,2026-09-16,10:58,64.0291,64.0291,64.01,64.01,8305
BMY,2026-09-16,10:59,64.01,64.03,64,64.03,9739
BMY,2026-09-16,11:00,64.02,64.02,63.97,64,11713
BMY,2026-09-16,11:01,64,64.0499,64,64.045,7820
BMY,2026-09-16,11:02,64.045,64.05,64.02,64.03,4152
BMY,2026-09-16,11:03,64.03,64.065,64.03,64.06,6213
BMY,2026-09-16,11:04,64.05,64.1,64.05,64.09,5719
BMY,2026-09-16,11:05,64.09,64.1,64.04,64.04,7386
BMY,2026-09-16,11:06,64.05,64.05,64,64.005,5048
BMY,2026-09-16,11:07,64.01,64.01,63.945,63.945,10404
BMY,2026-09-16,11:08,63.95,63.955,63.87,63.89,19567
BMY,2026-09-16,11:09,63.87,63.87,63.685,63.84,67358
BMY,2026-09-16,11:10,63.84,63.9,63.82,63.89,32717
BMY,2026-09-16,11:11,63.9,63.925,63.88,63.91,12690
BMY,2026-09-16,11:12,63.91,64.005,63.9,63.96,20888
BMY,2026-09-16,11:13,63.96,64.04,63.96,64,7672
BMY,2026-09-16,11:14,63.995,64.045,63.995,64,5312
BMY,2026-09-16,11:15,64.02,64.03,63.985,64,3053
BMY,2026-09-16,11:16,63.995,64.03,63.99,64.03,6455
BMY,2026-09-16,11:17,64,64.03,64,64.01,4517
BMY,2026-09-16,11:18,64.01,64.03,63.98,63.98,7279
BMY,2026-09-16,11:19,63.98,64,63.98,63.99,4195
BMY,2026-09-16,11:20,63.98,64.01,63.97,63.995,10028
BMY,2026-09-16,11:21,63.99,63.99,63.94,63.95,4486
BMY,2026-09-16,11:22,63.96,63.98,63.96,63.96,7369
BMY,2026-09-16,11:23,63.975,63.98,63.96,63.975,4068
BMY,2026-09-16,11:24,63.98,63.98,63.97,63.97,4724
BMY,2026-09-16,11:25,63.97,63.99,63.96,63.98,5930
BMY,2026-09-16,11:26,63.97,63.97,63.94,63.94,8851
BMY,2026-09-16,11:27,63.94,63.98,63.94,63.9774,7604
BMY,2026-09-16,11:28,63.975,64.025,63.96,63.97,11173
BMY,2026-09-16,11:29,63.985,63.985,63.915,63.93,6866
BMY,2026-09-16,11:30,63.94,63.97,63.93,63.95,10739
BMY,2026-09-16,11:31,63.955,63.99,63.94,63.965,9653
BMY,2026-09-16,11:32,63.965,63.99,63.95,63.98,13554
BMY,2026-09-16,11:33,63.9852,63.99,63.95,63.98,6341
BMY,2026-09-16,11:34,63.98,64,63.96,64,8251
BMY,2026-09-16,11:35,63.985,64,63.96,64,6904
BMY,2026-09-16,11:36,64.0119,64.08,64,64.07,10082
BMY,2026-09-16,11:37,64.1,64.135,64.07,64.1,11093
BMY,2026-09-16,11:38,64.12,64.15,64.1,64.13,4840
BMY,2026-09-16,11:39,64.135,64.135,64.12,64.12,3986
BMY,2026-09-16,11:40,64.125,64.145,64.12,64.13,7396
BMY,2026-09-16,11:41,64.135,64.145,64.12,64.13,5458
BMY,2026-09-16,11:42,64.15,64.16,64.14,64.15,16206
BMY,2026-09-16,11:43,64.16,64.1699,64.14,64.14,6427
BMY,2026-09-16,11:44,64.155,64.155,64.11,64.13,14089
BMY,2026-09-16,11:45,64.15,64.155,64.14,64.15,2836
BMY,2026-09-16,11:46,64.145,64.1581,64.14,64.15,8622
BMY,2026-09-16,11:47,64.155,64.19,64.13,64.13,23590
BMY,2026-09-16,11:48,64.125,64.14,64.11,64.12,4035
BMY,2026-09-16,11:49,64.115,64.1375,64.11,64.11,5906
BMY,2026-09-16,11:50,64.115,64.15,64.115,64.13,5817
BMY,2026-09-16,11:51,64.14,64.175,64.14,64.175,5244
BMY,2026-09-16,11:52,64.18,64.19,64.18,64.189,9306
BMY,2026-09-16,11:53,64.19,64.2093,64.19,64.2,9074
BMY,2026-09-16,11:54,64.195,64.22,64.195,64.2,11040
BMY,2026-09-16,11:55,64.19,64.2,64.185,64.195,4214
BMY,2026-09-16,11:56,64.2,64.2,64.17,64.185,11926
BMY,2026-09-16,11:57,64.185,64.185,64.1,64.115,24181
BMY,2026-09-16,11:58,64.115,64.135,64.11,64.12,12022
BMY,2026-09-16,11:59,64.13,64.14,64.07,64.09,16991
BMY,2026-09-16,12:00,64.08,64.16,64.08,64.13,29964
BMY,2026-09-16,12:01,64.145,64.145,64.13,64.14,5382
BMY,2026-09-16,12:02,64.13,64.13,64.09,64.09,9584
BMY,2026-09-16,12:03,64.08,64.1,64.07,64.09,15444
BMY,2026-09-16,12:04,64.09,64.105,64.08,64.09,4431
BMY,2026-09-16,12:05,64.1,64.11,64.08,64.09,10093
BMY,2026-09-16,12:06,64.1,64.1,64.06,64.07,6843
BMY,2026-09-16,12:07,64.075,64.09,64.075,64.09,3170
BMY,2026-09-16,12:08,64.085,64.125,64.04,64.06,83509
BMY,2026-09-16,12:09,64.065,64.07,64.035,64.04,7247
BMY,2026-09-16,12:10,64.05,64.05,63.99,63.99,13833
BMY,2026-09-16,12:11,64,64.05,63.99,64.04,33571
BMY,2026-09-16,12:12,64.045,64.08,64.025,64.03,15372
BMY,2026-09-16,12:13,64.04,64.09,64.015,64.07,98636
BMY,2026-09-16,12:14,64.07,64.09,64.055,64.06,14655
BMY,2026-09-16,12:15,64.07,64.11,64.07,64.07,8273
BMY,2026-09-16,12:16,64.085,64.1,64.06,64.08,12261
BMY,2026-09-16,12:17,64.065,64.075,64.0482,64.055,6543
BMY,2026-09-16,12:18,64.05,64.06,64.05,64.05,2858
BMY,2026-09-16,12:19,64.05,64.11,64.02,64.09,23017
BMY,2026-09-16,12:20,64.11,64.13,64.095,64.12,9280
BMY,2026-09-16,12:21,64.1,64.12,64.08,64.09,3525
BMY,2026-09-16,12:22,64.1,64.12,64.09,64.1,6560
BMY,2026-09-16,12:23,64.09,64.12,64.09,64.11,2723
BMY,2026-09-16,12:24,64.1,64.1,64.08,64.08,3273
BMY,2026-09-16,12:25,64.09,64.1,64.08,64.09,4683
BMY,2026-09-16,12:26,64.09,64.11,64.07,64.09,8365
BMY,2026-09-16,12:27,64.09,64.092,64.07,64.07,3708
BMY,2026-09-16,12:28,64.08,64.08,64.06,64.08,2405
BMY,2026-09-16,12:29,64.1,64.1,64.07,64.075,3834
BMY,2026-09-16,12:30,64.07,64.08,64.06,64.07,2280
BMY,2026-09-16,12:31,64.09,64.09,64.06,64.07,7828
BMY,2026-09-16,12:32,64.07,64.08,64.06,64.07,2523
BMY,2026-09-16,12:33,64.07,64.08,64.03,64.03,7255
BMY,2026-09-16,12:34,64.03,64.03,64,64.01,3257
BMY,2026-09-16,12:35,64,64.03,64,64.015,6153
BMY,2026-09-16,12:36,64.01,64.02,63.99,63.99,5321
BMY,2026-09-16,12:37,63.98,64,63.98,64,1899
BMY,2026-09-16,12:38,63.995,64.02,63.98,63.98,3807
BMY,2026-09-16,12:39,63.98,64,63.98,64,5604
BMY,2026-09-16,12:40,64,64.01,63.98,64.01,5029
BMY,2026-09-16,12:41,64,64.01,63.98,63.99,2871
BMY,2026-09-16,12:42,63.99,64,63.98,64,2001
BMY,2026-09-16,12:43,64,64,63.98,63.995,3064
BMY,2026-09-16,12:44,63.99,64.01,63.98,64.01,5910
BMY,2026-09-16,12:45,64,64.03,64,64.025,4800
BMY,2026-09-16,12:46,64.0257,64.05,64.02,64.035,4767
BMY,2026-09-16,12:47,64.03,64.035,64.01,64.035,4433
BMY,2026-09-16,12:48,64.04,64.05,64.03,64.04,4339
BMY,2026-09-16,12:49,64.045,64.05,64.04,64.05,3540
BMY,2026-09-16,12:50,64.05,64.05,64.04,64.05,3147
BMY,2026-09-16,12:51,64.0421,64.0421,64.03,64.04,4213
BMY,2026-09-16,12:52,64.03,64.04,63.985,63.99,10069
BMY,2026-09-16,12:53,63.99,64.02,63.98,64.01,4068
BMY,2026-09-16,12:54,64.02,64.025,63.99,64.01,4433
BMY,2026-09-16,12:55,64,64.01,63.99,64.01,2262
BMY,2026-09-16,12:56,63.99,64.02,63.99,64.015,2292
BMY,2026-09-16,12:57,64.015,64.03,64.01,64.01,5201
BMY,2026-09-16,12:58,64.01,64.03,64,64.03,2953
BMY,2026-09-16,12:59,64.02,64.02,63.99,64.01,7694
BMY,2026-09-16,13:00,63.99,64.01,63.99,63.99,3214
BMY,2026-09-16,13:01,64,64,63.95,63.95,4894
BMY,2026-09-16,13:02,63.96,63.97,63.95,63.96,1588
BMY,2026-09-16,13:03,63.97,63.995,63.96,63.995,2767
BMY,2026-09-16,13:04,64.0018,64.01,63.98,63.98,5738
BMY,2026-09-16,13:05,63.98,63.99,63.975,63.98,1806
BMY,2026-09-16,13:06,63.9899,64,63.98,64,3772
BMY,2026-09-16,13:07,63.995,64.03,63.995,64.02,7336
BMY,2026-09-16,13:08,64.03,64.03,64.02,64.02,1828
BMY,2026-09-16,13:09,64.025,64.06,64.025,64.04,6656
BMY,2026-09-16,13:10,64.04,64.06,64.02,64.02,6316
BMY,2026-09-16,13:11,64.0399,64.05,64.03,64.05,3612
BMY,2026-09-16,13:12,64.04,64.06,64.03,64.04,2590
BMY,2026-09-16,13:13,64.05,64.065,64.05,64.06,3763
BMY,2026-09-16,13:14,64.06,64.06,64.04,64.04,2232
BMY,2026-09-16,13:15,64.05,64.06,64.05,64.06,2257
BMY,2026-09-16,13:16,64.06,64.065,64.05,64.065,35223
BMY,2026-09-16,13:17,64.065,64.105,64.065,64.105,4288
BMY,2026-09-16,13:18,64.1,64.11,64.09,64.09,4869
BMY,2026-09-16,13:19,64.09,64.105,64.09,64.1,7122
BMY,2026-09-16,13:20,64.1,64.11,64.09,64.1,5406
BMY,2026-09-16,13:21,64.095,64.13,64.095,64.13,6393
BMY,2026-09-16,13:22,64.145,64.145,64.13,64.13,3420
BMY,2026-09-16,13:23,64.135,64.14,64.11,64.13,8177
BMY,2026-09-16,13:24,64.12,64.14,64.11,64.125,7532
BMY,2026-09-16,13:25,64.13,64.135,64.11,64.12,3492
BMY,2026-09-16,13:26,64.11,64.13,64.11,64.125,1249
BMY,2026-09-16,13:27,64.13,64.14,64.12,64.12,3464
BMY,2026-09-16,13:28,64.1284,64.14,64.12,64.14,5227
BMY,2026-09-16,13:29,64.14,64.16,64.14,64.158,4977
BMY,2026-09-16,13:30,64.17,64.17,64.15,64.16,6198
BMY,2026-09-16,13:31,64.16,64.16,64.14,64.145,2305
BMY,2026-09-16,13:32,64.14,64.15,64.11,64.15,9102
BMY,2026-09-16,13:33,64.135,64.145,64.12,64.125,3778
BMY,2026-09-16,13:34,64.13,64.14,64.13,64.14,2799
BMY,2026-09-16,13:35,64.13,64.13,64.05,64.09,15484
BMY,2026-09-16,13:36,64.08,64.08,64.03,64.08,12684
BMY,2026-09-16,13:37,64.05,64.08,64.05,64.08,3099
BMY,2026-09-16,13:38,64.07,64.07,64.02,64.035,7306
BMY,2026-09-16,13:39,64.04,64.05,64.02,64.02,6426
BMY,2026-09-16,13:40,64.03,64.05,64.02,64.03,6474
BMY,2026-09-16,13:41,64.03,64.04,64.02,64.035,6338
BMY,2026-09-16,13:42,64.03,64.04,64.01,64.01,4680
BMY,2026-09-16,13:43,64.0201,64.03,64.02,64.02,1148
BMY,2026-09-16,13:44,64.01,64.03,64.01,64.01,4756
BMY,2026-09-16,13:45,64.015,64.03,64.01,64.03,4381
BMY,2026-09-16,13:46,64.04,64.045,64.03,64.04,6928
BMY,2026-09-16,13:47,64.05,64.07,64.05,64.06,3435
BMY,2026-09-16,13:48,64.06,64.06,64.055,64.06,3755
BMY,2026-09-16,13:49,64.07,64.09,64.07,64.075,7574
BMY,2026-09-16,13:50,64.07,64.08,64.04,64.04,12794
BMY,2026-09-16,13:51,64.045,64.05,64.035,64.035,6763
BMY,2026-09-16,13:52,64.03,64.051,64.03,64.05,3412
BMY,2026-09-16,13:53,64.045,64.05,64.02,64.025,3996
BMY,2026-09-16,13:54,64.025,64.03,64,64.03,4892
BMY,2026-09-16,13:55,64.03,64.05,63.96,63.96,11771
BMY,2026-09-16,13:56,63.975,63.995,63.95,63.95,4769
BMY,2026-09-16,13:57,63.96,63.9999,63.96,63.98,4953
BMY,2026-09-16,13:58,63.98,64.03,63.98,64.005,22073
BMY,2026-09-16,13:59,64.005,64.07,64.005,64.06,5171
BMY,2026-09-16,14:00,64.03,64.08,64.03,64.04,11989
BMY,2026-09-16,14:01,64.04,64.07,64.04,64.06,18645
BMY,2026-09-16,14:02,64.07,64.12,64.07,64.1,5528
BMY,2026-09-16,14:03,64.09,64.11,64.07,64.07,4402
BMY,2026-09-16,14:04,64.085,64.085,64.05,64.05,7974
BMY,2026-09-16,14:05,64.05,64.05,64.02,64.05,4013
BMY,2026-09-16,14:06,64.05,64.085,64.05,64.06,9276
BMY,2026-09-16,14:07,64.06,64.09,64.06,64.09,5590
BMY,2026-09-16,14:08,64.09,64.09,64.06,64.09,2610
BMY,2026-09-16,14:09,64.095,64.115,64.09,64.115,6549
BMY,2026-09-16,14:10,64.115,64.12,64.1,64.11,9708
BMY,2026-09-16,14:11,64.105,64.15,64.1,64.14,8295
BMY,2026-09-16,14:12,64.135,64.1499,64.095,64.095,6890
BMY,2026-09-16,14:13,64.095,64.1,64.05,64.055,14251
BMY,2026-09-16,14:14,64.06,64.075,64.04,64.04,7352
BMY,2026-09-16,14:15,64.05,64.06,64.04,64.05,9697
BMY,2026-09-16,14:16,64.06,64.06,64.03,64.045,18398
BMY,2026-09-16,14:17,64.04,64.041,63.97,63.98,16356
BMY,2026-09-16,14:18,63.98,64.005,63.98,63.985,9077
BMY,2026-09-16,14:19,63.985,64.02,63.96,63.99,34092
BMY,2026-09-16,14:20,63.99,64.01,63.96,64.01,86752
BMY,2026-09-16,14:21,64.02,64.055,64.02,64.05,10578
BMY,2026-09-16,14:22,64.055,64.07,64.025,64.05,14036
BMY,2026-09-16,14:23,64.06,64.07,64.05,64.07,2636
BMY,2026-09-16,14:24,64.07,64.085,64.07,64.0783,4678
BMY,2026-09-16,14:25,64.0799,64.08,64.065,64.065,16699
BMY,2026-09-16,14:26,64.07,64.0725,64.01,64.01,20696
BMY,2026-09-16,14:27,64,64.03,64,64.02,6354
BMY,2026-09-16,14:28,64.01,64.03,63.99,63.99,57301
BMY,2026-09-16,14:29,63.995,64.01,63.99,64,7776
BMY,2026-09-16,14:30,64.005,64.02,63.96,63.96,12711
BMY,2026-09-16,14:31,63.97,63.97,63.88,63.88,14084
BMY,2026-09-16,14:32,63.895,63.91,63.87,63.87,38471
BMY,2026-09-16,14:33,63.875,63.875,63.795,63.8,8377
BMY,2026-09-16,14:34,63.805,63.81,63.73,63.75,17436
BMY,2026-09-16,14:35,63.75,63.76,63.72,63.72,13336
BMY,2026-09-16,14:36,63.72,63.73,63.69,63.71,10034
BMY,2026-09-16,14:37,63.7,63.77,63.7,63.75,20480
BMY,2026-09-16,14:38,63.765,63.8,63.75,63.785,11292
BMY,2026-09-16,14:39,63.79,63.805,63.72,63.73,21166
BMY,2026-09-16,14:40,63.75,63.755,63.73,63.745,7496
BMY,2026-09-16,14:41,63.73,63.79,63.73,63.7808,8369
BMY,2026-09-16,14:42,63.79,63.84,63.77,63.81,153596
BMY,2026-09-16,14:43,63.81,63.82,63.75,63.78,22556
BMY,2026-09-16,14:44,63.77,63.79,63.69,63.705,14724
BMY,2026-09-16,14:45,63.7,63.77,63.7,63.75,18634
BMY,2026-09-16,14:46,63.74,63.77,63.71,63.74,48518
BMY,2026-09-16,14:47,63.73,63.75,63.7,63.7,22454
BMY,2026-09-16,14:48,63.72,63.75,63.7,63.7389,15785
BMY,2026-09-16,14:49,63.74,63.75,63.7,63.7,7574
BMY,2026-09-16,14:50,63.69,63.7,63.67,63.67,17529
BMY,2026-09-16,14:51,63.67,63.67,63.625,63.64,13282
BMY,2026-09-16,14:52,63.63,63.63,63.55,63.57,21666
BMY,2026-09-16,14:53,63.57,63.58,63.53,63.53,11918
BMY,2026-09-16,14:54,63.52,63.52,63.45,63.45,12688
BMY,2026-09-16,14:55,63.45,63.53,63.45,63.53,5786
BMY,2026-09-16,14:56,63.545,63.56,63.51,63.55,10540
BMY,2026-09-16,14:57,63.54,63.54,63.52,63.53,6389
BMY,2026-09-16,14:58,63.54,63.54,63.51,63.51,13614
BMY,2026-09-16,14:59,63.53,63.55,63.49,63.49,9091
BMY,2026-09-16,15:00,63.49,63.57,63.49,63.54,14423
BMY,2026-09-16,15:01,63.55,63.55,63.5,63.51,9162
BMY,2026-09-16,15:02,63.51,63.51,63.46,63.4867,13119
BMY,2026-09-16,15:03,63.48,63.505,63.47,63.5,10876
BMY,2026-09-16,15:04,63.5001,63.55,63.5,63.52,12905
BMY,2026-09-16,15:05,63.54,63.5649,63.51,63.54,10084
BMY,2026-09-16,15:06,63.54,63.56,63.48,63.4904,14939
BMY,2026-09-16,15:07,63.485,63.52,63.47,63.5,9933
BMY,2026-09-16,15:08,63.5,63.5,63.43,63.44,6230
BMY,2026-09-16,15:09,63.45,63.45,63.43,63.44,6717
BMY,2026-09-16,15:10,63.43,63.43,63.38,63.39,13677
BMY,2026-09-16,15:11,63.3813,63.39,63.36,63.37,9078
BMY,2026-09-16,15:12,63.36,63.41,63.34,63.4,11940
BMY,2026-09-16,15:13,63.395,63.405,63.37,63.37,19704
BMY,2026-09-16,15:14,63.365,63.38,63.34,63.34,8735
BMY,2026-09-16,15:15,63.33,63.39,63.32,63.36,13213
BMY,2026-09-16,15:16,63.37,63.39,63.35,63.37,6749
BMY,2026-09-16,15:17,63.37,63.37,63.34,63.35,10485
BMY,2026-09-16,15:18,63.34,63.3494,63.3,63.3,38270
BMY,2026-09-16,15:19,63.3,63.32,63.25,63.32,15727
BMY,2026-09-16,15:20,63.32,63.37,63.32,63.335,18817
BMY,2026-09-16,15:21,63.355,63.355,63.31,63.325,8078
BMY,2026-09-16,15:22,63.325,63.325,63.29,63.3,18913
BMY,2026-09-16,15:23,63.3,63.319,63.28,63.319,5800
BMY,2026-09-16,15:24,63.32,63.345,63.3,63.34,13116
BMY,2026-09-16,15:25,63.34,63.4,63.33,63.355,23077
BMY,2026-09-16,15:26,63.34,63.36,63.34,63.34,6676
BMY,2026-09-16,15:27,63.36,63.38,63.33,63.35,14407
BMY,2026-09-16,15:28,63.35,63.38,63.35,63.35,14329
BMY,2026-09-16,15:29,63.37,63.4,63.37,63.37,13626
BMY,2026-09-16,15:30,63.375,63.43,63.37,63.43,13175
BMY,2026-09-16,15:31,63.43,63.445,63.4,63.4,23628
BMY,2026-09-16,15:32,63.405,63.45,63.39,63.39,16857
BMY,2026-09-16,15:33,63.405,63.42,63.34,63.35,29080
BMY,2026-09-16,15:34,63.355,63.415,63.35,63.39,18878
BMY,2026-09-16,15:35,63.39,63.39,63.3001,63.325,54260
BMY,2026-09-16,15:36,63.325,63.36,63.3,63.32,122982
BMY,2026-09-16,15:37,63.32,63.33,63.27,63.3,106163
BMY,2026-09-16,15:38,63.295,63.33,63.29,63.3,56419
BMY,2026-09-16,15:39,63.305,63.33,63.28,63.29,30044
BMY,2026-09-16,15:40,63.295,63.295,63.26,63.27,28324
BMY,2026-09-16,15:41,63.27,63.29,63.23,63.25,36123
BMY,2026-09-16,15:42,63.25,63.255,63.22,63.23,21326
BMY,2026-09-16,15:43,63.23,63.27,63.23,63.255,27353
BMY,2026-09-16,15:44,63.25,63.26,63.24,63.24,20137
BMY,2026-09-16,15:45,63.235,63.27,63.22,63.245,28735
BMY,2026-09-16,15:46,63.24,63.27,63.24,63.24,33732
BMY,2026-09-16,15:47,63.235,63.275,63.225,63.27,37014
BMY,2026-09-16,15:48,63.27,63.29,63.25,63.27,36438
BMY,2026-09-16,15:49,63.27,63.31,63.27,63.275,52069
BMY,2026-09-16,15:50,63.27,63.335,63.27,63.28,55048
BMY,2026-09-16,15:51,63.3,63.35,63.3,63.31,52705
BMY,2026-09-16,15:52,63.32,63.37,63.31,63.35,45916
BMY,2026-09-16,15:53,63.36,63.4,63.36,63.375,46471
BMY,2026-09-16,15:54,63.385,63.445,63.38,63.385,50256
BMY,2026-09-16,15:55,63.39,63.52,63.39,63.5,72992
BMY,2026-09-16,15:56,63.5,63.585,63.485,63.565,77764
BMY,2026-09-16,15:57,63.565,63.6,63.555,63.585,105097
BMY,2026-09-16,15:58,63.59,63.595,63.525,63.565,176236
BMY,2026-09-16,15:59,63.56,63.62,63.525,63.56,334889
BMY,2026-09-17,09:30,64.08,64.2,64,64.04,108422
BMY,2026-09-17,09:31,64.045,64.05,63.93,64.025,13609
BMY,2026-09-17,09:32,64.03,64.095,64.03,64.08,20550
BMY,2026-09-17,09:33,64.08,64.23,64.08,64.22,12316
BMY,2026-09-17,09:34,64.22,64.23,64.18,64.225,10954
BMY,2026-09-17,09:35,64.21,64.215,64.1,64.1601,16680
BMY,2026-09-17,09:36,64.14,64.2,64.09,64.17,12928
BMY,2026-09-17,09:37,64.17,64.195,64.16,64.17,6001
BMY,2026-09-17,09:38,64.17,64.265,64.15,64.235,17996
BMY,2026-09-17,09:39,64.24,64.35,64.22,64.305,21663
BMY,2026-09-17,09:40,64.309,64.309,64.15,64.18,20904
BMY,2026-09-17,09:41,64.17,64.2,64.15,64.19,9296
BMY,2026-09-17,09:42,64.18,64.2,64.13,64.19,15997
BMY,2026-09-17,09:43,64.18,64.2,64.17,64.195,7865
BMY,2026-09-17,09:44,64.21,64.26,64.16,64.17,11715
BMY,2026-09-17,09:45,64.18,64.185,64.01,64.05,46861
BMY,2026-09-17,09:46,64.05,64.11,63.92,64.01,78672
BMY,2026-09-17,09:47,64.01,64.05,63.99,64.01,44807
BMY,2026-09-17,09:48,64,64.03,63.99,64.02,73374
BMY,2026-09-17,09:49,64.03,64.06,64,64.06,69434
BMY,2026-09-17,09:50,64.06,64.09,63.98,64.01,31309
BMY,2026-09-17,09:51,64.015,64.07,64,64.02,30322
BMY,2026-09-17,09:52,64.02,64.05,64.01,64.02,32490
BMY,2026-09-17,09:53,64.015,64.06,63.96,63.96,58830
BMY,2026-09-17,09:54,63.96,63.965,63.89,63.9,80136
BMY,2026-09-17,09:55,63.905,63.98,63.9,63.9438,13152
BMY,2026-09-17,09:56,63.935,63.95,63.76,63.76,16393
BMY,2026-09-17,09:57,63.79,63.86,63.78,63.85,45200
BMY,2026-09-17,09:58,63.86,63.86,63.75,63.77,5713
BMY,2026-09-17,09:59,63.78,63.79,63.72,63.78,14364
BMY,2026-09-17,10:00,63.78,63.86,63.76,63.78,25358
BMY,2026-09-17,10:01,63.775,63.81,63.67,63.71,74572
BMY,2026-09-17,10:02,63.7,63.73,63.585,63.61,12625
BMY,2026-09-17,10:03,63.585,63.6,63.54,63.54,11746
BMY,2026-09-17,10:04,63.53,63.56,63.41,63.41,15895
BMY,2026-09-17,10:05,63.435,63.47,63.39,63.42,17442
BMY,2026-09-17,10:06,63.44,63.4422,63.4,63.415,13868
BMY,2026-09-17,10:07,63.4,63.45,63.29,63.305,26178
BMY,2026-09-17,10:08,63.29,63.37,63.275,63.32,54636
BMY,2026-09-17,10:09,63.325,63.395,63.325,63.39,9392
BMY,2026-09-17,10:10,63.39,63.41,63.35,63.3751,17873
BMY,2026-09-17,10:11,63.365,63.4,63.34,63.35,18926
BMY,2026-09-17,10:12,63.35,63.37,63.26,63.31,13174
BMY,2026-09-17,10:13,63.3,63.3,63.18,63.2,71115
BMY,2026-09-17,10:14,63.175,63.235,63.175,63.21,16715
BMY,2026-09-17,10:15,63.23,63.29,63.2,63.29,12776
BMY,2026-09-17,10:16,63.26,63.29,63.24,63.28,10770
BMY,2026-09-17,10:17,63.285,63.29,63.18,63.2,78065
BMY,2026-09-17,10:18,63.21,63.34,63.19,63.31,22125
BMY,2026-09-17,10:19,63.3,63.355,63.285,63.325,23449
BMY,2026-09-17,10:20,63.335,63.35,63.31,63.32,20906
BMY,2026-09-17,10:21,63.32,63.37,63.31,63.32,23641
BMY,2026-09-17,10:22,63.32,63.4,63.32,63.39,41756
BMY,2026-09-17,10:23,63.4,63.4,63.37,63.38,7126
BMY,2026-09-17,10:24,63.395,63.445,63.36,63.44,13704
BMY,2026-09-17,10:25,63.47,63.5282,63.4643,63.48,11729
BMY,2026-09-17,10:26,63.475,63.48,63.37,63.38,46245
BMY,2026-09-17,10:27,63.39,63.39,63.32,63.35,55718
BMY,2026-09-17,10:28,63.34,63.35,63.29,63.31,105846
BMY,2026-09-17,10:29,63.32,63.38,63.31,63.34,37866
BMY,2026-09-17,10:30,63.3323,63.335,63.2701,63.28,23253
BMY,2026-09-17,10:31,63.275,63.325,63.26,63.31,23028
BMY,2026-09-17,10:32,63.3,63.36,63.3,63.36,17013
BMY,2026-09-17,10:33,63.36,63.37,63.28,63.28,30304
BMY,2026-09-17,10:34,63.3,63.32,63.28,63.28,9394
BMY,2026-09-17,10:35,63.27,63.31,63.27,63.28,4303
BMY,2026-09-17,10:36,63.28,63.31,63.28,63.29,7339
BMY,2026-09-17,10:37,63.295,63.32,63.29,63.295,6582
BMY,2026-09-17,10:38,63.28,63.33,63.28,63.33,5780
BMY,2026-09-17,10:39,63.31,63.369,63.3,63.34,12919
BMY,2026-09-17,10:40,63.33,63.355,63.33,63.35,8902
BMY,2026-09-17,10:41,63.37,63.4,63.36,63.38,29017
BMY,2026-09-17,10:42,63.395,63.395,63.37,63.39,5583
BMY,2026-09-17,10:43,63.4,63.425,63.37,63.37,10457
BMY,2026-09-17,10:44,63.36,63.38,63.35,63.35,13648
BMY,2026-09-17,10:45,63.36,63.44,63.36,63.44,64451
BMY,2026-09-17,10:46,63.445,63.465,63.41,63.43,13742
BMY,2026-09-17,10:47,63.43,63.43,63.39,63.395,10437
BMY,2026-09-17,10:48,63.415,63.445,63.41,63.42,10902
BMY,2026-09-17,10:49,63.44,63.47,63.42,63.46,9635
BMY,2026-09-17,10:50,63.465,63.47,63.44,63.46,19590
BMY,2026-09-17,10:51,63.46,63.475,63.45,63.45,8793
BMY,2026-09-17,10:52,63.455,63.4591,63.43,63.43,6955
BMY,2026-09-17,10:53,63.4399,63.4399,63.405,63.41,6806
BMY,2026-09-17,10:54,63.41,63.445,63.405,63.44,7935
BMY,2026-09-17,10:55,63.44,63.47,63.39,63.4,28965
BMY,2026-09-17,10:56,63.4052,63.41,63.39,63.39,12971
BMY,2026-09-17,10:57,63.39,63.39,63.34,63.365,14623
BMY,2026-09-17,10:58,63.37,63.44,63.37,63.4,26001
BMY,2026-09-17,10:59,63.405,63.47,63.405,63.45,6390
BMY,2026-09-17,11:00,63.455,63.56,63.44,63.54,38308
BMY,2026-09-17,11:01,63.545,63.545,63.47,63.47,14623
BMY,2026-09-17,11:02,63.46,63.46,63.435,63.435,5588
BMY,2026-09-17,11:03,63.43,63.47,63.43,63.44,11098
BMY,2026-09-17,11:04,63.45,63.45,63.4,63.415,9705
BMY,2026-09-17,11:05,63.415,63.415,63.34,63.365,18778
BMY,2026-09-17,11:06,63.37,63.43,63.37,63.39,24969
BMY,2026-09-17,11:07,63.395,63.415,63.3701,63.3701,25216
BMY,2026-09-17,11:08,63.38,63.385,63.35,63.355,17769
BMY,2026-09-17,11:09,63.36,63.36,63.275,63.285,21861
BMY,2026-09-17,11:10,63.29,63.3,63.25,63.29,29580
BMY,2026-09-17,11:11,63.28,63.33,63.28,63.33,15282
BMY,2026-09-17,11:12,63.33,63.41,63.33,63.41,19206
BMY,2026-09-17,11:13,63.41,63.4275,63.4,63.415,23842
BMY,2026-09-17,11:14,63.415,63.43,63.37,63.425,16604
BMY,2026-09-17,11:15,63.42,63.45,63.4,63.41,98420
BMY,2026-09-17,11:16,63.41,63.42,63.375,63.39,41268
BMY,2026-09-17,11:17,63.4,63.42,63.38,63.42,28975
BMY,2026-09-17,11:18,63.42,63.42,63.4,63.4,8624
BMY,2026-09-17,11:19,63.4045,63.41,63.38,63.385,4483
BMY,2026-09-17,11:20,63.38,63.385,63.35,63.35,5075
BMY,2026-09-17,11:21,63.33,63.36,63.33,63.35,7140
BMY,2026-09-17,11:22,63.345,63.395,63.32,63.385,13973
BMY,2026-09-17,11:23,63.385,63.385,63.33,63.37,17470
BMY,2026-09-17,11:24,63.375,63.4,63.345,63.375,10779
BMY,2026-09-17,11:25,63.37,63.395,63.36,63.385,10136
BMY,2026-09-17,11:26,63.385,63.385,63.33,63.355,10014
BMY,2026-09-17,11:27,63.355,63.37,63.34,63.345,11635
BMY,2026-09-17,11:28,63.345,63.365,63.34,63.35,15745
BMY,2026-09-17,11:29,63.345,63.35,63.31,63.31,9364
BMY,2026-09-17,11:30,63.315,63.38,63.31,63.38,29674
BMY,2026-09-17,11:31,63.375,63.38,63.36,63.37,8639
BMY,2026-09-17,11:32,63.37,63.385,63.36,63.37,21629
BMY,2026-09-17,11:33,63.37,63.38,63.36,63.375,17398
BMY,2026-09-17,11:34,63.37,63.395,63.355,63.395,17508
BMY,2026-09-17,11:35,63.3937,63.405,63.38,63.385,35541
BMY,2026-09-17,11:36,63.3817,63.4,63.37,63.39,46797
BMY,2026-09-17,11:37,63.39,63.4,63.3627,63.365,16657
BMY,2026-09-17,11:38,63.365,63.38,63.36,63.375,20517
BMY,2026-09-17,11:39,63.37,63.41,63.365,63.395,71783
BMY,2026-09-17,11:40,63.395,63.42,63.39,63.41,66142
BMY,2026-09-17,11:41,63.405,63.445,63.4,63.44,52416
BMY,2026-09-17,11:42,63.435,63.46,63.435,63.4437,15529
BMY,2026-09-17,11:43,63.45,63.45,63.395,63.405,11917
BMY,2026-09-17,11:44,63.41,63.415,63.38,63.385,57765
BMY,2026-09-17,11:45,63.385,63.41,63.38,63.4,26254
BMY,2026-09-17,11:46,63.395,63.47,63.395,63.455,59335
BMY,2026-09-17,11:47,63.455,63.455,63.405,63.42,21466
BMY,2026-09-17,11:48,63.42,63.43,63.415,63.43,6446
BMY,2026-09-17,11:49,63.44,63.46,63.385,63.42,17846
BMY,2026-09-17,11:50,63.43,63.43,63.415,63.425,6477
BMY,2026-09-17,11:51,63.43,63.445,63.415,63.44,12269
BMY,2026-09-17,11:52,63.445,63.445,63.42,63.44,7797
BMY,2026-09-17,11:53,63.42,63.44,63.41,63.415,5348
BMY,2026-09-17,11:54,63.42,63.43,63.42,63.43,3717
BMY,2026-09-17,11:55,63.44,63.445,63.42,63.435,6304
BMY,2026-09-17,11:56,63.435,63.435,63.41,63.43,11820
BMY,2026-09-17,11:57,63.435,63.445,63.38,63.395,17500
BMY,2026-09-17,11:58,63.39,63.435,63.39,63.435,10361
BMY,2026-09-17,11:59,63.45,63.46,63.4,63.45,33371
BMY,2026-09-17,12:00,63.44,63.48,63.44,63.48,11989
BMY,2026-09-17,12:01,63.485,63.49,63.465,63.47,8157
BMY,2026-09-17,12:02,63.475,63.53,63.46,63.525,10272
BMY,2026-09-17,12:03,63.525,63.55,63.5,63.5048,13793
BMY,2026-09-17,12:04,63.505,63.515,63.48,63.48,6181
BMY,2026-09-17,12:05,63.49,63.505,63.48,63.505,3430
BMY,2026-09-17,12:06,63.505,63.52,63.505,63.515,8045
BMY,2026-09-17,12:07,63.51,63.53,63.5,63.51,17206
BMY,2026-09-17,12:08,63.52,63.53,63.48,63.48,6571
BMY,2026-09-17,12:09,63.48,63.48,63.46,63.46,6745
BMY,2026-09-17,12:10,63.445,63.445,63.43,63.435,5873
BMY,2026-09-17,12:11,63.43,63.43,63.335,63.345,14490
BMY,2026-09-17,12:12,63.3425,63.375,63.3425,63.375,10677
BMY,2026-09-17,12:13,63.375,63.3751,63.36,63.36,9935
BMY,2026-09-17,12:14,63.365,63.385,63.365,63.375,7893
BMY,2026-09-17,12:15,63.375,63.38,63.36,63.365,7500
BMY,2026-09-17,12:16,63.36,63.36,63.34,63.345,8227
BMY,2026-09-17,12:17,63.35,63.365,63.35,63.36,5330
BMY,2026-09-17,12:18,63.36,63.395,63.335,63.39,22724
BMY,2026-09-17,12:19,63.385,63.43,63.385,63.4,37195
BMY,2026-09-17,12:20,63.39,63.41,63.39,63.41,9720
BMY,2026-09-17,12:21,63.405,63.425,63.4,63.425,9022
BMY,2026-09-17,12:22,63.43,63.43,63.4,63.405,7754
BMY,2026-09-17,12:23,63.4,63.4,63.35,63.35,7995
BMY,2026-09-17,12:24,63.355,63.355,63.32,63.335,4794
BMY,2026-09-17,12:25,63.34,63.37,63.315,63.34,30400
BMY,2026-09-17,12:26,63.33,63.34,63.31,63.33,8969
BMY,2026-09-17,12:27,63.33,63.34,63.3101,63.33,21080
BMY,2026-09-17,12:28,63.32,63.35,63.31,63.35,3551
BMY,2026-09-17,12:29,63.35,63.39,63.34,63.37,7202
BMY,2026-09-17,12:30,63.38,63.4,63.375,63.4,3784
BMY,2026-09-17,12:31,63.39,63.39,63.37,63.37,4711
BMY,2026-09-17,12:32,63.375,63.38,63.36,63.36,5625
BMY,2026-09-17,12:33,63.375,63.375,63.36,63.365,5573
BMY,2026-09-17,12:34,63.365,63.37,63.36,63.3697,3124
BMY,2026-09-17,12:35,63.37,63.37,63.36,63.365,5194
BMY,2026-09-17,12:36,63.36,63.36,63.35,63.355,4142
BMY,2026-09-17,12:37,63.355,63.36,63.335,63.34,15093
BMY,2026-09-17,12:38,63.34,63.345,63.33,63.34,4759
BMY,2026-09-17,12:39,63.34,63.34,63.33,63.33,3637
BMY,2026-09-17,12:40,63.325,63.34,63.32,63.34,4411
BMY,2026-09-17,12:41,63.34,63.355,63.32,63.32,9108
BMY,2026-09-17,12:42,63.335,63.335,63.32,63.335,5267
BMY,2026-09-17,12:43,63.335,63.375,63.335,63.37,11280
BMY,2026-09-17,12:44,63.3748,63.385,63.37,63.375,9243
BMY,2026-09-17,12:45,63.375,63.375,63.34,63.34,15326
BMY,2026-09-17,12:46,63.345,63.345,63.31,63.31,6179
BMY,2026-09-17,12:47,63.31,63.315,63.26,63.28,10400
BMY,2026-09-17,12:48,63.275,63.28,63.2,63.21,9912
BMY,2026-09-17,12:49,63.21,63.27,63.21,63.245,12049
BMY,2026-09-17,12:50,63.25,63.25,63.22,63.225,7987
BMY,2026-09-17,12:51,63.23,63.25,63.23,63.245,7659
BMY,2026-09-17,12:52,63.24,63.245,63.23,63.235,3615
BMY,2026-09-17,12:53,63.245,63.255,63.21,63.235,12552
BMY,2026-09-17,12:54,63.235,63.24,63.145,63.175,69074
BMY,2026-09-17,12:55,63.175,63.22,63.175,63.2,12348
BMY,2026-09-17,12:56,63.205,63.205,63.17,63.195,9819
BMY,2026-09-17,12:57,63.195,63.2,63.18,63.19,8325
BMY,2026-09-17,12:58,63.19,63.2,63.17,63.18,3726
BMY,2026-09-17,12:59,63.19,63.215,63.19,63.2,3803
BMY,2026-09-17,13:00,63.21,63.21,63.19,63.19,4430
BMY,2026-09-17,13:01,63.19,63.22,63.18,63.21,5867
BMY,2026-09-17,13:02,63.22,63.22,63.2,63.205,4171
BMY,2026-09-17,13:03,63.2,63.2,63.15,63.16,4786
BMY,2026-09-17,13:04,63.16,63.18,63.16,63.17,3237
BMY,2026-09-17,13:05,63.185,63.185,63.17,63.18,5542
BMY,2026-09-17,13:06,63.1737,63.195,63.1737,63.19,4118
BMY,2026-09-17,13:07,63.2,63.21,63.19,63.2,4568
BMY,2026-09-17,13:08,63.21,63.21,63.19,63.19,3986
BMY,2026-09-17,13:09,63.195,63.195,63.17,63.17,3336
BMY,2026-09-17,13:10,63.165,63.17,63.15,63.15,4521
BMY,2026-09-17,13:11,63.16,63.175,63.15,63.175,7878
BMY,2026-09-17,13:12,63.18,63.2,63.17,63.185,6768
BMY,2026-09-17,13:13,63.18,63.19,63.17,63.18,4031
BMY,2026-09-17,13:14,63.19,63.19,63.16,63.16,5468
BMY,2026-09-17,13:15,63.165,63.1676,63.14,63.15,6551
BMY,2026-09-17,13:16,63.15,63.1577,63.13,63.135,5239
BMY,2026-09-17,13:17,63.14,63.155,63.113,63.115,11602
BMY,2026-09-17,13:18,63.115,63.13,63.1,63.13,7026
BMY,2026-09-17,13:19,63.135,63.135,63.115,63.115,5508
BMY,2026-09-17,13:20,63.11,63.115,63.09,63.0972,8165
BMY,2026-09-17,13:21,63.1,63.115,63.09,63.105,6847
BMY,2026-09-17,13:22,63.11,63.12,63.1,63.105,5360
BMY,2026-09-17,13:23,63.1,63.13,63.09,63.13,3430
BMY,2026-09-17,13:24,63.135,63.155,63.115,63.125,6528
BMY,2026-09-17,13:25,63.12,63.13,63.11,63.115,5569
BMY,2026-09-17,13:26,63.11,63.11,63.06,63.06,8436
BMY,2026-09-17,13:27,63.065,63.065,63.015,63.015,25099
BMY,2026-09-17,13:28,63.01,63.01,63,63,18754
BMY,2026-09-17,13:29,63,63.01,62.96,62.96,51058
BMY,2026-09-17,13:30,62.97,62.98,62.95,62.965,53836
BMY,2026-09-17,13:31,62.96,62.97,62.94,62.96,17659
BMY,2026-09-17,13:32,62.965,63,62.955,63,25931
BMY,2026-09-17,13:33,63.005,63.0275,62.995,63.01,21793
BMY,2026-09-17,13:34,63.01,63.02,62.955,62.955,37362
BMY,2026-09-17,13:35,62.955,62.99,62.94,62.965,52153
BMY,2026-09-17,13:36,62.965,62.97,62.95,62.955,11714
BMY,2026-09-17,13:37,62.955,62.97,62.955,62.97,5918
BMY,2026-09-17,13:38,62.97,63.015,62.97,63.015,14726
BMY,2026-09-17,13:39,63.01,63.015,63,63.015,3414
BMY,2026-09-17,13:40,63.015,63.03,63.01,63.03,11255
BMY,2026-09-17,13:41,63.035,63.035,63.035,63.035,2717
BMY,2026-09-17,13:42,63.0399,63.0399,63.015,63.015,5056
BMY,2026-09-17,13:43,63.0132,63.015,63.005,63.01,10910
BMY,2026-09-17,13:44,63.015,63.02,62.975,62.975,10551
BMY,2026-09-17,13:45,62.98,62.98,62.96,62.975,11612
BMY,2026-09-17,13:46,62.975,62.985,62.965,62.975,21794
BMY,2026-09-17,13:47,62.975,62.98,62.94,62.945,8784
BMY,2026-09-17,13:48,62.945,62.955,62.94,62.955,15324
BMY,2026-09-17,13:49,62.955,62.97,62.955,62.965,29201
BMY,2026-09-17,13:50,62.965,63.005,62.96,62.995,23864
BMY,2026-09-17,13:51,62.995,63.01,62.995,63,8030
BMY,2026-09-17,13:52,62.995,62.995,62.97,62.985,10672
BMY,2026-09-17,13:53,62.98,62.98,62.97,62.975,4053
BMY,2026-09-17,13:54,62.965,62.99,62.965,62.99,16916
BMY,2026-09-17,13:55,62.98,62.99,62.9717,62.985,10754
BMY,2026-09-17,13:56,62.98,62.995,62.96,62.995,37162
BMY,2026-09-17,13:57,62.995,63.015,62.985,63,24691
BMY,2026-09-17,13:58,62.9975,62.9975,62.97,62.97,13974
BMY,2026-09-17,13:59,62.97,63,62.97,63,15370
BMY,2026-09-17,14:00,63.005,63.01,62.98,63,13120
BMY,2026-09-17,14:01,63,63.01,62.96,62.98,44464
BMY,2026-09-17,14:02,62.99,63,62.97,62.97,17094
BMY,2026-09-17,14:03,62.9762,62.985,62.97,62.98,3945
BMY,2026-09-17,14:04,62.985,62.99,62.96,62.975,11360
BMY,2026-09-17,14:05,62.98,62.985,62.96,62.98,6121
BMY,2026-09-17,14:06,62.99,63.005,62.97,63.005,10648
BMY,2026-09-17,14:07,63.0061,63.0095,62.99,63,6056
BMY,2026-09-17,14:08,62.995,63,62.995,62.995,3544
BMY,2026-09-17,14:09,62.995,63.02,62.985,63.02,10308
BMY,2026-09-17,14:10,63.02,63.075,63.02,63.075,9230
BMY,2026-09-17,14:11,63.08,63.105,63.08,63.1,4868
BMY,2026-09-17,14:12,63.105,63.12,63.09,63.1095,8226
BMY,2026-09-17,14:13,63.1,63.115,63.09,63.115,4228
BMY,2026-09-17,14:14,63.125,63.17,63.12,63.15,8701
BMY,2026-09-17,14:15,63.165,63.175,63.16,63.175,3673
BMY,2026-09-17,14:16,63.18,63.21,63.18,63.2,7413
BMY,2026-09-17,14:17,63.195,63.195,63.17,63.1892,11781
BMY,2026-09-17,14:18,63.18,63.185,63.14,63.145,7842
BMY,2026-09-17,14:19,63.15,63.165,63.11,63.125,7557
BMY,2026-09-17,14:20,63.14,63.14,63.11,63.13,50677
BMY,2026-09-17,14:21,63.13,63.135,63.09,63.1,6663
BMY,2026-09-17,14:22,63.1,63.12,63.09,63.11,7401
BMY,2026-09-17,14:23,63.11,63.13,63.11,63.125,2827
BMY,2026-09-17,14:24,63.125,63.125,63.1,63.1,5133
BMY,2026-09-17,14:25,63.1,63.105,63.08,63.095,8055
BMY,2026-09-17,14:26,63.09,63.1,63.09,63.0951,2909
BMY,2026-09-17,14:27,63.095,63.095,63.08,63.08,8193
BMY,2026-09-17,14:28,63.086,63.09,63.04,63.085,13155
BMY,2026-09-17,14:29,63.085,63.095,63.08,63.085,4686
BMY,2026-09-17,14:30,63.085,63.085,63.075,63.075,5613
BMY,2026-09-17,14:31,63.075,63.075,63.03,63.03,8301
BMY,2026-09-17,14:32,63.045,63.045,63.03,63.03,1793
BMY,2026-09-17,14:33,63.035,63.045,63.01,63.02,12670
BMY,2026-09-17,14:34,63.025,63.0459,63.02,63.0459,5432
BMY,2026-09-17,14:35,63.045,63.05,63.03,63.04,10414
BMY,2026-09-17,14:36,63.04,63.045,63.04,63.04,1707
BMY,2026-09-17,14:37,63.04,63.075,63.035,63.05,11071
BMY,2026-09-17,14:38,63.05,63.055,63.04,63.04,4260
BMY,2026-09-17,14:39,63.045,63.055,63.04,63.05,8047
BMY,2026-09-17,14:40,63.055,63.095,63.05,63.095,12015
BMY,2026-09-17,14:41,63.1,63.1,63.08,63.085,4718
BMY,2026-09-17,14:42,63.09,63.09,63.075,63.075,5287
BMY,2026-09-17,14:43,63.075,63.08,63.05,63.06,8498
BMY,2026-09-17,14:44,63.05,63.065,63.05,63.06,13546
BMY,2026-09-17,14:45,63.05,63.07,63.05,63.05,9158
BMY,2026-09-17,14:46,63.055,63.06,63.05,63.06,4624
BMY,2026-09-17,14:47,63.06,63.07,63.05,63.06,8672
BMY,2026-09-17,14:48,63.0571,63.06,63.05,63.06,5843
BMY,2026-09-17,14:49,63.055,63.085,63.034,63.045,21821
BMY,2026-09-17,14:50,63.05,63.055,63.01,63.01,8247
BMY,2026-09-17,14:51,63.01,63.05,62.99,63.035,18490
BMY,2026-09-17,14:52,63.03,63.04,63.03,63.035,2999
BMY,2026-09-17,14:53,63.035,63.045,63.03,63.04,13734
BMY,2026-09-17,14:54,63.045,63.055,63.04,63.05,4127
BMY,2026-09-17,14:55,63.055,63.055,63.03,63.045,12148
BMY,2026-09-17,14:56,63.045,63.06,63.045,63.055,6827
BMY,2026-09-17,14:57,63.05,63.065,63.02,63.02,13540
BMY,2026-09-17,14:58,63.02,63.055,63.02,63.05,9899
BMY,2026-09-17,14:59,63.06,63.075,63.05,63.05,13281
BMY,2026-09-17,15:00,63.07,63.105,63.06,63.095,10729
BMY,2026-09-17,15:01,63.095,63.0999,63.08,63.08,5350
BMY,2026-09-17,15:02,63.08,63.085,63.06,63.07,8450
BMY,2026-09-17,15:03,63.07,63.075,63.06,63.07,8043
BMY,2026-09-17,15:04,63.07,63.07,63.05,63.05,11094
BMY,2026-09-17,15:05,63.05,63.06,63.04,63.045,10120
BMY,2026-09-17,15:06,63.05,63.06,63.03,63.035,16327
BMY,2026-09-17,15:07,63.03,63.03,62.99,62.995,11157
BMY,2026-09-17,15:08,62.99,62.995,62.97,62.97,8715
BMY,2026-09-17,15:09,62.965,62.97,62.945,62.95,16240
BMY,2026-09-17,15:10,62.9401,62.9451,62.93,62.93,12405
BMY,2026-09-17,15:11,62.935,62.945,62.93,62.94,8768
BMY,2026-09-17,15:12,62.94,62.94,62.92,62.923,13320
BMY,2026-09-17,15:13,62.92,62.95,62.91,62.94,31734
BMY,2026-09-17,15:14,62.94,62.97,62.93,62.95,10764
BMY,2026-09-17,15:15,62.96,62.97,62.955,62.97,5803
BMY,2026-09-17,15:16,62.965,62.97,62.95,62.97,12550
BMY,2026-09-17,15:17,62.975,62.98,62.95,62.98,13492
BMY,2026-09-17,15:18,62.99,63,62.99,63,12217
BMY,2026-09-17,15:19,62.995,63.005,62.99,63.005,9941
BMY,2026-09-17,15:20,63.005,63.04,63,63.025,36377
BMY,2026-09-17,15:21,63.025,63.0299,63.005,63.01,13080
BMY,2026-09-17,15:22,63.005,63.005,62.9826,62.985,16672
BMY,2026-09-17,15:23,62.985,62.99,62.96,62.985,25614
BMY,2026-09-17,15:24,62.98,63.0095,62.975,62.9851,12422
BMY,2026-09-17,15:25,62.98,63,62.975,62.995,22087
BMY,2026-09-17,15:26,63,63,62.955,62.96,21511
BMY,2026-09-17,15:27,62.955,62.97,62.94,62.955,13979
BMY,2026-09-17,15:28,62.95,62.955,62.925,62.945,20257
BMY,2026-09-17,15:29,62.94,62.94,62.89,62.915,54531
BMY,2026-09-17,15:30,62.905,62.905,62.875,62.875,33190
BMY,2026-09-17,15:31,62.88,62.89,62.815,62.82,55885
BMY,2026-09-17,15:32,62.825,62.85,62.72,62.725,50089
BMY,2026-09-17,15:33,62.72,62.78,62.715,62.76,59725
BMY,2026-09-17,15:34,62.76,62.795,62.755,62.78,42517
BMY,2026-09-17,15:35,62.78,62.81,62.77,62.805,32952
BMY,2026-09-17,15:36,62.805,62.805,62.76,62.795,37244
BMY,2026-09-17,15:37,62.79,62.795,62.76,62.76,36630
BMY,2026-09-17,15:38,62.75,62.76,62.71,62.725,31622
BMY,2026-09-17,15:39,62.725,62.725,62.695,62.715,33184
BMY,2026-09-17,15:40,62.71,62.755,62.71,62.7277,22699
BMY,2026-09-17,15:41,62.725,62.75,62.695,62.695,35839
BMY,2026-09-17,15:42,62.6901,62.71,62.675,62.695,40468
BMY,2026-09-17,15:43,62.695,62.695,62.66,62.685,43061
BMY,2026-09-17,15:44,62.685,62.7,62.67,62.675,27795
BMY,2026-09-17,15:45,62.675,62.7,62.645,62.65,149746
BMY,2026-09-17,15:46,62.64,62.65,62.575,62.585,41438
BMY,2026-09-17,15:47,62.59,62.59,62.52,62.535,66322
BMY,2026-09-17,15:48,62.535,62.62,62.525,62.62,80463
BMY,2026-09-17,15:49,62.62,62.64,62.565,62.58,72077
BMY,2026-09-17,15:50,62.57,62.66,62.57,62.615,104890
BMY,2026-09-17,15:51,62.615,62.7,62.615,62.675,84889
BMY,2026-09-17,15:52,62.675,62.69,62.645,62.68,66249
BMY,2026-09-17,15:53,62.675,62.7,62.66,62.685,74082
BMY,2026-09-17,15:54,62.685,62.685,62.62,62.625,78603
BMY,2026-09-17,15:55,62.63,62.7,62.625,62.685,192200
BMY,2026-09-17,15:56,62.685,62.7,62.66,62.665,170684
BMY,2026-09-17,15:57,62.66,62.79,62.65,62.76,113760
BMY,2026-09-17,15:58,62.765,62.85,62.75,62.76,216615
BMY,2026-09-17,15:59,62.765,62.85,62.74,62.83,363196
BMY,2026-09-17,16:00,62.84,62.84,62.84,62.84,0
