symbol,date,time,open,high,low,close,volume
DDOG,2026-09-09,09:30,209.04,212,209.04,212,110288
DDOG,2026-09-09,09:31,212.07,213.28,211.9,212.335,40674
DDOG,2026-09-09,09:32,212.59,214.9169,211.98,213.95,11562
DDOG,2026-09-09,09:33,214.55,214.92,213.3,214.595,21222
DDOG,2026-09-09,09:34,214.79,215.58,214.64,215.09,32790
DDOG,2026-09-09,09:35,215.09,215.195,214,214.19,18614
DDOG,2026-09-09,09:36,213.73,214.79,213.73,214.205,9719
DDOG,2026-09-09,09:37,214.165,214.43,213.5356,214.22,7915
DDOG,2026-09-09,09:38,214.455,214.455,213.08,213.6901,11074
DDOG,2026-09-09,09:39,214.035,214.3,214.01,214.3,6148
DDOG,2026-09-09,09:40,214.765,215.58,214.62,215.045,26884
DDOG,2026-09-09,09:41,215.57,216.18,214.05,214.05,86466
DDOG,2026-09-09,09:42,214.05,214.64,213.93,214.25,20599
DDOG,2026-09-09,09:43,214,214.15,212.6,213.2,16707
DDOG,2026-09-09,09:44,213.2,213.56,213.2,213.455,14671
DDOG,2026-09-09,09:45,213.67,213.81,212.6001,213.02,21737
DDOG,2026-09-09,09:46,213.33,215.99,213.12,215.99,20289
DDOG,2026-09-09,09:47,215.95,216.38,215.59,215.73,14052
DDOG,2026-09-09,09:48,215.6882,216.2299,215.24,215.77,18944
DDOG,2026-09-09,09:49,215.68,216.315,215.5,216,26194
DDOG,2026-09-09,09:50,216,216,214.36,214.745,45887
DDOG,2026-09-09,09:51,214.73,214.93,214.18,214.2,26934
DDOG,2026-09-09,09:52,214.285,214.4,213.2,213.66,14943
DDOG,2026-09-09,09:53,213.58,214.81,213.47,214.81,18576
DDOG,2026-09-09,09:54,214.77,215.635,214.77,215.56,4759
DDOG,2026-09-09,09:55,215.615,215.86,215.19,215.86,23777
DDOG,2026-09-09,09:56,215.74,216.38,215.35,215.8499,17449
DDOG,2026-09-09,09:57,215.58,215.85,215.48,215.575,5911
DDOG,2026-09-09,09:58,215.81,216.3,215.61,216.3,10495
DDOG,2026-09-09,09:59,216.09,216.64,215.88,216.43,19045
DDOG,2026-09-09,10:00,216.36,216.7799,216.28,216.36,9441
DDOG,2026-09-09,10:01,216.24,216.61,216.12,216.43,14625
DDOG,2026-09-09,10:02,216.7229,216.96,216.56,216.83,7413
DDOG,2026-09-09,10:03,216.835,217.91,216.835,217.9,16601
DDOG,2026-09-09,10:04,217.97,218.205,216.75,217.94,33252
DDOG,2026-09-09,10:05,218.185,218.73,218.17,218.27,6151
DDOG,2026-09-09,10:06,218.455,218.99,217.5,218.99,22678
DDOG,2026-09-09,10:07,218.815,219.17,218.38,218.95,29634
DDOG,2026-09-09,10:08,218.95,220.26,218.89,219.42,60900
DDOG,2026-09-09,10:09,219.395,219.395,218.51,218.69,8419
DDOG,2026-09-09,10:10,218.9325,218.9325,218.475,218.905,7948
DDOG,2026-09-09,10:11,218.75,219.085,218.34,218.635,10377
DDOG,2026-09-09,10:12,218.64,219.175,218.5525,218.61,16559
DDOG,2026-09-09,10:13,218.51,218.7675,218.45,218.7675,8390
DDOG,2026-09-09,10:14,218.915,218.925,218.56,218.695,11526
DDOG,2026-09-09,10:15,218.78,218.78,218.4953,218.675,7391
DDOG,2026-09-09,10:16,218.61,220,218.47,219.97,20024
DDOG,2026-09-09,10:17,219.985,220.9,219.985,220.79,48520
DDOG,2026-09-09,10:18,220.79,221.39,220.09,221.145,121480
DDOG,2026-09-09,10:19,221.15,221.15,220.61,220.95,30650
DDOG,2026-09-09,10:20,221.15,221.9999,221.145,221.3375,23881
DDOG,2026-09-09,10:21,221.61,221.76,220.62,220.84,44714
DDOG,2026-09-09,10:22,220.85,220.85,220.16,220.175,23192
DDOG,2026-09-09,10:23,220.175,220.595,219.85,220.575,22874
DDOG,2026-09-09,10:24,220.5575,220.58,220.08,220.525,13739
DDOG,2026-09-09,10:25,220.515,221.235,220.515,221.235,16517
DDOG,2026-09-09,10:26,221.195,221.41,221,221.195,26194
DDOG,2026-09-09,10:27,221.39,222.3725,221.08,222.29,39278
DDOG,2026-09-09,10:28,222.5,223,222.47,222.99,18955
DDOG,2026-09-09,10:29,222.9516,223.265,222.9516,223.2201,18330
DDOG,2026-09-09,10:30,223.22,223.265,222,222.0425,16175
DDOG,2026-09-09,10:31,222.115,222.14,221.505,221.78,7796
DDOG,2026-09-09,10:32,221.82,221.82,221.27,221.44,7383
DDOG,2026-09-09,10:33,221.44,221.745,221.13,221.745,5817
DDOG,2026-09-09,10:34,221.645,222.6,221.575,222.21,40432
DDOG,2026-09-09,10:35,222.21,222.4457,221.76,221.81,12925
DDOG,2026-09-09,10:36,221.81,222.1,221.805,222.055,2513
DDOG,2026-09-09,10:37,222.075,222.49,222.075,222.42,9404
DDOG,2026-09-09,10:38,222.58,223.5,222.45,223.5,24067
DDOG,2026-09-09,10:39,223.375,223.5,223.21,223.5,17583
DDOG,2026-09-09,10:40,223.49,224.0775,223.485,223.88,24191
DDOG,2026-09-09,10:41,223.85,223.88,223.48,223.85,4993
DDOG,2026-09-09,10:42,223.9795,223.9795,223.26,223.26,16639
DDOG,2026-09-09,10:43,223.27,223.575,223.26,223.575,7255
DDOG,2026-09-09,10:44,223.69,223.93,223.48,223.52,7844
DDOG,2026-09-09,10:45,223.745,223.745,223.35,223.57,8302
DDOG,2026-09-09,10:46,223.525,223.9899,223.525,223.73,5200
DDOG,2026-09-09,10:47,223.87,223.88,223.48,223.65,12801
DDOG,2026-09-09,10:48,223.625,223.625,223.1,223.351,17405
DDOG,2026-09-09,10:49,223.395,223.56,223.1834,223.4267,9126
DDOG,2026-09-09,10:50,223.34,223.34,222.8701,223.05,15519
DDOG,2026-09-09,10:51,223.26,223.26,222.83,223.1196,9726
DDOG,2026-09-09,10:52,223.16,223.19,222.8,223.04,5621
DDOG,2026-09-09,10:53,223.015,223.015,222.69,222.855,7395
DDOG,2026-09-09,10:54,222.85,222.86,222.28,222.29,16454
DDOG,2026-09-09,10:55,222.35,222.73,222.31,222.658,24146
DDOG,2026-09-09,10:56,222.64,222.64,222.43,222.43,11460
DDOG,2026-09-09,10:57,222.425,222.81,222.2,222.2475,9870
DDOG,2026-09-09,10:58,222.17,222.485,222.16,222.485,7205
DDOG,2026-09-09,10:59,222.25,222.4,222.25,222.395,4792
DDOG,2026-09-09,11:00,222.64,222.64,222.555,222.58,2790
DDOG,2026-09-09,11:01,222.37,222.68,222.37,222.485,7236
DDOG,2026-09-09,11:02,222.48,222.485,222.475,222.475,3727
DDOG,2026-09-09,11:03,222.48,222.48,222.32,222.42,3434
DDOG,2026-09-09,11:04,222.24,222.29,222.01,222.14,10003
DDOG,2026-09-09,11:05,222.2,222.2,221.78,221.915,8154
DDOG,2026-09-09,11:06,221.8925,221.8925,221.66,221.7,6776
DDOG,2026-09-09,11:07,221.735,221.88,221.6,221.815,8545
DDOG,2026-09-09,11:08,221.97,222.15,221.97,222.14,5323
DDOG,2026-09-09,11:09,222.135,222.135,221.82,221.94,5202
DDOG,2026-09-09,11:10,221.99,221.9995,221.865,221.9,4610
DDOG,2026-09-09,11:11,221.87,222.02,221.71,221.92,9638
DDOG,2026-09-09,11:12,221.86,221.925,221.4801,221.675,8921
DDOG,2026-09-09,11:13,221.68,221.68,221.475,221.475,4502
DDOG,2026-09-09,11:14,221.39,221.58,221.23,221.295,7912
DDOG,2026-09-09,11:15,221.49,221.6895,221.44,221.565,3936
DDOG,2026-09-09,11:16,221.5,221.87,221.5,221.87,6033
DDOG,2026-09-09,11:17,221.885,222.115,221.885,222.115,3698
DDOG,2026-09-09,11:18,222.13,222.635,221.9101,222.565,4682
DDOG,2026-09-09,11:19,222.4,222.42,222.34,222.355,2924
DDOG,2026-09-09,11:20,222.43,222.65,222.4,222.48,7914
DDOG,2026-09-09,11:21,222.49,222.705,222.37,222.6,4660
DDOG,2026-09-09,11:22,222.6,222.7299,222.45,222.6025,5117
DDOG,2026-09-09,11:23,222.57,222.595,222.33,222.595,8589
DDOG,2026-09-09,11:24,222.4305,222.8,222.4305,222.715,5589
DDOG,2026-09-09,11:25,222.715,222.89,222.715,222.74,4629
DDOG,2026-09-09,11:26,222.75,223.2265,222.75,223.05,16880
DDOG,2026-09-09,11:27,223.065,223.33,222.98,223.02,5929
DDOG,2026-09-09,11:28,223.07,223.205,223.04,223.135,8417
DDOG,2026-09-09,11:29,223.18,223.205,223.1725,223.195,4546
DDOG,2026-09-09,11:30,223.31,223.9561,223.31,223.7701,9928
DDOG,2026-09-09,11:31,223.84,224.06,223.78,223.83,12610
DDOG,2026-09-09,11:32,223.68,223.78,223.64,223.78,4561
DDOG,2026-09-09,11:33,223.72,223.74,223.65,223.65,5750
DDOG,2026-09-09,11:34,223.87,224.05,223.77,223.8575,8711
DDOG,2026-09-09,11:35,223.9,223.9,223.5701,223.7125,4906
DDOG,2026-09-09,11:36,223.64,223.725,223.43,223.68,9937
DDOG,2026-09-09,11:37,223.49,223.6,223.3801,223.49,5301
DDOG,2026-09-09,11:38,223.7354,223.7354,223.5,223.62,3035
DDOG,2026-09-09,11:39,223.74,224.38,223.645,224.38,11461
DDOG,2026-09-09,11:40,224.55,224.55,224.09,224.135,6144
DDOG,2026-09-09,11:41,224.315,224.315,223.98,224.12,3805
DDOG,2026-09-09,11:42,224.235,224.4899,224.148,224.21,8569
DDOG,2026-09-09,11:43,224.48,224.69,224.48,224.625,13774
DDOG,2026-09-09,11:44,224.81,224.865,224.56,224.865,15578
DDOG,2026-09-09,11:45,224.86,225.1,224.765,224.82,14471
DDOG,2026-09-09,11:46,224.85,224.97,224.61,224.705,11399
DDOG,2026-09-09,11:47,224.635,224.635,224.39,224.525,3191
DDOG,2026-09-09,11:48,224.46,224.65,224.4,224.65,6634
DDOG,2026-09-09,11:49,224.48,224.48,223.93,224.23,5193
DDOG,2026-09-09,11:50,223.94,223.94,223.635,223.885,9815
DDOG,2026-09-09,11:51,223.89,223.9,223.4801,223.605,6526
DDOG,2026-09-09,11:52,223.635,223.695,223.5006,223.56,4313
DDOG,2026-09-09,11:53,223.59,223.705,223.38,223.565,12387
DDOG,2026-09-09,11:54,223.6,223.99,223.6,223.99,12093
DDOG,2026-09-09,11:55,223.995,223.9975,223.8,223.945,6032
DDOG,2026-09-09,11:56,223.8,223.8,223.47,223.6,5193
DDOG,2026-09-09,11:57,223.6,223.6,223.29,223.52,4671
DDOG,2026-09-09,11:58,223.445,223.7754,223.445,223.63,3651
DDOG,2026-09-09,11:59,223.85,224.05,223.85,223.9016,6307
DDOG,2026-09-09,12:00,224.01,224.57,224.01,224.5651,10169
DDOG,2026-09-09,12:01,224.41,224.43,224.121,224.255,7420
DDOG,2026-09-09,12:02,224.12,224.21,223.93,224.04,5044
DDOG,2026-09-09,12:03,224.125,224.19,223.98,224.18,6624
DDOG,2026-09-09,12:04,224.125,224.7599,224.125,224.515,4698
DDOG,2026-09-09,12:05,224.41,224.69,224.395,224.42,5597
DDOG,2026-09-09,12:06,224.425,224.72,224.38,224.56,6507
DDOG,2026-09-09,12:07,224.57,224.57,224.41,224.41,8704
DDOG,2026-09-09,12:08,224.565,224.58,224.44,224.44,4846
DDOG,2026-09-09,12:09,224.515,225.1,224.515,224.86,23129
DDOG,2026-09-09,12:10,224.86,224.94,224.735,224.89,11658
DDOG,2026-09-09,12:11,224.9144,225.1,224.78,224.81,4605
DDOG,2026-09-09,12:12,224.63,224.68,224.47,224.51,7140
DDOG,2026-09-09,12:13,224.605,224.605,224.51,224.51,2843
DDOG,2026-09-09,12:14,224.51,224.53,224.33,224.37,12591
DDOG,2026-09-09,12:15,224.47,224.6034,224.06,224.06,7182
DDOG,2026-09-09,12:16,224.145,224.165,223.94,224.165,5197
DDOG,2026-09-09,12:17,224.0901,224.21,224.02,224.185,9681
DDOG,2026-09-09,12:18,224.03,224.03,223.545,223.55,5911
DDOG,2026-09-09,12:19,223.565,223.57,223.37,223.55,6231
DDOG,2026-09-09,12:20,223.475,223.71,223.475,223.71,4186
DDOG,2026-09-09,12:21,223.7,224.02,223.68,223.8,7839
DDOG,2026-09-09,12:22,223.81,223.86,223.81,223.81,2456
DDOG,2026-09-09,12:23,223.86,223.86,223.46,223.705,12569
DDOG,2026-09-09,12:24,223.745,223.88,223.61,223.875,4723
DDOG,2026-09-09,12:25,223.96,223.96,223.74,223.88,6330
DDOG,2026-09-09,12:26,223.76,223.875,223.76,223.875,4285
DDOG,2026-09-09,12:27,223.875,223.96,223.875,223.895,2257
DDOG,2026-09-09,12:28,223.895,223.9,223.86,223.9,2735
DDOG,2026-09-09,12:29,223.9,223.9,223.705,223.78,8752
DDOG,2026-09-09,12:30,223.78,224.092,223.7464,224.092,8872
DDOG,2026-09-09,12:31,224.07,224.41,223.95,224,8374
DDOG,2026-09-09,12:32,224.1,224.255,224.1,224.225,1945
DDOG,2026-09-09,12:33,224.3,224.3,224.0601,224.29,2786
DDOG,2026-09-09,12:34,224.295,224.32,224.18,224.18,5614
DDOG,2026-09-09,12:35,224.15,224.2,224.07,224.195,5588
DDOG,2026-09-09,12:36,224.2,224.265,224.08,224.255,7065
DDOG,2026-09-09,12:37,224.255,224.37,224.08,224.37,12876
DDOG,2026-09-09,12:38,224.39,224.665,224.36,224.665,4914
DDOG,2026-09-09,12:39,224.665,225,224.665,224.96,11767
DDOG,2026-09-09,12:40,224.99,225.06,224.66,224.66,11970
DDOG,2026-09-09,12:41,224.7,224.71,224.56,224.67,5906
DDOG,2026-09-09,12:42,224.755,224.765,224.47,224.475,5810
DDOG,2026-09-09,12:43,224.475,224.7,224.475,224.7,3501
DDOG,2026-09-09,12:44,224.84,224.84,224.56,224.56,1509
DDOG,2026-09-09,12:45,224.68,224.715,224.59,224.69,3950
DDOG,2026-09-09,12:46,224.78,225.2,224.76,225.2,7435
DDOG,2026-09-09,12:47,225.23,225.27,225.01,225.02,7927
DDOG,2026-09-09,12:48,224.96,225.1,224.94,225.085,4544
DDOG,2026-09-09,12:49,225.11,225.195,225.02,225.14,6102
DDOG,2026-09-09,12:50,225.26,225.9599,225.2,225.77,8495
DDOG,2026-09-09,12:51,225.9,225.9,225.65,225.775,6220
DDOG,2026-09-09,12:52,225.765,225.765,225.62,225.64,6320
DDOG,2026-09-09,12:53,225.61,225.86,225.475,225.475,19666
DDOG,2026-09-09,12:54,225.52,225.52,225.285,225.285,3439
DDOG,2026-09-09,12:55,225.31,225.5475,225.31,225.5475,5041
DDOG,2026-09-09,12:56,225.54,225.65,225.395,225.4,5231
DDOG,2026-09-09,12:57,225.55,225.63,225.47,225.47,8592
DDOG,2026-09-09,12:58,225.49,225.54,225.41,225.458,7009
DDOG,2026-09-09,12:59,225.68,225.7499,225.5701,225.64,15293
DDOG,2026-09-09,13:00,225.53,225.625,225.37,225.43,10703
DDOG,2026-09-09,13:01,225.38,225.39,225.24,225.25,5035
DDOG,2026-09-09,13:02,225.33,225.41,225.21,225.37,6678
DDOG,2026-09-09,13:03,225.38,225.47,225.09,225.09,9673
DDOG,2026-09-09,13:04,224.87,224.94,224.8043,224.94,4435
DDOG,2026-09-09,13:05,224.77,224.86,224.64,224.86,7125
DDOG,2026-09-09,13:06,224.84,224.84,224.61,224.61,2468
DDOG,2026-09-09,13:07,224.52,224.58,224.29,224.495,7795
DDOG,2026-09-09,13:08,224.5,224.5,224.5,224.5,1283
DDOG,2026-09-09,13:09,224.525,224.525,224.43,224.43,3554
DDOG,2026-09-09,13:10,224.42,224.8,224.42,224.79,2984
DDOG,2026-09-09,13:11,224.88,224.88,224.8,224.805,1053
DDOG,2026-09-09,13:12,224.88,224.88,224.835,224.84,1780
DDOG,2026-09-09,13:13,224.75,224.75,224.7,224.72,2933
DDOG,2026-09-09,13:14,224.73,224.99,224.73,224.91,2997
DDOG,2026-09-09,13:15,224.91,224.975,224.91,224.975,2335
DDOG,2026-09-09,13:16,224.975,225.22,224.93,225.12,9285
DDOG,2026-09-09,13:17,225.0604,225.43,225.0604,225.415,5477
DDOG,2026-09-09,13:18,225.34,225.37,225.28,225.28,6154
DDOG,2026-09-09,13:19,225.365,225.365,225.12,225.2,5222
DDOG,2026-09-09,13:20,225.13,225.27,225.0914,225.18,3196
DDOG,2026-09-09,13:21,225.18,225.405,225.18,225.37,4667
DDOG,2026-09-09,13:22,225.375,225.375,225.14,225.14,5568
DDOG,2026-09-09,13:23,225.245,225.275,225.1,225.26,5444
DDOG,2026-09-09,13:24,225.26,225.26,225.01,225.15,5489
DDOG,2026-09-09,13:25,225.155,225.155,225.04,225.14,2559
DDOG,2026-09-09,13:26,225.15,225.265,225.03,225.24,31578
DDOG,2026-09-09,13:27,225.275,225.29,225.275,225.29,2615
DDOG,2026-09-09,13:28,225.245,225.36,225.2001,225.36,4367
DDOG,2026-09-09,13:29,225.3038,225.3038,225.12,225.12,5700
DDOG,2026-09-09,13:30,225.15,225.18,225.11,225.12,3223
DDOG,2026-09-09,13:31,225.12,225.23,224.97,225.09,9552
DDOG,2026-09-09,13:32,225.115,225.115,225.115,225.115,503
DDOG,2026-09-09,13:33,225.115,225.28,225.115,225.28,5008
DDOG,2026-09-09,13:34,225.28,225.28,224.76,224.905,13663
DDOG,2026-09-09,13:35,224.8333,224.895,224.64,224.64,7229
DDOG,2026-09-09,13:36,224.685,224.77,224.6,224.6,6429
DDOG,2026-09-09,13:37,224.605,224.605,224.46,224.605,3467
DDOG,2026-09-09,13:38,224.61,224.61,224.52,224.57,4313
DDOG,2026-09-09,13:39,224.58,224.595,224.54,224.57,4191
DDOG,2026-09-09,13:40,224.54,224.655,224.54,224.6066,3420
DDOG,2026-09-09,13:41,224.74,224.9,224.665,224.9,4780
DDOG,2026-09-09,13:42,224.87,224.89,224.83,224.83,1927
DDOG,2026-09-09,13:43,224.83,224.97,224.825,224.895,2337
DDOG,2026-09-09,13:44,224.895,224.98,224.87,224.9,6555
DDOG,2026-09-09,13:45,224.87,224.89,224.8225,224.89,2359
DDOG,2026-09-09,13:46,224.86,224.89,224.79,224.79,4493
DDOG,2026-09-09,13:47,224.78,224.855,224.62,224.62,5009
DDOG,2026-09-09,13:48,224.6275,224.7,224.57,224.68,3422
DDOG,2026-09-09,13:49,224.715,224.72,224.58,224.69,5011
DDOG,2026-09-09,13:50,224.62,224.7199,224.56,224.63,4322
DDOG,2026-09-09,13:51,224.58,224.58,224.38,224.38,6749
DDOG,2026-09-09,13:52,224.455,224.76,224.455,224.67,5306
DDOG,2026-09-09,13:53,224.69,224.72,224.67,224.68,3911
DDOG,2026-09-09,13:54,224.755,224.82,224.63,224.63,4915
DDOG,2026-09-09,13:55,224.58,224.63,224.58,224.625,2944
DDOG,2026-09-09,13:56,224.5,224.5,224.48,224.48,2446
DDOG,2026-09-09,13:57,224.48,224.64,224.45,224.64,6266
DDOG,2026-09-09,13:58,224.64,224.715,224.61,224.61,2350
DDOG,2026-09-09,13:59,224.68,224.715,224.6,224.6,5057
DDOG,2026-09-09,14:00,224.7,224.86,224.7,224.825,3839
DDOG,2026-09-09,14:01,224.99,225.11,224.88,224.935,14569
DDOG,2026-09-09,14:02,224.89,224.975,224.85,224.975,5298
DDOG,2026-09-09,14:03,224.94,224.96,224.53,224.53,5637
DDOG,2026-09-09,14:04,224.555,224.865,224.41,224.82,6607
DDOG,2026-09-09,14:05,224.85,224.92,224.845,224.92,4387
DDOG,2026-09-09,14:06,224.79,224.86,224.77,224.82,6500
DDOG,2026-09-09,14:07,224.88,224.955,224.85,224.91,5455
DDOG,2026-09-09,14:08,224.92,225.05,224.92,225.05,4262
DDOG,2026-09-09,14:09,225.025,225.05,224.96,225.05,2800
DDOG,2026-09-09,14:10,225.025,225.025,225.02,225.02,3009
DDOG,2026-09-09,14:11,224.94,224.98,224.86,224.98,5346
DDOG,2026-09-09,14:12,224.9,225.215,224.82,225.215,5234
DDOG,2026-09-09,14:13,225.165,225.26,225.165,225.26,3031
DDOG,2026-09-09,14:14,225.2,225.2,224.82,224.91,5833
DDOG,2026-09-09,14:15,224.764,224.85,224.764,224.85,3472
DDOG,2026-09-09,14:16,224.85,225.02,224.85,225.01,4725
DDOG,2026-09-09,14:17,224.95,225.099,224.81,224.95,5106
DDOG,2026-09-09,14:18,224.8,225.01,224.8,225.01,7117
DDOG,2026-09-09,14:19,224.985,225.04,224.86,224.91,4799
DDOG,2026-09-09,14:20,224.91,224.915,224.82,224.915,1176
DDOG,2026-09-09,14:21,224.96,225.15,224.96,225.15,4491
DDOG,2026-09-09,14:22,225.15,225.23,225.12,225.12,3611
DDOG,2026-09-09,14:23,225.12,225.3355,225.12,225.3355,6716
DDOG,2026-09-09,14:24,225.305,225.4,225.23,225.23,7849
DDOG,2026-09-09,14:25,225.19,225.19,225.0979,225.1,4570
DDOG,2026-09-09,14:26,225.07,225.155,225.07,225.15,3480
DDOG,2026-09-09,14:27,225.25,225.295,225.1801,225.295,2613
DDOG,2026-09-09,14:28,225.285,225.285,225.13,225.175,6127
DDOG,2026-09-09,14:29,225.185,225.185,225.1641,225.185,3576
DDOG,2026-09-09,14:30,225.27,225.31,225.25,225.25,4118
DDOG,2026-09-09,14:31,225.205,225.205,225.08,225.08,5075
DDOG,2026-09-09,14:32,225.08,225.11,224.92,225,5575
DDOG,2026-09-09,14:33,224.92,224.92,224.6975,224.76,6134
DDOG,2026-09-09,14:34,224.815,224.83,224.71,224.72,6104
DDOG,2026-09-09,14:35,224.86,224.91,224.855,224.855,3328
DDOG,2026-09-09,14:36,224.81,224.81,224.78,224.78,3605
DDOG,2026-09-09,14:37,224.79,224.96,224.76,224.88,6127
DDOG,2026-09-09,14:38,224.78,224.845,224.78,224.845,1613
DDOG,2026-09-09,14:39,224.78,224.93,224.74,224.8,7987
DDOG,2026-09-09,14:40,224.9275,225,224.79,224.8,11323
DDOG,2026-09-09,14:41,224.885,224.895,224.8,224.84,4801
DDOG,2026-09-09,14:42,224.79,224.9,224.77,224.9,16068
DDOG,2026-09-09,14:43,224.8475,224.8475,224.845,224.845,2405
DDOG,2026-09-09,14:44,224.93,224.93,224.86,224.905,2662
DDOG,2026-09-09,14:45,224.905,224.905,224.9,224.9,1262
DDOG,2026-09-09,14:46,224.915,224.915,224.84,224.8625,2967
DDOG,2026-09-09,14:47,224.875,224.875,224.81,224.865,6202
DDOG,2026-09-09,14:48,224.865,224.87,224.65,224.67,9240
DDOG,2026-09-09,14:49,224.66,224.74,224.59,224.66,6440
DDOG,2026-09-09,14:50,224.59,224.65,224.58,224.6,4471
DDOG,2026-09-09,14:51,224.65,224.7299,224.53,224.59,11042
DDOG,2026-09-09,14:52,224.595,224.6,224.16,224.24,10068
DDOG,2026-09-09,14:53,224.23,224.255,224.23,224.25,2553
DDOG,2026-09-09,14:54,224.25,224.25,223.914,223.9402,6904
DDOG,2026-09-09,14:55,223.98,224.14,223.94,223.94,9347
DDOG,2026-09-09,14:56,223.945,224.045,223.945,224.045,2363
DDOG,2026-09-09,14:57,223.97,224.1025,223.89,224.095,13754
DDOG,2026-09-09,14:58,224.29,224.5375,224.29,224.525,7035
DDOG,2026-09-09,14:59,224.54,224.6,224.44,224.6,10450
DDOG,2026-09-09,15:00,224.575,224.77,224.51,224.725,8844
DDOG,2026-09-09,15:01,224.75,225.1,224.75,224.88,9180
DDOG,2026-09-09,15:02,224.83,224.83,224.69,224.69,8403
DDOG,2026-09-09,15:03,224.67,224.83,224.57,224.625,13625
DDOG,2026-09-09,15:04,224.635,224.65,224.42,224.545,9421
DDOG,2026-09-09,15:05,224.61,224.61,224.421,224.51,2459
DDOG,2026-09-09,15:06,224.42,224.43,224.06,224.325,7025
DDOG,2026-09-09,15:07,224.325,224.3334,224.271,224.271,4661
DDOG,2026-09-09,15:08,224.37,224.49,224.28,224.42,12025
DDOG,2026-09-09,15:09,224.39,224.66,224.39,224.61,13219
DDOG,2026-09-09,15:10,224.42,224.58,224.32,224.38,8721
DDOG,2026-09-09,15:11,224.37,224.52,224.37,224.52,7556
DDOG,2026-09-09,15:12,224.5,224.5075,224.36,224.36,6720
DDOG,2026-09-09,15:13,224.36,224.44,224.34,224.44,7713
DDOG,2026-09-09,15:14,224.48,224.79,224.425,224.79,5080
DDOG,2026-09-09,15:15,224.72,224.72,224.69,224.69,2551
DDOG,2026-09-09,15:16,224.79,224.845,224.545,224.6,8876
DDOG,2026-09-09,15:17,224.545,224.62,224.295,224.295,6378
DDOG,2026-09-09,15:18,224.19,224.22,223.78,223.8,14298
DDOG,2026-09-09,15:19,223.85,223.95,223.85,223.95,11640
DDOG,2026-09-09,15:20,223.95,224.01,223.72,223.7515,28548
DDOG,2026-09-09,15:21,223.765,224.01,223.765,224.0099,7435
DDOG,2026-09-09,15:22,223.895,223.895,223.53,223.57,9490
DDOG,2026-09-09,15:23,223.57,223.63,223.48,223.63,19375
DDOG,2026-09-09,15:24,223.735,223.775,223.69,223.745,7066
DDOG,2026-09-09,15:25,223.85,224.05,223.85,224.05,7349
DDOG,2026-09-09,15:26,224.285,224.3,224.26,224.3,3221
DDOG,2026-09-09,15:27,224.3,224.305,224.3,224.3,4869
DDOG,2026-09-09,15:28,224.3,224.41,224.215,224.41,11341
DDOG,2026-09-09,15:29,224.435,224.48,224.37,224.37,6095
DDOG,2026-09-09,15:30,224.49,224.49,224.25,224.25,7081
DDOG,2026-09-09,15:31,224.295,224.52,224.06,224.52,18658
DDOG,2026-09-09,15:32,224.58,224.72,224.53,224.72,7776
DDOG,2026-09-09,15:33,224.59,224.59,224.51,224.57,5263
DDOG,2026-09-09,15:34,224.565,224.65,224.43,224.65,14820
DDOG,2026-09-09,15:35,224.545,224.99,224.545,224.9,14984
DDOG,2026-09-09,15:36,225,225,224.73,224.745,17556
DDOG,2026-09-09,15:37,224.78,224.82,224.78,224.82,5750
DDOG,2026-09-09,15:38,224.86,224.86,224.74,224.815,6764
DDOG,2026-09-09,15:39,224.815,224.815,224.6,224.6,9577
DDOG,2026-09-09,15:40,224.66,224.74,224.58,224.595,8033
DDOG,2026-09-09,15:41,224.71,224.85,224.61,224.775,10827
DDOG,2026-09-09,15:42,224.86,225.055,224.86,224.95,17673
DDOG,2026-09-09,15:43,224.85,224.94,224.68,224.77,8608
DDOG,2026-09-09,15:44,224.69,224.87,224.69,224.87,13012
DDOG,2026-09-09,15:45,224.91,225,224.5523,224.64,13315
DDOG,2026-09-09,15:46,224.51,224.51,224.01,224.19,14840
DDOG,2026-09-09,15:47,224.09,224.32,224.085,224.235,10740
DDOG,2026-09-09,15:48,224.3,224.6,224.3,224.6,12178
DDOG,2026-09-09,15:49,224.49,224.655,224.45,224.61,10457
DDOG,2026-09-09,15:50,224.69,224.84,224.52,224.745,19522
DDOG,2026-09-09,15:51,224.6307,225.05,224.6307,225.05,22212
DDOG,2026-09-09,15:52,225.045,225.125,224.915,224.935,16637
DDOG,2026-09-09,15:53,224.87,224.955,224.67,224.75,29723
DDOG,2026-09-09,15:54,224.67,224.74,224.355,224.67,31615
DDOG,2026-09-09,15:55,224.63,225.64,224.58,225.46,81891
DDOG,2026-09-09,15:56,225.47,225.69,225.3875,225.415,50489
DDOG,2026-09-09,15:57,225.42,225.45,225.05,225.14,61544
DDOG,2026-09-09,15:58,225.19,225.3,225.17,225.25,59433
DDOG,2026-09-09,15:59,225.23,225.33,225.12,225.17,100680
DDOG,2026-09-09,16:00,225.27,225.27,225.27,225.27,0
DDOG,2026-09-10,09:30,221.34,221.745,219.63,220,107419
DDOG,2026-09-10,09:31,220.495,221.9948,220.12,221.9948,9106
DDOG,2026-09-10,09:32,222.39,222.39,219.92,220.205,15715
DDOG,2026-09-10,09:33,219.58,220.82,219.31,219.31,10020
DDOG,2026-09-10,09:34,220.1,221.33,220.1,220.815,8070
DDOG,2026-09-10,09:35,221.33,221.8,221.33,221.8,1960
DDOG,2026-09-10,09:36,221.66,221.92,221.53,221.86,5465
DDOG,2026-09-10,09:37,221.53,221.82,220.26,220.7405,10836
DDOG,2026-09-10,09:38,220.71,221.89,220.71,221.86,6142
DDOG,2026-09-10,09:39,221.885,224,221.885,224,6200
DDOG,2026-09-10,09:40,224,224.375,222.95,222.95,18096
DDOG,2026-09-10,09:41,223.41,223.7,223.29,223.665,2820
DDOG,2026-09-10,09:42,223.73,224.26,223.73,224.065,6014
DDOG,2026-09-10,09:43,224.75,224.99,224.26,224.79,6146
DDOG,2026-09-10,09:44,224.61,224.855,224.2,224.64,7278
DDOG,2026-09-10,09:45,224.46,225.43,224.46,225.43,9864
DDOG,2026-09-10,09:46,225.6417,226.285,225.25,226.285,13944
DDOG,2026-09-10,09:47,226.33,226.3675,225.59,225.93,11891
DDOG,2026-09-10,09:48,225.93,226.14,225.55,225.695,7115
DDOG,2026-09-10,09:49,225.84,227.58,225.84,227.18,16301
DDOG,2026-09-10,09:50,227.32,227.58,226.43,226.49,11264
DDOG,2026-09-10,09:51,226.52,226.52,225.9801,226.175,6270
DDOG,2026-09-10,09:52,226,226.69,225.805,226.48,7147
DDOG,2026-09-10,09:53,226.555,226.555,225.59,225.775,6487
DDOG,2026-09-10,09:54,225.815,226.07,225.25,225.335,8791
DDOG,2026-09-10,09:55,225.29,225.355,224.8,224.94,8689
DDOG,2026-09-10,09:56,224.925,225.23,224.71,225.095,12675
DDOG,2026-09-10,09:57,225.05,225.3724,224.9,224.915,4416
DDOG,2026-09-10,09:58,224.64,224.82,224.52,224.82,2205
DDOG,2026-09-10,09:59,224.83,225.435,224.77,225.435,5429
DDOG,2026-09-10,10:00,225.6,226.46,225.6,226.08,7386
DDOG,2026-09-10,10:01,226.44,226.44,225.83,225.975,4775
DDOG,2026-09-10,10:02,225.9275,225.9275,225.595,225.63,2430
DDOG,2026-09-10,10:03,225.68,226.12,225.59,225.97,4222
DDOG,2026-09-10,10:04,225.955,225.955,225.67,225.7,3419
DDOG,2026-09-10,10:05,225.79,225.79,225.64,225.64,1429
DDOG,2026-09-10,10:06,225.64,226.0973,225.64,225.87,5269
DDOG,2026-09-10,10:07,225.605,225.605,224.91,224.91,4060
DDOG,2026-09-10,10:08,224.77,224.77,224.29,224.29,3354
DDOG,2026-09-10,10:09,224.24,224.27,224.02,224.06,4789
DDOG,2026-09-10,10:10,224.115,224.4,223.96,224.235,7425
DDOG,2026-09-10,10:11,224.257,224.405,224.005,224.28,13406
DDOG,2026-09-10,10:12,224.45,224.54,224,224.1525,4753
DDOG,2026-09-10,10:13,224.37,224.39,224.13,224.31,4229
DDOG,2026-09-10,10:14,224.38,224.38,224.14,224.19,3903
DDOG,2026-09-10,10:15,223.85,224.23,223.72,224.17,7548
DDOG,2026-09-10,10:16,224.07,224.07,223.65,223.85,14481
DDOG,2026-09-10,10:17,223.6,223.6,223.4725,223.4725,2389
DDOG,2026-09-10,10:18,223.44,223.79,223.435,223.79,12845
DDOG,2026-09-10,10:19,223.76,224.1,223.76,223.85,6483
DDOG,2026-09-10,10:20,223.71,223.71,223.71,223.71,577
DDOG,2026-09-10,10:21,224.15,224.26,223.8001,223.8001,2410
DDOG,2026-09-10,10:22,224.0423,224.5399,224.0423,224.5399,3672
DDOG,2026-09-10,10:23,224.52,224.52,224.13,224.48,15564
DDOG,2026-09-10,10:24,224.56,225.14,224.335,225.14,5450
DDOG,2026-09-10,10:25,224.945,225.1,224.72,224.895,11868
DDOG,2026-09-10,10:26,224.8725,224.8725,224.61,224.61,2285
DDOG,2026-09-10,10:27,224.59,224.99,224.372,224.7,2798
DDOG,2026-09-10,10:28,224.7,224.8276,224.43,224.6,4465
DDOG,2026-09-10,10:29,224.715,224.99,224.715,224.99,1612
DDOG,2026-09-10,10:30,224.815,225.1,224.76,224.85,4604
DDOG,2026-09-10,10:31,224.85,225.08,224.85,224.915,1449
DDOG,2026-09-10,10:32,224.77,224.77,224.49,224.61,4609
DDOG,2026-09-10,10:33,224.615,224.78,224.615,224.78,1349
DDOG,2026-09-10,10:34,224.77,225.01,224.59,224.59,5176
DDOG,2026-09-10,10:35,224.62,224.92,224.62,224.8,4515
DDOG,2026-09-10,10:36,224.93,224.93,224.68,224.79,2537
DDOG,2026-09-10,10:37,224.87,224.87,224.55,224.7175,5707
DDOG,2026-09-10,10:38,224.87,225.635,224.87,225.635,15970
DDOG,2026-09-10,10:39,225.625,225.625,225.62,225.62,1539
DDOG,2026-09-10,10:40,225.8,226.05,225.545,226.05,4022
DDOG,2026-09-10,10:41,226.055,226.13,225.8346,225.84,9125
DDOG,2026-09-10,10:42,225.945,226.015,225.77,225.77,2795
DDOG,2026-09-10,10:43,225.57,225.68,225.2572,225.49,4562
DDOG,2026-09-10,10:44,225.545,225.76,225.54,225.76,9436
DDOG,2026-09-10,10:45,225.805,225.83,225.6559,225.6559,2311
DDOG,2026-09-10,10:46,225.74,225.81,225.63,225.745,6569
DDOG,2026-09-10,10:47,225.745,225.745,225.03,225.03,8372
DDOG,2026-09-10,10:48,224.76,225,224.76,225,3417
DDOG,2026-09-10,10:49,224.985,224.985,224.66,224.73,3810
DDOG,2026-09-10,10:50,224.64,224.7,224.61,224.7,4054
DDOG,2026-09-10,10:51,224.49,224.49,224.36,224.48,4760
DDOG,2026-09-10,10:52,224.395,224.81,224.39,224.81,6550
DDOG,2026-09-10,10:53,224.85,224.85,224.85,224.85,1319
DDOG,2026-09-10,10:54,224.595,224.705,224.51,224.695,2540
DDOG,2026-09-10,10:55,224.695,224.73,224.295,224.64,11157
DDOG,2026-09-10,10:56,224.7127,224.97,224.67,224.97,6280
DDOG,2026-09-10,10:57,224.88,225.15,224.81,225.15,5523
DDOG,2026-09-10,10:58,225.16,225.24,225.09,225.09,2324
DDOG,2026-09-10,10:59,225,225.135,224.755,224.905,7498
DDOG,2026-09-10,11:00,224.91,224.97,224.7,224.88,4437
DDOG,2026-09-10,11:01,224.73,224.94,224.73,224.94,3465
DDOG,2026-09-10,11:02,224.8,224.83,224.5,224.67,5995
DDOG,2026-09-10,11:03,224.95,225.08,224.95,225.08,2142
DDOG,2026-09-10,11:04,225.09,225.09,224.53,224.53,6075
DDOG,2026-09-10,11:05,224.42,224.64,224.42,224.42,2550
DDOG,2026-09-10,11:06,224.495,224.55,224.32,224.55,2707
DDOG,2026-09-10,11:07,224.5,224.905,224.5,224.78,5620
DDOG,2026-09-10,11:08,224.78,224.78,224.78,224.78,0
DDOG,2026-09-10,11:09,224.195,224.195,223.8,224,3911
DDOG,2026-09-10,11:10,223.99,224.16,223.98,224.16,3541
DDOG,2026-09-10,11:11,223.85,223.85,223.8,223.8,1923
DDOG,2026-09-10,11:12,224.04,224.04,223.875,223.875,2241
DDOG,2026-09-10,11:13,223.885,223.885,223.68,223.68,2279
DDOG,2026-09-10,11:14,223.66,223.66,223.655,223.655,1449
DDOG,2026-09-10,11:15,223.55,223.59,223.39,223.39,8387
DDOG,2026-09-10,11:16,223.34,223.78,223.24,223.78,13990
DDOG,2026-09-10,11:17,223.63,223.7699,223.55,223.55,2307
DDOG,2026-09-10,11:18,223.75,223.755,223.65,223.65,1525
DDOG,2026-09-10,11:19,223.84,224.3288,223.84,224.27,4656
DDOG,2026-09-10,11:20,224.38,224.38,224.01,224.01,3895
DDOG,2026-09-10,11:21,223.86,223.995,223.86,223.885,1488
DDOG,2026-09-10,11:22,223.885,223.885,223.885,223.885,762
DDOG,2026-09-10,11:23,224.09,224.09,223.74,223.795,2559
DDOG,2026-09-10,11:24,223.75,224.4,223.75,224.255,3454
DDOG,2026-09-10,11:25,224.25,224.255,224.185,224.22,1462
DDOG,2026-09-10,11:26,224.245,224.245,224.245,224.245,944
DDOG,2026-09-10,11:27,224.42,224.56,224.42,224.55,3527
DDOG,2026-09-10,11:28,224.69,225.09,224.65,224.995,6339
DDOG,2026-09-10,11:29,225.04,225.2,224.96,225.2,3846
DDOG,2026-09-10,11:30,225.0851,226.525,225.06,226.45,55133
DDOG,2026-09-10,11:31,226.345,226.38,225.94,225.98,31293
DDOG,2026-09-10,11:32,225.98,225.98,225.745,225.85,6220
DDOG,2026-09-10,11:33,226.1,226.135,226.0101,226.0101,1247
DDOG,2026-09-10,11:34,226.03,226.1,225.93,226.1,8086
DDOG,2026-09-10,11:35,226.1,226.19,226.08,226.105,3671
DDOG,2026-09-10,11:36,226.27,226.69,226.27,226.66,6587
DDOG,2026-09-10,11:37,226.59,226.92,226.4491,226.82,3413
DDOG,2026-09-10,11:38,226.895,226.98,226.79,226.79,3644
DDOG,2026-09-10,11:39,226.67,226.67,226.33,226.36,73949
DDOG,2026-09-10,11:40,226.65,226.65,226.21,226.32,4822
DDOG,2026-09-10,11:41,226.33,226.33,226.2341,226.2341,1280
DDOG,2026-09-10,11:42,226.22,226.5,226.22,226.5,4389
DDOG,2026-09-10,11:43,226.5,226.5,226.5,226.5,0
DDOG,2026-09-10,11:44,226.51,226.58,226.4,226.58,1168
DDOG,2026-09-10,11:45,226.59,226.61,226.32,226.445,6673
DDOG,2026-09-10,11:46,226.325,226.325,226.325,226.325,1026
DDOG,2026-09-10,11:47,226.29,226.415,226.21,226.379,4567
DDOG,2026-09-10,11:48,226.4,226.74,226.3,226.64,12230
DDOG,2026-09-10,11:49,226.47,226.47,226.13,226.13,3131
DDOG,2026-09-10,11:50,226.36,226.36,226.36,226.36,1500
DDOG,2026-09-10,11:51,226.14,226.18,226.13,226.18,1474
DDOG,2026-09-10,11:52,226.18,226.37,226.18,226.33,2636
DDOG,2026-09-10,11:53,226.43,226.43,226.06,226.06,2370
DDOG,2026-09-10,11:54,226.29,226.29,226.29,226.29,639
DDOG,2026-09-10,11:55,226.185,226.24,226.02,226.24,4955
DDOG,2026-09-10,11:56,226.275,226.275,226.275,226.275,1270
DDOG,2026-09-10,11:57,226.24,226.265,226.24,226.265,2023
DDOG,2026-09-10,11:58,226.03,226.03,225.85,225.85,2570
DDOG,2026-09-10,11:59,225.98,225.985,225.765,225.86,2980
DDOG,2026-09-10,12:00,225.75,225.95,225.75,225.94,2381
DDOG,2026-09-10,12:01,225.82,225.82,225.82,225.82,692
DDOG,2026-09-10,12:02,225.82,226.05,225.82,226.05,4305
DDOG,2026-09-10,12:03,225.94,226.145,225.94,225.98,6043
DDOG,2026-09-10,12:04,225.955,225.955,225.955,225.955,521
DDOG,2026-09-10,12:05,225.95,226.02,225.95,226.02,2544
DDOG,2026-09-10,12:06,225.965,225.965,225.85,225.9,2513
DDOG,2026-09-10,12:07,225.97,225.97,225.83,225.83,2180
DDOG,2026-09-10,12:08,225.66,225.7,225.6,225.645,3462
DDOG,2026-09-10,12:09,225.57,225.58,225.42,225.42,1627
DDOG,2026-09-10,12:10,225.485,225.485,225.375,225.375,1316
DDOG,2026-09-10,12:11,225.27,225.33,225.23,225.2604,2396
DDOG,2026-09-10,12:12,225.42,225.42,225.42,225.42,803
DDOG,2026-09-10,12:13,225.23,225.685,225.11,225.58,9314
DDOG,2026-09-10,12:14,225.5925,225.5925,225.43,225.43,1049
DDOG,2026-09-10,12:15,225.5092,225.5092,225.3967,225.3967,3654
DDOG,2026-09-10,12:16,225.55,225.58,225.52,225.52,2039
DDOG,2026-09-10,12:17,225.6452,225.6452,225.47,225.5,3482
DDOG,2026-09-10,12:18,225.495,225.71,225.495,225.71,2828
DDOG,2026-09-10,12:19,225.73,225.97,225.73,225.83,4857
DDOG,2026-09-10,12:20,225.83,225.83,225.83,225.83,0
DDOG,2026-09-10,12:21,225.72,225.94,225.72,225.94,2176
DDOG,2026-09-10,12:22,225.845,225.96,225.81,225.96,2110
DDOG,2026-09-10,12:23,225.95,226.045,225.91,226.045,3597
DDOG,2026-09-10,12:24,225.94,226.01,225.91,226.01,3498
DDOG,2026-09-10,12:25,225.81,225.81,225.81,225.81,1041
DDOG,2026-09-10,12:26,225.8163,225.8163,225.7871,225.7871,1077
DDOG,2026-09-10,12:27,225.88,225.99,225.75,225.99,3545
DDOG,2026-09-10,12:28,225.99,226.57,225.99,226.4,8440
DDOG,2026-09-10,12:29,226.335,226.335,226.335,226.335,2052
DDOG,2026-09-10,12:30,226.335,226.335,226.335,226.335,0
DDOG,2026-09-10,12:31,226.6,226.68,226.57,226.58,2003
DDOG,2026-09-10,12:32,226.48,226.73,226.48,226.73,4434
DDOG,2026-09-10,12:33,226.52,226.52,226.26,226.26,1779
DDOG,2026-09-10,12:34,226.5353,226.5353,226.37,226.38,2161
DDOG,2026-09-10,12:35,226.355,226.355,226.18,226.18,8648
DDOG,2026-09-10,12:36,226.18,226.18,226.18,226.18,0
DDOG,2026-09-10,12:37,226.385,227.04,226.385,226.58,14323
DDOG,2026-09-10,12:38,226.46,226.46,226.395,226.395,2519
DDOG,2026-09-10,12:39,226.395,226.395,226.395,226.395,0
DDOG,2026-09-10,12:40,226.37,226.37,226.37,226.37,5758
DDOG,2026-09-10,12:41,226.15,226.17,226.14,226.17,1734
DDOG,2026-09-10,12:42,226.21,226.215,226.21,226.215,718
DDOG,2026-09-10,12:43,226.42,226.535,226.42,226.5,5905
DDOG,2026-09-10,12:44,226.51,226.51,226.51,226.51,1771
DDOG,2026-09-10,12:45,226.52,226.52,226.52,226.52,1018
DDOG,2026-09-10,12:46,226.52,226.52,226.081,226.19,2481
DDOG,2026-09-10,12:47,226.6,226.715,226.505,226.6,3932
DDOG,2026-09-10,12:48,226.55,226.795,226.55,226.795,2960
DDOG,2026-09-10,12:49,226.85,226.85,226.85,226.85,2524
DDOG,2026-09-10,12:50,226.57,226.57,226.475,226.5417,1921
DDOG,2026-09-10,12:51,226.2408,226.455,226.2408,226.455,2117
DDOG,2026-09-10,12:52,226.67,226.67,226.65,226.67,2968
DDOG,2026-09-10,12:53,226.77,226.77,226.77,226.77,1551
DDOG,2026-09-10,12:54,226.95,226.95,226.95,226.95,1782
DDOG,2026-09-10,12:55,226.95,226.95,226.95,226.95,0
DDOG,2026-09-10,12:56,226.98,226.98,226.73,226.73,2197
DDOG,2026-09-10,12:57,226.73,226.73,226.62,226.62,3155
DDOG,2026-09-10,12:58,226.59,226.59,226.52,226.52,1793
DDOG,2026-09-10,12:59,226.585,226.77,226.585,226.77,1973
DDOG,2026-09-10,13:00,226.63,226.63,226.63,226.63,1073
DDOG,2026-09-10,13:01,226.6919,226.6919,226.25,226.25,1300
DDOG,2026-09-10,13:02,226.27,226.27,226.19,226.235,6711
DDOG,2026-09-10,13:03,226.01,226.01,225.9,226,3102
DDOG,2026-09-10,13:04,225.795,225.795,225.755,225.755,3965
DDOG,2026-09-10,13:05,225.765,225.765,225.765,225.765,820
DDOG,2026-09-10,13:06,225.95,225.97,225.805,225.805,2435
DDOG,2026-09-10,13:07,225.805,226.06,225.805,225.965,2549
DDOG,2026-09-10,13:08,225.75,225.98,225.58,225.58,8409
DDOG,2026-09-10,13:09,225.6,225.6,225.185,225.32,5848
DDOG,2026-09-10,13:10,225.41,225.43,225.41,225.415,3492
DDOG,2026-09-10,13:11,225.415,225.415,225.415,225.415,0
DDOG,2026-09-10,13:12,225.425,225.46,225.4,225.415,3031
DDOG,2026-09-10,13:13,225.415,225.415,225.415,225.415,0
DDOG,2026-09-10,13:14,225.415,225.415,225.415,225.415,0
DDOG,2026-09-10,13:15,225.385,225.54,225.28,225.52,3054
DDOG,2026-09-10,13:16,225.55,225.56,225.55,225.55,5747
DDOG,2026-09-10,13:17,225.55,225.55,225.55,225.55,0
DDOG,2026-09-10,13:18,225.41,225.41,225.41,225.41,1650
DDOG,2026-09-10,13:19,225.41,225.41,225.41,225.41,1787
DDOG,2026-09-10,13:20,225.42,225.42,225.42,225.42,818
DDOG,2026-09-10,13:21,225.55,225.5807,225.44,225.45,6368
DDOG,2026-09-10,13:22,225.5,225.5,225.4,225.4,1330
DDOG,2026-09-10,13:23,225.435,225.45,225.29,225.33,2250
DDOG,2026-09-10,13:24,225.32,225.32,225.175,225.18,4737
DDOG,2026-09-10,13:25,225.1901,225.2514,224.88,224.88,6067
DDOG,2026-09-10,13:26,224.5,224.75,224.5,224.75,1782
DDOG,2026-09-10,13:27,224.735,224.735,224.5402,224.5402,2315
DDOG,2026-09-10,13:28,224.49,224.72,224.49,224.72,3404
DDOG,2026-09-10,13:29,224.63,224.63,224.63,224.63,1307
DDOG,2026-09-10,13:30,224.5,224.59,224.5,224.59,2799
DDOG,2026-09-10,13:31,224.615,224.615,224.615,224.615,409
DDOG,2026-09-10,13:32,224.49,224.565,224.49,224.565,2260
DDOG,2026-09-10,13:33,224.565,224.565,224.565,224.565,0
DDOG,2026-09-10,13:34,224.345,224.345,224.345,224.345,1125
DDOG,2026-09-10,13:35,224.52,224.985,224.49,224.985,10080
DDOG,2026-09-10,13:36,224.98,224.98,224.84,224.84,2845
DDOG,2026-09-10,13:37,224.84,224.84,224.84,224.84,794
DDOG,2026-09-10,13:38,224.73,224.73,224.72,224.72,1603
DDOG,2026-09-10,13:39,224.755,224.755,224.715,224.75,9546
DDOG,2026-09-10,13:40,224.87,224.88,224.73,224.73,1369
DDOG,2026-09-10,13:41,224.73,224.73,224.51,224.65,2608
DDOG,2026-09-10,13:42,224.7,224.7,224.46,224.59,3836
DDOG,2026-09-10,13:43,224.585,224.585,224.5825,224.5825,1765
DDOG,2026-09-10,13:44,224.51,224.51,224.48,224.5,1437
DDOG,2026-09-10,13:45,224.515,224.515,224.48,224.51,2309
DDOG,2026-09-10,13:46,224.62,224.65,224.62,224.65,1851
DDOG,2026-09-10,13:47,224.65,224.65,224.585,224.585,2077
DDOG,2026-09-10,13:48,224.6,224.6,224.4,224.425,2222
DDOG,2026-09-10,13:49,224.22,224.22,224.22,224.22,262
DDOG,2026-09-10,13:50,224.18,224.45,224.18,224.45,2881
DDOG,2026-09-10,13:51,224.485,224.485,224.485,224.485,303
DDOG,2026-09-10,13:52,224.56,224.56,224.455,224.455,2439
DDOG,2026-09-10,13:53,224.4125,224.4125,224.4125,224.4125,365
DDOG,2026-09-10,13:54,224.4175,224.4348,224.215,224.215,3257
DDOG,2026-09-10,13:55,224.215,224.215,224.215,224.215,0
DDOG,2026-09-10,13:56,224.11,224.13,224.11,224.125,808
DDOG,2026-09-10,13:57,224.068,224.13,223.95,224.01,7447
DDOG,2026-09-10,13:58,223.99,224.1,223.99,224.1,3820
DDOG,2026-09-10,13:59,224.005,224.005,223.9401,223.9401,3165
DDOG,2026-09-10,14:00,224.005,224.005,224,224,217
DDOG,2026-09-10,14:01,224,224,223.3475,223.3475,5747
DDOG,2026-09-10,14:02,223.19,223.23,223.19,223.23,2317
DDOG,2026-09-10,14:03,223.16,223.6357,223.16,223.59,21341
DDOG,2026-09-10,14:04,223.61,223.61,223.49,223.6,1368
DDOG,2026-09-10,14:05,223.49,223.49,223.47,223.47,1435
DDOG,2026-09-10,14:06,223.525,223.525,223.47,223.47,2231
DDOG,2026-09-10,14:07,223.435,223.53,223.435,223.48,3650
DDOG,2026-09-10,14:08,223.48,223.52,223.48,223.52,884
DDOG,2026-09-10,14:09,223.52,223.52,223.335,223.42,2236
DDOG,2026-09-10,14:10,223.325,223.325,223.23,223.275,1753
DDOG,2026-09-10,14:11,223.275,223.39,223.2,223.2,1890
DDOG,2026-09-10,14:12,223.39,223.43,223.31,223.31,3357
DDOG,2026-09-10,14:13,223.42,223.58,223.42,223.58,2795
DDOG,2026-09-10,14:14,223.69,223.7,223.64,223.7,1730
DDOG,2026-09-10,14:15,223.74,223.78,223.7,223.717,2435
DDOG,2026-09-10,14:16,223.64,223.77,223.64,223.685,2361
DDOG,2026-09-10,14:17,223.6525,223.675,223.6525,223.675,2183
DDOG,2026-09-10,14:18,223.79,223.79,223.675,223.68,2365
DDOG,2026-09-10,14:19,223.68,223.68,223.68,223.68,0
DDOG,2026-09-10,14:20,223.68,223.69,223.58,223.69,1548
DDOG,2026-09-10,14:21,223.67,223.67,223.59,223.59,1149
DDOG,2026-09-10,14:22,223.68,223.68,223.68,223.68,858
DDOG,2026-09-10,14:23,223.57,223.57,223.55,223.55,2230
DDOG,2026-09-10,14:24,223.48,223.48,223.48,223.48,1299
DDOG,2026-09-10,14:25,223.505,223.67,223.505,223.54,3954
DDOG,2026-09-10,14:26,223.53,223.61,223.44,223.44,1395
DDOG,2026-09-10,14:27,223.52,223.54,223.5,223.54,1411
DDOG,2026-09-10,14:28,223.4583,223.515,223.35,223.4625,1409
DDOG,2026-09-10,14:29,223.485,223.4989,223.485,223.495,1872
DDOG,2026-09-10,14:30,223.485,223.485,223.485,223.485,487
DDOG,2026-09-10,14:31,223.48,223.485,223.48,223.485,1990
DDOG,2026-09-10,14:32,223.38,223.38,223.38,223.38,802
DDOG,2026-09-10,14:33,223.455,223.4701,223.35,223.385,3340
DDOG,2026-09-10,14:34,223.39,223.53,223.39,223.53,6345
DDOG,2026-09-10,14:35,223.53,223.53,223.53,223.53,1174
DDOG,2026-09-10,14:36,223.7,223.83,223.67,223.72,9101
DDOG,2026-09-10,14:37,223.8,223.8795,223.65,223.65,2236
DDOG,2026-09-10,14:38,223.7788,223.7788,223.65,223.65,2784
DDOG,2026-09-10,14:39,223.74,223.78,223.705,223.74,4578
DDOG,2026-09-10,14:40,223.64,223.64,223.6,223.615,2213
DDOG,2026-09-10,14:41,223.67,223.72,223.645,223.6601,4708
DDOG,2026-09-10,14:42,223.6601,223.6601,223.6601,223.6601,0
DDOG,2026-09-10,14:43,223.68,223.94,223.68,223.935,5584
DDOG,2026-09-10,14:44,223.935,223.935,223.935,223.935,1235
DDOG,2026-09-10,14:45,223.88,223.91,223.83,223.83,4418
DDOG,2026-09-10,14:46,223.895,224,223.895,223.9,3002
DDOG,2026-09-10,14:47,223.8,223.9,223.79,223.9,2577
DDOG,2026-09-10,14:48,223.84,223.84,223.73,223.8,3342
DDOG,2026-09-10,14:49,223.88,223.88,223.88,223.88,1100
DDOG,2026-09-10,14:50,223.82,223.825,223.6653,223.6653,3567
DDOG,2026-09-10,14:51,223.91,223.91,223.77,223.77,1402
DDOG,2026-09-10,14:52,223.85,223.88,223.71,223.88,3096
DDOG,2026-09-10,14:53,223.855,223.91,223.7401,223.86,1869
DDOG,2026-09-10,14:54,223.86,223.865,223.76,223.76,1889
DDOG,2026-09-10,14:55,223.71,223.82,223.71,223.82,1761
DDOG,2026-09-10,14:56,223.82,223.82,223.82,223.82,1076
DDOG,2026-09-10,14:57,223.76,223.845,223.72,223.73,2025
DDOG,2026-09-10,14:58,223.82,223.82,223.7,223.77,2840
DDOG,2026-09-10,14:59,223.775,223.93,223.775,223.81,3649
DDOG,2026-09-10,15:00,223.87,224.155,223.87,224.12,5956
DDOG,2026-09-10,15:01,224.18,224.22,224.115,224.22,2571
DDOG,2026-09-10,15:02,224.17,224.17,224.13,224.13,833
DDOG,2026-09-10,15:03,224.17,224.17,224.085,224.085,1741
DDOG,2026-09-10,15:04,224.09,224.09,224.03,224.06,1560
DDOG,2026-09-10,15:05,224.16,224.17,224.03,224.06,2806
DDOG,2026-09-10,15:06,223.99,223.99,223.975,223.975,872
DDOG,2026-09-10,15:07,224.08,224.19,224.08,224.14,3808
DDOG,2026-09-10,15:08,224.185,224.27,224.185,224.27,1754
DDOG,2026-09-10,15:09,224.25,224.38,224.25,224.38,2826
DDOG,2026-09-10,15:10,224.43,224.47,224.335,224.47,2230
DDOG,2026-09-10,15:11,224.41,224.41,224.19,224.21,2067
DDOG,2026-09-10,15:12,224.315,224.32,224.315,224.32,1141
DDOG,2026-09-10,15:13,224.37,224.37,224.255,224.255,1066
DDOG,2026-09-10,15:14,224.2475,224.2475,224,224,2384
DDOG,2026-09-10,15:15,224.015,224.015,224.015,224.015,1306
DDOG,2026-09-10,15:16,224.015,224.02,223.975,223.975,1423
DDOG,2026-09-10,15:17,223.85,223.85,223.765,223.765,1480
DDOG,2026-09-10,15:18,223.7,223.745,223.7,223.745,2233
DDOG,2026-09-10,15:19,223.68,223.83,223.67,223.68,6645
DDOG,2026-09-10,15:20,223.74,223.74,223.65,223.65,745
DDOG,2026-09-10,15:21,223.635,223.8,223.635,223.8,2772
DDOG,2026-09-10,15:22,223.83,223.83,223.81,223.81,1530
DDOG,2026-09-10,15:23,223.81,223.83,223.75,223.83,3310
DDOG,2026-09-10,15:24,223.91,223.94,223.9,223.925,4040
DDOG,2026-09-10,15:25,223.96,223.96,223.7,223.7,2280
DDOG,2026-09-10,15:26,223.67,223.67,223.44,223.525,2700
DDOG,2026-09-10,15:27,223.49,223.64,223.44,223.62,4710
DDOG,2026-09-10,15:28,223.65,223.65,223.56,223.56,1153
DDOG,2026-09-10,15:29,223.61,223.68,223.38,223.38,2624
DDOG,2026-09-10,15:30,223.435,223.53,223.3,223.51,7454
DDOG,2026-09-10,15:31,223.47,223.5,223.3,223.44,13011
DDOG,2026-09-10,15:32,223.52,223.585,223.51,223.51,4996
DDOG,2026-09-10,15:33,223.46,223.46,223.24,223.31,2329
DDOG,2026-09-10,15:34,223.45,223.45,223.35,223.435,2034
DDOG,2026-09-10,15:35,223.42,223.445,223.36,223.36,2702
DDOG,2026-09-10,15:36,223.38,223.47,223.34,223.42,6218
DDOG,2026-09-10,15:37,223.3875,223.3875,223.24,223.24,2200
DDOG,2026-09-10,15:38,223.27,223.44,223.27,223.42,5989
DDOG,2026-09-10,15:39,223.375,223.4,223.33,223.4,1387
DDOG,2026-09-10,15:40,223.45,223.47,223.34,223.34,5900
DDOG,2026-09-10,15:41,223.34,223.39,223.34,223.365,3430
DDOG,2026-09-10,15:42,223.37,223.37,223.21,223.215,5555
DDOG,2026-09-10,15:43,223.215,223.4168,223.215,223.24,13577
DDOG,2026-09-10,15:44,223.295,223.56,223.29,223.53,4814
DDOG,2026-09-10,15:45,223.535,223.91,223.535,223.86,18384
DDOG,2026-09-10,15:46,223.92,223.94,223.82,223.9,4708
DDOG,2026-09-10,15:47,223.78,224.02,223.78,223.84,8757
DDOG,2026-09-10,15:48,223.79,223.81,223.7,223.735,4534
DDOG,2026-09-10,15:49,223.79,223.79,223.43,223.5,6775
DDOG,2026-09-10,15:50,223.38,223.47,222.83,222.89,16335
DDOG,2026-09-10,15:51,222.7801,222.88,222.57,222.72,18490
DDOG,2026-09-10,15:52,222.65,222.71,222.45,222.61,16227
DDOG,2026-09-10,15:53,222.665,222.6675,222.5,222.64,15640
DDOG,2026-09-10,15:54,222.53,222.73,222.49,222.73,21090
DDOG,2026-09-10,15:55,222.73,222.83,222.52,222.595,32924
DDOG,2026-09-10,15:56,222.63,222.7,222.23,222.25,29706
DDOG,2026-09-10,15:57,222.25,222.33,221.98,222.03,38468
DDOG,2026-09-10,15:58,222.12,222.16,221.91,221.92,50672
DDOG,2026-09-10,15:59,221.925,222.01,221.49,221.71,102342
DDOG,2026-09-10,16:00,221.72,221.72,221.72,221.72,0
DDOG,2026-09-11,09:30,221.72,221.72,219.3,220.935,46758
DDOG,2026-09-11,09:31,221.07,221.64,221.07,221.425,1858
DDOG,2026-09-11,09:32,221.525,223.5,221.525,222.99,3155
DDOG,2026-09-11,09:33,222.98,222.98,222.775,222.775,3396
DDOG,2026-09-11,09:34,222.685,222.685,221.865,222.16,4691
DDOG,2026-09-11,09:35,221.29,221.695,221.29,221.695,1678
DDOG,2026-09-11,09:36,221.1729,221.75,221.05,221.07,8429
DDOG,2026-09-11,09:37,220.51,221.16,220.51,220.93,3939
DDOG,2026-09-11,09:38,221.25,221.255,221.03,221.03,5083
DDOG,2026-09-11,09:39,221.3,221.3,219.18,219.29,9537
DDOG,2026-09-11,09:40,219.04,219.04,218.4,218.4,6567
DDOG,2026-09-11,09:41,218.505,220.25,218.28,220.0188,7968
DDOG,2026-09-11,09:42,220.08,220.34,219.62,219.62,13943
DDOG,2026-09-11,09:43,218.92,219.15,218.87,219.15,3445
DDOG,2026-09-11,09:44,219.135,219.15,219.135,219.15,1084
DDOG,2026-09-11,09:45,219.15,219.88,219,219.88,4995
DDOG,2026-09-11,09:46,219.74,219.74,219.48,219.48,2955
DDOG,2026-09-11,09:47,219.73,220.18,219.73,220.15,3219
DDOG,2026-09-11,09:48,220.8279,220.8279,220.12,220.675,7787
DDOG,2026-09-11,09:49,220.3001,221.9999,220.3001,221.9999,5572
DDOG,2026-09-11,09:50,222.41,222.88,222.4,222.4,2706
DDOG,2026-09-11,09:51,222.645,223.2698,222.5273,222.995,3102
DDOG,2026-09-11,09:52,222.995,224.05,222.995,224.05,5485
DDOG,2026-09-11,09:53,223.96,224.08,223.58,223.58,5178
DDOG,2026-09-11,09:54,223.79,224.275,223.79,224.275,3194
DDOG,2026-09-11,09:55,224.54,224.75,224.445,224.445,4495
DDOG,2026-09-11,09:56,224.58,225.31,224.53,225.07,4915
DDOG,2026-09-11,09:57,224.89,224.89,224.3082,224.3082,2606
DDOG,2026-09-11,09:58,224.02,224.02,224,224,822
DDOG,2026-09-11,09:59,224.49,225.02,224.49,225.02,6196
DDOG,2026-09-11,10:00,225.29,225.29,224.37,224.41,2255
DDOG,2026-09-11,10:01,224.11,224.15,224.04,224.095,2754
DDOG,2026-09-11,10:02,224.095,224.095,223.89,223.985,4131
DDOG,2026-09-11,10:03,223.65,223.99,223.18,223.48,2789
DDOG,2026-09-11,10:04,223.11,223.24,222.84,223.24,2562
DDOG,2026-09-11,10:05,222.805,222.805,222.41,222.5,1518
DDOG,2026-09-11,10:06,222.46,222.46,222.23,222.335,5065
DDOG,2026-09-11,10:07,222.24,222.24,222.24,222.24,1118
DDOG,2026-09-11,10:08,222.195,222.195,222.01,222.01,1073
DDOG,2026-09-11,10:09,222.13,222.39,222.125,222.345,8767
DDOG,2026-09-11,10:10,222.25,222.69,222.25,222.61,3278
DDOG,2026-09-11,10:11,222.33,222.42,222.01,222.29,2738
DDOG,2026-09-11,10:12,222.155,222.155,222.09,222.09,1259
DDOG,2026-09-11,10:13,222.2899,222.29,221.891,221.891,5517
DDOG,2026-09-11,10:14,221.67,221.735,221.5,221.715,3366
DDOG,2026-09-11,10:15,221.83,221.83,220.5525,220.5525,3475
DDOG,2026-09-11,10:16,220.58,220.7325,220.545,220.64,1389
DDOG,2026-09-11,10:17,220.49,220.555,220.22,220.22,2156
DDOG,2026-09-11,10:18,220.4,220.6,220.3,220.6,2720
DDOG,2026-09-11,10:19,220.445,220.4554,220.445,220.4554,1445
DDOG,2026-09-11,10:20,220.45,220.49,220.45,220.49,1547
DDOG,2026-09-11,10:21,220.5815,220.81,220.5815,220.765,1759
DDOG,2026-09-11,10:22,220.85,220.985,220.69,220.78,3271
DDOG,2026-09-11,10:23,220.65,220.67,220.5,220.67,1666
DDOG,2026-09-11,10:24,220.89,220.99,220.71,220.71,1744
DDOG,2026-09-11,10:25,220.81,221,220.77,220.77,3723
DDOG,2026-09-11,10:26,220.775,220.775,220.77,220.77,1662
DDOG,2026-09-11,10:27,220.775,220.8,220.6,220.6,1718
DDOG,2026-09-11,10:28,220.68,220.71,220.51,220.55,3754
DDOG,2026-09-11,10:29,220.55,220.565,220.13,220.205,7049
DDOG,2026-09-11,10:30,220.39,221.2,220.39,221.2,4030
DDOG,2026-09-11,10:31,221.61,221.81,221.61,221.685,1655
DDOG,2026-09-11,10:32,221.66,221.89,221.655,221.89,4382
DDOG,2026-09-11,10:33,221.675,222.31,221.675,222.31,4444
DDOG,2026-09-11,10:34,222.34,222.53,222.04,222.195,8007
DDOG,2026-09-11,10:35,222.195,222.25,221.4,221.56,5245
DDOG,2026-09-11,10:36,221.3,221.495,221.22,221.36,2512
DDOG,2026-09-11,10:37,221.35,221.485,221.35,221.445,954
DDOG,2026-09-11,10:38,221.32,221.32,220.635,220.635,4629
DDOG,2026-09-11,10:39,220.42,220.625,220.42,220.565,2138
DDOG,2026-09-11,10:40,220.805,220.855,220.805,220.855,1337
DDOG,2026-09-11,10:41,220.855,220.855,220.795,220.83,1443
DDOG,2026-09-11,10:42,220.76,220.84,220.6,220.775,1501
DDOG,2026-09-11,10:43,220.7,220.7,219.91,219.93,8152
DDOG,2026-09-11,10:44,220.04,220.23,220.04,220.085,10327
DDOG,2026-09-11,10:45,220.075,220.075,219.79,220,7231
DDOG,2026-09-11,10:46,220.16,220.16,219.935,219.985,12562
DDOG,2026-09-11,10:47,220.28,220.28,220.28,220.28,542
DDOG,2026-09-11,10:48,220.15,220.43,220.15,220.42,3166
DDOG,2026-09-11,10:49,220.425,220.59,220.42,220.59,2485
DDOG,2026-09-11,10:50,220.425,220.425,220.385,220.385,1024
DDOG,2026-09-11,10:51,220.165,220.73,220.165,220.695,3546
DDOG,2026-09-11,10:52,220.81,220.81,220.81,220.81,2061
DDOG,2026-09-11,10:53,220.45,220.62,220.45,220.62,392
DDOG,2026-09-11,10:54,220.45,220.71,220.45,220.71,904
DDOG,2026-09-11,10:55,220.8,220.8,220.381,220.381,2859
DDOG,2026-09-11,10:56,220.8,220.8,220.73,220.73,749
DDOG,2026-09-11,10:57,220.59,220.59,220.5,220.51,2520
DDOG,2026-09-11,10:58,220.43,220.51,220.34,220.505,1722
DDOG,2026-09-11,10:59,220.495,220.67,220.495,220.6,3838
DDOG,2026-09-11,11:00,220.67,220.67,220.66,220.66,1675
DDOG,2026-09-11,11:01,220.685,220.685,220.645,220.645,1595
DDOG,2026-09-11,11:02,220.525,220.525,220.525,220.525,957
DDOG,2026-09-11,11:03,220.465,220.465,220.15,220.15,3201
DDOG,2026-09-11,11:04,220.485,220.485,220.485,220.485,537
DDOG,2026-09-11,11:05,220.465,220.56,220.465,220.56,1548
DDOG,2026-09-11,11:06,220.44,220.44,220.25,220.32,1307
DDOG,2026-09-11,11:07,220.385,220.435,220.29,220.435,3591
DDOG,2026-09-11,11:08,220.32,220.32,220.18,220.18,1159
DDOG,2026-09-11,11:09,220.06,220.18,219.9911,220.18,3034
DDOG,2026-09-11,11:10,220.09,220.09,219.8,219.8,3070
DDOG,2026-09-11,11:11,219.79,219.84,219.74,219.74,4881
DDOG,2026-09-11,11:12,219.7375,220.15,219.7375,220.15,4481
DDOG,2026-09-11,11:13,220.12,220.12,220.12,220.12,740
DDOG,2026-09-11,11:14,220.115,220.115,219.91,219.91,2692
DDOG,2026-09-11,11:15,219.43,219.43,219.43,219.43,1720
DDOG,2026-09-11,11:16,219.445,219.56,219.16,219.38,5757
DDOG,2026-09-11,11:17,219.54,219.54,219.39,219.39,2885
DDOG,2026-09-11,11:18,219.39,219.39,219.39,219.39,0
DDOG,2026-09-11,11:19,219.3798,219.3798,219.23,219.3125,2563
DDOG,2026-09-11,11:20,219.31,219.31,219.31,219.31,941
DDOG,2026-09-11,11:21,219.265,219.31,219.265,219.31,2710
DDOG,2026-09-11,11:22,219.69,219.87,219.69,219.87,1610
DDOG,2026-09-11,11:23,220.112,220.18,220.01,220.01,3823
DDOG,2026-09-11,11:24,219.95,220.15,219.83,220.15,2837
DDOG,2026-09-11,11:25,220.01,220.32,219.9,220.32,5237
DDOG,2026-09-11,11:26,220.56,220.56,220.56,220.56,1474
DDOG,2026-09-11,11:27,220.63,220.63,220.63,220.63,889
DDOG,2026-09-11,11:28,220.8,220.8,220.8,220.8,838
DDOG,2026-09-11,11:29,220.7,220.86,220.5901,220.86,3303
DDOG,2026-09-11,11:30,220.92,221.04,220.92,221.04,5256
DDOG,2026-09-11,11:31,221.04,221.04,221.04,221.04,0
DDOG,2026-09-11,11:32,221.08,221.08,221,221,386
DDOG,2026-09-11,11:33,221.085,221.3,221.085,221.3,3513
DDOG,2026-09-11,11:34,221.1,221.125,220.97,220.97,1524
DDOG,2026-09-11,11:35,220.94,221.085,220.81,220.9,1236
DDOG,2026-09-11,11:36,220.6301,221,220.6301,220.965,3340
DDOG,2026-09-11,11:37,220.965,220.965,220.965,220.965,0
DDOG,2026-09-11,11:38,220.99,220.99,220.79,220.82,1354
DDOG,2026-09-11,11:39,220.6,220.66,220.31,220.31,1969
DDOG,2026-09-11,11:40,220.41,220.41,220.28,220.345,1197
DDOG,2026-09-11,11:41,220.345,220.345,220.345,220.345,1335
DDOG,2026-09-11,11:42,220.68,220.68,220.68,220.68,1590
DDOG,2026-09-11,11:43,220.835,220.835,220.835,220.835,3750
DDOG,2026-09-11,11:44,220.835,220.835,220.835,220.835,0
DDOG,2026-09-11,11:45,221.29,221.525,221.29,221.525,3809
DDOG,2026-09-11,11:46,221.66,221.69,221.46,221.4602,3021
DDOG,2026-09-11,11:47,221.68,221.7,221.54,221.7,2192
DDOG,2026-09-11,11:48,221.99,221.99,221.69,221.73,7250
DDOG,2026-09-11,11:49,221.7802,221.7802,221.25,221.345,4421
DDOG,2026-09-11,11:50,221.345,221.345,221.345,221.345,1605
DDOG,2026-09-11,11:51,221.34,221.49,221.26,221.49,1379
DDOG,2026-09-11,11:52,221.36,221.36,221.36,221.36,688
DDOG,2026-09-11,11:53,221.22,221.32,221.22,221.32,1825
DDOG,2026-09-11,11:54,221.32,221.4093,221.32,221.38,2210
DDOG,2026-09-11,11:55,221.2966,221.59,221.2966,221.59,1284
DDOG,2026-09-11,11:56,221.545,221.545,221.545,221.545,1168
DDOG,2026-09-11,11:57,221.64,221.64,221.4853,221.4853,1116
DDOG,2026-09-11,11:58,221.41,221.41,221.34,221.38,2557
DDOG,2026-09-11,11:59,221.49,221.59,221.49,221.55,1081
DDOG,2026-09-11,12:00,221.55,222.23,221.45,222.205,9605
DDOG,2026-09-11,12:01,222.205,222.205,222.195,222.195,1052
DDOG,2026-09-11,12:02,222.24,222.79,222.24,222.7,6430
DDOG,2026-09-11,12:03,222.84,222.85,222.5938,222.7323,3390
DDOG,2026-09-11,12:04,222.73,222.86,222.73,222.84,2150
DDOG,2026-09-11,12:05,222.88,222.88,222.875,222.88,1211
DDOG,2026-09-11,12:06,222.77,222.77,222.32,222.46,5245
DDOG,2026-09-11,12:07,222.39,222.55,222.39,222.395,1564
DDOG,2026-09-11,12:08,222.22,222.24,222.22,222.24,1826
DDOG,2026-09-11,12:09,222.36,222.4,222.295,222.295,2375
DDOG,2026-09-11,12:10,222.07,222.07,221.87,221.87,3228
DDOG,2026-09-11,12:11,221.67,221.835,221.67,221.835,1186
DDOG,2026-09-11,12:12,221.81,221.9,221.81,221.81,1008
DDOG,2026-09-11,12:13,221.78,221.8,221.49,221.49,1449
DDOG,2026-09-11,12:14,221.51,221.84,221.51,221.775,4230
DDOG,2026-09-11,12:15,221.855,221.855,221.855,221.855,1133
DDOG,2026-09-11,12:16,221.96,221.96,221.96,221.96,499
DDOG,2026-09-11,12:17,221.86,221.86,221.86,221.86,2062
DDOG,2026-09-11,12:18,221.86,221.86,221.86,221.86,0
DDOG,2026-09-11,12:19,221.853,221.98,221.853,221.98,1625
DDOG,2026-09-11,12:20,222.315,222.315,222.315,222.315,348
DDOG,2026-09-11,12:21,222.315,222.315,222.12,222.12,1627
DDOG,2026-09-11,12:22,222.28,222.4,222.28,222.4,959
DDOG,2026-09-11,12:23,222.3,222.3,222.3,222.3,1367
DDOG,2026-09-11,12:24,222.15,222.15,222.15,222.15,1213
DDOG,2026-09-11,12:25,222.25,222.25,222.25,222.25,887
DDOG,2026-09-11,12:26,222.13,222.13,222.07,222.07,1970
DDOG,2026-09-11,12:27,222,222,222,222,1484
DDOG,2026-09-11,12:28,221.93,221.96,221.91,221.96,1771
DDOG,2026-09-11,12:29,221.84,221.84,221.7,221.7,1483
DDOG,2026-09-11,12:30,221.79,221.79,221.6,221.6,2235
DDOG,2026-09-11,12:31,221.65,221.65,221.545,221.545,1753
DDOG,2026-09-11,12:32,221.545,221.545,221.545,221.545,901
DDOG,2026-09-11,12:33,221.66,221.66,221.57,221.57,2249
DDOG,2026-09-11,12:34,221.625,221.82,221.625,221.635,1385
DDOG,2026-09-11,12:35,221.82,221.82,221.745,221.755,1612
DDOG,2026-09-11,12:36,221.765,221.765,221.7,221.765,1828
DDOG,2026-09-11,12:37,221.765,221.765,221.765,221.765,0
DDOG,2026-09-11,12:38,221.775,221.775,221.6676,221.6676,1560
DDOG,2026-09-11,12:39,221.88,221.88,221.7801,221.7801,2111
DDOG,2026-09-11,12:40,221.82,221.82,221.82,221.82,395
DDOG,2026-09-11,12:41,221.71,221.74,221.55,221.55,2290
DDOG,2026-09-11,12:42,221.67,221.67,221.39,221.39,2276
DDOG,2026-09-11,12:43,221.515,221.56,221.46,221.46,1010
DDOG,2026-09-11,12:44,221.545,221.55,221.545,221.55,1263
DDOG,2026-09-11,12:45,221.4,221.755,221.4,221.755,2670
DDOG,2026-09-11,12:46,221.76,221.76,221.4901,221.4901,1823
DDOG,2026-09-11,12:47,221.86,221.86,221.86,221.86,1219
DDOG,2026-09-11,12:48,221.93,221.93,221.78,221.78,911
DDOG,2026-09-11,12:49,221.805,221.805,221.805,221.805,647
DDOG,2026-09-11,12:50,221.99,221.99,221.77,221.87,1039
DDOG,2026-09-11,12:51,221.82,221.82,221.68,221.68,2066
DDOG,2026-09-11,12:52,221.72,221.72,221.72,221.72,818
DDOG,2026-09-11,12:53,221.72,221.72,221.72,221.72,363
DDOG,2026-09-11,12:54,221.6001,221.6001,221.6,221.6,1889
DDOG,2026-09-11,12:55,221.6,221.6,221.6,221.6,0
DDOG,2026-09-11,12:56,221.745,221.7875,221.62,221.62,8503
DDOG,2026-09-11,12:57,221.63,221.63,221.58,221.58,256
DDOG,2026-09-11,12:58,221.5705,221.5705,221.5705,221.5705,166
DDOG,2026-09-11,12:59,221.57,221.57,221.57,221.57,854
DDOG,2026-09-11,13:00,221.65,221.75,221.65,221.75,1803
DDOG,2026-09-11,13:01,221.775,221.775,221.775,221.775,557
DDOG,2026-09-11,13:02,221.71,221.71,221.53,221.53,3601
DDOG,2026-09-11,13:03,221.53,221.53,221.53,221.53,0
DDOG,2026-09-11,13:04,221.655,221.655,221.655,221.655,1048
DDOG,2026-09-11,13:05,221.42,221.42,221.405,221.405,1394
DDOG,2026-09-11,13:06,221.305,221.3225,221.13,221.3075,1242
DDOG,2026-09-11,13:07,221.295,221.46,221.295,221.38,2586
DDOG,2026-09-11,13:08,221.275,221.42,221.275,221.42,1688
DDOG,2026-09-11,13:09,221.375,221.375,221.375,221.375,1099
DDOG,2026-09-11,13:10,221.41,221.465,221.41,221.465,6193
DDOG,2026-09-11,13:11,221.455,221.455,221.455,221.455,1165
DDOG,2026-09-11,13:12,221.41,221.535,221.3301,221.47,2031
DDOG,2026-09-11,13:13,221.47,221.47,221.47,221.47,1235
DDOG,2026-09-11,13:14,221.33,221.33,221.26,221.26,1370
DDOG,2026-09-11,13:15,221.27,221.365,221.27,221.365,594
DDOG,2026-09-11,13:16,221.46,221.515,221.44,221.44,1912
DDOG,2026-09-11,13:17,221.41,221.495,221.36,221.36,1317
DDOG,2026-09-11,13:18,221.41,221.41,221.41,221.41,473
DDOG,2026-09-11,13:19,221.52,221.55,221.49,221.535,2051
DDOG,2026-09-11,13:20,221.47,221.73,221.47,221.73,3004
DDOG,2026-09-11,13:21,221.75,221.75,221.75,221.75,1411
DDOG,2026-09-11,13:22,221.57,221.57,221.57,221.57,648
DDOG,2026-09-11,13:23,221.575,221.575,221.575,221.575,1138
DDOG,2026-09-11,13:24,221.41,221.51,221.4,221.45,4318
DDOG,2026-09-11,13:25,221.37,221.375,221.36,221.375,1119
DDOG,2026-09-11,13:26,221.36,221.36,221.36,221.36,2704
DDOG,2026-09-11,13:27,221.47,221.47,221.36,221.36,2334
DDOG,2026-09-11,13:28,221.36,221.36,221.25,221.25,2152
DDOG,2026-09-11,13:29,221.24,221.24,221.13,221.13,2194
DDOG,2026-09-11,13:30,221.1001,221.1001,220.8,220.9,2406
DDOG,2026-09-11,13:31,220.8,220.8,220.68,220.68,3619
DDOG,2026-09-11,13:32,220.72,220.915,220.71,220.915,2807
DDOG,2026-09-11,13:33,220.745,220.7775,220.72,220.745,1518
DDOG,2026-09-11,13:34,220.7775,220.7775,220.76,220.76,893
DDOG,2026-09-11,13:35,220.725,220.725,220.6,220.6,1021
DDOG,2026-09-11,13:36,220.695,220.81,220.695,220.81,1339
DDOG,2026-09-11,13:37,220.84,220.97,220.46,220.46,16254
DDOG,2026-09-11,13:38,220.67,220.67,220.42,220.47,3412
DDOG,2026-09-11,13:39,220.47,220.47,220.47,220.47,0
DDOG,2026-09-11,13:40,220.54,220.54,220.54,220.54,1136
DDOG,2026-09-11,13:41,220.51,220.51,220.51,220.51,560
DDOG,2026-09-11,13:42,220.5,220.545,220.5,220.545,1033
DDOG,2026-09-11,13:43,220.65,220.65,220.65,220.65,1150
DDOG,2026-09-11,13:44,220.5951,220.7264,220.5951,220.7264,1010
DDOG,2026-09-11,13:45,220.6,220.6,220.595,220.595,691
DDOG,2026-09-11,13:46,220.615,220.69,220.615,220.67,784
DDOG,2026-09-11,13:47,220.65,220.78,220.65,220.78,2116
DDOG,2026-09-11,13:48,220.715,220.84,220.66,220.66,2722
DDOG,2026-09-11,13:49,220.65,220.65,220.65,220.65,1580
DDOG,2026-09-11,13:50,220.75,220.75,220.75,220.75,702
DDOG,2026-09-11,13:51,220.7,220.7,220.7,220.7,695
DDOG,2026-09-11,13:52,220.56,220.665,220.56,220.57,1113
DDOG,2026-09-11,13:53,220.645,220.75,220.645,220.75,2225
DDOG,2026-09-11,13:54,220.72,220.72,220.72,220.72,814
DDOG,2026-09-11,13:55,220.665,220.665,220.665,220.665,716
DDOG,2026-09-11,13:56,220.55,220.58,220.55,220.58,1242
DDOG,2026-09-11,13:57,220.47,220.57,220.43,220.43,2115
DDOG,2026-09-11,13:58,220.37,220.37,220.14,220.14,2294
DDOG,2026-09-11,13:59,220.01,220.21,220.01,220.21,10363
DDOG,2026-09-11,14:00,220.335,220.4092,220.335,220.4092,884
DDOG,2026-09-11,14:01,220.43,220.43,220.43,220.43,364
DDOG,2026-09-11,14:02,220.41,220.41,220.29,220.29,1851
DDOG,2026-09-11,14:03,220.365,220.42,220.365,220.4075,2376
DDOG,2026-09-11,14:04,220.485,220.56,220.485,220.56,1475
DDOG,2026-09-11,14:05,220.625,220.625,220.625,220.625,578
DDOG,2026-09-11,14:06,220.66,220.94,220.63,220.92,5858
DDOG,2026-09-11,14:07,221.025,221.025,220.8,220.82,2801
DDOG,2026-09-11,14:08,220.82,220.9299,220.72,220.9299,1168
DDOG,2026-09-11,14:09,220.8,220.8,220.66,220.755,3950
DDOG,2026-09-11,14:10,220.755,220.755,220.755,220.755,2128
DDOG,2026-09-11,14:11,220.755,220.755,220.755,220.755,0
DDOG,2026-09-11,14:12,220.9753,220.9753,220.9375,220.9375,1049
DDOG,2026-09-11,14:13,220.96,220.96,220.67,220.67,2913
DDOG,2026-09-11,14:14,220.7525,220.7525,220.7525,220.7525,511
DDOG,2026-09-11,14:15,220.63,220.63,220.58,220.58,1534
DDOG,2026-09-11,14:16,220.48,220.6,220.48,220.6,2748
DDOG,2026-09-11,14:17,220.605,220.605,220.38,220.415,3429
DDOG,2026-09-11,14:18,220.4875,220.4875,220.4875,220.4875,735
DDOG,2026-09-11,14:19,220.485,220.485,220.38,220.485,1747
DDOG,2026-09-11,14:20,220.4775,220.615,220.4775,220.49,6150
DDOG,2026-09-11,14:21,220.49,220.495,220.42,220.495,3111
DDOG,2026-09-11,14:22,220.495,220.495,220.495,220.495,0
DDOG,2026-09-11,14:23,220.51,220.51,220.51,220.51,945
DDOG,2026-09-11,14:24,220.53,220.535,220.45,220.45,751
DDOG,2026-09-11,14:25,220.5,220.5,220.42,220.42,1792
DDOG,2026-09-11,14:26,220.49,220.49,220.41,220.49,3229
DDOG,2026-09-11,14:27,220.57,220.62,220.55,220.55,2125
DDOG,2026-09-11,14:28,220.69,220.69,220.69,220.69,843
DDOG,2026-09-11,14:29,220.74,220.965,220.74,220.895,2400
DDOG,2026-09-11,14:30,220.93,220.93,220.79,220.79,1129
DDOG,2026-09-11,14:31,220.805,220.805,220.65,220.735,1921
DDOG,2026-09-11,14:32,220.65,220.8056,220.65,220.8056,918
DDOG,2026-09-11,14:33,220.7325,220.7325,220.6,220.6,1342
DDOG,2026-09-11,14:34,220.84,220.84,220.68,220.68,1742
DDOG,2026-09-11,14:35,220.755,220.755,220.74,220.74,895
DDOG,2026-09-11,14:36,220.65,220.65,220.65,220.65,1046
DDOG,2026-09-11,14:37,220.63,220.685,220.61,220.61,1636
DDOG,2026-09-11,14:38,220.54,220.54,220.54,220.54,1326
DDOG,2026-09-11,14:39,220.535,220.535,220.535,220.535,2064
DDOG,2026-09-11,14:40,220.53,220.53,220.53,220.53,468
DDOG,2026-09-11,14:41,220.53,220.65,220.495,220.65,3954
DDOG,2026-09-11,14:42,220.74,220.745,220.74,220.745,565
DDOG,2026-09-11,14:43,220.645,220.65,220.645,220.645,1457
DDOG,2026-09-11,14:44,220.75,220.75,220.745,220.745,2065
DDOG,2026-09-11,14:45,220.69,220.69,220.54,220.54,2016
DDOG,2026-09-11,14:46,220.625,220.63,220.54,220.595,2672
DDOG,2026-09-11,14:47,220.39,220.42,220.38,220.38,2050
DDOG,2026-09-11,14:48,220.43,220.725,220.36,220.725,4064
DDOG,2026-09-11,14:49,220.73,220.87,220.73,220.87,850
DDOG,2026-09-11,14:50,220.77,220.77,220.765,220.765,3593
DDOG,2026-09-11,14:51,220.765,220.765,220.765,220.765,0
DDOG,2026-09-11,14:52,220.765,220.765,220.765,220.765,0
DDOG,2026-09-11,14:53,220.695,220.83,220.695,220.83,1225
DDOG,2026-09-11,14:54,220.705,220.705,220.705,220.705,639
DDOG,2026-09-11,14:55,220.82,220.82,220.735,220.735,1346
DDOG,2026-09-11,14:56,220.82,220.82,220.815,220.815,1550
DDOG,2026-09-11,14:57,220.825,220.83,220.63,220.63,4302
DDOG,2026-09-11,14:58,220.705,220.705,220.12,220.685,31016
DDOG,2026-09-11,14:59,220.48,220.5475,220.48,220.5475,1779
DDOG,2026-09-11,15:00,220.585,220.74,220.585,220.74,2107
DDOG,2026-09-11,15:01,220.83,220.83,220.67,220.67,1999
DDOG,2026-09-11,15:02,220.67,220.829,220.67,220.695,1148
DDOG,2026-09-11,15:03,220.7,220.71,220.51,220.51,2398
DDOG,2026-09-11,15:04,220.62,220.635,220.46,220.615,2799
DDOG,2026-09-11,15:05,220.63,220.7,220.63,220.7,8183
DDOG,2026-09-11,15:06,220.8,220.8,220.545,220.545,2779
DDOG,2026-09-11,15:07,220.44,220.44,220.44,220.44,1427
DDOG,2026-09-11,15:08,220.44,220.52,220.31,220.515,3708
DDOG,2026-09-11,15:09,220.405,220.525,220.405,220.405,1690
DDOG,2026-09-11,15:10,220.405,220.53,220.405,220.41,1915
DDOG,2026-09-11,15:11,220.31,220.41,220.31,220.31,1194
DDOG,2026-09-11,15:12,220.41,220.56,220.41,220.56,5263
DDOG,2026-09-11,15:13,220.51,220.51,220.45,220.45,1032
DDOG,2026-09-11,15:14,220.45,220.59,220.45,220.545,2476
DDOG,2026-09-11,15:15,220.475,220.475,220.33,220.405,2885
DDOG,2026-09-11,15:16,220.305,220.31,220.28,220.305,1196
DDOG,2026-09-11,15:17,220.305,220.435,220.305,220.435,1636
DDOG,2026-09-11,15:18,220.44,220.45,220.43,220.43,2595
DDOG,2026-09-11,15:19,220.43,220.465,220.42,220.42,2756
DDOG,2026-09-11,15:20,220.41,220.41,220.35,220.37,3598
DDOG,2026-09-11,15:21,220.385,220.56,220.385,220.505,3501
DDOG,2026-09-11,15:22,220.535,220.7,220.535,220.7,4027
DDOG,2026-09-11,15:23,220.85,221.0437,220.815,221.0437,2081
DDOG,2026-09-11,15:24,221.08,221.145,221.06,221.11,5111
DDOG,2026-09-11,15:25,221.095,221.095,220.98,221.055,3892
DDOG,2026-09-11,15:26,221.01,221.025,220.815,220.815,2566
DDOG,2026-09-11,15:27,220.885,220.885,220.86,220.86,1923
DDOG,2026-09-11,15:28,220.77,220.79,220.77,220.77,1557
DDOG,2026-09-11,15:29,220.79,220.87,220.55,220.67,9817
DDOG,2026-09-11,15:30,220.725,220.725,220.62,220.62,2140
DDOG,2026-09-11,15:31,220.725,220.725,220.59,220.59,2364
DDOG,2026-09-11,15:32,220.54,220.56,220.47,220.55,4797
DDOG,2026-09-11,15:33,220.55,220.55,220.41,220.475,3347
DDOG,2026-09-11,15:34,220.47,220.54,220.41,220.54,4566
DDOG,2026-09-11,15:35,220.635,220.71,220.5975,220.65,3527
DDOG,2026-09-11,15:36,220.665,220.785,220.66,220.72,5890
DDOG,2026-09-11,15:37,220.67,220.78,220.665,220.7,2229
DDOG,2026-09-11,15:38,220.76,220.81,220.725,220.81,3685
DDOG,2026-09-11,15:39,220.75,220.815,220.696,220.815,4794
DDOG,2026-09-11,15:40,220.72,220.72,220.72,220.72,3842
DDOG,2026-09-11,15:41,220.71,220.9,220.71,220.815,4758
DDOG,2026-09-11,15:42,220.815,221.06,220.815,221.015,7188
DDOG,2026-09-11,15:43,221.0125,221.02,220.89,221,6041
DDOG,2026-09-11,15:44,220.94,220.99,220.78,220.91,7918
DDOG,2026-09-11,15:45,220.91,221.0474,220.87,220.87,5705
DDOG,2026-09-11,15:46,220.87,221.05,220.87,220.9795,11773
DDOG,2026-09-11,15:47,220.905,220.97,220.73,220.73,9103
DDOG,2026-09-11,15:48,220.76,220.82,220.68,220.82,13598
DDOG,2026-09-11,15:49,220.79,220.79,220.7,220.71,5412
DDOG,2026-09-11,15:50,220.84,220.99,220.715,220.715,15875
DDOG,2026-09-11,15:51,220.795,220.865,220.66,220.73,12891
DDOG,2026-09-11,15:52,220.78,220.815,220.505,220.62,19021
DDOG,2026-09-11,15:53,220.63,220.93,220.605,220.69,16122
DDOG,2026-09-11,15:54,220.69,220.92,220.6,220.75,36013
DDOG,2026-09-11,15:55,220.8,220.935,220.5,220.57,22524
DDOG,2026-09-11,15:56,220.585,220.875,220.385,220.765,27299
DDOG,2026-09-11,15:57,220.765,221.015,220.618,220.99,24391
DDOG,2026-09-11,15:58,220.99,221.02,220.84,221,60520
DDOG,2026-09-11,15:59,220.99,221.27,220.95,221.2,76801
DDOG,2026-09-11,16:00,221.21,221.21,221.21,221.21,0
DDOG,2026-09-14,09:30,224.955,225.5516,221,223.435,88368
DDOG,2026-09-14,09:31,223.125,224.21,223.1,223.1,7535
DDOG,2026-09-14,09:32,223.1,223.16,221.07,221.98,14485
DDOG,2026-09-14,09:33,223.215,223.62,222.58,222.995,2744
DDOG,2026-09-14,09:34,223.135,223.98,222.01,222.42,5785
DDOG,2026-09-14,09:35,223.04,223.04,221.76,222.29,2111
DDOG,2026-09-14,09:36,222.48,223.51,222.48,223.51,5174
DDOG,2026-09-14,09:37,223.315,224,222.86,223.065,3960
DDOG,2026-09-14,09:38,222.92,222.92,222.92,222.92,1417
DDOG,2026-09-14,09:39,222.61,223.11,222.61,222.675,3219
DDOG,2026-09-14,09:40,222.67,222.675,222.305,222.305,1732
DDOG,2026-09-14,09:41,222.29,222.29,220.72,221.1,12453
DDOG,2026-09-14,09:42,220.905,221.24,220.85,221.21,9128
DDOG,2026-09-14,09:43,221.275,222.5,221.275,222.49,31585
DDOG,2026-09-14,09:44,222.48,223,222.36,222.385,15023
DDOG,2026-09-14,09:45,222.17,222.685,222.17,222.655,5266
DDOG,2026-09-14,09:46,222.31,222.31,220.9961,221.81,9031
DDOG,2026-09-14,09:47,221.945,222.445,221.555,222.38,7474
DDOG,2026-09-14,09:48,222.43,223,222.43,223,3666
DDOG,2026-09-14,09:49,222.585,222.585,222.48,222.58,1915
DDOG,2026-09-14,09:50,222.2501,223.36,222.2501,222.89,4077
DDOG,2026-09-14,09:51,223.55,224.06,223.55,223.71,7096
DDOG,2026-09-14,09:52,223.99,224,223.64,223.9,4857
DDOG,2026-09-14,09:53,223.81,223.81,223.6,223.6,2802
DDOG,2026-09-14,09:54,223.96,224.5089,223.96,224.13,9038
DDOG,2026-09-14,09:55,223.8,223.8,223.8,223.8,1698
DDOG,2026-09-14,09:56,223.895,224.22,223.895,224.22,1426
DDOG,2026-09-14,09:57,223.935,224.6,223.935,224.6,5372
DDOG,2026-09-14,09:58,224.44,224.445,223.7575,224.195,4931
DDOG,2026-09-14,09:59,224.47,224.47,224.47,224.47,1011
DDOG,2026-09-14,10:00,224.54,224.7995,224.272,224.37,4743
DDOG,2026-09-14,10:01,224.37,224.71,224.12,224.52,4335
DDOG,2026-09-14,10:02,224.52,224.6218,224.2901,224.6218,3631
DDOG,2026-09-14,10:03,224.24,224.585,224.24,224.585,2539
DDOG,2026-09-14,10:04,224.54,224.805,224.415,224.805,4080
DDOG,2026-09-14,10:05,224.8087,225,224.805,224.845,4503
DDOG,2026-09-14,10:06,224.67,224.67,224.29,224.65,4507
DDOG,2026-09-14,10:07,224.68,224.68,224.3,224.31,4186
DDOG,2026-09-14,10:08,224.4814,224.4814,223.9467,224.36,8867
DDOG,2026-09-14,10:09,224.59,224.595,224.39,224.39,2594
DDOG,2026-09-14,10:10,224.595,224.7801,224.5525,224.61,4145
DDOG,2026-09-14,10:11,225,225.37,224.945,225.03,11978
DDOG,2026-09-14,10:12,225.02,225.02,224.78,224.94,2468
DDOG,2026-09-14,10:13,225.005,225.21,225.005,225.0367,2706
DDOG,2026-09-14,10:14,225.205,225.49,225.205,225.49,5933
DDOG,2026-09-14,10:15,225.56,225.73,225.37,225.73,12847
DDOG,2026-09-14,10:16,225.495,225.83,225.38,225.55,6869
DDOG,2026-09-14,10:17,225.78,226.19,225.73,225.74,9095
DDOG,2026-09-14,10:18,225.735,226.2,225.735,225.825,5144
DDOG,2026-09-14,10:19,225.64,225.66,225.325,225.365,11032
DDOG,2026-09-14,10:20,225.17,225.3226,225.165,225.165,1834
DDOG,2026-09-14,10:21,225.04,225.12,224.8801,225.085,3401
DDOG,2026-09-14,10:22,224.8501,224.93,224.555,224.555,3034
DDOG,2026-09-14,10:23,224.645,225.4599,224.595,225.4599,4059
DDOG,2026-09-14,10:24,225.175,225.185,225.175,225.185,1042
DDOG,2026-09-14,10:25,225.4,225.49,225.0405,225.28,5526
DDOG,2026-09-14,10:26,225.28,225.54,225,225.54,4160
DDOG,2026-09-14,10:27,225.385,225.535,225.385,225.53,3306
DDOG,2026-09-14,10:28,225.7375,225.86,225.65,225.71,2116
DDOG,2026-09-14,10:29,225.7,225.7,225.235,225.235,3071
DDOG,2026-09-14,10:30,225.495,225.495,225.495,225.495,645
DDOG,2026-09-14,10:31,225.405,225.66,225.405,225.64,2210
DDOG,2026-09-14,10:32,225.64,226.29,225.5,226.29,4497
DDOG,2026-09-14,10:33,226.15,226.15,225.95,225.9866,2738
DDOG,2026-09-14,10:34,225.8,225.8,225.6734,225.6734,5844
DDOG,2026-09-14,10:35,225.51,225.51,225.14,225.14,4519
DDOG,2026-09-14,10:36,225.115,225.115,224.86,224.92,3461
DDOG,2026-09-14,10:37,225.09,225.09,225.09,225.09,1922
DDOG,2026-09-14,10:38,225.185,225.43,225.185,225.43,2808
DDOG,2026-09-14,10:39,225.43,225.43,225.43,225.43,0
DDOG,2026-09-14,10:40,225.51,225.51,225.16,225.385,2810
DDOG,2026-09-14,10:41,225.3125,225.424,224.8201,225.1,3171
DDOG,2026-09-14,10:42,225.11,225.24,225.11,225.24,1281
DDOG,2026-09-14,10:43,225.24,225.24,224.99,224.99,2227
DDOG,2026-09-14,10:44,225.17,225.85,225.17,225.85,4174
DDOG,2026-09-14,10:45,225.73,225.73,224.9401,225.26,4783
DDOG,2026-09-14,10:46,225.49,226.22,225.49,226.05,5830
DDOG,2026-09-14,10:47,226.04,226.32,225.8121,226.065,9075
DDOG,2026-09-14,10:48,226.03,226.04,225.85,226.04,2539
DDOG,2026-09-14,10:49,226.12,226.79,226.12,226.79,9593
DDOG,2026-09-14,10:50,226.825,227.21,226.81,227.04,12211
DDOG,2026-09-14,10:51,227.1,227.1682,226.93,227.095,9707
DDOG,2026-09-14,10:52,226.99,227.2,226.99,227.095,6393
DDOG,2026-09-14,10:53,227.19,227.32,227.175,227.175,2351
DDOG,2026-09-14,10:54,227.175,227.7301,227.175,227.7301,11929
DDOG,2026-09-14,10:55,227.705,227.75,227.47,227.75,12891
DDOG,2026-09-14,10:56,228.205,228.34,228.17,228.225,6119
DDOG,2026-09-14,10:57,228.3475,228.59,228.27,228.59,6173
DDOG,2026-09-14,10:58,228.35,228.71,228.0051,228.65,10417
DDOG,2026-09-14,10:59,228.65,228.8,228.62,228.655,13428
DDOG,2026-09-14,11:00,228.5,228.8,228.18,228.4,10182
DDOG,2026-09-14,11:01,228.405,228.45,228.105,228.105,2896
DDOG,2026-09-14,11:02,228.15,228.155,228.075,228.075,3407
DDOG,2026-09-14,11:03,227.86,228.04,227.83,228.04,3529
DDOG,2026-09-14,11:04,227.885,227.885,227.8225,227.875,2470
DDOG,2026-09-14,11:05,227.7,228.34,227.7,228.275,8293
DDOG,2026-09-14,11:06,228.16,229.005,228.16,228.675,7608
DDOG,2026-09-14,11:07,228.665,228.88,228.49,228.84,7842
DDOG,2026-09-14,11:08,228.9,228.93,228.33,228.68,4117
DDOG,2026-09-14,11:09,228.42,228.425,228.1705,228.395,3615
DDOG,2026-09-14,11:10,228.39,228.39,227.995,227.995,4727
DDOG,2026-09-14,11:11,228.2829,228.5916,228.2829,228.535,3515
DDOG,2026-09-14,11:12,228.27,228.46,228.24,228.24,2355
DDOG,2026-09-14,11:13,228.34,228.41,228.235,228.235,2889
DDOG,2026-09-14,11:14,228.2458,228.2458,228.2458,228.2458,289
DDOG,2026-09-14,11:15,228.345,228.345,228.0712,228.29,7919
DDOG,2026-09-14,11:16,228.515,228.66,228.515,228.585,2117
DDOG,2026-09-14,11:17,228.75,228.75,228.75,228.75,3356
DDOG,2026-09-14,11:18,229.2,230,229.18,229.77,17715
DDOG,2026-09-14,11:19,229.8852,229.99,229.765,229.77,3940
DDOG,2026-09-14,11:20,229.77,230.27,229.7,230.27,11994
DDOG,2026-09-14,11:21,230.12,231,230,230.66,45028
DDOG,2026-09-14,11:22,230.78,230.835,230.67,230.71,3876
DDOG,2026-09-14,11:23,230.705,230.705,230.42,230.56,5052
DDOG,2026-09-14,11:24,230.56,230.71,230.05,230.05,11388
DDOG,2026-09-14,11:25,230.225,230.225,229.38,229.495,15060
DDOG,2026-09-14,11:26,229.61,229.9,229.495,229.65,6575
DDOG,2026-09-14,11:27,229.71,230.152,229.71,230.152,5560
DDOG,2026-09-14,11:28,230.19,230.19,230.19,230.19,864
DDOG,2026-09-14,11:29,230.23,230.39,230.001,230.18,8624
DDOG,2026-09-14,11:30,230.33,230.33,229.84,229.87,4012
DDOG,2026-09-14,11:31,229.86,229.86,229.715,229.715,4600
DDOG,2026-09-14,11:32,229.91,230.07,229.91,230.01,5836
DDOG,2026-09-14,11:33,229.94,230.14,229.7,230.14,38747
DDOG,2026-09-14,11:34,230.38,230.635,230.215,230.24,5656
DDOG,2026-09-14,11:35,230.23,230.23,230.23,230.23,533
DDOG,2026-09-14,11:36,230.35,230.35,229.96,229.96,4762
DDOG,2026-09-14,11:37,229.85,230.29,229.85,230.11,2115
DDOG,2026-09-14,11:38,230.175,230.5422,230.175,230.5422,2580
DDOG,2026-09-14,11:39,230.305,230.305,230.07,230.3,6822
DDOG,2026-09-14,11:40,230.27,230.32,230.17,230.17,1890
DDOG,2026-09-14,11:41,230.365,230.365,230.28,230.28,2323
DDOG,2026-09-14,11:42,230.28,230.28,230.28,230.28,1215
DDOG,2026-09-14,11:43,230.28,230.63,230.28,230.63,2591
DDOG,2026-09-14,11:44,230.435,230.79,230.2401,230.735,7063
DDOG,2026-09-14,11:45,230.7175,230.7325,230.36,230.6312,2542
DDOG,2026-09-14,11:46,230.37,230.46,230.13,230.14,3927
DDOG,2026-09-14,11:47,230.215,230.49,230.16,230.49,4575
DDOG,2026-09-14,11:48,230.5,230.55,230.26,230.425,2313
DDOG,2026-09-14,11:49,230.6,230.61,230.245,230.38,10143
DDOG,2026-09-14,11:50,230.2009,230.2009,230.2009,230.2009,1563
DDOG,2026-09-14,11:51,230.204,230.21,229.91,229.91,6210
DDOG,2026-09-14,11:52,230.06,230.1,229.71,229.71,2911
DDOG,2026-09-14,11:53,229.645,229.79,229.4,229.52,2619
DDOG,2026-09-14,11:54,229.52,229.52,229.34,229.49,2747
DDOG,2026-09-14,11:55,229.33,229.505,229.33,229.495,1953
DDOG,2026-09-14,11:56,229.5843,229.62,229.32,229.56,6437
DDOG,2026-09-14,11:57,229.41,229.415,229.29,229.29,2177
DDOG,2026-09-14,11:58,229.3,229.7,229.3,229.7,2508
DDOG,2026-09-14,11:59,229.555,229.555,229.51,229.525,1696
DDOG,2026-09-14,12:00,229.32,229.32,229.12,229.12,1794
DDOG,2026-09-14,12:01,229.39,229.62,229.375,229.62,3819
DDOG,2026-09-14,12:02,229.495,229.7398,229.495,229.53,6810
DDOG,2026-09-14,12:03,229.73,229.73,229.73,229.73,737
DDOG,2026-09-14,12:04,229.705,229.745,229.705,229.745,3728
DDOG,2026-09-14,12:05,229.745,229.755,229.745,229.755,1949
DDOG,2026-09-14,12:06,229.88,229.95,229.59,229.6,5641
DDOG,2026-09-14,12:07,229.65,229.685,229.335,229.4,9899
DDOG,2026-09-14,12:08,229.1015,229.425,229.1015,229.425,5079
DDOG,2026-09-14,12:09,229.37,229.37,229.18,229.19,4071
DDOG,2026-09-14,12:10,229.1238,229.75,229.1238,229.46,2722
DDOG,2026-09-14,12:11,229.3,229.43,229.3,229.43,2996
DDOG,2026-09-14,12:12,229.355,229.54,229.257,229.37,7198
DDOG,2026-09-14,12:13,229.365,229.6595,229.365,229.62,8417
DDOG,2026-09-14,12:14,229.7225,229.7225,229.7225,229.7225,61686
DDOG,2026-09-14,12:15,230,230.08,230,230.08,1088
DDOG,2026-09-14,12:16,230.04,230.3,229.8101,230.3,4908
DDOG,2026-09-14,12:17,230.1,230.45,229.76,229.79,12255
DDOG,2026-09-14,12:18,229.77,229.81,229.45,229.53,7117
DDOG,2026-09-14,12:19,229.41,229.41,229.11,229.11,4323
DDOG,2026-09-14,12:20,229.4299,229.4299,228.81,228.81,3617
DDOG,2026-09-14,12:21,229.06,229.06,228.92,229.03,5059
DDOG,2026-09-14,12:22,229.22,229.25,229.22,229.25,1826
DDOG,2026-09-14,12:23,229.41,229.43,229.41,229.43,2725
DDOG,2026-09-14,12:24,229.44,229.44,229.25,229.25,3719
DDOG,2026-09-14,12:25,229.155,229.155,229.155,229.155,1036
DDOG,2026-09-14,12:26,229.1575,229.31,229.1575,229.23,2650
DDOG,2026-09-14,12:27,229.2,229.34,229.19,229.28,3133
DDOG,2026-09-14,12:28,229.2,229.2,228.95,229.11,4027
DDOG,2026-09-14,12:29,228.945,229.2245,228.945,229.2245,2476
DDOG,2026-09-14,12:30,229.135,229.3,229.135,229.23,3924
DDOG,2026-09-14,12:31,229.33,229.33,229.33,229.33,494
DDOG,2026-09-14,12:32,229.315,229.38,229.26,229.38,1846
DDOG,2026-09-14,12:33,229.22,229.38,229.11,229.28,6888
DDOG,2026-09-14,12:34,229.28,229.355,229.28,229.355,1144
DDOG,2026-09-14,12:35,229.28,229.359,229.235,229.3033,3727
DDOG,2026-09-14,12:36,229.42,229.795,229.42,229.775,7310
DDOG,2026-09-14,12:37,229.83,229.84,229.68,229.68,3995
DDOG,2026-09-14,12:38,229.725,229.725,229.565,229.565,1258
DDOG,2026-09-14,12:39,229.51,229.76,229.4555,229.76,7150
DDOG,2026-09-14,12:40,229.785,229.96,229.785,229.79,1977
DDOG,2026-09-14,12:41,229.97,230.19,229.9,230.015,3892
DDOG,2026-09-14,12:42,230.22,230.32,230.01,230.32,2368
DDOG,2026-09-14,12:43,230.415,230.46,229.99,229.99,1330
DDOG,2026-09-14,12:44,230.11,230.23,230.09,230.09,1495
DDOG,2026-09-14,12:45,230.09,230.27,229.94,230.21,1938
DDOG,2026-09-14,12:46,230.2,230.2,230.015,230.145,2884
DDOG,2026-09-14,12:47,230.2,230.575,230.2,230.3425,2827
DDOG,2026-09-14,12:48,230.61,230.79,230.49,230.69,11308
DDOG,2026-09-14,12:49,230.63,230.63,230.34,230.52,2369
DDOG,2026-09-14,12:50,230.48,230.65,230.31,230.65,2072
DDOG,2026-09-14,12:51,230.4675,230.705,230.4285,230.705,4166
DDOG,2026-09-14,12:52,230.735,230.91,230.505,230.91,7372
DDOG,2026-09-14,12:53,231,231.185,231,231.02,5877
DDOG,2026-09-14,12:54,230.968,231.2939,230.968,231.2939,2261
DDOG,2026-09-14,12:55,231.115,231.15,231.11,231.15,2335
DDOG,2026-09-14,12:56,231.1322,231.355,231.055,231.3,5085
DDOG,2026-09-14,12:57,231.35,231.499,231.3425,231.3425,2473
DDOG,2026-09-14,12:58,231.355,231.36,231.26,231.36,2924
DDOG,2026-09-14,12:59,231.3725,231.67,231.35,231.6,13300
DDOG,2026-09-14,13:00,231.6,231.7,231.6,231.7,3721
DDOG,2026-09-14,13:01,231.62,231.74,231.62,231.685,2277
DDOG,2026-09-14,13:02,231.685,231.735,231.52,231.585,4926
DDOG,2026-09-14,13:03,231.715,231.74,231.52,231.74,5315
DDOG,2026-09-14,13:04,231.695,231.705,231.68,231.695,2696
DDOG,2026-09-14,13:05,231.675,231.675,231.4252,231.57,3923
DDOG,2026-09-14,13:06,231.525,231.645,231.4176,231.645,2010
DDOG,2026-09-14,13:07,231.5799,231.68,231.5799,231.68,2558
DDOG,2026-09-14,13:08,231.84,231.84,231.55,231.55,1397
DDOG,2026-09-14,13:09,231.735,231.735,231.3301,231.57,4143
DDOG,2026-09-14,13:10,231.56,231.57,231.49,231.525,2113
DDOG,2026-09-14,13:11,231.3879,231.53,231.3879,231.53,3526
DDOG,2026-09-14,13:12,231.64,231.64,231.64,231.64,795
DDOG,2026-09-14,13:13,231.75,231.77,231.58,231.77,2628
DDOG,2026-09-14,13:14,231.685,231.685,231.685,231.685,584
DDOG,2026-09-14,13:15,231.73,231.73,231.73,231.73,1337
DDOG,2026-09-14,13:16,231.595,231.63,231.47,231.5525,3480
DDOG,2026-09-14,13:17,231.85,232.11,231.85,232.11,7993
DDOG,2026-09-14,13:18,232.16,232.16,232.16,232.16,847
DDOG,2026-09-14,13:19,232.18,232.25,232.02,232.17,3680
DDOG,2026-09-14,13:20,232.17,232.17,232.12,232.16,2848
DDOG,2026-09-14,13:21,232.155,232.16,231.8148,231.8148,4911
DDOG,2026-09-14,13:22,232.0875,232.23,232.0875,232.23,2487
DDOG,2026-09-14,13:23,232.23,232.34,232.095,232.3,5819
DDOG,2026-09-14,13:24,232.36,232.7199,232.34,232.41,4355
DDOG,2026-09-14,13:25,232.5407,232.5407,232.25,232.365,2077
DDOG,2026-09-14,13:26,232.2691,232.36,232.18,232.36,2470
DDOG,2026-09-14,13:27,232.48,232.48,232.36,232.465,2792
DDOG,2026-09-14,13:28,232.58,232.58,232.465,232.465,1062
DDOG,2026-09-14,13:29,232.49,232.654,232.485,232.59,1920
DDOG,2026-09-14,13:30,232.44,232.595,232.2714,232.2714,3736
DDOG,2026-09-14,13:31,232.6899,232.6899,232.2501,232.48,2209
DDOG,2026-09-14,13:32,232.3734,232.79,232.3734,232.79,4600
DDOG,2026-09-14,13:33,232.78,232.78,232.585,232.61,2520
DDOG,2026-09-14,13:34,232.69,232.72,232.465,232.54,4925
DDOG,2026-09-14,13:35,232.7699,232.7699,232.655,232.655,3125
DDOG,2026-09-14,13:36,232.735,232.735,232.7,232.7,2744
DDOG,2026-09-14,13:37,232.705,232.82,232.695,232.82,3150
DDOG,2026-09-14,13:38,232.85,232.96,232.81,232.845,2181
DDOG,2026-09-14,13:39,232.875,232.96,232.825,232.825,4710
DDOG,2026-09-14,13:40,232.945,232.945,232.81,232.82,3382
DDOG,2026-09-14,13:41,232.82,232.82,232.485,232.485,8330
DDOG,2026-09-14,13:42,232.34,232.34,232.073,232.16,4321
DDOG,2026-09-14,13:43,232.0938,232.635,232.0938,232.57,4464
DDOG,2026-09-14,13:44,232.625,232.82,232.61,232.82,2910
DDOG,2026-09-14,13:45,232.76,232.905,232.76,232.795,3583
DDOG,2026-09-14,13:46,232.88,232.975,232.88,232.975,3703
DDOG,2026-09-14,13:47,233,233,232.74,232.835,4194
DDOG,2026-09-14,13:48,232.87,233.1,232.87,232.9701,3726
DDOG,2026-09-14,13:49,233.045,233.07,233.045,233.055,3278
DDOG,2026-09-14,13:50,233.07,233.07,233.06,233.06,1666
DDOG,2026-09-14,13:51,233.065,233.215,233.025,233.169,7112
DDOG,2026-09-14,13:52,233.06,233.165,233.06,233.06,6238
DDOG,2026-09-14,13:53,233.145,233.145,232.98,233.13,3160
DDOG,2026-09-14,13:54,233.065,233.09,232.9508,233.09,2956
DDOG,2026-09-14,13:55,233.09,233.24,233.09,233.24,2274
DDOG,2026-09-14,13:56,233.24,233.315,233.18,233.19,3988
DDOG,2026-09-14,13:57,233.275,233.275,233.025,233.025,4650
DDOG,2026-09-14,13:58,232.9725,232.975,232.725,232.82,2032
DDOG,2026-09-14,13:59,232.87,233.03,232.75,232.92,4061
DDOG,2026-09-14,14:00,233.08,233.08,233.08,233.08,1931
DDOG,2026-09-14,14:01,233.205,233.205,233.02,233.02,3385
DDOG,2026-09-14,14:02,233.205,233.66,233.205,233.63,5039
DDOG,2026-09-14,14:03,233.665,233.685,233.49,233.49,2777
DDOG,2026-09-14,14:04,233.66,233.66,233.31,233.44,12622
DDOG,2026-09-14,14:05,233.38,233.38,232.43,232.64,6563
DDOG,2026-09-14,14:06,232.695,232.93,232.695,232.93,1913
DDOG,2026-09-14,14:07,232.7,232.7,232.4064,232.535,2653
DDOG,2026-09-14,14:08,232.4805,232.555,232.3265,232.44,2872
DDOG,2026-09-14,14:09,232.425,233,232.425,233,4648
DDOG,2026-09-14,14:10,232.84,233.27,232.78,233.24,3573
DDOG,2026-09-14,14:11,233.05,233.26,232.88,233.11,3753
DDOG,2026-09-14,14:12,233.265,233.28,233.065,233.28,2997
DDOG,2026-09-14,14:13,233.28,233.28,233.12,233.12,2711
DDOG,2026-09-14,14:14,233.125,233.29,233.125,233.13,3659
DDOG,2026-09-14,14:15,232.96,233.14,232.96,233.14,6577
DDOG,2026-09-14,14:16,233.3,233.41,232.94,233.065,3300
DDOG,2026-09-14,14:17,233.065,233.33,233.06,233.33,1984
DDOG,2026-09-14,14:18,233.35,233.44,233.175,233.44,10523
DDOG,2026-09-14,14:19,233.2925,233.4897,233.22,233.4699,3626
DDOG,2026-09-14,14:20,233.27,233.27,233.24,233.24,2649
DDOG,2026-09-14,14:21,233.28,233.28,232.9901,233.22,2357
DDOG,2026-09-14,14:22,233.22,233.29,233,233.2799,4392
DDOG,2026-09-14,14:23,233.27,233.28,233,233.28,2342
DDOG,2026-09-14,14:24,233.36,233.365,233.18,233.355,1794
DDOG,2026-09-14,14:25,233.355,233.37,233.2,233.35,4970
DDOG,2026-09-14,14:26,233.21,233.355,233.21,233.305,2747
DDOG,2026-09-14,14:27,233.45,233.45,233.25,233.25,3658
DDOG,2026-09-14,14:28,233.17,233.17,233.06,233.06,3234
DDOG,2026-09-14,14:29,233.03,233.04,232.955,232.955,2604
DDOG,2026-09-14,14:30,233.085,233.09,232.94,232.945,1698
DDOG,2026-09-14,14:31,232.9,233.07,232.2499,232.45,6525
DDOG,2026-09-14,14:32,232.45,232.55,232.45,232.55,3283
DDOG,2026-09-14,14:33,232.57,232.57,232.57,232.57,1089
DDOG,2026-09-14,14:34,232.63,232.64,232.52,232.52,2669
DDOG,2026-09-14,14:35,232.665,232.665,232.54,232.645,1774
DDOG,2026-09-14,14:36,232.535,232.64,232.4531,232.525,3962
DDOG,2026-09-14,14:37,232.42,232.5,232.285,232.48,4404
DDOG,2026-09-14,14:38,232.6,232.66,232.57,232.57,3418
DDOG,2026-09-14,14:39,232.655,232.655,232.4,232.4,4993
DDOG,2026-09-14,14:40,232.46,232.71,232.46,232.71,2037
DDOG,2026-09-14,14:41,232.5883,232.95,232.5883,232.95,2565
DDOG,2026-09-14,14:42,232.965,232.98,232.775,232.98,3342
DDOG,2026-09-14,14:43,233.145,233.145,232.99,232.995,1713
DDOG,2026-09-14,14:44,233.115,233.115,232.965,232.965,2929
DDOG,2026-09-14,14:45,233.09,233.22,232.9404,233.195,4829
DDOG,2026-09-14,14:46,233.17,233.17,232.89,232.9299,3623
DDOG,2026-09-14,14:47,232.69,232.775,232.665,232.775,2883
DDOG,2026-09-14,14:48,232.67,232.7622,232.48,232.7,7971
DDOG,2026-09-14,14:49,232.43,232.465,232.35,232.355,4010
DDOG,2026-09-14,14:50,232.35,232.36,232.35,232.36,2101
DDOG,2026-09-14,14:51,232.365,232.42,231.975,231.975,11999
DDOG,2026-09-14,14:52,231.91,231.91,231.865,231.865,2403
DDOG,2026-09-14,14:53,231.84,231.8535,231.63,231.695,9404
DDOG,2026-09-14,14:54,231.78,232,231.78,232,2966
DDOG,2026-09-14,14:55,232.02,232.02,231.9396,231.98,4571
DDOG,2026-09-14,14:56,231.91,231.91,231.735,231.86,3843
DDOG,2026-09-14,14:57,231.73,231.78,231.6767,231.78,2158
DDOG,2026-09-14,14:58,231.77,231.77,231.4,231.515,5501
DDOG,2026-09-14,14:59,231.5,231.575,231.5,231.5,3656
DDOG,2026-09-14,15:00,231.675,231.675,231.3075,231.3075,6543
DDOG,2026-09-14,15:01,231.305,231.46,231.16,231.35,3197
DDOG,2026-09-14,15:02,231.45,231.46,231.335,231.335,4631
DDOG,2026-09-14,15:03,231.43,231.6016,231.3093,231.6016,5917
DDOG,2026-09-14,15:04,231.66,231.87,231.66,231.87,7444
DDOG,2026-09-14,15:05,231.76,231.94,231.56,231.935,3873
DDOG,2026-09-14,15:06,231.95,231.95,231.5001,231.5001,4426
DDOG,2026-09-14,15:07,231.42,231.42,231.15,231.215,4549
DDOG,2026-09-14,15:08,231.1224,231.37,231.1224,231.22,3859
DDOG,2026-09-14,15:09,231.22,231.22,230.935,231.07,5424
DDOG,2026-09-14,15:10,230.95,231.05,230.95,231.045,2926
DDOG,2026-09-14,15:11,231.045,231.21,230.96,230.97,4153
DDOG,2026-09-14,15:12,231.07,231.075,230.96,230.96,2361
DDOG,2026-09-14,15:13,230.975,230.975,230.905,230.905,2783
DDOG,2026-09-14,15:14,230.905,231,230.7,230.7,10622
DDOG,2026-09-14,15:15,230.5694,230.69,230.5694,230.67,5569
DDOG,2026-09-14,15:16,230.76,230.76,230.58,230.69,3167
DDOG,2026-09-14,15:17,230.56,230.56,230.56,230.56,2561
DDOG,2026-09-14,15:18,230.635,230.635,230.3805,230.465,5810
DDOG,2026-09-14,15:19,230.38,230.38,230.33,230.33,2828
DDOG,2026-09-14,15:20,230.36,230.57,230.36,230.57,2802
DDOG,2026-09-14,15:21,230.57,230.57,230.32,230.355,4479
DDOG,2026-09-14,15:22,230.345,230.54,230.345,230.54,3399
DDOG,2026-09-14,15:23,230.465,230.61,230.465,230.61,5829
DDOG,2026-09-14,15:24,230.6,230.62,230.51,230.62,4050
DDOG,2026-09-14,15:25,230.56,230.56,230.28,230.28,4765
DDOG,2026-09-14,15:26,230.28,230.36,230.255,230.255,5417
DDOG,2026-09-14,15:27,230.3,230.45,230.3,230.45,3935
DDOG,2026-09-14,15:28,230.4425,230.59,230.4425,230.495,3497
DDOG,2026-09-14,15:29,230.4024,230.495,230.265,230.43,6156
DDOG,2026-09-14,15:30,230.43,230.54,230.41,230.535,6029
DDOG,2026-09-14,15:31,230.635,230.72,230.635,230.72,2579
DDOG,2026-09-14,15:32,230.75,230.75,230.65,230.65,3760
DDOG,2026-09-14,15:33,230.78,231,230.755,230.825,11928
DDOG,2026-09-14,15:34,230.82,230.96,230.76,230.835,3544
DDOG,2026-09-14,15:35,230.85,231.015,230.85,231.01,10241
DDOG,2026-09-14,15:36,230.87,231.09,230.81,230.9,7686
DDOG,2026-09-14,15:37,231,231.2,231,231.2,5249
DDOG,2026-09-14,15:38,231.27,231.41,231.1403,231.16,8476
DDOG,2026-09-14,15:39,231.28,231.28,230.955,230.98,6181
DDOG,2026-09-14,15:40,230.995,231.235,230.995,231.1401,3986
DDOG,2026-09-14,15:41,231.255,231.3,230.84,230.89,10315
DDOG,2026-09-14,15:42,230.9,230.955,230.82,230.945,4003
DDOG,2026-09-14,15:43,230.945,230.945,230.8,230.8,7742
DDOG,2026-09-14,15:44,230.88,230.885,230.47,230.72,18104
DDOG,2026-09-14,15:45,230.65,231.19,230.65,231.18,7928
DDOG,2026-09-14,15:46,231.17,231.28,231.03,231.03,7818
DDOG,2026-09-14,15:47,231.05,231.21,231.05,231.115,6215
DDOG,2026-09-14,15:48,231.2,231.35,231.17,231.195,8490
DDOG,2026-09-14,15:49,231.13,231.19,231.02,231.12,10450
DDOG,2026-09-14,15:50,230.96,231.01,230.51,230.74,17557
DDOG,2026-09-14,15:51,230.715,230.715,230.35,230.38,13679
DDOG,2026-09-14,15:52,230.46,230.59,230.46,230.52,15746
DDOG,2026-09-14,15:53,230.5,230.64,230.06,230.52,22413
DDOG,2026-09-14,15:54,230.49,230.6,229.93,230.04,31110
DDOG,2026-09-14,15:55,229.93,229.95,229.59,229.625,38977
DDOG,2026-09-14,15:56,229.62,230.1,229.62,230.01,33274
DDOG,2026-09-14,15:57,229.96,230.43,229.93,230.34,46937
DDOG,2026-09-14,15:58,230.36,230.38,230.05,230.05,81395
DDOG,2026-09-14,15:59,230.05,230.18,229.93,230.04,108233
DDOG,2026-09-14,16:00,230.05,230.05,230.05,230.05,0
DDOG,2026-09-15,09:30,224.0601,227.63,224.0601,227.63,54192
DDOG,2026-09-15,09:31,227.55,227.55,227.005,227.005,2216
DDOG,2026-09-15,09:32,226.9,227.12,226.74,226.74,2059
DDOG,2026-09-15,09:33,226.865,227.71,226.6,227.25,5766
DDOG,2026-09-15,09:34,226.75,227.185,226.68,227.185,4382
DDOG,2026-09-15,09:35,227.025,229.055,227.025,229.055,7242
DDOG,2026-09-15,09:36,228.795,228.895,228.45,228.55,4122
DDOG,2026-09-15,09:37,228.505,229.08,228.505,229.02,3101
DDOG,2026-09-15,09:38,228.99,229.98,228.96,229.98,5537
DDOG,2026-09-15,09:39,230.01,230.34,230.01,230.1,1556
DDOG,2026-09-15,09:40,230.2576,230.2576,229.65,229.655,3093
DDOG,2026-09-15,09:41,228.97,229.195,228.9543,228.9543,2468
DDOG,2026-09-15,09:42,228.95,228.95,227.88,228.26,2991
DDOG,2026-09-15,09:43,228.68,228.72,228.28,228.72,1939
DDOG,2026-09-15,09:44,229.08,229.375,229.08,229.34,1012
DDOG,2026-09-15,09:45,229.11,229.11,228.37,228.37,6653
DDOG,2026-09-15,09:46,227.85,227.85,227.25,227.525,6079
DDOG,2026-09-15,09:47,227.61,228.25,227.57,228.24,6276
DDOG,2026-09-15,09:48,228.265,228.34,227.82,228.2,3475
DDOG,2026-09-15,09:49,228.2,228.2,227.77,227.79,3953
DDOG,2026-09-15,09:50,227.74,227.74,226.87,227.07,4037
DDOG,2026-09-15,09:51,226.965,227.425,226.965,227.235,7016
DDOG,2026-09-15,09:52,227.179,227.23,226.89,226.975,6267
DDOG,2026-09-15,09:53,227.08,228.13,227.08,228.13,5343
DDOG,2026-09-15,09:54,228.38,228.44,228.295,228.44,717
DDOG,2026-09-15,09:55,228.5,228.5,228.06,228.06,2686
DDOG,2026-09-15,09:56,228.225,228.26,228.225,228.225,2971
DDOG,2026-09-15,09:57,228.28,228.37,228.25,228.295,2760
DDOG,2026-09-15,09:58,228.27,228.63,228.04,228.63,4866
DDOG,2026-09-15,09:59,228.24,228.74,228.15,228.47,2269
DDOG,2026-09-15,10:00,228.47,228.47,227.79,227.855,13098
DDOG,2026-09-15,10:01,227.855,228.17,227.855,227.875,5276
DDOG,2026-09-15,10:02,227.42,227.525,227.42,227.52,1096
DDOG,2026-09-15,10:03,227.54,228.02,227.3958,228.02,2763
DDOG,2026-09-15,10:04,228.02,228.02,228.02,228.02,0
DDOG,2026-09-15,10:05,227.75,227.75,227.42,227.7,3010
DDOG,2026-09-15,10:06,227.87,227.87,227.795,227.795,3872
DDOG,2026-09-15,10:07,228,228,227.5636,227.6301,5227
DDOG,2026-09-15,10:08,227.54,227.54,227.26,227.275,3841
DDOG,2026-09-15,10:09,227.33,227.44,227.33,227.44,1530
DDOG,2026-09-15,10:10,227.47,227.68,227.43,227.45,3301
DDOG,2026-09-15,10:11,227.55,227.7,227.55,227.595,6533
DDOG,2026-09-15,10:12,227.66,228.07,227.66,227.92,3832
DDOG,2026-09-15,10:13,227.795,228.18,227.795,227.98,3366
DDOG,2026-09-15,10:14,227.98,227.98,227.94,227.94,1416
DDOG,2026-09-15,10:15,227.93,227.96,227.93,227.95,2562
DDOG,2026-09-15,10:16,227.95,228.12,227.73,227.73,5690
DDOG,2026-09-15,10:17,227.76,227.91,227.68,227.91,1321
DDOG,2026-09-15,10:18,227.91,228.1,227.74,227.825,7061
DDOG,2026-09-15,10:19,227.9199,227.92,227.795,227.795,7068
DDOG,2026-09-15,10:20,227.99,228.32,227.99,228.215,2791
DDOG,2026-09-15,10:21,228.32,228.37,227.82,227.82,9015
DDOG,2026-09-15,10:22,227.68,227.695,227.43,227.49,4044
DDOG,2026-09-15,10:23,227.41,228.0577,227.41,228.0577,2231
DDOG,2026-09-15,10:24,228.125,228.125,227.825,227.845,2872
DDOG,2026-09-15,10:25,228.43,228.43,228.43,228.43,763
DDOG,2026-09-15,10:26,228.515,228.68,228.1511,228.24,9239
DDOG,2026-09-15,10:27,228.055,228.055,227.88,227.88,1988
DDOG,2026-09-15,10:28,227.978,227.978,227.24,227.38,13401
DDOG,2026-09-15,10:29,227.275,227.575,227.275,227.405,7623
DDOG,2026-09-15,10:30,227.405,227.405,226.925,226.925,6415
DDOG,2026-09-15,10:31,226.8,226.89,226.54,226.54,10960
DDOG,2026-09-15,10:32,226.54,226.575,226.42,226.42,5568
DDOG,2026-09-15,10:33,226.415,226.525,226.27,226.43,6016
DDOG,2026-09-15,10:34,226.43,226.54,226.43,226.54,2205
DDOG,2026-09-15,10:35,226.54,226.54,226.375,226.375,2192
DDOG,2026-09-15,10:36,226.43,226.58,226.32,226.54,5531
DDOG,2026-09-15,10:37,226.38,226.445,226.19,226.275,7484
DDOG,2026-09-15,10:38,226.175,226.415,226.071,226.415,6620
DDOG,2026-09-15,10:39,226.46,226.82,226.2,226.82,5298
DDOG,2026-09-15,10:40,226.68,226.68,226.46,226.46,2767
DDOG,2026-09-15,10:41,226.46,226.655,226.46,226.655,2903
DDOG,2026-09-15,10:42,226.78,226.96,226.71,226.885,4798
DDOG,2026-09-15,10:43,226.79,227.195,226.79,227.195,8970
DDOG,2026-09-15,10:44,227.18,227.32,226.95,227.12,6954
DDOG,2026-09-15,10:45,227.12,227.6,227.12,227.54,1975
DDOG,2026-09-15,10:46,227.68,227.88,227.56,227.78,7410
DDOG,2026-09-15,10:47,227.695,228.04,227.695,228.01,1942
DDOG,2026-09-15,10:48,228.04,228.6399,227.94,228.57,5656
DDOG,2026-09-15,10:49,228.59,228.59,227.805,227.95,11752
DDOG,2026-09-15,10:50,227.72,227.73,227.33,227.445,6552
DDOG,2026-09-15,10:51,227.62,227.7,227.54,227.54,3998
DDOG,2026-09-15,10:52,227.72,227.85,227.525,227.695,4245
DDOG,2026-09-15,10:53,227.61,227.68,227.53,227.56,5309
DDOG,2026-09-15,10:54,227.57,227.6999,227.46,227.545,7261
DDOG,2026-09-15,10:55,227.44,227.45,227.225,227.31,7005
DDOG,2026-09-15,10:56,227.31,227.31,226.91,227.15,8283
DDOG,2026-09-15,10:57,227.095,227.3,227.045,227.3,3728
DDOG,2026-09-15,10:58,227.13,227.23,227.108,227.23,5192
DDOG,2026-09-15,10:59,227.51,227.51,227.51,227.51,1054
DDOG,2026-09-15,11:00,227.22,227.68,227.22,227.68,7242
DDOG,2026-09-15,11:01,227.7,227.7,227.56,227.56,3158
DDOG,2026-09-15,11:02,227.625,227.7,227.625,227.68,2475
DDOG,2026-09-15,11:03,227.74,229.69,227.74,229.55,9559
DDOG,2026-09-15,11:04,229.79,229.79,229.34,229.69,11604
DDOG,2026-09-15,11:05,229.745,229.97,229.49,229.525,7794
DDOG,2026-09-15,11:06,229.525,229.57,229.525,229.54,1941
DDOG,2026-09-15,11:07,229.55,229.81,229.37,229.81,7911
DDOG,2026-09-15,11:08,229.745,229.81,229.675,229.765,4720
DDOG,2026-09-15,11:09,229.66,229.6899,229.3515,229.495,10287
DDOG,2026-09-15,11:10,229.43,229.53,229.43,229.455,2487
DDOG,2026-09-15,11:11,229.71,229.71,229.49,229.575,6037
DDOG,2026-09-15,11:12,229.585,229.8,229.5001,229.635,4217
DDOG,2026-09-15,11:13,229.77,230.015,229.77,229.9,6233
DDOG,2026-09-15,11:14,229.9,230.2,229.9,230.2,3830
DDOG,2026-09-15,11:15,230.02,230.02,230.02,230.02,1682
DDOG,2026-09-15,11:16,230.16,230.16,230.055,230.13,2381
DDOG,2026-09-15,11:17,230.05,230.2,229.88,229.93,8059
DDOG,2026-09-15,11:18,229.925,230,229.79,229.8875,8930
DDOG,2026-09-15,11:19,229.89,229.92,229.67,229.67,6602
DDOG,2026-09-15,11:20,229.5,229.545,229.27,229.27,6270
DDOG,2026-09-15,11:21,229.325,229.325,229.1604,229.1604,3241
DDOG,2026-09-15,11:22,229.22,229.3,229.15,229.245,4888
DDOG,2026-09-15,11:23,229.37,229.6,229.34,229.52,6473
DDOG,2026-09-15,11:24,229.4735,229.65,229.46,229.515,2935
DDOG,2026-09-15,11:25,229.515,229.64,229.3801,229.532,11152
DDOG,2026-09-15,11:26,229.5001,229.5001,229.37,229.455,5898
DDOG,2026-09-15,11:27,229.455,229.66,229.42,229.66,7584
DDOG,2026-09-15,11:28,229.77,229.8496,229.77,229.8496,3432
DDOG,2026-09-15,11:29,229.79,230,229.79,229.98,5707
DDOG,2026-09-15,11:30,229.98,230.07,229.9,230.01,4773
DDOG,2026-09-15,11:31,229.99,230.07,229.785,229.94,25555
DDOG,2026-09-15,11:32,229.845,230.05,229.81,229.87,4291
DDOG,2026-09-15,11:33,229.87,229.93,229.86,229.86,2825
DDOG,2026-09-15,11:34,229.865,229.865,229.55,229.69,9036
DDOG,2026-09-15,11:35,229.665,229.665,229.645,229.645,852
DDOG,2026-09-15,11:36,229.6,229.79,229.55,229.79,5687
DDOG,2026-09-15,11:37,229.805,229.96,229.805,229.96,2453
DDOG,2026-09-15,11:38,229.84,230,229.84,229.95,3789
DDOG,2026-09-15,11:39,229.89,229.89,229.76,229.76,5295
DDOG,2026-09-15,11:40,229.805,229.9,229.7,229.88,6573
DDOG,2026-09-15,11:41,229.835,229.91,229.71,229.82,4213
DDOG,2026-09-15,11:42,229.82,229.975,229.73,229.82,7156
DDOG,2026-09-15,11:43,229.83,230,229.59,229.69,12913
DDOG,2026-09-15,11:44,229.85,230.1125,229.78,229.88,40781
DDOG,2026-09-15,11:45,229.865,229.865,229.7,229.82,2993
DDOG,2026-09-15,11:46,229.83,229.84,229.62,229.66,4219
DDOG,2026-09-15,11:47,229.8389,229.8389,229.4961,229.72,4841
DDOG,2026-09-15,11:48,229.815,229.815,229.72,229.72,3801
DDOG,2026-09-15,11:49,229.735,229.735,229.735,229.735,999
DDOG,2026-09-15,11:50,229.735,229.735,229.735,229.735,2846
DDOG,2026-09-15,11:51,229.6,229.73,229.53,229.68,4566
DDOG,2026-09-15,11:52,229.5169,229.88,229.4798,229.85,8644
DDOG,2026-09-15,11:53,229.81,230.1,229.76,229.99,28325
DDOG,2026-09-15,11:54,229.925,229.925,229.745,229.84,8612
DDOG,2026-09-15,11:55,229.86,230.59,229.86,230.3525,27725
DDOG,2026-09-15,11:56,230.66,230.9667,230.56,230.905,22156
DDOG,2026-09-15,11:57,230.905,230.935,230.79,230.9,14359
DDOG,2026-09-15,11:58,230.8862,230.8862,230.68,230.68,4987
DDOG,2026-09-15,11:59,230.755,230.91,230.615,230.855,24117
DDOG,2026-09-15,12:00,230.845,231.16,230.73,230.915,15076
DDOG,2026-09-15,12:01,230.75,231,230.75,230.99,8725
DDOG,2026-09-15,12:02,230.87,230.87,230.51,230.51,12108
DDOG,2026-09-15,12:03,230.5101,230.625,230.5101,230.62,7395
DDOG,2026-09-15,12:04,230.53,230.605,230.5,230.6,3835
DDOG,2026-09-15,12:05,230.6,230.6,230.38,230.38,7836
DDOG,2026-09-15,12:06,230.38,230.38,230.27,230.37,2621
DDOG,2026-09-15,12:07,230.37,230.58,230.24,230.25,6726
DDOG,2026-09-15,12:08,230.215,230.215,230.1,230.18,4176
DDOG,2026-09-15,12:09,230.06,230.07,230.02,230.02,4859
DDOG,2026-09-15,12:10,230.06,230.225,230.01,230.225,5105
DDOG,2026-09-15,12:11,230.27,230.41,230.27,230.39,3426
DDOG,2026-09-15,12:12,230.28,230.455,230.28,230.435,2850
DDOG,2026-09-15,12:13,230.445,230.648,230.445,230.565,12275
DDOG,2026-09-15,12:14,230.49,230.62,230.49,230.565,5580
DDOG,2026-09-15,12:15,230.565,230.88,230.565,230.86,7123
DDOG,2026-09-15,12:16,230.86,230.86,230.72,230.73,6110
DDOG,2026-09-15,12:17,230.67,231.17,230.67,231.15,7344
DDOG,2026-09-15,12:18,231.14,231.155,231.01,231.05,8947
DDOG,2026-09-15,12:19,230.95,231.15,230.95,231.15,8144
DDOG,2026-09-15,12:20,231.15,231.74,231.04,231.74,12671
DDOG,2026-09-15,12:21,231.86,232.09,231.84,231.94,6816
DDOG,2026-09-15,12:22,231.93,232.11,231.89,232,5613
DDOG,2026-09-15,12:23,231.98,232.17,231.98,232.15,4214
DDOG,2026-09-15,12:24,232.225,232.33,232.225,232.33,2868
DDOG,2026-09-15,12:25,232.2607,232.31,232.2,232.265,3642
DDOG,2026-09-15,12:26,232.265,232.41,232.18,232.4,4612
DDOG,2026-09-15,12:27,232.4,232.745,232.4,232.745,3279
DDOG,2026-09-15,12:28,232.745,232.785,232.1,232.1,11794
DDOG,2026-09-15,12:29,232.1,232.125,232.1,232.125,2272
DDOG,2026-09-15,12:30,232.125,232.1255,232.095,232.1,3234
DDOG,2026-09-15,12:31,232.045,232.215,232.045,232.165,3124
DDOG,2026-09-15,12:32,232.175,232.28,232.16,232.28,3586
DDOG,2026-09-15,12:33,232.24,232.44,232.24,232.3,3664
DDOG,2026-09-15,12:34,232.66,232.71,232.33,232.33,8252
DDOG,2026-09-15,12:35,232.33,232.33,232.22,232.22,5238
DDOG,2026-09-15,12:36,232.265,232.265,231.75,231.75,9049
DDOG,2026-09-15,12:37,231.675,231.755,231.675,231.755,2084
DDOG,2026-09-15,12:38,231.715,232.205,231.715,232.205,12482
DDOG,2026-09-15,12:39,232.275,232.275,232.13,232.2,2502
DDOG,2026-09-15,12:40,232.2,232.2,232.0941,232.14,5000
DDOG,2026-09-15,12:41,232.125,232.125,231.63,231.71,24629
DDOG,2026-09-15,12:42,231.5365,231.7,231.48,231.485,5817
DDOG,2026-09-15,12:43,231.485,231.6,231.16,231.27,5224
DDOG,2026-09-15,12:44,231.165,231.3195,231.165,231.23,4289
DDOG,2026-09-15,12:45,231.16,231.3225,231.15,231.25,6311
DDOG,2026-09-15,12:46,231.32,231.335,231.2,231.335,5995
DDOG,2026-09-15,12:47,231.385,231.435,231.27,231.42,6903
DDOG,2026-09-15,12:48,231.48,231.53,231.4159,231.43,6732
DDOG,2026-09-15,12:49,231.455,231.455,231.29,231.37,7082
DDOG,2026-09-15,12:50,231.37,231.425,231.18,231.18,7404
DDOG,2026-09-15,12:51,231.11,231.11,230.925,230.95,5838
DDOG,2026-09-15,12:52,230.975,231.105,230.975,231.105,3183
DDOG,2026-09-15,12:53,231.105,231.235,231.1,231.21,3135
DDOG,2026-09-15,12:54,231.175,231.25,231.16,231.215,3144
DDOG,2026-09-15,12:55,231.23,231.285,231.08,231.09,6292
DDOG,2026-09-15,12:56,231.15,231.22,231.145,231.22,2760
DDOG,2026-09-15,12:57,231.1,231.18,231.05,231.095,15100
DDOG,2026-09-15,12:58,231.165,231.165,230.912,230.9198,11205
DDOG,2026-09-15,12:59,230.975,231.07,230.88,230.975,4885
DDOG,2026-09-15,13:00,231.06,231.11,230.84,230.87,9671
DDOG,2026-09-15,13:01,230.79,230.845,230.69,230.755,4943
DDOG,2026-09-15,13:02,230.755,230.755,230.305,230.305,5825
DDOG,2026-09-15,13:03,230.305,230.655,230.27,230.655,7689
DDOG,2026-09-15,13:04,230.6,230.65,230.56,230.625,2849
DDOG,2026-09-15,13:05,230.6,230.625,230.46,230.46,6687
DDOG,2026-09-15,13:06,230.46,230.645,230.4023,230.645,7018
DDOG,2026-09-15,13:07,230.55,230.695,230.53,230.695,4810
DDOG,2026-09-15,13:08,230.695,230.695,230.6,230.67,3732
DDOG,2026-09-15,13:09,230.625,230.625,230.5,230.505,3096
DDOG,2026-09-15,13:10,230.4902,230.505,230.48,230.505,3821
DDOG,2026-09-15,13:11,230.505,230.64,230.43,230.64,7080
DDOG,2026-09-15,13:12,230.64,230.68,230.5,230.68,7310
DDOG,2026-09-15,13:13,230.69,231.08,230.69,231.08,5435
DDOG,2026-09-15,13:14,231.075,231.075,230.69,230.74,6999
DDOG,2026-09-15,13:15,230.74,230.74,230.36,230.37,82541
DDOG,2026-09-15,13:16,230.385,230.46,230.385,230.46,674
DDOG,2026-09-15,13:17,230.46,230.55,229.8,229.84,26413
DDOG,2026-09-15,13:18,229.82,229.845,229.67,229.715,5822
DDOG,2026-09-15,13:19,229.5,229.5,229.3,229.3,5758
DDOG,2026-09-15,13:20,229.19,229.19,229.18,229.18,1082
DDOG,2026-09-15,13:21,229.21,229.26,229.205,229.26,1713
DDOG,2026-09-15,13:22,229.235,229.235,229.03,229.09,5889
DDOG,2026-09-15,13:23,229.285,229.37,229.28,229.37,1352
DDOG,2026-09-15,13:24,229.235,229.265,229.11,229.17,4002
DDOG,2026-09-15,13:25,229.075,229.075,228.9,229.015,3925
DDOG,2026-09-15,13:26,229.12,229.12,228.83,228.83,3211
DDOG,2026-09-15,13:27,228.705,228.705,228.52,228.52,2754
DDOG,2026-09-15,13:28,228.46,228.585,228.46,228.535,2279
DDOG,2026-09-15,13:29,228.58,228.58,228.37,228.49,2305
DDOG,2026-09-15,13:30,228.465,228.58,228.32,228.4,3254
DDOG,2026-09-15,13:31,228.39,228.565,228.39,228.565,1799
DDOG,2026-09-15,13:32,228.71,228.76,228.59,228.665,8099
DDOG,2026-09-15,13:33,228.665,228.7968,228.665,228.7968,3610
DDOG,2026-09-15,13:34,228.76,228.76,228.6801,228.75,2320
DDOG,2026-09-15,13:35,228.7472,228.925,228.7472,228.825,5324
DDOG,2026-09-15,13:36,228.79,228.825,228.67,228.73,3555
DDOG,2026-09-15,13:37,228.73,228.73,228.58,228.61,5396
DDOG,2026-09-15,13:38,228.5901,228.615,228.53,228.61,6145
DDOG,2026-09-15,13:39,228.61,228.61,228.51,228.605,1658
DDOG,2026-09-15,13:40,228.51,228.6,228.51,228.6,1937
DDOG,2026-09-15,13:41,228.6,228.6,228.5,228.57,5942
DDOG,2026-09-15,13:42,228.56,228.679,228.56,228.58,4922
DDOG,2026-09-15,13:43,228.54,228.62,228.52,228.52,2312
DDOG,2026-09-15,13:44,228.545,228.62,228.53,228.53,5356
DDOG,2026-09-15,13:45,228.53,228.62,228.52,228.575,3226
DDOG,2026-09-15,13:46,228.655,228.665,228.595,228.605,2182
DDOG,2026-09-15,13:47,228.52,228.66,228.49,228.66,5294
DDOG,2026-09-15,13:48,228.625,228.805,228.625,228.805,4979
DDOG,2026-09-15,13:49,228.91,228.91,228.82,228.89,4214
DDOG,2026-09-15,13:50,228.89,229.015,228.72,229.015,8330
DDOG,2026-09-15,13:51,229.015,229.015,228.42,228.42,8473
DDOG,2026-09-15,13:52,228.5,228.6,228.5,228.575,2455
DDOG,2026-09-15,13:53,228.54,228.64,228.54,228.54,1474
DDOG,2026-09-15,13:54,228.66,228.71,228.56,228.56,3654
DDOG,2026-09-15,13:55,228.56,228.56,228.56,228.56,1274
DDOG,2026-09-15,13:56,228.56,228.68,228.56,228.65,3066
DDOG,2026-09-15,13:57,228.6817,228.805,228.6817,228.775,1720
DDOG,2026-09-15,13:58,228.73,228.73,228.655,228.73,5545
DDOG,2026-09-15,13:59,228.69,228.85,228.68,228.85,4184
DDOG,2026-09-15,14:00,228.97,228.97,228.8,228.82,5468
DDOG,2026-09-15,14:01,228.73,229,228.56,229,5068
DDOG,2026-09-15,14:02,229.22,229.355,229.21,229.255,3724
DDOG,2026-09-15,14:03,229.255,229.255,229.15,229.21,3493
DDOG,2026-09-15,14:04,229.215,229.3,229.18,229.29,3330
DDOG,2026-09-15,14:05,229.22,229.35,229.17,229.35,3245
DDOG,2026-09-15,14:06,229.335,229.39,229.335,229.355,2263
DDOG,2026-09-15,14:07,229.345,229.57,229.34,229.55,2834
DDOG,2026-09-15,14:08,229.65,229.69,229.56,229.67,6261
DDOG,2026-09-15,14:09,229.67,229.67,229.24,229.24,6698
DDOG,2026-09-15,14:10,229.24,229.459,229.24,229.459,2176
DDOG,2026-09-15,14:11,229.54,230.52,229.54,230.44,36926
DDOG,2026-09-15,14:12,230.76,230.85,230.76,230.85,2741
DDOG,2026-09-15,14:13,230.84,230.85,230.72,230.755,6946
DDOG,2026-09-15,14:14,230.69,230.75,230.54,230.66,12569
DDOG,2026-09-15,14:15,230.65,230.8926,230.65,230.81,6961
DDOG,2026-09-15,14:16,230.795,230.795,230.68,230.72,5507
DDOG,2026-09-15,14:17,230.775,230.94,230.775,230.885,10105
DDOG,2026-09-15,14:18,230.95,230.95,230.83,230.855,19827
DDOG,2026-09-15,14:19,230.855,231.05,230.855,231.05,1769
DDOG,2026-09-15,14:20,230.985,231.11,230.985,231.03,4250
DDOG,2026-09-15,14:21,231.025,231.025,230.92,230.97,2974
DDOG,2026-09-15,14:22,230.97,231.025,230.96,231.025,3601
DDOG,2026-09-15,14:23,231.0651,231.075,230.59,230.59,8982
DDOG,2026-09-15,14:24,230.57,230.575,230.41,230.565,18812
DDOG,2026-09-15,14:25,230.575,230.72,230.43,230.4821,5596
DDOG,2026-09-15,14:26,230.535,230.79,230.4867,230.79,3866
DDOG,2026-09-15,14:27,230.79,230.79,230.4001,230.52,5143
DDOG,2026-09-15,14:28,230.39,230.39,230.35,230.35,2680
DDOG,2026-09-15,14:29,230.11,230.11,229.84,229.84,5171
DDOG,2026-09-15,14:30,229.8401,230.34,229.8401,230.28,5626
DDOG,2026-09-15,14:31,230.3,230.465,230.235,230.465,5000
DDOG,2026-09-15,14:32,230.47,230.88,230.44,230.88,6068
DDOG,2026-09-15,14:33,230.9,231.06,230.7577,231.06,5719
DDOG,2026-09-15,14:34,230.995,230.995,230.6,230.6,6023
DDOG,2026-09-15,14:35,230.6,230.6,230.5,230.545,3730
DDOG,2026-09-15,14:36,230.555,230.92,230.52,230.775,2797
DDOG,2026-09-15,14:37,230.89,231.015,230.775,231.015,3902
DDOG,2026-09-15,14:38,230.95,231.175,230.95,231.13,5659
DDOG,2026-09-15,14:39,231.14,231.14,231.14,231.14,1327
DDOG,2026-09-15,14:40,231.14,231.1644,231.01,231.1644,5058
DDOG,2026-09-15,14:41,231.115,231.31,231.115,231.18,4975
DDOG,2026-09-15,14:42,231.1975,231.42,231.1975,231.33,3715
DDOG,2026-09-15,14:43,231.38,231.4,231.16,231.21,6728
DDOG,2026-09-15,14:44,231.27,231.27,230.85,230.85,7534
DDOG,2026-09-15,14:45,230.85,230.85,230.71,230.71,3024
DDOG,2026-09-15,14:46,230.64,230.64,230.31,230.445,7171
DDOG,2026-09-15,14:47,230.39,230.39,230.195,230.195,6602
DDOG,2026-09-15,14:48,230.3,230.3,230.135,230.225,4602
DDOG,2026-09-15,14:49,230.1,230.295,230.08,230.26,3543
DDOG,2026-09-15,14:50,230.325,230.4092,230.1625,230.175,5053
DDOG,2026-09-15,14:51,230.18,230.18,230.09,230.17,4123
DDOG,2026-09-15,14:52,230.08,230.08,229.718,229.77,7978
DDOG,2026-09-15,14:53,229.81,229.82,229.67,229.67,4743
DDOG,2026-09-15,14:54,229.695,229.81,229.65,229.81,2851
DDOG,2026-09-15,14:55,229.715,230.095,229.715,230.095,4115
DDOG,2026-09-15,14:56,230.08,230.08,229.97,229.97,2701
DDOG,2026-09-15,14:57,229.99,230.055,229.94,230.045,5185
DDOG,2026-09-15,14:58,229.99,230.01,229.93,229.93,6739
DDOG,2026-09-15,14:59,229.93,230.04,229.925,229.99,5003
DDOG,2026-09-15,15:00,230.02,230.32,230.02,230.32,2269
DDOG,2026-09-15,15:01,230.32,230.415,230.32,230.32,3389
DDOG,2026-09-15,15:02,230.26,230.295,230.11,230.13,5828
DDOG,2026-09-15,15:03,230.13,230.23,230.1,230.135,4207
DDOG,2026-09-15,15:04,230.11,230.15,230,230,6719
DDOG,2026-09-15,15:05,229.95,229.99,229.15,229.15,12170
DDOG,2026-09-15,15:06,229.215,229.29,229.115,229.2,5563
DDOG,2026-09-15,15:07,229.15,229.21,229.15,229.155,2021
DDOG,2026-09-15,15:08,229.3,229.46,229.274,229.274,6035
DDOG,2026-09-15,15:09,229.24,229.24,229.115,229.115,4241
DDOG,2026-09-15,15:10,229.085,229.225,229.085,229.225,4586
DDOG,2026-09-15,15:11,229.195,229.35,229.195,229.31,3671
DDOG,2026-09-15,15:12,229.315,229.405,229.315,229.325,2852
DDOG,2026-09-15,15:13,229.365,229.365,229.27,229.345,6266
DDOG,2026-09-15,15:14,229.35,229.35,229.35,229.35,1194
DDOG,2026-09-15,15:15,229.35,229.615,229.26,229.56,10605
DDOG,2026-09-15,15:16,229.48,229.53,229.47,229.53,3871
DDOG,2026-09-15,15:17,229.53,229.55,229.53,229.55,3669
DDOG,2026-09-15,15:18,229.52,229.725,229.52,229.725,3268
DDOG,2026-09-15,15:19,229.72,229.8,229.49,229.58,10503
DDOG,2026-09-15,15:20,229.58,229.5939,229.53,229.555,2638
DDOG,2026-09-15,15:21,229.55,229.55,229.46,229.49,5690
DDOG,2026-09-15,15:22,229.44,229.49,229.44,229.49,3477
DDOG,2026-09-15,15:23,229.57,229.64,229.57,229.635,2314
DDOG,2026-09-15,15:24,229.6001,229.745,229.6001,229.745,7899
DDOG,2026-09-15,15:25,229.745,229.755,229.675,229.72,5160
DDOG,2026-09-15,15:26,229.805,229.98,229.79,229.885,7456
DDOG,2026-09-15,15:27,229.885,229.965,229.87,229.95,4547
DDOG,2026-09-15,15:28,229.96,229.96,229.49,229.49,17419
DDOG,2026-09-15,15:29,229.46,229.51,229.44,229.44,4081
DDOG,2026-09-15,15:30,229.5,229.53,229.38,229.46,9511
DDOG,2026-09-15,15:31,229.61,229.61,229.49,229.52,5992
DDOG,2026-09-15,15:32,229.46,229.58,229.46,229.55,5882
DDOG,2026-09-15,15:33,229.51,229.6,229.51,229.55,5192
DDOG,2026-09-15,15:34,229.55,229.82,229.55,229.78,5945
DDOG,2026-09-15,15:35,229.75,229.79,229.66,229.675,7809
DDOG,2026-09-15,15:36,229.675,229.825,229.675,229.77,3215
DDOG,2026-09-15,15:37,229.85,230.31,229.85,230.26,16191
DDOG,2026-09-15,15:38,230.24,230.24,229.97,229.97,6194
DDOG,2026-09-15,15:39,230.035,230.425,229.97,230.085,20528
DDOG,2026-09-15,15:40,230.085,230.27,230.055,230.17,31420
DDOG,2026-09-15,15:41,230.23,230.41,230.07,230.23,27606
DDOG,2026-09-15,15:42,230.17,230.305,230.17,230.175,12704
DDOG,2026-09-15,15:43,230.175,230.24,229.78,229.84,9883
DDOG,2026-09-15,15:44,229.85,229.895,229.78,229.86,8534
DDOG,2026-09-15,15:45,229.85,229.99,229.79,229.99,11400
DDOG,2026-09-15,15:46,230.01,230.06,229.94,230.02,4867
DDOG,2026-09-15,15:47,230.02,230.18,230.01,230.13,12945
DDOG,2026-09-15,15:48,230.135,230.18,230.07,230.12,3061
DDOG,2026-09-15,15:49,230.12,230.43,230.12,230.395,10393
DDOG,2026-09-15,15:50,230.29,230.29,229.9,229.93,17293
DDOG,2026-09-15,15:51,229.87,229.89,229.72,229.785,21560
DDOG,2026-09-15,15:52,229.715,229.83,229.65,229.83,15634
DDOG,2026-09-15,15:53,229.78,230.0642,229.75,229.825,14354
DDOG,2026-09-15,15:54,229.74,230.1,229.69,230.04,38531
DDOG,2026-09-15,15:55,230.03,230.11,229.79,229.965,26745
DDOG,2026-09-15,15:56,229.97,229.97,229.75,229.75,31848
DDOG,2026-09-15,15:57,229.8,229.97,229.75,229.97,28348
DDOG,2026-09-15,15:58,229.955,230.1,229.87,230.03,44704
DDOG,2026-09-15,15:59,230.035,230.37,230,230.12,77397
DDOG,2026-09-16,09:30,229.13,231.09,227,231.09,55830
DDOG,2026-09-16,09:31,231,232.5,229.73,232.5,21437
DDOG,2026-09-16,09:32,232.1601,232.61,231.82,232.61,7844
DDOG,2026-09-16,09:33,233.2,234.975,233.2,234.975,9080
DDOG,2026-09-16,09:34,234.94,234.94,233.925,233.99,4393
DDOG,2026-09-16,09:35,233.99,234.21,232.775,233.19,5392
DDOG,2026-09-16,09:36,233.005,233.125,232.01,232.25,7478
DDOG,2026-09-16,09:37,232.365,232.73,232.33,232.33,4407
DDOG,2026-09-16,09:38,232.87,233.09,232.19,232.19,6962
DDOG,2026-09-16,09:39,232.21,232.725,231.44,232.49,16161
DDOG,2026-09-16,09:40,232.63,233.365,232.63,232.86,9987
DDOG,2026-09-16,09:41,233.2,233.55,232.94,233.205,4805
DDOG,2026-09-16,09:42,233.205,234.3,233.09,234.3,5127
DDOG,2026-09-16,09:43,235,235.5539,234.88,235.5539,15508
DDOG,2026-09-16,09:44,234.94,236,234.93,235.76,5658
DDOG,2026-09-16,09:45,235.75,235.88,234.81,234.81,9645
DDOG,2026-09-16,09:46,235.07,235.07,234.12,234.23,9270
DDOG,2026-09-16,09:47,234.78,234.78,233.965,234.005,3408
DDOG,2026-09-16,09:48,233.61,233.61,232.85,232.92,7364
DDOG,2026-09-16,09:49,233.14,233.575,232.8867,233.215,3533
DDOG,2026-09-16,09:50,233.61,233.61,232.95,232.95,2903
DDOG,2026-09-16,09:51,233.205,233.44,232.96,233.44,2735
DDOG,2026-09-16,09:52,233.24,233.24,233.24,233.24,791
DDOG,2026-09-16,09:53,233.61,234.105,233.45,233.45,5284
DDOG,2026-09-16,09:54,233.39,234,233.16,233.57,3426
DDOG,2026-09-16,09:55,233.33,233.33,232.82,232.96,3189
DDOG,2026-09-16,09:56,233.135,233.39,233,233.06,12095
DDOG,2026-09-16,09:57,232.88,233.32,232.79,232.86,4070
DDOG,2026-09-16,09:58,233.02,233.02,232.92,232.935,1945
DDOG,2026-09-16,09:59,232.94,234.33,232.94,234.33,5830
DDOG,2026-09-16,10:00,234.41,234.6,234.41,234.415,3973
DDOG,2026-09-16,10:01,234.26,234.26,233.67,233.865,7421
DDOG,2026-09-16,10:02,233.735,233.7365,233.57,233.57,2750
DDOG,2026-09-16,10:03,233.57,234.605,233.57,234.6,4795
DDOG,2026-09-16,10:04,234.6992,234.71,234.205,234.205,9686
DDOG,2026-09-16,10:05,234.52,234.54,234.205,234.49,2565
DDOG,2026-09-16,10:06,234.95,235.37,234.91,235.37,4038
DDOG,2026-09-16,10:07,235.18,235.18,234.74,234.74,8043
DDOG,2026-09-16,10:08,234.46,234.46,234.44,234.45,2195
DDOG,2026-09-16,10:09,234.6,234.67,234.435,234.63,3913
DDOG,2026-09-16,10:10,234.6,234.9999,234.6,234.9999,4557
DDOG,2026-09-16,10:11,234.561,234.561,234.09,234.21,7185
DDOG,2026-09-16,10:12,234.22,234.38,234.22,234.38,2858
DDOG,2026-09-16,10:13,234.1,234.1,234.1,234.1,516
DDOG,2026-09-16,10:14,234.07,234.35,234,234.05,2792
DDOG,2026-09-16,10:15,233.875,234.5,233.875,234.5,3499
DDOG,2026-09-16,10:16,234.52,234.71,234.52,234.52,2270
DDOG,2026-09-16,10:17,234.565,234.94,234.565,234.59,5992
DDOG,2026-09-16,10:18,235.2,235.79,235.2,235.79,10055
DDOG,2026-09-16,10:19,235.5,235.87,235.16,235.575,4348
DDOG,2026-09-16,10:20,235.71,236.49,235.58,236,17032
DDOG,2026-09-16,10:21,236.25,236.25,235.765,236.0147,2474
DDOG,2026-09-16,10:22,235.8801,236.04,235.48,235.48,4947
DDOG,2026-09-16,10:23,235.495,235.77,235.495,235.77,1114
DDOG,2026-09-16,10:24,235.41,235.435,235.41,235.435,1120
DDOG,2026-09-16,10:25,235.49,236.005,235.49,236.005,5243
DDOG,2026-09-16,10:26,236.005,236.18,235.74,236,2919
DDOG,2026-09-16,10:27,235.645,235.735,235.27,235.33,2469
DDOG,2026-09-16,10:28,235.25,235.5,235,235.06,11507
DDOG,2026-09-16,10:29,234.87,234.87,234.4837,234.4837,2540
DDOG,2026-09-16,10:30,233.865,233.865,233.5305,233.5305,3030
DDOG,2026-09-16,10:31,233.87,234.54,233.87,234.11,2619
DDOG,2026-09-16,10:32,234,234.21,233.89,233.89,2934
DDOG,2026-09-16,10:33,233.89,233.89,233.89,233.89,0
DDOG,2026-09-16,10:34,234.24,234.47,234.24,234.47,1214
DDOG,2026-09-16,10:35,234.555,234.62,234.52,234.62,2004
DDOG,2026-09-16,10:36,234.4443,234.7,234.4443,234.7,755
DDOG,2026-09-16,10:37,234.67,234.98,234.54,234.765,5359
DDOG,2026-09-16,10:38,234.84,234.905,234.67,234.81,4309
DDOG,2026-09-16,10:39,234.68,234.68,234.35,234.585,5797
DDOG,2026-09-16,10:40,234.495,234.65,234.495,234.65,3360
DDOG,2026-09-16,10:41,234.65,234.65,234.65,234.65,0
DDOG,2026-09-16,10:42,234.65,234.65,234.65,234.65,0
DDOG,2026-09-16,10:43,235.01,235.0425,235.01,235.0425,1632
DDOG,2026-09-16,10:44,235.03,235.03,234.94,234.94,1868
DDOG,2026-09-16,10:45,235.1543,235.52,235.1543,235.52,6080
DDOG,2026-09-16,10:46,235.28,235.63,235.28,235.63,3409
DDOG,2026-09-16,10:47,235.58,235.71,235.58,235.58,51967
DDOG,2026-09-16,10:48,235.7599,235.85,235.585,235.85,6554
DDOG,2026-09-16,10:49,235.795,235.795,235.43,235.61,3678
DDOG,2026-09-16,10:50,235.72,235.72,235.72,235.72,2024
DDOG,2026-09-16,10:51,235.57,235.57,235.57,235.57,957
DDOG,2026-09-16,10:52,235.6,235.6,235.56,235.56,1927
DDOG,2026-09-16,10:53,235.6,235.8,235.6,235.8,4731
DDOG,2026-09-16,10:54,235.905,235.905,235.71,235.71,1307
DDOG,2026-09-16,10:55,235.53,235.53,235.53,235.53,2128
DDOG,2026-09-16,10:56,235.53,235.53,235.53,235.53,0
DDOG,2026-09-16,10:57,235.98,235.98,235.85,235.87,3020
DDOG,2026-09-16,10:58,236.045,236.045,235.52,235.52,3414
DDOG,2026-09-16,10:59,235.67,235.83,235.52,235.66,5228
DDOG,2026-09-16,11:00,235.78,236.04,235.535,235.535,2831
DDOG,2026-09-16,11:01,235.595,235.595,235.36,235.36,2324
DDOG,2026-09-16,11:02,235.28,235.58,235.28,235.58,3867
DDOG,2026-09-16,11:03,235.3701,235.63,235.3701,235.63,3609
DDOG,2026-09-16,11:04,235.68,235.83,235.62,235.64,3568
DDOG,2026-09-16,11:05,235.9166,235.9166,235.715,235.715,3241
DDOG,2026-09-16,11:06,235.56,235.72,235.56,235.72,1151
DDOG,2026-09-16,11:07,235.91,236.1,235.91,236.1,2940
DDOG,2026-09-16,11:08,236.01,236.01,236.01,236.01,833
DDOG,2026-09-16,11:09,236.37,236.37,236.06,236.21,5583
DDOG,2026-09-16,11:10,236.21,236.34,236.21,236.34,2000
DDOG,2026-09-16,11:11,236.33,236.7899,236.33,236.36,3731
DDOG,2026-09-16,11:12,236.42,236.63,236.22,236.63,4938
DDOG,2026-09-16,11:13,236.78,236.78,236.642,236.75,3463
DDOG,2026-09-16,11:14,236.81,236.86,236.55,236.55,4474
DDOG,2026-09-16,11:15,236.36,236.36,236.23,236.23,2360
DDOG,2026-09-16,11:16,236.1101,236.1101,236.07,236.07,1802
DDOG,2026-09-16,11:17,236.29,236.31,236.07,236.07,1244
DDOG,2026-09-16,11:18,236.07,236.36,236.07,236.12,1810
DDOG,2026-09-16,11:19,236.1194,236.285,236.1,236.285,887
DDOG,2026-09-16,11:20,236.285,236.285,236.09,236.09,1784
DDOG,2026-09-16,11:21,236,236.115,235.95,236.115,1528
DDOG,2026-09-16,11:22,236.14,236.34,235.91,236.14,3114
DDOG,2026-09-16,11:23,236.3699,236.3699,236.0468,236.0468,794
DDOG,2026-09-16,11:24,236.15,236.35,235.94,236.25,2662
DDOG,2026-09-16,11:25,236.15,236.15,235.9,235.9,4609
DDOG,2026-09-16,11:26,235.99,236.06,235.81,235.89,2439
DDOG,2026-09-16,11:27,235.96,235.96,235.96,235.96,1695
DDOG,2026-09-16,11:28,236.14,236.14,235.98,235.98,2740
DDOG,2026-09-16,11:29,236.13,236.13,236.13,236.13,1491
DDOG,2026-09-16,11:30,236.135,236.135,235.8,236.035,2067
DDOG,2026-09-16,11:31,236.04,236.04,236.04,236.04,1601
DDOG,2026-09-16,11:32,235.82,235.94,235.61,235.78,2800
DDOG,2026-09-16,11:33,235.63,235.71,235.46,235.68,3766
DDOG,2026-09-16,11:34,235.685,235.89,235.2101,235.745,6799
DDOG,2026-09-16,11:35,235.7,235.88,235.7,235.88,3873
DDOG,2026-09-16,11:36,235.21,235.28,234.88,235.145,4681
DDOG,2026-09-16,11:37,235.18,235.28,235,235.28,4423
DDOG,2026-09-16,11:38,235.09,235.165,235.09,235.165,1180
DDOG,2026-09-16,11:39,235.435,235.49,235.435,235.49,1881
DDOG,2026-09-16,11:40,235.63,235.88,235.63,235.88,2949
DDOG,2026-09-16,11:41,235.805,235.995,235.805,235.82,2161
DDOG,2026-09-16,11:42,235.82,235.99,235.72,235.72,2384
DDOG,2026-09-16,11:43,235.65,235.82,235.37,235.39,4369
DDOG,2026-09-16,11:44,235.2,235.5001,235.2,235.5001,2616
DDOG,2026-09-16,11:45,235.495,235.665,235.32,235.515,2460
DDOG,2026-09-16,11:46,235.49,235.68,235.49,235.68,2870
DDOG,2026-09-16,11:47,235.8,236.16,235.8,235.87,6289
DDOG,2026-09-16,11:48,235.96,235.96,235.71,235.71,4163
DDOG,2026-09-16,11:49,235.88,235.88,235.63,235.63,1822
DDOG,2026-09-16,11:50,235.475,235.71,235.19,235.19,1953
DDOG,2026-09-16,11:51,235.12,235.395,235.12,235.13,1485
DDOG,2026-09-16,11:52,235.2277,235.315,235.19,235.19,1520
DDOG,2026-09-16,11:53,235.305,235.305,234.93,234.95,6115
DDOG,2026-09-16,11:54,235.02,235.2,235.02,235.16,2263
DDOG,2026-09-16,11:55,235.2,235.23,235.2,235.23,2448
DDOG,2026-09-16,11:56,235.46,235.46,235.46,235.46,843
DDOG,2026-09-16,11:57,235.49,235.53,235.36,235.475,3742
DDOG,2026-09-16,11:58,235.22,235.255,235.14,235.255,4566
DDOG,2026-09-16,11:59,235.285,235.285,235.285,235.285,1170
DDOG,2026-09-16,12:00,235.33,235.47,235.33,235.365,1052
DDOG,2026-09-16,12:01,235.35,235.35,235.21,235.21,1046
DDOG,2026-09-16,12:02,235.49,235.49,235.48,235.485,1741
DDOG,2026-09-16,12:03,235.3,235.4,235.3,235.335,2893
DDOG,2026-09-16,12:04,235.335,235.41,235.2,235.41,5257
DDOG,2026-09-16,12:05,235.475,235.5,235.475,235.49,1234
DDOG,2026-09-16,12:06,235.26,235.57,235.18,235.37,12327
DDOG,2026-09-16,12:07,235.31,235.31,234.92,235.035,2837
DDOG,2026-09-16,12:08,234.98,234.98,234.8,234.92,3246
DDOG,2026-09-16,12:09,234.925,234.945,234.925,234.945,1742
DDOG,2026-09-16,12:10,234.94,235.14,234.94,235.02,3468
DDOG,2026-09-16,12:11,235,235.1572,234.87,235.1572,3728
DDOG,2026-09-16,12:12,235.07,235.455,235.07,235.455,6462
DDOG,2026-09-16,12:13,235.455,235.69,235.35,235.485,6461
DDOG,2026-09-16,12:14,235.47,235.55,235.39,235.4029,5107
DDOG,2026-09-16,12:15,235.49,235.55,235.49,235.55,1338
DDOG,2026-09-16,12:16,235.495,235.605,235.34,235.34,6259
DDOG,2026-09-16,12:17,235.21,235.21,234.94,234.94,1730
DDOG,2026-09-16,12:18,234.99,234.99,234.99,234.99,1952
DDOG,2026-09-16,12:19,235.15,235.15,235.04,235.04,1965
DDOG,2026-09-16,12:20,235.02,235.02,234.85,234.89,3742
DDOG,2026-09-16,12:21,234.9693,234.9693,234.73,234.73,2804
DDOG,2026-09-16,12:22,234.64,234.64,234.28,234.395,5418
DDOG,2026-09-16,12:23,234.54,234.64,234.45,234.64,3506
DDOG,2026-09-16,12:24,234.695,234.75,234.695,234.75,1366
DDOG,2026-09-16,12:25,234.85,234.9038,234.69,234.76,3237
DDOG,2026-09-16,12:26,234.66,234.93,234.64,234.93,4256
DDOG,2026-09-16,12:27,234.85,235.02,234.74,234.8201,4507
DDOG,2026-09-16,12:28,234.9,235,234.9,235,5358
DDOG,2026-09-16,12:29,235,235,235,235,0
DDOG,2026-09-16,12:30,235,235,235,235,0
DDOG,2026-09-16,12:31,235.37,235.37,235.37,235.37,3303
DDOG,2026-09-16,12:32,235.55,235.55,235.37,235.52,3127
DDOG,2026-09-16,12:33,235.43,235.43,235.17,235.36,5606
DDOG,2026-09-16,12:34,235.4,235.49,235.4,235.49,1776
DDOG,2026-09-16,12:35,235.525,235.565,235.51,235.565,2891
DDOG,2026-09-16,12:36,235.6,235.8,235.5,235.6,9856
DDOG,2026-09-16,12:37,235.47,235.59,235.29,235.35,3362
DDOG,2026-09-16,12:38,235.34,235.3598,235.14,235.14,2688
DDOG,2026-09-16,12:39,235.07,235.11,235.02,235.05,2024
DDOG,2026-09-16,12:40,235.05,235.18,234.92,235.18,8813
DDOG,2026-09-16,12:41,235.25,235.265,235.25,235.265,2882
DDOG,2026-09-16,12:42,235.09,235.09,234.92,234.92,1288
DDOG,2026-09-16,12:43,234.94,234.94,234.66,234.66,3735
DDOG,2026-09-16,12:44,234.54,234.54,234.19,234.265,2643
DDOG,2026-09-16,12:45,234.27,234.39,234.27,234.39,2274
DDOG,2026-09-16,12:46,234.55,234.63,234.49,234.49,2374
DDOG,2026-09-16,12:47,234.515,234.675,234.515,234.675,4563
DDOG,2026-09-16,12:48,234.49,234.5,234.48,234.48,1158
DDOG,2026-09-16,12:49,234.5,234.63,234.44,234.5,3456
DDOG,2026-09-16,12:50,234.46,234.47,234.29,234.47,10730
DDOG,2026-09-16,12:51,234.445,234.445,234.29,234.3,4600
DDOG,2026-09-16,12:52,234.2,234.29,234.02,234.12,4978
DDOG,2026-09-16,12:53,234.0201,234.12,233.11,233.11,4387
DDOG,2026-09-16,12:54,233.29,233.545,233.18,233.4,2997
DDOG,2026-09-16,12:55,233.48,233.48,233.39,233.39,1475
DDOG,2026-09-16,12:56,233.48,233.5313,233.33,233.5313,3266
DDOG,2026-09-16,12:57,233.41,233.41,233.21,233.21,1926
DDOG,2026-09-16,12:58,233.2,233.39,233.1005,233.39,5688
DDOG,2026-09-16,12:59,233.56,233.56,233.22,233.22,3573
DDOG,2026-09-16,13:00,233.175,233.175,233,233.14,5096
DDOG,2026-09-16,13:01,233.08,233.2098,233.08,233.2098,1233
DDOG,2026-09-16,13:02,233.145,233.145,233.145,233.145,1110
DDOG,2026-09-16,13:03,233.24,233.41,233.24,233.26,7266
DDOG,2026-09-16,13:04,233.23,233.48,233.23,233.31,5104
DDOG,2026-09-16,13:05,233.41,233.41,233.35,233.38,8238
DDOG,2026-09-16,13:06,233.38,233.38,233.38,233.38,0
DDOG,2026-09-16,13:07,233.32,233.32,233.25,233.3,3283
DDOG,2026-09-16,13:08,233.37,233.55,233.31,233.55,4128
DDOG,2026-09-16,13:09,233.55,233.7375,233.55,233.72,3644
DDOG,2026-09-16,13:10,233.715,233.73,233.715,233.73,1211
DDOG,2026-09-16,13:11,233.73,233.73,233.47,233.59,1796
DDOG,2026-09-16,13:12,233.47,233.59,232.74,232.74,11359
DDOG,2026-09-16,13:13,232.93,233.08,232.64,232.92,1262
DDOG,2026-09-16,13:14,232.92,232.945,232.92,232.945,960
DDOG,2026-09-16,13:15,232.97,233.23,232.97,233.23,1217
DDOG,2026-09-16,13:16,233.235,233.345,233.21,233.23,2346
DDOG,2026-09-16,13:17,233.12,233.26,233.12,233.26,1349
DDOG,2026-09-16,13:18,233.275,233.275,233.125,233.2,3426
DDOG,2026-09-16,13:19,233.125,233.235,233.12,233.2,2660
DDOG,2026-09-16,13:20,233.375,233.38,233.225,233.28,2065
DDOG,2026-09-16,13:21,233.38,233.395,233.28,233.29,1609
DDOG,2026-09-16,13:22,233.29,233.315,233.16,233.175,2713
DDOG,2026-09-16,13:23,233.215,233.4258,233.0401,233.285,2600
DDOG,2026-09-16,13:24,233.34,233.54,233.25,233.27,4232
DDOG,2026-09-16,13:25,233.425,233.6351,233.34,233.48,2906
DDOG,2026-09-16,13:26,233.49,233.72,233.49,233.72,4059
DDOG,2026-09-16,13:27,233.7368,233.765,233.6,233.765,1720
DDOG,2026-09-16,13:28,233.74,233.74,233.6,233.6,884
DDOG,2026-09-16,13:29,233.775,233.795,233.69,233.69,1578
DDOG,2026-09-16,13:30,233.6101,233.62,233.42,233.42,4618
DDOG,2026-09-16,13:31,233.35,233.47,233.35,233.45,2977
DDOG,2026-09-16,13:32,233.47,233.58,233.47,233.56,1811
DDOG,2026-09-16,13:33,233.56,233.595,233.48,233.48,1375
DDOG,2026-09-16,13:34,233.555,233.555,233.465,233.52,1467
DDOG,2026-09-16,13:35,233.48,233.55,233.31,233.31,3667
DDOG,2026-09-16,13:36,233.4,233.4,233.225,233.225,3530
DDOG,2026-09-16,13:37,233.23,233.23,233.23,233.23,640
DDOG,2026-09-16,13:38,233.23,233.23,233.21,233.23,1051
DDOG,2026-09-16,13:39,233.23,233.23,233.23,233.23,734
DDOG,2026-09-16,13:40,233.23,233.23,233.14,233.14,1832
DDOG,2026-09-16,13:41,233.05,233.245,233.05,233.145,685
DDOG,2026-09-16,13:42,233.155,233.39,233.135,233.35,2108
DDOG,2026-09-16,13:43,233.34,233.345,233.34,233.345,1239
DDOG,2026-09-16,13:44,233.49,233.49,233.49,233.49,273
DDOG,2026-09-16,13:45,233.37,233.37,233.35,233.37,1680
DDOG,2026-09-16,13:46,233.325,233.39,233.085,233.275,4208
DDOG,2026-09-16,13:47,233.2272,233.25,233.2272,233.25,1053
DDOG,2026-09-16,13:48,233.335,233.4,233.335,233.36,1734
DDOG,2026-09-16,13:49,233.435,233.4848,233.28,233.4848,3221
DDOG,2026-09-16,13:50,233.19,233.28,233.1184,233.21,3406
DDOG,2026-09-16,13:51,233.23,233.25,233.23,233.25,384
DDOG,2026-09-16,13:52,233.2,233.325,233.2,233.2,3559
DDOG,2026-09-16,13:53,233.2,233.23,233.07,233.2,1319
DDOG,2026-09-16,13:54,233.315,233.38,233.13,233.285,3654
DDOG,2026-09-16,13:55,233.2825,233.2825,233.28,233.28,1665
DDOG,2026-09-16,13:56,233.28,233.395,233.235,233.395,2057
DDOG,2026-09-16,13:57,233.42,233.42,233.24,233.24,1765
DDOG,2026-09-16,13:58,233.21,233.4453,233.16,233.16,2088
DDOG,2026-09-16,13:59,233.345,233.345,233.26,233.26,2574
DDOG,2026-09-16,14:00,233.28,233.53,233,233.0001,9911
DDOG,2026-09-16,14:01,233.01,233.01,232.95,232.95,1544
DDOG,2026-09-16,14:02,233.27,233.92,233.27,233.92,5226
DDOG,2026-09-16,14:03,234.03,234.03,233.985,233.985,2146
DDOG,2026-09-16,14:04,234.23,234.335,234.18,234.2,2926
DDOG,2026-09-16,14:05,234.19,234.19,234.14,234.14,1091
DDOG,2026-09-16,14:06,234.16,234.34,234.16,234.34,5917
DDOG,2026-09-16,14:07,233.86,234.165,233.82,233.82,2283
DDOG,2026-09-16,14:08,234.1399,234.34,234.1399,234.3225,2747
DDOG,2026-09-16,14:09,234.3,234.525,234.3,234.525,1322
DDOG,2026-09-16,14:10,234.51,234.51,234.255,234.255,2457
DDOG,2026-09-16,14:11,234.08,234.28,234.07,234.1797,5275
DDOG,2026-09-16,14:12,233.89,233.89,233.75,233.77,5673
DDOG,2026-09-16,14:13,233.81,234.47,233.81,234.47,3574
DDOG,2026-09-16,14:14,234.4325,234.4325,234.28,234.28,2003
DDOG,2026-09-16,14:15,233.97,234.29,233.97,234.13,3246
DDOG,2026-09-16,14:16,234.075,234.15,234.02,234.15,2850
DDOG,2026-09-16,14:17,234.17,234.29,234.17,234.24,1581
DDOG,2026-09-16,14:18,234.13,234.13,234.03,234.03,1748
DDOG,2026-09-16,14:19,233.91,234.1225,233.85,234.1225,4799
DDOG,2026-09-16,14:20,233.99,233.99,233.99,233.99,1957
DDOG,2026-09-16,14:21,234.245,234.245,234.245,234.245,1511
DDOG,2026-09-16,14:22,234.235,234.265,234.235,234.25,1821
DDOG,2026-09-16,14:23,234.2,234.42,234.2,234.275,2353
DDOG,2026-09-16,14:24,234.17,234.17,234.025,234.09,4183
DDOG,2026-09-16,14:25,234.13,234.135,234.13,234.135,848
DDOG,2026-09-16,14:26,234.14,234.29,234,234.0408,2292
DDOG,2026-09-16,14:27,233.9737,234.1,233.75,233.95,3235
DDOG,2026-09-16,14:28,233.751,233.935,233.751,233.935,2008
DDOG,2026-09-16,14:29,234.1807,234.1807,234.1807,234.1807,556
DDOG,2026-09-16,14:30,234.35,234.42,234.35,234.42,1303
DDOG,2026-09-16,14:31,234.45,234.45,234.315,234.315,1854
DDOG,2026-09-16,14:32,234.25,234.26,233.765,233.87,5721
DDOG,2026-09-16,14:33,233.915,234,233.915,234,2346
DDOG,2026-09-16,14:34,233.76,233.76,233.76,233.76,1086
DDOG,2026-09-16,14:35,233.67,233.67,233.415,233.415,1897
DDOG,2026-09-16,14:36,233.58,233.58,233.275,233.42,2003
DDOG,2026-09-16,14:37,233.35,233.455,233.35,233.455,1598
DDOG,2026-09-16,14:38,233.78,233.78,233.7,233.705,2861
DDOG,2026-09-16,14:39,233.8819,233.92,233.8819,233.915,2671
DDOG,2026-09-16,14:40,234.03,234.2725,234.03,234.2725,1848
DDOG,2026-09-16,14:41,234.275,234.45,234.1,234.45,3452
DDOG,2026-09-16,14:42,234.59,234.9752,234.46,234.9752,3554
DDOG,2026-09-16,14:43,234.74,234.84,234.7,234.74,1719
DDOG,2026-09-16,14:44,234.82,234.82,234.65,234.76,2096
DDOG,2026-09-16,14:45,234.8595,235.185,234.51,234.86,5811
DDOG,2026-09-16,14:46,234.86,234.96,234.72,234.73,2568
DDOG,2026-09-16,14:47,234.59,234.76,234.59,234.76,1599
DDOG,2026-09-16,14:48,234.57,234.6,234.45,234.45,4038
DDOG,2026-09-16,14:49,234.585,234.6,234.575,234.59,1825
DDOG,2026-09-16,14:50,234.65,234.8,234.5001,234.52,7288
DDOG,2026-09-16,14:51,234.51,234.51,234.43,234.43,2230
DDOG,2026-09-16,14:52,234.33,234.33,234.11,234.11,2256
DDOG,2026-09-16,14:53,234.29,234.29,234.12,234.2825,1973
DDOG,2026-09-16,14:54,234.1101,234.4037,234.1101,234.285,2634
DDOG,2026-09-16,14:55,234.26,234.44,234.09,234.09,4268
DDOG,2026-09-16,14:56,233.935,233.935,233.525,233.525,3524
DDOG,2026-09-16,14:57,233.32,233.38,233.155,233.38,4098
DDOG,2026-09-16,14:58,233.615,233.66,233.615,233.66,1870
DDOG,2026-09-16,14:59,233.83,233.83,233.52,233.55,2652
DDOG,2026-09-16,15:00,233.655,233.85,233.55,233.55,3287
DDOG,2026-09-16,15:01,233.69,233.79,233.56,233.73,6160
DDOG,2026-09-16,15:02,233.5,233.555,233.36,233.555,4264
DDOG,2026-09-16,15:03,233.595,233.98,233.5756,233.945,10193
DDOG,2026-09-16,15:04,233.955,233.99,233.8,233.825,5491
DDOG,2026-09-16,15:05,233.78,233.78,233.16,233.33,3245
DDOG,2026-09-16,15:06,233.4725,233.4725,233.2,233.2,1983
DDOG,2026-09-16,15:07,233,233.13,233,233.13,3171
DDOG,2026-09-16,15:08,233.07,233.07,232.74,232.96,3132
DDOG,2026-09-16,15:09,232.84,232.84,232.815,232.815,2769
DDOG,2026-09-16,15:10,232.86,232.86,232.07,232.15,5632
DDOG,2026-09-16,15:11,232.15,232.3091,231.83,231.83,4455
DDOG,2026-09-16,15:12,231.9,231.95,231.7653,231.95,3038
DDOG,2026-09-16,15:13,231.895,232.14,231.63,231.63,8086
DDOG,2026-09-16,15:14,231.53,231.815,231.53,231.61,4126
DDOG,2026-09-16,15:15,231.72,231.72,231.52,231.52,2159
DDOG,2026-09-16,15:16,231.52,231.52,231.21,231.21,3052
DDOG,2026-09-16,15:17,231.22,231.32,230.97,230.97,5982
DDOG,2026-09-16,15:18,230.9,230.935,230.769,230.8,3600
DDOG,2026-09-16,15:19,230.785,230.785,230.69,230.775,3269
DDOG,2026-09-16,15:20,230.94,230.94,230.57,230.57,5886
DDOG,2026-09-16,15:21,230.52,230.59,230.52,230.59,1697
DDOG,2026-09-16,15:22,230.72,231.02,230.72,230.73,9073
DDOG,2026-09-16,15:23,230.91,230.975,230.85,230.85,2659
DDOG,2026-09-16,15:24,230.79,230.79,230.19,230.53,6804
DDOG,2026-09-16,15:25,230.76,230.775,230.44,230.495,2840
DDOG,2026-09-16,15:26,230.31,230.46,230.295,230.3005,4838
DDOG,2026-09-16,15:27,230.485,230.73,230.485,230.655,2060
DDOG,2026-09-16,15:28,230.7,230.705,230.49,230.535,5520
DDOG,2026-09-16,15:29,230.75,231.12,230.75,231.12,4276
DDOG,2026-09-16,15:30,231.285,231.285,230.99,231.125,6658
DDOG,2026-09-16,15:31,231.03,231.09,230.7,231.09,8142
DDOG,2026-09-16,15:32,231.18,231.28,231.09,231.21,4662
DDOG,2026-09-16,15:33,231.125,231.125,230.66,230.87,7381
DDOG,2026-09-16,15:34,230.82,231.04,230.7855,231,9748
DDOG,2026-09-16,15:35,231.115,231.12,229.43,229.43,19895
DDOG,2026-09-16,15:36,229.6,229.6,228.82,229.03,30343
DDOG,2026-09-16,15:37,229.05,229.2,228.93,229.07,9535
DDOG,2026-09-16,15:38,229.09,229.29,228.99,229.16,11540
DDOG,2026-09-16,15:39,229.15,229.365,228.89,229.25,9495
DDOG,2026-09-16,15:40,229.25,229.505,229.21,229.34,10199
DDOG,2026-09-16,15:41,229.18,229.8,229.17,229.25,13332
DDOG,2026-09-16,15:42,229.03,229.1875,228.8,229.055,9290
DDOG,2026-09-16,15:43,228.94,229.22,228.9,229.17,11795
DDOG,2026-09-16,15:44,229.12,229.45,229.12,229.345,10862
DDOG,2026-09-16,15:45,229.18,229.75,229.18,229.71,20405
DDOG,2026-09-16,15:46,229.67,229.915,229.59,229.59,11198
DDOG,2026-09-16,15:47,229.745,230.055,229.715,229.85,7687
DDOG,2026-09-16,15:48,229.89,230.775,229.89,230.775,18254
DDOG,2026-09-16,15:49,230.6571,230.91,230.57,230.79,11216
DDOG,2026-09-16,15:50,230.59,230.89,230.39,230.49,28760
DDOG,2026-09-16,15:51,230.43,230.57,230.345,230.43,18878
DDOG,2026-09-16,15:52,230.465,230.64,230.33,230.635,18350
DDOG,2026-09-16,15:53,230.57,230.57,230.11,230.495,18171
DDOG,2026-09-16,15:54,230.36,230.635,230.26,230.63,19547
DDOG,2026-09-16,15:55,230.51,230.51,229.82,230.24,42957
DDOG,2026-09-16,15:56,230.31,230.6,230.2,230.405,29621
DDOG,2026-09-16,15:57,230.405,230.68,230.4,230.635,59665
DDOG,2026-09-16,15:58,230.67,230.69,230.53,230.625,68050
DDOG,2026-09-16,15:59,230.59,231.02,230.58,230.83,153908
DDOG,2026-09-16,16:00,230.79,230.79,230.79,230.79,0
DDOG,2026-09-17,09:30,229.59,229.67,227.365,229.395,75236
DDOG,2026-09-17,09:31,227.49,228.11,227.45,228.1,2123
DDOG,2026-09-17,09:32,227.59,230.79,227.59,230.79,4747
DDOG,2026-09-17,09:33,230.99,231.28,230.355,230.745,2041
DDOG,2026-09-17,09:34,230.705,231.42,230.5,231.42,5842
DDOG,2026-09-17,09:35,230.645,233.28,230.645,233.23,18785
DDOG,2026-09-17,09:36,232.855,233.39,231.465,232.01,8807
DDOG,2026-09-17,09:37,232.03,233.4,232.03,232.66,2905
DDOG,2026-09-17,09:38,233.2256,233.2256,231.92,232.515,5125
DDOG,2026-09-17,09:39,232.52,233.84,232.52,233.84,3757
DDOG,2026-09-17,09:40,234.04,234.74,234.04,234.63,3987
DDOG,2026-09-17,09:41,234.25,236.692,234.25,236.11,13570
DDOG,2026-09-17,09:42,236.11,236.22,235.5,236.07,4780
DDOG,2026-09-17,09:43,236.16,236.16,235.12,235.31,6751
DDOG,2026-09-17,09:44,234.3701,235.45,234.3701,235.45,3349
DDOG,2026-09-17,09:45,235.485,236.08,235.0707,235.16,6384
DDOG,2026-09-17,09:46,235.04,235.5797,235.04,235.5797,1057
DDOG,2026-09-17,09:47,235.335,235.64,235.1963,235.64,2893
DDOG,2026-09-17,09:48,235.66,235.71,235.34,235.53,5769
DDOG,2026-09-17,09:49,235.53,235.57,234.82,235.38,7237
DDOG,2026-09-17,09:50,235.68,236,235.36,235.51,3911
DDOG,2026-09-17,09:51,235.285,235.67,235.0401,235.445,2254
DDOG,2026-09-17,09:52,235.44,235.44,234.71,234.79,6245
DDOG,2026-09-17,09:53,235.08,235.5,235.08,235.3,3105
DDOG,2026-09-17,09:54,235.91,236.325,235.61,235.71,10439
DDOG,2026-09-17,09:55,235.95,235.95,235.1001,235.485,4642
DDOG,2026-09-17,09:56,235.88,236,235.88,235.95,6092
DDOG,2026-09-17,09:57,235.57,235.59,235.285,235.59,5077
DDOG,2026-09-17,09:58,235.64,235.64,234.7858,234.995,2841
DDOG,2026-09-17,09:59,234.77,234.825,233.73,234.065,9859
DDOG,2026-09-17,10:00,233.985,234.76,233.985,234.69,4049
DDOG,2026-09-17,10:01,234.44,234.53,234.315,234.48,2996
DDOG,2026-09-17,10:02,234.635,235.12,234.14,235.12,3161
DDOG,2026-09-17,10:03,234.87,235.0999,234.87,234.985,4856
DDOG,2026-09-17,10:04,234.99,235.1363,234.72,235.11,2635
DDOG,2026-09-17,10:05,235.09,235.09,235,235,1414
DDOG,2026-09-17,10:06,235.21,235.68,234.985,235.68,4936
DDOG,2026-09-17,10:07,235.41,235.62,235.23,235.55,1883
DDOG,2026-09-17,10:08,235.31,235.58,235.13,235.58,2683
DDOG,2026-09-17,10:09,235.465,235.9,235.38,235.9,2961
DDOG,2026-09-17,10:10,235.665,235.9099,235.18,235.28,4325
DDOG,2026-09-17,10:11,235.3,235.39,235.245,235.245,1007
DDOG,2026-09-17,10:12,235.59,235.82,235.59,235.81,3885
DDOG,2026-09-17,10:13,235.82,236.94,235.82,236.94,15456
DDOG,2026-09-17,10:14,236.8,237.25,236.7007,236.7007,6311
DDOG,2026-09-17,10:15,236.98,237.23,236.865,236.92,2890
DDOG,2026-09-17,10:16,236.68,236.68,236.49,236.545,2770
DDOG,2026-09-17,10:17,236.8,237.1,236.8,237.03,8466
DDOG,2026-09-17,10:18,236.68,237.15,236.68,237.06,4380
DDOG,2026-09-17,10:19,237.01,237.5,237.01,237.385,4694
DDOG,2026-09-17,10:20,237.32,237.35,236.46,236.46,7002
DDOG,2026-09-17,10:21,236.1646,236.49,236.1646,236.49,1764
DDOG,2026-09-17,10:22,236,236,235.9375,235.9425,2530
DDOG,2026-09-17,10:23,235.93,237.08,235.93,237.08,2565
DDOG,2026-09-17,10:24,236.885,237.28,236.885,237.28,1464
DDOG,2026-09-17,10:25,237.3,237.45,237.2625,237.45,3294
DDOG,2026-09-17,10:26,237.5,237.99,237.43,237.95,7439
DDOG,2026-09-17,10:27,238.08,238.1,237.83,237.9199,4700
DDOG,2026-09-17,10:28,237.92,238.07,237.77,237.85,4171
DDOG,2026-09-17,10:29,238,238.2,237.86,238.12,3814
DDOG,2026-09-17,10:30,238.26,238.51,238.26,238.5,5505
DDOG,2026-09-17,10:31,238.33,238.6,238.26,238.595,3901
DDOG,2026-09-17,10:32,238.39,238.6,238.355,238.51,4185
DDOG,2026-09-17,10:33,238.51,238.555,238.18,238.26,5937
DDOG,2026-09-17,10:34,238.205,238.6,238.205,238.57,3543
DDOG,2026-09-17,10:35,238.66,238.66,238.36,238.36,2247
DDOG,2026-09-17,10:36,238.51,238.65,238.25,238.65,5148
DDOG,2026-09-17,10:37,238.4,238.4,238.3841,238.3841,1574
DDOG,2026-09-17,10:38,238.45,238.45,238.02,238.22,6006
DDOG,2026-09-17,10:39,238.05,238.15,237.975,237.975,1885
DDOG,2026-09-17,10:40,237.81,237.87,237.8,237.87,2778
DDOG,2026-09-17,10:41,237.56,237.595,237.41,237.595,2905
DDOG,2026-09-17,10:42,237.94,238.31,237.84,238.31,3880
DDOG,2026-09-17,10:43,238.3,238.3,237.995,237.995,1415
DDOG,2026-09-17,10:44,238.23,238.49,238.225,238.285,4073
DDOG,2026-09-17,10:45,238.24,238.24,238.04,238.14,2208
DDOG,2026-09-17,10:46,238.1,238.1,238.045,238.045,1944
DDOG,2026-09-17,10:47,238.115,238.61,238,238.61,10586
DDOG,2026-09-17,10:48,238.33,238.61,238.106,238.59,1934
DDOG,2026-09-17,10:49,238.565,238.565,238.455,238.455,4263
DDOG,2026-09-17,10:50,238.14,238.14,238.14,238.14,1179
DDOG,2026-09-17,10:51,238.135,238.75,237.86,238.75,4732
DDOG,2026-09-17,10:52,238.7565,238.78,238.75,238.77,4831
DDOG,2026-09-17,10:53,238.72,238.72,238.45,238.54,7122
DDOG,2026-09-17,10:54,238.57,238.8099,238.535,238.63,7135
DDOG,2026-09-17,10:55,238.635,239.03,238.635,239.03,5948
DDOG,2026-09-17,10:56,238.775,238.9,238.39,238.595,9435
DDOG,2026-09-17,10:57,238.39,238.39,238.1209,238.235,3277
DDOG,2026-09-17,10:58,238.02,238.23,237.99,237.99,3562
DDOG,2026-09-17,10:59,238,238.11,237.95,238.11,1403
DDOG,2026-09-17,11:00,238.13,238.265,238.01,238.13,3084
DDOG,2026-09-17,11:01,238.15,238.15,237.3,237.51,20696
DDOG,2026-09-17,11:02,236.97,236.97,236.4134,236.4134,2604
DDOG,2026-09-17,11:03,236.4815,237,236.4766,236.6401,3276
DDOG,2026-09-17,11:04,237.045,237.315,237.045,237.315,2622
DDOG,2026-09-17,11:05,237.515,237.61,237.2,237.2,3091
DDOG,2026-09-17,11:06,237.2,237.4223,237.2,237.39,2861
DDOG,2026-09-17,11:07,237.465,237.465,237.12,237.12,2415
DDOG,2026-09-17,11:08,237.265,237.6,237.09,237.6,2164
DDOG,2026-09-17,11:09,237.61,238.03,237.61,237.83,5107
DDOG,2026-09-17,11:10,237.8225,237.825,237.59,237.82,4698
DDOG,2026-09-17,11:11,237.89,237.89,237.89,237.89,868
DDOG,2026-09-17,11:12,237.88,238.05,237.72,238.05,2841
DDOG,2026-09-17,11:13,237.995,237.995,237.83,237.835,1808
DDOG,2026-09-17,11:14,237.825,237.825,237.46,237.54,3364
DDOG,2026-09-17,11:15,237.485,237.6294,237.475,237.475,2858
DDOG,2026-09-17,11:16,237.46,237.58,237.37,237.58,2430
DDOG,2026-09-17,11:17,237.27,237.27,237.145,237.145,2274
DDOG,2026-09-17,11:18,237.16,237.33,237.16,237.33,1365
DDOG,2026-09-17,11:19,237.49,237.51,237.34,237.34,1750
DDOG,2026-09-17,11:20,237.62,237.655,237.405,237.655,2279
DDOG,2026-09-17,11:21,237.635,237.635,237.2,237.26,5083
DDOG,2026-09-17,11:22,237.25,237.42,237.25,237.42,2092
DDOG,2026-09-17,11:23,237.56,237.725,237.36,237.41,4798
DDOG,2026-09-17,11:24,237.45,237.45,237.45,237.45,508
DDOG,2026-09-17,11:25,237.38,237.8,237.38,237.8,7161
DDOG,2026-09-17,11:26,237.87,237.915,237.49,237.72,5234
DDOG,2026-09-17,11:27,237.705,237.795,237.6,237.6,4528
DDOG,2026-09-17,11:28,237.665,237.81,237.665,237.81,802
DDOG,2026-09-17,11:29,237.845,237.98,237.835,237.835,5701
DDOG,2026-09-17,11:30,237.835,237.835,237.835,237.835,0
DDOG,2026-09-17,11:31,238.07,238.23,238.07,238.23,2890
DDOG,2026-09-17,11:32,238.025,238.465,237.8,238.465,5443
DDOG,2026-09-17,11:33,238.435,238.49,238.435,238.48,3472
DDOG,2026-09-17,11:34,238.36,238.36,238.2,238.2,4636
DDOG,2026-09-17,11:35,238.15,238.19,238.08,238.08,5466
DDOG,2026-09-17,11:36,238.08,238.08,238.08,238.08,0
DDOG,2026-09-17,11:37,238.1,238.13,237.97,238.115,3898
DDOG,2026-09-17,11:38,238.09,238.15,238.09,238.15,1236
DDOG,2026-09-17,11:39,238.145,238.145,238.12,238.13,1303
DDOG,2026-09-17,11:40,238.13,238.4,238.13,238.39,3218
DDOG,2026-09-17,11:41,238.29,238.29,238.01,238.01,3008
DDOG,2026-09-17,11:42,238.01,238.22,237.97,238.22,2246
DDOG,2026-09-17,11:43,238.385,238.74,238.185,238.74,2591
DDOG,2026-09-17,11:44,238.79,239,238.47,238.85,8423
DDOG,2026-09-17,11:45,238.84,238.84,238.62,238.77,8836
DDOG,2026-09-17,11:46,238.8243,238.92,238.755,238.845,4088
DDOG,2026-09-17,11:47,238.76,239.03,238.7501,239,2927
DDOG,2026-09-17,11:48,239,239.045,238.885,238.885,3852
DDOG,2026-09-17,11:49,238.74,238.77,238.59,238.68,7506
DDOG,2026-09-17,11:50,238.55,238.585,238.46,238.5,5102
DDOG,2026-09-17,11:51,238.76,238.94,238.5102,238.94,912
DDOG,2026-09-17,11:52,238.91,238.955,238.76,238.955,2328
DDOG,2026-09-17,11:53,238.94,238.955,238.64,238.68,8481
DDOG,2026-09-17,11:54,238.855,238.92,238.685,238.715,2734
DDOG,2026-09-17,11:55,238.71,238.91,238.71,238.725,1402
DDOG,2026-09-17,11:56,238.75,238.75,238.58,238.58,1439
DDOG,2026-09-17,11:57,238.3583,238.58,238.3583,238.55,1653
DDOG,2026-09-17,11:58,238.53,238.58,238.43,238.505,3510
DDOG,2026-09-17,11:59,238.49,238.63,238.49,238.49,4900
DDOG,2026-09-17,12:00,238.495,238.495,238.075,238.1377,4073
DDOG,2026-09-17,12:01,238.07,238.07,237.68,237.68,2459
DDOG,2026-09-17,12:02,237.7403,238.01,237.625,237.625,4177
DDOG,2026-09-17,12:03,237.62,237.8,237.555,237.555,1709
DDOG,2026-09-17,12:04,237.41,237.41,237.4,237.4,1523
DDOG,2026-09-17,12:05,237.4,237.705,237.3575,237.455,2945
DDOG,2026-09-17,12:06,237.74,237.82,237.2775,237.2775,1794
DDOG,2026-09-17,12:07,237.265,237.265,237,237.23,3819
DDOG,2026-09-17,12:08,237.055,237.47,236.8401,237.4,2695
DDOG,2026-09-17,12:09,237.3,237.46,237.3,237.46,2151
DDOG,2026-09-17,12:10,237.81,237.81,237.535,237.535,2606
DDOG,2026-09-17,12:11,237.53,237.53,237.53,237.53,1497
DDOG,2026-09-17,12:12,237.485,237.855,237.485,237.8,2890
DDOG,2026-09-17,12:13,237.89,237.895,237.85,237.85,1585
DDOG,2026-09-17,12:14,237.92,238.19,237.92,238.19,1965
DDOG,2026-09-17,12:15,238.185,238.185,238.18,238.18,658
DDOG,2026-09-17,12:16,238.185,238.185,237.91,237.91,3045
DDOG,2026-09-17,12:17,237.86,237.955,237.78,237.78,2394
DDOG,2026-09-17,12:18,237.955,237.96,237.8425,237.8425,1409
DDOG,2026-09-17,12:19,237.73,237.81,237.73,237.745,2842
DDOG,2026-09-17,12:20,237.78,237.78,237.6,237.6,1674
DDOG,2026-09-17,12:21,237.6,237.79,237.6,237.79,3451
DDOG,2026-09-17,12:22,237.835,237.86,237.57,237.675,2198
DDOG,2026-09-17,12:23,237.53,237.655,237.38,237.38,4044
DDOG,2026-09-17,12:24,237.6,237.6,237.6,237.6,520
DDOG,2026-09-17,12:25,237.7,237.855,237.69,237.85,2666
DDOG,2026-09-17,12:26,237.74,237.945,237.74,237.75,2338
DDOG,2026-09-17,12:27,237.83,237.83,237.72,237.72,1265
DDOG,2026-09-17,12:28,237.915,237.955,237.765,237.765,1166
DDOG,2026-09-17,12:29,237.8525,237.8525,237.4,237.4,3820
DDOG,2026-09-17,12:30,237.3,237.35,237.3,237.35,977
DDOG,2026-09-17,12:31,237.2775,237.295,237.12,237.12,3535
DDOG,2026-09-17,12:32,236.995,237.075,236.7216,236.7216,5056
DDOG,2026-09-17,12:33,236.91,236.91,236.91,236.91,1759
DDOG,2026-09-17,12:34,236.91,236.91,236.91,236.91,0
DDOG,2026-09-17,12:35,237.24,237.24,236.8311,237.165,1812
DDOG,2026-09-17,12:36,237.005,237.005,237.005,237.005,868
DDOG,2026-09-17,12:37,237.02,237.21,236.98,237.2,2658
DDOG,2026-09-17,12:38,237.175,237.175,236.965,236.965,3036
DDOG,2026-09-17,12:39,237.055,237.055,237.045,237.045,2452
DDOG,2026-09-17,12:40,237.14,237.14,237.14,237.14,1431
DDOG,2026-09-17,12:41,237.21,237.32,237.21,237.32,1914
DDOG,2026-09-17,12:42,237.425,237.49,237.245,237.3,5714
DDOG,2026-09-17,12:43,237.47,237.51,237.455,237.51,2885
DDOG,2026-09-17,12:44,237.385,237.42,237.385,237.41,2227
DDOG,2026-09-17,12:45,237.415,237.6,237.415,237.6,726
DDOG,2026-09-17,12:46,237.4275,237.62,237.4275,237.62,1680
DDOG,2026-09-17,12:47,237.605,237.625,237.3875,237.3875,1748
DDOG,2026-09-17,12:48,237.21,237.215,237.12,237.215,3542
DDOG,2026-09-17,12:49,237.215,237.22,237.04,237.04,5732
DDOG,2026-09-17,12:50,236.86,236.86,236.795,236.795,2065
DDOG,2026-09-17,12:51,236.795,236.945,236.655,236.945,3429
DDOG,2026-09-17,12:52,236.795,236.95,236.795,236.95,4424
DDOG,2026-09-17,12:53,237.04,237.37,236.92,237.37,4107
DDOG,2026-09-17,12:54,237.185,237.185,236.835,236.835,4666
DDOG,2026-09-17,12:55,236.77,236.77,236.6,236.6,1745
DDOG,2026-09-17,12:56,236.87,236.87,236.68,236.68,1055
DDOG,2026-09-17,12:57,236.81,236.89,236.66,236.89,2348
DDOG,2026-09-17,12:58,236.98,236.98,236.9,236.9,2898
DDOG,2026-09-17,12:59,236.9,237.27,236.9,237.27,3238
DDOG,2026-09-17,13:00,237.37,237.67,236.93,237.67,21768
DDOG,2026-09-17,13:01,237.475,237.65,237.39,237.46,4429
DDOG,2026-09-17,13:02,237.42,237.48,237.26,237.26,1342
DDOG,2026-09-17,13:03,237.26,237.33,236.93,236.93,3408
DDOG,2026-09-17,13:04,236.98,236.98,236.87,236.87,3397
DDOG,2026-09-17,13:05,237.035,237.1,236.995,237.06,4332
DDOG,2026-09-17,13:06,237.195,237.195,237.11,237.14,2516
DDOG,2026-09-17,13:07,237.14,237.17,237.14,237.17,475
DDOG,2026-09-17,13:08,237.061,237.34,236.95,236.95,4930
DDOG,2026-09-17,13:09,236.82,237.16,236.6256,237.16,4405
DDOG,2026-09-17,13:10,237.08,237.09,237.075,237.075,2486
DDOG,2026-09-17,13:11,237.065,237.07,236.68,236.865,3205
DDOG,2026-09-17,13:12,236.86,236.89,236.86,236.89,875
DDOG,2026-09-17,13:13,237.045,237.045,236.5766,236.5766,3562
DDOG,2026-09-17,13:14,236.732,236.9,236.68,236.9,1916
DDOG,2026-09-17,13:15,236.9,236.95,236.9,236.915,2754
DDOG,2026-09-17,13:16,236.94,237.1,236.94,237.0407,1956
DDOG,2026-09-17,13:17,236.915,236.92,236.915,236.92,1628
DDOG,2026-09-17,13:18,237.13,237.13,236.82,236.885,3291
DDOG,2026-09-17,13:19,237.11,237.13,236.9475,236.95,816
DDOG,2026-09-17,13:20,237.15,237.155,236.985,237.02,3039
DDOG,2026-09-17,13:21,237.02,237.02,236.86,236.87,4966
DDOG,2026-09-17,13:22,236.905,237.11,236.87,237.11,3510
DDOG,2026-09-17,13:23,237.18,237.26,237.145,237.26,4691
DDOG,2026-09-17,13:24,237.105,237.105,236.88,236.88,2475
DDOG,2026-09-17,13:25,236.88,236.88,236.84,236.87,1464
DDOG,2026-09-17,13:26,236.92,237.14,236.87,237.14,3509
DDOG,2026-09-17,13:27,237.02,237.02,237.02,237.02,1211
DDOG,2026-09-17,13:28,237.04,237.18,236.79,237.035,1798
DDOG,2026-09-17,13:29,237.0175,237.035,236.935,236.965,1822
DDOG,2026-09-17,13:30,237.0425,237.0575,237.02,237.04,4016
DDOG,2026-09-17,13:31,237.04,237.04,237.04,237.04,0
DDOG,2026-09-17,13:32,236.85,236.875,236.75,236.75,7650
DDOG,2026-09-17,13:33,236.855,236.855,236.56,236.675,4902
DDOG,2026-09-17,13:34,236.67,236.8954,236.67,236.8954,1578
DDOG,2026-09-17,13:35,236.82,236.82,236.685,236.685,2075
DDOG,2026-09-17,13:36,236.68,236.83,236.675,236.83,2666
DDOG,2026-09-17,13:37,236.645,236.685,236.58,236.58,1888
DDOG,2026-09-17,13:38,236.69,236.855,236.64,236.855,2607
DDOG,2026-09-17,13:39,236.9,237.115,236.785,237.04,6900
DDOG,2026-09-17,13:40,237.02,237.02,236.88,236.88,609
DDOG,2026-09-17,13:41,237.01,237.01,237.01,237.01,2438
DDOG,2026-09-17,13:42,237.005,237.03,237,237,2143
DDOG,2026-09-17,13:43,237,237.115,236.7509,236.7509,3274
DDOG,2026-09-17,13:44,236.87,236.87,236.87,236.87,804
DDOG,2026-09-17,13:45,236.87,236.875,236.87,236.875,1416
DDOG,2026-09-17,13:46,237.055,237.085,237.055,237.085,1357
DDOG,2026-09-17,13:47,236.93,237.085,236.81,236.91,2532
DDOG,2026-09-17,13:48,236.88,237.085,236.735,236.8,4493
DDOG,2026-09-17,13:49,236.86,237.1,236.75,237.1,2513
DDOG,2026-09-17,13:50,236.9,236.91,236.9,236.91,1175
DDOG,2026-09-17,13:51,237.035,237.165,237.03,237.165,5135
DDOG,2026-09-17,13:52,237.16,237.25,236.98,237.04,11058
DDOG,2026-09-17,13:53,237.16,237.17,236.91,236.91,5651
DDOG,2026-09-17,13:54,236.74,236.74,236.74,236.74,1064
DDOG,2026-09-17,13:55,236.825,236.825,236.795,236.81,2925
DDOG,2026-09-17,13:56,236.825,236.825,236.815,236.815,1461
DDOG,2026-09-17,13:57,236.815,236.815,236.8,236.8,2108
DDOG,2026-09-17,13:58,236.8,236.94,236.77,236.92,4218
DDOG,2026-09-17,13:59,236.865,237.07,236.865,237.07,2739
DDOG,2026-09-17,14:00,237.055,237.285,237.045,237.285,5408
DDOG,2026-09-17,14:01,237.15,237.2,237.06,237.19,6908
DDOG,2026-09-17,14:02,237.235,237.4199,237.235,237.26,3228
DDOG,2026-09-17,14:03,237.355,237.36,237.29,237.36,2604
DDOG,2026-09-17,14:04,237.3,237.3,237.29,237.29,1582
DDOG,2026-09-17,14:05,237.36,237.4725,237.35,237.35,4177
DDOG,2026-09-17,14:06,237.445,237.648,237.445,237.47,7088
DDOG,2026-09-17,14:07,237.51,237.51,237.32,237.32,2208
DDOG,2026-09-17,14:08,237.465,237.475,237.265,237.265,2888
DDOG,2026-09-17,14:09,237.21,237.28,237.17,237.28,1205
DDOG,2026-09-17,14:10,237.27,237.27,237.13,237.13,3033
DDOG,2026-09-17,14:11,237.32,237.32,237.09,237.175,3389
DDOG,2026-09-17,14:12,237.22,237.245,237.12,237.235,2081
DDOG,2026-09-17,14:13,237.28,237.28,236.98,237.115,2529
DDOG,2026-09-17,14:14,237.12,237.18,237.12,237.18,2005
DDOG,2026-09-17,14:15,237.225,237.348,237.05,237.05,4650
DDOG,2026-09-17,14:16,237.05,237.05,237.05,237.05,0
DDOG,2026-09-17,14:17,236.9725,236.9725,236.94,236.94,2450
DDOG,2026-09-17,14:18,236.79,236.79,236.74,236.775,2465
DDOG,2026-09-17,14:19,236.7344,236.93,236.7344,236.825,3420
DDOG,2026-09-17,14:20,236.825,236.825,236.825,236.825,0
DDOG,2026-09-17,14:21,236.87,237.04,236.87,237.03,3947
DDOG,2026-09-17,14:22,237.06,237.06,237.06,237.06,1170
DDOG,2026-09-17,14:23,236.81,237.05,236.605,236.79,7580
DDOG,2026-09-17,14:24,236.7863,236.88,236.745,236.84,3217
DDOG,2026-09-17,14:25,236.84,236.84,236.84,236.84,935
DDOG,2026-09-17,14:26,236.955,236.955,236.86,236.87,3149
DDOG,2026-09-17,14:27,236.875,236.875,236.78,236.78,674
DDOG,2026-09-17,14:28,236.9581,236.9581,236.74,236.8977,4023
DDOG,2026-09-17,14:29,236.875,236.955,236.86,236.955,3448
DDOG,2026-09-17,14:30,236.9,236.9475,236.81,236.845,3262
DDOG,2026-09-17,14:31,236.82,236.82,236.81,236.82,1212
DDOG,2026-09-17,14:32,236.65,236.875,236.65,236.875,2981
DDOG,2026-09-17,14:33,236.76,236.925,236.76,236.89,2167
DDOG,2026-09-17,14:34,236.97,237.23,236.83,237.17,10618
DDOG,2026-09-17,14:35,237.13,237.3467,237,237,5381
DDOG,2026-09-17,14:36,237.13,237.24,237.065,237.065,2667
DDOG,2026-09-17,14:37,237.25,237.34,236.93,237.21,6517
DDOG,2026-09-17,14:38,237.205,237.33,237.07,237.22,4271
DDOG,2026-09-17,14:39,237.22,237.22,237.03,237.03,3064
DDOG,2026-09-17,14:40,237.03,237.03,237.03,237.03,0
DDOG,2026-09-17,14:41,237.04,237.06,237.04,237.06,1820
DDOG,2026-09-17,14:42,237.06,237.29,237.03,237.2,7507
DDOG,2026-09-17,14:43,237.365,237.425,237.195,237.2551,3577
DDOG,2026-09-17,14:44,237.455,237.455,237.38,237.435,2301
DDOG,2026-09-17,14:45,237.435,237.435,237.33,237.38,4094
DDOG,2026-09-17,14:46,237.29,237.3,237.29,237.3,2224
DDOG,2026-09-17,14:47,237.41,237.52,237.21,237.52,2862
DDOG,2026-09-17,14:48,237.56,237.765,237.55,237.72,7354
DDOG,2026-09-17,14:49,237.605,238.085,237.605,238.085,4587
DDOG,2026-09-17,14:50,238.055,238.12,237.89,238.12,5110
DDOG,2026-09-17,14:51,238.15,238.21,238.11,238.145,4521
DDOG,2026-09-17,14:52,238.145,238.145,237.95,238.095,5133
DDOG,2026-09-17,14:53,238.0625,238.0625,238.015,238.015,1770
DDOG,2026-09-17,14:54,237.92,238.045,237.92,238.045,2091
DDOG,2026-09-17,14:55,238.01,238.105,238.01,238.105,1088
DDOG,2026-09-17,14:56,238.02,238.28,238.02,238.28,2348
DDOG,2026-09-17,14:57,238.27,238.27,238.265,238.265,877
DDOG,2026-09-17,14:58,238.26,238.4899,238.25,238.435,2358
DDOG,2026-09-17,14:59,238.43,238.48,238.4,238.48,3955
DDOG,2026-09-17,15:00,238.495,238.575,238.31,238.575,15611
DDOG,2026-09-17,15:01,238.53,238.56,238.39,238.505,2633
DDOG,2026-09-17,15:02,238.39,238.39,238.03,238.03,16407
DDOG,2026-09-17,15:03,238.16,238.16,237.82,237.82,14070
DDOG,2026-09-17,15:04,237.835,237.9,237.74,237.875,3637
DDOG,2026-09-17,15:05,237.875,238.195,237.875,238.165,6248
DDOG,2026-09-17,15:06,238.3,238.55,238.24,238.48,8810
DDOG,2026-09-17,15:07,238.445,238.55,238.22,238.55,7565
DDOG,2026-09-17,15:08,238.365,238.365,238.135,238.135,10853
DDOG,2026-09-17,15:09,238.18,238.21,238.15,238.19,5121
DDOG,2026-09-17,15:10,238.322,238.36,238.195,238.21,14668
DDOG,2026-09-17,15:11,238.27,238.3873,238.13,238.25,5520
DDOG,2026-09-17,15:12,238.245,238.39,237.9,237.935,10421
DDOG,2026-09-17,15:13,238.02,238.155,237.85,238.06,6549
DDOG,2026-09-17,15:14,238.25,238.36,238.02,238.23,16884
DDOG,2026-09-17,15:15,238.11,238.11,238.035,238.035,2793
DDOG,2026-09-17,15:16,238.14,238.23,238.11,238.15,7025
DDOG,2026-09-17,15:17,238.115,238.115,237.915,237.92,13242
DDOG,2026-09-17,15:18,237.8,238.095,237.8,238.095,4835
DDOG,2026-09-17,15:19,238.095,238.095,237.93,238.09,4787
DDOG,2026-09-17,15:20,238.1003,238.1003,237.89,238,9310
DDOG,2026-09-17,15:21,237.915,238.09,237.915,237.975,2073
DDOG,2026-09-17,15:22,237.97,237.97,237.955,237.97,2165
DDOG,2026-09-17,15:23,237.86,237.99,237.86,237.93,6066
DDOG,2026-09-17,15:24,237.84,238.155,237.78,238.155,13154
DDOG,2026-09-17,15:25,238.21,238.25,238.065,238.24,3206
DDOG,2026-09-17,15:26,238.075,238.275,238.075,238.275,4141
DDOG,2026-09-17,15:27,238.265,238.405,238.135,238.395,2909
DDOG,2026-09-17,15:28,238.24,238.3,238.15,238.15,6431
DDOG,2026-09-17,15:29,238.15,238.26,238.06,238.19,19488
DDOG,2026-09-17,15:30,238.2761,238.2761,237.9,237.9,8257
DDOG,2026-09-17,15:31,237.83,237.83,237.64,237.77,8368
DDOG,2026-09-17,15:32,237.765,237.765,237.2434,237.57,18489
DDOG,2026-09-17,15:33,237.535,237.945,237.535,237.82,5878
DDOG,2026-09-17,15:34,237.855,237.855,237.71,237.805,6103
DDOG,2026-09-17,15:35,237.805,237.805,237.7,237.8,5631
DDOG,2026-09-17,15:36,237.9,237.94,237.83,237.855,3427
DDOG,2026-09-17,15:37,237.9,238,237.84,237.92,8432
DDOG,2026-09-17,15:38,238.02,238.02,237.93,237.93,3602
DDOG,2026-09-17,15:39,237.8,237.8,237.6,237.6,6287
DDOG,2026-09-17,15:40,237.7435,237.7435,237.115,237.18,18499
DDOG,2026-09-17,15:41,237.15,237.18,236.93,236.93,10655
DDOG,2026-09-17,15:42,236.96,237.11,236.67,236.67,8067
DDOG,2026-09-17,15:43,236.845,237.34,236.78,237.33,9836
DDOG,2026-09-17,15:44,237.255,237.29,237.13,237.29,5853
DDOG,2026-09-17,15:45,237.33,237.33,236.78,236.78,10245
DDOG,2026-09-17,15:46,236.775,237.25,236.775,237.185,10854
DDOG,2026-09-17,15:47,237.19,237.2,237.09,237.1725,5329
DDOG,2026-09-17,15:48,237.1925,237.345,237.07,237.345,8677
DDOG,2026-09-17,15:49,237.345,237.37,237.18,237.31,5559
DDOG,2026-09-17,15:50,237.36,237.37,236.46,236.635,25571
DDOG,2026-09-17,15:51,236.635,236.9909,236.52,236.82,15872
DDOG,2026-09-17,15:52,236.85,236.95,236.73,236.73,13605
DDOG,2026-09-17,15:53,236.835,236.96,236.73,236.785,13808
DDOG,2026-09-17,15:54,236.97,237.165,236.3625,236.41,23368
DDOG,2026-09-17,15:55,236.39,237.13,236.39,236.835,23428
DDOG,2026-09-17,15:56,236.98,237.27,236.88,237.185,30242
DDOG,2026-09-17,15:57,237.24,237.26,236.65,236.805,38192
DDOG,2026-09-17,15:58,236.7,236.78,236.21,236.25,66000
DDOG,2026-09-17,15:59,236.3,236.3,235.97,235.97,102366
DDOG,2026-09-17,16:00,236,236,236,236,0
