symbol,date,time,open,high,low,close,volume
NEE,2026-09-08,09:30,83.315,83.68,83.315,83.65,206558
NEE,2026-09-08,09:31,83.61,83.61,83.41,83.59,53139
NEE,2026-09-08,09:32,83.55,83.74,83.55,83.64,15347
NEE,2026-09-08,09:33,83.695,83.715,83.5845,83.6,19753
NEE,2026-09-08,09:34,83.63,83.6799,83.56,83.59,12595
NEE,2026-09-08,09:35,83.62,83.68,83.535,83.6,10429
NEE,2026-09-08,09:36,83.61,83.72,83.6,83.72,7122
NEE,2026-09-08,09:37,83.7012,83.74,83.6,83.61,11821
NEE,2026-09-08,09:38,83.5967,83.655,83.56,83.575,11124
NEE,2026-09-08,09:39,83.565,83.5713,83.48,83.505,9981
NEE,2026-09-08,09:40,83.47,83.49,83.4,83.475,16365
NEE,2026-09-08,09:41,83.46,83.49,83.42,83.49,33609
NEE,2026-09-08,09:42,83.495,83.54,83.495,83.53,16623
NEE,2026-09-08,09:43,83.535,83.57,83.45,83.56,17554
NEE,2026-09-08,09:44,83.585,83.665,83.55,83.665,5829
NEE,2026-09-08,09:45,83.66,83.68,83.58,83.67,13451
NEE,2026-09-08,09:46,83.6761,83.7739,83.6761,83.735,16435
NEE,2026-09-08,09:47,83.735,83.765,83.71,83.725,5815
NEE,2026-09-08,09:48,83.71,83.72,83.67,83.69,6995
NEE,2026-09-08,09:49,83.69,83.69,83.63,83.63,10537
NEE,2026-09-08,09:50,83.64,83.705,83.64,83.6501,10647
NEE,2026-09-08,09:51,83.675,83.735,83.67,83.735,19165
NEE,2026-09-08,09:52,83.75,83.97,83.75,83.935,23921
NEE,2026-09-08,09:53,83.93,83.975,83.9,83.975,28444
NEE,2026-09-08,09:54,83.9587,83.96,83.87,83.915,13630
NEE,2026-09-08,09:55,83.915,83.9751,83.8426,83.92,12596
NEE,2026-09-08,09:56,83.915,83.99,83.91,83.97,6184
NEE,2026-09-08,09:57,83.97,83.97,83.93,83.94,9977
NEE,2026-09-08,09:58,83.95,83.97,83.91,83.925,20115
NEE,2026-09-08,09:59,83.925,83.9399,83.86,83.9,23450
NEE,2026-09-08,10:00,83.9,84.01,83.89,83.89,35633
NEE,2026-09-08,10:01,83.865,83.895,83.85,83.88,10627
NEE,2026-09-08,10:02,83.885,84.02,83.885,84.02,33067
NEE,2026-09-08,10:03,84.025,84.04,83.915,83.94,12817
NEE,2026-09-08,10:04,83.94,84.025,83.94,84,20293
NEE,2026-09-08,10:05,84,84.01,83.97,83.9735,9574
NEE,2026-09-08,10:06,83.96,83.985,83.935,83.985,25372
NEE,2026-09-08,10:07,83.99,84.02,83.96,83.965,21744
NEE,2026-09-08,10:08,83.9699,84.015,83.95,84.01,11794
NEE,2026-09-08,10:09,84.02,84.04,83.9874,84.01,22323
NEE,2026-09-08,10:10,84.02,84.0391,83.98,84.03,46288
NEE,2026-09-08,10:11,84.03,84.1,84.01,84.1,30148
NEE,2026-09-08,10:12,84.085,84.085,84.03,84.035,7706
NEE,2026-09-08,10:13,84.01,84.01,83.97,83.97,6845
NEE,2026-09-08,10:14,83.95,83.95,83.775,83.795,24017
NEE,2026-09-08,10:15,83.805,83.835,83.77,83.77,14104
NEE,2026-09-08,10:16,83.76,83.82,83.755,83.8,8117
NEE,2026-09-08,10:17,83.79,83.79,83.69,83.72,15775
NEE,2026-09-08,10:18,83.755,83.77,83.71,83.72,14493
NEE,2026-09-08,10:19,83.715,83.8,83.69,83.78,23612
NEE,2026-09-08,10:20,83.78,83.78,83.66,83.675,22264
NEE,2026-09-08,10:21,83.69,83.74,83.69,83.74,8324
NEE,2026-09-08,10:22,83.74,83.84,83.74,83.83,20185
NEE,2026-09-08,10:23,83.83,83.91,83.83,83.91,8941
NEE,2026-09-08,10:24,83.9,83.95,83.9,83.94,5630
NEE,2026-09-08,10:25,83.96,83.97,83.91,83.9151,8673
NEE,2026-09-08,10:26,83.935,84,83.935,83.98,2956
NEE,2026-09-08,10:27,83.98,84.01,83.97,84.005,10547
NEE,2026-09-08,10:28,83.9999,84.0141,83.955,83.97,12847
NEE,2026-09-08,10:29,83.995,83.995,83.945,83.98,9544
NEE,2026-09-08,10:30,84,84.015,83.99,83.995,4751
NEE,2026-09-08,10:31,83.995,84,83.95,83.99,6311
NEE,2026-09-08,10:32,84.03,84.08,84.02,84.055,7524
NEE,2026-09-08,10:33,84.0695,84.0695,84,84.045,9910
NEE,2026-09-08,10:34,84.02,84.065,84.015,84.05,4487
NEE,2026-09-08,10:35,84.04,84.11,84.04,84.11,4527
NEE,2026-09-08,10:36,84.12,84.17,84.1,84.17,12400
NEE,2026-09-08,10:37,84.165,84.22,84.155,84.21,16616
NEE,2026-09-08,10:38,84.23,84.265,84.2229,84.265,8353
NEE,2026-09-08,10:39,84.25,84.26,84.21,84.255,14613
NEE,2026-09-08,10:40,84.255,84.26,84.23,84.2401,10619
NEE,2026-09-08,10:41,84.255,84.29,84.25,84.29,9999
NEE,2026-09-08,10:42,84.29,84.29,84.22,84.22,7127
NEE,2026-09-08,10:43,84.23,84.325,84.23,84.29,22547
NEE,2026-09-08,10:44,84.3,84.3,84.27,84.27,7211
NEE,2026-09-08,10:45,84.27,84.32,84.26,84.3,5708
NEE,2026-09-08,10:46,84.3,84.32,84.28,84.29,10775
NEE,2026-09-08,10:47,84.29,84.32,84.29,84.3,16043
NEE,2026-09-08,10:48,84.31,84.31,84.225,84.2601,12073
NEE,2026-09-08,10:49,84.24,84.3099,84.2,84.3099,14651
NEE,2026-09-08,10:50,84.29,84.3501,84.29,84.345,10469
NEE,2026-09-08,10:51,84.35,84.375,84.3401,84.37,12207
NEE,2026-09-08,10:52,84.35,84.365,84.34,84.345,9648
NEE,2026-09-08,10:53,84.35,84.355,84.31,84.31,21901
NEE,2026-09-08,10:54,84.312,84.312,84.23,84.255,7954
NEE,2026-09-08,10:55,84.265,84.265,84.2,84.2271,9324
NEE,2026-09-08,10:56,84.21,84.255,84.2,84.22,11814
NEE,2026-09-08,10:57,84.215,84.215,84.18,84.205,6643
NEE,2026-09-08,10:58,84.19,84.2,84.17,84.19,7296
NEE,2026-09-08,10:59,84.18,84.19,84.14,84.16,4592
NEE,2026-09-08,11:00,84.15,84.15,84.11,84.11,7767
NEE,2026-09-08,11:01,84.1,84.11,84.05,84.05,6269
NEE,2026-09-08,11:02,84.04,84.09,84.0259,84.0838,4696
NEE,2026-09-08,11:03,84.06,84.0602,84.025,84.03,4638
NEE,2026-09-08,11:04,84.035,84.04,84.015,84.015,5750
NEE,2026-09-08,11:05,84.02,84.045,83.98,84.045,6818
NEE,2026-09-08,11:06,84.065,84.08,84.02,84.02,5288
NEE,2026-09-08,11:07,84.01,84.015,83.99,84.015,2937
NEE,2026-09-08,11:08,84,84.01,83.94,83.95,5574
NEE,2026-09-08,11:09,83.95,83.96,83.94,83.94,4035
NEE,2026-09-08,11:10,83.93,83.93,83.89,83.89,6481
NEE,2026-09-08,11:11,83.89,83.912,83.88,83.885,9209
NEE,2026-09-08,11:12,83.88,83.91,83.87,83.91,6333
NEE,2026-09-08,11:13,83.9,83.95,83.9,83.92,12867
NEE,2026-09-08,11:14,83.915,83.915,83.88,83.89,8699
NEE,2026-09-08,11:15,83.91,83.935,83.87,83.87,10456
NEE,2026-09-08,11:16,83.87,83.9055,83.87,83.9,13600
NEE,2026-09-08,11:17,83.92,83.95,83.92,83.945,9551
NEE,2026-09-08,11:18,83.945,83.96,83.93,83.94,6008
NEE,2026-09-08,11:19,83.92,83.92,83.9,83.9,4895
NEE,2026-09-08,11:20,83.91,83.9438,83.894,83.9192,11479
NEE,2026-09-08,11:21,83.92,84.01,83.9199,84.01,10932
NEE,2026-09-08,11:22,84,84,83.95,83.97,13646
NEE,2026-09-08,11:23,83.97,83.97,83.9,83.91,12163
NEE,2026-09-08,11:24,83.91,83.915,83.89,83.89,8673
NEE,2026-09-08,11:25,83.9,83.95,83.9,83.94,22989
NEE,2026-09-08,11:26,83.94,84.04,83.94,84.035,20834
NEE,2026-09-08,11:27,84.03,84.06,84.0242,84.03,4751
NEE,2026-09-08,11:28,84.02,84.04,83.995,84.005,11196
NEE,2026-09-08,11:29,84.005,84.005,83.98,84,4239
NEE,2026-09-08,11:30,83.995,84.015,83.96,83.99,8887
NEE,2026-09-08,11:31,83.9894,84.08,83.985,84.08,12471
NEE,2026-09-08,11:32,84.08,84.0938,84.045,84.06,5771
NEE,2026-09-08,11:33,84.07,84.08,84.0201,84.045,6272
NEE,2026-09-08,11:34,84.045,84.06,84.028,84.05,5879
NEE,2026-09-08,11:35,84.045,84.08,84.04,84.04,6085
NEE,2026-09-08,11:36,84.06,84.06,84.05,84.05,5256
NEE,2026-09-08,11:37,84.07,84.07,84.06,84.06,15680
NEE,2026-09-08,11:38,84.065,84.08,84.065,84.08,5222
NEE,2026-09-08,11:39,84.09,84.09,84.07,84.07,7478
NEE,2026-09-08,11:40,84.1,84.11,84.05,84.065,10273
NEE,2026-09-08,11:41,84.06,84.15,84.055,84.14,10377
NEE,2026-09-08,11:42,84.15,84.19,84.135,84.165,8196
NEE,2026-09-08,11:43,84.16,84.165,84.11,84.12,11432
NEE,2026-09-08,11:44,84.1,84.15,84.1,84.15,5802
NEE,2026-09-08,11:45,84.15,84.18,84.15,84.18,5038
NEE,2026-09-08,11:46,84.19,84.19,84.13,84.165,4549
NEE,2026-09-08,11:47,84.17,84.25,84.17,84.22,23542
NEE,2026-09-08,11:48,84.23,84.23,84.115,84.14,17482
NEE,2026-09-08,11:49,84.15,84.15,84.11,84.115,7204
NEE,2026-09-08,11:50,84.11,84.11,84.09,84.11,42725
NEE,2026-09-08,11:51,84.1198,84.15,84.1128,84.13,5883
NEE,2026-09-08,11:52,84.12,84.14,84.12,84.12,2351
NEE,2026-09-08,11:53,84.1,84.1,84.05,84.05,7079
NEE,2026-09-08,11:54,84.06,84.08,84.04,84.06,7132
NEE,2026-09-08,11:55,84.07,84.085,84.0529,84.06,5684
NEE,2026-09-08,11:56,84.06,84.08,84.04,84.06,55521
NEE,2026-09-08,11:57,84.065,84.07,84.055,84.07,2930
NEE,2026-09-08,11:58,84.065,84.08,84.04,84.04,6032
NEE,2026-09-08,11:59,84.045,84.05,84.03,84.035,10551
NEE,2026-09-08,12:00,84.035,84.07,84.03,84.045,12674
NEE,2026-09-08,12:01,84.05,84.08,84.045,84.045,11665
NEE,2026-09-08,12:02,84.05,84.05,83.98,83.9999,13442
NEE,2026-09-08,12:03,84,84.02,83.99,84.02,4716
NEE,2026-09-08,12:04,84.02,84.04,84.01,84.04,4929
NEE,2026-09-08,12:05,84.04,84.04,84.01,84.01,12375
NEE,2026-09-08,12:06,84.0029,84.0487,84.0029,84.03,4615
NEE,2026-09-08,12:07,84.05,84.07,84.045,84.06,8098
NEE,2026-09-08,12:08,84.07,84.07,84.06,84.07,2403
NEE,2026-09-08,12:09,84.0799,84.09,84.055,84.08,7269
NEE,2026-09-08,12:10,84.07,84.09,84.065,84.0868,13660
NEE,2026-09-08,12:11,84.06,84.1,84.055,84.09,16277
NEE,2026-09-08,12:12,84.08,84.08,84.07,84.07,4043
NEE,2026-09-08,12:13,84.08,84.12,84.08,84.11,5589
NEE,2026-09-08,12:14,84.12,84.12,84.03,84.065,32101
NEE,2026-09-08,12:15,84.07,84.07,84,84,8531
NEE,2026-09-08,12:16,83.995,84.01,83.99,84.005,4468
NEE,2026-09-08,12:17,84.005,84.03,83.985,83.985,13143
NEE,2026-09-08,12:18,83.99,84.015,83.98,84.015,9536
NEE,2026-09-08,12:19,84.01,84.02,83.99,83.99,7913
NEE,2026-09-08,12:20,84,84,83.965,83.9701,3984
NEE,2026-09-08,12:21,83.98,84.02,83.97,84.02,4490
NEE,2026-09-08,12:22,84.01,84.025,84,84.025,11579
NEE,2026-09-08,12:23,84.01,84.03,84.01,84.02,5637
NEE,2026-09-08,12:24,84.02,84.04,83.985,84.01,62559
NEE,2026-09-08,12:25,84.0074,84.02,83.955,83.99,8823
NEE,2026-09-08,12:26,84,84.03,83.99,84.03,13576
NEE,2026-09-08,12:27,84.005,84.015,83.99,84.005,20050
NEE,2026-09-08,12:28,84.0059,84.02,83.96,83.98,11369
NEE,2026-09-08,12:29,83.97,83.975,83.91,83.92,7177
NEE,2026-09-08,12:30,83.91,83.91,83.86,83.86,12478
NEE,2026-09-08,12:31,83.86,83.895,83.86,83.895,20649
NEE,2026-09-08,12:32,83.875,83.88,83.86,83.87,5893
NEE,2026-09-08,12:33,83.87,83.935,83.86,83.93,12982
NEE,2026-09-08,12:34,83.945,83.97,83.945,83.95,8829
NEE,2026-09-08,12:35,83.94,83.95,83.92,83.925,6594
NEE,2026-09-08,12:36,83.95,83.95,83.94,83.95,5215
NEE,2026-09-08,12:37,83.94,83.945,83.92,83.92,3046
NEE,2026-09-08,12:38,83.92,83.935,83.895,83.895,10269
NEE,2026-09-08,12:39,83.8962,83.9092,83.89,83.8901,8997
NEE,2026-09-08,12:40,83.89,83.89,83.87,83.885,4711
NEE,2026-09-08,12:41,83.88,83.88,83.84,83.85,9431
NEE,2026-09-08,12:42,83.84,83.85,83.825,83.83,5667
NEE,2026-09-08,12:43,83.81,83.845,83.81,83.84,3496
NEE,2026-09-08,12:44,83.84,83.85,83.835,83.84,3702
NEE,2026-09-08,12:45,83.835,83.84,83.82,83.84,8728
NEE,2026-09-08,12:46,83.82,83.84,83.81,83.83,10227
NEE,2026-09-08,12:47,83.84,83.84,83.835,83.84,2686
NEE,2026-09-08,12:48,83.85,83.87,83.8404,83.87,5975
NEE,2026-09-08,12:49,83.86,83.905,83.855,83.89,14618
NEE,2026-09-08,12:50,83.89,83.96,83.88,83.955,12740
NEE,2026-09-08,12:51,83.96,83.98,83.95,83.98,6721
NEE,2026-09-08,12:52,83.98,83.98,83.955,83.96,2590
NEE,2026-09-08,12:53,83.96,83.97,83.94,83.95,12673
NEE,2026-09-08,12:54,83.95,83.97,83.945,83.945,6973
NEE,2026-09-08,12:55,83.94,83.98,83.93,83.965,5686
NEE,2026-09-08,12:56,83.935,83.94,83.935,83.94,1663
NEE,2026-09-08,12:57,83.94,83.96,83.94,83.96,2560
NEE,2026-09-08,12:58,83.97,83.97,83.96,83.97,1784
NEE,2026-09-08,12:59,83.98,83.98,83.96,83.97,5263
NEE,2026-09-08,13:00,83.99,83.9971,83.98,83.99,5623
NEE,2026-09-08,13:01,83.99,83.99,83.97,83.97,2399
NEE,2026-09-08,13:02,83.9712,83.9712,83.945,83.9555,3639
NEE,2026-09-08,13:03,83.94,83.97,83.925,83.97,5480
NEE,2026-09-08,13:04,83.9798,84.005,83.9677,84.005,4321
NEE,2026-09-08,13:05,84.005,84.005,83.99,83.99,4207
NEE,2026-09-08,13:06,83.97,84,83.96,84,3773
NEE,2026-09-08,13:07,83.98,83.98,83.94,83.96,4674
NEE,2026-09-08,13:08,83.93,83.93,83.92,83.925,2607
NEE,2026-09-08,13:09,83.93,83.94,83.905,83.9147,9424
NEE,2026-09-08,13:10,83.92,83.92,83.92,83.92,1574
NEE,2026-09-08,13:11,83.93,83.94,83.91,83.91,4057
NEE,2026-09-08,13:12,83.92,83.9499,83.91,83.935,9576
NEE,2026-09-08,13:13,83.94,83.975,83.94,83.96,3681
NEE,2026-09-08,13:14,83.96,83.96,83.93,83.94,7452
NEE,2026-09-08,13:15,83.94,83.9471,83.93,83.9471,2092
NEE,2026-09-08,13:16,83.95,83.96,83.9314,83.96,4339
NEE,2026-09-08,13:17,83.96,83.97,83.95,83.96,3707
NEE,2026-09-08,13:18,83.96,83.98,83.96,83.97,2429
NEE,2026-09-08,13:19,83.965,83.98,83.96,83.97,4909
NEE,2026-09-08,13:20,83.96,83.96,83.95,83.95,1238
NEE,2026-09-08,13:21,83.94,83.95,83.93,83.93,3273
NEE,2026-09-08,13:22,83.96,83.9854,83.96,83.98,2756
NEE,2026-09-08,13:23,84,84,83.98,83.99,4438
NEE,2026-09-08,13:24,84,84.03,84,84.03,3498
NEE,2026-09-08,13:25,84.0201,84.0201,83.99,83.995,3879
NEE,2026-09-08,13:26,83.99,84.03,83.99,84.02,3671
NEE,2026-09-08,13:27,84.015,84.035,84.01,84.02,2959
NEE,2026-09-08,13:28,84.02,84.035,84.0109,84.02,10439
NEE,2026-09-08,13:29,84.0299,84.0499,84.0299,84.04,2527
NEE,2026-09-08,13:30,84.04,84.05,84.04,84.04,2146
NEE,2026-09-08,13:31,84.04,84.045,84.03,84.045,5315
NEE,2026-09-08,13:32,84.04,84.05,84.04,84.0424,2874
NEE,2026-09-08,13:33,84.04,84.06,84.0246,84.04,7463
NEE,2026-09-08,13:34,84.04,84.04,84.0201,84.04,4567
NEE,2026-09-08,13:35,84.05,84.0595,84.05,84.05,1411
NEE,2026-09-08,13:36,84.05,84.05,84.04,84.05,3129
NEE,2026-09-08,13:37,84.06,84.06,84.03,84.06,5962
NEE,2026-09-08,13:38,84.05,84.05,84.05,84.05,877
NEE,2026-09-08,13:39,84.05,84.06,84.05,84.05,1898
NEE,2026-09-08,13:40,84.06,84.07,84.05,84.05,2532
NEE,2026-09-08,13:41,84.04,84.045,84.0225,84.03,10468
NEE,2026-09-08,13:42,84.03,84.035,84.01,84.01,4835
NEE,2026-09-08,13:43,84.01,84.01,84,84,4501
NEE,2026-09-08,13:44,83.995,84.04,83.995,84.04,24692
NEE,2026-09-08,13:45,84.0521,84.065,84.035,84.035,14903
NEE,2026-09-08,13:46,84.04,84.0671,84.04,84.06,4303
NEE,2026-09-08,13:47,84.065,84.07,84.065,84.07,1609
NEE,2026-09-08,13:48,84.08,84.11,84.06,84.095,14179
NEE,2026-09-08,13:49,84.09,84.1,84.075,84.085,4258
NEE,2026-09-08,13:50,84.09,84.1,84.085,84.085,3726
NEE,2026-09-08,13:51,84.0851,84.1291,84.085,84.1291,4672
NEE,2026-09-08,13:52,84.13,84.15,84.115,84.12,5040
NEE,2026-09-08,13:53,84.1193,84.16,84.1193,84.135,6563
NEE,2026-09-08,13:54,84.1294,84.14,84.115,84.14,3207
NEE,2026-09-08,13:55,84.13,84.16,84.1001,84.16,13798
NEE,2026-09-08,13:56,84.14,84.16,84.14,84.16,1967
NEE,2026-09-08,13:57,84.16,84.16,84.14,84.14,2973
NEE,2026-09-08,13:58,84.145,84.145,84.08,84.1,8726
NEE,2026-09-08,13:59,84.1272,84.13,84.08,84.11,9177
NEE,2026-09-08,14:00,84.14,84.18,84.14,84.18,9032
NEE,2026-09-08,14:01,84.175,84.1825,84.13,84.15,11116
NEE,2026-09-08,14:02,84.145,84.16,84.14,84.155,4565
NEE,2026-09-08,14:03,84.16,84.195,84.16,84.195,2531
NEE,2026-09-08,14:04,84.195,84.215,84.18,84.215,6821
NEE,2026-09-08,14:05,84.21,84.215,84.2,84.215,3288
NEE,2026-09-08,14:06,84.23,84.2471,84.23,84.24,3976
NEE,2026-09-08,14:07,84.24,84.245,84.23,84.245,3361
NEE,2026-09-08,14:08,84.243,84.2471,84.22,84.2246,4138
NEE,2026-09-08,14:09,84.23,84.23,84.22,84.225,3572
NEE,2026-09-08,14:10,84.225,84.225,84.155,84.155,7250
NEE,2026-09-08,14:11,84.16,84.23,84.16,84.23,38223
NEE,2026-09-08,14:12,84.23,84.23,84.2099,84.2099,9909
NEE,2026-09-08,14:13,84.2,84.2392,84.195,84.2392,8842
NEE,2026-09-08,14:14,84.23,84.23,84.211,84.2159,6935
NEE,2026-09-08,14:15,84.21,84.22,84.2,84.2,6121
NEE,2026-09-08,14:16,84.2,84.21,84.19,84.21,3323
NEE,2026-09-08,14:17,84.2,84.215,84.2,84.21,4470
NEE,2026-09-08,14:18,84.2,84.24,84.2,84.24,12589
NEE,2026-09-08,14:19,84.225,84.23,84.21,84.21,13276
NEE,2026-09-08,14:20,84.2175,84.22,84.2,84.22,4900
NEE,2026-09-08,14:21,84.2002,84.2104,84.2002,84.21,2720
NEE,2026-09-08,14:22,84.22,84.2252,84.22,84.22,2914
NEE,2026-09-08,14:23,84.21,84.21,84.19,84.19,8344
NEE,2026-09-08,14:24,84.19,84.19,84.17,84.175,5136
NEE,2026-09-08,14:25,84.195,84.2,84.19,84.19,4948
NEE,2026-09-08,14:26,84.19,84.2,84.175,84.175,7249
NEE,2026-09-08,14:27,84.17,84.1867,84.17,84.18,3406
NEE,2026-09-08,14:28,84.17,84.19,84.17,84.19,3294
NEE,2026-09-08,14:29,84.19,84.205,84.18,84.19,8567
NEE,2026-09-08,14:30,84.19,84.19,84.1422,84.15,5630
NEE,2026-09-08,14:31,84.16,84.175,84.15,84.165,4333
NEE,2026-09-08,14:32,84.16,84.19,84.155,84.19,13091
NEE,2026-09-08,14:33,84.21,84.22,84.2,84.21,6224
NEE,2026-09-08,14:34,84.2,84.2,84.16,84.17,9588
NEE,2026-09-08,14:35,84.16,84.17,84.15,84.17,5434
NEE,2026-09-08,14:36,84.16,84.175,84.15,84.16,4898
NEE,2026-09-08,14:37,84.15,84.16,84.15,84.155,12973
NEE,2026-09-08,14:38,84.16,84.175,84.15,84.155,6723
NEE,2026-09-08,14:39,84.155,84.21,84.155,84.21,13234
NEE,2026-09-08,14:40,84.21,84.2201,84.19,84.22,51769
NEE,2026-09-08,14:41,84.2199,84.24,84.2199,84.24,5870
NEE,2026-09-08,14:42,84.23,84.23,84.21,84.21,4470
NEE,2026-09-08,14:43,84.2,84.2052,84.19,84.2052,7454
NEE,2026-09-08,14:44,84.21,84.23,84.21,84.225,2821
NEE,2026-09-08,14:45,84.23,84.26,84.23,84.255,13696
NEE,2026-09-08,14:46,84.26,84.3,84.26,84.2801,6411
NEE,2026-09-08,14:47,84.28,84.28,84.195,84.21,9800
NEE,2026-09-08,14:48,84.2001,84.22,84.19,84.2,10705
NEE,2026-09-08,14:49,84.21,84.225,84.18,84.2,12574
NEE,2026-09-08,14:50,84.21,84.24,84.19,84.24,11264
NEE,2026-09-08,14:51,84.232,84.26,84.23,84.25,13685
NEE,2026-09-08,14:52,84.24,84.24,84.2,84.21,4284
NEE,2026-09-08,14:53,84.2272,84.26,84.22,84.24,5379
NEE,2026-09-08,14:54,84.25,84.26,84.24,84.24,11761
NEE,2026-09-08,14:55,84.2699,84.2699,84.21,84.21,7676
NEE,2026-09-08,14:56,84.215,84.25,84.215,84.23,7907
NEE,2026-09-08,14:57,84.23,84.23,84.2,84.2,4548
NEE,2026-09-08,14:58,84.2,84.21,84.175,84.175,9911
NEE,2026-09-08,14:59,84.19,84.195,84.18,84.18,7455
NEE,2026-09-08,15:00,84.18,84.18,84.11,84.13,8494
NEE,2026-09-08,15:01,84.112,84.12,84.1,84.1175,4687
NEE,2026-09-08,15:02,84.115,84.13,84.08,84.09,13644
NEE,2026-09-08,15:03,84.09,84.11,84.09,84.11,6452
NEE,2026-09-08,15:04,84.1,84.12,84.06,84.07,6094
NEE,2026-09-08,15:05,84.065,84.11,84.065,84.08,9746
NEE,2026-09-08,15:06,84.07,84.12,84.0591,84.12,8248
NEE,2026-09-08,15:07,84.12,84.12,84.065,84.09,5182
NEE,2026-09-08,15:08,84.085,84.11,84.05,84.09,10620
NEE,2026-09-08,15:09,84.1,84.15,84.1,84.15,9668
NEE,2026-09-08,15:10,84.15,84.18,84.15,84.18,5454
NEE,2026-09-08,15:11,84.195,84.21,84.19,84.2,5026
NEE,2026-09-08,15:12,84.2,84.22,84.19,84.21,6746
NEE,2026-09-08,15:13,84.2,84.225,84.2,84.225,6735
NEE,2026-09-08,15:14,84.23,84.24,84.15,84.16,12916
NEE,2026-09-08,15:15,84.13,84.1571,84.13,84.14,6704
NEE,2026-09-08,15:16,84.16,84.16,84.14,84.16,4195
NEE,2026-09-08,15:17,84.16,84.175,84.14,84.15,22620
NEE,2026-09-08,15:18,84.14,84.14,84.1,84.13,13831
NEE,2026-09-08,15:19,84.14,84.16,84.132,84.135,6355
NEE,2026-09-08,15:20,84.1201,84.1201,84.1,84.11,5540
NEE,2026-09-08,15:21,84.11,84.13,84.11,84.12,17615
NEE,2026-09-08,15:22,84.115,84.1299,84.11,84.1299,6951
NEE,2026-09-08,15:23,84.12,84.15,84.1,84.13,10563
NEE,2026-09-08,15:24,84.135,84.18,84.135,84.17,6038
NEE,2026-09-08,15:25,84.19,84.199,84.17,84.18,8973
NEE,2026-09-08,15:26,84.18,84.18,84.165,84.17,5546
NEE,2026-09-08,15:27,84.17,84.185,84.16,84.175,13772
NEE,2026-09-08,15:28,84.18,84.19,84.16,84.175,6098
NEE,2026-09-08,15:29,84.18,84.2,84.16,84.195,11102
NEE,2026-09-08,15:30,84.2,84.24,84.195,84.23,22427
NEE,2026-09-08,15:31,84.215,84.23,84.195,84.2,19941
NEE,2026-09-08,15:32,84.2,84.24,84.18,84.24,33370
NEE,2026-09-08,15:33,84.235,84.29,84.23,84.28,25858
NEE,2026-09-08,15:34,84.27,84.27,84.215,84.22,23205
NEE,2026-09-08,15:35,84.23,84.27,84.215,84.255,16243
NEE,2026-09-08,15:36,84.255,84.26,84.23,84.26,9900
NEE,2026-09-08,15:37,84.255,84.27,84.23,84.27,9212
NEE,2026-09-08,15:38,84.27,84.28,84.22,84.225,15071
NEE,2026-09-08,15:39,84.23,84.26,84.22,84.24,17943
NEE,2026-09-08,15:40,84.25,84.25,84.22,84.23,7638
NEE,2026-09-08,15:41,84.24,84.245,84.2,84.21,17335
NEE,2026-09-08,15:42,84.215,84.22,84.19,84.2,9570
NEE,2026-09-08,15:43,84.2,84.2,84.17,84.18,11479
NEE,2026-09-08,15:44,84.17,84.22,84.17,84.21,13806
NEE,2026-09-08,15:45,84.21,84.23,84.18,84.18,18624
NEE,2026-09-08,15:46,84.17,84.19,84.17,84.185,6063
NEE,2026-09-08,15:47,84.19,84.19,84.16,84.19,39453
NEE,2026-09-08,15:48,84.19,84.245,84.17,84.245,27991
NEE,2026-09-08,15:49,84.23,84.25,84.17,84.17,36397
NEE,2026-09-08,15:50,84.18,84.185,84.04,84.05,24669
NEE,2026-09-08,15:51,84.0501,84.08,84.02,84.08,31292
NEE,2026-09-08,15:52,84.08,84.12,84.07,84.11,37150
NEE,2026-09-08,15:53,84.11,84.11,84.07,84.085,34158
NEE,2026-09-08,15:54,84.085,84.085,84.02,84.0476,44021
NEE,2026-09-08,15:55,84.05,84.07,83.9,84,101502
NEE,2026-09-08,15:56,84.005,84.055,83.99,84.05,57715
NEE,2026-09-08,15:57,84.055,84.075,83.97,84.01,84186
NEE,2026-09-08,15:58,84.01,84.035,83.91,83.92,103931
NEE,2026-09-08,15:59,83.91,83.915,83.8,83.85,390672
NEE,2026-09-08,16:00,83.83,83.83,83.83,83.83,0
NEE,2026-09-09,09:30,83.85,83.85,83.85,83.85,114408
NEE,2026-09-09,09:31,83.85,83.91,83.7275,83.855,17534
NEE,2026-09-09,09:32,83.86,84.14,83.83,84.14,12209
NEE,2026-09-09,09:33,84.13,84.21,84.08,84.13,12849
NEE,2026-09-09,09:34,84.17,84.19,84.005,84.17,12590
NEE,2026-09-09,09:35,84.18,84.25,84.065,84.085,19737
NEE,2026-09-09,09:36,84.12,84.1439,84.0475,84.11,26371
NEE,2026-09-09,09:37,84.11,84.155,84.09,84.125,18468
NEE,2026-09-09,09:38,84.13,84.13,84.08,84.09,6862
NEE,2026-09-09,09:39,84.095,84.12,83.95,84.03,10858
NEE,2026-09-09,09:40,84.0074,84.07,83.98,84.02,14562
NEE,2026-09-09,09:41,84.02,84.035,83.87,83.875,14584
NEE,2026-09-09,09:42,83.85,83.86,83.8,83.8,16703
NEE,2026-09-09,09:43,83.81,83.92,83.8,83.85,10764
NEE,2026-09-09,09:44,83.82,83.92,83.82,83.92,4867
NEE,2026-09-09,09:45,83.94,83.96,83.87,83.87,8544
NEE,2026-09-09,09:46,83.88,83.89,83.81,83.84,20897
NEE,2026-09-09,09:47,83.85,83.89,83.742,83.76,12627
NEE,2026-09-09,09:48,83.79,83.79,83.75,83.76,5150
NEE,2026-09-09,09:49,83.79,83.925,83.78,83.84,34355
NEE,2026-09-09,09:50,83.83,83.835,83.7561,83.7561,9905
NEE,2026-09-09,09:51,83.794,83.82,83.745,83.775,19410
NEE,2026-09-09,09:52,83.79,83.805,83.76,83.77,7781
NEE,2026-09-09,09:53,83.8,83.805,83.76,83.76,25715
NEE,2026-09-09,09:54,83.73,83.77,83.685,83.76,18677
NEE,2026-09-09,09:55,83.76,83.775,83.74,83.75,13403
NEE,2026-09-09,09:56,83.74,83.74,83.665,83.665,2893
NEE,2026-09-09,09:57,83.67,83.705,83.67,83.69,7599
NEE,2026-09-09,09:58,83.6912,83.6912,83.61,83.611,8626
NEE,2026-09-09,09:59,83.62,83.66,83.61,83.66,18291
NEE,2026-09-09,10:00,83.66,83.765,83.66,83.765,18301
NEE,2026-09-09,10:01,83.77,83.7785,83.67,83.67,24995
NEE,2026-09-09,10:02,83.676,83.73,83.63,83.71,13164
NEE,2026-09-09,10:03,83.7,83.805,83.7,83.78,17265
NEE,2026-09-09,10:04,83.785,83.8037,83.74,83.755,4853
NEE,2026-09-09,10:05,83.74,83.79,83.72,83.79,12641
NEE,2026-09-09,10:06,83.78,83.79,83.715,83.74,6397
NEE,2026-09-09,10:07,83.74,83.755,83.64,83.64,8267
NEE,2026-09-09,10:08,83.64,83.715,83.64,83.67,6093
NEE,2026-09-09,10:09,83.67,83.71,83.62,83.62,15852
NEE,2026-09-09,10:10,83.63,83.65,83.62,83.63,27031
NEE,2026-09-09,10:11,83.63,83.63,83.53,83.54,8862
NEE,2026-09-09,10:12,83.54,83.56,83.535,83.56,10933
NEE,2026-09-09,10:13,83.56,83.56,83.52,83.555,16773
NEE,2026-09-09,10:14,83.545,83.6,83.545,83.56,17524
NEE,2026-09-09,10:15,83.56,83.56,83.44,83.44,9411
NEE,2026-09-09,10:16,83.43,83.44,83.39,83.415,19716
NEE,2026-09-09,10:17,83.415,83.42,83.385,83.41,18635
NEE,2026-09-09,10:18,83.43,83.47,83.43,83.46,8102
NEE,2026-09-09,10:19,83.47,83.49,83.415,83.415,11650
NEE,2026-09-09,10:20,83.42,83.47,83.39,83.45,13519
NEE,2026-09-09,10:21,83.48,83.51,83.4681,83.49,13580
NEE,2026-09-09,10:22,83.51,83.52,83.44,83.45,16764
NEE,2026-09-09,10:23,83.4528,83.47,83.41,83.42,6797
NEE,2026-09-09,10:24,83.4,83.44,83.395,83.395,8585
NEE,2026-09-09,10:25,83.4,83.44,83.395,83.44,6720
NEE,2026-09-09,10:26,83.43,83.43,83.385,83.39,14892
NEE,2026-09-09,10:27,83.4,83.41,83.33,83.34,20293
NEE,2026-09-09,10:28,83.34,83.36,83.3275,83.35,9677
NEE,2026-09-09,10:29,83.34,83.35,83.27,83.28,26065
NEE,2026-09-09,10:30,83.29,83.33,83.27,83.33,16578
NEE,2026-09-09,10:31,83.34,83.4,83.325,83.38,14484
NEE,2026-09-09,10:32,83.39,83.3999,83.32,83.32,7402
NEE,2026-09-09,10:33,83.33,83.33,83.31,83.32,7825
NEE,2026-09-09,10:34,83.33,83.37,83.33,83.35,11819
NEE,2026-09-09,10:35,83.36,83.41,83.35,83.38,23462
NEE,2026-09-09,10:36,83.41,83.42,83.31,83.33,10838
NEE,2026-09-09,10:37,83.33,83.41,83.33,83.37,6746
NEE,2026-09-09,10:38,83.35,83.4101,83.335,83.4101,5977
NEE,2026-09-09,10:39,83.42,83.465,83.42,83.4201,5851
NEE,2026-09-09,10:40,83.43,83.43,83.38,83.38,10117
NEE,2026-09-09,10:41,83.375,83.375,83.3,83.32,8315
NEE,2026-09-09,10:42,83.31,83.335,83.3,83.335,8440
NEE,2026-09-09,10:43,83.3162,83.3162,83.26,83.3,6263
NEE,2026-09-09,10:44,83.305,83.355,83.3,83.33,15234
NEE,2026-09-09,10:45,83.32,83.32,83.29,83.31,9525
NEE,2026-09-09,10:46,83.32,83.32,83.23,83.235,9068
NEE,2026-09-09,10:47,83.235,83.265,83.23,83.235,10273
NEE,2026-09-09,10:48,83.245,83.245,83.21,83.24,10118
NEE,2026-09-09,10:49,83.235,83.26,83.2201,83.2201,5999
NEE,2026-09-09,10:50,83.23,83.24,83.215,83.22,8718
NEE,2026-09-09,10:51,83.215,83.22,83.2,83.2,12932
NEE,2026-09-09,10:52,83.205,83.205,83.17,83.2,9160
NEE,2026-09-09,10:53,83.195,83.1951,83.15,83.17,8188
NEE,2026-09-09,10:54,83.1775,83.1775,83.14,83.16,8739
NEE,2026-09-09,10:55,83.16,83.185,83.14,83.14,11665
NEE,2026-09-09,10:56,83.14,83.15,83.12,83.13,7895
NEE,2026-09-09,10:57,83.125,83.17,83.125,83.15,12827
NEE,2026-09-09,10:58,83.16,83.205,83.15,83.2,26723
NEE,2026-09-09,10:59,83.21,83.21,83.16,83.17,17180
NEE,2026-09-09,11:00,83.18,83.23,83.18,83.2,11925
NEE,2026-09-09,11:01,83.19,83.205,83.1,83.11,15331
NEE,2026-09-09,11:02,83.115,83.12,83.0351,83.0351,18710
NEE,2026-09-09,11:03,83.035,83.035,82.915,82.93,18879
NEE,2026-09-09,11:04,82.94,82.99,82.93,82.975,16664
NEE,2026-09-09,11:05,82.975,83.025,82.97,82.99,16777
NEE,2026-09-09,11:06,83,83.08,83,83.06,11882
NEE,2026-09-09,11:07,83.07,83.0743,83.01,83.02,7748
NEE,2026-09-09,11:08,83.02,83.02,82.9,82.92,22924
NEE,2026-09-09,11:09,82.925,82.94,82.9,82.9,12347
NEE,2026-09-09,11:10,82.88,82.89,82.84,82.8416,17407
NEE,2026-09-09,11:11,82.83,82.84,82.7705,82.82,12291
NEE,2026-09-09,11:12,82.82,82.8975,82.82,82.87,14434
NEE,2026-09-09,11:13,82.87,82.89,82.87,82.89,6833
NEE,2026-09-09,11:14,82.9,82.95,82.895,82.93,27008
NEE,2026-09-09,11:15,82.92,82.93,82.895,82.92,8593
NEE,2026-09-09,11:16,82.91,82.93,82.895,82.93,17678
NEE,2026-09-09,11:17,82.925,82.93,82.85,82.87,9962
NEE,2026-09-09,11:18,82.87,82.88,82.815,82.83,11369
NEE,2026-09-09,11:19,82.84,82.85,82.79,82.82,11830
NEE,2026-09-09,11:20,82.8,82.8291,82.8,82.8291,7223
NEE,2026-09-09,11:21,82.8209,82.84,82.82,82.84,8706
NEE,2026-09-09,11:22,82.84,82.87,82.815,82.815,10644
NEE,2026-09-09,11:23,82.82,82.83,82.79,82.8,9995
NEE,2026-09-09,11:24,82.805,82.8473,82.805,82.8473,25032
NEE,2026-09-09,11:25,82.83,82.835,82.8,82.83,6429
NEE,2026-09-09,11:26,82.825,82.8599,82.81,82.855,5052
NEE,2026-09-09,11:27,82.85,82.85,82.805,82.82,7497
NEE,2026-09-09,11:28,82.815,82.82,82.775,82.7852,9148
NEE,2026-09-09,11:29,82.79,82.82,82.785,82.81,9111
NEE,2026-09-09,11:30,82.84,82.85,82.815,82.83,16064
NEE,2026-09-09,11:31,82.8446,82.8446,82.81,82.81,8439
NEE,2026-09-09,11:32,82.81,82.82,82.79,82.79,6781
NEE,2026-09-09,11:33,82.77,82.785,82.77,82.77,6389
NEE,2026-09-09,11:34,82.77,82.78,82.715,82.73,14769
NEE,2026-09-09,11:35,82.73,82.76,82.7,82.71,22394
NEE,2026-09-09,11:36,82.71,82.73,82.67,82.68,49199
NEE,2026-09-09,11:37,82.675,82.685,82.655,82.66,24246
NEE,2026-09-09,11:38,82.655,82.74,82.655,82.74,9215
NEE,2026-09-09,11:39,82.735,82.78,82.7,82.78,17454
NEE,2026-09-09,11:40,82.8,82.8,82.745,82.755,6436
NEE,2026-09-09,11:41,82.74,82.755,82.71,82.73,7657
NEE,2026-09-09,11:42,82.74,82.805,82.74,82.755,9037
NEE,2026-09-09,11:43,82.76,82.76,82.662,82.67,11695
NEE,2026-09-09,11:44,82.67,82.67,82.63,82.67,25851
NEE,2026-09-09,11:45,82.68,82.77,82.6638,82.755,22557
NEE,2026-09-09,11:46,82.77,82.795,82.73,82.795,13546
NEE,2026-09-09,11:47,82.79,82.79,82.76,82.765,6366
NEE,2026-09-09,11:48,82.74,82.745,82.73,82.732,4122
NEE,2026-09-09,11:49,82.74,82.76,82.74,82.76,8009
NEE,2026-09-09,11:50,82.755,82.76,82.735,82.745,9494
NEE,2026-09-09,11:51,82.745,82.745,82.71,82.7191,11444
NEE,2026-09-09,11:52,82.72,82.75,82.72,82.74,6559
NEE,2026-09-09,11:53,82.74,82.745,82.7113,82.74,8507
NEE,2026-09-09,11:54,82.74,82.74,82.725,82.73,6590
NEE,2026-09-09,11:55,82.735,82.74,82.68,82.68,13740
NEE,2026-09-09,11:56,82.69,82.72,82.69,82.69,5895
NEE,2026-09-09,11:57,82.695,82.705,82.68,82.69,5891
NEE,2026-09-09,11:58,82.685,82.69,82.655,82.655,9061
NEE,2026-09-09,11:59,82.66,82.715,82.66,82.7,33834
NEE,2026-09-09,12:00,82.69,82.69,82.67,82.685,3558
NEE,2026-09-09,12:01,82.69,82.76,82.69,82.73,23342
NEE,2026-09-09,12:02,82.735,82.805,82.735,82.805,13124
NEE,2026-09-09,12:03,82.805,82.84,82.8,82.835,15923
NEE,2026-09-09,12:04,82.84,82.87,82.84,82.8599,13215
NEE,2026-09-09,12:05,82.86,82.86,82.81,82.83,5476
NEE,2026-09-09,12:06,82.82,82.82,82.74,82.74,13383
NEE,2026-09-09,12:07,82.74,82.76,82.735,82.76,8068
NEE,2026-09-09,12:08,82.76,82.805,82.76,82.78,20866
NEE,2026-09-09,12:09,82.79,82.81,82.76,82.76,8085
NEE,2026-09-09,12:10,82.75,82.75,82.685,82.69,15038
NEE,2026-09-09,12:11,82.675,82.7,82.67,82.68,8741
NEE,2026-09-09,12:12,82.69,82.71,82.675,82.71,5145
NEE,2026-09-09,12:13,82.71,82.71,82.69,82.69,4248
NEE,2026-09-09,12:14,82.7,82.73,82.7,82.71,12145
NEE,2026-09-09,12:15,82.7,82.78,82.7,82.77,13368
NEE,2026-09-09,12:16,82.78,82.81,82.775,82.795,15531
NEE,2026-09-09,12:17,82.795,82.795,82.78,82.78,5440
NEE,2026-09-09,12:18,82.78,82.78,82.72,82.74,10508
NEE,2026-09-09,12:19,82.735,82.76,82.7278,82.7278,15099
NEE,2026-09-09,12:20,82.73,82.73,82.71,82.715,5829
NEE,2026-09-09,12:21,82.715,82.715,82.68,82.7,8418
NEE,2026-09-09,12:22,82.695,82.6975,82.645,82.645,3974
NEE,2026-09-09,12:23,82.65,82.68,82.65,82.68,11639
NEE,2026-09-09,12:24,82.675,82.73,82.675,82.73,7640
NEE,2026-09-09,12:25,82.725,82.73,82.68,82.695,5018
NEE,2026-09-09,12:26,82.69,82.745,82.69,82.745,3379
NEE,2026-09-09,12:27,82.74,82.74,82.73,82.735,316385
NEE,2026-09-09,12:28,82.735,82.74,82.725,82.73,296551
NEE,2026-09-09,12:29,82.73,82.77,82.725,82.77,10189
NEE,2026-09-09,12:30,82.775,82.795,82.775,82.795,4890
NEE,2026-09-09,12:31,82.79,82.7901,82.75,82.75,5161
NEE,2026-09-09,12:32,82.75,82.75,82.68,82.68,174457
NEE,2026-09-09,12:33,82.68,82.71,82.67,82.71,94754
NEE,2026-09-09,12:34,82.71,82.71,82.705,82.71,4216
NEE,2026-09-09,12:35,82.715,82.72,82.6923,82.695,7021
NEE,2026-09-09,12:36,82.6991,82.71,82.69,82.71,4386
NEE,2026-09-09,12:37,82.7,82.7,82.68,82.695,3377
NEE,2026-09-09,12:38,82.69,82.7,82.68,82.68,7978
NEE,2026-09-09,12:39,82.671,82.74,82.671,82.7101,9861
NEE,2026-09-09,12:40,82.71,82.72,82.695,82.71,11412
NEE,2026-09-09,12:41,82.69,82.71,82.675,82.7,6858
NEE,2026-09-09,12:42,82.705,82.705,82.68,82.685,2672
NEE,2026-09-09,12:43,82.6855,82.71,82.67,82.67,8488
NEE,2026-09-09,12:44,82.68,82.72,82.67,82.72,4950
NEE,2026-09-09,12:45,82.71,82.71,82.6509,82.71,10716
NEE,2026-09-09,12:46,82.7,82.7,82.68,82.68,4994
NEE,2026-09-09,12:47,82.665,82.68,82.66,82.675,3792
NEE,2026-09-09,12:48,82.68,82.685,82.665,82.665,6005
NEE,2026-09-09,12:49,82.67,82.68,82.665,82.68,3014
NEE,2026-09-09,12:50,82.68,82.7,82.6703,82.7,7168
NEE,2026-09-09,12:51,82.7,82.705,82.7,82.705,1779
NEE,2026-09-09,12:52,82.705,82.71,82.69,82.69,8780
NEE,2026-09-09,12:53,82.69,82.69,82.625,82.635,5498
NEE,2026-09-09,12:54,82.62,82.6699,82.62,82.66,8315
NEE,2026-09-09,12:55,82.65,82.67,82.635,82.66,4836
NEE,2026-09-09,12:56,82.65,82.66,82.65,82.66,2569
NEE,2026-09-09,12:57,82.66,82.68,82.65,82.6751,24839
NEE,2026-09-09,12:58,82.675,82.7099,82.67,82.69,12019
NEE,2026-09-09,12:59,82.68,82.69,82.65,82.655,8840
NEE,2026-09-09,13:00,82.65,82.695,82.65,82.69,16565
NEE,2026-09-09,13:01,82.69,82.69,82.655,82.66,6384
NEE,2026-09-09,13:02,82.66,82.76,82.66,82.76,23367
NEE,2026-09-09,13:03,82.78,82.78,82.755,82.76,5916
NEE,2026-09-09,13:04,82.76,82.765,82.75,82.76,3666
NEE,2026-09-09,13:05,82.765,82.805,82.76,82.79,9791
NEE,2026-09-09,13:06,82.8,82.85,82.8,82.825,10342
NEE,2026-09-09,13:07,82.825,82.86,82.82,82.82,6324
NEE,2026-09-09,13:08,82.825,82.825,82.785,82.815,7268
NEE,2026-09-09,13:09,82.825,82.85,82.82,82.84,4667
NEE,2026-09-09,13:10,82.84,82.87,82.825,82.87,8180
NEE,2026-09-09,13:11,82.87,82.905,82.86,82.87,13841
NEE,2026-09-09,13:12,82.87,82.88,82.845,82.875,17129
NEE,2026-09-09,13:13,82.875,82.905,82.875,82.9,6146
NEE,2026-09-09,13:14,82.905,82.9399,82.89,82.93,8880
NEE,2026-09-09,13:15,82.92,82.92,82.89,82.91,8795
NEE,2026-09-09,13:16,82.92,82.92,82.82,82.825,12311
NEE,2026-09-09,13:17,82.82,82.825,82.8,82.825,19952
NEE,2026-09-09,13:18,82.82,82.84,82.79,82.8259,17377
NEE,2026-09-09,13:19,82.82,82.82,82.78,82.8,12418
NEE,2026-09-09,13:20,82.79,82.82,82.785,82.8,15557
NEE,2026-09-09,13:21,82.8,82.8,82.785,82.8,4802
NEE,2026-09-09,13:22,82.8,82.81,82.8,82.81,2341
NEE,2026-09-09,13:23,82.805,82.82,82.795,82.8,10152
NEE,2026-09-09,13:24,82.81,82.81,82.8,82.805,11756
NEE,2026-09-09,13:25,82.805,82.81,82.79,82.81,7313
NEE,2026-09-09,13:26,82.81,82.82,82.8051,82.815,4868
NEE,2026-09-09,13:27,82.82,82.835,82.805,82.83,5960
NEE,2026-09-09,13:28,82.835,82.835,82.79,82.805,5170
NEE,2026-09-09,13:29,82.81,82.845,82.81,82.84,8795
NEE,2026-09-09,13:30,82.83,82.86,82.8201,82.855,8127
NEE,2026-09-09,13:31,82.85,82.88,82.84,82.88,5817
NEE,2026-09-09,13:32,82.88,82.88,82.85,82.86,5961
NEE,2026-09-09,13:33,82.87,82.92,82.85,82.86,111963
NEE,2026-09-09,13:34,82.86,82.91,82.86,82.88,118147
NEE,2026-09-09,13:35,82.87,82.91,82.86,82.91,4920
NEE,2026-09-09,13:36,82.905,82.93,82.86,82.86,6106
NEE,2026-09-09,13:37,82.86,82.8675,82.84,82.855,11783
NEE,2026-09-09,13:38,82.86,82.865,82.84,82.865,6953
NEE,2026-09-09,13:39,82.86,82.87,82.8303,82.84,17601
NEE,2026-09-09,13:40,82.845,82.885,82.83,82.885,17911
NEE,2026-09-09,13:41,82.8823,82.9,82.8823,82.9,6286
NEE,2026-09-09,13:42,82.9,82.9,82.87,82.88,8077
NEE,2026-09-09,13:43,82.88,82.8951,82.87,82.895,4754
NEE,2026-09-09,13:44,82.895,82.925,82.89,82.92,17606
NEE,2026-09-09,13:45,82.93,82.9321,82.91,82.91,3813
NEE,2026-09-09,13:46,82.915,82.94,82.91,82.93,17222
NEE,2026-09-09,13:47,82.925,82.95,82.91,82.95,24018
NEE,2026-09-09,13:48,82.955,82.98,82.95,82.98,8015
NEE,2026-09-09,13:49,82.98,82.99,82.95,82.965,11369
NEE,2026-09-09,13:50,82.965,83,82.965,83,12247
NEE,2026-09-09,13:51,83.01,83.03,83.005,83.025,7527
NEE,2026-09-09,13:52,83.025,83.05,82.99,83.05,6755
NEE,2026-09-09,13:53,83.04,83.08,83.04,83.08,10536
NEE,2026-09-09,13:54,83.09,83.1,83.07,83.095,13234
NEE,2026-09-09,13:55,83.11,83.11,83.07,83.075,8111
NEE,2026-09-09,13:56,83.075,83.075,83.055,83.06,5788
NEE,2026-09-09,13:57,83.05,83.08,83.045,83.07,8335
NEE,2026-09-09,13:58,83.075,83.1,83.075,83.08,6033
NEE,2026-09-09,13:59,83.08,83.09,83.065,83.08,3570
NEE,2026-09-09,14:00,83.075,83.155,83.075,83.13,13036
NEE,2026-09-09,14:01,83.11,83.1102,83.06,83.07,40180
NEE,2026-09-09,14:02,83.075,83.1,83.075,83.08,5755
NEE,2026-09-09,14:03,83.07,83.0801,83.065,83.0801,10773
NEE,2026-09-09,14:04,83.085,83.095,83.075,83.075,8824
NEE,2026-09-09,14:05,83.07,83.08,83.035,83.05,5742
NEE,2026-09-09,14:06,83.06,83.07,83.035,83.05,6501
NEE,2026-09-09,14:07,83.0453,83.055,83.02,83.045,13368
NEE,2026-09-09,14:08,83.045,83.11,83.045,83.11,10213
NEE,2026-09-09,14:09,83.1,83.165,83.09,83.16,26437
NEE,2026-09-09,14:10,83.165,83.19,83.14,83.15,10397
NEE,2026-09-09,14:11,83.16,83.18,83.155,83.18,3734
NEE,2026-09-09,14:12,83.18,83.185,83.145,83.16,8265
NEE,2026-09-09,14:13,83.16,83.195,83.16,83.19,19212
NEE,2026-09-09,14:14,83.19,83.21,83.17,83.21,7722
NEE,2026-09-09,14:15,83.22,83.235,83.2,83.235,8727
NEE,2026-09-09,14:16,83.23,83.23,83.17,83.2,24262
NEE,2026-09-09,14:17,83.195,83.21,83.19,83.205,4865
NEE,2026-09-09,14:18,83.205,83.225,83.205,83.22,7412
NEE,2026-09-09,14:19,83.22,83.23,83.2,83.22,11626
NEE,2026-09-09,14:20,83.22,83.235,83.195,83.2,11679
NEE,2026-09-09,14:21,83.19,83.215,83.17,83.215,11003
NEE,2026-09-09,14:22,83.215,83.215,83.19,83.21,8915
NEE,2026-09-09,14:23,83.22,83.236,83.215,83.236,10679
NEE,2026-09-09,14:24,83.235,83.24,83.21,83.21,8271
NEE,2026-09-09,14:25,83.21,83.23,83.2,83.23,13091
NEE,2026-09-09,14:26,83.235,83.255,83.22,83.225,12436
NEE,2026-09-09,14:27,83.215,83.235,83.215,83.23,7879
NEE,2026-09-09,14:28,83.235,83.235,83.225,83.235,4384
NEE,2026-09-09,14:29,83.23,83.23,83.205,83.23,21225
NEE,2026-09-09,14:30,83.225,83.245,83.195,83.205,24953
NEE,2026-09-09,14:31,83.205,83.215,83.175,83.2,15106
NEE,2026-09-09,14:32,83.2,83.225,83.19,83.205,12321
NEE,2026-09-09,14:33,83.205,83.21,83.165,83.19,11902
NEE,2026-09-09,14:34,83.2,83.2,83.165,83.165,10686
NEE,2026-09-09,14:35,83.175,83.175,83.14,83.155,8678
NEE,2026-09-09,14:36,83.155,83.155,83.14,83.145,5681
NEE,2026-09-09,14:37,83.145,83.1556,83.13,83.155,14266
NEE,2026-09-09,14:38,83.15,83.1676,83.14,83.155,11067
NEE,2026-09-09,14:39,83.155,83.205,83.15,83.19,22507
NEE,2026-09-09,14:40,83.19,83.22,83.19,83.215,10098
NEE,2026-09-09,14:41,83.22,83.225,83.21,83.225,14991
NEE,2026-09-09,14:42,83.225,83.245,83.22,83.22,7637
NEE,2026-09-09,14:43,83.21,83.2243,83.195,83.205,12873
NEE,2026-09-09,14:44,83.2,83.205,83.19,83.195,9721
NEE,2026-09-09,14:45,83.2,83.21,83.19,83.2,6534
NEE,2026-09-09,14:46,83.19,83.19,83.15,83.17,10248
NEE,2026-09-09,14:47,83.155,83.19,83.155,83.19,7242
NEE,2026-09-09,14:48,83.19,83.19,83.16,83.175,22237
NEE,2026-09-09,14:49,83.18,83.185,83.12,83.12,19480
NEE,2026-09-09,14:50,83.11,83.11,83.09,83.095,5652
NEE,2026-09-09,14:51,83.095,83.1,83.08,83.085,11749
NEE,2026-09-09,14:52,83.075,83.08,83.055,83.065,8656
NEE,2026-09-09,14:53,83.065,83.08,83.045,83.05,20721
NEE,2026-09-09,14:54,83.04,83.05,83.03,83.045,10433
NEE,2026-09-09,14:55,83.045,83.085,83.045,83.085,15289
NEE,2026-09-09,14:56,83.09,83.105,83.085,83.1,8242
NEE,2026-09-09,14:57,83.1,83.11,83.095,83.095,6446
NEE,2026-09-09,14:58,83.095,83.105,83.095,83.095,10501
NEE,2026-09-09,14:59,83.095,83.095,83.085,83.09,12638
NEE,2026-09-09,15:00,83.085,83.125,83.085,83.12,21444
NEE,2026-09-09,15:01,83.115,83.15,83.115,83.14,9863
NEE,2026-09-09,15:02,83.13,83.145,83.12,83.125,12148
NEE,2026-09-09,15:03,83.125,83.13,83.1,83.13,14959
NEE,2026-09-09,15:04,83.135,83.135,83.095,83.1,12287
NEE,2026-09-09,15:05,83.1,83.115,83.09,83.105,16793
NEE,2026-09-09,15:06,83.105,83.12,83.06,83.07,35573
NEE,2026-09-09,15:07,83.07,83.105,83.07,83.0801,17470
NEE,2026-09-09,15:08,83.08,83.12,83.07,83.12,8837
NEE,2026-09-09,15:09,83.115,83.135,83.115,83.135,10056
NEE,2026-09-09,15:10,83.14,83.155,83.1201,83.155,13308
NEE,2026-09-09,15:11,83.15,83.15,83.135,83.135,4001
NEE,2026-09-09,15:12,83.135,83.135,83.1,83.12,16964
NEE,2026-09-09,15:13,83.12,83.16,83.12,83.15,15913
NEE,2026-09-09,15:14,83.155,83.165,83.15,83.15,10516
NEE,2026-09-09,15:15,83.14,83.16,83.11,83.12,25276
NEE,2026-09-09,15:16,83.115,83.13,83.105,83.125,33497
NEE,2026-09-09,15:17,83.125,83.125,83.095,83.115,14259
NEE,2026-09-09,15:18,83.115,83.12,83.1,83.1,13356
NEE,2026-09-09,15:19,83.095,83.15,83.095,83.135,12531
NEE,2026-09-09,15:20,83.14,83.16,83.135,83.16,11607
NEE,2026-09-09,15:21,83.16,83.165,83.115,83.115,13706
NEE,2026-09-09,15:22,83.115,83.12,83.095,83.115,13308
NEE,2026-09-09,15:23,83.115,83.13,83.095,83.13,15850
NEE,2026-09-09,15:24,83.125,83.155,83.125,83.145,11998
NEE,2026-09-09,15:25,83.145,83.1559,83.105,83.115,10960
NEE,2026-09-09,15:26,83.12,83.125,83.095,83.11,15311
NEE,2026-09-09,15:27,83.105,83.105,83.095,83.095,11313
NEE,2026-09-09,15:28,83.095,83.1,83.075,83.085,12845
NEE,2026-09-09,15:29,83.09,83.15,83.085,83.135,37351
NEE,2026-09-09,15:30,83.135,83.17,83.13,83.135,38676
NEE,2026-09-09,15:31,83.14,83.145,83.065,83.08,37685
NEE,2026-09-09,15:32,83.07,83.11,83.07,83.1,56076
NEE,2026-09-09,15:33,83.1,83.14,83.085,83.135,49457
NEE,2026-09-09,15:34,83.13,83.13,83.07,83.11,25451
NEE,2026-09-09,15:35,83.105,83.115,83.07,83.105,23649
NEE,2026-09-09,15:36,83.11,83.13,83.105,83.115,22907
NEE,2026-09-09,15:37,83.11,83.115,83.075,83.075,15976
NEE,2026-09-09,15:38,83.075,83.08,83.01,83.025,56563
NEE,2026-09-09,15:39,83.015,83.045,83,83.045,21586
NEE,2026-09-09,15:40,83.045,83.075,83.041,83.041,20144
NEE,2026-09-09,15:41,83.045,83.045,82.99,83,19318
NEE,2026-09-09,15:42,82.995,83.025,82.99,83.005,35595
NEE,2026-09-09,15:43,83.005,83.005,82.96,82.985,56176
NEE,2026-09-09,15:44,82.985,83.005,82.96,82.97,25697
NEE,2026-09-09,15:45,82.975,83.035,82.96,83.035,41747
NEE,2026-09-09,15:46,83.035,83.055,83.015,83.015,19005
NEE,2026-09-09,15:47,83.025,83.025,82.985,83.005,26700
NEE,2026-09-09,15:48,83,83.005,82.97,82.975,19564
NEE,2026-09-09,15:49,82.975,82.985,82.885,82.89,39995
NEE,2026-09-09,15:50,82.89,82.905,82.83,82.835,33063
NEE,2026-09-09,15:51,82.82,82.83,82.76,82.77,75018
NEE,2026-09-09,15:52,82.775,82.81,82.76,82.79,41885
NEE,2026-09-09,15:53,82.79,82.815,82.78,82.79,45894
NEE,2026-09-09,15:54,82.795,82.84,82.77,82.84,121715
NEE,2026-09-09,15:55,82.845,82.89,82.815,82.875,73779
NEE,2026-09-09,15:56,82.875,82.885,82.82,82.835,89601
NEE,2026-09-09,15:57,82.835,82.84,82.805,82.815,152456
NEE,2026-09-09,15:58,82.815,82.82,82.75,82.77,149909
NEE,2026-09-09,15:59,82.77,82.79,82.66,82.66,337557
NEE,2026-09-10,09:30,82.8,83.1766,82.75,83,145392
NEE,2026-09-10,09:31,82.98,83.19,82.92,82.975,27786
NEE,2026-09-10,09:32,82.95,83.35,82.95,83.255,43843
NEE,2026-09-10,09:33,83.255,83.265,83,83.04,52210
NEE,2026-09-10,09:34,83.055,83.07,82.9773,83.015,11191
NEE,2026-09-10,09:35,83.005,83.1,82.95,83.05,69806
NEE,2026-09-10,09:36,83.03,83.13,83,83.0441,26531
NEE,2026-09-10,09:37,83,83.04,82.94,83.02,16008
NEE,2026-09-10,09:38,83.04,83.11,83.03,83.06,14021
NEE,2026-09-10,09:39,83.12,83.19,82.965,83,11710
NEE,2026-09-10,09:40,83.01,83.0472,82.92,83.0472,16050
NEE,2026-09-10,09:41,83.02,83.17,83.02,83.1,13508
NEE,2026-09-10,09:42,83.1,83.2,83.07,83.17,14830
NEE,2026-09-10,09:43,83.16,83.25,83.14,83.176,25392
NEE,2026-09-10,09:44,83.175,83.19,82.96,82.98,19361
NEE,2026-09-10,09:45,82.97,83.02,82.935,82.96,18484
NEE,2026-09-10,09:46,82.93,82.98,82.9,82.94,5373
NEE,2026-09-10,09:47,82.92,83,82.9,83,13598
NEE,2026-09-10,09:48,82.98,83,82.86,82.945,29339
NEE,2026-09-10,09:49,82.95,82.9699,82.8801,82.905,19525
NEE,2026-09-10,09:50,82.905,82.915,82.82,82.915,15996
NEE,2026-09-10,09:51,82.916,82.96,82.89,82.9,28191
NEE,2026-09-10,09:52,82.89,82.92,82.8,82.8,12310
NEE,2026-09-10,09:53,82.83,82.89,82.78,82.835,13726
NEE,2026-09-10,09:54,82.86,82.89,82.785,82.83,13221
NEE,2026-09-10,09:55,82.82,82.84,82.74,82.78,6500
NEE,2026-09-10,09:56,82.77,82.79,82.68,82.68,17339
NEE,2026-09-10,09:57,82.665,82.68,82.63,82.65,11643
NEE,2026-09-10,09:58,82.66,82.79,82.66,82.79,36265
NEE,2026-09-10,09:59,82.79,82.85,82.755,82.85,9942
NEE,2026-09-10,10:00,82.85,82.86,82.725,82.76,25092
NEE,2026-09-10,10:01,82.778,82.778,82.685,82.72,11511
NEE,2026-09-10,10:02,82.74,82.77,82.7,82.73,17525
NEE,2026-09-10,10:03,82.74,82.74,82.69,82.74,9940
NEE,2026-09-10,10:04,82.72,82.74,82.6694,82.71,23575
NEE,2026-09-10,10:05,82.7148,82.7471,82.695,82.7471,19725
NEE,2026-09-10,10:06,82.74,82.76,82.69,82.72,66584
NEE,2026-09-10,10:07,82.7093,82.81,82.7093,82.81,21649
NEE,2026-09-10,10:08,82.81,82.87,82.795,82.83,66349
NEE,2026-09-10,10:09,82.84,82.86,82.78,82.78,34787
NEE,2026-09-10,10:10,82.785,82.89,82.77,82.86,24282
NEE,2026-09-10,10:11,82.87,82.91,82.8301,82.9,41775
NEE,2026-09-10,10:12,82.94,82.97,82.9,82.93,9233
NEE,2026-09-10,10:13,82.92,82.92,82.805,82.87,9092
NEE,2026-09-10,10:14,82.84,82.84,82.781,82.795,9470
NEE,2026-09-10,10:15,82.83,82.93,82.83,82.93,10253
NEE,2026-09-10,10:16,82.935,82.99,82.935,82.97,13605
NEE,2026-09-10,10:17,82.985,83,82.96,82.98,6184
NEE,2026-09-10,10:18,82.975,83.03,82.975,83.02,13655
NEE,2026-09-10,10:19,83.01,83.06,82.975,82.985,11121
NEE,2026-09-10,10:20,82.985,83.06,82.985,83.03,20354
NEE,2026-09-10,10:21,83.05,83.07,82.94,82.95,17816
NEE,2026-09-10,10:22,82.93,82.99,82.9202,82.99,16183
NEE,2026-09-10,10:23,82.98,82.99,82.95,82.96,28986
NEE,2026-09-10,10:24,82.97,83.005,82.95,82.98,17504
NEE,2026-09-10,10:25,82.98,83.1,82.98,83.08,48079
NEE,2026-09-10,10:26,83.06,83.08,82.975,83.01,33257
NEE,2026-09-10,10:27,83,83,82.88,82.88,14595
NEE,2026-09-10,10:28,82.89,82.92,82.83,82.86,13883
NEE,2026-09-10,10:29,82.86,82.91,82.84,82.88,6239
NEE,2026-09-10,10:30,82.88,82.89,82.845,82.86,11761
NEE,2026-09-10,10:31,82.8549,82.87,82.81,82.825,11388
NEE,2026-09-10,10:32,82.83,82.87,82.83,82.87,13748
NEE,2026-09-10,10:33,82.87,82.93,82.8446,82.93,12279
NEE,2026-09-10,10:34,82.92,82.95,82.9,82.94,7709
NEE,2026-09-10,10:35,82.94,82.96,82.91,82.93,13782
NEE,2026-09-10,10:36,82.96,82.96,82.905,82.93,11811
NEE,2026-09-10,10:37,82.935,82.96,82.88,82.91,19005
NEE,2026-09-10,10:38,82.9,82.91,82.84,82.84,21978
NEE,2026-09-10,10:39,82.85,82.85,82.785,82.79,22219
NEE,2026-09-10,10:40,82.78,82.78,82.7,82.7,15459
NEE,2026-09-10,10:41,82.7,82.71,82.66,82.68,18969
NEE,2026-09-10,10:42,82.6699,82.75,82.655,82.72,16160
NEE,2026-09-10,10:43,82.71,82.74,82.645,82.7,14671
NEE,2026-09-10,10:44,82.6758,82.68,82.64,82.65,8220
NEE,2026-09-10,10:45,82.65,82.67,82.575,82.575,9852
NEE,2026-09-10,10:46,82.57,82.61,82.51,82.57,41881
NEE,2026-09-10,10:47,82.57,82.58,82.515,82.53,7728
NEE,2026-09-10,10:48,82.52,82.55,82.51,82.535,11405
NEE,2026-09-10,10:49,82.55,82.61,82.55,82.565,16264
NEE,2026-09-10,10:50,82.57,82.62,82.5635,82.57,11675
NEE,2026-09-10,10:51,82.56,82.6,82.5478,82.6,24071
NEE,2026-09-10,10:52,82.585,82.59,82.52,82.55,42495
NEE,2026-09-10,10:53,82.56,82.59,82.55,82.58,17500
NEE,2026-09-10,10:54,82.565,82.64,82.565,82.59,27733
NEE,2026-09-10,10:55,82.58,82.62,82.57,82.59,23798
NEE,2026-09-10,10:56,82.58,82.62,82.57,82.62,14224
NEE,2026-09-10,10:57,82.63,82.65,82.58,82.64,31858
NEE,2026-09-10,10:58,82.655,82.68,82.6369,82.65,8695
NEE,2026-09-10,10:59,82.655,82.66,82.625,82.63,8129
NEE,2026-09-10,11:00,82.63,82.64,82.58,82.6,19928
NEE,2026-09-10,11:01,82.59,82.715,82.59,82.64,282748
NEE,2026-09-10,11:02,82.64,82.65,82.605,82.61,12735
NEE,2026-09-10,11:03,82.6,82.61,82.565,82.6029,14663
NEE,2026-09-10,11:04,82.62,82.63,82.585,82.6,7776
NEE,2026-09-10,11:05,82.61,82.652,82.61,82.652,8547
NEE,2026-09-10,11:06,82.65,82.66,82.61,82.64,14259
NEE,2026-09-10,11:07,82.63,82.66,82.59,82.59,11077
NEE,2026-09-10,11:08,82.61,82.66,82.6,82.66,8335
NEE,2026-09-10,11:09,82.65,82.69,82.62,82.64,12960
NEE,2026-09-10,11:10,82.63,82.64,82.56,82.56,14551
NEE,2026-09-10,11:11,82.56,82.56,82.48,82.485,11019
NEE,2026-09-10,11:12,82.49,82.51,82.48,82.49,9243
NEE,2026-09-10,11:13,82.495,82.56,82.48,82.48,8308
NEE,2026-09-10,11:14,82.49,82.49,82.42,82.42,23496
NEE,2026-09-10,11:15,82.43,82.5,82.43,82.475,23653
NEE,2026-09-10,11:16,82.475,82.565,82.47,82.565,26491
NEE,2026-09-10,11:17,82.56,82.6,82.53,82.56,31058
NEE,2026-09-10,11:18,82.56,82.61,82.56,82.59,19436
NEE,2026-09-10,11:19,82.6,82.63,82.6,82.61,12377
NEE,2026-09-10,11:20,82.61,82.62,82.55,82.55,7534
NEE,2026-09-10,11:21,82.53,82.54,82.5,82.54,8170
NEE,2026-09-10,11:22,82.54,82.56,82.51,82.53,7678
NEE,2026-09-10,11:23,82.54,82.56,82.515,82.545,18151
NEE,2026-09-10,11:24,82.54,82.56,82.5,82.51,18346
NEE,2026-09-10,11:25,82.5,82.55,82.49,82.55,9617
NEE,2026-09-10,11:26,82.53,82.55,82.5,82.5001,8851
NEE,2026-09-10,11:27,82.5,82.51,82.45,82.45,8650
NEE,2026-09-10,11:28,82.46,82.47,82.39,82.42,17619
NEE,2026-09-10,11:29,82.42,82.44,82.405,82.405,6447
NEE,2026-09-10,11:30,82.41,82.45,82.375,82.39,11453
NEE,2026-09-10,11:31,82.3945,82.3945,82.3,82.33,13250
NEE,2026-09-10,11:32,82.33,82.34,82.32,82.34,7832
NEE,2026-09-10,11:33,82.34,82.375,82.34,82.365,9194
NEE,2026-09-10,11:34,82.37,82.4,82.365,82.39,19084
NEE,2026-09-10,11:35,82.39,82.39,82.32,82.355,50518
NEE,2026-09-10,11:36,82.35,82.38,82.32,82.375,33590
NEE,2026-09-10,11:37,82.365,82.38,82.27,82.28,12988
NEE,2026-09-10,11:38,82.2802,82.35,82.28,82.33,20777
NEE,2026-09-10,11:39,82.33,82.35,82.2901,82.3,9028
NEE,2026-09-10,11:40,82.3,82.38,82.295,82.3482,15910
NEE,2026-09-10,11:41,82.34,82.35,82.29,82.35,36226
NEE,2026-09-10,11:42,82.3495,82.37,82.33,82.34,18663
NEE,2026-09-10,11:43,82.33,82.345,82.325,82.33,3060
NEE,2026-09-10,11:44,82.33,82.365,82.32,82.35,7116
NEE,2026-09-10,11:45,82.36,82.4,82.35,82.36,14601
NEE,2026-09-10,11:46,82.335,82.37,82.32,82.33,13494
NEE,2026-09-10,11:47,82.31,82.325,82.285,82.31,91101
NEE,2026-09-10,11:48,82.33,82.35,82.25,82.2736,39797
NEE,2026-09-10,11:49,82.275,82.3,82.235,82.3,20525
NEE,2026-09-10,11:50,82.3,82.32,82.27,82.315,4983
NEE,2026-09-10,11:51,82.325,82.46,82.325,82.46,47090
NEE,2026-09-10,11:52,82.46,82.49,82.445,82.445,8446
NEE,2026-09-10,11:53,82.44,82.49,82.415,82.49,22250
NEE,2026-09-10,11:54,82.47,82.48,82.45,82.4525,5351
NEE,2026-09-10,11:55,82.45,82.48,82.43,82.44,24465
NEE,2026-09-10,11:56,82.44,82.47,82.42,82.47,32583
NEE,2026-09-10,11:57,82.47,82.52,82.47,82.51,8566
NEE,2026-09-10,11:58,82.54,82.54,82.5,82.5272,6951
NEE,2026-09-10,11:59,82.52,82.55,82.52,82.53,10289
NEE,2026-09-10,12:00,82.5245,82.5591,82.52,82.53,19815
NEE,2026-09-10,12:01,82.54,82.57,82.53,82.535,6376
NEE,2026-09-10,12:02,82.54,82.56,82.53,82.555,30703
NEE,2026-09-10,12:03,82.54,82.55,82.5,82.51,19989
NEE,2026-09-10,12:04,82.5,82.51,82.485,82.51,5921
NEE,2026-09-10,12:05,82.51,82.52,82.465,82.47,5886
NEE,2026-09-10,12:06,82.46,82.47,82.43,82.43,8551
NEE,2026-09-10,12:07,82.44,82.47,82.43,82.47,9461
NEE,2026-09-10,12:08,82.47,82.48,82.435,82.45,10540
NEE,2026-09-10,12:09,82.45,82.45,82.435,82.435,4459
NEE,2026-09-10,12:10,82.445,82.47,82.445,82.46,6804
NEE,2026-09-10,12:11,82.4899,82.5,82.4,82.41,15402
NEE,2026-09-10,12:12,82.4,82.44,82.4,82.41,11810
NEE,2026-09-10,12:13,82.41,82.44,82.41,82.41,9210
NEE,2026-09-10,12:14,82.42,82.44,82.39,82.39,35680
NEE,2026-09-10,12:15,82.39,82.41,82.36,82.37,26034
NEE,2026-09-10,12:16,82.38,82.42,82.37,82.42,40246
NEE,2026-09-10,12:17,82.44,82.45,82.35,82.38,14988
NEE,2026-09-10,12:18,82.39,82.43,82.38,82.415,7180
NEE,2026-09-10,12:19,82.41,82.42,82.41,82.41,2382
NEE,2026-09-10,12:20,82.43,82.46,82.41,82.44,11991
NEE,2026-09-10,12:21,82.43,82.45,82.4201,82.45,6483
NEE,2026-09-10,12:22,82.445,82.45,82.42,82.42,14914
NEE,2026-09-10,12:23,82.42,82.44,82.42,82.42,5098
NEE,2026-09-10,12:24,82.42,82.43,82.395,82.4,9009
NEE,2026-09-10,12:25,82.395,82.395,82.365,82.37,17830
NEE,2026-09-10,12:26,82.38,82.41,82.37,82.41,11446
NEE,2026-09-10,12:27,82.39,82.41,82.35,82.395,24667
NEE,2026-09-10,12:28,82.395,82.41,82.36,82.41,41261
NEE,2026-09-10,12:29,82.42,82.43,82.3972,82.3972,5934
NEE,2026-09-10,12:30,82.39,82.42,82.375,82.3791,11445
NEE,2026-09-10,12:31,82.37,82.37,82.32,82.345,13465
NEE,2026-09-10,12:32,82.365,82.37,82.315,82.315,9982
NEE,2026-09-10,12:33,82.32,82.35,82.305,82.35,10769
NEE,2026-09-10,12:34,82.35,82.37,82.295,82.32,23539
NEE,2026-09-10,12:35,82.32,82.32,82.26,82.29,9737
NEE,2026-09-10,12:36,82.27,82.3048,82.2638,82.3048,8785
NEE,2026-09-10,12:37,82.3,82.3471,82.3,82.3471,11352
NEE,2026-09-10,12:38,82.34,82.3991,82.34,82.3991,17187
NEE,2026-09-10,12:39,82.39,82.45,82.39,82.45,21763
NEE,2026-09-10,12:40,82.45,82.46,82.415,82.415,13750
NEE,2026-09-10,12:41,82.43,82.45,82.37,82.4,7788
NEE,2026-09-10,12:42,82.395,82.43,82.38,82.41,5402
NEE,2026-09-10,12:43,82.405,82.42,82.3804,82.39,7386
NEE,2026-09-10,12:44,82.41,82.42,82.39,82.41,9161
NEE,2026-09-10,12:45,82.39,82.42,82.39,82.4191,19698
NEE,2026-09-10,12:46,82.42,82.43,82.37,82.38,21934
NEE,2026-09-10,12:47,82.381,82.42,82.365,82.4,10389
NEE,2026-09-10,12:48,82.405,82.43,82.37,82.419,16882
NEE,2026-09-10,12:49,82.425,82.44,82.4,82.42,12474
NEE,2026-09-10,12:50,82.425,82.46,82.39,82.405,38185
NEE,2026-09-10,12:51,82.41,82.425,82.41,82.415,8122
NEE,2026-09-10,12:52,82.415,82.42,82.39,82.39,22826
NEE,2026-09-10,12:53,82.41,82.43,82.41,82.43,5518
NEE,2026-09-10,12:54,82.42,82.43,82.41,82.43,14737
NEE,2026-09-10,12:55,82.43,82.45,82.41,82.42,22708
NEE,2026-09-10,12:56,82.41,82.44,82.41,82.415,19996
NEE,2026-09-10,12:57,82.41,82.42,82.36,82.365,23953
NEE,2026-09-10,12:58,82.36,82.41,82.35,82.37,34699
NEE,2026-09-10,12:59,82.365,82.4,82.35,82.38,28710
NEE,2026-09-10,13:00,82.36,82.4,82.36,82.39,16780
NEE,2026-09-10,13:01,82.4,82.42,82.385,82.4,10922
NEE,2026-09-10,13:02,82.41,82.4692,82.41,82.46,31817
NEE,2026-09-10,13:03,82.465,82.47,82.45,82.46,13896
NEE,2026-09-10,13:04,82.46,82.47,82.43,82.47,16646
NEE,2026-09-10,13:05,82.455,82.49,82.45,82.46,45324
NEE,2026-09-10,13:06,82.46,82.47,82.43,82.43,37441
NEE,2026-09-10,13:07,82.43,82.45,82.42,82.45,25233
NEE,2026-09-10,13:08,82.46,82.52,82.43,82.43,49005
NEE,2026-09-10,13:09,82.43,82.44,82.36,82.3995,24716
NEE,2026-09-10,13:10,82.4,82.43,82.36,82.38,24902
NEE,2026-09-10,13:11,82.38,82.42,82.375,82.42,46807
NEE,2026-09-10,13:12,82.42,82.44,82.415,82.42,31507
NEE,2026-09-10,13:13,82.42,82.42,82.395,82.395,10759
NEE,2026-09-10,13:14,82.39,82.4,82.37,82.38,7144
NEE,2026-09-10,13:15,82.4,82.41,82.4,82.4,5251
NEE,2026-09-10,13:16,82.395,82.45,82.395,82.45,10751
NEE,2026-09-10,13:17,82.42,82.43,82.41,82.43,4450
NEE,2026-09-10,13:18,82.43,82.455,82.43,82.45,13223
NEE,2026-09-10,13:19,82.45,82.47,82.45,82.47,6157
NEE,2026-09-10,13:20,82.46,82.47,82.46,82.47,5128
NEE,2026-09-10,13:21,82.46,82.47,82.45,82.45,12715
NEE,2026-09-10,13:22,82.455,82.47,82.445,82.45,6272
NEE,2026-09-10,13:23,82.4501,82.46,82.445,82.46,6765
NEE,2026-09-10,13:24,82.46,82.47,82.435,82.44,16530
NEE,2026-09-10,13:25,82.4301,82.45,82.4301,82.44,6097
NEE,2026-09-10,13:26,82.4401,82.47,82.44,82.445,6754
NEE,2026-09-10,13:27,82.45,82.47,82.44,82.46,7986
NEE,2026-09-10,13:28,82.47,82.47,82.44,82.45,16349
NEE,2026-09-10,13:29,82.455,82.47,82.45,82.47,11293
NEE,2026-09-10,13:30,82.47,82.485,82.46,82.48,5495
NEE,2026-09-10,13:31,82.475,82.48,82.445,82.48,11011
NEE,2026-09-10,13:32,82.48,82.49,82.44,82.48,44188
NEE,2026-09-10,13:33,82.48,82.49,82.47,82.49,16463
NEE,2026-09-10,13:34,82.49,82.53,82.48,82.53,5403
NEE,2026-09-10,13:35,82.525,82.58,82.505,82.57,15136
NEE,2026-09-10,13:36,82.56,82.58,82.55,82.57,7782
NEE,2026-09-10,13:37,82.57,82.57,82.54,82.5401,18371
NEE,2026-09-10,13:38,82.55,82.57,82.54,82.5551,10937
NEE,2026-09-10,13:39,82.55,82.56,82.525,82.5301,7863
NEE,2026-09-10,13:40,82.54,82.56,82.5,82.5,18388
NEE,2026-09-10,13:41,82.5,82.51,82.49,82.5,5760
NEE,2026-09-10,13:42,82.49,82.52,82.48,82.51,6366
NEE,2026-09-10,13:43,82.52,82.54,82.51,82.54,3595
NEE,2026-09-10,13:44,82.55,82.56,82.53,82.53,4861
NEE,2026-09-10,13:45,82.535,82.545,82.535,82.545,2576
NEE,2026-09-10,13:46,82.55,82.56,82.54,82.545,7297
NEE,2026-09-10,13:47,82.555,82.56,82.54,82.5572,6828
NEE,2026-09-10,13:48,82.555,82.57,82.555,82.565,8737
NEE,2026-09-10,13:49,82.57,82.585,82.56,82.585,15273
NEE,2026-09-10,13:50,82.59,82.6,82.53,82.55,26015
NEE,2026-09-10,13:51,82.55,82.5566,82.54,82.55,5112
NEE,2026-09-10,13:52,82.55,82.55,82.5,82.51,7966
NEE,2026-09-10,13:53,82.515,82.55,82.515,82.54,4640
NEE,2026-09-10,13:54,82.54,82.55,82.54,82.54,5650
NEE,2026-09-10,13:55,82.555,82.56,82.54,82.55,4341
NEE,2026-09-10,13:56,82.55,82.55,82.5301,82.55,4285
NEE,2026-09-10,13:57,82.5591,82.58,82.54,82.54,6721
NEE,2026-09-10,13:58,82.545,82.575,82.545,82.575,6643
NEE,2026-09-10,13:59,82.575,82.63,82.565,82.6,50806
NEE,2026-09-10,14:00,82.61,82.75,82.61,82.74,42984
NEE,2026-09-10,14:01,82.74,82.75,82.68,82.7,38926
NEE,2026-09-10,14:02,82.6948,82.6972,82.64,82.65,40482
NEE,2026-09-10,14:03,82.65,82.66,82.61,82.61,20862
NEE,2026-09-10,14:04,82.61,82.63,82.55,82.63,26588
NEE,2026-09-10,14:05,82.6191,82.65,82.61,82.61,24550
NEE,2026-09-10,14:06,82.61,82.67,82.61,82.64,23244
NEE,2026-09-10,14:07,82.65,82.69,82.65,82.685,20934
NEE,2026-09-10,14:08,82.68,82.76,82.665,82.745,44558
NEE,2026-09-10,14:09,82.745,82.78,82.735,82.75,35590
NEE,2026-09-10,14:10,82.74,82.745,82.72,82.73,19040
NEE,2026-09-10,14:11,82.735,82.75,82.71,82.745,51490
NEE,2026-09-10,14:12,82.7491,82.795,82.7491,82.795,76908
NEE,2026-09-10,14:13,82.81,82.84,82.795,82.83,37543
NEE,2026-09-10,14:14,82.83,82.845,82.775,82.83,65683
NEE,2026-09-10,14:15,82.8,82.83,82.8,82.83,9303
NEE,2026-09-10,14:16,82.835,82.85,82.825,82.83,9107
NEE,2026-09-10,14:17,82.81,82.83,82.8,82.8,7393
NEE,2026-09-10,14:18,82.8,82.81,82.8,82.801,3373
NEE,2026-09-10,14:19,82.8,82.81,82.79,82.8,13923
NEE,2026-09-10,14:20,82.79,82.83,82.785,82.7916,12867
NEE,2026-09-10,14:21,82.785,82.805,82.78,82.78,14800
NEE,2026-09-10,14:22,82.79,82.81,82.79,82.79,16571
NEE,2026-09-10,14:23,82.795,82.87,82.79,82.87,30964
NEE,2026-09-10,14:24,82.86,82.87,82.83,82.8391,42684
NEE,2026-09-10,14:25,82.835,82.835,82.8,82.805,30009
NEE,2026-09-10,14:26,82.805,82.815,82.67,82.69,113147
NEE,2026-09-10,14:27,82.68,82.75,82.68,82.75,26213
NEE,2026-09-10,14:28,82.75,82.8,82.74,82.765,15566
NEE,2026-09-10,14:29,82.765,82.78,82.75,82.765,6837
NEE,2026-09-10,14:30,82.76,82.77,82.64,82.64,24948
NEE,2026-09-10,14:31,82.65,82.65,82.6,82.64,16028
NEE,2026-09-10,14:32,82.64,82.65,82.625,82.64,7067
NEE,2026-09-10,14:33,82.625,82.649,82.62,82.62,12819
NEE,2026-09-10,14:34,82.62,82.62,82.54,82.578,29211
NEE,2026-09-10,14:35,82.58,82.61,82.58,82.605,4990
NEE,2026-09-10,14:36,82.6025,82.65,82.6,82.61,11625
NEE,2026-09-10,14:37,82.595,82.62,82.575,82.62,20956
NEE,2026-09-10,14:38,82.62,82.68,82.61,82.68,12399
NEE,2026-09-10,14:39,82.6701,82.705,82.655,82.705,21127
NEE,2026-09-10,14:40,82.71,82.74,82.71,82.74,18027
NEE,2026-09-10,14:41,82.7401,82.76,82.725,82.76,13992
NEE,2026-09-10,14:42,82.77,82.795,82.725,82.76,37092
NEE,2026-09-10,14:43,82.76,82.76,82.73,82.745,11584
NEE,2026-09-10,14:44,82.75,82.76,82.75,82.76,8210
NEE,2026-09-10,14:45,82.74,82.76,82.715,82.755,13519
NEE,2026-09-10,14:46,82.76,82.79,82.76,82.77,71709
NEE,2026-09-10,14:47,82.77,82.79,82.76,82.76,20940
NEE,2026-09-10,14:48,82.76,82.7799,82.75,82.77,4464
NEE,2026-09-10,14:49,82.76,82.81,82.76,82.8,12551
NEE,2026-09-10,14:50,82.8,82.81,82.785,82.79,20794
NEE,2026-09-10,14:51,82.789,82.84,82.78,82.8,16818
NEE,2026-09-10,14:52,82.81,82.81,82.78,82.81,10786
NEE,2026-09-10,14:53,82.79,82.79,82.7381,82.74,12411
NEE,2026-09-10,14:54,82.75,82.765,82.74,82.765,6209
NEE,2026-09-10,14:55,82.75,82.76,82.71,82.739,17619
NEE,2026-09-10,14:56,82.723,82.76,82.723,82.75,4748
NEE,2026-09-10,14:57,82.75,82.75,82.74,82.74,6230
NEE,2026-09-10,14:58,82.735,82.755,82.725,82.73,16641
NEE,2026-09-10,14:59,82.73,82.75,82.68,82.68,15429
NEE,2026-09-10,15:00,82.685,82.69,82.63,82.63,23978
NEE,2026-09-10,15:01,82.63,82.7,82.625,82.69,13605
NEE,2026-09-10,15:02,82.6781,82.69,82.66,82.67,9915
NEE,2026-09-10,15:03,82.675,82.69,82.66,82.685,18150
NEE,2026-09-10,15:04,82.68,82.69,82.67,82.67,5827
NEE,2026-09-10,15:05,82.665,82.7,82.66,82.7,9945
NEE,2026-09-10,15:06,82.69,82.71,82.685,82.71,10416
NEE,2026-09-10,15:07,82.715,82.725,82.71,82.715,7169
NEE,2026-09-10,15:08,82.72,82.72,82.695,82.705,13057
NEE,2026-09-10,15:09,82.705,82.78,82.705,82.77,14057
NEE,2026-09-10,15:10,82.77,82.78,82.73,82.73,14950
NEE,2026-09-10,15:11,82.72,82.73,82.71,82.715,15293
NEE,2026-09-10,15:12,82.7,82.745,82.7,82.73,9997
NEE,2026-09-10,15:13,82.74,82.745,82.72,82.745,7716
NEE,2026-09-10,15:14,82.745,82.77,82.71,82.71,15885
NEE,2026-09-10,15:15,82.71,82.72,82.69,82.69,7659
NEE,2026-09-10,15:16,82.685,82.7,82.66,82.6799,10581
NEE,2026-09-10,15:17,82.68,82.69,82.6233,82.625,9953
NEE,2026-09-10,15:18,82.625,82.65,82.61,82.64,7682
NEE,2026-09-10,15:19,82.635,82.64,82.615,82.64,11785
NEE,2026-09-10,15:20,82.645,82.66,82.61,82.61,25350
NEE,2026-09-10,15:21,82.62,82.64,82.6,82.615,8562
NEE,2026-09-10,15:22,82.61,82.62,82.52,82.523,24647
NEE,2026-09-10,15:23,82.53,82.545,82.51,82.52,11259
NEE,2026-09-10,15:24,82.53,82.54,82.485,82.51,11203
NEE,2026-09-10,15:25,82.51,82.56,82.495,82.55,13467
NEE,2026-09-10,15:26,82.55,82.61,82.54,82.6,18911
NEE,2026-09-10,15:27,82.6,82.64,82.58,82.59,20415
NEE,2026-09-10,15:28,82.59,82.6,82.56,82.59,13073
NEE,2026-09-10,15:29,82.58,82.61,82.58,82.6,12188
NEE,2026-09-10,15:30,82.6,82.62,82.56,82.605,44794
NEE,2026-09-10,15:31,82.61,82.65,82.6,82.63,20977
NEE,2026-09-10,15:32,82.63,82.65,82.615,82.63,20484
NEE,2026-09-10,15:33,82.63,82.66,82.6,82.64,13617
NEE,2026-09-10,15:34,82.65,82.65,82.62,82.63,19363
NEE,2026-09-10,15:35,82.62,82.655,82.6101,82.655,18575
NEE,2026-09-10,15:36,82.66,82.68,82.65,82.6604,93533
NEE,2026-09-10,15:37,82.67,82.68,82.635,82.68,30199
NEE,2026-09-10,15:38,82.67,82.715,82.64,82.715,26923
NEE,2026-09-10,15:39,82.71,82.72,82.66,82.66,25498
NEE,2026-09-10,15:40,82.66,82.67,82.63,82.64,20804
NEE,2026-09-10,15:41,82.64,82.67,82.625,82.64,23475
NEE,2026-09-10,15:42,82.64,82.6751,82.64,82.66,13898
NEE,2026-09-10,15:43,82.67,82.74,82.67,82.715,40167
NEE,2026-09-10,15:44,82.71,82.74,82.68,82.72,22484
NEE,2026-09-10,15:45,82.7,82.72,82.675,82.69,23336
NEE,2026-09-10,15:46,82.6802,82.69,82.615,82.675,41840
NEE,2026-09-10,15:47,82.675,82.74,82.67,82.74,35219
NEE,2026-09-10,15:48,82.735,82.74,82.675,82.6944,51641
NEE,2026-09-10,15:49,82.695,82.79,82.69,82.77,46181
NEE,2026-09-10,15:50,82.77,82.82,82.685,82.73,49735
NEE,2026-09-10,15:51,82.735,82.75,82.675,82.685,76387
NEE,2026-09-10,15:52,82.685,82.73,82.675,82.71,41455
NEE,2026-09-10,15:53,82.715,82.74,82.68,82.73,141672
NEE,2026-09-10,15:54,82.735,82.79,82.68,82.7,135793
NEE,2026-09-10,15:55,82.71,82.78,82.68,82.775,102774
NEE,2026-09-10,15:56,82.775,82.78,82.705,82.71,139360
NEE,2026-09-10,15:57,82.72,82.74,82.6,82.6791,157948
NEE,2026-09-10,15:58,82.67,82.67,82.455,82.494,262154
NEE,2026-09-10,15:59,82.46,82.5,82.38,82.46,447048
NEE,2026-09-10,16:00,82.44,82.44,82.44,82.44,0
NEE,2026-09-11,09:30,83.2,83.28,83,83.13,93629
NEE,2026-09-11,09:31,83.1547,83.23,83.07,83.09,12662
NEE,2026-09-11,09:32,83.09,83.14,83.05,83.05,6521
NEE,2026-09-11,09:33,83,83.02,82.88,82.88,22585
NEE,2026-09-11,09:34,82.87,82.9876,82.87,82.9525,8073
NEE,2026-09-11,09:35,82.975,83.04,82.875,83.0375,15706
NEE,2026-09-11,09:36,83.035,83.045,82.87,82.905,18357
NEE,2026-09-11,09:37,82.91,82.97,82.86,82.91,15778
NEE,2026-09-11,09:38,82.905,82.93,82.79,82.8501,18203
NEE,2026-09-11,09:39,82.87,82.87,82.755,82.82,8585
NEE,2026-09-11,09:40,82.8334,82.895,82.764,82.89,13430
NEE,2026-09-11,09:41,82.89,82.96,82.89,82.93,16941
NEE,2026-09-11,09:42,82.93,82.93,82.81,82.81,66812
NEE,2026-09-11,09:43,82.79,82.945,82.79,82.945,8928
NEE,2026-09-11,09:44,82.93,82.975,82.92,82.945,7561
NEE,2026-09-11,09:45,82.95,83,82.88,83,11935
NEE,2026-09-11,09:46,83,83.19,82.995,83.14,13355
NEE,2026-09-11,09:47,83.145,83.21,83.135,83.18,11190
NEE,2026-09-11,09:48,83.175,83.19,83.15,83.18,13062
NEE,2026-09-11,09:49,83.16,83.22,83.1149,83.14,28076
NEE,2026-09-11,09:50,83.09,83.14,83.01,83.01,43086
NEE,2026-09-11,09:51,83.015,83.05,82.9105,82.925,10107
NEE,2026-09-11,09:52,82.925,82.93,82.88,82.9,7828
NEE,2026-09-11,09:53,82.875,82.93,82.815,82.815,13097
NEE,2026-09-11,09:54,82.82,82.82,82.72,82.75,10625
NEE,2026-09-11,09:55,82.75,82.86,82.74,82.86,26374
NEE,2026-09-11,09:56,82.845,82.85,82.78,82.81,23901
NEE,2026-09-11,09:57,82.815,82.845,82.79,82.79,6109
NEE,2026-09-11,09:58,82.785,82.8,82.76,82.79,7694
NEE,2026-09-11,09:59,82.79,82.855,82.79,82.855,9755
NEE,2026-09-11,10:00,82.87,82.9,82.77,82.78,42332
NEE,2026-09-11,10:01,82.76,82.76,82.65,82.76,8242
NEE,2026-09-11,10:02,82.785,82.785,82.66,82.69,10277
NEE,2026-09-11,10:03,82.69,82.72,82.675,82.705,7119
NEE,2026-09-11,10:04,82.72,82.73,82.675,82.7085,16125
NEE,2026-09-11,10:05,82.72,82.75,82.71,82.73,16267
NEE,2026-09-11,10:06,82.74,82.74,82.665,82.675,10697
NEE,2026-09-11,10:07,82.69,82.69,82.655,82.67,22672
NEE,2026-09-11,10:08,82.67,82.67,82.64,82.67,17643
NEE,2026-09-11,10:09,82.67,82.67,82.635,82.635,7789
NEE,2026-09-11,10:10,82.64,82.655,82.58,82.64,23386
NEE,2026-09-11,10:11,82.64,82.66,82.57,82.615,18538
NEE,2026-09-11,10:12,82.61,82.61,82.52,82.57,7856
NEE,2026-09-11,10:13,82.5799,82.605,82.57,82.595,15628
NEE,2026-09-11,10:14,82.62,82.7,82.62,82.635,14031
NEE,2026-09-11,10:15,82.64,82.67,82.61,82.65,22302
NEE,2026-09-11,10:16,82.65,82.705,82.625,82.67,17573
NEE,2026-09-11,10:17,82.67,82.7326,82.66,82.7326,7948
NEE,2026-09-11,10:18,82.7201,82.735,82.68,82.7,15275
NEE,2026-09-11,10:19,82.695,82.72,82.65,82.67,9094
NEE,2026-09-11,10:20,82.67,82.6799,82.59,82.63,25495
NEE,2026-09-11,10:21,82.63,82.64,82.56,82.56,14619
NEE,2026-09-11,10:22,82.56,82.65,82.55,82.65,13753
NEE,2026-09-11,10:23,82.65,82.6814,82.65,82.65,6406
NEE,2026-09-11,10:24,82.61,82.61,82.5715,82.59,5885
NEE,2026-09-11,10:25,82.59,82.5973,82.55,82.58,10190
NEE,2026-09-11,10:26,82.57,82.61,82.56,82.595,14526
NEE,2026-09-11,10:27,82.59,82.675,82.59,82.675,57545
NEE,2026-09-11,10:28,82.6525,82.77,82.65,82.72,15436
NEE,2026-09-11,10:29,82.73,82.785,82.72,82.755,11550
NEE,2026-09-11,10:30,82.75,82.75,82.65,82.665,12668
NEE,2026-09-11,10:31,82.68,82.71,82.645,82.7,7725
NEE,2026-09-11,10:32,82.66,82.72,82.66,82.72,3814
NEE,2026-09-11,10:33,82.715,82.72,82.68,82.695,15589
NEE,2026-09-11,10:34,82.72,82.72,82.63,82.63,10579
NEE,2026-09-11,10:35,82.63,82.65,82.61,82.61,17954
NEE,2026-09-11,10:36,82.6,82.625,82.58,82.58,11188
NEE,2026-09-11,10:37,82.56,82.61,82.55,82.59,6266
NEE,2026-09-11,10:38,82.59,82.64,82.59,82.61,13901
NEE,2026-09-11,10:39,82.62,82.68,82.62,82.651,7142
NEE,2026-09-11,10:40,82.66,82.66,82.59,82.6,9214
NEE,2026-09-11,10:41,82.56,82.57,82.48,82.51,21778
NEE,2026-09-11,10:42,82.49,82.52,82.49,82.51,8105
NEE,2026-09-11,10:43,82.51,82.53,82.49,82.53,5486
NEE,2026-09-11,10:44,82.515,82.515,82.45,82.45,7803
NEE,2026-09-11,10:45,82.46,82.5,82.44,82.475,21798
NEE,2026-09-11,10:46,82.48,82.545,82.48,82.535,13116
NEE,2026-09-11,10:47,82.53,82.535,82.48,82.51,10687
NEE,2026-09-11,10:48,82.505,82.58,82.505,82.54,15004
NEE,2026-09-11,10:49,82.57,82.575,82.46,82.47,19193
NEE,2026-09-11,10:50,82.47,82.49,82.445,82.47,12086
NEE,2026-09-11,10:51,82.47,82.515,82.4501,82.48,34126
NEE,2026-09-11,10:52,82.48,82.5161,82.4698,82.47,7211
NEE,2026-09-11,10:53,82.4601,82.4601,82.41,82.42,5779
NEE,2026-09-11,10:54,82.41,82.44,82.395,82.41,8774
NEE,2026-09-11,10:55,82.4,82.4,82.36,82.37,11750
NEE,2026-09-11,10:56,82.36,82.44,82.36,82.43,2589
NEE,2026-09-11,10:57,82.43,82.43,82.385,82.385,8523
NEE,2026-09-11,10:58,82.4,82.42,82.39,82.4,6970
NEE,2026-09-11,10:59,82.405,82.418,82.38,82.4,15979
NEE,2026-09-11,11:00,82.41,82.42,82.37,82.38,6099
NEE,2026-09-11,11:01,82.385,82.3914,82.335,82.35,11852
NEE,2026-09-11,11:02,82.3599,82.38,82.3,82.36,10201
NEE,2026-09-11,11:03,82.33,82.3471,82.32,82.33,2691
NEE,2026-09-11,11:04,82.32,82.415,82.32,82.4,11724
NEE,2026-09-11,11:05,82.39,82.43,82.39,82.4,29906
NEE,2026-09-11,11:06,82.4,82.41,82.39,82.4,6840
NEE,2026-09-11,11:07,82.4,82.42,82.39,82.4,10257
NEE,2026-09-11,11:08,82.4,82.4,82.385,82.385,3876
NEE,2026-09-11,11:09,82.385,82.385,82.34,82.35,6394
NEE,2026-09-11,11:10,82.345,82.35,82.28,82.299,8166
NEE,2026-09-11,11:11,82.29,82.29,82.255,82.255,9840
NEE,2026-09-11,11:12,82.25,82.25,82.22,82.24,12998
NEE,2026-09-11,11:13,82.25,82.255,82.25,82.255,3055
NEE,2026-09-11,11:14,82.26,82.295,82.26,82.28,9022
NEE,2026-09-11,11:15,82.29,82.32,82.29,82.3,11322
NEE,2026-09-11,11:16,82.3,82.41,82.3,82.34,56930
NEE,2026-09-11,11:17,82.33,82.33,82.26,82.26,15127
NEE,2026-09-11,11:18,82.25,82.25,82.22,82.24,6437
NEE,2026-09-11,11:19,82.23,82.24,82.225,82.24,5832
NEE,2026-09-11,11:20,82.245,82.41,82.23,82.4,52291
NEE,2026-09-11,11:21,82.4,82.4301,82.38,82.42,6065
NEE,2026-09-11,11:22,82.42,82.44,82.41,82.41,6296
NEE,2026-09-11,11:23,82.43,82.445,82.43,82.44,7675
NEE,2026-09-11,11:24,82.45,82.451,82.42,82.45,10671
NEE,2026-09-11,11:25,82.45,82.47,82.41,82.425,5215
NEE,2026-09-11,11:26,82.42,82.4602,82.4,82.46,8524
NEE,2026-09-11,11:27,82.46,82.4998,82.44,82.44,71997
NEE,2026-09-11,11:28,82.455,82.46,82.37,82.38,22850
NEE,2026-09-11,11:29,82.38,82.395,82.34,82.35,15593
NEE,2026-09-11,11:30,82.34,82.35,82.335,82.335,9869
NEE,2026-09-11,11:31,82.34,82.355,82.325,82.355,9226
NEE,2026-09-11,11:32,82.36,82.41,82.36,82.4,25936
NEE,2026-09-11,11:33,82.39,82.39,82.37,82.39,3766
NEE,2026-09-11,11:34,82.38,82.42,82.38,82.4,6976
NEE,2026-09-11,11:35,82.398,82.42,82.365,82.37,24147
NEE,2026-09-11,11:36,82.36,82.37,82.35,82.37,5358
NEE,2026-09-11,11:37,82.37,82.37,82.345,82.37,3975
NEE,2026-09-11,11:38,82.35,82.37,82.35,82.36,3407
NEE,2026-09-11,11:39,82.37,82.385,82.36,82.365,8967
NEE,2026-09-11,11:40,82.365,82.365,82.335,82.35,3877
NEE,2026-09-11,11:41,82.35,82.375,82.35,82.37,6343
NEE,2026-09-11,11:42,82.375,82.4499,82.36,82.435,31170
NEE,2026-09-11,11:43,82.43,82.48,82.42,82.42,8141
NEE,2026-09-11,11:44,82.43,82.47,82.43,82.47,4774
NEE,2026-09-11,11:45,82.48,82.49,82.46,82.47,6654
NEE,2026-09-11,11:46,82.47,82.51,82.47,82.495,7694
NEE,2026-09-11,11:47,82.49,82.495,82.37,82.38,15134
NEE,2026-09-11,11:48,82.38,82.45,82.38,82.45,4707
NEE,2026-09-11,11:49,82.43,82.45,82.42,82.43,3818
NEE,2026-09-11,11:50,82.42,82.4316,82.4,82.42,8806
NEE,2026-09-11,11:51,82.41,82.41,82.365,82.37,8933
NEE,2026-09-11,11:52,82.37,82.37,82.34,82.35,9331
NEE,2026-09-11,11:53,82.345,82.39,82.345,82.375,9316
NEE,2026-09-11,11:54,82.385,82.395,82.38,82.385,8668
NEE,2026-09-11,11:55,82.385,82.385,82.37,82.37,8320
NEE,2026-09-11,11:56,82.36,82.385,82.35,82.35,6709
NEE,2026-09-11,11:57,82.355,82.37,82.345,82.345,4335
NEE,2026-09-11,11:58,82.35,82.42,82.35,82.42,7821
NEE,2026-09-11,11:59,82.41,82.415,82.4,82.415,4424
NEE,2026-09-11,12:00,82.42,82.44,82.415,82.43,9916
NEE,2026-09-11,12:01,82.43,82.44,82.41,82.435,19236
NEE,2026-09-11,12:02,82.43,82.445,82.43,82.44,8243
NEE,2026-09-11,12:03,82.435,82.435,82.4,82.41,6591
NEE,2026-09-11,12:04,82.415,82.435,82.41,82.425,7232
NEE,2026-09-11,12:05,82.43,82.455,82.43,82.43,3797
NEE,2026-09-11,12:06,82.41,82.42,82.41,82.41,3626
NEE,2026-09-11,12:07,82.42,82.5,82.41,82.49,44846
NEE,2026-09-11,12:08,82.5,82.53,82.5,82.51,4804
NEE,2026-09-11,12:09,82.515,82.56,82.5,82.56,15536
NEE,2026-09-11,12:10,82.565,82.61,82.54,82.58,69226
NEE,2026-09-11,12:11,82.59,82.625,82.59,82.615,9159
NEE,2026-09-11,12:12,82.61,82.615,82.54,82.58,41120
NEE,2026-09-11,12:13,82.585,82.66,82.565,82.565,86657
NEE,2026-09-11,12:14,82.56,82.59,82.5377,82.59,29238
NEE,2026-09-11,12:15,82.59,82.5957,82.56,82.575,16229
NEE,2026-09-11,12:16,82.575,82.61,82.57,82.59,24842
NEE,2026-09-11,12:17,82.595,82.61,82.595,82.605,10337
NEE,2026-09-11,12:18,82.6,82.68,82.595,82.665,25034
NEE,2026-09-11,12:19,82.665,82.75,82.665,82.73,91154
NEE,2026-09-11,12:20,82.735,82.8,82.72,82.765,122453
NEE,2026-09-11,12:21,82.765,82.87,82.76,82.82,105121
NEE,2026-09-11,12:22,82.82,82.82,82.67,82.72,77345
NEE,2026-09-11,12:23,82.725,82.7551,82.71,82.735,14119
NEE,2026-09-11,12:24,82.7337,82.765,82.72,82.745,16244
NEE,2026-09-11,12:25,82.75,82.795,82.7,82.71,17798
NEE,2026-09-11,12:26,82.71,82.745,82.7,82.715,160326
NEE,2026-09-11,12:27,82.72,82.825,82.66,82.79,102359
NEE,2026-09-11,12:28,82.8,82.86,82.74,82.83,87461
NEE,2026-09-11,12:29,82.835,82.835,82.785,82.79,21066
NEE,2026-09-11,12:30,82.78,82.82,82.76,82.81,21303
NEE,2026-09-11,12:31,82.8,82.91,82.8,82.88,73934
NEE,2026-09-11,12:32,82.88,82.895,82.85,82.89,34888
NEE,2026-09-11,12:33,82.895,82.95,82.895,82.93,35227
NEE,2026-09-11,12:34,82.925,82.93,82.905,82.92,9820
NEE,2026-09-11,12:35,82.93,82.93,82.905,82.93,16797
NEE,2026-09-11,12:36,82.92,82.98,82.915,82.95,35952
NEE,2026-09-11,12:37,82.95,82.99,82.945,82.99,17279
NEE,2026-09-11,12:38,82.985,83.028,82.96,82.98,26135
NEE,2026-09-11,12:39,82.99,82.99,82.91,82.91,15474
NEE,2026-09-11,12:40,82.91,82.935,82.91,82.935,6469
NEE,2026-09-11,12:41,82.92,82.93,82.91,82.93,8180
NEE,2026-09-11,12:42,82.92,82.92,82.89,82.9,11155
NEE,2026-09-11,12:43,82.89,82.9,82.88,82.9,4051
NEE,2026-09-11,12:44,82.89,82.91,82.88,82.89,14017
NEE,2026-09-11,12:45,82.9,82.92,82.88,82.91,9324
NEE,2026-09-11,12:46,82.91,82.93,82.9,82.92,9987
NEE,2026-09-11,12:47,82.92,82.94,82.84,82.86,18272
NEE,2026-09-11,12:48,82.86,82.87,82.835,82.835,3407
NEE,2026-09-11,12:49,82.835,82.85,82.8301,82.85,3228
NEE,2026-09-11,12:50,82.84,82.87,82.84,82.86,4955
NEE,2026-09-11,12:51,82.87,82.871,82.84,82.85,4336
NEE,2026-09-11,12:52,82.85,82.85,82.82,82.84,12291
NEE,2026-09-11,12:53,82.83,82.87,82.83,82.87,9264
NEE,2026-09-11,12:54,82.87,82.875,82.85,82.865,15875
NEE,2026-09-11,12:55,82.87,82.87,82.83,82.83,5612
NEE,2026-09-11,12:56,82.85,82.875,82.83,82.83,13323
NEE,2026-09-11,12:57,82.83,82.85,82.8,82.815,8849
NEE,2026-09-11,12:58,82.83,82.84,82.805,82.835,9468
NEE,2026-09-11,12:59,82.83,82.87,82.83,82.87,9868
NEE,2026-09-11,13:00,82.865,82.9299,82.865,82.88,24851
NEE,2026-09-11,13:01,82.89,82.9,82.87,82.87,13281
NEE,2026-09-11,13:02,82.87,82.88,82.86,82.865,6961
NEE,2026-09-11,13:03,82.87,82.895,82.87,82.89,4696
NEE,2026-09-11,13:04,82.9,82.9,82.86,82.86,4955
NEE,2026-09-11,13:05,82.865,82.87,82.85,82.85,3819
NEE,2026-09-11,13:06,82.8599,82.87,82.85,82.865,3669
NEE,2026-09-11,13:07,82.87,82.88,82.84,82.8599,9782
NEE,2026-09-11,13:08,82.8451,82.89,82.8451,82.89,6934
NEE,2026-09-11,13:09,82.9,82.9,82.865,82.865,5667
NEE,2026-09-11,13:10,82.87,82.88,82.86,82.875,9526
NEE,2026-09-11,13:11,82.87,82.91,82.87,82.88,47273
NEE,2026-09-11,13:12,82.88,82.88,82.83,82.84,29474
NEE,2026-09-11,13:13,82.835,82.86,82.835,82.86,80610
NEE,2026-09-11,13:14,82.84,82.84,82.81,82.8101,24041
NEE,2026-09-11,13:15,82.82,82.865,82.82,82.86,6259
NEE,2026-09-11,13:16,82.855,82.9101,82.84,82.88,18535
NEE,2026-09-11,13:17,82.88,82.89,82.88,82.885,4838
NEE,2026-09-11,13:18,82.8899,82.8899,82.86,82.88,6360
NEE,2026-09-11,13:19,82.88,82.88,82.87,82.875,2104
NEE,2026-09-11,13:20,82.88,82.9,82.87,82.875,12465
NEE,2026-09-11,13:21,82.87,82.92,82.87,82.92,7040
NEE,2026-09-11,13:22,82.915,82.915,82.88,82.88,4672
NEE,2026-09-11,13:23,82.885,82.9,82.87,82.88,48316
NEE,2026-09-11,13:24,82.87,82.87,82.83,82.84,10920
NEE,2026-09-11,13:25,82.84,82.84,82.82,82.84,3216
NEE,2026-09-11,13:26,82.83,82.84,82.82,82.825,4909
NEE,2026-09-11,13:27,82.825,82.84,82.82,82.82,4109
NEE,2026-09-11,13:28,82.82,82.82,82.79,82.79,6622
NEE,2026-09-11,13:29,82.79,82.8,82.785,82.795,6001
NEE,2026-09-11,13:30,82.805,82.81,82.78,82.785,24743
NEE,2026-09-11,13:31,82.79,82.83,82.79,82.8258,12961
NEE,2026-09-11,13:32,82.83,82.845,82.82,82.84,15919
NEE,2026-09-11,13:33,82.86,82.89,82.86,82.86,13015
NEE,2026-09-11,13:34,82.85,82.85,82.84,82.85,5842
NEE,2026-09-11,13:35,82.845,82.87,82.84,82.8458,8151
NEE,2026-09-11,13:36,82.85,82.89,82.85,82.89,22025
NEE,2026-09-11,13:37,82.905,82.91,82.88,82.89,13305
NEE,2026-09-11,13:38,82.87,82.88,82.87,82.87,14859
NEE,2026-09-11,13:39,82.86,82.86,82.81,82.81,10640
NEE,2026-09-11,13:40,82.8182,82.8474,82.815,82.83,7604
NEE,2026-09-11,13:41,82.82,82.83,82.79,82.83,10922
NEE,2026-09-11,13:42,82.82,82.8233,82.81,82.81,2199
NEE,2026-09-11,13:43,82.815,82.83,82.81,82.83,7955
NEE,2026-09-11,13:44,82.82,82.86,82.82,82.86,7912
NEE,2026-09-11,13:45,82.85,82.85,82.76,82.78,32921
NEE,2026-09-11,13:46,82.78,82.78,82.765,82.78,3117
NEE,2026-09-11,13:47,82.765,82.78,82.74,82.775,11395
NEE,2026-09-11,13:48,82.78,82.825,82.78,82.825,7752
NEE,2026-09-11,13:49,82.8247,82.8391,82.81,82.83,5658
NEE,2026-09-11,13:50,82.84,82.85,82.84,82.84,4664
NEE,2026-09-11,13:51,82.84,82.85,82.8201,82.85,12766
NEE,2026-09-11,13:52,82.855,82.875,82.85,82.87,14089
NEE,2026-09-11,13:53,82.87,82.87,82.835,82.835,5782
NEE,2026-09-11,13:54,82.83,82.839,82.815,82.82,20089
NEE,2026-09-11,13:55,82.81,82.85,82.81,82.83,11268
NEE,2026-09-11,13:56,82.83,82.84,82.825,82.83,4211
NEE,2026-09-11,13:57,82.84,82.86,82.83,82.845,5872
NEE,2026-09-11,13:58,82.84,82.85,82.84,82.845,1842
NEE,2026-09-11,13:59,82.845,82.89,82.84,82.87,11552
NEE,2026-09-11,14:00,82.86,82.87,82.855,82.87,8576
NEE,2026-09-11,14:01,82.865,82.87,82.855,82.86,11207
NEE,2026-09-11,14:02,82.855,82.87,82.845,82.86,16711
NEE,2026-09-11,14:03,82.865,82.87,82.84,82.865,13879
NEE,2026-09-11,14:04,82.865,82.89,82.865,82.88,6690
NEE,2026-09-11,14:05,82.88,82.905,82.88,82.89,14432
NEE,2026-09-11,14:06,82.885,82.895,82.87,82.875,5582
NEE,2026-09-11,14:07,82.875,82.88,82.855,82.87,28587
NEE,2026-09-11,14:08,82.87,82.8976,82.84,82.84,18608
NEE,2026-09-11,14:09,82.835,82.86,82.83,82.83,7648
NEE,2026-09-11,14:10,82.83,82.85,82.82,82.83,19730
NEE,2026-09-11,14:11,82.84,82.86,82.84,82.855,2803
NEE,2026-09-11,14:12,82.86,82.86,82.85,82.855,6154
NEE,2026-09-11,14:13,82.85,82.85,82.835,82.835,8005
NEE,2026-09-11,14:14,82.825,82.83,82.81,82.81,9609
NEE,2026-09-11,14:15,82.795,82.82,82.795,82.81,3841
NEE,2026-09-11,14:16,82.8051,82.81,82.79,82.79,7143
NEE,2026-09-11,14:17,82.79,82.79,82.75,82.75,14155
NEE,2026-09-11,14:18,82.75,82.76,82.735,82.7566,10146
NEE,2026-09-11,14:19,82.76,82.785,82.755,82.785,17935
NEE,2026-09-11,14:20,82.785,82.785,82.735,82.77,10619
NEE,2026-09-11,14:21,82.77,82.77,82.75,82.76,6207
NEE,2026-09-11,14:22,82.75,82.75,82.675,82.675,7722
NEE,2026-09-11,14:23,82.68,82.6897,82.6631,82.68,7998
NEE,2026-09-11,14:24,82.68,82.685,82.66,82.68,5274
NEE,2026-09-11,14:25,82.67,82.675,82.66,82.675,7913
NEE,2026-09-11,14:26,82.679,82.679,82.62,82.62,8161
NEE,2026-09-11,14:27,82.62,82.62,82.6,82.615,9183
NEE,2026-09-11,14:28,82.61,82.61,82.57,82.585,7026
NEE,2026-09-11,14:29,82.585,82.5899,82.585,82.585,2554
NEE,2026-09-11,14:30,82.585,82.6038,82.57,82.57,17662
NEE,2026-09-11,14:31,82.575,82.59,82.565,82.57,7646
NEE,2026-09-11,14:32,82.57,82.57,82.54,82.54,5222
NEE,2026-09-11,14:33,82.54,82.545,82.52,82.53,8172
NEE,2026-09-11,14:34,82.535,82.555,82.52,82.55,32773
NEE,2026-09-11,14:35,82.555,82.555,82.5301,82.535,6062
NEE,2026-09-11,14:36,82.53,82.53,82.515,82.52,18071
NEE,2026-09-11,14:37,82.52,82.535,82.51,82.51,9013
NEE,2026-09-11,14:38,82.505,82.515,82.5,82.51,9251
NEE,2026-09-11,14:39,82.5199,82.5199,82.505,82.505,5970
NEE,2026-09-11,14:40,82.49,82.505,82.485,82.505,6239
NEE,2026-09-11,14:41,82.505,82.51,82.49,82.49,28167
NEE,2026-09-11,14:42,82.495,82.535,82.495,82.53,14704
NEE,2026-09-11,14:43,82.54,82.54,82.51,82.515,8902
NEE,2026-09-11,14:44,82.5225,82.53,82.5,82.51,6488
NEE,2026-09-11,14:45,82.52,82.525,82.515,82.525,2967
NEE,2026-09-11,14:46,82.52,82.53,82.515,82.525,6724
NEE,2026-09-11,14:47,82.525,82.5899,82.525,82.575,13433
NEE,2026-09-11,14:48,82.57,82.5775,82.55,82.55,9774
NEE,2026-09-11,14:49,82.555,82.555,82.53,82.535,16461
NEE,2026-09-11,14:50,82.545,82.555,82.525,82.525,6807
NEE,2026-09-11,14:51,82.525,82.525,82.465,82.475,17775
NEE,2026-09-11,14:52,82.47,82.4799,82.45,82.46,6950
NEE,2026-09-11,14:53,82.4603,82.4603,82.4301,82.435,6305
NEE,2026-09-11,14:54,82.44,82.45,82.43,82.44,10540
NEE,2026-09-11,14:55,82.43,82.465,82.43,82.45,5252
NEE,2026-09-11,14:56,82.44,82.46,82.4286,82.46,21436
NEE,2026-09-11,14:57,82.455,82.46,82.44,82.44,9456
NEE,2026-09-11,14:58,82.445,82.4599,82.435,82.455,8664
NEE,2026-09-11,14:59,82.45,82.455,82.44,82.455,9224
NEE,2026-09-11,15:00,82.46,82.512,82.46,82.512,9589
NEE,2026-09-11,15:01,82.5,82.525,82.5,82.5,8304
NEE,2026-09-11,15:02,82.5,82.545,82.49,82.54,10806
NEE,2026-09-11,15:03,82.535,82.56,82.505,82.54,15518
NEE,2026-09-11,15:04,82.54,82.56,82.54,82.555,13633
NEE,2026-09-11,15:05,82.56,82.565,82.545,82.56,14484
NEE,2026-09-11,15:06,82.555,82.59,82.55,82.57,31186
NEE,2026-09-11,15:07,82.565,82.565,82.55,82.56,3972
NEE,2026-09-11,15:08,82.56,82.595,82.56,82.58,9635
NEE,2026-09-11,15:09,82.58,82.585,82.55,82.57,17286
NEE,2026-09-11,15:10,82.5739,82.585,82.535,82.5359,62007
NEE,2026-09-11,15:11,82.545,82.55,82.525,82.54,19824
NEE,2026-09-11,15:12,82.54,82.54,82.5054,82.52,9865
NEE,2026-09-11,15:13,82.52,82.53,82.51,82.52,21780
NEE,2026-09-11,15:14,82.51,82.53,82.505,82.525,11213
NEE,2026-09-11,15:15,82.5279,82.5279,82.45,82.48,12720
NEE,2026-09-11,15:16,82.48,82.5,82.46,82.47,27810
NEE,2026-09-11,15:17,82.48,82.49,82.465,82.475,25550
NEE,2026-09-11,15:18,82.48,82.48,82.455,82.47,8708
NEE,2026-09-11,15:19,82.475,82.485,82.46,82.465,7970
NEE,2026-09-11,15:20,82.46,82.46,82.38,82.45,27438
NEE,2026-09-11,15:21,82.43,82.485,82.43,82.46,9075
NEE,2026-09-11,15:22,82.46,82.46,82.44,82.455,16517
NEE,2026-09-11,15:23,82.46,82.46,82.44,82.46,17177
NEE,2026-09-11,15:24,82.46,82.46,82.45,82.455,16345
NEE,2026-09-11,15:25,82.455,82.46,82.43,82.435,21140
NEE,2026-09-11,15:26,82.43,82.47,82.43,82.465,9419
NEE,2026-09-11,15:27,82.4699,82.48,82.44,82.455,10634
NEE,2026-09-11,15:28,82.45,82.47,82.44,82.465,9859
NEE,2026-09-11,15:29,82.465,82.505,82.46,82.505,24843
NEE,2026-09-11,15:30,82.5,82.5,82.44,82.455,20659
NEE,2026-09-11,15:31,82.45,82.45,82.41,82.43,30322
NEE,2026-09-11,15:32,82.43,82.44,82.41,82.435,11968
NEE,2026-09-11,15:33,82.43,82.48,82.43,82.475,34803
NEE,2026-09-11,15:34,82.47,82.48,82.42,82.42,22987
NEE,2026-09-11,15:35,82.43,82.45,82.4,82.405,18380
NEE,2026-09-11,15:36,82.4,82.405,82.38,82.38,18252
NEE,2026-09-11,15:37,82.38,82.39,82.34,82.345,16112
NEE,2026-09-11,15:38,82.34,82.365,82.34,82.36,9349
NEE,2026-09-11,15:39,82.365,82.37,82.355,82.365,16289
NEE,2026-09-11,15:40,82.365,82.395,82.34,82.3612,38681
NEE,2026-09-11,15:41,82.365,82.38,82.34,82.36,22606
NEE,2026-09-11,15:42,82.36,82.44,82.35,82.41,40588
NEE,2026-09-11,15:43,82.41,82.43,82.4,82.42,35671
NEE,2026-09-11,15:44,82.42,82.43,82.41,82.42,15036
NEE,2026-09-11,15:45,82.41,82.41,82.36,82.37,47654
NEE,2026-09-11,15:46,82.36,82.37,82.34,82.3499,25201
NEE,2026-09-11,15:47,82.35,82.365,82.31,82.3299,22961
NEE,2026-09-11,15:48,82.33,82.35,82.29,82.3,37109
NEE,2026-09-11,15:49,82.31,82.32,82.27,82.27,42610
NEE,2026-09-11,15:50,82.27,82.295,82.22,82.23,53101
NEE,2026-09-11,15:51,82.225,82.335,82.225,82.31,102909
NEE,2026-09-11,15:52,82.32,82.345,82.259,82.32,127979
NEE,2026-09-11,15:53,82.33,82.395,82.325,82.365,106421
NEE,2026-09-11,15:54,82.37,82.39,82.35,82.38,129044
NEE,2026-09-11,15:55,82.4,82.52,82.34,82.35,174109
NEE,2026-09-11,15:56,82.35,82.41,82.33,82.355,182933
NEE,2026-09-11,15:57,82.355,82.42,82.33,82.395,326927
NEE,2026-09-11,15:58,82.395,82.48,82.38,82.405,289446
NEE,2026-09-11,15:59,82.405,82.425,82.3,82.315,461821
NEE,2026-09-11,16:00,82.31,82.31,82.31,82.31,0
NEE,2026-09-14,09:30,82.63,82.72,82.47,82.68,183730
NEE,2026-09-14,09:31,82.65,82.65,82.44,82.47,17476
NEE,2026-09-14,09:32,82.505,82.73,82.505,82.62,14017
NEE,2026-09-14,09:33,82.61,82.67,82.42,82.45,20603
NEE,2026-09-14,09:34,82.48,82.65,82.48,82.615,25080
NEE,2026-09-14,09:35,82.58,82.635,82.49,82.52,31927
NEE,2026-09-14,09:36,82.535,82.56,82.45,82.4798,16419
NEE,2026-09-14,09:37,82.473,82.5203,82.435,82.46,13750
NEE,2026-09-14,09:38,82.44,82.54,82.44,82.495,14723
NEE,2026-09-14,09:39,82.495,82.55,82.49,82.505,8850
NEE,2026-09-14,09:40,82.53,82.62,82.48,82.6173,17895
NEE,2026-09-14,09:41,82.62,82.635,82.54,82.56,11482
NEE,2026-09-14,09:42,82.57,82.61,82.57,82.61,7088
NEE,2026-09-14,09:43,82.59,82.595,82.53,82.56,22889
NEE,2026-09-14,09:44,82.56,82.64,82.55,82.625,15673
NEE,2026-09-14,09:45,82.62,82.66,82.54,82.545,23331
NEE,2026-09-14,09:46,82.55,82.55,82.48,82.53,36299
NEE,2026-09-14,09:47,82.53,82.53,82.32,82.335,26604
NEE,2026-09-14,09:48,82.34,82.42,82.33,82.42,43379
NEE,2026-09-14,09:49,82.42,82.42,82.38,82.4,8601
NEE,2026-09-14,09:50,82.405,82.43,82.335,82.355,24443
NEE,2026-09-14,09:51,82.34,82.345,82.24,82.24,33403
NEE,2026-09-14,09:52,82.24,82.25,82.105,82.11,81633
NEE,2026-09-14,09:53,82.115,82.17,82.09,82.11,33283
NEE,2026-09-14,09:54,82.12,82.12,81.9305,81.96,34323
NEE,2026-09-14,09:55,81.941,81.962,81.89,81.955,25842
NEE,2026-09-14,09:56,81.94,81.94,81.85,81.85,31560
NEE,2026-09-14,09:57,81.84,81.86,81.83,81.85,16209
NEE,2026-09-14,09:58,81.845,81.85,81.79,81.83,24266
NEE,2026-09-14,09:59,81.848,81.875,81.7885,81.82,21656
NEE,2026-09-14,10:00,81.8,81.87,81.79,81.84,24605
NEE,2026-09-14,10:01,81.85,81.88,81.67,81.68,42540
NEE,2026-09-14,10:02,81.67,81.76,81.666,81.681,37349
NEE,2026-09-14,10:03,81.68,81.79,81.665,81.755,34112
NEE,2026-09-14,10:04,81.755,81.86,81.7467,81.821,18478
NEE,2026-09-14,10:05,81.84,81.87,81.795,81.87,24808
NEE,2026-09-14,10:06,81.87,81.91,81.79,81.82,21470
NEE,2026-09-14,10:07,81.82,81.85,81.775,81.85,25331
NEE,2026-09-14,10:08,81.86,81.8993,81.84,81.88,28953
NEE,2026-09-14,10:09,81.87,81.96,81.87,81.92,27473
NEE,2026-09-14,10:10,81.92,81.945,81.84,81.88,29226
NEE,2026-09-14,10:11,81.88,81.88,81.845,81.855,33405
NEE,2026-09-14,10:12,81.855,81.865,81.79,81.84,36995
NEE,2026-09-14,10:13,81.83,82.02,81.83,82.02,27369
NEE,2026-09-14,10:14,82.02,82.055,81.975,81.98,43968
NEE,2026-09-14,10:15,81.975,82.07,81.945,82.01,48563
NEE,2026-09-14,10:16,82.01,82.045,81.93,81.98,34402
NEE,2026-09-14,10:17,81.98,82.09,81.965,82.08,15961
NEE,2026-09-14,10:18,82.07,82.1499,82.03,82.09,27045
NEE,2026-09-14,10:19,82.09,82.16,82.04,82.145,32932
NEE,2026-09-14,10:20,82.15,82.1582,82.095,82.115,11784
NEE,2026-09-14,10:21,82.115,82.14,82.09,82.14,12425
NEE,2026-09-14,10:22,82.145,82.18,82.0956,82.0956,18434
NEE,2026-09-14,10:23,82.1026,82.115,82.06,82.08,21512
NEE,2026-09-14,10:24,82.075,82.08,82.03,82.07,44657
NEE,2026-09-14,10:25,82.05,82.07,81.93,81.975,25443
NEE,2026-09-14,10:26,81.975,82.02,81.97,82.02,21270
NEE,2026-09-14,10:27,82.01,82.01,81.945,81.96,52146
NEE,2026-09-14,10:28,81.96,81.97,81.92,81.92,25995
NEE,2026-09-14,10:29,81.91,81.97,81.89,81.97,16485
NEE,2026-09-14,10:30,81.98,81.99,81.95,81.95,22495
NEE,2026-09-14,10:31,81.96,81.96,81.89,81.9,18024
NEE,2026-09-14,10:32,81.91,81.93,81.88,81.89,20892
NEE,2026-09-14,10:33,81.89,81.905,81.83,81.85,17933
NEE,2026-09-14,10:34,81.855,81.9,81.83,81.875,16799
NEE,2026-09-14,10:35,81.91,81.98,81.91,81.97,14785
NEE,2026-09-14,10:36,81.97,81.995,81.95,81.99,16503
NEE,2026-09-14,10:37,81.9927,82.05,81.9927,82.015,17894
NEE,2026-09-14,10:38,82.005,82.06,81.98,82.03,18416
NEE,2026-09-14,10:39,82.035,82.06,82,82.02,12401
NEE,2026-09-14,10:40,82.015,82.015,81.95,81.97,19566
NEE,2026-09-14,10:41,81.96,81.965,81.855,81.855,18628
NEE,2026-09-14,10:42,81.85,81.8902,81.795,81.88,21967
NEE,2026-09-14,10:43,81.87,81.91,81.84,81.9,15307
NEE,2026-09-14,10:44,81.895,81.935,81.875,81.93,13995
NEE,2026-09-14,10:45,81.925,81.945,81.855,81.895,20288
NEE,2026-09-14,10:46,81.9,81.93,81.84,81.845,86567
NEE,2026-09-14,10:47,81.85,81.85,81.77,81.81,16293
NEE,2026-09-14,10:48,81.81,81.8325,81.78,81.8003,19104
NEE,2026-09-14,10:49,81.8071,81.81,81.77,81.77,13516
NEE,2026-09-14,10:50,81.77,81.776,81.7305,81.77,14451
NEE,2026-09-14,10:51,81.775,81.86,81.775,81.805,20128
NEE,2026-09-14,10:52,81.8,81.8518,81.795,81.85,19284
NEE,2026-09-14,10:53,81.8499,81.86,81.745,81.78,34359
NEE,2026-09-14,10:54,81.785,81.81,81.75,81.78,13983
NEE,2026-09-14,10:55,81.78,81.82,81.75,81.76,24114
NEE,2026-09-14,10:56,81.75,81.75,81.69,81.72,22157
NEE,2026-09-14,10:57,81.71,81.71,81.6605,81.68,13739
NEE,2026-09-14,10:58,81.68,81.68,81.615,81.655,22142
NEE,2026-09-14,10:59,81.65,81.65,81.615,81.635,17711
NEE,2026-09-14,11:00,81.63,81.68,81.62,81.66,16255
NEE,2026-09-14,11:01,81.65,81.76,81.64,81.76,16028
NEE,2026-09-14,11:02,81.76,81.85,81.76,81.84,29248
NEE,2026-09-14,11:03,81.84,81.93,81.84,81.93,39378
NEE,2026-09-14,11:04,81.93,81.96,81.925,81.925,38328
NEE,2026-09-14,11:05,81.93,82.02,81.915,81.965,47978
NEE,2026-09-14,11:06,81.95,82.02,81.94,82.01,36387
NEE,2026-09-14,11:07,81.99,82.01,81.96,81.98,20976
NEE,2026-09-14,11:08,81.97,82.0504,81.96,82.02,16188
NEE,2026-09-14,11:09,82.02,82.06,81.995,82.01,9955
NEE,2026-09-14,11:10,82.02,82.0618,82,82.04,10181
NEE,2026-09-14,11:11,82.03,82.04,81.9247,81.95,26037
NEE,2026-09-14,11:12,81.94,81.9597,81.89,81.9,15456
NEE,2026-09-14,11:13,81.91,81.955,81.9,81.92,12288
NEE,2026-09-14,11:14,81.93,81.93,81.88,81.88,22225
NEE,2026-09-14,11:15,81.88,81.88,81.79,81.795,10344
NEE,2026-09-14,11:16,81.79,81.81,81.75,81.81,10834
NEE,2026-09-14,11:17,81.8,81.8162,81.755,81.755,14166
NEE,2026-09-14,11:18,81.75,81.75,81.695,81.7,15435
NEE,2026-09-14,11:19,81.7,81.76,81.7,81.755,11832
NEE,2026-09-14,11:20,81.75,81.755,81.715,81.745,18065
NEE,2026-09-14,11:21,81.75,81.85,81.75,81.83,15620
NEE,2026-09-14,11:22,81.85,81.86,81.825,81.84,42261
NEE,2026-09-14,11:23,81.85,81.85,81.795,81.81,18347
NEE,2026-09-14,11:24,81.81,81.87,81.785,81.87,22008
NEE,2026-09-14,11:25,81.86,81.91,81.855,81.88,15788
NEE,2026-09-14,11:26,81.88,81.895,81.83,81.885,23815
NEE,2026-09-14,11:27,81.88,81.88,81.83,81.86,7463
NEE,2026-09-14,11:28,81.85,81.9,81.82,81.85,15894
NEE,2026-09-14,11:29,81.85,81.85,81.81,81.85,29123
NEE,2026-09-14,11:30,81.86,81.8699,81.83,81.85,10118
NEE,2026-09-14,11:31,81.845,81.845,81.795,81.83,13017
NEE,2026-09-14,11:32,81.82,81.8593,81.805,81.82,31453
NEE,2026-09-14,11:33,81.825,81.91,81.8,81.9,11707
NEE,2026-09-14,11:34,81.89,81.93,81.84,81.87,13014
NEE,2026-09-14,11:35,81.87,81.885,81.82,81.865,11759
NEE,2026-09-14,11:36,81.86,81.885,81.83,81.83,9641
NEE,2026-09-14,11:37,81.84,81.85,81.81,81.835,9777
NEE,2026-09-14,11:38,81.82,81.84,81.81,81.83,10618
NEE,2026-09-14,11:39,81.82,81.9,81.82,81.87,14704
NEE,2026-09-14,11:40,81.865,81.91,81.8601,81.875,17939
NEE,2026-09-14,11:41,81.875,81.93,81.87,81.93,8120
NEE,2026-09-14,11:42,81.92,81.9499,81.905,81.93,13054
NEE,2026-09-14,11:43,81.915,81.985,81.915,81.985,8767
NEE,2026-09-14,11:44,81.99,82.02,81.96,81.97,24391
NEE,2026-09-14,11:45,81.97,81.99,81.94,81.94,12382
NEE,2026-09-14,11:46,81.94,81.955,81.8725,81.93,18496
NEE,2026-09-14,11:47,81.93,81.945,81.86,81.86,22919
NEE,2026-09-14,11:48,81.86,81.89,81.83,81.89,12872
NEE,2026-09-14,11:49,81.89,81.89,81.845,81.85,16181
NEE,2026-09-14,11:50,81.84,81.86,81.8001,81.83,8470
NEE,2026-09-14,11:51,81.83,81.9,81.83,81.9,9402
NEE,2026-09-14,11:52,81.89,81.91,81.88,81.895,9498
NEE,2026-09-14,11:53,81.9,81.98,81.885,81.965,40354
NEE,2026-09-14,11:54,81.96,81.97,81.91,81.9443,17083
NEE,2026-09-14,11:55,81.94,81.94,81.88,81.885,13003
NEE,2026-09-14,11:56,81.88,81.89,81.85,81.855,17951
NEE,2026-09-14,11:57,81.85,81.92,81.85,81.91,31742
NEE,2026-09-14,11:58,81.9151,81.96,81.905,81.96,28660
NEE,2026-09-14,11:59,81.95,82.015,81.935,82.005,24691
NEE,2026-09-14,12:00,82.005,82.03,81.91,81.94,83249
NEE,2026-09-14,12:01,81.9331,81.955,81.88,81.955,21106
NEE,2026-09-14,12:02,81.955,81.9771,81.94,81.965,20254
NEE,2026-09-14,12:03,81.96,82.04,81.945,82.02,19201
NEE,2026-09-14,12:04,82.02,82.06,82.015,82.045,14606
NEE,2026-09-14,12:05,82.045,82.045,82.01,82.03,10547
NEE,2026-09-14,12:06,82.03,82.06,82.02,82.02,12122
NEE,2026-09-14,12:07,82.025,82.075,82.013,82.07,17583
NEE,2026-09-14,12:08,82.07,82.095,82.05,82.09,20290
NEE,2026-09-14,12:09,82.08,82.13,82.08,82.11,28116
NEE,2026-09-14,12:10,82.12,82.19,82.12,82.19,19016
NEE,2026-09-14,12:11,82.195,82.22,82.16,82.16,32743
NEE,2026-09-14,12:12,82.17,82.17,82.12,82.145,21781
NEE,2026-09-14,12:13,82.14,82.14,82.105,82.127,15691
NEE,2026-09-14,12:14,82.12,82.155,82.11,82.15,18781
NEE,2026-09-14,12:15,82.17,82.17,82.125,82.15,21991
NEE,2026-09-14,12:16,82.14,82.155,82.07,82.07,24569
NEE,2026-09-14,12:17,82.06,82.08,82.045,82.08,25704
NEE,2026-09-14,12:18,82.07,82.075,82.05,82.07,13773
NEE,2026-09-14,12:19,82.07,82.105,82.05,82.105,17208
NEE,2026-09-14,12:20,82.11,82.12,82.095,82.1,17902
NEE,2026-09-14,12:21,82.11,82.12,82.09,82.105,16352
NEE,2026-09-14,12:22,82.115,82.135,82.105,82.125,15834
NEE,2026-09-14,12:23,82.13,82.185,82.13,82.18,19200
NEE,2026-09-14,12:24,82.175,82.185,82.15,82.18,12177
NEE,2026-09-14,12:25,82.18,82.2,82.175,82.18,10901
NEE,2026-09-14,12:26,82.185,82.185,82.11,82.155,32768
NEE,2026-09-14,12:27,82.14,82.16,82.13,82.16,6794
NEE,2026-09-14,12:28,82.15,82.19,82.14,82.19,12867
NEE,2026-09-14,12:29,82.185,82.19,82.165,82.185,16892
NEE,2026-09-14,12:30,82.18,82.21,82.18,82.19,22259
NEE,2026-09-14,12:31,82.185,82.23,82.175,82.2003,14760
NEE,2026-09-14,12:32,82.205,82.24,82.17,82.18,9009
NEE,2026-09-14,12:33,82.185,82.2,82.17,82.2,6571
NEE,2026-09-14,12:34,82.21,82.21,82.1601,82.165,7834
NEE,2026-09-14,12:35,82.16,82.17,82.15,82.165,8656
NEE,2026-09-14,12:36,82.16,82.205,82.15,82.16,20974
NEE,2026-09-14,12:37,82.17,82.2,82.155,82.195,14675
NEE,2026-09-14,12:38,82.2,82.22,82.155,82.19,44954
NEE,2026-09-14,12:39,82.185,82.25,82.17,82.25,25589
NEE,2026-09-14,12:40,82.24,82.24,82.16,82.2,34794
NEE,2026-09-14,12:41,82.19,82.2,82.14,82.17,13032
NEE,2026-09-14,12:42,82.17,82.19,82.145,82.185,12420
NEE,2026-09-14,12:43,82.185,82.19,82.15,82.17,20489
NEE,2026-09-14,12:44,82.175,82.21,82.175,82.21,26201
NEE,2026-09-14,12:45,82.2,82.24,82.2,82.2,24429
NEE,2026-09-14,12:46,82.19,82.215,82.15,82.21,61248
NEE,2026-09-14,12:47,82.22,82.27,82.2,82.235,48682
NEE,2026-09-14,12:48,82.235,82.35,82.23,82.34,27072
NEE,2026-09-14,12:49,82.33,82.35,82.275,82.28,19486
NEE,2026-09-14,12:50,82.28,82.39,82.28,82.38,15095
NEE,2026-09-14,12:51,82.375,82.395,82.33,82.335,36566
NEE,2026-09-14,12:52,82.33,82.335,82.31,82.33,11880
NEE,2026-09-14,12:53,82.32,82.32,82.26,82.28,50176
NEE,2026-09-14,12:54,82.275,82.28,82.245,82.245,51321
NEE,2026-09-14,12:55,82.25,82.26,82.225,82.23,12139
NEE,2026-09-14,12:56,82.235,82.265,82.175,82.185,21852
NEE,2026-09-14,12:57,82.185,82.19,82.18,82.19,9022
NEE,2026-09-14,12:58,82.19,82.2,82.155,82.18,15825
NEE,2026-09-14,12:59,82.185,82.185,82.12,82.13,18965
NEE,2026-09-14,13:00,82.14,82.24,82.12,82.24,22601
NEE,2026-09-14,13:01,82.23,82.27,82.205,82.255,29494
NEE,2026-09-14,13:02,82.26,82.26,82.215,82.215,8552
NEE,2026-09-14,13:03,82.21,82.25,82.21,82.25,16241
NEE,2026-09-14,13:04,82.22,82.28,82.22,82.27,8445
NEE,2026-09-14,13:05,82.28,82.29,82.24,82.26,23055
NEE,2026-09-14,13:06,82.26,82.27,82.21,82.21,12277
NEE,2026-09-14,13:07,82.21,82.23,82.21,82.225,5749
NEE,2026-09-14,13:08,82.22,82.25,82.21,82.225,22601
NEE,2026-09-14,13:09,82.23,82.26,82.23,82.26,7961
NEE,2026-09-14,13:10,82.25,82.2799,82.21,82.23,29412
NEE,2026-09-14,13:11,82.23,82.24,82.2101,82.2101,11845
NEE,2026-09-14,13:12,82.23,82.25,82.23,82.24,9390
NEE,2026-09-14,13:13,82.245,82.28,82.23,82.27,15866
NEE,2026-09-14,13:14,82.27,82.3,82.27,82.285,28358
NEE,2026-09-14,13:15,82.28,82.285,82.22,82.23,25412
NEE,2026-09-14,13:16,82.23,82.24,82.19,82.19,17307
NEE,2026-09-14,13:17,82.2,82.23,82.17,82.17,21333
NEE,2026-09-14,13:18,82.17,82.19,82.16,82.19,11935
NEE,2026-09-14,13:19,82.185,82.19,82.14,82.17,11778
NEE,2026-09-14,13:20,82.165,82.18,82.14,82.175,8160
NEE,2026-09-14,13:21,82.17,82.18,82.155,82.16,9980
NEE,2026-09-14,13:22,82.16,82.18,82.16,82.17,6648
NEE,2026-09-14,13:23,82.165,82.185,82.16,82.175,10888
NEE,2026-09-14,13:24,82.1701,82.2,82.17,82.18,18008
NEE,2026-09-14,13:25,82.175,82.18,82.16,82.17,5974
NEE,2026-09-14,13:26,82.18,82.18,82.15,82.17,14215
NEE,2026-09-14,13:27,82.17,82.1892,82.14,82.1774,42234
NEE,2026-09-14,13:28,82.19,82.215,82.16,82.175,14067
NEE,2026-09-14,13:29,82.185,82.23,82.18,82.2254,4927
NEE,2026-09-14,13:30,82.22,82.26,82.215,82.245,12419
NEE,2026-09-14,13:31,82.24,82.25,82.21,82.25,19005
NEE,2026-09-14,13:32,82.24,82.27,82.22,82.22,13585
NEE,2026-09-14,13:33,82.23,82.24,82.215,82.22,8513
NEE,2026-09-14,13:34,82.215,82.215,82.18,82.215,13554
NEE,2026-09-14,13:35,82.205,82.215,82.175,82.175,16962
NEE,2026-09-14,13:36,82.18,82.25,82.175,82.245,19771
NEE,2026-09-14,13:37,82.2441,82.2476,82.2,82.205,7935
NEE,2026-09-14,13:38,82.21,82.21,82.17,82.18,11008
NEE,2026-09-14,13:39,82.19,82.24,82.18,82.23,9865
NEE,2026-09-14,13:40,82.235,82.24,82.17,82.19,12958
NEE,2026-09-14,13:41,82.195,82.24,82.18,82.195,22686
NEE,2026-09-14,13:42,82.2,82.23,82.2,82.21,8809
NEE,2026-09-14,13:43,82.215,82.22,82.19,82.22,7458
NEE,2026-09-14,13:44,82.22,82.26,82.22,82.245,13126
NEE,2026-09-14,13:45,82.24,82.24,82.2,82.2,14106
NEE,2026-09-14,13:46,82.205,82.23,82.2,82.23,8738
NEE,2026-09-14,13:47,82.225,82.225,82.2,82.205,12612
NEE,2026-09-14,13:48,82.205,82.215,82.2,82.21,6834
NEE,2026-09-14,13:49,82.21,82.255,82.18,82.25,26202
NEE,2026-09-14,13:50,82.26,82.295,82.24,82.295,12679
NEE,2026-09-14,13:51,82.285,82.31,82.27,82.3,15877
NEE,2026-09-14,13:52,82.31,82.36,82.31,82.36,11488
NEE,2026-09-14,13:53,82.36,82.36,82.34,82.35,11031
NEE,2026-09-14,13:54,82.36,82.37,82.35,82.37,8108
NEE,2026-09-14,13:55,82.35,82.3616,82.3,82.3,19704
NEE,2026-09-14,13:56,82.3,82.315,82.29,82.305,13789
NEE,2026-09-14,13:57,82.3,82.355,82.3,82.33,36060
NEE,2026-09-14,13:58,82.33,82.35,82.2701,82.2701,12826
NEE,2026-09-14,13:59,82.27,82.28,82.22,82.22,14390
NEE,2026-09-14,14:00,82.22,82.22,82.17,82.2,19162
NEE,2026-09-14,14:01,82.2,82.2,82.115,82.135,25779
NEE,2026-09-14,14:02,82.13,82.14,82.075,82.08,10636
NEE,2026-09-14,14:03,82.08,82.1,82.065,82.07,14913
NEE,2026-09-14,14:04,82.09,82.115,82.0601,82.065,13638
NEE,2026-09-14,14:05,82.07,82.095,82.07,82.095,8656
NEE,2026-09-14,14:06,82.085,82.11,82.055,82.055,11743
NEE,2026-09-14,14:07,82.04,82.045,81.995,82.005,12656
NEE,2026-09-14,14:08,82,82.055,82,82.05,92662
NEE,2026-09-14,14:09,82.045,82.06,82.04,82.045,10189
NEE,2026-09-14,14:10,82.05,82.05,82.03,82.03,12238
NEE,2026-09-14,14:11,82.025,82.04,82.0129,82.03,6121
NEE,2026-09-14,14:12,82.025,82.04,82.01,82.0148,6907
NEE,2026-09-14,14:13,82.01,82.0199,81.99,81.99,12317
NEE,2026-09-14,14:14,81.99,82.04,81.98,82,10285
NEE,2026-09-14,14:15,82.01,82.01,81.98,81.98,5777
NEE,2026-09-14,14:16,81.97,82,81.945,81.995,14419
NEE,2026-09-14,14:17,81.99,82,81.97,81.985,21303
NEE,2026-09-14,14:18,81.98,81.98,81.94,81.96,13248
NEE,2026-09-14,14:19,81.94,81.965,81.93,81.965,10156
NEE,2026-09-14,14:20,81.965,81.965,81.925,81.925,9484
NEE,2026-09-14,14:21,81.925,81.945,81.925,81.935,9349
NEE,2026-09-14,14:22,81.93,81.93,81.88,81.885,17303
NEE,2026-09-14,14:23,81.885,81.915,81.885,81.915,5165
NEE,2026-09-14,14:24,81.915,81.92,81.89,81.91,6880
NEE,2026-09-14,14:25,81.91,81.92,81.895,81.91,9955
NEE,2026-09-14,14:26,81.905,81.915,81.82,81.82,11703
NEE,2026-09-14,14:27,81.83,81.875,81.8246,81.875,16804
NEE,2026-09-14,14:28,81.87,81.885,81.86,81.86,7526
NEE,2026-09-14,14:29,81.855,81.9,81.855,81.9,7897
NEE,2026-09-14,14:30,81.9,81.9,81.875,81.875,10880
NEE,2026-09-14,14:31,81.87,81.87,81.78,81.795,53475
NEE,2026-09-14,14:32,81.8,81.805,81.76,81.78,11124
NEE,2026-09-14,14:33,81.7737,81.815,81.7737,81.78,23366
NEE,2026-09-14,14:34,81.79,81.86,81.785,81.825,30334
NEE,2026-09-14,14:35,81.82,81.865,81.815,81.8301,11121
NEE,2026-09-14,14:36,81.825,81.85,81.81,81.81,14245
NEE,2026-09-14,14:37,81.82,81.87,81.82,81.87,12358
NEE,2026-09-14,14:38,81.86,81.8682,81.855,81.865,7351
NEE,2026-09-14,14:39,81.86,81.9,81.86,81.885,18817
NEE,2026-09-14,14:40,81.88,81.885,81.865,81.87,11136
NEE,2026-09-14,14:41,81.87,81.895,81.85,81.885,23657
NEE,2026-09-14,14:42,81.8801,81.885,81.845,81.86,17127
NEE,2026-09-14,14:43,81.855,81.86,81.835,81.86,9537
NEE,2026-09-14,14:44,81.85,81.88,81.835,81.84,14399
NEE,2026-09-14,14:45,81.85,81.865,81.835,81.8601,11039
NEE,2026-09-14,14:46,81.8798,81.88,81.855,81.875,18974
NEE,2026-09-14,14:47,81.875,81.91,81.875,81.905,15621
NEE,2026-09-14,14:48,81.91,81.97,81.91,81.95,12853
NEE,2026-09-14,14:49,81.96,81.975,81.93,81.96,19197
NEE,2026-09-14,14:50,81.96,82.01,81.96,82,15870
NEE,2026-09-14,14:51,82.02,82.04,81.98,81.995,13549
NEE,2026-09-14,14:52,81.995,82.02,81.98,81.99,13352
NEE,2026-09-14,14:53,81.98,82.01,81.9685,82.01,8158
NEE,2026-09-14,14:54,82.01,82.01,81.99,82,13915
NEE,2026-09-14,14:55,82,82.035,82,82.035,11794
NEE,2026-09-14,14:56,82.035,82.07,82.035,82.065,14049
NEE,2026-09-14,14:57,82.06,82.07,82.055,82.07,14948
NEE,2026-09-14,14:58,82.065,82.075,82.045,82.065,12574
NEE,2026-09-14,14:59,82.06,82.08,82.055,82.06,14202
NEE,2026-09-14,15:00,82.04,82.08,82.04,82.045,23347
NEE,2026-09-14,15:01,82.045,82.045,81.975,81.975,17055
NEE,2026-09-14,15:02,81.97,82.01,81.965,82.005,21404
NEE,2026-09-14,15:03,82.005,82.015,81.9786,81.99,16532
NEE,2026-09-14,15:04,81.98,81.98,81.96,81.96,11596
NEE,2026-09-14,15:05,81.965,81.98,81.91,81.91,13845
NEE,2026-09-14,15:06,81.9001,81.96,81.9,81.96,18916
NEE,2026-09-14,15:07,81.97,81.98,81.945,81.9599,18914
NEE,2026-09-14,15:08,81.945,81.955,81.93,81.95,14730
NEE,2026-09-14,15:09,81.96,81.97,81.94,81.96,10130
NEE,2026-09-14,15:10,81.965,81.995,81.9607,81.99,12003
NEE,2026-09-14,15:11,81.98,81.99,81.9701,81.98,14792
NEE,2026-09-14,15:12,81.985,82.015,81.98,82.015,14304
NEE,2026-09-14,15:13,82.01,82.04,81.995,82.035,32973
NEE,2026-09-14,15:14,82.035,82.045,82.01,82.03,9946
NEE,2026-09-14,15:15,82.03,82.03,81.97,81.97,37241
NEE,2026-09-14,15:16,81.975,82.0099,81.95,81.955,10113
NEE,2026-09-14,15:17,81.96,81.985,81.96,81.98,10533
NEE,2026-09-14,15:18,81.98,81.98,81.935,81.945,12676
NEE,2026-09-14,15:19,81.945,81.965,81.91,81.96,24698
NEE,2026-09-14,15:20,81.955,81.98,81.95,81.975,12692
NEE,2026-09-14,15:21,81.99,81.99,81.96,81.96,12472
NEE,2026-09-14,15:22,81.9503,81.98,81.94,81.9703,11865
NEE,2026-09-14,15:23,81.97,81.98,81.93,81.96,15886
NEE,2026-09-14,15:24,81.95,81.96,81.93,81.93,21488
NEE,2026-09-14,15:25,81.93,81.94,81.91,81.92,25569
NEE,2026-09-14,15:26,81.92,81.92,81.89,81.91,23108
NEE,2026-09-14,15:27,81.905,81.91,81.82,81.855,23132
NEE,2026-09-14,15:28,81.855,81.865,81.82,81.82,14088
NEE,2026-09-14,15:29,81.82,81.8799,81.82,81.84,16961
NEE,2026-09-14,15:30,81.8425,81.86,81.805,81.84,23359
NEE,2026-09-14,15:31,81.84,81.86,81.82,81.85,20057
NEE,2026-09-14,15:32,81.86,81.87,81.84,81.845,22872
NEE,2026-09-14,15:33,81.845,81.87,81.805,81.805,19901
NEE,2026-09-14,15:34,81.8,81.81,81.7841,81.79,16632
NEE,2026-09-14,15:35,81.795,81.85,81.7842,81.825,27710
NEE,2026-09-14,15:36,81.8203,81.8203,81.78,81.81,17141
NEE,2026-09-14,15:37,81.8,81.805,81.775,81.8,17844
NEE,2026-09-14,15:38,81.7801,81.79,81.74,81.74,12605
NEE,2026-09-14,15:39,81.7499,81.7799,81.74,81.76,25229
NEE,2026-09-14,15:40,81.76,81.77,81.71,81.715,19436
NEE,2026-09-14,15:41,81.715,81.775,81.715,81.77,31717
NEE,2026-09-14,15:42,81.76,81.76,81.715,81.75,25377
NEE,2026-09-14,15:43,81.74,81.74,81.71,81.73,17104
NEE,2026-09-14,15:44,81.73,81.75,81.71,81.7184,30555
NEE,2026-09-14,15:45,81.7,81.745,81.685,81.705,33325
NEE,2026-09-14,15:46,81.71,81.76,81.71,81.74,54581
NEE,2026-09-14,15:47,81.75,81.77,81.73,81.76,27749
NEE,2026-09-14,15:48,81.75,81.77,81.73,81.755,33767
NEE,2026-09-14,15:49,81.75,81.785,81.69,81.69,52294
NEE,2026-09-14,15:50,81.68,81.69,81.615,81.645,66696
NEE,2026-09-14,15:51,81.645,81.66,81.63,81.66,52749
NEE,2026-09-14,15:52,81.66,81.67,81.6,81.605,45930
NEE,2026-09-14,15:53,81.61,81.61,81.525,81.535,42519
NEE,2026-09-14,15:54,81.535,81.545,81.51,81.54,60089
NEE,2026-09-14,15:55,81.55,81.68,81.545,81.635,79039
NEE,2026-09-14,15:56,81.635,81.635,81.545,81.55,84047
NEE,2026-09-14,15:57,81.56,81.685,81.56,81.675,144419
NEE,2026-09-14,15:58,81.675,81.765,81.675,81.7,170055
NEE,2026-09-14,15:59,81.7,81.7,81.625,81.64,276753
NEE,2026-09-15,09:30,81.83,82.1375,81.6598,81.755,330143
NEE,2026-09-15,09:31,81.755,81.91,81.55,81.91,56289
NEE,2026-09-15,09:32,81.87,81.87,81.68,81.73,49461
NEE,2026-09-15,09:33,81.73,81.845,81.58,81.65,34770
NEE,2026-09-15,09:34,81.65,81.665,81.54,81.54,33298
NEE,2026-09-15,09:35,81.54,81.58,81.385,81.395,35424
NEE,2026-09-15,09:36,81.39,81.455,81.35,81.42,18060
NEE,2026-09-15,09:37,81.4075,81.4481,81.32,81.37,23825
NEE,2026-09-15,09:38,81.4,81.4,81.2072,81.2072,18907
NEE,2026-09-15,09:39,81.216,81.24,81.16,81.16,15328
NEE,2026-09-15,09:40,81.1658,81.19,81.13,81.17,25982
NEE,2026-09-15,09:41,81.19,81.25,81.12,81.12,32533
NEE,2026-09-15,09:42,81.14,81.22,81.12,81.171,20267
NEE,2026-09-15,09:43,81.17,81.23,81.16,81.23,21205
NEE,2026-09-15,09:44,81.25,81.31,81.245,81.31,9537
NEE,2026-09-15,09:45,81.295,81.44,81.29,81.395,26213
NEE,2026-09-15,09:46,81.39,81.45,81.33,81.365,30216
NEE,2026-09-15,09:47,81.365,81.39,81.35,81.37,7337
NEE,2026-09-15,09:48,81.37,81.42,81.331,81.405,23445
NEE,2026-09-15,09:49,81.4,81.44,81.3543,81.44,15921
NEE,2026-09-15,09:50,81.41,81.44,81.33,81.386,35981
NEE,2026-09-15,09:51,81.37,81.46,81.35,81.44,27465
NEE,2026-09-15,09:52,81.44,81.54,81.435,81.52,22262
NEE,2026-09-15,09:53,81.52,81.55,81.49,81.5,21736
NEE,2026-09-15,09:54,81.52,81.59,81.5,81.545,19726
NEE,2026-09-15,09:55,81.55,81.57,81.5,81.5,16732
NEE,2026-09-15,09:56,81.51,81.54,81.49,81.51,11916
NEE,2026-09-15,09:57,81.52,81.531,81.505,81.505,8379
NEE,2026-09-15,09:58,81.501,81.566,81.485,81.566,21115
NEE,2026-09-15,09:59,81.57,81.63,81.56,81.63,31205
NEE,2026-09-15,10:00,81.64,81.701,81.58,81.63,50432
NEE,2026-09-15,10:01,81.62,81.63,81.53,81.55,38291
NEE,2026-09-15,10:02,81.55,81.62,81.55,81.57,21027
NEE,2026-09-15,10:03,81.56,81.575,81.53,81.55,15632
NEE,2026-09-15,10:04,81.56,81.59,81.5,81.51,21886
NEE,2026-09-15,10:05,81.54,81.59,81.53,81.58,38193
NEE,2026-09-15,10:06,81.57,81.59,81.54,81.57,22188
NEE,2026-09-15,10:07,81.59,81.64,81.56,81.59,35399
NEE,2026-09-15,10:08,81.59,81.63,81.56,81.59,34074
NEE,2026-09-15,10:09,81.59,81.61,81.57,81.575,30424
NEE,2026-09-15,10:10,81.571,81.575,81.48,81.48,23730
NEE,2026-09-15,10:11,81.47,81.48,81.4283,81.4283,24420
NEE,2026-09-15,10:12,81.43,81.575,81.43,81.56,22110
NEE,2026-09-15,10:13,81.56,81.575,81.44,81.44,40347
NEE,2026-09-15,10:14,81.43,81.47,81.41,81.435,11788
NEE,2026-09-15,10:15,81.44,81.505,81.44,81.49,16952
NEE,2026-09-15,10:16,81.48,81.48,81.365,81.46,20962
NEE,2026-09-15,10:17,81.465,81.61,81.46,81.61,17889
NEE,2026-09-15,10:18,81.61,81.67,81.605,81.635,17193
NEE,2026-09-15,10:19,81.64,81.66,81.62,81.64,23739
NEE,2026-09-15,10:20,81.65,81.72,81.63,81.645,46155
NEE,2026-09-15,10:21,81.63,81.66,81.61,81.66,30482
NEE,2026-09-15,10:22,81.66,81.665,81.62,81.66,28937
NEE,2026-09-15,10:23,81.655,81.655,81.575,81.58,100432
NEE,2026-09-15,10:24,81.575,81.59,81.565,81.57,7005
NEE,2026-09-15,10:25,81.56,81.56,81.52,81.521,9348
NEE,2026-09-15,10:26,81.535,81.54,81.5,81.5,8943
NEE,2026-09-15,10:27,81.481,81.49,81.43,81.44,10297
NEE,2026-09-15,10:28,81.44,81.5,81.43,81.445,17626
NEE,2026-09-15,10:29,81.445,81.46,81.4301,81.45,10430
NEE,2026-09-15,10:30,81.44,81.45,81.43,81.44,37135
NEE,2026-09-15,10:31,81.44,81.525,81.43,81.49,17298
NEE,2026-09-15,10:32,81.485,81.505,81.48,81.48,8318
NEE,2026-09-15,10:33,81.47,81.52,81.47,81.52,6195
NEE,2026-09-15,10:34,81.515,81.53,81.49,81.5,12030
NEE,2026-09-15,10:35,81.5,81.56,81.49,81.56,19078
NEE,2026-09-15,10:36,81.56,81.56,81.53,81.55,14359
NEE,2026-09-15,10:37,81.555,81.58,81.525,81.53,39617
NEE,2026-09-15,10:38,81.535,81.63,81.53,81.615,16779
NEE,2026-09-15,10:39,81.61,81.63,81.59,81.63,10568
NEE,2026-09-15,10:40,81.64,81.64,81.49,81.495,57303
NEE,2026-09-15,10:41,81.49,81.49,81.445,81.45,12692
NEE,2026-09-15,10:42,81.46,81.475,81.435,81.475,18480
NEE,2026-09-15,10:43,81.47,81.475,81.43,81.47,14452
NEE,2026-09-15,10:44,81.48,81.49,81.45,81.46,14517
NEE,2026-09-15,10:45,81.46,81.48,81.43,81.43,12319
NEE,2026-09-15,10:46,81.43,81.44,81.4,81.415,8298
NEE,2026-09-15,10:47,81.405,81.4499,81.4,81.445,8955
NEE,2026-09-15,10:48,81.44,81.45,81.38,81.44,39522
NEE,2026-09-15,10:49,81.46,81.465,81.435,81.46,8240
NEE,2026-09-15,10:50,81.465,81.4691,81.44,81.45,9686
NEE,2026-09-15,10:51,81.44,81.495,81.425,81.495,12586
NEE,2026-09-15,10:52,81.49,81.51,81.46,81.49,17486
NEE,2026-09-15,10:53,81.49,81.62,81.49,81.61,38953
NEE,2026-09-15,10:54,81.62,81.65,81.51,81.53,49096
NEE,2026-09-15,10:55,81.53,81.535,81.47,81.5,27396
NEE,2026-09-15,10:56,81.5,81.515,81.45,81.45,17570
NEE,2026-09-15,10:57,81.45,81.45,81.41,81.4299,13372
NEE,2026-09-15,10:58,81.4262,81.4299,81.355,81.355,37484
NEE,2026-09-15,10:59,81.36,81.39,81.36,81.375,19320
NEE,2026-09-15,11:00,81.37,81.37,81.3351,81.36,21674
NEE,2026-09-15,11:01,81.3301,81.3301,81.26,81.28,40618
NEE,2026-09-15,11:02,81.28,81.29,81.25,81.29,13502
NEE,2026-09-15,11:03,81.28,81.3,81.28,81.28,19825
NEE,2026-09-15,11:04,81.27,81.27,81.25,81.255,16865
NEE,2026-09-15,11:05,81.25,81.29,81.25,81.2701,17756
NEE,2026-09-15,11:06,81.28,81.31,81.27,81.305,31556
NEE,2026-09-15,11:07,81.3,81.3,81.22,81.22,28150
NEE,2026-09-15,11:08,81.22,81.2699,81.22,81.2301,7106
NEE,2026-09-15,11:09,81.25,81.27,81.24,81.25,24038
NEE,2026-09-15,11:10,81.23,81.26,81.22,81.23,10487
NEE,2026-09-15,11:11,81.23,81.245,81.22,81.245,14255
NEE,2026-09-15,11:12,81.24,81.27,81.24,81.245,20834
NEE,2026-09-15,11:13,81.245,81.26,81.245,81.245,11317
NEE,2026-09-15,11:14,81.25,81.355,81.2,81.34,156166
NEE,2026-09-15,11:15,81.345,81.395,81.34,81.385,136022
NEE,2026-09-15,11:16,81.385,81.41,81.33,81.395,17202
NEE,2026-09-15,11:17,81.395,81.435,81.365,81.43,14804
NEE,2026-09-15,11:18,81.42,81.46,81.42,81.44,19510
NEE,2026-09-15,11:19,81.45,81.45,81.38,81.38,30917
NEE,2026-09-15,11:20,81.39,81.45,81.39,81.43,17602
NEE,2026-09-15,11:21,81.445,81.4463,81.42,81.43,9118
NEE,2026-09-15,11:22,81.415,81.49,81.41,81.48,21721
NEE,2026-09-15,11:23,81.48,81.5,81.48,81.5,12177
NEE,2026-09-15,11:24,81.495,81.5,81.45,81.4605,25069
NEE,2026-09-15,11:25,81.47,81.48,81.45,81.45,10724
NEE,2026-09-15,11:26,81.445,81.47,81.41,81.415,12260
NEE,2026-09-15,11:27,81.405,81.48,81.405,81.475,30702
NEE,2026-09-15,11:28,81.48,81.55,81.46,81.515,54672
NEE,2026-09-15,11:29,81.51,81.61,81.505,81.61,43539
NEE,2026-09-15,11:30,81.615,81.665,81.6,81.6,56821
NEE,2026-09-15,11:31,81.6098,81.63,81.59,81.605,13544
NEE,2026-09-15,11:32,81.605,81.67,81.595,81.63,51597
NEE,2026-09-15,11:33,81.635,81.66,81.63,81.65,39847
NEE,2026-09-15,11:34,81.66,81.7,81.61,81.7,14806
NEE,2026-09-15,11:35,81.71,81.715,81.695,81.71,9877
NEE,2026-09-15,11:36,81.705,81.715,81.655,81.665,13962
NEE,2026-09-15,11:37,81.66,81.66,81.63,81.64,17669
NEE,2026-09-15,11:38,81.64,81.645,81.61,81.645,16675
NEE,2026-09-15,11:39,81.645,81.645,81.56,81.595,24113
NEE,2026-09-15,11:40,81.5851,81.59,81.51,81.59,33274
NEE,2026-09-15,11:41,81.58,81.61,81.52,81.52,38514
NEE,2026-09-15,11:42,81.53,81.54,81.52,81.535,7695
NEE,2026-09-15,11:43,81.535,81.55,81.41,81.4101,8055
NEE,2026-09-15,11:44,81.41,81.44,81.385,81.435,12219
NEE,2026-09-15,11:45,81.43,81.46,81.415,81.42,55520
NEE,2026-09-15,11:46,81.42,81.4401,81.395,81.425,11332
NEE,2026-09-15,11:47,81.425,81.4601,81.425,81.45,6329
NEE,2026-09-15,11:48,81.462,81.465,81.4301,81.465,10347
NEE,2026-09-15,11:49,81.47,81.48,81.43,81.43,12149
NEE,2026-09-15,11:50,81.42,81.49,81.41,81.465,35155
NEE,2026-09-15,11:51,81.475,81.475,81.41,81.44,30926
NEE,2026-09-15,11:52,81.43,81.45,81.42,81.45,32354
NEE,2026-09-15,11:53,81.45,81.45,81.3861,81.3861,35641
NEE,2026-09-15,11:54,81.395,81.4,81.37,81.38,23837
NEE,2026-09-15,11:55,81.38,81.38,81.3,81.31,16970
NEE,2026-09-15,11:56,81.31,81.31,81.27,81.29,9377
NEE,2026-09-15,11:57,81.29,81.32,81.28,81.31,7804
NEE,2026-09-15,11:58,81.31,81.32,81.295,81.32,7700
NEE,2026-09-15,11:59,81.31,81.335,81.31,81.335,10295
NEE,2026-09-15,12:00,81.34,81.36,81.32,81.32,15375
NEE,2026-09-15,12:01,81.325,81.335,81.324,81.3299,10403
NEE,2026-09-15,12:02,81.325,81.34,81.295,81.325,24621
NEE,2026-09-15,12:03,81.335,81.375,81.335,81.375,21704
NEE,2026-09-15,12:04,81.385,81.405,81.35,81.3875,26139
NEE,2026-09-15,12:05,81.395,81.435,81.395,81.42,15685
NEE,2026-09-15,12:06,81.415,81.415,81.39,81.405,6969
NEE,2026-09-15,12:07,81.405,81.43,81.39,81.39,11386
NEE,2026-09-15,12:08,81.39,81.415,81.38,81.4,12545
NEE,2026-09-15,12:09,81.4,81.43,81.385,81.42,10224
NEE,2026-09-15,12:10,81.43,81.47,81.43,81.445,9308
NEE,2026-09-15,12:11,81.455,81.485,81.455,81.485,19261
NEE,2026-09-15,12:12,81.485,81.5,81.465,81.48,22969
NEE,2026-09-15,12:13,81.48,81.515,81.48,81.515,5197
NEE,2026-09-15,12:14,81.5189,81.54,81.5168,81.525,9903
NEE,2026-09-15,12:15,81.525,81.53,81.475,81.475,14932
NEE,2026-09-15,12:16,81.48,81.485,81.445,81.465,14106
NEE,2026-09-15,12:17,81.47,81.48,81.425,81.435,7458
NEE,2026-09-15,12:18,81.435,81.485,81.435,81.45,16441
NEE,2026-09-15,12:19,81.45,81.485,81.41,81.48,43384
NEE,2026-09-15,12:20,81.475,81.495,81.474,81.48,11276
NEE,2026-09-15,12:21,81.495,81.5,81.45,81.49,19481
NEE,2026-09-15,12:22,81.515,81.535,81.42,81.49,109412
NEE,2026-09-15,12:23,81.49,81.53,81.49,81.515,21181
NEE,2026-09-15,12:24,81.515,81.515,81.485,81.49,13568
NEE,2026-09-15,12:25,81.485,81.505,81.465,81.485,18088
NEE,2026-09-15,12:26,81.49,81.49,81.48,81.48,4353
NEE,2026-09-15,12:27,81.4858,81.4858,81.465,81.465,15967
NEE,2026-09-15,12:28,81.47,81.5,81.47,81.495,10760
NEE,2026-09-15,12:29,81.49,81.51,81.48,81.495,10420
NEE,2026-09-15,12:30,81.5,81.555,81.5,81.525,22662
NEE,2026-09-15,12:31,81.53,81.575,81.53,81.56,8754
NEE,2026-09-15,12:32,81.56,81.56,81.395,81.4,83467
NEE,2026-09-15,12:33,81.4,81.4151,81.39,81.41,21229
NEE,2026-09-15,12:34,81.4,81.4,81.32,81.39,23134
NEE,2026-09-15,12:35,81.4,81.47,81.39,81.47,9433
NEE,2026-09-15,12:36,81.47,81.47,81.43,81.455,31188
NEE,2026-09-15,12:37,81.46,81.495,81.45,81.475,15622
NEE,2026-09-15,12:38,81.4743,81.4814,81.45,81.475,8072
NEE,2026-09-15,12:39,81.475,81.48,81.435,81.445,13611
NEE,2026-09-15,12:40,81.45,81.4656,81.41,81.435,21486
NEE,2026-09-15,12:41,81.435,81.48,81.435,81.4711,17633
NEE,2026-09-15,12:42,81.46,81.48,81.455,81.455,4370
NEE,2026-09-15,12:43,81.455,81.465,81.41,81.41,17590
NEE,2026-09-15,12:44,81.415,81.48,81.41,81.435,19436
NEE,2026-09-15,12:45,81.43,81.44,81.405,81.41,12175
NEE,2026-09-15,12:46,81.4187,81.4187,81.28,81.285,70071
NEE,2026-09-15,12:47,81.28,81.33,81.27,81.33,19381
NEE,2026-09-15,12:48,81.325,81.3264,81.3,81.325,13948
NEE,2026-09-15,12:49,81.32,81.35,81.31,81.34,11133
NEE,2026-09-15,12:50,81.33,81.36,81.32,81.36,14562
NEE,2026-09-15,12:51,81.37,81.375,81.345,81.35,8919
NEE,2026-09-15,12:52,81.3442,81.36,81.32,81.34,5298
NEE,2026-09-15,12:53,81.345,81.36,81.3312,81.345,10739
NEE,2026-09-15,12:54,81.34,81.355,81.31,81.315,9233
NEE,2026-09-15,12:55,81.31,81.33,81.3001,81.315,13148
NEE,2026-09-15,12:56,81.31,81.345,81.31,81.34,11447
NEE,2026-09-15,12:57,81.335,81.35,81.325,81.35,8910
NEE,2026-09-15,12:58,81.35,81.415,81.3425,81.39,26583
NEE,2026-09-15,12:59,81.39,81.47,81.385,81.445,25480
NEE,2026-09-15,13:00,81.45,81.495,81.45,81.49,17293
NEE,2026-09-15,13:01,81.485,81.495,81.46,81.485,27218
NEE,2026-09-15,13:02,81.48,81.49,81.44,81.44,21722
NEE,2026-09-15,13:03,81.435,81.445,81.385,81.395,22164
NEE,2026-09-15,13:04,81.4,81.46,81.4,81.45,30841
NEE,2026-09-15,13:05,81.44,81.48,81.44,81.465,25240
NEE,2026-09-15,13:06,81.465,81.495,81.465,81.485,7826
NEE,2026-09-15,13:07,81.48,81.49,81.455,81.485,12250
NEE,2026-09-15,13:08,81.48,81.5,81.47,81.495,17708
NEE,2026-09-15,13:09,81.4999,81.54,81.49,81.54,13458
NEE,2026-09-15,13:10,81.545,81.56,81.53,81.555,9194
NEE,2026-09-15,13:11,81.555,81.605,81.555,81.5901,16728
NEE,2026-09-15,13:12,81.59,81.595,81.555,81.595,15209
NEE,2026-09-15,13:13,81.6,81.6,81.5741,81.575,13372
NEE,2026-09-15,13:14,81.575,81.59,81.565,81.57,12264
NEE,2026-09-15,13:15,81.57,81.585,81.52,81.52,16205
NEE,2026-09-15,13:16,81.53,81.56,81.525,81.54,15470
NEE,2026-09-15,13:17,81.545,81.545,81.52,81.545,18985
NEE,2026-09-15,13:18,81.54,81.55,81.52,81.545,21201
NEE,2026-09-15,13:19,81.54,81.54,81.52,81.53,10098
NEE,2026-09-15,13:20,81.53,81.53,81.46,81.46,5571
NEE,2026-09-15,13:21,81.44,81.45,81.43,81.45,10199
NEE,2026-09-15,13:22,81.44,81.445,81.405,81.415,15390
NEE,2026-09-15,13:23,81.41,81.46,81.41,81.46,12383
NEE,2026-09-15,13:24,81.455,81.48,81.435,81.48,21498
NEE,2026-09-15,13:25,81.475,81.49,81.47,81.48,10468
NEE,2026-09-15,13:26,81.48,81.48,81.45,81.475,13131
NEE,2026-09-15,13:27,81.475,81.53,81.475,81.525,14520
NEE,2026-09-15,13:28,81.53,81.595,81.53,81.59,13400
NEE,2026-09-15,13:29,81.5801,81.615,81.57,81.585,19042
NEE,2026-09-15,13:30,81.59,81.625,81.585,81.59,13744
NEE,2026-09-15,13:31,81.59,81.61,81.58,81.6,10645
NEE,2026-09-15,13:32,81.6,81.63,81.6,81.6,22672
NEE,2026-09-15,13:33,81.59,81.61,81.585,81.59,29420
NEE,2026-09-15,13:34,81.595,81.62,81.59,81.59,8024
NEE,2026-09-15,13:35,81.58,81.58,81.53,81.55,31233
NEE,2026-09-15,13:36,81.55,81.57,81.53,81.53,42933
NEE,2026-09-15,13:37,81.535,81.58,81.515,81.515,20252
NEE,2026-09-15,13:38,81.52,81.555,81.52,81.54,10668
NEE,2026-09-15,13:39,81.54,81.58,81.53,81.55,21622
NEE,2026-09-15,13:40,81.57,81.61,81.565,81.61,16012
NEE,2026-09-15,13:41,81.615,81.62,81.6,81.615,6123
NEE,2026-09-15,13:42,81.615,81.615,81.59,81.59,16363
NEE,2026-09-15,13:43,81.59,81.595,81.55,81.58,29399
NEE,2026-09-15,13:44,81.57,81.575,81.53,81.53,16843
NEE,2026-09-15,13:45,81.525,81.55,81.52,81.535,21419
NEE,2026-09-15,13:46,81.535,81.535,81.505,81.515,12444
NEE,2026-09-15,13:47,81.52,81.55,81.52,81.545,12767
NEE,2026-09-15,13:48,81.55,81.57,81.545,81.5625,20530
NEE,2026-09-15,13:49,81.565,81.6,81.54,81.58,19843
NEE,2026-09-15,13:50,81.58,81.58,81.535,81.545,8691
NEE,2026-09-15,13:51,81.545,81.55,81.5051,81.5051,14041
NEE,2026-09-15,13:52,81.5,81.54,81.5,81.53,21157
NEE,2026-09-15,13:53,81.53,81.55,81.525,81.54,11037
NEE,2026-09-15,13:54,81.54,81.555,81.52,81.54,12893
NEE,2026-09-15,13:55,81.55,81.55,81.505,81.505,9421
NEE,2026-09-15,13:56,81.505,81.51,81.47,81.47,14784
NEE,2026-09-15,13:57,81.46,81.485,81.44,81.445,17763
NEE,2026-09-15,13:58,81.445,81.465,81.42,81.445,12216
NEE,2026-09-15,13:59,81.45,81.48,81.445,81.475,15010
NEE,2026-09-15,14:00,81.47,81.5198,81.47,81.5198,19039
NEE,2026-09-15,14:01,81.525,81.545,81.475,81.485,12520
NEE,2026-09-15,14:02,81.4857,81.495,81.46,81.495,19925
NEE,2026-09-15,14:03,81.495,81.5,81.41,81.49,33047
NEE,2026-09-15,14:04,81.51,81.525,81.51,81.525,11524
NEE,2026-09-15,14:05,81.525,81.53,81.49,81.5,12859
NEE,2026-09-15,14:06,81.5,81.505,81.475,81.49,17099
NEE,2026-09-15,14:07,81.485,81.485,81.4,81.4,19066
NEE,2026-09-15,14:08,81.405,81.49,81.39,81.49,21828
NEE,2026-09-15,14:09,81.4801,81.5,81.475,81.495,20824
NEE,2026-09-15,14:10,81.495,81.5,81.455,81.5,14045
NEE,2026-09-15,14:11,81.5,81.52,81.5,81.515,10499
NEE,2026-09-15,14:12,81.51,81.51,81.465,81.47,14494
NEE,2026-09-15,14:13,81.47,81.52,81.465,81.5,11093
NEE,2026-09-15,14:14,81.495,81.505,81.48,81.48,12305
NEE,2026-09-15,14:15,81.49,81.505,81.47,81.47,14810
NEE,2026-09-15,14:16,81.47,81.49,81.46,81.475,15861
NEE,2026-09-15,14:17,81.48,81.49,81.4625,81.485,16597
NEE,2026-09-15,14:18,81.49,81.4903,81.43,81.44,15564
NEE,2026-09-15,14:19,81.435,81.445,81.42,81.4206,10382
NEE,2026-09-15,14:20,81.43,81.44,81.4,81.4,14608
NEE,2026-09-15,14:21,81.395,81.395,81.35,81.366,18430
NEE,2026-09-15,14:22,81.365,81.39,81.36,81.385,9037
NEE,2026-09-15,14:23,81.385,81.44,81.385,81.435,18494
NEE,2026-09-15,14:24,81.43,81.43,81.395,81.4,12062
NEE,2026-09-15,14:25,81.405,81.405,81.38,81.38,11234
NEE,2026-09-15,14:26,81.38,81.41,81.365,81.405,14255
NEE,2026-09-15,14:27,81.41,81.43,81.4,81.42,15550
NEE,2026-09-15,14:28,81.41,81.415,81.405,81.41,8833
NEE,2026-09-15,14:29,81.415,81.42,81.4,81.4,9606
NEE,2026-09-15,14:30,81.39,81.4,81.38,81.38,12395
NEE,2026-09-15,14:31,81.39,81.39,81.345,81.355,15497
NEE,2026-09-15,14:32,81.36,81.38,81.33,81.335,17377
NEE,2026-09-15,14:33,81.34,81.355,81.34,81.35,14957
NEE,2026-09-15,14:34,81.36,81.365,81.33,81.335,12965
NEE,2026-09-15,14:35,81.33,81.36,81.32,81.35,16860
NEE,2026-09-15,14:36,81.355,81.36,81.35,81.36,6363
NEE,2026-09-15,14:37,81.36,81.36,81.34,81.345,13027
NEE,2026-09-15,14:38,81.345,81.36,81.32,81.325,14282
NEE,2026-09-15,14:39,81.325,81.33,81.31,81.325,16039
NEE,2026-09-15,14:40,81.33,81.34,81.325,81.33,10406
NEE,2026-09-15,14:41,81.34,81.37,81.335,81.355,19373
NEE,2026-09-15,14:42,81.36,81.38,81.36,81.365,11483
NEE,2026-09-15,14:43,81.36,81.38,81.36,81.38,15378
NEE,2026-09-15,14:44,81.37,81.37,81.295,81.32,29664
NEE,2026-09-15,14:45,81.31,81.365,81.305,81.365,44848
NEE,2026-09-15,14:46,81.3601,81.38,81.36,81.37,15035
NEE,2026-09-15,14:47,81.36,81.37,81.345,81.37,11692
NEE,2026-09-15,14:48,81.36,81.38,81.342,81.365,10465
NEE,2026-09-15,14:49,81.36,81.37,81.3417,81.355,20032
NEE,2026-09-15,14:50,81.35,81.37,81.34,81.345,15046
NEE,2026-09-15,14:51,81.33,81.345,81.315,81.3352,35909
NEE,2026-09-15,14:52,81.34,81.375,81.34,81.37,19585
NEE,2026-09-15,14:53,81.365,81.38,81.3501,81.38,7816
NEE,2026-09-15,14:54,81.37,81.39,81.36,81.39,15724
NEE,2026-09-15,14:55,81.39,81.42,81.39,81.4,13066
NEE,2026-09-15,14:56,81.41,81.43,81.41,81.415,14099
NEE,2026-09-15,14:57,81.415,81.43,81.395,81.42,22532
NEE,2026-09-15,14:58,81.425,81.44,81.38,81.39,22956
NEE,2026-09-15,14:59,81.39,81.4399,81.39,81.41,14621
NEE,2026-09-15,15:00,81.415,81.42,81.39,81.415,11014
NEE,2026-09-15,15:01,81.41,81.4298,81.35,81.36,17622
NEE,2026-09-15,15:02,81.34,81.36,81.31,81.34,34190
NEE,2026-09-15,15:03,81.345,81.36,81.325,81.325,10086
NEE,2026-09-15,15:04,81.325,81.37,81.325,81.3557,15861
NEE,2026-09-15,15:05,81.35,81.36,81.3301,81.35,12059
NEE,2026-09-15,15:06,81.345,81.37,81.335,81.35,18446
NEE,2026-09-15,15:07,81.35,81.36,81.33,81.36,9657
NEE,2026-09-15,15:08,81.36,81.375,81.355,81.355,12184
NEE,2026-09-15,15:09,81.355,81.36,81.34,81.355,7304
NEE,2026-09-15,15:10,81.36,81.37,81.325,81.325,15034
NEE,2026-09-15,15:11,81.325,81.34,81.3103,81.335,43397
NEE,2026-09-15,15:12,81.331,81.34,81.325,81.325,14256
NEE,2026-09-15,15:13,81.325,81.335,81.275,81.275,58603
NEE,2026-09-15,15:14,81.275,81.325,81.275,81.325,19841
NEE,2026-09-15,15:15,81.32,81.32,81.27,81.27,15577
NEE,2026-09-15,15:16,81.265,81.31,81.265,81.29,30361
NEE,2026-09-15,15:17,81.295,81.32,81.295,81.31,15495
NEE,2026-09-15,15:18,81.3,81.305,81.265,81.27,20964
NEE,2026-09-15,15:19,81.261,81.27,81.245,81.26,26134
NEE,2026-09-15,15:20,81.26,81.34,81.24,81.24,101388
NEE,2026-09-15,15:21,81.245,81.28,81.21,81.255,37161
NEE,2026-09-15,15:22,81.255,81.28,81.25,81.255,34363
NEE,2026-09-15,15:23,81.25,81.27,81.24,81.26,17695
NEE,2026-09-15,15:24,81.268,81.315,81.265,81.31,15113
NEE,2026-09-15,15:25,81.305,81.31,81.265,81.265,17075
NEE,2026-09-15,15:26,81.26,81.26,81.245,81.26,25541
NEE,2026-09-15,15:27,81.26,81.285,81.235,81.285,16857
NEE,2026-09-15,15:28,81.285,81.285,81.265,81.265,18513
NEE,2026-09-15,15:29,81.27,81.285,81.26,81.265,11140
NEE,2026-09-15,15:30,81.26,81.27,81.23,81.24,51576
NEE,2026-09-15,15:31,81.24,81.245,81.225,81.23,46952
NEE,2026-09-15,15:32,81.225,81.24,81.19,81.19,47544
NEE,2026-09-15,15:33,81.195,81.2,81.165,81.185,21082
NEE,2026-09-15,15:34,81.18,81.2,81.16,81.19,26853
NEE,2026-09-15,15:35,81.2,81.26,81.2,81.215,17640
NEE,2026-09-15,15:36,81.22,81.29,81.21,81.275,33258
NEE,2026-09-15,15:37,81.27,81.32,81.27,81.315,21141
NEE,2026-09-15,15:38,81.315,81.315,81.27,81.3,15815
NEE,2026-09-15,15:39,81.295,81.295,81.245,81.255,20078
NEE,2026-09-15,15:40,81.25,81.3,81.24,81.28,31384
NEE,2026-09-15,15:41,81.28,81.315,81.265,81.301,25521
NEE,2026-09-15,15:42,81.305,81.36,81.295,81.355,18874
NEE,2026-09-15,15:43,81.35,81.35,81.3,81.31,34743
NEE,2026-09-15,15:44,81.31,81.35,81.3,81.32,34460
NEE,2026-09-15,15:45,81.31,81.31,81.275,81.28,40518
NEE,2026-09-15,15:46,81.29,81.3,81.25,81.28,32071
NEE,2026-09-15,15:47,81.28,81.3,81.255,81.265,22558
NEE,2026-09-15,15:48,81.265,81.27,81.215,81.22,35487
NEE,2026-09-15,15:49,81.23,81.245,81.2,81.2,37739
NEE,2026-09-15,15:50,81.19,81.21,81.15,81.169,35982
NEE,2026-09-15,15:51,81.165,81.18,81.15,81.175,65351
NEE,2026-09-15,15:52,81.175,81.1799,81.11,81.115,30529
NEE,2026-09-15,15:53,81.12,81.12,81.08,81.0899,24982
NEE,2026-09-15,15:54,81.09,81.15,81.09,81.13,45642
NEE,2026-09-15,15:55,81.13,81.13,81.075,81.095,63246
NEE,2026-09-15,15:56,81.095,81.12,81.035,81.04,84547
NEE,2026-09-15,15:57,81.03,81.04,80.955,80.965,117064
NEE,2026-09-15,15:58,80.97,81.105,80.95,81.07,219237
NEE,2026-09-15,15:59,81.08,81.095,81.02,81.09,241023
NEE,2026-09-15,16:00,81.07,81.07,81.07,81.07,0
NEE,2026-09-16,09:30,81.76,81.9744,81.42,81.5275,129760
NEE,2026-09-16,09:31,81.58,81.62,81.54,81.555,7786
NEE,2026-09-16,09:32,81.52,81.6,81.5,81.52,11291
NEE,2026-09-16,09:33,81.51,81.63,81.4431,81.6,10910
NEE,2026-09-16,09:34,81.62,81.67,81.58,81.615,25057
NEE,2026-09-16,09:35,81.64,81.66,81.58,81.63,20571
NEE,2026-09-16,09:36,81.63,81.64,81.52,81.59,19068
NEE,2026-09-16,09:37,81.565,81.565,81.41,81.41,17951
NEE,2026-09-16,09:38,81.41,81.46,81.385,81.415,30350
NEE,2026-09-16,09:39,81.43,81.44,81.37,81.42,11248
NEE,2026-09-16,09:40,81.415,81.415,81.25,81.25,12045
NEE,2026-09-16,09:41,81.26,81.39,81.245,81.38,10843
NEE,2026-09-16,09:42,81.37,81.38,81.235,81.235,14484
NEE,2026-09-16,09:43,81.25,81.29,81.24,81.255,10221
NEE,2026-09-16,09:44,81.3,81.345,81.26,81.29,8115
NEE,2026-09-16,09:45,81.31,81.365,81.28,81.345,20727
NEE,2026-09-16,09:46,81.33,81.38,81.3,81.37,15444
NEE,2026-09-16,09:47,81.35,81.35,81.29,81.32,11891
NEE,2026-09-16,09:48,81.33,81.33,81.23,81.295,21974
NEE,2026-09-16,09:49,81.29,81.32,81.22,81.24,13088
NEE,2026-09-16,09:50,81.24,81.32,81.22,81.27,14367
NEE,2026-09-16,09:51,81.27,81.32,81.27,81.3,15274
NEE,2026-09-16,09:52,81.3,81.3,81.25,81.27,6179
NEE,2026-09-16,09:53,81.27,81.27,81.19,81.2488,11914
NEE,2026-09-16,09:54,81.24,81.24,81.15,81.19,13587
NEE,2026-09-16,09:55,81.21,81.23,81.16,81.19,8318
NEE,2026-09-16,09:56,81.19,81.2,81.16,81.17,11692
NEE,2026-09-16,09:57,81.19,81.22,81.18,81.21,6230
NEE,2026-09-16,09:58,81.21,81.21,81.122,81.13,9292
NEE,2026-09-16,09:59,81.14,81.14,81.1,81.12,12456
NEE,2026-09-16,10:00,81.13,81.16,81.04,81.07,29677
NEE,2026-09-16,10:01,81.05,81.08,81.04,81.07,14773
NEE,2026-09-16,10:02,81.08,81.14,81.0697,81.0701,33349
NEE,2026-09-16,10:03,81.08,81.085,81.015,81.015,15661
NEE,2026-09-16,10:04,81.015,81.015,80.94,80.94,14612
NEE,2026-09-16,10:05,80.935,80.96,80.93,80.935,13388
NEE,2026-09-16,10:06,80.94,80.96,80.89,80.9,15839
NEE,2026-09-16,10:07,80.9,80.94,80.8998,80.9,12064
NEE,2026-09-16,10:08,80.88,80.9399,80.875,80.915,17589
NEE,2026-09-16,10:09,80.91,80.94,80.9,80.92,8129
NEE,2026-09-16,10:10,80.91,80.925,80.85,80.89,19295
NEE,2026-09-16,10:11,80.89,80.93,80.875,80.875,13623
NEE,2026-09-16,10:12,80.87,80.89,80.855,80.875,11773
NEE,2026-09-16,10:13,80.85,80.89,80.83,80.835,24138
NEE,2026-09-16,10:14,80.835,80.985,80.835,80.985,15958
NEE,2026-09-16,10:15,80.9901,81.0099,80.96,80.985,17653
NEE,2026-09-16,10:16,80.99,81,80.94,80.96,6386
NEE,2026-09-16,10:17,80.95,80.96,80.89,80.89,11052
NEE,2026-09-16,10:18,80.885,80.905,80.84,80.85,8165
NEE,2026-09-16,10:19,80.85,80.87,80.8,80.83,14349
NEE,2026-09-16,10:20,80.83,80.88,80.82,80.86,11356
NEE,2026-09-16,10:21,80.8721,80.93,80.865,80.93,13798
NEE,2026-09-16,10:22,80.93,80.95,80.9,80.9401,10295
NEE,2026-09-16,10:23,80.94,80.95,80.91,80.93,22159
NEE,2026-09-16,10:24,80.93,80.95,80.91,80.9199,9839
NEE,2026-09-16,10:25,80.905,80.92,80.86,80.88,9265
NEE,2026-09-16,10:26,80.87,80.9,80.865,80.865,12559
NEE,2026-09-16,10:27,80.855,80.88,80.85,80.88,11898
NEE,2026-09-16,10:28,80.88,80.91,80.86,80.9,14347
NEE,2026-09-16,10:29,80.895,80.91,80.86,80.88,10282
NEE,2026-09-16,10:30,80.87,80.91,80.85,80.91,25490
NEE,2026-09-16,10:31,80.915,80.93,80.89,80.92,9688
NEE,2026-09-16,10:32,80.92,80.92,80.9,80.91,6433
NEE,2026-09-16,10:33,80.925,80.97,80.905,80.96,12199
NEE,2026-09-16,10:34,80.96,80.9899,80.96,80.9899,5827
NEE,2026-09-16,10:35,80.98,81,80.97,80.97,5386
NEE,2026-09-16,10:36,80.965,80.985,80.96,80.97,6196
NEE,2026-09-16,10:37,80.97,81.03,80.96,81.025,9328
NEE,2026-09-16,10:38,81.02,81.06,81,81.06,7378
NEE,2026-09-16,10:39,81.055,81.055,81.02,81.02,5404
NEE,2026-09-16,10:40,81.03,81.07,81.03,81.07,5874
NEE,2026-09-16,10:41,81.075,81.075,81.03,81.045,10587
NEE,2026-09-16,10:42,81.05,81.055,81,81.05,11697
NEE,2026-09-16,10:43,81.055,81.06,81.02,81.03,10447
NEE,2026-09-16,10:44,81.0312,81.05,81.015,81.03,9741
NEE,2026-09-16,10:45,81.03,81.03,80.95,80.95,7467
NEE,2026-09-16,10:46,80.95,80.95,80.905,80.905,8205
NEE,2026-09-16,10:47,80.9095,80.95,80.9001,80.92,11675
NEE,2026-09-16,10:48,80.91,80.975,80.91,80.97,7776
NEE,2026-09-16,10:49,80.975,80.995,80.95,80.95,18021
NEE,2026-09-16,10:50,80.95,80.98,80.95,80.98,12977
NEE,2026-09-16,10:51,80.98,80.99,80.965,80.97,10676
NEE,2026-09-16,10:52,80.98,81.03,80.98,81.015,5304
NEE,2026-09-16,10:53,81.015,81.03,81.005,81.02,8344
NEE,2026-09-16,10:54,81.0173,81.04,81,81,9065
NEE,2026-09-16,10:55,81.01,81.1,81,81.065,13352
NEE,2026-09-16,10:56,81.07,81.135,81.07,81.134,19386
NEE,2026-09-16,10:57,81.14,81.15,81.13,81.135,10974
NEE,2026-09-16,10:58,81.13,81.135,81.1,81.1082,9725
NEE,2026-09-16,10:59,81.1,81.155,81.09,81.14,34248
NEE,2026-09-16,11:00,81.15,81.2,81.15,81.2,9593
NEE,2026-09-16,11:01,81.2,81.23,81.2,81.2,13753
NEE,2026-09-16,11:02,81.195,81.22,81.19,81.205,8590
NEE,2026-09-16,11:03,81.205,81.235,81.195,81.22,12055
NEE,2026-09-16,11:04,81.22,81.24,81.21,81.225,8898
NEE,2026-09-16,11:05,81.22,81.22,81.17,81.17,8180
NEE,2026-09-16,11:06,81.155,81.16,81.12,81.155,28768
NEE,2026-09-16,11:07,81.17,81.22,81.15,81.215,22410
NEE,2026-09-16,11:08,81.21,81.21,81.19,81.2,11329
NEE,2026-09-16,11:09,81.19,81.2,81.155,81.1957,10310
NEE,2026-09-16,11:10,81.2,81.215,81.18,81.18,10476
NEE,2026-09-16,11:11,81.18,81.205,81.17,81.18,8673
NEE,2026-09-16,11:12,81.18,81.27,81.18,81.245,18093
NEE,2026-09-16,11:13,81.2423,81.275,81.2423,81.265,8357
NEE,2026-09-16,11:14,81.265,81.27,81.21,81.21,12557
NEE,2026-09-16,11:15,81.21,81.22,81.11,81.185,40397
NEE,2026-09-16,11:16,81.185,81.225,81.18,81.195,25185
NEE,2026-09-16,11:17,81.195,81.21,81.145,81.1502,26889
NEE,2026-09-16,11:18,81.15,81.16,81.09,81.1,21733
NEE,2026-09-16,11:19,81.095,81.145,81.09,81.1,27589
NEE,2026-09-16,11:20,81.105,81.19,81.105,81.165,24215
NEE,2026-09-16,11:21,81.17,81.205,81.17,81.175,40226
NEE,2026-09-16,11:22,81.175,81.25,81.175,81.235,16382
NEE,2026-09-16,11:23,81.24,81.255,81.22,81.2513,5993
NEE,2026-09-16,11:24,81.26,81.28,81.26,81.265,4331
NEE,2026-09-16,11:25,81.26,81.264,81.21,81.22,9874
NEE,2026-09-16,11:26,81.2355,81.2355,81.18,81.195,27357
NEE,2026-09-16,11:27,81.2,81.2178,81.185,81.2,14184
NEE,2026-09-16,11:28,81.2,81.225,81.19,81.21,27534
NEE,2026-09-16,11:29,81.21,81.24,81.21,81.215,11217
NEE,2026-09-16,11:30,81.215,81.22,81.15,81.15,21797
NEE,2026-09-16,11:31,81.16,81.165,81.09,81.16,38673
NEE,2026-09-16,11:32,81.16,81.17,81.13,81.135,9498
NEE,2026-09-16,11:33,81.14,81.145,81.12,81.13,11366
NEE,2026-09-16,11:34,81.14,81.165,81.14,81.165,16410
NEE,2026-09-16,11:35,81.16,81.2,81.16,81.2,17275
NEE,2026-09-16,11:36,81.21,81.245,81.21,81.235,6274
NEE,2026-09-16,11:37,81.23,81.26,81.23,81.25,11559
NEE,2026-09-16,11:38,81.24,81.245,81.21,81.225,8752
NEE,2026-09-16,11:39,81.23,81.235,81.215,81.215,8194
NEE,2026-09-16,11:40,81.215,81.245,81.21,81.2199,10200
NEE,2026-09-16,11:41,81.215,81.24,81.21,81.235,12380
NEE,2026-09-16,11:42,81.235,81.255,81.23,81.24,12190
NEE,2026-09-16,11:43,81.23,81.23,81.2,81.23,4825
NEE,2026-09-16,11:44,81.235,81.2599,81.215,81.25,17820
NEE,2026-09-16,11:45,81.25,81.25,81.175,81.185,24769
NEE,2026-09-16,11:46,81.19,81.21,81.17,81.175,6848
NEE,2026-09-16,11:47,81.17,81.2,81.145,81.155,27509
NEE,2026-09-16,11:48,81.18,81.19,81.16,81.17,26737
NEE,2026-09-16,11:49,81.165,81.165,81.125,81.133,17969
NEE,2026-09-16,11:50,81.125,81.135,81.11,81.1101,6917
NEE,2026-09-16,11:51,81.115,81.155,81.115,81.155,11127
NEE,2026-09-16,11:52,81.15,81.151,81.09,81.105,11189
NEE,2026-09-16,11:53,81.105,81.14,81.1,81.135,18195
NEE,2026-09-16,11:54,81.13,81.135,81.07,81.07,10902
NEE,2026-09-16,11:55,81.075,81.12,81.07,81.1,10064
NEE,2026-09-16,11:56,81.095,81.095,81.04,81.04,7225
NEE,2026-09-16,11:57,81.04,81.06,81.03,81.06,5380
NEE,2026-09-16,11:58,81.075,81.09,81.065,81.085,5252
NEE,2026-09-16,11:59,81.085,81.085,81.055,81.07,12724
NEE,2026-09-16,12:00,81.075,81.095,81.03,81.035,13414
NEE,2026-09-16,12:01,81.035,81.07,81.02,81.045,7084
NEE,2026-09-16,12:02,81.04,81.05,81.02,81.04,6268
NEE,2026-09-16,12:03,81.03,81.0372,81,81.005,6533
NEE,2026-09-16,12:04,81.005,81.02,81,81.02,10378
NEE,2026-09-16,12:05,81.02,81.02,80.96,80.965,4663
NEE,2026-09-16,12:06,80.965,80.98,80.95,80.9701,7374
NEE,2026-09-16,12:07,80.975,81.005,80.97,80.99,8852
NEE,2026-09-16,12:08,80.98,80.9988,80.97,80.98,4958
NEE,2026-09-16,12:09,80.9884,80.9899,80.96,80.98,9246
NEE,2026-09-16,12:10,80.975,80.98,80.96,80.97,9045
NEE,2026-09-16,12:11,80.965,80.975,80.955,80.975,6883
NEE,2026-09-16,12:12,80.975,81.005,80.97,80.97,11166
NEE,2026-09-16,12:13,80.97,81,80.97,80.9801,5246
NEE,2026-09-16,12:14,80.985,80.99,80.94,80.94,8568
NEE,2026-09-16,12:15,80.94,80.96,80.93,80.945,6034
NEE,2026-09-16,12:16,80.945,80.97,80.94,80.94,6455
NEE,2026-09-16,12:17,80.95,80.955,80.935,80.95,6880
NEE,2026-09-16,12:18,80.96,80.975,80.92,80.945,20535
NEE,2026-09-16,12:19,80.945,80.96,80.94,80.96,9814
NEE,2026-09-16,12:20,80.97,81,80.97,81,5775
NEE,2026-09-16,12:21,80.99,80.99,80.96,80.96,6625
NEE,2026-09-16,12:22,80.96,80.96,80.94,80.94,7677
NEE,2026-09-16,12:23,80.9326,80.94,80.93,80.94,6078
NEE,2026-09-16,12:24,80.935,80.95,80.93,80.935,9064
NEE,2026-09-16,12:25,80.93,80.975,80.93,80.96,7487
NEE,2026-09-16,12:26,80.96,80.965,80.95,80.95,5751
NEE,2026-09-16,12:27,80.95,80.96,80.93,80.955,9818
NEE,2026-09-16,12:28,80.945,80.975,80.945,80.96,11316
NEE,2026-09-16,12:29,80.96,80.965,80.935,80.965,7399
NEE,2026-09-16,12:30,80.97,80.97,80.945,80.945,8347
NEE,2026-09-16,12:31,80.94,80.94,80.89,80.905,10641
NEE,2026-09-16,12:32,80.901,80.905,80.86,80.86,12732
NEE,2026-09-16,12:33,80.85,80.87,80.85,80.865,4692
NEE,2026-09-16,12:34,80.86,80.86,80.83,80.845,7821
NEE,2026-09-16,12:35,80.84,80.845,80.81,80.82,6399
NEE,2026-09-16,12:36,80.83,80.83,80.81,80.82,5975
NEE,2026-09-16,12:37,80.83,80.83,80.79,80.8,11812
NEE,2026-09-16,12:38,80.805,80.84,80.8,80.825,8689
NEE,2026-09-16,12:39,80.82,80.8299,80.81,80.81,6922
NEE,2026-09-16,12:40,80.815,80.83,80.81,80.815,9099
NEE,2026-09-16,12:41,80.815,80.86,80.805,80.84,6138
NEE,2026-09-16,12:42,80.84,80.85,80.81,80.82,6268
NEE,2026-09-16,12:43,80.81,80.84,80.81,80.82,7532
NEE,2026-09-16,12:44,80.83,80.87,80.83,80.86,12637
NEE,2026-09-16,12:45,80.865,80.95,80.865,80.93,34879
NEE,2026-09-16,12:46,80.925,80.94,80.91,80.93,10142
NEE,2026-09-16,12:47,80.925,80.95,80.92,80.93,12336
NEE,2026-09-16,12:48,80.94,80.98,80.93,80.975,15155
NEE,2026-09-16,12:49,80.975,80.98,80.96,80.975,12790
NEE,2026-09-16,12:50,80.975,80.99,80.96,80.965,12056
NEE,2026-09-16,12:51,80.97,80.97,80.95,80.955,6324
NEE,2026-09-16,12:52,80.955,80.985,80.955,80.975,13158
NEE,2026-09-16,12:53,80.9741,81,80.96,80.995,6801
NEE,2026-09-16,12:54,81,81.03,80.99,81.005,14264
NEE,2026-09-16,12:55,81,81.0001,80.99,81,4300
NEE,2026-09-16,12:56,81.005,81.02,80.98,80.995,9912
NEE,2026-09-16,12:57,80.985,80.99,80.97,80.99,6191
NEE,2026-09-16,12:58,80.975,80.975,80.95,80.96,4276
NEE,2026-09-16,12:59,80.96,80.96,80.94,80.95,10937
NEE,2026-09-16,13:00,80.95,80.955,80.93,80.94,5675
NEE,2026-09-16,13:01,80.95,80.95,80.89,80.89,7781
NEE,2026-09-16,13:02,80.885,80.885,80.845,80.845,5035
NEE,2026-09-16,13:03,80.85,80.85,80.805,80.84,9269
NEE,2026-09-16,13:04,80.84,80.85,80.82,80.82,9473
NEE,2026-09-16,13:05,80.81,80.81,80.79,80.79,6910
NEE,2026-09-16,13:06,80.78,80.83,80.78,80.82,7881
NEE,2026-09-16,13:07,80.81,80.83,80.795,80.83,9160
NEE,2026-09-16,13:08,80.83,80.845,80.82,80.82,6340
NEE,2026-09-16,13:09,80.82,80.84,80.81,80.825,8070
NEE,2026-09-16,13:10,80.8208,80.835,80.81,80.835,9185
NEE,2026-09-16,13:11,80.83,80.84,80.815,80.84,7791
NEE,2026-09-16,13:12,80.84,80.875,80.84,80.87,5600
NEE,2026-09-16,13:13,80.88,80.88,80.83,80.83,9268
NEE,2026-09-16,13:14,80.8375,80.855,80.805,80.805,9787
NEE,2026-09-16,13:15,80.81,80.81,80.8,80.81,6931
NEE,2026-09-16,13:16,80.81,80.83,80.79,80.79,17180
NEE,2026-09-16,13:17,80.775,80.795,80.775,80.78,7791
NEE,2026-09-16,13:18,80.775,80.78,80.76,80.78,6827
NEE,2026-09-16,13:19,80.785,80.805,80.78,80.79,16256
NEE,2026-09-16,13:20,80.785,80.785,80.76,80.78,11961
NEE,2026-09-16,13:21,80.77,80.775,80.71,80.715,11120
NEE,2026-09-16,13:22,80.7101,80.73,80.7101,80.715,10391
NEE,2026-09-16,13:23,80.71,80.71,80.68,80.685,8303
NEE,2026-09-16,13:24,80.675,80.68,80.66,80.66,10853
NEE,2026-09-16,13:25,80.6501,80.6501,80.625,80.64,9546
NEE,2026-09-16,13:26,80.64,80.655,80.635,80.635,7159
NEE,2026-09-16,13:27,80.64,80.655,80.63,80.645,7165
NEE,2026-09-16,13:28,80.64,80.66,80.64,80.645,17156
NEE,2026-09-16,13:29,80.645,80.665,80.64,80.66,11657
NEE,2026-09-16,13:30,80.66,80.67,80.65,80.655,10584
NEE,2026-09-16,13:31,80.66,80.67,80.63,80.66,9576
NEE,2026-09-16,13:32,80.66,80.665,80.635,80.65,5606
NEE,2026-09-16,13:33,80.64,80.665,80.64,80.645,6434
NEE,2026-09-16,13:34,80.66,80.67,80.59,80.605,25414
NEE,2026-09-16,13:35,80.6,80.61,80.58,80.605,11315
NEE,2026-09-16,13:36,80.605,80.63,80.59,80.62,21132
NEE,2026-09-16,13:37,80.62,80.645,80.57,80.625,28390
NEE,2026-09-16,13:38,80.63,80.645,80.62,80.64,49678
NEE,2026-09-16,13:39,80.635,80.6403,80.63,80.63,4955
NEE,2026-09-16,13:40,80.625,80.64,80.61,80.62,15578
NEE,2026-09-16,13:41,80.63,80.66,80.61,80.62,18433
NEE,2026-09-16,13:42,80.63,80.675,80.63,80.675,36066
NEE,2026-09-16,13:43,80.67,80.68,80.655,80.655,8615
NEE,2026-09-16,13:44,80.655,80.67,80.645,80.65,9514
NEE,2026-09-16,13:45,80.65,80.7,80.64,80.7,10458
NEE,2026-09-16,13:46,80.701,80.71,80.66,80.66,24440
NEE,2026-09-16,13:47,80.68,80.7099,80.675,80.695,9161
NEE,2026-09-16,13:48,80.695,80.725,80.69,80.725,14077
NEE,2026-09-16,13:49,80.72,80.75,80.71,80.71,14851
NEE,2026-09-16,13:50,80.7251,80.74,80.725,80.74,6303
NEE,2026-09-16,13:51,80.74,80.77,80.73,80.77,4790
NEE,2026-09-16,13:52,80.765,80.78,80.75,80.775,5243
NEE,2026-09-16,13:53,80.78,80.7842,80.75,80.76,6412
NEE,2026-09-16,13:54,80.76,80.785,80.76,80.785,10138
NEE,2026-09-16,13:55,80.785,80.79,80.77,80.77,6482
NEE,2026-09-16,13:56,80.77,80.77,80.73,80.739,8719
NEE,2026-09-16,13:57,80.735,80.76,80.73,80.76,15478
NEE,2026-09-16,13:58,80.77,80.79,80.76,80.79,7312
NEE,2026-09-16,13:59,80.8,80.815,80.78,80.79,11833
NEE,2026-09-16,14:00,80.7968,80.82,80.73,80.755,21884
NEE,2026-09-16,14:01,80.755,80.77,80.73,80.75,59923
NEE,2026-09-16,14:02,80.755,80.81,80.75,80.76,23111
NEE,2026-09-16,14:03,80.76,80.8,80.7201,80.8,9315
NEE,2026-09-16,14:04,80.795,80.83,80.77,80.775,8133
NEE,2026-09-16,14:05,80.755,80.755,80.71,80.74,7720
NEE,2026-09-16,14:06,80.74,80.75,80.7,80.74,32516
NEE,2026-09-16,14:07,80.71,80.73,80.69,80.72,6624
NEE,2026-09-16,14:08,80.71,80.735,80.71,80.71,8022
NEE,2026-09-16,14:09,80.715,80.79,80.715,80.79,10528
NEE,2026-09-16,14:10,80.77,80.775,80.74,80.775,5722
NEE,2026-09-16,14:11,80.8,80.83,80.8,80.83,8087
NEE,2026-09-16,14:12,80.84,80.89,80.84,80.89,53426
NEE,2026-09-16,14:13,80.89,80.9209,80.88,80.9,13896
NEE,2026-09-16,14:14,80.89,80.96,80.89,80.9,16048
NEE,2026-09-16,14:15,80.9,80.9,80.86,80.87,13072
NEE,2026-09-16,14:16,80.87,80.9,80.85,80.88,9718
NEE,2026-09-16,14:17,80.885,80.89,80.85,80.88,7450
NEE,2026-09-16,14:18,80.87,80.915,80.87,80.9,5471
NEE,2026-09-16,14:19,80.91,80.95,80.89,80.92,20024
NEE,2026-09-16,14:20,80.91,80.91,80.85,80.86,7161
NEE,2026-09-16,14:21,80.85,80.885,80.83,80.885,7642
NEE,2026-09-16,14:22,80.89,80.9,80.88,80.88,10608
NEE,2026-09-16,14:23,80.895,80.925,80.89,80.925,6610
NEE,2026-09-16,14:24,80.9113,80.94,80.9,80.9,8651
NEE,2026-09-16,14:25,80.9,80.9,80.785,80.8,31212
NEE,2026-09-16,14:26,80.795,80.82,80.79,80.79,7754
NEE,2026-09-16,14:27,80.81,80.815,80.795,80.81,6357
NEE,2026-09-16,14:28,80.8,80.8,80.75,80.775,7825
NEE,2026-09-16,14:29,80.78,80.81,80.78,80.81,4997
NEE,2026-09-16,14:30,80.815,80.845,80.8,80.845,10141
NEE,2026-09-16,14:31,80.835,80.835,80.7472,80.75,15712
NEE,2026-09-16,14:32,80.75,80.77,80.68,80.68,18601
NEE,2026-09-16,14:33,80.66,80.66,80.58,80.59,14660
NEE,2026-09-16,14:34,80.59,80.61,80.57,80.605,14875
NEE,2026-09-16,14:35,80.6,80.61,80.565,80.565,18550
NEE,2026-09-16,14:36,80.57,80.585,80.51,80.51,11907
NEE,2026-09-16,14:37,80.505,80.56,80.49,80.53,34169
NEE,2026-09-16,14:38,80.52,80.565,80.52,80.55,11910
NEE,2026-09-16,14:39,80.56,80.58,80.52,80.53,13745
NEE,2026-09-16,14:40,80.54,80.58,80.54,80.565,17205
NEE,2026-09-16,14:41,80.56,80.575,80.54,80.56,10966
NEE,2026-09-16,14:42,80.57,80.605,80.565,80.605,10932
NEE,2026-09-16,14:43,80.605,80.635,80.6,80.62,9530
NEE,2026-09-16,14:44,80.63,80.635,80.55,80.56,11784
NEE,2026-09-16,14:45,80.56,80.59,80.5501,80.585,10623
NEE,2026-09-16,14:46,80.585,80.625,80.585,80.595,10537
NEE,2026-09-16,14:47,80.595,80.595,80.58,80.5802,7095
NEE,2026-09-16,14:48,80.585,80.59,80.57,80.585,9275
NEE,2026-09-16,14:49,80.585,80.585,80.54,80.54,8080
NEE,2026-09-16,14:50,80.535,80.545,80.49,80.49,13097
NEE,2026-09-16,14:51,80.49,80.5,80.47,80.48,9140
NEE,2026-09-16,14:52,80.49,80.495,80.4,80.405,11505
NEE,2026-09-16,14:53,80.405,80.41,80.33,80.335,13193
NEE,2026-09-16,14:54,80.33,80.337,80.21,80.22,84852
NEE,2026-09-16,14:55,80.21,80.27,80.16,80.185,95096
NEE,2026-09-16,14:56,80.185,80.19,80.12,80.15,33870
NEE,2026-09-16,14:57,80.15,80.18,80.07,80.075,72896
NEE,2026-09-16,14:58,80.08,80.16,80.05,80.14,91159
NEE,2026-09-16,14:59,80.14,80.225,80.14,80.16,52955
NEE,2026-09-16,15:00,80.15,80.2194,80.12,80.185,49146
NEE,2026-09-16,15:01,80.19,80.195,80.16,80.16,17029
NEE,2026-09-16,15:02,80.155,80.24,80.155,80.24,37467
NEE,2026-09-16,15:03,80.26,80.285,80.185,80.25,21363
NEE,2026-09-16,15:04,80.245,80.285,80.24,80.26,15969
NEE,2026-09-16,15:05,80.245,80.32,80.245,80.32,23079
NEE,2026-09-16,15:06,80.32,80.33,80.29,80.305,16106
NEE,2026-09-16,15:07,80.2839,80.325,80.28,80.285,15977
NEE,2026-09-16,15:08,80.285,80.29,80.15,80.15,36502
NEE,2026-09-16,15:09,80.17,80.2,80.15,80.15,12751
NEE,2026-09-16,15:10,80.15,80.15,80.09,80.095,25622
NEE,2026-09-16,15:11,80.1,80.155,80.1,80.13,24896
NEE,2026-09-16,15:12,80.125,80.16,80.125,80.155,22280
NEE,2026-09-16,15:13,80.15,80.17,80.1328,80.135,20131
NEE,2026-09-16,15:14,80.13,80.13,80.095,80.095,13109
NEE,2026-09-16,15:15,80.095,80.15,80.095,80.11,25888
NEE,2026-09-16,15:16,80.1,80.15,80.1,80.15,21623
NEE,2026-09-16,15:17,80.15,80.16,80.13,80.15,24770
NEE,2026-09-16,15:18,80.1599,80.16,80.085,80.09,12123
NEE,2026-09-16,15:19,80.085,80.15,80.075,80.15,21055
NEE,2026-09-16,15:20,80.145,80.155,80.1,80.12,15573
NEE,2026-09-16,15:21,80.125,80.145,80.07,80.1,40725
NEE,2026-09-16,15:22,80.09,80.13,80.085,80.125,24453
NEE,2026-09-16,15:23,80.125,80.145,80.11,80.14,25276
NEE,2026-09-16,15:24,80.135,80.165,80.125,80.13,33217
NEE,2026-09-16,15:25,80.1399,80.15,80.0625,80.0625,28921
NEE,2026-09-16,15:26,80.08,80.12,80.06,80.07,21686
NEE,2026-09-16,15:27,80.08,80.1074,80.06,80.07,35100
NEE,2026-09-16,15:28,80.0659,80.085,79.99,80.04,100221
NEE,2026-09-16,15:29,80.05,80.09,80.05,80.05,26639
NEE,2026-09-16,15:30,80.05,80.06,80.02,80.05,28329
NEE,2026-09-16,15:31,80.05,80.055,79.96,79.985,51331
NEE,2026-09-16,15:32,79.98,80.04,79.9775,80.04,50091
NEE,2026-09-16,15:33,80.035,80.045,79.98,80.01,34118
NEE,2026-09-16,15:34,80.015,80.13,80.015,80.1,75826
NEE,2026-09-16,15:35,80.1,80.16,80.02,80.16,93844
NEE,2026-09-16,15:36,80.155,80.165,80.07,80.075,64535
NEE,2026-09-16,15:37,80.075,80.11,80.025,80.07,62076
NEE,2026-09-16,15:38,80.08,80.11,80.07,80.085,13639
NEE,2026-09-16,15:39,80.09,80.145,80.065,80.125,17711
NEE,2026-09-16,15:40,80.13,80.13,80.065,80.075,36727
NEE,2026-09-16,15:41,80.075,80.115,80.06,80.07,29019
NEE,2026-09-16,15:42,80.07,80.095,80.055,80.07,28546
NEE,2026-09-16,15:43,80.07,80.08,80.04,80.07,26527
NEE,2026-09-16,15:44,80.07,80.07,80,80.01,29214
NEE,2026-09-16,15:45,80,80.065,79.99,80.025,42335
NEE,2026-09-16,15:46,80.02,80.0899,80.005,80.025,52396
NEE,2026-09-16,15:47,80.0286,80.08,80.01,80.065,33315
NEE,2026-09-16,15:48,80.065,80.065,80.01,80.045,47367
NEE,2026-09-16,15:49,80.05,80.09,80.05,80.0799,30974
NEE,2026-09-16,15:50,80.08,80.1588,80.06,80.1588,49812
NEE,2026-09-16,15:51,80.16,80.175,80.12,80.165,45220
NEE,2026-09-16,15:52,80.165,80.195,80.145,80.195,40000
NEE,2026-09-16,15:53,80.195,80.245,80.18,80.245,39439
NEE,2026-09-16,15:54,80.24,80.36,80.23,80.36,49586
NEE,2026-09-16,15:55,80.3599,80.475,80.3599,80.42,77924
NEE,2026-09-16,15:56,80.42,80.505,80.4102,80.49,91734
NEE,2026-09-16,15:57,80.48,80.495,80.39,80.39,99873
NEE,2026-09-16,15:58,80.39,80.4,80.33,80.335,147920
NEE,2026-09-16,15:59,80.335,80.39,80.3,80.36,211454
NEE,2026-09-16,16:00,80.37,80.37,80.37,80.37,0
