symbol,date,time,open,high,low,close,volume
ORCL,2026-09-09,09:30,163.54,163.9,163.09,163.79,857214
ORCL,2026-09-09,09:31,163.93,165.15,163.1,164.01,650503
ORCL,2026-09-09,09:32,163.9375,164.4331,163.52,163.8022,126577
ORCL,2026-09-09,09:33,163.77,163.77,161.8,162.385,201348
ORCL,2026-09-09,09:34,162.4321,162.61,162.12,162.4466,93267
ORCL,2026-09-09,09:35,162.48,162.96,162.28,162.39,118514
ORCL,2026-09-09,09:36,162.33,162.7299,162.1,162.56,72226
ORCL,2026-09-09,09:37,162.6579,162.88,162.3,162.835,107107
ORCL,2026-09-09,09:38,162.78,162.87,162.57,162.745,46767
ORCL,2026-09-09,09:39,162.79,162.85,162.5,162.8009,64840
ORCL,2026-09-09,09:40,162.7751,162.96,162.55,162.645,66922
ORCL,2026-09-09,09:41,162.645,162.78,162.285,162.625,60373
ORCL,2026-09-09,09:42,162.695,163.399,162.66,163.3297,91983
ORCL,2026-09-09,09:43,163.355,163.4,162.92,163.07,67570
ORCL,2026-09-09,09:44,163.13,163.9501,162.9701,163.95,105299
ORCL,2026-09-09,09:45,163.98,164.1,163.22,163.68,139235
ORCL,2026-09-09,09:46,163.3541,163.73,163.3541,163.68,52797
ORCL,2026-09-09,09:47,163.68,163.87,163.615,163.69,55322
ORCL,2026-09-09,09:48,163.7,163.7,163.21,163.39,71291
ORCL,2026-09-09,09:49,163.37,163.715,163.33,163.615,73569
ORCL,2026-09-09,09:50,163.61,163.75,163.45,163.725,78597
ORCL,2026-09-09,09:51,163.73,163.81,163.0401,163.09,103103
ORCL,2026-09-09,09:52,163.07,163.1,162.58,162.7,76505
ORCL,2026-09-09,09:53,162.7244,162.9799,162.55,162.78,55522
ORCL,2026-09-09,09:54,162.71,162.84,162.2501,162.345,83994
ORCL,2026-09-09,09:55,162.345,163.06,162.253,162.955,83712
ORCL,2026-09-09,09:56,162.955,163.0699,162.39,162.47,69824
ORCL,2026-09-09,09:57,162.55,162.75,162.28,162.37,40855
ORCL,2026-09-09,09:58,162.32,162.325,161.8801,161.94,104128
ORCL,2026-09-09,09:59,161.935,162.0399,161.585,161.739,122367
ORCL,2026-09-09,10:00,161.6866,161.92,161.65,161.6708,71415
ORCL,2026-09-09,10:01,161.71,161.71,161.3,161.5099,130840
ORCL,2026-09-09,10:02,161.51,161.58,161.05,161.13,105934
ORCL,2026-09-09,10:03,161.13,161.54,161,161.415,138089
ORCL,2026-09-09,10:04,161.42,161.61,161.1001,161.38,56277
ORCL,2026-09-09,10:05,161.44,161.4999,161.29,161.46,46343
ORCL,2026-09-09,10:06,161.425,161.48,161.22,161.44,54701
ORCL,2026-09-09,10:07,161.405,161.42,161.2001,161.29,45114
ORCL,2026-09-09,10:08,161.31,161.4599,161.11,161.225,54186
ORCL,2026-09-09,10:09,161.26,161.3099,161.1337,161.18,41896
ORCL,2026-09-09,10:10,161.21,161.425,161.2,161.27,63981
ORCL,2026-09-09,10:11,161.2401,161.295,161.08,161.2,43872
ORCL,2026-09-09,10:12,161.24,161.39,161.08,161.1981,71060
ORCL,2026-09-09,10:13,161.195,161.33,161.06,161.29,57450
ORCL,2026-09-09,10:14,161.295,161.37,161.2,161.25,52268
ORCL,2026-09-09,10:15,161.28,161.35,161.16,161.18,34416
ORCL,2026-09-09,10:16,161.195,161.26,160.81,160.8315,80877
ORCL,2026-09-09,10:17,160.855,161.05,160.78,160.925,50417
ORCL,2026-09-09,10:18,160.9,160.91,160.68,160.77,82377
ORCL,2026-09-09,10:19,160.805,160.8311,160.52,160.61,79479
ORCL,2026-09-09,10:20,160.57,160.7,160.4,160.4075,114063
ORCL,2026-09-09,10:21,160.405,160.73,160.36,160.655,78289
ORCL,2026-09-09,10:22,160.655,160.655,160.4447,160.555,54245
ORCL,2026-09-09,10:23,160.5,160.65,160.37,160.64,60608
ORCL,2026-09-09,10:24,160.67,160.75,160.389,160.44,66434
ORCL,2026-09-09,10:25,160.42,161.02,160.42,160.99,77406
ORCL,2026-09-09,10:26,161.06,161.26,160.98,161.0837,50663
ORCL,2026-09-09,10:27,161.075,161.105,160.85,160.9032,69496
ORCL,2026-09-09,10:28,160.9285,161.0498,160.89,160.99,35204
ORCL,2026-09-09,10:29,160.99,161.29,160.94,161.17,63469
ORCL,2026-09-09,10:30,161.17,161.22,161.08,161.1,38146
ORCL,2026-09-09,10:31,161.14,161.38,161.08,161.375,45781
ORCL,2026-09-09,10:32,161.37,161.51,161.17,161.44,75510
ORCL,2026-09-09,10:33,161.405,161.82,161.37,161.73,100129
ORCL,2026-09-09,10:34,161.715,161.7299,161.57,161.68,37689
ORCL,2026-09-09,10:35,161.69,161.82,161.55,161.55,48605
ORCL,2026-09-09,10:36,161.605,161.79,161.53,161.64,69660
ORCL,2026-09-09,10:37,161.61,161.73,161.38,161.5,48518
ORCL,2026-09-09,10:38,161.46,161.61,161.4346,161.5,32267
ORCL,2026-09-09,10:39,161.54,161.7198,161.39,161.7,81700
ORCL,2026-09-09,10:40,161.68,161.84,161.65,161.73,52670
ORCL,2026-09-09,10:41,161.73,161.96,161.73,161.785,40440
ORCL,2026-09-09,10:42,161.81,161.89,161.7,161.735,40798
ORCL,2026-09-09,10:43,161.74,161.97,161.68,161.94,0
ORCL,2026-09-09,10:44,161.915,162.27,161.88,162.185,81910
ORCL,2026-09-09,10:45,162.185,162.2683,161.75,162.035,95798
ORCL,2026-09-09,10:46,162.035,162.15,161.85,162.1499,42966
ORCL,2026-09-09,10:47,162.07,162.115,161.88,162.04,60161
ORCL,2026-09-09,10:48,162.035,162.035,161.78,161.8,36940
ORCL,2026-09-09,10:49,161.8,161.95,161.77,161.87,32267
ORCL,2026-09-09,10:50,161.9,162.02,161.84,161.99,22314
ORCL,2026-09-09,10:51,162,162.17,161.88,161.9,60013
ORCL,2026-09-09,10:52,161.88,162.01,161.81,161.83,65567
ORCL,2026-09-09,10:53,161.84,161.97,161.7604,161.91,51675
ORCL,2026-09-09,10:54,161.925,161.95,161.86,161.89,22348
ORCL,2026-09-09,10:55,161.89,162.18,161.885,162.155,33333
ORCL,2026-09-09,10:56,162.155,162.155,162.03,162.06,25533
ORCL,2026-09-09,10:57,162.055,162.338,162,162.338,56246
ORCL,2026-09-09,10:58,162.31,162.45,162.2246,162.315,40908
ORCL,2026-09-09,10:59,162.305,162.33,162.1102,162.245,55646
ORCL,2026-09-09,11:00,162.24,162.7,162.192,162.6,61629
ORCL,2026-09-09,11:01,162.6401,162.72,162.05,162.1651,52788
ORCL,2026-09-09,11:02,162.165,162.35,162.15,162.17,25776
ORCL,2026-09-09,11:03,162.185,162.23,162,162.18,30743
ORCL,2026-09-09,11:04,162.2,162.22,161.98,162.1,26347
ORCL,2026-09-09,11:05,162.06,162.2,162.02,162.035,40343
ORCL,2026-09-09,11:06,162.01,162.03,161.79,161.79,52789
ORCL,2026-09-09,11:07,161.79,161.87,161.74,161.83,36925
ORCL,2026-09-09,11:08,161.845,161.92,161.75,161.86,46094
ORCL,2026-09-09,11:09,161.84,161.87,161.55,161.59,57363
ORCL,2026-09-09,11:10,161.59,161.63,161.36,161.4199,42823
ORCL,2026-09-09,11:11,161.375,161.44,161,161.085,106039
ORCL,2026-09-09,11:12,161.085,161.3899,161.085,161.27,57141
ORCL,2026-09-09,11:13,161.27,161.35,161.18,161.27,25350
ORCL,2026-09-09,11:14,161.2756,161.329,161.22,161.28,24415
ORCL,2026-09-09,11:15,161.34,161.46,161.22,161.39,38370
ORCL,2026-09-09,11:16,161.42,161.42,161,161.22,36468
ORCL,2026-09-09,11:17,161.27,161.3031,161.11,161.279,26156
ORCL,2026-09-09,11:18,161.23,161.57,161.19,161.5268,25120
ORCL,2026-09-09,11:19,161.57,161.63,161.43,161.44,64902
ORCL,2026-09-09,11:20,161.45,161.51,161.39,161.465,24583
ORCL,2026-09-09,11:21,161.465,161.6,161.35,161.35,28816
ORCL,2026-09-09,11:22,161.35,161.39,161.11,161.14,34443
ORCL,2026-09-09,11:23,161.1069,161.18,160.8,160.9356,85282
ORCL,2026-09-09,11:24,160.965,161.025,160.83,160.89,48211
ORCL,2026-09-09,11:25,160.9,161.15,160.82,161.065,38894
ORCL,2026-09-09,11:26,161.065,161.14,160.96,161.04,35666
ORCL,2026-09-09,11:27,161.025,161.09,160.94,161.065,26042
ORCL,2026-09-09,11:28,161.04,161.25,161,161.19,72598
ORCL,2026-09-09,11:29,161.22,161.29,161.1395,161.29,23792
ORCL,2026-09-09,11:30,161.28,161.8299,161.28,161.7401,48440
ORCL,2026-09-09,11:31,161.7931,161.7931,161.41,161.5,37854
ORCL,2026-09-09,11:32,161.495,161.495,161.285,161.3507,27083
ORCL,2026-09-09,11:33,161.4268,161.4268,161.24,161.35,15421
ORCL,2026-09-09,11:34,161.37,161.4961,161.3481,161.43,29568
ORCL,2026-09-09,11:35,161.44,161.56,161.39,161.42,31305
ORCL,2026-09-09,11:36,161.45,161.63,161.45,161.555,46549
ORCL,2026-09-09,11:37,161.555,161.555,161.34,161.37,34556
ORCL,2026-09-09,11:38,161.37,161.388,161.21,161.34,18967
ORCL,2026-09-09,11:39,161.275,161.72,161.2,161.67,33290
ORCL,2026-09-09,11:40,161.73,161.78,161.26,161.305,24819
ORCL,2026-09-09,11:41,161.305,161.3896,161.21,161.25,23319
ORCL,2026-09-09,11:42,161.28,161.36,161.2,161.295,14020
ORCL,2026-09-09,11:43,161.2951,161.3156,161.16,161.27,25314
ORCL,2026-09-09,11:44,161.25,161.32,161.2,161.32,20604
ORCL,2026-09-09,11:45,161.32,161.3999,161.25,161.305,21945
ORCL,2026-09-09,11:46,161.305,161.32,161.22,161.25,36165
ORCL,2026-09-09,11:47,161.26,161.33,161.2026,161.26,42951
ORCL,2026-09-09,11:48,161.225,161.35,161.15,161.255,33813
ORCL,2026-09-09,11:49,161.255,161.32,161.21,161.32,25540
ORCL,2026-09-09,11:50,161.28,161.6,161.23,161.575,40015
ORCL,2026-09-09,11:51,161.62,161.7099,161.54,161.58,45738
ORCL,2026-09-09,11:52,161.58,161.6355,161.445,161.535,33043
ORCL,2026-09-09,11:53,161.54,161.58,161.355,161.43,35408
ORCL,2026-09-09,11:54,161.425,161.5761,161.425,161.56,22952
ORCL,2026-09-09,11:55,161.58,161.58,161.29,161.355,54099
ORCL,2026-09-09,11:56,161.345,161.3999,161.21,161.295,36554
ORCL,2026-09-09,11:57,161.3199,161.3199,161.2,161.27,24503
ORCL,2026-09-09,11:58,161.27,161.39,161.27,161.37,16005
ORCL,2026-09-09,11:59,161.39,161.46,161.3201,161.44,23005
ORCL,2026-09-09,12:00,161.425,161.49,161.41,161.45,14367
ORCL,2026-09-09,12:01,161.47,161.47,161.33,161.42,21642
ORCL,2026-09-09,12:02,161.4,161.58,161.3901,161.58,19014
ORCL,2026-09-09,12:03,161.5663,161.77,161.545,161.735,35874
ORCL,2026-09-09,12:04,161.7351,161.83,161.69,161.805,23192
ORCL,2026-09-09,12:05,161.7601,161.83,161.66,161.72,25816
ORCL,2026-09-09,12:06,161.72,161.72,161.55,161.63,19389
ORCL,2026-09-09,12:07,161.66,161.75,161.59,161.615,62849
ORCL,2026-09-09,12:08,161.615,161.65,161.51,161.62,24873
ORCL,2026-09-09,12:09,161.61,161.74,161.61,161.64,24278
ORCL,2026-09-09,12:10,161.63,161.66,161.55,161.625,33129
ORCL,2026-09-09,12:11,161.625,161.75,161.6,161.63,29218
ORCL,2026-09-09,12:12,161.64,161.73,161.63,161.73,14318
ORCL,2026-09-09,12:13,161.74,161.81,161.63,161.665,29347
ORCL,2026-09-09,12:14,161.62,161.665,161.39,161.445,28085
ORCL,2026-09-09,12:15,161.47,161.5,161.39,161.39,9606
ORCL,2026-09-09,12:16,161.41,161.46,161.36,161.4,23933
ORCL,2026-09-09,12:17,161.38,161.42,161.125,161.1275,43465
ORCL,2026-09-09,12:18,161.125,161.26,161.08,161.135,28672
ORCL,2026-09-09,12:19,161.135,161.17,160.88,160.95,57446
ORCL,2026-09-09,12:20,160.935,161,160.88,160.99,31480
ORCL,2026-09-09,12:21,160.985,161.01,160.95,160.975,15622
ORCL,2026-09-09,12:22,160.975,161.01,160.92,160.925,30945
ORCL,2026-09-09,12:23,160.91,160.9299,160.83,160.895,29219
ORCL,2026-09-09,12:24,160.895,161.01,160.8554,160.985,36268
ORCL,2026-09-09,12:25,161.0099,161.0799,160.95,160.99,23655
ORCL,2026-09-09,12:26,160.99,161.185,160.98,161.185,36242
ORCL,2026-09-09,12:27,161.165,161.165,161,161.11,25794
ORCL,2026-09-09,12:28,161.1,161.14,161.02,161.035,15858
ORCL,2026-09-09,12:29,161.02,161.03,160.92,160.995,24226
ORCL,2026-09-09,12:30,160.995,161.1499,160.995,161.09,19030
ORCL,2026-09-09,12:31,161.09,161.17,161,161.15,33973
ORCL,2026-09-09,12:32,161.18,161.21,161.085,161.14,19033
ORCL,2026-09-09,12:33,161.14,161.57,161.01,161.49,97570
ORCL,2026-09-09,12:34,161.475,161.52,161.36,161.4,65920
ORCL,2026-09-09,12:35,161.43,161.51,161.36,161.45,32461
ORCL,2026-09-09,12:36,161.445,161.47,161.36,161.4,12777
ORCL,2026-09-09,12:37,161.3799,161.51,161.3343,161.51,34527
ORCL,2026-09-09,12:38,161.48,161.54,161.39,161.435,15856
ORCL,2026-09-09,12:39,161.405,161.615,161.38,161.59,26952
ORCL,2026-09-09,12:40,161.61,161.66,161.5125,161.63,21275
ORCL,2026-09-09,12:41,161.61,161.6667,161.59,161.64,19567
ORCL,2026-09-09,12:42,161.655,161.79,161.561,161.62,53439
ORCL,2026-09-09,12:43,161.61,161.6499,161.5,161.62,18878
ORCL,2026-09-09,12:44,161.62,161.7,161.6169,161.655,12039
ORCL,2026-09-09,12:45,161.68,162.04,161.66,161.86,145239
ORCL,2026-09-09,12:46,161.875,162,161.84,161.84,31547
ORCL,2026-09-09,12:47,161.85,161.88,161.65,161.72,21455
ORCL,2026-09-09,12:48,161.715,161.8599,161.6868,161.82,32686
ORCL,2026-09-09,12:49,161.83,161.88,161.79,161.88,20849
ORCL,2026-09-09,12:50,161.8781,162.08,161.87,162.08,32552
ORCL,2026-09-09,12:51,162.055,162.09,161.89,161.93,20005
ORCL,2026-09-09,12:52,161.935,162.02,161.91,161.955,62103
ORCL,2026-09-09,12:53,161.93,162.1,161.88,161.995,24903
ORCL,2026-09-09,12:54,161.99,162.27,161.97,162.15,28925
ORCL,2026-09-09,12:55,162.155,162.32,162.1,162.2,58135
ORCL,2026-09-09,12:56,162.15,162.44,162.15,162.39,70582
ORCL,2026-09-09,12:57,162.4,162.63,162.39,162.57,50091
ORCL,2026-09-09,12:58,162.59,162.82,162.5401,162.82,44928
ORCL,2026-09-09,12:59,162.79,162.85,162.6901,162.76,60085
ORCL,2026-09-09,13:00,162.72,162.81,162.5,162.55,58389
ORCL,2026-09-09,13:01,162.55,162.57,162.31,162.44,33797
ORCL,2026-09-09,13:02,162.3869,162.62,162.365,162.55,26419
ORCL,2026-09-09,13:03,162.55,162.59,162.3453,162.3453,15718
ORCL,2026-09-09,13:04,162.33,162.38,162.14,162.15,21761
ORCL,2026-09-09,13:05,162.12,162.17,162.06,162.12,23903
ORCL,2026-09-09,13:06,162.1,162.18,162.07,162.125,18217
ORCL,2026-09-09,13:07,162.17,162.24,162.115,162.22,25579
ORCL,2026-09-09,13:08,162.23,162.28,162.19,162.21,16780
ORCL,2026-09-09,13:09,162.2,162.23,162.14,162.175,16227
ORCL,2026-09-09,13:10,162.15,162.34,162.07,162.26,24142
ORCL,2026-09-09,13:11,162.26,162.31,162.22,162.22,9261
ORCL,2026-09-09,13:12,162.21,162.255,162.15,162.15,18981
ORCL,2026-09-09,13:13,162.13,162.29,162.07,162.24,45345
ORCL,2026-09-09,13:14,162.25,162.57,162.238,162.4751,37732
ORCL,2026-09-09,13:15,162.475,162.5199,162.455,162.49,17993
ORCL,2026-09-09,13:16,162.49,162.519,162.42,162.45,23561
ORCL,2026-09-09,13:17,162.45,162.5399,162.41,162.5399,17816
ORCL,2026-09-09,13:18,162.505,162.57,162.48,162.57,19019
ORCL,2026-09-09,13:19,162.53,162.56,162.44,162.54,24230
ORCL,2026-09-09,13:20,162.5401,162.79,162.5401,162.7791,46655
ORCL,2026-09-09,13:21,162.79,162.79,162.7,162.745,33622
ORCL,2026-09-09,13:22,162.76,163.1004,162.735,163.1004,84849
ORCL,2026-09-09,13:23,163.075,163.24,163,163.11,70870
ORCL,2026-09-09,13:24,163.1,163.35,163,163.157,64010
ORCL,2026-09-09,13:25,163.16,163.29,163.09,163.2399,67312
ORCL,2026-09-09,13:26,163.19,163.3298,163.1401,163.23,44326
ORCL,2026-09-09,13:27,163.2699,163.27,163.14,163.245,59942
ORCL,2026-09-09,13:28,163.245,163.46,163.1701,163.425,49967
ORCL,2026-09-09,13:29,163.425,163.46,163.1,163.125,75085
ORCL,2026-09-09,13:30,163.12,163.5,163.12,163.465,49866
ORCL,2026-09-09,13:31,163.5,163.5,163.1,163.155,45892
ORCL,2026-09-09,13:32,163.175,163.24,163.11,163.19,22729
ORCL,2026-09-09,13:33,163.2085,163.22,163.09,163.15,36539
ORCL,2026-09-09,13:34,163.1599,163.19,163.11,163.125,22985
ORCL,2026-09-09,13:35,163.14,163.1899,163.08,163.13,33120
ORCL,2026-09-09,13:36,163.1351,163.43,163.135,163.33,65365
ORCL,2026-09-09,13:37,163.27,163.2794,163.04,163.085,25825
ORCL,2026-09-09,13:38,163.09,163.13,162.9,162.94,48923
ORCL,2026-09-09,13:39,162.945,163.14,162.9301,163.14,18678
ORCL,2026-09-09,13:40,163.125,163.29,163.09,163.245,37568
ORCL,2026-09-09,13:41,163.245,163.3,163.18,163.22,36619
ORCL,2026-09-09,13:42,163.22,163.25,163.0001,163.16,73248
ORCL,2026-09-09,13:43,163.15,163.31,163.15,163.295,29683
ORCL,2026-09-09,13:44,163.32,163.58,163.32,163.57,54234
ORCL,2026-09-09,13:45,163.58,163.75,163.559,163.74,47948
ORCL,2026-09-09,13:46,163.735,163.86,163.69,163.74,46497
ORCL,2026-09-09,13:47,163.7615,163.82,163.3617,163.37,68688
ORCL,2026-09-09,13:48,163.36,163.43,163.26,163.375,77377
ORCL,2026-09-09,13:49,163.37,163.53,163.2874,163.3415,29403
ORCL,2026-09-09,13:50,163.3699,163.3699,163.095,163.155,82616
ORCL,2026-09-09,13:51,163.155,163.215,163.09,163.18,31725
ORCL,2026-09-09,13:52,163.2,163.24,162.85,163.03,41517
ORCL,2026-09-09,13:53,163,163.15,162.76,163.14,44037
ORCL,2026-09-09,13:54,163.13,163.29,163.0401,163.24,26812
ORCL,2026-09-09,13:55,163.2351,163.62,163.2021,163.6044,54212
ORCL,2026-09-09,13:56,163.6,163.61,163.48,163.495,42902
ORCL,2026-09-09,13:57,163.53,163.75,163.4701,163.71,50519
ORCL,2026-09-09,13:58,163.71,163.9,163.69,163.9,72292
ORCL,2026-09-09,13:59,163.86,164.03,163.845,163.95,77780
ORCL,2026-09-09,14:00,163.99,164.22,163.93,164.065,99457
ORCL,2026-09-09,14:01,164.03,164.42,163.97,164.28,65364
ORCL,2026-09-09,14:02,164.4,164.59,164.17,164.2951,98350
ORCL,2026-09-09,14:03,164.31,164.3292,164.08,164.25,50301
ORCL,2026-09-09,14:04,164.235,164.48,164.1,164.4468,57310
ORCL,2026-09-09,14:05,164.47,164.47,164.12,164.21,61935
ORCL,2026-09-09,14:06,164.215,164.27,163.781,163.81,79428
ORCL,2026-09-09,14:07,163.8286,163.84,163.71,163.76,40168
ORCL,2026-09-09,14:08,163.73,163.94,163.65,163.835,50887
ORCL,2026-09-09,14:09,163.83,163.85,163.7,163.75,32807
ORCL,2026-09-09,14:10,163.75,164.1,163.75,163.945,56767
ORCL,2026-09-09,14:11,163.945,164.0499,163.88,163.89,36002
ORCL,2026-09-09,14:12,163.89,163.94,163.835,163.855,27831
ORCL,2026-09-09,14:13,163.85,163.86,163.56,163.58,77020
ORCL,2026-09-09,14:14,163.585,163.87,163.52,163.575,37390
ORCL,2026-09-09,14:15,163.565,163.95,163.52,163.83,54665
ORCL,2026-09-09,14:16,163.9299,163.94,163.4679,163.745,81324
ORCL,2026-09-09,14:17,163.745,163.93,163.625,163.89,50149
ORCL,2026-09-09,14:18,163.89,164.02,163.85,164,33219
ORCL,2026-09-09,14:19,164,164.15,163.98,164.075,74779
ORCL,2026-09-09,14:20,164.075,164.28,163.93,164.28,48287
ORCL,2026-09-09,14:21,164.28,164.4,164.28,164.34,72523
ORCL,2026-09-09,14:22,164.3225,164.4,164.15,164.209,41578
ORCL,2026-09-09,14:23,164.195,164.44,164.12,164.43,71814
ORCL,2026-09-09,14:24,164.41,164.46,164.3,164.435,36835
ORCL,2026-09-09,14:25,164.43,164.49,164.3486,164.4,58736
ORCL,2026-09-09,14:26,164.41,164.425,164.358,164.385,33464
ORCL,2026-09-09,14:27,164.37,164.45,164.33,164.44,42465
ORCL,2026-09-09,14:28,164.43,164.5,164.12,164.12,71076
ORCL,2026-09-09,14:29,164.11,164.1727,164.01,164.1727,48565
ORCL,2026-09-09,14:30,164.12,164.13,163.725,163.79,56365
ORCL,2026-09-09,14:31,163.8,163.84,163.645,163.75,32077
ORCL,2026-09-09,14:32,163.775,163.7923,163.34,163.485,63535
ORCL,2026-09-09,14:33,163.46,163.6,163.41,163.51,31394
ORCL,2026-09-09,14:34,163.48,163.51,162.8,163.05,98364
ORCL,2026-09-09,14:35,163.06,163.17,163.045,163.145,41235
ORCL,2026-09-09,14:36,163.16,163.1999,163.05,163.11,35254
ORCL,2026-09-09,14:37,163.08,163.1304,162.9199,162.9674,39499
ORCL,2026-09-09,14:38,162.9451,163.01,162.8701,162.99,48046
ORCL,2026-09-09,14:39,162.99,163.03,162.9084,163.01,28766
ORCL,2026-09-09,14:40,163.03,163.2,162.94,163.0699,46610
ORCL,2026-09-09,14:41,163.03,163.27,163.025,163.245,75551
ORCL,2026-09-09,14:42,163.25,163.38,163.1703,163.27,61744
ORCL,2026-09-09,14:43,163.3,163.36,163.23,163.35,41382
ORCL,2026-09-09,14:44,163.3547,163.37,163.21,163.355,90327
ORCL,2026-09-09,14:45,163.355,163.54,163.03,163.22,220185
ORCL,2026-09-09,14:46,163.245,163.39,163.18,163.39,192033
ORCL,2026-09-09,14:47,163.37,163.37,163.14,163.23,186130
ORCL,2026-09-09,14:48,163.24,163.29,163.12,163.165,41336
ORCL,2026-09-09,14:49,163.175,163.2,162.92,163.005,94001
ORCL,2026-09-09,14:50,163.005,163.05,162.87,162.9,30619
ORCL,2026-09-09,14:51,162.89,163.13,162.82,163.0496,31190
ORCL,2026-09-09,14:52,163.04,163.1299,162.99,163.05,19556
ORCL,2026-09-09,14:53,163.09,163.1997,163.08,163.12,24069
ORCL,2026-09-09,14:54,163.11,163.11,162.9,162.915,30816
ORCL,2026-09-09,14:55,162.915,162.98,162.86,162.92,37831
ORCL,2026-09-09,14:56,162.94,163.05,162.91,163.015,40166
ORCL,2026-09-09,14:57,163.06,163.19,163.0001,163.19,37732
ORCL,2026-09-09,14:58,163.17,163.31,163.17,163.31,37269
ORCL,2026-09-09,14:59,163.28,163.4,163.2,163.3401,52302
ORCL,2026-09-09,15:00,163.36,163.51,163.34,163.34,44121
ORCL,2026-09-09,15:01,163.34,163.47,163.33,163.4345,66831
ORCL,2026-09-09,15:02,163.45,163.49,163.32,163.355,65635
ORCL,2026-09-09,15:03,163.345,163.43,163.32,163.3799,42370
ORCL,2026-09-09,15:04,163.37,163.4,163.13,163.25,43585
ORCL,2026-09-09,15:05,163.22,163.3388,163.22,163.29,26811
ORCL,2026-09-09,15:06,163.275,163.53,163.275,163.53,31824
ORCL,2026-09-09,15:07,163.55,163.685,163.465,163.685,69394
ORCL,2026-09-09,15:08,163.7087,163.7087,163.42,163.46,32600
ORCL,2026-09-09,15:09,163.44,163.47,163.33,163.415,44794
ORCL,2026-09-09,15:10,163.47,163.57,163.3901,163.425,52972
ORCL,2026-09-09,15:11,163.425,163.46,163.25,163.2501,50501
ORCL,2026-09-09,15:12,163.27,163.3,163.15,163.165,28897
ORCL,2026-09-09,15:13,163.13,163.24,163.1,163.24,30707
ORCL,2026-09-09,15:14,163.27,163.29,163.1942,163.28,29959
ORCL,2026-09-09,15:15,163.31,163.32,163.025,163.24,41449
ORCL,2026-09-09,15:16,163.28,163.36,163.18,163.35,46942
ORCL,2026-09-09,15:17,163.35,163.45,163.33,163.3817,30967
ORCL,2026-09-09,15:18,163.4,163.515,163.34,163.37,50818
ORCL,2026-09-09,15:19,163.375,163.4,163.33,163.37,27901
ORCL,2026-09-09,15:20,163.365,163.39,163.14,163.17,49605
ORCL,2026-09-09,15:21,163.18,163.25,163.14,163.22,28941
ORCL,2026-09-09,15:22,163.2,163.24,163.0201,163.0201,39201
ORCL,2026-09-09,15:23,163.035,163.1186,162.92,163.09,56366
ORCL,2026-09-09,15:24,163.08,163.11,162.9666,162.99,25363
ORCL,2026-09-09,15:25,162.9896,162.99,162.88,162.92,64196
ORCL,2026-09-09,15:26,162.895,163.03,162.88,163.0084,33573
ORCL,2026-09-09,15:27,163,163.02,162.735,162.815,52013
ORCL,2026-09-09,15:28,162.82,162.94,162.725,162.92,36228
ORCL,2026-09-09,15:29,162.92,163.0534,162.885,163.05,29635
ORCL,2026-09-09,15:30,163.03,163.03,162.85,162.85,36796
ORCL,2026-09-09,15:31,162.86,162.92,162.83,162.9,183801
ORCL,2026-09-09,15:32,162.9,162.9499,162.82,162.84,27261
ORCL,2026-09-09,15:33,162.83,162.94,162.8095,162.92,57032
ORCL,2026-09-09,15:34,162.91,162.91,162.66,162.67,66794
ORCL,2026-09-09,15:35,162.65,162.7,162.4,162.49,80857
ORCL,2026-09-09,15:36,162.47,162.51,162.145,162.145,48355
ORCL,2026-09-09,15:37,162.145,162.26,161.96,162.18,94242
ORCL,2026-09-09,15:38,162.2,162.3,162.09,162.18,43401
ORCL,2026-09-09,15:39,162.21,162.29,162.1404,162.2496,35418
ORCL,2026-09-09,15:40,162.24,162.27,162.04,162.1388,56628
ORCL,2026-09-09,15:41,162.125,162.125,161.92,161.947,59581
ORCL,2026-09-09,15:42,161.965,162.25,161.965,162.035,55133
ORCL,2026-09-09,15:43,162.0699,162.2011,162.02,162.2011,26339
ORCL,2026-09-09,15:44,162.2,162.2301,162.16,162.1951,33286
ORCL,2026-09-09,15:45,162.195,162.24,162.071,162.1,40705
ORCL,2026-09-09,15:46,162.1,162.1467,161.955,161.98,48268
ORCL,2026-09-09,15:47,162,162.05,161.74,161.78,86154
ORCL,2026-09-09,15:48,161.78,161.93,161.78,161.926,39468
ORCL,2026-09-09,15:49,161.93,162.12,161.9,161.975,106615
ORCL,2026-09-09,15:50,161.99,162.04,161.65,161.6699,82179
ORCL,2026-09-09,15:51,161.655,161.85,161.61,161.845,89416
ORCL,2026-09-09,15:52,161.84,161.91,161.71,161.71,96348
ORCL,2026-09-09,15:53,161.7,161.72,161.585,161.62,81597
ORCL,2026-09-09,15:54,161.64,161.96,161.62,161.91,85750
ORCL,2026-09-09,15:55,161.92,161.94,161.76,161.87,138292
ORCL,2026-09-09,15:56,161.855,161.855,161.51,161.525,138872
ORCL,2026-09-09,15:57,161.5299,161.6,161.21,161.43,196828
ORCL,2026-09-09,15:58,161.41,161.56,161.38,161.39,283490
ORCL,2026-09-09,15:59,161.4,161.74,161.23,161.69,541713
ORCL,2026-09-09,16:00,161.63,161.63,161.63,161.63,0
ORCL,2026-09-10,09:30,158.375,158.48,157.75,158.06,1214147
ORCL,2026-09-10,09:31,158.02,158.17,157.87,158.053,27183
ORCL,2026-09-10,09:32,158.1,158.27,156.4,156.77,1046095
ORCL,2026-09-10,09:33,156.71,157.73,156.41,157.085,251426
ORCL,2026-09-10,09:34,157.16,157.23,156.31,156.57,220941
ORCL,2026-09-10,09:35,156.51,158,156.32,157.67,312726
ORCL,2026-09-10,09:36,157.67,158.2399,157.4,158.2399,202031
ORCL,2026-09-10,09:37,158.175,158.22,156.52,157.335,245308
ORCL,2026-09-10,09:38,157.25,157.76,156.78,157.585,256384
ORCL,2026-09-10,09:39,157.51,158.43,157.4,158.37,207780
ORCL,2026-09-10,09:40,158.37,158.89,158.2501,158.76,201646
ORCL,2026-09-10,09:41,158.8,159.24,158.23,158.3414,235940
ORCL,2026-09-10,09:42,158.22,158.66,157.76,157.95,157429
ORCL,2026-09-10,09:43,158.03,158.04,157.7,157.96,171444
ORCL,2026-09-10,09:44,157.96,158,157.66,157.81,117601
ORCL,2026-09-10,09:45,157.84,158.1375,157.6,158.11,129443
ORCL,2026-09-10,09:46,158.11,158.12,157.53,157.57,172626
ORCL,2026-09-10,09:47,157.58,157.68,157.3001,157.64,141632
ORCL,2026-09-10,09:48,157.6,157.7099,156.82,157.118,173311
ORCL,2026-09-10,09:49,157.0804,157.81,157.0804,157.56,113212
ORCL,2026-09-10,09:50,157.6999,157.78,157.17,157.32,121710
ORCL,2026-09-10,09:51,157.3389,157.3499,156.6,156.624,197335
ORCL,2026-09-10,09:52,156.645,156.77,156.25,156.39,289662
ORCL,2026-09-10,09:53,156.32,156.4599,155.88,155.89,293606
ORCL,2026-09-10,09:54,155.9499,156.1,155.66,155.94,243164
ORCL,2026-09-10,09:55,155.9459,156.15,155.8,155.91,99547
ORCL,2026-09-10,09:56,155.91,156.2099,155.67,156.15,143274
ORCL,2026-09-10,09:57,156.15,156.61,155.93,156.33,130704
ORCL,2026-09-10,09:58,156.33,156.5699,156.1,156.318,118757
ORCL,2026-09-10,09:59,156.32,156.36,155.921,156.08,84432
ORCL,2026-09-10,10:00,156.0301,156.59,156.0301,156.385,147025
ORCL,2026-09-10,10:01,156.38,156.58,156.25,156.45,110526
ORCL,2026-09-10,10:02,156.47,157.08,156.43,156.81,139851
ORCL,2026-09-10,10:03,156.84,157.33,156.63,157.3275,106931
ORCL,2026-09-10,10:04,157.3,157.55,157,157.505,148688
ORCL,2026-09-10,10:05,157.55,157.88,157.4601,157.85,153133
ORCL,2026-09-10,10:06,157.82,157.82,157.38,157.5699,119523
ORCL,2026-09-10,10:07,157.57,157.73,157.4,157.5,91216
ORCL,2026-09-10,10:08,157.45,157.475,157.07,157.1,76026
ORCL,2026-09-10,10:09,157.1652,157.1652,156.8,156.915,69644
ORCL,2026-09-10,10:10,156.96,157.33,156.845,157.195,63251
ORCL,2026-09-10,10:11,157.2022,157.28,156.98,157.191,50583
ORCL,2026-09-10,10:12,157.25,157.47,157.14,157.295,56802
ORCL,2026-09-10,10:13,157.295,157.45,157.135,157.135,48975
ORCL,2026-09-10,10:14,157.135,157.23,156.9,157.02,52698
ORCL,2026-09-10,10:15,157.05,157.1409,156.92,156.94,45106
ORCL,2026-09-10,10:16,156.9,156.9,156.74,156.87,77065
ORCL,2026-09-10,10:17,156.84,156.9,156.67,156.7,55580
ORCL,2026-09-10,10:18,156.6847,157.01,156.67,156.98,58702
ORCL,2026-09-10,10:19,156.995,157.23,156.95,157.175,52696
ORCL,2026-09-10,10:20,157.175,157.3699,157.145,157.29,55087
ORCL,2026-09-10,10:21,157.2737,157.45,157.24,157.435,43687
ORCL,2026-09-10,10:22,157.435,157.71,157.43,157.71,61795
ORCL,2026-09-10,10:23,157.72,157.76,157.57,157.72,83523
ORCL,2026-09-10,10:24,157.73,158.59,157.66,158.22,100058
ORCL,2026-09-10,10:25,158.245,158.54,158.17,158.46,82202
ORCL,2026-09-10,10:26,158.46,158.55,158.0901,158.47,76354
ORCL,2026-09-10,10:27,158.47,158.47,158.21,158.3344,64058
ORCL,2026-09-10,10:28,158.277,158.3699,158.04,158.13,58477
ORCL,2026-09-10,10:29,158.125,158.25,158.065,158.25,54890
ORCL,2026-09-10,10:30,158.21,158.26,158.07,158.07,42399
ORCL,2026-09-10,10:31,158.08,158.33,157.84,158.18,74430
ORCL,2026-09-10,10:32,158.18,158.3599,158.175,158.215,60449
ORCL,2026-09-10,10:33,158.2885,158.8044,158.21,158.44,90996
ORCL,2026-09-10,10:34,158.45,158.67,158.33,158.34,65598
ORCL,2026-09-10,10:35,158.345,158.84,158.345,158.775,74792
ORCL,2026-09-10,10:36,158.775,159.04,158.73,158.86,117405
ORCL,2026-09-10,10:37,158.84,158.895,158.61,158.8,146814
ORCL,2026-09-10,10:38,158.8,158.9,158.69,158.9,47075
ORCL,2026-09-10,10:39,158.895,159.01,158.83,158.955,98898
ORCL,2026-09-10,10:40,158.955,159.01,158.7981,158.908,86077
ORCL,2026-09-10,10:41,158.88,159.1,158.88,159.06,87462
ORCL,2026-09-10,10:42,159.03,159.15,158.75,158.78,120986
ORCL,2026-09-10,10:43,158.8281,158.83,158.56,158.572,93682
ORCL,2026-09-10,10:44,158.62,158.83,158.48,158.79,57692
ORCL,2026-09-10,10:45,158.7,158.8113,158.57,158.58,31846
ORCL,2026-09-10,10:46,158.56,158.7499,158.45,158.73,68247
ORCL,2026-09-10,10:47,158.72,158.83,158.48,158.57,40043
ORCL,2026-09-10,10:48,158.52,158.63,158.4501,158.58,40320
ORCL,2026-09-10,10:49,158.54,158.6,158.4601,158.58,36190
ORCL,2026-09-10,10:50,158.575,158.775,158.56,158.68,62228
ORCL,2026-09-10,10:51,158.67,158.7,158.55,158.7,44593
ORCL,2026-09-10,10:52,158.74,158.84,158.6197,158.6197,54567
ORCL,2026-09-10,10:53,158.65,158.71,158.58,158.62,37836
ORCL,2026-09-10,10:54,158.6,158.75,158.54,158.6738,53735
ORCL,2026-09-10,10:55,158.71,158.75,158.585,158.71,57530
ORCL,2026-09-10,10:56,158.75,158.78,158.66,158.712,64451
ORCL,2026-09-10,10:57,158.7,158.82,158.63,158.735,63788
ORCL,2026-09-10,10:58,158.77,158.77,158.57,158.65,37263
ORCL,2026-09-10,10:59,158.65,158.7912,158.55,158.79,58881
ORCL,2026-09-10,11:00,158.79,158.8,158.52,158.54,47950
ORCL,2026-09-10,11:01,158.535,158.55,158.26,158.46,76363
ORCL,2026-09-10,11:02,158.45,158.465,158.06,158.2,51556
ORCL,2026-09-10,11:03,158.22,158.25,158.1,158.23,44202
ORCL,2026-09-10,11:04,158.215,158.26,158.11,158.1873,38244
ORCL,2026-09-10,11:05,158.1861,158.43,158.14,158.34,63593
ORCL,2026-09-10,11:06,158.354,158.4199,158.3036,158.39,37331
ORCL,2026-09-10,11:07,158.39,158.45,158.34,158.38,55766
ORCL,2026-09-10,11:08,158.385,158.56,158.31,158.545,57342
ORCL,2026-09-10,11:09,158.57,158.66,158.3,158.32,75848
ORCL,2026-09-10,11:10,158.315,158.675,158.3,158.625,40557
ORCL,2026-09-10,11:11,158.63,158.63,158.43,158.55,38468
ORCL,2026-09-10,11:12,158.56,158.72,158.56,158.6524,56321
ORCL,2026-09-10,11:13,158.64,158.89,158.6,158.845,210380
ORCL,2026-09-10,11:14,158.845,158.87,158.735,158.76,65467
ORCL,2026-09-10,11:15,158.76,158.82,158.59,158.61,42634
ORCL,2026-09-10,11:16,158.59,158.82,158.57,158.75,40388
ORCL,2026-09-10,11:17,158.75,158.82,158.69,158.7161,46904
ORCL,2026-09-10,11:18,158.75,158.77,158.35,158.43,82833
ORCL,2026-09-10,11:19,158.43,158.51,158.35,158.48,84267
ORCL,2026-09-10,11:20,158.48,158.5,158.22,158.22,47626
ORCL,2026-09-10,11:21,158.25,158.3376,158.01,158.27,79780
ORCL,2026-09-10,11:22,158.333,158.45,158.19,158.425,42565
ORCL,2026-09-10,11:23,158.41,158.47,158.3,158.4,54080
ORCL,2026-09-10,11:24,158.4,158.65,158.4,158.63,42137
ORCL,2026-09-10,11:25,158.63,158.68,158.55,158.645,29832
ORCL,2026-09-10,11:26,158.645,158.75,158.53,158.655,35770
ORCL,2026-09-10,11:27,158.7091,158.87,158.685,158.825,47863
ORCL,2026-09-10,11:28,158.85,158.95,158.85,158.92,50051
ORCL,2026-09-10,11:29,158.934,158.94,158.63,158.64,44390
ORCL,2026-09-10,11:30,158.61,158.83,158.55,158.745,38176
ORCL,2026-09-10,11:31,158.745,158.78,158.6361,158.655,33106
ORCL,2026-09-10,11:32,158.6462,158.68,158.51,158.64,34478
ORCL,2026-09-10,11:33,158.69,158.83,158.6401,158.68,33448
ORCL,2026-09-10,11:34,158.65,158.6883,158.44,158.445,24337
ORCL,2026-09-10,11:35,158.47,158.8399,158.42,158.82,29380
ORCL,2026-09-10,11:36,158.85,159.0975,158.85,159.05,71739
ORCL,2026-09-10,11:37,158.99,159.09,158.93,159.03,39590
ORCL,2026-09-10,11:38,159.03,159.1,158.74,158.76,125792
ORCL,2026-09-10,11:39,158.74,158.74,158.53,158.635,45818
ORCL,2026-09-10,11:40,158.635,158.82,158.5798,158.6,31558
ORCL,2026-09-10,11:41,158.585,158.8,158.58,158.6801,26540
ORCL,2026-09-10,11:42,158.68,159.03,158.65,159.02,50321
ORCL,2026-09-10,11:43,158.95,158.97,158.8015,158.87,25261
ORCL,2026-09-10,11:44,158.885,158.9899,158.8675,158.96,30484
ORCL,2026-09-10,11:45,159,159.1,158.95,158.95,40465
ORCL,2026-09-10,11:46,158.94,158.98,158.683,158.745,35397
ORCL,2026-09-10,11:47,158.77,158.77,158.65,158.715,34904
ORCL,2026-09-10,11:48,158.7,158.8,158.63,158.8,25915
ORCL,2026-09-10,11:49,158.74,158.82,158.66,158.75,31686
ORCL,2026-09-10,11:50,158.73,158.7499,158.56,158.56,22397
ORCL,2026-09-10,11:51,158.55,158.88,158.48,158.72,70008
ORCL,2026-09-10,11:52,158.74,159.02,158.7001,158.87,72764
ORCL,2026-09-10,11:53,158.9,158.9,158.64,158.7008,24628
ORCL,2026-09-10,11:54,158.64,158.7585,158.51,158.665,42092
ORCL,2026-09-10,11:55,158.665,158.665,158.56,158.63,24900
ORCL,2026-09-10,11:56,158.59,158.59,158.46,158.5139,29307
ORCL,2026-09-10,11:57,158.535,158.55,158.3881,158.4299,59522
ORCL,2026-09-10,11:58,158.415,158.67,158.36,158.65,45378
ORCL,2026-09-10,11:59,158.62,158.6807,158.5401,158.66,26075
ORCL,2026-09-10,12:00,158.64,158.71,158.54,158.64,20628
ORCL,2026-09-10,12:01,158.65,158.77,158.57,158.57,30548
ORCL,2026-09-10,12:02,158.52,158.64,158.51,158.52,35008
ORCL,2026-09-10,12:03,158.52,158.53,158.25,158.39,70884
ORCL,2026-09-10,12:04,158.42,158.44,158.22,158.28,56381
ORCL,2026-09-10,12:05,158.26,158.33,158,158.3,87985
ORCL,2026-09-10,12:06,158.29,158.37,158.2169,158.23,43081
ORCL,2026-09-10,12:07,158.28,158.31,157.91,157.92,58761
ORCL,2026-09-10,12:08,157.9335,158.0099,157.76,157.885,54125
ORCL,2026-09-10,12:09,157.885,157.911,157.4,157.47,135427
ORCL,2026-09-10,12:10,157.43,157.51,157.27,157.2875,66607
ORCL,2026-09-10,12:11,157.3193,157.3193,157.06,157.09,54551
ORCL,2026-09-10,12:12,157.1,157.28,157.07,157.088,63053
ORCL,2026-09-10,12:13,157.095,157.095,156.911,156.98,104419
ORCL,2026-09-10,12:14,156.99,157.05,156.62,156.6489,116658
ORCL,2026-09-10,12:15,156.6788,157.05,156.665,157.005,120757
ORCL,2026-09-10,12:16,157.012,157.2105,156.96,156.99,99222
ORCL,2026-09-10,12:17,156.965,156.9983,156.32,156.42,114783
ORCL,2026-09-10,12:18,156.43,156.54,156.08,156.0862,85957
ORCL,2026-09-10,12:19,156.1,156.1,155.635,155.67,288298
ORCL,2026-09-10,12:20,155.66,156.01,155.65,155.92,78200
ORCL,2026-09-10,12:21,155.92,156.03,155.88,155.965,91715
ORCL,2026-09-10,12:22,155.965,156.136,155.8,156.055,91116
ORCL,2026-09-10,12:23,156.055,156.3,155.84,155.84,87376
ORCL,2026-09-10,12:24,155.84,155.92,155.71,155.81,98753
ORCL,2026-09-10,12:25,155.825,155.9799,155.74,155.8,62878
ORCL,2026-09-10,12:26,155.8,156.02,155.72,155.895,57206
ORCL,2026-09-10,12:27,155.87,156.075,155.85,156.04,48161
ORCL,2026-09-10,12:28,156.075,156.33,156.03,156.2628,72122
ORCL,2026-09-10,12:29,156.23,156.26,156.11,156.18,95270
ORCL,2026-09-10,12:30,156.185,156.29,156.08,156.105,46687
ORCL,2026-09-10,12:31,156.105,156.25,156.0806,156.18,55627
ORCL,2026-09-10,12:32,156.18,156.46,156.12,156.31,85208
ORCL,2026-09-10,12:33,156.315,156.46,156.295,156.38,53250
ORCL,2026-09-10,12:34,156.35,156.4,156,156.175,124418
ORCL,2026-09-10,12:35,156.15,156.16,155.92,155.945,87936
ORCL,2026-09-10,12:36,155.975,156.06,155.9,156.05,49712
ORCL,2026-09-10,12:37,156.055,156.2099,156.01,156.145,35232
ORCL,2026-09-10,12:38,156.15,156.34,156.11,156.2401,40871
ORCL,2026-09-10,12:39,156.25,156.32,156.2357,156.2357,31684
ORCL,2026-09-10,12:40,156.25,156.3,156.08,156.225,69524
ORCL,2026-09-10,12:41,156.2,156.215,156.0247,156.2068,54692
ORCL,2026-09-10,12:42,156.215,156.28,156.13,156.13,52239
ORCL,2026-09-10,12:43,156.09,156.19,156.02,156.14,34594
ORCL,2026-09-10,12:44,156.09,156.3,156.09,156.23,56039
ORCL,2026-09-10,12:45,156.21,156.45,156.21,156.285,46254
ORCL,2026-09-10,12:46,156.3,156.52,156.3,156.46,50219
ORCL,2026-09-10,12:47,156.46,156.5199,156.35,156.3501,53173
ORCL,2026-09-10,12:48,156.3401,156.42,156.34,156.355,22113
ORCL,2026-09-10,12:49,156.35,156.42,156.25,156.33,37114
ORCL,2026-09-10,12:50,156.34,156.37,156.29,156.32,17478
ORCL,2026-09-10,12:51,156.33,156.54,156.3,156.54,49732
ORCL,2026-09-10,12:52,156.5,156.58,156.44,156.51,54983
ORCL,2026-09-10,12:53,156.48,156.62,156.48,156.6123,42915
ORCL,2026-09-10,12:54,156.62,156.65,156.57,156.63,31597
ORCL,2026-09-10,12:55,156.64,156.84,156.64,156.805,56829
ORCL,2026-09-10,12:56,156.775,156.83,156.7,156.72,55019
ORCL,2026-09-10,12:57,156.715,156.715,156.47,156.5675,62821
ORCL,2026-09-10,12:58,156.55,156.71,156.54,156.71,20052
ORCL,2026-09-10,12:59,156.71,156.72,156.57,156.615,43199
ORCL,2026-09-10,13:00,156.615,156.65,156.5,156.64,42558
ORCL,2026-09-10,13:01,156.64,156.7192,156.552,156.68,27157
ORCL,2026-09-10,13:02,156.7,157,156.67,156.785,60498
ORCL,2026-09-10,13:03,156.785,156.81,156.46,156.46,59150
ORCL,2026-09-10,13:04,156.4648,156.6297,156.4648,156.61,53392
ORCL,2026-09-10,13:05,156.6175,156.77,156.6,156.64,56659
ORCL,2026-09-10,13:06,156.64,156.74,156.52,156.68,47313
ORCL,2026-09-10,13:07,156.64,156.93,156.59,156.92,88704
ORCL,2026-09-10,13:08,156.91,157.1,156.9,157.0225,105066
ORCL,2026-09-10,13:09,157.025,157.04,156.852,156.97,65178
ORCL,2026-09-10,13:10,156.9735,156.99,156.65,156.75,74104
ORCL,2026-09-10,13:11,156.75,156.84,156.66,156.825,50263
ORCL,2026-09-10,13:12,156.87,157.02,156.835,157.02,69004
ORCL,2026-09-10,13:13,156.99,156.99,156.81,156.8559,43378
ORCL,2026-09-10,13:14,156.85,156.9,156.79,156.84,82100
ORCL,2026-09-10,13:15,156.82,156.94,156.79,156.94,60253
ORCL,2026-09-10,13:16,156.95,156.97,156.8201,156.835,34258
ORCL,2026-09-10,13:17,156.81,156.88,156.745,156.745,55673
ORCL,2026-09-10,13:18,156.745,156.8494,156.745,156.78,34501
ORCL,2026-09-10,13:19,156.7838,156.7838,156.6,156.6,55600
ORCL,2026-09-10,13:20,156.61,156.69,156.57,156.59,58115
ORCL,2026-09-10,13:21,156.59,156.61,156.5,156.57,69421
ORCL,2026-09-10,13:22,156.54,156.61,156.5001,156.57,43487
ORCL,2026-09-10,13:23,156.57,156.6399,156.5401,156.605,45010
ORCL,2026-09-10,13:24,156.63,156.7899,156.56,156.695,29533
ORCL,2026-09-10,13:25,156.71,156.76,156.6,156.71,50370
ORCL,2026-09-10,13:26,156.69,156.71,156.56,156.67,48834
ORCL,2026-09-10,13:27,156.64,156.77,156.64,156.71,22646
ORCL,2026-09-10,13:28,156.73,156.82,156.65,156.805,37960
ORCL,2026-09-10,13:29,156.76,156.7869,156.6,156.72,37943
ORCL,2026-09-10,13:30,156.71,156.7404,156.62,156.655,45822
ORCL,2026-09-10,13:31,156.67,156.67,156.51,156.54,72619
ORCL,2026-09-10,13:32,156.535,156.6,156.39,156.4982,91376
ORCL,2026-09-10,13:33,156.515,156.525,156.29,156.3038,36094
ORCL,2026-09-10,13:34,156.325,156.5,156.3,156.4,35671
ORCL,2026-09-10,13:35,156.44,156.56,156.44,156.539,27959
ORCL,2026-09-10,13:36,156.52,156.63,156.42,156.455,33698
ORCL,2026-09-10,13:37,156.47,156.47,156.26,156.26,52582
ORCL,2026-09-10,13:38,156.25,156.2699,156.0499,156.13,63644
ORCL,2026-09-10,13:39,156.11,156.14,156.05,156.05,39283
ORCL,2026-09-10,13:40,156.03,156.06,155.8189,155.97,114676
ORCL,2026-09-10,13:41,155.98,156.08,155.96,156.0496,61285
ORCL,2026-09-10,13:42,156.04,156.2499,156.03,156.18,41099
ORCL,2026-09-10,13:43,156.18,156.2,156.1101,156.2,38028
ORCL,2026-09-10,13:44,156.2,156.3,156.18,156.2,28954
ORCL,2026-09-10,13:45,156.22,156.22,156.01,156.025,46865
ORCL,2026-09-10,13:46,156,156.015,155.84,155.91,61629
ORCL,2026-09-10,13:47,155.93,155.94,155.82,155.94,51785
ORCL,2026-09-10,13:48,155.88,155.93,155.82,155.8899,33493
ORCL,2026-09-10,13:49,155.87,156,155.85,155.92,46557
ORCL,2026-09-10,13:50,155.9256,156.04,155.874,156.03,35833
ORCL,2026-09-10,13:51,156.01,156.07,156,156.025,36548
ORCL,2026-09-10,13:52,156.025,156.103,156,156.0299,47605
ORCL,2026-09-10,13:53,156.015,156.02,155.84,155.86,63750
ORCL,2026-09-10,13:54,155.85,155.85,155.67,155.7,106666
ORCL,2026-09-10,13:55,155.725,155.8999,155.7,155.7328,141355
ORCL,2026-09-10,13:56,155.77,155.85,155.73,155.84,46923
ORCL,2026-09-10,13:57,155.84,155.85,155.6885,155.72,68036
ORCL,2026-09-10,13:58,155.725,155.76,155.68,155.73,49804
ORCL,2026-09-10,13:59,155.7425,155.8306,155.73,155.78,38005
ORCL,2026-09-10,14:00,155.78,155.86,155.76,155.82,30939
ORCL,2026-09-10,14:01,155.84,155.93,155.8,155.905,44365
ORCL,2026-09-10,14:02,155.89,155.92,155.68,155.705,69605
ORCL,2026-09-10,14:03,155.71,155.74,155.5121,155.6991,96363
ORCL,2026-09-10,14:04,155.67,155.875,155.67,155.805,68912
ORCL,2026-09-10,14:05,155.815,155.98,155.67,155.915,75646
ORCL,2026-09-10,14:06,155.915,155.98,155.86,155.945,68487
ORCL,2026-09-10,14:07,155.945,155.98,155.76,155.855,130131
ORCL,2026-09-10,14:08,155.86,155.8766,155.76,155.84,46610
ORCL,2026-09-10,14:09,155.85,155.85,155.6,155.7301,70118
ORCL,2026-09-10,14:10,155.705,155.7788,155.68,155.77,40452
ORCL,2026-09-10,14:11,155.759,156,155.7,155.935,92873
ORCL,2026-09-10,14:12,155.97,155.99,155.7,155.745,109366
ORCL,2026-09-10,14:13,155.745,155.8,155.69,155.73,92836
ORCL,2026-09-10,14:14,155.73,155.8,155.61,155.66,45432
ORCL,2026-09-10,14:15,155.635,155.64,155.48,155.56,88869
ORCL,2026-09-10,14:16,155.53,155.6395,155.4,155.42,63801
ORCL,2026-09-10,14:17,155.4258,155.56,155.4,155.515,47728
ORCL,2026-09-10,14:18,155.515,155.7,155.4894,155.67,47994
ORCL,2026-09-10,14:19,155.665,155.75,155.63,155.715,48912
ORCL,2026-09-10,14:20,155.71,155.7899,155.62,155.655,107439
ORCL,2026-09-10,14:21,155.655,155.68,155.57,155.655,54702
ORCL,2026-09-10,14:22,155.63,155.73,155.61,155.64,27765
ORCL,2026-09-10,14:23,155.62,155.625,155.52,155.57,43280
ORCL,2026-09-10,14:24,155.56,155.57,155.48,155.545,62593
ORCL,2026-09-10,14:25,155.55,155.59,155.44,155.475,49562
ORCL,2026-09-10,14:26,155.47,155.49,155.2,155.2001,75148
ORCL,2026-09-10,14:27,155.215,155.238,155.09,155.18,106418
ORCL,2026-09-10,14:28,155.2,155.32,155.2,155.2799,64389
ORCL,2026-09-10,14:29,155.2799,155.3,155.18,155.23,63272
ORCL,2026-09-10,14:30,155.23,155.23,154.9203,155.02,200428
ORCL,2026-09-10,14:31,155.0309,155.1,154.94,155.07,71630
ORCL,2026-09-10,14:32,155.1,155.13,155,155.125,47800
ORCL,2026-09-10,14:33,155.14,155.17,154.97,154.99,60728
ORCL,2026-09-10,14:34,155,155.2324,154.96,155.22,63233
ORCL,2026-09-10,14:35,155.2295,155.3,155.18,155.205,63993
ORCL,2026-09-10,14:36,155.205,155.205,155.08,155.105,46005
ORCL,2026-09-10,14:37,155.105,155.34,155.105,155.33,94300
ORCL,2026-09-10,14:38,155.335,155.41,155.3,155.41,45671
ORCL,2026-09-10,14:39,155.39,155.45,155.3,155.3999,79865
ORCL,2026-09-10,14:40,155.38,155.4,155.27,155.32,54878
ORCL,2026-09-10,14:41,155.3192,155.3192,155.16,155.17,41101
ORCL,2026-09-10,14:42,155.17,155.21,155.1,155.13,59399
ORCL,2026-09-10,14:43,155.13,155.25,155.08,155.19,99155
ORCL,2026-09-10,14:44,155.15,155.21,155.04,155.075,74050
ORCL,2026-09-10,14:45,155.075,155.21,154.92,155.15,71177
ORCL,2026-09-10,14:46,155.12,155.2299,155.07,155.22,57779
ORCL,2026-09-10,14:47,155.175,155.18,155.1,155.145,46724
ORCL,2026-09-10,14:48,155.14,155.17,155.01,155.0336,57411
ORCL,2026-09-10,14:49,155.03,155.28,154.96,155.1904,99038
ORCL,2026-09-10,14:50,155.2081,155.27,155.08,155.265,49076
ORCL,2026-09-10,14:51,155.28,155.5441,155.25,155.47,74870
ORCL,2026-09-10,14:52,155.4966,155.52,155.3305,155.48,62870
ORCL,2026-09-10,14:53,155.46,155.73,155.44,155.6,167036
ORCL,2026-09-10,14:54,155.58,155.62,155.31,155.36,132949
ORCL,2026-09-10,14:55,155.35,155.4538,155.33,155.37,54160
ORCL,2026-09-10,14:56,155.385,155.45,155.26,155.335,71645
ORCL,2026-09-10,14:57,155.32,155.4,155.15,155.23,80547
ORCL,2026-09-10,14:58,155.2403,155.3,155.08,155.29,95010
ORCL,2026-09-10,14:59,155.24,155.29,155.13,155.185,59447
ORCL,2026-09-10,15:00,155.185,155.29,155.12,155.15,45661
ORCL,2026-09-10,15:01,155.15,155.22,155.09,155.13,64224
ORCL,2026-09-10,15:02,155.11,155.195,155.04,155.0617,104309
ORCL,2026-09-10,15:03,155.06,155.0797,154.84,154.845,168169
ORCL,2026-09-10,15:04,154.85,154.86,154.61,154.64,109624
ORCL,2026-09-10,15:05,154.66,154.8,154.62,154.7,90087
ORCL,2026-09-10,15:06,154.685,154.7894,154.62,154.77,66965
ORCL,2026-09-10,15:07,154.78,154.82,154.64,154.6412,86925
ORCL,2026-09-10,15:08,154.68,154.68,154.51,154.5373,109516
ORCL,2026-09-10,15:09,154.525,154.84,154.525,154.82,84417
ORCL,2026-09-10,15:10,154.84,154.94,154.71,154.795,58410
ORCL,2026-09-10,15:11,154.8199,154.836,154.65,154.65,55569
ORCL,2026-09-10,15:12,154.665,154.72,154.59,154.635,79681
ORCL,2026-09-10,15:13,154.64,154.74,154.6,154.735,70902
ORCL,2026-09-10,15:14,154.7,154.81,154.685,154.72,57295
ORCL,2026-09-10,15:15,154.725,154.84,154.605,154.78,91518
ORCL,2026-09-10,15:16,154.78,154.785,154.59,154.63,96282
ORCL,2026-09-10,15:17,154.63,155.05,154.62,155.015,126034
ORCL,2026-09-10,15:18,155.015,155.19,154.9959,155.04,153966
ORCL,2026-09-10,15:19,155.04,155.16,154.81,154.85,137944
ORCL,2026-09-10,15:20,154.85,155.0218,154.7,154.7,74789
ORCL,2026-09-10,15:21,154.68,154.77,154.675,154.73,78012
ORCL,2026-09-10,15:22,154.735,154.83,154.62,154.725,85592
ORCL,2026-09-10,15:23,154.74,154.76,154.45,154.522,173747
ORCL,2026-09-10,15:24,154.52,154.67,154.49,154.65,102038
ORCL,2026-09-10,15:25,154.655,154.88,154.64,154.75,138863
ORCL,2026-09-10,15:26,154.74,154.77,154.38,154.425,111216
ORCL,2026-09-10,15:27,154.44,154.51,154.3287,154.332,89360
ORCL,2026-09-10,15:28,154.33,154.39,154.16,154.1655,122071
ORCL,2026-09-10,15:29,154.15,154.23,154.04,154.215,165421
ORCL,2026-09-10,15:30,154.215,154.4,154.15,154.295,150580
ORCL,2026-09-10,15:31,154.295,154.295,154.11,154.165,110411
ORCL,2026-09-10,15:32,154.14,154.18,153.86,153.8931,232311
ORCL,2026-09-10,15:33,153.89,154.14,153.87,154.09,204816
ORCL,2026-09-10,15:34,154.12,154.25,153.93,154.145,163660
ORCL,2026-09-10,15:35,154.145,154.145,153.984,153.984,132082
ORCL,2026-09-10,15:36,154.01,154.0399,153.86,153.86,153995
ORCL,2026-09-10,15:37,153.86,153.92,153.75,153.7738,141207
ORCL,2026-09-10,15:38,153.76,153.84,153.69,153.82,131034
ORCL,2026-09-10,15:39,153.82,154.145,153.79,154.13,162040
ORCL,2026-09-10,15:40,154.13,154.44,154.1171,154.26,348708
ORCL,2026-09-10,15:41,154.275,154.44,154.02,154.04,296199
ORCL,2026-09-10,15:42,154.06,154.25,154.04,154.195,164277
ORCL,2026-09-10,15:43,154.195,154.41,154.05,154.21,195523
ORCL,2026-09-10,15:44,154.21,154.246,153.87,154.01,265426
ORCL,2026-09-10,15:45,154.0287,154.08,153.81,153.81,189786
ORCL,2026-09-10,15:46,153.815,154.19,153.76,154.085,218370
ORCL,2026-09-10,15:47,154.09,154.3001,153.95,154.03,198762
ORCL,2026-09-10,15:48,154.03,154.16,153.91,153.94,165288
ORCL,2026-09-10,15:49,153.91,154.05,153.84,153.95,198206
ORCL,2026-09-10,15:50,153.97,154.35,153.93,153.99,335584
ORCL,2026-09-10,15:51,153.99,153.99,153.6,153.625,352725
ORCL,2026-09-10,15:52,153.625,153.79,153.5354,153.78,283152
ORCL,2026-09-10,15:53,153.765,153.946,153.68,153.815,280724
ORCL,2026-09-10,15:54,153.82,153.82,153.65,153.67,311928
ORCL,2026-09-10,15:55,153.7,154.05,153.57,153.68,402078
ORCL,2026-09-10,15:56,153.68,153.69,153.15,153.19,539385
ORCL,2026-09-10,15:57,153.17,153.35,153.08,153.32,601205
ORCL,2026-09-10,15:58,153.3,153.37,152.9575,153.07,741202
ORCL,2026-09-10,15:59,153.0825,153.1,152.52,153.05,1154717
ORCL,2026-09-11,09:30,165,165.5,165,165.145,8172756
ORCL,2026-09-11,09:31,165.145,165.9,161.2,161.7051,1019255
ORCL,2026-09-11,09:32,161.68,162.2003,155.9,156.0875,1531700
ORCL,2026-09-11,09:33,156.075,157.34,155.55,156.66,1257025
ORCL,2026-09-11,09:34,156.66,156.96,154.35,155.5732,1069636
ORCL,2026-09-11,09:35,155.7789,157.1799,155.15,156.63,931479
ORCL,2026-09-11,09:36,156.685,156.685,155.14,155.79,863239
ORCL,2026-09-11,09:37,155.835,156.85,155.15,156.31,625338
ORCL,2026-09-11,09:38,156.29,158.15,156.2,157.7,890530
ORCL,2026-09-11,09:39,157.72,158.33,156.35,156.86,854428
ORCL,2026-09-11,09:40,156.81,157.58,155.2201,155.305,612088
ORCL,2026-09-11,09:41,155.23,157.24,155.23,156.6,372030
ORCL,2026-09-11,09:42,156.5461,157.4499,156.11,156.245,374244
ORCL,2026-09-11,09:43,156.14,156.65,155.59,156.395,386430
ORCL,2026-09-11,09:44,156.48,157.16,155.8501,157.01,470372
ORCL,2026-09-11,09:45,157.01,157.9,156.76,157.16,472192
ORCL,2026-09-11,09:46,157.2,158,156.6101,157.25,475081
ORCL,2026-09-11,09:47,157.25,157.905,157.15,157.905,281836
ORCL,2026-09-11,09:48,157.905,158.14,156.55,156.995,447517
ORCL,2026-09-11,09:49,157.0999,157.2,155.74,156.14,401491
ORCL,2026-09-11,09:50,156.1346,157.08,155.75,156.73,325789
ORCL,2026-09-11,09:51,156.73,156.9,155.4,155.46,341173
ORCL,2026-09-11,09:52,155.52,155.9494,155.13,155.76,416218
ORCL,2026-09-11,09:53,155.785,156,155.4,155.575,266798
ORCL,2026-09-11,09:54,155.5568,156.68,155.2,156.01,283594
ORCL,2026-09-11,09:55,156,156.09,155.05,155.72,325441
ORCL,2026-09-11,09:56,155.73,156.86,155.685,156.44,315511
ORCL,2026-09-11,09:57,156.485,156.67,155.934,156.405,177851
ORCL,2026-09-11,09:58,156.395,156.516,154.74,155.06,545890
ORCL,2026-09-11,09:59,155.06,156.5,154.62,156.335,369951
ORCL,2026-09-11,10:00,156.4,156.44,155.76,155.88,178231
ORCL,2026-09-11,10:01,155.89,156.45,155.78,156.193,189925
ORCL,2026-09-11,10:02,156.14,156.4,155.8,156.37,246711
ORCL,2026-09-11,10:03,156.365,156.75,155.61,155.75,242918
ORCL,2026-09-11,10:04,155.67,156.2,155.36,155.7586,203881
ORCL,2026-09-11,10:05,155.71,155.75,155,155.09,306899
ORCL,2026-09-11,10:06,155.13,155.5,154.94,155.135,264964
ORCL,2026-09-11,10:07,155.13,155.61,154.985,155.51,255731
ORCL,2026-09-11,10:08,155.51,156.3722,155.44,156.21,267721
ORCL,2026-09-11,10:09,156.2321,156.24,155.71,155.9974,135526
ORCL,2026-09-11,10:10,156.06,157.05,155.9109,156.185,336671
ORCL,2026-09-11,10:11,156.185,156.385,155.8182,156.2,173028
ORCL,2026-09-11,10:12,156.2,156.75,155.8,156.685,223328
ORCL,2026-09-11,10:13,156.685,157.25,156.41,157.065,312059
ORCL,2026-09-11,10:14,157.065,157.12,155.8,156.23,244037
ORCL,2026-09-11,10:15,156.14,156.3933,154.6,155.33,598718
ORCL,2026-09-11,10:16,155.285,155.3918,154.05,154.14,459328
ORCL,2026-09-11,10:17,154.085,154.12,153.4,153.55,512605
ORCL,2026-09-11,10:18,153.633,154.48,153.48,153.83,319781
ORCL,2026-09-11,10:19,153.8,153.99,153.07,153.685,469836
ORCL,2026-09-11,10:20,153.685,153.7185,152.85,153.145,554377
ORCL,2026-09-11,10:21,153.024,153.1875,151.15,151.216,805885
ORCL,2026-09-11,10:22,151.21,151.27,150.551,150.875,731066
ORCL,2026-09-11,10:23,150.89,151.3,150.66,151.3,571301
ORCL,2026-09-11,10:24,151.275,152.4,151.25,152.255,407535
ORCL,2026-09-11,10:25,152.19,152.63,152.09,152.5,378600
ORCL,2026-09-11,10:26,152.4511,152.9,152.27,152.61,354221
ORCL,2026-09-11,10:27,152.61,153.58,152.5513,152.7618,483644
ORCL,2026-09-11,10:28,152.68,154.07,152.68,153.87,418137
ORCL,2026-09-11,10:29,153.86,154.37,153.6,153.8589,356302
ORCL,2026-09-11,10:30,153.84,154.33,153.81,154.18,352615
ORCL,2026-09-11,10:31,154.18,154.4,153.9,154.04,332237
ORCL,2026-09-11,10:32,154.0401,154.095,153.37,153.435,299616
ORCL,2026-09-11,10:33,153.4542,154.0799,153.0101,153.91,211760
ORCL,2026-09-11,10:34,153.99,153.99,153.5,153.685,106191
ORCL,2026-09-11,10:35,153.6265,153.85,153.39,153.715,134113
ORCL,2026-09-11,10:36,153.75,153.86,153.49,153.61,102370
ORCL,2026-09-11,10:37,153.67,153.84,153.36,153.49,91675
ORCL,2026-09-11,10:38,153.47,153.7499,153.24,153.375,81283
ORCL,2026-09-11,10:39,153.37,153.64,153.2,153.6,100313
ORCL,2026-09-11,10:40,153.625,154.24,153.5001,153.9,220678
ORCL,2026-09-11,10:41,153.92,154.2,153.52,153.62,170845
ORCL,2026-09-11,10:42,153.699,154,153.69,153.92,94863
ORCL,2026-09-11,10:43,153.9986,154.14,151.8501,152,468222
ORCL,2026-09-11,10:44,152.005,153.89,151.94,153.8523,306077
ORCL,2026-09-11,10:45,153.81,154,153.1231,153.4999,272953
ORCL,2026-09-11,10:46,153.48,154.17,153.3028,154.02,202025
ORCL,2026-09-11,10:47,154.02,154.02,153.3,153.3425,113030
ORCL,2026-09-11,10:48,153.365,153.65,153.11,153.567,105333
ORCL,2026-09-11,10:49,153.5799,153.7679,153.34,153.7679,96776
ORCL,2026-09-11,10:50,153.72,154.33,153.71,153.88,264144
ORCL,2026-09-11,10:51,153.815,154.04,153.67,153.965,111386
ORCL,2026-09-11,10:52,153.965,154.19,153.8,153.915,108514
ORCL,2026-09-11,10:53,153.88,153.99,153.45,153.67,129899
ORCL,2026-09-11,10:54,153.61,154.03,153.55,153.77,101871
ORCL,2026-09-11,10:55,153.71,153.81,153.5101,153.585,70058
ORCL,2026-09-11,10:56,153.62,153.8011,153.2,153.47,130103
ORCL,2026-09-11,10:57,153.54,153.54,153.32,153.45,119038
ORCL,2026-09-11,10:58,153.41,153.44,153.04,153.155,133455
ORCL,2026-09-11,10:59,153.155,153.42,152.51,153.195,365338
ORCL,2026-09-11,11:00,153.09,153.3,152.72,153.225,152620
ORCL,2026-09-11,11:01,153.16,153.2402,152.89,153.11,73343
ORCL,2026-09-11,11:02,153.11,153.25,152.71,152.94,136595
ORCL,2026-09-11,11:03,152.9332,153.04,152.77,152.885,78537
ORCL,2026-09-11,11:04,152.91,152.91,152.33,152.635,241753
ORCL,2026-09-11,11:05,152.635,153.2799,152.63,153.05,257915
ORCL,2026-09-11,11:06,153.03,153.35,152.95,153.1,125468
ORCL,2026-09-11,11:07,153.1,153.265,152.88,153.01,138151
ORCL,2026-09-11,11:08,153.0699,153.12,152.7531,152.9499,253364
ORCL,2026-09-11,11:09,152.9108,152.9108,152.6,152.78,143802
ORCL,2026-09-11,11:10,152.79,152.91,152.53,152.8599,106216
ORCL,2026-09-11,11:11,152.78,153.0646,152.76,152.885,111676
ORCL,2026-09-11,11:12,152.8741,153.4,152.84,153.015,110951
ORCL,2026-09-11,11:13,153.015,153.91,152.99,153.665,140716
ORCL,2026-09-11,11:14,153.6651,154.2,153.495,154.02,224993
ORCL,2026-09-11,11:15,154.06,154.39,153.792,154.12,226143
ORCL,2026-09-11,11:16,154.225,154.3885,153.55,153.89,153482
ORCL,2026-09-11,11:17,153.9496,154.2,153.53,153.91,132929
ORCL,2026-09-11,11:18,153.91,154.4,153.6,154.1301,162337
ORCL,2026-09-11,11:19,154.14,154.37,153.6,153.665,111734
ORCL,2026-09-11,11:20,153.63,153.8799,153.4601,153.575,150644
ORCL,2026-09-11,11:21,153.575,153.6599,153.1,153.615,137607
ORCL,2026-09-11,11:22,153.648,153.98,153.4,153.4,139161
ORCL,2026-09-11,11:23,153.45,153.5799,153.11,153.49,111356
ORCL,2026-09-11,11:24,153.44,153.89,153.33,153.845,91694
ORCL,2026-09-11,11:25,153.89,153.89,153.4684,153.485,97478
ORCL,2026-09-11,11:26,153.485,153.9992,153.4501,153.92,85496
ORCL,2026-09-11,11:27,153.92,154.14,153.86,154.085,122366
ORCL,2026-09-11,11:28,154.1004,154.12,153.89,154.005,106407
ORCL,2026-09-11,11:29,154.0101,154.04,153.4757,153.84,112337
ORCL,2026-09-11,11:30,153.74,153.81,153.11,153.495,171435
ORCL,2026-09-11,11:31,153.4866,153.5697,153.2501,153.44,74929
ORCL,2026-09-11,11:32,153.48,154.0299,153.37,153.81,88092
ORCL,2026-09-11,11:33,153.82,154.0999,153.7501,154.02,106721
ORCL,2026-09-11,11:34,154.02,154.179,153.84,153.945,107825
ORCL,2026-09-11,11:35,153.945,154,153.35,153.425,82573
ORCL,2026-09-11,11:36,153.43,153.68,153.05,153.1479,133101
ORCL,2026-09-11,11:37,153.165,153.39,153.15,153.24,99174
ORCL,2026-09-11,11:38,153.24,153.48,153.24,153.4349,47523
ORCL,2026-09-11,11:39,153.44,153.79,153.33,153.645,75211
ORCL,2026-09-11,11:40,153.645,153.7499,153.5,153.6,43972
ORCL,2026-09-11,11:41,153.63,153.96,153.612,153.889,95566
ORCL,2026-09-11,11:42,153.8,153.84,153.14,153.235,98441
ORCL,2026-09-11,11:43,153.2553,153.4,153,153.38,168013
ORCL,2026-09-11,11:44,153.3658,153.67,153.3658,153.635,71880
ORCL,2026-09-11,11:45,153.69,153.94,153.49,153.8371,132171
ORCL,2026-09-11,11:46,153.8872,153.8872,153.46,153.5928,69872
ORCL,2026-09-11,11:47,153.59,153.64,153.39,153.49,68220
ORCL,2026-09-11,11:48,153.49,153.85,153.4541,153.8251,63199
ORCL,2026-09-11,11:49,153.84,154.15,153.7101,153.94,177869
ORCL,2026-09-11,11:50,153.88,154.05,153.575,154.05,73216
ORCL,2026-09-11,11:51,154.08,154.19,153.8104,153.875,165725
ORCL,2026-09-11,11:52,153.85,153.93,153.65,153.7264,68271
ORCL,2026-09-11,11:53,153.7,153.73,153.06,153.1,224754
ORCL,2026-09-11,11:54,153.1221,153.2445,153,153.1315,117693
ORCL,2026-09-11,11:55,153.13,153.14,152.75,152.94,191548
ORCL,2026-09-11,11:56,152.97,153.02,152.75,152.955,124037
ORCL,2026-09-11,11:57,153.02,153.54,152.9,153.325,143412
ORCL,2026-09-11,11:58,153.23,153.42,153.13,153.275,75981
ORCL,2026-09-11,11:59,153.21,153.39,152.99,153.23,105076
ORCL,2026-09-11,12:00,153.1,153.23,152.81,153.03,114655
ORCL,2026-09-11,12:01,153.125,153.125,152.97,153.065,83275
ORCL,2026-09-11,12:02,153.0799,153.2414,152.9,153,80409
ORCL,2026-09-11,12:03,152.985,153.09,152.6501,152.7543,157281
ORCL,2026-09-11,12:04,152.8199,152.94,152.6301,152.83,109597
ORCL,2026-09-11,12:05,152.83,152.9,152.7,152.82,91926
ORCL,2026-09-11,12:06,152.8,153.1,152.8,152.895,92847
ORCL,2026-09-11,12:07,152.895,153.4318,152.56,152.61,200894
ORCL,2026-09-11,12:08,152.6582,152.74,152.15,152.56,290932
ORCL,2026-09-11,12:09,152.5,152.74,152.365,152.545,106535
ORCL,2026-09-11,12:10,152.54,152.6499,152.1323,152.275,139626
ORCL,2026-09-11,12:11,152.275,152.53,151.83,152.005,248352
ORCL,2026-09-11,12:12,152.03,152.151,151.9,151.97,102595
ORCL,2026-09-11,12:13,151.95,152.27,151.9,152.1,116978
ORCL,2026-09-11,12:14,152.1,152.37,152.01,152.35,81904
ORCL,2026-09-11,12:15,152.35,152.38,152.0701,152.125,109799
ORCL,2026-09-11,12:16,152.125,152.24,152.0316,152.15,96444
ORCL,2026-09-11,12:17,152.135,152.35,152.1,152.2753,70209
ORCL,2026-09-11,12:18,152.29,152.32,152.05,152.0872,87028
ORCL,2026-09-11,12:19,152.05,152.17,152.01,152.07,53686
ORCL,2026-09-11,12:20,152.1699,152.19,151.65,151.675,207845
ORCL,2026-09-11,12:21,151.65,151.74,151.55,151.6353,138050
ORCL,2026-09-11,12:22,151.615,151.7299,151.55,151.595,97803
ORCL,2026-09-11,12:23,151.6,151.64,151.31,151.3354,152708
ORCL,2026-09-11,12:24,151.3,151.43,151.16,151.3,184286
ORCL,2026-09-11,12:25,151.365,152.08,151.33,151.885,199656
ORCL,2026-09-11,12:26,151.88,151.99,151.66,151.77,104071
ORCL,2026-09-11,12:27,151.7713,151.9,151.53,151.73,92012
ORCL,2026-09-11,12:28,151.73,151.8699,151.6,151.76,52425
ORCL,2026-09-11,12:29,151.755,151.81,151.4001,151.595,160465
ORCL,2026-09-11,12:30,151.595,151.7657,151.59,151.7657,86769
ORCL,2026-09-11,12:31,151.7899,151.7899,151.5,151.51,78586
ORCL,2026-09-11,12:32,151.53,151.77,151.39,151.7125,80679
ORCL,2026-09-11,12:33,151.715,151.93,151.69,151.902,56602
ORCL,2026-09-11,12:34,151.93,152.3,151.8601,152.25,113078
ORCL,2026-09-11,12:35,152.2005,152.32,152.04,152.075,84083
ORCL,2026-09-11,12:36,152.05,152.09,151.67,151.71,121148
ORCL,2026-09-11,12:37,151.735,151.87,151.4,151.4549,102014
ORCL,2026-09-11,12:38,151.435,151.53,151.27,151.32,90719
ORCL,2026-09-11,12:39,151.33,151.33,151,151.1001,166854
ORCL,2026-09-11,12:40,151.165,151.27,151.03,151.2395,107366
ORCL,2026-09-11,12:41,151.2222,151.45,151.17,151.235,91627
ORCL,2026-09-11,12:42,151.235,151.33,150.71,150.7222,250410
ORCL,2026-09-11,12:43,150.71,150.73,150.41,150.62,268866
ORCL,2026-09-11,12:44,150.62,150.955,150.54,150.9401,190250
ORCL,2026-09-11,12:45,150.97,151.08,150.6337,150.84,156282
ORCL,2026-09-11,12:46,150.87,150.95,150.72,150.815,126600
ORCL,2026-09-11,12:47,150.855,150.96,150.8,150.9224,92629
ORCL,2026-09-11,12:48,150.905,151.25,150.8801,151.21,150415
ORCL,2026-09-11,12:49,151.18,151.35,151.12,151.235,137347
ORCL,2026-09-11,12:50,151.2699,151.49,151.0601,151.4,151828
ORCL,2026-09-11,12:51,151.36,151.4748,151.25,151.33,150190
ORCL,2026-09-11,12:52,151.345,151.7297,151.21,151.6951,180375
ORCL,2026-09-11,12:53,151.695,151.8,151.5,151.63,134839
ORCL,2026-09-11,12:54,151.625,151.75,151.5301,151.7,93260
ORCL,2026-09-11,12:55,151.69,151.73,151.55,151.57,72900
ORCL,2026-09-11,12:56,151.57,151.66,151.39,151.39,121384
ORCL,2026-09-11,12:57,151.36,151.58,151.3,151.47,88999
ORCL,2026-09-11,12:58,151.455,151.5,151.32,151.459,76238
ORCL,2026-09-11,12:59,151.394,151.45,151.3001,151.4,72963
ORCL,2026-09-11,13:00,151.41,151.68,151.4,151.525,81207
ORCL,2026-09-11,13:01,151.525,151.69,151.525,151.65,46383
ORCL,2026-09-11,13:02,151.66,151.95,151.64,151.9199,121597
ORCL,2026-09-11,13:03,151.9,151.99,151.83,151.92,88315
ORCL,2026-09-11,13:04,151.9135,152.25,151.9066,152.225,158154
ORCL,2026-09-11,13:05,152.225,152.55,152.16,152.45,171925
ORCL,2026-09-11,13:06,152.4008,152.52,152.3,152.34,174580
ORCL,2026-09-11,13:07,152.34,152.8,152.3001,152.5832,200521
ORCL,2026-09-11,13:08,152.55,152.92,152.51,152.78,146947
ORCL,2026-09-11,13:09,152.755,153.07,152.72,152.9694,188052
ORCL,2026-09-11,13:10,152.94,152.99,152.75,152.855,104165
ORCL,2026-09-11,13:11,152.86,152.8899,152.43,152.47,163578
ORCL,2026-09-11,13:12,152.47,152.56,152.22,152.4,117162
ORCL,2026-09-11,13:13,152.31,152.46,152.18,152.3903,123393
ORCL,2026-09-11,13:14,152.365,152.39,152.25,152.275,40216
ORCL,2026-09-11,13:15,152.275,152.33,152.16,152.275,62742
ORCL,2026-09-11,13:16,152.275,152.37,152.24,152.29,54302
ORCL,2026-09-11,13:17,152.3,152.37,152.08,152.255,144353
ORCL,2026-09-11,13:18,152.26,152.32,152.17,152.2593,41183
ORCL,2026-09-11,13:19,152.24,152.3533,152.12,152.215,41370
ORCL,2026-09-11,13:20,152.215,152.33,152.1593,152.205,95033
ORCL,2026-09-11,13:21,152.23,152.3,152.1,152.2157,79595
ORCL,2026-09-11,13:22,152.165,152.35,152.165,152.314,34255
ORCL,2026-09-11,13:23,152.305,152.43,152.21,152.2101,73324
ORCL,2026-09-11,13:24,152.27,152.41,152.2422,152.4,34115
ORCL,2026-09-11,13:25,152.4,152.4896,152.33,152.46,51438
ORCL,2026-09-11,13:26,152.455,152.48,152.36,152.45,48128
ORCL,2026-09-11,13:27,152.4641,152.61,152.4201,152.57,75094
ORCL,2026-09-11,13:28,152.5701,152.75,152.5301,152.65,67781
ORCL,2026-09-11,13:29,152.7,152.79,152.59,152.765,87843
ORCL,2026-09-11,13:30,152.77,153.0331,152.6,152.82,115003
ORCL,2026-09-11,13:31,152.82,152.9499,152.55,152.71,110974
ORCL,2026-09-11,13:32,152.646,152.81,152.38,152.47,95874
ORCL,2026-09-11,13:33,152.465,152.99,152.465,152.9299,119711
ORCL,2026-09-11,13:34,152.8941,152.99,152.6,152.65,87348
ORCL,2026-09-11,13:35,152.7,152.75,152.6,152.69,46201
ORCL,2026-09-11,13:36,152.675,152.92,152.5901,152.87,70980
ORCL,2026-09-11,13:37,152.87,153.1,152.83,153.065,117685
ORCL,2026-09-11,13:38,153.09,153.15,152.8,152.845,111535
ORCL,2026-09-11,13:39,152.845,152.9967,152.61,152.75,78975
ORCL,2026-09-11,13:40,152.725,152.92,152.725,152.865,45202
ORCL,2026-09-11,13:41,152.865,152.87,152.68,152.69,45461
ORCL,2026-09-11,13:42,152.67,152.6805,152.4101,152.4788,107365
ORCL,2026-09-11,13:43,152.6,152.64,152.512,152.64,25545
ORCL,2026-09-11,13:44,152.63,152.68,152.45,152.48,54781
ORCL,2026-09-11,13:45,152.48,152.59,152.43,152.5099,31435
ORCL,2026-09-11,13:46,152.48,152.54,152.37,152.42,46776
ORCL,2026-09-11,13:47,152.45,152.48,152.32,152.375,31281
ORCL,2026-09-11,13:48,152.37,152.4,152.17,152.24,96311
ORCL,2026-09-11,13:49,152.2,152.379,152.2,152.35,32466
ORCL,2026-09-11,13:50,152.35,152.53,152.35,152.515,66052
ORCL,2026-09-11,13:51,152.5,152.5,152.37,152.445,46401
ORCL,2026-09-11,13:52,152.5,152.54,152.31,152.31,62273
ORCL,2026-09-11,13:53,152.2901,152.41,152.2716,152.345,18011
ORCL,2026-09-11,13:54,152.34,152.36,152.26,152.3,35189
ORCL,2026-09-11,13:55,152.31,152.33,152.16,152.28,63343
ORCL,2026-09-11,13:56,152.245,152.33,152.18,152.2763,45407
ORCL,2026-09-11,13:57,152.245,152.3,152.21,152.29,20698
ORCL,2026-09-11,13:58,152.29,152.3,152.1,152.1718,40429
ORCL,2026-09-11,13:59,152.18,152.2,152.04,152.15,52849
ORCL,2026-09-11,14:00,152.125,152.2799,152.125,152.24,39225
ORCL,2026-09-11,14:01,152.2599,152.37,152.15,152.3,29658
ORCL,2026-09-11,14:02,152.3,152.3,152.15,152.26,30975
ORCL,2026-09-11,14:03,152.2899,152.2899,152.1301,152.2301,36569
ORCL,2026-09-11,14:04,152.2708,152.31,152.14,152.265,49601
ORCL,2026-09-11,14:05,152.29,152.41,152.19,152.395,64196
ORCL,2026-09-11,14:06,152.38,152.55,152.3,152.54,89042
ORCL,2026-09-11,14:07,152.52,152.55,152.32,152.3699,51895
ORCL,2026-09-11,14:08,152.3483,152.3699,151.9301,151.965,163725
ORCL,2026-09-11,14:09,151.9529,152.19,151.86,151.9975,93619
ORCL,2026-09-11,14:10,151.97,152.13,151.9178,152.1099,38613
ORCL,2026-09-11,14:11,152.05,152.2799,152,152.24,28478
ORCL,2026-09-11,14:12,152.25,152.39,152.23,152.31,32756
ORCL,2026-09-11,14:13,152.32,152.44,152.26,152.34,55809
ORCL,2026-09-11,14:14,152.3558,152.3558,152.18,152.22,40211
ORCL,2026-09-11,14:15,152.24,152.275,152.11,152.175,35560
ORCL,2026-09-11,14:16,152.175,152.28,152.02,152.28,72209
ORCL,2026-09-11,14:17,152.2999,152.35,152.13,152.19,38890
ORCL,2026-09-11,14:18,152.25,152.28,152.1301,152.2199,48569
ORCL,2026-09-11,14:19,152.22,152.38,152.17,152.31,62796
ORCL,2026-09-11,14:20,152.3,152.45,152.16,152.2,107466
ORCL,2026-09-11,14:21,152.17,152.235,152.03,152.13,82535
ORCL,2026-09-11,14:22,152.12,152.18,152.0303,152.13,49269
ORCL,2026-09-11,14:23,152.12,152.2252,152.08,152.2212,30873
ORCL,2026-09-11,14:24,152.2,152.21,151.9324,152.1,71117
ORCL,2026-09-11,14:25,152.07,152.21,152.03,152.065,33799
ORCL,2026-09-11,14:26,152.065,152.2,152.065,152.129,28272
ORCL,2026-09-11,14:27,152.115,152.1599,151.865,151.955,77855
ORCL,2026-09-11,14:28,151.9201,151.96,151.88,151.925,38755
ORCL,2026-09-11,14:29,151.925,152.05,151.91,151.9699,47849
ORCL,2026-09-11,14:30,151.9,152.04,151.85,151.86,86216
ORCL,2026-09-11,14:31,151.905,151.95,151.6,151.68,120883
ORCL,2026-09-11,14:32,151.7,151.78,151.6301,151.705,48639
ORCL,2026-09-11,14:33,151.68,151.68,151.36,151.5,154453
ORCL,2026-09-11,14:34,151.53,151.69,151.42,151.66,83796
ORCL,2026-09-11,14:35,151.58,151.65,151.4127,151.575,68787
ORCL,2026-09-11,14:36,151.55,151.6699,151.4501,151.505,35680
ORCL,2026-09-11,14:37,151.54,151.56,151.28,151.315,69926
ORCL,2026-09-11,14:38,151.315,151.35,151.17,151.22,90259
ORCL,2026-09-11,14:39,151.25,151.34,151.17,151.3,73729
ORCL,2026-09-11,14:40,151.295,151.4,151.111,151.3,104645
ORCL,2026-09-11,14:41,151.305,151.3493,151.22,151.315,39527
ORCL,2026-09-11,14:42,151.32,151.33,151.23,151.2665,50391
ORCL,2026-09-11,14:43,151.255,151.27,151.03,151.13,91227
ORCL,2026-09-11,14:44,151.15,151.2658,151.1,151.2268,83965
ORCL,2026-09-11,14:45,151.22,151.2499,151.01,151.045,95029
ORCL,2026-09-11,14:46,151.07,151.18,151.045,151.085,54821
ORCL,2026-09-11,14:47,151.0601,151.16,150.9,151.0769,182846
ORCL,2026-09-11,14:48,151.12,151.3399,151.0338,151.29,96960
ORCL,2026-09-11,14:49,151.29,151.41,151.15,151.18,66561
ORCL,2026-09-11,14:50,151.23,151.418,151.1339,151.33,76017
ORCL,2026-09-11,14:51,151.3474,151.3474,151.21,151.23,52799
ORCL,2026-09-11,14:52,151.2495,151.31,151.2,151.28,36584
ORCL,2026-09-11,14:53,151.27,151.3,151.17,151.19,54895
ORCL,2026-09-11,14:54,151.1985,151.24,151.06,151.1285,94771
ORCL,2026-09-11,14:55,151.17,151.415,151.17,151.38,89015
ORCL,2026-09-11,14:56,151.3621,151.8949,151.3621,151.655,214327
ORCL,2026-09-11,14:57,151.66,151.79,151.42,151.51,68360
ORCL,2026-09-11,14:58,151.49,151.6,151.4,151.41,55172
ORCL,2026-09-11,14:59,151.41,151.7,151.3001,151.7,65866
ORCL,2026-09-11,15:00,151.685,151.8,151.37,151.5797,87416
ORCL,2026-09-11,15:01,151.54,151.565,151.41,151.53,56479
ORCL,2026-09-11,15:02,151.53,151.71,151.4582,151.68,47540
ORCL,2026-09-11,15:03,151.7158,151.92,151.5393,151.575,102000
ORCL,2026-09-11,15:04,151.62,151.62,151.48,151.555,37375
ORCL,2026-09-11,15:05,151.54,151.59,151.3,151.46,84833
ORCL,2026-09-11,15:06,151.468,151.52,151.34,151.3799,47157
ORCL,2026-09-11,15:07,151.31,151.35,151.23,151.29,43183
ORCL,2026-09-11,15:08,151.26,151.32,151.15,151.17,86090
ORCL,2026-09-11,15:09,151.2,151.2711,151.11,151.185,57134
ORCL,2026-09-11,15:10,151.21,151.33,151.1807,151.255,109546
ORCL,2026-09-11,15:11,151.2388,151.26,151.16,151.215,54417
ORCL,2026-09-11,15:12,151.2,151.33,151.195,151.29,71713
ORCL,2026-09-11,15:13,151.295,151.3,151.21,151.24,31773
ORCL,2026-09-11,15:14,151.23,151.47,151.225,151.335,78899
ORCL,2026-09-11,15:15,151.335,151.36,151.21,151.22,48258
ORCL,2026-09-11,15:16,151.23,151.335,151.23,151.27,56774
ORCL,2026-09-11,15:17,151.275,151.61,151.275,151.56,123430
ORCL,2026-09-11,15:18,151.53,151.545,151.42,151.4875,49345
ORCL,2026-09-11,15:19,151.495,151.53,151.4,151.51,60217
ORCL,2026-09-11,15:20,151.48,151.64,151.48,151.58,68260
ORCL,2026-09-11,15:21,151.58,151.72,151.56,151.65,68469
ORCL,2026-09-11,15:22,151.66,151.78,151.6201,151.7214,84836
ORCL,2026-09-11,15:23,151.722,151.91,151.6984,151.88,104470
ORCL,2026-09-11,15:24,151.88,152.59,151.8742,152.565,322627
ORCL,2026-09-11,15:25,152.58,152.7799,152.31,152.365,254412
ORCL,2026-09-11,15:26,152.365,152.411,152.21,152.305,101162
ORCL,2026-09-11,15:27,152.3,152.31,151.71,151.815,159221
ORCL,2026-09-11,15:28,151.7988,151.8393,151.4,151.52,149976
ORCL,2026-09-11,15:29,151.5202,151.57,151.37,151.435,100696
ORCL,2026-09-11,15:30,151.4,151.5524,151.37,151.45,97670
ORCL,2026-09-11,15:31,151.46,151.84,151.46,151.76,114904
ORCL,2026-09-11,15:32,151.72,151.775,151.51,151.58,89840
ORCL,2026-09-11,15:33,151.595,151.62,151.1297,151.1297,144010
ORCL,2026-09-11,15:34,151.12,151.19,151,151.15,212494
ORCL,2026-09-11,15:35,151.1685,151.2,151.05,151.16,108321
ORCL,2026-09-11,15:36,151.2,151.3864,151.06,151.14,84015
ORCL,2026-09-11,15:37,151.14,151.1895,150.96,150.9699,160283
ORCL,2026-09-11,15:38,150.96,151.1098,150.82,150.925,161969
ORCL,2026-09-11,15:39,150.925,151,150.76,150.91,151025
ORCL,2026-09-11,15:40,150.9,150.98,150.82,150.875,117259
ORCL,2026-09-11,15:41,150.875,150.93,150.73,150.755,122203
ORCL,2026-09-11,15:42,150.75,150.9,150.72,150.75,116616
ORCL,2026-09-11,15:43,150.78,150.82,150.36,150.39,256857
ORCL,2026-09-11,15:44,150.41,150.61,150.325,150.55,169051
ORCL,2026-09-11,15:45,150.55,150.83,150.5,150.71,159242
ORCL,2026-09-11,15:46,150.715,150.7294,150.5511,150.68,107545
ORCL,2026-09-11,15:47,150.68,150.74,150.32,150.455,193782
ORCL,2026-09-11,15:48,150.455,150.5699,150.36,150.53,180615
ORCL,2026-09-11,15:49,150.5,150.5,150.3,150.375,168083
ORCL,2026-09-11,15:50,150.35,150.58,150.28,150.42,234177
ORCL,2026-09-11,15:51,150.39,150.425,150.2609,150.38,184359
ORCL,2026-09-11,15:52,150.39,150.42,150.3,150.33,167345
ORCL,2026-09-11,15:53,150.33,150.4,150.16,150.21,270590
ORCL,2026-09-11,15:54,150.23,150.45,150.09,150.27,257948
ORCL,2026-09-11,15:55,150.26,150.31,150.015,150.095,362505
ORCL,2026-09-11,15:56,150.095,150.145,149.84,149.95,553873
ORCL,2026-09-11,15:57,149.96,150.22,149.92,149.99,419434
ORCL,2026-09-11,15:58,149.9725,150.23,149.89,150.03,527964
ORCL,2026-09-11,15:59,150.02,150.5,150.02,150.255,926428
ORCL,2026-09-11,16:00,150.28,150.28,150.28,150.28,0
ORCL,2026-09-14,09:30,141.42,143.58,141.16,143.0929,4191602
ORCL,2026-09-14,09:31,143.11,144.25,142.03,143.04,341188
ORCL,2026-09-14,09:32,143.0825,143.95,142.42,143.665,322231
ORCL,2026-09-14,09:33,143.665,144.238,142.49,142.77,406291
ORCL,2026-09-14,09:34,142.75,144.13,142.6,142.99,344887
ORCL,2026-09-14,09:35,142.96,143.485,142.69,142.855,266442
ORCL,2026-09-14,09:36,142.855,142.94,142.07,142.245,314687
ORCL,2026-09-14,09:37,142.26,142.5782,141.01,141.09,351285
ORCL,2026-09-14,09:38,141.06,142.0802,141.06,141.655,248032
ORCL,2026-09-14,09:39,141.74,142.49,141.52,142.27,225072
ORCL,2026-09-14,09:40,142.34,142.5,141.945,142.105,202116
ORCL,2026-09-14,09:41,142.05,142.38,141.74,142.215,166730
ORCL,2026-09-14,09:42,142.2517,142.3145,141.89,142.18,134870
ORCL,2026-09-14,09:43,142.22,142.69,142.165,142.61,221579
ORCL,2026-09-14,09:44,142.61,142.75,142.38,142.71,119377
ORCL,2026-09-14,09:45,142.69,142.8,142.44,142.535,141719
ORCL,2026-09-14,09:46,142.52,142.79,142.22,142.705,102387
ORCL,2026-09-14,09:47,142.7,143.95,142.66,143.88,295291
ORCL,2026-09-14,09:48,143.87,144.38,143.69,144.33,336345
ORCL,2026-09-14,09:49,144.31,144.85,144.2895,144.77,307822
ORCL,2026-09-14,09:50,144.74,145.33,144.7,144.805,295621
ORCL,2026-09-14,09:51,144.86,144.95,144.45,144.55,214724
ORCL,2026-09-14,09:52,144.6,144.99,144.55,144.74,143457
ORCL,2026-09-14,09:53,144.79,144.95,144.4453,144.745,138539
ORCL,2026-09-14,09:54,144.71,144.85,144.1,144.1,174797
ORCL,2026-09-14,09:55,144.0929,144.5667,143.88,144.31,157773
ORCL,2026-09-14,09:56,144.335,144.51,144.09,144.0975,171069
ORCL,2026-09-14,09:57,144.25,144.4,143.87,144.2301,164786
ORCL,2026-09-14,09:58,144.28,144.6,144.2,144.482,109866
ORCL,2026-09-14,09:59,144.43,144.803,144.42,144.6,117300
ORCL,2026-09-14,10:00,144.6492,144.7499,144.2,144.3137,100422
ORCL,2026-09-14,10:01,144.3635,144.8,144.24,144.68,91081
ORCL,2026-09-14,10:02,144.7299,144.73,144.165,144.28,65311
ORCL,2026-09-14,10:03,144.3467,144.44,143.98,144.045,82831
ORCL,2026-09-14,10:04,144.05,144.55,144,144.4587,81969
ORCL,2026-09-14,10:05,144.385,144.8286,144.24,144.275,96515
ORCL,2026-09-14,10:06,144.275,144.54,144.23,144.485,103800
ORCL,2026-09-14,10:07,144.49,144.66,144.4,144.54,78156
ORCL,2026-09-14,10:08,144.5389,144.62,144.21,144.51,76993
ORCL,2026-09-14,10:09,144.495,144.71,144.425,144.575,68279
ORCL,2026-09-14,10:10,144.575,144.6999,144.11,144.12,83781
ORCL,2026-09-14,10:11,144.18,144.3799,143.95,144.01,131687
ORCL,2026-09-14,10:12,143.95,144.08,143.57,143.68,155836
ORCL,2026-09-14,10:13,143.6438,143.7,142.9,143.21,256372
ORCL,2026-09-14,10:14,143.19,143.59,143.0813,143.17,126010
ORCL,2026-09-14,10:15,143.27,143.42,143.08,143.215,115141
ORCL,2026-09-14,10:16,143.215,143.3,142.97,143.115,127311
ORCL,2026-09-14,10:17,143.115,143.2952,143.01,143.15,95651
ORCL,2026-09-14,10:18,143.1799,143.31,143,143.23,121103
ORCL,2026-09-14,10:19,143.1172,143.5,143.0189,143.11,89955
ORCL,2026-09-14,10:20,143.1568,143.24,142.96,143.12,65628
ORCL,2026-09-14,10:21,143.125,143.2999,143.06,143.17,72490
ORCL,2026-09-14,10:22,143.13,143.24,142.82,142.825,130737
ORCL,2026-09-14,10:23,142.83,142.86,142.5,142.6772,153595
ORCL,2026-09-14,10:24,142.6852,142.72,142.37,142.67,93084
ORCL,2026-09-14,10:25,142.681,142.9,142.39,142.41,88807
ORCL,2026-09-14,10:26,142.41,142.4618,142.04,142.345,133889
ORCL,2026-09-14,10:27,142.345,142.42,142.08,142.3858,162357
ORCL,2026-09-14,10:28,142.395,142.6999,142.36,142.5901,71776
ORCL,2026-09-14,10:29,142.645,142.75,142.38,142.47,69491
ORCL,2026-09-14,10:30,142.5099,142.68,142.4,142.445,75091
ORCL,2026-09-14,10:31,142.49,143.09,142.47,143.08,140219
ORCL,2026-09-14,10:32,143.05,143.3,143,143.16,110565
ORCL,2026-09-14,10:33,143.165,143.2899,142.96,143.2,68220
ORCL,2026-09-14,10:34,143.188,143.33,143.11,143.16,70489
ORCL,2026-09-14,10:35,143.155,143.35,142.8801,142.8801,113488
ORCL,2026-09-14,10:36,142.94,143.03,142.85,142.94,48095
ORCL,2026-09-14,10:37,142.89,143.3499,142.89,143.28,51415
ORCL,2026-09-14,10:38,143.28,143.36,143.14,143.18,75562
ORCL,2026-09-14,10:39,143.215,143.655,143.11,143.635,102567
ORCL,2026-09-14,10:40,143.66,144.0799,143.63,143.71,160514
ORCL,2026-09-14,10:41,143.78,143.998,143.3692,143.495,92444
ORCL,2026-09-14,10:42,143.53,143.75,143.41,143.5845,86922
ORCL,2026-09-14,10:43,143.58,143.79,143.5,143.746,83178
ORCL,2026-09-14,10:44,143.765,143.85,143.56,143.62,106771
ORCL,2026-09-14,10:45,143.57,144.36,143.57,144.31,160429
ORCL,2026-09-14,10:46,144.3,144.31,143.985,144.0499,83296
ORCL,2026-09-14,10:47,144.025,144.1,143.695,144.1,71387
ORCL,2026-09-14,10:48,144.0648,144.29,143.95,144,80243
ORCL,2026-09-14,10:49,143.985,144.41,143.97,144.29,98275
ORCL,2026-09-14,10:50,144.29,144.66,144.06,144.245,98941
ORCL,2026-09-14,10:51,144.22,144.39,144.15,144.215,69143
ORCL,2026-09-14,10:52,144.2,144.2,143.43,143.5699,126006
ORCL,2026-09-14,10:53,143.58,143.8599,143.52,143.7,44830
ORCL,2026-09-14,10:54,143.69,143.92,143.6,143.8,48220
ORCL,2026-09-14,10:55,143.86,144.128,143.8,143.92,69260
ORCL,2026-09-14,10:56,143.98,144.0252,143.82,143.96,76116
ORCL,2026-09-14,10:57,143.96,143.98,143.8401,143.96,49800
ORCL,2026-09-14,10:58,143.945,144.2,143.93,144.1,50825
ORCL,2026-09-14,10:59,144.1,144.1,143.7,143.7,70783
ORCL,2026-09-14,11:00,143.73,143.77,143.45,143.465,59588
ORCL,2026-09-14,11:01,143.465,143.5,143.1,143.43,139363
ORCL,2026-09-14,11:02,143.45,143.6799,143.355,143.48,54642
ORCL,2026-09-14,11:03,143.475,143.68,143.39,143.615,42695
ORCL,2026-09-14,11:04,143.615,143.615,143.395,143.4,43548
ORCL,2026-09-14,11:05,143.39,143.69,143.2,143.595,83636
ORCL,2026-09-14,11:06,143.6397,143.87,143.59,143.71,96041
ORCL,2026-09-14,11:07,143.68,143.72,143.41,143.59,93109
ORCL,2026-09-14,11:08,143.575,143.61,143.32,143.4,60710
ORCL,2026-09-14,11:09,143.37,143.5,143.25,143.42,67363
ORCL,2026-09-14,11:10,143.4041,143.4408,143.27,143.35,45752
ORCL,2026-09-14,11:11,143.38,143.4485,143.2232,143.365,48298
ORCL,2026-09-14,11:12,143.33,143.48,143.2301,143.4675,56614
ORCL,2026-09-14,11:13,143.49,143.705,143.41,143.575,42403
ORCL,2026-09-14,11:14,143.605,143.73,143.5512,143.625,52017
ORCL,2026-09-14,11:15,143.63,143.78,143.551,143.73,50796
ORCL,2026-09-14,11:16,143.72,143.84,143.72,143.765,58803
ORCL,2026-09-14,11:17,143.79,143.96,143.75,143.76,61357
ORCL,2026-09-14,11:18,143.76,143.91,143.76,143.825,37922
ORCL,2026-09-14,11:19,143.825,144.07,143.82,143.99,55445
ORCL,2026-09-14,11:20,143.9867,144.3575,143.88,144.015,63838
ORCL,2026-09-14,11:21,144.06,144.06,143.51,143.85,81617
ORCL,2026-09-14,11:22,143.845,144.02,143.6945,143.925,88117
ORCL,2026-09-14,11:23,143.925,144.47,143.91,144.32,126245
ORCL,2026-09-14,11:24,144.32,144.4151,144.15,144.305,174249
ORCL,2026-09-14,11:25,144.305,144.33,144.01,144.07,56348
ORCL,2026-09-14,11:26,144.1114,144.35,144.0005,144.03,81904
ORCL,2026-09-14,11:27,144.03,144.19,144.011,144.13,54892
ORCL,2026-09-14,11:28,144.13,144.14,143.91,144,78084
ORCL,2026-09-14,11:29,143.995,144.11,143.75,143.9,45984
ORCL,2026-09-14,11:30,143.95,144.37,143.95,144.235,78649
ORCL,2026-09-14,11:31,144.24,144.29,143.81,143.87,59479
ORCL,2026-09-14,11:32,143.8851,144.35,143.81,144.31,81613
ORCL,2026-09-14,11:33,144.31,144.32,143.53,143.7,119948
ORCL,2026-09-14,11:34,143.785,144.14,143.785,144.12,49179
ORCL,2026-09-14,11:35,144.1,144.37,144.05,144.14,101938
ORCL,2026-09-14,11:36,144.14,144.64,144.1,144.14,134740
ORCL,2026-09-14,11:37,144.18,144.58,144.13,144.55,80657
ORCL,2026-09-14,11:38,144.56,144.69,144.44,144.67,72378
ORCL,2026-09-14,11:39,144.68,144.77,144.48,144.49,101179
ORCL,2026-09-14,11:40,144.51,144.57,144.2384,144.305,87436
ORCL,2026-09-14,11:41,144.31,144.52,144.29,144.45,58198
ORCL,2026-09-14,11:42,144.425,144.43,144.08,144.12,44745
ORCL,2026-09-14,11:43,144.15,144.48,144.14,144.445,47013
ORCL,2026-09-14,11:44,144.445,144.66,144.445,144.5,51857
ORCL,2026-09-14,11:45,144.5499,144.5499,144.3,144.42,38595
ORCL,2026-09-14,11:46,144.38,144.4282,144.175,144.2905,54233
ORCL,2026-09-14,11:47,144.365,144.39,144.19,144.285,35306
ORCL,2026-09-14,11:48,144.285,144.29,144.09,144.155,37452
ORCL,2026-09-14,11:49,144.155,144.23,144.05,144.155,46836
ORCL,2026-09-14,11:50,144.1,144.12,143.85,144.0596,59890
ORCL,2026-09-14,11:51,144.035,144.265,144.035,144.175,35171
ORCL,2026-09-14,11:52,144.175,144.54,144.175,144.475,70364
ORCL,2026-09-14,11:53,144.45,144.65,144.19,144.19,71561
ORCL,2026-09-14,11:54,144.2,144.25,143.71,144.01,98383
ORCL,2026-09-14,11:55,144.015,144.0999,143.8776,143.895,73178
ORCL,2026-09-14,11:56,143.86,143.89,143.7643,143.8,34137
ORCL,2026-09-14,11:57,143.8,143.85,143.71,143.76,34187
ORCL,2026-09-14,11:58,143.75,143.8,143.61,143.765,48779
ORCL,2026-09-14,11:59,143.73,143.84,143.53,143.56,57109
ORCL,2026-09-14,12:00,143.56,143.614,143.4101,143.515,92786
ORCL,2026-09-14,12:01,143.54,143.56,143.4301,143.45,31106
ORCL,2026-09-14,12:02,143.47,143.55,143.37,143.41,54471
ORCL,2026-09-14,12:03,143.435,143.48,143.35,143.36,29707
ORCL,2026-09-14,12:04,143.357,143.38,143.2,143.22,59754
ORCL,2026-09-14,12:05,143.19,143.35,143.18,143.25,71110
ORCL,2026-09-14,12:06,143.215,143.4299,143.215,143.405,32813
ORCL,2026-09-14,12:07,143.38,143.48,143.29,143.45,38775
ORCL,2026-09-14,12:08,143.48,143.5699,143.41,143.46,64093
ORCL,2026-09-14,12:09,143.46,143.46,143.26,143.3,162088
ORCL,2026-09-14,12:10,143.32,143.64,143.3,143.53,59623
ORCL,2026-09-14,12:11,143.55,143.57,143.4801,143.5299,16093
ORCL,2026-09-14,12:12,143.505,143.56,143.4101,143.45,44020
ORCL,2026-09-14,12:13,143.48,143.54,143.43,143.51,31614
ORCL,2026-09-14,12:14,143.5295,143.55,143.37,143.5,29312
ORCL,2026-09-14,12:15,143.5,143.9,143.5,143.87,78453
ORCL,2026-09-14,12:16,143.87,144.1,143.8101,143.9159,112721
ORCL,2026-09-14,12:17,143.925,144.16,143.91,144.145,79196
ORCL,2026-09-14,12:18,144.145,144.3799,144.11,144.26,63671
ORCL,2026-09-14,12:19,144.235,144.33,144.19,144.19,39222
ORCL,2026-09-14,12:20,144.23,144.34,144.1794,144.29,66884
ORCL,2026-09-14,12:21,144.31,144.38,144.21,144.355,45138
ORCL,2026-09-14,12:22,144.355,144.39,144.14,144.17,48538
ORCL,2026-09-14,12:23,144.165,144.165,143.9,144.03,66212
ORCL,2026-09-14,12:24,144.035,144.27,144.025,144.1499,67374
ORCL,2026-09-14,12:25,144.13,144.13,143.78,143.84,42631
ORCL,2026-09-14,12:26,143.84,143.86,143.72,143.804,40605
ORCL,2026-09-14,12:27,143.75,143.92,143.707,143.74,44296
ORCL,2026-09-14,12:28,143.7528,143.86,143.63,143.67,63645
ORCL,2026-09-14,12:29,143.685,144.1,143.65,143.9301,53187
ORCL,2026-09-14,12:30,143.97,144.0951,143.93,144.075,46663
ORCL,2026-09-14,12:31,144.075,144.31,144.07,144.1699,55862
ORCL,2026-09-14,12:32,144.17,144.25,144.13,144.21,34368
ORCL,2026-09-14,12:33,144.19,144.41,144.19,144.365,59801
ORCL,2026-09-14,12:34,144.365,144.41,144.2,144.23,133258
ORCL,2026-09-14,12:35,144.265,144.27,143.94,143.96,69644
ORCL,2026-09-14,12:36,143.99,144.0499,143.85,143.925,21567
ORCL,2026-09-14,12:37,143.94,143.96,143.86,143.88,26025
ORCL,2026-09-14,12:38,143.87,143.96,143.87,143.9359,18808
ORCL,2026-09-14,12:39,143.93,144,143.86,143.97,40189
ORCL,2026-09-14,12:40,143.97,143.97,143.77,143.89,77146
ORCL,2026-09-14,12:41,143.9,143.9,143.75,143.82,35468
ORCL,2026-09-14,12:42,143.84,143.88,143.59,143.79,44072
ORCL,2026-09-14,12:43,143.8,143.96,143.79,143.92,59728
ORCL,2026-09-14,12:44,143.9,143.93,143.83,143.895,29137
ORCL,2026-09-14,12:45,143.94,144.16,143.94,144.12,58855
ORCL,2026-09-14,12:46,144.1,144.14,143.96,144.02,25836
ORCL,2026-09-14,12:47,144,144.23,143.995,144.12,41957
ORCL,2026-09-14,12:48,144.15,144.4414,144.15,144.365,126653
ORCL,2026-09-14,12:49,144.3425,144.3899,144.1616,144.18,46525
ORCL,2026-09-14,12:50,144.2144,144.25,144.085,144.14,36363
ORCL,2026-09-14,12:51,144.14,144.14,144.04,144.08,31808
ORCL,2026-09-14,12:52,144.07,144.1122,144.035,144.08,40504
ORCL,2026-09-14,12:53,144.08,144.2,144.03,144.13,37126
ORCL,2026-09-14,12:54,144.17,144.18,143.94,143.94,38973
ORCL,2026-09-14,12:55,143.935,143.99,143.85,143.9,27202
ORCL,2026-09-14,12:56,143.92,143.93,143.79,143.79,28135
ORCL,2026-09-14,12:57,143.795,143.87,143.73,143.74,72043
ORCL,2026-09-14,12:58,143.74,143.8199,143.72,143.76,34071
ORCL,2026-09-14,12:59,143.76,143.845,143.65,143.83,34509
ORCL,2026-09-14,13:00,143.83,143.87,143.81,143.84,24383
ORCL,2026-09-14,13:01,143.835,143.88,143.76,143.8724,36190
ORCL,2026-09-14,13:02,143.87,143.949,143.83,143.92,32356
ORCL,2026-09-14,13:03,143.905,143.9199,143.81,143.89,30062
ORCL,2026-09-14,13:04,143.91,143.98,143.85,143.915,26233
ORCL,2026-09-14,13:05,143.92,144.15,143.92,144.03,36585
ORCL,2026-09-14,13:06,144.005,144.0899,143.91,143.985,36209
ORCL,2026-09-14,13:07,143.98,144.08,143.91,144.06,26046
ORCL,2026-09-14,13:08,144.1,144.12,143.96,143.96,26504
ORCL,2026-09-14,13:09,143.975,143.975,143.85,143.875,27060
ORCL,2026-09-14,13:10,143.9,143.96,143.85,143.855,23680
ORCL,2026-09-14,13:11,143.855,143.97,143.83,143.932,35920
ORCL,2026-09-14,13:12,143.9214,144.11,143.9214,143.95,30466
ORCL,2026-09-14,13:13,143.98,143.98,143.8166,143.82,34528
ORCL,2026-09-14,13:14,143.84,143.86,143.7,143.7045,27085
ORCL,2026-09-14,13:15,143.72,143.8495,143.66,143.795,68158
ORCL,2026-09-14,13:16,143.8199,143.89,143.77,143.87,27119
ORCL,2026-09-14,13:17,143.87,144.05,143.87,144.05,32051
ORCL,2026-09-14,13:18,144.05,144.07,143.645,143.74,85029
ORCL,2026-09-14,13:19,143.72,143.7387,143.48,143.54,57953
ORCL,2026-09-14,13:20,143.521,143.7399,143.41,143.545,50816
ORCL,2026-09-14,13:21,143.53,143.58,143.38,143.42,58273
ORCL,2026-09-14,13:22,143.4,143.46,143.35,143.38,58963
ORCL,2026-09-14,13:23,143.38,143.52,143.34,143.395,66486
ORCL,2026-09-14,13:24,143.41,143.4199,143.36,143.3899,39487
ORCL,2026-09-14,13:25,143.375,143.58,143.35,143.57,98422
ORCL,2026-09-14,13:26,143.565,143.6,143.53,143.5501,41957
ORCL,2026-09-14,13:27,143.61,143.64,143.56,143.59,33226
ORCL,2026-09-14,13:28,143.5742,143.7,143.5701,143.61,45688
ORCL,2026-09-14,13:29,143.61,143.78,143.605,143.78,36542
ORCL,2026-09-14,13:30,143.77,143.84,143.66,143.6824,34528
ORCL,2026-09-14,13:31,143.69,143.74,143.65,143.68,48723
ORCL,2026-09-14,13:32,143.68,143.78,143.68,143.73,1543897
ORCL,2026-09-14,13:33,143.71,143.93,143.65,143.87,67502
ORCL,2026-09-14,13:34,143.835,143.95,143.8041,143.92,44295
ORCL,2026-09-14,13:35,143.915,143.915,143.8,143.82,45036
ORCL,2026-09-14,13:36,143.83,143.88,143.765,143.7799,26722
ORCL,2026-09-14,13:37,143.79,143.84,143.78,143.83,30532
ORCL,2026-09-14,13:38,143.8194,143.84,143.77,143.8,40710
ORCL,2026-09-14,13:39,143.83,143.91,143.791,143.89,33081
ORCL,2026-09-14,13:40,143.909,143.94,143.785,143.85,28919
ORCL,2026-09-14,13:41,143.86,143.885,143.74,143.79,46474
ORCL,2026-09-14,13:42,143.81,143.9,143.75,143.77,37031
ORCL,2026-09-14,13:43,143.77,143.85,143.7332,143.83,40928
ORCL,2026-09-14,13:44,143.81,143.8221,143.685,143.75,32908
ORCL,2026-09-14,13:45,143.73,143.75,143.6322,143.67,31866
ORCL,2026-09-14,13:46,143.67,143.85,143.63,143.8188,57403
ORCL,2026-09-14,13:47,143.83,143.9399,143.83,143.855,34384
ORCL,2026-09-14,13:48,143.855,143.88,143.6965,143.76,30700
ORCL,2026-09-14,13:49,143.7595,143.78,143.68,143.73,45198
ORCL,2026-09-14,13:50,143.72,143.79,143.68,143.7499,21163
ORCL,2026-09-14,13:51,143.73,143.76,143.66,143.72,48972
ORCL,2026-09-14,13:52,143.74,143.86,143.69,143.8,29236
ORCL,2026-09-14,13:53,143.775,143.775,143.63,143.65,21701
ORCL,2026-09-14,13:54,143.655,143.76,143.62,143.705,22765
ORCL,2026-09-14,13:55,143.72,143.81,143.72,143.785,34185
ORCL,2026-09-14,13:56,143.785,143.81,143.75,143.81,50866
ORCL,2026-09-14,13:57,143.77,143.95,143.77,143.95,46193
ORCL,2026-09-14,13:58,143.9001,144.19,143.9001,144.125,59084
ORCL,2026-09-14,13:59,144.13,144.2299,143.95,144.1899,46020
ORCL,2026-09-14,14:00,144.17,144.38,144.09,144.12,123260
ORCL,2026-09-14,14:01,144.12,144.2292,144.07,144.16,48122
ORCL,2026-09-14,14:02,144.17,144.33,144.09,144.255,40268
ORCL,2026-09-14,14:03,144.27,144.36,144.225,144.34,54504
ORCL,2026-09-14,14:04,144.34,144.36,144.11,144.21,57593
ORCL,2026-09-14,14:05,144.22,144.25,144.12,144.23,43995
ORCL,2026-09-14,14:06,144.2,144.22,143.97,144.16,136359
ORCL,2026-09-14,14:07,144.1699,144.24,144.11,144.19,79567
ORCL,2026-09-14,14:08,144.2,144.47,144.19,144.31,97023
ORCL,2026-09-14,14:09,144.315,144.42,144.18,144.41,46385
ORCL,2026-09-14,14:10,144.385,144.63,144.37,144.495,97518
ORCL,2026-09-14,14:11,144.49,144.52,144.35,144.36,31861
ORCL,2026-09-14,14:12,144.36,144.37,144.3,144.31,40110
ORCL,2026-09-14,14:13,144.3054,144.33,144.225,144.31,39722
ORCL,2026-09-14,14:14,144.33,144.37,144.18,144.23,36108
ORCL,2026-09-14,14:15,144.22,144.29,144.08,144.105,49801
ORCL,2026-09-14,14:16,144.1299,144.15,143.695,143.785,102899
ORCL,2026-09-14,14:17,143.82,143.82,143.68,143.68,59988
ORCL,2026-09-14,14:18,143.68,143.76,143.62,143.76,71653
ORCL,2026-09-14,14:19,143.75,143.85,143.63,143.66,72178
ORCL,2026-09-14,14:20,143.6999,143.84,143.6347,143.73,33024
ORCL,2026-09-14,14:21,143.73,143.75,143.613,143.655,74168
ORCL,2026-09-14,14:22,143.64,143.67,143.42,143.43,63427
ORCL,2026-09-14,14:23,143.42,143.59,143.38,143.4199,74267
ORCL,2026-09-14,14:24,143.39,143.4286,143.25,143.25,204910
ORCL,2026-09-14,14:25,143.2577,143.4499,143.25,143.42,48155
ORCL,2026-09-14,14:26,143.42,143.45,143.32,143.335,42998
ORCL,2026-09-14,14:27,143.33,143.37,143.275,143.3,41315
ORCL,2026-09-14,14:28,143.32,143.35,143.2,143.29,83046
ORCL,2026-09-14,14:29,143.2948,143.32,143.22,143.2854,35193
ORCL,2026-09-14,14:30,143.31,143.39,143.2,143.225,40490
ORCL,2026-09-14,14:31,143.25,143.25,143.12,143.16,75475
ORCL,2026-09-14,14:32,143.1565,143.2,143.13,143.17,62703
ORCL,2026-09-14,14:33,143.175,143.4,143.17,143.33,75489
ORCL,2026-09-14,14:34,143.35,143.61,143.33,143.445,78107
ORCL,2026-09-14,14:35,143.46,143.57,143.4001,143.49,53465
ORCL,2026-09-14,14:36,143.47,143.56,143.44,143.55,64436
ORCL,2026-09-14,14:37,143.53,143.9,143.53,143.81,139625
ORCL,2026-09-14,14:38,143.79,144.16,143.79,144.16,70790
ORCL,2026-09-14,14:39,144.1206,144.3699,144.02,144.32,124639
ORCL,2026-09-14,14:40,144.29,144.3599,143.7676,143.86,102639
ORCL,2026-09-14,14:41,143.86,144.19,143.7,144.15,101933
ORCL,2026-09-14,14:42,144.15,144.25,144.06,144.105,184794
ORCL,2026-09-14,14:43,144.1,144.15,143.93,144.135,61427
ORCL,2026-09-14,14:44,144.16,144.17,144.05,144.07,45724
ORCL,2026-09-14,14:45,144.05,144.05,143.95,144.03,41613
ORCL,2026-09-14,14:46,144.02,144.08,143.73,143.83,58306
ORCL,2026-09-14,14:47,143.84,143.95,143.77,143.865,51439
ORCL,2026-09-14,14:48,143.85,143.87,143.81,143.8125,31517
ORCL,2026-09-14,14:49,143.8,143.81,143.73,143.75,33347
ORCL,2026-09-14,14:50,143.75,143.85,143.735,143.75,48717
ORCL,2026-09-14,14:51,143.75,143.77,143.69,143.69,33453
ORCL,2026-09-14,14:52,143.7,143.75,143.62,143.75,45208
ORCL,2026-09-14,14:53,143.745,143.81,143.7382,143.805,37511
ORCL,2026-09-14,14:54,143.81,143.96,143.8,143.8499,63402
ORCL,2026-09-14,14:55,143.845,143.87,143.81,143.83,45266
ORCL,2026-09-14,14:56,143.85,143.9,143.83,143.8699,35652
ORCL,2026-09-14,14:57,143.86,143.87,143.74,143.77,29705
ORCL,2026-09-14,14:58,143.76,143.76,143.615,143.7,44109
ORCL,2026-09-14,14:59,143.7,143.79,143.5884,143.78,66411
ORCL,2026-09-14,15:00,143.78,143.7866,143.635,143.73,68896
ORCL,2026-09-14,15:01,143.725,143.82,143.7,143.755,51416
ORCL,2026-09-14,15:02,143.74,143.83,143.69,143.81,48331
ORCL,2026-09-14,15:03,143.79,143.91,143.69,143.79,52867
ORCL,2026-09-14,15:04,143.79,143.95,143.75,143.94,51281
ORCL,2026-09-14,15:05,143.9388,143.9388,143.78,143.8438,56621
ORCL,2026-09-14,15:06,143.87,143.88,143.67,143.71,52283
ORCL,2026-09-14,15:07,143.71,143.77,143.43,143.43,127543
ORCL,2026-09-14,15:08,143.41,143.6,143.38,143.495,101987
ORCL,2026-09-14,15:09,143.495,143.58,143.43,143.4756,54226
ORCL,2026-09-14,15:10,143.485,143.52,143.42,143.4699,48956
ORCL,2026-09-14,15:11,143.455,143.47,143.31,143.37,85175
ORCL,2026-09-14,15:12,143.37,143.61,143.35,143.61,85219
ORCL,2026-09-14,15:13,143.64,143.77,143.485,143.64,133790
ORCL,2026-09-14,15:14,143.64,143.64,143.52,143.55,39455
ORCL,2026-09-14,15:15,143.55,143.555,143.4,143.425,85594
ORCL,2026-09-14,15:16,143.39,143.44,143.37,143.395,56636
ORCL,2026-09-14,15:17,143.395,143.575,143.395,143.485,73129
ORCL,2026-09-14,15:18,143.49,143.52,143.36,143.45,57074
ORCL,2026-09-14,15:19,143.43,143.575,143.4119,143.425,82326
ORCL,2026-09-14,15:20,143.4294,143.475,143.375,143.4,41174
ORCL,2026-09-14,15:21,143.39,143.49,143.3749,143.385,47797
ORCL,2026-09-14,15:22,143.39,143.5,143.36,143.44,56228
ORCL,2026-09-14,15:23,143.42,143.43,143.3209,143.43,60087
ORCL,2026-09-14,15:24,143.41,143.6,143.3701,143.6,70681
ORCL,2026-09-14,15:25,143.62,143.67,143.56,143.58,49522
ORCL,2026-09-14,15:26,143.57,143.8,143.5667,143.79,71748
ORCL,2026-09-14,15:27,143.8,143.86,143.73,143.7599,69478
ORCL,2026-09-14,15:28,143.76,143.87,143.72,143.76,69821
ORCL,2026-09-14,15:29,143.76,143.78,143.53,143.55,62576
ORCL,2026-09-14,15:30,143.54,143.64,143.455,143.4899,93160
ORCL,2026-09-14,15:31,143.5,143.71,143.48,143.64,64993
ORCL,2026-09-14,15:32,143.645,143.84,143.54,143.81,82012
ORCL,2026-09-14,15:33,143.85,144.1,143.82,143.9327,116451
ORCL,2026-09-14,15:34,143.94,144.04,143.82,143.83,136126
ORCL,2026-09-14,15:35,143.84,143.94,143.62,143.62,71717
ORCL,2026-09-14,15:36,143.618,143.62,143.38,143.4,83537
ORCL,2026-09-14,15:37,143.395,143.62,143.395,143.5311,78589
ORCL,2026-09-14,15:38,143.55,143.65,143.53,143.5329,56978
ORCL,2026-09-14,15:39,143.55,143.55,143.41,143.52,85024
ORCL,2026-09-14,15:40,143.52,143.635,143.385,143.435,96962
ORCL,2026-09-14,15:41,143.44,143.45,143.34,143.395,71667
ORCL,2026-09-14,15:42,143.395,143.41,143.22,143.26,105595
ORCL,2026-09-14,15:43,143.2649,143.37,143.23,143.36,99068
ORCL,2026-09-14,15:44,143.35,143.55,143.35,143.4988,102467
ORCL,2026-09-14,15:45,143.53,143.6,143.42,143.59,160126
ORCL,2026-09-14,15:46,143.59,143.68,143.51,143.645,165923
ORCL,2026-09-14,15:47,143.645,143.815,143.64,143.71,99082
ORCL,2026-09-14,15:48,143.7,143.72,143.535,143.565,108629
ORCL,2026-09-14,15:49,143.565,143.59,143.43,143.53,174610
ORCL,2026-09-14,15:50,143.51,143.89,143.46,143.785,190605
ORCL,2026-09-14,15:51,143.785,143.95,143.78,143.82,223208
ORCL,2026-09-14,15:52,143.81,144,143.72,143.775,230495
ORCL,2026-09-14,15:53,143.79,144.06,143.7659,143.9176,225499
ORCL,2026-09-14,15:54,143.91,143.97,143.65,143.67,224548
ORCL,2026-09-14,15:55,143.67,143.76,143.51,143.66,263270
ORCL,2026-09-14,15:56,143.67,143.9548,143.67,143.94,267580
ORCL,2026-09-14,15:57,143.93,144.32,143.9,144.225,329738
ORCL,2026-09-14,15:58,144.22,144.5,144.19,144.435,494854
ORCL,2026-09-14,15:59,144.43,144.74,144.36,144.73,931075
ORCL,2026-09-14,16:00,144.79,144.79,144.79,144.79,0
ORCL,2026-09-15,09:30,143.46,144.62,143.2,144.445,1085770
ORCL,2026-09-15,09:31,144.445,144.66,143.9,144.49,112727
ORCL,2026-09-15,09:32,144.4985,144.88,143.8,144.08,317895
ORCL,2026-09-15,09:33,144.18,144.32,143.32,143.4142,120529
ORCL,2026-09-15,09:34,143.612,143.99,143.33,143.3784,86647
ORCL,2026-09-15,09:35,143.415,143.91,143.37,143.7287,64372
ORCL,2026-09-15,09:36,143.84,143.97,143.54,143.59,59205
ORCL,2026-09-15,09:37,143.5764,143.89,143.28,143.385,109842
ORCL,2026-09-15,09:38,143.39,143.5,142.68,142.68,188432
ORCL,2026-09-15,09:39,142.705,142.9054,142.4,142.6299,204882
ORCL,2026-09-15,09:40,142.575,142.63,142.2,142.26,128110
ORCL,2026-09-15,09:41,142.26,142.74,142.26,142.3,137897
ORCL,2026-09-15,09:42,142.285,142.4,142,142,219933
ORCL,2026-09-15,09:43,141.98,142.005,141.53,141.65,259789
ORCL,2026-09-15,09:44,141.675,141.675,141.12,141.27,230454
ORCL,2026-09-15,09:45,141.3,141.3969,141.07,141.26,272193
ORCL,2026-09-15,09:46,141.26,141.5902,141.05,141.06,226255
ORCL,2026-09-15,09:47,141.06,141.12,140.55,140.65,316187
ORCL,2026-09-15,09:48,140.69,141.0824,140.41,141.035,203582
ORCL,2026-09-15,09:49,141.035,141.29,140.76,141.1595,247138
ORCL,2026-09-15,09:50,141.0944,141.38,140.955,141.28,147678
ORCL,2026-09-15,09:51,141.26,141.32,140.98,141.03,117504
ORCL,2026-09-15,09:52,141,141.09,140.75,141.04,106334
ORCL,2026-09-15,09:53,141.035,141.1289,140.8,140.95,121855
ORCL,2026-09-15,09:54,140.93,140.98,140.6,140.71,125254
ORCL,2026-09-15,09:55,140.69,140.8599,140.6,140.83,85631
ORCL,2026-09-15,09:56,140.83,140.8599,140.52,140.735,155670
ORCL,2026-09-15,09:57,140.74,140.87,140.67,140.82,105123
ORCL,2026-09-15,09:58,140.81,140.9999,140.7201,140.745,248199
ORCL,2026-09-15,09:59,140.73,140.83,140.64,140.7199,105220
ORCL,2026-09-15,10:00,140.6601,140.99,140.6,140.96,128313
ORCL,2026-09-15,10:01,140.99,141.155,140.95,141.0499,98856
ORCL,2026-09-15,10:02,141.05,141.095,140.8,140.951,143492
ORCL,2026-09-15,10:03,140.988,141.165,140.95,141.13,67027
ORCL,2026-09-15,10:04,141.13,141.15,140.78,140.78,110473
ORCL,2026-09-15,10:05,140.77,141.0859,140.63,140.93,173671
ORCL,2026-09-15,10:06,140.945,141.16,140.91,141.105,78913
ORCL,2026-09-15,10:07,141.105,141.2,141.05,141.175,99426
ORCL,2026-09-15,10:08,141.175,141.22,141.0001,141.2053,99609
ORCL,2026-09-15,10:09,141.22,141.4696,141.14,141.15,88213
ORCL,2026-09-15,10:10,141.2079,141.41,141.175,141.3,102835
ORCL,2026-09-15,10:11,141.33,141.5,141.24,141.4712,115903
ORCL,2026-09-15,10:12,141.46,141.46,141.0834,141.235,81423
ORCL,2026-09-15,10:13,141.27,141.2899,141.14,141.2008,68227
ORCL,2026-09-15,10:14,141.23,141.27,141.01,141.0451,91216
ORCL,2026-09-15,10:15,141.08,141.64,141.021,141.23,152138
ORCL,2026-09-15,10:16,141.23,141.3499,141.164,141.3,39101
ORCL,2026-09-15,10:17,141.3,141.97,141.25,141.97,138825
ORCL,2026-09-15,10:18,141.908,142.0599,141.47,141.575,140816
ORCL,2026-09-15,10:19,141.62,142.055,141.62,142.055,194117
ORCL,2026-09-15,10:20,142.055,142.09,141.92,142.0301,91441
ORCL,2026-09-15,10:21,142.0899,142.09,141.74,141.75,95019
ORCL,2026-09-15,10:22,141.77,141.9,141.71,141.845,89068
ORCL,2026-09-15,10:23,141.845,142.07,141.8,142,65601
ORCL,2026-09-15,10:24,141.994,142.28,141.994,142.1924,164216
ORCL,2026-09-15,10:25,142.165,142.27,141.9097,142.105,120402
ORCL,2026-09-15,10:26,142.105,142.2,141.86,141.935,99145
ORCL,2026-09-15,10:27,141.94,142.2001,141.87,142.2,72191
ORCL,2026-09-15,10:28,142.2,142.29,142,142.255,80007
ORCL,2026-09-15,10:29,142.25,142.41,142.0701,142.4091,89585
ORCL,2026-09-15,10:30,142.35,142.615,142.22,142.57,84124
ORCL,2026-09-15,10:31,142.57,142.6,142.29,142.32,109614
ORCL,2026-09-15,10:32,142.37,142.3891,142.2101,142.3,51511
ORCL,2026-09-15,10:33,142.333,142.615,142.29,142.555,71352
ORCL,2026-09-15,10:34,142.555,142.66,142.44,142.56,72052
ORCL,2026-09-15,10:35,142.5701,142.7327,142.57,142.63,95825
ORCL,2026-09-15,10:36,142.61,142.87,142.52,142.69,80489
ORCL,2026-09-15,10:37,142.69,142.74,142.45,142.48,102022
ORCL,2026-09-15,10:38,142.5286,142.5286,142.27,142.315,105503
ORCL,2026-09-15,10:39,142.33,142.54,142.325,142.485,53648
ORCL,2026-09-15,10:40,142.48,142.63,142.351,142.4331,50978
ORCL,2026-09-15,10:41,142.43,142.82,142.38,142.74,73503
ORCL,2026-09-15,10:42,142.75,143.25,142.68,143,131495
ORCL,2026-09-15,10:43,143.024,143.024,142.7,142.76,63546
ORCL,2026-09-15,10:44,142.76,142.83,142.69,142.7714,50681
ORCL,2026-09-15,10:45,142.79,142.98,142.71,142.8901,44421
ORCL,2026-09-15,10:46,142.89,142.94,142.81,142.845,49019
ORCL,2026-09-15,10:47,142.845,142.94,142.84,142.88,39401
ORCL,2026-09-15,10:48,142.86,142.95,142.74,142.76,64444
ORCL,2026-09-15,10:49,142.81,143.03,142.81,142.9,61287
ORCL,2026-09-15,10:50,142.8801,143.11,142.88,142.98,57873
ORCL,2026-09-15,10:51,143.005,143.1,142.79,142.81,78201
ORCL,2026-09-15,10:52,142.81,142.9,142.57,142.7,73426
ORCL,2026-09-15,10:53,142.7,142.805,142.6,142.74,121365
ORCL,2026-09-15,10:54,142.73,142.78,142.54,142.69,73871
ORCL,2026-09-15,10:55,142.63,142.76,142.59,142.71,51861
ORCL,2026-09-15,10:56,142.725,142.9403,142.63,142.9403,41199
ORCL,2026-09-15,10:57,142.93,143.44,142.93,143.41,114488
ORCL,2026-09-15,10:58,143.44,143.44,143.15,143.2,108347
ORCL,2026-09-15,10:59,143.22,143.2799,143,143.155,52788
ORCL,2026-09-15,11:00,143.13,143.2,143.01,143.025,49669
ORCL,2026-09-15,11:01,143.025,143.04,142.84,143,66152
ORCL,2026-09-15,11:02,142.95,142.97,142.7,142.91,52784
ORCL,2026-09-15,11:03,142.91,143.16,142.87,143.09,45954
ORCL,2026-09-15,11:04,143.14,143.19,142.83,142.96,92901
ORCL,2026-09-15,11:05,142.95,143.1299,142.94,143.015,45380
ORCL,2026-09-15,11:06,143.0043,143.11,142.79,142.79,79297
ORCL,2026-09-15,11:07,142.82,142.84,142.56,142.83,70018
ORCL,2026-09-15,11:08,142.822,142.822,142.5301,142.81,47725
ORCL,2026-09-15,11:09,142.85,143.01,142.8,143.005,68119
ORCL,2026-09-15,11:10,143.005,143.15,143,143.04,41466
ORCL,2026-09-15,11:11,143.0499,143.24,143.035,143.23,36802
ORCL,2026-09-15,11:12,143.25,143.28,143.03,143.05,90672
ORCL,2026-09-15,11:13,143.045,143.23,143.01,143.1,59062
ORCL,2026-09-15,11:14,143.084,143.16,142.9001,143.04,41865
ORCL,2026-09-15,11:15,143.09,143.279,143.03,143.16,53854
ORCL,2026-09-15,11:16,143.175,143.7,143.15,143.66,145340
ORCL,2026-09-15,11:17,143.67,143.69,143.37,143.43,58756
ORCL,2026-09-15,11:18,143.4499,143.4799,143.2907,143.445,54703
ORCL,2026-09-15,11:19,143.43,143.5,143.22,143.24,53965
ORCL,2026-09-15,11:20,143.22,143.3,143.08,143.13,41518
ORCL,2026-09-15,11:21,143.145,143.27,143.086,143.14,36183
ORCL,2026-09-15,11:22,143.1301,143.31,143.1301,143.27,47291
ORCL,2026-09-15,11:23,143.2728,143.68,143.2728,143.6,64495
ORCL,2026-09-15,11:24,143.57,143.6,143.47,143.57,36584
ORCL,2026-09-15,11:25,143.56,144.03,143.56,143.995,140195
ORCL,2026-09-15,11:26,144.02,144.02,143.91,144.0199,70357
ORCL,2026-09-15,11:27,143.98,144,143.885,143.945,48422
ORCL,2026-09-15,11:28,143.945,144.05,143.88,143.93,52751
ORCL,2026-09-15,11:29,143.95,144.05,143.92,143.955,53465
ORCL,2026-09-15,11:30,143.98,143.9999,143.82,143.94,72439
ORCL,2026-09-15,11:31,143.91,143.95,143.73,143.795,85194
ORCL,2026-09-15,11:32,143.79,143.84,143.75,143.82,51631
ORCL,2026-09-15,11:33,143.8297,143.915,143.81,143.848,33977
ORCL,2026-09-15,11:34,143.8,143.935,143.78,143.845,52720
ORCL,2026-09-15,11:35,143.86,143.9,143.76,143.788,43561
ORCL,2026-09-15,11:36,143.78,143.85,143.71,143.735,47109
ORCL,2026-09-15,11:37,143.71,143.83,143.565,143.66,65774
ORCL,2026-09-15,11:38,143.6377,143.725,143.43,143.4398,105735
ORCL,2026-09-15,11:39,143.5,143.53,143.43,143.48,42188
ORCL,2026-09-15,11:40,143.47,143.59,143.3301,143.47,67221
ORCL,2026-09-15,11:41,143.47,143.71,143.4601,143.52,38723
ORCL,2026-09-15,11:42,143.5513,143.6125,143.32,143.3403,48594
ORCL,2026-09-15,11:43,143.3,143.35,143.2,143.314,31577
ORCL,2026-09-15,11:44,143.26,143.37,143.12,143.19,44853
ORCL,2026-09-15,11:45,143.205,143.3,143.11,143.295,32757
ORCL,2026-09-15,11:46,143.295,143.34,143.2,143.335,26919
ORCL,2026-09-15,11:47,143.3561,143.42,143.25,143.2601,22432
ORCL,2026-09-15,11:48,143.255,143.28,143.17,143.18,33136
ORCL,2026-09-15,11:49,143.16,143.17,143.04,143.055,38544
ORCL,2026-09-15,11:50,143.05,143.33,143.035,143.3,50910
ORCL,2026-09-15,11:51,143.3,143.49,143.3,143.46,32655
ORCL,2026-09-15,11:52,143.445,143.7299,143.44,143.665,37571
ORCL,2026-09-15,11:53,143.68,143.94,143.6387,143.9,60384
ORCL,2026-09-15,11:54,143.895,143.91,143.56,143.62,91204
ORCL,2026-09-15,11:55,143.63,144.02,143.59,144,67623
ORCL,2026-09-15,11:56,144.005,144.01,143.76,143.9,55523
ORCL,2026-09-15,11:57,143.8906,143.9899,143.8,143.94,27212
ORCL,2026-09-15,11:58,143.945,144.02,143.87,143.99,79441
ORCL,2026-09-15,11:59,143.94,144.0299,143.84,144.0299,54360
ORCL,2026-09-15,12:00,144,144.03,143.8052,143.86,49645
ORCL,2026-09-15,12:01,143.86,143.91,143.8008,143.8901,43193
ORCL,2026-09-15,12:02,143.89,144,143.86,143.955,28331
ORCL,2026-09-15,12:03,143.955,143.99,143.91,143.95,28022
ORCL,2026-09-15,12:04,143.96,144.03,143.915,143.95,41515
ORCL,2026-09-15,12:05,143.96,144.01,143.95,143.99,41863
ORCL,2026-09-15,12:06,143.985,144.05,143.97,144,107950
ORCL,2026-09-15,12:07,143.9814,143.9814,143.7904,143.7904,40610
ORCL,2026-09-15,12:08,143.8399,143.8399,143.7201,143.775,35059
ORCL,2026-09-15,12:09,143.79,143.8,143.67,143.79,65791
ORCL,2026-09-15,12:10,143.79,143.89,143.691,143.7,38614
ORCL,2026-09-15,12:11,143.705,143.77,143.55,143.5901,38312
ORCL,2026-09-15,12:12,143.61,143.69,143.56,143.69,26312
ORCL,2026-09-15,12:13,143.66,143.73,143.6,143.66,20821
ORCL,2026-09-15,12:14,143.655,143.78,143.59,143.76,32701
ORCL,2026-09-15,12:15,143.78,143.79,143.68,143.77,25516
ORCL,2026-09-15,12:16,143.78,143.875,143.74,143.85,40611
ORCL,2026-09-15,12:17,143.83,143.95,143.83,143.9,24150
ORCL,2026-09-15,12:18,143.87,143.89,143.73,143.77,27762
ORCL,2026-09-15,12:19,143.77,143.8109,143.67,143.8,37538
ORCL,2026-09-15,12:20,143.785,143.81,143.69,143.7,28039
ORCL,2026-09-15,12:21,143.685,143.78,143.36,143.43,49792
ORCL,2026-09-15,12:22,143.43,143.55,143.43,143.535,29967
ORCL,2026-09-15,12:23,143.53,143.7,143.53,143.67,26995
ORCL,2026-09-15,12:24,143.67,143.81,143.61,143.8,33525
ORCL,2026-09-15,12:25,143.805,143.84,143.71,143.75,34245
ORCL,2026-09-15,12:26,143.75,143.8,143.67,143.69,26284
ORCL,2026-09-15,12:27,143.6951,143.87,143.66,143.87,40534
ORCL,2026-09-15,12:28,143.84,143.89,143.6704,143.705,26733
ORCL,2026-09-15,12:29,143.705,143.715,143.56,143.59,36746
ORCL,2026-09-15,12:30,143.589,143.6369,143.41,143.435,31264
ORCL,2026-09-15,12:31,143.47,143.48,143.27,143.34,43837
ORCL,2026-09-15,12:32,143.35,143.41,143.2301,143.25,34693
ORCL,2026-09-15,12:33,143.255,143.38,143.2101,143.35,39178
ORCL,2026-09-15,12:34,143.32,143.32,143.1808,143.225,31590
ORCL,2026-09-15,12:35,143.2399,143.27,143.12,143.18,56894
ORCL,2026-09-15,12:36,143.17,143.17,142.715,142.81,105713
ORCL,2026-09-15,12:37,142.81,142.81,142.5,142.6,98969
ORCL,2026-09-15,12:38,142.6,142.69,142.5,142.56,102588
ORCL,2026-09-15,12:39,142.57,142.85,142.57,142.83,37523
ORCL,2026-09-15,12:40,142.8288,142.92,142.7501,142.84,434483
ORCL,2026-09-15,12:41,142.87,142.97,142.81,142.97,18002
ORCL,2026-09-15,12:42,142.96,143.0709,142.87,143.02,43707
ORCL,2026-09-15,12:43,143.02,143.0499,142.9,142.9301,21559
ORCL,2026-09-15,12:44,142.95,143.15,142.89,143.14,32203
ORCL,2026-09-15,12:45,143.17,143.1967,143.06,143.18,36693
ORCL,2026-09-15,12:46,143.18,143.22,143.13,143.21,27970
ORCL,2026-09-15,12:47,143.205,143.2683,143.18,143.26,22188
ORCL,2026-09-15,12:48,143.26,143.26,143.095,143.13,33936
ORCL,2026-09-15,12:49,143.125,143.34,143.125,143.31,25032
ORCL,2026-09-15,12:50,143.325,143.35,143.28,143.3199,17983
ORCL,2026-09-15,12:51,143.31,143.32,143.19,143.24,23763
ORCL,2026-09-15,12:52,143.26,143.28,143.23,143.26,24269
ORCL,2026-09-15,12:53,143.25,143.26,143.1,143.13,23178
ORCL,2026-09-15,12:54,143.1,143.21,143.07,143.19,35868
ORCL,2026-09-15,12:55,143.19,143.4,143.19,143.4,53261
ORCL,2026-09-15,12:56,143.4,143.4,143.24,143.29,42222
ORCL,2026-09-15,12:57,143.3,143.37,143.255,143.295,19382
ORCL,2026-09-15,12:58,143.32,143.34,143.24,143.2517,21351
ORCL,2026-09-15,12:59,143.25,143.25,143.1,143.175,16445
ORCL,2026-09-15,13:00,143.17,143.22,143.11,143.16,31614
ORCL,2026-09-15,13:01,143.1401,143.2,143.09,143.2,22742
ORCL,2026-09-15,13:02,143.2,143.2,143.06,143.075,22686
ORCL,2026-09-15,13:03,143.085,143.16,143.085,143.09,22563
ORCL,2026-09-15,13:04,143.09,143.21,143.07,143.18,20007
ORCL,2026-09-15,13:05,143.16,143.16,142.96,143.02,28081
ORCL,2026-09-15,13:06,143.04,143.12,143.015,143.1,17392
ORCL,2026-09-15,13:07,143.085,143.18,142.77,142.835,73850
ORCL,2026-09-15,13:08,142.845,142.87,142.7,142.765,40725
ORCL,2026-09-15,13:09,142.78,142.95,142.765,142.89,23228
ORCL,2026-09-15,13:10,142.89,143.0599,142.87,143.03,22799
ORCL,2026-09-15,13:11,143.03,143.05,142.94,143.01,78461
ORCL,2026-09-15,13:12,143.0265,143.05,142.96,143.02,34701
ORCL,2026-09-15,13:13,143.02,143.12,142.86,142.8704,32967
ORCL,2026-09-15,13:14,142.87,142.885,142.705,142.73,46182
ORCL,2026-09-15,13:15,142.7,142.83,142.7,142.78,20091
ORCL,2026-09-15,13:16,142.78,142.89,142.755,142.875,23881
ORCL,2026-09-15,13:17,142.89,142.98,142.84,142.95,35523
ORCL,2026-09-15,13:18,142.9899,142.9899,142.82,142.84,18418
ORCL,2026-09-15,13:19,142.86,143.03,142.84,143.03,20320
ORCL,2026-09-15,13:20,143.03,143.035,142.97,143.035,15932
ORCL,2026-09-15,13:21,143.02,143.05,142.97,143.0068,26763
ORCL,2026-09-15,13:22,143.02,143.05,142.97,143.035,18393
ORCL,2026-09-15,13:23,143.02,143.11,143,143.04,44267
ORCL,2026-09-15,13:24,143.045,143.045,142.96,142.985,26359
ORCL,2026-09-15,13:25,142.98,143.07,142.98,143,12364
ORCL,2026-09-15,13:26,143.015,143.14,143.015,143.11,23491
ORCL,2026-09-15,13:27,143.125,143.14,143.0401,143.06,12644
ORCL,2026-09-15,13:28,143.06,143.1,143,143.055,25559
ORCL,2026-09-15,13:29,143.06,143.1399,143.05,143.115,33464
ORCL,2026-09-15,13:30,143.12,143.12,143.0295,143.04,11194
ORCL,2026-09-15,13:31,143.06,143.14,143.01,143.04,33262
ORCL,2026-09-15,13:32,143.04,143.09,143.04,143.08,24626
ORCL,2026-09-15,13:33,143.08,143.1575,143.0121,143.07,39170
ORCL,2026-09-15,13:34,143.06,143.1,142.98,143.095,48090
ORCL,2026-09-15,13:35,143.09,143.2199,143.08,143.21,12453
ORCL,2026-09-15,13:36,143.22,143.25,143.1301,143.15,20810
ORCL,2026-09-15,13:37,143.14,143.25,143.07,143.235,21789
ORCL,2026-09-15,13:38,143.22,143.225,143.1401,143.15,8398
ORCL,2026-09-15,13:39,143.15,143.16,143,143.0299,27779
ORCL,2026-09-15,13:40,143.06,143.1,143.01,143.08,15928
ORCL,2026-09-15,13:41,143.07,143.1439,143.055,143.08,21719
ORCL,2026-09-15,13:42,143.0898,143.09,142.8952,142.905,20511
ORCL,2026-09-15,13:43,142.92,142.92,142.77,142.865,25311
ORCL,2026-09-15,13:44,142.86,142.9029,142.77,142.83,22322
ORCL,2026-09-15,13:45,142.8201,142.9,142.8201,142.9,24728
ORCL,2026-09-15,13:46,142.89,143.08,142.89,143.06,22365
ORCL,2026-09-15,13:47,143.05,143.05,142.8801,142.89,22318
ORCL,2026-09-15,13:48,142.89,142.95,142.81,142.81,19915
ORCL,2026-09-15,13:49,142.835,142.86,142.81,142.86,13352
ORCL,2026-09-15,13:50,142.85,142.9,142.79,142.895,15289
ORCL,2026-09-15,13:51,142.895,142.92,142.83,142.905,15786
ORCL,2026-09-15,13:52,142.93,142.94,142.88,142.91,15320
ORCL,2026-09-15,13:53,142.88,142.9999,142.86,142.98,15776
ORCL,2026-09-15,13:54,142.98,143,142.91,142.94,20383
ORCL,2026-09-15,13:55,142.95,142.99,142.86,142.9,14182
ORCL,2026-09-15,13:56,142.892,143.0499,142.86,142.98,22153
ORCL,2026-09-15,13:57,142.9701,142.9925,142.9,142.91,16267
ORCL,2026-09-15,13:58,142.93,142.93,142.75,142.82,25906
ORCL,2026-09-15,13:59,142.81,142.95,142.81,142.925,18316
ORCL,2026-09-15,14:00,142.95,142.95,142.55,142.5515,43785
ORCL,2026-09-15,14:01,142.58,142.6,142.41,142.58,110879
ORCL,2026-09-15,14:02,142.55,142.61,142.42,142.54,26288
ORCL,2026-09-15,14:03,142.525,142.57,142.515,142.54,16534
ORCL,2026-09-15,14:04,142.529,142.53,142.37,142.425,35096
ORCL,2026-09-15,14:05,142.425,142.45,142.3,142.39,65642
ORCL,2026-09-15,14:06,142.42,142.42,142.26,142.4,34159
ORCL,2026-09-15,14:07,142.39,142.39,142.3,142.39,24512
ORCL,2026-09-15,14:08,142.37,142.39,142.33,142.38,17855
ORCL,2026-09-15,14:09,142.38,142.43,142.36,142.41,27150
ORCL,2026-09-15,14:10,142.43,142.43,142.35,142.37,33598
ORCL,2026-09-15,14:11,142.365,142.415,142.3,142.41,32039
ORCL,2026-09-15,14:12,142.4189,142.44,142.3,142.385,28179
ORCL,2026-09-15,14:13,142.385,142.48,142.36,142.48,26091
ORCL,2026-09-15,14:14,142.49,142.51,142.28,142.3,31607
ORCL,2026-09-15,14:15,142.3,142.3299,142.18,142.182,37792
ORCL,2026-09-15,14:16,142.18,142.21,142.03,142.06,65810
ORCL,2026-09-15,14:17,142.0899,142.11,141.92,141.925,85653
ORCL,2026-09-15,14:18,141.925,141.933,141.812,141.812,56913
ORCL,2026-09-15,14:19,141.815,141.83,141.67,141.7051,74315
ORCL,2026-09-15,14:20,141.68,141.7192,141.56,141.64,71154
ORCL,2026-09-15,14:21,141.65,141.78,141.65,141.76,31198
ORCL,2026-09-15,14:22,141.77,141.8,141.69,141.7047,83823
ORCL,2026-09-15,14:23,141.71,141.735,141.56,141.59,53854
ORCL,2026-09-15,14:24,141.59,141.6199,141.3,141.41,93020
ORCL,2026-09-15,14:25,141.41,141.435,141.3237,141.4,48539
ORCL,2026-09-15,14:26,141.4,141.58,141.34,141.54,65618
ORCL,2026-09-15,14:27,141.53,141.595,141.51,141.54,52351
ORCL,2026-09-15,14:28,141.57,141.57,141.395,141.445,53302
ORCL,2026-09-15,14:29,141.445,141.57,141.42,141.5132,51410
ORCL,2026-09-15,14:30,141.505,141.52,141.39,141.445,42816
ORCL,2026-09-15,14:31,141.42,141.629,141.419,141.51,42404
ORCL,2026-09-15,14:32,141.51,141.6296,141.47,141.47,41059
ORCL,2026-09-15,14:33,141.47,141.495,141.3431,141.38,54304
ORCL,2026-09-15,14:34,141.375,141.43,141.36,141.415,24442
ORCL,2026-09-15,14:35,141.43,141.47,141.405,141.43,27891
ORCL,2026-09-15,14:36,141.435,141.44,141.26,141.28,48649
ORCL,2026-09-15,14:37,141.285,141.34,141.15,141.31,54243
ORCL,2026-09-15,14:38,141.29,141.39,141.28,141.36,22254
ORCL,2026-09-15,14:39,141.36,141.41,141.29,141.39,32534
ORCL,2026-09-15,14:40,141.39,141.42,141.3601,141.4,20922
ORCL,2026-09-15,14:41,141.405,141.57,141.39,141.505,60867
ORCL,2026-09-15,14:42,141.505,141.505,141.37,141.44,33290
ORCL,2026-09-15,14:43,141.415,141.46,141.39,141.45,98134
ORCL,2026-09-15,14:44,141.44,141.46,141.36,141.36,27686
ORCL,2026-09-15,14:45,141.35,141.35,141.23,141.23,31861
ORCL,2026-09-15,14:46,141.245,141.3,141.17,141.205,50844
ORCL,2026-09-15,14:47,141.18,141.181,141.01,141.1,92006
ORCL,2026-09-15,14:48,141.0999,141.1,140.97,140.99,111549
ORCL,2026-09-15,14:49,140.985,141,140.82,140.87,77861
ORCL,2026-09-15,14:50,140.8763,140.9599,140.83,140.915,61720
ORCL,2026-09-15,14:51,140.91,141,140.85,140.98,60208
ORCL,2026-09-15,14:52,140.96,141.03,140.92,140.98,50506
ORCL,2026-09-15,14:53,140.9987,141.1799,140.99,141.17,46917
ORCL,2026-09-15,14:54,141.1602,141.22,141.0801,141.17,58278
ORCL,2026-09-15,14:55,141.18,141.18,141.05,141.1064,49155
ORCL,2026-09-15,14:56,141.13,141.15,140.885,140.89,64769
ORCL,2026-09-15,14:57,140.9199,141.12,140.87,141.065,80400
ORCL,2026-09-15,14:58,141.09,141.17,141.04,141.14,54116
ORCL,2026-09-15,14:59,141.1599,141.25,141.135,141.235,58176
ORCL,2026-09-15,15:00,141.22,141.29,141.17,141.185,31422
ORCL,2026-09-15,15:01,141.18,141.2,141.02,141.03,44356
ORCL,2026-09-15,15:02,141.022,141.115,141,141.055,57601
ORCL,2026-09-15,15:03,141.055,141.21,141.055,141.16,39035
ORCL,2026-09-15,15:04,141.19,141.36,141.165,141.26,49910
ORCL,2026-09-15,15:05,141.26,141.2607,140.88,141.04,77487
ORCL,2026-09-15,15:06,141.0528,141.0528,140.98,141.005,36376
ORCL,2026-09-15,15:07,140.97,141.13,140.94,141.1198,59640
ORCL,2026-09-15,15:08,141.115,141.19,141.08,141.12,54234
ORCL,2026-09-15,15:09,141.115,141.2162,141.1,141.2162,45314
ORCL,2026-09-15,15:10,141.22,141.27,141.18,141.24,76833
ORCL,2026-09-15,15:11,141.23,141.29,141.17,141.26,41978
ORCL,2026-09-15,15:12,141.25,141.34,141.1401,141.325,66818
ORCL,2026-09-15,15:13,141.335,141.36,141.24,141.24,32466
ORCL,2026-09-15,15:14,141.24,141.32,141.2,141.21,79473
ORCL,2026-09-15,15:15,141.2,141.2,141.08,141.08,46856
ORCL,2026-09-15,15:16,141.08,141.11,140.98,141.03,62809
ORCL,2026-09-15,15:17,141.04,141.07,140.99,141,69921
ORCL,2026-09-15,15:18,141.01,141.03,140.93,140.99,42934
ORCL,2026-09-15,15:19,141,141.06,140.98,140.99,37754
ORCL,2026-09-15,15:20,140.98,141.04,140.92,140.965,53511
ORCL,2026-09-15,15:21,140.96,140.9665,140.6,140.84,263951
ORCL,2026-09-15,15:22,140.85,140.94,140.58,140.8,127366
ORCL,2026-09-15,15:23,140.815,140.87,140.67,140.725,121209
ORCL,2026-09-15,15:24,140.68,140.86,140.45,140.46,269278
ORCL,2026-09-15,15:25,140.456,140.51,140.33,140.49,138251
ORCL,2026-09-15,15:26,140.49,140.5299,140.43,140.49,72679
ORCL,2026-09-15,15:27,140.5,140.6999,140.28,140.48,196631
ORCL,2026-09-15,15:28,140.495,140.61,140.375,140.46,497775
ORCL,2026-09-15,15:29,140.4799,140.5,140.21,140.23,97555
ORCL,2026-09-15,15:30,140.2499,140.38,140.12,140.2,138469
ORCL,2026-09-15,15:31,140.2,140.32,140.16,140.165,61833
ORCL,2026-09-15,15:32,140.1574,140.18,140.06,140.1409,95177
ORCL,2026-09-15,15:33,140.18,140.435,140.15,140.355,70359
ORCL,2026-09-15,15:34,140.355,140.42,140.1,140.1,95437
ORCL,2026-09-15,15:35,140.08,140.23,140.02,140.2115,76142
ORCL,2026-09-15,15:36,140.215,140.4,140.215,140.36,59998
ORCL,2026-09-15,15:37,140.36,140.38,140.25,140.29,66636
ORCL,2026-09-15,15:38,140.29,140.33,140.22,140.25,64063
ORCL,2026-09-15,15:39,140.25,140.36,140.21,140.34,63676
ORCL,2026-09-15,15:40,140.32,140.32,140.15,140.15,71537
ORCL,2026-09-15,15:41,140.1502,140.17,140.02,140.04,71300
ORCL,2026-09-15,15:42,140.05,140.3,140.05,140.265,86989
ORCL,2026-09-15,15:43,140.2651,140.4,140.26,140.28,92700
ORCL,2026-09-15,15:44,140.295,140.3157,140.25,140.3,54923
ORCL,2026-09-15,15:45,140.29,140.3496,140.106,140.18,81862
ORCL,2026-09-15,15:46,140.14,140.2,140.07,140.195,67489
ORCL,2026-09-15,15:47,140.21,140.2194,140.15,140.2,44493
ORCL,2026-09-15,15:48,140.21,140.3,140.15,140.21,78370
ORCL,2026-09-15,15:49,140.21,140.29,140.19,140.2,53282
ORCL,2026-09-15,15:50,140.18,140.29,140.12,140.1444,78940
ORCL,2026-09-15,15:51,140.165,140.21,140.07,140.149,98865
ORCL,2026-09-15,15:52,140.12,140.22,140.1,140.185,87585
ORCL,2026-09-15,15:53,140.19,140.31,140.1784,140.23,118350
ORCL,2026-09-15,15:54,140.235,140.55,140.18,140.4384,175409
ORCL,2026-09-15,15:55,140.435,140.49,140.3,140.34,135067
ORCL,2026-09-15,15:56,140.3561,140.39,140.25,140.335,174155
ORCL,2026-09-15,15:57,140.335,140.4,140.26,140.3,186326
ORCL,2026-09-15,15:58,140.32,140.41,140.23,140.31,344106
ORCL,2026-09-15,15:59,140.32,140.38,140.1,140.34,483794
ORCL,2026-09-16,09:30,140.0012,140.0012,140.0012,140.0012,1387012
ORCL,2026-09-16,09:31,140.0679,140.47,139.39,139.575,405552
ORCL,2026-09-16,09:32,139.575,139.93,139,139.71,570708
ORCL,2026-09-16,09:33,139.72,139.8844,139.5701,139.735,125374
ORCL,2026-09-16,09:34,139.75,140.94,139.75,140.9107,177263
ORCL,2026-09-16,09:35,140.97,140.97,140.23,140.76,105083
ORCL,2026-09-16,09:36,140.7976,141.28,140.6574,141.27,132444
ORCL,2026-09-16,09:37,141.23,141.68,141.222,141.62,153882
ORCL,2026-09-16,09:38,141.62,142.07,141.56,142.05,154556
ORCL,2026-09-16,09:39,142.02,142.5699,141.92,142.5,147647
ORCL,2026-09-16,09:40,142.5098,142.61,142.1,142.155,175868
ORCL,2026-09-16,09:41,142.155,142.62,141.85,142.62,202364
ORCL,2026-09-16,09:42,142.62,142.79,142.24,142.46,204940
ORCL,2026-09-16,09:43,142.53,142.53,142.01,142.29,92629
ORCL,2026-09-16,09:44,142.22,142.3901,142.11,142.305,93037
ORCL,2026-09-16,09:45,142.305,142.8,142.29,142.6401,190927
ORCL,2026-09-16,09:46,142.68,143.88,142.5,143.84,321702
ORCL,2026-09-16,09:47,143.773,144.23,143.6,144.19,215408
ORCL,2026-09-16,09:48,144.205,144.34,143.89,144.34,198773
ORCL,2026-09-16,09:49,144.32,144.7,144.07,144.62,216654
ORCL,2026-09-16,09:50,144.6599,144.99,144.38,144.585,267119
ORCL,2026-09-16,09:51,144.59,144.85,144.52,144.83,146632
ORCL,2026-09-16,09:52,144.7646,145,144.6601,144.9,176796
ORCL,2026-09-16,09:53,144.93,144.98,144.61,144.83,151304
ORCL,2026-09-16,09:54,144.81,144.87,144.56,144.7925,93189
ORCL,2026-09-16,09:55,144.79,145,144.71,144.94,156448
ORCL,2026-09-16,09:56,144.94,146.18,144.8401,146.03,569497
ORCL,2026-09-16,09:57,146.035,146.055,145.36,145.395,185980
ORCL,2026-09-16,09:58,145.395,145.67,145.25,145.3595,161913
ORCL,2026-09-16,09:59,145.335,145.74,145.27,145.69,108523
ORCL,2026-09-16,10:00,145.69,145.885,145.63,145.72,204103
ORCL,2026-09-16,10:01,145.72,145.99,145.5801,145.85,163128
ORCL,2026-09-16,10:02,145.84,146.1,145.36,145.6,255846
ORCL,2026-09-16,10:03,145.565,145.96,145.5,145.752,120486
ORCL,2026-09-16,10:04,145.78,145.99,145.65,145.79,162573
ORCL,2026-09-16,10:05,145.81,146.06,145.7274,145.8367,135319
ORCL,2026-09-16,10:06,145.8112,146,145.722,145.8,96359
ORCL,2026-09-16,10:07,145.805,145.9,145.6,145.82,77667
ORCL,2026-09-16,10:08,145.82,146.18,145.72,146.1586,144894
ORCL,2026-09-16,10:09,146.15,146.52,146.15,146.46,739616
ORCL,2026-09-16,10:10,146.44,146.5,145.88,145.915,168780
ORCL,2026-09-16,10:11,145.9042,145.9042,144.901,145.0877,229846
ORCL,2026-09-16,10:12,145.045,145.3,144.9101,145.25,126089
ORCL,2026-09-16,10:13,145.25,145.2855,144.91,145.11,76418
ORCL,2026-09-16,10:14,145.085,145.19,144.6,144.8801,114343
ORCL,2026-09-16,10:15,144.93,145.08,144.75,144.82,92630
ORCL,2026-09-16,10:16,144.865,144.9,144.5,144.825,112529
ORCL,2026-09-16,10:17,144.825,144.8601,144.5301,144.6995,78428
ORCL,2026-09-16,10:18,144.68,144.89,144.51,144.81,123742
ORCL,2026-09-16,10:19,144.81,144.81,144.61,144.71,75518
ORCL,2026-09-16,10:20,144.6606,144.95,144.6,144.86,110083
ORCL,2026-09-16,10:21,144.9118,145,144.73,144.92,99044
ORCL,2026-09-16,10:22,144.865,144.9,144,144.63,131418
ORCL,2026-09-16,10:23,144.595,144.8,144.465,144.695,150293
ORCL,2026-09-16,10:24,144.695,144.75,144.48,144.54,102362
ORCL,2026-09-16,10:25,144.575,144.6175,144.24,144.49,313005
ORCL,2026-09-16,10:26,144.42,144.59,144.415,144.57,49410
ORCL,2026-09-16,10:27,144.5514,144.62,143.81,143.885,164760
ORCL,2026-09-16,10:28,143.86,144.16,143.75,143.82,148595
ORCL,2026-09-16,10:29,143.81,143.9799,143.61,143.76,157838
ORCL,2026-09-16,10:30,143.795,143.91,143.43,143.515,91566
ORCL,2026-09-16,10:31,143.52,143.58,143.31,143.435,67341
ORCL,2026-09-16,10:32,143.425,143.46,143.1404,143.2951,92201
ORCL,2026-09-16,10:33,143.295,143.4,143.21,143.33,75662
ORCL,2026-09-16,10:34,143.35,143.37,143.02,143.2308,102457
ORCL,2026-09-16,10:35,143.24,143.29,142.9,142.92,79325
ORCL,2026-09-16,10:36,142.9599,142.98,142.53,142.6378,122380
ORCL,2026-09-16,10:37,142.55,142.94,142.53,142.85,75792
ORCL,2026-09-16,10:38,142.83,143.06,142.8,142.925,91085
ORCL,2026-09-16,10:39,142.9,143.06,142.875,143.045,47008
ORCL,2026-09-16,10:40,143.06,143.25,143.03,143.25,76649
ORCL,2026-09-16,10:41,143.246,143.4,143.16,143.3,74239
ORCL,2026-09-16,10:42,143.23,143.385,143.12,143.35,77612
ORCL,2026-09-16,10:43,143.35,143.5454,143.32,143.43,76400
ORCL,2026-09-16,10:44,143.42,143.46,142.9,142.955,71267
ORCL,2026-09-16,10:45,142.9113,143.11,142.9,143.06,44747
ORCL,2026-09-16,10:46,143.085,143.2999,143.0501,143.26,53662
ORCL,2026-09-16,10:47,143.26,143.3185,143.16,143.17,36525
ORCL,2026-09-16,10:48,143.19,143.19,142.8503,142.87,40560
ORCL,2026-09-16,10:49,142.88,142.916,142.73,142.9099,70085
ORCL,2026-09-16,10:50,142.895,142.99,142.54,142.57,89617
ORCL,2026-09-16,10:51,142.61,142.71,142.51,142.59,48755
ORCL,2026-09-16,10:52,142.61,142.73,142.43,142.545,59609
ORCL,2026-09-16,10:53,142.545,142.62,142.5,142.565,41495
ORCL,2026-09-16,10:54,142.59,142.89,142.58,142.75,71530
ORCL,2026-09-16,10:55,142.75,142.83,142.69,142.785,34721
ORCL,2026-09-16,10:56,142.77,142.8,142.69,142.755,48065
ORCL,2026-09-16,10:57,142.77,142.859,142.75,142.85,32299
ORCL,2026-09-16,10:58,142.83,142.88,142.76,142.805,32847
ORCL,2026-09-16,10:59,142.83,142.97,142.805,142.915,42785
ORCL,2026-09-16,11:00,142.9,143.035,142.9,142.97,46906
ORCL,2026-09-16,11:01,143.005,143.1,142.97,143.0664,30243
ORCL,2026-09-16,11:02,143.0105,143.23,142.955,143.23,66820
ORCL,2026-09-16,11:03,143.2,143.35,143.08,143.08,33553
ORCL,2026-09-16,11:04,143.0997,143.37,143.0451,143.355,28024
ORCL,2026-09-16,11:05,143.34,143.37,143.22,143.26,34011
ORCL,2026-09-16,11:06,143.28,143.38,143.23,143.31,27955
ORCL,2026-09-16,11:07,143.3,143.6,143.24,143.46,45908
ORCL,2026-09-16,11:08,143.51,143.52,143.28,143.2801,29116
ORCL,2026-09-16,11:09,143.32,143.39,143.26,143.335,22594
ORCL,2026-09-16,11:10,143.33,143.46,143.29,143.35,33295
ORCL,2026-09-16,11:11,143.365,143.44,143.28,143.3452,35695
ORCL,2026-09-16,11:12,143.36,143.555,143.325,143.55,31374
ORCL,2026-09-16,11:13,143.5401,143.58,143.42,143.52,23217
ORCL,2026-09-16,11:14,143.53,143.59,143.51,143.57,21953
ORCL,2026-09-16,11:15,143.565,143.565,143.36,143.39,78728
ORCL,2026-09-16,11:16,143.42,143.4515,143.3,143.32,26231
ORCL,2026-09-16,11:17,143.34,143.74,143.2101,143.67,62574
ORCL,2026-09-16,11:18,143.69,143.72,143.58,143.71,56174
ORCL,2026-09-16,11:19,143.705,143.857,143.66,143.6701,42325
ORCL,2026-09-16,11:20,143.715,143.82,143.62,143.82,27937
ORCL,2026-09-16,11:21,143.8,143.88,143.71,143.775,42655
ORCL,2026-09-16,11:22,143.775,143.92,143.775,143.815,48878
ORCL,2026-09-16,11:23,143.815,143.84,143.61,143.65,32373
ORCL,2026-09-16,11:24,143.66,143.91,143.6452,143.88,27220
ORCL,2026-09-16,11:25,143.89,144,143.82,143.97,53145
ORCL,2026-09-16,11:26,143.93,143.965,143.87,143.87,45589
ORCL,2026-09-16,11:27,143.88,144,143.87,143.95,1409217
ORCL,2026-09-16,11:28,143.95,143.99,143.9,143.92,26204
ORCL,2026-09-16,11:29,143.925,144,143.78,143.96,46433
ORCL,2026-09-16,11:30,143.94,143.97,143.8235,143.84,22717
ORCL,2026-09-16,11:31,143.85,144.05,143.8288,143.93,54725
ORCL,2026-09-16,11:32,143.86,143.89,143.63,143.69,57563
ORCL,2026-09-16,11:33,143.7,143.74,143.55,143.56,51393
ORCL,2026-09-16,11:34,143.61,143.75,143.5601,143.64,36670
ORCL,2026-09-16,11:35,143.64,143.75,143.64,143.665,34635
ORCL,2026-09-16,11:36,143.665,143.8,143.61,143.75,38540
ORCL,2026-09-16,11:37,143.7559,143.89,143.72,143.8,34329
ORCL,2026-09-16,11:38,143.78,143.92,143.77,143.8604,25153
ORCL,2026-09-16,11:39,143.857,144,143.8501,143.9709,34007
ORCL,2026-09-16,11:40,143.97,144.0499,143.9,144.03,33989
ORCL,2026-09-16,11:41,144.03,144.03,143.87,143.88,20514
ORCL,2026-09-16,11:42,143.89,144,143.85,143.93,41700
ORCL,2026-09-16,11:43,143.91,143.92,143.76,143.805,26207
ORCL,2026-09-16,11:44,143.7801,143.84,143.77,143.8,23074
ORCL,2026-09-16,11:45,143.77,143.84,143.75,143.825,22218
ORCL,2026-09-16,11:46,143.84,143.85,143.7504,143.8499,114068
ORCL,2026-09-16,11:47,143.85,144.35,143.82,143.96,67838
ORCL,2026-09-16,11:48,143.93,144,143.825,143.915,44313
ORCL,2026-09-16,11:49,143.91,143.935,143.77,143.86,28011
ORCL,2026-09-16,11:50,143.88,143.93,143.795,143.835,45682
ORCL,2026-09-16,11:51,143.835,143.85,143.72,143.725,18599
ORCL,2026-09-16,11:52,143.725,143.83,143.68,143.79,33247
ORCL,2026-09-16,11:53,143.79,143.85,143.74,143.82,29612
ORCL,2026-09-16,11:54,143.8201,143.8201,143.66,143.74,19588
ORCL,2026-09-16,11:55,143.725,143.79,143.66,143.7,24050
ORCL,2026-09-16,11:56,143.6905,143.7375,143.62,143.69,21714
ORCL,2026-09-16,11:57,143.69,143.72,143.46,143.495,39423
ORCL,2026-09-16,11:58,143.495,143.62,143.495,143.585,53681
ORCL,2026-09-16,11:59,143.61,143.68,143.55,143.58,36932
ORCL,2026-09-16,12:00,143.595,143.65,143.5,143.545,50658
ORCL,2026-09-16,12:01,143.545,143.56,143.37,143.41,32638
ORCL,2026-09-16,12:02,143.41,143.43,143.3,143.325,24740
ORCL,2026-09-16,12:03,143.32,143.465,143.26,143.455,33430
ORCL,2026-09-16,12:04,143.45,143.55,143.3901,143.53,23736
ORCL,2026-09-16,12:05,143.54,143.61,143.4471,143.57,39167
ORCL,2026-09-16,12:06,143.6,143.61,143.53,143.54,18717
ORCL,2026-09-16,12:07,143.54,143.54,143.4,143.435,24559
ORCL,2026-09-16,12:08,143.42,143.52,143.34,143.37,32857
ORCL,2026-09-16,12:09,143.37,143.49,143.37,143.44,20634
ORCL,2026-09-16,12:10,143.425,143.58,143.425,143.53,25028
ORCL,2026-09-16,12:11,143.55,143.5599,143.45,143.475,14194
ORCL,2026-09-16,12:12,143.48,143.55,143.47,143.545,28113
ORCL,2026-09-16,12:13,143.54,143.6199,143.53,143.61,29806
ORCL,2026-09-16,12:14,143.6,143.72,143.56,143.71,20630
ORCL,2026-09-16,12:15,143.705,143.79,143.67,143.79,34326
ORCL,2026-09-16,12:16,143.78,143.785,143.62,143.69,25177
ORCL,2026-09-16,12:17,143.681,143.89,143.6804,143.885,57297
ORCL,2026-09-16,12:18,143.8801,143.99,143.88,143.965,37280
ORCL,2026-09-16,12:19,143.965,144.02,143.86,143.88,35255
ORCL,2026-09-16,12:20,143.89,143.93,143.81,143.8201,19831
ORCL,2026-09-16,12:21,143.84,143.84,143.7501,143.7501,16405
ORCL,2026-09-16,12:22,143.76,143.7799,143.712,143.75,15259
ORCL,2026-09-16,12:23,143.77,143.88,143.735,143.8129,36640
ORCL,2026-09-16,12:24,143.785,143.785,143.59,143.66,28151
ORCL,2026-09-16,12:25,143.64,143.7269,143.59,143.725,30312
ORCL,2026-09-16,12:26,143.725,143.8,143.69,143.755,16478
ORCL,2026-09-16,12:27,143.76,143.82,143.685,143.76,17347
ORCL,2026-09-16,12:28,143.765,143.765,143.69,143.7,20174
ORCL,2026-09-16,12:29,143.695,143.95,143.66,143.835,50540
ORCL,2026-09-16,12:30,143.87,143.91,143.71,143.89,76849
ORCL,2026-09-16,12:31,143.8786,144.02,143.8786,143.96,54917
ORCL,2026-09-16,12:32,143.9501,144.03,143.93,144.03,25339
ORCL,2026-09-16,12:33,144.03,144.1,143.9299,143.955,33434
ORCL,2026-09-16,12:34,143.96,143.97,143.89,143.915,30056
ORCL,2026-09-16,12:35,143.93,144.1999,143.88,144.14,57341
ORCL,2026-09-16,12:36,144.16,144.2206,144.12,144.19,20850
ORCL,2026-09-16,12:37,144.18,144.27,144.07,144.2,84829
ORCL,2026-09-16,12:38,144.17,144.2058,144.0808,144.11,42979
ORCL,2026-09-16,12:39,144.16,144.22,144.13,144.17,15684
ORCL,2026-09-16,12:40,144.175,144.21,144.1056,144.1302,25175
ORCL,2026-09-16,12:41,144.15,144.15,144.01,144.1,33803
ORCL,2026-09-16,12:42,144.0683,144.1272,143.982,144.12,44044
ORCL,2026-09-16,12:43,144.09,144.115,144.01,144.01,15974
ORCL,2026-09-16,12:44,144.015,144.06,143.79,143.79,38260
ORCL,2026-09-16,12:45,143.785,143.89,143.73,143.88,31938
ORCL,2026-09-16,12:46,143.87,143.89,143.765,143.86,18580
ORCL,2026-09-16,12:47,143.84,144,143.84,143.885,19336
ORCL,2026-09-16,12:48,143.93,143.96,143.85,143.85,24965
ORCL,2026-09-16,12:49,143.865,143.94,143.84,143.89,19821
ORCL,2026-09-16,12:50,143.92,143.96,143.79,143.855,31323
ORCL,2026-09-16,12:51,143.81,143.875,143.7,143.7078,27036
ORCL,2026-09-16,12:52,143.72,143.77,143.64,143.74,25175
ORCL,2026-09-16,12:53,143.66,143.68,143.54,143.54,24492
ORCL,2026-09-16,12:54,143.54,143.61,143.5,143.58,44957
ORCL,2026-09-16,12:55,143.58,143.71,143.58,143.705,30720
ORCL,2026-09-16,12:56,143.69,143.77,143.69,143.7199,22583
ORCL,2026-09-16,12:57,143.714,143.72,143.66,143.72,15324
ORCL,2026-09-16,12:58,143.72,143.76,143.59,143.625,27491
ORCL,2026-09-16,12:59,143.625,143.67,143.52,143.56,25400
ORCL,2026-09-16,13:00,143.5957,143.7,143.54,143.6,20254
ORCL,2026-09-16,13:01,143.62,143.64,143.5662,143.59,18643
ORCL,2026-09-16,13:02,143.57,143.65,143.56,143.5801,15747
ORCL,2026-09-16,13:03,143.605,143.63,143.56,143.6249,25664
ORCL,2026-09-16,13:04,143.635,143.6737,143.56,143.63,17452
ORCL,2026-09-16,13:05,143.66,143.6725,143.6,143.635,20661
ORCL,2026-09-16,13:06,143.67,143.6849,143.62,143.6849,13392
ORCL,2026-09-16,13:07,143.665,143.725,143.665,143.685,22667
ORCL,2026-09-16,13:08,143.71,143.86,143.69,143.7597,41582
ORCL,2026-09-16,13:09,143.745,143.8,143.68,143.78,16044
ORCL,2026-09-16,13:10,143.79,143.8375,143.74,143.78,32185
ORCL,2026-09-16,13:11,143.765,143.79,143.7,143.7101,19801
ORCL,2026-09-16,13:12,143.71,143.75,143.635,143.635,27649
ORCL,2026-09-16,13:13,143.64,143.6605,143.59,143.6457,25215
ORCL,2026-09-16,13:14,143.63,143.69,143.57,143.58,16277
ORCL,2026-09-16,13:15,143.5501,143.6445,143.5108,143.605,23359
ORCL,2026-09-16,13:16,143.58,143.61,143.5,143.52,20700
ORCL,2026-09-16,13:17,143.52,143.54,143.4,143.43,38277
ORCL,2026-09-16,13:18,143.41,143.5,143.3635,143.46,29523
ORCL,2026-09-16,13:19,143.4999,143.57,143.4377,143.53,25151
ORCL,2026-09-16,13:20,143.51,143.65,143.5001,143.585,30163
ORCL,2026-09-16,13:21,143.59,143.63,143.48,143.48,13909
ORCL,2026-09-16,13:22,143.51,143.56,143.5,143.525,16406
ORCL,2026-09-16,13:23,143.525,143.5409,143.38,143.38,38411
ORCL,2026-09-16,13:24,143.4179,143.5,143.35,143.49,35876
ORCL,2026-09-16,13:25,143.47,143.7,143.45,143.7,27705
ORCL,2026-09-16,13:26,143.7,143.7,143.62,143.6701,17369
ORCL,2026-09-16,13:27,143.705,143.83,143.69,143.7,24699
ORCL,2026-09-16,13:28,143.6997,143.72,143.36,143.38,28456
ORCL,2026-09-16,13:29,143.39,143.43,143.3285,143.3285,19885
ORCL,2026-09-16,13:30,143.34,143.41,143.22,143.3199,23504
ORCL,2026-09-16,13:31,143.27,143.31,143.2103,143.25,30776
ORCL,2026-09-16,13:32,143.22,143.3,143.15,143.2,23935
ORCL,2026-09-16,13:33,143.21,143.2214,143.17,143.19,30763
ORCL,2026-09-16,13:34,143.2,143.22,143.14,143.1401,20273
ORCL,2026-09-16,13:35,143.1795,143.1795,143.1,143.17,24366
ORCL,2026-09-16,13:36,143.17,143.2325,143.125,143.2,32691
ORCL,2026-09-16,13:37,143.22,143.25,143.2001,143.225,21853
ORCL,2026-09-16,13:38,143.24,143.25,143.2,143.225,28722
ORCL,2026-09-16,13:39,143.21,143.21,143.1,143.17,26205
ORCL,2026-09-16,13:40,143.16,143.2,143.13,143.155,16777
ORCL,2026-09-16,13:41,143.155,143.155,143.1027,143.1272,16815
ORCL,2026-09-16,13:42,143.13,143.15,143.093,143.14,28323
ORCL,2026-09-16,13:43,143.13,143.17,142.9,142.92,67811
ORCL,2026-09-16,13:44,142.94,142.96,142.8701,142.91,30898
ORCL,2026-09-16,13:45,142.89,143,142.89,142.995,24261
ORCL,2026-09-16,13:46,143.001,143.08,142.87,143.0194,31427
ORCL,2026-09-16,13:47,143,143.06,142.92,142.97,19222
ORCL,2026-09-16,13:48,142.99,143.035,142.8782,142.9,23124
ORCL,2026-09-16,13:49,142.8824,142.9406,142.82,142.9,43405
ORCL,2026-09-16,13:50,142.905,142.94,142.83,142.89,27230
ORCL,2026-09-16,13:51,142.88,142.88,142.83,142.865,19889
ORCL,2026-09-16,13:52,142.86,142.88,142.78,142.82,28146
ORCL,2026-09-16,13:53,142.845,143.1108,142.82,143.1,43233
ORCL,2026-09-16,13:54,143.1,143.1,142.92,142.945,50663
ORCL,2026-09-16,13:55,142.96,142.99,142.92,142.955,29945
ORCL,2026-09-16,13:56,142.96,143.1044,142.946,143.06,49353
ORCL,2026-09-16,13:57,143.04,143.09,143.02,143.08,17141
ORCL,2026-09-16,13:58,143.09,143.2,143.06,143.1603,36385
ORCL,2026-09-16,13:59,143.14,143.23,143.11,143.2,32118
ORCL,2026-09-16,14:00,143.19,143.38,142.572,142.6179,104312
ORCL,2026-09-16,14:01,142.61,142.9895,142.56,142.84,52749
ORCL,2026-09-16,14:02,142.84,143.15,142.7,143.125,56832
ORCL,2026-09-16,14:03,143.17,143.82,143.135,143.7,85174
ORCL,2026-09-16,14:04,143.67,144.14,143.63,144.115,74912
ORCL,2026-09-16,14:05,144.0892,144.4,143.98,144.33,153752
ORCL,2026-09-16,14:06,144.345,144.61,144.19,144.455,146420
ORCL,2026-09-16,14:07,144.5,144.78,144.3,144.52,88448
ORCL,2026-09-16,14:08,144.56,144.98,144.56,144.965,86066
ORCL,2026-09-16,14:09,144.94,144.97,144.77,144.77,79799
ORCL,2026-09-16,14:10,144.78,144.87,144.2733,144.33,105426
ORCL,2026-09-16,14:11,144.35,144.58,144.235,144.36,89256
ORCL,2026-09-16,14:12,144.3601,144.38,144.0901,144.16,61328
ORCL,2026-09-16,14:13,144.17,144.6,143.92,144.49,104255
ORCL,2026-09-16,14:14,144.49,144.53,144.195,144.35,45874
ORCL,2026-09-16,14:15,144.3162,144.53,144.235,144.235,52416
ORCL,2026-09-16,14:16,144.235,144.34,144.23,144.25,32833
ORCL,2026-09-16,14:17,144.26,144.46,144.2437,144.44,55974
ORCL,2026-09-16,14:18,144.445,144.53,144.22,144.24,45092
ORCL,2026-09-16,14:19,144.26,144.44,144.17,144.3939,59496
ORCL,2026-09-16,14:20,144.365,144.53,144.2611,144.345,57482
ORCL,2026-09-16,14:21,144.4,144.53,144.35,144.46,29114
ORCL,2026-09-16,14:22,144.49,144.79,144.46,144.65,50505
ORCL,2026-09-16,14:23,144.69,144.79,144.55,144.6,63398
ORCL,2026-09-16,14:24,144.6,144.605,144.43,144.47,32816
ORCL,2026-09-16,14:25,144.44,144.5046,144.38,144.41,38474
ORCL,2026-09-16,14:26,144.41,144.58,144.38,144.5025,34505
ORCL,2026-09-16,14:27,144.4864,144.4864,144,144.07,94953
ORCL,2026-09-16,14:28,144.07,144.2,144.04,144.195,59338
ORCL,2026-09-16,14:29,144.23,144.5,144.17,144.43,58685
ORCL,2026-09-16,14:30,144.435,144.48,144.3101,144.45,41960
ORCL,2026-09-16,14:31,144.45,144.45,143.95,144.01,46752
ORCL,2026-09-16,14:32,143.97,144.05,143.77,144,75987
ORCL,2026-09-16,14:33,144.03,144.08,143.81,143.85,49898
ORCL,2026-09-16,14:34,143.87,143.99,143.745,143.83,58668
ORCL,2026-09-16,14:35,143.88,143.88,143.22,143.46,72052
ORCL,2026-09-16,14:36,143.5,143.5499,143.0704,143.08,87353
ORCL,2026-09-16,14:37,143.08,143.3,143.08,143.23,62149
ORCL,2026-09-16,14:38,143.3,143.73,143.275,143.43,101256
ORCL,2026-09-16,14:39,143.42,143.75,143.4,143.6043,41811
ORCL,2026-09-16,14:40,143.6,143.85,143.5,143.85,43652
ORCL,2026-09-16,14:41,143.815,144.07,143.72,144.035,104136
ORCL,2026-09-16,14:42,144.035,144.47,144.035,144.47,60615
ORCL,2026-09-16,14:43,144.46,144.59,144.37,144.56,94124
ORCL,2026-09-16,14:44,144.54,144.55,144.11,144.125,41455
ORCL,2026-09-16,14:45,144.16,144.53,144.03,144.38,55634
ORCL,2026-09-16,14:46,144.36,144.42,144.2501,144.32,33284
ORCL,2026-09-16,14:47,144.32,144.32,144,144.05,46870
ORCL,2026-09-16,14:48,144.0767,144.0788,143.83,143.8376,70096
ORCL,2026-09-16,14:49,143.79,143.845,143.61,143.745,48248
ORCL,2026-09-16,14:50,143.71,143.8799,143.62,143.665,48019
ORCL,2026-09-16,14:51,143.69,143.7699,143.35,143.7001,67452
ORCL,2026-09-16,14:52,143.7474,143.76,143.16,143.265,50912
ORCL,2026-09-16,14:53,143.23,143.54,143.11,143.1599,41023
ORCL,2026-09-16,14:54,143.1,143.2,143,143.03,61143
ORCL,2026-09-16,14:55,143.035,143.2429,142.93,143.04,73864
ORCL,2026-09-16,14:56,143.0585,143.0585,142.7,142.7951,60559
ORCL,2026-09-16,14:57,142.73,142.73,142.49,142.705,112398
ORCL,2026-09-16,14:58,142.71,142.85,142.62,142.765,62663
ORCL,2026-09-16,14:59,142.765,142.96,142.58,142.63,43836
ORCL,2026-09-16,15:00,142.63,143.248,142.6,143.08,88394
ORCL,2026-09-16,15:01,143.06,143.08,142.81,142.92,78464
ORCL,2026-09-16,15:02,142.92,143.22,142.9,143.08,43122
ORCL,2026-09-16,15:03,143.14,143.5,143.115,143.465,48297
ORCL,2026-09-16,15:04,143.465,143.55,143.29,143.355,67922
ORCL,2026-09-16,15:05,143.32,143.37,143.03,143.32,42254
ORCL,2026-09-16,15:06,143.32,143.42,143.185,143.24,39531
ORCL,2026-09-16,15:07,143.22,143.2299,142.97,143.2299,54442
ORCL,2026-09-16,15:08,143.12,143.2205,142.81,142.87,64855
ORCL,2026-09-16,15:09,142.87,142.93,142.76,142.898,61393
ORCL,2026-09-16,15:10,142.94,142.95,142.6601,142.69,49719
ORCL,2026-09-16,15:11,142.695,142.76,142.35,142.4681,139103
ORCL,2026-09-16,15:12,142.52,142.65,142.3101,142.405,87534
ORCL,2026-09-16,15:13,142.38,142.55,142.27,142.39,63328
ORCL,2026-09-16,15:14,142.4151,142.63,142.3301,142.446,57096
ORCL,2026-09-16,15:15,142.46,142.69,142.3172,142.45,69960
ORCL,2026-09-16,15:16,142.45,142.45,142.11,142.29,74991
ORCL,2026-09-16,15:17,142.22,142.24,141.75,141.78,126930
ORCL,2026-09-16,15:18,141.7758,141.88,141.62,141.69,68832
ORCL,2026-09-16,15:19,141.69,141.7252,141.37,141.494,192148
ORCL,2026-09-16,15:20,141.5,141.72,141.41,141.41,90184
ORCL,2026-09-16,15:21,141.48,141.5,141.201,141.275,121339
ORCL,2026-09-16,15:22,141.31,141.43,141.05,141.21,155405
ORCL,2026-09-16,15:23,141.215,141.3892,141.15,141.2669,129840
ORCL,2026-09-16,15:24,141.27,141.4,141.17,141.4,113046
ORCL,2026-09-16,15:25,141.38,141.5799,141.15,141.155,62294
ORCL,2026-09-16,15:26,141.14,141.21,141.07,141.15,70888
ORCL,2026-09-16,15:27,141.155,141.42,141.1,141.3601,132142
ORCL,2026-09-16,15:28,141.42,141.5899,141.39,141.46,67154
ORCL,2026-09-16,15:29,141.49,141.85,141.43,141.7101,123907
ORCL,2026-09-16,15:30,141.71,141.9999,141.64,141.965,65717
ORCL,2026-09-16,15:31,141.98,142.095,141.89,142.03,57598
ORCL,2026-09-16,15:32,142.05,142.33,142.03,142.24,89946
ORCL,2026-09-16,15:33,142.22,142.22,141.85,142.01,93979
ORCL,2026-09-16,15:34,142.01,142.3,141.99,142.14,67969
ORCL,2026-09-16,15:35,142.1,142.17,141.95,142.11,67212
ORCL,2026-09-16,15:36,142.08,142.08,141.9,141.93,63694
ORCL,2026-09-16,15:37,141.93,142.28,141.89,142.28,63200
ORCL,2026-09-16,15:38,142.265,142.47,142.25,142.36,61491
ORCL,2026-09-16,15:39,142.36,142.72,142.36,142.64,64837
ORCL,2026-09-16,15:40,142.62,142.65,142.46,142.49,66886
ORCL,2026-09-16,15:41,142.4985,142.61,142.3016,142.3016,53818
ORCL,2026-09-16,15:42,142.31,142.4493,142.26,142.39,59208
ORCL,2026-09-16,15:43,142.39,142.53,142.31,142.48,54691
ORCL,2026-09-16,15:44,142.48,142.5,142.36,142.39,53082
ORCL,2026-09-16,15:45,142.41,142.8,142.39,142.8,80609
ORCL,2026-09-16,15:46,142.81,142.89,142.72,142.78,66914
ORCL,2026-09-16,15:47,142.7875,142.86,142.77,142.825,66771
ORCL,2026-09-16,15:48,142.81,142.9,142.7,142.79,82481
ORCL,2026-09-16,15:49,142.79,142.82,142.6,142.66,77113
ORCL,2026-09-16,15:50,142.69,142.9975,142.64,142.895,151236
ORCL,2026-09-16,15:51,142.895,142.995,142.84,142.88,100208
ORCL,2026-09-16,15:52,142.86,142.99,142.75,142.93,86430
ORCL,2026-09-16,15:53,142.94,143.18,142.86,143.14,130164
ORCL,2026-09-16,15:54,143.15,143.2699,143.1,143.13,89933
ORCL,2026-09-16,15:55,143.11,143.17,142.85,143.02,154385
ORCL,2026-09-16,15:56,143.04,143.24,142.9,143.23,152867
ORCL,2026-09-16,15:57,143.215,143.4,142.94,142.98,174449
ORCL,2026-09-16,15:58,142.97,143.1,142.91,143.09,212565
ORCL,2026-09-16,15:59,143.08,143.28,142.96,143.2,444268
ORCL,2026-09-16,16:00,143.16,143.16,143.16,143.16,0
ORCL,2026-09-17,09:30,146.75,146.75,146.24,146.27,1061499
ORCL,2026-09-17,09:31,146.41,147.41,146.15,147.32,394599
ORCL,2026-09-17,09:32,147.2912,148.97,147.22,148.61,984673
ORCL,2026-09-17,09:33,148.6,148.87,147.3461,148.855,227498
ORCL,2026-09-17,09:34,148.8417,149.2,148.42,148.7136,218895
ORCL,2026-09-17,09:35,148.755,149.1,148.57,149.07,151949
ORCL,2026-09-17,09:36,149.1,149.6,148.51,148.625,281507
ORCL,2026-09-17,09:37,148.55,148.92,147.8,148.17,228989
ORCL,2026-09-17,09:38,148.15,148.54,147.77,147.935,165407
ORCL,2026-09-17,09:39,148,148.28,147.8,147.915,141823
ORCL,2026-09-17,09:40,147.9,148.6,147.87,148.5999,143265
ORCL,2026-09-17,09:41,148.55,149.11,148.48,148.55,224520
ORCL,2026-09-17,09:42,148.55,148.6,148.05,148.25,105742
ORCL,2026-09-17,09:43,148.22,148.62,148.09,148.55,78715
ORCL,2026-09-17,09:44,148.55,148.65,148.24,148.36,89907
ORCL,2026-09-17,09:45,148.375,148.51,148,148.07,89169
ORCL,2026-09-17,09:46,148.04,148.4235,147.8,148.36,127845
ORCL,2026-09-17,09:47,148.3311,148.99,148.3,148.925,123723
ORCL,2026-09-17,09:48,148.925,149.32,148.87,148.96,201396
ORCL,2026-09-17,09:49,148.9451,149.45,148.8735,149.0606,107611
ORCL,2026-09-17,09:50,149.115,149.5538,149.11,149.43,114298
ORCL,2026-09-17,09:51,149.43,149.445,149.0701,149.3222,92897
ORCL,2026-09-17,09:52,149.305,149.66,149.2,149.54,138932
ORCL,2026-09-17,09:53,149.545,149.58,149.2801,149.39,73705
ORCL,2026-09-17,09:54,149.41,149.58,149.09,149.09,76684
ORCL,2026-09-17,09:55,149.12,149.3,148.93,149.09,83782
ORCL,2026-09-17,09:56,149.0449,149.2,148.93,148.99,77008
ORCL,2026-09-17,09:57,149.005,149.31,148.9101,149.27,68394
ORCL,2026-09-17,09:58,149.27,149.27,148.6,148.81,80254
ORCL,2026-09-17,09:59,148.71,149.25,148.69,149.235,89230
ORCL,2026-09-17,10:00,149.21,149.41,149.1,149.18,78552
ORCL,2026-09-17,10:01,149.15,149.2,148.41,148.5232,90976
ORCL,2026-09-17,10:02,148.54,148.9999,148.46,148.7625,77188
ORCL,2026-09-17,10:03,148.75,148.78,148.51,148.63,60706
ORCL,2026-09-17,10:04,148.65,148.665,148.39,148.62,82117
ORCL,2026-09-17,10:05,148.63,148.9999,148.49,148.8,65390
ORCL,2026-09-17,10:06,148.83,148.97,148.4593,148.52,54029
ORCL,2026-09-17,10:07,148.52,148.52,148.0601,148.1469,106243
ORCL,2026-09-17,10:08,148.135,148.62,148.1001,148.62,68095
ORCL,2026-09-17,10:09,148.62,148.75,148.45,148.695,59268
ORCL,2026-09-17,10:10,148.7,148.8467,148.6401,148.825,63664
ORCL,2026-09-17,10:11,148.82,148.86,148.6,148.665,48180
ORCL,2026-09-17,10:12,148.665,149.34,148.61,149.3,70314
ORCL,2026-09-17,10:13,149.26,149.48,149.18,149.4576,96631
ORCL,2026-09-17,10:14,149.445,149.92,149.39,149.855,167436
ORCL,2026-09-17,10:15,149.85,150.15,149.71,149.77,276995
ORCL,2026-09-17,10:16,149.754,150.05,149.7415,149.9599,95869
ORCL,2026-09-17,10:17,149.975,150.1599,149.8845,150.095,78950
ORCL,2026-09-17,10:18,150.055,150.15,149.9,150.005,89170
ORCL,2026-09-17,10:19,150.03,150.1,149.78,150.1,65918
ORCL,2026-09-17,10:20,150.0516,150.1,149.8022,150.0327,68287
ORCL,2026-09-17,10:21,150.055,150.67,149.945,150.565,181840
ORCL,2026-09-17,10:22,150.56,150.7,150.4301,150.485,192950
ORCL,2026-09-17,10:23,150.505,150.68,150.41,150.625,139627
ORCL,2026-09-17,10:24,150.59,150.75,150.2401,150.72,122689
ORCL,2026-09-17,10:25,150.725,150.91,150.56,150.78,94734
ORCL,2026-09-17,10:26,150.785,150.9,150.67,150.89,86782
ORCL,2026-09-17,10:27,150.89,151.43,150.88,151.275,176311
ORCL,2026-09-17,10:28,151.25,151.3,150.71,150.765,140407
ORCL,2026-09-17,10:29,150.76,150.805,150.32,150.6799,224664
ORCL,2026-09-17,10:30,150.625,150.7,150.4537,150.625,84160
ORCL,2026-09-17,10:31,150.67,151.0495,150.6303,150.911,87393
ORCL,2026-09-17,10:32,150.95,151,150.68,150.765,79428
ORCL,2026-09-17,10:33,150.78,150.89,150.71,150.74,74384
ORCL,2026-09-17,10:34,150.735,150.84,150.6401,150.775,71377
ORCL,2026-09-17,10:35,150.7502,150.8299,150.64,150.795,58169
ORCL,2026-09-17,10:36,150.7825,150.82,150.55,150.5686,101410
ORCL,2026-09-17,10:37,150.565,150.67,150.52,150.6,58474
ORCL,2026-09-17,10:38,150.62,150.71,150.57,150.67,47359
ORCL,2026-09-17,10:39,150.65,150.89,150.62,150.68,69377
ORCL,2026-09-17,10:40,150.65,150.725,150.5,150.67,47157
ORCL,2026-09-17,10:41,150.66,150.9,150.415,150.87,93628
ORCL,2026-09-17,10:42,150.86,150.895,150.7201,150.77,48528
ORCL,2026-09-17,10:43,150.77,150.7799,150.27,150.625,66480
ORCL,2026-09-17,10:44,150.69,150.83,150.6124,150.6946,46604
ORCL,2026-09-17,10:45,150.71,150.845,150.69,150.755,53665
ORCL,2026-09-17,10:46,150.7899,150.81,150.69,150.81,27664
ORCL,2026-09-17,10:47,150.82,150.87,150.525,150.525,44335
ORCL,2026-09-17,10:48,150.525,150.78,150.5,150.75,48065
ORCL,2026-09-17,10:49,150.74,150.9333,150.72,150.8899,62315
ORCL,2026-09-17,10:50,150.88,150.99,150.86,150.89,61090
ORCL,2026-09-17,10:51,150.9,151.21,150.8801,151.05,134056
ORCL,2026-09-17,10:52,151.035,151.06,150.84,150.99,65355
ORCL,2026-09-17,10:53,151.01,151.01,150.8401,150.8582,41393
ORCL,2026-09-17,10:54,150.8677,150.95,150.73,150.93,58559
ORCL,2026-09-17,10:55,150.915,150.99,150.8601,150.92,31960
ORCL,2026-09-17,10:56,150.915,150.99,150.86,150.96,37500
ORCL,2026-09-17,10:57,150.955,151.15,150.91,151.015,65740
ORCL,2026-09-17,10:58,151.019,151.21,150.86,150.9489,65704
ORCL,2026-09-17,10:59,150.9303,150.99,150.81,150.87,80079
ORCL,2026-09-17,11:00,150.9,150.94,150.77,150.865,45801
ORCL,2026-09-17,11:01,150.865,150.9,150.46,150.67,101168
ORCL,2026-09-17,11:02,150.64,150.755,150.4,150.54,75157
ORCL,2026-09-17,11:03,150.53,150.72,150.31,150.3501,59747
ORCL,2026-09-17,11:04,150.3501,150.405,150.1,150.31,67376
ORCL,2026-09-17,11:05,150.285,150.58,150.22,150.36,57953
ORCL,2026-09-17,11:06,150.3504,150.4692,150.2701,150.44,45379
ORCL,2026-09-17,11:07,150.44,150.4494,150.1136,150.365,46115
ORCL,2026-09-17,11:08,150.3329,150.48,150.23,150.41,38674
ORCL,2026-09-17,11:09,150.38,150.53,150.36,150.41,35990
ORCL,2026-09-17,11:10,150.425,150.5,150.265,150.355,38295
ORCL,2026-09-17,11:11,150.38,150.73,150.33,150.674,67972
ORCL,2026-09-17,11:12,150.665,150.68,150.5256,150.545,30274
ORCL,2026-09-17,11:13,150.545,150.62,150.5,150.62,54839
ORCL,2026-09-17,11:14,150.63,150.695,150.45,150.53,47857
ORCL,2026-09-17,11:15,150.535,150.57,150.39,150.465,41048
ORCL,2026-09-17,11:16,150.4575,150.48,150.3335,150.3999,31928
ORCL,2026-09-17,11:17,150.3901,150.425,150.24,150.4,47199
ORCL,2026-09-17,11:18,150.41,150.5,150.37,150.43,41224
ORCL,2026-09-17,11:19,150.43,150.5,150.42,150.47,31403
ORCL,2026-09-17,11:20,150.46,150.62,150.44,150.475,63281
ORCL,2026-09-17,11:21,150.4401,150.5,150.41,150.45,22743
ORCL,2026-09-17,11:22,150.45,150.58,150.45,150.5413,25606
ORCL,2026-09-17,11:23,150.5654,150.718,150.56,150.66,55867
ORCL,2026-09-17,11:24,150.63,150.785,150.5,150.705,67887
ORCL,2026-09-17,11:25,150.725,150.83,150.71,150.815,48126
ORCL,2026-09-17,11:26,150.8001,150.83,150.7,150.71,28895
ORCL,2026-09-17,11:27,150.73,150.87,150.66,150.8551,50198
ORCL,2026-09-17,11:28,150.845,150.845,150.68,150.765,32734
ORCL,2026-09-17,11:29,150.74,150.91,150.7,150.85,36557
ORCL,2026-09-17,11:30,150.82,151.08,150.78,151.025,77654
ORCL,2026-09-17,11:31,151.025,151.09,150.92,151.075,74678
ORCL,2026-09-17,11:32,151.075,151.28,151.054,151.14,84275
ORCL,2026-09-17,11:33,151.1301,151.22,151.05,151.05,43873
ORCL,2026-09-17,11:34,151.045,151.105,150.94,151.0801,61192
ORCL,2026-09-17,11:35,151.08,151.13,150.78,150.94,122660
ORCL,2026-09-17,11:36,150.945,151.105,150.8807,151.105,34560
ORCL,2026-09-17,11:37,151.101,151.101,150.8001,150.84,51134
ORCL,2026-09-17,11:38,150.82,151.13,150.8,151.13,38454
ORCL,2026-09-17,11:39,151.125,151.378,151.1,151.34,57336
ORCL,2026-09-17,11:40,151.335,151.35,151.17,151.235,55690
ORCL,2026-09-17,11:41,151.235,151.3,151.0237,151.06,64169
ORCL,2026-09-17,11:42,151.04,151.25,151,151.21,40136
ORCL,2026-09-17,11:43,151.1928,151.4,151.08,151.393,51197
ORCL,2026-09-17,11:44,151.4,151.62,151.39,151.555,79896
ORCL,2026-09-17,11:45,151.555,151.77,151.5,151.688,85712
ORCL,2026-09-17,11:46,151.6505,151.74,151.57,151.655,69223
ORCL,2026-09-17,11:47,151.6566,151.69,151.55,151.655,44731
ORCL,2026-09-17,11:48,151.66,151.7375,151.57,151.6,46238
ORCL,2026-09-17,11:49,151.58,151.705,151.51,151.59,35787
ORCL,2026-09-17,11:50,151.605,151.69,151.54,151.55,42445
ORCL,2026-09-17,11:51,151.565,151.58,151.485,151.575,38804
ORCL,2026-09-17,11:52,151.575,151.8582,151.575,151.85,52727
ORCL,2026-09-17,11:53,151.85,152,151.82,151.9301,93927
ORCL,2026-09-17,11:54,151.93,151.9686,151.65,151.685,68136
ORCL,2026-09-17,11:55,151.685,151.76,151.62,151.635,47245
ORCL,2026-09-17,11:56,151.63,151.71,151.5568,151.615,48954
ORCL,2026-09-17,11:57,151.62,151.6499,151.5,151.55,40485
ORCL,2026-09-17,11:58,151.6,151.75,151.54,151.72,30406
ORCL,2026-09-17,11:59,151.712,151.79,151.68,151.74,38766
ORCL,2026-09-17,12:00,151.73,151.73,151.49,151.525,38194
ORCL,2026-09-17,12:01,151.56,151.6999,151.48,151.64,44741
ORCL,2026-09-17,12:02,151.595,151.6,151.32,151.34,43532
ORCL,2026-09-17,12:03,151.34,151.39,151.29,151.37,36628
ORCL,2026-09-17,12:04,151.37,151.42,151.29,151.3,26896
ORCL,2026-09-17,12:05,151.31,151.31,150.97,150.97,70879
ORCL,2026-09-17,12:06,151,151.02,150.87,150.99,49016
ORCL,2026-09-17,12:07,150.9546,151.11,150.9546,151.02,69319
ORCL,2026-09-17,12:08,151.03,151.19,151.03,151.17,28059
ORCL,2026-09-17,12:09,151.16,151.315,151.07,151.3,52501
ORCL,2026-09-17,12:10,151.26,151.3499,151.12,151.21,55434
ORCL,2026-09-17,12:11,151.18,151.23,151.0685,151.22,36793
ORCL,2026-09-17,12:12,151.19,151.3,151.19,151.3,25051
ORCL,2026-09-17,12:13,151.26,151.27,151.08,151.17,47758
ORCL,2026-09-17,12:14,151.1505,151.36,151.1505,151.295,42820
ORCL,2026-09-17,12:15,151.25,151.35,151.25,151.31,27664
ORCL,2026-09-17,12:16,151.28,151.3141,151.14,151.205,48559
ORCL,2026-09-17,12:17,151.215,151.258,151.01,151.012,24104
ORCL,2026-09-17,12:18,151.01,151.17,150.97,151.145,56495
ORCL,2026-09-17,12:19,151.145,151.35,151.1249,151.305,34395
ORCL,2026-09-17,12:20,151.2785,151.34,151.24,151.268,54411
ORCL,2026-09-17,12:21,151.27,151.29,151.18,151.285,33919
ORCL,2026-09-17,12:22,151.3199,151.4,151.29,151.33,32232
ORCL,2026-09-17,12:23,151.33,151.4,151.31,151.34,18474
ORCL,2026-09-17,12:24,151.345,151.45,151.3,151.415,32219
ORCL,2026-09-17,12:25,151.415,151.4599,151.34,151.36,25104
ORCL,2026-09-17,12:26,151.34,151.36,151.2301,151.3,18446
ORCL,2026-09-17,12:27,151.315,151.32,151.25,151.29,25329
ORCL,2026-09-17,12:28,151.29,151.29,151.02,151.085,70468
ORCL,2026-09-17,12:29,151.085,151.085,151,151,16868
ORCL,2026-09-17,12:30,151.02,151.09,150.96,150.99,41471
ORCL,2026-09-17,12:31,151,151.01,150.795,150.82,73538
ORCL,2026-09-17,12:32,150.8,150.86,150.73,150.75,51827
ORCL,2026-09-17,12:33,150.75,150.77,150.52,150.57,68518
ORCL,2026-09-17,12:34,150.59,150.64,150.35,150.3705,62393
ORCL,2026-09-17,12:35,150.43,150.44,150.27,150.35,81176
ORCL,2026-09-17,12:36,150.37,150.4,150.29,150.305,35933
ORCL,2026-09-17,12:37,150.29,150.29,150.11,150.145,70547
ORCL,2026-09-17,12:38,150.145,150.26,150.0489,150.26,91884
ORCL,2026-09-17,12:39,150.23,150.375,150.11,150.35,31870
ORCL,2026-09-17,12:40,150.35,150.525,150.3,150.4,37302
ORCL,2026-09-17,12:41,150.38,150.47,150.3,150.455,31438
ORCL,2026-09-17,12:42,150.44,150.69,150.44,150.65,37869
ORCL,2026-09-17,12:43,150.67,150.86,150.655,150.805,47128
ORCL,2026-09-17,12:44,150.81,150.97,150.77,150.94,64519
ORCL,2026-09-17,12:45,150.93,151.1,150.81,150.96,57952
ORCL,2026-09-17,12:46,150.98,150.98,150.7,150.78,31121
ORCL,2026-09-17,12:47,150.74,150.84,150.74,150.7819,13973
ORCL,2026-09-17,12:48,150.82,150.8795,150.78,150.78,24795
ORCL,2026-09-17,12:49,150.79,150.8786,150.7401,150.815,32740
ORCL,2026-09-17,12:50,150.78,150.85,150.64,150.67,26226
ORCL,2026-09-17,12:51,150.66,150.8099,150.66,150.75,26046
ORCL,2026-09-17,12:52,150.74,150.79,150.6808,150.74,12426
ORCL,2026-09-17,12:53,150.78,150.78,150.68,150.68,10146
ORCL,2026-09-17,12:54,150.7,150.72,150.4,150.425,40679
ORCL,2026-09-17,12:55,150.45,150.695,150.25,150.36,81464
ORCL,2026-09-17,12:56,150.3101,150.39,150.2684,150.31,16404
ORCL,2026-09-17,12:57,150.26,150.39,150.26,150.315,21744
ORCL,2026-09-17,12:58,150.345,150.47,150.3,150.47,14942
ORCL,2026-09-17,12:59,150.45,150.67,150.45,150.67,34311
ORCL,2026-09-17,13:00,150.655,150.69,150.55,150.585,27373
ORCL,2026-09-17,13:01,150.585,150.585,150.48,150.56,12075
ORCL,2026-09-17,13:02,150.55,150.55,150.46,150.48,17267
ORCL,2026-09-17,13:03,150.48,150.65,150.46,150.625,20016
ORCL,2026-09-17,13:04,150.63,150.66,150.58,150.66,16454
ORCL,2026-09-17,13:05,150.69,150.72,150.515,150.545,21415
ORCL,2026-09-17,13:06,150.52,150.52,150.4101,150.485,21404
ORCL,2026-09-17,13:07,150.49,150.52,150.44,150.52,15936
ORCL,2026-09-17,13:08,150.4846,150.5,150.25,150.25,23601
ORCL,2026-09-17,13:09,150.2765,150.28,150.185,150.235,31240
ORCL,2026-09-17,13:10,150.24,150.24,150,150.03,54218
ORCL,2026-09-17,13:11,150.02,150.09,149.88,149.928,46162
ORCL,2026-09-17,13:12,149.91,149.96,149.85,149.89,42222
ORCL,2026-09-17,13:13,149.89,150.0538,149.86,149.93,50680
ORCL,2026-09-17,13:14,149.92,150,149.91,149.925,31334
ORCL,2026-09-17,13:15,149.95,150.0447,149.8701,150.0447,36045
ORCL,2026-09-17,13:16,150.02,150.03,149.97,149.99,16998
ORCL,2026-09-17,13:17,149.96,150.02,149.87,149.87,30627
ORCL,2026-09-17,13:18,149.9,149.9,149.67,149.69,44203
ORCL,2026-09-17,13:19,149.694,149.8,149.685,149.8,26501
ORCL,2026-09-17,13:20,149.82,149.845,149.72,149.73,12633
ORCL,2026-09-17,13:21,149.7,149.83,149.651,149.795,45412
ORCL,2026-09-17,13:22,149.7775,149.87,149.765,149.87,20577
ORCL,2026-09-17,13:23,149.87,149.9,149.79,149.85,30283
ORCL,2026-09-17,13:24,149.835,149.9,149.55,149.565,39082
ORCL,2026-09-17,13:25,149.55,149.7,149.55,149.68,24065
ORCL,2026-09-17,13:26,149.66,149.67,149.61,149.67,15077
ORCL,2026-09-17,13:27,149.67,149.75,149.67,149.75,17765
ORCL,2026-09-17,13:28,149.74,149.74,149.67,149.715,18083
ORCL,2026-09-17,13:29,149.7299,149.82,149.655,149.78,24125
ORCL,2026-09-17,13:30,149.7987,149.8189,149.5459,149.675,29458
ORCL,2026-09-17,13:31,149.65,149.68,149.58,149.679,15189
ORCL,2026-09-17,13:32,149.665,149.7,149.62,149.64,20937
ORCL,2026-09-17,13:33,149.635,149.7,149.635,149.675,16704
ORCL,2026-09-17,13:34,149.66,149.7052,149.61,149.68,27313
ORCL,2026-09-17,13:35,149.6873,149.77,149.65,149.77,17666
ORCL,2026-09-17,13:36,149.74,149.7877,149.74,149.755,17590
ORCL,2026-09-17,13:37,149.755,149.78,149.52,149.53,35842
ORCL,2026-09-17,13:38,149.53,149.635,149.53,149.545,21892
ORCL,2026-09-17,13:39,149.555,149.58,149.48,149.49,23640
ORCL,2026-09-17,13:40,149.5101,149.53,149.4201,149.49,27238
ORCL,2026-09-17,13:41,149.52,149.55,149.44,149.4948,26080
ORCL,2026-09-17,13:42,149.49,149.57,149.45,149.57,15377
ORCL,2026-09-17,13:43,149.54,149.63,149.5169,149.54,32262
ORCL,2026-09-17,13:44,149.545,149.545,149.4102,149.44,15827
ORCL,2026-09-17,13:45,149.449,149.55,149.35,149.55,33128
ORCL,2026-09-17,13:46,149.54,149.61,149.52,149.595,18798
ORCL,2026-09-17,13:47,149.6,149.64,149.59,149.62,20065
ORCL,2026-09-17,13:48,149.615,149.63,149.48,149.485,23583
ORCL,2026-09-17,13:49,149.475,149.5499,149.45,149.5,11725
ORCL,2026-09-17,13:50,149.52,149.52,149.42,149.42,14258
ORCL,2026-09-17,13:51,149.42,149.49,149.41,149.4858,16854
ORCL,2026-09-17,13:52,149.4401,149.4558,149.41,149.45,11005
ORCL,2026-09-17,13:53,149.45,149.541,149.45,149.45,22815
ORCL,2026-09-17,13:54,149.45,149.48,149.3204,149.38,28267
ORCL,2026-09-17,13:55,149.36,149.47,149.36,149.46,21023
ORCL,2026-09-17,13:56,149.455,149.46,149.4,149.42,11678
ORCL,2026-09-17,13:57,149.43,149.44,149.35,149.41,17015
ORCL,2026-09-17,13:58,149.41,149.43,149.3801,149.3801,7975
ORCL,2026-09-17,13:59,149.405,149.405,149.22,149.255,34163
ORCL,2026-09-17,14:00,149.255,149.37,149.25,149.35,17832
ORCL,2026-09-17,14:01,149.342,149.3925,149.3,149.3421,12102
ORCL,2026-09-17,14:02,149.31,149.33,149.18,149.205,14207
ORCL,2026-09-17,14:03,149.19,149.305,149.17,149.305,38143
ORCL,2026-09-17,14:04,149.28,149.3276,149.26,149.26,22982
ORCL,2026-09-17,14:05,149.285,149.31,149.19,149.19,19409
ORCL,2026-09-17,14:06,149.205,149.24,149.07,149.0701,26620
ORCL,2026-09-17,14:07,149.1,149.43,149.02,149.37,60668
ORCL,2026-09-17,14:08,149.37,149.39,149.2,149.2399,16624
ORCL,2026-09-17,14:09,149.22,149.24,149.07,149.085,25571
ORCL,2026-09-17,14:10,149.06,149.11,149.02,149.085,27528
ORCL,2026-09-17,14:11,149.11,149.2695,149.11,149.2269,44542
ORCL,2026-09-17,14:12,149.25,149.3044,149.24,149.2974,21078
ORCL,2026-09-17,14:13,149.285,149.39,149.285,149.3551,19051
ORCL,2026-09-17,14:14,149.34,149.36,149.31,149.32,21668
ORCL,2026-09-17,14:15,149.3005,149.34,149.27,149.34,28096
ORCL,2026-09-17,14:16,149.35,149.37,149.29,149.295,16751
ORCL,2026-09-17,14:17,149.29,149.39,149.24,149.37,26976
ORCL,2026-09-17,14:18,149.3804,149.39,149.3065,149.38,14345
ORCL,2026-09-17,14:19,149.36,149.4495,149.36,149.435,21281
ORCL,2026-09-17,14:20,149.435,149.5,149.32,149.32,28758
ORCL,2026-09-17,14:21,149.32,149.62,149.32,149.57,68709
ORCL,2026-09-17,14:22,149.55,149.72,149.55,149.67,44863
ORCL,2026-09-17,14:23,149.7078,149.7078,149.585,149.6296,27592
ORCL,2026-09-17,14:24,149.6,149.6,149.421,149.425,28675
ORCL,2026-09-17,14:25,149.41,149.58,149.41,149.48,27389
ORCL,2026-09-17,14:26,149.48,149.55,149.4501,149.505,27095
ORCL,2026-09-17,14:27,149.52,149.55,149.4447,149.48,12017
ORCL,2026-09-17,14:28,149.455,149.5,149.41,149.485,14474
ORCL,2026-09-17,14:29,149.49,149.5,149.45,149.47,8072
ORCL,2026-09-17,14:30,149.47,149.555,149.47,149.48,17347
ORCL,2026-09-17,14:31,149.472,149.52,149.45,149.4501,19605
ORCL,2026-09-17,14:32,149.47,149.475,149.38,149.395,48159
ORCL,2026-09-17,14:33,149.395,149.44,149.38,149.4197,19693
ORCL,2026-09-17,14:34,149.41,149.43,149.178,149.215,40314
ORCL,2026-09-17,14:35,149.23,149.26,149.1,149.18,85663
ORCL,2026-09-17,14:36,149.19,149.22,149.13,149.17,24668
ORCL,2026-09-17,14:37,149.19,149.28,149.1789,149.26,30591
ORCL,2026-09-17,14:38,149.26,149.28,149.22,149.225,12411
ORCL,2026-09-17,14:39,149.21,149.25,149.18,149.18,15648
ORCL,2026-09-17,14:40,149.17,149.22,149.1202,149.19,22489
ORCL,2026-09-17,14:41,149.19,149.22,149.18,149.22,10059
ORCL,2026-09-17,14:42,149.19,149.345,149.14,149.205,30145
ORCL,2026-09-17,14:43,149.205,149.29,149.2,149.2,19330
ORCL,2026-09-17,14:44,149.19,149.27,149.18,149.27,20390
ORCL,2026-09-17,14:45,149.26,149.3899,149.26,149.27,21145
ORCL,2026-09-17,14:46,149.31,149.31,149.19,149.2431,21827
ORCL,2026-09-17,14:47,149.1801,149.19,149.08,149.175,21053
ORCL,2026-09-17,14:48,149.175,149.21,149.15,149.185,81894
ORCL,2026-09-17,14:49,149.185,149.2,149.08,149.13,19785
ORCL,2026-09-17,14:50,149.115,149.13,149.06,149.06,21274
ORCL,2026-09-17,14:51,149.0506,149.16,149.0506,149.06,19606
ORCL,2026-09-17,14:52,149.065,149.065,148.75,148.82,79545
ORCL,2026-09-17,14:53,148.82,148.9,148.795,148.9,61692
ORCL,2026-09-17,14:54,148.9,148.99,148.8901,148.965,40244
ORCL,2026-09-17,14:55,148.965,149.0299,148.94,148.97,22707
ORCL,2026-09-17,14:56,148.95,148.95,148.89,148.935,16181
ORCL,2026-09-17,14:57,148.925,148.99,148.8832,148.97,15311
ORCL,2026-09-17,14:58,148.9799,148.98,148.8201,148.8301,32390
ORCL,2026-09-17,14:59,148.845,148.845,148.6547,148.755,49136
ORCL,2026-09-17,15:00,148.7573,148.94,148.725,148.94,22825
ORCL,2026-09-17,15:01,148.95,148.95,148.83,148.86,22266
ORCL,2026-09-17,15:02,148.83,148.93,148.82,148.9,23934
ORCL,2026-09-17,15:03,148.92,148.96,148.89,148.96,17772
ORCL,2026-09-17,15:04,148.96,149.01,148.94,148.95,24503
ORCL,2026-09-17,15:05,148.97,148.99,148.92,148.935,24627
ORCL,2026-09-17,15:06,148.92,148.99,148.91,148.94,22510
ORCL,2026-09-17,15:07,148.93,148.94,148.8718,148.92,22142
ORCL,2026-09-17,15:08,148.92,148.98,148.87,148.8725,18865
ORCL,2026-09-17,15:09,148.89,148.89,148.78,148.84,32290
ORCL,2026-09-17,15:10,148.84,148.95,148.82,148.91,20982
ORCL,2026-09-17,15:11,148.92,149.03,148.89,148.9999,15204
ORCL,2026-09-17,15:12,148.98,149.13,148.97,149.13,23358
ORCL,2026-09-17,15:13,149.12,149.16,149.01,149.12,38467
ORCL,2026-09-17,15:14,149.12,149.14,149.0101,149.0495,18736
ORCL,2026-09-17,15:15,149.04,149.0699,148.99,149,29895
ORCL,2026-09-17,15:16,149.01,149.06,149,149.025,19479
ORCL,2026-09-17,15:17,149.025,149.1,148.9945,149.07,19561
ORCL,2026-09-17,15:18,149.07,149.1795,149.0593,149.095,28598
ORCL,2026-09-17,15:19,149.09,149.17,149.05,149.165,24509
ORCL,2026-09-17,15:20,149.16,149.329,149.15,149.25,50967
ORCL,2026-09-17,15:21,149.25,149.27,149.1069,149.14,36936
ORCL,2026-09-17,15:22,149.135,149.215,149.11,149.21,18488
ORCL,2026-09-17,15:23,149.23,149.23,149.1234,149.2022,28101
ORCL,2026-09-17,15:24,149.19,149.225,149.1499,149.22,14114
ORCL,2026-09-17,15:25,149.22,149.25,149.18,149.18,13149
ORCL,2026-09-17,15:26,149.22,149.25,149.18,149.215,22019
ORCL,2026-09-17,15:27,149.215,149.25,149.18,149.23,37573
ORCL,2026-09-17,15:28,149.235,149.33,149.22,149.31,28321
ORCL,2026-09-17,15:29,149.31,149.42,149.26,149.42,130837
ORCL,2026-09-17,15:30,149.41,149.63,149.41,149.59,47726
ORCL,2026-09-17,15:31,149.59,149.91,149.55,149.89,72121
ORCL,2026-09-17,15:32,149.91,149.93,149.8101,149.9,46367
ORCL,2026-09-17,15:33,149.89,150.1,149.81,150.08,80936
ORCL,2026-09-17,15:34,150.08,150.13,150,150.04,83663
ORCL,2026-09-17,15:35,150.0425,150.18,150,150.075,50450
ORCL,2026-09-17,15:36,150.075,150.17,150.06,150.17,52063
ORCL,2026-09-17,15:37,150.135,150.17,150.04,150.135,46938
ORCL,2026-09-17,15:38,150.13,150.35,150.1236,150.26,95268
ORCL,2026-09-17,15:39,150.26,150.3,150.19,150.29,54747
ORCL,2026-09-17,15:40,150.275,150.29,150.19,150.225,71674
ORCL,2026-09-17,15:41,150.22,150.3,150.1916,150.295,42479
ORCL,2026-09-17,15:42,150.29,150.35,150.24,150.32,53514
ORCL,2026-09-17,15:43,150.34,150.42,150.31,150.35,35727
ORCL,2026-09-17,15:44,150.37,150.37,150.1,150.195,74223
ORCL,2026-09-17,15:45,150.17,150.27,150.16,150.24,38088
ORCL,2026-09-17,15:46,150.235,150.3,150.12,150.12,48644
ORCL,2026-09-17,15:47,150.12,150.1499,150.05,150.09,47439
ORCL,2026-09-17,15:48,150.07,150.25,150.06,150.235,39007
ORCL,2026-09-17,15:49,150.2204,150.3,150.17,150.2,46601
ORCL,2026-09-17,15:50,150.22,150.37,150.18,150.325,76523
ORCL,2026-09-17,15:51,150.32,150.4,150.3,150.345,86295
ORCL,2026-09-17,15:52,150.345,150.44,150.3101,150.44,98333
ORCL,2026-09-17,15:53,150.43,150.56,150.395,150.5541,89825
ORCL,2026-09-17,15:54,150.555,150.58,150.39,150.4,117095
ORCL,2026-09-17,15:55,150.4,150.63,150.38,150.59,175131
ORCL,2026-09-17,15:56,150.59,150.65,150.36,150.65,139178
ORCL,2026-09-17,15:57,150.66,150.74,150.6,150.63,178508
ORCL,2026-09-17,15:58,150.615,150.7,150.54,150.66,205309
ORCL,2026-09-17,15:59,150.64,150.7,150.53,150.58,343617
ORCL,2026-09-17,16:00,150.59,150.59,150.59,150.59,0
