symbol,date,time,open,high,low,close,volume
SHOP,2026-09-09,09:30,138.22,138.22,134.615,134.92,630936
SHOP,2026-09-09,09:31,135.03,135.03,132.13,132.39,155046
SHOP,2026-09-09,09:32,132.505,132.918,131,131.4,135362
SHOP,2026-09-09,09:33,131.325,132.15,131.06,132.06,128683
SHOP,2026-09-09,09:34,131.98,132.59,131.75,132.19,92179
SHOP,2026-09-09,09:35,132.325,133.2299,132,132.14,104866
SHOP,2026-09-09,09:36,132.0612,133.24,132.01,132.525,81648
SHOP,2026-09-09,09:37,132.555,132.63,131.6,131.6,85478
SHOP,2026-09-09,09:38,131.6,131.61,130.53,130.57,102243
SHOP,2026-09-09,09:39,130.51,131.58,130.5,131.37,115031
SHOP,2026-09-09,09:40,131.49,131.99,130.68,131.99,63215
SHOP,2026-09-09,09:41,131.96,132.7563,131.68,132.6,70067
SHOP,2026-09-09,09:42,132.425,132.6,132.01,132.1147,45531
SHOP,2026-09-09,09:43,132.06,132.31,131.43,131.67,39277
SHOP,2026-09-09,09:44,131.65,131.81,131.51,131.72,30821
SHOP,2026-09-09,09:45,131.725,131.9998,131.375,131.635,26839
SHOP,2026-09-09,09:46,131.64,131.9773,131.64,131.885,14807
SHOP,2026-09-09,09:47,131.885,132.3095,131.88,132.02,49076
SHOP,2026-09-09,09:48,131.955,132.26,131.88,131.88,25156
SHOP,2026-09-09,09:49,131.895,132.0119,131.71,132,22955
SHOP,2026-09-09,09:50,131.96,132.05,131.79,131.845,21630
SHOP,2026-09-09,09:51,131.77,131.95,131.56,131.565,29219
SHOP,2026-09-09,09:52,131.51,131.5564,131.23,131.28,25169
SHOP,2026-09-09,09:53,131.355,131.67,131.3,131.48,23023
SHOP,2026-09-09,09:54,131.48,131.5664,131.25,131.3,19830
SHOP,2026-09-09,09:55,131.25,131.439,131.1,131.1,41489
SHOP,2026-09-09,09:56,131.15,131.4,130.9,131.34,46227
SHOP,2026-09-09,09:57,131.32,131.345,131.18,131.19,19233
SHOP,2026-09-09,09:58,131.19,131.26,131.0625,131.095,15280
SHOP,2026-09-09,09:59,131.095,131.2,130.955,131.15,24831
SHOP,2026-09-09,10:00,131.15,131.7497,131.15,131.38,31275
SHOP,2026-09-09,10:01,131.39,131.45,131.17,131.41,23588
SHOP,2026-09-09,10:02,131.4,131.4,130.88,131.255,86913
SHOP,2026-09-09,10:03,131.36,131.57,131.3,131.57,17497
SHOP,2026-09-09,10:04,131.48,131.71,131.3828,131.71,21326
SHOP,2026-09-09,10:05,131.67,131.67,131.28,131.28,16556
SHOP,2026-09-09,10:06,131.26,131.3341,130.93,131.01,28641
SHOP,2026-09-09,10:07,130.93,130.93,130.58,130.65,42461
SHOP,2026-09-09,10:08,130.71,130.74,130.52,130.74,45217
SHOP,2026-09-09,10:09,130.7523,130.84,130.5601,130.68,23037
SHOP,2026-09-09,10:10,130.705,130.8099,130.56,130.665,18814
SHOP,2026-09-09,10:11,130.67,131.26,130.67,131.26,30692
SHOP,2026-09-09,10:12,131.3299,131.4,131.26,131.3332,15434
SHOP,2026-09-09,10:13,131.3201,131.3201,130.71,130.94,26921
SHOP,2026-09-09,10:14,131.05,131.22,130.88,130.94,15986
SHOP,2026-09-09,10:15,130.97,131.01,130.88,130.885,17166
SHOP,2026-09-09,10:16,130.84,130.86,130.62,130.64,14568
SHOP,2026-09-09,10:17,130.665,130.98,130.472,130.51,37486
SHOP,2026-09-09,10:18,130.51,130.59,130.3,130.44,31280
SHOP,2026-09-09,10:19,130.4,130.555,130.36,130.555,17839
SHOP,2026-09-09,10:20,130.555,130.71,130.49,130.5568,30066
SHOP,2026-09-09,10:21,130.585,130.6286,130.5,130.62,13716
SHOP,2026-09-09,10:22,130.64,130.68,130.555,130.5926,14166
SHOP,2026-09-09,10:23,130.5806,130.69,130.425,130.67,34476
SHOP,2026-09-09,10:24,130.68,130.68,130.33,130.33,22246
SHOP,2026-09-09,10:25,130.3,130.45,130.3,130.41,15191
SHOP,2026-09-09,10:26,130.46,130.57,130.42,130.525,22789
SHOP,2026-09-09,10:27,130.6,130.75,130.52,130.58,26531
SHOP,2026-09-09,10:28,130.61,130.825,130.58,130.825,30229
SHOP,2026-09-09,10:29,130.79,131.06,130.78,130.86,51088
SHOP,2026-09-09,10:30,130.935,130.935,130.6615,130.755,26924
SHOP,2026-09-09,10:31,130.76,130.85,130.65,130.775,22998
SHOP,2026-09-09,10:32,130.77,130.96,130.73,130.96,29643
SHOP,2026-09-09,10:33,130.95,131.17,130.91,131.015,32980
SHOP,2026-09-09,10:34,131.02,131.02,130.765,130.765,22170
SHOP,2026-09-09,10:35,130.7,130.795,130.52,130.74,28421
SHOP,2026-09-09,10:36,130.715,130.86,130.605,130.86,35549
SHOP,2026-09-09,10:37,130.84,130.89,130.67,130.84,24751
SHOP,2026-09-09,10:38,130.8611,130.88,130.76,130.85,11921
SHOP,2026-09-09,10:39,130.845,130.845,130.7,130.7045,11240
SHOP,2026-09-09,10:40,130.735,130.82,130.71,130.785,14186
SHOP,2026-09-09,10:41,130.785,130.895,130.785,130.845,11885
SHOP,2026-09-09,10:42,130.845,130.97,130.72,130.755,19452
SHOP,2026-09-09,10:43,130.7,130.9,130.7,130.87,36756
SHOP,2026-09-09,10:44,130.87,130.87,130.795,130.85,9714
SHOP,2026-09-09,10:45,130.865,131.065,130.81,130.99,11799
SHOP,2026-09-09,10:46,131.035,131.095,130.98,131.095,16105
SHOP,2026-09-09,10:47,131.1,131.31,131.02,131.075,23808
SHOP,2026-09-09,10:48,131.03,131.14,130.845,131.07,21673
SHOP,2026-09-09,10:49,131.03,131.3,131,131.275,13871
SHOP,2026-09-09,10:50,131.285,131.3,131.14,131.14,8733
SHOP,2026-09-09,10:51,131.17,131.24,131.1,131.1,15466
SHOP,2026-09-09,10:52,131.105,131.225,131.05,131.2075,17319
SHOP,2026-09-09,10:53,131.225,131.23,130.815,130.815,27160
SHOP,2026-09-09,10:54,130.8,130.84,130.72,130.72,24376
SHOP,2026-09-09,10:55,130.745,130.745,130.595,130.7116,26184
SHOP,2026-09-09,10:56,130.68,130.68,130.46,130.495,15924
SHOP,2026-09-09,10:57,130.5,130.59,130.375,130.59,27958
SHOP,2026-09-09,10:58,130.6099,130.86,130.55,130.86,12987
SHOP,2026-09-09,10:59,130.805,130.805,130.62,130.7,15397
SHOP,2026-09-09,11:00,130.75,130.9,130.73,130.75,30553
SHOP,2026-09-09,11:01,130.765,130.765,130.4327,130.575,38430
SHOP,2026-09-09,11:02,130.6,130.72,130.42,130.42,11688
SHOP,2026-09-09,11:03,130.47,130.47,130.195,130.32,22335
SHOP,2026-09-09,11:04,130.37,130.37,130.15,130.19,19554
SHOP,2026-09-09,11:05,130.19,130.3899,130.1,130.1,14568
SHOP,2026-09-09,11:06,130.11,130.155,129.85,129.97,56618
SHOP,2026-09-09,11:07,129.93,130.02,129.83,130.01,30888
SHOP,2026-09-09,11:08,130.02,130.2499,129.9253,129.9253,15395
SHOP,2026-09-09,11:09,129.91,129.93,129.83,129.845,10751
SHOP,2026-09-09,11:10,129.84,129.84,129.61,129.6512,23684
SHOP,2026-09-09,11:11,129.63,129.63,129.285,129.285,38353
SHOP,2026-09-09,11:12,129.275,129.63,129.2706,129.525,44892
SHOP,2026-09-09,11:13,129.525,129.525,129.34,129.36,25041
SHOP,2026-09-09,11:14,129.32,129.43,129.32,129.41,21708
SHOP,2026-09-09,11:15,129.4294,129.52,129.4294,129.52,21463
SHOP,2026-09-09,11:16,129.48,129.4812,129.305,129.305,23710
SHOP,2026-09-09,11:17,129.33,129.35,129.18,129.35,35084
SHOP,2026-09-09,11:18,129.36,129.4,129.23,129.305,16043
SHOP,2026-09-09,11:19,129.31,129.31,129.07,129.195,16124
SHOP,2026-09-09,11:20,129.195,129.24,129.11,129.13,19742
SHOP,2026-09-09,11:21,129.17,129.17,128.91,129.0599,23101
SHOP,2026-09-09,11:22,129,129.04,128.8,128.81,15833
SHOP,2026-09-09,11:23,128.79,128.96,128.75,128.91,18431
SHOP,2026-09-09,11:24,128.86,128.93,128.81,128.88,101824
SHOP,2026-09-09,11:25,128.905,129.1223,128.84,129.08,22999
SHOP,2026-09-09,11:26,129.1616,129.1616,129,129.005,18404
SHOP,2026-09-09,11:27,129.005,129.03,128.94,128.99,16506
SHOP,2026-09-09,11:28,129.0186,129.11,128.9664,128.995,41164
SHOP,2026-09-09,11:29,128.995,128.995,128.87,128.87,13736
SHOP,2026-09-09,11:30,128.9,129.0327,128.84,128.99,23354
SHOP,2026-09-09,11:31,128.96,128.98,128.775,128.82,14229
SHOP,2026-09-09,11:32,128.79,129.08,128.76,129.08,24981
SHOP,2026-09-09,11:33,129.08,129.2027,129.05,129.13,32493
SHOP,2026-09-09,11:34,129.0925,129.2895,129.065,129.235,28015
SHOP,2026-09-09,11:35,129.235,129.36,129.2,129.29,33605
SHOP,2026-09-09,11:36,129.32,129.42,129.27,129.385,26354
SHOP,2026-09-09,11:37,129.37,129.46,129.17,129.1856,13922
SHOP,2026-09-09,11:38,129.16,129.17,129.03,129.14,15190
SHOP,2026-09-09,11:39,129.13,129.38,129.05,129.365,35236
SHOP,2026-09-09,11:40,129.4,129.4,129,129,19264
SHOP,2026-09-09,11:41,128.985,129.07,128.88,128.98,19111
SHOP,2026-09-09,11:42,129.005,129.14,128.7,128.7,38092
SHOP,2026-09-09,11:43,128.6504,128.675,128.52,128.565,28592
SHOP,2026-09-09,11:44,128.53,128.62,128.51,128.61,16857
SHOP,2026-09-09,11:45,128.63,128.635,128.385,128.39,19664
SHOP,2026-09-09,11:46,128.37,128.58,128.24,128.28,38212
SHOP,2026-09-09,11:47,128.3,128.45,128.175,128.405,27393
SHOP,2026-09-09,11:48,128.405,128.405,128.165,128.21,17564
SHOP,2026-09-09,11:49,128.2796,128.2796,128.14,128.2,21101
SHOP,2026-09-09,11:50,128.175,128.33,128.15,128.2201,37114
SHOP,2026-09-09,11:51,128.2,128.2,128.07,128.19,26520
SHOP,2026-09-09,11:52,128.25,128.3,128.23,128.25,9391
SHOP,2026-09-09,11:53,128.23,128.24,128.06,128.115,22245
SHOP,2026-09-09,11:54,128.1356,128.235,128.055,128.2,24450
SHOP,2026-09-09,11:55,128.24,128.3,128.23,128.23,23827
SHOP,2026-09-09,11:56,128.19,128.2584,128.16,128.23,14850
SHOP,2026-09-09,11:57,128.22,128.27,128.14,128.21,17389
SHOP,2026-09-09,11:58,128.215,128.28,128.19,128.27,21434
SHOP,2026-09-09,11:59,128.27,128.5522,128.255,128.48,39576
SHOP,2026-09-09,12:00,128.49,128.51,128.42,128.45,25383
SHOP,2026-09-09,12:01,128.435,128.58,128.41,128.535,28411
SHOP,2026-09-09,12:02,128.54,128.63,128.51,128.56,19329
SHOP,2026-09-09,12:03,128.6,128.7384,128.55,128.65,19636
SHOP,2026-09-09,12:04,128.69,128.83,128.69,128.77,20456
SHOP,2026-09-09,12:05,128.7993,128.965,128.78,128.92,24520
SHOP,2026-09-09,12:06,128.85,128.85,128.73,128.765,6019
SHOP,2026-09-09,12:07,128.751,128.85,128.65,128.65,21956
SHOP,2026-09-09,12:08,128.684,128.75,128.6695,128.75,8171
SHOP,2026-09-09,12:09,128.76,128.8,128.55,128.55,14646
SHOP,2026-09-09,12:10,128.54,128.73,128.54,128.69,14063
SHOP,2026-09-09,12:11,128.685,128.82,128.685,128.77,9095
SHOP,2026-09-09,12:12,128.8799,128.8799,128.47,128.525,30897
SHOP,2026-09-09,12:13,128.49,128.75,128.44,128.675,36395
SHOP,2026-09-09,12:14,128.67,128.675,128.495,128.495,15455
SHOP,2026-09-09,12:15,128.5,128.56,128.44,128.47,19384
SHOP,2026-09-09,12:16,128.5,128.52,128.38,128.41,13701
SHOP,2026-09-09,12:17,128.47,128.53,128.42,128.42,16127
SHOP,2026-09-09,12:18,128.42,128.5,128.345,128.345,10422
SHOP,2026-09-09,12:19,128.335,128.3799,128.22,128.295,16027
SHOP,2026-09-09,12:20,128.31,128.37,128.28,128.36,13277
SHOP,2026-09-09,12:21,128.3,128.38,128.285,128.31,13004
SHOP,2026-09-09,12:22,128.34,128.3639,128.26,128.28,10311
SHOP,2026-09-09,12:23,128.29,128.37,128.28,128.355,8117
SHOP,2026-09-09,12:24,128.3201,128.44,128.3,128.44,12765
SHOP,2026-09-09,12:25,128.44,128.4844,128.42,128.4844,6262
SHOP,2026-09-09,12:26,128.45,128.46,128.285,128.32,16368
SHOP,2026-09-09,12:27,128.36,128.38,128.3,128.38,10678
SHOP,2026-09-09,12:28,128.35,128.42,128.33,128.36,12109
SHOP,2026-09-09,12:29,128.35,128.4,128.305,128.355,10948
SHOP,2026-09-09,12:30,128.355,128.4187,128.24,128.24,23708
SHOP,2026-09-09,12:31,128.24,128.401,128.2,128.32,18159
SHOP,2026-09-09,12:32,128.32,128.35,128.275,128.32,18555
SHOP,2026-09-09,12:33,128.3,128.38,128.2501,128.365,15858
SHOP,2026-09-09,12:34,128.39,128.395,128.38,128.395,4501
SHOP,2026-09-09,12:35,128.385,128.41,128.3201,128.355,13552
SHOP,2026-09-09,12:36,128.36,128.44,128.35,128.35,7323
SHOP,2026-09-09,12:37,128.36,128.41,128.34,128.41,9035
SHOP,2026-09-09,12:38,128.385,128.5,128.38,128.43,16178
SHOP,2026-09-09,12:39,128.43,128.5,128.425,128.5,7912
SHOP,2026-09-09,12:40,128.45,128.5,128.45,128.49,6571
SHOP,2026-09-09,12:41,128.5,128.81,128.495,128.74,20965
SHOP,2026-09-09,12:42,128.74,128.74,128.65,128.6932,10293
SHOP,2026-09-09,12:43,128.595,128.595,128.47,128.47,30047
SHOP,2026-09-09,12:44,128.4693,128.67,128.4693,128.6,46951
SHOP,2026-09-09,12:45,128.61,128.75,128.58,128.72,14229
SHOP,2026-09-09,12:46,128.69,128.749,128.675,128.7224,11978
SHOP,2026-09-09,12:47,128.69,128.75,128.65,128.71,13067
SHOP,2026-09-09,12:48,128.7,128.765,128.7,128.73,13146
SHOP,2026-09-09,12:49,128.73,128.75,128.69,128.73,12600
SHOP,2026-09-09,12:50,128.72,128.8,128.7,128.765,25004
SHOP,2026-09-09,12:51,128.77,128.8,128.69,128.78,25181
SHOP,2026-09-09,12:52,128.765,128.7752,128.735,128.75,17673
SHOP,2026-09-09,12:53,128.79,128.8193,128.715,128.8193,28703
SHOP,2026-09-09,12:54,128.815,128.92,128.8,128.865,34313
SHOP,2026-09-09,12:55,128.845,129.01,128.845,128.905,45834
SHOP,2026-09-09,12:56,128.9125,128.99,128.9,128.9,17431
SHOP,2026-09-09,12:57,128.925,129.07,128.925,128.995,18739
SHOP,2026-09-09,12:58,128.94,128.9933,128.9219,128.9277,17053
SHOP,2026-09-09,12:59,128.92,128.94,128.875,128.91,15558
SHOP,2026-09-09,13:00,128.88,128.88,128.83,128.86,14829
SHOP,2026-09-09,13:01,128.88,129,128.85,128.87,28653
SHOP,2026-09-09,13:02,128.855,128.9502,128.855,128.91,9876
SHOP,2026-09-09,13:03,128.91,129.08,128.91,128.93,33509
SHOP,2026-09-09,13:04,128.915,129.1,128.85,129.095,67164
SHOP,2026-09-09,13:05,129.09,129.24,129.065,129.235,43297
SHOP,2026-09-09,13:06,129.25,129.44,129.25,129.395,28321
SHOP,2026-09-09,13:07,129.36,129.505,129.3484,129.5,13276
SHOP,2026-09-09,13:08,129.5,129.515,129.23,129.23,18356
SHOP,2026-09-09,13:09,129.23,129.42,129.19,129.36,14313
SHOP,2026-09-09,13:10,129.36,129.48,129.29,129.44,22196
SHOP,2026-09-09,13:11,129.48,129.505,129.31,129.34,17967
SHOP,2026-09-09,13:12,129.34,129.34,129.17,129.2115,19412
SHOP,2026-09-09,13:13,129.225,129.31,129.195,129.195,23776
SHOP,2026-09-09,13:14,129.16,129.35,129.16,129.29,29041
SHOP,2026-09-09,13:15,129.27,129.455,129.27,129.42,32030
SHOP,2026-09-09,13:16,129.415,129.5782,129.36,129.49,13724
SHOP,2026-09-09,13:17,129.5099,129.515,129.335,129.39,11843
SHOP,2026-09-09,13:18,129.415,129.49,129.4,129.435,11944
SHOP,2026-09-09,13:19,129.45,129.59,129.45,129.5475,73255
SHOP,2026-09-09,13:20,129.55,129.6917,129.53,129.54,22809
SHOP,2026-09-09,13:21,129.51,129.54,129.46,129.46,16377
SHOP,2026-09-09,13:22,129.45,129.45,129.37,129.415,21550
SHOP,2026-09-09,13:23,129.415,129.415,129.3,129.35,17286
SHOP,2026-09-09,13:24,129.35,129.41,129.29,129.41,22822
SHOP,2026-09-09,13:25,129.42,129.44,129.29,129.345,13757
SHOP,2026-09-09,13:26,129.31,129.325,129.09,129.12,8878
SHOP,2026-09-09,13:27,129.19,129.19,129.12,129.12,8452
SHOP,2026-09-09,13:28,129.1,129.2,128.99,128.99,17549
SHOP,2026-09-09,13:29,128.95,129.15,128.87,129.145,31532
SHOP,2026-09-09,13:30,129.115,129.19,128.95,129.1242,28079
SHOP,2026-09-09,13:31,129.1,129.105,128.96,129.04,6624
SHOP,2026-09-09,13:32,129.04,129.05,128.97,128.995,9409
SHOP,2026-09-09,13:33,128.99,129.02,128.93,128.95,6108
SHOP,2026-09-09,13:34,128.95,129.03,128.875,129.02,18678
SHOP,2026-09-09,13:35,129.03,129.26,129.03,129.18,47459
SHOP,2026-09-09,13:36,129.135,129.21,129,129,8494
SHOP,2026-09-09,13:37,129,129.05,128.85,128.85,5568
SHOP,2026-09-09,13:38,128.85,128.8999,128.6455,128.66,17155
SHOP,2026-09-09,13:39,128.66,128.75,128.52,128.555,54034
SHOP,2026-09-09,13:40,128.54,128.67,128.48,128.55,39122
SHOP,2026-09-09,13:41,128.51,128.54,128.39,128.465,30751
SHOP,2026-09-09,13:42,128.465,128.575,128.41,128.575,19955
SHOP,2026-09-09,13:43,128.575,128.65,128.55,128.6,40179
SHOP,2026-09-09,13:44,128.61,128.7776,128.61,128.7776,10657
SHOP,2026-09-09,13:45,128.75,128.795,128.73,128.77,15387
SHOP,2026-09-09,13:46,128.75,128.775,128.5165,128.55,14004
SHOP,2026-09-09,13:47,128.55,128.56,128.43,128.4507,16083
SHOP,2026-09-09,13:48,128.525,128.5371,128.2805,128.3,26417
SHOP,2026-09-09,13:49,128.3,128.375,128.225,128.25,56730
SHOP,2026-09-09,13:50,128.25,128.31,127.99,128.105,51997
SHOP,2026-09-09,13:51,128.08,128.1125,128.055,128.06,7967
SHOP,2026-09-09,13:52,128.02,128.07,127.98,128.02,13274
SHOP,2026-09-09,13:53,128,128,127.82,127.86,16528
SHOP,2026-09-09,13:54,127.81,127.8604,127.75,127.83,50040
SHOP,2026-09-09,13:55,127.83,128,127.675,127.885,206224
SHOP,2026-09-09,13:56,127.8915,127.92,127.77,127.81,21539
SHOP,2026-09-09,13:57,127.805,127.87,127.56,127.57,21937
SHOP,2026-09-09,13:58,127.585,127.795,127.585,127.795,32402
SHOP,2026-09-09,13:59,127.8,127.83,127.6506,127.805,8603
SHOP,2026-09-09,14:00,127.8494,127.86,127.73,127.84,49231
SHOP,2026-09-09,14:01,127.87,128.0531,127.87,128.0531,31690
SHOP,2026-09-09,14:02,128.025,128.12,127.99,127.99,18979
SHOP,2026-09-09,14:03,127.99,128.0078,127.9273,127.955,17248
SHOP,2026-09-09,14:04,127.955,127.98,127.85,127.855,22331
SHOP,2026-09-09,14:05,127.83,127.8751,127.83,127.875,9544
SHOP,2026-09-09,14:06,127.88,127.9643,127.83,127.945,28192
SHOP,2026-09-09,14:07,127.9,127.97,127.9,127.94,8225
SHOP,2026-09-09,14:08,127.915,127.98,127.89,127.9119,20568
SHOP,2026-09-09,14:09,127.905,127.97,127.9,127.94,11335
SHOP,2026-09-09,14:10,127.98,128.03,127.98,128.025,11910
SHOP,2026-09-09,14:11,128.05,128.05,127.94,127.94,12900
SHOP,2026-09-09,14:12,127.97,127.98,127.84,127.86,14308
SHOP,2026-09-09,14:13,127.85,127.86,127.72,127.755,15215
SHOP,2026-09-09,14:14,127.72,127.84,127.72,127.805,12507
SHOP,2026-09-09,14:15,127.795,127.92,127.795,127.85,10829
SHOP,2026-09-09,14:16,127.82,127.95,127.82,127.9,44446
SHOP,2026-09-09,14:17,127.905,128.05,127.905,128.0399,12880
SHOP,2026-09-09,14:18,128,128.01,127.955,128.01,19584
SHOP,2026-09-09,14:19,128.01,128.01,127.95,127.99,7219
SHOP,2026-09-09,14:20,128.01,128.08,127.98,128.06,11898
SHOP,2026-09-09,14:21,128.06,128.1,127.94,127.965,26684
SHOP,2026-09-09,14:22,128.0027,128.035,127.885,127.93,22457
SHOP,2026-09-09,14:23,127.98,128.0699,127.98,128.035,6136
SHOP,2026-09-09,14:24,128.035,128.09,128,128.05,10375
SHOP,2026-09-09,14:25,128.08,128.11,127.985,127.985,12501
SHOP,2026-09-09,14:26,127.98,128.04,127.98,128.02,3542
SHOP,2026-09-09,14:27,128,128.1544,128,128.085,20612
SHOP,2026-09-09,14:28,128.085,128.1275,128.0725,128.08,19433
SHOP,2026-09-09,14:29,128.14,128.14,128.05,128.05,17906
SHOP,2026-09-09,14:30,128.045,128.07,127.99,128.01,13597
SHOP,2026-09-09,14:31,128.015,128.035,127.79,127.8,14532
SHOP,2026-09-09,14:32,127.78,127.8099,127.56,127.56,35026
SHOP,2026-09-09,14:33,127.5378,127.58,127.51,127.5645,27828
SHOP,2026-09-09,14:34,127.53,127.75,127.4,127.4,86103
SHOP,2026-09-09,14:35,127.39,127.5,127.365,127.5,25510
SHOP,2026-09-09,14:36,127.485,127.5,127.43,127.48,10113
SHOP,2026-09-09,14:37,127.48,127.5,127.42,127.42,12447
SHOP,2026-09-09,14:38,127.405,127.5,127.4,127.4144,54895
SHOP,2026-09-09,14:39,127.41,127.4551,127.365,127.455,44434
SHOP,2026-09-09,14:40,127.4658,127.4658,127.34,127.4,25255
SHOP,2026-09-09,14:41,127.385,127.46,127.38,127.41,59402
SHOP,2026-09-09,14:42,127.415,127.485,127.415,127.435,15871
SHOP,2026-09-09,14:43,127.4482,127.49,127.4,127.48,16128
SHOP,2026-09-09,14:44,127.475,127.475,127.38,127.405,22993
SHOP,2026-09-09,14:45,127.415,127.43,127.38,127.41,27159
SHOP,2026-09-09,14:46,127.41,127.4587,127.395,127.395,37907
SHOP,2026-09-09,14:47,127.405,127.43,127.345,127.405,30727
SHOP,2026-09-09,14:48,127.39,127.41,127.23,127.25,11028
SHOP,2026-09-09,14:49,127.22,127.2353,127.17,127.18,14540
SHOP,2026-09-09,14:50,127.175,127.35,127.17,127.35,39316
SHOP,2026-09-09,14:51,127.35,127.35,127.24,127.265,12840
SHOP,2026-09-09,14:52,127.26,127.37,127.2381,127.355,58853
SHOP,2026-09-09,14:53,127.355,127.44,127.3505,127.435,25892
SHOP,2026-09-09,14:54,127.425,127.48,127.23,127.255,53330
SHOP,2026-09-09,14:55,127.2732,127.305,127.27,127.27,11986
SHOP,2026-09-09,14:56,127.27,127.435,127.27,127.33,24554
SHOP,2026-09-09,14:57,127.315,127.42,127.3,127.35,6586
SHOP,2026-09-09,14:58,127.35,127.39,127.21,127.21,16622
SHOP,2026-09-09,14:59,127.21,127.21,127.17,127.19,15308
SHOP,2026-09-09,15:00,127.19,127.192,127.11,127.14,21778
SHOP,2026-09-09,15:01,127.17,127.18,126.93,127.13,71251
SHOP,2026-09-09,15:02,127.11,127.22,127.1,127.145,14698
SHOP,2026-09-09,15:03,127.15,127.3,127.14,127.27,31960
SHOP,2026-09-09,15:04,127.3,127.38,127.285,127.285,24835
SHOP,2026-09-09,15:05,127.35,127.425,127.3,127.425,30429
SHOP,2026-09-09,15:06,127.46,127.46,127.31,127.395,16152
SHOP,2026-09-09,15:07,127.395,127.44,127.335,127.355,31294
SHOP,2026-09-09,15:08,127.37,127.42,127.3,127.39,62023
SHOP,2026-09-09,15:09,127.37,127.405,127.32,127.365,21227
SHOP,2026-09-09,15:10,127.39,127.4,127.31,127.33,9786
SHOP,2026-09-09,15:11,127.33,127.33,127.18,127.18,13636
SHOP,2026-09-09,15:12,127.17,127.17,127,127.01,23865
SHOP,2026-09-09,15:13,127.02,127.1,126.99,127.025,190612
SHOP,2026-09-09,15:14,127,127.1,126.82,126.83,25308
SHOP,2026-09-09,15:15,126.83,126.92,126.75,126.92,32261
SHOP,2026-09-09,15:16,126.95,126.95,126.84,126.845,11906
SHOP,2026-09-09,15:17,126.82,126.87,126.68,126.7133,53149
SHOP,2026-09-09,15:18,126.69,126.72,126.64,126.665,25980
SHOP,2026-09-09,15:19,126.69,126.69,126.5646,126.6,26862
SHOP,2026-09-09,15:20,126.625,126.6542,126.47,126.485,25171
SHOP,2026-09-09,15:21,126.485,126.56,126.43,126.54,36147
SHOP,2026-09-09,15:22,126.54,126.55,126.41,126.49,38434
SHOP,2026-09-09,15:23,126.49,126.54,126.49,126.525,21373
SHOP,2026-09-09,15:24,126.53,126.715,126.51,126.655,51288
SHOP,2026-09-09,15:25,126.655,126.76,126.6492,126.68,49536
SHOP,2026-09-09,15:26,126.705,126.74,126.65,126.675,53003
SHOP,2026-09-09,15:27,126.6601,126.825,126.6601,126.77,44432
SHOP,2026-09-09,15:28,126.77,126.7822,126.65,126.65,23187
SHOP,2026-09-09,15:29,126.62,126.745,126.59,126.745,29379
SHOP,2026-09-09,15:30,126.76,126.81,126.5755,126.5975,41081
SHOP,2026-09-09,15:31,126.595,126.72,126.595,126.72,45800
SHOP,2026-09-09,15:32,126.68,126.69,126.555,126.6,40699
SHOP,2026-09-09,15:33,126.595,126.9698,126.56,126.9032,137399
SHOP,2026-09-09,15:34,126.88,127,126.74,126.75,67563
SHOP,2026-09-09,15:35,126.76,126.78,126.65,126.715,29347
SHOP,2026-09-09,15:36,126.715,126.715,126.46,126.46,25777
SHOP,2026-09-09,15:37,126.455,126.47,126.38,126.41,31208
SHOP,2026-09-09,15:38,126.42,126.53,126.41,126.415,33790
SHOP,2026-09-09,15:39,126.415,126.415,126.2,126.2,29308
SHOP,2026-09-09,15:40,126.2,126.4,125.99,126.365,50884
SHOP,2026-09-09,15:41,126.37,126.6699,126.34,126.46,93995
SHOP,2026-09-09,15:42,126.45,126.48,126.275,126.275,73000
SHOP,2026-09-09,15:43,126.2938,126.65,126.275,126.635,33654
SHOP,2026-09-09,15:44,126.63,126.99,126.63,126.915,37229
SHOP,2026-09-09,15:45,126.93,126.93,126.63,126.86,67009
SHOP,2026-09-09,15:46,126.86,126.94,126.525,126.555,45481
SHOP,2026-09-09,15:47,126.55,126.7,126.49,126.53,65062
SHOP,2026-09-09,15:48,126.53,126.67,126.53,126.62,109722
SHOP,2026-09-09,15:49,126.64,126.96,126.58,126.72,177156
SHOP,2026-09-09,15:50,126.79,126.88,126.67,126.7,78262
SHOP,2026-09-09,15:51,126.71,126.74,126.64,126.68,69634
SHOP,2026-09-09,15:52,126.7,126.73,126.59,126.59,61605
SHOP,2026-09-09,15:53,126.5803,126.6,126.45,126.525,88932
SHOP,2026-09-09,15:54,126.525,126.77,126.46,126.685,148739
SHOP,2026-09-09,15:55,126.67,126.78,126.54,126.72,119117
SHOP,2026-09-09,15:56,126.7475,126.85,126.73,126.75,136711
SHOP,2026-09-09,15:57,126.745,126.79,126.68,126.735,150181
SHOP,2026-09-09,15:58,126.73,126.735,126.69,126.73,167954
SHOP,2026-09-09,15:59,126.73,126.95,126.72,126.78,366824
SHOP,2026-09-09,16:00,126.79,126.79,126.79,126.79,0
SHOP,2026-09-10,09:30,124.03,124.69,124.03,124.635,190449
SHOP,2026-09-10,09:31,124.635,125.64,124.635,125.41,33522
SHOP,2026-09-10,09:32,125.225,125.46,125.0801,125.4004,43141
SHOP,2026-09-10,09:33,125.3825,125.78,125.22,125.73,27351
SHOP,2026-09-10,09:34,125.91,126.18,125.37,125.7,17168
SHOP,2026-09-10,09:35,125.9899,126.01,125.49,125.605,19109
SHOP,2026-09-10,09:36,125.4901,126.24,125.4901,126.105,37736
SHOP,2026-09-10,09:37,126.16,126.1796,125.77,125.92,16457
SHOP,2026-09-10,09:38,126,126.77,125.88,126.705,24670
SHOP,2026-09-10,09:39,126.705,126.87,126.42,126.56,37998
SHOP,2026-09-10,09:40,126.5468,126.63,126.36,126.44,11873
SHOP,2026-09-10,09:41,126.44,126.5,126,126.415,18224
SHOP,2026-09-10,09:42,126.415,126.7738,126.41,126.69,18948
SHOP,2026-09-10,09:43,126.8,127.05,126.69,126.91,19515
SHOP,2026-09-10,09:44,126.94,127.36,126.892,127.36,29162
SHOP,2026-09-10,09:45,127.39,127.7,127.17,127.655,37786
SHOP,2026-09-10,09:46,127.6785,128.19,127.67,127.87,95771
SHOP,2026-09-10,09:47,127.8,127.86,126.95,126.975,115587
SHOP,2026-09-10,09:48,127.01,127.23,126.74,126.94,34844
SHOP,2026-09-10,09:49,126.86,127.58,126.84,127.455,90215
SHOP,2026-09-10,09:50,127.51,127.5499,127.16,127.24,34728
SHOP,2026-09-10,09:51,127.175,127.5,127,127.44,35250
SHOP,2026-09-10,09:52,127.49,127.76,127.29,127.76,21426
SHOP,2026-09-10,09:53,127.755,128.02,127.67,127.89,18569
SHOP,2026-09-10,09:54,127.96,127.96,127.2726,127.34,25354
SHOP,2026-09-10,09:55,127.4,127.7,127.1101,127.21,29641
SHOP,2026-09-10,09:56,127.16,127.325,127.1,127.295,10510
SHOP,2026-09-10,09:57,127.3999,127.63,127.172,127.625,53264
SHOP,2026-09-10,09:58,127.62,127.645,127.53,127.605,16422
SHOP,2026-09-10,09:59,127.52,127.6105,127.195,127.195,9442
SHOP,2026-09-10,10:00,127.2,128,127.2,127.53,149321
SHOP,2026-09-10,10:01,127.62,127.7099,127.23,127.28,12943
SHOP,2026-09-10,10:02,127.265,127.35,127.0601,127.24,12322
SHOP,2026-09-10,10:03,127.27,127.32,127.23,127.278,8272
SHOP,2026-09-10,10:04,127.34,127.44,127.31,127.385,6042
SHOP,2026-09-10,10:05,127.385,127.4002,127.2,127.2,26182
SHOP,2026-09-10,10:06,127.2,127.25,127.2,127.23,4763
SHOP,2026-09-10,10:07,127.2,127.4096,127.01,127.22,16670
SHOP,2026-09-10,10:08,127.205,127.29,127.16,127.205,6502
SHOP,2026-09-10,10:09,127.13,127.29,127,127.07,37764
SHOP,2026-09-10,10:10,127.085,127.14,126.93,126.98,6793
SHOP,2026-09-10,10:11,127,127.2,126.92,127.1805,12720
SHOP,2026-09-10,10:12,127.165,127.6,127.165,127.405,78435
SHOP,2026-09-10,10:13,127.405,127.56,127.34,127.52,33133
SHOP,2026-09-10,10:14,127.545,127.545,127.335,127.465,20868
SHOP,2026-09-10,10:15,127.465,127.52,127.325,127.4,15133
SHOP,2026-09-10,10:16,127.36,127.47,127.245,127.435,8064
SHOP,2026-09-10,10:17,127.4,127.509,127.37,127.445,10149
SHOP,2026-09-10,10:18,127.51,127.6,127.425,127.515,22721
SHOP,2026-09-10,10:19,127.495,127.73,127.475,127.73,75221
SHOP,2026-09-10,10:20,127.72,127.83,127.6784,127.8,13495
SHOP,2026-09-10,10:21,127.83,128.0891,127.78,128.01,15275
SHOP,2026-09-10,10:22,128.04,128.3299,128.04,128.25,27036
SHOP,2026-09-10,10:23,128.275,128.4,128.24,128.275,34226
SHOP,2026-09-10,10:24,128.295,128.835,128.28,128.6,23951
SHOP,2026-09-10,10:25,128.695,128.99,128.65,128.69,37793
SHOP,2026-09-10,10:26,128.64,128.8,128.515,128.68,12390
SHOP,2026-09-10,10:27,128.655,128.79,128.445,128.4667,34794
SHOP,2026-09-10,10:28,128.46,128.91,128.2803,128.455,179306
SHOP,2026-09-10,10:29,128.49,128.81,128.3864,128.53,98249
SHOP,2026-09-10,10:30,128.6,128.6,128.1,128.145,29434
SHOP,2026-09-10,10:31,128.145,128.26,128,128.09,22016
SHOP,2026-09-10,10:32,128.185,128.5375,128.185,128.32,223239
SHOP,2026-09-10,10:33,128.32,128.38,128.25,128.32,6902
SHOP,2026-09-10,10:34,128.26,128.305,128.02,128.03,9537
SHOP,2026-09-10,10:35,128.0201,128.16,127.73,127.895,14248
SHOP,2026-09-10,10:36,127.895,127.9525,127.85,127.935,9154
SHOP,2026-09-10,10:37,127.84,127.945,127.77,127.945,15187
SHOP,2026-09-10,10:38,127.915,128.04,127.8606,127.96,9826
SHOP,2026-09-10,10:39,127.955,128.2,127.955,128.105,17438
SHOP,2026-09-10,10:40,128.105,128.105,127.91,127.95,13907
SHOP,2026-09-10,10:41,127.95,128.2,127.95,128.14,35422
SHOP,2026-09-10,10:42,128.1,128.156,127.955,127.97,41246
SHOP,2026-09-10,10:43,127.96,128.15,127.87,127.87,13538
SHOP,2026-09-10,10:44,127.8474,128.26,127.8205,128.26,19362
SHOP,2026-09-10,10:45,128.3245,128.3245,128.09,128.09,14162
SHOP,2026-09-10,10:46,128.07,128.11,127.62,127.72,86811
SHOP,2026-09-10,10:47,127.74,127.74,127.51,127.54,18929
SHOP,2026-09-10,10:48,127.54,127.6423,127.51,127.6,7671
SHOP,2026-09-10,10:49,127.66,127.705,127.575,127.575,9474
SHOP,2026-09-10,10:50,127.575,127.6,127.429,127.429,10518
SHOP,2026-09-10,10:51,127.47,127.54,127.4,127.48,10185
SHOP,2026-09-10,10:52,127.49,127.75,127.37,127.6859,53484
SHOP,2026-09-10,10:53,127.63,127.67,127.56,127.57,4793
SHOP,2026-09-10,10:54,127.6,127.6,127.48,127.51,10131
SHOP,2026-09-10,10:55,127.51,127.61,127.4,127.59,80556
SHOP,2026-09-10,10:56,127.56,127.725,127.555,127.61,9125
SHOP,2026-09-10,10:57,127.58,127.59,127.391,127.57,11221
SHOP,2026-09-10,10:58,127.63,127.67,127.53,127.555,7700
SHOP,2026-09-10,10:59,127.54,127.84,127.5,127.75,156507
SHOP,2026-09-10,11:00,127.7,127.7,127.4949,127.53,5694
SHOP,2026-09-10,11:01,127.515,127.515,127.24,127.285,14347
SHOP,2026-09-10,11:02,127.285,127.31,127.12,127.16,8262
SHOP,2026-09-10,11:03,127.18,127.23,127.145,127.23,10576
SHOP,2026-09-10,11:04,127.24,127.3,127.05,127.05,15733
SHOP,2026-09-10,11:05,127.15,127.3,127.1,127.27,53348
SHOP,2026-09-10,11:06,127.24,127.555,127.16,127.54,106439
SHOP,2026-09-10,11:07,127.535,127.705,127.495,127.54,18499
SHOP,2026-09-10,11:08,127.515,127.71,127.46,127.605,41195
SHOP,2026-09-10,11:09,127.605,127.72,127.57,127.58,8695
SHOP,2026-09-10,11:10,127.58,127.7,127.58,127.6001,3799
SHOP,2026-09-10,11:11,127.68,127.71,127.58,127.635,8219
SHOP,2026-09-10,11:12,127.635,127.6716,127.43,127.455,13492
SHOP,2026-09-10,11:13,127.4001,127.405,127.35,127.4,5421
SHOP,2026-09-10,11:14,127.435,127.63,127.435,127.62,6828
SHOP,2026-09-10,11:15,127.63,127.63,127.215,127.215,14993
SHOP,2026-09-10,11:16,127.22,127.315,127.11,127.155,11951
SHOP,2026-09-10,11:17,127.13,127.13,126.98,126.98,11703
SHOP,2026-09-10,11:18,126.99,127.1,126.85,127.1,25672
SHOP,2026-09-10,11:19,127.155,127.22,127.13,127.13,11733
SHOP,2026-09-10,11:20,127.13,127.15,126.915,126.9625,17866
SHOP,2026-09-10,11:21,126.965,127.085,126.89,127.085,11461
SHOP,2026-09-10,11:22,127.105,127.27,127.105,127.25,6884
SHOP,2026-09-10,11:23,127.36,127.39,127.29,127.32,11429
SHOP,2026-09-10,11:24,127.4002,127.46,127.31,127.31,33453
SHOP,2026-09-10,11:25,127.31,127.32,127.19,127.255,10688
SHOP,2026-09-10,11:26,127.255,127.255,127.17,127.18,4581
SHOP,2026-09-10,11:27,127.18,127.23,127.13,127.1301,8831
SHOP,2026-09-10,11:28,127.165,127.385,127.16,127.25,32234
SHOP,2026-09-10,11:29,127.2476,127.3,127.175,127.25,9709
SHOP,2026-09-10,11:30,127.24,127.275,127.175,127.225,5050
SHOP,2026-09-10,11:31,127.225,127.235,127.16,127.235,9888
SHOP,2026-09-10,11:32,127.235,127.35,127.21,127.335,8045
SHOP,2026-09-10,11:33,127.335,127.55,127.335,127.53,9097
SHOP,2026-09-10,11:34,127.5,127.56,127.29,127.29,15152
SHOP,2026-09-10,11:35,127.29,127.535,127.29,127.535,17661
SHOP,2026-09-10,11:36,127.53,127.7511,127.4781,127.705,24885
SHOP,2026-09-10,11:37,127.73,127.7321,127.64,127.7,4037
SHOP,2026-09-10,11:38,127.7233,127.73,127.49,127.49,7779
SHOP,2026-09-10,11:39,127.46,127.46,127.32,127.34,38579
SHOP,2026-09-10,11:40,127.35,127.365,127.3201,127.35,3780
SHOP,2026-09-10,11:41,127.39,127.43,127.365,127.38,12999
SHOP,2026-09-10,11:42,127.34,127.475,127.29,127.475,7082
SHOP,2026-09-10,11:43,127.46,127.48,127.305,127.4,32019
SHOP,2026-09-10,11:44,127.4,127.5,127.33,127.43,17905
SHOP,2026-09-10,11:45,127.45,127.49,127.38,127.44,5894
SHOP,2026-09-10,11:46,127.45,127.49,127.27,127.2936,10239
SHOP,2026-09-10,11:47,127.27,127.37,127.27,127.32,8239
SHOP,2026-09-10,11:48,127.32,127.32,127.275,127.28,13547
SHOP,2026-09-10,11:49,127.285,127.35,127.265,127.28,20357
SHOP,2026-09-10,11:50,127.26,127.26,126.965,126.965,172524
SHOP,2026-09-10,11:51,126.96,127.03,126.9,126.9312,16169
SHOP,2026-09-10,11:52,126.96,127.045,126.95,127.045,13748
SHOP,2026-09-10,11:53,127.025,127.035,126.91,126.94,5461
SHOP,2026-09-10,11:54,126.96,126.96,126.88,126.88,9576
SHOP,2026-09-10,11:55,126.875,126.93,126.855,126.9,6902
SHOP,2026-09-10,11:56,126.9,126.9,126.86,126.87,6385
SHOP,2026-09-10,11:57,126.9,127,126.74,126.78,35181
SHOP,2026-09-10,11:58,126.83,126.86,126.8,126.825,8911
SHOP,2026-09-10,11:59,126.805,126.805,126.7305,126.76,10915
SHOP,2026-09-10,12:00,126.77,126.92,126.765,126.92,10924
SHOP,2026-09-10,12:01,126.98,126.98,126.9187,126.965,5102
SHOP,2026-09-10,12:02,126.91,126.91,126.79,126.79,6688
SHOP,2026-09-10,12:03,126.77,126.77,126.63,126.67,12557
SHOP,2026-09-10,12:04,126.67,126.755,126.67,126.72,5460
SHOP,2026-09-10,12:05,126.72,126.77,126.6,126.655,15591
SHOP,2026-09-10,12:06,126.6101,126.69,126.6101,126.67,3995
SHOP,2026-09-10,12:07,126.66,126.66,126.5501,126.56,6432
SHOP,2026-09-10,12:08,126.55,126.61,126.53,126.53,8023
SHOP,2026-09-10,12:09,126.5221,126.57,126.5221,126.57,7840
SHOP,2026-09-10,12:10,126.535,126.59,126.46,126.57,27020
SHOP,2026-09-10,12:11,126.564,126.68,126.49,126.58,26642
SHOP,2026-09-10,12:12,126.58,126.68,126.495,126.57,21816
SHOP,2026-09-10,12:13,126.575,126.625,126.3757,126.625,64502
SHOP,2026-09-10,12:14,126.605,126.71,126.59,126.64,9996
SHOP,2026-09-10,12:15,126.61,126.72,126.55,126.685,37079
SHOP,2026-09-10,12:16,126.7102,126.7102,126.57,126.6575,13380
SHOP,2026-09-10,12:17,126.68,126.68,126.5853,126.615,8444
SHOP,2026-09-10,12:18,126.64,126.715,126.61,126.715,13281
SHOP,2026-09-10,12:19,126.72,126.78,126.6705,126.78,14062
SHOP,2026-09-10,12:20,126.81,126.81,126.73,126.73,12590
SHOP,2026-09-10,12:21,126.74,126.82,126.74,126.75,19574
SHOP,2026-09-10,12:22,126.775,126.9,126.775,126.82,8204
SHOP,2026-09-10,12:23,126.82,126.85,126.79,126.79,3790
SHOP,2026-09-10,12:24,126.77,126.81,126.7417,126.755,7080
SHOP,2026-09-10,12:25,126.755,126.755,126.63,126.66,17749
SHOP,2026-09-10,12:26,126.665,126.7,126.66,126.69,7989
SHOP,2026-09-10,12:27,126.69,126.7094,126.65,126.66,9614
SHOP,2026-09-10,12:28,126.65,126.7,126.63,126.67,17782
SHOP,2026-09-10,12:29,126.675,126.675,126.57,126.65,9340
SHOP,2026-09-10,12:30,126.6,126.64,126.52,126.53,8146
SHOP,2026-09-10,12:31,126.52,126.62,126.52,126.62,5253
SHOP,2026-09-10,12:32,126.64,126.6832,126.63,126.6832,6558
SHOP,2026-09-10,12:33,126.63,126.64,126.6002,126.625,6101
SHOP,2026-09-10,12:34,126.65,126.65,126.215,126.23,93135
SHOP,2026-09-10,12:35,126.225,126.225,126.11,126.135,25307
SHOP,2026-09-10,12:36,126.115,126.28,126.09,126.255,15626
SHOP,2026-09-10,12:37,126.35,126.52,126.335,126.52,5116
SHOP,2026-09-10,12:38,126.44,126.49,126.4,126.49,11151
SHOP,2026-09-10,12:39,126.48,126.565,126.386,126.565,15433
SHOP,2026-09-10,12:40,126.54,126.54,126.228,126.305,8693
SHOP,2026-09-10,12:41,126.39,126.58,126.39,126.5617,5669
SHOP,2026-09-10,12:42,126.55,126.55,126.445,126.445,3425
SHOP,2026-09-10,12:43,126.45,126.64,126.45,126.64,5792
SHOP,2026-09-10,12:44,126.7,126.735,126.533,126.533,9916
SHOP,2026-09-10,12:45,126.64,126.7,126.58,126.68,21754
SHOP,2026-09-10,12:46,126.68,126.775,126.68,126.775,7748
SHOP,2026-09-10,12:47,126.795,126.805,126.72,126.79,9923
SHOP,2026-09-10,12:48,126.7313,126.86,126.7313,126.79,13449
SHOP,2026-09-10,12:49,126.8,126.8,126.6,126.65,13616
SHOP,2026-09-10,12:50,126.645,126.8,126.55,126.695,56033
SHOP,2026-09-10,12:51,126.695,126.79,126.59,126.79,29718
SHOP,2026-09-10,12:52,126.76,126.78,126.63,126.77,30440
SHOP,2026-09-10,12:53,126.745,126.765,126.69,126.76,3498
SHOP,2026-09-10,12:54,126.7,127.16,126.65,127.16,320200
SHOP,2026-09-10,12:55,127.19,127.46,127.13,127.25,19448
SHOP,2026-09-10,12:56,127.31,127.43,127.25,127.38,145607
SHOP,2026-09-10,12:57,127.36,127.41,127.3224,127.36,10024
SHOP,2026-09-10,12:58,127.36,127.36,127.25,127.27,5402
SHOP,2026-09-10,12:59,127.34,127.34,127.235,127.27,5554
SHOP,2026-09-10,13:00,127.265,127.34,127.265,127.34,3080
SHOP,2026-09-10,13:01,127.305,127.305,127.15,127.22,7732
SHOP,2026-09-10,13:02,127.21,127.4,127.2,127.3,12768
SHOP,2026-09-10,13:03,127.24,127.32,127.21,127.2999,8237
SHOP,2026-09-10,13:04,127.3,127.37,127.205,127.23,11803
SHOP,2026-09-10,13:05,127.23,127.2699,126.99,126.99,13499
SHOP,2026-09-10,13:06,127,127,126.96,127,1822
SHOP,2026-09-10,13:07,127.06,127.07,126.95,127.015,14707
SHOP,2026-09-10,13:08,126.96,126.975,126.81,126.81,6382
SHOP,2026-09-10,13:09,126.81,126.81,126.64,126.674,7211
SHOP,2026-09-10,13:10,126.68,126.8,126.68,126.72,9518
SHOP,2026-09-10,13:11,126.73,126.745,126.65,126.65,8289
SHOP,2026-09-10,13:12,126.685,126.72,126.629,126.629,8083
SHOP,2026-09-10,13:13,126.63,126.9,126.626,126.87,22199
SHOP,2026-09-10,13:14,126.806,126.875,126.8001,126.855,4860
SHOP,2026-09-10,13:15,126.855,126.905,126.765,126.88,9464
SHOP,2026-09-10,13:16,126.851,126.91,126.846,126.848,3979
SHOP,2026-09-10,13:17,126.91,126.94,126.796,126.82,10965
SHOP,2026-09-10,13:18,126.796,126.86,126.748,126.748,3746
SHOP,2026-09-10,13:19,126.75,126.785,126.739,126.78,5770
SHOP,2026-09-10,13:20,126.78,126.8,126.728,126.78,7001
SHOP,2026-09-10,13:21,126.79,126.82,126.755,126.805,5666
SHOP,2026-09-10,13:22,126.78,126.78,126.715,126.73,7553
SHOP,2026-09-10,13:23,126.74,126.85,126.74,126.77,8520
SHOP,2026-09-10,13:24,126.747,126.8,126.715,126.78,7839
SHOP,2026-09-10,13:25,126.78,126.88,126.775,126.775,12551
SHOP,2026-09-10,13:26,126.765,126.765,126.685,126.685,4453
SHOP,2026-09-10,13:27,126.655,126.655,126.445,126.46,16478
SHOP,2026-09-10,13:28,126.51,126.51,126.47,126.47,4947
SHOP,2026-09-10,13:29,126.5,126.51,126.34,126.37,10068
SHOP,2026-09-10,13:30,126.37,126.46,126.37,126.45,7395
SHOP,2026-09-10,13:31,126.47,126.49,126.31,126.32,19868
SHOP,2026-09-10,13:32,126.34,126.34,126.27,126.285,7334
SHOP,2026-09-10,13:33,126.31,126.39,126.28,126.365,17324
SHOP,2026-09-10,13:34,126.365,126.51,126.34,126.505,9346
SHOP,2026-09-10,13:35,126.53,126.54,126.43,126.43,8015
SHOP,2026-09-10,13:36,126.46,126.465,126.43,126.46,4620
SHOP,2026-09-10,13:37,126.49,126.49,126.215,126.215,11491
SHOP,2026-09-10,13:38,126.21,126.23,126.175,126.215,8704
SHOP,2026-09-10,13:39,126.215,126.215,126.1294,126.15,12464
SHOP,2026-09-10,13:40,126.14,126.15,126.085,126.13,6998
SHOP,2026-09-10,13:41,126.125,126.24,126.125,126.2,11645
SHOP,2026-09-10,13:42,126.175,126.18,125.95,126.07,54302
SHOP,2026-09-10,13:43,126.08,126.1225,126.075,126.1225,6009
SHOP,2026-09-10,13:44,126.12,126.155,126.04,126.115,17849
SHOP,2026-09-10,13:45,126.08,126.1,126.05,126.06,12186
SHOP,2026-09-10,13:46,126.08,126.1,125.94,126.045,26341
SHOP,2026-09-10,13:47,126.05,126.05,125.96,126.02,13136
SHOP,2026-09-10,13:48,126,126,125.868,125.9,17449
SHOP,2026-09-10,13:49,125.895,125.9993,125.89,125.935,17940
SHOP,2026-09-10,13:50,125.935,126.006,125.87,125.975,173798
SHOP,2026-09-10,13:51,125.94,126.24,125.94,126.225,8323
SHOP,2026-09-10,13:52,126.235,126.235,126.13,126.13,8835
SHOP,2026-09-10,13:53,126.125,126.14,125.992,126.09,49490
SHOP,2026-09-10,13:54,126.095,126.095,126.0477,126.08,6890
SHOP,2026-09-10,13:55,126.08,126.16,126.07,126.075,7818
SHOP,2026-09-10,13:56,126.075,126.14,126.06,126.13,14821
SHOP,2026-09-10,13:57,126.1175,126.125,125.9,125.92,9717
SHOP,2026-09-10,13:58,125.95,126,125.9,125.96,10055
SHOP,2026-09-10,13:59,125.93,126.04,125.9,125.99,16779
SHOP,2026-09-10,14:00,126.01,126.25,126.01,126.25,10758
SHOP,2026-09-10,14:01,126.25,126.41,126.215,126.35,20307
SHOP,2026-09-10,14:02,126.315,126.32,126.24,126.26,14913
SHOP,2026-09-10,14:03,126.245,126.47,126.2328,126.41,18971
SHOP,2026-09-10,14:04,126.42,126.4736,126.26,126.275,26095
SHOP,2026-09-10,14:05,126.275,126.275,126.17,126.27,16616
SHOP,2026-09-10,14:06,126.26,126.28,126.14,126.16,9095
SHOP,2026-09-10,14:07,126.18,126.18,126.04,126.11,29165
SHOP,2026-09-10,14:08,126.12,126.175,126.08,126.12,9431
SHOP,2026-09-10,14:09,126.12,126.12,125.98,126.05,9400
SHOP,2026-09-10,14:10,126.05,126.05,125.9001,126,10992
SHOP,2026-09-10,14:11,126,126.04,125.81,125.81,38905
SHOP,2026-09-10,14:12,125.85,125.88,125.77,125.88,11562
SHOP,2026-09-10,14:13,125.93,126.015,125.93,125.97,6770
SHOP,2026-09-10,14:14,125.985,126.1,125.95,126.065,11299
SHOP,2026-09-10,14:15,126.05,126.16,126,126.16,15496
SHOP,2026-09-10,14:16,126.16,126.205,126.07,126.08,10077
SHOP,2026-09-10,14:17,126.08,126.165,126.075,126.165,5403
SHOP,2026-09-10,14:18,126.165,126.19,126.06,126.1,24301
SHOP,2026-09-10,14:19,126.1,126.425,126.1,126.41,22054
SHOP,2026-09-10,14:20,126.41,126.4459,126.4001,126.4068,14868
SHOP,2026-09-10,14:21,126.4,126.4,126.26,126.3475,16907
SHOP,2026-09-10,14:22,126.345,126.3475,126.3106,126.325,5137
SHOP,2026-09-10,14:23,126.34,126.355,126.19,126.3,14842
SHOP,2026-09-10,14:24,126.325,126.325,126.24,126.24,10278
SHOP,2026-09-10,14:25,126.22,126.28,125.925,125.925,17182
SHOP,2026-09-10,14:26,126,126.05,125.92,125.995,7710
SHOP,2026-09-10,14:27,125.98,126.01,125.935,126.01,6739
SHOP,2026-09-10,14:28,126.01,126.1664,126.01,126.065,16677
SHOP,2026-09-10,14:29,126.08,126.15,126.08,126.1,9612
SHOP,2026-09-10,14:30,126.09,126.29,126.09,126.29,13450
SHOP,2026-09-10,14:31,126.25,126.3,126.1896,126.2162,12324
SHOP,2026-09-10,14:32,126.25,126.25,126.19,126.24,16992
SHOP,2026-09-10,14:33,126.25,126.28,126.185,126.185,16630
SHOP,2026-09-10,14:34,126.16,126.27,126.1175,126.27,12281
SHOP,2026-09-10,14:35,126.245,126.26,126.1801,126.2,7931
SHOP,2026-09-10,14:36,126.18,126.2,126.16,126.185,8844
SHOP,2026-09-10,14:37,126.185,126.185,126.045,126.045,13657
SHOP,2026-09-10,14:38,126.02,126.02,125.87,125.87,18025
SHOP,2026-09-10,14:39,125.87,125.98,125.84,125.9589,37637
SHOP,2026-09-10,14:40,125.935,126.01,125.92,126.01,19145
SHOP,2026-09-10,14:41,126.01,126.0282,125.98,126.015,8822
SHOP,2026-09-10,14:42,126.005,126.1,125.99,126.06,7573
SHOP,2026-09-10,14:43,126.035,126.11,126,126.07,16306
SHOP,2026-09-10,14:44,126.08,126.08,126.045,126.06,14183
SHOP,2026-09-10,14:45,126.06,126.06,126.02,126.02,7628
SHOP,2026-09-10,14:46,126.0001,126.04,125.97,125.97,9181
SHOP,2026-09-10,14:47,125.995,125.995,125.84,125.88,13553
SHOP,2026-09-10,14:48,125.9,126,125.86,125.93,202472
SHOP,2026-09-10,14:49,125.94,126.145,125.94,126.055,34663
SHOP,2026-09-10,14:50,126.03,126.05,125.945,125.945,12851
SHOP,2026-09-10,14:51,125.96,126.245,125.955,126.215,31018
SHOP,2026-09-10,14:52,126.225,126.32,126.12,126.32,72187
SHOP,2026-09-10,14:53,126.28,126.29,126.1761,126.245,11993
SHOP,2026-09-10,14:54,126.25,126.25,126.235,126.235,4791
SHOP,2026-09-10,14:55,126.235,126.32,126.23,126.29,11043
SHOP,2026-09-10,14:56,126.29,126.295,126.24,126.24,7433
SHOP,2026-09-10,14:57,126.225,126.225,126.15,126.175,8956
SHOP,2026-09-10,14:58,126.175,126.1933,126.155,126.17,6849
SHOP,2026-09-10,14:59,126.17,126.26,126.15,126.25,17949
SHOP,2026-09-10,15:00,126.25,126.25,126.17,126.23,10580
SHOP,2026-09-10,15:01,126.25,126.39,126.25,126.325,7613
SHOP,2026-09-10,15:02,126.3453,126.3453,126.26,126.3,6512
SHOP,2026-09-10,15:03,126.3172,126.445,126.2,126.385,36382
SHOP,2026-09-10,15:04,126.3601,126.365,126.25,126.3126,12496
SHOP,2026-09-10,15:05,126.285,126.29,126.25,126.255,10117
SHOP,2026-09-10,15:06,126.26,126.31,126.205,126.31,11684
SHOP,2026-09-10,15:07,126.32,126.35,126.305,126.325,9178
SHOP,2026-09-10,15:08,126.325,126.355,126.3214,126.355,9416
SHOP,2026-09-10,15:09,126.355,126.54,126.34,126.54,16240
SHOP,2026-09-10,15:10,126.52,126.535,126.44,126.493,12590
SHOP,2026-09-10,15:11,126.42,126.465,126.415,126.435,8732
SHOP,2026-09-10,15:12,126.435,126.59,126.435,126.535,13035
SHOP,2026-09-10,15:13,126.54,126.54,126.48,126.48,6869
SHOP,2026-09-10,15:14,126.465,126.5,126.15,126.175,21903
SHOP,2026-09-10,15:15,126.175,126.2237,126.13,126.2,18248
SHOP,2026-09-10,15:16,126.185,126.19,126,126.1232,18398
SHOP,2026-09-10,15:17,126.14,126.265,126.14,126.21,15184
SHOP,2026-09-10,15:18,126.235,126.235,126.13,126.14,9193
SHOP,2026-09-10,15:19,126.13,126.315,126.105,126.255,33114
SHOP,2026-09-10,15:20,126.24,126.29,126.19,126.29,11909
SHOP,2026-09-10,15:21,126.295,126.38,126.21,126.38,21698
SHOP,2026-09-10,15:22,126.39,126.525,125.76,126.43,83570
SHOP,2026-09-10,15:23,126.43,126.45,126.38,126.415,21103
SHOP,2026-09-10,15:24,126.42,126.42,126.33,126.395,21689
SHOP,2026-09-10,15:25,126.395,126.405,126.225,126.225,23775
SHOP,2026-09-10,15:26,126.225,126.26,126.14,126.23,24873
SHOP,2026-09-10,15:27,126.22,126.28,126.215,126.255,12529
SHOP,2026-09-10,15:28,126.27,126.32,126.27,126.29,14061
SHOP,2026-09-10,15:29,126.295,126.4,126.22,126.225,20671
SHOP,2026-09-10,15:30,126.205,126.21,126.03,126.03,20202
SHOP,2026-09-10,15:31,126.045,126.075,125.985,126.075,41402
SHOP,2026-09-10,15:32,126.0601,126.075,126.02,126.045,13900
SHOP,2026-09-10,15:33,126.06,126.145,125.98,126.03,189422
SHOP,2026-09-10,15:34,126.04,126.1,125.98,126.05,29584
SHOP,2026-09-10,15:35,126.035,126.07,126.02,126.03,21426
SHOP,2026-09-10,15:36,126.01,126.11,126.005,126.1,14735
SHOP,2026-09-10,15:37,126.07,126.08,126.03,126.045,14637
SHOP,2026-09-10,15:38,126.05,126.1,126.015,126.1,23463
SHOP,2026-09-10,15:39,126.08,126.31,126.08,126.305,38196
SHOP,2026-09-10,15:40,126.35,126.35,126.03,126.045,57031
SHOP,2026-09-10,15:41,126.045,126.085,126.02,126.06,26539
SHOP,2026-09-10,15:42,126.06,126.075,126,126.02,19571
SHOP,2026-09-10,15:43,126,126.01,125.94,126.01,28160
SHOP,2026-09-10,15:44,126.02,126.2,125.975,126.165,73873
SHOP,2026-09-10,15:45,126.165,126.27,126.07,126.08,86827
SHOP,2026-09-10,15:46,126.08,126.09,125.96,125.97,28071
SHOP,2026-09-10,15:47,125.97,126.13,125.97,126.11,37433
SHOP,2026-09-10,15:48,126.1,126.18,126.04,126.15,30625
SHOP,2026-09-10,15:49,126.16,126.33,126.145,126.33,22658
SHOP,2026-09-10,15:50,126.3,126.58,126.19,126.475,110696
SHOP,2026-09-10,15:51,126.47,126.535,126.41,126.505,48380
SHOP,2026-09-10,15:52,126.49,126.49,126.161,126.29,72157
SHOP,2026-09-10,15:53,126.29,126.35,126.2,126.24,100995
SHOP,2026-09-10,15:54,126.23,126.39,126.2,126.345,78015
SHOP,2026-09-10,15:55,126.41,126.555,126.345,126.445,126455
SHOP,2026-09-10,15:56,126.43,126.47,126.305,126.34,121525
SHOP,2026-09-10,15:57,126.34,126.44,126.3,126.42,149129
SHOP,2026-09-10,15:58,126.43,126.5,126.39,126.47,164824
SHOP,2026-09-10,15:59,126.47,126.64,126.41,126.59,266742
SHOP,2026-09-10,16:00,126.6,126.6,126.6,126.6,0
SHOP,2026-09-11,09:30,130.612,130.65,129.7,130.15,261086
SHOP,2026-09-11,09:31,130.15,130.585,129.6027,130.185,58969
SHOP,2026-09-11,09:32,130.27,130.6,129.9328,130.115,41216
SHOP,2026-09-11,09:33,130.11,130.4999,129.93,130.4999,18004
SHOP,2026-09-11,09:34,130.47,130.61,130.24,130.323,33845
SHOP,2026-09-11,09:35,130.3,130.84,130.11,130.82,40298
SHOP,2026-09-11,09:36,130.74,131.337,130.73,130.85,61015
SHOP,2026-09-11,09:37,130.93,131.3399,130.85,131.235,27942
SHOP,2026-09-11,09:38,131.32,131.32,130.1212,130.4,46683
SHOP,2026-09-11,09:39,130.23,130.7603,130.16,130.48,37554
SHOP,2026-09-11,09:40,130.455,131.04,130.38,130.56,34021
SHOP,2026-09-11,09:41,130.58,130.78,130.345,130.345,14831
SHOP,2026-09-11,09:42,130.3991,130.69,130.2988,130.485,37686
SHOP,2026-09-11,09:43,130.55,131.015,130.52,130.875,48340
SHOP,2026-09-11,09:44,130.875,130.93,130.59,130.73,75736
SHOP,2026-09-11,09:45,130.74,130.74,129.9,129.915,66317
SHOP,2026-09-11,09:46,129.93,130.22,129.8113,130.11,27231
SHOP,2026-09-11,09:47,130.105,130.395,129.94,130.395,33858
SHOP,2026-09-11,09:48,130.49,130.78,130.44,130.57,39106
SHOP,2026-09-11,09:49,130.64,130.65,130.21,130.45,13473
SHOP,2026-09-11,09:50,130.53,130.535,130.29,130.445,7501
SHOP,2026-09-11,09:51,130.52,131.1487,130.415,131.055,36465
SHOP,2026-09-11,09:52,131.08,131.57,130.98,131.515,62292
SHOP,2026-09-11,09:53,131.47,131.71,131.165,131.41,71997
SHOP,2026-09-11,09:54,131.2,131.305,131.02,131.075,13593
SHOP,2026-09-11,09:55,131.0707,131.38,131.0707,131.165,11135
SHOP,2026-09-11,09:56,131.14,131.37,131.1,131.33,13944
SHOP,2026-09-11,09:57,131.3667,131.3667,131.1,131.28,6290
SHOP,2026-09-11,09:58,131.19,131.89,131.19,131.88,27854
SHOP,2026-09-11,09:59,131.88,131.95,131.68,131.89,40595
SHOP,2026-09-11,10:00,131.9,131.95,131.14,131.155,38302
SHOP,2026-09-11,10:01,131.155,131.25,130.94,131.25,15154
SHOP,2026-09-11,10:02,131.255,131.71,131.22,131.605,30841
SHOP,2026-09-11,10:03,131.6,131.72,131.41,131.705,37516
SHOP,2026-09-11,10:04,131.75,131.78,131.63,131.74,11409
SHOP,2026-09-11,10:05,131.765,131.8,131.47,131.47,27137
SHOP,2026-09-11,10:06,131.465,131.69,131.4429,131.69,17011
SHOP,2026-09-11,10:07,131.81,131.875,131.66,131.715,16003
SHOP,2026-09-11,10:08,131.715,131.92,131.715,131.815,45308
SHOP,2026-09-11,10:09,131.815,131.97,131.6701,131.75,28665
SHOP,2026-09-11,10:10,131.745,131.745,131.57,131.66,17331
SHOP,2026-09-11,10:11,131.56,131.56,131.3005,131.4,18419
SHOP,2026-09-11,10:12,131.4,131.61,131.38,131.57,6021
SHOP,2026-09-11,10:13,131.58,131.68,131.555,131.56,9912
SHOP,2026-09-11,10:14,131.58,131.665,131.52,131.61,21764
SHOP,2026-09-11,10:15,131.66,131.73,131.37,131.408,43974
SHOP,2026-09-11,10:16,131.4422,131.4422,131.213,131.295,17197
SHOP,2026-09-11,10:17,131.2106,131.36,131.04,131.09,11040
SHOP,2026-09-11,10:18,131.09,131.38,131.08,131.38,21824
SHOP,2026-09-11,10:19,131.35,131.35,131.2,131.215,20403
SHOP,2026-09-11,10:20,131.215,131.215,130.91,131,25246
SHOP,2026-09-11,10:21,130.98,130.995,130.88,130.94,13372
SHOP,2026-09-11,10:22,130.945,130.995,130.75,130.815,13077
SHOP,2026-09-11,10:23,130.79,130.83,130.77,130.81,6575
SHOP,2026-09-11,10:24,130.77,130.84,130.62,130.76,15574
SHOP,2026-09-11,10:25,130.76,130.775,130.67,130.71,6309
SHOP,2026-09-11,10:26,130.68,130.83,130.66,130.79,12925
SHOP,2026-09-11,10:27,130.8601,130.94,130.795,130.795,21859
SHOP,2026-09-11,10:28,130.8,130.94,130.8,130.93,7750
SHOP,2026-09-11,10:29,130.935,130.95,130.685,130.72,8671
SHOP,2026-09-11,10:30,130.7,130.76,130.59,130.755,13994
SHOP,2026-09-11,10:31,130.795,130.89,130.75,130.77,8299
SHOP,2026-09-11,10:32,130.79,130.795,130.695,130.72,5914
SHOP,2026-09-11,10:33,130.68,130.68,130.41,130.48,12628
SHOP,2026-09-11,10:34,130.47,130.525,130.37,130.475,16481
SHOP,2026-09-11,10:35,130.475,130.61,130.43,130.5,22062
SHOP,2026-09-11,10:36,130.5,130.68,130.48,130.625,14130
SHOP,2026-09-11,10:37,130.625,130.68,130.5725,130.64,9951
SHOP,2026-09-11,10:38,130.55,130.55,130.35,130.45,28821
SHOP,2026-09-11,10:39,130.47,130.51,130.415,130.45,11242
SHOP,2026-09-11,10:40,130.465,130.52,130.43,130.47,4474
SHOP,2026-09-11,10:41,130.515,130.74,130.46,130.74,73533
SHOP,2026-09-11,10:42,130.745,130.77,130.64,130.67,12341
SHOP,2026-09-11,10:43,130.71,130.71,130.55,130.55,14748
SHOP,2026-09-11,10:44,130.53,130.7,130.37,130.7,8000
SHOP,2026-09-11,10:45,130.74,130.8,130.73,130.74,5484
SHOP,2026-09-11,10:46,130.74,130.92,130.74,130.91,5504
SHOP,2026-09-11,10:47,130.99,131.08,130.99,130.995,13254
SHOP,2026-09-11,10:48,131.02,131.42,130.87,131.37,15963
SHOP,2026-09-11,10:49,131.3,131.49,131.2832,131.49,5316
SHOP,2026-09-11,10:50,131.44,131.44,131.16,131.165,9463
SHOP,2026-09-11,10:51,131.24,131.5,131.24,131.3,17991
SHOP,2026-09-11,10:52,131.29,131.29,131.19,131.19,4899
SHOP,2026-09-11,10:53,131.0963,131.31,131.0963,131.31,5955
SHOP,2026-09-11,10:54,131.28,131.28,130.98,130.995,10716
SHOP,2026-09-11,10:55,130.93,131.21,130.93,131.1,10011
SHOP,2026-09-11,10:56,131.14,131.21,130.99,130.99,6462
SHOP,2026-09-11,10:57,130.99,131,130.885,130.965,8676
SHOP,2026-09-11,10:58,130.96,131,130.94,130.974,3485
SHOP,2026-09-11,10:59,130.94,130.96,130.8,130.8,9735
SHOP,2026-09-11,11:00,130.8,130.8,130.635,130.675,26413
SHOP,2026-09-11,11:01,130.675,130.75,130.395,130.3985,10688
SHOP,2026-09-11,11:02,130.45,130.46,130.17,130.43,46982
SHOP,2026-09-11,11:03,130.41,130.58,130.27,130.35,20944
SHOP,2026-09-11,11:04,130.35,130.36,130.0347,130.085,15569
SHOP,2026-09-11,11:05,130.09,130.2,130,130.18,58794
SHOP,2026-09-11,11:06,130.15,130.44,130.145,130.44,50576
SHOP,2026-09-11,11:07,130.4,130.435,130.17,130.35,29804
SHOP,2026-09-11,11:08,130.35,130.35,130.215,130.22,14888
SHOP,2026-09-11,11:09,130.27,130.44,130.17,130.44,15936
SHOP,2026-09-11,11:10,130.45,130.45,130.21,130.29,33487
SHOP,2026-09-11,11:11,130.295,130.38,130.22,130.22,23668
SHOP,2026-09-11,11:12,130.28,130.35,130.245,130.26,6543
SHOP,2026-09-11,11:13,130.245,130.3,130.24,130.3,4803
SHOP,2026-09-11,11:14,130.34,130.4,130.3116,130.37,12112
SHOP,2026-09-11,11:15,130.35,130.41,130.2305,130.2965,20612
SHOP,2026-09-11,11:16,130.2751,130.4669,130.23,130.41,12954
SHOP,2026-09-11,11:17,130.4,130.45,130.28,130.32,16833
SHOP,2026-09-11,11:18,130.38,130.44,130.31,130.31,14910
SHOP,2026-09-11,11:19,130.37,130.45,130.37,130.395,11011
SHOP,2026-09-11,11:20,130.4048,130.4048,130.34,130.355,4140
SHOP,2026-09-11,11:21,130.355,130.4,130.3,130.345,17985
SHOP,2026-09-11,11:22,130.33,130.33,130.26,130.3187,9282
SHOP,2026-09-11,11:23,130.2578,130.38,130.24,130.315,17614
SHOP,2026-09-11,11:24,130.28,130.37,130.23,130.23,7072
SHOP,2026-09-11,11:25,130.23,130.31,130.23,130.31,20579
SHOP,2026-09-11,11:26,130.3,130.375,130.28,130.3408,24714
SHOP,2026-09-11,11:27,130.41,130.56,130.41,130.5,12234
SHOP,2026-09-11,11:28,130.49,130.605,130.41,130.55,15034
SHOP,2026-09-11,11:29,130.58,130.66,130.55,130.66,11833
SHOP,2026-09-11,11:30,130.66,130.69,130.63,130.6663,6993
SHOP,2026-09-11,11:31,130.69,130.75,130.58,130.75,17036
SHOP,2026-09-11,11:32,130.755,130.94,130.69,130.82,21817
SHOP,2026-09-11,11:33,130.82,130.915,130.79,130.915,12143
SHOP,2026-09-11,11:34,130.87,130.915,130.815,130.835,7925
SHOP,2026-09-11,11:35,130.835,130.89,130.835,130.86,5502
SHOP,2026-09-11,11:36,130.85,130.88,130.8388,130.87,3714
SHOP,2026-09-11,11:37,130.91,130.9695,130.84,130.84,9993
SHOP,2026-09-11,11:38,130.84,130.95,130.84,130.92,5780
SHOP,2026-09-11,11:39,130.88,130.98,130.88,130.95,6016
SHOP,2026-09-11,11:40,130.95,131.15,130.95,131.135,9446
SHOP,2026-09-11,11:41,131.14,131.31,131.14,131.24,10301
SHOP,2026-09-11,11:42,131.23,131.23,131.07,131.07,10783
SHOP,2026-09-11,11:43,131.07,131.26,131.07,131.22,23944
SHOP,2026-09-11,11:44,131.22,131.23,131.18,131.2139,10688
SHOP,2026-09-11,11:45,131.195,131.22,131.1,131.185,5997
SHOP,2026-09-11,11:46,131.13,131.16,131.1,131.11,3933
SHOP,2026-09-11,11:47,131.1,131.19,131.1,131.145,7394
SHOP,2026-09-11,11:48,131.145,131.445,131.1375,131.445,34229
SHOP,2026-09-11,11:49,131.47,131.52,131.45,131.45,13591
SHOP,2026-09-11,11:50,131.45,131.46,131.25,131.36,12939
SHOP,2026-09-11,11:51,131.3651,131.48,131.3651,131.43,10521
SHOP,2026-09-11,11:52,131.4768,131.4768,131.4768,131.4768,2349
SHOP,2026-09-11,11:53,131.44,131.44,131.2801,131.38,6306
SHOP,2026-09-11,11:54,131.295,131.305,131.2745,131.2745,4161
SHOP,2026-09-11,11:55,131.27,131.32,131.2201,131.285,5382
SHOP,2026-09-11,11:56,131.24,131.405,131.065,131.08,39068
SHOP,2026-09-11,11:57,131.08,131.1,130.98,131.05,25265
SHOP,2026-09-11,11:58,131.07,131.2196,131.07,131.13,10056
SHOP,2026-09-11,11:59,131.125,131.17,131.11,131.17,4627
SHOP,2026-09-11,12:00,131.18,131.4,131.18,131.33,13101
SHOP,2026-09-11,12:01,131.33,131.4,131.3,131.38,6837
SHOP,2026-09-11,12:02,131.376,131.44,131.376,131.44,3660
SHOP,2026-09-11,12:03,131.47,131.7,131.47,131.69,22555
SHOP,2026-09-11,12:04,131.69,131.78,131.62,131.68,48997
SHOP,2026-09-11,12:05,131.6771,131.75,131.66,131.72,9813
SHOP,2026-09-11,12:06,131.75,131.75,131.6,131.605,7840
SHOP,2026-09-11,12:07,131.58,131.58,131.44,131.505,8844
SHOP,2026-09-11,12:08,131.445,131.65,131.445,131.56,6426
SHOP,2026-09-11,12:09,131.55,131.64,131.55,131.595,3249
SHOP,2026-09-11,12:10,131.56,131.595,131.3501,131.3501,8234
SHOP,2026-09-11,12:11,131.39,131.44,131.39,131.43,8980
SHOP,2026-09-11,12:12,131.425,131.45,131.37,131.39,10673
SHOP,2026-09-11,12:13,131.37,131.37,131.27,131.27,7696
SHOP,2026-09-11,12:14,131.27,131.32,131.26,131.29,6073
SHOP,2026-09-11,12:15,131.32,131.38,131.315,131.37,5523
SHOP,2026-09-11,12:16,131.375,131.5,131.36,131.42,18408
SHOP,2026-09-11,12:17,131.44,131.5675,131.42,131.51,17737
SHOP,2026-09-11,12:18,131.545,131.61,131.545,131.56,6444
SHOP,2026-09-11,12:19,131.555,131.6,131.55,131.59,4265
SHOP,2026-09-11,12:20,131.61,131.63,131.5,131.53,12674
SHOP,2026-09-11,12:21,131.56,131.585,131.5356,131.54,3865
SHOP,2026-09-11,12:22,131.59,131.59,131.55,131.57,5143
SHOP,2026-09-11,12:23,131.54,131.54,131.43,131.47,10796
SHOP,2026-09-11,12:24,131.47,131.47,131.41,131.4191,4689
SHOP,2026-09-11,12:25,131.48,131.54,131.46,131.54,12263
SHOP,2026-09-11,12:26,131.53,131.53,131.3878,131.3878,11277
SHOP,2026-09-11,12:27,131.47,131.61,131.47,131.57,8916
SHOP,2026-09-11,12:28,131.5957,131.62,131.51,131.545,4807
SHOP,2026-09-11,12:29,131.5249,131.57,131.43,131.435,35550
SHOP,2026-09-11,12:30,131.385,131.46,131.33,131.35,7852
SHOP,2026-09-11,12:31,131.3601,131.42,131.3001,131.39,11561
SHOP,2026-09-11,12:32,131.36,131.495,131.36,131.495,9546
SHOP,2026-09-11,12:33,131.53,131.59,131.5161,131.59,2963
SHOP,2026-09-11,12:34,131.615,131.68,131.6,131.6,9422
SHOP,2026-09-11,12:35,131.625,131.625,131.58,131.59,6154
SHOP,2026-09-11,12:36,131.6,131.6,131.55,131.59,5215
SHOP,2026-09-11,12:37,131.58,131.58,131.46,131.46,8712
SHOP,2026-09-11,12:38,131.465,131.52,131.44,131.495,6045
SHOP,2026-09-11,12:39,131.5,131.55,131.5,131.5375,9369
SHOP,2026-09-11,12:40,131.52,131.82,131.52,131.75,22887
SHOP,2026-09-11,12:41,131.72,131.7406,131.67,131.735,8113
SHOP,2026-09-11,12:42,131.71,131.78,131.71,131.73,6497
SHOP,2026-09-11,12:43,131.74,131.74,131.54,131.54,15091
SHOP,2026-09-11,12:44,131.58,131.5975,131.58,131.595,3471
SHOP,2026-09-11,12:45,131.63,131.68,131.62,131.68,11928
SHOP,2026-09-11,12:46,131.68,131.71,131.65,131.68,11372
SHOP,2026-09-11,12:47,131.685,131.685,131.54,131.56,19814
SHOP,2026-09-11,12:48,131.555,131.555,131.4,131.48,11447
SHOP,2026-09-11,12:49,131.46,131.49,131.32,131.32,24661
SHOP,2026-09-11,12:50,131.34,131.34,131.22,131.255,15594
SHOP,2026-09-11,12:51,131.28,131.32,131.28,131.285,7852
SHOP,2026-09-11,12:52,131.23,131.34,131.2,131.29,16107
SHOP,2026-09-11,12:53,131.29,131.29,131.24,131.26,11380
SHOP,2026-09-11,12:54,131.24,131.24,131.19,131.19,5585
SHOP,2026-09-11,12:55,131.205,131.28,131.055,131.06,21836
SHOP,2026-09-11,12:56,131.03,131.09,131.01,131.01,12359
SHOP,2026-09-11,12:57,130.945,131.0704,130.945,131.0704,11254
SHOP,2026-09-11,12:58,131.08,131.1,130.97,131.045,15615
SHOP,2026-09-11,12:59,131.045,131.08,131.045,131.06,10968
SHOP,2026-09-11,13:00,131.06,131.07,130.9,130.955,25548
SHOP,2026-09-11,13:01,130.95,131,130.95,130.955,9702
SHOP,2026-09-11,13:02,130.955,131.02,130.875,130.96,21269
SHOP,2026-09-11,13:03,130.98,131.06,130.98,131.06,6297
SHOP,2026-09-11,13:04,131.03,131.03,130.9,130.9501,4651
SHOP,2026-09-11,13:05,130.95,130.99,130.86,130.98,17551
SHOP,2026-09-11,13:06,130.98,130.98,130.79,130.8,12879
SHOP,2026-09-11,13:07,130.8,131.01,130.8,130.83,19379
SHOP,2026-09-11,13:08,130.83,130.99,130.83,130.94,20224
SHOP,2026-09-11,13:09,130.94,130.945,130.94,130.94,4243
SHOP,2026-09-11,13:10,130.94,131.1,130.94,131.04,11684
SHOP,2026-09-11,13:11,131.04,131.12,131.04,131.05,7059
SHOP,2026-09-11,13:12,131.04,131.32,131.04,131.3,18562
SHOP,2026-09-11,13:13,131.3,131.32,131.06,131.11,39192
SHOP,2026-09-11,13:14,131.115,131.115,131.05,131.05,5481
SHOP,2026-09-11,13:15,131.1,131.39,131.1,131.36,23181
SHOP,2026-09-11,13:16,131.345,131.57,131.13,131.57,18972
SHOP,2026-09-11,13:17,131.515,131.54,131.4,131.45,23338
SHOP,2026-09-11,13:18,131.43,131.43,131.3,131.32,12834
SHOP,2026-09-11,13:19,131.34,131.4099,131.125,131.205,18609
SHOP,2026-09-11,13:20,131.24,131.27,131.17,131.205,15166
SHOP,2026-09-11,13:21,131.205,131.21,131.14,131.14,9493
SHOP,2026-09-11,13:22,131.14,131.18,131.095,131.11,9420
SHOP,2026-09-11,13:23,131.11,131.15,130.95,130.95,19029
SHOP,2026-09-11,13:24,130.935,131.085,130.88,131.02,38537
SHOP,2026-09-11,13:25,131.035,131.05,130.975,130.985,12383
SHOP,2026-09-11,13:26,130.99,131.1,130.95,131.1,13117
SHOP,2026-09-11,13:27,131.1,131.13,131.08,131.12,10519
SHOP,2026-09-11,13:28,131.0714,131.12,131.0714,131.085,12357
SHOP,2026-09-11,13:29,131.1,131.1,130.92,130.96,27876
SHOP,2026-09-11,13:30,130.99,131.1,130.99,131.055,19346
SHOP,2026-09-11,13:31,131.045,131.09,131,131,5132
SHOP,2026-09-11,13:32,131.01,131.045,130.74,130.785,19388
SHOP,2026-09-11,13:33,130.75,130.785,130.68,130.715,9541
SHOP,2026-09-11,13:34,130.715,130.77,130.67,130.72,12330
SHOP,2026-09-11,13:35,130.72,130.745,130.67,130.68,10348
SHOP,2026-09-11,13:36,130.65,130.65,130.55,130.57,9935
SHOP,2026-09-11,13:37,130.57,130.57,130.4604,130.4914,24460
SHOP,2026-09-11,13:38,130.52,130.52,130.315,130.38,28455
SHOP,2026-09-11,13:39,130.385,130.58,130.385,130.56,9689
SHOP,2026-09-11,13:40,130.55,130.705,130.545,130.695,21857
SHOP,2026-09-11,13:41,130.695,130.745,130.62,130.62,11794
SHOP,2026-09-11,13:42,130.63,130.8,130.62,130.8,7250
SHOP,2026-09-11,13:43,130.7825,130.785,130.69,130.7784,7329
SHOP,2026-09-11,13:44,130.68,130.81,130.68,130.71,11019
SHOP,2026-09-11,13:45,130.75,130.82,130.7,130.76,35960
SHOP,2026-09-11,13:46,130.74,130.75,130.58,130.675,24855
SHOP,2026-09-11,13:47,130.6999,130.785,130.6999,130.74,10068
SHOP,2026-09-11,13:48,130.77,130.8,130.7265,130.7265,11157
SHOP,2026-09-11,13:49,130.75,130.8,130.745,130.78,12356
SHOP,2026-09-11,13:50,130.8,130.82,130.71,130.785,21268
SHOP,2026-09-11,13:51,130.75,130.75,130.6638,130.695,8924
SHOP,2026-09-11,13:52,130.6501,130.74,130.63,130.72,23643
SHOP,2026-09-11,13:53,130.725,130.75,130.67,130.73,17301
SHOP,2026-09-11,13:54,130.73,130.75,130.69,130.715,7681
SHOP,2026-09-11,13:55,130.68,130.705,130.58,130.58,7015
SHOP,2026-09-11,13:56,130.575,130.6,130.575,130.595,6740
SHOP,2026-09-11,13:57,130.595,130.61,130.56,130.57,13041
SHOP,2026-09-11,13:58,130.57,130.63,130.56,130.605,12290
SHOP,2026-09-11,13:59,130.6203,130.63,130.6,130.6,5285
SHOP,2026-09-11,14:00,130.63,130.76,130.63,130.725,18363
SHOP,2026-09-11,14:01,130.7,130.7138,130.66,130.69,5668
SHOP,2026-09-11,14:02,130.7,130.95,130.7,130.93,18681
SHOP,2026-09-11,14:03,130.96,130.965,130.81,130.86,14254
SHOP,2026-09-11,14:04,130.865,130.92,130.865,130.91,12052
SHOP,2026-09-11,14:05,130.91,131.095,130.87,130.91,16803
SHOP,2026-09-11,14:06,130.91,130.99,130.87,130.975,11784
SHOP,2026-09-11,14:07,131,131,130.835,130.84,17816
SHOP,2026-09-11,14:08,130.835,130.87,130.8,130.835,9498
SHOP,2026-09-11,14:09,130.87,130.95,130.87,130.94,6862
SHOP,2026-09-11,14:10,130.95,130.95,130.8991,130.94,3275
SHOP,2026-09-11,14:11,130.92,130.98,130.89,130.89,24483
SHOP,2026-09-11,14:12,130.88,130.88,130.67,130.74,9552
SHOP,2026-09-11,14:13,130.73,130.73,130.69,130.71,5049
SHOP,2026-09-11,14:14,130.71,130.71,130.565,130.62,35189
SHOP,2026-09-11,14:15,130.63,130.63,130.5554,130.5775,4443
SHOP,2026-09-11,14:16,130.5725,130.59,130.53,130.54,8412
SHOP,2026-09-11,14:17,130.535,130.535,130.41,130.415,9135
SHOP,2026-09-11,14:18,130.42,130.42,130.295,130.31,18248
SHOP,2026-09-11,14:19,130.31,130.33,130.2,130.27,21467
SHOP,2026-09-11,14:20,130.28,130.34,130.1913,130.235,15504
SHOP,2026-09-11,14:21,130.2,130.2,130.12,130.155,5469
SHOP,2026-09-11,14:22,130.17,130.37,130.17,130.365,13382
SHOP,2026-09-11,14:23,130.35,130.52,130.35,130.445,15504
SHOP,2026-09-11,14:24,130.445,130.445,130.36,130.39,14718
SHOP,2026-09-11,14:25,130.39,130.4,130.17,130.175,10736
SHOP,2026-09-11,14:26,130.165,130.24,130.165,130.21,13026
SHOP,2026-09-11,14:27,130.24,130.32,130.22,130.31,21027
SHOP,2026-09-11,14:28,130.31,130.35,130.21,130.305,12228
SHOP,2026-09-11,14:29,130.31,130.34,130.31,130.325,6720
SHOP,2026-09-11,14:30,130.33,130.35,130.25,130.25,9042
SHOP,2026-09-11,14:31,130.21,130.21,130.05,130.095,7472
SHOP,2026-09-11,14:32,130.11,130.12,130.06,130.1,9017
SHOP,2026-09-11,14:33,130.12,130.24,130.12,130.2325,12391
SHOP,2026-09-11,14:34,130.23,130.24,130.16,130.23,4335
SHOP,2026-09-11,14:35,130.2,130.2,130.1106,130.1253,9432
SHOP,2026-09-11,14:36,130.14,130.19,130.14,130.19,9692
SHOP,2026-09-11,14:37,130.155,130.155,130.1,130.1,5629
SHOP,2026-09-11,14:38,130.1,130.12,130.09,130.105,5344
SHOP,2026-09-11,14:39,130.1,130.12,130.06,130.06,8081
SHOP,2026-09-11,14:40,130.06,130.06,130.005,130.06,11775
SHOP,2026-09-11,14:41,130.07,130.09,130.03,130.03,20133
SHOP,2026-09-11,14:42,130.035,130.035,129.92,129.965,38934
SHOP,2026-09-11,14:43,129.965,129.965,129.84,129.84,8752
SHOP,2026-09-11,14:44,129.875,129.94,129.85,129.87,14139
SHOP,2026-09-11,14:45,129.855,129.86,129.82,129.83,9363
SHOP,2026-09-11,14:46,129.83,129.93,129.83,129.93,12312
SHOP,2026-09-11,14:47,129.915,129.96,129.9,129.93,13200
SHOP,2026-09-11,14:48,129.92,129.92,129.85,129.875,10993
SHOP,2026-09-11,14:49,129.87,129.89,129.74,129.745,21079
SHOP,2026-09-11,14:50,129.745,129.745,129.5905,129.605,19614
SHOP,2026-09-11,14:51,129.605,129.62,129.54,129.585,12557
SHOP,2026-09-11,14:52,129.55,129.7,129.5201,129.7,27759
SHOP,2026-09-11,14:53,129.6501,129.7051,129.6501,129.69,7793
SHOP,2026-09-11,14:54,129.7,129.755,129.64,129.645,42028
SHOP,2026-09-11,14:55,129.645,129.75,129.645,129.7272,22447
SHOP,2026-09-11,14:56,129.715,129.72,129.63,129.63,8575
SHOP,2026-09-11,14:57,129.63,129.67,129.63,129.63,11778
SHOP,2026-09-11,14:58,129.64,129.65,129.63,129.63,10598
SHOP,2026-09-11,14:59,129.64,129.68,129.62,129.64,18265
SHOP,2026-09-11,15:00,129.64,129.7,129.64,129.685,15417
SHOP,2026-09-11,15:01,129.7,129.73,129.68,129.72,18593
SHOP,2026-09-11,15:02,129.72,129.74,129.7,129.7211,11295
SHOP,2026-09-11,15:03,129.71,129.715,129.62,129.62,18577
SHOP,2026-09-11,15:04,129.645,129.71,129.645,129.705,14996
SHOP,2026-09-11,15:05,129.72,129.72,129.59,129.59,16145
SHOP,2026-09-11,15:06,129.605,129.64,129.52,129.52,11485
SHOP,2026-09-11,15:07,129.525,129.53,129.5001,129.53,7626
SHOP,2026-09-11,15:08,129.53,129.56,129.43,129.45,53774
SHOP,2026-09-11,15:09,129.45,129.47,129.43,129.45,22615
SHOP,2026-09-11,15:10,129.45,129.46,129.3052,129.3052,10836
SHOP,2026-09-11,15:11,129.305,129.31,129,129,38212
SHOP,2026-09-11,15:12,129.02,129.13,128.95,129.13,35157
SHOP,2026-09-11,15:13,129.1,129.105,129.04,129.045,11859
SHOP,2026-09-11,15:14,129.05,129.05,129,129.005,6841
SHOP,2026-09-11,15:15,129.005,129.03,128.97,128.975,15944
SHOP,2026-09-11,15:16,128.9706,129.07,128.94,129.04,35099
SHOP,2026-09-11,15:17,129.0225,129.1,128.96,129.08,37711
SHOP,2026-09-11,15:18,129.06,129.06,128.93,129,22981
SHOP,2026-09-11,15:19,129.03,129.16,129.03,129.13,21831
SHOP,2026-09-11,15:20,129.13,129.26,129.09,129.255,21913
SHOP,2026-09-11,15:21,129.26,129.2625,129.215,129.215,10859
SHOP,2026-09-11,15:22,129.23,129.405,129.23,129.355,45503
SHOP,2026-09-11,15:23,129.355,129.54,129.355,129.53,25440
SHOP,2026-09-11,15:24,129.52,129.56,129.5,129.52,13794
SHOP,2026-09-11,15:25,129.54,129.5648,129.455,129.455,21215
SHOP,2026-09-11,15:26,129.3906,129.455,129.39,129.405,11933
SHOP,2026-09-11,15:27,129.405,129.465,129.405,129.44,13823
SHOP,2026-09-11,15:28,129.45,129.46,129.43,129.455,19719
SHOP,2026-09-11,15:29,129.455,129.48,129.36,129.36,40479
SHOP,2026-09-11,15:30,129.35,129.42,129.33,129.35,14075
SHOP,2026-09-11,15:31,129.355,129.47,129.355,129.42,22464
SHOP,2026-09-11,15:32,129.425,129.4394,129.18,129.18,23161
SHOP,2026-09-11,15:33,129.18,129.22,129.07,129.09,19657
SHOP,2026-09-11,15:34,129.09,129.19,129.09,129.175,31907
SHOP,2026-09-11,15:35,129.1653,129.18,129.02,129.03,38848
SHOP,2026-09-11,15:36,129.025,129.07,129.01,129.01,21343
SHOP,2026-09-11,15:37,129.0135,129.07,129.005,129.07,21189
SHOP,2026-09-11,15:38,129.07,129.19,129.005,129.135,91401
SHOP,2026-09-11,15:39,129.16,129.16,129.07,129.1,20072
SHOP,2026-09-11,15:40,129.09,129.09,128.89,128.91,25668
SHOP,2026-09-11,15:41,128.91,128.97,128.84,128.84,34899
SHOP,2026-09-11,15:42,128.84,128.91,128.84,128.91,24209
SHOP,2026-09-11,15:43,128.9,128.97,128.87,128.95,30086
SHOP,2026-09-11,15:44,128.95,129.07,128.94,128.955,40225
SHOP,2026-09-11,15:45,128.955,129,128.72,128.86,68204
SHOP,2026-09-11,15:46,128.85,128.88,128.67,128.72,49163
SHOP,2026-09-11,15:47,128.715,128.74,128.65,128.695,24709
SHOP,2026-09-11,15:48,128.71,128.75,128.62,128.655,38246
SHOP,2026-09-11,15:49,128.645,128.69,128.64,128.67,27412
SHOP,2026-09-11,15:50,128.62,128.82,128.39,128.805,140310
SHOP,2026-09-11,15:51,128.82,128.895,128.77,128.805,60273
SHOP,2026-09-11,15:52,128.82,128.88,128.805,128.8266,52766
SHOP,2026-09-11,15:53,128.83,128.87,128.72,128.85,74002
SHOP,2026-09-11,15:54,128.85,129.045,128.78,128.96,103480
SHOP,2026-09-11,15:55,128.93,128.97,128.77,128.78,113624
SHOP,2026-09-11,15:56,128.78,128.78,128.64,128.74,120417
SHOP,2026-09-11,15:57,128.74,128.75,128.62,128.75,101776
SHOP,2026-09-11,15:58,128.75,128.79,128.55,128.58,369502
SHOP,2026-09-11,15:59,128.58,128.76,128.5,128.7475,723108
SHOP,2026-09-11,16:00,128.79,128.79,128.79,128.79,0
SHOP,2026-09-14,09:30,129.14,130,128.77,129.82,399431
SHOP,2026-09-14,09:31,129.82,130.79,129.4139,130.75,24952
SHOP,2026-09-14,09:32,130.5,130.8014,130.16,130.655,22167
SHOP,2026-09-14,09:33,130.57,131,130.57,130.87,20417
SHOP,2026-09-14,09:34,130.875,130.95,130.53,130.625,17001
SHOP,2026-09-14,09:35,130.71,130.71,129.82,130.06,13850
SHOP,2026-09-14,09:36,130.08,130.75,129.99,130.7,18821
SHOP,2026-09-14,09:37,130.7,130.84,129.82,129.92,28996
SHOP,2026-09-14,09:38,129.92,130.25,129.88,130.07,15181
SHOP,2026-09-14,09:39,129.91,130.26,129.73,130.18,12845
SHOP,2026-09-14,09:40,130.185,130.5,130.185,130.395,13401
SHOP,2026-09-14,09:41,130.33,130.4899,130.015,130.4,22587
SHOP,2026-09-14,09:42,130.47,130.8,130.36,130.715,27866
SHOP,2026-09-14,09:43,130.755,130.89,130.655,130.75,19492
SHOP,2026-09-14,09:44,130.846,130.846,130.46,130.465,20550
SHOP,2026-09-14,09:45,130.55,130.93,130.205,130.2725,37500
SHOP,2026-09-14,09:46,130.275,130.275,129.995,129.995,19387
SHOP,2026-09-14,09:47,129.97,130.59,129.78,130.59,12736
SHOP,2026-09-14,09:48,130.6,130.79,130.3201,130.49,21433
SHOP,2026-09-14,09:49,130.53,130.715,130.435,130.56,9023
SHOP,2026-09-14,09:50,130.52,130.94,130.52,130.92,16992
SHOP,2026-09-14,09:51,130.895,131.21,130.6925,131.0611,35065
SHOP,2026-09-14,09:52,131.27,131.565,131.2401,131.44,26548
SHOP,2026-09-14,09:53,131.498,131.498,131.07,131.24,16269
SHOP,2026-09-14,09:54,131.21,131.33,130.8201,131.1,16428
SHOP,2026-09-14,09:55,131.04,131.07,130.86,131.07,14758
SHOP,2026-09-14,09:56,131.12,131.2008,130.865,130.925,14185
SHOP,2026-09-14,09:57,130.92,131.115,130.815,131.115,14366
SHOP,2026-09-14,09:58,131.115,131.25,131.02,131.02,25387
SHOP,2026-09-14,09:59,130.93,131.092,130.665,130.96,21051
SHOP,2026-09-14,10:00,130.89,131.21,130.815,130.98,25914
SHOP,2026-09-14,10:01,130.86,130.86,130.465,130.7,19418
SHOP,2026-09-14,10:02,130.705,130.705,130.1757,130.205,15420
SHOP,2026-09-14,10:03,130.14,130.2,129.81,130.13,39680
SHOP,2026-09-14,10:04,130.13,130.51,130.12,130.16,20453
SHOP,2026-09-14,10:05,130.12,130.2635,130.06,130.11,9679
SHOP,2026-09-14,10:06,130.11,130.26,130.11,130.26,5475
SHOP,2026-09-14,10:07,130.245,130.245,130.05,130.095,9134
SHOP,2026-09-14,10:08,130.09,130.09,129.97,130.04,7764
SHOP,2026-09-14,10:09,130.04,130.1,129.92,129.995,14343
SHOP,2026-09-14,10:10,130,130.15,130,130.07,17993
SHOP,2026-09-14,10:11,130.015,130.02,129.92,129.95,8714
SHOP,2026-09-14,10:12,129.95,130.02,129.835,129.93,13519
SHOP,2026-09-14,10:13,129.94,129.94,129.44,129.615,16335
SHOP,2026-09-14,10:14,129.55,129.55,129.28,129.41,22129
SHOP,2026-09-14,10:15,129.44,129.44,128.74,128.9167,29326
SHOP,2026-09-14,10:16,128.895,129.12,128.895,129.095,19915
SHOP,2026-09-14,10:17,129.105,129.115,128.93,128.955,15977
SHOP,2026-09-14,10:18,128.94,128.94,128.67,128.77,21568
SHOP,2026-09-14,10:19,128.74,128.78,128.34,128.77,30294
SHOP,2026-09-14,10:20,128.72,128.985,128.645,128.96,14617
SHOP,2026-09-14,10:21,128.93,129.1329,128.92,128.92,17921
SHOP,2026-09-14,10:22,129.01,129.1,128.93,129.02,19259
SHOP,2026-09-14,10:23,129.06,129.18,129.035,129.18,11337
SHOP,2026-09-14,10:24,129.12,129.13,128.75,128.78,13174
SHOP,2026-09-14,10:25,128.7911,128.7911,128.67,128.67,8814
SHOP,2026-09-14,10:26,128.7107,128.84,128.5975,128.66,8187
SHOP,2026-09-14,10:27,128.675,128.79,128.59,128.59,18686
SHOP,2026-09-14,10:28,128.61,128.61,128.38,128.53,16199
SHOP,2026-09-14,10:29,128.545,128.58,128.38,128.38,15094
SHOP,2026-09-14,10:30,128.46,128.47,128.22,128.305,19382
SHOP,2026-09-14,10:31,128.245,128.81,128.09,128.81,15992
SHOP,2026-09-14,10:32,128.7869,129.14,128.7869,129.14,6750
SHOP,2026-09-14,10:33,129.145,129.16,128.9077,129.11,10306
SHOP,2026-09-14,10:34,129.0715,129.25,129.0715,129.2,9602
SHOP,2026-09-14,10:35,129.2,129.25,129.07,129.0825,10406
SHOP,2026-09-14,10:36,129.115,129.31,129.05,129.31,23328
SHOP,2026-09-14,10:37,129.345,129.58,129.27,129.555,15421
SHOP,2026-09-14,10:38,129.54,129.695,129.375,129.65,17843
SHOP,2026-09-14,10:39,129.62,129.645,129.55,129.645,7471
SHOP,2026-09-14,10:40,129.76,129.815,129.52,129.55,9445
SHOP,2026-09-14,10:41,129.51,129.67,129.47,129.67,6793
SHOP,2026-09-14,10:42,129.67,129.8225,129.67,129.78,7353
SHOP,2026-09-14,10:43,129.89,129.93,129.8,129.85,6669
SHOP,2026-09-14,10:44,129.8,129.9,129.6681,129.9,8792
SHOP,2026-09-14,10:45,129.93,130.13,129.93,129.98,20124
SHOP,2026-09-14,10:46,129.94,130.09,129.94,130.09,6175
SHOP,2026-09-14,10:47,130.2001,130.42,130.15,130.42,16848
SHOP,2026-09-14,10:48,130.37,130.385,130.31,130.36,8580
SHOP,2026-09-14,10:49,130.31,130.41,130.29,130.4,7663
SHOP,2026-09-14,10:50,130.415,130.45,130.265,130.265,24620
SHOP,2026-09-14,10:51,130.3,130.45,130.26,130.36,12898
SHOP,2026-09-14,10:52,130.3,130.39,130.24,130.34,8497
SHOP,2026-09-14,10:53,130.39,130.65,130.39,130.65,20626
SHOP,2026-09-14,10:54,130.685,130.73,130.44,130.44,19644
SHOP,2026-09-14,10:55,130.475,130.65,130.43,130.5,25861
SHOP,2026-09-14,10:56,130.545,130.745,130.545,130.745,8571
SHOP,2026-09-14,10:57,130.69,130.875,130.49,130.85,46122
SHOP,2026-09-14,10:58,130.83,131.09,130.81,131.0499,26309
SHOP,2026-09-14,10:59,131,131.05,130.92,131.05,20939
SHOP,2026-09-14,11:00,131.0595,131.15,131.0312,131.14,8902
SHOP,2026-09-14,11:01,131.2,131.27,131.145,131.2,17695
SHOP,2026-09-14,11:02,131.2203,131.28,130.72,130.765,18191
SHOP,2026-09-14,11:03,130.775,130.8299,130.66,130.805,11576
SHOP,2026-09-14,11:04,130.805,130.91,130.7041,130.82,16128
SHOP,2026-09-14,11:05,130.835,131.28,130.74,131.1741,18827
SHOP,2026-09-14,11:06,131.1,131.28,131.06,131.22,44832
SHOP,2026-09-14,11:07,131.15,131.48,131.15,131.39,9902
SHOP,2026-09-14,11:08,131.4,131.58,131.35,131.48,12895
SHOP,2026-09-14,11:09,131.525,131.78,131.525,131.665,19950
SHOP,2026-09-14,11:10,131.69,131.75,131.58,131.69,18967
SHOP,2026-09-14,11:11,131.72,131.74,131.55,131.64,17826
SHOP,2026-09-14,11:12,131.64,131.645,131.23,131.23,22728
SHOP,2026-09-14,11:13,131.27,131.46,131.23,131.46,11135
SHOP,2026-09-14,11:14,131.44,131.46,131.36,131.44,12953
SHOP,2026-09-14,11:15,131.42,131.42,131.28,131.28,4272
SHOP,2026-09-14,11:16,131.335,131.4,131.25,131.25,8204
SHOP,2026-09-14,11:17,131.275,131.335,131.165,131.1794,11053
SHOP,2026-09-14,11:18,131.22,131.3954,131.145,131.315,39903
SHOP,2026-09-14,11:19,131.34,131.4638,131.3385,131.44,8263
SHOP,2026-09-14,11:20,131.44,131.44,131.3,131.3125,4741
SHOP,2026-09-14,11:21,131.3599,131.47,131.315,131.47,8394
SHOP,2026-09-14,11:22,131.515,131.515,131.42,131.42,6114
SHOP,2026-09-14,11:23,131.42,131.5,131.37,131.5,5686
SHOP,2026-09-14,11:24,131.48,131.56,131.375,131.41,12742
SHOP,2026-09-14,11:25,131.43,131.43,131.35,131.35,3890
SHOP,2026-09-14,11:26,131.32,131.48,131.32,131.41,8057
SHOP,2026-09-14,11:27,131.51,131.52,131.4,131.4,8973
SHOP,2026-09-14,11:28,131.46,131.54,131.37,131.535,17464
SHOP,2026-09-14,11:29,131.6,131.665,131.48,131.52,26654
SHOP,2026-09-14,11:30,131.475,131.52,131.395,131.45,27571
SHOP,2026-09-14,11:31,131.47,131.47,131.385,131.385,10428
SHOP,2026-09-14,11:32,131.43,131.74,131.43,131.685,28008
SHOP,2026-09-14,11:33,131.65,131.875,131.6,131.8312,24790
SHOP,2026-09-14,11:34,131.86,132.0395,131.86,132.0176,22714
SHOP,2026-09-14,11:35,131.89,131.92,131.77,131.81,16657
SHOP,2026-09-14,11:36,131.82,131.9,131.7,131.705,7387
SHOP,2026-09-14,11:37,131.705,131.89,131.64,131.89,6479
SHOP,2026-09-14,11:38,131.92,131.97,131.91,131.94,8043
SHOP,2026-09-14,11:39,131.98,131.98,131.94,131.94,6327
SHOP,2026-09-14,11:40,131.96,131.98,131.795,131.795,10002
SHOP,2026-09-14,11:41,131.78,131.82,131.71,131.75,8940
SHOP,2026-09-14,11:42,131.77,131.81,131.73,131.81,5912
SHOP,2026-09-14,11:43,131.855,132.14,131.855,132.1,18577
SHOP,2026-09-14,11:44,132.14,132.3382,132.14,132.26,21616
SHOP,2026-09-14,11:45,132.28,132.28,132.16,132.21,4410
SHOP,2026-09-14,11:46,132.215,132.27,132.1601,132.27,9077
SHOP,2026-09-14,11:47,132.29,132.41,132.25,132.41,13797
SHOP,2026-09-14,11:48,132.405,132.67,132.37,132.67,25818
SHOP,2026-09-14,11:49,132.65,132.775,132.6301,132.66,21875
SHOP,2026-09-14,11:50,132.65,132.685,132.6,132.65,9143
SHOP,2026-09-14,11:51,132.68,132.76,132.6,132.66,14185
SHOP,2026-09-14,11:52,132.71,133,132.71,132.94,25830
SHOP,2026-09-14,11:53,132.94,133.08,132.94,132.99,9949
SHOP,2026-09-14,11:54,132.98,133.215,132.98,133.05,18509
SHOP,2026-09-14,11:55,133.0803,133.17,133.05,133.1,8221
SHOP,2026-09-14,11:56,133.12,133.18,133.0969,133.14,10566
SHOP,2026-09-14,11:57,133.14,133.15,133.02,133.12,15639
SHOP,2026-09-14,11:58,133.1,133.115,133.05,133.0801,7455
SHOP,2026-09-14,11:59,133.125,133.44,133.045,133.3,16783
SHOP,2026-09-14,12:00,133.32,133.4,133.22,133.37,8021
SHOP,2026-09-14,12:01,133.37,133.41,133.25,133.25,6597
SHOP,2026-09-14,12:02,133.3175,133.3175,133.17,133.21,5137
SHOP,2026-09-14,12:03,133.24,133.24,133.085,133.11,14448
SHOP,2026-09-14,12:04,133.09,133.09,132.96,133,10909
SHOP,2026-09-14,12:05,132.97,133,132.81,132.81,8482
SHOP,2026-09-14,12:06,132.9,132.91,132.82,132.9,9807
SHOP,2026-09-14,12:07,132.9,133.055,132.86,133.055,9668
SHOP,2026-09-14,12:08,133.04,133.11,132.995,133.03,13740
SHOP,2026-09-14,12:09,133.04,133.045,132.94,132.995,6852
SHOP,2026-09-14,12:10,132.995,133.04,132.96,133.02,9622
SHOP,2026-09-14,12:11,133.01,133.07,133,133,7686
SHOP,2026-09-14,12:12,132.97,133.1206,132.97,133.1206,3345
SHOP,2026-09-14,12:13,133.14,133.21,133.05,133.195,10129
SHOP,2026-09-14,12:14,133.2,133.315,133.2,133.285,7894
SHOP,2026-09-14,12:15,133.315,133.37,133.3101,133.34,17566
SHOP,2026-09-14,12:16,133.33,133.41,133.32,133.3985,13323
SHOP,2026-09-14,12:17,133.42,133.61,133.34,133.585,40056
SHOP,2026-09-14,12:18,133.6,133.7212,133.59,133.69,16581
SHOP,2026-09-14,12:19,133.69,133.69,133.515,133.64,18973
SHOP,2026-09-14,12:20,133.5367,133.6648,133.5367,133.645,5970
SHOP,2026-09-14,12:21,133.6,133.735,133.6,133.735,13472
SHOP,2026-09-14,12:22,133.76,134.04,133.76,134.02,50077
SHOP,2026-09-14,12:23,134.02,134.02,133.82,133.94,67658
SHOP,2026-09-14,12:24,133.945,134.13,133.945,134.01,19596
SHOP,2026-09-14,12:25,134.005,134.01,133.75,133.9,47746
SHOP,2026-09-14,12:26,133.855,133.99,133.79,133.96,33534
SHOP,2026-09-14,12:27,133.94,134.0121,133.88,133.985,16929
SHOP,2026-09-14,12:28,133.985,133.985,133.89,133.9475,18472
SHOP,2026-09-14,12:29,133.92,133.99,133.91,133.95,16495
SHOP,2026-09-14,12:30,133.95,133.955,133.9,133.955,13527
SHOP,2026-09-14,12:31,133.925,134.085,133.905,133.98,23679
SHOP,2026-09-14,12:32,133.985,134.0625,133.92,134.015,28498
SHOP,2026-09-14,12:33,134.02,134.08,133.9528,134.08,25405
SHOP,2026-09-14,12:34,134.05,134.08,133.98,134,17820
SHOP,2026-09-14,12:35,134.03,134.04,133.94,133.98,12041
SHOP,2026-09-14,12:36,134.01,134.08,133.94,134.08,25961
SHOP,2026-09-14,12:37,134.075,134.09,133.955,134,46850
SHOP,2026-09-14,12:38,133.97,134.09,133.97,134,6031
SHOP,2026-09-14,12:39,134,134.065,133.9501,134.065,15152
SHOP,2026-09-14,12:40,134.065,134.18,134.0625,134.135,11021
SHOP,2026-09-14,12:41,134.15,134.19,134.09,134.18,6788
SHOP,2026-09-14,12:42,134.187,134.225,133.85,134.175,37411
SHOP,2026-09-14,12:43,134.16,134.29,134.135,134.2,20836
SHOP,2026-09-14,12:44,134.205,134.26,134.19,134.215,11378
SHOP,2026-09-14,12:45,134.215,134.25,134.075,134.25,57259
SHOP,2026-09-14,12:46,134.24,134.28,134.21,134.245,9610
SHOP,2026-09-14,12:47,134.245,134.5,134.245,134.345,27584
SHOP,2026-09-14,12:48,134.35,134.65,134.345,134.65,26601
SHOP,2026-09-14,12:49,134.595,134.7,134.595,134.635,15594
SHOP,2026-09-14,12:50,134.57,134.57,134.37,134.39,8824
SHOP,2026-09-14,12:51,134.395,134.43,134.35,134.39,12533
SHOP,2026-09-14,12:52,134.42,134.6799,134.42,134.65,31106
SHOP,2026-09-14,12:53,134.6,134.7,134.5,134.57,19160
SHOP,2026-09-14,12:54,134.63,134.74,134.63,134.7,14602
SHOP,2026-09-14,12:55,134.705,134.705,134.58,134.6788,17223
SHOP,2026-09-14,12:56,134.66,134.69,134.55,134.55,12175
SHOP,2026-09-14,12:57,134.5475,134.553,134.38,134.46,19209
SHOP,2026-09-14,12:58,134.49,134.555,134.43,134.5423,7461
SHOP,2026-09-14,12:59,134.51,134.51,134.26,134.31,29322
SHOP,2026-09-14,13:00,134.31,134.35,134.21,134.235,13091
SHOP,2026-09-14,13:01,134.21,134.25,134.21,134.22,7580
SHOP,2026-09-14,13:02,134.19,134.19,134.12,134.15,5264
SHOP,2026-09-14,13:03,134.13,134.3,134.1,134.28,13311
SHOP,2026-09-14,13:04,134.3,134.34,134.25,134.325,15803
SHOP,2026-09-14,13:05,134.325,134.39,134.325,134.36,11016
SHOP,2026-09-14,13:06,134.39,134.39,134.1304,134.165,20954
SHOP,2026-09-14,13:07,134.155,134.35,133.935,134.24,35500
SHOP,2026-09-14,13:08,134.255,134.255,134.155,134.155,5685
SHOP,2026-09-14,13:09,134.16,134.16,134.01,134.055,7718
SHOP,2026-09-14,13:10,134.09,134.18,134.0001,134.18,25238
SHOP,2026-09-14,13:11,134.1909,134.1909,134.1099,134.13,4289
SHOP,2026-09-14,13:12,134.135,134.15,134.1,134.15,2850
SHOP,2026-09-14,13:13,134.15,134.15,134.06,134.06,15446
SHOP,2026-09-14,13:14,134.065,134.0848,133.92,133.965,12518
SHOP,2026-09-14,13:15,133.96,133.975,133.86,133.945,12950
SHOP,2026-09-14,13:16,133.945,134.04,133.865,133.965,49415
SHOP,2026-09-14,13:17,133.965,134.03,133.965,134.03,14435
SHOP,2026-09-14,13:18,134.015,134.015,133.895,133.905,19798
SHOP,2026-09-14,13:19,133.905,133.96,133.73,133.79,5553
SHOP,2026-09-14,13:20,133.73,133.94,133.6461,133.895,20082
SHOP,2026-09-14,13:21,133.935,133.935,133.785,133.79,5785
SHOP,2026-09-14,13:22,133.79,133.8,133.74,133.74,2919
SHOP,2026-09-14,13:23,133.74,133.83,133.74,133.8,10117
SHOP,2026-09-14,13:24,133.82,133.82,133.79,133.795,3132
SHOP,2026-09-14,13:25,133.74,133.82,133.74,133.8,19834
SHOP,2026-09-14,13:26,133.81,133.9,133.76,133.78,16535
SHOP,2026-09-14,13:27,133.8,133.82,133.79,133.815,9109
SHOP,2026-09-14,13:28,133.77,134.145,133.76,134,73325
SHOP,2026-09-14,13:29,134.075,134.12,134.06,134.12,2576
SHOP,2026-09-14,13:30,134.1,134.11,134.03,134.0899,7970
SHOP,2026-09-14,13:31,134.075,134.17,134.075,134.12,6483
SHOP,2026-09-14,13:32,134.1033,134.13,134.065,134.1,7909
SHOP,2026-09-14,13:33,134.065,134.11,134.065,134.0765,5333
SHOP,2026-09-14,13:34,134.1028,134.11,134.05,134.07,4772
SHOP,2026-09-14,13:35,134.07,134.14,134.07,134.0703,2947
SHOP,2026-09-14,13:36,134.105,134.1057,134.0301,134.065,12724
SHOP,2026-09-14,13:37,134.09,134.16,134.07,134.13,4863
SHOP,2026-09-14,13:38,134.13,134.2,134.13,134.17,17179
SHOP,2026-09-14,13:39,134.17,134.17,134.06,134.15,12516
SHOP,2026-09-14,13:40,134.17,134.17,134.04,134.04,5935
SHOP,2026-09-14,13:41,134.035,134.035,133.71,133.755,10643
SHOP,2026-09-14,13:42,133.755,133.85,133.755,133.8375,8202
SHOP,2026-09-14,13:43,133.85,133.85,133.71,133.7325,14852
SHOP,2026-09-14,13:44,133.725,133.725,133.57,133.615,4039
SHOP,2026-09-14,13:45,133.6,133.7199,133.53,133.53,15945
SHOP,2026-09-14,13:46,133.5328,133.68,133.53,133.64,8236
SHOP,2026-09-14,13:47,133.62,133.6581,133.62,133.6581,1437
SHOP,2026-09-14,13:48,133.63,133.645,133.6068,133.645,3507
SHOP,2026-09-14,13:49,133.69,133.755,133.65,133.755,16799
SHOP,2026-09-14,13:50,133.72,133.72,133.62,133.63,6500
SHOP,2026-09-14,13:51,133.67,133.7,133.67,133.7,4653
SHOP,2026-09-14,13:52,133.675,133.82,133.675,133.82,14368
SHOP,2026-09-14,13:53,133.79,133.795,133.69,133.69,15119
SHOP,2026-09-14,13:54,133.6559,133.78,133.6559,133.78,11578
SHOP,2026-09-14,13:55,133.8,133.885,133.8,133.83,8820
SHOP,2026-09-14,13:56,133.855,134,133.81,134,14039
SHOP,2026-09-14,13:57,134,134,133.765,133.775,18255
SHOP,2026-09-14,13:58,133.83,133.86,133.66,133.74,14308
SHOP,2026-09-14,13:59,133.75,133.75,133.63,133.645,17405
SHOP,2026-09-14,14:00,133.63,133.78,133.62,133.7175,11415
SHOP,2026-09-14,14:01,133.625,133.78,133.56,133.745,8336
SHOP,2026-09-14,14:02,133.76,133.76,133.6744,133.695,5423
SHOP,2026-09-14,14:03,133.68,133.68,133.58,133.58,7660
SHOP,2026-09-14,14:04,133.585,133.585,133.3501,133.4,12403
SHOP,2026-09-14,14:05,133.4,133.55,133.35,133.37,15719
SHOP,2026-09-14,14:06,133.27,133.33,133.15,133.24,27299
SHOP,2026-09-14,14:07,133.23,133.476,133.23,133.38,15975
SHOP,2026-09-14,14:08,133.44,133.62,133.44,133.5701,6614
SHOP,2026-09-14,14:09,133.57,133.57,133.46,133.49,13620
SHOP,2026-09-14,14:10,133.49,133.52,133.45,133.475,7247
SHOP,2026-09-14,14:11,133.53,133.6,133.52,133.56,8031
SHOP,2026-09-14,14:12,133.58,133.61,133.58,133.61,1919
SHOP,2026-09-14,14:13,133.59,133.59,133.54,133.54,6235
SHOP,2026-09-14,14:14,133.59,133.59,133.555,133.555,2874
SHOP,2026-09-14,14:15,133.51,133.545,133.435,133.445,3636
SHOP,2026-09-14,14:16,133.44,133.44,133.38,133.38,4839
SHOP,2026-09-14,14:17,133.38,133.39,133.38,133.39,2082
SHOP,2026-09-14,14:18,133.36,133.365,133.28,133.33,5786
SHOP,2026-09-14,14:19,133.41,133.48,133.3501,133.405,21086
SHOP,2026-09-14,14:20,133.38,133.38,133.3023,133.345,3958
SHOP,2026-09-14,14:21,133.31,133.39,133.305,133.39,4794
SHOP,2026-09-14,14:22,133.33,133.33,133.24,133.248,6576
SHOP,2026-09-14,14:23,133.22,133.23,133.21,133.22,1808
SHOP,2026-09-14,14:24,133.19,133.33,133.19,133.33,6020
SHOP,2026-09-14,14:25,133.36,133.55,133.36,133.535,6077
SHOP,2026-09-14,14:26,133.535,133.54,133.46,133.52,9831
SHOP,2026-09-14,14:27,133.52,133.6,133.52,133.57,15653
SHOP,2026-09-14,14:28,133.57,133.61,133.51,133.605,10979
SHOP,2026-09-14,14:29,133.59,133.67,133.51,133.67,19713
SHOP,2026-09-14,14:30,133.7,133.7,133.63,133.63,4425
SHOP,2026-09-14,14:31,133.59,133.64,133.59,133.64,8291
SHOP,2026-09-14,14:32,133.615,133.615,133.53,133.55,10110
SHOP,2026-09-14,14:33,133.57,133.68,133.545,133.62,9571
SHOP,2026-09-14,14:34,133.64,133.675,133.61,133.62,4400
SHOP,2026-09-14,14:35,133.6,133.685,133.59,133.66,7585
SHOP,2026-09-14,14:36,133.685,133.73,133.59,133.73,18762
SHOP,2026-09-14,14:37,133.73,133.76,133.7288,133.745,8763
SHOP,2026-09-14,14:38,133.75,133.78,133.73,133.7546,8885
SHOP,2026-09-14,14:39,133.74,133.775,133.74,133.74,6161
SHOP,2026-09-14,14:40,133.7399,133.76,133.67,133.67,7411
SHOP,2026-09-14,14:41,133.7,133.8851,133.7,133.8851,10305
SHOP,2026-09-14,14:42,133.895,133.895,133.7475,133.75,18158
SHOP,2026-09-14,14:43,133.76,133.79,133.65,133.65,7404
SHOP,2026-09-14,14:44,133.69,133.695,133.61,133.63,5334
SHOP,2026-09-14,14:45,133.615,133.6199,133.54,133.56,4932
SHOP,2026-09-14,14:46,133.53,133.55,133.3225,133.385,16402
SHOP,2026-09-14,14:47,133.39,133.475,133.36,133.475,13129
SHOP,2026-09-14,14:48,133.42,133.49,133.42,133.49,3755
SHOP,2026-09-14,14:49,133.4733,133.53,133.4,133.4,6027
SHOP,2026-09-14,14:50,133.36,133.47,133.31,133.47,9072
SHOP,2026-09-14,14:51,133.49,133.6,133.47,133.47,21768
SHOP,2026-09-14,14:52,133.53,133.61,133.5,133.61,32368
SHOP,2026-09-14,14:53,133.5825,133.63,133.57,133.625,10548
SHOP,2026-09-14,14:54,133.625,133.665,133.5475,133.59,16191
SHOP,2026-09-14,14:55,133.59,133.7,133.59,133.69,5544
SHOP,2026-09-14,14:56,133.71,133.72,133.6105,133.635,8018
SHOP,2026-09-14,14:57,133.635,133.75,133.63,133.63,7044
SHOP,2026-09-14,14:58,133.64,133.64,133.55,133.5711,8764
SHOP,2026-09-14,14:59,133.585,133.64,133.56,133.57,7721
SHOP,2026-09-14,15:00,133.57,133.675,133.54,133.675,19155
SHOP,2026-09-14,15:01,133.62,133.62,133.52,133.56,15819
SHOP,2026-09-14,15:02,133.59,133.63,133.59,133.615,6570
SHOP,2026-09-14,15:03,133.63,133.67,133.63,133.67,8985
SHOP,2026-09-14,15:04,133.69,133.94,133.69,133.89,16792
SHOP,2026-09-14,15:05,133.86,133.9,133.8,133.9,17954
SHOP,2026-09-14,15:06,133.92,133.98,133.91,133.915,10553
SHOP,2026-09-14,15:07,133.915,134,133.915,133.96,10826
SHOP,2026-09-14,15:08,133.9795,134.03,133.915,133.96,19422
SHOP,2026-09-14,15:09,133.93,133.93,133.87,133.88,11824
SHOP,2026-09-14,15:10,133.88,133.88,133.86,133.86,3729
SHOP,2026-09-14,15:11,133.9,134,133.9,133.98,9834
SHOP,2026-09-14,15:12,133.98,134.05,133.98,134.035,6695
SHOP,2026-09-14,15:13,134.035,134.035,133.98,133.99,8132
SHOP,2026-09-14,15:14,133.98,133.98,133.93,133.93,4669
SHOP,2026-09-14,15:15,133.955,133.955,133.82,133.82,7095
SHOP,2026-09-14,15:16,133.8416,133.875,133.83,133.87,4133
SHOP,2026-09-14,15:17,133.87,133.87,133.8003,133.83,5348
SHOP,2026-09-14,15:18,133.82,133.89,133.78,133.87,9305
SHOP,2026-09-14,15:19,133.875,133.875,133.79,133.79,5775
SHOP,2026-09-14,15:20,133.8,133.81,133.76,133.76,7770
SHOP,2026-09-14,15:21,133.7775,133.86,133.77,133.775,8781
SHOP,2026-09-14,15:22,133.775,133.775,133.695,133.74,11411
SHOP,2026-09-14,15:23,133.71,133.72,133.65,133.65,7446
SHOP,2026-09-14,15:24,133.61,133.655,133.58,133.625,11087
SHOP,2026-09-14,15:25,133.62,133.62,133.53,133.58,8498
SHOP,2026-09-14,15:26,133.62,133.62,133.505,133.555,6800
SHOP,2026-09-14,15:27,133.575,133.65,133.575,133.64,7944
SHOP,2026-09-14,15:28,133.635,133.925,133.61,133.87,38588
SHOP,2026-09-14,15:29,133.87,134.035,133.85,133.96,20585
SHOP,2026-09-14,15:30,133.96,134.03,133.91,134.025,31138
SHOP,2026-09-14,15:31,134.019,134.05,133.96,133.975,11631
SHOP,2026-09-14,15:32,133.995,134.09,133.985,134.09,13551
SHOP,2026-09-14,15:33,134.09,134.135,134.08,134.12,7635
SHOP,2026-09-14,15:34,134.068,134.15,134.008,134.02,14340
SHOP,2026-09-14,15:35,134.04,134.1406,134.04,134.1406,13126
SHOP,2026-09-14,15:36,134.145,134.145,134.13,134.145,9416
SHOP,2026-09-14,15:37,134.15,134.23,134.13,134.23,12463
SHOP,2026-09-14,15:38,134.235,134.27,134.19,134.27,16528
SHOP,2026-09-14,15:39,134.25,134.25,134.07,134.15,21106
SHOP,2026-09-14,15:40,134.175,134.24,134.13,134.24,16969
SHOP,2026-09-14,15:41,134.26,134.26,134.0975,134.16,21500
SHOP,2026-09-14,15:42,134.17,134.17,134.055,134.055,13786
SHOP,2026-09-14,15:43,134.01,134.175,133.95,134.16,17600
SHOP,2026-09-14,15:44,134.175,134.2,134.14,134.2,15668
SHOP,2026-09-14,15:45,134.185,134.34,134.18,134.28,50513
SHOP,2026-09-14,15:46,134.28,134.29,134.17,134.25,15198
SHOP,2026-09-14,15:47,134.22,134.22,134.11,134.125,13699
SHOP,2026-09-14,15:48,134.115,134.18,134.115,134.17,15706
SHOP,2026-09-14,15:49,134.17,134.2,134.15,134.16,14849
SHOP,2026-09-14,15:50,134.15,134.2,133.97,134.03,40398
SHOP,2026-09-14,15:51,134.04,134.085,134,134.06,51188
SHOP,2026-09-14,15:52,134.07,134.16,134.055,134.11,32806
SHOP,2026-09-14,15:53,134.11,134.215,134.05,134.055,77339
SHOP,2026-09-14,15:54,134.08,134.08,133.8854,133.9199,40833
SHOP,2026-09-14,15:55,133.92,134.19,133.91,134.1,77399
SHOP,2026-09-14,15:56,134.11,134.2,134.005,134.01,111582
SHOP,2026-09-14,15:57,134.015,134.03,133.94,133.99,56018
SHOP,2026-09-14,15:58,133.98,133.985,133.89,133.9,88314
SHOP,2026-09-14,15:59,133.91,133.92,133.81,133.85,215736
SHOP,2026-09-14,16:00,133.89,133.89,133.89,133.89,0
SHOP,2026-09-15,09:30,132.38,133.07,132,132.95,305459
SHOP,2026-09-15,09:31,133.24,133.24,132.04,132.04,36742
SHOP,2026-09-15,09:32,132.04,132.5,131.5113,131.855,90521
SHOP,2026-09-15,09:33,131.8,132.045,131.55,131.74,17835
SHOP,2026-09-15,09:34,131.73,131.96,131.24,131.45,13309
SHOP,2026-09-15,09:35,131.3403,131.63,131.3403,131.55,10747
SHOP,2026-09-15,09:36,131.8339,132.16,131.74,131.83,11611
SHOP,2026-09-15,09:37,131.7,131.96,131.7,131.87,20702
SHOP,2026-09-15,09:38,131.865,131.88,131.65,131.69,20860
SHOP,2026-09-15,09:39,131.55,132.28,131.525,132.28,31206
SHOP,2026-09-15,09:40,132.25,132.25,131.98,132,14549
SHOP,2026-09-15,09:41,132.03,132.52,131.79,132.44,42063
SHOP,2026-09-15,09:42,132.45,132.71,132.36,132.63,20444
SHOP,2026-09-15,09:43,132.65,132.66,132.29,132.29,15395
SHOP,2026-09-15,09:44,132.34,132.49,132.34,132.44,6804
SHOP,2026-09-15,09:45,132.42,132.42,131.65,131.75,39110
SHOP,2026-09-15,09:46,131.76,132.64,131.69,132.57,37228
SHOP,2026-09-15,09:47,132.47,132.66,132.42,132.48,24521
SHOP,2026-09-15,09:48,132.56,132.57,132.44,132.5,22127
SHOP,2026-09-15,09:49,132.5,132.96,132.47,132.54,33740
SHOP,2026-09-15,09:50,132.56,132.64,132.5,132.64,12172
SHOP,2026-09-15,09:51,132.51,132.51,131.93,131.94,40850
SHOP,2026-09-15,09:52,131.945,131.955,131.55,131.72,15469
SHOP,2026-09-15,09:53,131.78,131.82,131.6,131.795,8188
SHOP,2026-09-15,09:54,131.795,132.01,131.79,131.79,22676
SHOP,2026-09-15,09:55,131.79,132.05,131.7588,132.05,30078
SHOP,2026-09-15,09:56,132.07,132.27,132.07,132.18,29079
SHOP,2026-09-15,09:57,132.175,132.24,131.98,132.11,26580
SHOP,2026-09-15,09:58,132.14,132.2846,132.14,132.145,6874
SHOP,2026-09-15,09:59,132.15,132.19,132.09,132.19,7716
SHOP,2026-09-15,10:00,132.2,132.42,132.19,132.19,11585
SHOP,2026-09-15,10:01,132.065,132.175,132.0383,132.175,8594
SHOP,2026-09-15,10:02,132.22,132.22,131.745,131.7475,24451
SHOP,2026-09-15,10:03,131.83,131.96,131.83,131.855,10579
SHOP,2026-09-15,10:04,131.8,131.8,131.55,131.55,6903
SHOP,2026-09-15,10:05,131.5,131.64,131.5,131.5273,6211
SHOP,2026-09-15,10:06,131.5,131.51,131.33,131.44,18393
SHOP,2026-09-15,10:07,131.48,131.755,131.47,131.69,67123
SHOP,2026-09-15,10:08,131.84,131.84,131.645,131.71,16276
SHOP,2026-09-15,10:09,131.715,131.715,131.5,131.6,79631
SHOP,2026-09-15,10:10,131.54,131.55,131.335,131.3583,7441
SHOP,2026-09-15,10:11,131.33,131.7,131.32,131.6685,10797
SHOP,2026-09-15,10:12,131.7,131.74,131.65,131.74,10053
SHOP,2026-09-15,10:13,131.73,131.73,131.51,131.51,5002
SHOP,2026-09-15,10:14,131.51,131.57,131.395,131.435,28797
SHOP,2026-09-15,10:15,131.42,131.56,131.34,131.56,10613
SHOP,2026-09-15,10:16,131.56,131.63,131.4,131.46,65422
SHOP,2026-09-15,10:17,131.405,131.405,131.168,131.365,9918
SHOP,2026-09-15,10:18,131.36,131.36,131.225,131.225,4814
SHOP,2026-09-15,10:19,131.23,131.23,131.01,131.05,3504
SHOP,2026-09-15,10:20,131.1,131.1,130.95,130.98,9643
SHOP,2026-09-15,10:21,131.04,131.0799,130.7015,130.765,14472
SHOP,2026-09-15,10:22,130.79,130.82,130.745,130.8002,4465
SHOP,2026-09-15,10:23,130.7997,130.84,130.7,130.7,10842
SHOP,2026-09-15,10:24,130.81,130.84,130.701,130.81,5088
SHOP,2026-09-15,10:25,130.86,130.94,130.85,130.88,14877
SHOP,2026-09-15,10:26,130.855,130.94,130.76,130.895,8691
SHOP,2026-09-15,10:27,130.88,130.91,130.76,130.825,4704
SHOP,2026-09-15,10:28,130.78,130.785,130.4124,130.505,7286
SHOP,2026-09-15,10:29,130.59,130.73,130.59,130.705,3780
SHOP,2026-09-15,10:30,130.705,130.74,130.6,130.605,4514
SHOP,2026-09-15,10:31,130.605,130.61,130.52,130.58,3770
SHOP,2026-09-15,10:32,130.51,130.53,130.42,130.51,6622
SHOP,2026-09-15,10:33,130.505,130.63,130.49,130.495,10447
SHOP,2026-09-15,10:34,130.495,130.53,130.38,130.47,8372
SHOP,2026-09-15,10:35,130.48,130.64,130.48,130.64,7114
SHOP,2026-09-15,10:36,130.6245,130.72,130.61,130.66,7486
SHOP,2026-09-15,10:37,130.655,130.72,130.64,130.685,5838
SHOP,2026-09-15,10:38,130.63,130.63,130.52,130.57,7844
SHOP,2026-09-15,10:39,130.56,130.65,130.56,130.6,3386
SHOP,2026-09-15,10:40,130.575,130.62,130.52,130.59,3269
SHOP,2026-09-15,10:41,130.56,130.675,130.56,130.6403,7033
SHOP,2026-09-15,10:42,130.67,130.762,130.6386,130.75,5499
SHOP,2026-09-15,10:43,130.73,130.795,130.65,130.78,6543
SHOP,2026-09-15,10:44,130.745,130.745,130.68,130.68,5700
SHOP,2026-09-15,10:45,130.68,130.72,130.645,130.71,2278
SHOP,2026-09-15,10:46,130.67,130.67,130.52,130.54,3754
SHOP,2026-09-15,10:47,130.64,130.64,130.53,130.535,1907
SHOP,2026-09-15,10:48,130.55,130.66,130.5425,130.57,9418
SHOP,2026-09-15,10:49,130.53,130.555,130.39,130.41,10051
SHOP,2026-09-15,10:50,130.35,130.3899,130.2201,130.345,11807
SHOP,2026-09-15,10:51,130.345,130.435,130.29,130.29,10500
SHOP,2026-09-15,10:52,130.3559,130.55,130.3181,130.55,7413
SHOP,2026-09-15,10:53,130.5,130.515,130.39,130.39,2546
SHOP,2026-09-15,10:54,130.4,130.48,130.325,130.325,13468
SHOP,2026-09-15,10:55,130.36,130.375,130.265,130.315,4703
SHOP,2026-09-15,10:56,130.27,130.325,130.25,130.325,6284
SHOP,2026-09-15,10:57,130.38,130.38,130.28,130.28,5311
SHOP,2026-09-15,10:58,130.36,130.37,130.1101,130.2719,13174
SHOP,2026-09-15,10:59,130.35,130.44,130.35,130.37,7659
SHOP,2026-09-15,11:00,130.45,130.55,130.4025,130.4025,8474
SHOP,2026-09-15,11:01,130.445,130.465,130.42,130.46,3979
SHOP,2026-09-15,11:02,130.46,130.46,130.3,130.405,7116
SHOP,2026-09-15,11:03,130.4388,130.58,130.4388,130.58,7490
SHOP,2026-09-15,11:04,130.62,130.775,130.62,130.63,4346
SHOP,2026-09-15,11:05,130.63,130.63,130.605,130.605,4341
SHOP,2026-09-15,11:06,130.56,130.765,130.56,130.745,8604
SHOP,2026-09-15,11:07,130.77,130.78,130.54,130.67,10835
SHOP,2026-09-15,11:08,130.65,130.65,130.54,130.59,5353
SHOP,2026-09-15,11:09,130.65,130.8,130.65,130.765,11246
SHOP,2026-09-15,11:10,130.8,130.86,130.765,130.81,8273
SHOP,2026-09-15,11:11,130.815,130.815,130.68,130.73,10341
SHOP,2026-09-15,11:12,130.745,130.81,130.63,130.65,12238
SHOP,2026-09-15,11:13,130.655,130.74,130.6,130.6,6409
SHOP,2026-09-15,11:14,130.63,130.7077,130.6101,130.645,7756
SHOP,2026-09-15,11:15,130.61,130.66,130.52,130.575,5323
SHOP,2026-09-15,11:16,130.565,130.565,130.46,130.53,14960
SHOP,2026-09-15,11:17,130.535,130.56,130.535,130.542,4841
SHOP,2026-09-15,11:18,130.5,130.67,130.48,130.67,11339
SHOP,2026-09-15,11:19,130.64,130.64,130.55,130.6384,3479
SHOP,2026-09-15,11:20,130.54,130.54,130.5,130.54,5546
SHOP,2026-09-15,11:21,130.53,130.69,130.52,130.69,17170
SHOP,2026-09-15,11:22,130.635,130.635,130.61,130.635,2401
SHOP,2026-09-15,11:23,130.6071,130.76,130.58,130.76,11776
SHOP,2026-09-15,11:24,130.81,130.87,130.75,130.835,6209
SHOP,2026-09-15,11:25,130.835,130.91,130.76,130.88,6872
SHOP,2026-09-15,11:26,130.89,130.935,130.76,130.83,17481
SHOP,2026-09-15,11:27,130.81,130.83,130.7,130.82,12442
SHOP,2026-09-15,11:28,130.73,130.84,130.73,130.8,4992
SHOP,2026-09-15,11:29,130.8,130.85,130.775,130.78,1945
SHOP,2026-09-15,11:30,130.78,130.78,130.68,130.68,5944
SHOP,2026-09-15,11:31,130.68,130.79,130.65,130.77,6327
SHOP,2026-09-15,11:32,130.77,130.81,130.685,130.75,7398
SHOP,2026-09-15,11:33,130.71,130.8099,130.6,130.6,8772
SHOP,2026-09-15,11:34,130.59,130.595,130.5,130.58,3373
SHOP,2026-09-15,11:35,130.62,130.67,130.6,130.6,3061
SHOP,2026-09-15,11:36,130.63,130.73,130.63,130.695,5643
SHOP,2026-09-15,11:37,130.69,130.75,130.69,130.71,3328
SHOP,2026-09-15,11:38,130.735,130.88,130.735,130.85,10384
SHOP,2026-09-15,11:39,130.88,130.905,130.85,130.905,4655
SHOP,2026-09-15,11:40,130.905,131.02,130.9,130.94,16321
SHOP,2026-09-15,11:41,130.98,131.06,130.95,131.045,16328
SHOP,2026-09-15,11:42,131.045,131.1199,130.95,130.98,11757
SHOP,2026-09-15,11:43,131.09,131.18,131.09,131.16,4416
SHOP,2026-09-15,11:44,131.18,131.32,131.18,131.26,14417
SHOP,2026-09-15,11:45,131.26,131.285,131.14,131.19,7812
SHOP,2026-09-15,11:46,131.1601,131.2399,131.14,131.14,6895
SHOP,2026-09-15,11:47,131.16,131.16,131,131.02,7474
SHOP,2026-09-15,11:48,131.07,131.11,131.03,131.11,7116
SHOP,2026-09-15,11:49,131.13,131.13,131.03,131.03,2621
SHOP,2026-09-15,11:50,130.99,131.13,130.99,131.11,13788
SHOP,2026-09-15,11:51,131.11,131.16,131.08,131.14,7430
SHOP,2026-09-15,11:52,131.17,131.22,131.11,131.11,8953
SHOP,2026-09-15,11:53,131.05,131.11,130.8,130.855,11148
SHOP,2026-09-15,11:54,130.81,130.85,130.68,130.85,5313
SHOP,2026-09-15,11:55,130.86,131.165,130.78,131.15,15695
SHOP,2026-09-15,11:56,131.15,131.15,130.97,130.985,5530
SHOP,2026-09-15,11:57,130.985,130.985,130.93,130.93,3878
SHOP,2026-09-15,11:58,130.93,131.13,130.93,131.08,9155
SHOP,2026-09-15,11:59,131.085,131.16,131.04,131.085,6460
SHOP,2026-09-15,12:00,131.02,131.07,130.88,130.88,4054
SHOP,2026-09-15,12:01,130.97,131.38,130.97,131.38,7625
SHOP,2026-09-15,12:02,131.375,131.38,131.135,131.135,12367
SHOP,2026-09-15,12:03,131.21,131.24,130.94,130.94,6721
SHOP,2026-09-15,12:04,131.085,131.15,130.99,131.07,7143
SHOP,2026-09-15,12:05,131.07,131.07,130.85,130.85,2871
SHOP,2026-09-15,12:06,130.97,131.105,130.97,130.995,7323
SHOP,2026-09-15,12:07,130.98,130.98,130.87,130.905,8068
SHOP,2026-09-15,12:08,130.87,130.87,130.77,130.8,3513
SHOP,2026-09-15,12:09,130.8,130.89,130.8,130.89,3663
SHOP,2026-09-15,12:10,130.8851,130.92,130.81,130.895,10483
SHOP,2026-09-15,12:11,130.895,130.975,130.895,130.975,2599
SHOP,2026-09-15,12:12,130.985,131.03,130.88,130.88,12073
SHOP,2026-09-15,12:13,130.9,130.9,130.745,130.78,16859
SHOP,2026-09-15,12:14,130.745,130.87,130.68,130.795,8297
SHOP,2026-09-15,12:15,130.82,130.82,130.695,130.775,7429
SHOP,2026-09-15,12:16,130.74,130.79,130.67,130.78,6548
SHOP,2026-09-15,12:17,130.76,130.8,130.72,130.765,5837
SHOP,2026-09-15,12:18,130.77,130.91,130.77,130.91,7019
SHOP,2026-09-15,12:19,130.89,130.92,130.86,130.89,3855
SHOP,2026-09-15,12:20,130.87,130.9,130.84,130.86,9802
SHOP,2026-09-15,12:21,130.9,131.2,130.88,131.12,14084
SHOP,2026-09-15,12:22,131.1,131.125,131.1,131.115,1634
SHOP,2026-09-15,12:23,131.115,131.29,131.115,131.29,8874
SHOP,2026-09-15,12:24,131.29,131.3,131.24,131.27,4526
SHOP,2026-09-15,12:25,131.27,131.34,131.265,131.2765,12009
SHOP,2026-09-15,12:26,131.31,131.39,131.3,131.33,10118
SHOP,2026-09-15,12:27,131.3,131.39,131.27,131.36,9719
SHOP,2026-09-15,12:28,131.37,131.375,131.31,131.31,5636
SHOP,2026-09-15,12:29,131.285,131.285,131.18,131.18,1405
SHOP,2026-09-15,12:30,131.18,131.28,131.18,131.27,3581
SHOP,2026-09-15,12:31,131.275,131.28,131.2375,131.27,4181
SHOP,2026-09-15,12:32,131.23,131.3,131.23,131.3,13186
SHOP,2026-09-15,12:33,131.29,131.32,131.27,131.3,5419
SHOP,2026-09-15,12:34,131.24,131.245,131.11,131.11,2744
SHOP,2026-09-15,12:35,131.1,131.18,131.1,131.18,3181
SHOP,2026-09-15,12:36,131.145,131.19,131.09,131.125,3874
SHOP,2026-09-15,12:37,131.125,131.125,131.05,131.05,3030
SHOP,2026-09-15,12:38,131.05,131.1299,131.05,131.0592,3278
SHOP,2026-09-15,12:39,131.06,131.09,131.0375,131.09,3562
SHOP,2026-09-15,12:40,131.04,131.04,130.9375,130.945,7566
SHOP,2026-09-15,12:41,130.95,130.99,130.945,130.945,2890
SHOP,2026-09-15,12:42,130.955,130.955,130.86,130.88,5160
SHOP,2026-09-15,12:43,130.88,130.9099,130.84,130.9099,2582
SHOP,2026-09-15,12:44,130.86,130.89,130.81,130.865,5310
SHOP,2026-09-15,12:45,130.85,130.85,130.76,130.76,3894
SHOP,2026-09-15,12:46,130.81,130.87,130.81,130.87,2548
SHOP,2026-09-15,12:47,130.87,130.91,130.86,130.91,6066
SHOP,2026-09-15,12:48,130.935,130.935,130.87,130.89,4544
SHOP,2026-09-15,12:49,130.88,130.91,130.88,130.91,1636
SHOP,2026-09-15,12:50,130.94,130.95,130.855,130.855,4750
SHOP,2026-09-15,12:51,130.855,130.895,130.855,130.8701,2709
SHOP,2026-09-15,12:52,130.895,131.05,130.895,131.05,6365
SHOP,2026-09-15,12:53,131.05,131.065,131.01,131.0325,10671
SHOP,2026-09-15,12:54,131.03,131.07,131,131,3468
SHOP,2026-09-15,12:55,131.02,131.04,130.99,131,4771
SHOP,2026-09-15,12:56,131.03,131.04,130.9872,131.02,4547
SHOP,2026-09-15,12:57,131.01,131.1,131.01,131.08,8299
SHOP,2026-09-15,12:58,131.085,131.09,131.05,131.0875,5405
SHOP,2026-09-15,12:59,131.11,131.16,131.07,131.145,11650
SHOP,2026-09-15,13:00,131.155,131.175,131.14,131.175,5929
SHOP,2026-09-15,13:01,131.185,131.185,131.1,131.105,6016
SHOP,2026-09-15,13:02,131.105,131.105,130.87,130.87,6692
SHOP,2026-09-15,13:03,130.86,130.95,130.85,130.9075,6510
SHOP,2026-09-15,13:04,130.895,130.895,130.84,130.85,2501
SHOP,2026-09-15,13:05,130.865,130.89,130.73,130.73,5353
SHOP,2026-09-15,13:06,130.78,130.785,130.78,130.785,2348
SHOP,2026-09-15,13:07,130.83,130.87,130.65,130.65,33004
SHOP,2026-09-15,13:08,130.72,130.72,130.63,130.665,6066
SHOP,2026-09-15,13:09,130.67,130.7,130.51,130.58,10518
SHOP,2026-09-15,13:10,130.57,130.62,130.55,130.615,10173
SHOP,2026-09-15,13:11,130.64,130.7,130.62,130.7,8279
SHOP,2026-09-15,13:12,130.67,130.69,130.5401,130.59,4490
SHOP,2026-09-15,13:13,130.56,130.58,130.53,130.5444,6202
SHOP,2026-09-15,13:14,130.57,130.57,130.57,130.57,1345
SHOP,2026-09-15,13:15,130.55,130.55,130.55,130.55,1256
SHOP,2026-09-15,13:16,130.52,130.55,130.485,130.5475,10099
SHOP,2026-09-15,13:17,130.55,130.57,130.39,130.39,17144
SHOP,2026-09-15,13:18,130.42,130.42,130.29,130.33,7279
SHOP,2026-09-15,13:19,130.32,130.33,130.23,130.23,16487
SHOP,2026-09-15,13:20,130.225,130.25,130.07,130.15,18238
SHOP,2026-09-15,13:21,130.115,130.35,130.07,130.255,115946
SHOP,2026-09-15,13:22,130.23,130.23,130.125,130.225,19064
SHOP,2026-09-15,13:23,130.2,130.2,130.13,130.16,4248
SHOP,2026-09-15,13:24,130.14,130.23,130.12,130.165,11493
SHOP,2026-09-15,13:25,130.165,130.21,130.11,130.185,7838
SHOP,2026-09-15,13:26,130.205,130.21,130.17,130.17,2476
SHOP,2026-09-15,13:27,130.205,130.205,130.105,130.18,7517
SHOP,2026-09-15,13:28,130.09,130.09,129.86,130.0016,12686
SHOP,2026-09-15,13:29,129.99,130.07,129.99,130.07,24702
SHOP,2026-09-15,13:30,130.1,130.14,130.0401,130.1,9549
SHOP,2026-09-15,13:31,130.09,130.24,130.09,130.16,10289
SHOP,2026-09-15,13:32,130.1621,130.26,130.1621,130.205,5936
SHOP,2026-09-15,13:33,130.205,130.205,130.16,130.195,3275
SHOP,2026-09-15,13:34,130.205,130.26,130.205,130.26,4402
SHOP,2026-09-15,13:35,130.25,130.31,130.24,130.27,9369
SHOP,2026-09-15,13:36,130.275,130.275,130.18,130.19,3140
SHOP,2026-09-15,13:37,130.23,130.25,130.14,130.18,12490
SHOP,2026-09-15,13:38,130.2,130.24,130.1601,130.2075,7422
SHOP,2026-09-15,13:39,130.25,130.3,130.25,130.27,4408
SHOP,2026-09-15,13:40,130.3,130.3375,130.25,130.3375,5745
SHOP,2026-09-15,13:41,130.335,130.345,130.33,130.335,3229
SHOP,2026-09-15,13:42,130.38,130.38,130.345,130.345,1894
SHOP,2026-09-15,13:43,130.355,130.44,130.355,130.4,8190
SHOP,2026-09-15,13:44,130.4074,130.48,130.4074,130.48,8910
SHOP,2026-09-15,13:45,130.56,130.58,130.56,130.58,957
SHOP,2026-09-15,13:46,130.55,130.63,130.55,130.575,2328
SHOP,2026-09-15,13:47,130.575,130.66,130.56,130.57,11691
SHOP,2026-09-15,13:48,130.57,130.62,130.57,130.57,5786
SHOP,2026-09-15,13:49,130.58,130.6,130.5,130.58,6318
SHOP,2026-09-15,13:50,130.555,130.63,130.555,130.63,4228
SHOP,2026-09-15,13:51,130.63,130.6599,130.575,130.575,3829
SHOP,2026-09-15,13:52,130.54,130.575,130.44,130.44,3832
SHOP,2026-09-15,13:53,130.49,130.495,130.4568,130.495,2172
SHOP,2026-09-15,13:54,130.495,130.55,130.495,130.55,4077
SHOP,2026-09-15,13:55,130.51,130.655,130.51,130.63,34505
SHOP,2026-09-15,13:56,130.63,130.69,130.63,130.68,14194
SHOP,2026-09-15,13:57,130.71,130.71,130.59,130.665,12662
SHOP,2026-09-15,13:58,130.65,130.665,130.5,130.52,4716
SHOP,2026-09-15,13:59,130.49,130.5099,130.465,130.465,5191
SHOP,2026-09-15,14:00,130.5,130.52,130.36,130.36,16751
SHOP,2026-09-15,14:01,130.395,130.42,130.1375,130.1425,9292
SHOP,2026-09-15,14:02,130.14,130.19,130.14,130.19,5416
SHOP,2026-09-15,14:03,130.16,130.46,130.15,130.46,34689
SHOP,2026-09-15,14:04,130.385,130.42,130.3,130.3,2545
SHOP,2026-09-15,14:05,130.345,130.345,130.27,130.27,2555
SHOP,2026-09-15,14:06,130.27,130.35,130.27,130.32,4588
SHOP,2026-09-15,14:07,130.3104,130.41,130.3104,130.38,4888
SHOP,2026-09-15,14:08,130.43,130.52,130.43,130.46,4551
SHOP,2026-09-15,14:09,130.46,130.49,130.4101,130.49,3531
SHOP,2026-09-15,14:10,130.5,130.51,130.325,130.325,6213
SHOP,2026-09-15,14:11,130.34,130.41,130.325,130.37,13971
SHOP,2026-09-15,14:12,130.355,130.41,130.2109,130.2109,9453
SHOP,2026-09-15,14:13,130.25,130.3414,130.235,130.305,10901
SHOP,2026-09-15,14:14,130.305,130.35,130.16,130.16,11467
SHOP,2026-09-15,14:15,130.16,130.16,130.0358,130.06,4081
SHOP,2026-09-15,14:16,130.05,130.16,130,130,9474
SHOP,2026-09-15,14:17,130.005,130.06,130,130.06,7187
SHOP,2026-09-15,14:18,129.96,130.01,129.96,130.01,3325
SHOP,2026-09-15,14:19,129.97,130.04,129.97,130.04,1931
SHOP,2026-09-15,14:20,130.04,130.08,130.009,130.009,4700
SHOP,2026-09-15,14:21,129.97,130.1,129.9575,130.09,10873
SHOP,2026-09-15,14:22,130.09,130.1178,130.06,130.065,5535
SHOP,2026-09-15,14:23,130.01,130.05,129.88,129.9,15691
SHOP,2026-09-15,14:24,129.9,130.09,129.9,130.0299,38755
SHOP,2026-09-15,14:25,129.955,130.195,129.955,130.12,11458
SHOP,2026-09-15,14:26,130.07,130.115,130.07,130.115,2268
SHOP,2026-09-15,14:27,130.02,130.125,130.02,130.02,3242
SHOP,2026-09-15,14:28,130.11,130.11,130.04,130.04,2764
SHOP,2026-09-15,14:29,130.02,130.08,129.99,130.055,3774
SHOP,2026-09-15,14:30,130.01,130.11,129.98,129.99,6084
SHOP,2026-09-15,14:31,130.01,130.09,129.94,130.07,16326
SHOP,2026-09-15,14:32,130.04,130.11,130.01,130.07,7127
SHOP,2026-09-15,14:33,130.07,130.08,129.98,129.98,10502
SHOP,2026-09-15,14:34,129.985,130.05,129.985,130.02,6388
SHOP,2026-09-15,14:35,130.07,130.07,129.92,129.92,3117
SHOP,2026-09-15,14:36,129.9101,129.97,129.9,129.94,6739
SHOP,2026-09-15,14:37,129.91,130.07,129.91,130.07,7288
SHOP,2026-09-15,14:38,130.03,130.09,130.01,130.055,11655
SHOP,2026-09-15,14:39,130.1,130.14,130.055,130.09,6186
SHOP,2026-09-15,14:40,130.11,130.11,129.94,129.94,10430
SHOP,2026-09-15,14:41,129.94,130.15,129.93,130.14,14616
SHOP,2026-09-15,14:42,130.11,130.13,130.11,130.13,1677
SHOP,2026-09-15,14:43,130.06,130.11,130.04,130.065,7328
SHOP,2026-09-15,14:44,130.035,130.04,130.02,130.04,4932
SHOP,2026-09-15,14:45,130.04,130.13,130.04,130.13,6710
SHOP,2026-09-15,14:46,130.135,130.2,129.96,129.965,13069
SHOP,2026-09-15,14:47,129.97,129.99,129.895,129.95,12937
SHOP,2026-09-15,14:48,129.87,130,129.87,129.91,11649
SHOP,2026-09-15,14:49,129.925,129.925,129.83,129.83,8109
SHOP,2026-09-15,14:50,129.81,129.93,129.8,129.925,8955
SHOP,2026-09-15,14:51,129.95,130,129.95,129.97,5404
SHOP,2026-09-15,14:52,129.96,130,129.95,129.965,5783
SHOP,2026-09-15,14:53,130,130,129.86,129.915,9242
SHOP,2026-09-15,14:54,129.915,130.04,129.88,130.04,9921
SHOP,2026-09-15,14:55,130.05,130.155,130.05,130.145,5562
SHOP,2026-09-15,14:56,130.145,130.26,130.145,130.23,9391
SHOP,2026-09-15,14:57,130.23,130.23,130.23,130.23,1210
SHOP,2026-09-15,14:58,130.23,130.4,130.19,130.4,14155
SHOP,2026-09-15,14:59,130.39,130.4,130.325,130.35,8728
SHOP,2026-09-15,15:00,130.34,130.49,130.325,130.49,10727
SHOP,2026-09-15,15:01,130.48,130.49,130.29,130.295,9733
SHOP,2026-09-15,15:02,130.295,130.375,130.2299,130.35,10420
SHOP,2026-09-15,15:03,130.355,130.39,130.34,130.34,4319
SHOP,2026-09-15,15:04,130.36,130.67,130.355,130.67,7893
SHOP,2026-09-15,15:05,130.615,130.63,130.5,130.515,12820
SHOP,2026-09-15,15:06,130.515,130.515,130.37,130.37,13134
SHOP,2026-09-15,15:07,130.36,130.45,130.36,130.45,5337
SHOP,2026-09-15,15:08,130.4476,130.64,130.41,130.64,12140
SHOP,2026-09-15,15:09,130.65,130.65,130.58,130.59,17731
SHOP,2026-09-15,15:10,130.59,130.65,130.54,130.55,25671
SHOP,2026-09-15,15:11,130.57,130.7,130.55,130.7,36932
SHOP,2026-09-15,15:12,130.73,130.735,130.605,130.68,16284
SHOP,2026-09-15,15:13,130.71,130.73,130.69,130.69,9109
SHOP,2026-09-15,15:14,130.73,130.77,130.65,130.65,14691
SHOP,2026-09-15,15:15,130.65,130.69,130.62,130.62,14693
SHOP,2026-09-15,15:16,130.625,130.71,130.6097,130.685,10486
SHOP,2026-09-15,15:17,130.685,130.76,130.685,130.72,14346
SHOP,2026-09-15,15:18,130.72,130.815,130.69,130.81,12293
SHOP,2026-09-15,15:19,130.81,130.8699,130.78,130.8,10723
SHOP,2026-09-15,15:20,130.785,130.79,130.72,130.72,14748
SHOP,2026-09-15,15:21,130.72,130.76,130.71,130.73,10380
SHOP,2026-09-15,15:22,130.725,130.73,130.65,130.73,10096
SHOP,2026-09-15,15:23,130.725,130.8495,130.725,130.82,13419
SHOP,2026-09-15,15:24,130.81,130.815,130.76,130.815,8923
SHOP,2026-09-15,15:25,130.82,130.8999,130.79,130.8999,12061
SHOP,2026-09-15,15:26,130.88,130.92,130.87,130.9,6394
SHOP,2026-09-15,15:27,130.9,130.905,130.84,130.85,13304
SHOP,2026-09-15,15:28,130.87,131.08,130.87,130.92,29913
SHOP,2026-09-15,15:29,130.9806,131,130.9,130.93,14955
SHOP,2026-09-15,15:30,130.92,130.92,130.81,130.8138,14578
SHOP,2026-09-15,15:31,130.83,130.83,130.53,130.53,18099
SHOP,2026-09-15,15:32,130.54,130.8,130.54,130.6618,19902
SHOP,2026-09-15,15:33,130.69,130.69,130.562,130.57,8584
SHOP,2026-09-15,15:34,130.57,130.57,130.49,130.505,15887
SHOP,2026-09-15,15:35,130.51,130.53,130.49,130.5,25642
SHOP,2026-09-15,15:36,130.54,130.59,130.425,130.425,13903
SHOP,2026-09-15,15:37,130.45,130.45,130.35,130.4,18221
SHOP,2026-09-15,15:38,130.4,130.4,130.335,130.39,11066
SHOP,2026-09-15,15:39,130.38,130.41,130.31,130.34,12984
SHOP,2026-09-15,15:40,130.34,130.34,130.265,130.29,15317
SHOP,2026-09-15,15:41,130.275,130.365,130.25,130.335,20221
SHOP,2026-09-15,15:42,130.3334,130.39,130.3334,130.34,10848
SHOP,2026-09-15,15:43,130.34,130.345,130.225,130.225,17797
SHOP,2026-09-15,15:44,130.22,130.22,130.15,130.165,9288
SHOP,2026-09-15,15:45,130.165,130.416,129.93,129.96,101730
SHOP,2026-09-15,15:46,130.01,130.05,129.945,130.005,17041
SHOP,2026-09-15,15:47,130.01,130.08,129.92,130.065,15542
SHOP,2026-09-15,15:48,130.0401,130.12,130.02,130.08,12476
SHOP,2026-09-15,15:49,130.12,130.13,130.07,130.125,7762
SHOP,2026-09-15,15:50,130.08,130.23,129.79,130.035,73497
SHOP,2026-09-15,15:51,130.04,130.155,130.04,130.15,30004
SHOP,2026-09-15,15:52,130.13,130.14,129.99,129.99,42081
SHOP,2026-09-15,15:53,129.98,130,129.93,129.97,35329
SHOP,2026-09-15,15:54,129.97,130.02,129.8,129.84,46271
SHOP,2026-09-15,15:55,129.82,129.83,129.675,129.71,67225
SHOP,2026-09-15,15:56,129.74,129.78,129.65,129.67,65670
SHOP,2026-09-15,15:57,129.68,129.8,129.66,129.76,94421
SHOP,2026-09-15,15:58,129.765,129.88,129.75,129.88,140681
SHOP,2026-09-15,15:59,129.89,129.9,129.8,129.885,218906
SHOP,2026-09-16,09:30,130.05,130.9,129.69,130.02,196950
SHOP,2026-09-16,09:31,129.85,130.66,129.26,129.47,42092
SHOP,2026-09-16,09:32,129.3775,129.53,129.21,129.27,8778
SHOP,2026-09-16,09:33,129.37,129.715,129.11,129.5225,13597
SHOP,2026-09-16,09:34,129.52,129.53,128.61,128.98,14090
SHOP,2026-09-16,09:35,128.9899,129.44,128.82,129.305,16725
SHOP,2026-09-16,09:36,129.305,129.79,129.19,129.45,10820
SHOP,2026-09-16,09:37,129.51,129.75,129.51,129.6799,5959
SHOP,2026-09-16,09:38,129.655,130.02,129.5,129.575,21697
SHOP,2026-09-16,09:39,129.5875,129.7899,129.34,129.585,10442
SHOP,2026-09-16,09:40,129.585,130.212,129.57,130.12,22231
SHOP,2026-09-16,09:41,130.1,130.1,129.64,129.735,13310
SHOP,2026-09-16,09:42,129.97,130.48,129.875,130.355,25178
SHOP,2026-09-16,09:43,130.355,130.53,130.3125,130.515,12500
SHOP,2026-09-16,09:44,130.56,130.67,130.42,130.55,35868
SHOP,2026-09-16,09:45,130.36,130.36,129.555,129.79,51938
SHOP,2026-09-16,09:46,129.6,129.895,129.27,129.86,20577
SHOP,2026-09-16,09:47,129.84,130.4,129.81,130.23,13682
SHOP,2026-09-16,09:48,130.23,130.23,129.88,129.925,16246
SHOP,2026-09-16,09:49,129.97,129.9843,129.78,129.895,17559
SHOP,2026-09-16,09:50,130,130.34,129.98,130.295,17647
SHOP,2026-09-16,09:51,130.36,130.442,130.19,130.38,20240
SHOP,2026-09-16,09:52,130.46,130.67,130.34,130.67,44651
SHOP,2026-09-16,09:53,130.745,131.21,130.745,131.1998,17199
SHOP,2026-09-16,09:54,131.14,131.32,131.05,131.25,79331
SHOP,2026-09-16,09:55,131.0407,131.4,131.0407,131.335,15545
SHOP,2026-09-16,09:56,131.275,131.49,131.275,131.43,15755
SHOP,2026-09-16,09:57,131.43,131.79,131.42,131.72,15932
SHOP,2026-09-16,09:58,131.72,131.72,131.51,131.58,12000
SHOP,2026-09-16,09:59,131.65,131.7,131.45,131.45,18881
SHOP,2026-09-16,10:00,131.45,131.61,131.15,131.46,42888
SHOP,2026-09-16,10:01,131.55,131.74,131.4784,131.67,45453
SHOP,2026-09-16,10:02,131.65,131.65,131.215,131.23,19754
SHOP,2026-09-16,10:03,131.25,131.375,131.13,131.375,14876
SHOP,2026-09-16,10:04,131.35,131.5,131.2822,131.35,6559
SHOP,2026-09-16,10:05,131.35,131.35,131.13,131.19,7194
SHOP,2026-09-16,10:06,131.23,131.42,131.21,131.28,13602
SHOP,2026-09-16,10:07,131.33,131.38,131.15,131.32,11297
SHOP,2026-09-16,10:08,131.38,131.39,131.2313,131.39,12461
SHOP,2026-09-16,10:09,131.385,131.44,131.21,131.2699,11090
SHOP,2026-09-16,10:10,131.36,131.4,131.25,131.315,16507
SHOP,2026-09-16,10:11,131.3636,131.3636,131.09,131.09,10380
SHOP,2026-09-16,10:12,131.1367,131.19,130.55,130.55,52090
SHOP,2026-09-16,10:13,130.555,130.76,130.25,130.76,24034
SHOP,2026-09-16,10:14,130.74,130.805,130.56,130.56,4859
SHOP,2026-09-16,10:15,130.65,130.795,130.59,130.795,11438
SHOP,2026-09-16,10:16,130.825,130.95,130.8,130.91,6074
SHOP,2026-09-16,10:17,130.93,131,130.91,130.935,5003
SHOP,2026-09-16,10:18,130.89,131,130.87,130.87,8346
SHOP,2026-09-16,10:19,130.9,130.9,130.85,130.885,5225
SHOP,2026-09-16,10:20,130.96,131.055,130.87,130.95,12148
SHOP,2026-09-16,10:21,130.95,130.95,130.855,130.9199,5184
SHOP,2026-09-16,10:22,130.94,130.96,130.5707,130.6,21416
SHOP,2026-09-16,10:23,130.64,130.695,130.6,130.65,8791
SHOP,2026-09-16,10:24,130.57,130.575,130.43,130.51,9398
SHOP,2026-09-16,10:25,130.515,130.74,130.515,130.57,39699
SHOP,2026-09-16,10:26,130.77,131.02,130.645,130.975,31749
SHOP,2026-09-16,10:27,130.98,130.98,130.79,130.91,7322
SHOP,2026-09-16,10:28,130.89,130.96,130.78,130.78,12971
SHOP,2026-09-16,10:29,130.81,130.85,130.71,130.71,9908
SHOP,2026-09-16,10:30,130.7,130.92,130.585,130.92,18595
SHOP,2026-09-16,10:31,130.86,130.8699,130.56,130.68,20005
SHOP,2026-09-16,10:32,130.69,130.71,130.44,130.525,12877
SHOP,2026-09-16,10:33,130.53,130.61,130.365,130.5465,23040
SHOP,2026-09-16,10:34,130.59,130.65,130.55,130.64,10105
SHOP,2026-09-16,10:35,130.67,130.7,130.635,130.695,6643
SHOP,2026-09-16,10:36,130.65,130.68,130.59,130.68,3446
SHOP,2026-09-16,10:37,130.555,130.555,130.4297,130.54,6219
SHOP,2026-09-16,10:38,130.54,130.54,130.32,130.32,12826
SHOP,2026-09-16,10:39,130.39,130.435,130.345,130.435,6279
SHOP,2026-09-16,10:40,130.54,130.56,130.465,130.56,3565
SHOP,2026-09-16,10:41,130.56,130.74,130.56,130.74,3398
SHOP,2026-09-16,10:42,130.66,130.87,130.66,130.845,12206
SHOP,2026-09-16,10:43,130.82,130.91,130.745,130.79,7333
SHOP,2026-09-16,10:44,130.79,130.84,130.77,130.78,4666
SHOP,2026-09-16,10:45,130.81,130.8685,130.72,130.825,5075
SHOP,2026-09-16,10:46,130.91,130.94,130.755,130.84,9604
SHOP,2026-09-16,10:47,130.78,130.87,130.745,130.82,7934
SHOP,2026-09-16,10:48,130.785,130.785,130.68,130.735,5557
SHOP,2026-09-16,10:49,130.735,130.8,130.61,130.6441,3452
SHOP,2026-09-16,10:50,130.67,131.04,130.67,131,48719
SHOP,2026-09-16,10:51,131,131.14,130.8701,130.96,78459
SHOP,2026-09-16,10:52,130.96,131.315,130.96,131.315,15596
SHOP,2026-09-16,10:53,131.26,131.33,131.2064,131.24,10533
SHOP,2026-09-16,10:54,131.295,131.295,131.23,131.245,8274
SHOP,2026-09-16,10:55,131.28,131.29,131.16,131.28,8625
SHOP,2026-09-16,10:56,131.255,131.33,131.16,131.165,5900
SHOP,2026-09-16,10:57,131.1625,131.275,131.1625,131.27,8123
SHOP,2026-09-16,10:58,131.255,131.44,131.255,131.44,10198
SHOP,2026-09-16,10:59,131.44,131.73,131.44,131.66,21637
SHOP,2026-09-16,11:00,131.72,131.72,131.57,131.6048,12567
SHOP,2026-09-16,11:01,131.64,131.66,131.525,131.55,11645
SHOP,2026-09-16,11:02,131.54,131.54,131.3511,131.4002,6226
SHOP,2026-09-16,11:03,131.365,131.54,131.3625,131.54,9072
SHOP,2026-09-16,11:04,131.575,131.7399,131.575,131.7399,7185
SHOP,2026-09-16,11:05,131.75,131.83,131.7,131.725,9414
SHOP,2026-09-16,11:06,131.74,131.97,131.72,131.97,12787
SHOP,2026-09-16,11:07,131.97,132.32,131.97,132.245,13655
SHOP,2026-09-16,11:08,132.28,132.42,132.245,132.375,18948
SHOP,2026-09-16,11:09,132.385,132.67,132.37,132.615,16232
SHOP,2026-09-16,11:10,132.64,132.64,132.49,132.5275,23419
SHOP,2026-09-16,11:11,132.5496,132.64,132.48,132.585,27173
SHOP,2026-09-16,11:12,132.585,132.61,132.51,132.5425,15042
SHOP,2026-09-16,11:13,132.595,132.64,132.54,132.54,10438
SHOP,2026-09-16,11:14,132.61,132.61,132.42,132.42,5102
SHOP,2026-09-16,11:15,132.39,132.39,132.21,132.21,9666
SHOP,2026-09-16,11:16,132.27,132.305,132.2301,132.235,7027
SHOP,2026-09-16,11:17,132.245,132.32,132.2,132.305,6014
SHOP,2026-09-16,11:18,132.305,132.365,132.255,132.365,6902
SHOP,2026-09-16,11:19,132.39,132.45,132.33,132.435,9503
SHOP,2026-09-16,11:20,132.44,132.51,132.435,132.465,6737
SHOP,2026-09-16,11:21,132.5,132.5,132.39,132.4199,8885
SHOP,2026-09-16,11:22,132.35,132.46,132.35,132.43,6444
SHOP,2026-09-16,11:23,132.43,132.47,132.375,132.47,6325
SHOP,2026-09-16,11:24,132.47,132.625,132.47,132.625,5079
SHOP,2026-09-16,11:25,132.605,132.63,132.55,132.63,6737
SHOP,2026-09-16,11:26,132.585,132.59,132.38,132.38,7290
SHOP,2026-09-16,11:27,132.28,132.4,132.28,132.385,4964
SHOP,2026-09-16,11:28,132.4,132.46,132.3901,132.41,11473
SHOP,2026-09-16,11:29,132.48,132.52,132.43,132.46,12036
SHOP,2026-09-16,11:30,132.47,132.54,132.325,132.33,11382
SHOP,2026-09-16,11:31,132.296,132.39,132.29,132.29,6015
SHOP,2026-09-16,11:32,132.28,132.31,132.09,132.09,3911
SHOP,2026-09-16,11:33,132.055,132.1,131.91,132.005,8709
SHOP,2026-09-16,11:34,131.9277,132.11,131.9277,132.06,6766
SHOP,2026-09-16,11:35,132.07,132.09,131.86,131.92,51932
SHOP,2026-09-16,11:36,131.905,132.055,131.85,131.93,37292
SHOP,2026-09-16,11:37,131.965,132.06,131.89,132.01,25697
SHOP,2026-09-16,11:38,132.005,132.005,131.865,131.89,9020
SHOP,2026-09-16,11:39,131.92,131.95,131.77,131.77,7330
SHOP,2026-09-16,11:40,131.81,131.81,131.6737,131.6737,4522
SHOP,2026-09-16,11:41,131.72,131.72,131.6265,131.6265,4470
SHOP,2026-09-16,11:42,131.66,131.8,131.66,131.71,7742
SHOP,2026-09-16,11:43,131.67,131.7175,131.61,131.715,5337
SHOP,2026-09-16,11:44,131.6576,131.8475,131.6576,131.775,3686
SHOP,2026-09-16,11:45,131.775,131.86,131.775,131.79,3708
SHOP,2026-09-16,11:46,131.835,131.855,131.7601,131.785,12201
SHOP,2026-09-16,11:47,131.785,132.38,131.785,132.1232,16525
SHOP,2026-09-16,11:48,132.15,132.25,132.11,132.19,6782
SHOP,2026-09-16,11:49,132.21,132.24,132.1275,132.17,5598
SHOP,2026-09-16,11:50,132.22,132.24,132.135,132.145,5289
SHOP,2026-09-16,11:51,132.1,132.21,132.08,132.21,9158
SHOP,2026-09-16,11:52,132.2,132.25,132.065,132.23,14772
SHOP,2026-09-16,11:53,132.22,132.34,132.22,132.235,7790
SHOP,2026-09-16,11:54,132.235,132.25,132.14,132.195,8327
SHOP,2026-09-16,11:55,132.25,132.29,132.25,132.25,1605
SHOP,2026-09-16,11:56,132.25,132.26,132.19,132.215,9430
SHOP,2026-09-16,11:57,132.215,132.25,132.165,132.2025,9577
SHOP,2026-09-16,11:58,132.165,132.2,132.03,132.03,12888
SHOP,2026-09-16,11:59,132.05,132.085,131.99,132.02,8552
SHOP,2026-09-16,12:00,132.025,132.025,131.95,132.01,7433
SHOP,2026-09-16,12:01,132.03,132.12,131.98,132.08,10204
SHOP,2026-09-16,12:02,132.07,132.11,131.98,131.98,7380
SHOP,2026-09-16,12:03,131.95,131.99,131.9325,131.99,4724
SHOP,2026-09-16,12:04,131.97,131.97,131.92,131.92,3973
SHOP,2026-09-16,12:05,131.92,131.92,131.87,131.87,2713
SHOP,2026-09-16,12:06,131.84,131.85,131.81,131.82,8663
SHOP,2026-09-16,12:07,131.8,131.8,131.73,131.76,3274
SHOP,2026-09-16,12:08,131.73,131.77,131.695,131.76,11557
SHOP,2026-09-16,12:09,131.725,131.78,131.68,131.73,8162
SHOP,2026-09-16,12:10,131.7,131.94,131.7,131.85,17538
SHOP,2026-09-16,12:11,131.85,131.85,131.77,131.79,11398
SHOP,2026-09-16,12:12,131.79,131.79,131.6617,131.68,17973
SHOP,2026-09-16,12:13,131.67,131.69,131.54,131.6,13698
SHOP,2026-09-16,12:14,131.6,131.62,131.48,131.56,12151
SHOP,2026-09-16,12:15,131.6,131.615,131.5605,131.615,3842
SHOP,2026-09-16,12:16,131.63,131.7,131.575,131.63,9728
SHOP,2026-09-16,12:17,131.69,131.69,131.69,131.69,267
SHOP,2026-09-16,12:18,131.64,131.645,131.64,131.645,979
SHOP,2026-09-16,12:19,131.65,131.75,131.61,131.73,10004
SHOP,2026-09-16,12:20,131.7,131.71,131.68,131.705,4215
SHOP,2026-09-16,12:21,131.695,131.695,131.62,131.62,4815
SHOP,2026-09-16,12:22,131.6525,131.655,131.515,131.56,8196
SHOP,2026-09-16,12:23,131.57,131.57,131.49,131.515,4982
SHOP,2026-09-16,12:24,131.515,131.59,131.515,131.58,2695
SHOP,2026-09-16,12:25,131.63,131.6769,131.585,131.625,5375
SHOP,2026-09-16,12:26,131.625,131.625,131.55,131.56,4265
SHOP,2026-09-16,12:27,131.61,131.645,131.61,131.61,3540
SHOP,2026-09-16,12:28,131.6,131.63,131.6,131.62,4476
SHOP,2026-09-16,12:29,131.64,131.79,131.64,131.79,6634
SHOP,2026-09-16,12:30,131.78,131.91,131.74,131.91,9626
SHOP,2026-09-16,12:31,131.84,131.89,131.8,131.8,6929
SHOP,2026-09-16,12:32,131.81,131.85,131.8,131.8,5042
SHOP,2026-09-16,12:33,131.83,131.87,131.83,131.83,2674
SHOP,2026-09-16,12:34,131.87,131.87,131.8,131.805,7836
SHOP,2026-09-16,12:35,131.805,131.835,131.635,131.69,29792
SHOP,2026-09-16,12:36,131.75,131.8099,131.64,131.66,5783
SHOP,2026-09-16,12:37,131.66,131.6667,131.65,131.665,1532
SHOP,2026-09-16,12:38,131.665,131.665,131.38,131.39,7337
SHOP,2026-09-16,12:39,131.37,131.51,131.37,131.3901,23503
SHOP,2026-09-16,12:40,131.4425,131.4425,131.285,131.41,26376
SHOP,2026-09-16,12:41,131.375,131.42,131.375,131.39,2957
SHOP,2026-09-16,12:42,131.39,131.39,131.35,131.39,5426
SHOP,2026-09-16,12:43,131.395,131.395,131.335,131.335,4695
SHOP,2026-09-16,12:44,131.3546,131.38,131.2901,131.34,4246
SHOP,2026-09-16,12:45,131.37,131.66,131.37,131.66,33193
SHOP,2026-09-16,12:46,131.66,131.7125,131.66,131.7125,5082
SHOP,2026-09-16,12:47,131.6875,131.6875,131.5214,131.59,5713
SHOP,2026-09-16,12:48,131.585,131.585,131.58,131.58,3824
SHOP,2026-09-16,12:49,131.58,131.58,131.5,131.5,4730
SHOP,2026-09-16,12:50,131.485,131.49,131.435,131.435,5876
SHOP,2026-09-16,12:50,131.435,131.435,131.435,131.435,0
SHOP,2026-09-16,12:51,131.435,131.435,131.435,131.435,0
SHOP,2026-09-16,12:52,131.46,131.49,131.34,131.34,5336
SHOP,2026-09-16,12:53,131.335,131.44,131.335,131.385,9320
SHOP,2026-09-16,12:54,131.42,131.42,131.385,131.42,6291
SHOP,2026-09-16,12:55,131.42,131.49,131.32,131.32,10812
SHOP,2026-09-16,12:56,131.32,131.345,131.32,131.345,1820
SHOP,2026-09-16,12:57,131.345,131.42,131.345,131.385,3495
SHOP,2026-09-16,12:58,131.385,131.47,131.38,131.43,14949
SHOP,2026-09-16,12:59,131.48,131.53,131.34,131.37,7585
SHOP,2026-09-16,13:00,131.37,131.39,131.37,131.37,1815
SHOP,2026-09-16,13:01,131.37,131.37,131.295,131.295,3140
SHOP,2026-09-16,13:02,131.3,131.34,131.29,131.33,5329
SHOP,2026-09-16,13:03,131.28,131.33,131.2765,131.31,6529
SHOP,2026-09-16,13:04,131.315,131.4,131.29,131.4,7186
SHOP,2026-09-16,13:05,131.3565,131.375,131.3565,131.375,7107
SHOP,2026-09-16,13:06,131.41,131.41,131.385,131.385,839
SHOP,2026-09-16,13:07,131.385,131.39,131.31,131.31,5140
SHOP,2026-09-16,13:08,131.32,131.38,131.0005,131.03,113743
SHOP,2026-09-16,13:09,131.04,131.11,130.97,131.1,22751
SHOP,2026-09-16,13:10,131.125,131.1967,130.86,130.86,10633
SHOP,2026-09-16,13:11,130.92,130.92,130.92,130.92,1456
SHOP,2026-09-16,13:12,130.8925,130.9799,130.86,130.86,6290
SHOP,2026-09-16,13:13,130.92,130.92,130.9001,130.92,1060
SHOP,2026-09-16,13:14,130.925,130.98,130.925,130.98,4534
SHOP,2026-09-16,13:15,130.97,131,130.91,131,12811
SHOP,2026-09-16,13:16,131.01,131.055,131.01,131.055,2234
SHOP,2026-09-16,13:17,131.1,131.15,131.1,131.11,6861
SHOP,2026-09-16,13:18,131.14,131.14,131.11,131.125,4252
SHOP,2026-09-16,13:19,131.125,131.125,131.03,131.05,12903
SHOP,2026-09-16,13:20,131.087,131.0999,131.0179,131.055,2342
SHOP,2026-09-16,13:21,131.1,131.16,131.085,131.135,4861
SHOP,2026-09-16,13:22,131.135,131.14,131.1,131.1,5880
SHOP,2026-09-16,13:23,131.0932,131.15,131.0932,131.1255,6798
SHOP,2026-09-16,13:24,131.16,131.35,131.11,131.14,21006
SHOP,2026-09-16,13:25,131.1325,131.18,131.005,131.1298,5368
SHOP,2026-09-16,13:26,131.2,131.21,131.16,131.205,2542
SHOP,2026-09-16,13:27,131.205,131.205,131.11,131.11,5139
SHOP,2026-09-16,13:28,131.125,131.1325,131.125,131.1325,1855
SHOP,2026-09-16,13:29,131.2,131.235,131.2,131.235,4189
SHOP,2026-09-16,13:30,131.17,131.235,131.15,131.17,4261
SHOP,2026-09-16,13:31,131.1,131.13,131.08,131.0825,2567
SHOP,2026-09-16,13:32,131.1,131.145,131.1,131.11,2680
SHOP,2026-09-16,13:33,131.105,131.105,131.05,131.085,5029
SHOP,2026-09-16,13:34,131.13,131.17,131.06,131.06,7532
SHOP,2026-09-16,13:35,131.1325,131.135,131.0512,131.11,3080
SHOP,2026-09-16,13:36,131.11,131.11,131.0601,131.0601,1605
SHOP,2026-09-16,13:37,131.135,131.17,131.101,131.17,2344
SHOP,2026-09-16,13:38,131.125,131.15,131.125,131.15,1001
SHOP,2026-09-16,13:39,131.145,131.155,131.1,131.11,10117
SHOP,2026-09-16,13:40,131.135,131.15,131.1145,131.13,6588
SHOP,2026-09-16,13:41,131.15,131.15,131.02,131.04,5500
SHOP,2026-09-16,13:42,131.06,131.15,131.06,131.12,8845
SHOP,2026-09-16,13:43,131.12,131.12,131.005,131.01,3510
SHOP,2026-09-16,13:44,131.01,131.01,130.961,130.99,3860
SHOP,2026-09-16,13:45,130.99,131,130.98,130.99,3502
SHOP,2026-09-16,13:46,130.99,131.01,130.95,130.97,4739
SHOP,2026-09-16,13:47,130.97,130.97,130.92,130.92,3353
SHOP,2026-09-16,13:48,130.92,130.99,130.92,130.99,4923
SHOP,2026-09-16,13:49,130.97,130.97,130.8463,130.86,4451
SHOP,2026-09-16,13:50,130.845,130.87,130.8,130.81,5738
SHOP,2026-09-16,13:51,130.8003,130.87,130.8003,130.87,6371
SHOP,2026-09-16,13:52,130.87,130.87,130.84,130.845,3032
SHOP,2026-09-16,13:53,130.81,130.84,130.76,130.78,17109
SHOP,2026-09-16,13:54,130.8,130.83,130.76,130.775,14621
SHOP,2026-09-16,13:55,130.775,130.81,130.775,130.775,3267
SHOP,2026-09-16,13:56,130.81,130.88,130.78,130.88,6242
SHOP,2026-09-16,13:57,130.93,131,130.9,130.96,9636
SHOP,2026-09-16,13:58,130.93,131.02,130.93,130.98,4081
SHOP,2026-09-16,13:59,131.02,131.04,130.95,131.02,6663
SHOP,2026-09-16,14:00,131.08,131.13,130.63,130.63,21106
SHOP,2026-09-16,14:01,130.63,130.635,130.2098,130.29,35268
SHOP,2026-09-16,14:02,130.32,130.66,130.23,130.64,29415
SHOP,2026-09-16,14:03,130.61,130.72,130.61,130.675,10816
SHOP,2026-09-16,14:04,130.675,131.245,130.67,131.12,45389
SHOP,2026-09-16,14:05,131.15,131.49,131.15,131.415,61643
SHOP,2026-09-16,14:06,131.405,131.54,131.345,131.43,11961
SHOP,2026-09-16,14:07,131.41,131.62,131.41,131.58,10264
SHOP,2026-09-16,14:08,131.595,131.93,131.595,131.93,8243
SHOP,2026-09-16,14:09,131.84,131.91,131.77,131.79,6609
SHOP,2026-09-16,14:10,131.89,131.94,131.74,131.74,5828
SHOP,2026-09-16,14:11,131.76,131.76,131.52,131.5625,5323
SHOP,2026-09-16,14:12,131.52,131.62,131.43,131.62,6268
SHOP,2026-09-16,14:13,131.53,131.71,131.49,131.65,6232
SHOP,2026-09-16,14:14,131.6,131.6,131.35,131.35,4441
SHOP,2026-09-16,14:15,131.2741,131.4,131.2741,131.36,4171
SHOP,2026-09-16,14:16,131.355,131.355,131.29,131.3,4557
SHOP,2026-09-16,14:17,131.36,131.36,131.22,131.24,5147
SHOP,2026-09-16,14:18,131.315,131.315,131.14,131.16,2959
SHOP,2026-09-16,14:19,131.1395,131.44,131.11,131.3925,8668
SHOP,2026-09-16,14:20,131.36,131.43,131.26,131.43,4378
SHOP,2026-09-16,14:21,131.45,131.45,131.37,131.38,2928
SHOP,2026-09-16,14:22,131.385,131.45,131.385,131.43,2900
SHOP,2026-09-16,14:23,131.42,131.48,131.395,131.46,6515
SHOP,2026-09-16,14:24,131.47,131.51,131.3675,131.3675,13165
SHOP,2026-09-16,14:25,131.43,131.48,131.41,131.46,6037
SHOP,2026-09-16,14:26,131.5,131.5,131.43,131.465,37242
SHOP,2026-09-16,14:27,131.465,131.5,131.42,131.43,15212
SHOP,2026-09-16,14:28,131.405,131.48,131.4,131.48,6076
SHOP,2026-09-16,14:29,131.44,131.61,131.42,131.42,100980
SHOP,2026-09-16,14:30,131.41,131.52,131.38,131.45,18991
SHOP,2026-09-16,14:31,131.485,131.485,131.165,131.175,10736
SHOP,2026-09-16,14:32,131.175,131.195,130.91,130.91,11248
SHOP,2026-09-16,14:33,130.96,130.985,130.67,130.76,24751
SHOP,2026-09-16,14:34,130.79,130.79,130.4,130.485,7606
SHOP,2026-09-16,14:35,130.4,130.47,130.285,130.285,4472
SHOP,2026-09-16,14:36,130.285,130.285,130.04,130.05,7357
SHOP,2026-09-16,14:37,130.11,130.22,130.09,130.12,12189
SHOP,2026-09-16,14:38,130.145,130.525,130.145,130.525,6975
SHOP,2026-09-16,14:39,130.575,130.6,130.42,130.53,7642
SHOP,2026-09-16,14:40,130.55,130.65,130.455,130.5863,26895
SHOP,2026-09-16,14:41,130.64,131.03,130.56,131.03,11537
SHOP,2026-09-16,14:42,131.14,131.395,131.11,131.395,16562
SHOP,2026-09-16,14:43,131.425,131.465,131.26,131.295,9828
SHOP,2026-09-16,14:44,131.295,131.295,131.14,131.14,4433
SHOP,2026-09-16,14:45,131.1,131.33,131.08,131.265,9361
SHOP,2026-09-16,14:46,131.265,131.265,131.13,131.165,6136
SHOP,2026-09-16,14:47,131.1,131.1502,130.91,130.91,7496
SHOP,2026-09-16,14:48,130.84,130.98,130.765,130.765,8259
SHOP,2026-09-16,14:49,130.71,130.7499,130.68,130.715,4990
SHOP,2026-09-16,14:50,130.68,130.76,130.49,130.49,5429
SHOP,2026-09-16,14:51,130.58,130.705,130.55,130.705,4379
SHOP,2026-09-16,14:52,130.705,130.705,130.2001,130.305,7255
SHOP,2026-09-16,14:53,130.28,130.35,130.13,130.1688,8043
SHOP,2026-09-16,14:54,130.07,130.0905,129.86,129.86,13012
SHOP,2026-09-16,14:55,129.9,130.0361,129.8,129.8,18327
SHOP,2026-09-16,14:56,129.8,129.8,129.595,129.69,18528
SHOP,2026-09-16,14:57,129.62,129.6207,129.46,129.525,11481
SHOP,2026-09-16,14:58,129.4696,129.7,129.4696,129.59,35050
SHOP,2026-09-16,14:59,129.6399,129.6399,129.31,129.33,14740
SHOP,2026-09-16,15:00,129.37,129.76,129.37,129.68,13882
SHOP,2026-09-16,15:01,129.685,129.745,129.4948,129.4948,10911
SHOP,2026-09-16,15:02,129.485,129.687,129.355,129.625,12238
SHOP,2026-09-16,15:03,129.65,129.96,129.6075,129.905,14832
SHOP,2026-09-16,15:04,129.885,129.89,129.75,129.84,5813
SHOP,2026-09-16,15:05,129.78,129.93,129.63,129.745,14436
SHOP,2026-09-16,15:06,129.87,129.97,129.72,129.88,20384
SHOP,2026-09-16,15:07,129.8,129.8,129.7,129.76,7859
SHOP,2026-09-16,15:08,129.8,129.8,129.61,129.7,11322
SHOP,2026-09-16,15:09,129.68,129.74,129.62,129.685,3564
SHOP,2026-09-16,15:10,129.685,129.71,129.61,129.6211,15850
SHOP,2026-09-16,15:11,129.64,129.64,129.53,129.6,7320
SHOP,2026-09-16,15:12,129.605,129.76,129.6005,129.67,15435
SHOP,2026-09-16,15:13,129.69,129.7,129.485,129.55,11813
SHOP,2026-09-16,15:14,129.515,129.645,129.43,129.52,11798
SHOP,2026-09-16,15:15,129.48,129.6,129.41,129.45,7870
SHOP,2026-09-16,15:16,129.45,129.48,129.23,129.3,16835
SHOP,2026-09-16,15:17,129.28,129.3219,129.25,129.3219,19210
SHOP,2026-09-16,15:18,129.295,129.295,129.065,129.065,14937
SHOP,2026-09-16,15:19,129.13,129.13,128.88,128.99,16915
SHOP,2026-09-16,15:20,128.955,129.2031,128.86,128.86,24783
SHOP,2026-09-16,15:21,128.875,128.95,128.82,128.925,17185
SHOP,2026-09-16,15:22,128.94,129.105,128.8782,128.97,16339
SHOP,2026-09-16,15:23,128.935,129.04,128.87,128.94,9427
SHOP,2026-09-16,15:24,128.945,128.99,128.76,128.92,13901
SHOP,2026-09-16,15:25,128.92,129.095,128.62,128.68,11913
SHOP,2026-09-16,15:26,128.63,128.87,128.62,128.87,13857
SHOP,2026-09-16,15:27,128.87,128.96,128.8,128.91,9998
SHOP,2026-09-16,15:28,128.87,128.87,128.7117,128.76,7169
SHOP,2026-09-16,15:29,128.81,129.05,128.81,129.015,14340
SHOP,2026-09-16,15:30,129.08,129.12,128.96,129.065,35968
SHOP,2026-09-16,15:31,129.07,129.16,129.02,129.06,13186
SHOP,2026-09-16,15:32,129.055,129.145,129.0325,129.135,10093
SHOP,2026-09-16,15:33,129.135,129.135,128.95,128.9925,12803
SHOP,2026-09-16,15:34,129.0301,129.38,129.0301,129.29,14564
SHOP,2026-09-16,15:35,129.29,129.34,129.08,129.2,14188
SHOP,2026-09-16,15:36,129.17,129.17,128.91,128.91,13334
SHOP,2026-09-16,15:37,128.925,129.08,128.87,129.08,13612
SHOP,2026-09-16,15:38,129.08,129.11,128.9875,129.07,12622
SHOP,2026-09-16,15:39,129.05,129.17,129.05,129.13,10538
SHOP,2026-09-16,15:40,129.17,129.17,129.008,129.16,15322
SHOP,2026-09-16,15:41,129.125,129.27,129.09,129.09,14872
SHOP,2026-09-16,15:42,129.07,129.33,129.07,129.23,30209
SHOP,2026-09-16,15:43,129.255,129.425,129.255,129.36,10186
SHOP,2026-09-16,15:44,129.34,129.41,129.34,129.375,6394
SHOP,2026-09-16,15:45,129.41,129.57,129.32,129.56,25152
SHOP,2026-09-16,15:46,129.56,129.655,129.43,129.5,17979
SHOP,2026-09-16,15:47,129.505,129.6,129.4901,129.59,8645
SHOP,2026-09-16,15:48,129.62,129.72,129.6,129.64,22565
SHOP,2026-09-16,15:49,129.645,129.66,129.57,129.635,16276
SHOP,2026-09-16,15:50,129.65,129.96,129.62,129.88,34174
SHOP,2026-09-16,15:51,129.84,129.9,129.75,129.75,31322
SHOP,2026-09-16,15:52,129.73,129.79,129.68,129.76,27084
SHOP,2026-09-16,15:53,129.77,129.775,129.695,129.725,24936
SHOP,2026-09-16,15:54,129.71,129.85,129.61,129.82,42727
SHOP,2026-09-16,15:55,129.78,129.785,129.55,129.68,77592
SHOP,2026-09-16,15:56,129.7,129.82,129.67,129.82,67472
SHOP,2026-09-16,15:57,129.83,129.875,129.78,129.84,76194
SHOP,2026-09-16,15:58,129.86,129.89,129.78,129.87,105491
SHOP,2026-09-16,15:59,129.86,129.98,129.78,129.97,210513
SHOP,2026-09-16,16:00,129.96,129.96,129.96,129.96,0
SHOP,2026-09-17,09:30,130.1,130.639,129.91,130.445,215905
SHOP,2026-09-17,09:31,130.475,130.64,129.82,129.825,18669
SHOP,2026-09-17,09:32,129.825,130.64,129.69,130.615,14796
SHOP,2026-09-17,09:33,130.615,130.615,129.5701,129.5701,16875
SHOP,2026-09-17,09:34,129.775,129.98,129.215,129.215,19868
SHOP,2026-09-17,09:35,129.215,129.215,128.5,128.655,24107
SHOP,2026-09-17,09:36,128.73,128.85,128.51,128.685,11104
SHOP,2026-09-17,09:37,128.77,128.99,128.52,128.7,10442
SHOP,2026-09-17,09:38,128.8099,128.9445,128.59,128.59,12661
SHOP,2026-09-17,09:39,128.6,128.9,128.56,128.85,14155
SHOP,2026-09-17,09:40,128.84,129.2238,128.825,129.105,24268
SHOP,2026-09-17,09:41,129.085,129.4,128.66,128.67,35597
SHOP,2026-09-17,09:42,128.61,128.7,128.185,128.27,27511
SHOP,2026-09-17,09:43,128.2717,128.481,128.15,128.39,27614
SHOP,2026-09-17,09:44,128.39,128.428,128.19,128.265,13786
SHOP,2026-09-17,09:45,128.32,128.6,128.27,128.57,20207
SHOP,2026-09-17,09:46,128.57,128.8,128.41,128.8,17881
SHOP,2026-09-17,09:47,128.69,129,128.69,129,16083
SHOP,2026-09-17,09:48,129.005,129.29,128.68,129.09,40632
SHOP,2026-09-17,09:49,129.04,129.49,128.91,129.43,14187
SHOP,2026-09-17,09:50,129.315,129.38,129.15,129.15,14610
SHOP,2026-09-17,09:51,129.25,129.29,128.93,129.12,19246
SHOP,2026-09-17,09:52,129.14,129.2,129.085,129.1,6956
SHOP,2026-09-17,09:53,129.1176,129.2,128.96,128.96,9640
SHOP,2026-09-17,09:54,128.96,128.96,128.73,128.73,12849
SHOP,2026-09-17,09:55,128.78,128.8395,128.69,128.72,7618
SHOP,2026-09-17,09:56,128.8475,129.08,128.835,129.08,9341
SHOP,2026-09-17,09:57,128.94,129.063,128.885,129.063,7812
SHOP,2026-09-17,09:58,129.05,129.23,128.97,129.01,8894
SHOP,2026-09-17,09:59,129.005,129.06,128.95,129.035,8850
SHOP,2026-09-17,10:00,129.04,129.135,128.76,128.76,16940
SHOP,2026-09-17,10:01,128.76,128.81,128.5,128.71,12003
SHOP,2026-09-17,10:02,128.645,128.75,128.56,128.75,21143
SHOP,2026-09-17,10:03,128.61,128.61,128.13,128.205,29239
SHOP,2026-09-17,10:04,128.19,128.495,128.06,128.495,71958
SHOP,2026-09-17,10:05,128.49,128.49,128.37,128.42,12634
SHOP,2026-09-17,10:06,128.37,128.6,128.25,128.51,22311
SHOP,2026-09-17,10:07,128.57,128.745,128.52,128.745,9797
SHOP,2026-09-17,10:08,128.67,128.87,128.621,128.87,8766
SHOP,2026-09-17,10:09,128.74,128.81,128.62,128.77,9146
SHOP,2026-09-17,10:10,128.795,128.87,128.77,128.82,10235
SHOP,2026-09-17,10:11,128.76,128.835,128.5539,128.62,8212
SHOP,2026-09-17,10:12,128.6,128.69,128.59,128.63,10840
SHOP,2026-09-17,10:13,128.65,128.72,128.6,128.6525,8700
SHOP,2026-09-17,10:14,128.69,128.78,128.55,128.72,15591
SHOP,2026-09-17,10:15,128.745,128.75,128.395,128.465,16555
SHOP,2026-09-17,10:16,128.49,128.58,128.49,128.57,7896
SHOP,2026-09-17,10:17,128.55,128.67,128.51,128.61,16231
SHOP,2026-09-17,10:18,128.595,128.595,128.42,128.45,10402
SHOP,2026-09-17,10:19,128.43,128.715,128.42,128.715,27352
SHOP,2026-09-17,10:20,128.75,128.81,128.61,128.61,15458
SHOP,2026-09-17,10:21,128.68,128.78,128.66,128.7,9949
SHOP,2026-09-17,10:22,128.735,128.79,128.595,128.6,12084
SHOP,2026-09-17,10:23,128.475,128.74,128.475,128.74,17565
SHOP,2026-09-17,10:24,128.745,129,128.745,128.78,19150
SHOP,2026-09-17,10:25,128.76,128.77,128.685,128.77,5061
SHOP,2026-09-17,10:26,128.75,128.915,128.71,128.915,12740
SHOP,2026-09-17,10:27,128.9844,129,128.83,128.84,27469
SHOP,2026-09-17,10:28,128.755,128.7786,128.465,128.49,18629
SHOP,2026-09-17,10:29,128.49,128.66,128.4301,128.61,11761
SHOP,2026-09-17,10:30,128.61,128.69,128.515,128.625,9282
SHOP,2026-09-17,10:31,128.625,128.68,128.55,128.625,7610
SHOP,2026-09-17,10:32,128.625,128.63,128.3,128.3,10222
SHOP,2026-09-17,10:33,128.325,128.43,128.25,128.315,9863
SHOP,2026-09-17,10:34,128.315,128.42,128.17,128.26,23004
SHOP,2026-09-17,10:35,128.26,128.4,128.215,128.4,11578
SHOP,2026-09-17,10:36,128.35,128.4014,128.225,128.2364,19096
SHOP,2026-09-17,10:37,128.24,128.29,128.2,128.26,3696
SHOP,2026-09-17,10:38,128.3,128.35,128.25,128.3,7355
SHOP,2026-09-17,10:39,128.27,128.31,128.085,128.085,9327
SHOP,2026-09-17,10:40,128.06,128.16,128,128.16,28846
SHOP,2026-09-17,10:41,128.2,128.21,128.085,128.155,11114
SHOP,2026-09-17,10:42,128.22,128.355,128.2,128.29,19220
SHOP,2026-09-17,10:43,128.27,128.27,128.1406,128.1406,12288
SHOP,2026-09-17,10:44,128.22,128.39,128.17,128.17,11890
SHOP,2026-09-17,10:45,128.22,128.29,128.1601,128.2126,5174
SHOP,2026-09-17,10:46,128.3193,128.3193,128.1,128.1104,10914
SHOP,2026-09-17,10:47,128.189,128.189,128,128,10305
SHOP,2026-09-17,10:48,128.04,128.14,128.04,128.14,29517
SHOP,2026-09-17,10:49,128.1509,128.34,128.1201,128.175,14362
SHOP,2026-09-17,10:50,128.13,128.16,128.075,128.155,7912
SHOP,2026-09-17,10:51,128.22,128.31,128.165,128.31,16171
SHOP,2026-09-17,10:52,128.35,128.46,128.3122,128.45,10151
SHOP,2026-09-17,10:53,128.52,128.52,128.24,128.3046,9914
SHOP,2026-09-17,10:54,128.27,128.3111,128.27,128.285,4136
SHOP,2026-09-17,10:55,128.285,128.36,128.26,128.285,9350
SHOP,2026-09-17,10:56,128.2512,128.29,128.1601,128.21,14099
SHOP,2026-09-17,10:57,128.18,128.24,128.15,128.15,10683
SHOP,2026-09-17,10:58,128.14,128.2,127.94,128.005,15564
SHOP,2026-09-17,10:59,128.005,128.11,127.975,128.0865,7890
SHOP,2026-09-17,11:00,128.075,128.14,128.03,128.11,6763
SHOP,2026-09-17,11:01,128.09,128.0948,127.99,127.995,9417
SHOP,2026-09-17,11:02,127.96,127.96,127.81,127.86,10572
SHOP,2026-09-17,11:03,127.84,127.88,127.77,127.77,9274
SHOP,2026-09-17,11:04,127.8599,127.86,127.75,127.84,10839
SHOP,2026-09-17,11:05,127.84,127.85,127.69,127.69,14776
SHOP,2026-09-17,11:06,127.71,127.84,127.71,127.805,6997
SHOP,2026-09-17,11:07,127.8,127.85,127.76,127.76,5141
SHOP,2026-09-17,11:08,127.74,127.875,127.72,127.875,12069
SHOP,2026-09-17,11:09,127.885,127.9023,127.76,127.76,7960
SHOP,2026-09-17,11:10,127.67,127.71,127.64,127.64,11430
SHOP,2026-09-17,11:11,127.67,127.8,127.645,127.8,4690
SHOP,2026-09-17,11:12,127.74,127.905,127.74,127.8534,7668
SHOP,2026-09-17,11:13,127.811,127.9,127.81,127.88,4373
SHOP,2026-09-17,11:14,127.87,128.035,127.87,128.01,10616
SHOP,2026-09-17,11:15,127.96,128.08,127.94,128.08,9013
SHOP,2026-09-17,11:16,128.04,128.17,128.04,128.165,10717
SHOP,2026-09-17,11:17,128.23,128.3,128.21,128.265,16325
SHOP,2026-09-17,11:18,128.31,128.4282,128.2601,128.39,12531
SHOP,2026-09-17,11:19,128.43,128.765,128.43,128.715,36412
SHOP,2026-09-17,11:20,128.715,128.715,128.53,128.56,11704
SHOP,2026-09-17,11:21,128.535,128.7,128.53,128.665,12181
SHOP,2026-09-17,11:22,128.665,128.84,128.665,128.8,27722
SHOP,2026-09-17,11:23,128.795,128.85,128.5,128.62,25317
SHOP,2026-09-17,11:24,128.63,128.63,128.55,128.55,4497
SHOP,2026-09-17,11:25,128.5,128.59,128.31,128.57,17659
SHOP,2026-09-17,11:26,128.57,128.57,128.55,128.565,2851
SHOP,2026-09-17,11:27,128.595,128.595,128.5,128.56,5001
SHOP,2026-09-17,11:28,128.5,128.5,128.4,128.44,16715
SHOP,2026-09-17,11:29,128.48,128.48,128.38,128.405,9814
SHOP,2026-09-17,11:30,128.38,128.53,128.2906,128.2906,24675
SHOP,2026-09-17,11:31,128.325,128.39,128.325,128.38,6114
SHOP,2026-09-17,11:32,128.3583,128.4,128.31,128.36,10548
SHOP,2026-09-17,11:33,128.41,128.44,128.315,128.44,10074
SHOP,2026-09-17,11:34,128.42,128.435,128.3701,128.42,5172
SHOP,2026-09-17,11:35,128.429,128.48,128.36,128.42,11762
SHOP,2026-09-17,11:36,128.42,128.49,128.41,128.48,3896
SHOP,2026-09-17,11:37,128.4899,128.4899,128.325,128.325,9306
SHOP,2026-09-17,11:38,128.29,128.4599,128.28,128.39,10220
SHOP,2026-09-17,11:39,128.405,128.405,128.34,128.365,6263
SHOP,2026-09-17,11:40,128.39,128.39,128.3,128.36,6836
SHOP,2026-09-17,11:41,128.375,128.4,128.35,128.375,3986
SHOP,2026-09-17,11:42,128.38,128.4,128.28,128.291,5976
SHOP,2026-09-17,11:43,128.345,128.4799,128.325,128.425,9917
SHOP,2026-09-17,11:44,128.41,128.535,128.41,128.495,9744
SHOP,2026-09-17,11:45,128.44,128.57,128.44,128.57,3422
SHOP,2026-09-17,11:46,128.53,128.57,128.33,128.39,8783
SHOP,2026-09-17,11:47,128.355,128.44,128.355,128.43,3052
SHOP,2026-09-17,11:48,128.35,128.405,128.27,128.27,7516
SHOP,2026-09-17,11:49,128.27,128.35,128.27,128.315,4705
SHOP,2026-09-17,11:50,128.315,128.37,128.24,128.29,9910
SHOP,2026-09-17,11:51,128.31,128.3699,128.295,128.31,2131
SHOP,2026-09-17,11:52,128.31,128.34,128.22,128.32,12948
SHOP,2026-09-17,11:53,128.2961,128.2961,128.2961,128.2961,206
SHOP,2026-09-17,11:54,128.315,128.3187,128.105,128.125,8965
SHOP,2026-09-17,11:55,128.1699,128.17,128.11,128.11,3047
SHOP,2026-09-17,11:56,128.08,128.11,128.05,128.075,2519
SHOP,2026-09-17,11:57,128.05,128.145,128.05,128.145,11078
SHOP,2026-09-17,11:58,128.11,128.19,128.11,128.185,3893
SHOP,2026-09-17,11:59,128.215,128.295,128.2,128.295,4135
SHOP,2026-09-17,12:00,128.295,128.33,128.135,128.135,8067
SHOP,2026-09-17,12:01,128.15,128.19,128.15,128.19,3793
SHOP,2026-09-17,12:02,128.2,128.2,128.2,128.2,817
SHOP,2026-09-17,12:03,128.195,128.25,128.14,128.14,3057
SHOP,2026-09-17,12:04,128.175,128.21,128.15,128.19,5159
SHOP,2026-09-17,12:05,128.2,128.2,128.05,128.085,8044
SHOP,2026-09-17,12:06,128.075,128.12,128.055,128.08,6459
SHOP,2026-09-17,12:07,128.08,128.2,128.07,128.2,12893
SHOP,2026-09-17,12:08,128.235,128.235,128.14,128.2,4731
SHOP,2026-09-17,12:09,128.2,128.24,128.16,128.24,6985
SHOP,2026-09-17,12:10,128.24,128.24,128.24,128.24,0
SHOP,2026-09-17,12:11,128.205,128.27,128.205,128.2051,1505
SHOP,2026-09-17,12:12,128.2375,128.2375,128.12,128.12,6657
SHOP,2026-09-17,12:13,128.09,128.115,128.08,128.08,2604
SHOP,2026-09-17,12:14,128.15,128.17,128.115,128.17,7251
SHOP,2026-09-17,12:15,128.225,128.225,128.1801,128.22,2091
SHOP,2026-09-17,12:16,128.22,128.225,128.16,128.17,5093
SHOP,2026-09-17,12:17,128.17,128.18,128.1,128.155,11807
SHOP,2026-09-17,12:18,128.12,128.2,128.11,128.17,4335
SHOP,2026-09-17,12:19,128.18,128.185,128.11,128.13,6089
SHOP,2026-09-17,12:20,128.135,128.17,128.135,128.14,3038
SHOP,2026-09-17,12:21,128.14,128.2,128.14,128.2,8200
SHOP,2026-09-17,12:22,128.2,128.2437,128.16,128.2437,6499
SHOP,2026-09-17,12:23,128.25,128.25,128.25,128.25,292
SHOP,2026-09-17,12:24,128.2699,128.35,128.255,128.35,15449
SHOP,2026-09-17,12:25,128.32,128.36,128.29,128.32,4712
SHOP,2026-09-17,12:26,128.32,128.37,128.315,128.36,5457
SHOP,2026-09-17,12:27,128.33,128.355,128.33,128.35,2186
SHOP,2026-09-17,12:28,128.35,128.38,128.32,128.37,6888
SHOP,2026-09-17,12:29,128.35,128.45,128.35,128.36,24334
SHOP,2026-09-17,12:30,128.35,128.35,128.275,128.275,8719
SHOP,2026-09-17,12:31,128.27,128.275,128.22,128.26,4598
SHOP,2026-09-17,12:32,128.22,128.22,128.19,128.19,1893
SHOP,2026-09-17,12:33,128.14,128.15,128.08,128.08,4071
SHOP,2026-09-17,12:34,128.13,128.14,128.0879,128.135,4238
SHOP,2026-09-17,12:35,128.135,128.135,128.045,128.06,3722
SHOP,2026-09-17,12:36,128.0398,128.1,128.03,128.05,6303
SHOP,2026-09-17,12:37,128.05,128.1,128,128.07,12157
SHOP,2026-09-17,12:38,128.085,128.12,128.08,128.12,4148
SHOP,2026-09-17,12:39,128.1,128.17,128.1,128.145,5307
SHOP,2026-09-17,12:40,128.115,128.15,128.115,128.13,2124
SHOP,2026-09-17,12:41,128.13,128.13,128.09,128.12,3275
SHOP,2026-09-17,12:42,128.125,128.15,128.125,128.125,1473
SHOP,2026-09-17,12:43,128.1396,128.25,128.1396,128.25,5473
SHOP,2026-09-17,12:44,128.2499,128.25,128.22,128.235,7391
SHOP,2026-09-17,12:45,128.25,128.305,128.25,128.255,10396
SHOP,2026-09-17,12:46,128.23,128.255,128.1001,128.164,14793
SHOP,2026-09-17,12:47,128.21,128.215,128.16,128.16,4050
SHOP,2026-09-17,12:48,128.16,128.2364,128.16,128.17,3401
SHOP,2026-09-17,12:49,128.17,128.17,128.11,128.13,5195
SHOP,2026-09-17,12:50,128.135,128.18,128.06,128.1,3596
SHOP,2026-09-17,12:51,128.11,128.15,128.08,128.15,3425
SHOP,2026-09-17,12:52,128.1,128.1,127.98,128.01,15269
SHOP,2026-09-17,12:53,128.025,128.08,127.9954,128.055,6478
SHOP,2026-09-17,12:54,128.055,128.065,128.01,128.025,12690
SHOP,2026-09-17,12:55,128.025,128.1,127.8501,127.905,15213
SHOP,2026-09-17,12:56,127.91,127.91,127.68,127.77,17796
SHOP,2026-09-17,12:57,127.78,127.81,127.68,127.78,5473
SHOP,2026-09-17,12:58,127.83,127.874,127.83,127.87,4172
SHOP,2026-09-17,12:59,127.87,127.985,127.87,127.975,1542319
SHOP,2026-09-17,13:00,127.99,128.0017,127.9568,128,4468
SHOP,2026-09-17,13:01,128,128.085,128,128.085,9463
SHOP,2026-09-17,13:02,128.095,128.14,128.07,128.095,6517
SHOP,2026-09-17,13:03,128.07,128.1,128.03,128.03,3444
SHOP,2026-09-17,13:04,128.055,128.16,128.05,128.145,7320
SHOP,2026-09-17,13:05,128.16,128.18,128.145,128.17,4382
SHOP,2026-09-17,13:06,128.17,128.225,128.154,128.19,10386
SHOP,2026-09-17,13:07,128.17,128.2076,128.17,128.2076,3194
SHOP,2026-09-17,13:08,128.16,128.16,128.05,128.07,7111
SHOP,2026-09-17,13:09,128.07,128.11,128.07,128.08,5924
SHOP,2026-09-17,13:10,128.07,128.07,127.965,127.995,9406
SHOP,2026-09-17,13:11,128,128.04,127.975,127.975,7131
SHOP,2026-09-17,13:12,127.99,127.99,127.94,127.95,3404
SHOP,2026-09-17,13:13,127.96,127.96,127.86,127.89,3140
SHOP,2026-09-17,13:14,127.82,127.9085,127.8,127.845,5107
SHOP,2026-09-17,13:15,127.89,127.9,127.88,127.88,3329
SHOP,2026-09-17,13:16,127.84,127.872,127.69,127.76,10195
SHOP,2026-09-17,13:17,127.78,127.8,127.74,127.775,5055
SHOP,2026-09-17,13:18,127.775,127.86,127.71,127.86,11614
SHOP,2026-09-17,13:19,127.79,127.79,127.77,127.785,1998
SHOP,2026-09-17,13:20,127.78,127.81,127.77,127.77,2371
SHOP,2026-09-17,13:21,127.79,127.8,127.76,127.78,3795
SHOP,2026-09-17,13:22,127.76,127.95,127.76,127.9,12001
SHOP,2026-09-17,13:23,128,128.045,128,128.04,3182
SHOP,2026-09-17,13:24,128.0699,128.07,127.8901,127.96,15132
SHOP,2026-09-17,13:25,127.945,128.01,127.94,128.005,3900
SHOP,2026-09-17,13:26,128.015,128.075,128.015,128.05,6195
SHOP,2026-09-17,13:27,128.03,128.05,128.015,128.03,4055
SHOP,2026-09-17,13:28,128.06,128.065,128.0434,128.0434,151993
SHOP,2026-09-17,13:29,128.065,128.13,128.05,128.12,9601
SHOP,2026-09-17,13:30,128.0917,128.12,128.08,128.12,1441
SHOP,2026-09-17,13:31,128.1,128.16,128.1,128.16,3092
SHOP,2026-09-17,13:32,128.13,128.18,128.1101,128.14,7912
SHOP,2026-09-17,13:33,128.16,128.2,128.16,128.18,4479
SHOP,2026-09-17,13:34,128.205,128.26,128.205,128.23,6609
SHOP,2026-09-17,13:35,128.25,128.28,128.25,128.275,12437
SHOP,2026-09-17,13:36,128.3,128.3,128.11,128.11,7324
SHOP,2026-09-17,13:37,128.17,128.25,128.14,128.215,13739
SHOP,2026-09-17,13:38,128.27,128.31,128.27,128.3,4661
SHOP,2026-09-17,13:39,128.22,128.26,128.22,128.26,2838
SHOP,2026-09-17,13:40,128.32,128.35,128.2688,128.345,5615
SHOP,2026-09-17,13:41,128.38,128.43,128.327,128.375,3037
SHOP,2026-09-17,13:42,128.385,128.385,128.31,128.31,4759
SHOP,2026-09-17,13:43,128.355,128.37,128.3274,128.34,2964
SHOP,2026-09-17,13:44,128.34,128.34,128.33,128.34,3258
SHOP,2026-09-17,13:45,128.31,128.32,128.27,128.295,6629
SHOP,2026-09-17,13:46,128.32,128.35,128.285,128.35,8278
SHOP,2026-09-17,13:47,128.32,128.36,128.3006,128.34,3013
SHOP,2026-09-17,13:48,128.36,128.36,128.305,128.305,7919
SHOP,2026-09-17,13:49,128.305,128.44,128.305,128.41,9908
SHOP,2026-09-17,13:50,128.41,128.41,128.41,128.41,1568
SHOP,2026-09-17,13:51,128.4,128.4,128.35,128.37,3677
SHOP,2026-09-17,13:52,128.35,128.35,128.34,128.34,813
SHOP,2026-09-17,13:53,128.355,128.37,128.31,128.33,6692
SHOP,2026-09-17,13:54,128.315,128.335,128.315,128.335,715
SHOP,2026-09-17,13:55,128.335,128.34,128.3,128.325,4343
SHOP,2026-09-17,13:56,128.34,128.36,128.3175,128.33,3623
SHOP,2026-09-17,13:57,128.325,128.43,128.325,128.43,5117
SHOP,2026-09-17,13:58,128.44,128.48,128.425,128.47,11064
SHOP,2026-09-17,13:59,128.475,128.68,128.475,128.65,17128
SHOP,2026-09-17,14:00,128.65,128.65,128.5,128.6,13713
SHOP,2026-09-17,14:01,128.65,128.65,128.45,128.45,13246
SHOP,2026-09-17,14:02,128.41,128.41,128.3,128.3,2382
SHOP,2026-09-17,14:03,128.28,128.31,128.23,128.275,12060
SHOP,2026-09-17,14:04,128.31,128.38,128.27,128.365,22325
SHOP,2026-09-17,14:05,128.365,128.47,128.365,128.4683,4567
SHOP,2026-09-17,14:06,128.42,128.42,128.35,128.35,8043
SHOP,2026-09-17,14:07,128.41,128.48,128.41,128.48,1570
SHOP,2026-09-17,14:08,128.475,128.55,128.475,128.5,16174
SHOP,2026-09-17,14:09,128.495,128.495,128.4,128.4,8920
SHOP,2026-09-17,14:10,128.39,128.55,128.31,128.465,41503
SHOP,2026-09-17,14:11,128.46,128.52,128.42,128.495,19599
SHOP,2026-09-17,14:12,128.52,128.53,128.485,128.515,2640
SHOP,2026-09-17,14:13,128.515,128.515,128.51,128.51,2373
SHOP,2026-09-17,14:14,128.47,128.515,128.46,128.495,7703
SHOP,2026-09-17,14:15,128.45,128.52,128.44,128.49,5728
SHOP,2026-09-17,14:16,128.53,128.55,128.48,128.55,5353
SHOP,2026-09-17,14:17,128.52,128.52,128.44,128.45,8144
SHOP,2026-09-17,14:18,128.44,128.44,128.41,128.425,3385
SHOP,2026-09-17,14:19,128.45,128.56,128.432,128.55,9711
SHOP,2026-09-17,14:20,128.59,128.64,128.5401,128.5401,3403
SHOP,2026-09-17,14:21,128.59,128.59,128.53,128.54,3942
SHOP,2026-09-17,14:22,128.54,128.54,128.54,128.54,0
SHOP,2026-09-17,14:23,128.6,128.61,128.55,128.6,2351
SHOP,2026-09-17,14:24,128.575,128.58,128.395,128.425,9411
SHOP,2026-09-17,14:25,128.43,128.44,128.25,128.355,12644
SHOP,2026-09-17,14:26,128.37,128.37,128.35,128.37,2310
SHOP,2026-09-17,14:27,128.37,128.39,128.3,128.31,5393
SHOP,2026-09-17,14:28,128.31,128.32,128.28,128.31,1820
SHOP,2026-09-17,14:29,128.33,128.35,128.33,128.35,2873
SHOP,2026-09-17,14:30,128.35,128.38,128.3,128.31,9629
SHOP,2026-09-17,14:31,128.32,128.36,128.31,128.36,10914
SHOP,2026-09-17,14:32,128.3,128.3,128.22,128.245,6367
SHOP,2026-09-17,14:33,128.22,128.25,128.21,128.25,2470
SHOP,2026-09-17,14:34,128.23,128.23,128.13,128.13,3872
SHOP,2026-09-17,14:35,128.14,128.19,128.09,128.11,6002
SHOP,2026-09-17,14:36,128.065,128.08,128.04,128.04,1922
SHOP,2026-09-17,14:37,128.06,128.1,128.03,128.09,5388
SHOP,2026-09-17,14:38,128.11,128.14,128.07,128.135,3933
SHOP,2026-09-17,14:39,128.14,128.225,128.09,128.09,22191
SHOP,2026-09-17,14:40,128.08,128.0999,128.04,128.07,5850
SHOP,2026-09-17,14:41,128.05,128.065,128.03,128.05,3941
SHOP,2026-09-17,14:42,128.09,128.1,128.07,128.1,2387
SHOP,2026-09-17,14:43,128.075,128.11,128.05,128.07,5504
SHOP,2026-09-17,14:44,128.09,128.11,128.06,128.085,4052
SHOP,2026-09-17,14:45,128.08,128.1,128.06,128.0621,5664
SHOP,2026-09-17,14:46,128.08,128.11,128.03,128.05,7385
SHOP,2026-09-17,14:47,128.07,128.08,128.0201,128.06,9370
SHOP,2026-09-17,14:48,128.02,128.06,127.99,128.055,13263
SHOP,2026-09-17,14:49,128.08,128.1,128.05,128.05,2539
SHOP,2026-09-17,14:50,128.09,128.12,128.08,128.12,2023
SHOP,2026-09-17,14:51,128.1,128.13,128.1,128.11,4973
SHOP,2026-09-17,14:52,128.11,128.14,128.1,128.115,2502
SHOP,2026-09-17,14:53,128.09,128.15,128.09,128.14,2794
SHOP,2026-09-17,14:54,128.18,128.19,128.12,128.17,4384
SHOP,2026-09-17,14:55,128.19,128.19,128.11,128.13,5138
SHOP,2026-09-17,14:56,128.1,128.13,128.07,128.1,4653
SHOP,2026-09-17,14:57,128.1124,128.21,128.1124,128.17,6418
SHOP,2026-09-17,14:58,128.18,128.21,128.15,128.195,5106
SHOP,2026-09-17,14:59,128.195,128.22,128.17,128.18,8162
SHOP,2026-09-17,15:00,128.18,128.21,128.04,128.2,39677
SHOP,2026-09-17,15:01,128.2,128.23,128.165,128.195,37935
SHOP,2026-09-17,15:02,128.1746,128.19,128.115,128.13,6989
SHOP,2026-09-17,15:03,128.12,128.12,128.04,128.1,7846
SHOP,2026-09-17,15:04,128.11,128.12,128.09,128.09,2976
SHOP,2026-09-17,15:05,128.125,128.18,128.1188,128.18,2244
SHOP,2026-09-17,15:06,128.16,128.2,128.13,128.16,9274
SHOP,2026-09-17,15:07,128.12,128.299,128.08,128.29,16404
SHOP,2026-09-17,15:08,128.335,128.335,128.29,128.3,3929
SHOP,2026-09-17,15:09,128.32,128.32,128.28,128.31,9492
SHOP,2026-09-17,15:10,128.28,128.4,128.28,128.39,9760
SHOP,2026-09-17,15:11,128.41,128.41,128.34,128.37,6974
SHOP,2026-09-17,15:12,128.34,128.439,128.321,128.439,9529
SHOP,2026-09-17,15:13,128.41,128.45,128.405,128.435,4389
SHOP,2026-09-17,15:14,128.435,128.435,128.4,128.43,7089
SHOP,2026-09-17,15:15,128.43,128.43,128.3499,128.38,11750
SHOP,2026-09-17,15:16,128.4,128.45,128.39,128.445,5119
SHOP,2026-09-17,15:17,128.446,128.47,128.42,128.42,4663
SHOP,2026-09-17,15:18,128.41,128.41,128.36,128.37,9383
SHOP,2026-09-17,15:19,128.3,128.355,128.28,128.35,5675
SHOP,2026-09-17,15:20,128.3599,128.3699,128.32,128.33,5169
SHOP,2026-09-17,15:21,128.33,128.35,128.32,128.35,8285
SHOP,2026-09-17,15:22,128.36,128.36,128.31,128.33,8872
SHOP,2026-09-17,15:23,128.34,128.35,128.3,128.32,6233
SHOP,2026-09-17,15:24,128.325,128.35,128.29,128.3,5662
SHOP,2026-09-17,15:25,128.29,128.31,128.25,128.26,9557
SHOP,2026-09-17,15:26,128.25,128.25,128.21,128.21,5603
SHOP,2026-09-17,15:27,128.2,128.23,128.16,128.18,13930
SHOP,2026-09-17,15:28,128.15,128.25,128.14,128.16,17831
SHOP,2026-09-17,15:29,128.19,128.19,128.13,128.17,8734
SHOP,2026-09-17,15:30,128.15,128.19,128.14,128.14,4137
SHOP,2026-09-17,15:31,128.14,128.21,128.13,128.15,12833
SHOP,2026-09-17,15:32,128.15,128.23,128.13,128.23,14752
SHOP,2026-09-17,15:33,128.2,128.23,128.19,128.215,5474
SHOP,2026-09-17,15:34,128.19,128.19,128.13,128.15,7768
SHOP,2026-09-17,15:35,128.14,128.15,128.11,128.12,6976
SHOP,2026-09-17,15:36,128.15,128.16,128.11,128.12,5817
SHOP,2026-09-17,15:37,128.17,128.21,128.11,128.16,23605
SHOP,2026-09-17,15:38,128.15,128.19,128.14,128.175,10232
SHOP,2026-09-17,15:39,128.15,128.29,128.15,128.235,19205
SHOP,2026-09-17,15:40,128.235,128.26,128.165,128.165,11342
SHOP,2026-09-17,15:41,128.19,128.2,128.15,128.2,9896
SHOP,2026-09-17,15:42,128.165,128.17,128.11,128.14,12173
SHOP,2026-09-17,15:43,128.11,128.17,128.11,128.13,7259
SHOP,2026-09-17,15:44,128.16,128.17,128.1,128.1,10761
SHOP,2026-09-17,15:45,128.09,128.185,128.07,128.18,22313
SHOP,2026-09-17,15:46,128.17,128.17,128.07,128.08,14477
SHOP,2026-09-17,15:47,128.07,128.13,128.07,128.085,11339
SHOP,2026-09-17,15:48,128.11,128.23,128.08,128.23,16685
SHOP,2026-09-17,15:49,128.2,128.24,128.2,128.21,7253
SHOP,2026-09-17,15:50,128.19,128.43,128.14,128.4,51125
SHOP,2026-09-17,15:51,128.425,128.46,128.4,128.41,21440
SHOP,2026-09-17,15:52,128.46,128.48,128.43,128.47,22283
SHOP,2026-09-17,15:53,128.45,128.53,128.4082,128.52,30986
SHOP,2026-09-17,15:54,128.52,128.62,128.51,128.61,28891
SHOP,2026-09-17,15:55,128.595,128.67,128.5,128.63,71288
SHOP,2026-09-17,15:56,128.62,128.69,128.55,128.645,62284
SHOP,2026-09-17,15:57,128.65,128.67,128.56,128.59,76256
SHOP,2026-09-17,15:58,128.61,128.68,128.6,128.65,92074
SHOP,2026-09-17,15:59,128.66,128.71,128.57,128.64,187781
SHOP,2026-09-17,16:00,128.6,128.6,128.6,128.6,0
