symbol,date,time,open,high,low,close,volume
TSM,2026-08-31,09:30,417.23,420.5,417.165,420.25,444974
TSM,2026-08-31,09:31,420.17,421.25,419.51,420.7,94931
TSM,2026-08-31,09:32,420.665,421.65,420.345,421.41,78758
TSM,2026-08-31,09:33,421.42,422,421,421.27,72090
TSM,2026-08-31,09:34,421.29,421.55,420.938,421.39,41856
TSM,2026-08-31,09:35,421.38,421.67,420.62,420.67,54441
TSM,2026-08-31,09:36,420.65,421.02,420.1575,420.895,33398
TSM,2026-08-31,09:37,420.88,421.02,420.08,420.7,30034
TSM,2026-08-31,09:38,420.55,421.06,420.15,420.22,51832
TSM,2026-08-31,09:39,420.03,420.775,419.65,419.6501,42843
TSM,2026-08-31,09:40,419.8,420.2,419.13,419.915,22596
TSM,2026-08-31,09:41,419.95,420.95,419.95,420.83,24479
TSM,2026-08-31,09:42,420.76,421.6,420.56,421.275,45005
TSM,2026-08-31,09:43,421.33,421.33,420.49,420.49,21016
TSM,2026-08-31,09:44,420.52,420.79,420.2,420.2,17522
TSM,2026-08-31,09:45,420.32,420.665,419.89,420.255,53510
TSM,2026-08-31,09:46,420.205,420.65,420.19,420.475,28033
TSM,2026-08-31,09:47,420.475,422.1195,420.19,422.06,56825
TSM,2026-08-31,09:48,422.05,422.49,421.57,421.785,35086
TSM,2026-08-31,09:49,421.6855,421.92,421.32,421.77,49183
TSM,2026-08-31,09:50,421.785,422.4,421.65,422.06,25958
TSM,2026-08-31,09:51,422.08,422.79,421.84,422.5707,21293
TSM,2026-08-31,09:52,422.615,422.615,421.89,422.15,18524
TSM,2026-08-31,09:53,422.02,422.9,421.8301,422.705,17797
TSM,2026-08-31,09:54,422.7899,422.79,422.22,422.6,20969
TSM,2026-08-31,09:55,422.51,422.58,422.01,422.39,18603
TSM,2026-08-31,09:56,422.3,422.48,422.15,422.44,14550
TSM,2026-08-31,09:57,422.33,422.5,422.1501,422.33,7101
TSM,2026-08-31,09:58,422.15,423.25,421.95,423.19,51735
TSM,2026-08-31,09:59,423.26,423.8,421.88,422.16,75190
TSM,2026-08-31,10:00,422.315,422.315,421.88,422.17,17897
TSM,2026-08-31,10:01,422.17,422.24,421.85,421.97,19508
TSM,2026-08-31,10:02,421.94,422.73,421.83,422.2275,21930
TSM,2026-08-31,10:03,422.15,422.27,421.9447,422.015,25548
TSM,2026-08-31,10:04,421.92,422.34,421.9,422.19,11811
TSM,2026-08-31,10:05,422.1,422.82,422,422.335,41105
TSM,2026-08-31,10:06,422.285,422.285,421.51,421.575,22179
TSM,2026-08-31,10:07,421.5637,422.09,421.51,421.65,10678
TSM,2026-08-31,10:08,421.63,422.1,421.62,421.885,14063
TSM,2026-08-31,10:09,421.7701,422.1065,421.74,421.9,22732
TSM,2026-08-31,10:10,421.79,421.9707,421.08,421.9707,100581
TSM,2026-08-31,10:11,421.87,421.97,421.555,421.7,30231
TSM,2026-08-31,10:12,421.65,421.65,421.22,421.51,15103
TSM,2026-08-31,10:13,421.37,421.4659,420.955,420.98,14720
TSM,2026-08-31,10:14,420.98,421.23,420.91,421.19,13260
TSM,2026-08-31,10:15,421.175,421.69,420.9,421.6574,18110
TSM,2026-08-31,10:16,421.6999,422.15,421.517,422,24317
TSM,2026-08-31,10:17,421.9596,422.2954,421.84,422.22,45574
TSM,2026-08-31,10:18,422.35,422.99,422.24,422.24,18128
TSM,2026-08-31,10:19,422.24,422.82,422.185,422.245,22024
TSM,2026-08-31,10:20,422.245,422.36,421.38,421.93,20175
TSM,2026-08-31,10:21,421.99,422.42,421.82,422.135,14586
TSM,2026-08-31,10:22,422.13,422.25,421.79,421.83,19863
TSM,2026-08-31,10:23,421.79,421.86,421.58,421.775,16450
TSM,2026-08-31,10:24,421.7,421.72,420.87,420.87,24881
TSM,2026-08-31,10:25,420.95,421,420.6,421,15211
TSM,2026-08-31,10:26,421.065,421.25,420.78,421.065,11034
TSM,2026-08-31,10:27,421.065,421.42,421.0075,421.25,14632
TSM,2026-08-31,10:28,421.265,421.38,421.22,421.305,4866
TSM,2026-08-31,10:29,421.39,421.53,421.19,421.325,19380
TSM,2026-08-31,10:30,421.1828,421.507,421.1828,421.48,18519
TSM,2026-08-31,10:31,421.42,421.5,419.98,420.06,52087
TSM,2026-08-31,10:32,420.11,420.35,419.59,420.235,22558
TSM,2026-08-31,10:33,420.195,420.41,420.01,420.29,15890
TSM,2026-08-31,10:34,420.18,420.4,419.99,420.275,13087
TSM,2026-08-31,10:35,420.275,420.7808,419.955,420.69,20325
TSM,2026-08-31,10:36,420.65,420.82,420.55,420.665,16080
TSM,2026-08-31,10:37,420.69,420.82,420.36,420.41,8020
TSM,2026-08-31,10:38,420.41,420.4899,420.02,420.0301,13320
TSM,2026-08-31,10:39,420.03,420.48,419.88,420.48,16675
TSM,2026-08-31,10:40,420.51,421.01,420.375,420.39,23008
TSM,2026-08-31,10:41,420.2101,420.39,420.01,420.27,9973
TSM,2026-08-31,10:42,420.27,420.3,420.12,420.225,6449
TSM,2026-08-31,10:43,420.2,420.555,420.1,420.555,11894
TSM,2026-08-31,10:44,420.515,420.7599,420.24,420.2778,4173
TSM,2026-08-31,10:45,420.25,420.41,420.12,420.2925,9118
TSM,2026-08-31,10:46,420.22,420.4053,420.13,420.27,2581
TSM,2026-08-31,10:47,420.27,420.275,419.82,419.88,6648
TSM,2026-08-31,10:48,419.97,420,419.49,419.605,7464
TSM,2026-08-31,10:49,419.585,420.18,419.44,420.065,15444
TSM,2026-08-31,10:50,420.065,420.59,419.99,420.41,44434
TSM,2026-08-31,10:51,420.44,420.525,419.93,420.09,16797
TSM,2026-08-31,10:52,420.06,420.2099,419.39,419.59,23631
TSM,2026-08-31,10:53,419.575,419.59,419.13,419.25,16844
TSM,2026-08-31,10:54,419.27,419.42,419.27,419.355,9452
TSM,2026-08-31,10:55,419.35,419.969,419.335,419.67,14371
TSM,2026-08-31,10:56,419.7,419.95,419.6,419.84,9868
TSM,2026-08-31,10:57,419.84,419.9,419.6,419.755,11690
TSM,2026-08-31,10:58,419.75,419.75,419.175,419.175,8801
TSM,2026-08-31,10:59,419.175,419.25,418.77,418.9,10625
TSM,2026-08-31,11:00,418.96,419.49,418.9,419.24,11155
TSM,2026-08-31,11:01,419.185,419.5,418.94,419.165,12568
TSM,2026-08-31,11:02,419.22,419.31,418.97,419.0709,11526
TSM,2026-08-31,11:03,419.14,419.14,418.716,418.815,13498
TSM,2026-08-31,11:04,418.81,418.9,418.45,418.805,13794
TSM,2026-08-31,11:05,418.8,419.14,418.61,419.13,9947
TSM,2026-08-31,11:06,419.12,419.34,419.005,419.285,18701
TSM,2026-08-31,11:07,419.33,419.36,419.03,419.055,14659
TSM,2026-08-31,11:08,419.01,419.06,418.55,418.585,19000
TSM,2026-08-31,11:09,418.64,418.68,418.5,418.58,4671
TSM,2026-08-31,11:10,418.5,418.72,418.42,418.7101,6964
TSM,2026-08-31,11:11,418.64,418.7073,418.3,418.3,4118
TSM,2026-08-31,11:12,418.345,418.5894,418.3,418.5894,10996
TSM,2026-08-31,11:13,418.5701,418.8087,418.395,418.395,6869
TSM,2026-08-31,11:14,418.395,418.495,418.17,418.495,15287
TSM,2026-08-31,11:15,418.43,418.83,418.39,418.52,8506
TSM,2026-08-31,11:16,418.52,419,418.51,418.85,16842
TSM,2026-08-31,11:17,418.67,418.885,418.66,418.66,6486
TSM,2026-08-31,11:18,418.685,418.735,418.43,418.44,12689
TSM,2026-08-31,11:19,418.44,419.08,418.44,418.83,8430
TSM,2026-08-31,11:20,418.8,418.87,418.695,418.86,9515
TSM,2026-08-31,11:21,418.79,419.0699,418.78,418.93,17077
TSM,2026-08-31,11:22,418.93,418.9499,418.7,418.7,10932
TSM,2026-08-31,11:23,418.755,418.82,418.59,418.82,11853
TSM,2026-08-31,11:24,418.79,418.88,418.56,418.615,11005
TSM,2026-08-31,11:25,418.665,418.82,418.3627,418.4,12505
TSM,2026-08-31,11:26,418.4,418.72,418.36,418.72,5547
TSM,2026-08-31,11:27,418.7,418.9,418.61,418.89,6891
TSM,2026-08-31,11:28,418.92,419.17,418.8,419.11,6054
TSM,2026-08-31,11:29,419.115,419.115,418.6923,418.77,17910
TSM,2026-08-31,11:30,418.845,418.93,418.51,418.595,12092
TSM,2026-08-31,11:31,418.6,418.72,418.4,418.72,11133
TSM,2026-08-31,11:32,418.7199,418.8199,418.585,418.585,6130
TSM,2026-08-31,11:33,418.585,418.69,418.44,418.65,8084
TSM,2026-08-31,11:34,418.67,418.67,418.4,418.6,8216
TSM,2026-08-31,11:35,418.555,418.6,418.42,418.59,4102
TSM,2026-08-31,11:36,418.59,418.59,418.26,418.54,6344
TSM,2026-08-31,11:37,418.37,418.5678,418.2156,418.35,5922
TSM,2026-08-31,11:38,418.5069,418.53,418.39,418.44,5773
TSM,2026-08-31,11:39,418.39,418.51,418.38,418.435,4834
TSM,2026-08-31,11:40,418.44,418.62,418.34,418.46,6859
TSM,2026-08-31,11:41,418.445,418.503,418.245,418.295,6560
TSM,2026-08-31,11:42,418.3553,418.52,418.15,418.52,4907
TSM,2026-08-31,11:43,418.4,418.4,418.375,418.38,2923
TSM,2026-08-31,11:44,418.36,418.52,418.36,418.5,2376
TSM,2026-08-31,11:45,418.445,418.5,418.33,418.365,7617
TSM,2026-08-31,11:46,418.33,418.68,418.3022,418.68,5615
TSM,2026-08-31,11:47,418.6068,418.6068,418.275,418.34,2688
TSM,2026-08-31,11:48,418.315,418.55,418.27,418.46,8138
TSM,2026-08-31,11:49,418.504,418.5999,418.26,418.26,8254
TSM,2026-08-31,11:50,418.22,418.45,418.22,418.45,4751
TSM,2026-08-31,11:51,418.35,418.46,418.25,418.32,4852
TSM,2026-08-31,11:52,418.21,418.32,418.2,418.29,4900
TSM,2026-08-31,11:53,418.29,418.32,418.1,418.2564,1969
TSM,2026-08-31,11:54,418.14,418.205,417.89,417.94,16966
TSM,2026-08-31,11:55,417.94,417.99,417.7005,417.7248,29394
TSM,2026-08-31,11:56,417.755,418.0299,417.755,417.83,6231
TSM,2026-08-31,11:57,417.81,417.89,417.79,417.89,3820
TSM,2026-08-31,11:58,417.84,417.845,417.52,417.59,7511
TSM,2026-08-31,11:59,417.59,417.67,417.3805,417.5,8256
TSM,2026-08-31,12:00,417.425,417.59,417.3,417.5,6128
TSM,2026-08-31,12:01,417.52,417.52,417.3311,417.5,4928
TSM,2026-08-31,12:02,417.5,417.695,417.3911,417.65,6226
TSM,2026-08-31,12:03,417.5,417.6,417.48,417.525,4705
TSM,2026-08-31,12:04,417.54,417.54,417.3201,417.41,5060
TSM,2026-08-31,12:05,417.42,417.6,417.39,417.47,5398
TSM,2026-08-31,12:06,417.47,417.47,417.075,417.11,34522
TSM,2026-08-31,12:07,417.14,417.16,416.75,416.795,28648
TSM,2026-08-31,12:08,416.76,416.86,416.64,416.7,7369
TSM,2026-08-31,12:09,416.715,417.14,416.69,416.96,9192
TSM,2026-08-31,12:10,416.925,417.47,416.91,417.46,13512
TSM,2026-08-31,12:11,417.49,417.64,417.44,417.64,8697
TSM,2026-08-31,12:12,417.7,418.17,417.68,417.9,18122
TSM,2026-08-31,12:13,417.925,418.0099,417.69,417.75,5716
TSM,2026-08-31,12:14,417.6841,417.83,417.61,417.805,5831
TSM,2026-08-31,12:15,417.805,418.03,417.76,417.96,6306
TSM,2026-08-31,12:16,417.96,418.08,417.77,417.79,8593
TSM,2026-08-31,12:17,417.75,417.96,417.63,417.705,7662
TSM,2026-08-31,12:18,417.75,417.77,417.675,417.695,3125
TSM,2026-08-31,12:19,417.7,417.9425,417.7,417.92,8726
TSM,2026-08-31,12:20,417.99,418.08,417.92,417.98,5905
TSM,2026-08-31,12:21,417.99,418.06,417.7086,418.03,3539
TSM,2026-08-31,12:22,418.02,418.175,417.92,418.01,5490
TSM,2026-08-31,12:23,418.0689,418.0689,417.8001,417.89,2344
TSM,2026-08-31,12:24,417.89,418.005,417.87,417.93,3344
TSM,2026-08-31,12:25,417.88,418.01,417.86,417.96,6450
TSM,2026-08-31,12:26,417.95,417.97,417.845,417.94,4292
TSM,2026-08-31,12:27,417.98,418.06,417.97,417.97,3604
TSM,2026-08-31,12:28,418.035,418.08,417.86,417.87,5424
TSM,2026-08-31,12:29,417.97,418.09,417.93,418.03,3742
TSM,2026-08-31,12:30,418.07,418.09,417.73,417.79,4270
TSM,2026-08-31,12:31,417.85,418.0595,417.85,417.97,3609
TSM,2026-08-31,12:32,418.06,418.08,417.91,417.91,3913
TSM,2026-08-31,12:33,417.955,418.02,417.61,417.88,4990
TSM,2026-08-31,12:34,417.8725,417.875,417.68,417.68,1160
TSM,2026-08-31,12:35,417.7,417.9,417.7,417.85,8243
TSM,2026-08-31,12:36,417.8351,417.99,417.81,417.92,4914
TSM,2026-08-31,12:37,417.86,417.925,417.75,417.75,2390
TSM,2026-08-31,12:38,417.78,417.86,417.7,417.71,2689
TSM,2026-08-31,12:39,417.701,417.8,417.295,417.295,14850
TSM,2026-08-31,12:40,417.295,417.38,417.01,417.325,10572
TSM,2026-08-31,12:41,417.39,417.7,417.39,417.595,4117
TSM,2026-08-31,12:42,417.6,417.67,417.55,417.65,7956
TSM,2026-08-31,12:43,417.56,417.93,417.42,417.86,10662
TSM,2026-08-31,12:44,417.82,417.82,417.4,417.47,3211
TSM,2026-08-31,12:45,417.47,417.47,417.355,417.37,2019
TSM,2026-08-31,12:46,417.32,417.5425,417.31,417.504,5546
TSM,2026-08-31,12:47,417.495,417.59,417.43,417.59,3661
TSM,2026-08-31,12:48,417.575,417.66,417.44,417.66,13292
TSM,2026-08-31,12:49,417.625,417.73,417.5,417.73,5491
TSM,2026-08-31,12:50,417.575,417.71,417.5145,417.665,7753
TSM,2026-08-31,12:51,417.75,417.85,417.665,417.795,7041
TSM,2026-08-31,12:52,417.79,417.965,417.67,417.67,11896
TSM,2026-08-31,12:53,417.67,417.92,417.67,417.91,2774
TSM,2026-08-31,12:54,417.86,417.89,417.63,417.68,4903
TSM,2026-08-31,12:55,417.755,417.7987,417.595,417.6,11762
TSM,2026-08-31,12:56,417.57,417.79,417.55,417.74,3606
TSM,2026-08-31,12:57,417.74,417.89,417.735,417.89,2407
TSM,2026-08-31,12:58,417.89,417.98,417.88,417.94,4400
TSM,2026-08-31,12:59,417.88,417.88,417.65,417.845,3221
TSM,2026-08-31,13:00,417.78,417.8399,417.61,417.615,32781
TSM,2026-08-31,13:01,417.615,417.64,417.5171,417.58,5028
TSM,2026-08-31,13:02,417.58,417.585,417.46,417.52,5270
TSM,2026-08-31,13:03,417.5842,417.5999,417.4412,417.525,9989
TSM,2026-08-31,13:04,417.48,417.525,417.375,417.47,12485
TSM,2026-08-31,13:05,417.5,417.65,417.48,417.48,32465
TSM,2026-08-31,13:06,417.43,417.57,417.3998,417.52,4940
TSM,2026-08-31,13:07,417.57,417.61,417.41,417.565,6961
TSM,2026-08-31,13:08,417.5001,417.63,417.2522,417.31,17311
TSM,2026-08-31,13:09,417.35,417.43,417.25,417.27,6018
TSM,2026-08-31,13:10,417.3205,417.38,417.235,417.285,6005
TSM,2026-08-31,13:11,417.25,417.38,417.2,417.2,3612
TSM,2026-08-31,13:12,417.255,417.32,417.2,417.24,9046
TSM,2026-08-31,13:13,417.2,417.33,417.19,417.19,8378
TSM,2026-08-31,13:14,417.18,417.27,417.03,417.115,7142
TSM,2026-08-31,13:15,417.09,417.1,417.01,417.055,5453
TSM,2026-08-31,13:16,417.05,417.17,417.04,417.17,8650
TSM,2026-08-31,13:17,417.1495,417.1495,416.94,416.98,9673
TSM,2026-08-31,13:18,416.91,416.91,416.55,416.65,9542
TSM,2026-08-31,13:19,416.625,416.69,416.62,416.69,4109
TSM,2026-08-31,13:20,416.62,416.6781,416.3905,416.44,8629
TSM,2026-08-31,13:21,416.445,416.52,416.3201,416.415,9580
TSM,2026-08-31,13:22,416.415,416.64,416.32,416.5301,6735
TSM,2026-08-31,13:23,416.53,416.57,416.455,416.57,4813
TSM,2026-08-31,13:24,416.51,416.6,416.46,416.6,6458
TSM,2026-08-31,13:25,416.585,416.585,416.464,416.485,5207
TSM,2026-08-31,13:26,416.485,416.56,416.12,416.35,25662
TSM,2026-08-31,13:27,416.31,416.31,416.2,416.2346,4067
TSM,2026-08-31,13:28,416.245,416.3785,416.2,416.295,9838
TSM,2026-08-31,13:29,416.29,416.37,416.19,416.2201,7058
TSM,2026-08-31,13:30,416.29,416.35,416.25,416.305,5431
TSM,2026-08-31,13:31,416.26,416.34,416.22,416.335,5945
TSM,2026-08-31,13:32,416.33,416.4,416.27,416.4,5459
TSM,2026-08-31,13:33,416.37,416.4494,416.33,416.44,16569
TSM,2026-08-31,13:34,416.44,416.4794,416.18,416.21,6029
TSM,2026-08-31,13:35,416.2,416.44,416.16,416.2077,8094
TSM,2026-08-31,13:36,416.22,416.5299,416.185,416.41,6089
TSM,2026-08-31,13:37,416.5,416.54,416.48,416.515,3563
TSM,2026-08-31,13:38,416.515,416.56,416.41,416.46,3796
TSM,2026-08-31,13:39,416.45,416.59,416.45,416.58,5336
TSM,2026-08-31,13:40,416.59,416.71,416.48,416.705,7913
TSM,2026-08-31,13:41,416.71,416.9603,416.68,416.895,5467
TSM,2026-08-31,13:42,416.9,416.96,416.755,416.755,1659
TSM,2026-08-31,13:43,416.8221,416.89,416.75,416.875,3238
TSM,2026-08-31,13:44,416.845,416.9,416.807,416.8999,2260
TSM,2026-08-31,13:45,416.86,416.9899,416.83,416.9383,5608
TSM,2026-08-31,13:46,416.9,416.91,416.84,416.88,2488
TSM,2026-08-31,13:47,416.88,416.93,416.8404,416.87,2146
TSM,2026-08-31,13:48,416.87,416.9363,416.8,416.87,2614
TSM,2026-08-31,13:49,416.83,416.89,416.77,416.77,2456
TSM,2026-08-31,13:50,416.76,416.97,416.76,416.9575,4934
TSM,2026-08-31,13:51,416.945,416.96,416.875,416.88,3155
TSM,2026-08-31,13:52,416.88,416.94,416.86,416.86,5452
TSM,2026-08-31,13:53,416.85,416.95,416.77,416.93,4605
TSM,2026-08-31,13:54,416.92,417.028,416.885,416.99,5960
TSM,2026-08-31,13:55,417.032,417.032,416.76,416.77,3114
TSM,2026-08-31,13:56,416.76,416.78,416.6001,416.78,5927
TSM,2026-08-31,13:57,416.74,416.74,416.5601,416.5631,5821
TSM,2026-08-31,13:58,416.56,416.6046,416.455,416.455,6225
TSM,2026-08-31,13:59,416.455,416.6044,416.455,416.575,4503
TSM,2026-08-31,14:00,416.58,416.65,416.5,416.64,4100
TSM,2026-08-31,14:01,416.7,416.745,416.57,416.69,1894
TSM,2026-08-31,14:02,416.7364,416.76,416.61,416.61,2304
TSM,2026-08-31,14:03,416.68,416.85,416.67,416.85,3636
TSM,2026-08-31,14:04,416.88,417.01,416.815,416.91,3332
TSM,2026-08-31,14:05,417.006,417.006,416.81,416.86,3058
TSM,2026-08-31,14:06,416.81,417.1,416.81,416.99,6176
TSM,2026-08-31,14:07,417.02,417.02,416.89,416.89,1508
TSM,2026-08-31,14:08,416.8,416.8898,416.74,416.78,2449
TSM,2026-08-31,14:09,416.88,416.93,416.72,416.88,4756
TSM,2026-08-31,14:10,416.81,416.825,416.62,416.65,5926
TSM,2026-08-31,14:11,416.6,416.7,416.4501,416.64,7676
TSM,2026-08-31,14:12,416.65,416.65,416.56,416.62,2735
TSM,2026-08-31,14:13,416.57,416.6332,416.57,416.59,1701
TSM,2026-08-31,14:14,416.59,416.68,416.56,416.56,3398
TSM,2026-08-31,14:15,416.524,416.7,416.524,416.685,8260
TSM,2026-08-31,14:16,416.685,416.685,416.471,416.495,12078
TSM,2026-08-31,14:17,416.495,416.54,416.42,416.54,8330
TSM,2026-08-31,14:18,416.54,416.57,416.485,416.57,2021
TSM,2026-08-31,14:19,416.485,416.66,416.485,416.625,4377
TSM,2026-08-31,14:20,416.58,416.62,416.35,416.36,4216
TSM,2026-08-31,14:21,416.455,416.52,416.37,416.43,4788
TSM,2026-08-31,14:22,416.5399,416.5399,416.42,416.49,1202
TSM,2026-08-31,14:23,416.44,416.63,416.41,416.63,5931
TSM,2026-08-31,14:24,416.63,416.76,416.6,416.6,3297
TSM,2026-08-31,14:25,416.63,416.67,416.455,416.455,3754
TSM,2026-08-31,14:26,416.42,416.47,416.23,416.47,9653
TSM,2026-08-31,14:27,416.455,416.5,416.315,416.33,7975
TSM,2026-08-31,14:28,416.26,416.4,416.26,416.3378,2931
TSM,2026-08-31,14:29,416.22,416.3,416.12,416.12,9773
TSM,2026-08-31,14:30,416.095,416.18,416.01,416.17,7737
TSM,2026-08-31,14:31,416.135,416.135,415.9,416.03,14805
TSM,2026-08-31,14:32,416.015,416.015,415.88,415.93,11161
TSM,2026-08-31,14:33,415.8,416,415.8,415.85,4333
TSM,2026-08-31,14:34,415.85,416.04,415.85,415.9,5727
TSM,2026-08-31,14:35,415.9,415.9899,415.73,415.79,3470
TSM,2026-08-31,14:36,415.73,415.9,415.7,415.79,15353
TSM,2026-08-31,14:37,415.84,415.84,415.7401,415.76,3350
TSM,2026-08-31,14:38,415.71,415.75,415.555,415.59,9153
TSM,2026-08-31,14:39,415.57,415.65,415.5101,415.53,3657
TSM,2026-08-31,14:40,415.51,415.51,415.1,415.165,23825
TSM,2026-08-31,14:41,415.165,415.21,415.01,415.02,5210
TSM,2026-08-31,14:42,415.075,415.23,415.01,415.145,10877
TSM,2026-08-31,14:43,415.21,415.21,414.78,414.85,34662
TSM,2026-08-31,14:44,414.86,414.9995,414.8306,414.99,3677
TSM,2026-08-31,14:45,415,415.04,414.9501,415,8756
TSM,2026-08-31,14:46,414.97,415.06,414.9,415.055,9159
TSM,2026-08-31,14:47,415.03,415.1,414.965,414.965,10142
TSM,2026-08-31,14:48,414.965,415.13,414.9,415.055,4018
TSM,2026-08-31,14:49,415.0346,415.4,415.0346,415.31,15398
TSM,2026-08-31,14:50,415.31,415.31,415.16,415.23,4116
TSM,2026-08-31,14:51,415.2,415.27,415.17,415.26,3966
TSM,2026-08-31,14:52,415.23,415.26,415.12,415.18,5706
TSM,2026-08-31,14:53,415.185,415.28,415.12,415.12,5454
TSM,2026-08-31,14:54,415.121,415.27,415.121,415.24,8946
TSM,2026-08-31,14:55,415.22,415.27,415.12,415.19,5621
TSM,2026-08-31,14:56,415.15,415.29,415.15,415.24,5852
TSM,2026-08-31,14:57,415.22,415.35,415.08,415.35,8249
TSM,2026-08-31,14:58,415.3,415.4517,415.26,415.39,8841
TSM,2026-08-31,14:59,415.375,415.49,415.2,415.26,6233
TSM,2026-08-31,15:00,415.32,415.47,415.265,415.33,2436
TSM,2026-08-31,15:01,415.38,415.38,415.25,415.36,7358
TSM,2026-08-31,15:02,415.33,415.38,415.26,415.365,3247
TSM,2026-08-31,15:03,415.29,415.4999,415.29,415.45,5800
TSM,2026-08-31,15:04,415.45,415.5,415.245,415.275,6262
TSM,2026-08-31,15:05,415.1601,415.55,415.1601,415.4729,4856
TSM,2026-08-31,15:06,415.41,415.5,415.355,415.5,2793
TSM,2026-08-31,15:07,415.37,415.45,415.33,415.41,5196
TSM,2026-08-31,15:08,415.41,415.65,415.41,415.53,10054
TSM,2026-08-31,15:09,415.525,415.61,415.4601,415.485,3398
TSM,2026-08-31,15:10,415.46,415.56,415.4,415.445,5157
TSM,2026-08-31,15:11,415.37,415.52,415.325,415.36,3793
TSM,2026-08-31,15:12,415.42,415.44,415.2501,415.38,6436
TSM,2026-08-31,15:13,415.3125,415.43,415.2656,415.42,2830
TSM,2026-08-31,15:14,415.44,415.66,415.42,415.5,8252
TSM,2026-08-31,15:15,415.435,415.7799,415.4003,415.7799,12916
TSM,2026-08-31,15:16,415.5701,415.765,415.5701,415.708,3382
TSM,2026-08-31,15:17,415.695,415.86,415.6007,415.7,13710
TSM,2026-08-31,15:18,415.7,415.79,415.661,415.755,4619
TSM,2026-08-31,15:19,415.755,415.96,415.75,415.75,7524
TSM,2026-08-31,15:20,415.785,415.97,415.785,415.91,5024
TSM,2026-08-31,15:21,415.91,415.93,415.76,415.8231,2366
TSM,2026-08-31,15:22,415.73,416.1,415.73,416.1,7907
TSM,2026-08-31,15:23,416.07,416.16,415.87,415.87,5882
TSM,2026-08-31,15:24,415.96,416.11,415.8718,416.11,4509
TSM,2026-08-31,15:25,416.055,416.18,416,416.05,7642
TSM,2026-08-31,15:26,416.05,416.13,415.92,416.13,13253
TSM,2026-08-31,15:27,416.12,416.34,416.12,416.26,7855
TSM,2026-08-31,15:28,416.26,416.3699,416.1,416.105,7260
TSM,2026-08-31,15:29,416.105,416.105,415.8,415.82,11579
TSM,2026-08-31,15:30,415.765,415.9,415.66,415.795,18084
TSM,2026-08-31,15:31,415.81,415.86,415.68,415.745,4926
TSM,2026-08-31,15:32,415.82,415.88,415.7375,415.7425,10187
TSM,2026-08-31,15:33,415.745,415.745,415.59,415.59,11679
TSM,2026-08-31,15:34,415.59,415.72,415.59,415.71,10206
TSM,2026-08-31,15:35,415.71,415.75,415.58,415.7,8898
TSM,2026-08-31,15:36,415.6675,415.7468,415.16,415.215,31202
TSM,2026-08-31,15:37,415.21,415.32,415.08,415.09,13544
TSM,2026-08-31,15:38,415.125,415.18,414.9,414.9,25478
TSM,2026-08-31,15:39,414.9001,415.37,414.9,415.27,40955
TSM,2026-08-31,15:40,415.29,415.42,415.22,415.3,16197
TSM,2026-08-31,15:41,415.3,415.34,415.18,415.26,143179
TSM,2026-08-31,15:42,415.2,415.39,415.09,415.18,25849
TSM,2026-08-31,15:43,415.195,415.48,415.13,415.22,37575
TSM,2026-08-31,15:44,415.21,415.23,414.91,414.935,20539
TSM,2026-08-31,15:45,414.93,414.98,414.75,414.95,34635
TSM,2026-08-31,15:46,414.945,415.15,414.9,415.03,19102
TSM,2026-08-31,15:47,415.015,415.03,414.9,414.93,13772
TSM,2026-08-31,15:48,414.95,414.98,414.82,414.855,21371
TSM,2026-08-31,15:49,414.8525,415.07,414.6001,414.87,62946
TSM,2026-08-31,15:50,414.86,415.415,414.855,415.0996,54674
TSM,2026-08-31,15:51,415.07,415.51,415,415.45,43798
TSM,2026-08-31,15:52,415.387,415.4621,415.3,415.355,25605
TSM,2026-08-31,15:53,415.355,415.605,415.29,415.605,36983
TSM,2026-08-31,15:54,415.57,415.74,415.465,415.695,31762
TSM,2026-08-31,15:55,415.63,416.07,415.46,415.8525,50929
TSM,2026-08-31,15:56,415.845,415.97,415.56,415.76,59479
TSM,2026-08-31,15:57,415.755,416,415.66,415.76,70448
TSM,2026-08-31,15:58,415.75,416.12,415.64,415.92,96796
TSM,2026-08-31,15:59,415.915,416.19,415.1,415.11,182744
TSM,2026-09-01,09:30,417.8,418.46,417.01,417.455,614640
TSM,2026-09-01,09:31,417.69,418.62,415.965,416.235,58631
TSM,2026-09-01,09:32,416.01,416.095,414.64,415.14,61298
TSM,2026-09-01,09:33,415.26,417.14,415.26,415.755,40343
TSM,2026-09-01,09:34,415.78,416,415.02,415.18,29948
TSM,2026-09-01,09:35,415.19,415.7828,414.8,414.93,35149
TSM,2026-09-01,09:36,414.93,415.55,414.42,414.485,64120
TSM,2026-09-01,09:37,414.485,415.28,414.45,414.98,48441
TSM,2026-09-01,09:38,415.08,415.27,414.17,414.17,38826
TSM,2026-09-01,09:39,414.17,414.805,413.8,414.51,36092
TSM,2026-09-01,09:40,414.5,416.045,414.21,415.0375,69020
TSM,2026-09-01,09:41,414.88,415.12,413.58,413.755,32949
TSM,2026-09-01,09:42,413.755,414.07,413.39,413.52,32783
TSM,2026-09-01,09:43,413.6125,414.315,413.34,414.315,32184
TSM,2026-09-01,09:44,414.315,415.35,414.16,415.08,27428
TSM,2026-09-01,09:45,415.05,415.53,414.66,414.985,28775
TSM,2026-09-01,09:46,414.985,415.72,414.851,415.29,63118
TSM,2026-09-01,09:47,415.4,415.93,415.16,415.6,17817
TSM,2026-09-01,09:48,415.67,415.848,415.25,415.35,30615
TSM,2026-09-01,09:49,415.5,415.66,415.28,415.64,19552
TSM,2026-09-01,09:50,415.7,415.755,415.26,415.57,20178
TSM,2026-09-01,09:51,415.65,415.9,415.27,415.32,23927
TSM,2026-09-01,09:52,415.32,415.44,414.8,414.9,34494
TSM,2026-09-01,09:53,414.9,415.46,414.9,415.4,22063
TSM,2026-09-01,09:54,415.46,415.53,415.01,415.24,19996
TSM,2026-09-01,09:55,415.25,415.345,414.5,414.7,36588
TSM,2026-09-01,09:56,414.6951,414.87,414.5,414.6,20273
TSM,2026-09-01,09:57,414.6,415.1,414.5119,415.055,24064
TSM,2026-09-01,09:58,415.11,415.11,414.725,414.91,14213
TSM,2026-09-01,09:59,414.885,414.98,414.62,414.66,17275
TSM,2026-09-01,10:00,414.74,415,414.26,414.695,27734
TSM,2026-09-01,10:01,414.6,415.26,414.5101,415.18,13063
TSM,2026-09-01,10:02,415.25,415.32,414.48,414.63,25557
TSM,2026-09-01,10:03,414.72,414.92,414.54,414.83,17022
TSM,2026-09-01,10:04,414.84,414.88,414.5,414.6,22165
TSM,2026-09-01,10:05,414.6,415.48,414.6,415.44,23351
TSM,2026-09-01,10:06,415.45,415.7,415.3056,415.55,19198
TSM,2026-09-01,10:07,415.55,415.9,415.46,415.585,21800
TSM,2026-09-01,10:08,415.68,415.7,414.96,414.99,12418
TSM,2026-09-01,10:09,415.06,415.45,415.04,415.22,26317
TSM,2026-09-01,10:10,415.21,415.44,415.05,415.1819,32594
TSM,2026-09-01,10:11,415.275,415.3699,414.92,414.99,30104
TSM,2026-09-01,10:12,415.055,415.06,414.5,414.65,32885
TSM,2026-09-01,10:13,414.735,414.89,414.451,414.64,17456
TSM,2026-09-01,10:14,414.66,414.9,414.5,414.7425,12410
TSM,2026-09-01,10:15,414.755,415.2,414.68,414.7701,10752
TSM,2026-09-01,10:16,414.77,415.22,414.77,415.03,9384
TSM,2026-09-01,10:17,415.06,415.065,414.74,414.78,8270
TSM,2026-09-01,10:18,414.865,415.04,414.69,414.69,11044
TSM,2026-09-01,10:19,414.7,414.99,414.43,414.575,16994
TSM,2026-09-01,10:20,414.65,415.265,414.6201,415.0001,11890
TSM,2026-09-01,10:21,415.28,415.35,414.98,415.04,9965
TSM,2026-09-01,10:22,415,415.0899,414.87,414.97,10456
TSM,2026-09-01,10:23,414.97,414.97,414.57,414.78,11585
TSM,2026-09-01,10:24,414.8,414.82,414.5218,414.58,12787
TSM,2026-09-01,10:25,414.64,414.87,414.53,414.655,14108
TSM,2026-09-01,10:26,414.66,415.1711,414.66,414.96,9859
TSM,2026-09-01,10:27,414.94,414.99,414.52,414.84,13081
TSM,2026-09-01,10:28,414.71,414.7999,414.5,414.555,11010
TSM,2026-09-01,10:29,414.61,414.7079,414.3,414.5,19401
TSM,2026-09-01,10:30,414.52,415,414.46,415,8827
TSM,2026-09-01,10:31,415.02,415.315,414.89,415.2225,12402
TSM,2026-09-01,10:32,415.19,415.39,415.16,415.215,16645
TSM,2026-09-01,10:33,415.18,415.42,415,415.195,18471
TSM,2026-09-01,10:34,415.19,415.28,414.84,414.885,13953
TSM,2026-09-01,10:35,414.93,415.32,414.84,415.26,10740
TSM,2026-09-01,10:36,415.26,415.2778,415.07,415.23,17529
TSM,2026-09-01,10:37,415.23,415.2999,414.92,415.14,11968
TSM,2026-09-01,10:38,415.12,415.21,414.9,414.94,10522
TSM,2026-09-01,10:39,414.95,415.19,414.65,415.115,11053
TSM,2026-09-01,10:40,415.18,415.1999,414.89,415.1,9096
TSM,2026-09-01,10:41,415.105,415.21,415.02,415.02,8903
TSM,2026-09-01,10:42,415.02,415.2,414.7501,415.17,17707
TSM,2026-09-01,10:43,415.15,415.37,415.08,415.25,14676
TSM,2026-09-01,10:44,415.28,415.4041,415.09,415.4041,8417
TSM,2026-09-01,10:45,415.46,415.49,415.33,415.37,7449
TSM,2026-09-01,10:46,415.37,415.7,415.355,415.59,22719
TSM,2026-09-01,10:47,415.595,415.91,415.48,415.825,17702
TSM,2026-09-01,10:48,415.825,416.419,415.82,416.33,18983
TSM,2026-09-01,10:49,416.35,416.55,416.17,416.18,27374
TSM,2026-09-01,10:50,416.16,416.27,415.935,416.12,32612
TSM,2026-09-01,10:51,416.175,416.28,415.8801,416.04,13272
TSM,2026-09-01,10:52,416.09,416.21,415.74,415.845,24083
TSM,2026-09-01,10:53,415.85,416.14,415.845,416.065,10612
TSM,2026-09-01,10:54,416.065,416.1,415.79,415.8,9360
TSM,2026-09-01,10:55,415.84,415.9,415.72,415.895,13856
TSM,2026-09-01,10:56,415.895,415.895,415.285,415.48,13609
TSM,2026-09-01,10:57,415.53,415.67,415.2493,415.44,8431
TSM,2026-09-01,10:58,415.4,415.77,415.3501,415.71,7716
TSM,2026-09-01,10:59,415.7,416.12,415.6001,416.12,10950
TSM,2026-09-01,11:00,416.15,416.58,416.09,416.58,16189
TSM,2026-09-01,11:01,416.58,416.64,416.3,416.33,17015
TSM,2026-09-01,11:02,416.32,416.58,416.21,416.34,13768
TSM,2026-09-01,11:03,416.415,416.415,416.1,416.1,10699
TSM,2026-09-01,11:04,416.1,416.37,415.96,416.32,10903
TSM,2026-09-01,11:05,416.32,416.4999,416.26,416.32,14018
TSM,2026-09-01,11:06,416.38,416.38,415.67,415.69,16596
TSM,2026-09-01,11:07,415.695,415.8,415.43,415.62,14323
TSM,2026-09-01,11:08,415.57,415.615,415.38,415.44,10964
TSM,2026-09-01,11:09,415.435,415.68,415.3401,415.425,18160
TSM,2026-09-01,11:10,415.41,415.6,415.21,415.265,13315
TSM,2026-09-01,11:11,415.2,415.52,415.185,415.46,12404
TSM,2026-09-01,11:12,415.31,415.42,415.1749,415.24,6879
TSM,2026-09-01,11:13,415.3095,415.41,415.14,415.14,11368
TSM,2026-09-01,11:14,415.18,415.5099,415.1,415.1,13392
TSM,2026-09-01,11:15,415.06,415.06,414.72,414.78,30126
TSM,2026-09-01,11:16,414.755,414.95,414.6,414.76,18838
TSM,2026-09-01,11:17,414.76,414.84,414.55,414.5975,8315
TSM,2026-09-01,11:18,414.615,414.84,414.5603,414.7,8057
TSM,2026-09-01,11:19,414.77,414.85,414.595,414.76,9089
TSM,2026-09-01,11:20,414.76,415.1076,414.76,414.99,12360
TSM,2026-09-01,11:21,414.95,415.15,414.85,415.15,14536
TSM,2026-09-01,11:22,415.16,415.59,415.095,415.59,8673
TSM,2026-09-01,11:23,415.56,416.075,415.51,416.05,11254
TSM,2026-09-01,11:24,416.09,416.745,416.065,416.505,16731
TSM,2026-09-01,11:25,416.4309,417.23,416.41,416.625,27600
TSM,2026-09-01,11:26,416.625,416.74,415.9303,416,19654
TSM,2026-09-01,11:27,416.085,416.32,416.08,416.23,8543
TSM,2026-09-01,11:28,416.225,416.3895,416.0925,416.3,9128
TSM,2026-09-01,11:29,416.37,416.555,416.22,416.38,7201
TSM,2026-09-01,11:30,416.39,416.655,416.39,416.655,14975
TSM,2026-09-01,11:31,416.58,416.6399,416.04,416.04,17919
TSM,2026-09-01,11:32,416.125,416.6999,416.09,416.13,13925
TSM,2026-09-01,11:33,416.175,416.1968,415.88,416.07,7516
TSM,2026-09-01,11:34,415.9893,416.2,415.86,416.03,9287
TSM,2026-09-01,11:35,416.095,416.16,415.93,416.025,6689
TSM,2026-09-01,11:36,416.025,416.38,416.02,416.38,5227
TSM,2026-09-01,11:37,416.341,416.745,416.31,416.69,6674
TSM,2026-09-01,11:38,416.68,417,416.68,416.79,14505
TSM,2026-09-01,11:39,416.81,417.04,416.7265,416.85,7285
TSM,2026-09-01,11:40,416.9,417.17,416.77,417.1358,16971
TSM,2026-09-01,11:41,417.125,417.25,416.94,417.12,14083
TSM,2026-09-01,11:42,417.03,417.03,416.6,416.74,8908
TSM,2026-09-01,11:43,416.75,416.84,416.58,416.76,22255
TSM,2026-09-01,11:44,416.7,416.71,416.45,416.585,26299
TSM,2026-09-01,11:45,416.585,416.93,416.585,416.79,7326
TSM,2026-09-01,11:46,416.74,417.005,416.59,417.005,22046
TSM,2026-09-01,11:47,417.005,417.11,416.69,416.99,11512
TSM,2026-09-01,11:48,416.92,417.16,416.81,416.91,19940
TSM,2026-09-01,11:49,416.86,417.08,416.7551,416.7551,5342
TSM,2026-09-01,11:50,416.7554,416.78,416.43,416.505,12634
TSM,2026-09-01,11:51,416.55,416.74,416.36,416.36,11711
TSM,2026-09-01,11:52,416.35,416.38,415.97,416.01,12834
TSM,2026-09-01,11:53,416.01,416.14,415.915,416.11,7337
TSM,2026-09-01,11:54,416.055,416.19,415.9506,416.19,43263
TSM,2026-09-01,11:55,416.19,416.22,415.5001,415.69,17436
TSM,2026-09-01,11:56,415.625,415.71,415.39,415.42,10313
TSM,2026-09-01,11:57,415.4,415.865,415.35,415.7899,13589
TSM,2026-09-01,11:58,415.73,415.74,415.44,415.69,13142
TSM,2026-09-01,11:59,415.69,415.72,415.55,415.665,10595
TSM,2026-09-01,12:00,415.665,415.6999,415.42,415.58,5630
TSM,2026-09-01,12:01,415.525,415.65,415.45,415.6,31762
TSM,2026-09-01,12:02,415.6,415.64,415.4,415.61,45737
TSM,2026-09-01,12:03,415.64,415.7387,415.48,415.595,10112
TSM,2026-09-01,12:04,415.525,415.6599,415.525,415.585,7372
TSM,2026-09-01,12:05,415.585,415.585,415.28,415.39,13253
TSM,2026-09-01,12:06,415.42,415.525,415.08,415.1674,11562
TSM,2026-09-01,12:07,415.14,415.27,414.69,414.93,37246
TSM,2026-09-01,12:08,414.935,415.06,414.86,415.03,6911
TSM,2026-09-01,12:09,415.0793,415.395,415.0086,415.275,54446
TSM,2026-09-01,12:10,415.3,415.3899,415.0201,415.2664,12561
TSM,2026-09-01,12:11,415.34,415.58,415.325,415.515,6909
TSM,2026-09-01,12:12,415.515,416.03,415.47,415.74,24511
TSM,2026-09-01,12:13,415.74,415.79,415.55,415.66,7018
TSM,2026-09-01,12:14,415.76,415.76,415.63,415.68,5627
TSM,2026-09-01,12:15,415.68,415.77,415.53,415.7144,6018
TSM,2026-09-01,12:16,415.6991,415.714,415.44,415.475,4509
TSM,2026-09-01,12:17,415.42,415.485,415.24,415.24,8706
TSM,2026-09-01,12:18,415.17,415.31,415.17,415.285,4726
TSM,2026-09-01,12:19,415.25,415.4264,415.24,415.27,9711
TSM,2026-09-01,12:20,415.27,415.27,414.5787,414.615,13868
TSM,2026-09-01,12:21,414.615,414.78,414.4501,414.46,16803
TSM,2026-09-01,12:22,414.51,414.67,414.45,414.595,8313
TSM,2026-09-01,12:23,414.62,414.895,414.53,414.7022,7667
TSM,2026-09-01,12:24,414.73,414.73,414.5,414.6,8076
TSM,2026-09-01,12:25,414.62,414.72,414.41,414.45,10497
TSM,2026-09-01,12:26,414.52,414.55,413.91,413.95,25657
TSM,2026-09-01,12:27,413.9675,414.22,413.81,414.13,27346
TSM,2026-09-01,12:28,414.09,414.3803,414.055,414.27,5848
TSM,2026-09-01,12:29,414.16,414.4299,414.155,414.4299,8350
TSM,2026-09-01,12:30,414.3804,414.6455,413.88,413.88,19801
TSM,2026-09-01,12:31,413.855,414,413.68,413.895,21413
TSM,2026-09-01,12:32,413.9,413.98,413.61,413.65,18114
TSM,2026-09-01,12:33,413.65,413.85,413.64,413.7301,28391
TSM,2026-09-01,12:34,413.73,413.7678,413.33,413.34,22911
TSM,2026-09-01,12:35,413.37,413.89,413.37,413.8,13859
TSM,2026-09-01,12:36,413.82,414.24,413.67,414.22,15765
TSM,2026-09-01,12:37,414.1,414.18,413.9301,414.025,8276
TSM,2026-09-01,12:38,414.07,414.23,414,414.06,16766
TSM,2026-09-01,12:39,414.12,414.43,414.12,414.43,8833
TSM,2026-09-01,12:40,414.46,414.57,414.2,414.37,7812
TSM,2026-09-01,12:41,414.49,414.65,414.49,414.65,4069
TSM,2026-09-01,12:42,414.63,414.7,414.06,414.16,6098
TSM,2026-09-01,12:43,414.15,414.42,414.15,414.32,8082
TSM,2026-09-01,12:44,414.3225,414.38,414.08,414.08,6479
TSM,2026-09-01,12:45,414.07,414.2818,413.98,414.19,14048
TSM,2026-09-01,12:46,414.175,414.33,414.11,414.295,6811
TSM,2026-09-01,12:47,414.3494,414.46,414.295,414.425,11335
TSM,2026-09-01,12:48,414.36,414.7,414.35,414.58,8764
TSM,2026-09-01,12:49,414.57,414.8544,414.53,414.84,6836
TSM,2026-09-01,12:50,414.815,415.165,414.7201,415.165,8238
TSM,2026-09-01,12:51,415.07,415.11,414.92,415.045,6865
TSM,2026-09-01,12:52,415.02,415.295,414.92,415.225,12377
TSM,2026-09-01,12:53,415.16,415.23,415.01,415.01,5797
TSM,2026-09-01,12:54,415.11,415.3,415.06,415.14,4849
TSM,2026-09-01,12:55,415.3,415.7899,415.2379,415.72,8204
TSM,2026-09-01,12:56,415.78,415.83,415.63,415.71,11127
TSM,2026-09-01,12:57,415.775,415.83,415.66,415.78,7451
TSM,2026-09-01,12:58,415.86,416,415.7,415.8,8563
TSM,2026-09-01,12:59,415.75,415.885,415.73,415.8125,11796
TSM,2026-09-01,13:00,415.8125,415.8125,415.5374,415.65,12292
TSM,2026-09-01,13:01,415.57,415.575,415.3018,415.34,16494
TSM,2026-09-01,13:02,415.335,415.43,415.07,415.13,8111
TSM,2026-09-01,13:03,415.15,415.22,415.03,415.03,4783
TSM,2026-09-01,13:04,415.03,415.18,415.03,415.165,6574
TSM,2026-09-01,13:05,415.165,415.4595,415.165,415.3269,7853
TSM,2026-09-01,13:06,415.27,415.445,415.24,415.4301,11762
TSM,2026-09-01,13:07,415.28,415.38,415.22,415.27,8020
TSM,2026-09-01,13:08,415.29,415.29,414.82,414.82,19024
TSM,2026-09-01,13:09,414.8,414.81,414.5526,414.65,8331
TSM,2026-09-01,13:10,414.53,414.65,414.39,414.455,6207
TSM,2026-09-01,13:11,414.455,414.56,414.39,414.505,7341
TSM,2026-09-01,13:12,414.56,414.68,414.49,414.64,4825
TSM,2026-09-01,13:13,414.68,414.84,414.47,414.52,7574
TSM,2026-09-01,13:14,414.4852,414.55,414.4,414.475,6734
TSM,2026-09-01,13:15,414.48,414.48,414.32,414.39,7318
TSM,2026-09-01,13:16,414.375,414.375,413.93,414.05,12306
TSM,2026-09-01,13:17,414,414.11,413.93,414.04,4416
TSM,2026-09-01,13:18,414.08,414.13,413.965,414.07,6910
TSM,2026-09-01,13:19,414.0784,414.13,413.78,413.85,11183
TSM,2026-09-01,13:20,413.83,414.2799,413.75,414.16,18171
TSM,2026-09-01,13:21,414.16,414.215,413.905,414.05,8885
TSM,2026-09-01,13:22,414.06,414.17,413.975,414.17,4745
TSM,2026-09-01,13:23,414.14,414.22,414.07,414.1,3609
TSM,2026-09-01,13:24,414.06,414.22,414.02,414.16,5683
TSM,2026-09-01,13:25,414.23,414.245,413.435,413.835,39975
TSM,2026-09-01,13:26,413.835,413.85,413.4,413.47,23441
TSM,2026-09-01,13:27,413.475,413.65,413.34,413.65,7684
TSM,2026-09-01,13:28,413.64,413.735,413.49,413.69,10266
TSM,2026-09-01,13:29,413.705,413.81,413.62,413.76,12120
TSM,2026-09-01,13:30,413.775,413.97,413.7375,413.91,10296
TSM,2026-09-01,13:31,413.91,414,413.82,413.97,8842
TSM,2026-09-01,13:32,414,414.02,413.7,413.71,6898
TSM,2026-09-01,13:33,413.71,413.8,413.6,413.7995,9046
TSM,2026-09-01,13:34,413.8,413.98,413.74,413.91,7951
TSM,2026-09-01,13:35,413.91,414.23,413.91,414.04,17650
TSM,2026-09-01,13:36,414.04,414.04,413.875,413.885,4956
TSM,2026-09-01,13:37,413.8998,413.9514,413.8,413.895,7863
TSM,2026-09-01,13:38,413.895,413.905,413.79,413.83,5215
TSM,2026-09-01,13:39,413.87,413.875,413.76,413.77,13807
TSM,2026-09-01,13:40,413.79,413.95,413.58,413.65,18492
TSM,2026-09-01,13:41,413.65,413.8,413.59,413.7156,9688
TSM,2026-09-01,13:42,413.65,413.71,413.57,413.665,4227
TSM,2026-09-01,13:43,413.67,413.71,413.5,413.52,8805
TSM,2026-09-01,13:44,413.53,413.54,413.39,413.48,8753
TSM,2026-09-01,13:45,413.44,413.57,413.43,413.47,4938
TSM,2026-09-01,13:46,413.43,413.5089,413.05,413.13,27714
TSM,2026-09-01,13:47,413.1,413.2528,413.1,413.2,9183
TSM,2026-09-01,13:48,413.23,413.2464,412.82,412.83,50111
TSM,2026-09-01,13:49,412.865,413,412.83,412.89,11850
TSM,2026-09-01,13:50,412.88,412.9995,412.82,412.98,9602
TSM,2026-09-01,13:51,412.96,413.36,412.96,413.35,15782
TSM,2026-09-01,13:52,413.3573,413.36,413.193,413.21,6962
TSM,2026-09-01,13:53,413.21,413.28,413.11,413.11,6466
TSM,2026-09-01,13:54,413.11,413.21,412.978,412.978,5345
TSM,2026-09-01,13:55,413.05,413.13,412.91,412.91,6649
TSM,2026-09-01,13:56,412.95,413.04,412.87,412.895,7945
TSM,2026-09-01,13:57,412.895,412.96,412.83,412.9,7339
TSM,2026-09-01,13:58,412.895,413.08,412.81,413.08,9379
TSM,2026-09-01,13:59,413.075,413.1899,413.06,413.11,5285
TSM,2026-09-01,14:00,413.1777,413.4,413.13,413.24,7607
TSM,2026-09-01,14:01,413.15,413.24,413.1,413.1525,2810
TSM,2026-09-01,14:02,413.155,413.28,413.12,413.275,14359
TSM,2026-09-01,14:03,413.275,413.275,413.02,413.02,4659
TSM,2026-09-01,14:04,413.055,413.055,412.8004,412.83,14051
TSM,2026-09-01,14:05,412.89,412.93,412.68,412.87,19929
TSM,2026-09-01,14:06,412.87,412.989,412.83,412.905,11090
TSM,2026-09-01,14:07,412.885,413.08,412.85,413.065,35740
TSM,2026-09-01,14:08,413.04,413.2,413.04,413.16,7927
TSM,2026-09-01,14:09,413.14,413.2,413.01,413.05,5609
TSM,2026-09-01,14:10,413.05,413.2,413,413.085,16219
TSM,2026-09-01,14:11,413.119,413.22,412.95,413.01,16445
TSM,2026-09-01,14:12,413.005,413.005,412.78,412.78,7074
TSM,2026-09-01,14:13,412.7,412.735,412.5,412.705,6503
TSM,2026-09-01,14:14,412.705,412.76,412.51,412.68,8463
TSM,2026-09-01,14:15,412.65,412.74,412.55,412.7,12999
TSM,2026-09-01,14:16,412.7,412.7099,412.53,412.665,14192
TSM,2026-09-01,14:17,412.66,413.085,412.66,413.085,5463
TSM,2026-09-01,14:18,413.085,413.1,412.98,413.025,4820
TSM,2026-09-01,14:19,413.12,413.165,413.02,413.125,4562
TSM,2026-09-01,14:20,413.13,413.245,413.02,413.245,6268
TSM,2026-09-01,14:21,413.245,413.36,413.13,413.31,15613
TSM,2026-09-01,14:22,413.35,413.375,413.23,413.32,7532
TSM,2026-09-01,14:23,413.325,413.345,413.14,413.284,10718
TSM,2026-09-01,14:24,413.3,413.36,413.22,413.33,3870
TSM,2026-09-01,14:25,413.28,413.41,412.99,413.32,7016
TSM,2026-09-01,14:26,413.3201,413.345,413.13,413.1675,3625
TSM,2026-09-01,14:27,413.13,413.15,412.95,412.95,7855
TSM,2026-09-01,14:28,412.945,413.08,412.81,413.0762,13465
TSM,2026-09-01,14:29,413.07,413.21,413.06,413.14,7075
TSM,2026-09-01,14:30,413.16,413.19,413.08,413.08,6355
TSM,2026-09-01,14:31,413.08,413.235,412.96,412.96,18043
TSM,2026-09-01,14:32,412.99,413.32,412.99,413.32,4487
TSM,2026-09-01,14:33,413.2375,413.34,413.12,413.13,10312
TSM,2026-09-01,14:34,413.12,413.19,412.98,413.03,7086
TSM,2026-09-01,14:35,413.03,413.06,412.92,413.01,8243
TSM,2026-09-01,14:36,413.045,413.13,413.01,413.08,7171
TSM,2026-09-01,14:37,413.05,413.0503,412.9,412.911,5623
TSM,2026-09-01,14:38,412.965,413.04,412.91,412.935,6630
TSM,2026-09-01,14:39,413.02,413.1,412.95,413,6470
TSM,2026-09-01,14:40,413,413.1595,413,413.1,6634
TSM,2026-09-01,14:41,413.0901,413.0901,412.52,412.52,13543
TSM,2026-09-01,14:42,412.5,412.59,412.36,412.46,31880
TSM,2026-09-01,14:43,412.42,412.55,412.36,412.415,14308
TSM,2026-09-01,14:44,412.415,412.48,412.3,412.3,6305
TSM,2026-09-01,14:45,412.3,412.33,412.09,412.1,12865
TSM,2026-09-01,14:46,412.085,412.27,412.065,412.19,11823
TSM,2026-09-01,14:47,412.21,412.47,412.175,412.47,4708
TSM,2026-09-01,14:48,412.44,412.44,412.12,412.22,5569
TSM,2026-09-01,14:49,412.27,412.655,412.26,412.54,7678
TSM,2026-09-01,14:50,412.56,412.67,412.3104,412.48,7684
TSM,2026-09-01,14:51,412.4,412.56,412.33,412.46,8147
TSM,2026-09-01,14:52,412.47,412.69,412.47,412.52,9095
TSM,2026-09-01,14:53,412.555,412.76,412.535,412.71,10513
TSM,2026-09-01,14:54,412.7599,412.76,412.62,412.663,7127
TSM,2026-09-01,14:55,412.66,412.8,412.6149,412.78,10310
TSM,2026-09-01,14:56,412.775,413.2,412.77,413.1697,5802
TSM,2026-09-01,14:57,413.125,413.165,412.955,412.97,6337
TSM,2026-09-01,14:58,413.02,413.26,412.95,412.95,44317
TSM,2026-09-01,14:59,413,413.0591,412.845,412.98,8591
TSM,2026-09-01,15:00,412.92,413.3799,412.86,413.2,20418
TSM,2026-09-01,15:01,413.24,413.289,412.99,413.115,6246
TSM,2026-09-01,15:02,413.105,413.29,412.99,413.2,21626
TSM,2026-09-01,15:03,413.23,413.605,413.16,413.605,28207
TSM,2026-09-01,15:04,413.5753,413.65,413.4575,413.5083,7101
TSM,2026-09-01,15:05,413.57,413.8095,413.41,413.8095,8571
TSM,2026-09-01,15:06,413.74,414.02,413.68,413.925,16130
TSM,2026-09-01,15:07,413.89,414.0795,413.67,413.7609,7967
TSM,2026-09-01,15:08,413.67,413.85,413.52,413.785,5657
TSM,2026-09-01,15:09,413.85,413.99,413.81,413.95,6455
TSM,2026-09-01,15:10,413.925,414.1,413.91,414.051,5313
TSM,2026-09-01,15:11,414.03,414.03,413.67,413.78,8709
TSM,2026-09-01,15:12,413.78,413.855,413.62,413.855,7647
TSM,2026-09-01,15:13,413.78,413.94,413.68,413.895,5401
TSM,2026-09-01,15:14,413.895,414.2308,413.84,414.2225,8152
TSM,2026-09-01,15:15,414.24,414.42,414.08,414.42,13737
TSM,2026-09-01,15:16,414.35,414.395,414,414.07,7294
TSM,2026-09-01,15:17,414.0751,414.23,414.0001,414.03,7585
TSM,2026-09-01,15:18,414.065,414.3,414.01,414.28,15435
TSM,2026-09-01,15:19,414.34,414.5,414.235,414.5,18574
TSM,2026-09-01,15:20,414.5499,414.5499,414.15,414.205,18498
TSM,2026-09-01,15:21,414.22,414.39,414.2175,414.37,5540
TSM,2026-09-01,15:22,414.4,414.63,414.3,414.52,9556
TSM,2026-09-01,15:23,414.56,414.72,414.48,414.63,14507
TSM,2026-09-01,15:24,414.68,414.82,414.66,414.82,12311
TSM,2026-09-01,15:25,414.785,415.06,414.625,414.74,24368
TSM,2026-09-01,15:26,414.77,414.89,414.73,414.82,8770
TSM,2026-09-01,15:27,414.82,414.9,414.62,414.6218,11208
TSM,2026-09-01,15:28,414.66,414.96,414.66,414.8996,7168
TSM,2026-09-01,15:29,414.96,415.24,414.94,415.1,25687
TSM,2026-09-01,15:30,415.09,415.23,414.875,415.17,39606
TSM,2026-09-01,15:31,415.12,415.26,414.58,414.635,30014
TSM,2026-09-01,15:32,414.63,414.78,414.53,414.71,10334
TSM,2026-09-01,15:33,414.675,414.86,414.59,414.71,21411
TSM,2026-09-01,15:34,414.74,414.81,414.64,414.74,12599
TSM,2026-09-01,15:35,414.77,414.9159,414.58,414.855,18919
TSM,2026-09-01,15:36,414.84,414.84,414.57,414.61,11927
TSM,2026-09-01,15:37,414.61,414.7,414.52,414.6009,11841
TSM,2026-09-01,15:38,414.67,414.785,414.52,414.785,13886
TSM,2026-09-01,15:39,414.765,414.825,414.42,414.42,15529
TSM,2026-09-01,15:40,414.48,414.7925,414.37,414.68,13767
TSM,2026-09-01,15:41,414.73,415.33,414.65,415.33,23021
TSM,2026-09-01,15:42,415.2301,415.48,415.1466,415.1466,23323
TSM,2026-09-01,15:43,415.24,415.4,415.02,415.325,28286
TSM,2026-09-01,15:44,415.325,415.38,415.16,415.335,49312
TSM,2026-09-01,15:45,415.34,415.49,414.82,414.85,34155
TSM,2026-09-01,15:46,414.8825,415.2,414.76,415.01,30775
TSM,2026-09-01,15:47,414.96,415.18,414.86,414.86,26509
TSM,2026-09-01,15:48,414.83,414.92,414.71,414.87,18609
TSM,2026-09-01,15:49,414.82,414.97,414.59,414.725,27681
TSM,2026-09-01,15:50,414.65,414.84,414.37,414.83,154365
TSM,2026-09-01,15:51,414.825,415.445,414.75,415.125,55446
TSM,2026-09-01,15:52,415.135,415.34,414.93,415.04,35075
TSM,2026-09-01,15:53,414.98,415.0599,414.82,414.87,32245
TSM,2026-09-01,15:54,414.98,415.195,414.85,415.04,46974
TSM,2026-09-01,15:55,415.1,415.54,415.03,415.03,71490
TSM,2026-09-01,15:56,415,415.005,414.68,414.895,45197
TSM,2026-09-01,15:57,414.9,414.905,414.5,414.5,59285
TSM,2026-09-01,15:58,414.5,414.795,414.33,414.795,94701
TSM,2026-09-01,15:59,414.78,414.85,413.98,414,185087
TSM,2026-09-02,09:30,413.2,414.3199,412.26,412.6,409002
TSM,2026-09-02,09:31,412.65,413.11,412.1007,412.85,21029
TSM,2026-09-02,09:32,412.85,414.98,412.85,414.835,33950
TSM,2026-09-02,09:33,414.85,415.16,414.37,414.65,35645
TSM,2026-09-02,09:34,414.74,415.38,414.71,415.13,34352
TSM,2026-09-02,09:35,415.075,415.675,414.8,415.225,48434
TSM,2026-09-02,09:36,415.35,415.6,414.88,415.3801,24897
TSM,2026-09-02,09:37,415.38,415.49,414.92,415.2,16808
TSM,2026-09-02,09:38,414.9905,415.27,414.87,415.09,16151
TSM,2026-09-02,09:39,415,415.1981,414.69,415.035,16973
TSM,2026-09-02,09:40,415.03,415.38,414.96,415.36,28011
TSM,2026-09-02,09:41,415.315,415.87,414.92,415.62,50341
TSM,2026-09-02,09:42,415.62,415.685,415.07,415.27,12812
TSM,2026-09-02,09:43,415.2125,415.225,414.45,414.5,18201
TSM,2026-09-02,09:44,414.38,414.61,414.01,414.01,12343
TSM,2026-09-02,09:45,414.065,414.12,413.01,413.26,32169
TSM,2026-09-02,09:46,413.38,413.38,412.595,412.82,22992
TSM,2026-09-02,09:47,412.8475,413.36,412.7724,413.1,16872
TSM,2026-09-02,09:48,413.1,413.39,413,413.17,14217
TSM,2026-09-02,09:49,413.24,413.27,412.63,412.885,13507
TSM,2026-09-02,09:50,412.885,413.5,412.53,412.59,19432
TSM,2026-09-02,09:51,412.64,412.64,412.1,412.1,27848
TSM,2026-09-02,09:52,412.1,412.495,412.1,412.17,20092
TSM,2026-09-02,09:53,412.165,412.46,411.89,411.98,31564
TSM,2026-09-02,09:54,411.9525,412,411.4,411.66,23508
TSM,2026-09-02,09:55,411.67,411.725,411.27,411.6913,28371
TSM,2026-09-02,09:56,411.655,412.12,411.45,412.075,19048
TSM,2026-09-02,09:57,412.03,412.235,411.91,412.07,17788
TSM,2026-09-02,09:58,412.05,412.31,411.88,411.92,23094
TSM,2026-09-02,09:59,411.9,412.36,411.76,412.335,18132
TSM,2026-09-02,10:00,412.3,412.8,412.1,412.8,47070
TSM,2026-09-02,10:01,412.785,413.0711,412.7,412.7,30840
TSM,2026-09-02,10:02,412.77,412.7766,412.35,412.7766,36716
TSM,2026-09-02,10:03,412.565,412.63,412.4001,412.4825,3365
TSM,2026-09-02,10:04,412.485,413.24,412.485,413.24,13284
TSM,2026-09-02,10:05,413.24,413.4,412.925,412.965,57941
TSM,2026-09-02,10:06,412.965,413.0999,412.87,412.995,88674
TSM,2026-09-02,10:07,413,413.37,412.8,413.18,15202
TSM,2026-09-02,10:08,413.21,413.22,412.56,412.66,25049
TSM,2026-09-02,10:09,412.78,413.1199,412.78,412.88,10678
TSM,2026-09-02,10:10,412.955,413.27,412.955,413.07,9494
TSM,2026-09-02,10:11,413.07,413.13,412.75,412.8775,11442
TSM,2026-09-02,10:12,412.995,412.995,412.45,412.759,11660
TSM,2026-09-02,10:13,412.76,412.9,412.545,412.695,9972
TSM,2026-09-02,10:14,412.81,413.26,412.81,413.1,6348
TSM,2026-09-02,10:15,413.195,413.33,413.12,413.32,12716
TSM,2026-09-02,10:16,413.32,414,413.2301,413.7,43108
TSM,2026-09-02,10:17,413.78,414.26,413.7,414.22,16343
TSM,2026-09-02,10:18,414.3,414.31,413.92,414.12,22530
TSM,2026-09-02,10:19,414.115,414.25,414.08,414.2,5568
TSM,2026-09-02,10:20,414.2,414.365,413.89,414.09,31004
TSM,2026-09-02,10:21,414.06,414.4099,413.88,414.28,9959
TSM,2026-09-02,10:22,414.235,414.365,414.07,414.205,16734
TSM,2026-09-02,10:23,414.21,414.41,414.11,414.215,10297
TSM,2026-09-02,10:24,414.12,414.3,414.1032,414.29,7226
TSM,2026-09-02,10:25,414.1129,414.36,413.76,413.93,22972
TSM,2026-09-02,10:26,414,414.1699,413.8001,414.085,11587
TSM,2026-09-02,10:27,414.17,414.17,413.75,413.785,9570
TSM,2026-09-02,10:28,413.82,414.43,413.78,414.42,12801
TSM,2026-09-02,10:29,414.43,415.18,414.39,415.18,15540
TSM,2026-09-02,10:30,415.11,415.27,414.75,414.855,8944
TSM,2026-09-02,10:31,414.86,415.5,414.79,415.47,13337
TSM,2026-09-02,10:32,415.47,415.54,415.1947,415.21,11847
TSM,2026-09-02,10:33,415.31,415.91,415.17,415.885,20269
TSM,2026-09-02,10:34,415.89,416.18,415.8294,415.955,20333
TSM,2026-09-02,10:35,415.955,416.085,415.46,415.51,41901
TSM,2026-09-02,10:36,415.51,415.57,415.29,415.57,11489
TSM,2026-09-02,10:37,415.565,415.79,414.59,414.675,35593
TSM,2026-09-02,10:38,414.8,414.99,414.41,414.44,12888
TSM,2026-09-02,10:39,414.525,414.6,414.3,414.515,8546
TSM,2026-09-02,10:40,414.62,414.6836,414.47,414.565,8686
TSM,2026-09-02,10:41,414.61,414.645,414.0523,414.21,8615
TSM,2026-09-02,10:42,414.165,414.8,414.1306,414.335,9977
TSM,2026-09-02,10:43,414.33,414.57,414.25,414.43,5764
TSM,2026-09-02,10:44,414.425,414.51,414.27,414.378,6044
TSM,2026-09-02,10:45,414.42,414.46,414.18,414.19,6800
TSM,2026-09-02,10:46,414.19,414.61,414.14,414.45,11834
TSM,2026-09-02,10:47,414.445,414.58,414.33,414.36,23472
TSM,2026-09-02,10:48,414.32,414.42,413.79,413.86,13309
TSM,2026-09-02,10:49,413.78,413.83,413.51,413.83,8860
TSM,2026-09-02,10:50,413.76,414.09,413.6801,413.81,8009
TSM,2026-09-02,10:51,413.865,414,413.7,413.89,7055
TSM,2026-09-02,10:52,413.875,414.14,413.7466,414.025,6974
TSM,2026-09-02,10:53,413.98,414.08,413.57,413.715,7732
TSM,2026-09-02,10:54,413.86,413.9,413.5301,413.75,7942
TSM,2026-09-02,10:55,413.9,413.98,413.67,413.7,2912
TSM,2026-09-02,10:56,413.655,413.75,413.48,413.505,4365
TSM,2026-09-02,10:57,413.475,413.56,413,413.17,26430
TSM,2026-09-02,10:58,413.1017,413.145,412.85,412.865,11812
TSM,2026-09-02,10:59,412.865,412.9,412.46,412.723,12266
TSM,2026-09-02,11:00,412.79,413.04,412.36,412.43,18813
TSM,2026-09-02,11:01,412.475,412.77,412.43,412.7225,6329
TSM,2026-09-02,11:02,412.65,412.77,412.5811,412.675,4550
TSM,2026-09-02,11:03,412.675,413.245,412.55,413.245,7320
TSM,2026-09-02,11:04,413.16,413.16,412.8,412.95,8343
TSM,2026-09-02,11:05,412.935,413.1101,412.8001,412.99,7541
TSM,2026-09-02,11:06,413.14,413.3,413.075,413.1101,5742
TSM,2026-09-02,11:07,413.21,413.54,413.21,413.24,16503
TSM,2026-09-02,11:08,413.245,413.6699,413.245,413.59,7622
TSM,2026-09-02,11:09,413.61,413.71,413.55,413.71,5004
TSM,2026-09-02,11:10,413.73,413.83,413.65,413.79,10013
TSM,2026-09-02,11:11,413.79,413.95,413.5601,413.95,8596
TSM,2026-09-02,11:12,413.97,414,413.64,413.64,10012
TSM,2026-09-02,11:13,413.61,413.9,413.61,413.765,3067
TSM,2026-09-02,11:14,413.765,413.94,413.76,413.94,4871
TSM,2026-09-02,11:15,413.83,414.0584,413.8089,413.93,6756
TSM,2026-09-02,11:16,413.92,414.04,413.89,414.0375,7317
TSM,2026-09-02,11:17,414.05,414.249,413.98,414.12,8755
TSM,2026-09-02,11:18,414.15,414.23,414.0492,414.165,11493
TSM,2026-09-02,11:19,414.165,414.36,414.14,414.19,5507
TSM,2026-09-02,11:20,414.245,414.49,414.1801,414.49,20474
TSM,2026-09-02,11:21,414.37,414.62,414.1,414.18,11069
TSM,2026-09-02,11:22,414.18,414.38,414.105,414.145,4587
TSM,2026-09-02,11:23,414.08,414.0924,413.73,413.73,9554
TSM,2026-09-02,11:24,413.75,413.96,413.75,413.96,5268
TSM,2026-09-02,11:25,413.92,414.35,413.92,414.33,5581
TSM,2026-09-02,11:26,414.33,414.37,414.2,414.275,12367
TSM,2026-09-02,11:27,414.275,414.3289,414.04,414.23,10751
TSM,2026-09-02,11:28,414.25,414.5,414.24,414.5,5806
TSM,2026-09-02,11:29,414.4,414.5,414.3,414.48,5844
TSM,2026-09-02,11:30,414.435,414.58,414.385,414.385,9471
TSM,2026-09-02,11:31,414.36,414.66,414.315,414.595,16168
TSM,2026-09-02,11:32,414.65,414.85,414.61,414.77,13171
TSM,2026-09-02,11:33,414.8499,414.95,414.77,414.8431,11247
TSM,2026-09-02,11:34,414.8,414.8,414.52,414.65,13874
TSM,2026-09-02,11:35,414.51,414.51,414.01,414.1,16754
TSM,2026-09-02,11:36,414.125,414.525,414.11,414.455,11876
TSM,2026-09-02,11:37,414.4,414.46,414.21,414.305,8520
TSM,2026-09-02,11:38,414.305,414.4,414.21,414.325,3408
TSM,2026-09-02,11:39,414.325,414.3588,414.06,414.12,8812
TSM,2026-09-02,11:40,414.23,414.43,414.125,414.28,5886
TSM,2026-09-02,11:41,414.4,414.41,414.16,414.325,2785
TSM,2026-09-02,11:42,414.325,414.335,414.09,414.335,7291
TSM,2026-09-02,11:43,414.23,414.38,414.2,414.375,3608
TSM,2026-09-02,11:44,414.38,414.65,414.35,414.46,5029
TSM,2026-09-02,11:45,414.46,414.46,413.6505,413.7,11600
TSM,2026-09-02,11:46,413.69,413.8286,413.39,413.54,8753
TSM,2026-09-02,11:47,413.43,413.54,413.06,413.27,16654
TSM,2026-09-02,11:48,413.33,413.33,413.14,413.265,7106
TSM,2026-09-02,11:49,413.265,413.33,412.69,412.755,14943
TSM,2026-09-02,11:50,412.71,412.81,412.3,412.45,28388
TSM,2026-09-02,11:51,412.45,412.69,412.31,412.56,9460
TSM,2026-09-02,11:52,412.6,412.81,412.47,412.765,13837
TSM,2026-09-02,11:53,412.765,412.8027,412.29,412.38,13589
TSM,2026-09-02,11:54,412.365,412.41,412.28,412.35,13123
TSM,2026-09-02,11:55,412.33,412.39,412.22,412.25,24561
TSM,2026-09-02,11:56,412.29,412.37,412.1328,412.2,13247
TSM,2026-09-02,11:57,412.23,412.4999,412.23,412.3201,19964
TSM,2026-09-02,11:58,412.4006,412.98,412.3841,412.905,13941
TSM,2026-09-02,11:59,412.96,413.199,412.86,413.1335,13658
TSM,2026-09-02,12:00,413.11,413.2985,413,413.185,9623
TSM,2026-09-02,12:01,413.24,413.26,412.94,413.02,11577
TSM,2026-09-02,12:02,412.96,413.09,412.67,412.865,8824
TSM,2026-09-02,12:03,412.855,412.95,412.78,412.8017,3813
TSM,2026-09-02,12:04,412.865,413.04,412.78,412.97,12590
TSM,2026-09-02,12:05,413.01,413.12,412.95,413.01,6639
TSM,2026-09-02,12:06,413.02,413.095,412.95,413.06,8548
TSM,2026-09-02,12:07,413.06,413.22,413.02,413.03,14581
TSM,2026-09-02,12:08,413.065,413.15,412.97,413.135,11636
TSM,2026-09-02,12:09,413.1,413.15,412.875,412.88,7506
TSM,2026-09-02,12:10,412.89,413.1,412.89,413.05,6254
TSM,2026-09-02,12:11,413.06,413.06,412.56,412.62,10351
TSM,2026-09-02,12:12,412.605,412.63,412.49,412.5326,9121
TSM,2026-09-02,12:13,412.525,412.62,412.5,412.6,14071
TSM,2026-09-02,12:14,412.6,412.76,412.55,412.61,20943
TSM,2026-09-02,12:15,412.625,412.645,412.407,412.45,17115
TSM,2026-09-02,12:16,412.445,412.71,412.36,412.42,13761
TSM,2026-09-02,12:17,412.34,412.48,412.29,412.33,12982
TSM,2026-09-02,12:18,412.38,412.79,412.31,412.62,26759
TSM,2026-09-02,12:19,412.655,412.82,412.5803,412.715,15841
TSM,2026-09-02,12:20,412.715,412.82,412.61,412.77,38707
TSM,2026-09-02,12:21,412.75,412.9399,412.67,412.87,18987
TSM,2026-09-02,12:22,412.82,412.93,412.66,412.73,17797
TSM,2026-09-02,12:23,412.73,412.86,412.67,412.86,16510
TSM,2026-09-02,12:24,412.855,413.1499,412.84,413,28325
TSM,2026-09-02,12:25,412.98,413.05,412.68,412.68,7931
TSM,2026-09-02,12:26,412.67,412.7799,412.52,412.52,14444
TSM,2026-09-02,12:27,412.5475,412.56,412.2,412.2,16332
TSM,2026-09-02,12:28,412.27,412.55,412.2,412.54,12834
TSM,2026-09-02,12:29,412.46,412.66,412.32,412.4575,32655
TSM,2026-09-02,12:30,412.465,412.54,412.45,412.46,11993
TSM,2026-09-02,12:31,412.415,412.77,412.41,412.69,10953
TSM,2026-09-02,12:32,412.72,412.875,412.72,412.795,8270
TSM,2026-09-02,12:33,412.795,412.9925,412.62,412.67,10258
TSM,2026-09-02,12:34,412.67,412.87,412.62,412.725,7521
TSM,2026-09-02,12:35,412.79,413.015,412.725,412.84,11917
TSM,2026-09-02,12:36,412.88,412.94,412.8,412.87,7990
TSM,2026-09-02,12:37,412.845,413.29,412.81,413.28,11339
TSM,2026-09-02,12:38,413.16,413.25,412.81,412.855,15958
TSM,2026-09-02,12:39,412.855,413.12,412.8,413.05,14036
TSM,2026-09-02,12:40,413,413.23,412.91,413.115,13880
TSM,2026-09-02,12:41,413.12,413.19,412.75,412.85,9607
TSM,2026-09-02,12:42,412.85,413,412.8,412.88,12530
TSM,2026-09-02,12:43,412.875,412.93,412.56,412.63,9074
TSM,2026-09-02,12:44,412.69,412.7599,412.675,412.685,2534
TSM,2026-09-02,12:45,412.695,412.82,412.61,412.76,9032
TSM,2026-09-02,12:46,412.78,412.98,412.78,412.95,5306
TSM,2026-09-02,12:47,412.9507,413.13,412.85,412.9297,7223
TSM,2026-09-02,12:48,412.922,413.035,412.81,413.0068,5065
TSM,2026-09-02,12:49,413.005,413.1499,412.9248,413.1499,6850
TSM,2026-09-02,12:50,413.07,413.1498,412.94,413,6078
TSM,2026-09-02,12:51,412.9552,413.16,412.95,413.14,9917
TSM,2026-09-02,12:52,413.18,413.1999,413.05,413.05,5885
TSM,2026-09-02,12:53,413.05,413.12,412.91,413.065,7631
TSM,2026-09-02,12:54,413.2,413.31,413.075,413.255,8133
TSM,2026-09-02,12:55,413.255,413.3,413.045,413.045,5260
TSM,2026-09-02,12:56,413.01,413.22,412.975,413.105,4624
TSM,2026-09-02,12:57,413.15,413.2,412.9,412.91,4256
TSM,2026-09-02,12:58,412.96,412.985,412.91,412.92,2364
TSM,2026-09-02,12:59,412.95,413.01,412.81,412.845,9404
TSM,2026-09-02,13:00,412.87,413.13,412.87,413.04,6293
TSM,2026-09-02,13:01,413.075,413.29,413.075,413.22,5683
TSM,2026-09-02,13:02,413.1301,413.33,413.1301,413.33,2710
TSM,2026-09-02,13:03,413.33,413.39,413.255,413.255,4754
TSM,2026-09-02,13:04,413.24,413.29,413.14,413.25,2026
TSM,2026-09-02,13:05,413.29,413.5999,413.275,413.51,5583
TSM,2026-09-02,13:06,413.545,413.545,413.2658,413.44,6010
TSM,2026-09-02,13:07,413.395,413.51,412.4,412.67,14009
TSM,2026-09-02,13:08,412.625,412.65,412.1,412.125,30047
TSM,2026-09-02,13:09,412.135,412.15,411.84,411.93,60217
TSM,2026-09-02,13:10,411.93,412.115,411.87,412.035,12934
TSM,2026-09-02,13:11,412.035,412.34,411.955,412.2,13866
TSM,2026-09-02,13:12,412.21,412.4,412.14,412.4,5254
TSM,2026-09-02,13:13,412.32,412.47,412.285,412.47,4175
TSM,2026-09-02,13:14,412.48,412.49,412.28,412.28,5149
TSM,2026-09-02,13:15,412.25,412.25,412.09,412.21,3716
TSM,2026-09-02,13:16,412.266,412.266,412.1201,412.1201,2412
TSM,2026-09-02,13:17,412.17,412.17,412,412,3694
TSM,2026-09-02,13:18,411.93,412.08,411.89,411.89,3795
TSM,2026-09-02,13:19,411.92,412.05,411.8605,412.04,7567
TSM,2026-09-02,13:20,412.02,412.19,411.9509,412.14,6332
TSM,2026-09-02,13:21,412.08,412.1699,411.975,412.1699,2661
TSM,2026-09-02,13:22,412.17,412.2646,412,412.04,5132
TSM,2026-09-02,13:23,412.015,412.19,412.015,412.19,3139
TSM,2026-09-02,13:24,412.19,412.34,412.16,412.205,6029
TSM,2026-09-02,13:25,412.16,412.28,412.105,412.28,4060
TSM,2026-09-02,13:26,412.275,412.56,412.22,412.495,11367
TSM,2026-09-02,13:27,412.445,412.445,412.37,412.43,2393
TSM,2026-09-02,13:28,412.39,412.6,412.39,412.4413,4025
TSM,2026-09-02,13:29,412.445,412.6,412.35,412.43,5157
TSM,2026-09-02,13:30,412.42,412.67,412.42,412.585,6694
TSM,2026-09-02,13:31,412.575,412.82,412.51,412.75,14442
TSM,2026-09-02,13:32,412.75,412.7822,412.57,412.655,12855
TSM,2026-09-02,13:33,412.66,412.82,412.66,412.7915,5430
TSM,2026-09-02,13:34,412.785,412.82,412.64,412.65,7329
TSM,2026-09-02,13:35,412.655,412.8,412.655,412.75,3628
TSM,2026-09-02,13:36,412.7207,412.84,412.7,412.8,5229
TSM,2026-09-02,13:37,412.82,412.92,412.76,412.92,5863
TSM,2026-09-02,13:38,412.925,412.93,412.84,412.875,1903
TSM,2026-09-02,13:39,412.88,412.94,412.7,412.72,6894
TSM,2026-09-02,13:40,412.715,412.84,412.71,412.815,5928
TSM,2026-09-02,13:41,412.83,412.83,412.56,412.63,5305
TSM,2026-09-02,13:42,412.63,412.99,412.55,412.55,8222
TSM,2026-09-02,13:43,412.55,412.84,412.52,412.675,6973
TSM,2026-09-02,13:44,412.71,412.9,412.71,412.9,3478
TSM,2026-09-02,13:45,412.89,413.27,412.86,412.99,8331
TSM,2026-09-02,13:46,412.945,413.1999,412.76,413.1999,11800
TSM,2026-09-02,13:47,413.08,413.08,412.8,412.8,4357
TSM,2026-09-02,13:48,412.8,412.84,412.69,412.755,5003
TSM,2026-09-02,13:49,412.8,412.85,412.73,412.74,4027
TSM,2026-09-02,13:50,412.73,412.82,412.59,412.69,5080
TSM,2026-09-02,13:51,412.7305,412.7305,412.54,412.56,3936
TSM,2026-09-02,13:52,412.63,412.785,412.52,412.525,9574
TSM,2026-09-02,13:53,412.6,412.64,412.52,412.64,4802
TSM,2026-09-02,13:54,412.5905,412.715,412.54,412.61,4167
TSM,2026-09-02,13:55,412.61,412.61,412.355,412.4997,6587
TSM,2026-09-02,13:56,412.53,412.59,412.395,412.475,4263
TSM,2026-09-02,13:57,412.42,412.6599,412.42,412.6599,8175
TSM,2026-09-02,13:58,412.65,412.68,412.47,412.51,5090
TSM,2026-09-02,13:59,412.5,412.7,412.5,412.62,3243
TSM,2026-09-02,14:00,412.64,412.66,412.34,412.39,5457
TSM,2026-09-02,14:01,412.38,412.38,412.28,412.35,2751
TSM,2026-09-02,14:02,412.42,412.7,412.42,412.535,3869
TSM,2026-09-02,14:03,412.53,412.79,412.53,412.79,1932
TSM,2026-09-02,14:04,412.71,412.74,412.62,412.72,3507
TSM,2026-09-02,14:05,412.7,413.015,412.695,413.015,5040
TSM,2026-09-02,14:06,413,413.1,412.9301,413.095,2417
TSM,2026-09-02,14:07,413.04,413.05,412.674,412.674,6318
TSM,2026-09-02,14:08,412.74,412.74,412.57,412.645,1791
TSM,2026-09-02,14:09,412.7,412.845,412.655,412.81,8744
TSM,2026-09-02,14:10,412.75,412.89,412.7061,412.805,9898
TSM,2026-09-02,14:11,412.805,412.805,412.53,412.56,6249
TSM,2026-09-02,14:12,412.57,412.575,412.5,412.56,5124
TSM,2026-09-02,14:13,412.55,412.86,412.54,412.79,4219
TSM,2026-09-02,14:14,412.74,412.79,412.72,412.765,3018
TSM,2026-09-02,14:15,412.745,412.8575,412.7,412.715,3084
TSM,2026-09-02,14:16,412.76,412.9,412.74,412.78,4979
TSM,2026-09-02,14:17,412.78,412.7846,412.67,412.6993,10826
TSM,2026-09-02,14:18,412.73,413.59,412.585,413.295,20716
TSM,2026-09-02,14:19,413.29,413.29,413.0702,413.23,4839
TSM,2026-09-02,14:20,413.23,413.38,413.23,413.33,5972
TSM,2026-09-02,14:21,413.33,413.415,413.24,413.315,6547
TSM,2026-09-02,14:22,413.35,413.4,413.16,413.4,5794
TSM,2026-09-02,14:23,413.39,413.395,413.33,413.36,4815
TSM,2026-09-02,14:24,413.44,413.5,413.38,413.5,3538
TSM,2026-09-02,14:25,413.55,413.66,413.44,413.65,5925
TSM,2026-09-02,14:26,413.65,413.7,413.48,413.56,6597
TSM,2026-09-02,14:27,413.505,413.62,413.5,413.56,5266
TSM,2026-09-02,14:28,413.62,413.75,413.57,413.572,6021
TSM,2026-09-02,14:29,413.6,413.67,413.48,413.61,12261
TSM,2026-09-02,14:30,413.62,413.78,413.5638,413.78,8752
TSM,2026-09-02,14:31,413.78,413.82,413.64,413.785,12240
TSM,2026-09-02,14:32,413.82,413.82,413.665,413.735,10344
TSM,2026-09-02,14:33,413.735,413.87,413.66,413.87,6492
TSM,2026-09-02,14:34,413.78,413.88,413.57,413.59,14333
TSM,2026-09-02,14:35,413.5915,413.71,413.54,413.56,4941
TSM,2026-09-02,14:36,413.56,413.62,413.49,413.512,3221
TSM,2026-09-02,14:37,413.56,413.6,413.365,413.475,7615
TSM,2026-09-02,14:38,413.475,413.55,413.4612,413.505,3808
TSM,2026-09-02,14:39,413.55,413.65,413.49,413.54,6935
TSM,2026-09-02,14:40,413.54,413.57,413.4258,413.46,4777
TSM,2026-09-02,14:41,413.44,413.6,413.41,413.52,4850
TSM,2026-09-02,14:42,413.4301,413.6,413.4301,413.48,7648
TSM,2026-09-02,14:43,413.53,413.68,413.46,413.68,2151
TSM,2026-09-02,14:44,413.68,413.68,413.5674,413.66,3717
TSM,2026-09-02,14:45,413.66,413.76,413.6,413.6331,5745
TSM,2026-09-02,14:46,413.66,413.66,413.52,413.53,7162
TSM,2026-09-02,14:47,413.605,413.74,413.6,413.69,3273
TSM,2026-09-02,14:48,413.7599,414.19,413.755,414.19,14945
TSM,2026-09-02,14:49,414.14,414.16,414.065,414.1,4178
TSM,2026-09-02,14:50,414.1,414.17,414.04,414.1,3480
TSM,2026-09-02,14:51,414.1,414.17,414.02,414.02,6660
TSM,2026-09-02,14:52,413.98,414.0882,413.93,413.97,3975
TSM,2026-09-02,14:53,414,414.14,414,414.07,6593
TSM,2026-09-02,14:54,414.06,414.1,413.945,414.02,7180
TSM,2026-09-02,14:55,414.08,414.2894,414.07,414.18,16529
TSM,2026-09-02,14:56,414.13,414.27,414.11,414.1524,16549
TSM,2026-09-02,14:57,414.145,414.29,414.14,414.18,7181
TSM,2026-09-02,14:58,414.17,414.24,414.09,414.21,4265
TSM,2026-09-02,14:59,414.29,414.42,414.2551,414.355,4557
TSM,2026-09-02,15:00,414.4,414.42,414.17,414.17,13464
TSM,2026-09-02,15:01,414.21,414.33,414.14,414.14,2918
TSM,2026-09-02,15:02,414.22,414.4,414.1064,414.31,4355
TSM,2026-09-02,15:03,414.31,414.49,414.31,414.35,7078
TSM,2026-09-02,15:04,414.31,414.3204,414.29,414.3204,1232
TSM,2026-09-02,15:05,414.33,414.62,414.3297,414.56,5266
TSM,2026-09-02,15:06,414.61,414.75,414.57,414.67,6700
TSM,2026-09-02,15:07,414.67,414.72,414.52,414.52,8498
TSM,2026-09-02,15:08,414.58,414.6,414.47,414.59,8229
TSM,2026-09-02,15:09,414.6038,414.6038,414.405,414.54,6872
TSM,2026-09-02,15:10,414.54,414.6738,414.54,414.615,3684
TSM,2026-09-02,15:11,414.615,414.6899,414.58,414.61,6128
TSM,2026-09-02,15:12,414.65,414.91,414.5801,414.8201,7411
TSM,2026-09-02,15:13,414.88,414.91,414.75,414.84,7913
TSM,2026-09-02,15:14,414.82,414.9,414.79,414.865,7649
TSM,2026-09-02,15:15,414.88,414.95,414.6068,414.64,6900
TSM,2026-09-02,15:16,414.658,414.75,414.5163,414.5163,5116
TSM,2026-09-02,15:17,414.5101,414.87,414.5101,414.87,6466
TSM,2026-09-02,15:18,414.87,415.03,414.76,415.02,17369
TSM,2026-09-02,15:19,414.95,415.08,414.88,415.0399,4321
TSM,2026-09-02,15:20,414.975,414.975,414.61,414.66,6660
TSM,2026-09-02,15:21,414.79,414.865,414.66,414.72,5395
TSM,2026-09-02,15:22,414.705,414.97,414.66,414.97,5747
TSM,2026-09-02,15:23,414.86,415,414.83,414.87,8106
TSM,2026-09-02,15:24,414.86,415.02,414.81,414.8799,19818
TSM,2026-09-02,15:25,414.845,415.04,414.81,414.99,4943
TSM,2026-09-02,15:26,414.93,415.07,414.87,414.93,12595
TSM,2026-09-02,15:27,414.9161,415,414.72,414.77,16342
TSM,2026-09-02,15:28,414.775,415,414.7604,414.885,14122
TSM,2026-09-02,15:29,414.84,414.88,414.5,414.6999,10679
TSM,2026-09-02,15:30,414.65,414.74,414.48,414.525,13970
TSM,2026-09-02,15:31,414.48,414.805,414.48,414.75,20956
TSM,2026-09-02,15:32,414.84,414.84,414.48,414.48,22396
TSM,2026-09-02,15:33,414.53,414.66,414.42,414.51,15295
TSM,2026-09-02,15:34,414.47,414.56,414.34,414.43,13144
TSM,2026-09-02,15:35,414.4,414.4168,414.09,414.09,15012
TSM,2026-09-02,15:36,414.1,414.14,413.975,414.04,9412
TSM,2026-09-02,15:37,414.01,414.08,413.94,414.01,11986
TSM,2026-09-02,15:38,414.025,414.05,413.94,413.995,12417
TSM,2026-09-02,15:39,414.02,414.05,413.73,413.79,13387
TSM,2026-09-02,15:40,413.76,413.76,413.65,413.71,12461
TSM,2026-09-02,15:41,413.65,413.7721,413.65,413.7721,11683
TSM,2026-09-02,15:42,413.755,413.79,413.64,413.67,14779
TSM,2026-09-02,15:43,413.67,414.2449,413.67,414.12,15436
TSM,2026-09-02,15:44,414.04,414.6699,413.99,414.6699,34227
TSM,2026-09-02,15:45,414.6,415,414.58,414.94,51163
TSM,2026-09-02,15:46,414.93,414.93,414.61,414.71,22836
TSM,2026-09-02,15:47,414.7,414.81,414.6,414.66,27680
TSM,2026-09-02,15:48,414.7,414.84,414.7,414.765,30690
TSM,2026-09-02,15:49,414.765,414.87,414.66,414.81,39929
TSM,2026-09-02,15:50,414.73,414.88,414.31,414.52,26659
TSM,2026-09-02,15:51,414.57,414.6299,414.425,414.6299,16872
TSM,2026-09-02,15:52,414.605,415.13,414.55,414.99,45668
TSM,2026-09-02,15:53,414.975,415.42,414.891,415.35,33611
TSM,2026-09-02,15:54,415.37,415.65,415.35,415.61,40757
TSM,2026-09-02,15:55,415.53,415.65,415.22,415.62,56380
TSM,2026-09-02,15:56,415.63,415.82,415.46,415.82,57575
TSM,2026-09-02,15:57,415.79,415.92,415.71,415.895,81201
TSM,2026-09-02,15:58,415.88,415.94,415.74,415.9,110826
TSM,2026-09-02,15:59,415.93,416.5,415.44,415.54,257948
TSM,2026-09-03,09:30,413.29,413.29,412.2,412.83,186760
TSM,2026-09-03,09:31,412.76,412.94,410.25,410.5,221382
TSM,2026-09-03,09:32,410.62,410.74,408.66,408.71,145675
TSM,2026-09-03,09:33,408.71,409.05,408.29,408.39,62162
TSM,2026-09-03,09:34,408.47,409.8401,408.47,409.44,48060
TSM,2026-09-03,09:35,409.435,409.58,408.8,408.935,71198
TSM,2026-09-03,09:36,408.9575,409.3494,407.815,408.6673,105134
TSM,2026-09-03,09:37,408.635,409.65,408.51,409.125,45433
TSM,2026-09-03,09:38,409.125,409.97,408.825,409.97,36718
TSM,2026-09-03,09:39,409.85,410.3,409.645,410.1475,29224
TSM,2026-09-03,09:40,410.205,411,409.89,410.98,40834
TSM,2026-09-03,09:41,410.9,411.15,410.635,410.97,24366
TSM,2026-09-03,09:42,410.97,411.04,410.5993,410.61,30891
TSM,2026-09-03,09:43,410.65,410.74,409.95,410.33,46702
TSM,2026-09-03,09:44,410.46,410.79,410.165,410.79,39062
TSM,2026-09-03,09:45,410.72,410.91,410.2517,410.355,34152
TSM,2026-09-03,09:46,410.45,410.88,410.27,410.7075,29892
TSM,2026-09-03,09:47,410.72,411.32,410.7,410.99,28012
TSM,2026-09-03,09:48,410.93,411.14,410.7664,410.84,20932
TSM,2026-09-03,09:49,410.73,411.04,410.3301,410.74,29186
TSM,2026-09-03,09:50,410.73,411.06,410.61,410.645,16982
TSM,2026-09-03,09:51,410.64,410.72,410.02,410.4,25227
TSM,2026-09-03,09:52,410.5399,410.57,410.11,410.215,12484
TSM,2026-09-03,09:53,410.27,410.27,409.9,410.035,33956
TSM,2026-09-03,09:54,410.1,410.3457,409.94,410.315,35448
TSM,2026-09-03,09:55,410.315,410.5,409.84,409.905,23355
TSM,2026-09-03,09:56,409.905,409.905,409.41,409.53,32817
TSM,2026-09-03,09:57,409.4101,409.8,409.36,409.53,20623
TSM,2026-09-03,09:58,409.425,409.7999,409.425,409.67,19830
TSM,2026-09-03,09:59,409.77,409.86,409.6,409.6,18000
TSM,2026-09-03,10:00,409.57,409.61,408.91,408.96,60773
TSM,2026-09-03,10:01,408.9,409.22,408.65,408.65,36643
TSM,2026-09-03,10:02,408.63,409.17,408.6,409.1598,25896
TSM,2026-09-03,10:03,409.2,409.31,408.89,409.28,23191
TSM,2026-09-03,10:04,409.125,409.48,409.1,409.41,16111
TSM,2026-09-03,10:05,409.405,409.635,409.17,409.6,16166
TSM,2026-09-03,10:06,409.63,409.63,409.1945,409.43,42710
TSM,2026-09-03,10:07,409.38,409.61,408.655,408.655,33932
TSM,2026-09-03,10:08,408.655,408.72,408.3,408.72,42861
TSM,2026-09-03,10:09,408.8,408.96,408.5101,408.67,23065
TSM,2026-09-03,10:10,408.65,409.02,408.545,408.9,16285
TSM,2026-09-03,10:11,408.89,409.32,408.69,409.32,18306
TSM,2026-09-03,10:12,409.24,409.32,408.89,409.09,14160
TSM,2026-09-03,10:13,409.14,409.489,409,409.4,11628
TSM,2026-09-03,10:14,409.34,409.47,409.1201,409.35,16824
TSM,2026-09-03,10:15,409.295,409.86,409.23,409.62,19218
TSM,2026-09-03,10:16,409.73,409.76,409.32,409.655,41168
TSM,2026-09-03,10:17,409.66,410.3399,409.66,410.3399,19271
TSM,2026-09-03,10:18,410.275,410.3214,410.13,410.185,10313
TSM,2026-09-03,10:19,410.19,410.8981,410.19,410.74,20502
TSM,2026-09-03,10:20,410.705,410.86,410.38,410.5,15807
TSM,2026-09-03,10:21,410.57,410.64,410.05,410.16,25257
TSM,2026-09-03,10:22,410.27,410.27,409.9,410.17,17715
TSM,2026-09-03,10:23,410.2,410.46,410,410.14,13441
TSM,2026-09-03,10:24,410.14,410.1704,409.9,409.945,13838
TSM,2026-09-03,10:25,409.965,410.04,409.51,409.9095,19794
TSM,2026-09-03,10:26,409.845,410.0499,409.68,409.805,20709
TSM,2026-09-03,10:27,409.805,410.16,409.7,410.03,13653
TSM,2026-09-03,10:28,410.15,410.159,409.88,410.02,19987
TSM,2026-09-03,10:29,410.02,410.22,409.97,410.125,16636
TSM,2026-09-03,10:30,410.1899,410.22,409.9,410.12,13470
TSM,2026-09-03,10:31,410.07,410.07,409.09,409.13,31156
TSM,2026-09-03,10:32,409.08,409.32,408.76,408.93,34802
TSM,2026-09-03,10:33,408.8982,409.3,408.81,409.14,21422
TSM,2026-09-03,10:34,409.12,409.28,408.75,408.8,23255
TSM,2026-09-03,10:35,408.84,409.1607,408.82,409.095,13615
TSM,2026-09-03,10:36,409.095,409.18,408.93,409,10790
TSM,2026-09-03,10:37,409.035,409.2,408.75,408.96,23076
TSM,2026-09-03,10:38,408.985,409.075,408.785,408.94,17415
TSM,2026-09-03,10:39,408.94,408.94,408.6,408.77,35700
TSM,2026-09-03,10:40,408.8,409.239,408.72,408.955,18751
TSM,2026-09-03,10:41,409,409.74,408.96,409.455,33025
TSM,2026-09-03,10:42,409.44,409.675,409.36,409.45,18896
TSM,2026-09-03,10:43,409.46,409.58,409.245,409.57,21866
TSM,2026-09-03,10:44,409.57,409.58,409.2411,409.355,31237
TSM,2026-09-03,10:45,409.34,409.5,409.25,409.49,19945
TSM,2026-09-03,10:46,409.49,409.58,409.25,409.3299,8344
TSM,2026-09-03,10:47,409.29,409.59,409.2,409.45,9250
TSM,2026-09-03,10:48,409.45,409.49,409.2096,409.49,8671
TSM,2026-09-03,10:49,409.5,409.5,409.1801,409.37,9804
TSM,2026-09-03,10:50,409.3,409.365,409.12,409.365,10634
TSM,2026-09-03,10:51,409.34,409.4963,409.21,409.415,15754
TSM,2026-09-03,10:52,409.37,409.41,409.17,409.295,11187
TSM,2026-09-03,10:53,409.345,409.6,409.3,409.42,13133
TSM,2026-09-03,10:54,409.46,409.5,409.195,409.21,23163
TSM,2026-09-03,10:55,409.09,409.1997,408.65,408.69,37741
TSM,2026-09-03,10:56,408.69,408.89,408.04,408.07,58856
TSM,2026-09-03,10:57,408.11,408.58,408.11,408.555,21015
TSM,2026-09-03,10:58,408.56,409.1,408.555,409.0106,11436
TSM,2026-09-03,10:59,409.05,409.49,409.04,409.425,24435
TSM,2026-09-03,11:00,409.5,410.205,409.47,409.815,58010
TSM,2026-09-03,11:01,409.835,409.97,409.46,409.675,23069
TSM,2026-09-03,11:02,409.67,410.1,409.61,410.055,14627
TSM,2026-09-03,11:03,410.1,410.45,410.0569,410.105,18873
TSM,2026-09-03,11:04,410.105,410.7,409.93,410.65,23458
TSM,2026-09-03,11:05,410.65,410.65,410.195,410.38,16448
TSM,2026-09-03,11:06,410.34,410.45,409.8,409.805,10224
TSM,2026-09-03,11:07,409.825,410.21,409.75,410.15,62822
TSM,2026-09-03,11:08,410.19,410.4,410.06,410.105,17656
TSM,2026-09-03,11:09,410.13,410.17,409.745,409.77,16826
TSM,2026-09-03,11:10,409.77,410.06,409.71,409.96,13674
TSM,2026-09-03,11:11,409.99,410.15,409.82,409.955,15570
TSM,2026-09-03,11:12,409.955,410.09,409.465,409.555,24993
TSM,2026-09-03,11:13,409.52,409.75,409.52,409.645,12267
TSM,2026-09-03,11:14,409.69,409.715,409.42,409.6,23574
TSM,2026-09-03,11:15,409.62,409.84,409.5855,409.82,11535
TSM,2026-09-03,11:16,409.82,409.95,409.5701,409.89,12897
TSM,2026-09-03,11:17,409.8828,410.1573,409.86,410.13,11088
TSM,2026-09-03,11:18,410.12,410.15,409.95,410.02,10143
TSM,2026-09-03,11:19,410.02,410.265,409.94,410.26,19558
TSM,2026-09-03,11:20,410.3,410.3,410.02,410.175,12830
TSM,2026-09-03,11:21,410.2,410.5521,410.2,410.51,12829
TSM,2026-09-03,11:22,410.5595,410.955,410.51,410.83,25107
TSM,2026-09-03,11:23,410.8834,410.8834,410.71,410.785,11793
TSM,2026-09-03,11:24,410.79,411.135,410.765,410.895,27486
TSM,2026-09-03,11:25,410.8975,411.31,410.895,411.265,15185
TSM,2026-09-03,11:26,411.3299,411.98,411.3,411.95,32449
TSM,2026-09-03,11:27,411.92,412.33,411.88,412.15,25634
TSM,2026-09-03,11:28,412.08,412.15,411.77,411.955,18955
TSM,2026-09-03,11:29,411.965,412.14,411.86,412.08,21518
TSM,2026-09-03,11:30,412.08,412.28,411.78,411.835,18842
TSM,2026-09-03,11:31,411.8475,411.92,411.56,411.77,22480
TSM,2026-09-03,11:32,411.84,411.84,411.55,411.6,6712
TSM,2026-09-03,11:33,411.58,411.64,411.25,411.59,20154
TSM,2026-09-03,11:34,411.62,411.68,411.3,411.61,15956
TSM,2026-09-03,11:35,411.56,411.7199,411.4661,411.625,11565
TSM,2026-09-03,11:36,411.625,411.65,411.345,411.48,13657
TSM,2026-09-03,11:37,411.485,411.56,410.4,411.09,59677
TSM,2026-09-03,11:38,411.05,411.2,410.87,411.1,17743
TSM,2026-09-03,11:39,410.94,411.31,410.94,411.24,16103
TSM,2026-09-03,11:40,411.19,411.365,410.92,410.93,15892
TSM,2026-09-03,11:41,410.955,411.1,410.83,411.025,10142
TSM,2026-09-03,11:42,411.0251,411.29,411.02,411.2,11520
TSM,2026-09-03,11:43,411.25,411.42,411.2,411.35,6773
TSM,2026-09-03,11:44,411.3744,411.4,411.12,411.17,4863
TSM,2026-09-03,11:45,411.175,411.54,411.175,411.38,8723
TSM,2026-09-03,11:46,411.3142,411.56,411.3142,411.449,9842
TSM,2026-09-03,11:47,411.45,411.485,411.1492,411.19,13611
TSM,2026-09-03,11:48,411.18,411.43,411.09,411.42,5641
TSM,2026-09-03,11:49,411.4,411.43,411.3001,411.37,4082
TSM,2026-09-03,11:50,411.365,411.42,411.18,411.2408,7049
TSM,2026-09-03,11:51,411.28,411.3901,411.13,411.39,8971
TSM,2026-09-03,11:52,411.45,411.705,411.45,411.68,9866
TSM,2026-09-03,11:53,411.69,411.8173,411.59,411.59,7282
TSM,2026-09-03,11:54,411.5,411.645,411.3,411.645,9078
TSM,2026-09-03,11:55,411.65,411.84,411.575,411.8,6039
TSM,2026-09-03,11:56,411.8,411.94,411.695,411.83,11283
TSM,2026-09-03,11:57,411.83,411.83,411.51,411.585,9780
TSM,2026-09-03,11:58,411.585,411.67,411.5001,411.595,6522
TSM,2026-09-03,11:59,411.6,411.74,411.52,411.63,25923
TSM,2026-09-03,12:00,411.625,411.625,411.48,411.525,7038
TSM,2026-09-03,12:01,411.48,411.564,411.44,411.445,11453
TSM,2026-09-03,12:02,411.51,411.96,411.46,411.905,14906
TSM,2026-09-03,12:03,411.86,412.12,411.8,412.06,24526
TSM,2026-09-03,12:04,412,412,411.785,411.79,3919
TSM,2026-09-03,12:05,411.79,411.98,411.6601,411.9,8354
TSM,2026-09-03,12:06,411.9,412,411.775,411.9,14500
TSM,2026-09-03,12:07,411.97,412.05,411.87,411.91,25638
TSM,2026-09-03,12:08,411.9425,412.19,411.88,412.12,4631
TSM,2026-09-03,12:09,412.0964,412.395,412.0504,412.275,7083
TSM,2026-09-03,12:10,412.28,412.64,412.28,412.6395,12375
TSM,2026-09-03,12:11,412.6059,412.655,412.33,412.49,16926
TSM,2026-09-03,12:12,412.5795,412.68,412.37,412.6,5197
TSM,2026-09-03,12:13,412.6,412.76,412.3983,412.455,10021
TSM,2026-09-03,12:14,412.455,412.75,412.455,412.6855,8973
TSM,2026-09-03,12:15,412.68,412.89,412.68,412.8,20569
TSM,2026-09-03,12:16,412.78,413.2,412.78,413.01,22508
TSM,2026-09-03,12:17,413.02,413.2466,412.56,413.2466,23121
TSM,2026-09-03,12:18,413.18,413.26,413.1,413.1,10824
TSM,2026-09-03,12:19,413.18,413.53,413.15,413.48,12051
TSM,2026-09-03,12:20,413.5437,413.5437,413.28,413.4199,6812
TSM,2026-09-03,12:21,413.36,413.362,413.08,413.17,8984
TSM,2026-09-03,12:22,413.115,413.17,412.94,413.0015,10512
TSM,2026-09-03,12:23,413.02,413.0253,412.8001,412.97,6547
TSM,2026-09-03,12:24,412.97,412.97,412.8027,412.85,1750
TSM,2026-09-03,12:25,412.85,412.91,412.7601,412.885,5861
TSM,2026-09-03,12:26,412.8982,413.145,412.8982,413.02,9269
TSM,2026-09-03,12:27,413.01,413.025,412.87,412.96,4089
TSM,2026-09-03,12:28,413.04,413.06,412.9016,413.01,7864
TSM,2026-09-03,12:29,413,413.025,412.895,412.92,4174
TSM,2026-09-03,12:30,412.92,413.1099,412.84,412.9683,5191
TSM,2026-09-03,12:31,412.985,413.18,412.9,412.98,17591
TSM,2026-09-03,12:32,412.975,413.06,412.881,412.89,8268
TSM,2026-09-03,12:33,412.9,413.07,412.9,413.07,6924
TSM,2026-09-03,12:34,412.995,413.07,412.93,412.96,7534
TSM,2026-09-03,12:35,412.945,412.99,412.715,412.79,9401
TSM,2026-09-03,12:36,412.79,412.95,412.7503,412.87,4848
TSM,2026-09-03,12:37,412.83,412.95,412.76,412.86,8202
TSM,2026-09-03,12:38,412.865,413.11,412.865,413.005,4468
TSM,2026-09-03,12:39,413.005,413.49,413.005,413.46,8929
TSM,2026-09-03,12:40,413.46,413.895,413.46,413.745,26849
TSM,2026-09-03,12:41,413.745,413.94,413.745,413.925,6799
TSM,2026-09-03,12:42,413.94,414.01,413.795,413.85,20119
TSM,2026-09-03,12:43,413.86,413.875,413.8,413.845,6427
TSM,2026-09-03,12:44,413.9,413.96,413.8,413.8,15139
TSM,2026-09-03,12:45,413.9,414.19,413.9,414.19,19696
TSM,2026-09-03,12:46,414.2,414.24,414.075,414.2001,14986
TSM,2026-09-03,12:47,414.21,414.3,414.02,414.06,12962
TSM,2026-09-03,12:48,414.075,414.2933,414.075,414.15,8006
TSM,2026-09-03,12:49,414.215,414.64,414.15,414.6,16769
TSM,2026-09-03,12:50,414.6,414.8,414.52,414.7,42965
TSM,2026-09-03,12:51,414.645,414.725,414.38,414.3925,7997
TSM,2026-09-03,12:52,414.405,414.62,414.26,414.32,10139
TSM,2026-09-03,12:53,414.24,414.2683,414.16,414.16,3071
TSM,2026-09-03,12:54,414.12,414.48,414.06,414.405,12165
TSM,2026-09-03,12:55,414.405,414.59,414.34,414.56,9081
TSM,2026-09-03,12:56,414.5175,414.99,414.475,414.92,34471
TSM,2026-09-03,12:57,414.885,415.09,414.8,414.87,26402
TSM,2026-09-03,12:58,414.88,415,414.47,414.53,23342
TSM,2026-09-03,12:59,414.545,414.599,414.39,414.39,4237
TSM,2026-09-03,13:00,414.38,414.49,414.25,414.31,13975
TSM,2026-09-03,13:01,414.26,414.45,414.25,414.45,6661
TSM,2026-09-03,13:02,414.44,414.44,414.1,414.11,6357
TSM,2026-09-03,13:03,414.14,414.32,414.13,414.235,7250
TSM,2026-09-03,13:04,414.23,414.57,414.215,414.45,9271
TSM,2026-09-03,13:05,414.49,414.57,414.15,414.37,10115
TSM,2026-09-03,13:06,414.4,414.41,414.291,414.36,4566
TSM,2026-09-03,13:07,414.38,414.54,414.3699,414.535,5235
TSM,2026-09-03,13:08,414.555,414.555,414.29,414.32,13565
TSM,2026-09-03,13:09,414.33,414.33,414.23,414.31,4439
TSM,2026-09-03,13:10,414.3,414.46,414.25,414.46,6546
TSM,2026-09-03,13:11,414.49,414.54,414.3594,414.4451,9035
TSM,2026-09-03,13:12,414.49,414.6,414.33,414.33,12108
TSM,2026-09-03,13:13,414.355,414.4,414.25,414.38,6758
TSM,2026-09-03,13:14,414.4,414.41,414.2,414.2,3130
TSM,2026-09-03,13:15,414.25,414.46,414.2,414.415,12378
TSM,2026-09-03,13:16,414.4,414.675,414.3975,414.5801,8165
TSM,2026-09-03,13:17,414.645,414.675,414.455,414.675,4983
TSM,2026-09-03,13:18,414.7,414.755,414.69,414.745,4703
TSM,2026-09-03,13:19,414.745,414.83,414.58,414.63,8318
TSM,2026-09-03,13:20,414.63,414.6799,414.58,414.6175,3715
TSM,2026-09-03,13:21,414.65,414.74,414.57,414.6249,6392
TSM,2026-09-03,13:22,414.66,414.67,414.59,414.615,5309
TSM,2026-09-03,13:23,414.6,414.7,414.56,414.67,4552
TSM,2026-09-03,13:24,414.67,414.6989,414.54,414.615,6354
TSM,2026-09-03,13:25,414.55,414.8,414.46,414.8,13046
TSM,2026-09-03,13:26,414.81,414.88,414.74,414.775,7880
TSM,2026-09-03,13:27,414.77,414.95,414.68,414.74,11086
TSM,2026-09-03,13:28,414.765,414.99,414.71,414.915,9649
TSM,2026-09-03,13:29,414.915,415.02,414.84,414.92,6241
TSM,2026-09-03,13:30,414.97,415.1999,414.96,415.12,8854
TSM,2026-09-03,13:31,415.125,415.25,415.075,415.2071,5823
TSM,2026-09-03,13:32,415.19,415.24,415.11,415.23,5421
TSM,2026-09-03,13:33,415.23,415.31,415.16,415.22,5979
TSM,2026-09-03,13:34,415.27,415.31,415,415.18,17291
TSM,2026-09-03,13:35,415.23,415.26,414.98,415.045,11263
TSM,2026-09-03,13:36,415.05,415.2,415.05,415.085,3996
TSM,2026-09-03,13:37,415.114,415.1795,414.93,414.975,6858
TSM,2026-09-03,13:38,414.9,415.2976,414.9,415.225,5544
TSM,2026-09-03,13:39,415.1505,415.36,415.08,415.31,11367
TSM,2026-09-03,13:40,415.31,415.74,415.2801,415.58,48371
TSM,2026-09-03,13:41,415.65,415.87,415.62,415.775,9315
TSM,2026-09-03,13:42,415.8025,415.9499,415.71,415.89,6617
TSM,2026-09-03,13:43,415.89,415.89,415.66,415.735,8083
TSM,2026-09-03,13:44,415.735,415.76,415.52,415.52,7980
TSM,2026-09-03,13:45,415.68,415.85,415.6123,415.81,7588
TSM,2026-09-03,13:46,415.81,416.075,415.7101,416.075,22690
TSM,2026-09-03,13:47,416.08,416.09,415.95,416.09,7047
TSM,2026-09-03,13:48,416.065,416.065,415.8605,415.905,6089
TSM,2026-09-03,13:49,415.9,416.01,415.83,415.99,3194
TSM,2026-09-03,13:50,415.94,416.01,415.9283,415.95,21574
TSM,2026-09-03,13:51,416,416.2389,416,416.21,7311
TSM,2026-09-03,13:52,416.23,416.38,416.17,416.25,12966
TSM,2026-09-03,13:53,416.325,416.335,416.27,416.27,564
TSM,2026-09-03,13:54,416.27,416.27,416.27,416.27,0
TSM,2026-09-03,13:55,415.8962,415.9,415.7601,415.83,20637
TSM,2026-09-03,13:56,415.8425,415.88,415.76,415.8225,4907
TSM,2026-09-03,13:57,415.82,415.82,415.66,415.66,9866
TSM,2026-09-03,13:58,415.685,415.99,415.66,415.93,9935
TSM,2026-09-03,13:59,415.935,415.935,415.8201,415.92,4411
TSM,2026-09-03,14:00,415.93,416.15,415.71,416.0625,8282
TSM,2026-09-03,14:01,416.065,416.615,416.065,416.54,11695
TSM,2026-09-03,14:02,416.61,416.7299,416.38,416.38,11420
TSM,2026-09-03,14:03,416.29,416.3205,416.03,416.03,22192
TSM,2026-09-03,14:04,416.065,416.07,415.7501,416.05,12329
TSM,2026-09-03,14:05,416,416.15,415.9901,416.03,13007
TSM,2026-09-03,14:06,416.03,416.1312,415.9,415.945,6875
TSM,2026-09-03,14:07,415.945,415.98,415.75,415.9,7969
TSM,2026-09-03,14:08,415.85,416.02,415.8,415.98,11066
TSM,2026-09-03,14:09,415.95,415.975,415.81,415.83,10252
TSM,2026-09-03,14:10,415.8,415.82,415.6096,415.75,7930
TSM,2026-09-03,14:11,415.73,415.73,415.52,415.55,5212
TSM,2026-09-03,14:12,415.5397,415.68,415.5397,415.62,5751
TSM,2026-09-03,14:13,415.52,415.87,415.52,415.87,4032
TSM,2026-09-03,14:14,415.85,415.92,415.78,415.92,5134
TSM,2026-09-03,14:15,415.89,416.19,415.83,416.155,9753
TSM,2026-09-03,14:16,416.155,416.315,416.07,416.315,6011
TSM,2026-09-03,14:17,416.3025,416.55,416.28,416.55,6831
TSM,2026-09-03,14:18,416.59,416.64,416.44,416.495,8978
TSM,2026-09-03,14:19,416.5,416.54,416.24,416.3201,8334
TSM,2026-09-03,14:20,416.35,416.41,416.1961,416.265,9575
TSM,2026-09-03,14:21,416.15,416.15,415.73,415.73,13768
TSM,2026-09-03,14:22,415.8,415.9,415.57,415.63,25527
TSM,2026-09-03,14:23,415.63,415.7317,415.5,415.505,7763
TSM,2026-09-03,14:24,415.5317,415.69,415.49,415.65,14340
TSM,2026-09-03,14:25,415.7799,415.7799,415.34,415.5,8096
TSM,2026-09-03,14:26,415.55,415.55,415.22,415.3349,5337
TSM,2026-09-03,14:27,415.305,415.4399,415.23,415.25,12529
TSM,2026-09-03,14:28,415.295,415.37,415.24,415.37,5110
TSM,2026-09-03,14:29,415.38,415.38,415.27,415.33,5257
TSM,2026-09-03,14:30,415.33,415.43,415.27,415.425,8911
TSM,2026-09-03,14:31,415.425,415.5,415.38,415.49,9398
TSM,2026-09-03,14:32,415.435,415.5,415.27,415.27,10084
TSM,2026-09-03,14:33,415.27,415.53,415.27,415.53,6169
TSM,2026-09-03,14:34,415.5,415.66,415.5,415.63,13638
TSM,2026-09-03,14:35,415.67,415.9,415.67,415.77,7281
TSM,2026-09-03,14:36,415.76,415.81,415.63,415.63,6458
TSM,2026-09-03,14:37,415.715,415.79,415.5,415.56,4513
TSM,2026-09-03,14:38,415.56,415.6786,415.53,415.62,5878
TSM,2026-09-03,14:39,415.67,415.87,415.67,415.76,6637
TSM,2026-09-03,14:40,415.76,415.88,415.67,415.705,7989
TSM,2026-09-03,14:41,415.7306,415.78,415.5901,415.78,8492
TSM,2026-09-03,14:42,415.82,415.85,415.7301,415.815,4312
TSM,2026-09-03,14:43,415.79,415.795,415.62,415.675,5100
TSM,2026-09-03,14:44,415.675,415.8,415.675,415.8,8011
TSM,2026-09-03,14:45,415.8,416.01,415.8,415.935,10785
TSM,2026-09-03,14:46,415.88,415.95,415.81,415.86,3275
TSM,2026-09-03,14:47,415.86,415.96,415.8128,415.9396,7521
TSM,2026-09-03,14:48,415.93,415.93,415.82,415.865,4641
TSM,2026-09-03,14:49,415.86,416.26,415.86,416.21,8956
TSM,2026-09-03,14:50,416.235,416.29,416.16,416.18,5584
TSM,2026-09-03,14:51,416.205,416.21,416,416.005,8498
TSM,2026-09-03,14:52,416.08,416.105,415.8,415.945,8676
TSM,2026-09-03,14:53,415.98,415.9867,415.89,415.935,6066
TSM,2026-09-03,14:54,415.935,416.04,415.82,415.99,6793
TSM,2026-09-03,14:55,415.99,415.99,415.88,415.96,3486
TSM,2026-09-03,14:56,416.03,416.17,416.02,416.13,10462
TSM,2026-09-03,14:57,416.125,416.26,416.04,416.04,11271
TSM,2026-09-03,14:58,416.04,416.09,416.03,416.07,4487
TSM,2026-09-03,14:59,416.0701,416.159,416.05,416.08,7208
TSM,2026-09-03,15:00,416.08,416.09,415.648,415.86,9296
TSM,2026-09-03,15:01,415.83,415.83,415.57,415.655,11219
TSM,2026-09-03,15:02,415.72,415.74,415.5,415.545,5465
TSM,2026-09-03,15:03,415.51,415.6799,415.5,415.57,7731
TSM,2026-09-03,15:04,415.57,415.67,415.57,415.62,7574
TSM,2026-09-03,15:05,415.66,415.9,415.6301,415.855,8890
TSM,2026-09-03,15:06,415.855,415.8677,415.6,415.779,10746
TSM,2026-09-03,15:07,415.734,415.88,415.65,415.795,7119
TSM,2026-09-03,15:08,415.869,415.869,415.62,415.655,9186
TSM,2026-09-03,15:09,415.65,415.799,415.62,415.799,9074
TSM,2026-09-03,15:10,415.725,415.94,415.725,415.905,6545
TSM,2026-09-03,15:11,415.905,415.905,415.4201,415.465,8487
TSM,2026-09-03,15:12,415.45,415.53,415.35,415.4525,11611
TSM,2026-09-03,15:13,415.4625,415.4625,415.31,415.36,8204
TSM,2026-09-03,15:14,415.36,415.5,415.3,415.485,7398
TSM,2026-09-03,15:15,415.485,415.56,415.35,415.48,10819
TSM,2026-09-03,15:16,415.43,415.56,415.34,415.39,7559
TSM,2026-09-03,15:17,415.4199,415.49,415.31,415.43,7940
TSM,2026-09-03,15:18,415.43,415.5,415.3,415.43,9836
TSM,2026-09-03,15:19,415.42,415.98,415.42,415.88,10645
TSM,2026-09-03,15:20,415.88,415.88,415.57,415.6401,7973
TSM,2026-09-03,15:21,415.675,415.84,415.65,415.8,3875
TSM,2026-09-03,15:22,415.77,415.77,415.62,415.69,13231
TSM,2026-09-03,15:23,415.67,415.85,415.67,415.76,7619
TSM,2026-09-03,15:24,415.76,415.82,415.44,415.485,12448
TSM,2026-09-03,15:25,415.4201,415.58,415.4201,415.58,5518
TSM,2026-09-03,15:26,415.53,415.7,415.47,415.6066,6367
TSM,2026-09-03,15:27,415.6,415.87,415.6,415.815,21847
TSM,2026-09-03,15:28,415.78,415.84,415.76,415.83,5035
TSM,2026-09-03,15:29,415.77,416.085,415.75,416.025,17732
TSM,2026-09-03,15:30,416.025,416.48,416.025,416.4,16477
TSM,2026-09-03,15:31,416.41,416.46,416.145,416.215,15748
TSM,2026-09-03,15:32,416.215,416.258,416.11,416.14,14614
TSM,2026-09-03,15:33,416.11,416.4,416.11,416.285,19291
TSM,2026-09-03,15:34,416.28,416.4,416.2,416.27,23873
TSM,2026-09-03,15:35,416.255,416.5,416.255,416.46,21256
TSM,2026-09-03,15:36,416.47,416.49,416.32,416.445,25299
TSM,2026-09-03,15:37,416.445,416.45,416.34,416.42,12348
TSM,2026-09-03,15:38,416.42,416.43,416.03,416.05,15230
TSM,2026-09-03,15:39,416.04,416.12,415.97,416.02,13561
TSM,2026-09-03,15:40,416.03,416.25,416.03,416.19,10948
TSM,2026-09-03,15:41,416.14,416.2,416.05,416.11,13046
TSM,2026-09-03,15:42,416.04,416.18,415.95,416.09,32890
TSM,2026-09-03,15:43,416.13,416.34,416.04,416.29,14112
TSM,2026-09-03,15:44,416.33,416.43,416.15,416.23,24759
TSM,2026-09-03,15:45,416.29,416.47,416.29,416.47,20472
TSM,2026-09-03,15:46,416.455,416.49,416.21,416.21,21403
TSM,2026-09-03,15:47,416.22,416.4101,416.205,416.365,13510
TSM,2026-09-03,15:48,416.365,416.365,416.13,416.18,19371
TSM,2026-09-03,15:49,416.175,416.35,416.175,416.32,11901
TSM,2026-09-03,15:50,416.39,416.7,416.35,416.625,39621
TSM,2026-09-03,15:51,416.63,416.63,416.47,416.5,20157
TSM,2026-09-03,15:52,416.49,416.55,416.32,416.35,21004
TSM,2026-09-03,15:53,416.35,416.495,416.3036,416.37,24898
TSM,2026-09-03,15:54,416.38,416.7,416.38,416.48,27606
TSM,2026-09-03,15:55,416.39,416.75,416.39,416.75,47040
TSM,2026-09-03,15:56,416.76,417.04,416.685,416.81,67694
TSM,2026-09-03,15:57,416.8,417.09,416.76,417.02,70823
TSM,2026-09-03,15:58,417.005,417.22,416.97,417.195,109930
TSM,2026-09-03,15:59,417.18,417.3,416.87,417.03,256682
TSM,2026-09-04,09:30,421.88,421.88,419.42,419.4475,679763
TSM,2026-09-04,09:31,419.455,423.01,419.455,423,93621
TSM,2026-09-04,09:32,423.1,423.16,422.1,422.37,33588
TSM,2026-09-04,09:33,422.4,422.6,421.5,422.07,54372
TSM,2026-09-04,09:34,422,422.65,421.57,422.615,39410
TSM,2026-09-04,09:35,422.694,423.1099,422.33,422.5,48313
TSM,2026-09-04,09:36,422.5,423.2,422,422.27,66683
TSM,2026-09-04,09:37,422.27,423.4,422.27,423.275,46424
TSM,2026-09-04,09:38,423.275,423.74,422.93,423.695,47113
TSM,2026-09-04,09:39,423.695,423.75,422.935,423.43,50575
TSM,2026-09-04,09:40,423.42,423.52,422.54,422.86,37386
TSM,2026-09-04,09:41,422.88,423.43,422.46,422.92,44256
TSM,2026-09-04,09:42,422.97,424.64,422.92,423.66,81526
TSM,2026-09-04,09:43,423.635,424.17,423.1326,423.46,27868
TSM,2026-09-04,09:44,423.475,423.74,422.51,423.18,42980
TSM,2026-09-04,09:45,423.21,423.8845,423.14,423.795,29310
TSM,2026-09-04,09:46,423.77,424.765,423.66,424.655,34255
TSM,2026-09-04,09:47,424.5603,425.8,424.38,425.8,106885
TSM,2026-09-04,09:48,425.79,425.89,425.04,425.71,50274
TSM,2026-09-04,09:49,425.71,425.85,424.47,425.105,48464
TSM,2026-09-04,09:50,425.1799,425.63,424.85,425.585,44884
TSM,2026-09-04,09:51,425.65,425.925,425.31,425.7,82132
TSM,2026-09-04,09:52,425.62,425.8,425.105,425.775,46061
TSM,2026-09-04,09:53,425.775,426.1,425.13,425.86,85524
TSM,2026-09-04,09:54,425.92,426.2,425.1601,425.525,38098
TSM,2026-09-04,09:55,425.525,426,425.38,425.995,34640
TSM,2026-09-04,09:56,426,426.03,425.46,425.65,36047
TSM,2026-09-04,09:57,425.71,425.95,425.35,425.76,30342
TSM,2026-09-04,09:58,425.72,426.22,425.52,425.825,33647
TSM,2026-09-04,09:59,425.825,425.83,425.57,425.67,21880
TSM,2026-09-04,10:00,425.58,426.1,425.35,425.46,34825
TSM,2026-09-04,10:01,425.46,425.52,424.8801,424.965,26074
TSM,2026-09-04,10:02,424.98,425.55,424.8755,425.55,34873
TSM,2026-09-04,10:03,425.555,426.1,425.4,425.93,36903
TSM,2026-09-04,10:04,426.005,426.005,425.14,425.295,20577
TSM,2026-09-04,10:05,425.24,425.535,424.46,424.615,29804
TSM,2026-09-04,10:06,424.615,425,424.33,424.825,26397
TSM,2026-09-04,10:07,424.91,425,424.7,424.79,21529
TSM,2026-09-04,10:08,424.67,425.2,424.43,425.115,31937
TSM,2026-09-04,10:09,425.07,425.78,424.7901,425.735,42557
TSM,2026-09-04,10:10,425.735,425.87,425.01,425.18,36042
TSM,2026-09-04,10:11,425.09,425.38,424.7861,424.885,27655
TSM,2026-09-04,10:12,424.89,424.89,424.06,424.345,52853
TSM,2026-09-04,10:13,424.345,425.38,424.235,425.38,46847
TSM,2026-09-04,10:14,425.43,426.08,425.335,425.82,55114
TSM,2026-09-04,10:15,425.79,425.9,425.235,425.41,23986
TSM,2026-09-04,10:16,425.37,425.72,425.29,425.365,39400
TSM,2026-09-04,10:17,425.365,425.64,425.365,425.5326,25223
TSM,2026-09-04,10:18,425.5,426.2,425.45,426.13,38125
TSM,2026-09-04,10:19,426.13,426.13,425.75,425.75,27839
TSM,2026-09-04,10:20,425.775,425.94,425.53,425.9,40178
TSM,2026-09-04,10:21,425.82,426.3,425.74,426.27,53815
TSM,2026-09-04,10:22,426.29,426.33,425.95,426.3143,24516
TSM,2026-09-04,10:23,426.285,426.45,426.12,426.12,16501
TSM,2026-09-04,10:24,426.11,426.12,425.84,426.09,31318
TSM,2026-09-04,10:25,426.05,426.56,425.92,426.35,41837
TSM,2026-09-04,10:26,426.315,426.98,425.97,426.405,61634
TSM,2026-09-04,10:27,426.405,426.73,426.25,426.33,19660
TSM,2026-09-04,10:28,426.26,426.36,426.0001,426.2,21328
TSM,2026-09-04,10:29,426.14,426.66,426.065,426.655,27930
TSM,2026-09-04,10:30,426.655,426.7899,425.97,425.98,53535
TSM,2026-09-04,10:31,425.93,426.2489,425.84,426.18,21385
TSM,2026-09-04,10:32,426.22,426.4,426.12,426.245,13117
TSM,2026-09-04,10:33,426.245,426.85,426.22,426.44,53171
TSM,2026-09-04,10:34,426.5,426.5503,426.12,426.185,17563
TSM,2026-09-04,10:35,426.185,426.5,426.1205,426.4,16074
TSM,2026-09-04,10:36,426.35,426.64,426.22,426.64,23098
TSM,2026-09-04,10:37,426.615,426.755,426.25,426.255,43467
TSM,2026-09-04,10:38,426.27,426.41,426.12,426.12,9107
TSM,2026-09-04,10:39,426.11,427.175,426.06,427,55971
TSM,2026-09-04,10:40,427,427.14,426.65,426.66,73534
TSM,2026-09-04,10:41,426.66,426.94,426.53,426.845,21610
TSM,2026-09-04,10:42,426.835,426.98,426.61,426.91,52791
TSM,2026-09-04,10:43,426.86,427,426.565,426.7334,28730
TSM,2026-09-04,10:44,426.66,426.72,426.1,426.1,17904
TSM,2026-09-04,10:45,426.07,426.4,425.95,425.95,15231
TSM,2026-09-04,10:46,425.99,426.27,425.895,426.0001,18763
TSM,2026-09-04,10:47,426,426.15,425.79,425.8169,18433
TSM,2026-09-04,10:48,425.86,426,425.6,425.6362,10976
TSM,2026-09-04,10:49,425.68,425.88,425.48,425.6,35388
TSM,2026-09-04,10:50,425.6,426,425.595,425.83,30287
TSM,2026-09-04,10:51,425.79,426.2,425.79,425.9406,21080
TSM,2026-09-04,10:52,425.895,426.055,425.81,425.83,28958
TSM,2026-09-04,10:53,425.83,426.055,425.78,425.785,19634
TSM,2026-09-04,10:54,425.775,425.85,425.5,425.62,20939
TSM,2026-09-04,10:55,425.63,426.05,425.59,425.915,16291
TSM,2026-09-04,10:56,425.915,425.94,425.675,425.6775,18573
TSM,2026-09-04,10:57,425.675,425.9142,425.6,425.77,15813
TSM,2026-09-04,10:58,425.84,426,425.75,425.96,13081
TSM,2026-09-04,10:59,426.025,426.065,425.7,426.01,17946
TSM,2026-09-04,11:00,426.07,426.1,425.83,426.075,12791
TSM,2026-09-04,11:01,426.1,426.63,425.94,426.51,12711
TSM,2026-09-04,11:02,426.57,426.65,426.3,426.4101,11720
TSM,2026-09-04,11:03,426.445,426.475,425.97,426,15401
TSM,2026-09-04,11:04,425.96,426.26,425.8,426.15,12165
TSM,2026-09-04,11:05,426.09,426.1,425.752,425.982,13669
TSM,2026-09-04,11:06,425.9125,426.36,425.82,426.295,13256
TSM,2026-09-04,11:07,426.295,426.5,426.19,426.5,12592
TSM,2026-09-04,11:08,426.44,426.58,426.01,426.296,25467
TSM,2026-09-04,11:09,426.33,426.77,426.2501,426.7,37593
TSM,2026-09-04,11:10,426.6963,426.7,426.52,426.6,13133
TSM,2026-09-04,11:11,426.61,427.12,426.6,426.96,66024
TSM,2026-09-04,11:12,426.9239,427.5,426.9239,427.46,47275
TSM,2026-09-04,11:13,427.45,427.46,427.23,427.255,27930
TSM,2026-09-04,11:14,427.25,427.31,427.13,427.23,14464
TSM,2026-09-04,11:15,427.265,427.27,426.97,427.115,30202
TSM,2026-09-04,11:16,427.15,427.26,426.85,427.005,19607
TSM,2026-09-04,11:17,426.94,427.29,426.9,426.95,11638
TSM,2026-09-04,11:18,426.935,426.94,426.57,426.625,12183
TSM,2026-09-04,11:19,426.625,426.73,426.455,426.685,15497
TSM,2026-09-04,11:20,426.685,426.76,426.2001,426.31,19457
TSM,2026-09-04,11:21,426.31,426.39,426.04,426.04,15642
TSM,2026-09-04,11:22,426.075,426.34,426.07,426.16,13498
TSM,2026-09-04,11:23,426.17,426.18,425.82,425.82,14348
TSM,2026-09-04,11:24,425.795,425.95,425.655,425.705,20040
TSM,2026-09-04,11:25,425.73,425.75,425.5816,425.665,29852
TSM,2026-09-04,11:26,425.75,425.95,425.51,425.86,30969
TSM,2026-09-04,11:27,425.865,426.08,425.76,425.985,15325
TSM,2026-09-04,11:28,425.985,426.08,425.92,425.96,30451
TSM,2026-09-04,11:29,425.947,425.99,425.78,425.82,13830
TSM,2026-09-04,11:30,425.82,425.85,425.03,425.12,13969
TSM,2026-09-04,11:31,425.06,425.24,424.8835,425.155,20999
TSM,2026-09-04,11:32,425.155,425.2,424.95,425.065,13904
TSM,2026-09-04,11:33,425.01,425.03,424.88,425,12010
TSM,2026-09-04,11:34,424.97,425.05,424.63,424.775,28520
TSM,2026-09-04,11:35,424.78,425.1951,424.77,424.905,19104
TSM,2026-09-04,11:36,424.905,424.95,424.61,424.71,39794
TSM,2026-09-04,11:37,424.7,424.72,424.52,424.58,24056
TSM,2026-09-04,11:38,424.6,425.1,424.582,425.1,17103
TSM,2026-09-04,11:39,425.05,425.24,424.85,425.08,18557
TSM,2026-09-04,11:40,425.08,425.23,424.9665,425.075,14822
TSM,2026-09-04,11:41,425.1,425.25,425.03,425.205,15991
TSM,2026-09-04,11:42,425.24,425.4819,425.1,425.38,13289
TSM,2026-09-04,11:43,425.4399,425.66,425.27,425.345,30841
TSM,2026-09-04,11:44,425.42,425.72,425.34,425.675,8845
TSM,2026-09-04,11:45,425.63,425.89,425.51,425.775,11310
TSM,2026-09-04,11:46,425.775,425.91,425.66,425.7147,14666
TSM,2026-09-04,11:47,425.705,425.91,425.705,425.865,8144
TSM,2026-09-04,11:48,425.865,426.02,425.82,425.955,9744
TSM,2026-09-04,11:49,425.945,426.055,425.91,426,10372
TSM,2026-09-04,11:50,426,426.16,425.8501,425.8631,15165
TSM,2026-09-04,11:51,425.91,426.06,425.895,425.97,10573
TSM,2026-09-04,11:52,425.97,426.2,425.94,426.1795,9119
TSM,2026-09-04,11:53,426.15,426.2,426.015,426.0157,12634
TSM,2026-09-04,11:54,426.0505,426.135,425.82,425.94,27449
TSM,2026-09-04,11:55,425.88,426.1,425.88,425.9,20035
TSM,2026-09-04,11:56,425.9,426.07,425.85,426,5722
TSM,2026-09-04,11:57,426.015,426.015,425.54,425.675,30390
TSM,2026-09-04,11:58,425.71,425.875,425.67,425.79,9657
TSM,2026-09-04,11:59,425.79,425.89,425.72,425.77,14505
TSM,2026-09-04,12:00,425.72,425.9599,425.72,425.84,11335
TSM,2026-09-04,12:01,425.88,426.11,425.845,426.04,8620
TSM,2026-09-04,12:02,426.09,426.2,425.98,426.06,11405
TSM,2026-09-04,12:03,426.035,426.14,426,426,9542
TSM,2026-09-04,12:04,426.025,426.11,425.99,426.015,15799
TSM,2026-09-04,12:05,426,426.08,425.98,426.05,10921
TSM,2026-09-04,12:06,426.07,426.26,426,426.17,13826
TSM,2026-09-04,12:07,426.1489,426.2,426.07,426.1,5535
TSM,2026-09-04,12:08,426.1,426.26,426.06,426.095,11601
TSM,2026-09-04,12:09,426.1295,426.24,426.06,426.1,12862
TSM,2026-09-04,12:10,426.14,426.415,426.05,426.31,11628
TSM,2026-09-04,12:11,426.33,426.405,426.29,426.405,7106
TSM,2026-09-04,12:12,426.405,426.405,426.1103,426.19,8361
TSM,2026-09-04,12:13,426.19,426.41,426.11,426.11,9330
TSM,2026-09-04,12:14,426.14,426.38,426.14,426.2801,9677
TSM,2026-09-04,12:15,426.34,426.39,426.2801,426.335,6039
TSM,2026-09-04,12:16,426.335,426.9,426.335,426.795,20966
TSM,2026-09-04,12:17,426.795,426.865,426.725,426.805,62224
TSM,2026-09-04,12:18,426.805,426.9,426.78,426.85,6975
TSM,2026-09-04,12:19,426.85,427.2,426.85,427.11,27227
TSM,2026-09-04,12:20,427.105,427.26,427.105,427.185,9730
TSM,2026-09-04,12:21,427.185,427.38,427.06,427.09,12567
TSM,2026-09-04,12:22,427.1938,427.1938,426.9601,427,22858
TSM,2026-09-04,12:23,427,427.05,426.84,426.9,30968
TSM,2026-09-04,12:24,426.9,427.16,426.8716,427.115,7907
TSM,2026-09-04,12:25,427.07,427.11,427.01,427.05,4026
TSM,2026-09-04,12:26,427.01,427.11,426.96,427.055,12248
TSM,2026-09-04,12:27,427.12,427.3,427.07,427.21,28024
TSM,2026-09-04,12:28,427.19,427.2511,427.09,427.17,11438
TSM,2026-09-04,12:29,427.1534,427.3,426.97,427.15,15828
TSM,2026-09-04,12:30,427.11,427.25,427.01,427.1701,11492
TSM,2026-09-04,12:31,427.135,427.3,427.11,427.26,57244
TSM,2026-09-04,12:32,427.33,427.33,427.0268,427.125,9540
TSM,2026-09-04,12:33,427.125,427.3,427.09,427.245,5163
TSM,2026-09-04,12:34,427.27,427.4,427.0801,427.223,13530
TSM,2026-09-04,12:35,427.21,427.3,427.15,427.22,10157
TSM,2026-09-04,12:36,427.195,427.49,427.195,427.43,16235
TSM,2026-09-04,12:37,427.41,427.46,427.31,427.38,7760
TSM,2026-09-04,12:38,427.385,427.4899,427.32,427.43,22371
TSM,2026-09-04,12:39,427.43,427.5,427.36,427.49,30868
TSM,2026-09-04,12:40,427.46,427.5,427.295,427.5,43322
TSM,2026-09-04,12:41,427.4978,427.52,427.37,427.37,7780
TSM,2026-09-04,12:42,427.43,427.7,427.37,427.58,40765
TSM,2026-09-04,12:43,427.6383,427.71,427.52,427.56,13113
TSM,2026-09-04,12:44,427.58,427.68,427.46,427.535,22482
TSM,2026-09-04,12:45,427.5,427.59,427.03,427.33,16286
TSM,2026-09-04,12:46,427.355,427.4,427.24,427.3518,6413
TSM,2026-09-04,12:47,427.4,427.46,427.31,427.43,6208
TSM,2026-09-04,12:48,427.4425,427.51,427.32,427.4828,5623
TSM,2026-09-04,12:49,427.51,428.35,427.505,428.25,66123
TSM,2026-09-04,12:50,428.23,428.23,427.99,428.095,31888
TSM,2026-09-04,12:51,428.13,428.13,427.77,427.77,21775
TSM,2026-09-04,12:52,427.765,428.18,427.765,428.175,13767
TSM,2026-09-04,12:53,428.18,428.2499,427.86,427.95,4597
TSM,2026-09-04,12:54,427.93,428.595,427.93,428.595,69257
TSM,2026-09-04,12:55,428.6,428.81,428.4418,428.48,34687
TSM,2026-09-04,12:56,428.4875,428.53,428.23,428.23,15744
TSM,2026-09-04,12:57,428.3,428.33,428.16,428.3,9379
TSM,2026-09-04,12:58,428.25,428.49,428.2003,428.28,11955
TSM,2026-09-04,12:59,428.25,428.37,428.15,428.2,22186
TSM,2026-09-04,13:00,428.18,428.2,427.805,427.94,31155
TSM,2026-09-04,13:01,427.95,427.95,427.72,427.77,16279
TSM,2026-09-04,13:02,427.79,427.79,427.41,427.41,9926
TSM,2026-09-04,13:03,427.6,427.64,427.32,427.32,7413
TSM,2026-09-04,13:04,427.415,427.57,427.3805,427.57,7835
TSM,2026-09-04,13:05,427.57,427.84,427.57,427.77,27369
TSM,2026-09-04,13:06,427.745,428.13,427.59,428.06,13403
TSM,2026-09-04,13:07,428.06,428.0696,427.95,428.0696,10857
TSM,2026-09-04,13:08,428.03,428.03,427.92,427.95,10452
TSM,2026-09-04,13:09,427.95,428.25,427.95,428.224,21302
TSM,2026-09-04,13:10,428.21,428.345,428.14,428.185,12902
TSM,2026-09-04,13:11,428.185,428.66,428.14,428.47,59721
TSM,2026-09-04,13:12,428.46,428.549,428.35,428.52,28210
TSM,2026-09-04,13:13,428.5025,428.52,428.355,428.355,15898
TSM,2026-09-04,13:14,428.33,428.39,428.17,428.2078,13360
TSM,2026-09-04,13:15,428.18,428.2,427.875,427.885,9532
TSM,2026-09-04,13:16,427.89,428.2,427.89,428.2,22244
TSM,2026-09-04,13:17,428.2,428.368,428.2,428.245,18139
TSM,2026-09-04,13:18,428.24,428.24,428.11,428.185,10231
TSM,2026-09-04,13:19,428.185,428.28,428.04,428.07,14891
TSM,2026-09-04,13:20,428.105,428.105,427.91,427.94,5269
TSM,2026-09-04,13:21,427.94,428.1,427.74,427.76,11098
TSM,2026-09-04,13:22,427.76,427.869,427.56,427.625,11395
TSM,2026-09-04,13:23,427.63,427.7,427.56,427.61,5986
TSM,2026-09-04,13:24,427.57,427.61,427.4,427.445,5501
TSM,2026-09-04,13:25,427.42,427.48,427.22,427.35,11047
TSM,2026-09-04,13:26,427.285,427.49,427.26,427.26,10319
TSM,2026-09-04,13:27,427.37,427.37,427.04,427.1,8610
TSM,2026-09-04,13:28,427.1,427.14,426.82,426.92,41194
TSM,2026-09-04,13:29,426.91,426.93,426.6201,426.7,10437
TSM,2026-09-04,13:30,426.7,426.84,426.3,426.58,21654
TSM,2026-09-04,13:31,426.58,426.68,426.37,426.54,19619
TSM,2026-09-04,13:32,426.5368,426.67,426.42,426.52,13299
TSM,2026-09-04,13:33,426.565,426.62,426.4,426.4,6872
TSM,2026-09-04,13:34,426.44,426.47,426.35,426.405,6419
TSM,2026-09-04,13:35,426.4,426.99,426.35,426.9,18717
TSM,2026-09-04,13:36,426.89,427.08,426.84,427.03,29152
TSM,2026-09-04,13:37,427.01,427.04,426.84,426.879,7866
TSM,2026-09-04,13:38,426.855,427.06,426.855,426.96,8198
TSM,2026-09-04,13:39,426.96,427.03,426.89,426.98,5422
TSM,2026-09-04,13:40,426.965,427.0199,426.7,426.795,9499
TSM,2026-09-04,13:41,426.795,426.93,426.6905,426.755,28127
TSM,2026-09-04,13:42,426.69,426.83,426.6,426.785,34146
TSM,2026-09-04,13:43,426.839,427,426.74,426.94,9807
TSM,2026-09-04,13:44,426.915,427.06,426.91,426.975,7049
TSM,2026-09-04,13:45,426.91,426.975,426.6701,426.77,27692
TSM,2026-09-04,13:46,426.76,427,426.7,427,24323
TSM,2026-09-04,13:47,427,427.31,427,427.21,11844
TSM,2026-09-04,13:48,427.24,427.26,427,427.115,6483
TSM,2026-09-04,13:49,427.13,427.16,427,427.12,6905
TSM,2026-09-04,13:50,427.08,427.2,427.08,427.2,6945
TSM,2026-09-04,13:51,427.19,427.27,427.1,427.25,10530
TSM,2026-09-04,13:52,427.31,427.5,427.2,427.39,21245
TSM,2026-09-04,13:53,427.375,427.44,427.31,427.355,18079
TSM,2026-09-04,13:54,427.355,427.385,427.14,427.185,15321
TSM,2026-09-04,13:55,427.185,427.3,427.1647,427.235,6892
TSM,2026-09-04,13:56,427.235,427.32,427.2,427.23,8431
TSM,2026-09-04,13:57,427.245,427.34,427.16,427.195,15672
TSM,2026-09-04,13:58,427.13,427.54,427.13,427.47,16348
TSM,2026-09-04,13:59,427.53,427.6,427.351,427.405,7284
TSM,2026-09-04,14:00,427.35,427.71,427.35,427.71,14960
TSM,2026-09-04,14:01,427.675,427.71,427.46,427.48,13120
TSM,2026-09-04,14:02,427.46,427.54,427.33,427.355,15568
TSM,2026-09-04,14:03,427.355,427.477,427.32,427.38,5632
TSM,2026-09-04,14:04,427.45,427.47,427.33,427.42,4941
TSM,2026-09-04,14:05,427.42,427.53,427.24,427.35,15268
TSM,2026-09-04,14:06,427.33,427.4,427.25,427.365,17914
TSM,2026-09-04,14:07,427.33,427.34,427.22,427.245,12470
TSM,2026-09-04,14:08,427.22,427.38,427.22,427.38,6196
TSM,2026-09-04,14:09,427.3738,427.605,427.3738,427.57,6376
TSM,2026-09-04,14:10,427.56,427.64,427.56,427.625,6645
TSM,2026-09-04,14:11,427.625,427.74,427.62,427.63,6430
TSM,2026-09-04,14:12,427.63,427.74,427.61,427.61,5910
TSM,2026-09-04,14:13,427.61,427.665,427.47,427.47,8694
TSM,2026-09-04,14:14,427.48,427.59,427.45,427.46,606946
TSM,2026-09-04,14:15,427.45,427.56,427.45,427.51,22828
TSM,2026-09-04,14:16,427.51,427.55,427.41,427.41,22142
TSM,2026-09-04,14:17,427.41,427.73,427.41,427.66,7055
TSM,2026-09-04,14:18,427.73,428.05,427.7,427.98,41482
TSM,2026-09-04,14:19,427.97,428.07,427.9,427.93,15446
TSM,2026-09-04,14:20,427.93,428,427.9,427.99,5376
TSM,2026-09-04,14:21,428.05,428.28,428.01,428.23,9563
TSM,2026-09-04,14:22,428.245,428.28,428.08,428.1327,9130
TSM,2026-09-04,14:23,428.165,428.305,428.165,428.2634,8075
TSM,2026-09-04,14:24,428.22,428.28,428.12,428.19,6111
TSM,2026-09-04,14:25,428.16,428.21,428.07,428.185,6267
TSM,2026-09-04,14:26,428.185,428.2601,428.16,428.21,7624
TSM,2026-09-04,14:27,428.25,428.27,428.18,428.26,6861
TSM,2026-09-04,14:28,428.28,428.29,428.18,428.23,12019
TSM,2026-09-04,14:29,428.25,428.33,428.15,428.16,26469
TSM,2026-09-04,14:30,428.1401,428.16,428.03,428.05,7674
TSM,2026-09-04,14:31,428.03,428.16,428.01,428.08,9032
TSM,2026-09-04,14:32,428.13,428.16,428.02,428.06,7527
TSM,2026-09-04,14:33,428.095,428.11,428.02,428.0241,6374
TSM,2026-09-04,14:34,428.054,428.1199,427.98,428,15100
TSM,2026-09-04,14:35,428.0019,428.12,427.98,428,8124
TSM,2026-09-04,14:36,428,428.025,427.85,427.94,20111
TSM,2026-09-04,14:37,427.935,428.005,427.9,427.9,9755
TSM,2026-09-04,14:38,427.94,428.055,427.89,428.055,7367
TSM,2026-09-04,14:39,428.01,428.055,427.93,427.93,7535
TSM,2026-09-04,14:40,427.965,428.035,427.91,428,7982
TSM,2026-09-04,14:41,427.97,428.28,427.97,428.18,14822
TSM,2026-09-04,14:42,428.18,428.5,428.16,428.5,22726
TSM,2026-09-04,14:43,428.5,428.5,428.4,428.47,22600
TSM,2026-09-04,14:44,428.4608,428.625,428.44,428.625,29349
TSM,2026-09-04,14:45,428.62,428.62,428.57,428.597,11514
TSM,2026-09-04,14:46,428.61,428.65,428.54,428.58,10198
TSM,2026-09-04,14:47,428.565,428.65,428.565,428.6,8476
TSM,2026-09-04,14:48,428.6,428.64,428.5601,428.605,6594
TSM,2026-09-04,14:49,428.605,428.705,428.605,428.705,10442
TSM,2026-09-04,14:50,428.705,428.73,428.66,428.685,10033
TSM,2026-09-04,14:51,428.65,428.74,428.48,428.575,16797
TSM,2026-09-04,14:52,428.595,428.63,428.5,428.59,7273
TSM,2026-09-04,14:53,428.58,428.605,428.53,428.58,6960
TSM,2026-09-04,14:54,428.58,429.06,428.58,428.985,122745
TSM,2026-09-04,14:55,429,429.2,428.96,429.075,21013
TSM,2026-09-04,14:56,429.075,429.105,428.97,429.03,15438
TSM,2026-09-04,14:57,429.03,429.07,428.79,428.93,9621
TSM,2026-09-04,14:58,428.925,428.97,428.89,428.965,10206
TSM,2026-09-04,14:59,428.91,428.97,428.765,428.825,19641
TSM,2026-09-04,15:00,428.77,428.92,428.76,428.88,16911
TSM,2026-09-04,15:01,428.87,428.95,428.79,428.841,7214
TSM,2026-09-04,15:02,428.84,428.9199,428.72,428.76,9714
TSM,2026-09-04,15:03,428.76,428.87,428.51,428.51,11889
TSM,2026-09-04,15:04,428.56,428.63,428.275,428.32,17828
TSM,2026-09-04,15:05,428.32,428.71,428.3,428.67,7978
TSM,2026-09-04,15:06,428.67,428.6801,428.14,428.195,31401
TSM,2026-09-04,15:07,428.15,428.23,427.85,427.945,15315
TSM,2026-09-04,15:08,427.86,427.91,427.655,427.715,12794
TSM,2026-09-04,15:09,427.715,427.74,427.54,427.6,12005
TSM,2026-09-04,15:10,427.615,427.6195,427.4401,427.51,17348
TSM,2026-09-04,15:11,427.515,427.55,427.4,427.5,9983
TSM,2026-09-04,15:12,427.505,427.5371,427.24,427.24,15043
TSM,2026-09-04,15:13,427.24,427.79,427.21,427.595,27679
TSM,2026-09-04,15:14,427.58,427.6313,426.865,426.9504,30110
TSM,2026-09-04,15:15,426.93,427.16,426.81,427.16,22762
TSM,2026-09-04,15:16,427.2,427.4,426.75,427.135,28417
TSM,2026-09-04,15:17,427.1,427.12,426.83,426.875,29010
TSM,2026-09-04,15:18,426.875,427.0466,426.83,426.95,7095
TSM,2026-09-04,15:19,426.95,427.12,426.9,427.065,10014
TSM,2026-09-04,15:20,427.065,427.25,426.87,427.165,22605
TSM,2026-09-04,15:21,427.24,427.61,427.115,427.46,15337
TSM,2026-09-04,15:22,427.455,427.52,427.31,427.32,13976
TSM,2026-09-04,15:23,427.315,427.35,427.115,427.115,11415
TSM,2026-09-04,15:24,427.115,427.33,427.11,427.21,14253
TSM,2026-09-04,15:25,427.21,427.5899,427.21,427.535,17875
TSM,2026-09-04,15:26,427.55,427.67,427.48,427.5799,11367
TSM,2026-09-04,15:27,427.55,427.67,427.34,427.495,32058
TSM,2026-09-04,15:28,427.495,427.575,427.4601,427.56,13308
TSM,2026-09-04,15:29,427.56,427.7879,427.53,427.775,17983
TSM,2026-09-04,15:30,427.775,428.28,427.45,428.28,62303
TSM,2026-09-04,15:31,428.29,428.56,428.275,428.525,26561
TSM,2026-09-04,15:32,428.56,428.69,428.4301,428.48,36532
TSM,2026-09-04,15:33,428.48,428.67,428.474,428.625,27376
TSM,2026-09-04,15:34,428.625,428.85,428.49,428.605,31404
TSM,2026-09-04,15:35,428.61,428.85,428.5401,428.85,24405
TSM,2026-09-04,15:36,428.82,428.99,428.78,428.9599,34321
TSM,2026-09-04,15:37,428.925,429,428.77,428.94,54800
TSM,2026-09-04,15:38,428.945,429.14,428.76,429.055,73744
TSM,2026-09-04,15:39,429.055,429.18,428.91,429.06,30193
TSM,2026-09-04,15:40,429.06,429.14,428.88,428.915,21556
TSM,2026-09-04,15:41,428.915,428.93,428.83,428.85,21250
TSM,2026-09-04,15:42,428.835,428.86,428.6955,428.71,26083
TSM,2026-09-04,15:43,428.71,428.75,428.58,428.67,22154
TSM,2026-09-04,15:44,428.64,428.67,428.48,428.5325,35679
TSM,2026-09-04,15:45,428.53,428.81,428.42,428.74,72941
TSM,2026-09-04,15:46,428.74,428.781,428.39,428.435,34933
TSM,2026-09-04,15:47,428.435,428.435,428.265,428.37,28574
TSM,2026-09-04,15:48,428.37,428.55,428.23,428.26,37866
TSM,2026-09-04,15:49,428.27,428.32,428.09,428.28,26816
TSM,2026-09-04,15:50,428.32,428.925,428.285,428.895,48665
TSM,2026-09-04,15:51,428.91,428.99,428.785,428.825,40976
TSM,2026-09-04,15:52,428.8,428.87,428.735,428.83,45106
TSM,2026-09-04,15:53,428.8,428.84,428.4984,428.765,55202
TSM,2026-09-04,15:54,428.79,428.87,428.69,428.73,35201
TSM,2026-09-04,15:55,428.74,429.27,428.73,429.08,93009
TSM,2026-09-04,15:56,429.075,429.19,428.66,428.87,93658
TSM,2026-09-04,15:57,428.88,429,428.82,428.95,90084
TSM,2026-09-04,15:58,428.92,429.82,428.78,428.935,193340
TSM,2026-09-04,15:59,428.912,428.935,428.02,428.58,359612
TSM,2026-09-04,16:00,428.91,428.91,428.91,428.91,0
TSM,2026-09-08,09:30,438.02,441.54,436,441.05,1183444
TSM,2026-09-08,09:31,441.095,444.29,441,443.82,182895
TSM,2026-09-08,09:32,443.82,443.87,441.54,441.96,104694
TSM,2026-09-08,09:33,441.95,442.3001,439,440.0672,80624
TSM,2026-09-08,09:34,439.71,440.5,439.16,439.69,101192
TSM,2026-09-08,09:35,439.78,440.1199,439.08,439.36,59128
TSM,2026-09-08,09:36,439.25,439.3,438.43,438.98,54167
TSM,2026-09-08,09:37,439.04,439.15,437.8,438.19,58814
TSM,2026-09-08,09:38,438.25,438.335,437.55,438.335,59238
TSM,2026-09-08,09:39,438.31,439.54,438.13,438.99,89089
TSM,2026-09-08,09:40,438.88,439.35,437.39,437.55,100530
TSM,2026-09-08,09:41,437.58,438.5,437.2401,437.75,64185
TSM,2026-09-08,09:42,437.75,437.75,436.44,436.55,77203
TSM,2026-09-08,09:43,436.545,436.75,436.19,436.27,64824
TSM,2026-09-08,09:44,436.31,436.32,435.26,435.46,89712
TSM,2026-09-08,09:45,435.48,435.9,435.25,435.57,72328
TSM,2026-09-08,09:46,435.69,435.78,434.771,435.23,45071
TSM,2026-09-08,09:47,435.2,435.31,434.7,434.99,44266
TSM,2026-09-08,09:48,434.9,435.189,434.55,434.85,41862
TSM,2026-09-08,09:49,434.7695,435.57,434.68,435.42,32526
TSM,2026-09-08,09:50,435.49,435.5,434.7,434.975,31056
TSM,2026-09-08,09:51,435.25,435.25,434.6,434.88,50206
TSM,2026-09-08,09:52,434.99,435.09,434.44,434.605,40268
TSM,2026-09-08,09:53,434.605,434.605,433.85,433.9727,50516
TSM,2026-09-08,09:54,434.07,434.69,433.93,434.58,46466
TSM,2026-09-08,09:55,434.5875,434.79,433.865,434.615,63161
TSM,2026-09-08,09:56,434.605,434.89,434.165,434.3306,26620
TSM,2026-09-08,09:57,434.3725,434.59,434.1383,434.34,32696
TSM,2026-09-08,09:58,434.395,434.7295,434.085,434.7295,34013
TSM,2026-09-08,09:59,434.58,434.73,433.84,434.02,65967
TSM,2026-09-08,10:00,433.99,434.26,433.72,433.84,24678
TSM,2026-09-08,10:01,433.9025,434.73,433.76,434.28,50088
TSM,2026-09-08,10:02,434.34,434.4,433.94,434.35,49845
TSM,2026-09-08,10:03,434.4,434.98,434.265,434.68,22029
TSM,2026-09-08,10:04,434.75,434.9799,434.08,434.2,31262
TSM,2026-09-08,10:05,434.17,434.45,434.075,434.23,20469
TSM,2026-09-08,10:06,434.16,434.33,433.72,434.05,39332
TSM,2026-09-08,10:07,433.91,434.4199,433.86,434.12,16847
TSM,2026-09-08,10:08,434.11,434.47,434.02,434.155,12449
TSM,2026-09-08,10:09,434.09,434.54,433.92,434.09,22761
TSM,2026-09-08,10:10,434.05,434.38,433.74,434.215,15261
TSM,2026-09-08,10:11,434.215,434.4199,434.04,434.15,28308
TSM,2026-09-08,10:12,434.29,434.9199,434.29,434.865,37101
TSM,2026-09-08,10:13,434.94,435.1583,434.655,435.05,26940
TSM,2026-09-08,10:14,435.08,435.16,434.69,434.705,18126
TSM,2026-09-08,10:15,434.705,435.32,434.685,434.92,24357
TSM,2026-09-08,10:16,435,435.231,434.52,435,18488
TSM,2026-09-08,10:17,434.98,435.31,434.8,434.9425,24163
TSM,2026-09-08,10:18,434.945,435.14,434.8,434.8975,20624
TSM,2026-09-08,10:19,434.81,434.99,434.51,434.69,42572
TSM,2026-09-08,10:20,434.68,435.5,434.67,435.49,35634
TSM,2026-09-08,10:21,435.45,435.67,435.3,435.5861,30378
TSM,2026-09-08,10:22,435.545,435.8399,435.4401,435.685,17384
TSM,2026-09-08,10:23,435.61,435.725,435.02,435.63,34834
TSM,2026-09-08,10:24,435.63,435.75,435.23,435.36,39712
TSM,2026-09-08,10:25,435.24,435.35,434.98,435.24,16813
TSM,2026-09-08,10:26,435.25,435.38,434.71,434.9006,28073
TSM,2026-09-08,10:27,434.77,434.905,434.59,434.7146,15065
TSM,2026-09-08,10:28,434.755,434.9,434.37,434.445,14436
TSM,2026-09-08,10:29,434.37,434.9,434.335,434.825,17978
TSM,2026-09-08,10:30,434.825,434.9,434.585,434.585,10975
TSM,2026-09-08,10:31,434.585,435.3984,434.585,435.3984,18578
TSM,2026-09-08,10:32,435.3991,435.4,434.81,434.95,29249
TSM,2026-09-08,10:33,434.94,434.94,434.42,434.62,25521
TSM,2026-09-08,10:34,434.64,434.67,434.5,434.59,15549
TSM,2026-09-08,10:35,434.59,434.59,434.27,434.4,13392
TSM,2026-09-08,10:36,434.34,434.68,434.3,434.68,23846
TSM,2026-09-08,10:37,434.63,434.74,434.37,434.42,18543
TSM,2026-09-08,10:38,434.45,434.82,434.38,434.6305,12191
TSM,2026-09-08,10:39,434.79,434.82,434.4601,434.61,9872
TSM,2026-09-08,10:40,434.515,434.7399,434.42,434.59,9320
TSM,2026-09-08,10:41,434.66,434.8,434.5101,434.685,9745
TSM,2026-09-08,10:42,434.66,434.96,434.66,434.7459,16326
TSM,2026-09-08,10:43,434.85,435,434.79,434.97,13103
TSM,2026-09-08,10:44,434.92,435.46,434.92,435.275,16266
TSM,2026-09-08,10:45,435.2939,435.88,434.97,435.785,68589
TSM,2026-09-08,10:46,435.88,435.94,435.37,435.47,25805
TSM,2026-09-08,10:47,435.435,435.6,435.34,435.34,19777
TSM,2026-09-08,10:48,435.34,435.98,435.3,435.98,47931
TSM,2026-09-08,10:49,435.91,436.36,435.66,435.73,50676
TSM,2026-09-08,10:50,435.78,436.05,435.78,435.94,26166
TSM,2026-09-08,10:51,435.96,436.11,435.81,435.82,26035
TSM,2026-09-08,10:52,435.82,435.86,435.54,435.65,44283
TSM,2026-09-08,10:53,435.65,436,435.58,435.81,17930
TSM,2026-09-08,10:54,435.81,435.8799,435.43,435.44,21221
TSM,2026-09-08,10:55,435.44,435.6699,435.43,435.56,28813
TSM,2026-09-08,10:56,435.61,435.62,435.29,435.53,17960
TSM,2026-09-08,10:57,435.53,435.75,435.46,435.71,15587
TSM,2026-09-08,10:58,435.6765,436.51,435.63,436.51,38724
TSM,2026-09-08,10:59,436.51,437.255,436.5,437.195,23806
TSM,2026-09-08,11:00,437.195,437.195,436.74,437.065,77640
TSM,2026-09-08,11:01,437.075,437.52,436.93,437.365,48198
TSM,2026-09-08,11:02,437.365,437.83,437.2933,437.69,51651
TSM,2026-09-08,11:03,437.69,437.92,437.58,437.7899,48841
TSM,2026-09-08,11:04,437.78,438.35,437.7,438.1666,63523
TSM,2026-09-08,11:05,438.135,438.4,438.01,438.19,38969
TSM,2026-09-08,11:06,438.13,438.32,437.91,437.92,16293
TSM,2026-09-08,11:07,437.92,438.48,437.72,438.32,43413
TSM,2026-09-08,11:08,438.45,438.61,438.19,438.3247,30919
TSM,2026-09-08,11:09,438.32,438.4633,438,438.265,18231
TSM,2026-09-08,11:10,438.265,438.4,438.0809,438.32,8605
TSM,2026-09-08,11:11,438.379,438.5,438.13,438.4711,16474
TSM,2026-09-08,11:12,438.48,439.04,438.47,438.901,29672
TSM,2026-09-08,11:13,438.895,439.29,438.86,439.25,25484
TSM,2026-09-08,11:14,439.255,439.39,438.7401,438.9,25327
TSM,2026-09-08,11:15,438.875,439.2343,438.78,439.125,13208
TSM,2026-09-08,11:16,439.125,439.6189,439.125,439.13,21973
TSM,2026-09-08,11:17,439.13,439.19,438.7201,438.9929,99958
TSM,2026-09-08,11:18,439.025,439.76,438.96,439.745,75534
TSM,2026-09-08,11:19,439.74,440.03,439.08,439.63,127231
TSM,2026-09-08,11:20,439.6,439.705,439.26,439.49,47449
TSM,2026-09-08,11:21,439.48,439.625,439.1,439.15,46285
TSM,2026-09-08,11:22,439.16,439.3322,439.0799,439.31,50118
TSM,2026-09-08,11:23,439.2779,439.87,439.2779,439.765,15223
TSM,2026-09-08,11:24,439.84,440.06,439.74,440,21311
TSM,2026-09-08,11:25,439.8825,440.24,439.8228,440,63793
TSM,2026-09-08,11:26,439.93,440.06,439.695,439.74,15791
TSM,2026-09-08,11:27,439.735,439.81,439.51,439.65,11166
TSM,2026-09-08,11:28,439.63,439.74,439.1,439.14,27634
TSM,2026-09-08,11:29,439.18,439.435,439.01,439.3813,29046
TSM,2026-09-08,11:30,439.435,439.435,439.14,439.34,12503
TSM,2026-09-08,11:31,439.34,439.62,439.34,439.59,12901
TSM,2026-09-08,11:32,439.61,439.785,439.4701,439.785,18837
TSM,2026-09-08,11:33,439.8078,439.8078,439.2401,439.285,54428
TSM,2026-09-08,11:34,439.29,439.34,438.89,439.225,34767
TSM,2026-09-08,11:35,439.225,439.29,439.09,439.135,24286
TSM,2026-09-08,11:36,439.18,439.785,439.18,439.785,12655
TSM,2026-09-08,11:37,439.785,440,439.77,439.905,36517
TSM,2026-09-08,11:38,439.905,440.04,439.625,440.02,29406
TSM,2026-09-08,11:39,440.04,440.34,439.85,440.23,160112
TSM,2026-09-08,11:40,440.285,440.78,440.16,440.775,107895
TSM,2026-09-08,11:41,440.8,441.245,440.8,441.245,27330
TSM,2026-09-08,11:42,441.2201,441.475,441.17,441.31,20925
TSM,2026-09-08,11:43,441.27,441.4,440.98,441.22,28716
TSM,2026-09-08,11:44,441.21,441.76,441.14,441.74,13009
TSM,2026-09-08,11:45,441.75,441.77,441.27,441.555,14757
TSM,2026-09-08,11:46,441.55,441.83,441.5,441.77,13547
TSM,2026-09-08,11:47,441.8,441.9699,441.71,441.95,16261
TSM,2026-09-08,11:48,441.96,442.1,441.6,441.63,43226
TSM,2026-09-08,11:49,441.635,441.95,441.61,441.93,25688
TSM,2026-09-08,11:50,441.96,442.005,441.82,441.875,14361
TSM,2026-09-08,11:51,441.875,442,441.65,441.76,14229
TSM,2026-09-08,11:52,441.77,441.9,441.685,441.77,18516
TSM,2026-09-08,11:53,441.79,441.79,441.275,441.55,24797
TSM,2026-09-08,11:54,441.49,441.575,441.38,441.57,15147
TSM,2026-09-08,11:55,441.585,441.63,440.84,441.05,13113
TSM,2026-09-08,11:56,441.05,441.54,441.05,441.47,13050
TSM,2026-09-08,11:57,441.47,441.82,441.45,441.71,28883
TSM,2026-09-08,11:58,441.67,441.81,441.58,441.605,12658
TSM,2026-09-08,11:59,441.622,441.8,441.55,441.6,11090
TSM,2026-09-08,12:00,441.6799,441.79,441.51,441.78,13658
TSM,2026-09-08,12:01,441.79,442.08,441.5701,442.05,20568
TSM,2026-09-08,12:02,442.0301,442.14,441.95,442.07,16434
TSM,2026-09-08,12:03,442.08,442.08,441.6,441.71,25928
TSM,2026-09-08,12:04,441.67,441.78,441.41,441.46,12970
TSM,2026-09-08,12:05,441.46,441.5,441.29,441.49,9211
TSM,2026-09-08,12:06,441.51,441.87,441.509,441.84,41013
TSM,2026-09-08,12:07,441.84,441.84,441.59,441.7,43215
TSM,2026-09-08,12:08,441.7,442.045,441.67,441.95,20314
TSM,2026-09-08,12:09,441.92,442.18,441.66,441.66,34583
TSM,2026-09-08,12:10,441.64,441.69,441.41,441.66,88919
TSM,2026-09-08,12:11,441.63,441.67,441.0301,441.14,88985
TSM,2026-09-08,12:12,441.085,441.18,440.84,440.94,18687
TSM,2026-09-08,12:13,440.9425,441.17,440.81,440.95,15214
TSM,2026-09-08,12:14,440.94,440.9998,440.55,440.585,14542
TSM,2026-09-08,12:15,440.56,440.59,440.29,440.355,17745
TSM,2026-09-08,12:16,440.31,440.37,439.78,439.92,28269
TSM,2026-09-08,12:17,439.925,440,439.77,439.8117,15292
TSM,2026-09-08,12:18,439.909,439.96,439.56,439.61,17592
TSM,2026-09-08,12:19,439.645,439.71,439.18,439.18,33072
TSM,2026-09-08,12:20,439.21,439.75,439.18,439.75,14214
TSM,2026-09-08,12:21,439.72,439.8341,439.63,439.695,10053
TSM,2026-09-08,12:22,439.695,439.735,439.47,439.67,15911
TSM,2026-09-08,12:23,439.72,439.72,439.515,439.54,8635
TSM,2026-09-08,12:24,439.665,439.665,439.47,439.5632,7707
TSM,2026-09-08,12:25,439.615,439.79,439.56,439.6175,34105
TSM,2026-09-08,12:26,439.615,439.615,439.24,439.255,7955
TSM,2026-09-08,12:27,439.255,439.54,439.2101,439.416,11775
TSM,2026-09-08,12:28,439.41,439.41,439.08,439.26,14304
TSM,2026-09-08,12:29,439.27,439.27,438.86,438.92,18373
TSM,2026-09-08,12:30,438.86,438.915,438.77,438.77,11943
TSM,2026-09-08,12:31,438.81,438.94,438.7,438.7231,13200
TSM,2026-09-08,12:32,438.69,438.735,438.52,438.57,10713
TSM,2026-09-08,12:33,438.555,438.82,438.555,438.78,13817
TSM,2026-09-08,12:34,438.78,438.88,438.64,438.64,18547
TSM,2026-09-08,12:35,438.64,438.72,438.52,438.715,9998
TSM,2026-09-08,12:36,438.7,438.79,438.67,438.78,5152
TSM,2026-09-08,12:37,438.72,438.78,438.6,438.75,11091
TSM,2026-09-08,12:38,438.66,438.7,438.43,438.48,15886
TSM,2026-09-08,12:39,438.45,438.53,438.3901,438.4,8893
TSM,2026-09-08,12:40,438.46,438.75,438.46,438.535,10512
TSM,2026-09-08,12:41,438.58,438.7399,438.5,438.65,9639
TSM,2026-09-08,12:42,438.66,438.695,438.6,438.62,5079
TSM,2026-09-08,12:43,438.595,438.63,438.52,438.61,11893
TSM,2026-09-08,12:44,438.62,438.65,438.45,438.455,12446
TSM,2026-09-08,12:45,438.455,438.5875,438.35,438.3799,10137
TSM,2026-09-08,12:46,438.3401,438.67,438.2924,438.67,25477
TSM,2026-09-08,12:47,438.67,439.03,438.67,439.0299,21414
TSM,2026-09-08,12:48,439.02,439.16,438.77,438.93,16221
TSM,2026-09-08,12:49,438.87,439.03,438.87,438.9999,9028
TSM,2026-09-08,12:50,438.9,439.38,438.86,439.315,16646
TSM,2026-09-08,12:51,439.3,439.3,439.0807,439.24,10441
TSM,2026-09-08,12:52,439.2391,439.3465,439.08,439.09,12510
TSM,2026-09-08,12:53,439.07,439.29,439.03,439.18,12279
TSM,2026-09-08,12:54,439.18,439.19,439.02,439.0401,6474
TSM,2026-09-08,12:55,439.19,439.19,439.04,439.15,4970
TSM,2026-09-08,12:56,439.15,439.19,438.76,439.125,20347
TSM,2026-09-08,12:57,439.08,439.1,438.96,438.99,7866
TSM,2026-09-08,12:58,438.9975,439.02,438.79,438.8768,10536
TSM,2026-09-08,12:59,438.8367,439.125,438.66,439.06,34802
TSM,2026-09-08,13:00,439.08,439.77,439.08,439.74,14660
TSM,2026-09-08,13:01,439.735,440.615,439.735,440.615,24829
TSM,2026-09-08,13:02,440.61,440.75,440.38,440.56,15038
TSM,2026-09-08,13:03,440.527,440.66,440.4323,440.47,10059
TSM,2026-09-08,13:04,440.47,440.51,440.22,440.33,16521
TSM,2026-09-08,13:05,440.34,440.45,440.21,440.31,22423
TSM,2026-09-08,13:06,440.3225,440.695,440.21,440.585,15171
TSM,2026-09-08,13:07,440.62,440.7,440.51,440.51,11786
TSM,2026-09-08,13:08,440.545,440.7,440.54,440.69,8592
TSM,2026-09-08,13:09,440.69,440.74,440.525,440.6701,23342
TSM,2026-09-08,13:10,440.705,440.95,440.62,440.85,14524
TSM,2026-09-08,13:11,440.8536,440.88,440.7179,440.785,5296
TSM,2026-09-08,13:12,440.79,441.12,440.79,440.945,23724
TSM,2026-09-08,13:13,440.935,441.05,440.85,440.92,24957
TSM,2026-09-08,13:14,440.94,440.94,440.75,440.895,6511
TSM,2026-09-08,13:15,440.895,440.9978,440.8001,440.86,7019
TSM,2026-09-08,13:16,440.86,441.04,440.848,441.035,12533
TSM,2026-09-08,13:17,441.04,441.1,440.87,440.97,32385
TSM,2026-09-08,13:18,441,441.085,440.88,441.025,7376
TSM,2026-09-08,13:19,440.99,441.15,440.93,441.025,13063
TSM,2026-09-08,13:20,440.98,441.1,440.94,441.01,7163
TSM,2026-09-08,13:21,441.01,441.19,440.975,441.16,18592
TSM,2026-09-08,13:22,441.155,441.35,441.095,441.335,11577
TSM,2026-09-08,13:23,441.34,441.71,441.28,441.65,17048
TSM,2026-09-08,13:24,441.655,441.71,441.44,441.48,23814
TSM,2026-09-08,13:25,441.455,441.4895,441.28,441.305,13351
TSM,2026-09-08,13:26,441.315,441.3184,441.075,441.215,19763
TSM,2026-09-08,13:27,441.215,441.26,441.0101,441.03,22511
TSM,2026-09-08,13:28,441.01,441.28,441.01,441.27,13765
TSM,2026-09-08,13:29,441.285,441.44,441.22,441.335,14637
TSM,2026-09-08,13:30,441.37,441.45,441.18,441.19,16670
TSM,2026-09-08,13:31,441.18,441.2267,441,441.2,23463
TSM,2026-09-08,13:32,441.1867,441.4,441.1401,441.37,9318
TSM,2026-09-08,13:33,441.43,441.46,441.14,441.18,31616
TSM,2026-09-08,13:34,441.15,441.34,441.14,441.3,26032
TSM,2026-09-08,13:35,441.3,441.36,441.21,441.2757,10091
TSM,2026-09-08,13:36,441.3,441.36,440.83,440.94,19351
TSM,2026-09-08,13:37,440.935,441,440.85,440.91,9218
TSM,2026-09-08,13:38,440.91,441,440.75,440.77,13758
TSM,2026-09-08,13:39,440.775,440.835,440.6,440.625,14968
TSM,2026-09-08,13:40,440.62,440.64,440.145,440.22,14290
TSM,2026-09-08,13:41,440.19,440.4,440.05,440.17,15991
TSM,2026-09-08,13:42,440.17,440.52,440.09,440.485,11751
TSM,2026-09-08,13:43,440.52,440.78,440.46,440.46,22422
TSM,2026-09-08,13:44,440.47,440.575,440.41,440.49,8780
TSM,2026-09-08,13:45,440.46,440.53,440.31,440.33,13707
TSM,2026-09-08,13:46,440.315,440.46,440.27,440.445,8913
TSM,2026-09-08,13:47,440.435,440.435,440.16,440.32,11663
TSM,2026-09-08,13:48,440.32,440.335,440.19,440.335,8751
TSM,2026-09-08,13:49,440.335,440.37,440.245,440.245,6994
TSM,2026-09-08,13:50,440.245,440.3,440.01,440.13,9252
TSM,2026-09-08,13:51,440.13,440.3,439.98,440.3,12609
TSM,2026-09-08,13:52,440.24,440.41,440.22,440.26,16058
TSM,2026-09-08,13:53,440.25,440.49,440.2,440.46,19737
TSM,2026-09-08,13:54,440.46,440.6,440.37,440.45,25458
TSM,2026-09-08,13:55,440.45,440.6,440.37,440.49,15634
TSM,2026-09-08,13:56,440.555,440.6,440.11,440.195,17100
TSM,2026-09-08,13:57,440.15,440.195,439.6501,439.81,25767
TSM,2026-09-08,13:58,439.85,440.13,439.85,440.06,36616
TSM,2026-09-08,13:59,440.06,440.3,439.99,440.14,30177
TSM,2026-09-08,14:00,440.14,440.23,439.51,439.58,27126
TSM,2026-09-08,14:01,439.5364,439.9399,439.52,439.935,12118
TSM,2026-09-08,14:02,439.94,440.1799,439.9,440.08,11168
TSM,2026-09-08,14:03,440.115,440.23,440.01,440.08,11511
TSM,2026-09-08,14:04,440.01,440.26,440.01,440.24,10415
TSM,2026-09-08,14:05,440.21,440.46,440.2,440.46,10694
TSM,2026-09-08,14:06,440.46,440.47,440.34,440.45,13050
TSM,2026-09-08,14:07,440.44,440.55,440.34,440.51,15531
TSM,2026-09-08,14:08,440.51,440.93,440.51,440.81,14724
TSM,2026-09-08,14:09,440.81,441.0494,440.56,440.675,27308
TSM,2026-09-08,14:10,440.7,440.71,440.35,440.56,9205
TSM,2026-09-08,14:11,440.52,440.57,440.39,440.435,6888
TSM,2026-09-08,14:12,440.435,440.56,440.4,440.435,8525
TSM,2026-09-08,14:13,440.435,440.47,440.34,440.39,6362
TSM,2026-09-08,14:14,440.36,440.549,440.31,440.4841,6683
TSM,2026-09-08,14:15,440.51,440.7799,440.51,440.72,6341
TSM,2026-09-08,14:16,440.71,441,440.71,440.83,11194
TSM,2026-09-08,14:17,440.815,440.87,440.76,440.87,7143
TSM,2026-09-08,14:18,440.825,440.919,440.815,440.815,10375
TSM,2026-09-08,14:19,440.82,440.835,440.67,440.74,7087
TSM,2026-09-08,14:20,440.71,440.91,440.71,440.91,11612
TSM,2026-09-08,14:21,440.92,440.92,440.67,440.705,8758
TSM,2026-09-08,14:22,440.705,440.81,440.68,440.755,9205
TSM,2026-09-08,14:23,440.755,440.785,440.63,440.695,8201
TSM,2026-09-08,14:24,440.695,440.765,440.6,440.69,11473
TSM,2026-09-08,14:25,440.68,440.9216,440.65,440.86,9652
TSM,2026-09-08,14:26,440.9499,441.12,440.77,441.07,13478
TSM,2026-09-08,14:27,441.1,441.13,440.92,440.945,13615
TSM,2026-09-08,14:28,440.945,440.945,440.86,440.89,7138
TSM,2026-09-08,14:29,440.905,441.08,440.64,440.955,9538
TSM,2026-09-08,14:30,440.98,440.99,440.91,440.96,4582
TSM,2026-09-08,14:31,440.96,441.02,440.92,441.005,9656
TSM,2026-09-08,14:32,440.9734,441.16,440.96,441.115,10342
TSM,2026-09-08,14:33,441.115,441.2,440.94,440.95,23609
TSM,2026-09-08,14:34,440.98,441.075,440.95,440.98,9265
TSM,2026-09-08,14:35,440.95,441.02,440.79,440.995,12469
TSM,2026-09-08,14:36,441.01,441.155,441.0001,441.085,15487
TSM,2026-09-08,14:37,441.0501,441.315,441.05,441.25,47595
TSM,2026-09-08,14:38,441.26,441.33,441.19,441.295,20011
TSM,2026-09-08,14:39,441.295,441.295,440.925,441.064,14876
TSM,2026-09-08,14:40,441.025,441.1,440.84,440.84,7553
TSM,2026-09-08,14:41,440.85,440.88,440.62,440.71,23633
TSM,2026-09-08,14:42,440.695,440.83,440.695,440.81,7912
TSM,2026-09-08,14:43,440.8,440.945,440.76,440.84,9156
TSM,2026-09-08,14:44,440.865,440.865,440.68,440.68,4928
TSM,2026-09-08,14:45,440.6517,440.845,440.65,440.84,8171
TSM,2026-09-08,14:46,440.84,441,440.835,440.97,11291
TSM,2026-09-08,14:47,440.95,441.07,440.61,440.645,23957
TSM,2026-09-08,14:48,440.645,440.645,440.05,440.095,69531
TSM,2026-09-08,14:49,440.095,440.415,439.97,440.07,40201
TSM,2026-09-08,14:50,440.085,440.51,440.085,440.435,12287
TSM,2026-09-08,14:51,440.5,440.53,440.12,440.135,13160
TSM,2026-09-08,14:52,440.12,440.25,439.445,439.45,38598
TSM,2026-09-08,14:53,439.47,440.265,439.45,440.265,14514
TSM,2026-09-08,14:54,440.265,440.29,440.04,440.23,10152
TSM,2026-09-08,14:55,440.23,440.36,440.01,440.08,11256
TSM,2026-09-08,14:56,440.1117,440.17,440.04,440.06,9649
TSM,2026-09-08,14:57,440.0743,440.11,439.9,440.03,12442
TSM,2026-09-08,14:58,440,440.0849,439.7872,440.06,11626
TSM,2026-09-08,14:59,440.125,440.18,440,440.0474,8897
TSM,2026-09-08,15:00,440.05,440.17,439.98,440.13,15017
TSM,2026-09-08,15:01,440.17,440.26,439.98,440.15,13222
TSM,2026-09-08,15:02,440.15,440.2599,439.77,439.7825,14208
TSM,2026-09-08,15:03,439.795,439.8,439.395,439.395,8179
TSM,2026-09-08,15:04,439.395,439.52,439.11,439.435,21504
TSM,2026-09-08,15:05,439.39,439.585,439.32,439.55,14864
TSM,2026-09-08,15:06,439.56,439.6209,439.36,439.395,9456
TSM,2026-09-08,15:07,439.46,439.76,439.39,439.735,12715
TSM,2026-09-08,15:08,439.7,439.78,439.45,439.5,14617
TSM,2026-09-08,15:09,439.5,439.51,439,439.04,14500
TSM,2026-09-08,15:10,439.01,439.525,439.01,439.505,18195
TSM,2026-09-08,15:11,439.505,439.69,439.505,439.6,9032
TSM,2026-09-08,15:12,439.615,439.67,439.54,439.61,17851
TSM,2026-09-08,15:13,439.61,439.87,439.565,439.62,20508
TSM,2026-09-08,15:14,439.62,439.6755,439.5,439.57,13083
TSM,2026-09-08,15:15,439.5701,439.8,439.54,439.76,17024
TSM,2026-09-08,15:16,439.8,439.96,439.69,439.96,12238
TSM,2026-09-08,15:17,439.93,440.18,439.91,440.16,16276
TSM,2026-09-08,15:18,440.155,440.25,440.06,440.1,12053
TSM,2026-09-08,15:19,440.05,440.13,439.93,439.96,11628
TSM,2026-09-08,15:20,439.93,439.9514,439.7,439.725,10785
TSM,2026-09-08,15:21,439.725,439.88,439.67,439.87,12669
TSM,2026-09-08,15:22,439.81,439.81,439.49,439.54,14027
TSM,2026-09-08,15:23,439.5544,439.5544,439.29,439.31,9254
TSM,2026-09-08,15:24,439.27,439.31,438.839,438.96,19944
TSM,2026-09-08,15:25,438.96,439.45,438.84,438.85,46082
TSM,2026-09-08,15:26,438.85,439.06,438.76,439.0399,30953
TSM,2026-09-08,15:27,439,439.1044,438.925,439.04,9248
TSM,2026-09-08,15:28,438.99,439.04,438.72,438.8,19910
TSM,2026-09-08,15:29,438.79,438.95,438.63,438.72,18675
TSM,2026-09-08,15:30,438.68,438.78,438.16,438.37,26041
TSM,2026-09-08,15:31,438.33,438.71,438.31,438.67,15281
TSM,2026-09-08,15:32,438.687,438.7,438.355,438.365,34150
TSM,2026-09-08,15:33,438.37,438.9161,438.345,438.885,26033
TSM,2026-09-08,15:34,438.89,439.05,438.85,438.91,21268
TSM,2026-09-08,15:35,438.88,438.96,438.47,438.55,32125
TSM,2026-09-08,15:36,438.575,438.71,438.42,438.42,19348
TSM,2026-09-08,15:37,438.41,438.4771,438.2601,438.395,20043
TSM,2026-09-08,15:38,438.395,438.5,438.09,438.1,35967
TSM,2026-09-08,15:39,438.05,438.69,438.04,438.385,54202
TSM,2026-09-08,15:40,438.385,438.67,438.13,438.59,39323
TSM,2026-09-08,15:41,438.53,439.2,438.44,439.19,66022
TSM,2026-09-08,15:42,439.17,439.31,438.81,438.855,48491
TSM,2026-09-08,15:43,438.83,438.895,438.41,438.4225,38846
TSM,2026-09-08,15:44,438.425,438.63,438.28,438.455,38053
TSM,2026-09-08,15:45,438.455,438.65,438.33,438.36,58185
TSM,2026-09-08,15:46,438.36,438.47,438.15,438.34,39002
TSM,2026-09-08,15:47,438.34,438.37,438.1,438.14,29763
TSM,2026-09-08,15:48,438.14,439.04,438.14,438.99,42709
TSM,2026-09-08,15:49,438.94,439.2,438.75,439.2,29054
TSM,2026-09-08,15:50,439.23,439.78,439.17,439.695,59582
TSM,2026-09-08,15:51,439.715,439.91,439.3,439.3,91759
TSM,2026-09-08,15:52,439.3,439.33,438.97,439.13,73392
TSM,2026-09-08,15:53,439.115,439.24,438.97,439.145,77016
TSM,2026-09-08,15:54,439.145,439.29,438.97,439.15,70313
TSM,2026-09-08,15:55,439.17,439.57,438.92,439.15,114862
TSM,2026-09-08,15:56,439.16,439.49,439.04,439.43,78011
TSM,2026-09-08,15:57,439.42,439.48,439.11,439.16,123921
TSM,2026-09-08,15:58,439.185,439.31,439.04,439.075,177564
TSM,2026-09-08,15:59,439.045,439.44,439,439.01,288552
TSM,2026-09-08,16:00,439,439,439,439,0
TSM,2026-09-09,09:30,434.46,438.23,434.46,437.17,423446
TSM,2026-09-09,09:31,437.06,437.9,436.24,437.68,36873
TSM,2026-09-09,09:32,437.78,438.87,437.78,438.78,36602
TSM,2026-09-09,09:33,438.78,438.87,438.07,438.695,34358
TSM,2026-09-09,09:34,438.79,439.4,438.59,438.7701,42974
TSM,2026-09-09,09:35,438.845,438.99,437.7584,438.18,28927
TSM,2026-09-09,09:36,438.115,438.265,437,437.09,26844
TSM,2026-09-09,09:37,437.085,438.87,436.965,438.79,32231
TSM,2026-09-09,09:38,438.71,438.87,437.505,437.82,43889
TSM,2026-09-09,09:39,437.89,438.1,437.62,437.81,28756
TSM,2026-09-09,09:40,437.81,438.22,437.63,437.715,27375
TSM,2026-09-09,09:41,437.715,437.82,437.2205,437.25,31635
TSM,2026-09-09,09:42,437.25,437.6347,436.68,436.7346,20623
TSM,2026-09-09,09:43,436.7511,437.1651,436.6101,436.965,20585
TSM,2026-09-09,09:44,436.965,437.49,436.9,437.49,22096
TSM,2026-09-09,09:45,437.4,437.4,436.69,436.83,16699
TSM,2026-09-09,09:46,436.8475,436.8475,436.5,436.69,25889
TSM,2026-09-09,09:47,436.735,436.9,436.3308,436.3308,21447
TSM,2026-09-09,09:48,436.28,437.09,436.19,436.88,34979
TSM,2026-09-09,09:49,436.88,437.4999,436.76,436.945,23058
TSM,2026-09-09,09:50,436.93,437,436.36,436.84,12550
TSM,2026-09-09,09:51,436.84,437,436.5,436.83,19147
TSM,2026-09-09,09:52,436.89,437.1799,436.71,436.9,13938
TSM,2026-09-09,09:53,436.9,437.175,436.8,437.12,12487
TSM,2026-09-09,09:54,437.04,437.48,436.83,437.4,21252
TSM,2026-09-09,09:55,437.4,438.16,437.19,437.83,22093
TSM,2026-09-09,09:56,437.83,438.1086,437.76,437.91,15881
TSM,2026-09-09,09:57,437.9,437.92,437.43,437.43,16515
TSM,2026-09-09,09:58,437.39,438.255,437.2,438.255,21645
TSM,2026-09-09,09:59,438.255,438.52,438.02,438.36,19410
TSM,2026-09-09,10:00,438.25,438.34,437.67,437.75,23631
TSM,2026-09-09,10:01,437.815,437.93,437.38,437.5,17197
TSM,2026-09-09,10:02,437.5,438.015,437.3986,437.73,24848
TSM,2026-09-09,10:03,437.73,439.15,437.6001,439,34900
TSM,2026-09-09,10:04,439,439.24,438.66,438.83,20614
TSM,2026-09-09,10:05,438.83,439.1,438.155,438.3,21565
TSM,2026-09-09,10:06,438.3,438.58,438.12,438.1907,17346
TSM,2026-09-09,10:07,438.195,438.5399,437.935,438.2364,11219
TSM,2026-09-09,10:08,438.22,438.29,437.87,437.93,14526
TSM,2026-09-09,10:09,437.93,438.3,437.85,438.23,14882
TSM,2026-09-09,10:10,438.32,438.33,437.965,438.07,14635
TSM,2026-09-09,10:11,438.07,438.18,437.71,437.81,63010
TSM,2026-09-09,10:12,437.8,438.66,437.7,438.37,57033
TSM,2026-09-09,10:13,438.38,438.755,438.21,438.41,28202
TSM,2026-09-09,10:14,438.32,438.42,438.11,438.38,13552
TSM,2026-09-09,10:15,438.32,438.36,437.31,437.31,19111
TSM,2026-09-09,10:16,437.3,437.32,436.6201,436.83,26466
TSM,2026-09-09,10:17,436.84,437.285,436.78,436.98,13103
TSM,2026-09-09,10:18,436.86,437.09,436.685,437.09,18974
TSM,2026-09-09,10:19,437.15,437.15,436.29,436.385,16364
TSM,2026-09-09,10:20,436.385,436.53,435.59,435.73,31191
TSM,2026-09-09,10:21,435.68,435.9254,435.5301,435.685,14826
TSM,2026-09-09,10:22,435.675,435.77,435.29,435.485,43483
TSM,2026-09-09,10:23,435.4739,435.5599,435.1,435.12,24032
TSM,2026-09-09,10:24,435.12,435.47,434.845,434.845,44175
TSM,2026-09-09,10:25,434.8599,435.585,434.835,435.435,20409
TSM,2026-09-09,10:26,435.435,435.57,435.23,435.29,16298
TSM,2026-09-09,10:27,435.3,435.85,435.06,435.75,15836
TSM,2026-09-09,10:28,435.75,435.895,435.55,435.73,17069
TSM,2026-09-09,10:29,435.76,435.97,435.595,435.7739,18763
TSM,2026-09-09,10:30,435.765,435.9,435.5,435.6425,20426
TSM,2026-09-09,10:31,435.645,435.93,435.43,435.51,14964
TSM,2026-09-09,10:32,435.62,436.1,435.47,435.72,14956
TSM,2026-09-09,10:33,435.61,435.92,435.56,435.92,13239
TSM,2026-09-09,10:34,435.84,435.96,435.6975,435.86,13382
TSM,2026-09-09,10:35,435.9,435.91,435.65,435.745,14716
TSM,2026-09-09,10:36,435.745,436.03,435.68,435.74,14400
TSM,2026-09-09,10:37,435.7116,435.765,435.42,435.505,20503
TSM,2026-09-09,10:38,435.505,435.74,435.44,435.62,17117
TSM,2026-09-09,10:39,435.62,436.1399,435.48,436.1399,15896
TSM,2026-09-09,10:40,436.07,436.215,435.915,436.095,9502
TSM,2026-09-09,10:41,436.18,436.18,435.89,436.03,11684
TSM,2026-09-09,10:42,436.03,436.03,435.55,435.555,12587
TSM,2026-09-09,10:43,435.555,435.64,435.47,435.535,11223
TSM,2026-09-09,10:44,435.535,435.8,435.485,435.575,12854
TSM,2026-09-09,10:45,435.605,435.63,435.25,435.575,12181
TSM,2026-09-09,10:46,435.5032,436.24,435.4601,436.125,17395
TSM,2026-09-09,10:47,436.14,436.2788,435.92,435.93,17303
TSM,2026-09-09,10:48,435.9733,436.03,435.82,435.98,8582
TSM,2026-09-09,10:49,436,436.15,435.94,436.15,8594
TSM,2026-09-09,10:50,436.105,436.255,436.07,436.13,10428
TSM,2026-09-09,10:51,436.13,436.1899,436.01,436.075,12064
TSM,2026-09-09,10:52,436.13,436.5,436.01,436.19,16870
TSM,2026-09-09,10:53,436.16,436.18,436,436.005,19280
TSM,2026-09-09,10:54,436.005,436.09,435.92,435.925,11935
TSM,2026-09-09,10:55,435.925,436.215,435.92,436.06,11825
TSM,2026-09-09,10:56,436.05,436.22,435.985,436.155,18179
TSM,2026-09-09,10:57,436.155,436.1995,435.87,435.995,12971
TSM,2026-09-09,10:58,435.995,436.555,435.94,436.555,17109
TSM,2026-09-09,10:59,436.555,436.73,436.37,436.415,15391
TSM,2026-09-09,11:00,436.415,437.055,436.26,436.83,32877
TSM,2026-09-09,11:01,436.83,436.94,436.155,436.26,13293
TSM,2026-09-09,11:02,436.1976,436.455,436.13,436.13,6707
TSM,2026-09-09,11:03,436.14,436.25,436.08,436.18,15485
TSM,2026-09-09,11:04,436.18,436.34,436.05,436.3151,20810
TSM,2026-09-09,11:05,436.375,436.495,435.65,435.675,14085
TSM,2026-09-09,11:06,435.6,435.6,435.32,435.43,27832
TSM,2026-09-09,11:07,435.43,435.46,434.88,435.03,37314
TSM,2026-09-09,11:08,435.03,435.18,434.65,434.85,20574
TSM,2026-09-09,11:09,434.89,434.93,434.5,434.66,20100
TSM,2026-09-09,11:10,434.6175,434.76,434.495,434.55,11277
TSM,2026-09-09,11:11,434.48,434.6,434.18,434.2,23484
TSM,2026-09-09,11:12,434.2,434.2,433.735,433.77,25896
TSM,2026-09-09,11:13,433.7539,434.14,433.7,433.87,18817
TSM,2026-09-09,11:14,433.89,434.065,433.7101,433.7746,27851
TSM,2026-09-09,11:15,433.885,434,433.58,433.58,44596
TSM,2026-09-09,11:16,433.58,433.86,433.41,433.795,17269
TSM,2026-09-09,11:17,433.81,433.84,433.46,433.645,17570
TSM,2026-09-09,11:18,433.645,433.76,433.395,433.53,17180
TSM,2026-09-09,11:19,433.6,433.6,433.095,433.23,22344
TSM,2026-09-09,11:20,433.23,433.5909,433.15,433.3429,22568
TSM,2026-09-09,11:21,433.345,433.55,433.12,433.195,14322
TSM,2026-09-09,11:22,433.17,433.19,432.75,432.79,32042
TSM,2026-09-09,11:23,432.7954,432.7954,431.87,432.24,72832
TSM,2026-09-09,11:24,432.2214,432.3,431.99,432.13,28951
TSM,2026-09-09,11:25,432.12,432.64,432.12,432.49,38302
TSM,2026-09-09,11:26,432.54,432.63,432.26,432.535,8920
TSM,2026-09-09,11:27,432.5,432.59,432.21,432.56,13126
TSM,2026-09-09,11:28,432.4922,432.7365,432.46,432.635,7841
TSM,2026-09-09,11:29,432.68,432.9018,432.57,432.745,7468
TSM,2026-09-09,11:30,432.86,433.36,432.842,433.25,18935
TSM,2026-09-09,11:31,433.245,433.245,432.86,432.86,7753
TSM,2026-09-09,11:32,432.9,433.16,432.855,433.16,7739
TSM,2026-09-09,11:33,433.18,433.37,433.1,433.37,12051
TSM,2026-09-09,11:34,433.36,434.42,433.34,434.35,21831
TSM,2026-09-09,11:35,434.36,434.54,434,434.1425,17388
TSM,2026-09-09,11:36,434.13,434.46,434.12,434.4,10271
TSM,2026-09-09,11:37,434.35,434.36,433.7717,433.88,9735
TSM,2026-09-09,11:38,433.85,433.88,433.5975,433.8,6212
TSM,2026-09-09,11:39,433.7999,434.53,433.57,434.53,10762
TSM,2026-09-09,11:40,434.6,434.77,434.06,434.32,11124
TSM,2026-09-09,11:41,434.22,434.37,433.94,434.02,27017
TSM,2026-09-09,11:42,434.0999,434.1,433.9401,434.01,7147
TSM,2026-09-09,11:43,434.01,434.21,434.0008,434.21,4178
TSM,2026-09-09,11:44,434.13,434.22,434.07,434.12,4885
TSM,2026-09-09,11:45,434.165,434.2982,434,434.0198,7327
TSM,2026-09-09,11:46,434.11,434.26,434.0701,434.26,7085
TSM,2026-09-09,11:47,434.23,434.54,434.23,434.4382,20787
TSM,2026-09-09,11:48,434.4211,434.78,434.4211,434.53,10642
TSM,2026-09-09,11:49,434.56,434.8,434.45,434.725,12853
TSM,2026-09-09,11:50,434.725,435.2,434.7225,435.185,10474
TSM,2026-09-09,11:51,435.185,435.4,435.12,435.2,13372
TSM,2026-09-09,11:52,435.13,435.34,435.07,435.3,14294
TSM,2026-09-09,11:53,435.32,435.44,435.19,435.25,11115
TSM,2026-09-09,11:54,435.175,435.51,435.175,435.51,9078
TSM,2026-09-09,11:55,435.48,435.54,435.21,435.28,10258
TSM,2026-09-09,11:56,435.17,435.25,434.9301,435,15538
TSM,2026-09-09,11:57,435.15,435.18,434.92,434.92,8428
TSM,2026-09-09,11:58,434.94,435.09,434.9,435.05,13293
TSM,2026-09-09,11:59,435.12,435.3,435.054,435.29,17915
TSM,2026-09-09,12:00,435.28,435.65,435.22,435.49,11681
TSM,2026-09-09,12:01,435.4259,435.64,435.325,435.59,20686
TSM,2026-09-09,12:02,435.51,435.85,435.46,435.68,17218
TSM,2026-09-09,12:03,435.68,435.77,435.52,435.65,4746
TSM,2026-09-09,12:04,435.64,435.78,435.53,435.775,4362
TSM,2026-09-09,12:05,435.77,435.77,435.63,435.735,9633
TSM,2026-09-09,12:06,435.735,435.735,435.4148,435.45,8344
TSM,2026-09-09,12:07,435.45,435.45,434.715,434.85,22085
TSM,2026-09-09,12:08,434.77,434.95,434.61,434.78,6371
TSM,2026-09-09,12:09,434.8,434.85,434.4,434.44,8759
TSM,2026-09-09,12:10,434.3327,434.5,434.28,434.5,7671
TSM,2026-09-09,12:11,434.485,434.5,434.36,434.385,3614
TSM,2026-09-09,12:12,434.395,434.474,434.32,434.34,4092
TSM,2026-09-09,12:13,434.2501,434.3,433.95,434.05,9187
TSM,2026-09-09,12:14,433.99,434.19,433.865,433.9425,7854
TSM,2026-09-09,12:15,433.91,433.98,433.675,433.675,5340
TSM,2026-09-09,12:16,433.675,433.82,433.675,433.73,6973
TSM,2026-09-09,12:17,433.73,433.8,433.59,433.63,6637
TSM,2026-09-09,12:18,433.62,433.93,433.6,433.8611,6478
TSM,2026-09-09,12:19,433.775,433.91,433.7,433.75,4042
TSM,2026-09-09,12:20,433.8347,433.8347,433.6,433.7561,27198
TSM,2026-09-09,12:21,433.75,433.9,433.66,433.815,9405
TSM,2026-09-09,12:22,433.82,433.8225,433.59,433.65,6613
TSM,2026-09-09,12:23,433.65,433.75,433.65,433.725,4698
TSM,2026-09-09,12:24,433.7075,433.8,433.6837,433.8,3879
TSM,2026-09-09,12:25,433.755,433.8499,433.5,433.56,9655
TSM,2026-09-09,12:26,433.56,433.68,433.43,433.65,10297
TSM,2026-09-09,12:27,433.7,433.84,433.622,433.66,8098
TSM,2026-09-09,12:28,433.65,433.84,433.65,433.65,5469
TSM,2026-09-09,12:29,433.64,433.85,433.63,433.825,6228
TSM,2026-09-09,12:30,433.7908,433.88,433.6601,433.78,5910
TSM,2026-09-09,12:31,433.765,434.0784,433.765,434.0784,25001
TSM,2026-09-09,12:32,434.08,434.2899,434.08,434.215,5112
TSM,2026-09-09,12:33,434.18,434.28,434.13,434.22,6777
TSM,2026-09-09,12:34,434.3,434.42,434.26,434.39,6154
TSM,2026-09-09,12:35,434.39,434.43,434.23,434.33,19559
TSM,2026-09-09,12:36,434.33,434.49,434.2098,434.49,4676
TSM,2026-09-09,12:37,434.385,434.4899,434.3541,434.395,2950
TSM,2026-09-09,12:38,434.395,434.67,434.395,434.55,11519
TSM,2026-09-09,12:39,434.55,434.89,434.55,434.89,7276
TSM,2026-09-09,12:40,434.89,434.98,434.78,434.905,5275
TSM,2026-09-09,12:41,434.9,435,434.8001,434.96,2924
TSM,2026-09-09,12:42,434.895,434.895,434.55,434.55,10231
TSM,2026-09-09,12:43,434.55,434.66,434.53,434.62,5584
TSM,2026-09-09,12:44,434.58,434.66,434.575,434.61,2161
TSM,2026-09-09,12:45,434.615,434.6599,434.27,434.27,22595
TSM,2026-09-09,12:46,434.26,434.4454,434.08,434.4454,11237
TSM,2026-09-09,12:47,434.31,434.31,434.25,434.28,2272
TSM,2026-09-09,12:48,434.29,434.36,434.16,434.16,7116
TSM,2026-09-09,12:49,434.29,434.33,434.17,434.19,10583
TSM,2026-09-09,12:50,434.17,434.62,434.11,434.4,8860
TSM,2026-09-09,12:51,434.45,434.47,434.335,434.46,5000
TSM,2026-09-09,12:52,434.49,434.52,434.4,434.5199,4834
TSM,2026-09-09,12:53,434.4764,434.4999,434.37,434.4999,3198
TSM,2026-09-09,12:54,434.44,434.57,434.42,434.42,5749
TSM,2026-09-09,12:55,434.49,434.65,434.46,434.48,3175
TSM,2026-09-09,12:56,434.55,434.63,434.47,434.63,4148
TSM,2026-09-09,12:57,434.53,434.57,434.5,434.5,2860
TSM,2026-09-09,12:58,434.52,434.54,434.4,434.5,3484
TSM,2026-09-09,12:59,434.505,434.64,434.46,434.4702,6435
TSM,2026-09-09,13:00,434.5761,434.6,434.46,434.55,7283
TSM,2026-09-09,13:01,434.58,434.59,434.175,434.28,25056
TSM,2026-09-09,13:02,434.25,434.76,434.215,434.685,12017
TSM,2026-09-09,13:03,434.685,434.83,434.605,434.605,3822
TSM,2026-09-09,13:04,434.615,434.615,434.38,434.42,3992
TSM,2026-09-09,13:05,434.47,434.78,434.45,434.78,3801
TSM,2026-09-09,13:06,434.84,434.99,434.735,434.87,5241
TSM,2026-09-09,13:07,434.87,434.96,434.8415,434.905,2737
TSM,2026-09-09,13:08,434.905,434.97,434.83,434.97,3905
TSM,2026-09-09,13:09,434.97,435.12,434.88,434.96,10122
TSM,2026-09-09,13:10,434.95,434.96,434.73,434.81,3940
TSM,2026-09-09,13:11,434.81,435,434.797,434.97,5382
TSM,2026-09-09,13:12,434.995,435.09,434.89,435.025,5152
TSM,2026-09-09,13:13,435.09,435.11,435.01,435.11,3425
TSM,2026-09-09,13:14,435.13,435.34,435.08,435.1101,9371
TSM,2026-09-09,13:15,435.23,435.31,435.19,435.285,2593
TSM,2026-09-09,13:16,435.31,435.31,435.18,435.238,3627
TSM,2026-09-09,13:17,435.225,435.2342,435.0501,435.22,4288
TSM,2026-09-09,13:18,435.21,435.23,435.02,435.065,3956
TSM,2026-09-09,13:19,435.065,435.109,434.94,435.015,19926
TSM,2026-09-09,13:20,435.02,435.06,434.8422,434.985,4813
TSM,2026-09-09,13:21,434.985,435.08,434.9,434.94,3284
TSM,2026-09-09,13:22,434.97,435.1016,434.9,435.055,4344
TSM,2026-09-09,13:23,435.055,435.13,434.99,435.13,4390
TSM,2026-09-09,13:24,435.17,435.17,435.05,435.14,3175
TSM,2026-09-09,13:25,435.15,435.16,435.03,435.03,5549
TSM,2026-09-09,13:26,435.0001,435.16,435,435.135,3567
TSM,2026-09-09,13:27,435.135,435.135,435.05,435.06,4196
TSM,2026-09-09,13:28,435.08,435.08,434.885,434.95,6461
TSM,2026-09-09,13:29,434.95,434.98,434.822,434.835,4520
TSM,2026-09-09,13:30,434.835,434.9,434.7,434.735,4995
TSM,2026-09-09,13:31,434.8,434.8,434.55,434.565,5047
TSM,2026-09-09,13:32,434.56,434.72,434.46,434.72,7094
TSM,2026-09-09,13:33,434.684,434.81,434.55,434.79,4663
TSM,2026-09-09,13:34,434.88,434.95,434.58,434.64,10372
TSM,2026-09-09,13:35,434.6275,434.67,434.41,434.47,8642
TSM,2026-09-09,13:36,434.47,434.54,434.315,434.315,8070
TSM,2026-09-09,13:37,434.285,434.42,434.24,434.29,6326
TSM,2026-09-09,13:38,434.29,434.41,434.161,434.215,9015
TSM,2026-09-09,13:39,434.195,434.22,433.89,433.94,7783
TSM,2026-09-09,13:40,433.91,434.25,433.91,434.25,9686
TSM,2026-09-09,13:41,434.195,434.31,434.13,434.13,10620
TSM,2026-09-09,13:42,434.17,434.27,434.02,434.27,6742
TSM,2026-09-09,13:43,434.24,434.24,434.09,434.115,4215
TSM,2026-09-09,13:44,434.1479,434.27,434.095,434.11,13291
TSM,2026-09-09,13:45,434.19,434.2,434.0401,434.11,7159
TSM,2026-09-09,13:46,434.11,434.3,434.04,434.206,8660
TSM,2026-09-09,13:47,434.23,434.23,433.9566,433.9566,4909
TSM,2026-09-09,13:48,434.07,434.17,434.005,434.08,6251
TSM,2026-09-09,13:49,434.08,434.205,434.08,434.205,5641
TSM,2026-09-09,13:50,434.205,434.25,434.11,434.145,7250
TSM,2026-09-09,13:51,434.2,434.3346,434.05,434.125,7060
TSM,2026-09-09,13:52,434.125,434.21,434.125,434.21,4499
TSM,2026-09-09,13:53,434.22,434.29,434.1656,434.29,3882
TSM,2026-09-09,13:54,434.3,434.3,434.21,434.245,6930
TSM,2026-09-09,13:55,434.21,434.215,434.035,434.0575,6343
TSM,2026-09-09,13:56,434.09,434.12,433.91,433.995,4600
TSM,2026-09-09,13:57,433.995,434.06,433.95,433.995,4222
TSM,2026-09-09,13:58,433.97,434.0033,433.855,433.855,3753
TSM,2026-09-09,13:59,433.9,433.9382,433.53,433.54,14725
TSM,2026-09-09,14:00,433.555,433.62,433.49,433.515,8018
TSM,2026-09-09,14:01,433.5175,433.75,433.515,433.75,6705
TSM,2026-09-09,14:02,433.69,433.77,433.648,433.72,6384
TSM,2026-09-09,14:03,433.695,433.91,433.685,433.885,13442
TSM,2026-09-09,14:04,433.885,433.91,433.8,433.865,6179
TSM,2026-09-09,14:05,433.865,434.025,433.865,433.865,5872
TSM,2026-09-09,14:06,433.92,433.97,433.8425,433.8512,2534
TSM,2026-09-09,14:07,433.92,433.97,433.83,433.83,7467
TSM,2026-09-09,14:08,433.84,434.0176,433.8,433.9311,5040
TSM,2026-09-09,14:09,433.925,434.114,433.925,434.114,5438
TSM,2026-09-09,14:10,434.07,434.1,433.92,433.9405,2499
TSM,2026-09-09,14:11,434.02,434.03,433.78,433.87,7983
TSM,2026-09-09,14:12,433.855,434.05,433.8299,434.05,4894
TSM,2026-09-09,14:13,434.0673,434.09,434.01,434.02,3086
TSM,2026-09-09,14:14,434.07,434.165,433.96,433.99,5528
TSM,2026-09-09,14:15,434.03,434.17,434.02,434.09,4890
TSM,2026-09-09,14:16,434.015,434.0767,433.92,434.02,6651
TSM,2026-09-09,14:17,434.035,434.19,433.95,434.1792,47898
TSM,2026-09-09,14:18,434.09,434.16,433.9401,434.0332,5364
TSM,2026-09-09,14:19,433.995,434.05,433.8145,433.8145,3310
TSM,2026-09-09,14:20,433.84,433.9767,433.84,433.9682,5672
TSM,2026-09-09,14:21,433.97,434.09,433.92,433.94,5413
TSM,2026-09-09,14:22,433.9529,434.0196,433.88,434.0196,5921
TSM,2026-09-09,14:23,434.02,434.02,433.8401,433.8572,4041
TSM,2026-09-09,14:24,433.93,433.96,433.875,433.905,1869
TSM,2026-09-09,14:25,433.96,434.0197,433.94,433.97,4310
TSM,2026-09-09,14:26,433.97,434.1317,433.87,434.028,10687
TSM,2026-09-09,14:27,434.04,434.08,433.97,434.02,2987
TSM,2026-09-09,14:28,434.02,434.05,433.86,433.86,4066
TSM,2026-09-09,14:29,433.835,433.89,433.46,433.52,12466
TSM,2026-09-09,14:30,433.5523,433.687,433.54,433.65,8390
TSM,2026-09-09,14:31,433.66,433.81,433.65,433.75,3452
TSM,2026-09-09,14:32,433.75,433.79,433.56,433.68,6355
TSM,2026-09-09,14:33,433.66,433.8,433.65,433.66,6742
TSM,2026-09-09,14:34,433.695,433.76,433.52,433.555,6503
TSM,2026-09-09,14:35,433.545,433.73,433.52,433.67,6048
TSM,2026-09-09,14:36,433.65,433.7191,433.58,433.62,6431
TSM,2026-09-09,14:37,433.62,433.635,433.475,433.485,10748
TSM,2026-09-09,14:38,433.485,433.659,433.485,433.5605,4638
TSM,2026-09-09,14:39,433.66,433.7,433.58,433.7,5863
TSM,2026-09-09,14:40,433.66,433.7064,433.54,433.57,3715
TSM,2026-09-09,14:41,433.63,433.63,433.48,433.515,9477
TSM,2026-09-09,14:42,433.515,433.545,433.39,433.42,6388
TSM,2026-09-09,14:43,433.44,433.6,433.425,433.575,7425
TSM,2026-09-09,14:44,433.575,433.63,433.56,433.585,11274
TSM,2026-09-09,14:45,433.6,433.72,433.58,433.665,33735
TSM,2026-09-09,14:46,433.665,433.7199,433.54,433.54,10378
TSM,2026-09-09,14:47,433.58,433.685,433.5,433.67,9757
TSM,2026-09-09,14:48,433.67,433.72,433.53,433.54,11645
TSM,2026-09-09,14:49,433.585,433.64,433.39,433.54,10251
TSM,2026-09-09,14:50,433.6,433.71,433.555,433.71,3755
TSM,2026-09-09,14:51,433.72,433.72,433.39,433.44,9757
TSM,2026-09-09,14:52,433.44,433.4644,433.39,433.43,7507
TSM,2026-09-09,14:53,433.43,433.64,433.43,433.64,7040
TSM,2026-09-09,14:54,433.655,433.75,433.63,433.75,27458
TSM,2026-09-09,14:55,433.75,433.8,433.645,433.72,6880
TSM,2026-09-09,14:56,433.72,433.75,433.58,433.61,6355
TSM,2026-09-09,14:57,433.6,433.61,433.405,433.44,8325
TSM,2026-09-09,14:58,433.5,433.5,433.31,433.37,16648
TSM,2026-09-09,14:59,433.39,433.52,433.3325,433.335,7265
TSM,2026-09-09,15:00,433.35,433.52,433.32,433.45,10423
TSM,2026-09-09,15:01,433.43,433.475,433.31,433.41,8543
TSM,2026-09-09,15:02,433.47,433.47,433.35,433.36,5483
TSM,2026-09-09,15:03,433.43,433.6,433.4,433.4,10599
TSM,2026-09-09,15:04,433.44,433.53,433.2961,433.53,7635
TSM,2026-09-09,15:05,433.46,433.52,433.42,433.475,1868
TSM,2026-09-09,15:06,433.475,433.51,433.2866,433.455,18431
TSM,2026-09-09,15:07,433.455,433.65,433.3501,433.59,8191
TSM,2026-09-09,15:08,433.595,433.72,433.5736,433.68,6515
TSM,2026-09-09,15:09,433.61,433.7722,433.5,433.755,8403
TSM,2026-09-09,15:10,433.73,433.89,433.72,433.8,13314
TSM,2026-09-09,15:11,433.83,434.03,433.825,433.945,9057
TSM,2026-09-09,15:12,433.945,433.99,433.85,433.99,11424
TSM,2026-09-09,15:13,433.995,434.08,433.79,433.79,24949
TSM,2026-09-09,15:14,433.79,433.82,433.605,433.755,13594
TSM,2026-09-09,15:15,433.755,433.9473,433.745,433.85,6864
TSM,2026-09-09,15:16,433.9425,433.9425,433.83,433.895,5660
TSM,2026-09-09,15:17,433.93,434.04,433.75,434.015,13535
TSM,2026-09-09,15:18,434,434.09,433.85,434.03,9354
TSM,2026-09-09,15:19,434.06,434.12,434,434.005,5480
TSM,2026-09-09,15:20,434,434.08,433.89,433.95,10172
TSM,2026-09-09,15:21,433.97,434.07,433.91,433.95,8355
TSM,2026-09-09,15:22,433.95,433.95,433.63,433.73,7459
TSM,2026-09-09,15:23,433.645,433.84,433.645,433.75,11427
TSM,2026-09-09,15:24,433.75,433.84,433.6998,433.755,13695
TSM,2026-09-09,15:25,433.755,433.7658,433.51,433.6,12087
TSM,2026-09-09,15:26,433.58,433.8,433.55,433.68,8862
TSM,2026-09-09,15:27,433.6401,433.8916,433.64,433.8916,29252
TSM,2026-09-09,15:28,433.89,433.95,433.69,433.705,9727
TSM,2026-09-09,15:29,433.705,433.79,433.62,433.62,8203
TSM,2026-09-09,15:30,433.62,433.77,433.59,433.715,14331
TSM,2026-09-09,15:31,433.78,433.88,433.71,433.79,10676
TSM,2026-09-09,15:32,433.78,433.95,433.78,433.88,13600
TSM,2026-09-09,15:33,433.88,433.95,433.83,433.86,22630
TSM,2026-09-09,15:34,433.86,434.05,433.74,433.74,58310
TSM,2026-09-09,15:35,433.73,433.78,433.6,433.71,14751
TSM,2026-09-09,15:36,433.71,433.81,433.6001,433.635,12347
TSM,2026-09-09,15:37,433.61,433.689,433.44,433.48,30389
TSM,2026-09-09,15:38,433.48,433.74,433.45,433.73,34989
TSM,2026-09-09,15:39,433.7,434,433.7,433.9,15809
TSM,2026-09-09,15:40,433.92,433.945,433.8,433.89,21104
TSM,2026-09-09,15:41,433.855,433.99,433.82,433.93,15774
TSM,2026-09-09,15:42,433.93,434.02,433.65,433.7,20823
TSM,2026-09-09,15:43,433.685,433.78,433.67,433.68,28362
TSM,2026-09-09,15:44,433.725,433.94,433.68,433.915,21722
TSM,2026-09-09,15:45,433.915,434.5646,433.915,434.445,48661
TSM,2026-09-09,15:46,434.445,434.49,434.07,434.07,24323
TSM,2026-09-09,15:47,434.12,434.95,434.12,434.745,36267
TSM,2026-09-09,15:48,434.745,435.34,434.745,435.275,29940
TSM,2026-09-09,15:49,435.275,435.45,435.1,435.28,38601
TSM,2026-09-09,15:50,435.28,435.28,434.97,435.095,38268
TSM,2026-09-09,15:51,435.095,435.17,434.6901,434.909,41860
TSM,2026-09-09,15:52,434.91,435.45,434.875,435.19,50572
TSM,2026-09-09,15:53,435.17,435.33,435.12,435.24,36316
TSM,2026-09-09,15:54,435.265,435.36,435.17,435.24,56845
TSM,2026-09-09,15:55,435.24,435.37,434.88,435.285,101355
TSM,2026-09-09,15:56,435.29,435.49,435.21,435.47,95533
TSM,2026-09-09,15:57,435.465,435.66,435.17,435.28,131048
TSM,2026-09-09,15:58,435.25,435.68,435.15,435.68,190435
TSM,2026-09-09,15:59,435.7,435.845,434.84,435.43,331822
TSM,2026-09-09,16:00,435.36,435.36,435.36,435.36,0
TSM,2026-09-10,09:30,426.44,429.13,426.25,428.3,531344
TSM,2026-09-10,09:31,428.3,429.74,428,429.645,37274
TSM,2026-09-10,09:32,429.74,430,427.21,427.81,87569
TSM,2026-09-10,09:33,427.71,427.82,425.305,425.7723,67917
TSM,2026-09-10,09:34,425.9756,426.49,425.62,425.88,60294
TSM,2026-09-10,09:35,425.88,427.8363,425.71,427.68,33031
TSM,2026-09-10,09:36,427.22,428.19,427.0589,427.32,35321
TSM,2026-09-10,09:37,427.13,427.32,426.35,426.54,30534
TSM,2026-09-10,09:38,426.32,426.68,426.2,426.42,20944
TSM,2026-09-10,09:39,426.21,427.87,426.21,427.63,18503
TSM,2026-09-10,09:40,427.43,428.01,427.43,427.7,20310
TSM,2026-09-10,09:41,427.61,428.03,427.25,427.3899,22700
TSM,2026-09-10,09:42,427.28,427.79,427,427.275,21995
TSM,2026-09-10,09:43,427.1,427.35,426.89,426.89,17742
TSM,2026-09-10,09:44,426.75,427.19,425.88,425.96,34459
TSM,2026-09-10,09:45,425.99,427.69,425.94,427.43,37907
TSM,2026-09-10,09:46,427.18,427.31,426.97,427.18,25447
TSM,2026-09-10,09:47,427.18,427.63,427.06,427.41,21351
TSM,2026-09-10,09:48,427.31,427.3254,426.19,426.445,22003
TSM,2026-09-10,09:49,426.445,427.47,426.325,426.63,32198
TSM,2026-09-10,09:50,426.6,426.74,425.66,425.93,44857
TSM,2026-09-10,09:51,425.87,426.02,424.8905,424.8996,81696
TSM,2026-09-10,09:52,425.2192,425.33,424.62,425.33,39841
TSM,2026-09-10,09:53,425.24,425.36,424.93,424.96,31606
TSM,2026-09-10,09:54,424.96,425.32,424.48,424.5,32665
TSM,2026-09-10,09:55,424.5568,424.979,424.48,424.82,32673
TSM,2026-09-10,09:56,424.735,424.97,424.495,424.87,27733
TSM,2026-09-10,09:57,424.96,425,424.4,424.86,29464
TSM,2026-09-10,09:58,424.79,424.81,424.08,424.08,34964
TSM,2026-09-10,09:59,424.09,424.53,424.05,424.325,24461
TSM,2026-09-10,10:00,424.325,425,424.05,424.18,91679
TSM,2026-09-10,10:01,424.18,424.86,424.18,424.8,25539
TSM,2026-09-10,10:02,424.88,425.26,424.805,425.18,28024
TSM,2026-09-10,10:03,425.17,425.48,425.04,425.275,26152
TSM,2026-09-10,10:04,425.27,425.35,424.93,425.18,24028
TSM,2026-09-10,10:05,425.18,425.4,425.08,425.2429,34105
TSM,2026-09-10,10:06,425.355,425.76,425.35,425.47,14873
TSM,2026-09-10,10:07,425.45,425.72,425.15,425.26,26355
TSM,2026-09-10,10:08,425.22,425.57,425.1,425.4853,14977
TSM,2026-09-10,10:09,425.5,426.06,425.35,426.01,17418
TSM,2026-09-10,10:10,426.0457,426.595,426,426.38,18560
TSM,2026-09-10,10:11,426.38,426.48,425.8,426.0102,24543
TSM,2026-09-10,10:12,426.075,426.11,425.65,425.795,22574
TSM,2026-09-10,10:13,425.825,426.17,425.73,425.85,14623
TSM,2026-09-10,10:14,425.895,425.9132,425.09,425.2599,40804
TSM,2026-09-10,10:15,425.19,425.57,425.09,425.4699,22907
TSM,2026-09-10,10:16,425.29,425.3,424.86,425.23,22387
TSM,2026-09-10,10:17,425.185,425.615,425.12,425.44,23922
TSM,2026-09-10,10:18,425.31,425.6884,425.31,425.56,20075
TSM,2026-09-10,10:19,425.53,425.97,425.4026,425.895,17416
TSM,2026-09-10,10:20,425.905,426.35,425.81,426.12,27039
TSM,2026-09-10,10:21,426.185,426.3,425.9496,426.1,28862
TSM,2026-09-10,10:22,426.15,426.49,425.58,426.385,37906
TSM,2026-09-10,10:23,426.46,426.55,426.11,426.24,53345
TSM,2026-09-10,10:24,426.26,427.63,426.16,427.05,57987
TSM,2026-09-10,10:25,426.95,427.57,426.95,427.29,34335
TSM,2026-09-10,10:26,427.29,427.395,426.655,426.875,33922
TSM,2026-09-10,10:27,426.88,427.49,426.79,427.37,28514
TSM,2026-09-10,10:28,427.28,427.87,427.28,427.75,36212
TSM,2026-09-10,10:29,427.803,427.98,427.61,427.77,49733
TSM,2026-09-10,10:30,427.79,428.88,427.75,428.48,43720
TSM,2026-09-10,10:31,428.555,429.2999,428.38,429.19,33779
TSM,2026-09-10,10:32,429.2,429.5,428.84,429.435,29914
TSM,2026-09-10,10:33,429.435,429.49,429.1,429.28,17604
TSM,2026-09-10,10:34,429.31,430.16,429,429.93,55034
TSM,2026-09-10,10:35,429.94,430.805,429.94,430.77,35199
TSM,2026-09-10,10:36,430.77,431,430.445,430.71,24052
TSM,2026-09-10,10:37,430.72,431.14,430.63,431.045,21269
TSM,2026-09-10,10:38,431.04,431.35,430.92,431.2334,30636
TSM,2026-09-10,10:39,431.2332,431.27,431,431.06,24257
TSM,2026-09-10,10:40,431.06,431.28,430.86,431.02,25350
TSM,2026-09-10,10:41,431.02,431.3299,430.6,430.725,75413
TSM,2026-09-10,10:42,430.775,431.05,430.68,430.68,21302
TSM,2026-09-10,10:43,430.64,430.91,430.52,430.78,20185
TSM,2026-09-10,10:44,430.805,430.95,430.64,430.765,31975
TSM,2026-09-10,10:45,430.74,430.83,430.25,430.425,23531
TSM,2026-09-10,10:46,430.48,430.539,430.195,430.4899,21265
TSM,2026-09-10,10:47,430.4,430.68,430.175,430.175,16180
TSM,2026-09-10,10:48,430.15,430.6,430.15,430.455,7152
TSM,2026-09-10,10:49,430.505,430.7,430.25,430.69,16210
TSM,2026-09-10,10:50,430.75,430.76,430.43,430.52,16498
TSM,2026-09-10,10:51,430.59,430.815,430.287,430.635,12679
TSM,2026-09-10,10:52,430.635,430.95,430.635,430.755,19044
TSM,2026-09-10,10:53,430.755,430.9948,430.41,430.64,42560
TSM,2026-09-10,10:54,430.64,431.3234,430.51,431.3234,16870
TSM,2026-09-10,10:55,431.3,431.35,430.75,430.75,23932
TSM,2026-09-10,10:56,430.75,431.53,430.66,431.51,15672
TSM,2026-09-10,10:57,431.54,431.62,431.27,431.49,21121
TSM,2026-09-10,10:58,431.49,431.5681,431.26,431.5,9970
TSM,2026-09-10,10:59,431.495,431.8394,431.37,431.8101,25428
TSM,2026-09-10,11:00,431.85,431.86,431.615,431.665,19985
TSM,2026-09-10,11:01,431.57,431.57,430.5,431.3,36431
TSM,2026-09-10,11:02,431.2,431.42,431.08,431.3497,28681
TSM,2026-09-10,11:03,431.31,431.79,431.25,431.59,23162
TSM,2026-09-10,11:04,431.7199,431.749,431.48,431.48,10676
TSM,2026-09-10,11:05,431.4,431.97,431.3474,431.89,18649
TSM,2026-09-10,11:06,431.81,432.08,431.72,432.07,20364
TSM,2026-09-10,11:07,432.08,432.12,431.86,432.12,21064
TSM,2026-09-10,11:08,432.06,432.14,431.7594,432.03,26118
TSM,2026-09-10,11:09,432.065,432.09,431.77,431.8125,25820
TSM,2026-09-10,11:10,431.91,432.51,431.91,432.465,59112
TSM,2026-09-10,11:11,432.5299,432.5299,432.06,432.145,14742
TSM,2026-09-10,11:12,432.145,432.3,432.1,432.23,16721
TSM,2026-09-10,11:13,432.19,432.34,431.805,431.94,39071
TSM,2026-09-10,11:14,431.88,431.91,431.55,431.68,36681
TSM,2026-09-10,11:15,431.68,431.99,431.6,431.755,17205
TSM,2026-09-10,11:16,431.81,431.98,431.66,431.92,9365
TSM,2026-09-10,11:17,431.89,431.98,431.51,431.6101,15109
TSM,2026-09-10,11:18,431.74,431.75,431.1912,431.2699,15011
TSM,2026-09-10,11:19,431.245,431.37,430.87,431.255,16630
TSM,2026-09-10,11:20,431.255,431.365,431.055,431.055,8746
TSM,2026-09-10,11:21,431.055,431.06,430.75,430.99,8016
TSM,2026-09-10,11:22,430.93,431.23,430.92,431.12,9410
TSM,2026-09-10,11:23,431.125,431.46,431.11,431.23,14119
TSM,2026-09-10,11:24,431.2,431.2913,431.01,431.23,7794
TSM,2026-09-10,11:25,431.17,431.405,431.06,431.3328,9758
TSM,2026-09-10,11:26,431.44,431.44,431.07,431.2499,12690
TSM,2026-09-10,11:27,431.14,431.59,431.14,431.525,15959
TSM,2026-09-10,11:28,431.51,431.525,431.31,431.355,9153
TSM,2026-09-10,11:29,431.4,431.46,431.16,431.17,11344
TSM,2026-09-10,11:30,431.15,431.39,431.11,431.25,36524
TSM,2026-09-10,11:31,431.3,431.59,431.26,431.49,12423
TSM,2026-09-10,11:32,431.53,431.53,431.1,431.43,27879
TSM,2026-09-10,11:33,431.43,431.59,431.35,431.51,16807
TSM,2026-09-10,11:34,431.42,431.61,431.4,431.51,9740
TSM,2026-09-10,11:35,431.52,431.6,431.325,431.325,9535
TSM,2026-09-10,11:36,431.325,431.69,431.325,431.62,11053
TSM,2026-09-10,11:37,431.55,431.79,431.52,431.755,9104
TSM,2026-09-10,11:38,431.755,431.81,431.45,431.45,0
TSM,2026-09-10,11:39,431.42,431.84,431.32,431.84,11661
TSM,2026-09-10,11:40,431.83,431.9399,431.49,431.49,14892
TSM,2026-09-10,11:41,431.56,431.88,431.56,431.845,11166
TSM,2026-09-10,11:42,431.845,432.225,431.76,432.06,16353
TSM,2026-09-10,11:43,432.06,432.0863,431.76,431.925,12875
TSM,2026-09-10,11:44,432.01,432.19,431.88,432.19,10747
TSM,2026-09-10,11:45,432.11,432.285,432.09,432.21,10575
TSM,2026-09-10,11:46,432.24,432.38,432.1192,432.26,13059
TSM,2026-09-10,11:47,432.29,432.32,431.82,432.05,17728
TSM,2026-09-10,11:48,432.03,432.17,432.03,432.075,12422
TSM,2026-09-10,11:49,432.01,432.21,432.01,432.025,12273
TSM,2026-09-10,11:50,432.01,432.115,431.77,432.1,24055
TSM,2026-09-10,11:51,432.095,432.17,431.87,432.11,9664
TSM,2026-09-10,11:52,432.085,432.285,432.07,432.14,14214
TSM,2026-09-10,11:53,432.095,432.1399,431.84,431.905,15222
TSM,2026-09-10,11:54,431.905,432.095,431.89,432,18617
TSM,2026-09-10,11:55,432.03,432.03,431.56,431.675,47302
TSM,2026-09-10,11:56,431.7,431.74,431.42,431.45,16715
TSM,2026-09-10,11:57,431.45,431.4699,431.1,431.1,17443
TSM,2026-09-10,11:58,431.13,431.39,431.0101,431.34,11231
TSM,2026-09-10,11:59,431.34,431.725,431.06,431.115,17720
TSM,2026-09-10,12:00,431.115,431.475,431.091,431.47,9858
TSM,2026-09-10,12:01,431.47,431.82,431.31,431.65,9871
TSM,2026-09-10,12:02,431.65,431.9,431.51,431.56,6163
TSM,2026-09-10,12:03,431.46,431.69,431.385,431.55,10859
TSM,2026-09-10,12:04,431.505,431.7,431.3501,431.615,4441
TSM,2026-09-10,12:05,431.605,431.77,431.53,431.715,4966
TSM,2026-09-10,12:06,431.66,431.72,431.52,431.565,11317
TSM,2026-09-10,12:07,431.565,431.62,431.2624,431.3341,11957
TSM,2026-09-10,12:08,431.32,431.37,431.01,431.07,10923
TSM,2026-09-10,12:09,431.06,431.27,431.06,431.155,6160
TSM,2026-09-10,12:10,431.155,431.28,430.945,430.95,9821
TSM,2026-09-10,12:11,430.945,430.945,430.755,430.84,7820
TSM,2026-09-10,12:12,430.7505,430.84,430.51,430.63,9136
TSM,2026-09-10,12:13,430.63,430.89,430.58,430.685,14208
TSM,2026-09-10,12:14,430.685,430.78,430.45,430.495,11532
TSM,2026-09-10,12:15,430.5,430.6128,430.3301,430.48,16123
TSM,2026-09-10,12:16,430.5,430.67,430.23,430.25,8767
TSM,2026-09-10,12:17,430.25,430.25,429.675,429.745,16358
TSM,2026-09-10,12:18,429.6401,429.89,429.6401,429.79,10252
TSM,2026-09-10,12:19,429.82,429.93,429.475,429.475,14736
TSM,2026-09-10,12:20,429.5,429.96,429.46,429.945,7386
TSM,2026-09-10,12:21,429.945,430.035,429.6,429.68,7289
TSM,2026-09-10,12:22,429.72,429.81,429.5649,429.74,6260
TSM,2026-09-10,12:23,429.74,429.83,429.69,429.785,4010
TSM,2026-09-10,12:24,429.785,429.785,429.63,429.675,4188
TSM,2026-09-10,12:25,429.58,429.6575,429.435,429.56,7911
TSM,2026-09-10,12:26,429.56,429.665,429.31,429.37,8502
TSM,2026-09-10,12:27,429.3,429.48,429.24,429.4,9953
TSM,2026-09-10,12:28,429.425,429.545,429.12,429.18,19591
TSM,2026-09-10,12:29,429.21,429.635,429.21,429.59,6550
TSM,2026-09-10,12:30,429.605,429.99,429.605,429.785,7753
TSM,2026-09-10,12:31,429.785,429.88,429.725,429.7673,3854
TSM,2026-09-10,12:32,429.865,430.01,429.69,429.835,10712
TSM,2026-09-10,12:33,429.84,429.999,429.83,429.89,12246
TSM,2026-09-10,12:34,429.85,429.85,429.12,429.12,21319
TSM,2026-09-10,12:35,429.1325,429.1325,428.6324,428.99,12111
TSM,2026-09-10,12:36,428.95,429.34,428.95,429.2,6431
TSM,2026-09-10,12:37,429.235,429.37,428.8401,429.26,14929
TSM,2026-09-10,12:38,429.24,429.43,429.09,429.35,7247
TSM,2026-09-10,12:39,429.28,429.415,429.2615,429.375,3036
TSM,2026-09-10,12:40,429.4948,429.675,429.375,429.55,17422
TSM,2026-09-10,12:41,429.585,429.86,429.45,429.86,8233
TSM,2026-09-10,12:42,429.82,429.87,429.595,429.87,6251
TSM,2026-09-10,12:43,429.87,429.8781,429.665,429.74,9995
TSM,2026-09-10,12:44,429.775,429.975,429.69,429.8725,7907
TSM,2026-09-10,12:45,429.93,430.295,429.895,430.185,10319
TSM,2026-09-10,12:46,430.185,430.19,429.94,430.13,8014
TSM,2026-09-10,12:47,430.1784,430.215,429.98,429.98,6375
TSM,2026-09-10,12:48,429.98,430.05,429.73,429.835,9229
TSM,2026-09-10,12:49,429.845,429.9392,429.69,429.8525,6116
TSM,2026-09-10,12:50,429.94,430.23,429.8901,430.16,4886
TSM,2026-09-10,12:51,430.23,430.23,430.11,430.15,5843
TSM,2026-09-10,12:52,430.18,430.41,430.12,430.37,3984
TSM,2026-09-10,12:53,430.5,430.69,430.42,430.69,3854
TSM,2026-09-10,12:54,430.685,430.75,430.62,430.695,8733
TSM,2026-09-10,12:55,430.695,430.85,430.48,430.65,8905
TSM,2026-09-10,12:56,430.665,430.675,430.51,430.51,5559
TSM,2026-09-10,12:57,430.585,430.65,430.4,430.58,8576
TSM,2026-09-10,12:58,430.52,430.59,430.45,430.48,6308
TSM,2026-09-10,12:59,430.53,430.715,430.42,430.66,12990
TSM,2026-09-10,13:00,430.62,431.22,430.54,431.09,15451
TSM,2026-09-10,13:01,431.085,431.5,431.065,431.49,9659
TSM,2026-09-10,13:02,431.365,431.99,431.365,431.66,13085
TSM,2026-09-10,13:03,431.6,431.6,431,431.02,8727
TSM,2026-09-10,13:04,430.99,431.22,430.91,431.215,5246
TSM,2026-09-10,13:05,431.173,431.41,431.11,431.26,7308
TSM,2026-09-10,13:06,431.25,431.55,431.0501,431.4,9448
TSM,2026-09-10,13:07,431.37,431.72,431.37,431.7075,8488
TSM,2026-09-10,13:08,431.69,431.85,431.65,431.685,8926
TSM,2026-09-10,13:09,431.685,431.78,431.54,431.57,13429
TSM,2026-09-10,13:10,431.575,431.99,431.575,431.92,49620
TSM,2026-09-10,13:11,431.92,431.94,431.65,431.745,23656
TSM,2026-09-10,13:12,431.745,431.85,431.7,431.74,5231
TSM,2026-09-10,13:13,431.74,431.74,431.47,431.5338,10157
TSM,2026-09-10,13:14,431.535,431.58,431.4296,431.5,5461
TSM,2026-09-10,13:15,431.44,431.585,431.3548,431.54,6397
TSM,2026-09-10,13:16,431.5,431.63,431.46,431.625,3020
TSM,2026-09-10,13:17,431.58,431.605,431.215,431.4983,6705
TSM,2026-09-10,13:18,431.395,431.41,431.21,431.3513,3821
TSM,2026-09-10,13:19,431.315,431.315,431.09,431.19,4225
TSM,2026-09-10,13:20,431.19,431.21,431.08,431.21,5896
TSM,2026-09-10,13:21,431.22,431.3047,430.9036,430.925,9189
TSM,2026-09-10,13:22,430.8636,431.13,430.8636,430.91,11638
TSM,2026-09-10,13:23,430.95,430.95,430.83,430.905,6660
TSM,2026-09-10,13:24,430.87,430.95,430.84,430.9046,4913
TSM,2026-09-10,13:25,430.91,430.93,430.64,430.655,5976
TSM,2026-09-10,13:26,430.56,430.825,430.56,430.8165,10135
TSM,2026-09-10,13:27,430.785,430.825,430.67,430.825,3632
TSM,2026-09-10,13:28,430.83,430.89,430.775,430.835,3520
TSM,2026-09-10,13:29,430.81,430.81,430.56,430.73,9656
TSM,2026-09-10,13:30,430.755,430.8,430.64,430.75,6656
TSM,2026-09-10,13:31,430.76,430.85,430.7057,430.78,3839
TSM,2026-09-10,13:32,430.825,430.8563,430.74,430.75,5112
TSM,2026-09-10,13:33,430.7785,430.85,430.74,430.795,5219
TSM,2026-09-10,13:34,430.795,430.94,430.7098,430.77,8602
TSM,2026-09-10,13:35,430.8271,430.98,430.775,430.98,3322
TSM,2026-09-10,13:36,430.965,430.99,430.82,430.8375,4024
TSM,2026-09-10,13:37,430.8639,430.8639,430.5,430.5,4238
TSM,2026-09-10,13:38,430.3893,430.44,430.35,430.395,2086
TSM,2026-09-10,13:39,430.395,430.4,430.11,430.11,5013
TSM,2026-09-10,13:40,430.15,430.365,430.15,430.36,4808
TSM,2026-09-10,13:41,430.26,430.42,430.26,430.38,3324
TSM,2026-09-10,13:42,430.38,430.43,430.34,430.405,3212
TSM,2026-09-10,13:43,430.405,430.6,430.405,430.5535,2776
TSM,2026-09-10,13:44,430.605,430.715,430.52,430.715,7443
TSM,2026-09-10,13:45,430.785,430.785,430.5601,430.655,10949
TSM,2026-09-10,13:46,430.66,430.775,430.64,430.64,3687
TSM,2026-09-10,13:47,430.72,430.8088,430.71,430.77,2420
TSM,2026-09-10,13:48,430.765,430.81,430.6301,430.745,5588
TSM,2026-09-10,13:49,430.73,430.84,430.69,430.78,5256
TSM,2026-09-10,13:50,430.74,430.82,430.72,430.73,3737
TSM,2026-09-10,13:51,430.81,430.8791,430.81,430.845,3440
TSM,2026-09-10,13:52,430.88,430.9,430.72,430.72,4302
TSM,2026-09-10,13:53,430.71,430.78,430.585,430.735,5323
TSM,2026-09-10,13:54,430.7325,430.85,430.7183,430.85,3526
TSM,2026-09-10,13:55,430.81,430.845,430.64,430.72,4162
TSM,2026-09-10,13:56,430.78,430.79,430.67,430.705,3131
TSM,2026-09-10,13:57,430.73,431.055,430.73,431.0099,6301
TSM,2026-09-10,13:58,430.915,431.0714,430.915,431.0714,1925
TSM,2026-09-10,13:59,431.12,431.15,430.55,430.7865,14744
TSM,2026-09-10,14:00,430.755,431.075,430.7525,431.075,2868
TSM,2026-09-10,14:01,431,431.0988,430.64,430.67,4164
TSM,2026-09-10,14:02,430.64,430.8099,430.4027,430.575,7830
TSM,2026-09-10,14:03,430.55,430.55,430.32,430.3316,3709
TSM,2026-09-10,14:04,430.33,430.36,429.961,429.961,17360
TSM,2026-09-10,14:05,429.96,430.12,429.85,430.12,6149
TSM,2026-09-10,14:06,430.1,430.3,429.99,430.3,1926
TSM,2026-09-10,14:07,430.31,430.45,430.29,430.37,8177
TSM,2026-09-10,14:08,430.285,430.33,430.155,430.155,4086
TSM,2026-09-10,14:09,430.13,430.1907,430,430.04,5149
TSM,2026-09-10,14:10,430.035,430.035,429.66,429.8775,5266
TSM,2026-09-10,14:11,429.885,429.99,429.82,429.8411,28142
TSM,2026-09-10,14:12,429.84,429.989,429.79,429.989,12306
TSM,2026-09-10,14:13,429.98,430.09,429.95,430.075,3756
TSM,2026-09-10,14:14,430.075,430.19,430.075,430.125,2894
TSM,2026-09-10,14:15,430.1,430.1,429.745,429.94,7387
TSM,2026-09-10,14:16,429.94,430.04,429.8001,429.96,6938
TSM,2026-09-10,14:17,429.955,430.04,429.9,429.93,3757
TSM,2026-09-10,14:18,429.94,429.94,429.851,429.895,2506
TSM,2026-09-10,14:19,429.931,430.105,429.87,430.1,6150
TSM,2026-09-10,14:20,430.14,430.42,430.04,430.26,15926
TSM,2026-09-10,14:21,430.255,430.31,430.03,430.07,7040
TSM,2026-09-10,14:22,430.075,430.2164,430.055,430.106,5641
TSM,2026-09-10,14:23,430.12,430.12,429.8,429.8,7032
TSM,2026-09-10,14:24,429.85,429.9096,429.65,429.7,4506
TSM,2026-09-10,14:25,429.75,429.88,429.58,429.59,4900
TSM,2026-09-10,14:26,429.5236,429.72,429.5,429.53,6682
TSM,2026-09-10,14:27,429.57,429.62,429.42,429.44,6825
TSM,2026-09-10,14:28,429.455,429.7,429.455,429.57,3456
TSM,2026-09-10,14:29,429.575,429.5799,429.43,429.515,11918
TSM,2026-09-10,14:30,429.5075,429.555,429.4,429.51,6249
TSM,2026-09-10,14:31,429.4856,429.64,429.4,429.64,5033
TSM,2026-09-10,14:32,429.64,429.78,429.58,429.65,5906
TSM,2026-09-10,14:33,429.65,429.66,429.52,429.52,7048
TSM,2026-09-10,14:34,429.54,429.69,429.49,429.69,5674
TSM,2026-09-10,14:35,429.75,429.7645,429.59,429.75,2483
TSM,2026-09-10,14:36,429.705,429.78,429.6402,429.6402,3098
TSM,2026-09-10,14:37,429.65,429.815,429.65,429.74,4844
TSM,2026-09-10,14:38,429.69,429.8,429.63,429.8,2478
TSM,2026-09-10,14:39,429.68,429.96,429.68,429.92,4690
TSM,2026-09-10,14:40,429.871,429.92,429.71,429.71,7880
TSM,2026-09-10,14:41,429.74,429.85,429.66,429.737,6408
TSM,2026-09-10,14:42,429.74,429.8,429.66,429.69,3739
TSM,2026-09-10,14:43,429.64,429.66,429.56,429.64,3570
TSM,2026-09-10,14:44,429.67,429.76,429.57,429.59,23344
TSM,2026-09-10,14:45,429.55,429.595,429.42,429.565,6923
TSM,2026-09-10,14:46,429.57,429.6109,429.401,429.4619,3392
TSM,2026-09-10,14:47,429.45,429.45,429.11,429.25,10109
TSM,2026-09-10,14:48,429.25,429.25,429.05,429.075,4376
TSM,2026-09-10,14:49,429.0825,429.645,429.07,429.395,5217
TSM,2026-09-10,14:50,429.24,429.615,429.2,429.615,3676
TSM,2026-09-10,14:51,429.615,430,429.565,429.79,7599
TSM,2026-09-10,14:52,429.73,429.9299,429.685,429.86,4238
TSM,2026-09-10,14:53,429.854,429.93,429.7,429.86,5115
TSM,2026-09-10,14:54,429.89,429.99,429.59,429.65,3094
TSM,2026-09-10,14:55,429.58,429.72,429.545,429.625,6703
TSM,2026-09-10,14:56,429.67,429.6899,429.58,429.58,6704
TSM,2026-09-10,14:57,429.57,429.585,429.4,429.5,6130
TSM,2026-09-10,14:58,429.5,429.55,429.4404,429.55,3658
TSM,2026-09-10,14:59,429.515,429.71,429.515,429.696,6055
TSM,2026-09-10,15:00,429.62,429.81,429.5,429.585,10061
TSM,2026-09-10,15:01,429.62,429.69,429.4,429.4,5779
TSM,2026-09-10,15:02,429.42,429.62,429.41,429.42,5668
TSM,2026-09-10,15:03,429.4,429.49,429.31,429.49,5822
TSM,2026-09-10,15:04,429.4864,429.589,429.33,429.33,5334
TSM,2026-09-10,15:05,429.33,429.42,429.31,429.4,8119
TSM,2026-09-10,15:06,429.36,429.42,429.06,429.11,6663
TSM,2026-09-10,15:07,429.08,429.08,428.595,428.595,11790
TSM,2026-09-10,15:08,428.5403,428.71,428.5403,428.68,6810
TSM,2026-09-10,15:09,428.56,429.11,428.56,429.1,13885
TSM,2026-09-10,15:10,429.01,429.2,428.94,428.94,8110
TSM,2026-09-10,15:11,428.95,428.95,428.68,428.7745,12169
TSM,2026-09-10,15:12,428.85,428.85,428.64,428.68,5531
TSM,2026-09-10,15:13,428.6875,428.96,428.6875,428.925,7762
TSM,2026-09-10,15:14,428.85,428.9399,428.79,428.865,9855
TSM,2026-09-10,15:15,428.865,429.02,428.77,428.8,11913
TSM,2026-09-10,15:16,428.83,428.88,428.7,428.775,4797
TSM,2026-09-10,15:17,428.71,428.94,428.68,428.685,9651
TSM,2026-09-10,15:18,428.685,428.99,428.66,428.96,12716
TSM,2026-09-10,15:19,428.9,429.0668,428.84,428.975,7727
TSM,2026-09-10,15:20,429.005,429.1,429,429.045,7442
TSM,2026-09-10,15:21,429.045,429.2898,429.01,429.16,14774
TSM,2026-09-10,15:22,429.2499,429.27,429.125,429.22,5055
TSM,2026-09-10,15:23,429.25,429.315,429.15,429.15,4247
TSM,2026-09-10,15:24,429.15,429.4,429.1,429.36,10863
TSM,2026-09-10,15:25,429.38,429.45,429.29,429.38,6119
TSM,2026-09-10,15:26,429.38,429.5694,429.31,429.515,8658
TSM,2026-09-10,15:27,429.515,429.59,429.46,429.58,5684
TSM,2026-09-10,15:28,429.54,429.8399,429.48,429.755,12127
TSM,2026-09-10,15:29,429.755,429.755,429.5802,429.695,8692
TSM,2026-09-10,15:30,429.695,429.78,429.17,429.24,24784
TSM,2026-09-10,15:31,429.24,429.66,429.14,429.455,6896
TSM,2026-09-10,15:32,429.455,429.5,429.29,429.405,11321
TSM,2026-09-10,15:33,429.43,429.5662,429.42,429.52,7555
TSM,2026-09-10,15:34,429.52,429.66,429.43,429.55,11334
TSM,2026-09-10,15:35,429.5,429.57,429.08,429.08,9333
TSM,2026-09-10,15:36,429.0001,429.23,428.98,429.112,9031
TSM,2026-09-10,15:37,429.06,429.06,428.74,428.87,12400
TSM,2026-09-10,15:38,428.835,429.26,428.8022,429.21,17985
TSM,2026-09-10,15:39,429.2,429.31,429.155,429.16,12644
TSM,2026-09-10,15:40,429.21,429.4,429.17,429.3,12036
TSM,2026-09-10,15:41,429.325,429.455,429.3,429.45,9293
TSM,2026-09-10,15:42,429.45,429.54,429.34,429.48,13162
TSM,2026-09-10,15:43,429.52,429.64,429.4527,429.515,9657
TSM,2026-09-10,15:44,429.51,429.58,429.19,429.2582,10084
TSM,2026-09-10,15:45,429.22,429.485,429.2011,429.485,274378
TSM,2026-09-10,15:46,429.42,429.5,429.34,429.465,9922
TSM,2026-09-10,15:47,429.47,429.49,429.35,429.435,9822
TSM,2026-09-10,15:48,429.48,429.68,429.44,429.61,25550
TSM,2026-09-10,15:49,429.6684,429.9,429.59,429.68,18583
TSM,2026-09-10,15:50,429.69,429.83,429.1,429.4,24271
TSM,2026-09-10,15:51,429.425,429.44,429.1,429.25,22699
TSM,2026-09-10,15:52,429.25,429.36,429.14,429.145,27469
TSM,2026-09-10,15:53,429.145,429.255,428.8929,429.23,31019
TSM,2026-09-10,15:54,429.18,429.27,429,429.09,26547
TSM,2026-09-10,15:55,429.05,429.35,428.91,429.35,36489
TSM,2026-09-10,15:56,429.36,429.4125,428.89,428.975,39193
TSM,2026-09-10,15:57,428.9625,428.97,428.52,428.725,52549
TSM,2026-09-10,15:58,428.755,428.81,427.91,428.13,148023
TSM,2026-09-10,15:59,428.16,428.51,427.74,428.24,184618
TSM,2026-09-10,16:00,428.03,428.03,428.03,428.03,0
TSM,2026-09-11,09:30,431.55,431.71,429.46,429.51,373910
TSM,2026-09-11,09:31,429.62,429.89,429.09,429.09,58606
TSM,2026-09-11,09:32,429.09,430.3496,428.9,429.7,21624
TSM,2026-09-11,09:33,429.68,431.36,429.37,430.665,39063
TSM,2026-09-11,09:34,430.46,431.95,430.05,431.775,38416
TSM,2026-09-11,09:35,431.775,431.95,430.84,430.865,31464
TSM,2026-09-11,09:36,430.89,430.91,429.33,429.5,45538
TSM,2026-09-11,09:37,429.45,430.85,429.3661,430.725,12641
TSM,2026-09-11,09:38,430.635,431.8,430.16,431.715,21772
TSM,2026-09-11,09:39,431.6845,432.3205,431.56,432.3205,28379
TSM,2026-09-11,09:40,432.35,432.9899,431.85,432.49,51445
TSM,2026-09-11,09:41,432.58,433.6,432.12,433.425,41265
TSM,2026-09-11,09:42,433.425,433.6,433.1,433.1,30016
TSM,2026-09-11,09:43,433.07,433.2445,432.23,432.64,22854
TSM,2026-09-11,09:44,432.6822,432.94,432.44,432.44,10308
TSM,2026-09-11,09:45,432.52,433.5,432.2301,433.16,24930
TSM,2026-09-11,09:46,433.185,433.85,432.8,433.2025,32108
TSM,2026-09-11,09:47,433.35,433.64,432.824,433.04,14653
TSM,2026-09-11,09:48,432.955,432.99,431.91,431.91,21441
TSM,2026-09-11,09:49,431.86,432.5,431.8478,432.145,51241
TSM,2026-09-11,09:50,432.06,432.28,431.68,431.75,20932
TSM,2026-09-11,09:51,431.9293,431.9293,430.64,430.85,36573
TSM,2026-09-11,09:52,430.86,431.11,430.5,430.61,25967
TSM,2026-09-11,09:53,430.615,430.89,430.55,430.845,23057
TSM,2026-09-11,09:54,430.92,431.36,430.87,431.23,25350
TSM,2026-09-11,09:55,431.275,431.38,430.5821,431.22,22320
TSM,2026-09-11,09:56,431.22,431.33,430.85,430.87,12615
TSM,2026-09-11,09:57,430.75,430.875,430.56,430.85,20993
TSM,2026-09-11,09:58,430.83,431.175,430.8091,431.005,7894
TSM,2026-09-11,09:59,431.09,431.14,430.83,431.14,7913
TSM,2026-09-11,10:00,430.96,430.96,429.97,430.33,31985
TSM,2026-09-11,10:01,430.22,430.6,429.8,429.86,26780
TSM,2026-09-11,10:02,429.8,430.11,429.6001,430.055,18471
TSM,2026-09-11,10:03,430.0998,430.0998,429.3,429.3,48260
TSM,2026-09-11,10:04,429.35,429.52,429.12,429.285,52383
TSM,2026-09-11,10:05,429.32,430.33,429.285,429.905,21807
TSM,2026-09-11,10:06,429.905,430.04,429.3,429.46,26145
TSM,2026-09-11,10:07,429.46,429.78,429.22,429.7,14825
TSM,2026-09-11,10:08,429.695,429.87,429.465,429.55,16901
TSM,2026-09-11,10:09,429.48,430.13,429.35,430.13,18084
TSM,2026-09-11,10:10,430.0945,430.4338,430.02,430.15,12230
TSM,2026-09-11,10:11,430.15,430.1981,429.795,429.99,11486
TSM,2026-09-11,10:12,429.94,429.94,429.45,429.82,23952
TSM,2026-09-11,10:13,429.82,429.9,429.45,429.485,13988
TSM,2026-09-11,10:14,429.56,429.94,429.37,429.86,503911
TSM,2026-09-11,10:15,429.885,430.18,429.87,430.095,9128
TSM,2026-09-11,10:16,429.99,430.395,429.99,430.28,14691
TSM,2026-09-11,10:17,430.34,430.79,430.25,430.61,22388
TSM,2026-09-11,10:18,430.65,431.67,430.5,431.52,41240
TSM,2026-09-11,10:19,431.67,432.22,431.27,432.1825,39704
TSM,2026-09-11,10:20,432.2,432.23,431.66,432.02,45612
TSM,2026-09-11,10:21,432.02,432.22,431.88,432.015,15242
TSM,2026-09-11,10:22,432.055,432.31,432.05,432.2,26485
TSM,2026-09-11,10:23,432.12,432.2,431.91,432.05,14480
TSM,2026-09-11,10:24,432.03,432.44,432.03,432.12,14397
TSM,2026-09-11,10:25,432.24,432.45,432.14,432.4,14244
TSM,2026-09-11,10:26,432.44,432.55,432.215,432.4351,21639
TSM,2026-09-11,10:27,432.46,432.56,432.29,432.29,17410
TSM,2026-09-11,10:28,432.2806,432.725,432.2806,432.35,273461
TSM,2026-09-11,10:29,432.425,432.69,432.415,432.45,16250
TSM,2026-09-11,10:30,432.44,432.57,431.755,431.785,19388
TSM,2026-09-11,10:31,431.74,431.95,431.34,431.48,18919
TSM,2026-09-11,10:32,431.48,431.57,431.09,431.28,14536
TSM,2026-09-11,10:33,431.2645,431.49,431.15,431.25,23727
TSM,2026-09-11,10:34,431.25,431.3343,431.0825,431.245,11923
TSM,2026-09-11,10:35,431.2,431.31,430.97,430.97,11255
TSM,2026-09-11,10:36,430.98,431.295,430.865,431.18,8969
TSM,2026-09-11,10:37,431.29,431.5,431.11,431.2397,8858
TSM,2026-09-11,10:38,431.185,431.2274,430.54,430.66,9905
TSM,2026-09-11,10:39,430.72,430.99,430.66,430.92,7074
TSM,2026-09-11,10:40,430.79,431.26,430.79,430.85,5658
TSM,2026-09-11,10:41,430.9999,430.9999,430.7,430.7,10291
TSM,2026-09-11,10:42,430.7,430.7891,430.5,430.585,9624
TSM,2026-09-11,10:43,430.595,430.6,430.18,430.21,6849
TSM,2026-09-11,10:44,430.17,430.71,430.17,430.495,7202
TSM,2026-09-11,10:45,430.51,430.94,430.51,430.9,7633
TSM,2026-09-11,10:46,430.845,430.845,430.41,430.48,13906
TSM,2026-09-11,10:47,430.53,430.7,430.3,430.415,13196
TSM,2026-09-11,10:48,430.45,431.07,430.19,430.7415,13433
TSM,2026-09-11,10:49,430.737,431.25,430.737,431.1603,28747
TSM,2026-09-11,10:50,431.25,431.32,431,431.255,10345
TSM,2026-09-11,10:51,431.24,431.335,431,431.2,7265
TSM,2026-09-11,10:52,431.34,431.44,431.16,431.295,7501
TSM,2026-09-11,10:53,431.3,431.4399,431.17,431.2291,6423
TSM,2026-09-11,10:54,431.37,431.86,431.265,431.71,7129
TSM,2026-09-11,10:55,431.71,431.71,431.44,431.52,8751
TSM,2026-09-11,10:56,431.525,431.6399,431.46,431.55,8554
TSM,2026-09-11,10:57,431.545,432.12,431.48,431.99,14049
TSM,2026-09-11,10:58,431.99,431.99,431.68,431.68,13302
TSM,2026-09-11,10:59,431.63,432.33,431.6,432.19,9701
TSM,2026-09-11,11:00,432.19,432.24,431.8,432.21,13236
TSM,2026-09-11,11:01,432.22,432.56,432.14,432.56,12704
TSM,2026-09-11,11:02,432.51,432.55,432.25,432.47,6316
TSM,2026-09-11,11:03,432.4929,432.7,432.2501,432.51,16280
TSM,2026-09-11,11:04,432.52,432.52,432.2701,432.48,13411
TSM,2026-09-11,11:05,432.43,432.8799,432.34,432.74,18270
TSM,2026-09-11,11:06,432.76,432.78,432.435,432.72,13187
TSM,2026-09-11,11:07,432.74,432.84,432.585,432.605,15538
TSM,2026-09-11,11:08,432.57,432.579,432.385,432.45,5235
TSM,2026-09-11,11:09,432.37,432.5215,432.25,432.51,6761
TSM,2026-09-11,11:10,432.59,432.77,432.5577,432.64,6816
TSM,2026-09-11,11:11,432.7,432.7,432.3125,432.315,8289
TSM,2026-09-11,11:12,432.315,432.3518,432.19,432.25,7560
TSM,2026-09-11,11:13,432.16,432.26,431.9443,432.097,10357
TSM,2026-09-11,11:14,432.055,432.31,432.055,432.31,9188
TSM,2026-09-11,11:15,432.375,433.195,432.375,433.195,31184
TSM,2026-09-11,11:16,433.2,433.62,433.2,433.605,19066
TSM,2026-09-11,11:17,433.59,433.6599,433.29,433.42,16409
TSM,2026-09-11,11:18,433.395,433.6899,433.33,433.59,9279
TSM,2026-09-11,11:19,433.66,433.66,433.39,433.45,23755
TSM,2026-09-11,11:20,433.51,433.6,433.41,433.5,7366
TSM,2026-09-11,11:21,433.5,433.72,433.4362,433.7,14462
TSM,2026-09-11,11:22,433.65,433.75,433.6,433.63,11396
TSM,2026-09-11,11:23,433.6,433.62,433.3,433.54,15183
TSM,2026-09-11,11:24,433.59,434.02,433.59,433.892,201088
TSM,2026-09-11,11:25,433.9475,434.15,433.86,433.965,22873
TSM,2026-09-11,11:26,433.965,434.134,433.96,434.12,9469
TSM,2026-09-11,11:27,434.16,434.35,434.13,434.2675,12283
TSM,2026-09-11,11:28,434.24,434.4,433.98,434.035,10958
TSM,2026-09-11,11:29,434.09,434.45,434.09,434.3999,13975
TSM,2026-09-11,11:30,434.315,434.93,434.29,434.8177,27567
TSM,2026-09-11,11:31,434.91,434.94,434.39,434.6899,19475
TSM,2026-09-11,11:32,434.642,434.88,434.53,434.855,7823
TSM,2026-09-11,11:33,434.85,434.91,434.61,434.69,19015
TSM,2026-09-11,11:34,434.695,434.94,434.695,434.9,15452
TSM,2026-09-11,11:35,434.9,434.94,434.32,434.42,15603
TSM,2026-09-11,11:36,434.48,434.5,434.3,434.3001,8689
TSM,2026-09-11,11:37,434.33,434.48,434.17,434.195,11827
TSM,2026-09-11,11:38,434.27,434.27,434.11,434.15,11201
TSM,2026-09-11,11:39,434.15,434.8162,434.15,434.79,12385
TSM,2026-09-11,11:40,434.815,434.86,434.3647,434.43,7427
TSM,2026-09-11,11:41,434.48,434.59,434.33,434.46,8756
TSM,2026-09-11,11:42,434.45,434.63,434.3301,434.57,9108
TSM,2026-09-11,11:43,434.58,434.97,434.51,434.75,9512
TSM,2026-09-11,11:44,434.93,435.31,434.86,435.185,47248
TSM,2026-09-11,11:45,435.18,435.18,434.6,434.675,23552
TSM,2026-09-11,11:46,434.68,434.72,434.43,434.54,7622
TSM,2026-09-11,11:47,434.555,434.93,434.51,434.845,8375
TSM,2026-09-11,11:48,434.93,435.1075,434.825,435.09,10717
TSM,2026-09-11,11:49,435.095,435.3,435.095,435.3,507340
TSM,2026-09-11,11:50,435.32,435.37,434.85,434.88,10026
TSM,2026-09-11,11:51,434.89,434.89,434.625,434.69,5914
TSM,2026-09-11,11:52,434.74,434.78,434.46,434.58,12835
TSM,2026-09-11,11:53,434.59,434.59,434.33,434.43,14204
TSM,2026-09-11,11:54,434.45,434.59,434.3,434.53,25014
TSM,2026-09-11,11:55,434.48,434.57,434.42,434.43,9823
TSM,2026-09-11,11:56,434.48,434.64,434.43,434.535,10022
TSM,2026-09-11,11:57,434.57,434.805,434.57,434.755,7540
TSM,2026-09-11,11:58,434.8,434.91,434.74,434.8558,12228
TSM,2026-09-11,11:59,434.86,435.1,434.82,435.02,14968
TSM,2026-09-11,12:00,435,435.1,434.78,434.91,16355
TSM,2026-09-11,12:01,434.99,435.1,434.84,435.02,9936
TSM,2026-09-11,12:02,435.06,435.1499,434.95,435.04,17264
TSM,2026-09-11,12:03,435.045,435.12,434.81,434.87,8983
TSM,2026-09-11,12:04,434.9,435.205,434.9,435.185,18794
TSM,2026-09-11,12:05,435.22,435.37,434.985,434.99,22132
TSM,2026-09-11,12:06,435,435.09,434.9701,435,6864
TSM,2026-09-11,12:07,434.98,435.05,434.72,434.76,9998
TSM,2026-09-11,12:08,434.73,435.03,434.69,434.94,14604
TSM,2026-09-11,12:09,434.95,435.1,434.9,435.04,6424
TSM,2026-09-11,12:10,435.07,435.07,434.8701,434.955,7864
TSM,2026-09-11,12:11,434.91,434.9459,434.81,434.81,6247
TSM,2026-09-11,12:12,434.76,434.82,434.6404,434.71,9944
TSM,2026-09-11,12:13,434.71,434.71,434.44,434.46,8611
TSM,2026-09-11,12:14,434.46,434.605,434.44,434.59,6690
TSM,2026-09-11,12:15,434.59,434.59,434.35,434.395,13286
TSM,2026-09-11,12:16,434.3213,434.395,434.07,434.07,9533
TSM,2026-09-11,12:17,434.1,434.22,434.1,434.14,4049
TSM,2026-09-11,12:18,434.14,434.2,434.04,434.08,9309
TSM,2026-09-11,12:19,434.12,434.3041,433.78,433.815,34741
TSM,2026-09-11,12:20,433.82,433.85,433.4254,433.47,14007
TSM,2026-09-11,12:21,433.5572,433.67,433.53,433.6575,5079
TSM,2026-09-11,12:22,433.61,433.62,433.19,433.19,7116
TSM,2026-09-11,12:23,433.185,433.31,433.185,433.2,8622
TSM,2026-09-11,12:24,433.2,433.3,433.19,433.26,4885
TSM,2026-09-11,12:25,433.2865,433.42,433.24,433.31,12738
TSM,2026-09-11,12:26,433.3,433.46,433.24,433.24,3641
TSM,2026-09-11,12:27,433.25,433.4,433.16,433.31,5296
TSM,2026-09-11,12:28,433.2654,433.38,433.25,433.38,6729
TSM,2026-09-11,12:29,433.25,433.25,432.765,432.8,14673
TSM,2026-09-11,12:30,432.88,433.16,432.81,433.16,9102
TSM,2026-09-11,12:31,433.16,433.17,432.97,432.97,9604
TSM,2026-09-11,12:32,432.9926,433.0494,432.805,432.83,5039
TSM,2026-09-11,12:33,432.845,433.22,432.822,433.19,5741
TSM,2026-09-11,12:34,433.22,433.22,433.06,433.06,3425
TSM,2026-09-11,12:35,433.13,433.13,432.75,432.75,12882
TSM,2026-09-11,12:36,432.7,432.7016,432.41,432.41,5734
TSM,2026-09-11,12:37,432.41,432.64,432.41,432.57,3738
TSM,2026-09-11,12:38,432.6749,432.885,432.645,432.72,9026
TSM,2026-09-11,12:39,432.68,432.68,432.42,432.44,2332
TSM,2026-09-11,12:40,432.4038,432.76,432.36,432.75,13409
TSM,2026-09-11,12:41,432.74,432.94,432.73,432.94,7403
TSM,2026-09-11,12:42,432.96,433.08,432.94,433.065,6500
TSM,2026-09-11,12:43,433.065,433.35,433.04,433.27,7241
TSM,2026-09-11,12:44,433.28,433.47,433.25,433.34,7879
TSM,2026-09-11,12:45,433.33,433.379,433.09,433.27,14254
TSM,2026-09-11,12:46,433.27,433.41,433.09,433.11,15962
TSM,2026-09-11,12:47,433.08,433.12,433.045,433.09,6780
TSM,2026-09-11,12:48,433.075,433.13,432.88,432.88,7367
TSM,2026-09-11,12:49,432.88,432.88,432.6,432.66,7395
TSM,2026-09-11,12:50,432.6375,432.79,432.635,432.67,10934
TSM,2026-09-11,12:51,432.67,432.82,432.67,432.805,3527
TSM,2026-09-11,12:52,432.805,432.95,432.71,432.815,9889
TSM,2026-09-11,12:53,432.81,432.8999,432.77,432.86,5302
TSM,2026-09-11,12:54,432.86,432.93,432.82,432.84,3645
TSM,2026-09-11,12:55,432.84,432.93,432.8,432.87,8171
TSM,2026-09-11,12:56,432.82,432.8475,432.77,432.798,2261
TSM,2026-09-11,12:57,432.75,432.75,432.6401,432.6401,4186
TSM,2026-09-11,12:58,432.67,432.78,432.6509,432.765,4123
TSM,2026-09-11,12:59,432.74,432.84,432.73,432.815,4024
TSM,2026-09-11,13:00,432.81,432.88,432.77,432.77,4940
TSM,2026-09-11,13:01,432.8,432.96,432.8,432.9,5138
TSM,2026-09-11,13:02,432.9301,432.97,432.88,432.955,2805
TSM,2026-09-11,13:03,432.955,433.16,432.955,432.975,9595
TSM,2026-09-11,13:04,433.03,433.06,432.94,432.94,2549
TSM,2026-09-11,13:05,432.965,433.08,432.89,433.05,45676
TSM,2026-09-11,13:06,433.05,433.05,432.91,433,9403
TSM,2026-09-11,13:07,432.97,433.24,432.94,432.975,12533
TSM,2026-09-11,13:08,432.975,433.03,432.91,432.9401,7604
TSM,2026-09-11,13:09,432.9842,433.1228,432.93,433.08,4426
TSM,2026-09-11,13:10,433.075,433.2,432.97,433.05,5721
TSM,2026-09-11,13:11,432.95,433.015,432.781,432.8344,5027
TSM,2026-09-11,13:12,432.82,432.91,432.76,432.835,19953
TSM,2026-09-11,13:13,432.76,432.82,432.59,432.78,14490
TSM,2026-09-11,13:14,432.765,432.78,432.61,432.61,3559
TSM,2026-09-11,13:15,432.58,432.62,432.44,432.515,3315
TSM,2026-09-11,13:16,432.56,432.6,432.47,432.49,21702
TSM,2026-09-11,13:17,432.53,432.91,432.47,432.82,8669
TSM,2026-09-11,13:18,432.8103,432.9,432.7,432.7,4639
TSM,2026-09-11,13:19,432.6201,432.9399,432.6201,432.9399,5587
TSM,2026-09-11,13:20,432.92,433.039,432.8501,432.955,5546
TSM,2026-09-11,13:21,433,433.1,432.985,433.035,7994
TSM,2026-09-11,13:22,433.08,433.18,432.98,433.16,5114
TSM,2026-09-11,13:23,433.16,433.29,433.14,433.27,2824
TSM,2026-09-11,13:24,433.28,433.35,433.22,433.35,3758
TSM,2026-09-11,13:25,433.3,433.4,433.12,433.13,246129
TSM,2026-09-11,13:26,433.135,433.235,433.09,433.22,5576
TSM,2026-09-11,13:27,433.205,433.2275,433.06,433.08,4238
TSM,2026-09-11,13:28,433.09,433.12,433.02,433.095,4254
TSM,2026-09-11,13:29,433.095,433.145,433.08,433.11,2589
TSM,2026-09-11,13:30,433.085,433.13,433.05,433.1,3727
TSM,2026-09-11,13:31,433.1,433.17,433.07,433.07,4157
TSM,2026-09-11,13:32,433.11,433.1447,432.92,432.92,5996
TSM,2026-09-11,13:33,432.915,432.9624,432.86,432.91,3993
TSM,2026-09-11,13:34,432.94,432.94,432.88,432.89,4310
TSM,2026-09-11,13:35,432.885,433.02,432.885,432.92,5212
TSM,2026-09-11,13:36,432.915,432.915,432.8405,432.8707,6136
TSM,2026-09-11,13:37,432.9099,433.12,432.9099,433.12,4096
TSM,2026-09-11,13:38,433.11,433.17,432.98,433.065,6452
TSM,2026-09-11,13:39,433.15,433.26,433.12,433.26,5041
TSM,2026-09-11,13:40,433.25,433.33,433.2101,433.27,4315
TSM,2026-09-11,13:41,433.21,433.225,433.01,433.21,4668
TSM,2026-09-11,13:42,433.2297,433.23,433.1,433.195,2082
TSM,2026-09-11,13:43,433.2131,433.39,433.2131,433.345,3557
TSM,2026-09-11,13:44,433.3,433.33,433.25,433.289,3540
TSM,2026-09-11,13:45,433.27,433.395,433.27,433.395,3615
TSM,2026-09-11,13:46,433.385,433.385,433.195,433.27,5435
TSM,2026-09-11,13:47,433.2731,433.2731,433.15,433.15,2891
TSM,2026-09-11,13:48,433.1616,433.1616,433,433.05,6160
TSM,2026-09-11,13:49,433.055,433.26,433.055,433.18,3662
TSM,2026-09-11,13:50,433.197,433.215,433.0729,433.19,3005
TSM,2026-09-11,13:51,433.115,433.115,432.99,433.065,6196
TSM,2026-09-11,13:52,433.085,433.175,433.05,433.16,6651
TSM,2026-09-11,13:53,433.185,433.2,433.13,433.15,4536
TSM,2026-09-11,13:54,433.15,433.18,433.05,433.05,6014
TSM,2026-09-11,13:55,433.02,433.035,432.9099,432.995,8035
TSM,2026-09-11,13:56,432.995,433.0225,432.86,432.96,6563
TSM,2026-09-11,13:57,432.99,432.99,432.865,432.905,5920
TSM,2026-09-11,13:58,432.905,432.935,432.75,432.75,5547
TSM,2026-09-11,13:59,432.73,432.8869,432.72,432.8869,3496
TSM,2026-09-11,14:00,432.865,432.93,432.77,432.8475,9118
TSM,2026-09-11,14:01,432.85,433.01,432.68,432.91,8894
TSM,2026-09-11,14:02,432.905,433.03,432.905,432.975,3344
TSM,2026-09-11,14:03,432.965,433.07,432.9,433.07,4629
TSM,2026-09-11,14:04,433.08,433.13,433.03,433.09,9921
TSM,2026-09-11,14:05,433.06,433.1394,433.02,433.06,12473
TSM,2026-09-11,14:06,433.065,433.15,433.01,433.04,6996
TSM,2026-09-11,14:07,433.04,433.09,433.03,433.065,2654
TSM,2026-09-11,14:08,433.05,433.07,432.99,433,8771
TSM,2026-09-11,14:09,433.01,433.13,433.01,433.06,6302
TSM,2026-09-11,14:10,433.06,433.09,432.98,433.09,7943
TSM,2026-09-11,14:11,433.05,433.09,432.87,432.905,10184
TSM,2026-09-11,14:12,432.87,432.94,432.8151,432.94,3205
TSM,2026-09-11,14:13,432.87,432.9566,432.87,432.905,4098
TSM,2026-09-11,14:14,432.95,433,432.87,433,2688
TSM,2026-09-11,14:15,433.03,433.27,433.02,433.26,11953
TSM,2026-09-11,14:16,433.26,433.33,433.205,433.29,27429
TSM,2026-09-11,14:17,433.23,433.42,433.23,433.39,4140
TSM,2026-09-11,14:18,433.41,433.45,433.33,433.4244,7915
TSM,2026-09-11,14:19,433.3313,433.55,433.3313,433.54,6864
TSM,2026-09-11,14:20,433.53,433.535,433.205,433.35,14691
TSM,2026-09-11,14:21,433.4099,433.45,433.2477,433.31,2698
TSM,2026-09-11,14:22,433.41,433.41,433.3001,433.37,3336
TSM,2026-09-11,14:23,433.37,433.49,433.35,433.4,5246
TSM,2026-09-11,14:24,433.39,433.44,433.33,433.375,17288
TSM,2026-09-11,14:25,433.375,433.49,433.375,433.47,32464
TSM,2026-09-11,14:26,433.46,433.59,433.451,433.451,7582
TSM,2026-09-11,14:27,433.5,433.54,433.42,433.46,4394
TSM,2026-09-11,14:28,433.47,433.53,433.41,433.525,6227
TSM,2026-09-11,14:29,433.59,433.62,433.39,433.39,15796
TSM,2026-09-11,14:30,433.39,433.45,433.23,433.23,7133
TSM,2026-09-11,14:31,433.22,433.28,433.13,433.17,7064
TSM,2026-09-11,14:32,433.13,433.13,433,433.03,4746
TSM,2026-09-11,14:33,433.05,433.34,432.9201,433.285,6151
TSM,2026-09-11,14:34,433.3,433.55,433.27,433.475,7200
TSM,2026-09-11,14:35,433.46,433.47,433.36,433.365,11120
TSM,2026-09-11,14:36,433.39,433.52,433.37,433.52,2930
TSM,2026-09-11,14:37,433.55,433.55,433.33,433.365,5760
TSM,2026-09-11,14:38,433.3575,433.3575,433.235,433.265,4768
TSM,2026-09-11,14:39,433.265,433.33,433.26,433.31,3934
TSM,2026-09-11,14:40,433.3199,433.39,433.24,433.24,4020
TSM,2026-09-11,14:41,433.288,433.288,433.18,433.26,3541
TSM,2026-09-11,14:42,433.27,433.28,433.1184,433.1184,3981
TSM,2026-09-11,14:43,433.12,433.14,433.0075,433.085,3576
TSM,2026-09-11,14:44,433.0268,433.16,433.01,433.105,4865
TSM,2026-09-11,14:45,433.1899,433.355,433.18,433.21,4755
TSM,2026-09-11,14:46,433.21,433.22,433.1157,433.145,3001
TSM,2026-09-11,14:47,433.125,433.23,433.1,433.135,3570
TSM,2026-09-11,14:48,433.135,433.29,433.135,433.19,8271
TSM,2026-09-11,14:49,433.19,433.19,432.98,433.01,17422
TSM,2026-09-11,14:50,432.9884,433.0991,432.94,432.995,2927
TSM,2026-09-11,14:51,433.0188,433.0499,432.94,432.945,3400
TSM,2026-09-11,14:52,432.99,432.99,432.85,432.88,3586
TSM,2026-09-11,14:53,432.85,432.92,432.785,432.85,9879
TSM,2026-09-11,14:54,432.89,432.9,432.5,432.5,8489
TSM,2026-09-11,14:55,432.58,432.77,432.51,432.6672,5493
TSM,2026-09-11,14:56,432.715,433,432.63,432.96,29893
TSM,2026-09-11,14:57,432.945,432.945,432.65,432.76,14309
TSM,2026-09-11,14:58,432.64,432.88,432.5874,432.88,4080
TSM,2026-09-11,14:59,432.88,432.89,432.46,432.49,8032
TSM,2026-09-11,15:00,432.5778,432.63,432.36,432.63,7866
TSM,2026-09-11,15:01,432.51,432.58,432.24,432.34,6336
TSM,2026-09-11,15:02,432.2573,432.4099,432.18,432.215,4870
TSM,2026-09-11,15:03,432.24,432.3,432.198,432.235,3170
TSM,2026-09-11,15:04,432.235,432.38,432.235,432.3177,4564
TSM,2026-09-11,15:05,432.35,432.41,432.2628,432.41,7698
TSM,2026-09-11,15:06,432.375,432.4222,432.18,432.205,8568
TSM,2026-09-11,15:07,432.15,432.2989,432.11,432.18,6582
TSM,2026-09-11,15:08,432.17,432.18,431.91,432.06,18243
TSM,2026-09-11,15:09,431.96,432.1,431.93,432.06,10501
TSM,2026-09-11,15:10,431.995,432.08,431.7705,431.865,7543
TSM,2026-09-11,15:11,431.83,431.99,431.75,431.99,12188
TSM,2026-09-11,15:12,431.98,431.98,431.75,431.87,18263
TSM,2026-09-11,15:13,431.86,431.9,431.71,431.71,11113
TSM,2026-09-11,15:14,431.8741,431.92,431.69,431.72,10388
TSM,2026-09-11,15:15,431.78,432.02,431.78,431.91,5320
TSM,2026-09-11,15:16,431.9,431.905,431.78,431.78,9198
TSM,2026-09-11,15:17,431.8,431.93,431.75,431.875,4876
TSM,2026-09-11,15:18,431.8185,432.02,431.815,432.01,10741
TSM,2026-09-11,15:19,432.01,432.1799,431.98,432.05,10933
TSM,2026-09-11,15:20,432.03,432.08,431.94,432.01,3498
TSM,2026-09-11,15:21,432.07,432.1399,431.99,432.05,5070
TSM,2026-09-11,15:22,432.105,432.4178,432.105,432.19,6968
TSM,2026-09-11,15:23,432.11,432.15,431.81,431.915,12388
TSM,2026-09-11,15:24,432.01,432.25,431.879,432.23,9046
TSM,2026-09-11,15:25,432.23,432.2411,432.13,432.21,404377
TSM,2026-09-11,15:26,432.24,432.36,432.2,432.36,54672
TSM,2026-09-11,15:27,432.36,432.36,432.1401,432.22,10322
TSM,2026-09-11,15:28,432.2,432.2,431.92,431.945,23664
TSM,2026-09-11,15:29,431.94,431.95,431.8,431.95,4665
TSM,2026-09-11,15:30,431.915,432.04,431.7008,431.94,11380
TSM,2026-09-11,15:31,432.01,432.06,431.92,431.995,5938
TSM,2026-09-11,15:32,432.03,432.03,431.86,431.95,11820
TSM,2026-09-11,15:33,431.96,432.08,431.86,432.0658,10246
TSM,2026-09-11,15:34,432.09,432.16,432.06,432.125,6506
TSM,2026-09-11,15:35,432.125,432.1411,431.8,431.85,12104
TSM,2026-09-11,15:36,431.85,432.07,431.83,432.07,8663
TSM,2026-09-11,15:37,432.0527,432.2,431.9867,432.08,8922
TSM,2026-09-11,15:38,432.1,432.145,432.03,432.04,7241
TSM,2026-09-11,15:39,432.03,432.15,432.01,432.095,7000
TSM,2026-09-11,15:40,432.095,432.22,432.04,432.22,12237
TSM,2026-09-11,15:41,432.18,432.3899,432.17,432.335,8275
TSM,2026-09-11,15:42,432.34,432.3436,432.2,432.3436,11320
TSM,2026-09-11,15:43,432.38,432.46,432.26,432.26,7923
TSM,2026-09-11,15:44,432.295,432.49,432.275,432.445,12948
TSM,2026-09-11,15:45,432.41,432.65,432.4,432.5599,23625
TSM,2026-09-11,15:46,432.56,432.6,432.23,432.23,12942
TSM,2026-09-11,15:47,432.23,432.32,432.14,432.32,7417
TSM,2026-09-11,15:48,432.3499,432.4399,432.18,432.24,10462
TSM,2026-09-11,15:49,432.22,432.73,432.17,432.69,15237
TSM,2026-09-11,15:50,432.68,433.0611,432.445,432.91,37975
TSM,2026-09-11,15:51,432.91,433.08,432.675,432.675,40036
TSM,2026-09-11,15:52,432.71,432.78,432.59,432.76,27734
TSM,2026-09-11,15:53,432.72,432.81,432.61,432.64,27831
TSM,2026-09-11,15:54,432.68,433.19,432.66,433.0901,28560
TSM,2026-09-11,15:55,433.09,433.16,432.74,432.99,37631
TSM,2026-09-11,15:56,433.01,433.19,432.64,433.13,38484
TSM,2026-09-11,15:57,433.13,433.2,432.93,433.12,57066
TSM,2026-09-11,15:58,433.12,433.5,433,433.33,95319
TSM,2026-09-11,15:59,433.33,433.48,432.97,433.24,174493
TSM,2026-09-11,16:00,433.24,433.24,433.24,433.24,0
TSM,2026-09-14,09:30,416.01,419.78,416.01,419.78,874886
TSM,2026-09-14,09:31,419.78,421.08,418.23,418.51,114539
TSM,2026-09-14,09:32,418.545,419.32,418.37,418.98,77153
TSM,2026-09-14,09:33,418.86,419.185,417.8,418.01,78601
TSM,2026-09-14,09:34,418.01,418.88,417.4662,417.73,61081
TSM,2026-09-14,09:35,417.73,418.28,417.23,417.72,56132
TSM,2026-09-14,09:36,417.695,418.0721,417.41,417.95,45409
TSM,2026-09-14,09:37,417.9,418.64,417.89,418.3,46209
TSM,2026-09-14,09:38,418.36,418.98,418.2201,418.48,93157
TSM,2026-09-14,09:39,418.5625,419.1837,418.45,419.045,78221
TSM,2026-09-14,09:40,419.045,419.27,418.5489,418.675,46879
TSM,2026-09-14,09:41,418.7288,418.79,417.9,418.69,38221
TSM,2026-09-14,09:42,418.6899,418.72,417.9,418.345,31964
TSM,2026-09-14,09:43,418.46,418.4815,417.85,418.34,37586
TSM,2026-09-14,09:44,418.205,418.72,418.07,418.5129,23212
TSM,2026-09-14,09:45,418.42,419.38,418.42,419.0502,32298
TSM,2026-09-14,09:46,419,420.9799,419,420.9799,65870
TSM,2026-09-14,09:47,420.67,420.98,420.36,420.58,47864
TSM,2026-09-14,09:48,420.565,421.28,420.555,421.245,63131
TSM,2026-09-14,09:49,421.29,421.84,421.2401,421.36,40863
TSM,2026-09-14,09:50,421.28,421.6199,420.65,420.87,29231
TSM,2026-09-14,09:51,420.8,420.821,419.35,419.4,35382
TSM,2026-09-14,09:52,419.36,419.8199,419.05,419.3552,73720
TSM,2026-09-14,09:53,419.3975,420.12,419.35,419.955,52435
TSM,2026-09-14,09:54,419.92,419.92,419.12,419.49,200958
TSM,2026-09-14,09:55,419.42,420,419.11,419.15,76501
TSM,2026-09-14,09:56,419.165,419.73,419.1,419.59,58732
TSM,2026-09-14,09:57,419.58,419.7,419.15,419.57,138369
TSM,2026-09-14,09:58,419.51,419.71,418.93,419.59,159326
TSM,2026-09-14,09:59,419.515,419.7301,419.22,419.7301,46443
TSM,2026-09-14,10:00,419.66,420.19,419.52,419.67,44323
TSM,2026-09-14,10:01,419.66,420.25,419.52,420.155,36093
TSM,2026-09-14,10:02,420.155,420.53,419.8,420.0454,38807
TSM,2026-09-14,10:03,420.05,420.87,420.0301,420.54,30514
TSM,2026-09-14,10:04,420.46,421.19,420.46,420.885,26665
TSM,2026-09-14,10:05,420.885,421.47,420.8,421.1778,31904
TSM,2026-09-14,10:06,421.215,421.88,421.14,421.745,23151
TSM,2026-09-14,10:07,421.765,422.06,421.65,421.9799,34546
TSM,2026-09-14,10:08,421.865,422.049,421.63,421.63,31112
TSM,2026-09-14,10:09,421.62,421.815,421.48,421.66,25026
TSM,2026-09-14,10:10,421.685,423.085,421.685,423.025,76402
TSM,2026-09-14,10:11,423.025,423.35,422.78,422.925,66990
TSM,2026-09-14,10:12,422.92,423.6,422.82,423.395,48624
TSM,2026-09-14,10:13,423.42,423.4299,422.65,422.89,39854
TSM,2026-09-14,10:14,422.89,423.37,422.88,423.17,25194
TSM,2026-09-14,10:15,423.22,423.84,423.22,423.73,37201
TSM,2026-09-14,10:16,423.73,423.74,422.8369,423.15,31396
TSM,2026-09-14,10:17,423.21,423.34,422.865,422.995,26716
TSM,2026-09-14,10:18,422.995,423.42,422.94,423.09,33084
TSM,2026-09-14,10:19,423.01,423.58,422.88,423.545,30409
TSM,2026-09-14,10:20,423.51,423.55,422.7,422.85,57199
TSM,2026-09-14,10:21,422.92,423.01,422.36,422.52,51690
TSM,2026-09-14,10:22,422.52,422.56,422.04,422.44,28245
TSM,2026-09-14,10:23,422.64,422.925,422.1311,422.85,27592
TSM,2026-09-14,10:24,422.97,423,422.44,422.635,19394
TSM,2026-09-14,10:25,422.635,422.9,422.5,422.655,15927
TSM,2026-09-14,10:26,422.655,422.7699,422.04,422.155,24410
TSM,2026-09-14,10:27,422.16,422.5325,422.08,422.52,18039
TSM,2026-09-14,10:28,422.52,422.525,421.73,421.73,26914
TSM,2026-09-14,10:29,421.845,422,421.48,421.75,22259
TSM,2026-09-14,10:30,421.91,422.01,421.5601,421.59,9849
TSM,2026-09-14,10:31,421.5,421.97,421.5,421.69,12455
TSM,2026-09-14,10:32,421.715,421.715,421.2,421.26,21057
TSM,2026-09-14,10:33,421.33,421.33,420.28,420.4,45471
TSM,2026-09-14,10:34,420.4,420.78,420.28,420.645,49419
TSM,2026-09-14,10:35,420.645,420.65,420.08,420.33,34411
TSM,2026-09-14,10:36,420.35,420.38,419.91,420.06,138097
TSM,2026-09-14,10:37,420.02,420.14,419.9,420.025,56262
TSM,2026-09-14,10:38,420.025,420.2,419.9,420.07,51488
TSM,2026-09-14,10:39,420.07,420.375,420.07,420.365,13188
TSM,2026-09-14,10:40,420.35,420.8,420.32,420.78,27684
TSM,2026-09-14,10:41,420.765,420.7999,420.3,420.3,21888
TSM,2026-09-14,10:42,420.34,420.54,420.19,420.3102,26588
TSM,2026-09-14,10:43,420.275,420.33,419.92,420.09,30120
TSM,2026-09-14,10:44,420.065,420.63,419.9,420.63,83334
TSM,2026-09-14,10:45,420.675,420.85,420.58,420.76,21930
TSM,2026-09-14,10:46,420.74,420.81,420.38,420.4,19491
TSM,2026-09-14,10:47,420.4,420.54,420.25,420.405,19548
TSM,2026-09-14,10:48,420.4,420.5,420.09,420.18,19553
TSM,2026-09-14,10:49,420.1459,420.25,419.94,420.25,35549
TSM,2026-09-14,10:50,420.22,420.285,419.9,420.005,119455
TSM,2026-09-14,10:51,420.04,420.23,419.92,420.2,43304
TSM,2026-09-14,10:52,420.08,420.08,419.9,420.005,87936
TSM,2026-09-14,10:53,420.03,420.18,419.92,419.98,57049
TSM,2026-09-14,10:54,419.93,419.95,418.52,418.84,780957
TSM,2026-09-14,10:55,418.84,419.05,418.68,419.01,23467
TSM,2026-09-14,10:56,419.01,419.01,418.6,418.98,20301
TSM,2026-09-14,10:57,418.99,419.35,418.875,419.19,19653
TSM,2026-09-14,10:58,419.29,419.29,418.81,419.25,29835
TSM,2026-09-14,10:59,419.225,419.47,419,419.442,14815
TSM,2026-09-14,11:00,419.49,419.66,419.36,419.58,8324
TSM,2026-09-14,11:01,419.5,419.81,419.15,419.77,22537
TSM,2026-09-14,11:02,419.745,419.82,419.12,419.175,15277
TSM,2026-09-14,11:03,419.195,419.4544,418.9,419.27,27453
TSM,2026-09-14,11:04,419.27,419.35,418.74,418.77,14883
TSM,2026-09-14,11:05,418.77,420.49,418.71,420.305,33284
TSM,2026-09-14,11:06,420.3928,421.155,420.19,420.42,30764
TSM,2026-09-14,11:07,420.41,420.41,419.33,419.72,20792
TSM,2026-09-14,11:08,419.68,419.68,419,419.57,31599
TSM,2026-09-14,11:09,419.57,419.57,419.16,419.16,9661
TSM,2026-09-14,11:10,419.2,419.36,419.01,419.18,9627
TSM,2026-09-14,11:11,419.23,419.23,418.8005,419.2,21554
TSM,2026-09-14,11:12,419.21,419.417,419.01,419.315,8978
TSM,2026-09-14,11:13,419.42,419.54,419.06,419.185,20996
TSM,2026-09-14,11:14,419.185,419.29,419.05,419.085,16660
TSM,2026-09-14,11:15,419.08,419.54,419.03,419.54,12074
TSM,2026-09-14,11:16,419.46,419.6,419.26,419.54,13840
TSM,2026-09-14,11:17,419.6,419.765,419.57,419.7,12196
TSM,2026-09-14,11:18,419.72,419.88,419.6401,419.79,9837
TSM,2026-09-14,11:19,419.8488,419.87,419.67,419.71,8839
TSM,2026-09-14,11:20,419.725,419.86,419.67,419.83,10715
TSM,2026-09-14,11:21,419.86,419.86,419.61,419.67,14177
TSM,2026-09-14,11:22,419.705,419.795,419.39,419.39,10517
TSM,2026-09-14,11:23,419.435,419.7,419.435,419.455,13997
TSM,2026-09-14,11:24,419.5201,419.6,419.34,419.55,16145
TSM,2026-09-14,11:25,419.51,419.87,419.49,419.68,16125
TSM,2026-09-14,11:26,419.68,419.72,419.47,419.67,9039
TSM,2026-09-14,11:27,419.63,419.75,419.59,419.695,9680
TSM,2026-09-14,11:28,419.71,419.95,419.71,419.91,12018
TSM,2026-09-14,11:29,419.85,419.94,419.78,419.8638,8214
TSM,2026-09-14,11:30,419.8225,420.38,419.815,419.992,11622
TSM,2026-09-14,11:31,419.975,419.9968,419.65,419.685,10720
TSM,2026-09-14,11:32,419.64,421.12,419.61,421.045,33899
TSM,2026-09-14,11:33,421.04,421.15,420.36,420.905,40001
TSM,2026-09-14,11:34,420.98,421.2,420.746,420.89,17930
TSM,2026-09-14,11:35,420.89,421.395,420.65,420.65,27139
TSM,2026-09-14,11:36,420.77,420.8861,420.51,420.64,12906
TSM,2026-09-14,11:37,420.575,421.71,420.575,421.66,13540
TSM,2026-09-14,11:38,421.71,421.84,421.395,421.7775,33347
TSM,2026-09-14,11:39,421.78,422,421.54,421.6047,39585
TSM,2026-09-14,11:40,421.575,421.935,421.1847,421.6046,18458
TSM,2026-09-14,11:41,421.67,422.18,421.49,421.95,11412
TSM,2026-09-14,11:42,421.95,422.08,421.64,421.69,8441
TSM,2026-09-14,11:43,421.78,421.9,421.6,421.6525,8700
TSM,2026-09-14,11:44,421.7,421.93,421.68,421.77,9288
TSM,2026-09-14,11:45,421.785,421.785,421.45,421.525,10020
TSM,2026-09-14,11:46,421.525,421.53,421.24,421.3,11936
TSM,2026-09-14,11:47,421.29,421.33,421.02,421.13,9608
TSM,2026-09-14,11:48,421.08,421.38,421.01,421.31,22933
TSM,2026-09-14,11:49,421.32,421.43,420.995,421.12,13151
TSM,2026-09-14,11:50,421.04,421.405,421.03,421.145,8307
TSM,2026-09-14,11:51,421.15,421.2638,421.02,421.18,10071
TSM,2026-09-14,11:52,421.2,421.39,421.17,421.21,10893
TSM,2026-09-14,11:53,421.2,421.21,420.66,420.78,12546
TSM,2026-09-14,11:54,420.78,420.78,420.54,420.59,11905
TSM,2026-09-14,11:55,420.5,420.83,420.45,420.52,14704
TSM,2026-09-14,11:56,420.5822,420.7,420.3001,420.57,9372
TSM,2026-09-14,11:57,420.62,420.68,420.44,420.49,5959
TSM,2026-09-14,11:58,420.53,420.6481,420.46,420.475,8235
TSM,2026-09-14,11:59,420.475,420.52,420.31,420.495,10324
TSM,2026-09-14,12:00,420.44,420.59,420.05,420.05,14361
TSM,2026-09-14,12:01,420.05,420.075,419.89,419.92,27069
TSM,2026-09-14,12:02,419.95,419.9751,419.8,419.82,8338
TSM,2026-09-14,12:03,419.8,420.045,419.8,419.935,5613
TSM,2026-09-14,12:04,419.83,419.9,419.53,419.58,31502
TSM,2026-09-14,12:05,419.52,419.73,419.51,419.65,18992
TSM,2026-09-14,12:06,419.67,419.83,419.56,419.59,10975
TSM,2026-09-14,12:07,419.59,419.86,419.53,419.62,19036
TSM,2026-09-14,12:08,419.6476,419.665,419.47,419.47,57639
TSM,2026-09-14,12:09,419.47,419.47,419.25,419.3,17569
TSM,2026-09-14,12:10,419.34,419.535,419.14,419.48,25894
TSM,2026-09-14,12:11,419.3,419.4528,419.24,419.36,11185
TSM,2026-09-14,12:12,419.36,419.53,419.33,419.45,11531
TSM,2026-09-14,12:13,419.485,419.5016,419.05,419.28,25469
TSM,2026-09-14,12:14,419.265,419.31,418.94,419.01,30354
TSM,2026-09-14,12:15,419.055,420.6599,419.01,420.39,35593
TSM,2026-09-14,12:16,420.25,420.79,420.25,420.68,14291
TSM,2026-09-14,12:17,420.65,420.95,420.57,420.79,14409
TSM,2026-09-14,12:18,420.7,420.7,420.33,420.4801,9305
TSM,2026-09-14,12:19,420.54,420.71,420.35,420.56,9598
TSM,2026-09-14,12:20,420.54,420.62,420.25,420.41,6332
TSM,2026-09-14,12:21,420.48,420.48,420.05,420.1,7146
TSM,2026-09-14,12:22,420.08,420.25,419.95,419.97,7458
TSM,2026-09-14,12:23,420,420.35,420,420.35,8117
TSM,2026-09-14,12:24,420.345,420.41,420.04,420.18,8624
TSM,2026-09-14,12:25,420.19,420.19,420.08,420.11,9438
TSM,2026-09-14,12:26,420.05,420.13,419.82,419.915,8340
TSM,2026-09-14,12:27,419.92,419.92,419.61,419.67,6304
TSM,2026-09-14,12:28,419.72,419.76,419.455,419.46,7801
TSM,2026-09-14,12:29,419.47,419.63,419.47,419.59,6340
TSM,2026-09-14,12:30,419.55,419.68,419.5,419.62,13642
TSM,2026-09-14,12:31,419.67,419.97,419.55,419.72,20377
TSM,2026-09-14,12:32,419.635,419.95,419.635,419.78,3883
TSM,2026-09-14,12:33,419.78,419.87,419.7,419.775,6212
TSM,2026-09-14,12:34,419.77,419.77,419.45,419.51,15514
TSM,2026-09-14,12:35,419.49,419.49,419.19,419.24,9233
TSM,2026-09-14,12:36,419.24,419.49,419.235,419.33,8799
TSM,2026-09-14,12:37,419.41,419.77,419.36,419.77,8057
TSM,2026-09-14,12:38,419.785,419.85,419.6234,419.84,6340
TSM,2026-09-14,12:39,419.85,419.92,419.79,419.88,6605
TSM,2026-09-14,12:40,419.83,419.9,419.74,419.885,7957
TSM,2026-09-14,12:41,419.88,419.9,419.53,419.6,11434
TSM,2026-09-14,12:42,419.68,419.88,419.62,419.86,24374
TSM,2026-09-14,12:43,419.87,420.285,419.83,420.14,20756
TSM,2026-09-14,12:44,420.14,420.28,420.04,420.27,16870
TSM,2026-09-14,12:45,420.28,420.43,420.13,420.43,15690
TSM,2026-09-14,12:46,420.41,420.43,420.02,420.21,11911
TSM,2026-09-14,12:47,420.2,420.96,420.175,420.785,16131
TSM,2026-09-14,12:48,420.7718,421.645,420.71,421.385,18704
TSM,2026-09-14,12:49,421.385,421.45,421.09,421.22,15109
TSM,2026-09-14,12:50,421.22,421.43,420.97,421.35,25472
TSM,2026-09-14,12:51,421.33,421.52,421.33,421.455,8360
TSM,2026-09-14,12:52,421.465,421.5,421.22,421.28,5648
TSM,2026-09-14,12:53,421.31,421.32,421.08,421.08,6749
TSM,2026-09-14,12:54,421.06,421.0869,420.72,420.72,7570
TSM,2026-09-14,12:55,420.71,421.04,420.71,421.04,9418
TSM,2026-09-14,12:56,421.01,421.02,420.9186,420.99,5648
TSM,2026-09-14,12:57,420.99,420.99,420.64,420.6422,8593
TSM,2026-09-14,12:58,420.69,420.765,420.675,420.75,4982
TSM,2026-09-14,12:59,420.7,420.995,420.68,420.995,16913
TSM,2026-09-14,13:00,420.995,421.06,420.81,421.015,17045
TSM,2026-09-14,13:01,420.98,420.995,420.705,420.7448,5824
TSM,2026-09-14,13:02,420.79,420.9799,420.7501,420.805,8326
TSM,2026-09-14,13:03,420.825,420.9064,420.48,420.5237,23416
TSM,2026-09-14,13:04,420.555,420.6,420.505,420.6,5989
TSM,2026-09-14,13:05,420.63,420.82,420.6,420.73,7589
TSM,2026-09-14,13:06,420.76,420.91,420.7,420.74,15317
TSM,2026-09-14,13:07,420.73,420.79,420.68,420.735,6695
TSM,2026-09-14,13:08,420.7544,420.78,420.555,420.6217,8352
TSM,2026-09-14,13:09,420.67,420.775,420.585,420.64,7244
TSM,2026-09-14,13:10,420.69,420.75,420.6,420.66,14692
TSM,2026-09-14,13:11,420.66,420.95,420.66,420.81,8678
TSM,2026-09-14,13:12,420.84,421.2292,420.84,421.1,8877
TSM,2026-09-14,13:13,421.1,421.1,420.8,420.8,6495
TSM,2026-09-14,13:14,420.795,420.84,420.61,420.6999,5595
TSM,2026-09-14,13:15,420.6828,420.76,420.61,420.72,4360
TSM,2026-09-14,13:16,420.75,420.835,420.65,420.78,6985
TSM,2026-09-14,13:17,420.76,420.8727,420.47,420.47,5816
TSM,2026-09-14,13:18,420.505,420.505,420.275,420.41,6974
TSM,2026-09-14,13:19,420.42,420.52,420.37,420.43,4724
TSM,2026-09-14,13:20,420.5,420.9299,420.4,420.56,10507
TSM,2026-09-14,13:21,420.56,420.625,420.48,420.48,9246
TSM,2026-09-14,13:22,420.515,420.655,420.515,420.6193,5816
TSM,2026-09-14,13:23,420.575,420.745,420.5201,420.66,7298
TSM,2026-09-14,13:24,420.71,420.72,420.57,420.67,4964
TSM,2026-09-14,13:25,420.72,421.39,420.71,421.035,35477
TSM,2026-09-14,13:26,421,421.15,420.98,421.1499,12380
TSM,2026-09-14,13:27,421.12,421.2,421.04,421.19,9109
TSM,2026-09-14,13:28,421.18,421.25,421.09,421.25,13339
TSM,2026-09-14,13:29,421.235,421.39,421.1201,421.33,15488
TSM,2026-09-14,13:30,421.29,421.29,421.07,421.19,7578
TSM,2026-09-14,13:31,421.23,421.24,421,421.04,7797
TSM,2026-09-14,13:32,421.06,421.24,421.04,421.17,7010
TSM,2026-09-14,13:33,421.18,421.19,420.78,420.885,10837
TSM,2026-09-14,13:34,420.83,421.46,420.775,421.35,58548
TSM,2026-09-14,13:35,421.32,421.61,421.01,421.06,41508
TSM,2026-09-14,13:36,421.06,421.13,421,421.03,14533
TSM,2026-09-14,13:37,421.04,421.09,420.85,420.86,9616
TSM,2026-09-14,13:38,420.97,421.1786,420.97,420.995,6865
TSM,2026-09-14,13:39,420.995,421.17,420.96,421.17,7111
TSM,2026-09-14,13:40,421.17,421.25,421.1,421.15,10821
TSM,2026-09-14,13:41,421.185,421.265,421.086,421.125,3390
TSM,2026-09-14,13:42,421.16,421.35,421.1,421.1,34107
TSM,2026-09-14,13:43,421.02,421.09,420.88,420.89,6320
TSM,2026-09-14,13:44,420.905,420.94,420.82,420.93,13477
TSM,2026-09-14,13:45,420.93,421.18,420.88,421.125,7294
TSM,2026-09-14,13:46,421.19,421.27,421.09,421.23,5268
TSM,2026-09-14,13:47,421.09,421.3,421.09,421.21,7039
TSM,2026-09-14,13:48,421.06,421.25,421,421.01,5200
TSM,2026-09-14,13:49,420.9868,421.12,420.932,421.025,8241
TSM,2026-09-14,13:50,420.9901,421.135,420.895,421.1,6820
TSM,2026-09-14,13:51,421.071,421.23,421.065,421.19,8468
TSM,2026-09-14,13:52,421.2,421.25,421.15,421.19,5655
TSM,2026-09-14,13:53,421.23,421.25,421.12,421.195,6554
TSM,2026-09-14,13:54,421.24,421.26,421.164,421.23,7443
TSM,2026-09-14,13:55,421.23,421.2399,421,421.045,17380
TSM,2026-09-14,13:56,421.0825,421.13,421,421.04,5898
TSM,2026-09-14,13:57,421.09,421.09,420.79,420.82,8594
TSM,2026-09-14,13:58,420.79,420.99,420.79,420.86,6927
TSM,2026-09-14,13:59,420.93,420.96,420.834,420.834,4849
TSM,2026-09-14,14:00,420.9,421.4,420.8901,421.22,13250
TSM,2026-09-14,14:01,421.33,421.36,421.08,421.15,6423
TSM,2026-09-14,14:02,421.17,421.96,421.16,421.875,34719
TSM,2026-09-14,14:03,421.89,422,421.73,421.84,45142
TSM,2026-09-14,14:04,421.8,422.13,421.8,422.02,11241
TSM,2026-09-14,14:05,422.03,422.06,421.71,421.87,35504
TSM,2026-09-14,14:06,421.865,421.96,421.841,421.9,8415
TSM,2026-09-14,14:07,421.905,422.04,421.74,421.965,9138
TSM,2026-09-14,14:08,422.05,422.3403,422.0064,422.23,13530
TSM,2026-09-14,14:09,422.205,422.27,421.81,421.875,6703
TSM,2026-09-14,14:10,421.84,422,421.53,421.76,17346
TSM,2026-09-14,14:11,421.694,421.77,421.49,421.49,6889
TSM,2026-09-14,14:12,421.49,421.79,421.49,421.725,9340
TSM,2026-09-14,14:13,421.725,421.99,421.64,421.92,20742
TSM,2026-09-14,14:14,421.98,422.36,421.98,422.3599,20867
TSM,2026-09-14,14:15,422.34,422.43,422.2,422.375,24348
TSM,2026-09-14,14:16,422.31,422.4,422.24,422.32,9348
TSM,2026-09-14,14:17,422.32,422.39,422.26,422.35,10551
TSM,2026-09-14,14:18,422.35,422.49,422.3,422.465,10781
TSM,2026-09-14,14:19,422.45,422.76,422.44,422.75,15352
TSM,2026-09-14,14:20,422.735,422.936,422.735,422.76,11476
TSM,2026-09-14,14:21,422.75,422.846,422.59,422.59,13774
TSM,2026-09-14,14:22,422.63,422.665,422.4002,422.45,7054
TSM,2026-09-14,14:23,422.435,422.5,422.395,422.46,7851
TSM,2026-09-14,14:24,422.49,422.5,422.38,422.38,10722
TSM,2026-09-14,14:25,422.36,422.49,422.31,422.43,8219
TSM,2026-09-14,14:26,422.4799,422.4799,422.3401,422.3401,24174
TSM,2026-09-14,14:27,422.345,422.345,421.945,422.005,7390
TSM,2026-09-14,14:28,422.005,422.1286,421.96,422.1286,7190
TSM,2026-09-14,14:29,422.11,422.2,422.075,422.13,9076
TSM,2026-09-14,14:30,422.145,422.39,422.135,422.368,11569
TSM,2026-09-14,14:31,422.4,422.44,422.28,422.4,10524
TSM,2026-09-14,14:32,422.41,422.45,422.2501,422.34,14128
TSM,2026-09-14,14:33,422.355,422.43,422.315,422.325,5517
TSM,2026-09-14,14:34,422.345,422.541,422.32,422.495,12450
TSM,2026-09-14,14:35,422.47,422.57,422.44,422.54,11461
TSM,2026-09-14,14:36,422.55,422.62,422.46,422.55,8580
TSM,2026-09-14,14:37,422.5,422.57,422.46,422.48,4467
TSM,2026-09-14,14:38,422.48,422.48,422.34,422.3801,6192
TSM,2026-09-14,14:39,422.41,422.42,422.31,422.31,7416
TSM,2026-09-14,14:40,422.27,422.27,422.04,422.165,7844
TSM,2026-09-14,14:41,422.1995,422.33,422.15,422.22,7767
TSM,2026-09-14,14:42,422.3218,422.35,422.2114,422.295,8149
TSM,2026-09-14,14:43,422.32,422.56,422.295,422.4503,30043
TSM,2026-09-14,14:44,422.47,422.745,422.34,422.74,12648
TSM,2026-09-14,14:45,422.69,423.11,422.62,422.75,26127
TSM,2026-09-14,14:46,422.77,422.99,422.55,422.735,19469
TSM,2026-09-14,14:47,422.7625,423.01,422.72,422.93,12843
TSM,2026-09-14,14:48,422.91,423.1,422.84,423.1,14309
TSM,2026-09-14,14:49,423.14,423.15,422.96,423.09,18523
TSM,2026-09-14,14:50,423.1,423.3,422.915,422.979,10357
TSM,2026-09-14,14:51,422.91,422.94,422.765,422.82,8045
TSM,2026-09-14,14:52,422.8,423,422.8,422.95,5432
TSM,2026-09-14,14:53,422.96,423.02,422.86,422.97,6515
TSM,2026-09-14,14:54,422.985,423.03,422.93,422.9475,5115
TSM,2026-09-14,14:55,422.945,422.99,422.88,422.95,6319
TSM,2026-09-14,14:56,422.95,423.18,422.95,423.075,10918
TSM,2026-09-14,14:57,423.15,423.2399,423.09,423.115,6241
TSM,2026-09-14,14:58,423.0301,423.3,423.0301,423.265,7855
TSM,2026-09-14,14:59,423.285,423.59,423.2351,423.58,14461
TSM,2026-09-14,15:00,423.6,423.99,423.55,423.925,36937
TSM,2026-09-14,15:01,423.925,424.345,423.83,424.23,35070
TSM,2026-09-14,15:02,424.23,424.34,424.07,424.13,14439
TSM,2026-09-14,15:03,424.16,424.16,423.92,424.13,14068
TSM,2026-09-14,15:04,424.09,424.31,423.97,424.28,15634
TSM,2026-09-14,15:05,424.28,424.45,423.79,423.89,12010
TSM,2026-09-14,15:06,423.875,423.875,423.185,423.2453,14007
TSM,2026-09-14,15:07,423.19,423.38,423.185,423.23,7740
TSM,2026-09-14,15:08,423.21,423.41,423.13,423.29,9579
TSM,2026-09-14,15:09,423.3,423.56,423.25,423.2802,20382
TSM,2026-09-14,15:10,423.2783,423.44,423.23,423.31,9052
TSM,2026-09-14,15:11,423.28,423.4,423.161,423.355,8467
TSM,2026-09-14,15:12,423.4,423.61,423.19,423.22,36562
TSM,2026-09-14,15:13,423.24,423.49,422.88,422.935,23356
TSM,2026-09-14,15:14,422.89,423.06,422.85,422.89,11508
TSM,2026-09-14,15:15,422.84,422.86,422.65,422.75,16283
TSM,2026-09-14,15:16,422.75,422.79,422.475,422.575,17210
TSM,2026-09-14,15:17,422.64,422.73,422.4725,422.4725,8456
TSM,2026-09-14,15:18,422.46,422.46,422.1,422.25,11558
TSM,2026-09-14,15:19,422.225,422.73,422.14,422.58,23245
TSM,2026-09-14,15:20,422.58,422.7,422.5,422.65,13779
TSM,2026-09-14,15:21,422.65,422.72,422.37,422.5,13206
TSM,2026-09-14,15:22,422.485,422.57,422.305,422.35,6851
TSM,2026-09-14,15:23,422.34,422.4,422.1,422.215,13729
TSM,2026-09-14,15:24,422.19,422.42,422.1045,422.36,13494
TSM,2026-09-14,15:25,422.36,422.565,422.29,422.385,7979
TSM,2026-09-14,15:26,422.385,422.46,422.32,422.32,6524
TSM,2026-09-14,15:27,422.32,422.34,422.19,422.19,8086
TSM,2026-09-14,15:28,422.191,422.25,422.16,422.225,7012
TSM,2026-09-14,15:29,422.27,422.35,421.8477,421.8581,20865
TSM,2026-09-14,15:30,421.84,422.04,421.49,421.54,23540
TSM,2026-09-14,15:31,421.515,421.68,421.36,421.425,31727
TSM,2026-09-14,15:32,421.39,421.41,420.94,420.98,24067
TSM,2026-09-14,15:33,421.04,421.13,420.84,420.84,20150
TSM,2026-09-14,15:34,420.8021,421.105,420.8021,420.995,16793
TSM,2026-09-14,15:35,420.975,420.975,420.31,420.35,34459
TSM,2026-09-14,15:36,420.35,420.46,420.01,420.05,31448
TSM,2026-09-14,15:37,420.09,420.27,420,420.02,33096
TSM,2026-09-14,15:38,420.1,420.1,419.82,419.9,17108
TSM,2026-09-14,15:39,419.91,420.04,419.82,419.895,25542
TSM,2026-09-14,15:40,419.94,420.24,419.92,420.06,21471
TSM,2026-09-14,15:41,420.14,420.315,420.06,420.13,24532
TSM,2026-09-14,15:42,420.07,420.24,420,420.01,20000
TSM,2026-09-14,15:43,419.96,420.11,419.92,419.94,15259
TSM,2026-09-14,15:44,419.92,420.1,419.82,419.87,22852
TSM,2026-09-14,15:45,419.905,419.98,419.64,419.755,27526
TSM,2026-09-14,15:46,419.73,419.746,419.54,419.565,24457
TSM,2026-09-14,15:47,419.59,419.71,419.5424,419.66,21444
TSM,2026-09-14,15:48,419.7,419.895,419.62,419.895,24764
TSM,2026-09-14,15:49,419.89,420.57,419.89,420.335,30817
TSM,2026-09-14,15:50,420.325,420.34,419.7501,419.82,55698
TSM,2026-09-14,15:51,419.87,419.97,419.66,419.83,45027
TSM,2026-09-14,15:52,419.825,419.96,419.67,419.765,36568
TSM,2026-09-14,15:53,419.81,419.89,419.5,419.68,70417
TSM,2026-09-14,15:54,419.69,420.15,419.69,419.91,59606
TSM,2026-09-14,15:55,419.91,420.01,419.59,419.84,117429
TSM,2026-09-14,15:56,419.84,420.04,419.62,420.03,78968
TSM,2026-09-14,15:57,420.01,420.03,419.37,419.82,124487
TSM,2026-09-14,15:58,419.79,419.9,419.08,419.22,192100
TSM,2026-09-14,15:59,419.19,419.21,418.25,418.445,380372
TSM,2026-09-14,16:00,418.01,418.01,418.01,418.01,0
TSM,2026-09-15,09:30,421.94,421.94,419.52,419.52,370538
TSM,2026-09-15,09:31,419.5,419.55,418.32,418.935,53279
TSM,2026-09-15,09:32,418.84,419.74,418.7,419.34,21970
TSM,2026-09-15,09:33,419.34,419.41,418.5,418.82,26547
TSM,2026-09-15,09:34,418.6,419.1,418.32,418.85,36313
TSM,2026-09-15,09:35,418.85,419.11,418.25,418.32,34043
TSM,2026-09-15,09:36,418.23,418.26,417.25,417.95,50798
TSM,2026-09-15,09:37,418,418.05,417.34,417.75,27826
TSM,2026-09-15,09:38,417.61,417.66,417.1,417.59,28113
TSM,2026-09-15,09:39,417.52,417.81,417.24,417.3,37914
TSM,2026-09-15,09:40,417.365,417.47,416.75,416.82,45811
TSM,2026-09-15,09:41,416.93,417.34,416.7,416.8,33114
TSM,2026-09-15,09:42,416.885,417.55,416.7,417.23,24057
TSM,2026-09-15,09:43,417.065,417.26,416.8,416.81,27521
TSM,2026-09-15,09:44,416.875,417.135,416.6,416.99,24221
TSM,2026-09-15,09:45,416.99,417.47,416.7,417.2,29024
TSM,2026-09-15,09:46,417.18,417.54,417,417.03,34829
TSM,2026-09-15,09:47,417.15,417.33,416.92,417.29,16361
TSM,2026-09-15,09:48,417.285,417.5,417.05,417.13,19903
TSM,2026-09-15,09:49,417.27,417.35,416.88,417.35,45840
TSM,2026-09-15,09:50,417.3,417.49,417.08,417.27,42619
TSM,2026-09-15,09:51,417.27,417.5,417.24,417.305,31522
TSM,2026-09-15,09:52,417.27,417.6894,417.25,417.43,21855
TSM,2026-09-15,09:53,417.52,417.53,417.13,417.48,27241
TSM,2026-09-15,09:54,417.48,417.57,417.18,417.475,24237
TSM,2026-09-15,09:55,417.48,417.5,417.28,417.4613,25193
TSM,2026-09-15,09:56,417.43,417.435,416.91,417.065,34496
TSM,2026-09-15,09:57,417.065,417.29,417,417,51441
TSM,2026-09-15,09:58,417.085,417.085,416.65,416.65,31528
TSM,2026-09-15,09:59,416.695,416.925,416.51,416.73,34844
TSM,2026-09-15,10:00,416.68,417.48,416.6,417.38,26762
TSM,2026-09-15,10:01,417.38,417.69,417.22,417.5,44271
TSM,2026-09-15,10:02,417.5,417.65,416.87,416.87,48264
TSM,2026-09-15,10:03,416.87,416.88,416.34,416.5,37305
TSM,2026-09-15,10:04,416.42,416.85,416.412,416.78,15669
TSM,2026-09-15,10:05,416.765,416.82,416.47,416.54,21286
TSM,2026-09-15,10:06,416.58,416.8599,416.55,416.69,15875
TSM,2026-09-15,10:07,416.67,416.67,416.31,416.63,23765
TSM,2026-09-15,10:08,416.63,416.7,416.42,416.42,35852
TSM,2026-09-15,10:09,416.475,416.57,416.32,416.37,20821
TSM,2026-09-15,10:10,416.365,416.365,415.88,415.88,92001
TSM,2026-09-15,10:11,415.915,416.015,415.58,415.97,49512
TSM,2026-09-15,10:12,415.85,415.925,415.6,415.73,33806
TSM,2026-09-15,10:13,415.7,415.9,415.56,415.63,30499
TSM,2026-09-15,10:14,415.63,415.73,415.37,415.37,37870
TSM,2026-09-15,10:15,415.44,416,415.36,415.72,26382
TSM,2026-09-15,10:16,415.75,415.82,415.56,415.62,16077
TSM,2026-09-15,10:17,415.64,415.78,415.55,415.69,22496
TSM,2026-09-15,10:18,415.62,415.72,415.49,415.68,18564
TSM,2026-09-15,10:19,415.68,415.94,415.645,415.91,16889
TSM,2026-09-15,10:20,415.94,416.07,415.7,415.79,45295
TSM,2026-09-15,10:21,415.79,415.81,415.56,415.64,17059
TSM,2026-09-15,10:22,415.63,415.6786,415.34,415.55,28105
TSM,2026-09-15,10:23,415.5,415.5,415.15,415.28,12506
TSM,2026-09-15,10:24,415.36,415.86,415.35,415.7003,12887
TSM,2026-09-15,10:25,415.7,415.84,415.6,415.65,14577
TSM,2026-09-15,10:26,415.59,415.97,415.59,415.91,12476
TSM,2026-09-15,10:27,415.915,415.98,415.76,415.865,16573
TSM,2026-09-15,10:28,415.85,415.9,415.73,415.9,12750
TSM,2026-09-15,10:29,415.875,415.91,415.645,415.85,11193
TSM,2026-09-15,10:30,415.825,415.8675,415.51,415.52,22810
TSM,2026-09-15,10:31,415.52,416.12,415.445,416,40665
TSM,2026-09-15,10:32,415.95,415.97,415.5301,415.6102,12181
TSM,2026-09-15,10:33,415.615,415.7646,415.35,415.445,16643
TSM,2026-09-15,10:34,415.41,415.53,415.2,415.2906,16086
TSM,2026-09-15,10:35,415.29,415.56,415.2,415.4699,20519
TSM,2026-09-15,10:36,415.43,415.87,415.3,415.82,33379
TSM,2026-09-15,10:37,415.77,415.98,415.42,415.71,25191
TSM,2026-09-15,10:38,415.63,415.63,415.22,415.25,13687
TSM,2026-09-15,10:39,415.265,415.4,415.22,415.3635,15429
TSM,2026-09-15,10:40,415.3,415.36,415.1,415.15,28420
TSM,2026-09-15,10:41,415.11,415.3,415.05,415.05,10756
TSM,2026-09-15,10:42,415.05,415.37,414.94,415.1,83195
TSM,2026-09-15,10:43,415.1,415.17,414.71,414.71,27441
TSM,2026-09-15,10:44,414.7,415.24,414.7,415.14,17512
TSM,2026-09-15,10:45,415.14,415.25,415,415,27287
TSM,2026-09-15,10:46,415.05,415.46,415,415.4,29995
TSM,2026-09-15,10:47,415.44,415.45,415.195,415.365,14036
TSM,2026-09-15,10:48,415.36,415.5,415.19,415.23,7903
TSM,2026-09-15,10:49,415.115,415.16,414.94,414.94,13343
TSM,2026-09-15,10:50,414.9,414.91,414.51,414.66,31454
TSM,2026-09-15,10:51,414.69,414.86,414.19,414.1963,44181
TSM,2026-09-15,10:52,414.24,414.3376,414.11,414.26,39061
TSM,2026-09-15,10:53,414.26,414.35,413.9,414.03,33542
TSM,2026-09-15,10:54,414.025,414.27,413.88,414.22,26057
TSM,2026-09-15,10:55,414.18,414.22,413.88,413.99,21843
TSM,2026-09-15,10:56,413.9695,414.04,413.6175,413.79,27059
TSM,2026-09-15,10:57,413.765,414.12,413.73,414.1,21231
TSM,2026-09-15,10:58,414.07,414.11,413.635,413.715,22159
TSM,2026-09-15,10:59,413.72,413.73,413.41,413.5,34138
TSM,2026-09-15,11:00,413.58,413.85,413.5,413.56,39538
TSM,2026-09-15,11:01,413.56,413.96,413.404,413.91,56456
TSM,2026-09-15,11:02,413.905,413.905,413.38,413.388,34664
TSM,2026-09-15,11:03,413.38,413.54,413.33,413.46,33916
TSM,2026-09-15,11:04,413.43,414,413.35,413.88,29368
TSM,2026-09-15,11:05,413.93,413.9846,413.55,413.75,22148
TSM,2026-09-15,11:06,413.76,413.78,413.47,413.645,23288
TSM,2026-09-15,11:07,413.645,414,413.645,413.92,10290
TSM,2026-09-15,11:08,413.97,413.97,413.76,413.88,9633
TSM,2026-09-15,11:09,413.9043,414.25,413.74,413.79,38074
TSM,2026-09-15,11:10,413.79,413.86,413.57,413.58,16133
TSM,2026-09-15,11:11,413.6575,413.68,413.43,413.675,26257
TSM,2026-09-15,11:12,413.66,413.8818,413.5,413.64,26067
TSM,2026-09-15,11:13,413.63,413.63,413.37,413.4,22657
TSM,2026-09-15,11:14,413.43,413.66,413.37,413.66,14131
TSM,2026-09-15,11:15,413.63,413.85,413.58,413.83,12309
TSM,2026-09-15,11:16,413.87,413.98,413.625,413.8881,8572
TSM,2026-09-15,11:17,413.845,414.07,413.845,414.0426,11318
TSM,2026-09-15,11:18,414.025,414.03,413.88,413.88,8195
TSM,2026-09-15,11:19,413.88,413.99,413.83,413.955,8871
TSM,2026-09-15,11:20,413.955,414.05,413.92,413.92,11969
TSM,2026-09-15,11:21,413.915,413.92,413.78,413.78,10234
TSM,2026-09-15,11:22,413.82,414.15,413.82,413.96,9711
TSM,2026-09-15,11:23,414.03,414.2,413.97,414.1301,9270
TSM,2026-09-15,11:24,414.1646,414.375,414.09,414.264,13060
TSM,2026-09-15,11:25,414.26,414.49,414.12,414.47,13930
TSM,2026-09-15,11:26,414.49,414.57,414.39,414.54,20253
TSM,2026-09-15,11:27,414.545,414.66,414.51,414.64,15076
TSM,2026-09-15,11:28,414.63,414.635,414.29,414.44,18002
TSM,2026-09-15,11:29,414.438,414.438,414.2,414.3,6240
TSM,2026-09-15,11:30,414.29,414.35,414.195,414.195,8464
TSM,2026-09-15,11:31,414.21,414.32,414.03,414.24,18041
TSM,2026-09-15,11:32,414.24,414.47,414.08,414.15,13289
TSM,2026-09-15,11:33,414.13,414.16,414,414.1299,14584
TSM,2026-09-15,11:34,414.04,414.33,413.93,414.3056,13415
TSM,2026-09-15,11:35,414.36,414.4,414.15,414.23,9009
TSM,2026-09-15,11:36,414.22,414.45,414.152,414.36,6399
TSM,2026-09-15,11:37,414.42,414.42,414.09,414.19,10153
TSM,2026-09-15,11:38,414.18,414.23,414.125,414.13,6806
TSM,2026-09-15,11:39,414.1,414.18,413.9401,413.96,9164
TSM,2026-09-15,11:40,413.965,414.19,413.93,414.19,13958
TSM,2026-09-15,11:41,414.2,414.45,414.11,414.345,11344
TSM,2026-09-15,11:42,414.335,414.39,414.25,414.36,5788
TSM,2026-09-15,11:43,414.3599,414.56,414.2894,414.48,7023
TSM,2026-09-15,11:44,414.49,414.49,414.31,414.36,11807
TSM,2026-09-15,11:45,414.3385,414.42,414.32,414.4,5072
TSM,2026-09-15,11:46,414.4,414.4135,414.16,414.2,23815
TSM,2026-09-15,11:47,414.23,414.24,413.95,413.9705,12815
TSM,2026-09-15,11:48,413.95,414.08,413.95,414.01,10385
TSM,2026-09-15,11:49,413.97,413.97,413.76,413.91,13261
TSM,2026-09-15,11:50,413.91,414.572,413.91,414.35,20992
TSM,2026-09-15,11:51,414.3589,414.3589,414,414,7182
TSM,2026-09-15,11:52,414,414.19,414,414.13,6034
TSM,2026-09-15,11:53,414.125,414.2765,414.07,414.15,7130
TSM,2026-09-15,11:54,414.135,414.15,414.01,414.12,8685
TSM,2026-09-15,11:55,414.14,414.32,413.98,414.27,45402
TSM,2026-09-15,11:56,414.26,414.27,413.83,413.94,7108
TSM,2026-09-15,11:57,413.98,414,413.8,413.8,7774
TSM,2026-09-15,11:58,413.8,413.8412,413.4,413.4,25788
TSM,2026-09-15,11:59,413.405,413.45,413.28,413.32,16644
TSM,2026-09-15,12:00,413.34,413.36,413.13,413.25,16237
TSM,2026-09-15,12:01,413.29,413.43,413.23,413.3,9916
TSM,2026-09-15,12:02,413.34,413.5099,413.3001,413.435,5466
TSM,2026-09-15,12:03,413.41,413.41,413.085,413.17,14495
TSM,2026-09-15,12:04,413.18,413.25,413.05,413.24,15979
TSM,2026-09-15,12:05,413.235,413.26,413.01,413.2,9624
TSM,2026-09-15,12:06,413.21,413.29,413.1855,413.27,6212
TSM,2026-09-15,12:07,413.28,413.32,413.14,413.32,7138
TSM,2026-09-15,12:08,413.31,413.32,413.08,413.1,16986
TSM,2026-09-15,12:09,413.105,413.139,412.9,413.03,44800
TSM,2026-09-15,12:10,413.01,413.16,413.01,413.145,8512
TSM,2026-09-15,12:11,413.17,413.17,412.9,413.05,11615
TSM,2026-09-15,12:12,413.045,413.26,413.02,413.23,13223
TSM,2026-09-15,12:13,413.2,413.2,413.12,413.16,9729
TSM,2026-09-15,12:14,413.18,413.22,413.03,413.09,15556
TSM,2026-09-15,12:15,413.05,413.38,413.01,413.335,16204
TSM,2026-09-15,12:16,413.36,413.53,413.355,413.515,8611
TSM,2026-09-15,12:17,413.54,413.66,413.53,413.655,6533
TSM,2026-09-15,12:18,413.69,413.73,413.405,413.5201,8674
TSM,2026-09-15,12:19,413.495,413.54,413.44,413.49,7138
TSM,2026-09-15,12:20,413.45,413.52,413.28,413.3712,10181
TSM,2026-09-15,12:21,413.34,413.38,413.18,413.215,14737
TSM,2026-09-15,12:22,413.22,413.35,413.2,413.27,8053
TSM,2026-09-15,12:23,413.27,413.7,413.22,413.65,14008
TSM,2026-09-15,12:24,413.63,413.67,413.45,413.52,16546
TSM,2026-09-15,12:25,413.52,413.63,413.45,413.45,10849
TSM,2026-09-15,12:26,413.45,413.53,413.31,413.345,10291
TSM,2026-09-15,12:27,413.35,413.515,413.35,413.49,14875
TSM,2026-09-15,12:28,413.5,413.5,413.41,413.43,9454
TSM,2026-09-15,12:29,413.41,413.42,413.27,413.34,6983
TSM,2026-09-15,12:30,413.35,413.36,412.91,413,21453
TSM,2026-09-15,12:31,413.06,413.31,412.95,413.31,8315
TSM,2026-09-15,12:32,413.33,413.41,413.18,413.23,8630
TSM,2026-09-15,12:33,413.25,413.46,413.24,413.425,8055
TSM,2026-09-15,12:34,413.49,413.61,413.2501,413.335,13847
TSM,2026-09-15,12:35,413.325,413.38,413.19,413.32,9622
TSM,2026-09-15,12:36,413.315,413.38,413.2,413.2,6415
TSM,2026-09-15,12:37,413.2,413.235,413.02,413.07,9965
TSM,2026-09-15,12:38,413.02,413.02,412.83,412.84,9322
TSM,2026-09-15,12:39,412.84,413.12,412.75,413.0125,15217
TSM,2026-09-15,12:40,413.03,413.21,412.94,413.055,8410
TSM,2026-09-15,12:41,413.055,413.34,413.02,413.3,11002
TSM,2026-09-15,12:42,413.3,413.3,413.14,413.15,6627
TSM,2026-09-15,12:43,413.16,413.17,413.07,413.1675,14575
TSM,2026-09-15,12:44,413.165,413.2,412.89,412.95,32464
TSM,2026-09-15,12:45,412.95,413.16,412.9,413.13,9263
TSM,2026-09-15,12:46,413.125,413.23,413.0278,413.055,6083
TSM,2026-09-15,12:47,413.0999,413.13,412.93,412.96,7899
TSM,2026-09-15,12:48,412.89,412.89,412.7,412.73,16126
TSM,2026-09-15,12:49,412.73,412.9,412.68,412.9,10898
TSM,2026-09-15,12:50,412.8575,412.93,412.81,412.865,7453
TSM,2026-09-15,12:51,412.87,413.03,412.87,412.96,7199
TSM,2026-09-15,12:52,412.925,413.23,412.925,413.2,7752
TSM,2026-09-15,12:53,413.21,413.21,413.06,413.105,6632
TSM,2026-09-15,12:54,413.105,413.32,413.06,413.25,10891
TSM,2026-09-15,12:55,413.245,413.27,413.11,413.11,9699
TSM,2026-09-15,12:56,413.12,413.17,413.06,413.095,5190
TSM,2026-09-15,12:57,413.095,413.095,412.825,412.85,7618
TSM,2026-09-15,12:58,412.845,413,412.73,412.9301,20559
TSM,2026-09-15,12:59,412.99,413.05,412.93,413.05,5075
TSM,2026-09-15,13:00,413.08,413.09,412.98,412.98,7830
TSM,2026-09-15,13:01,413.04,413.2,412.955,413.165,18551
TSM,2026-09-15,13:02,413.14,413.44,413.04,413.36,17407
TSM,2026-09-15,13:03,413.425,413.425,413.07,413.095,11311
TSM,2026-09-15,13:04,413.095,413.15,412.98,412.985,7978
TSM,2026-09-15,13:05,412.97,413.02,412.7,412.725,17641
TSM,2026-09-15,13:06,412.72,412.88,412.55,412.83,15697
TSM,2026-09-15,13:07,412.81,413.04,412.76,412.9598,8522
TSM,2026-09-15,13:08,412.945,413.04,412.9,413.035,6117
TSM,2026-09-15,13:09,412.99,413.035,412.85,412.85,7015
TSM,2026-09-15,13:10,412.845,413.03,412.84,412.995,7632
TSM,2026-09-15,13:11,412.995,413.03,412.9,412.98,10883
TSM,2026-09-15,13:12,412.95,413.07,412.88,412.965,9764
TSM,2026-09-15,13:13,412.965,413.07,412.965,413.07,23141
TSM,2026-09-15,13:14,413.08,413.1499,412.93,412.9901,5740
TSM,2026-09-15,13:15,413.015,413.18,412.9859,413.13,6413
TSM,2026-09-15,13:16,413.155,413.25,413.095,413.22,6650
TSM,2026-09-15,13:17,413.22,413.28,413.17,413.2,5899
TSM,2026-09-15,13:18,413.2,413.35,413.18,413.33,5906
TSM,2026-09-15,13:19,413.33,413.37,413.2,413.35,10990
TSM,2026-09-15,13:20,413.35,413.5699,413.28,413.535,10591
TSM,2026-09-15,13:21,413.535,413.535,413.3801,413.415,21407
TSM,2026-09-15,13:22,413.41,413.52,413.4052,413.485,4216
TSM,2026-09-15,13:23,413.45,413.74,413.43,413.69,10187
TSM,2026-09-15,13:24,413.65,413.69,413.51,413.52,11474
TSM,2026-09-15,13:25,413.51,413.71,413.5,413.68,6736
TSM,2026-09-15,13:26,413.68,413.74,413.615,413.68,48964
TSM,2026-09-15,13:27,413.68,413.68,413.62,413.66,2774
TSM,2026-09-15,13:28,413.627,413.69,413.5,413.6,32210
TSM,2026-09-15,13:29,413.605,413.67,413.47,413.611,20712
TSM,2026-09-15,13:30,413.605,413.72,413.555,413.555,16811
TSM,2026-09-15,13:31,413.555,413.75,413.5202,413.55,9541
TSM,2026-09-15,13:32,413.545,413.64,413.49,413.61,16233
TSM,2026-09-15,13:33,413.62,413.9,413.62,413.87,8539
TSM,2026-09-15,13:34,413.885,413.93,413.6,413.63,7609
TSM,2026-09-15,13:35,413.6,413.94,413.6,413.8825,8069
TSM,2026-09-15,13:36,413.8836,413.91,413.75,413.88,4742
TSM,2026-09-15,13:37,413.84,413.84,413.64,413.64,8151
TSM,2026-09-15,13:38,413.63,413.645,413.43,413.63,8012
TSM,2026-09-15,13:39,413.61,413.75,413.555,413.625,11741
TSM,2026-09-15,13:40,413.615,413.64,413.575,413.58,6107
TSM,2026-09-15,13:41,413.58,413.64,413.41,413.5,16024
TSM,2026-09-15,13:42,413.44,413.49,413.36,413.36,17739
TSM,2026-09-15,13:43,413.39,413.42,413.08,413.29,14209
TSM,2026-09-15,13:44,413.315,413.4,413.25,413.38,4853
TSM,2026-09-15,13:45,413.38,413.5,413.35,413.465,5044
TSM,2026-09-15,13:46,413.455,413.53,413.32,413.36,7979
TSM,2026-09-15,13:47,413.33,413.4244,413.33,413.35,4473
TSM,2026-09-15,13:48,413.35,413.38,413.23,413.285,11702
TSM,2026-09-15,13:49,413.28,413.53,413.25,413.505,8390
TSM,2026-09-15,13:50,413.51,413.5399,413.4323,413.445,6398
TSM,2026-09-15,13:51,413.47,413.655,413.46,413.535,7845
TSM,2026-09-15,13:52,413.535,413.58,413.435,413.55,5940
TSM,2026-09-15,13:53,413.54,413.71,413.48,413.695,5808
TSM,2026-09-15,13:54,413.695,413.695,413.58,413.6,4192
TSM,2026-09-15,13:55,413.59,413.79,413.58,413.79,8981
TSM,2026-09-15,13:56,413.77,414.1,413.77,414.1,10179
TSM,2026-09-15,13:57,414.09,414.18,413.78,413.87,23342
TSM,2026-09-15,13:58,413.82,413.9676,413.77,413.9676,9760
TSM,2026-09-15,13:59,413.98,414.08,413.95,414.02,7157
TSM,2026-09-15,14:00,414.02,414.11,413.92,414.025,18346
TSM,2026-09-15,14:01,414.06,414.13,413.975,414.095,7157
TSM,2026-09-15,14:02,414.055,414.1,413.97,414.085,6878
TSM,2026-09-15,14:03,414.03,414.22,414.01,414.08,15577
TSM,2026-09-15,14:04,414.08,414.4,414.0581,414.4,7639
TSM,2026-09-15,14:05,414.375,414.4485,414.2401,414.41,10598
TSM,2026-09-15,14:06,414.37,414.5,414.32,414.485,9948
TSM,2026-09-15,14:07,414.5,414.6,414.4,414.6,8598
TSM,2026-09-15,14:08,414.591,414.591,414.48,414.48,7677
TSM,2026-09-15,14:09,414.48,414.5807,414.47,414.565,8705
TSM,2026-09-15,14:10,414.55,414.55,414.33,414.35,8722
TSM,2026-09-15,14:11,414.335,414.44,414.225,414.26,87521
TSM,2026-09-15,14:12,414.23,414.3993,414.23,414.3516,6496
TSM,2026-09-15,14:13,414.34,414.4182,414.34,414.39,5939
TSM,2026-09-15,14:14,414.39,414.43,414.29,414.31,7541
TSM,2026-09-15,14:15,414.33,414.35,414.21,414.32,10528
TSM,2026-09-15,14:16,414.28,414.28,414.06,414.2,10678
TSM,2026-09-15,14:17,414.195,414.3594,414.12,414.32,7497
TSM,2026-09-15,14:18,414.33,414.55,414.2825,414.47,11514
TSM,2026-09-15,14:19,414.42,414.51,414.2,414.435,17826
TSM,2026-09-15,14:20,414.46,414.78,414.455,414.66,14684
TSM,2026-09-15,14:21,414.665,414.7095,414.55,414.7095,14371
TSM,2026-09-15,14:22,414.64,414.66,414.513,414.55,15415
TSM,2026-09-15,14:23,414.5,414.61,414.47,414.52,22979
TSM,2026-09-15,14:24,414.52,414.6,414.44,414.45,8598
TSM,2026-09-15,14:25,414.45,414.57,414.42,414.535,12036
TSM,2026-09-15,14:26,414.535,414.535,414.49,414.49,7470
TSM,2026-09-15,14:27,414.49,414.53,414.45,414.47,9500
TSM,2026-09-15,14:28,414.47,414.76,414.47,414.725,9781
TSM,2026-09-15,14:29,414.79,414.79,414.34,414.4,16714
TSM,2026-09-15,14:30,414.4,414.44,414.31,414.39,10611
TSM,2026-09-15,14:31,414.35,414.57,414.27,414.5,75079
TSM,2026-09-15,14:32,414.57,414.79,414.54,414.65,23251
TSM,2026-09-15,14:33,414.66,414.68,414.58,414.665,10000
TSM,2026-09-15,14:34,414.655,414.655,414.44,414.48,13405
TSM,2026-09-15,14:35,414.5,414.62,414.47,414.605,8304
TSM,2026-09-15,14:36,414.605,414.6184,414.2001,414.27,13234
TSM,2026-09-15,14:37,414.26,414.39,414.2,414.35,10874
TSM,2026-09-15,14:38,414.28,414.33,414.24,414.33,10341
TSM,2026-09-15,14:39,414.33,414.57,414.3,414.51,9073
TSM,2026-09-15,14:40,414.57,414.57,414.35,414.505,15355
TSM,2026-09-15,14:41,414.47,414.8057,414.45,414.75,15614
TSM,2026-09-15,14:42,414.75,414.75,414.28,414.34,78918
TSM,2026-09-15,14:43,414.34,414.37,414.2,414.24,15261
TSM,2026-09-15,14:44,414.2,414.3,414.19,414.24,7581
TSM,2026-09-15,14:45,414.245,414.245,414.03,414.04,12571
TSM,2026-09-15,14:46,414.05,414.32,414.03,414.24,16940
TSM,2026-09-15,14:47,414.24,414.375,414.19,414.24,9842
TSM,2026-09-15,14:48,414.2,414.23,414.13,414.22,9387
TSM,2026-09-15,14:49,414.2,414.21,413.81,413.91,21559
TSM,2026-09-15,14:50,413.88,414.065,413.88,413.98,9410
TSM,2026-09-15,14:51,413.98,413.98,413.83,413.84,11185
TSM,2026-09-15,14:52,413.875,413.9,413.67,413.9,17937
TSM,2026-09-15,14:53,413.9,414.1,413.9,414,7657
TSM,2026-09-15,14:54,413.99,414,413.9,413.93,13028
TSM,2026-09-15,14:55,413.92,414.07,413.88,413.9,15597
TSM,2026-09-15,14:56,413.91,413.97,413.85,413.945,8977
TSM,2026-09-15,14:57,413.98,414.0375,413.88,413.88,7105
TSM,2026-09-15,14:58,413.82,413.99,413.78,413.99,11272
TSM,2026-09-15,14:59,413.9101,414.365,413.9101,414.34,6067
TSM,2026-09-15,15:00,414.33,414.4,414.3,414.3,6754
TSM,2026-09-15,15:01,414.32,414.5,414.32,414.385,10076
TSM,2026-09-15,15:02,414.43,414.43,414.21,414.325,8546
TSM,2026-09-15,15:03,414.31,414.33,414.26,414.31,5574
TSM,2026-09-15,15:04,414.34,414.4859,414.3,414.4,10613
TSM,2026-09-15,15:05,414.395,414.55,414.34,414.505,9354
TSM,2026-09-15,15:06,414.505,414.51,414.44,414.48,8986
TSM,2026-09-15,15:07,414.48,414.57,414.4,414.46,9348
TSM,2026-09-15,15:08,414.47,414.63,414.4,414.595,6378
TSM,2026-09-15,15:09,414.595,414.78,414.54,414.78,13341
TSM,2026-09-15,15:10,414.79,414.795,414.54,414.66,10548
TSM,2026-09-15,15:11,414.655,414.7899,414.59,414.73,8931
TSM,2026-09-15,15:12,414.725,414.725,414.59,414.635,6160
TSM,2026-09-15,15:13,414.61,414.675,414.5709,414.6,6746
TSM,2026-09-15,15:14,414.57,414.82,414.57,414.67,14508
TSM,2026-09-15,15:15,414.705,414.705,414.5,414.6,9831
TSM,2026-09-15,15:16,414.5892,414.82,414.5,414.5,14773
TSM,2026-09-15,15:17,414.5,414.55,414.375,414.425,8304
TSM,2026-09-15,15:18,414.46,414.54,414.43,414.53,8205
TSM,2026-09-15,15:19,414.54,414.68,414.53,414.65,9631
TSM,2026-09-15,15:20,414.63,414.67,414.445,414.445,15569
TSM,2026-09-15,15:21,414.47,414.66,414.47,414.59,10209
TSM,2026-09-15,15:22,414.65,414.66,414.555,414.57,8751
TSM,2026-09-15,15:23,414.65,414.65,414.455,414.505,15071
TSM,2026-09-15,15:24,414.46,414.62,414.38,414.4,13547
TSM,2026-09-15,15:25,414.37,414.37,414.2,414.23,17876
TSM,2026-09-15,15:26,414.21,414.37,414.21,414.3,10263
TSM,2026-09-15,15:27,414.26,414.505,414.26,414.499,7306
TSM,2026-09-15,15:28,414.46,414.59,414.41,414.54,10225
TSM,2026-09-15,15:29,414.57,414.57,414.29,414.29,12350
TSM,2026-09-15,15:30,414.29,414.37,414.19,414.225,13967
TSM,2026-09-15,15:31,414.191,414.35,414.191,414.29,15143
TSM,2026-09-15,15:32,414.29,414.4138,414.2,414.37,10397
TSM,2026-09-15,15:33,414.3512,414.82,414.3512,414.505,17738
TSM,2026-09-15,15:34,414.505,414.61,414.31,414.31,48705
TSM,2026-09-15,15:35,414.35,414.43,414.3,414.3,32064
TSM,2026-09-15,15:36,414.33,414.575,414.3,414.55,30646
TSM,2026-09-15,15:37,414.55,414.58,414.44,414.495,9517
TSM,2026-09-15,15:38,414.46,414.63,414.46,414.5,17047
TSM,2026-09-15,15:39,414.5,414.66,414.5,414.535,16388
TSM,2026-09-15,15:40,414.5,414.69,414.49,414.66,24634
TSM,2026-09-15,15:41,414.69,414.78,414.6,414.71,15606
TSM,2026-09-15,15:42,414.73,414.79,414.66,414.67,22464
TSM,2026-09-15,15:43,414.67,414.81,414.66,414.79,14403
TSM,2026-09-15,15:44,414.79,414.8,414.5,414.54,14306
TSM,2026-09-15,15:45,414.47,414.62,414.467,414.585,15010
TSM,2026-09-15,15:46,414.585,414.84,414.585,414.81,20549
TSM,2026-09-15,15:47,414.805,414.955,414.715,414.77,21035
TSM,2026-09-15,15:48,414.75,414.79,414.61,414.61,16335
TSM,2026-09-15,15:49,414.61,414.69,414.46,414.61,18266
TSM,2026-09-15,15:50,414.61,414.75,414.45,414.54,788209
TSM,2026-09-15,15:51,414.53,414.65,414.311,414.3362,27590
TSM,2026-09-15,15:52,414.34,414.445,414.18,414.2,63564
TSM,2026-09-15,15:53,414.17,414.36,414.14,414.17,24984
TSM,2026-09-15,15:54,414.2,414.29,414.105,414.29,43459
TSM,2026-09-15,15:55,414.29,414.39,414.22,414.3,55147
TSM,2026-09-15,15:56,414.295,414.3,413.94,414.015,79312
TSM,2026-09-15,15:57,414.03,414.14,413.74,413.855,63606
TSM,2026-09-15,15:58,413.84,414.305,413.653,414.085,133362
TSM,2026-09-15,15:59,414.09,414.51,413.62,413.83,223060
TSM,2026-09-16,09:30,418.2,418.87,417.825,418.15,472282
TSM,2026-09-16,09:31,418.3,419.56,418.3,418.6,145394
TSM,2026-09-16,09:32,418.6749,419.07,418.25,418.6,105339
TSM,2026-09-16,09:33,418.5593,419.3,418.27,418.99,69864
TSM,2026-09-16,09:34,419.085,419.085,417.95,418.23,64844
TSM,2026-09-16,09:35,418.32,418.88,417.95,418.75,49623
TSM,2026-09-16,09:36,418.63,418.8568,418.28,418.46,36308
TSM,2026-09-16,09:37,418.46,418.61,417.7,417.81,34263
TSM,2026-09-16,09:38,417.9489,418.55,417.67,418.3,45784
TSM,2026-09-16,09:39,418.3,418.39,417.86,418.18,44990
TSM,2026-09-16,09:40,418.18,418.24,417.42,417.7475,54919
TSM,2026-09-16,09:41,417.69,418.15,417.49,417.815,48892
TSM,2026-09-16,09:42,417.81,417.91,416.84,416.85,42031
TSM,2026-09-16,09:43,416.85,417.21,416.77,416.99,46161
TSM,2026-09-16,09:44,416.99,417.58,416.89,417.01,30516
TSM,2026-09-16,09:45,417.12,417.81,417,417.28,45842
TSM,2026-09-16,09:46,417.28,418.2,417.14,417.89,26712
TSM,2026-09-16,09:47,417.895,418.11,417.6,418.11,14110
TSM,2026-09-16,09:48,418.11,418.48,417.99,418.285,32529
TSM,2026-09-16,09:49,418.17,418.56,417.98,418.38,31005
TSM,2026-09-16,09:50,418.495,418.61,418.15,418.15,16789
TSM,2026-09-16,09:51,418.11,418.29,417.3,417.3601,27173
TSM,2026-09-16,09:52,417.36,418.37,417.25,418.16,16037
TSM,2026-09-16,09:53,418.16,418.5,417.97,418.265,18007
TSM,2026-09-16,09:54,418.21,418.23,417.6,417.6,16784
TSM,2026-09-16,09:55,417.73,418.34,417.57,418,16495
TSM,2026-09-16,09:56,418.085,418.45,417.84,418.09,14158
TSM,2026-09-16,09:57,418.09,418.33,418.03,418.1,11221
TSM,2026-09-16,09:58,418.1288,418.235,417.845,418.08,11277
TSM,2026-09-16,09:59,418.08,418.2,417.83,418.14,15613
TSM,2026-09-16,10:00,418.115,418.2,417.82,417.83,18948
TSM,2026-09-16,10:01,417.8,417.97,417.49,417.5,20538
TSM,2026-09-16,10:02,417.485,417.89,417.44,417.68,38314
TSM,2026-09-16,10:03,417.61,417.74,417.44,417.61,17372
TSM,2026-09-16,10:04,417.6805,418.08,417.52,418.025,12316
TSM,2026-09-16,10:05,418.025,418.3,417.96,418.06,18990
TSM,2026-09-16,10:06,418.065,418.1062,417.7,418.1062,27338
TSM,2026-09-16,10:07,418.06,418.41,417.97,418.3218,14327
TSM,2026-09-16,10:08,418.41,418.41,418.16,418.22,17827
TSM,2026-09-16,10:09,418.345,418.46,418.07,418.07,17528
TSM,2026-09-16,10:10,418.07,418.6,418.07,418.4,26752
TSM,2026-09-16,10:11,418.4,418.55,418.3,418.4,32073
TSM,2026-09-16,10:12,418.4,418.4,417.8801,418.0868,17701
TSM,2026-09-16,10:13,418.035,418.08,417.83,418.015,12917
TSM,2026-09-16,10:14,417.95,418.35,417.915,418.305,22540
TSM,2026-09-16,10:15,418.31,418.33,418.12,418.13,10281
TSM,2026-09-16,10:16,418.13,418.3,418.09,418.19,8655
TSM,2026-09-16,10:17,418.14,418.24,417.71,418.07,17352
TSM,2026-09-16,10:18,418.011,418.19,417.9,418.03,7851
TSM,2026-09-16,10:19,418.03,418.3,417.87,417.89,15666
TSM,2026-09-16,10:20,417.89,418.04,417.66,417.66,36828
TSM,2026-09-16,10:21,417.66,418.29,417.66,418.145,39622
TSM,2026-09-16,10:22,418.09,418.14,417.88,417.93,24390
TSM,2026-09-16,10:23,417.93,418.29,417.85,418.2,15173
TSM,2026-09-16,10:24,418.19,418.42,418.12,418.12,19926
TSM,2026-09-16,10:25,418.12,418.19,417.88,418,9796
TSM,2026-09-16,10:26,417.98,418.06,417.67,417.7,15687
TSM,2026-09-16,10:27,417.74,417.9999,417.7,417.77,9933
TSM,2026-09-16,10:28,417.77,417.88,417.72,417.815,10314
TSM,2026-09-16,10:29,417.82,418.2,417.82,418.105,12417
TSM,2026-09-16,10:30,418.2,418.2,417.88,418.03,11601
TSM,2026-09-16,10:31,418.105,418.125,417.92,417.96,8488
TSM,2026-09-16,10:32,417.95,418.095,417.82,417.92,7603
TSM,2026-09-16,10:33,417.92,418.12,417.92,418.07,9285
TSM,2026-09-16,10:34,417.95,418.13,417.89,417.96,8522
TSM,2026-09-16,10:35,417.97,418.05,417.82,417.82,16702
TSM,2026-09-16,10:36,417.91,418.04,417.87,417.925,20545
TSM,2026-09-16,10:37,417.925,418.24,417.82,418.24,12755
TSM,2026-09-16,10:38,418.1279,418.54,418.12,418.385,26628
TSM,2026-09-16,10:39,418.385,418.385,418.05,418.05,7347
TSM,2026-09-16,10:40,418.05,418.14,417.94,418.06,10181
TSM,2026-09-16,10:41,418.03,418.15,417.9,417.915,9217
TSM,2026-09-16,10:42,417.915,418.02,417.7448,417.78,7259
TSM,2026-09-16,10:43,417.75,417.7899,417.55,417.77,29567
TSM,2026-09-16,10:44,417.82,417.938,417.54,417.9,7155
TSM,2026-09-16,10:45,417.86,417.956,417.72,417.935,7451
TSM,2026-09-16,10:46,417.91,417.995,417.78,417.96,5638
TSM,2026-09-16,10:47,418.005,418.06,417.8,418.03,6014
TSM,2026-09-16,10:48,418.07,418.37,418.03,418.29,31164
TSM,2026-09-16,10:49,418.34,418.34,417.89,418.13,13458
TSM,2026-09-16,10:50,418.08,418.15,417.93,417.94,9847
TSM,2026-09-16,10:51,417.92,418.04,417.8,417.925,10988
TSM,2026-09-16,10:52,417.89,418.105,417.89,418.03,10483
TSM,2026-09-16,10:53,418.03,418.17,417.98,418.0351,9116
TSM,2026-09-16,10:54,417.99,418.1,417.94,418.02,8020
TSM,2026-09-16,10:55,418.03,418.15,417.96,418.1,7687
TSM,2026-09-16,10:56,418.14,418.36,418.06,418.165,13421
TSM,2026-09-16,10:57,418.08,418.16,418,418.115,9011
TSM,2026-09-16,10:58,418.16,418.3,418.06,418.18,7813
TSM,2026-09-16,10:59,418.265,418.64,418.265,418.615,45256
TSM,2026-09-16,11:00,418.67,418.88,418.655,418.77,47626
TSM,2026-09-16,11:01,418.84,418.98,418.65,418.69,34771
TSM,2026-09-16,11:02,418.69,418.69,418.39,418.39,17024
TSM,2026-09-16,11:03,418.35,418.5,418.31,418.45,18801
TSM,2026-09-16,11:04,418.445,418.5,418.29,418.32,19977
TSM,2026-09-16,11:05,418.39,418.39,418.17,418.285,15393
TSM,2026-09-16,11:06,418.29,418.34,418.06,418.245,17631
TSM,2026-09-16,11:07,418.245,418.76,418.21,418.665,298834
TSM,2026-09-16,11:08,418.585,419.44,418.41,419.37,43983
TSM,2026-09-16,11:09,419.49,419.56,419.32,419.375,24148
TSM,2026-09-16,11:10,419.4055,419.4055,419.02,419.1292,19858
TSM,2026-09-16,11:11,419.09,419.21,418.72,418.81,17444
TSM,2026-09-16,11:12,418.75,418.82,418.55,418.65,16024
TSM,2026-09-16,11:13,418.67,418.72,418.45,418.62,24479
TSM,2026-09-16,11:14,418.62,418.73,418.3943,418.59,21118
TSM,2026-09-16,11:15,418.59,418.59,418.39,418.415,9924
TSM,2026-09-16,11:16,418.415,418.415,418.19,418.265,18142
TSM,2026-09-16,11:17,418.22,418.3,418.07,418.1,420784
TSM,2026-09-16,11:18,418.16,418.3,418.02,418.07,22514
TSM,2026-09-16,11:19,418.07,418.35,418.06,418.28,13638
TSM,2026-09-16,11:20,418.36,418.54,418.33,418.345,14356
TSM,2026-09-16,11:21,418.345,418.68,418.27,418.49,16289
TSM,2026-09-16,11:22,418.5,418.66,418.48,418.565,20407
TSM,2026-09-16,11:23,418.645,418.74,418.33,418.33,9994
TSM,2026-09-16,11:24,418.33,418.59,418.33,418.54,7905
TSM,2026-09-16,11:25,418.54,419.105,418.54,419.105,50500
TSM,2026-09-16,11:26,419.1271,419.13,418.93,419.01,34455
TSM,2026-09-16,11:27,419.0156,419.0907,418.88,418.94,16486
TSM,2026-09-16,11:28,418.94,419.015,418.6,418.62,20848
TSM,2026-09-16,11:29,418.59,418.65,418.5,418.55,11121
TSM,2026-09-16,11:30,418.53,418.62,418.3,418.36,17060
TSM,2026-09-16,11:31,418.36,418.45,418.15,418.405,32346
TSM,2026-09-16,11:32,418.36,418.495,418.31,418.345,461963
TSM,2026-09-16,11:33,418.35,418.62,418.32,418.36,22631
TSM,2026-09-16,11:34,418.4,418.62,418.2,418.56,28602
TSM,2026-09-16,11:35,418.56,418.605,418.465,418.54,507854
TSM,2026-09-16,11:36,418.54,418.58,418.36,418.435,14651
TSM,2026-09-16,11:37,418.39,418.49,418.3,418.355,7262
TSM,2026-09-16,11:38,418.3325,418.42,418.2,418.2,9161
TSM,2026-09-16,11:39,418.28,418.415,418.27,418.27,4047
TSM,2026-09-16,11:40,418.255,418.34,418.2269,418.3,3750
TSM,2026-09-16,11:41,418.25,418.32,418.06,418.185,9392
TSM,2026-09-16,11:42,418.21,418.34,418.12,418.22,3847
TSM,2026-09-16,11:43,418.28,418.34,418.15,418.17,6051
TSM,2026-09-16,11:44,418.17,418.32,418.1,418.1,23694
TSM,2026-09-16,11:45,418.15,418.475,418.1,418.38,22500
TSM,2026-09-16,11:46,418.38,418.44,418.23,418.385,4924
TSM,2026-09-16,11:47,418.385,419.58,418.385,419.13,122609
TSM,2026-09-16,11:48,419,419.12,418.73,419.045,42032
TSM,2026-09-16,11:49,419.01,419.07,418.83,418.97,9054
TSM,2026-09-16,11:50,418.962,419.195,418.76,418.935,9891
TSM,2026-09-16,11:51,418.85,418.965,418.84,418.84,6335
TSM,2026-09-16,11:52,418.87,419.186,418.87,419.145,9367
TSM,2026-09-16,11:53,419.165,419.25,418.93,418.93,6692
TSM,2026-09-16,11:54,418.98,419.105,418.83,418.91,10434
TSM,2026-09-16,11:55,418.87,418.89,418.72,418.86,9066
TSM,2026-09-16,11:56,418.8,418.88,418.695,418.695,5125
TSM,2026-09-16,11:57,418.73,418.85,418.64,418.8,7920
TSM,2026-09-16,11:58,418.805,418.85,418.64,418.6875,4289
TSM,2026-09-16,11:59,418.64,418.735,418.42,418.495,7800
TSM,2026-09-16,12:00,418.45,418.555,418.36,418.555,9055
TSM,2026-09-16,12:01,418.545,418.545,418.3,418.475,6313
TSM,2026-09-16,12:02,418.485,418.69,418.485,418.57,7934
TSM,2026-09-16,12:03,418.555,418.6,418.4,418.47,14971
TSM,2026-09-16,12:04,418.47,418.5175,418.35,418.415,19086
TSM,2026-09-16,12:05,418.415,418.53,418.33,418.53,18386
TSM,2026-09-16,12:06,418.5799,418.64,418.45,418.64,18357
TSM,2026-09-16,12:07,418.642,418.7271,418.47,418.47,9011
TSM,2026-09-16,12:08,418.47,418.78,418.47,418.725,3712
TSM,2026-09-16,12:09,418.71,418.78,418.71,418.735,3087
TSM,2026-09-16,12:10,418.735,418.735,418.6289,418.6289,5064
TSM,2026-09-16,12:11,418.65,418.74,418.6,418.705,10732
TSM,2026-09-16,12:12,418.725,418.82,418.65,418.725,9429
TSM,2026-09-16,12:13,418.72,418.83,418.69,418.795,23079
TSM,2026-09-16,12:14,418.73,418.87,418.64,418.87,11744
TSM,2026-09-16,12:15,418.85,419.0525,418.78,419.045,15988
TSM,2026-09-16,12:16,419.045,419.1,418.87,418.945,7186
TSM,2026-09-16,12:17,418.88,419.19,418.88,419.085,51048
TSM,2026-09-16,12:18,419.03,419.1,418.96,419.1,8396
TSM,2026-09-16,12:19,419.1,419.1309,418.96,419.065,3840
TSM,2026-09-16,12:20,419.02,419.02,418.92,418.92,3819
TSM,2026-09-16,12:21,418.92,418.99,418.8601,418.8601,8093
TSM,2026-09-16,12:22,418.88,418.89,418.67,418.85,9682
TSM,2026-09-16,12:23,418.855,418.855,418.65,418.65,1951
TSM,2026-09-16,12:24,418.65,418.73,418.65,418.68,2835
TSM,2026-09-16,12:25,418.65,418.865,418.65,418.8416,5434
TSM,2026-09-16,12:26,418.86,418.91,418.8,418.885,4151
TSM,2026-09-16,12:27,418.89,418.895,418.845,418.895,2219
TSM,2026-09-16,12:28,418.87,418.87,418.8,418.855,1867
TSM,2026-09-16,12:29,418.855,418.9,418.75,418.77,3107
TSM,2026-09-16,12:30,418.835,418.865,418.66,418.7,17980
TSM,2026-09-16,12:31,418.7,418.8126,418.44,418.44,21683
TSM,2026-09-16,12:32,418.44,418.62,418.4,418.53,20343
TSM,2026-09-16,12:33,418.47,418.555,418.45,418.51,4957
TSM,2026-09-16,12:34,418.525,418.59,418.48,418.59,2795
TSM,2026-09-16,12:35,418.6,418.7933,418.5501,418.64,4438
TSM,2026-09-16,12:36,418.63,418.7199,418.59,418.63,2600
TSM,2026-09-16,12:37,418.63,418.69,418.54,418.665,8448
TSM,2026-09-16,12:38,418.62,418.65,418.55,418.575,4262
TSM,2026-09-16,12:39,418.5725,418.63,418.51,418.615,6569
TSM,2026-09-16,12:40,418.585,418.65,418.55,418.6112,5596
TSM,2026-09-16,12:41,418.59,418.59,418.49,418.535,2907
TSM,2026-09-16,12:42,418.58,418.62,418.47,418.56,6755
TSM,2026-09-16,12:43,418.6,418.61,418.49,418.49,7149
TSM,2026-09-16,12:44,418.54,418.645,418.48,418.48,8337
TSM,2026-09-16,12:45,418.48,418.72,418.48,418.695,11619
TSM,2026-09-16,12:46,418.63,418.73,418.57,418.695,6501
TSM,2026-09-16,12:47,418.6634,418.82,418.65,418.72,10194
TSM,2026-09-16,12:48,418.69,418.7847,418.69,418.74,14310
TSM,2026-09-16,12:49,418.75,418.75,418.56,418.56,15816
TSM,2026-09-16,12:50,418.64,418.67,418.46,418.46,4781
TSM,2026-09-16,12:51,418.41,418.5,418.41,418.44,2114
TSM,2026-09-16,12:52,418.4,418.5599,418.38,418.515,5231
TSM,2026-09-16,12:53,418.515,418.61,418.5066,418.59,3144
TSM,2026-09-16,12:54,418.59,418.68,418.53,418.656,15142
TSM,2026-09-16,12:55,418.6875,418.74,418.62,418.695,7815
TSM,2026-09-16,12:56,418.695,418.695,418.57,418.605,3505
TSM,2026-09-16,12:57,418.61,418.61,418.53,418.57,3249
TSM,2026-09-16,12:58,418.56,418.595,418.53,418.56,6407
TSM,2026-09-16,12:59,418.55,418.55,418.3,418.3,8946
TSM,2026-09-16,13:00,418.365,418.365,418.12,418.15,11742
TSM,2026-09-16,13:01,418.11,418.19,418.0601,418.19,7071
TSM,2026-09-16,13:02,418.195,418.33,418.15,418.28,8683
TSM,2026-09-16,13:03,418.29,418.3062,418.19,418.205,5639
TSM,2026-09-16,13:04,418.2,418.31,418.19,418.28,6205
TSM,2026-09-16,13:05,418.27,418.38,418.16,418.215,9292
TSM,2026-09-16,13:06,418.18,418.25,418.16,418.225,2877
TSM,2026-09-16,13:07,418.26,418.26,418.16,418.17,4288
TSM,2026-09-16,13:08,418.22,418.3,418.2,418.2751,4225
TSM,2026-09-16,13:09,418.275,418.35,418.275,418.33,4189
TSM,2026-09-16,13:10,418.355,418.47,418.345,418.395,4624
TSM,2026-09-16,13:11,418.39,418.3999,418.19,418.19,3793
TSM,2026-09-16,13:12,418.17,418.22,418.15,418.15,2344
TSM,2026-09-16,13:13,418.185,418.22,418.0183,418.02,7739
TSM,2026-09-16,13:14,418.1,418.2407,418.1,418.21,2950
TSM,2026-09-16,13:15,418.17,418.17,418.0773,418.0851,2642
TSM,2026-09-16,13:16,418.05,418.11,418.03,418.07,2510
TSM,2026-09-16,13:17,418.09,418.09,417.63,417.63,12714
TSM,2026-09-16,13:18,417.63,417.63,417.5,417.525,5662
TSM,2026-09-16,13:19,417.525,417.56,417.43,417.49,7804
TSM,2026-09-16,13:20,417.485,417.56,417.42,417.48,20770
TSM,2026-09-16,13:21,417.54,417.67,417.36,417.38,19764
TSM,2026-09-16,13:22,417.38,417.415,417.25,417.305,5715
TSM,2026-09-16,13:23,417.305,417.305,417.13,417.155,9040
TSM,2026-09-16,13:24,417.11,417.3148,417.11,417.285,8708
TSM,2026-09-16,13:25,417.285,417.44,417.27,417.33,8006
TSM,2026-09-16,13:26,417.34,417.36,417.19,417.325,3134
TSM,2026-09-16,13:27,417.325,417.41,417.24,417.41,3919
TSM,2026-09-16,13:28,417.47,417.47,417.18,417.2799,3916
TSM,2026-09-16,13:29,417.24,417.375,417.24,417.285,3606
TSM,2026-09-16,13:30,417.32,417.52,417.32,417.43,3357
TSM,2026-09-16,13:31,417.4,417.4,417.2,417.2551,3129
TSM,2026-09-16,13:32,417.21,417.28,417.12,417.21,7480
TSM,2026-09-16,13:33,417.205,417.2581,417.02,417.085,5970
TSM,2026-09-16,13:34,417.0925,417.17,417.08,417.0931,2850
TSM,2026-09-16,13:35,417.12,417.3395,417.12,417.23,5403
TSM,2026-09-16,13:36,417.15,417.225,417.09,417.1501,14002
TSM,2026-09-16,13:37,417.15,417.21,417.1,417.1,4184
TSM,2026-09-16,13:38,417.14,417.34,417.09,417.305,8163
TSM,2026-09-16,13:39,417.28,417.3,417.17,417.195,6035
TSM,2026-09-16,13:40,417.2051,417.21,416.81,416.81,20740
TSM,2026-09-16,13:41,416.83,417.2606,416.83,417.1779,5808
TSM,2026-09-16,13:42,417.2,417.3,417.033,417.05,5645
TSM,2026-09-16,13:43,417.11,417.24,417.04,417.04,3040
TSM,2026-09-16,13:44,417.1,417.2,417.09,417.15,6826
TSM,2026-09-16,13:45,417.16,417.395,417.16,417.395,9498
TSM,2026-09-16,13:46,417.405,417.4754,417.4,417.46,4582
TSM,2026-09-16,13:47,417.46,417.58,417.46,417.5495,5626
TSM,2026-09-16,13:48,417.58,417.67,417.5663,417.585,4070
TSM,2026-09-16,13:49,417.585,417.7832,417.585,417.735,7707
TSM,2026-09-16,13:50,417.73,417.735,417.61,417.65,7598
TSM,2026-09-16,13:51,417.62,417.82,417.62,417.755,7894
TSM,2026-09-16,13:52,417.755,417.9,417.68,417.815,11300
TSM,2026-09-16,13:53,417.71,417.72,417.56,417.685,4879
TSM,2026-09-16,13:54,417.685,417.81,417.53,417.6,3189
TSM,2026-09-16,13:55,417.605,417.7719,417.605,417.73,8879
TSM,2026-09-16,13:56,417.73,417.95,417.7,417.95,4845
TSM,2026-09-16,13:57,417.91,418.05,417.88,417.92,7466
TSM,2026-09-16,13:58,417.965,418.445,417.92,418.3901,6108
TSM,2026-09-16,13:59,418.39,418.6,418.24,418.54,8118
TSM,2026-09-16,14:00,418.57,418.9,418,418.165,42242
TSM,2026-09-16,14:01,418.27,418.3928,417.22,417.3,32739
TSM,2026-09-16,14:02,417.24,418.33,417.23,417.9018,8928
TSM,2026-09-16,14:03,418.15,418.635,418.12,418.29,14882
TSM,2026-09-16,14:04,418.1,419,418.1,418.845,74061
TSM,2026-09-16,14:05,418.99,419.75,418.99,419.74,94283
TSM,2026-09-16,14:06,419.54,419.85,418.71,418.77,28926
TSM,2026-09-16,14:07,418.78,419.5,418.71,419.2705,18514
TSM,2026-09-16,14:08,419.32,419.615,419.11,419.52,21886
TSM,2026-09-16,14:09,419.45,419.62,419.23,419.345,7288
TSM,2026-09-16,14:10,419.295,419.45,418.68,418.985,10317
TSM,2026-09-16,14:11,418.985,419.09,418.82,419.06,6177
TSM,2026-09-16,14:12,419,419.08,418.69,418.725,43579
TSM,2026-09-16,14:13,418.74,418.96,418.51,418.76,6937
TSM,2026-09-16,14:14,418.915,419.035,418.74,418.845,7872
TSM,2026-09-16,14:15,418.7774,418.9,418.44,418.44,9480
TSM,2026-09-16,14:16,418.535,418.55,418.34,418.45,2928
TSM,2026-09-16,14:17,418.46,418.67,418.4,418.55,8941
TSM,2026-09-16,14:18,418.475,418.575,418.23,418.32,8350
TSM,2026-09-16,14:19,418.34,418.53,418.14,418.38,8667
TSM,2026-09-16,14:20,418.375,418.505,418.04,418.12,37812
TSM,2026-09-16,14:21,418.1201,418.69,418.1201,418.69,5713
TSM,2026-09-16,14:22,418.725,418.9115,418.72,418.75,7101
TSM,2026-09-16,14:23,418.775,418.775,418.47,418.615,3533
TSM,2026-09-16,14:24,418.605,418.6911,418.475,418.48,3234
TSM,2026-09-16,14:25,418.465,418.51,418.13,418.13,9111
TSM,2026-09-16,14:26,418.18,418.28,417.9503,418.08,6239
TSM,2026-09-16,14:27,418.07,418.07,417.4,417.505,7593
TSM,2026-09-16,14:28,417.515,417.83,417.2755,417.83,5042
TSM,2026-09-16,14:29,417.7732,418.27,417.7732,418.15,7636
TSM,2026-09-16,14:30,418.13,418.32,417.86,417.96,5394
TSM,2026-09-16,14:31,417.965,417.965,417.5,417.7,14081
TSM,2026-09-16,14:32,417.61,417.6951,416.8,416.9,14600
TSM,2026-09-16,14:33,416.87,417.48,416.75,417.13,11180
TSM,2026-09-16,14:34,417.13,417.325,417,417.05,4329
TSM,2026-09-16,14:35,417.04,417.04,416.32,416.49,12877
TSM,2026-09-16,14:36,416.55,416.6,415.88,416.055,18975
TSM,2026-09-16,14:37,416.055,416.68,415.88,416.4,9998
TSM,2026-09-16,14:38,416.57,417.35,416.57,417.285,10889
TSM,2026-09-16,14:39,417.285,417.94,417.285,417.48,11202
TSM,2026-09-16,14:40,417.5294,417.8902,417.415,417.775,16466
TSM,2026-09-16,14:41,417.775,418.13,417.34,418.13,6620
TSM,2026-09-16,14:42,418.15,418.69,418.125,418.62,11780
TSM,2026-09-16,14:43,418.58,418.8,418.48,418.705,7479
TSM,2026-09-16,14:44,418.75,418.84,417.7,417.83,7112
TSM,2026-09-16,14:45,417.83,418.38,417.68,417.9,9250
TSM,2026-09-16,14:46,418.18,418.38,417.95,418.125,9758
TSM,2026-09-16,14:47,418.13,418.63,418,418,19455
TSM,2026-09-16,14:48,418,418.355,417.84,418.075,20078
TSM,2026-09-16,14:49,418.095,418.165,417.86,417.9,10605
TSM,2026-09-16,14:50,417.9,418.23,417.5,417.5,8616
TSM,2026-09-16,14:51,417.625,417.645,417.12,417.43,8292
TSM,2026-09-16,14:52,417.56,417.69,416.75,417.07,12146
TSM,2026-09-16,14:53,417.09,417.2225,416.4094,416.4094,8416
TSM,2026-09-16,14:54,416.415,416.69,416.17,416.2,11824
TSM,2026-09-16,14:55,416.13,416.68,415.88,416.22,19288
TSM,2026-09-16,14:56,416.22,416.22,415.67,415.67,11040
TSM,2026-09-16,14:57,415.64,415.7,415.13,415.49,16052
TSM,2026-09-16,14:58,415.595,415.99,415.38,415.865,16221
TSM,2026-09-16,14:59,415.9699,416.12,415.39,415.39,13123
TSM,2026-09-16,15:00,415.45,416.56,415.45,416.415,19334
TSM,2026-09-16,15:01,416.415,416.5995,416.11,416.18,12696
TSM,2026-09-16,15:02,416.18,416.525,416.14,416.19,15487
TSM,2026-09-16,15:03,416.19,416.84,416.1,416.76,12627
TSM,2026-09-16,15:04,416.72,416.83,416.1,416.12,13120
TSM,2026-09-16,15:05,416.3025,416.43,415.4,416.1,30703
TSM,2026-09-16,15:06,416.1,416.34,415.94,416.03,9363
TSM,2026-09-16,15:07,415.94,415.97,415.295,415.91,11490
TSM,2026-09-16,15:08,415.805,415.91,414.77,414.9,32303
TSM,2026-09-16,15:09,414.94,415.0125,414.55,415,16055
TSM,2026-09-16,15:10,414.9101,415.07,414.45,414.45,13927
TSM,2026-09-16,15:11,414.565,414.6,414.01,414.19,31125
TSM,2026-09-16,15:12,414.205,414.41,414.02,414.19,12241
TSM,2026-09-16,15:13,414.29,414.5099,414.02,414.185,19788
TSM,2026-09-16,15:14,414.11,414.99,414.06,414.53,23942
TSM,2026-09-16,15:15,414.3901,415.17,414.39,414.59,14932
TSM,2026-09-16,15:16,414.6,414.6,414.12,414.46,10923
TSM,2026-09-16,15:17,414.47,414.9141,414.38,414.5,204900
TSM,2026-09-16,15:18,414.6,414.78,414.225,414.31,17479
TSM,2026-09-16,15:19,414.4,414.52,413.88,414.435,26060
TSM,2026-09-16,15:20,414.37,414.69,414.12,414.15,13645
TSM,2026-09-16,15:21,414.245,414.52,414.08,414.49,14646
TSM,2026-09-16,15:22,414.54,414.715,414.11,414.26,35258
TSM,2026-09-16,15:23,414.445,414.62,414.26,414.3005,13869
TSM,2026-09-16,15:24,414.365,414.82,414.2,414.805,12151
TSM,2026-09-16,15:25,414.87,415.22,414.2,414.335,20797
TSM,2026-09-16,15:26,414.295,414.46,414.19,414.355,11702
TSM,2026-09-16,15:27,414.25,414.9,414.25,414.87,15698
TSM,2026-09-16,15:28,414.8508,415.1584,414.53,414.64,15606
TSM,2026-09-16,15:29,414.72,415.4299,414.67,415.34,19485
TSM,2026-09-16,15:30,415.34,415.79,415.11,415.68,21642
TSM,2026-09-16,15:31,415.615,415.96,415.55,415.78,23577
TSM,2026-09-16,15:32,415.81,416.36,415.71,416.295,25696
TSM,2026-09-16,15:33,416.23,416.4509,415.8,416.34,19256
TSM,2026-09-16,15:34,416.42,416.66,416.17,416.565,10729
TSM,2026-09-16,15:35,416.565,416.67,416.24,416.495,17196
TSM,2026-09-16,15:36,416.405,416.405,415.68,415.91,10035
TSM,2026-09-16,15:37,415.855,416.39,415.75,416.39,10599
TSM,2026-09-16,15:38,416.13,416.3,416.06,416.1956,10933
TSM,2026-09-16,15:39,416.19,416.77,416.19,416.57,18791
TSM,2026-09-16,15:40,416.605,416.78,416.41,416.695,11405
TSM,2026-09-16,15:41,416.6925,416.97,416.38,416.38,14242
TSM,2026-09-16,15:42,416.37,416.7,416.17,416.645,14715
TSM,2026-09-16,15:43,416.58,416.77,416.55,416.77,29937
TSM,2026-09-16,15:44,416.695,416.8599,416.42,416.62,42732
TSM,2026-09-16,15:45,416.62,416.9248,416.5,416.91,10805
TSM,2026-09-16,15:46,416.99,417.25,416.87,416.955,20482
TSM,2026-09-16,15:47,416.86,417.2,416.86,417.04,11074
TSM,2026-09-16,15:48,417.08,417.25,416.98,417.14,18793
TSM,2026-09-16,15:49,417.13,417.2148,416.94,417.085,16921
TSM,2026-09-16,15:50,417.12,417.4,416.9601,417.34,23403
TSM,2026-09-16,15:51,417.31,417.4699,416.805,416.815,17806
TSM,2026-09-16,15:52,416.85,416.9501,416.65,416.9,20848
TSM,2026-09-16,15:53,417,417.1099,416.68,416.77,24042
TSM,2026-09-16,15:54,416.72,417.3,416.628,417.195,37514
TSM,2026-09-16,15:55,417.13,417.65,416.97,417.645,54747
TSM,2026-09-16,15:56,417.66,417.88,417.64,417.77,55584
TSM,2026-09-16,15:57,417.76,417.86,417.45,417.5,55858
TSM,2026-09-16,15:58,417.53,417.8,417.35,417.58,99705
TSM,2026-09-16,15:59,417.54,418.05,417.48,417.89,232103
TSM,2026-09-16,16:00,417.72,417.72,417.72,417.72,0
TSM,2026-09-17,09:30,424.4,425.6,423.5,424.5,447791
TSM,2026-09-17,09:31,424.645,425.1,423.488,424.99,49521
TSM,2026-09-17,09:32,424.64,424.7995,423.39,424.08,61969
TSM,2026-09-17,09:33,424.125,424.345,423.59,423.78,22179
TSM,2026-09-17,09:34,423.88,424.53,423.75,424.45,27704
TSM,2026-09-17,09:35,424.46,424.72,424.01,424.72,48867
TSM,2026-09-17,09:36,424.77,425.3,424.39,425.3,49277
TSM,2026-09-17,09:37,425.229,425.71,425,425.08,37905
TSM,2026-09-17,09:38,425.2,425.44,424.75,424.995,47448
TSM,2026-09-17,09:39,425.015,425.3,424.815,424.87,34561
TSM,2026-09-17,09:40,424.935,425.525,424.915,425.22,30250
TSM,2026-09-17,09:41,425.16,425.5461,425.04,425.165,41762
TSM,2026-09-17,09:42,425.12,425.77,425.09,425.48,34242
TSM,2026-09-17,09:43,425.455,426.11,425.3,425.74,45475
TSM,2026-09-17,09:44,425.74,425.75,425.29,425.5803,17596
TSM,2026-09-17,09:45,425.715,426.42,425.49,426.2,38650
TSM,2026-09-17,09:46,426.2,426.45,425.71,425.765,32475
TSM,2026-09-17,09:47,425.75,426.13,425.195,425.83,29294
TSM,2026-09-17,09:48,425.83,426.3,425.81,425.97,22596
TSM,2026-09-17,09:49,426.03,426.0425,425.0901,425.15,29532
TSM,2026-09-17,09:50,425.18,425.7999,424.81,425.5,38520
TSM,2026-09-17,09:51,425.53,425.53,424.48,425.1201,33559
TSM,2026-09-17,09:52,425.165,425.365,424.71,424.79,27305
TSM,2026-09-17,09:53,424.79,425.55,424.79,425.3,31228
TSM,2026-09-17,09:54,425.28,425.8,425.2,425.34,23388
TSM,2026-09-17,09:55,425.385,425.73,425.26,425.7,14209
TSM,2026-09-17,09:56,425.56,425.78,425.2508,425.68,66806
TSM,2026-09-17,09:57,425.5547,425.7999,425.09,425.4075,23727
TSM,2026-09-17,09:58,425.395,425.62,425.255,425.32,20084
TSM,2026-09-17,09:59,425.32,425.61,425.32,425.395,14040
TSM,2026-09-17,10:00,425.395,425.66,425,425.1483,18538
TSM,2026-09-17,10:01,425.095,425.095,424.5363,424.96,38383
TSM,2026-09-17,10:02,424.905,424.905,424.09,424.37,36832
TSM,2026-09-17,10:03,424.39,424.68,424.1815,424.68,8583
TSM,2026-09-17,10:04,424.72,424.72,424.2027,424.68,35077
TSM,2026-09-17,10:05,424.69,425.035,424.64,424.7001,24832
TSM,2026-09-17,10:06,424.765,425.01,424.43,424.5,37848
TSM,2026-09-17,10:07,424.51,424.57,423.8824,424.17,49144
TSM,2026-09-17,10:08,424.22,424.92,424.22,424.62,15051
TSM,2026-09-17,10:09,424.67,424.67,424.145,424.21,15467
TSM,2026-09-17,10:10,424.31,424.66,424.23,424.445,15211
TSM,2026-09-17,10:11,424.445,425.33,424.38,425.19,36980
TSM,2026-09-17,10:12,425.19,425.39,424.88,425.1,35851
TSM,2026-09-17,10:13,425.12,425.979,424.96,425.945,54737
TSM,2026-09-17,10:14,425.945,426.3,425.94,426.04,35258
TSM,2026-09-17,10:15,425.965,426.22,425.77,426.17,30967
TSM,2026-09-17,10:16,426.131,426.68,426.131,426.365,45531
TSM,2026-09-17,10:17,426.42,426.42,425.98,426.22,19184
TSM,2026-09-17,10:18,426.18,426.64,426.1,426.515,32745
TSM,2026-09-17,10:19,426.46,426.52,426.08,426.19,28625
TSM,2026-09-17,10:20,426.195,426.27,425.74,425.83,38351
TSM,2026-09-17,10:21,425.85,426,425.7819,426,9929
TSM,2026-09-17,10:22,425.92,426.03,425.68,425.78,21046
TSM,2026-09-17,10:23,425.78,426.09,425.7538,425.905,11625
TSM,2026-09-17,10:24,425.9,425.98,425.71,425.9,10104
TSM,2026-09-17,10:25,425.905,426.175,425.82,426.155,32565
TSM,2026-09-17,10:26,426.2,426.41,426.08,426.2,16707
TSM,2026-09-17,10:27,426.21,426.32,425.96,426.185,11577
TSM,2026-09-17,10:28,426.23,426.36,425.98,426.062,21404
TSM,2026-09-17,10:29,426.13,426.2,425.6,425.645,12650
TSM,2026-09-17,10:30,425.645,425.69,425.4,425.52,17045
TSM,2026-09-17,10:31,425.75,425.78,424.945,425.025,17520
TSM,2026-09-17,10:32,425.06,425.099,424.87,425.01,8478
TSM,2026-09-17,10:33,424.995,425.3,424.995,425.18,8770
TSM,2026-09-17,10:34,425.155,425.53,425.155,425.42,14406
TSM,2026-09-17,10:35,425.425,425.43,425.1208,425.2,8468
TSM,2026-09-17,10:36,425.26,425.32,424.66,425.02,16408
TSM,2026-09-17,10:37,425.05,425.1,424.83,424.895,5265
TSM,2026-09-17,10:38,424.915,425.06,424.83,425.05,5881
TSM,2026-09-17,10:39,425.0275,425.08,424.78,424.86,10749
TSM,2026-09-17,10:40,424.86,425.1,424.8301,425.04,19319
TSM,2026-09-17,10:41,425.015,425.13,424.965,425.105,5813
TSM,2026-09-17,10:42,425.105,425.105,424.78,424.81,11817
TSM,2026-09-17,10:43,424.84,425.07,424.7098,424.82,28529
TSM,2026-09-17,10:44,424.74,424.88,424.74,424.8052,3566
TSM,2026-09-17,10:45,424.93,424.935,424.71,424.935,12343
TSM,2026-09-17,10:46,424.9,424.93,424.58,424.64,9832
TSM,2026-09-17,10:47,424.6652,424.87,424.56,424.67,14498
TSM,2026-09-17,10:48,424.68,424.7599,424.5275,424.55,13820
TSM,2026-09-17,10:49,424.53,424.73,424.41,424.64,13265
TSM,2026-09-17,10:50,424.64,424.69,424.3,424.4022,21481
TSM,2026-09-17,10:51,424.39,424.77,424.38,424.69,9026
TSM,2026-09-17,10:52,424.63,424.8,424.49,424.52,19490
TSM,2026-09-17,10:53,424.54,424.62,424.385,424.41,9030
TSM,2026-09-17,10:54,424.33,424.63,424.22,424.63,16852
TSM,2026-09-17,10:55,424.6,424.7299,424.4972,424.57,5857
TSM,2026-09-17,10:56,424.56,424.61,424.4,424.61,6982
TSM,2026-09-17,10:57,424.6095,424.74,424.56,424.7,12901
TSM,2026-09-17,10:58,424.75,425.01,424.705,424.9,9267
TSM,2026-09-17,10:59,424.92,424.945,424.73,424.76,7514
TSM,2026-09-17,11:00,424.8,424.81,424.16,424.23,37840
TSM,2026-09-17,11:01,424.25,424.41,424.175,424.3,41250
TSM,2026-09-17,11:02,424.3695,424.565,424.22,424.52,13009
TSM,2026-09-17,11:03,424.6,424.73,424.515,424.62,6832
TSM,2026-09-17,11:04,424.62,424.9,424.62,424.815,12874
TSM,2026-09-17,11:05,424.81,424.9355,424.7,424.75,7129
TSM,2026-09-17,11:06,424.765,424.805,424.6301,424.77,4786
TSM,2026-09-17,11:07,424.7136,425.02,424.71,425.01,5937
TSM,2026-09-17,11:08,425.05,425.48,425.05,425.41,23518
TSM,2026-09-17,11:09,425.41,425.49,425.35,425.395,9550
TSM,2026-09-17,11:10,425.3741,425.48,425.23,425.255,14685
TSM,2026-09-17,11:11,425.2825,425.305,425.02,425.0659,6045
TSM,2026-09-17,11:12,425.085,425.23,425.0001,425.1094,12003
TSM,2026-09-17,11:13,425.13,425.43,425.06,425.3,9304
TSM,2026-09-17,11:14,425.31,425.37,425.2475,425.2475,5451
TSM,2026-09-17,11:15,425.23,425.39,425.18,425.26,17517
TSM,2026-09-17,11:16,425.19,425.3,425.04,425.2,12840
TSM,2026-09-17,11:17,425.18,425.18,424.97,425.1,36280
TSM,2026-09-17,11:18,425.125,425.125,424.86,424.98,10585
TSM,2026-09-17,11:19,424.96,425.01,424.78,424.885,14327
TSM,2026-09-17,11:20,424.885,425.1,424.885,425.03,9439
TSM,2026-09-17,11:21,425.03,425.0611,424.9128,425.01,6936
TSM,2026-09-17,11:22,425.01,425.5999,424.94,425.59,26240
TSM,2026-09-17,11:23,425.5,425.93,425.5,425.84,11925
TSM,2026-09-17,11:24,425.83,426.07,425.68,425.99,31541
TSM,2026-09-17,11:25,426.005,426.35,426,426.25,28039
TSM,2026-09-17,11:26,426.295,426.4,426.16,426.205,22586
TSM,2026-09-17,11:27,426.18,426.39,425.98,425.98,13426
TSM,2026-09-17,11:28,425.9619,426.73,425.88,426.73,36211
TSM,2026-09-17,11:29,426.73,426.88,426.59,426.605,27593
TSM,2026-09-17,11:30,426.605,426.65,426.375,426.52,32408
TSM,2026-09-17,11:31,426.55,426.6773,426.0901,426.605,13612
TSM,2026-09-17,11:32,426.57,426.63,426.11,426.13,56929
TSM,2026-09-17,11:33,426.125,426.34,426.125,426.27,7654
TSM,2026-09-17,11:34,426.23,426.59,425.945,426.48,21850
TSM,2026-09-17,11:35,426.51,426.7,426.44,426.5889,14735
TSM,2026-09-17,11:36,426.615,426.6486,426.41,426.46,18420
TSM,2026-09-17,11:37,426.45,426.48,426.18,426.18,12447
TSM,2026-09-17,11:38,426.19,426.245,426.045,426.09,7696
TSM,2026-09-17,11:39,426.09,426.09,425.87,425.87,6548
TSM,2026-09-17,11:40,425.895,426.16,425.86,426.16,6810
TSM,2026-09-17,11:41,426.17,426.31,426.1,426.23,6388
TSM,2026-09-17,11:42,426.245,426.27,425.96,426.12,11464
TSM,2026-09-17,11:43,426.12,426.1265,425.94,425.94,5781
TSM,2026-09-17,11:44,425.98,425.995,425.905,425.91,3649
TSM,2026-09-17,11:45,425.895,426.12,425.85,426.02,20718
TSM,2026-09-17,11:46,426,426.04,425.82,425.92,3306
TSM,2026-09-17,11:47,425.95,426,425.6545,425.6545,11071
TSM,2026-09-17,11:48,425.7,425.7,425.535,425.57,60967
TSM,2026-09-17,11:49,425.5452,425.55,425.3,425.43,12826
TSM,2026-09-17,11:50,425.43,425.45,425.28,425.355,6927
TSM,2026-09-17,11:51,425.41,425.74,425.36,425.66,7492
TSM,2026-09-17,11:52,425.6307,425.66,425.5201,425.595,6123
TSM,2026-09-17,11:53,425.5925,425.62,425.5,425.555,17507
TSM,2026-09-17,11:54,425.555,425.62,425.4901,425.53,14397
TSM,2026-09-17,11:55,425.5378,425.73,425.415,425.66,38131
TSM,2026-09-17,11:56,425.7075,426.045,425.51,426.045,7559
TSM,2026-09-17,11:57,426.11,426.31,425.94,426.2262,17125
TSM,2026-09-17,11:58,426.28,426.58,426.25,426.5,20804
TSM,2026-09-17,11:59,426.5,426.58,426.32,426.53,10900
TSM,2026-09-17,12:00,426.51,426.54,426.3343,426.45,8287
TSM,2026-09-17,12:01,426.46,426.6,426.39,426.51,7904
TSM,2026-09-17,12:02,426.51,427,426.48,426.878,26043
TSM,2026-09-17,12:03,426.85,426.87,426.58,426.635,13270
TSM,2026-09-17,12:04,426.655,426.84,426.6,426.67,5333
TSM,2026-09-17,12:05,426.59,426.7499,426.49,426.525,8415
TSM,2026-09-17,12:06,426.48,426.675,426.48,426.62,4656
TSM,2026-09-17,12:07,426.64,426.66,426.58,426.625,5423
TSM,2026-09-17,12:08,426.63,426.77,426.62,426.705,8412
TSM,2026-09-17,12:09,426.735,426.98,426.73,426.9725,7619
TSM,2026-09-17,12:10,426.975,426.975,426.8,426.8365,8600
TSM,2026-09-17,12:11,426.825,426.93,426.825,426.93,10043
TSM,2026-09-17,12:12,426.93,427.28,426.88,427.15,40732
TSM,2026-09-17,12:13,427.1405,427.18,426.91,427.005,14104
TSM,2026-09-17,12:14,427.01,427.23,426.963,427.22,6471
TSM,2026-09-17,12:15,427.205,427.215,427.03,427.14,7143
TSM,2026-09-17,12:16,427.04,427.32,427.04,427.25,12637
TSM,2026-09-17,12:17,427.255,427.285,427.04,427.04,7663
TSM,2026-09-17,12:18,427.1,427.16,427,427.11,12408
TSM,2026-09-17,12:19,427.11,427.2,427.0301,427.13,4868
TSM,2026-09-17,12:20,427.07,427.13,426.97,427.04,6727
TSM,2026-09-17,12:21,427.0068,427.0899,426.97,427.04,6731
TSM,2026-09-17,12:22,427.06,427.06,426.83,426.83,11485
TSM,2026-09-17,12:23,426.8825,427.04,426.83,427.005,8718
TSM,2026-09-17,12:24,427.005,427.255,427,427.13,22919
TSM,2026-09-17,12:25,427.19,427.21,427.03,427.155,7265
TSM,2026-09-17,12:26,427.21,427.21,426.945,427.13,3558
TSM,2026-09-17,12:27,427.0996,427.1044,427.03,427.0417,3452
TSM,2026-09-17,12:28,427.065,427.2,427.065,427.2,8188
TSM,2026-09-17,12:29,427.2,427.2,426.982,427.1,6186
TSM,2026-09-17,12:30,427.055,427.11,427.0367,427.1,3524
TSM,2026-09-17,12:31,427.06,427.15,427,427.12,10980
TSM,2026-09-17,12:32,427.14,427.65,427.14,427.43,25434
TSM,2026-09-17,12:33,427.378,427.685,427.34,427.35,10901
TSM,2026-09-17,12:34,427.33,427.33,427.24,427.28,5937
TSM,2026-09-17,12:35,427.21,427.23,427.08,427.145,4409
TSM,2026-09-17,12:36,427.08,427.315,427.08,427.31,7383
TSM,2026-09-17,12:37,427.37,427.64,427.33,427.59,20712
TSM,2026-09-17,12:38,427.57,427.71,427.48,427.54,15001
TSM,2026-09-17,12:39,427.58,427.73,426.95,426.95,16475
TSM,2026-09-17,12:40,426.97,427.07,426.8001,426.925,5181
TSM,2026-09-17,12:41,427.02,427.19,426.97,427.0679,5674
TSM,2026-09-17,12:42,427.125,427.2,427.05,427.115,15892
TSM,2026-09-17,12:43,427.12,427.15,427.05,427.12,3002
TSM,2026-09-17,12:44,427.12,427.14,426.96,427.08,29614
TSM,2026-09-17,12:45,427.11,427.19,426.84,426.89,10921
TSM,2026-09-17,12:46,426.93,427.03,426.9,426.97,4887
TSM,2026-09-17,12:47,426.938,427.08,426.92,427,5948
TSM,2026-09-17,12:48,426.96,427.065,426.89,426.985,7850
TSM,2026-09-17,12:49,426.95,427.08,426.95,426.95,6082
TSM,2026-09-17,12:50,426.95,427.04,426.9,426.91,11361
TSM,2026-09-17,12:51,426.9,426.9,426.65,426.665,18328
TSM,2026-09-17,12:52,426.69,426.86,426.65,426.86,8145
TSM,2026-09-17,12:53,426.81,426.84,426.67,426.7,5933
TSM,2026-09-17,12:54,426.74,427.27,426.7,427.27,115245
TSM,2026-09-17,12:55,427.27,427.37,426.91,426.91,18154
TSM,2026-09-17,12:56,426.91,427.1313,426.78,427.1313,7393
TSM,2026-09-17,12:57,427.11,427.26,426.95,427.26,12896
TSM,2026-09-17,12:58,427.3555,427.84,427.3555,427.8,16189
TSM,2026-09-17,12:59,427.79,427.98,427.76,427.85,25057
TSM,2026-09-17,13:00,427.845,428.15,427.8425,428.07,52737
TSM,2026-09-17,13:01,428.06,428.32,428.05,428.32,25638
TSM,2026-09-17,13:02,428.315,428.32,428.17,428.22,15167
TSM,2026-09-17,13:03,428.22,428.35,428.04,428.235,22275
TSM,2026-09-17,13:04,428.19,428.25,428.07,428.1125,6012
TSM,2026-09-17,13:05,428.09,428.28,428.04,428.05,8068
TSM,2026-09-17,13:06,428.05,428.315,428.05,428.315,7005
TSM,2026-09-17,13:07,428.3,428.45,428.25,428.45,10615
TSM,2026-09-17,13:08,428.42,428.45,428,428.17,17540
TSM,2026-09-17,13:09,428.17,428.275,428.0102,428.14,8056
TSM,2026-09-17,13:10,428.09,428.22,428.0401,428.16,4141
TSM,2026-09-17,13:11,428.16,428.315,428.07,428.21,4741
TSM,2026-09-17,13:12,428.225,428.45,428.19,428.22,22563
TSM,2026-09-17,13:13,428.265,428.38,428.21,428.26,15618
TSM,2026-09-17,13:14,428.25,428.3,428.05,428.14,8314
TSM,2026-09-17,13:15,428.16,428.22,428.07,428.17,8045
TSM,2026-09-17,13:16,428.185,428.2837,428.15,428.19,9614
TSM,2026-09-17,13:17,428.18,428.2,428.05,428.155,10526
TSM,2026-09-17,13:18,428.155,428.26,428.11,428.11,14502
TSM,2026-09-17,13:19,428.13,428.2,428.07,428.15,2022
TSM,2026-09-17,13:20,428.12,428.25,428.09,428.13,7671
TSM,2026-09-17,13:21,428.09,428.125,428.01,428.07,6371
TSM,2026-09-17,13:22,428.14,428.38,428.105,428.285,4997
TSM,2026-09-17,13:23,428.285,428.45,428.26,428.33,8597
TSM,2026-09-17,13:24,428.325,428.43,428.2,428.2191,4716
TSM,2026-09-17,13:25,428.27,428.44,428.255,428.39,5009
TSM,2026-09-17,13:26,428.405,428.45,428.35,428.3944,9653
TSM,2026-09-17,13:27,428.384,428.58,428.3201,428.48,19105
TSM,2026-09-17,13:28,428.48,428.52,428.43,428.48,8370
TSM,2026-09-17,13:29,428.44,428.6,428.44,428.57,8075
TSM,2026-09-17,13:30,428.57,428.6,428.31,428.31,5807
TSM,2026-09-17,13:31,428.3218,428.46,428.23,428.27,6327
TSM,2026-09-17,13:32,428.23,428.38,428.23,428.32,6610
TSM,2026-09-17,13:33,428.315,428.4399,428.26,428.33,5136
TSM,2026-09-17,13:34,428.365,428.51,428.365,428.49,5518
TSM,2026-09-17,13:35,428.5,428.61,428.47,428.56,5090
TSM,2026-09-17,13:36,428.56,428.575,428.39,428.42,5026
TSM,2026-09-17,13:37,428.46,428.5,428.35,428.35,6051
TSM,2026-09-17,13:38,428.33,428.5,428.325,428.425,7138
TSM,2026-09-17,13:39,428.455,428.48,428.39,428.4125,3794
TSM,2026-09-17,13:40,428.45,428.5711,428.425,428.53,7620
TSM,2026-09-17,13:41,428.53,428.92,428.53,428.885,20743
TSM,2026-09-17,13:42,428.875,429.06,428.85,429.02,21052
TSM,2026-09-17,13:43,429.03,429.0899,428.97,429.06,6282
TSM,2026-09-17,13:44,429.07,429.1999,429.07,429.11,10430
TSM,2026-09-17,13:45,429.09,429.09,428.99,429.05,6941
TSM,2026-09-17,13:46,429.05,429.115,428.98,429.06,14668
TSM,2026-09-17,13:47,429.03,429.465,429.03,429.465,21557
TSM,2026-09-17,13:48,429.45,429.56,429.26,429.355,29021
TSM,2026-09-17,13:49,429.3201,429.365,429.2803,429.345,9310
TSM,2026-09-17,13:50,429.345,429.38,429.17,429.24,11949
TSM,2026-09-17,13:51,429.2,429.21,429.1375,429.2,4217
TSM,2026-09-17,13:52,429.26,429.31,429.16,429.2,12898
TSM,2026-09-17,13:53,429.23,429.23,429.0001,429.04,8212
TSM,2026-09-17,13:54,429.0409,429.19,429.0409,429.1827,4165
TSM,2026-09-17,13:55,429.06,429.35,429.06,429.32,7637
TSM,2026-09-17,13:56,429.325,429.685,429.325,429.615,9518
TSM,2026-09-17,13:57,429.56,429.6,429.48,429.53,7717
TSM,2026-09-17,13:58,429.555,429.87,429.5,429.765,17111
TSM,2026-09-17,13:59,429.755,429.7631,429.68,429.71,15770
TSM,2026-09-17,14:00,429.71,429.745,429.62,429.65,7382
TSM,2026-09-17,14:01,429.705,429.705,429.51,429.53,4895
TSM,2026-09-17,14:02,429.52,429.69,429.52,429.605,8617
TSM,2026-09-17,14:03,429.58,429.6,429.3,429.41,8582
TSM,2026-09-17,14:04,429.41,429.454,429.33,429.345,11607
TSM,2026-09-17,14:05,429.345,429.48,429.2708,429.41,9079
TSM,2026-09-17,14:06,429.41,429.505,429.33,429.33,4839
TSM,2026-09-17,14:07,429.37,429.435,429.235,429.2997,8662
TSM,2026-09-17,14:08,429.345,429.45,429.325,429.45,12023
TSM,2026-09-17,14:09,429.455,429.605,429.44,429.505,4836
TSM,2026-09-17,14:10,429.535,429.71,429.535,429.6501,5748
TSM,2026-09-17,14:11,429.7,429.76,429.63,429.67,10576
TSM,2026-09-17,14:12,429.65,429.915,429.65,429.865,13672
TSM,2026-09-17,14:13,429.875,429.935,429.66,429.775,16429
TSM,2026-09-17,14:14,429.785,429.88,429.77,429.8,5535
TSM,2026-09-17,14:15,429.75,429.89,429.72,429.855,9191
TSM,2026-09-17,14:16,429.82,429.91,429.81,429.86,9320
TSM,2026-09-17,14:17,429.78,430.145,429.75,430.11,48555
TSM,2026-09-17,14:18,430.11,430.1418,430.05,430.065,8515
TSM,2026-09-17,14:19,430.0667,430.1499,429.95,430.125,5207
TSM,2026-09-17,14:20,430.1,430.135,429.99,430.07,16126
TSM,2026-09-17,14:21,430.07,430.1108,430.03,430.085,6181
TSM,2026-09-17,14:22,430.0797,430.08,429.96,430.0522,5777
TSM,2026-09-17,14:23,430.045,430.2,430,430.155,6978
TSM,2026-09-17,14:24,430.155,430.21,430.1,430.13,12440
TSM,2026-09-17,14:25,430.13,430.15,430.05,430.13,5748
TSM,2026-09-17,14:26,430.145,430.145,429.96,429.99,9213
TSM,2026-09-17,14:27,429.98,430.02,429.86,429.905,5705
TSM,2026-09-17,14:28,429.88,429.975,429.8722,429.93,36985
TSM,2026-09-17,14:29,430,430.0544,429.89,429.96,256432
TSM,2026-09-17,14:30,429.965,430.29,429.965,430.22,9029
TSM,2026-09-17,14:31,430.21,430.23,430.04,430.04,7669
TSM,2026-09-17,14:32,430,430.045,429.97,429.99,5111
TSM,2026-09-17,14:33,430.025,430.04,429.97,429.995,8312
TSM,2026-09-17,14:34,430.01,430.07,429.9176,429.94,5057
TSM,2026-09-17,14:35,430,430.05,429.896,429.98,5157
TSM,2026-09-17,14:36,429.9795,429.9994,429.88,429.935,7980
TSM,2026-09-17,14:37,429.95,430.04,429.85,430.02,9329
TSM,2026-09-17,14:38,429.97,429.97,429.78,429.78,6409
TSM,2026-09-17,14:39,429.815,429.9,429.73,429.86,7135
TSM,2026-09-17,14:40,429.85,429.97,429.79,429.97,6983
TSM,2026-09-17,14:41,429.91,429.98,429.77,429.8,7683
TSM,2026-09-17,14:42,429.84,429.86,429.68,429.7,6702
TSM,2026-09-17,14:43,429.71,429.72,429.6,429.6,6429
TSM,2026-09-17,14:44,429.66,429.74,429.6,429.695,9286
TSM,2026-09-17,14:45,429.72,429.79,429.62,429.77,360542
TSM,2026-09-17,14:46,429.765,429.85,429.75,429.82,4261
TSM,2026-09-17,14:47,429.82,429.94,429.75,429.91,10792
TSM,2026-09-17,14:48,429.85,429.97,429.78,429.955,9001
TSM,2026-09-17,14:49,429.95,430.07,429.85,429.995,23830
TSM,2026-09-17,14:50,430.01,430.03,429.7704,429.7704,6276
TSM,2026-09-17,14:51,429.8,429.8649,429.77,429.81,5728
TSM,2026-09-17,14:52,429.82,429.82,429.65,429.675,6529
TSM,2026-09-17,14:53,429.65,429.78,429.64,429.735,3738
TSM,2026-09-17,14:54,429.735,429.8,429.67,429.675,9761
TSM,2026-09-17,14:55,429.6881,429.755,429.63,429.63,4975
TSM,2026-09-17,14:56,429.63,429.7898,429.55,429.7,11153
TSM,2026-09-17,14:57,429.69,429.88,429.64,429.88,27173
TSM,2026-09-17,14:58,429.91,429.95,429.82,429.9,12174
TSM,2026-09-17,14:59,429.8954,429.95,429.82,429.88,8437
TSM,2026-09-17,15:00,429.82,429.9044,429.77,429.8664,10373
TSM,2026-09-17,15:01,429.84,429.85,429.56,429.625,7167
TSM,2026-09-17,15:02,429.6729,429.6729,429.4469,429.48,14751
TSM,2026-09-17,15:03,429.45,429.68,429.37,429.56,8704
TSM,2026-09-17,15:04,429.565,429.61,429.49,429.5474,5515
TSM,2026-09-17,15:05,429.58,429.65,429.43,429.4501,12442
TSM,2026-09-17,15:06,429.45,429.51,429.275,429.44,6421
TSM,2026-09-17,15:07,429.44,429.47,429.25,429.47,8738
TSM,2026-09-17,15:08,429.51,429.6,429.44,429.55,10493
TSM,2026-09-17,15:09,429.54,429.7,429.5,429.605,9345
TSM,2026-09-17,15:10,429.58,429.58,429.38,429.51,15185
TSM,2026-09-17,15:11,429.47,429.4725,429.21,429.26,14568
TSM,2026-09-17,15:12,429.285,429.35,429.17,429.32,11494
TSM,2026-09-17,15:13,429.32,429.32,429.02,429.175,15296
TSM,2026-09-17,15:14,429.19,429.25,429.03,429.065,4907
TSM,2026-09-17,15:15,429.11,429.2499,429.065,429.17,7911
TSM,2026-09-17,15:16,429.21,429.24,429.11,429.19,7426
TSM,2026-09-17,15:17,429.22,429.23,429.15,429.19,9128
TSM,2026-09-17,15:18,429.2,429.35,429.1676,429.285,10836
TSM,2026-09-17,15:19,429.285,429.4999,429.285,429.4999,8979
TSM,2026-09-17,15:20,429.42,429.71,429.42,429.67,9538
TSM,2026-09-17,15:21,429.68,429.7013,429.48,429.51,13135
TSM,2026-09-17,15:22,429.485,429.52,429.4,429.43,10765
TSM,2026-09-17,15:23,429.435,429.4479,429.23,429.41,17606
TSM,2026-09-17,15:24,429.37,429.38,429.24,429.28,7718
TSM,2026-09-17,15:25,429.26,429.4,429.23,429.355,12622
TSM,2026-09-17,15:26,429.32,429.35,429.0901,429.135,8345
TSM,2026-09-17,15:27,429.11,429.17,429.02,429.135,6444
TSM,2026-09-17,15:28,429.135,429.135,428.8,428.86,11458
TSM,2026-09-17,15:29,428.85,429,428.72,428.79,20022
TSM,2026-09-17,15:30,428.76,429.03,428.71,428.95,19881
TSM,2026-09-17,15:31,429.03,429.14,428.91,429.061,17273
TSM,2026-09-17,15:32,429.065,429.33,429.06,429.165,13741
TSM,2026-09-17,15:33,429.12,429.3,429.1,429.23,6156
TSM,2026-09-17,15:34,429.25,429.48,429.25,429.48,19463
TSM,2026-09-17,15:35,429.435,429.54,429.39,429.44,20585
TSM,2026-09-17,15:36,429.47,429.47,429.221,429.262,16626
TSM,2026-09-17,15:37,429.22,429.32,429.2,429.22,15847
TSM,2026-09-17,15:38,429.221,429.3,429.15,429.265,21013
TSM,2026-09-17,15:39,429.24,429.24,429.1,429.22,9870
TSM,2026-09-17,15:40,429.17,429.17,428.975,428.99,26527
TSM,2026-09-17,15:41,428.97,429.11,428.86,428.9325,19218
TSM,2026-09-17,15:42,428.935,428.935,428.71,428.75,17819
TSM,2026-09-17,15:43,428.75,428.765,428.65,428.65,24199
TSM,2026-09-17,15:44,428.69,428.9,428.57,428.88,29113
TSM,2026-09-17,15:45,428.845,429,428.69,428.87,24116
TSM,2026-09-17,15:46,428.865,428.93,428.59,428.64,29605
TSM,2026-09-17,15:47,428.62,428.78,428.59,428.7201,26140
TSM,2026-09-17,15:48,428.76,428.88,428.5,428.62,38130
TSM,2026-09-17,15:49,428.63,428.71,428.54,428.68,21247
TSM,2026-09-17,15:50,428.74,428.85,428.535,428.725,43130
TSM,2026-09-17,15:51,428.74,428.8,428.61,428.73,50556
TSM,2026-09-17,15:52,428.73,428.93,428.7,428.84,38898
TSM,2026-09-17,15:53,428.81,428.84,428.69,428.791,63655
TSM,2026-09-17,15:54,428.815,428.885,428.57,428.87,51371
TSM,2026-09-17,15:55,428.8,429.36,428.8,429.28,82865
TSM,2026-09-17,15:56,429.3,429.78,429.24,429.75,82212
TSM,2026-09-17,15:57,429.72,429.83,429.6,429.69,82003
TSM,2026-09-17,15:58,429.68,429.71,429.28,429.4,150368
TSM,2026-09-17,15:59,429.4,430.53,429.2,430.14,304572
TSM,2026-09-17,16:00,430.26,430.26,430.26,430.26,0
TSM,2026-09-18,09:30,429.04,431.52,429.04,431.52,491569
TSM,2026-09-18,09:31,431.49,432.54,431.16,432.28,68161
TSM,2026-09-18,09:32,432.37,432.8967,431.79,432.8967,40377
TSM,2026-09-18,09:33,432.8,432.97,432.415,432.57,56947
TSM,2026-09-18,09:34,432.605,432.625,432,432.15,31922
TSM,2026-09-18,09:35,432.12,432.9,432.07,432.26,38388
TSM,2026-09-18,09:36,432.26,432.58,432.1,432.56,37740
TSM,2026-09-18,09:37,432.55,433.59,432.34,433.58,59862
TSM,2026-09-18,09:38,433.55,433.575,432.79,433.03,48070
TSM,2026-09-18,09:39,433.01,433.63,432.87,433.465,24233
TSM,2026-09-18,09:40,433.465,433.92,433.2575,433.3,44145
TSM,2026-09-18,09:41,433.365,434.13,433.325,434.12,30764
TSM,2026-09-18,09:42,434.1,434.8165,434.0035,434.6,34137
TSM,2026-09-18,09:43,434.58,434.75,433.97,434.19,28426
TSM,2026-09-18,09:44,434.1876,434.3933,433.82,434.23,18358
TSM,2026-09-18,09:45,434.21,434.57,434.15,434.35,33661
TSM,2026-09-18,09:46,434.345,434.345,433.88,434.045,18374
TSM,2026-09-18,09:47,433.9201,434.02,433.55,433.57,32110
TSM,2026-09-18,09:48,433.62,433.78,433.375,433.39,21988
TSM,2026-09-18,09:49,433.33,433.55,432.76,432.8047,35322
TSM,2026-09-18,09:50,432.72,432.72,432.42,432.6092,14278
TSM,2026-09-18,09:51,432.545,432.69,432.48,432.555,16027
TSM,2026-09-18,09:52,432.61,433.21,432.43,433.18,40427
TSM,2026-09-18,09:53,433.22,433.3074,432.7665,432.98,28921
TSM,2026-09-18,09:54,432.88,433.0725,432.5,432.82,27970
TSM,2026-09-18,09:55,432.835,432.9537,432.55,432.72,22520
TSM,2026-09-18,09:56,432.64,432.84,432.13,432.375,23613
TSM,2026-09-18,09:57,432.48,432.5827,432.31,432.5827,8723
TSM,2026-09-18,09:58,432.61,432.7,432.39,432.4,12204
TSM,2026-09-18,09:59,432.4,432.47,431.81,432.3,23453
TSM,2026-09-18,10:00,432.22,432.48,432.04,432.37,16163
TSM,2026-09-18,10:01,432.295,432.65,431.56,431.63,21724
TSM,2026-09-18,10:02,431.5,431.64,431.29,431.29,16078
TSM,2026-09-18,10:03,431.2,431.2799,430.881,430.9201,24580
TSM,2026-09-18,10:04,431,431.21,430.81,431.1,25003
TSM,2026-09-18,10:05,431.09,431.46,430.69,431.39,36245
TSM,2026-09-18,10:06,431.32,431.63,431.32,431.55,17130
TSM,2026-09-18,10:07,431.55,431.63,431.15,431.305,15226
TSM,2026-09-18,10:08,431.36,431.53,431.22,431.495,11511
TSM,2026-09-18,10:09,431.45,432.23,431.45,432.155,18073
TSM,2026-09-18,10:10,432.15,432.57,432.15,432.37,15340
TSM,2026-09-18,10:11,432.42,432.54,432.25,432.4221,16612
TSM,2026-09-18,10:12,432.41,432.41,432,432.215,38145
TSM,2026-09-18,10:13,432.26,432.31,431.62,431.75,33502
TSM,2026-09-18,10:14,431.75,432.07,431.67,431.98,36950
TSM,2026-09-18,10:15,431.91,432.31,431.725,432.27,18492
TSM,2026-09-18,10:16,432.27,432.27,431.8,431.88,17577
TSM,2026-09-18,10:17,431.87,432.03,431.6501,432.03,8128
TSM,2026-09-18,10:18,431.935,432.07,431.85,432.005,16950
TSM,2026-09-18,10:19,432.005,432.16,431.96,432.0175,13002
TSM,2026-09-18,10:20,432.0175,432.13,431.79,431.835,12894
TSM,2026-09-18,10:21,431.88,431.89,431.7,431.728,17206
TSM,2026-09-18,10:22,431.755,432.16,431.71,432.0601,11879
TSM,2026-09-18,10:23,432.09,432.28,431.9,432.28,13207
TSM,2026-09-18,10:24,432.22,432.42,432.15,432.28,17874
TSM,2026-09-18,10:25,432.23,432.23,431.88,432.09,12493
TSM,2026-09-18,10:26,432.15,432.32,431.99,432,9614
TSM,2026-09-18,10:27,432.0498,432.35,431.92,432.225,9869
TSM,2026-09-18,10:28,432.23,432.3,432.15,432.15,6076
TSM,2026-09-18,10:29,432.15,432.15,431.83,431.83,32720
TSM,2026-09-18,10:30,431.9,432.37,431.9,432.37,201005
TSM,2026-09-18,10:31,432.36,432.52,432.25,432.44,17112
TSM,2026-09-18,10:32,432.52,432.8,432.39,432.61,27374
TSM,2026-09-18,10:33,432.615,432.682,432.49,432.605,11176
TSM,2026-09-18,10:34,432.605,433.1325,432.58,433.05,21473
TSM,2026-09-18,10:35,432.9675,432.9675,432.57,432.615,41976
TSM,2026-09-18,10:36,432.57,432.58,432,432.1,64735
TSM,2026-09-18,10:37,432.115,432.255,432.05,432.205,10896
TSM,2026-09-18,10:38,432.2237,432.48,432.1645,432.48,6857
TSM,2026-09-18,10:39,432.49,432.9,432.4093,432.77,15598
TSM,2026-09-18,10:40,432.69,432.93,432.62,432.74,7020
TSM,2026-09-18,10:41,432.81,432.87,432.45,432.5681,11405
TSM,2026-09-18,10:42,432.5633,432.68,431.73,431.74,25659
TSM,2026-09-18,10:43,431.8,431.8,431.22,431.3,31371
TSM,2026-09-18,10:44,431.275,431.45,431.15,431.38,23984
TSM,2026-09-18,10:45,431.33,431.47,431.24,431.315,13612
TSM,2026-09-18,10:46,431.4,431.71,431.3,431.63,10562
TSM,2026-09-18,10:47,431.63,431.79,431.48,431.68,12503
TSM,2026-09-18,10:48,431.73,431.73,431.41,431.47,6137
TSM,2026-09-18,10:49,431.488,431.7836,431.4101,431.71,33139
TSM,2026-09-18,10:50,431.71,432.14,431.68,432.07,39559
TSM,2026-09-18,10:51,432.1245,432.16,432,432.05,13323
TSM,2026-09-18,10:52,432.06,432.19,431.9,432.01,11358
TSM,2026-09-18,10:53,432.055,432.08,431.83,431.835,11683
TSM,2026-09-18,10:54,431.81,431.97,431.72,431.8,10553
TSM,2026-09-18,10:55,431.8,431.83,431.54,431.54,9921
TSM,2026-09-18,10:56,431.52,431.75,431.52,431.6,5758
TSM,2026-09-18,10:57,431.76,431.76,431.51,431.545,4471
TSM,2026-09-18,10:58,431.5,431.57,431.31,431.41,8641
TSM,2026-09-18,10:59,431.415,431.6499,431.34,431.57,11619
TSM,2026-09-18,11:00,431.64,431.72,431.54,431.7,13123
TSM,2026-09-18,11:01,431.72,431.79,431.57,431.725,14758
TSM,2026-09-18,11:02,431.69,431.69,431.19,431.3075,16243
TSM,2026-09-18,11:03,431.305,431.55,431.305,431.51,18320
TSM,2026-09-18,11:04,431.51,431.66,431.23,431.29,17663
TSM,2026-09-18,11:05,431.29,431.55,431.29,431.505,32253
TSM,2026-09-18,11:06,431.505,431.53,431.36,431.39,14303
TSM,2026-09-18,11:07,431.36,431.46,431.28,431.395,10282
TSM,2026-09-18,11:08,431.4155,431.4155,431.26,431.3852,6690
TSM,2026-09-18,11:09,431.36,431.47,431.33,431.35,8791
TSM,2026-09-18,11:10,431.375,431.4,431.2595,431.395,7998
TSM,2026-09-18,11:11,431.34,431.4124,431.08,431.14,12247
TSM,2026-09-18,11:12,431.14,431.185,430.96,430.97,13464
TSM,2026-09-18,11:13,430.94,431.53,430.88,431.49,15657
TSM,2026-09-18,11:14,431.56,431.57,431.3047,431.355,7305
TSM,2026-09-18,11:15,431.355,431.67,431.25,431.61,8779
TSM,2026-09-18,11:16,431.61,431.89,431.6,431.6003,18491
TSM,2026-09-18,11:17,431.625,431.81,431.625,431.69,9344
TSM,2026-09-18,11:18,431.65,431.74,431.63,431.675,7630
TSM,2026-09-18,11:19,431.72,431.8,431.64,431.69,7465
TSM,2026-09-18,11:20,431.69,431.99,431.61,431.92,15546
TSM,2026-09-18,11:21,431.88,431.88,431.52,431.52,5773
TSM,2026-09-18,11:22,431.62,431.735,431.48,431.655,11062
TSM,2026-09-18,11:23,431.675,431.82,431.67,431.77,7696
TSM,2026-09-18,11:24,431.82,431.83,431.655,431.655,9467
TSM,2026-09-18,11:25,431.69,431.765,431.46,431.6025,11616
TSM,2026-09-18,11:26,431.635,431.83,431.635,431.83,5365
TSM,2026-09-18,11:27,431.82,431.83,431.59,431.595,8658
TSM,2026-09-18,11:28,431.58,432.14,431.505,432.01,21378
TSM,2026-09-18,11:29,432.0328,432.0328,431.45,431.48,25260
TSM,2026-09-18,11:30,431.545,431.7,431.31,431.42,43008
TSM,2026-09-18,11:31,431.405,431.62,431.35,431.375,20154
TSM,2026-09-18,11:32,431.37,431.54,431.24,431.42,35537
TSM,2026-09-18,11:33,431.425,431.425,431.25,431.25,12971
TSM,2026-09-18,11:34,431.26,431.41,431.06,431.41,10796
TSM,2026-09-18,11:35,431.42,431.48,431.375,431.42,5325
TSM,2026-09-18,11:36,431.43,431.45,431.21,431.405,10381
TSM,2026-09-18,11:37,431.405,431.405,431.23,431.23,8814
TSM,2026-09-18,11:38,431.2,431.26,431.135,431.17,8999
TSM,2026-09-18,11:39,431.17,431.17,431.05,431.0704,2485
TSM,2026-09-18,11:40,431.08,431.15,430.905,431.07,15629
TSM,2026-09-18,11:41,431.025,431.15,430.97,431.085,9142
TSM,2026-09-18,11:42,431.085,431.3,431.03,431.295,15837
TSM,2026-09-18,11:43,431.29,431.32,431.2,431.23,5541
TSM,2026-09-18,11:44,431.23,431.27,431.085,431.24,6896
TSM,2026-09-18,11:45,431.255,431.3,431.075,431.075,5968
TSM,2026-09-18,11:46,431.11,431.21,431.11,431.185,7756
TSM,2026-09-18,11:47,431.18,431.236,431.15,431.17,5535
TSM,2026-09-18,11:48,431.17,431.33,431.08,431.29,16093
TSM,2026-09-18,11:49,431.295,431.3145,431.2,431.23,7203
TSM,2026-09-18,11:50,431.26,431.26,431.1,431.22,8399
TSM,2026-09-18,11:51,431.21,431.22,431.02,431.075,8692
TSM,2026-09-18,11:52,431.075,431.105,430.91,431.0446,6886
TSM,2026-09-18,11:53,431.05,431.05,430.98,430.995,3346
TSM,2026-09-18,11:54,430.995,431.15,430.92,430.965,16201
TSM,2026-09-18,11:55,430.91,431.0699,430.85,430.86,15995
TSM,2026-09-18,11:56,430.84,430.93,430.67,430.86,18596
TSM,2026-09-18,11:57,430.83,430.94,430.41,430.43,18726
TSM,2026-09-18,11:58,430.43,430.5,430.33,430.4113,11290
TSM,2026-09-18,11:59,430.415,430.58,430.25,430.28,15200
TSM,2026-09-18,12:00,430.27,430.3,430.12,430.23,4790
TSM,2026-09-18,12:01,430.215,430.315,430.04,430.17,21502
TSM,2026-09-18,12:02,430.195,430.195,429.8501,429.9974,15644
TSM,2026-09-18,12:03,429.97,430.13,429.97,430.035,11841
TSM,2026-09-18,12:04,430.06,430.0749,429.85,429.85,12870
TSM,2026-09-18,12:05,429.85,430.235,429.81,430.21,27352
TSM,2026-09-18,12:06,430.24,430.33,430.12,430.16,11093
TSM,2026-09-18,12:07,430.16,430.165,430.03,430.075,9806
TSM,2026-09-18,12:08,430.075,430.075,429.9,429.905,12065
TSM,2026-09-18,12:09,429.905,429.9266,429.8,429.8,5512
TSM,2026-09-18,12:10,429.8,429.8699,429.77,429.84,6532
TSM,2026-09-18,12:11,429.85,429.96,429.71,429.8,9342
TSM,2026-09-18,12:12,429.9,429.94,429.72,429.86,4805
TSM,2026-09-18,12:13,429.852,429.94,429.805,429.84,5368
TSM,2026-09-18,12:14,429.795,429.87,429.7831,429.8057,3942
TSM,2026-09-18,12:15,429.795,429.83,429.715,429.78,6405
TSM,2026-09-18,12:16,429.75,430.09,429.75,430.05,6805
TSM,2026-09-18,12:17,430.06,430.1,429.94,430.04,5398
TSM,2026-09-18,12:18,430,430.32,430,430.21,7908
TSM,2026-09-18,12:19,430.22,430.25,430.03,430.25,5433
TSM,2026-09-18,12:20,430.24,430.24,430.155,430.16,4776
TSM,2026-09-18,12:21,430.175,430.285,430.17,430.222,4568
TSM,2026-09-18,12:22,430.24,430.245,430.01,430.08,6518
TSM,2026-09-18,12:23,430.0248,430.11,429.57,429.58,7448
TSM,2026-09-18,12:24,429.6322,429.83,429.5465,429.7696,12963
TSM,2026-09-18,12:25,429.605,429.67,429.42,429.62,8544
TSM,2026-09-18,12:26,429.66,429.68,429.445,429.445,6452
TSM,2026-09-18,12:27,429.45,429.57,429.42,429.53,5230
TSM,2026-09-18,12:28,429.6,429.9102,429.58,429.74,9625
TSM,2026-09-18,12:29,429.74,429.94,429.735,429.81,4842
TSM,2026-09-18,12:30,429.87,429.8772,429.45,429.55,17518
TSM,2026-09-18,12:31,429.56,429.56,429.11,429.28,17308
TSM,2026-09-18,12:32,429.24,429.6077,429.18,429.6077,10856
TSM,2026-09-18,12:33,429.5625,429.8999,429.525,429.8,4937
TSM,2026-09-18,12:34,429.8,429.8,429.7001,429.795,1858
TSM,2026-09-18,12:35,429.795,429.8699,429.71,429.8,1744
TSM,2026-09-18,12:36,429.8,429.86,429.6222,429.645,7627
TSM,2026-09-18,12:37,429.65,429.72,429.38,429.38,5656
TSM,2026-09-18,12:38,429.44,429.57,429.38,429.535,6296
TSM,2026-09-18,12:39,429.51,429.6,429.45,429.565,6065
TSM,2026-09-18,12:40,429.61,429.61,429.45,429.54,4131
TSM,2026-09-18,12:41,429.47,429.55,429.27,429.27,5044
TSM,2026-09-18,12:42,429.27,429.32,429.19,429.2698,6099
TSM,2026-09-18,12:43,429.3,429.3,429.22,429.24,3192
TSM,2026-09-18,12:44,429.24,429.51,429.24,429.46,5676
TSM,2026-09-18,12:45,429.51,429.51,429.4,429.4375,3295
TSM,2026-09-18,12:46,429.39,429.4,429.26,429.26,3422
TSM,2026-09-18,12:47,429.21,429.23,428.98,429.115,14843
TSM,2026-09-18,12:48,429.07,429.332,429,429.27,8062
TSM,2026-09-18,12:49,429.2296,429.38,429.22,429.37,3906
TSM,2026-09-18,12:50,429.41,429.4599,429.31,429.35,6978
TSM,2026-09-18,12:51,429.36,429.41,429.2901,429.41,4260
TSM,2026-09-18,12:52,429.36,429.49,429.35,429.45,3732
TSM,2026-09-18,12:53,429.415,429.47,429.3715,429.45,2697
TSM,2026-09-18,12:54,429.45,429.5299,429.38,429.5299,5453
TSM,2026-09-18,12:55,429.53,429.659,429.53,429.61,3467
TSM,2026-09-18,12:56,429.65,429.6595,429.5189,429.56,7151
TSM,2026-09-18,12:57,429.5757,429.5757,429.47,429.55,4498
TSM,2026-09-18,12:58,429.55,429.62,429.47,429.535,7045
TSM,2026-09-18,12:59,429.59,429.66,429.5,429.59,3568
TSM,2026-09-18,13:00,429.57,429.73,429.57,429.715,5282
TSM,2026-09-18,13:01,429.7,429.84,429.69,429.7175,25446
TSM,2026-09-18,13:02,429.75,429.9399,429.745,429.9399,6133
TSM,2026-09-18,13:03,429.89,429.89,429.77,429.8,3176
TSM,2026-09-18,13:04,429.76,429.77,429.65,429.76,6418
TSM,2026-09-18,13:05,429.71,429.85,429.695,429.85,5165
TSM,2026-09-18,13:06,429.81,429.9,429.775,429.78,7501
TSM,2026-09-18,13:07,429.788,429.9799,429.78,429.835,5818
TSM,2026-09-18,13:08,429.83,429.92,429.595,429.7,10220
TSM,2026-09-18,13:09,429.8,429.9014,429.715,429.8717,6601
TSM,2026-09-18,13:10,429.92,429.92,429.71,429.8,3691
TSM,2026-09-18,13:11,429.83,429.89,429.81,429.81,1715
TSM,2026-09-18,13:12,429.86,429.8723,429.8,429.87,3343
TSM,2026-09-18,13:13,429.865,429.93,429.86,429.9199,4746
TSM,2026-09-18,13:14,429.9199,430.11,429.9,430.1,6283
TSM,2026-09-18,13:15,430.1,430.31,430.1,430.31,4048
TSM,2026-09-18,13:16,430.3,430.3,430.02,430.05,10603
TSM,2026-09-18,13:17,430.1,430.16,430.071,430.1275,3331
TSM,2026-09-18,13:18,430.11,430.14,430,430.14,21519
TSM,2026-09-18,13:19,430.07,430.17,430,430.07,4440
TSM,2026-09-18,13:20,430.1,430.12,429.87,429.87,10318
TSM,2026-09-18,13:21,429.875,430.02,429.875,429.985,6128
TSM,2026-09-18,13:22,430.02,430.03,429.8101,429.875,19647
TSM,2026-09-18,13:23,429.94,430.16,429.8342,430.16,45377
TSM,2026-09-18,13:24,430.2,430.25,430.12,430.19,20265
TSM,2026-09-18,13:25,430.19,430.24,430.17,430.2,4540
TSM,2026-09-18,13:26,430.1875,430.42,430.1875,430.39,4234
TSM,2026-09-18,13:27,430.39,430.43,430.39,430.43,1222
TSM,2026-09-18,13:28,430.43,430.54,430.43,430.477,9656
TSM,2026-09-18,13:29,430.41,430.4895,430.37,430.38,3167
TSM,2026-09-18,13:30,430.415,430.415,430.25,430.27,3663
TSM,2026-09-18,13:31,430.3,430.3753,430.28,430.29,7893
TSM,2026-09-18,13:32,430.3392,430.365,430.11,430.16,12855
TSM,2026-09-18,13:33,430.15,430.21,430.125,430.2,2390
TSM,2026-09-18,13:34,430.15,430.19,430.12,430.125,11388
TSM,2026-09-18,13:35,430.189,430.35,430.115,430.33,22577
TSM,2026-09-18,13:36,430.37,430.61,430.33,430.515,8330
TSM,2026-09-18,13:37,430.6,430.6477,430.4087,430.4087,9936
TSM,2026-09-18,13:38,430.47,430.48,430.38,430.42,3758
TSM,2026-09-18,13:39,430.44,430.46,430.38,430.38,6460
TSM,2026-09-18,13:40,430.38,430.38,430.2,430.275,6251
TSM,2026-09-18,13:41,430.27,430.37,430.22,430.3,17734
TSM,2026-09-18,13:42,430.295,430.34,430.14,430.28,4104
TSM,2026-09-18,13:43,430.2659,430.32,430.23,430.25,3989
TSM,2026-09-18,13:44,430.205,430.32,430.205,430.28,4500
TSM,2026-09-18,13:45,430.28,430.28,430.15,430.21,2621
TSM,2026-09-18,13:46,430.25,430.26,430.11,430.135,3297
TSM,2026-09-18,13:47,430.135,430.28,430.135,430.2725,4389
TSM,2026-09-18,13:48,430.275,430.31,430.19,430.26,5773
TSM,2026-09-18,13:49,430.26,430.31,430.145,430.2285,4532
TSM,2026-09-18,13:50,430.2059,430.27,430.12,430.24,4937
TSM,2026-09-18,13:51,430.3051,430.462,430.285,430.395,10346
TSM,2026-09-18,13:52,430.405,430.5,430.405,430.48,5263
TSM,2026-09-18,13:53,430.4792,430.4792,430.37,430.37,1888
TSM,2026-09-18,13:54,430.35,430.41,430.34,430.34,2835
TSM,2026-09-18,13:55,430.32,430.39,430.32,430.34,3814
TSM,2026-09-18,13:56,430.375,430.41,430.28,430.28,4942
TSM,2026-09-18,13:57,430.2915,430.2915,430.14,430.14,7865
TSM,2026-09-18,13:58,430.14,430.2,430.01,430.08,4732
TSM,2026-09-18,13:59,430.05,430.09,429.95,430.035,16298
TSM,2026-09-18,14:00,430.07,430.07,429.86,429.9299,8889
TSM,2026-09-18,14:01,429.86,429.91,429.76,429.82,15609
TSM,2026-09-18,14:02,429.92,429.92,429.7,429.71,4087
TSM,2026-09-18,14:03,429.715,429.77,429.67,429.6998,2710
TSM,2026-09-18,14:04,429.695,429.77,429.6,429.69,17636
TSM,2026-09-18,14:05,429.73,429.78,429.61,429.68,9558
TSM,2026-09-18,14:06,429.7,429.7311,429.65,429.65,2913
TSM,2026-09-18,14:07,429.65,429.71,429.57,429.68,6128
TSM,2026-09-18,14:08,429.72,429.8,429.68,429.78,6309
TSM,2026-09-18,14:09,429.76,429.82,429.68,429.75,6392
TSM,2026-09-18,14:10,429.7798,429.82,429.59,429.62,9294
TSM,2026-09-18,14:11,429.615,429.64,429.45,429.595,14503
TSM,2026-09-18,14:12,429.55,429.64,429.55,429.61,3342
TSM,2026-09-18,14:13,429.66,429.71,429.59,429.695,4393
TSM,2026-09-18,14:14,429.69,429.7799,429.66,429.66,3876
TSM,2026-09-18,14:15,429.685,429.75,429.66,429.71,5114
TSM,2026-09-18,14:16,429.715,429.88,429.67,429.84,14595
TSM,2026-09-18,14:17,429.9,429.91,429.84,429.8801,1621
TSM,2026-09-18,14:18,429.92,430.1,429.91,430.1,7376
TSM,2026-09-18,14:19,430.05,430.14,430.02,430.125,10305
TSM,2026-09-18,14:20,430.1277,430.14,430.01,430.07,6015
TSM,2026-09-18,14:21,430.08,430.1006,429.96,429.96,5738
TSM,2026-09-18,14:22,429.995,430.0142,429.69,429.745,22887
TSM,2026-09-18,14:23,429.72,429.76,429.45,429.48,6551
TSM,2026-09-18,14:24,429.55,429.55,429.44,429.49,2903
TSM,2026-09-18,14:25,429.44,429.56,429.34,429.51,13268
TSM,2026-09-18,14:26,429.52,429.525,429.45,429.45,1559
TSM,2026-09-18,14:27,429.54,429.54,429.525,429.525,951
TSM,2026-09-18,14:28,429.46,429.46,429.26,429.28,6652
TSM,2026-09-18,14:29,429.2501,429.46,429.2501,429.455,12466
TSM,2026-09-18,14:30,429.455,429.5,429.445,429.45,10726
TSM,2026-09-18,14:31,429.47,429.48,429.365,429.4,3245
TSM,2026-09-18,14:32,429.4,429.57,429.3701,429.57,5865
TSM,2026-09-18,14:33,429.56,429.69,429.5054,429.645,3379
TSM,2026-09-18,14:34,429.69,429.69,429.58,429.6376,6910
TSM,2026-09-18,14:35,429.645,429.69,429.58,429.69,3406
TSM,2026-09-18,14:36,429.645,429.79,429.51,429.51,5904
TSM,2026-09-18,14:37,429.51,429.67,429.48,429.67,4065
TSM,2026-09-18,14:38,429.635,429.68,429.57,429.62,2447
TSM,2026-09-18,14:39,429.53,429.7,429.53,429.7,4292
TSM,2026-09-18,14:40,429.66,429.99,429.64,429.93,8867
TSM,2026-09-18,14:41,429.99,430.11,429.935,430.05,19356
TSM,2026-09-18,14:42,430.05,430.05,429.85,429.93,5127
TSM,2026-09-18,14:43,429.93,430,429.85,429.92,10723
TSM,2026-09-18,14:44,429.94,429.9451,429.845,429.9451,205176
TSM,2026-09-18,14:45,429.97,429.97,429.77,429.96,6185
TSM,2026-09-18,14:46,429.935,430.04,429.914,429.94,4239
TSM,2026-09-18,14:47,429.9,430.22,429.9,430.075,7913
TSM,2026-09-18,14:48,430.075,430.19,429.9601,430.16,5788
TSM,2026-09-18,14:49,430.165,430.165,430,430.06,5172
TSM,2026-09-18,14:50,430.06,430.11,430,430.0599,8035
TSM,2026-09-18,14:51,430.015,430.19,429.985,430.055,7020
TSM,2026-09-18,14:52,430.12,430.165,430.03,430.14,6729
TSM,2026-09-18,14:53,430.13,430.3,430.13,430.265,6276
TSM,2026-09-18,14:54,430.31,430.3493,430.21,430.25,6683
TSM,2026-09-18,14:55,430.19,430.31,430.04,430.31,12288
TSM,2026-09-18,14:56,430.295,430.305,430.24,430.28,4569
TSM,2026-09-18,14:57,430.29,430.29,430.13,430.19,4010
TSM,2026-09-18,14:58,430.2219,430.29,430.19,430.26,7096
TSM,2026-09-18,14:59,430.2,430.22,429.95,429.99,6564
TSM,2026-09-18,15:00,429.95,430.21,429.9,430.17,10405
TSM,2026-09-18,15:01,430.1201,430.17,430.07,430.09,6253
TSM,2026-09-18,15:02,430.15,430.19,430.09,430.16,5368
TSM,2026-09-18,15:03,430.1468,430.58,430.1301,430.56,13067
TSM,2026-09-18,15:04,430.575,430.58,430.43,430.44,11733
TSM,2026-09-18,15:05,430.4399,430.6228,430.39,430.57,27216
TSM,2026-09-18,15:06,430.605,430.74,430.46,430.51,9050
TSM,2026-09-18,15:07,430.51,430.5397,430.2663,430.29,8837
TSM,2026-09-18,15:08,430.285,430.5952,430.285,430.435,17413
TSM,2026-09-18,15:09,430.4,430.52,430.25,430.45,14835
TSM,2026-09-18,15:10,430.445,430.445,430.34,430.43,7643
TSM,2026-09-18,15:11,430.39,430.44,430.23,430.345,10809
TSM,2026-09-18,15:12,430.35,430.5,430.25,430.47,11121
TSM,2026-09-18,15:13,430.5,430.5,430.204,430.204,4651
TSM,2026-09-18,15:14,430.25,430.25,430.095,430.21,7711
TSM,2026-09-18,15:15,430.22,430.32,430.18,430.28,8819
TSM,2026-09-18,15:16,430.24,430.32,430.21,430.28,6249
TSM,2026-09-18,15:17,430.3,430.43,430.275,430.395,4299
TSM,2026-09-18,15:18,430.39,430.54,430.336,430.54,7649
TSM,2026-09-18,15:19,430.52,430.555,430.375,430.49,6185
TSM,2026-09-18,15:20,430.495,430.495,430.37,430.41,3816
TSM,2026-09-18,15:21,430.4,430.47,430.25,430.27,8701
TSM,2026-09-18,15:22,430.275,430.43,430.23,430.3885,9341
TSM,2026-09-18,15:23,430.43,430.5,430.23,430.315,17782
TSM,2026-09-18,15:24,430.31,430.4,430.26,430.385,16176
TSM,2026-09-18,15:25,430.42,430.4299,430.12,430.2126,19869
TSM,2026-09-18,15:26,430.2838,430.32,430.16,430.24,18583
TSM,2026-09-18,15:27,430.215,430.25,430.15,430.22,9074
TSM,2026-09-18,15:28,430.15,430.19,430.0901,430.14,9688
TSM,2026-09-18,15:29,430.145,430.19,430.08,430.15,11443
TSM,2026-09-18,15:30,430.16,430.16,429.785,429.81,22060
TSM,2026-09-18,15:31,430,430.16,429.915,430.07,12450
TSM,2026-09-18,15:32,430.02,430.24,430.02,430.18,10655
TSM,2026-09-18,15:33,430.16,430.25,430.14,430.21,6057
TSM,2026-09-18,15:34,430.22,430.38,430.18,430.34,14967
TSM,2026-09-18,15:35,430.25,430.41,430.0705,430.325,42230
TSM,2026-09-18,15:36,430.37,430.77,430.345,430.77,22742
TSM,2026-09-18,15:37,430.735,430.96,430.73,430.89,14093
TSM,2026-09-18,15:38,430.9,430.96,430.81,430.82,12211
TSM,2026-09-18,15:39,430.86,430.86,430.67,430.71,15845
TSM,2026-09-18,15:40,430.75,431.1,430.71,431.05,34187
TSM,2026-09-18,15:41,431.055,431.11,430.96,431.045,8826
TSM,2026-09-18,15:42,431.09,431.48,431.09,431.38,33991
TSM,2026-09-18,15:43,431.4,431.68,430.855,431.01,42945
TSM,2026-09-18,15:44,430.99,431.54,430.99,431.46,19261
TSM,2026-09-18,15:45,431.43,431.52,430.77,430.86,29464
TSM,2026-09-18,15:46,430.82,430.98,430.67,430.835,27410
TSM,2026-09-18,15:47,430.94,431.44,430.83,431.21,49865
TSM,2026-09-18,15:48,431.19,431.29,430.98,430.98,28812
TSM,2026-09-18,15:49,431.055,431.07,429.92,430.21,60718
TSM,2026-09-18,15:50,430.39,431.33,430.22,431.1,48090
TSM,2026-09-18,15:51,431.2,431.25,430.59,430.63,50669
TSM,2026-09-18,15:52,430.63,431,430.63,430.975,40291
TSM,2026-09-18,15:53,431.02,431.3284,430.93,431.135,51369
TSM,2026-09-18,15:54,431.14,432.179,431.11,432.135,47540
TSM,2026-09-18,15:55,432.18,433.29,432.16,432.84,101548
TSM,2026-09-18,15:56,432.81,433.2,432.7475,433.17,96129
TSM,2026-09-18,15:57,433.16,433.92,433.16,433.78,115176
TSM,2026-09-18,15:58,433.79,433.81,432.8,432.95,267563
TSM,2026-09-18,15:59,432.94,434.76,432.89,434.54,446121
TSM,2026-09-18,16:00,434.67,434.67,434.67,434.67,0
