symbol,date,time,open,high,low,close,volume
AMZN,2026-09-08,09:30,256.76,257.05,254.95,255.565,1752223
AMZN,2026-09-08,09:31,255.635,256.4099,255.44,255.76,195186
AMZN,2026-09-08,09:32,255.79,256.08,255.2003,255.56,122743
AMZN,2026-09-08,09:33,255.54,256.37,255.49,256.365,144800
AMZN,2026-09-08,09:34,256.3504,257.24,256.2,256.895,177282
AMZN,2026-09-08,09:35,256.89,257.62,256.81,257.6,160799
AMZN,2026-09-08,09:36,257.5466,257.69,256.375,256.52,122364
AMZN,2026-09-08,09:37,256.67,256.76,256.24,256.4284,74763
AMZN,2026-09-08,09:38,256.405,256.89,256.4,256.62,75648
AMZN,2026-09-08,09:39,256.62,256.86,256.41,256.66,84307
AMZN,2026-09-08,09:40,256.58,256.91,256.55,256.855,89638
AMZN,2026-09-08,09:41,256.84,256.9,256.62,256.745,92283
AMZN,2026-09-08,09:42,256.7372,257.08,256.51,257.08,82095
AMZN,2026-09-08,09:43,257.12,257.42,256.801,257.365,95124
AMZN,2026-09-08,09:44,257.39,257.5799,257.15,257.23,94086
AMZN,2026-09-08,09:45,257.28,257.3,256.6,256.695,89761
AMZN,2026-09-08,09:46,256.6758,257.03,256.5901,256.69,46721
AMZN,2026-09-08,09:47,256.78,256.86,256.4352,256.51,63643
AMZN,2026-09-08,09:48,256.53,256.7,256.38,256.6451,52184
AMZN,2026-09-08,09:49,256.72,256.72,256.4,256.45,64667
AMZN,2026-09-08,09:50,256.49,256.55,256.24,256.368,80801
AMZN,2026-09-08,09:51,256.36,256.67,256.3546,256.67,50464
AMZN,2026-09-08,09:52,256.67,256.85,256.41,256.41,81927
AMZN,2026-09-08,09:53,256.435,256.46,256.07,256.202,71256
AMZN,2026-09-08,09:54,256.22,256.39,256.02,256.38,32665
AMZN,2026-09-08,09:55,256.38,256.61,256.3,256.43,59522
AMZN,2026-09-08,09:56,256.41,256.55,256.2,256.21,44455
AMZN,2026-09-08,09:57,256.195,256.535,256.1419,256.5301,49013
AMZN,2026-09-08,09:58,256.555,256.61,256.27,256.41,35020
AMZN,2026-09-08,09:59,256.353,256.375,256.115,256.335,31116
AMZN,2026-09-08,10:00,256.35,256.35,255.61,255.82,134736
AMZN,2026-09-08,10:01,255.815,255.9,255.4142,255.4517,86612
AMZN,2026-09-08,10:02,255.48,255.48,254.85,255.0187,243462
AMZN,2026-09-08,10:03,254.985,255.15,254.89,255.12,81369
AMZN,2026-09-08,10:04,255.126,255.215,254.89,255.18,92775
AMZN,2026-09-08,10:05,255.2,255.4899,255.13,255.35,51119
AMZN,2026-09-08,10:06,255.32,255.49,255.24,255.37,43727
AMZN,2026-09-08,10:07,255.37,255.515,255.2,255.37,82115
AMZN,2026-09-08,10:08,255.38,255.59,255.32,255.59,56000
AMZN,2026-09-08,10:09,255.53,255.55,255.1701,255.18,71980
AMZN,2026-09-08,10:10,255.17,255.18,254.9603,255.04,104968
AMZN,2026-09-08,10:11,255.02,255.16,254.81,254.825,118563
AMZN,2026-09-08,10:12,254.8,255.05,254.8,254.96,93402
AMZN,2026-09-08,10:13,255.025,255.19,254.97,255.12,58994
AMZN,2026-09-08,10:14,255.115,255.22,254.89,254.9825,92370
AMZN,2026-09-08,10:15,254.94,255.34,254.9,255.175,105101
AMZN,2026-09-08,10:16,255.22,255.28,255.05,255.225,34859
AMZN,2026-09-08,10:17,255.22,255.249,255.11,255.11,33846
AMZN,2026-09-08,10:18,255.11,255.25,255.04,255.25,53296
AMZN,2026-09-08,10:19,255.2,255.33,255.18,255.31,45554
AMZN,2026-09-08,10:20,255.33,255.74,255.31,255.74,96859
AMZN,2026-09-08,10:21,255.7583,255.765,255.38,255.43,60580
AMZN,2026-09-08,10:22,255.45,255.4599,255.25,255.305,40906
AMZN,2026-09-08,10:23,255.29,255.3799,255.195,255.31,37030
AMZN,2026-09-08,10:24,255.31,255.46,255.16,255.37,77612
AMZN,2026-09-08,10:25,255.36,255.44,255.29,255.31,61552
AMZN,2026-09-08,10:26,255.31,255.39,255.12,255.16,59696
AMZN,2026-09-08,10:27,255.13,255.21,254.93,254.98,82924
AMZN,2026-09-08,10:28,254.98,255.185,254.92,255.185,92087
AMZN,2026-09-08,10:29,255.19,255.37,255.143,255.143,67669
AMZN,2026-09-08,10:30,255.19,255.29,255.1,255.1,53461
AMZN,2026-09-08,10:31,255.115,255.29,255.115,255.16,45673
AMZN,2026-09-08,10:32,255.19,255.265,255.13,255.165,60140
AMZN,2026-09-08,10:33,255.165,255.1728,255.0205,255.17,64824
AMZN,2026-09-08,10:34,255.19,255.335,255.11,255.32,45847
AMZN,2026-09-08,10:35,255.3299,255.4499,255.22,255.2773,57299
AMZN,2026-09-08,10:36,255.27,255.33,254.81,254.9734,90405
AMZN,2026-09-08,10:37,255.085,255.085,254.76,254.88,88115
AMZN,2026-09-08,10:38,254.89,255.08,254.75,255.08,46232
AMZN,2026-09-08,10:39,255.04,255.2,254.99,255.06,60749
AMZN,2026-09-08,10:40,255.06,255.205,255.0201,255.19,44811
AMZN,2026-09-08,10:41,255.25,255.51,255.2111,255.405,64830
AMZN,2026-09-08,10:42,255.38,255.45,255.25,255.32,51170
AMZN,2026-09-08,10:43,255.32,255.43,255.24,255.43,39147
AMZN,2026-09-08,10:44,255.36,255.4,255.25,255.33,50566
AMZN,2026-09-08,10:45,255.35,255.5999,255.225,255.5999,110695
AMZN,2026-09-08,10:46,255.565,255.77,255.514,255.705,58100
AMZN,2026-09-08,10:47,255.67,256.0951,255.67,255.98,82376
AMZN,2026-09-08,10:48,255.9899,256.05,255.91,255.966,49677
AMZN,2026-09-08,10:49,255.95,256.2899,255.885,256.21,62212
AMZN,2026-09-08,10:50,256.24,256.59,256.23,256.56,77561
AMZN,2026-09-08,10:51,256.56,256.92,256.53,256.77,94202
AMZN,2026-09-08,10:52,256.78,257.01,256.68,256.73,97071
AMZN,2026-09-08,10:53,256.75,256.8961,256.68,256.69,44721
AMZN,2026-09-08,10:54,256.71,256.79,256.585,256.62,39761
AMZN,2026-09-08,10:55,256.63,256.85,256.63,256.84,31855
AMZN,2026-09-08,10:56,256.81,256.85,256.7,256.79,40418
AMZN,2026-09-08,10:57,256.76,256.9386,256.7101,256.81,73478
AMZN,2026-09-08,10:58,256.79,256.8,256.57,256.645,61198
AMZN,2026-09-08,10:59,256.645,256.87,256.5503,256.87,41391
AMZN,2026-09-08,11:00,256.88,257.0299,256.8575,256.935,66475
AMZN,2026-09-08,11:01,256.9339,257.226,256.9339,257.035,56325
AMZN,2026-09-08,11:02,257.04,257.1119,256.7985,256.885,62757
AMZN,2026-09-08,11:03,256.88,257.0651,256.83,257.02,63943
AMZN,2026-09-08,11:04,257.02,257.1939,257.0001,257.1,29617
AMZN,2026-09-08,11:05,257.1,257.1999,257.0501,257.1,32458
AMZN,2026-09-08,11:06,257.085,257.0925,256.76,256.81,55605
AMZN,2026-09-08,11:07,256.82,256.84,256.63,256.65,71604
AMZN,2026-09-08,11:08,256.65,256.65,256.46,256.635,56587
AMZN,2026-09-08,11:09,256.625,256.6994,256.525,256.595,40673
AMZN,2026-09-08,11:10,256.595,256.975,256.595,256.975,33295
AMZN,2026-09-08,11:11,256.975,257.015,256.84,256.875,54234
AMZN,2026-09-08,11:12,256.885,256.92,256.72,256.835,27505
AMZN,2026-09-08,11:13,256.82,256.97,256.8,256.8529,26218
AMZN,2026-09-08,11:14,256.84,257.17,256.84,257.17,57840
AMZN,2026-09-08,11:15,257.145,257.32,256.98,257.24,131064
AMZN,2026-09-08,11:16,257.23,257.23,256.92,257.035,40820
AMZN,2026-09-08,11:17,257.06,257.09,256.815,256.82,50485
AMZN,2026-09-08,11:18,256.8,257.08,256.74,256.98,63241
AMZN,2026-09-08,11:19,256.96,257.09,256.88,256.98,63705
AMZN,2026-09-08,11:20,256.97,257.035,256.9016,256.9899,41781
AMZN,2026-09-08,11:21,257,257.1,256.97,257.04,62746
AMZN,2026-09-08,11:22,256.98,257.06,256.92,256.985,41593
AMZN,2026-09-08,11:23,257,257.15,256.97,257.04,46790
AMZN,2026-09-08,11:24,257.07,257.215,257.0501,257.215,41322
AMZN,2026-09-08,11:25,257.215,257.29,257.02,257.16,64647
AMZN,2026-09-08,11:26,257.18,257.2585,257.14,257.19,51212
AMZN,2026-09-08,11:27,257.19,257.25,257.11,257.225,63579
AMZN,2026-09-08,11:28,257.3,257.46,257.3,257.35,62498
AMZN,2026-09-08,11:29,257.33,257.43,257.3,257.3163,41229
AMZN,2026-09-08,11:30,257.36,257.54,257.1123,257.13,85506
AMZN,2026-09-08,11:31,257.11,257.22,257.095,257.2094,42409
AMZN,2026-09-08,11:32,257.195,257.31,257.09,257.09,93248
AMZN,2026-09-08,11:33,257.055,257.29,257.04,257.26,40248
AMZN,2026-09-08,11:34,257.265,257.265,256.8999,256.905,50137
AMZN,2026-09-08,11:35,256.88,257.078,256.81,256.8885,56449
AMZN,2026-09-08,11:36,256.85,256.86,256.7126,256.82,45592
AMZN,2026-09-08,11:37,256.82,256.94,256.78,256.94,39021
AMZN,2026-09-08,11:38,256.9599,256.98,256.868,256.9,30336
AMZN,2026-09-08,11:39,256.875,257.02,256.87,256.985,32008
AMZN,2026-09-08,11:40,256.95,257.11,256.95,257.04,25651
AMZN,2026-09-08,11:41,257.0229,257.2,257.0229,257.17,41940
AMZN,2026-09-08,11:42,257.17,257.18,257.02,257.09,45598
AMZN,2026-09-08,11:43,257.095,257.095,256.75,256.795,50873
AMZN,2026-09-08,11:44,256.815,256.94,256.79,256.8299,28020
AMZN,2026-09-08,11:45,256.8299,256.8499,256.7701,256.8499,31213
AMZN,2026-09-08,11:46,256.83,256.96,256.7346,256.75,75250
AMZN,2026-09-08,11:47,256.75,256.8,256.52,256.5691,50435
AMZN,2026-09-08,11:48,256.55,256.6099,256.465,256.555,43039
AMZN,2026-09-08,11:49,256.55,256.63,256.52,256.59,23494
AMZN,2026-09-08,11:50,256.57,256.81,256.57,256.76,27207
AMZN,2026-09-08,11:51,256.7,256.775,256.63,256.7548,23620
AMZN,2026-09-08,11:52,256.72,256.84,256.7001,256.84,29090
AMZN,2026-09-08,11:53,256.83,256.83,256.69,256.765,29345
AMZN,2026-09-08,11:54,256.74,256.84,256.71,256.79,23282
AMZN,2026-09-08,11:55,256.77,256.8799,256.73,256.825,30647
AMZN,2026-09-08,11:56,256.785,256.81,256.7,256.7,29669
AMZN,2026-09-08,11:57,256.71,256.8072,256.668,256.668,21726
AMZN,2026-09-08,11:58,256.68,256.68,256.54,256.55,32306
AMZN,2026-09-08,11:59,256.555,256.574,256.2836,256.38,41959
AMZN,2026-09-08,12:00,256.36,256.4,256.23,256.37,33324
AMZN,2026-09-08,12:01,256.43,256.65,256.35,256.61,40567
AMZN,2026-09-08,12:02,256.63,256.66,256.51,256.5639,30922
AMZN,2026-09-08,12:03,256.565,256.635,256.53,256.635,20434
AMZN,2026-09-08,12:04,256.64,257.1,256.62,257.031,59053
AMZN,2026-09-08,12:05,257.06,257.38,257.03,257.37,42060
AMZN,2026-09-08,12:06,257.3301,257.6177,257.3301,257.56,60076
AMZN,2026-09-08,12:07,257.56,257.56,257.23,257.295,88979
AMZN,2026-09-08,12:08,257.29,257.332,257.13,257.13,19368
AMZN,2026-09-08,12:09,257.14,257.27,257.11,257.2,20815
AMZN,2026-09-08,12:10,257.2199,257.23,257.01,257.0785,34380
AMZN,2026-09-08,12:11,257.06,257.14,257,257.08,30205
AMZN,2026-09-08,12:12,257.08,257.305,257.06,257.15,110242
AMZN,2026-09-08,12:13,257.15,257.19,257.06,257.17,27561
AMZN,2026-09-08,12:14,257.195,257.345,257.1801,257.3072,20903
AMZN,2026-09-08,12:15,257.3045,257.315,257.1901,257.215,33033
AMZN,2026-09-08,12:16,257.2299,257.2299,256.99,257.0575,61964
AMZN,2026-09-08,12:17,257.04,257.085,256.9801,257.02,37713
AMZN,2026-09-08,12:18,257.03,257.17,256.985,257.01,33411
AMZN,2026-09-08,12:19,257,257.08,256.99,257.04,27549
AMZN,2026-09-08,12:20,257.055,257.125,257,257.12,33946
AMZN,2026-09-08,12:21,257.12,257.21,257.01,257.01,32997
AMZN,2026-09-08,12:22,257.035,257.19,257.035,257.105,38542
AMZN,2026-09-08,12:23,257.1183,257.1199,256.81,256.89,55933
AMZN,2026-09-08,12:24,256.93,256.99,256.815,256.935,33356
AMZN,2026-09-08,12:25,256.93,257.23,256.9101,257.14,48389
AMZN,2026-09-08,12:26,257.13,257.1399,256.892,256.95,39566
AMZN,2026-09-08,12:27,256.95,256.9999,256.915,256.95,16599
AMZN,2026-09-08,12:28,256.92,257.035,256.89,257.015,24356
AMZN,2026-09-08,12:29,256.995,257,256.86,256.905,28279
AMZN,2026-09-08,12:30,256.88,257.05,256.88,257.04,33315
AMZN,2026-09-08,12:31,257.03,257.1,256.95,257.03,45822
AMZN,2026-09-08,12:32,256.98,257.09,256.97,257.045,43276
AMZN,2026-09-08,12:33,257.02,257.1199,257.01,257.1199,28386
AMZN,2026-09-08,12:34,257.1199,257.1199,257.015,257.0299,35832
AMZN,2026-09-08,12:35,257.015,257.1,256.97,257.03,15911
AMZN,2026-09-08,12:36,257.06,257.1,257.01,257.07,19277
AMZN,2026-09-08,12:37,257.1,257.1,257.01,257.06,30685
AMZN,2026-09-08,12:38,257.025,257.1,257.018,257.0301,29361
AMZN,2026-09-08,12:39,257.09,257.11,256.95,257,25149
AMZN,2026-09-08,12:40,256.98,257.06,256.95,257.025,24952
AMZN,2026-09-08,12:41,257.06,257.15,257.05,257.1301,17212
AMZN,2026-09-08,12:42,257.16,257.26,257.16,257.17,27338
AMZN,2026-09-08,12:43,257.1701,257.235,257.1,257.2237,23993
AMZN,2026-09-08,12:44,257.225,257.46,257.225,257.46,47438
AMZN,2026-09-08,12:45,257.4899,257.5,257.31,257.395,22117
AMZN,2026-09-08,12:46,257.37,257.44,257.34,257.3747,17332
AMZN,2026-09-08,12:47,257.355,257.3799,257.2,257.31,15998
AMZN,2026-09-08,12:48,257.31,257.42,257.3,257.37,35103
AMZN,2026-09-08,12:49,257.35,257.375,257.31,257.35,19639
AMZN,2026-09-08,12:50,257.38,257.558,257.2675,257.42,35335
AMZN,2026-09-08,12:51,257.405,257.405,257.26,257.26,18413
AMZN,2026-09-08,12:52,257.3199,257.39,257.24,257.39,27127
AMZN,2026-09-08,12:53,257.37,257.5051,257.31,257.5,25206
AMZN,2026-09-08,12:54,257.52,257.605,257.48,257.48,33722
AMZN,2026-09-08,12:55,257.4978,257.5899,257.4978,257.5301,18590
AMZN,2026-09-08,12:56,257.5799,257.6,257.21,257.37,77095
AMZN,2026-09-08,12:57,257.35,257.39,257.18,257.18,28328
AMZN,2026-09-08,12:58,257.21,257.3025,257.205,257.24,17539
AMZN,2026-09-08,12:59,257.22,257.2207,257,257.21,31455
AMZN,2026-09-08,13:00,257.2,257.54,257.19,257.515,22485
AMZN,2026-09-08,13:01,257.525,257.81,257.495,257.7199,60792
AMZN,2026-09-08,13:02,257.69,257.8315,257.5701,257.8,31659
AMZN,2026-09-08,13:03,257.8087,257.93,257.7562,257.865,71926
AMZN,2026-09-08,13:04,257.855,257.95,257.8,257.93,32972
AMZN,2026-09-08,13:05,257.9101,257.92,257.73,257.77,21650
AMZN,2026-09-08,13:06,257.7521,257.99,257.7521,257.9503,27810
AMZN,2026-09-08,13:07,257.97,257.9766,257.55,257.6,43528
AMZN,2026-09-08,13:08,257.58,257.665,257.42,257.62,29503
AMZN,2026-09-08,13:09,257.62,257.62,257.375,257.375,24979
AMZN,2026-09-08,13:10,257.4,257.485,257.39,257.455,16058
AMZN,2026-09-08,13:11,257.4651,257.52,257.45,257.51,16911
AMZN,2026-09-08,13:12,257.51,257.51,257.3105,257.35,21538
AMZN,2026-09-08,13:13,257.34,257.37,257.28,257.32,22683
AMZN,2026-09-08,13:14,257.305,257.33,257.185,257.235,18543
AMZN,2026-09-08,13:15,257.26,257.27,257.21,257.225,16515
AMZN,2026-09-08,13:16,257.22,257.2499,257.12,257.12,47965
AMZN,2026-09-08,13:17,257.13,257.17,257.085,257.17,13541
AMZN,2026-09-08,13:18,257.145,257.2199,257.13,257.19,15327
AMZN,2026-09-08,13:19,257.195,257.33,257.15,257.3,34924
AMZN,2026-09-08,13:20,257.26,257.31,257.22,257.22,21010
AMZN,2026-09-08,13:21,257.21,257.255,257.2,257.25,20527
AMZN,2026-09-08,13:22,257.25,257.26,257.211,257.235,14239
AMZN,2026-09-08,13:23,257.22,257.23,257.12,257.22,52639
AMZN,2026-09-08,13:24,257.2,257.26,257.1201,257.2,24401
AMZN,2026-09-08,13:25,257.21,257.21,257.06,257.062,13362
AMZN,2026-09-08,13:26,257.06,257.06,256.94,257,17591
AMZN,2026-09-08,13:27,257.02,257.0999,257,257.07,23553
AMZN,2026-09-08,13:28,257.08,257.14,257.08,257.08,11438
AMZN,2026-09-08,13:29,257.0901,257.12,256.8702,256.9101,45759
AMZN,2026-09-08,13:30,256.925,257,256.92,256.99,14671
AMZN,2026-09-08,13:31,256.98,257,256.91,256.98,17807
AMZN,2026-09-08,13:32,256.9818,257.0854,256.96,257.05,19595
AMZN,2026-09-08,13:33,257.04,257.1719,257.01,257.17,22147
AMZN,2026-09-08,13:34,257.16,257.22,257.12,257.12,14689
AMZN,2026-09-08,13:35,257.1101,257.1699,257.07,257.07,13034
AMZN,2026-09-08,13:36,257.08,257.1198,256.98,257.045,34929
AMZN,2026-09-08,13:37,257.03,257.1197,256.995,257.1197,14384
AMZN,2026-09-08,13:38,257.14,257.1799,257.04,257.07,16243
AMZN,2026-09-08,13:39,257.06,257.1,257.035,257.06,12860
AMZN,2026-09-08,13:40,257.07,257.07,256.935,256.935,34525
AMZN,2026-09-08,13:41,256.94,256.95,256.8793,256.95,29574
AMZN,2026-09-08,13:42,256.93,256.93,256.82,256.85,25127
AMZN,2026-09-08,13:43,256.88,256.9051,256.82,256.84,15097
AMZN,2026-09-08,13:44,256.85,256.85,256.69,256.7,51976
AMZN,2026-09-08,13:45,256.71,256.78,256.67,256.755,22580
AMZN,2026-09-08,13:46,256.7414,256.83,256.6889,256.7401,25689
AMZN,2026-09-08,13:47,256.77,256.86,256.75,256.8,32068
AMZN,2026-09-08,13:48,256.785,256.9199,256.785,256.87,26720
AMZN,2026-09-08,13:49,256.89,256.92,256.83,256.91,20444
AMZN,2026-09-08,13:50,256.87,256.9,256.81,256.8899,56882
AMZN,2026-09-08,13:51,256.9,256.96,256.85,256.92,26609
AMZN,2026-09-08,13:52,256.925,256.9865,256.925,256.95,11903
AMZN,2026-09-08,13:53,256.96,257.02,256.91,256.99,22025
AMZN,2026-09-08,13:54,256.97,257,256.94,256.97,12910
AMZN,2026-09-08,13:55,256.945,256.9699,256.8805,256.9699,24780
AMZN,2026-09-08,13:56,256.94,257.025,256.87,257,37970
AMZN,2026-09-08,13:57,256.965,257.08,256.965,257.05,19603
AMZN,2026-09-08,13:58,257.045,257.1401,257.01,257.0899,24519
AMZN,2026-09-08,13:59,257.065,257.1,256.97,256.97,27222
AMZN,2026-09-08,14:00,256.9802,257.08,256.9601,257.04,22278
AMZN,2026-09-08,14:01,257.052,257.1,257.01,257.0725,23253
AMZN,2026-09-08,14:02,257.05,257.075,257.01,257.03,12332
AMZN,2026-09-08,14:03,257.0308,257.1,256.98,257.0351,31426
AMZN,2026-09-08,14:04,257.08,257.12,257.0501,257.12,15093
AMZN,2026-09-08,14:05,257.14,257.2895,257.1201,257.27,65877
AMZN,2026-09-08,14:06,257.29,257.29,257.2,257.265,17445
AMZN,2026-09-08,14:07,257.25,257.2699,257.12,257.12,22662
AMZN,2026-09-08,14:08,257.14,257.2044,257.1193,257.16,14633
AMZN,2026-09-08,14:09,257.175,257.2083,257.0901,257.0901,21306
AMZN,2026-09-08,14:10,257.1,257.1618,257.1,257.12,9659
AMZN,2026-09-08,14:11,257.1001,257.1649,257.07,257.09,24205
AMZN,2026-09-08,14:12,257.07,257.11,257.04,257.0899,27977
AMZN,2026-09-08,14:13,257.08,257.0899,256.9,256.95,32635
AMZN,2026-09-08,14:14,256.94,257.0801,256.92,257.034,16755
AMZN,2026-09-08,14:15,257.04,257.15,257.02,257.08,37438
AMZN,2026-09-08,14:16,257.1,257.1157,257.045,257.05,16870
AMZN,2026-09-08,14:17,257.05,257.09,257.01,257.02,24868
AMZN,2026-09-08,14:18,257.02,257.0212,256.94,256.99,19272
AMZN,2026-09-08,14:19,256.97,256.99,256.95,256.99,19888
AMZN,2026-09-08,14:20,256.98,257,256.91,256.975,27397
AMZN,2026-09-08,14:21,256.94,257,256.93,256.98,28026
AMZN,2026-09-08,14:22,256.995,257.0078,256.8,256.84,32629
AMZN,2026-09-08,14:23,256.8,256.84,256.77,256.81,20661
AMZN,2026-09-08,14:24,256.8,256.84,256.79,256.84,14219
AMZN,2026-09-08,14:25,256.82,256.88,256.78,256.85,25055
AMZN,2026-09-08,14:26,256.84,256.86,256.76,256.83,20719
AMZN,2026-09-08,14:27,256.845,256.87,256.8,256.815,18384
AMZN,2026-09-08,14:28,256.81,256.87,256.77,256.8454,77423
AMZN,2026-09-08,14:29,256.87,257.09,256.87,257.065,31573
AMZN,2026-09-08,14:30,257.11,257.15,257.07,257.08,25275
AMZN,2026-09-08,14:31,257.09,257.165,257.09,257.13,22723
AMZN,2026-09-08,14:32,257.16,257.23,257.1103,257.17,22377
AMZN,2026-09-08,14:33,257.1,257.16,257.0101,257.1004,25423
AMZN,2026-09-08,14:34,257.135,257.14,257.1067,257.14,24437
AMZN,2026-09-08,14:35,257.13,257.13,257.045,257.045,27067
AMZN,2026-09-08,14:36,257.0407,257.08,256.934,257.005,39829
AMZN,2026-09-08,14:37,257.005,257.075,257,257.01,29562
AMZN,2026-09-08,14:38,257.03,257.09,256.98,257.0799,29885
AMZN,2026-09-08,14:39,257.05,257.0801,256.9005,256.93,26496
AMZN,2026-09-08,14:40,256.91,256.985,256.91,256.935,17291
AMZN,2026-09-08,14:41,256.97,257.07,256.97,257.04,23139
AMZN,2026-09-08,14:42,257.06,257.097,257.01,257.0301,16807
AMZN,2026-09-08,14:43,257.03,257.25,257.03,257.245,47768
AMZN,2026-09-08,14:44,257.24,257.24,257.1,257.1401,26652
AMZN,2026-09-08,14:45,257.135,257.3744,257.0601,257.1348,46527
AMZN,2026-09-08,14:46,257.1,257.2099,257.0951,257.15,25487
AMZN,2026-09-08,14:47,257.15,257.15,256.6,256.64,76079
AMZN,2026-09-08,14:48,256.63,256.68,256.25,256.2576,74179
AMZN,2026-09-08,14:49,256.21,256.52,256.07,256.46,78521
AMZN,2026-09-08,14:50,256.55,256.89,256.55,256.775,39578
AMZN,2026-09-08,14:51,256.81,256.82,256.4501,256.675,56753
AMZN,2026-09-08,14:52,256.66,256.78,256.6001,256.67,38869
AMZN,2026-09-08,14:53,256.61,256.9182,256.61,256.88,22848
AMZN,2026-09-08,14:54,256.905,257.035,256.805,256.9,34036
AMZN,2026-09-08,14:55,256.91,256.91,256.82,256.86,26964
AMZN,2026-09-08,14:56,256.85,256.91,256.785,256.88,21557
AMZN,2026-09-08,14:57,256.93,257.11,256.9,256.935,43743
AMZN,2026-09-08,14:58,256.935,256.99,256.88,256.99,27419
AMZN,2026-09-08,14:59,257,257.02,256.94,256.96,22408
AMZN,2026-09-08,15:00,256.9799,257.305,256.9799,257.295,45928
AMZN,2026-09-08,15:01,257.31,257.34,257.13,257.27,43696
AMZN,2026-09-08,15:02,257.2895,257.5,257.28,257.43,34207
AMZN,2026-09-08,15:03,257.425,257.445,257.29,257.43,39295
AMZN,2026-09-08,15:04,257.435,257.46,257.3,257.39,37980
AMZN,2026-09-08,15:05,257.38,257.38,257.13,257.255,36353
AMZN,2026-09-08,15:06,257.255,257.255,257.12,257.12,33481
AMZN,2026-09-08,15:07,257.12,257.27,257.12,257.27,20331
AMZN,2026-09-08,15:08,257.27,257.33,257.21,257.295,52259
AMZN,2026-09-08,15:09,257.3399,257.3399,257.12,257.16,19505
AMZN,2026-09-08,15:10,257.165,257.26,257.15,257.25,45285
AMZN,2026-09-08,15:11,257.26,257.27,257.09,257.13,20558
AMZN,2026-09-08,15:12,257.1,257.15,257.0415,257.125,17710
AMZN,2026-09-08,15:13,257.124,257.14,256.97,257.095,28423
AMZN,2026-09-08,15:14,257.085,257.1,256.88,256.96,49348
AMZN,2026-09-08,15:15,256.9799,257.01,256.825,256.83,68295
AMZN,2026-09-08,15:16,256.82,256.86,256.715,256.84,24917
AMZN,2026-09-08,15:17,256.82,256.82,256.65,256.725,57898
AMZN,2026-09-08,15:18,256.8,257.02,256.8,257.02,39575
AMZN,2026-09-08,15:19,257.0399,257.15,257.03,257.07,31627
AMZN,2026-09-08,15:20,257.08,257.23,257.076,257.21,33849
AMZN,2026-09-08,15:21,257.19,257.215,257.02,257.09,28343
AMZN,2026-09-08,15:22,257.1,257.125,256.955,257.045,56047
AMZN,2026-09-08,15:23,257.045,257.1,256.86,256.905,37438
AMZN,2026-09-08,15:24,256.88,256.89,256.7501,256.89,38060
AMZN,2026-09-08,15:25,256.925,257.08,256.86,257.03,28478
AMZN,2026-09-08,15:26,257.04,257.09,256.95,257.09,36946
AMZN,2026-09-08,15:27,257.11,257.265,257.08,257.18,64130
AMZN,2026-09-08,15:28,257.17,257.3,257.16,257.3,53471
AMZN,2026-09-08,15:29,257.33,257.365,257.1201,257.1201,55903
AMZN,2026-09-08,15:30,257.16,257.2701,256.6002,256.8375,94823
AMZN,2026-09-08,15:31,256.85,256.88,256.53,256.625,52919
AMZN,2026-09-08,15:32,256.67,256.7799,256.59,256.64,31138
AMZN,2026-09-08,15:33,256.6,256.94,256.6,256.89,59092
AMZN,2026-09-08,15:34,256.84,256.94,256.76,256.81,60279
AMZN,2026-09-08,15:35,256.83,256.86,256.61,256.64,33658
AMZN,2026-09-08,15:36,256.63,256.71,256.565,256.68,56805
AMZN,2026-09-08,15:37,256.685,256.73,256.61,256.69,50175
AMZN,2026-09-08,15:38,256.66,256.77,256.625,256.77,33966
AMZN,2026-09-08,15:39,256.755,256.89,256.755,256.89,30855
AMZN,2026-09-08,15:40,256.875,257,256.83,256.955,59960
AMZN,2026-09-08,15:41,256.95,256.9816,256.83,256.84,79530
AMZN,2026-09-08,15:42,256.84,256.92,256.81,256.89,41264
AMZN,2026-09-08,15:43,256.93,256.94,256.83,256.93,40465
AMZN,2026-09-08,15:44,256.91,256.9899,256.85,256.9699,60661
AMZN,2026-09-08,15:45,256.96,257.05,256.89,256.975,68750
AMZN,2026-09-08,15:46,256.975,257.005,256.86,256.98,75123
AMZN,2026-09-08,15:47,256.97,257,256.83,256.83,75757
AMZN,2026-09-08,15:48,256.82,256.82,256.73,256.775,39204
AMZN,2026-09-08,15:49,256.78,257.1799,256.78,257.1,110870
AMZN,2026-09-08,15:50,257.1,257.19,256.84,257.015,197707
AMZN,2026-09-08,15:51,257.03,257.04,256.9,256.935,67912
AMZN,2026-09-08,15:52,256.935,257.04,256.85,256.89,134708
AMZN,2026-09-08,15:53,256.87,256.9,256.49,256.56,121643
AMZN,2026-09-08,15:54,256.56,256.82,256.44,256.58,125334
AMZN,2026-09-08,15:55,256.6,257.04,256.6,256.69,170568
AMZN,2026-09-08,15:56,256.71,256.72,256.54,256.595,143736
AMZN,2026-09-08,15:57,256.605,256.78,256.59,256.74,183987
AMZN,2026-09-08,15:58,256.74,256.87,256.69,256.81,247011
AMZN,2026-09-08,15:59,256.8,257.14,256.72,256.96,747767
AMZN,2026-09-08,16:00,256.97,256.97,256.97,256.97,0
AMZN,2026-09-09,09:30,253.12,254.62,251.9,251.98,2734341
AMZN,2026-09-09,09:31,252.03,252.87,251.11,251.285,346979
AMZN,2026-09-09,09:32,251.24,251.88,250.89,251.585,281163
AMZN,2026-09-09,09:33,251.61,252.43,251.46,252.29,151888
AMZN,2026-09-09,09:34,252.27,252.97,252.2201,252.63,175116
AMZN,2026-09-09,09:35,252.7,252.93,252.62,252.885,138424
AMZN,2026-09-09,09:36,252.895,252.895,252.34,252.44,124100
AMZN,2026-09-09,09:37,252.5,252.61,252.26,252.49,121034
AMZN,2026-09-09,09:38,252.53,253.09,252.37,252.88,139428
AMZN,2026-09-09,09:39,252.88,253.3586,252.81,253.3199,103116
AMZN,2026-09-09,09:40,253.29,253.3001,252.59,252.64,99810
AMZN,2026-09-09,09:41,252.665,252.9413,252.57,252.8,85714
AMZN,2026-09-09,09:42,252.73,253,252.68,252.72,70182
AMZN,2026-09-09,09:43,252.71,252.99,252.551,252.645,100753
AMZN,2026-09-09,09:44,252.645,252.6887,252.18,252.29,111281
AMZN,2026-09-09,09:45,252.305,252.6899,252.22,252.39,139177
AMZN,2026-09-09,09:46,252.37,252.3809,252.07,252.15,107887
AMZN,2026-09-09,09:47,252.12,252.39,251.96,252,149959
AMZN,2026-09-09,09:48,252.01,252.128,251.7912,252.03,120630
AMZN,2026-09-09,09:49,252.104,252.45,252.055,252.38,123749
AMZN,2026-09-09,09:50,252.3775,252.48,252.0701,252.1,108193
AMZN,2026-09-09,09:51,252.06,252.34,252.06,252.1,92577
AMZN,2026-09-09,09:52,252.095,252.17,252,252.13,105925
AMZN,2026-09-09,09:53,252.09,252.7999,252.085,252.7557,109948
AMZN,2026-09-09,09:54,252.75,253.13,252.74,252.965,114822
AMZN,2026-09-09,09:55,252.9301,252.9899,252.785,252.86,85127
AMZN,2026-09-09,09:56,252.8799,252.96,252.51,252.625,81791
AMZN,2026-09-09,09:57,252.625,252.8,252.55,252.745,124794
AMZN,2026-09-09,09:58,252.785,252.94,252.59,252.69,69196
AMZN,2026-09-09,09:59,252.67,252.6999,252.41,252.435,88526
AMZN,2026-09-09,10:00,252.435,252.435,252.11,252.21,102965
AMZN,2026-09-09,10:01,252.21,252.21,251.88,252.065,94887
AMZN,2026-09-09,10:02,252.05,252.0689,251.7,251.7464,146833
AMZN,2026-09-09,10:03,251.75,251.83,251.615,251.77,88704
AMZN,2026-09-09,10:04,251.8277,252.1601,251.8,252.12,100899
AMZN,2026-09-09,10:05,252.115,252.2,251.875,251.925,96323
AMZN,2026-09-09,10:06,251.94,252.06,251.8001,251.9,82198
AMZN,2026-09-09,10:07,251.89,251.945,251.8,251.905,53327
AMZN,2026-09-09,10:08,251.85,252.08,251.85,252.055,77021
AMZN,2026-09-09,10:09,252.03,252.2,251.92,252.12,75209
AMZN,2026-09-09,10:10,252.115,252.235,252.06,252.21,76470
AMZN,2026-09-09,10:11,252.19,252.31,252,252.28,179876
AMZN,2026-09-09,10:12,252.3,252.625,252.26,252.61,74254
AMZN,2026-09-09,10:13,252.61,252.61,252.45,252.505,49488
AMZN,2026-09-09,10:14,252.52,252.65,252.42,252.46,79063
AMZN,2026-09-09,10:15,252.45,252.545,252.26,252.3,69423
AMZN,2026-09-09,10:16,252.35,252.37,251.875,251.875,158846
AMZN,2026-09-09,10:17,251.87,251.92,251.74,251.79,146495
AMZN,2026-09-09,10:18,251.79,251.8,251.5805,251.72,137517
AMZN,2026-09-09,10:19,251.74,252.09,251.715,252.04,81987
AMZN,2026-09-09,10:20,252.03,252.2,251.97,251.97,45758
AMZN,2026-09-09,10:21,251.95,252.0687,251.92,251.995,43814
AMZN,2026-09-09,10:22,252.03,252.03,251.74,251.815,51891
AMZN,2026-09-09,10:23,251.785,251.8387,251.675,251.72,65427
AMZN,2026-09-09,10:24,251.74,251.8199,251.56,251.63,79680
AMZN,2026-09-09,10:25,251.625,251.815,251.52,251.815,71722
AMZN,2026-09-09,10:26,251.815,251.96,251.73,251.895,50988
AMZN,2026-09-09,10:27,251.9199,252.175,251.89,252.135,57494
AMZN,2026-09-09,10:28,252.16,252.63,252.16,252.63,62145
AMZN,2026-09-09,10:29,252.63,252.65,252.37,252.45,62991
AMZN,2026-09-09,10:30,252.45,252.45,252.231,252.231,48101
AMZN,2026-09-09,10:31,252.26,252.27,252,252.1501,58541
AMZN,2026-09-09,10:32,252.18,252.21,252.02,252.14,90767
AMZN,2026-09-09,10:33,252.14,252.23,252.12,252.15,42802
AMZN,2026-09-09,10:34,252.15,252.25,252.045,252.21,47421
AMZN,2026-09-09,10:35,252.2,252.2,252.02,252.08,34703
AMZN,2026-09-09,10:36,252.07,252.16,251.88,251.88,85867
AMZN,2026-09-09,10:37,251.86,252.03,251.86,252.03,64835
AMZN,2026-09-09,10:38,252.01,252.14,252.0091,252.055,70166
AMZN,2026-09-09,10:39,252.045,252.2,252.045,252.14,55903
AMZN,2026-09-09,10:40,252.13,252.25,252.09,252.1,82509
AMZN,2026-09-09,10:41,252.105,252.24,252.0801,252.2299,40021
AMZN,2026-09-09,10:42,252.2,252.26,252.16,252.2047,81926
AMZN,2026-09-09,10:43,252.2,252.22,252.1,252.12,57927
AMZN,2026-09-09,10:44,252.1,252.48,252.075,252.48,69810
AMZN,2026-09-09,10:45,252.475,252.52,252.41,252.49,57616
AMZN,2026-09-09,10:46,252.4899,252.65,252.43,252.625,58758
AMZN,2026-09-09,10:47,252.615,252.69,252.45,252.5451,98600
AMZN,2026-09-09,10:48,252.59,252.655,252.17,252.19,80516
AMZN,2026-09-09,10:49,252.17,252.34,252.1,252.2931,41894
AMZN,2026-09-09,10:50,252.32,252.425,252.18,252.21,39383
AMZN,2026-09-09,10:51,252.205,252.27,252.09,252.1513,90351
AMZN,2026-09-09,10:52,252.2,252.22,252.1,252.11,47208
AMZN,2026-09-09,10:53,252.11,252.2,252.05,252.05,31601
AMZN,2026-09-09,10:54,252.02,252.23,252.02,252.23,61854
AMZN,2026-09-09,10:55,252.2499,252.32,251.82,251.8475,84997
AMZN,2026-09-09,10:56,251.855,251.8895,251.74,251.81,62314
AMZN,2026-09-09,10:57,251.83,251.88,251.63,251.7899,54203
AMZN,2026-09-09,10:58,251.79,252.04,251.76,251.92,36700
AMZN,2026-09-09,10:59,251.915,252,251.78,251.805,69262
AMZN,2026-09-09,11:00,251.79,252.03,251.75,251.86,60096
AMZN,2026-09-09,11:01,251.84,251.97,251.49,251.555,120756
AMZN,2026-09-09,11:02,251.55,251.66,251.45,251.47,76762
AMZN,2026-09-09,11:03,251.48,251.54,251.23,251.28,114269
AMZN,2026-09-09,11:04,251.285,251.39,251.21,251.25,84814
AMZN,2026-09-09,11:05,251.28,251.35,251.18,251.2,73693
AMZN,2026-09-09,11:06,251.2,251.54,251.15,251.495,128129
AMZN,2026-09-09,11:07,251.5,251.59,251.47,251.47,46484
AMZN,2026-09-09,11:08,251.48,251.5,251.41,251.5,35698
AMZN,2026-09-09,11:09,251.48,251.52,251.355,251.414,68183
AMZN,2026-09-09,11:10,251.445,251.53,251.3601,251.45,42880
AMZN,2026-09-09,11:11,251.45,251.45,251,251,169251
AMZN,2026-09-09,11:12,251.0239,251.11,250.98,251.065,70704
AMZN,2026-09-09,11:13,251.065,251.14,251.03,251.06,42515
AMZN,2026-09-09,11:14,251.055,251.1,250.92,250.9401,69970
AMZN,2026-09-09,11:15,250.93,251.1799,250.92,251.13,85729
AMZN,2026-09-09,11:16,251.14,251.345,251.1,251.345,53255
AMZN,2026-09-09,11:17,251.345,251.45,251.345,251.405,48891
AMZN,2026-09-09,11:18,251.42,251.43,251.295,251.39,36880
AMZN,2026-09-09,11:19,251.395,251.57,251.315,251.525,53258
AMZN,2026-09-09,11:20,251.4846,251.57,251.44,251.4432,29386
AMZN,2026-09-09,11:21,251.436,251.4804,251.32,251.32,46978
AMZN,2026-09-09,11:22,251.33,251.36,251.0802,251.1,45959
AMZN,2026-09-09,11:23,251.08,251.17,250.95,250.965,98596
AMZN,2026-09-09,11:24,250.97,251,250.72,250.825,144457
AMZN,2026-09-09,11:25,250.85,250.865,250.77,250.8,62583
AMZN,2026-09-09,11:26,250.8,250.895,250.78,250.82,84039
AMZN,2026-09-09,11:27,250.83,250.85,250.72,250.82,43799
AMZN,2026-09-09,11:28,250.83,250.855,250.65,250.68,76623
AMZN,2026-09-09,11:29,250.66,250.79,250.65,250.78,51201
AMZN,2026-09-09,11:30,250.775,250.88,250.75,250.852,84936
AMZN,2026-09-09,11:31,250.84,250.93,250.77,250.86,106856
AMZN,2026-09-09,11:32,250.86,251.05,250.86,251.05,47695
AMZN,2026-09-09,11:33,251.06,251.06,250.895,251.04,59014
AMZN,2026-09-09,11:34,251.0309,251.08,250.94,251.065,41069
AMZN,2026-09-09,11:35,251.08,251.15,251.02,251.15,79068
AMZN,2026-09-09,11:36,251.15,251.3,251.15,251.18,78475
AMZN,2026-09-09,11:37,251.18,251.2599,251.12,251.1365,41713
AMZN,2026-09-09,11:38,251.15,251.15,250.97,251.1,44176
AMZN,2026-09-09,11:39,251.12,251.49,251.02,251.455,86392
AMZN,2026-09-09,11:40,251.42,251.58,251.32,251.38,77383
AMZN,2026-09-09,11:41,251.39,251.4,251.17,251.265,50070
AMZN,2026-09-09,11:42,251.275,251.34,251.275,251.315,23648
AMZN,2026-09-09,11:43,251.325,251.47,251.31,251.44,39525
AMZN,2026-09-09,11:44,251.41,251.5,251.39,251.485,40444
AMZN,2026-09-09,11:45,251.5,251.5,251.415,251.42,58186
AMZN,2026-09-09,11:46,251.41,251.465,251.3701,251.4014,31669
AMZN,2026-09-09,11:47,251.3901,251.48,251.36,251.36,40107
AMZN,2026-09-09,11:48,251.37,251.47,251.345,251.345,22357
AMZN,2026-09-09,11:49,251.345,251.5,251.29,251.5,30426
AMZN,2026-09-09,11:50,251.49,251.68,251.47,251.66,37656
AMZN,2026-09-09,11:51,251.66,251.69,251.59,251.66,50509
AMZN,2026-09-09,11:52,251.655,251.7,251.56,251.7,29767
AMZN,2026-09-09,11:53,251.67,251.97,251.65,251.94,110258
AMZN,2026-09-09,11:54,251.95,251.98,251.85,251.895,63345
AMZN,2026-09-09,11:55,251.91,251.91,251.67,251.67,81300
AMZN,2026-09-09,11:56,251.665,251.68,251.5735,251.63,32297
AMZN,2026-09-09,11:57,251.635,251.64,251.445,251.45,23779
AMZN,2026-09-09,11:58,251.45,251.6,251.45,251.6,29176
AMZN,2026-09-09,11:59,251.6,251.65,251.57,251.605,27469
AMZN,2026-09-09,12:00,251.57,251.73,251.53,251.63,39269
AMZN,2026-09-09,12:01,251.65,251.65,251.535,251.545,25197
AMZN,2026-09-09,12:02,251.545,251.6301,251.47,251.6301,26609
AMZN,2026-09-09,12:03,251.62,251.6399,251.42,251.43,44445
AMZN,2026-09-09,12:04,251.43,251.535,251.38,251.495,57367
AMZN,2026-09-09,12:05,251.495,251.755,251.47,251.72,47891
AMZN,2026-09-09,12:06,251.69,251.69,251.39,251.47,28392
AMZN,2026-09-09,12:07,251.475,251.475,251.27,251.27,37017
AMZN,2026-09-09,12:08,251.27,251.27,251.11,251.21,46138
AMZN,2026-09-09,12:09,251.1903,251.26,251.15,251.15,28424
AMZN,2026-09-09,12:10,251.14,251.2,251.1,251.2,26763
AMZN,2026-09-09,12:11,251.2,251.32,251.2,251.31,51693
AMZN,2026-09-09,12:12,251.3,251.4,251.28,251.3943,47149
AMZN,2026-09-09,12:13,251.38,251.49,251.38,251.4,29679
AMZN,2026-09-09,12:14,251.41,251.42,251.34,251.35,43323
AMZN,2026-09-09,12:15,251.37,251.4499,251.33,251.425,36648
AMZN,2026-09-09,12:16,251.43,251.49,251.365,251.435,53579
AMZN,2026-09-09,12:17,251.4599,251.49,251.38,251.45,29659
AMZN,2026-09-09,12:18,251.46,251.74,251.46,251.62,70723
AMZN,2026-09-09,12:19,251.675,251.755,251.63,251.6599,39771
AMZN,2026-09-09,12:20,251.635,251.69,251.57,251.64,68336
AMZN,2026-09-09,12:21,251.61,251.826,251.61,251.805,39846
AMZN,2026-09-09,12:22,251.81,251.815,251.64,251.7133,49151
AMZN,2026-09-09,12:23,251.71,251.72,251.63,251.675,43438
AMZN,2026-09-09,12:24,251.65,251.73,251.65,251.7144,35305
AMZN,2026-09-09,12:25,251.66,251.73,251.625,251.655,25457
AMZN,2026-09-09,12:26,251.674,251.674,251.5,251.57,108448
AMZN,2026-09-09,12:27,251.565,251.565,251.43,251.51,51885
AMZN,2026-09-09,12:28,251.55,251.5994,251.44,251.44,20372
AMZN,2026-09-09,12:29,251.455,251.47,251.34,251.385,25372
AMZN,2026-09-09,12:30,251.3682,251.38,251.145,251.19,30026
AMZN,2026-09-09,12:31,251.2189,251.2189,251.1283,251.15,21972
AMZN,2026-09-09,12:32,251.16,251.3142,251.08,251.3142,41866
AMZN,2026-09-09,12:33,251.31,251.38,251.31,251.355,24997
AMZN,2026-09-09,12:34,251.34,251.44,251.21,251.215,31220
AMZN,2026-09-09,12:35,251.23,251.23,251.15,251.16,132462
AMZN,2026-09-09,12:36,251.16,251.23,251.15,251.1999,28521
AMZN,2026-09-09,12:37,251.17,251.38,251.17,251.27,52930
AMZN,2026-09-09,12:38,251.27,251.31,251.195,251.3,25790
AMZN,2026-09-09,12:39,251.296,251.296,251.21,251.265,20828
AMZN,2026-09-09,12:40,251.26,251.27,251.2,251.21,27136
AMZN,2026-09-09,12:41,251.23,251.31,251.22,251.26,24781
AMZN,2026-09-09,12:42,251.26,251.2627,251.21,251.26,21372
AMZN,2026-09-09,12:43,251.22,251.34,251.2,251.33,36032
AMZN,2026-09-09,12:44,251.33,251.4,251.33,251.39,82614
AMZN,2026-09-09,12:45,251.41,251.46,251.395,251.46,89713
AMZN,2026-09-09,12:46,251.455,251.455,251.35,251.4051,27399
AMZN,2026-09-09,12:47,251.4101,251.57,251.36,251.54,29083
AMZN,2026-09-09,12:48,251.545,251.67,251.545,251.665,64745
AMZN,2026-09-09,12:49,251.665,251.7,251.55,251.59,30169
AMZN,2026-09-09,12:50,251.5861,251.8,251.58,251.725,45808
AMZN,2026-09-09,12:51,251.71,251.84,251.7,251.84,23259
AMZN,2026-09-09,12:52,251.82,252.035,251.82,252.01,71388
AMZN,2026-09-09,12:53,252.01,252.1,252,252.04,39343
AMZN,2026-09-09,12:54,252.06,252.16,252.06,252.08,38023
AMZN,2026-09-09,12:55,252.05,252.11,251.87,251.93,37283
AMZN,2026-09-09,12:56,251.96,252,251.885,251.895,25274
AMZN,2026-09-09,12:57,251.9,251.94,251.87,251.915,23407
AMZN,2026-09-09,12:58,251.94,251.9675,251.84,251.8472,16983
AMZN,2026-09-09,12:59,251.8463,251.88,251.76,251.845,38957
AMZN,2026-09-09,13:00,251.845,251.9599,251.75,251.93,46460
AMZN,2026-09-09,13:01,251.89,251.93,251.845,251.8865,21031
AMZN,2026-09-09,13:02,251.87,252.1192,251.87,252.0334,50234
AMZN,2026-09-09,13:03,252.02,252.1299,251.94,251.96,45658
AMZN,2026-09-09,13:04,251.955,252.02,251.93,251.935,21909
AMZN,2026-09-09,13:05,251.95,252.08,251.91,252.07,27852
AMZN,2026-09-09,13:06,252.07,252.13,252.04,252.06,26171
AMZN,2026-09-09,13:07,252.055,252.1,252.0064,252.08,17281
AMZN,2026-09-09,13:08,252.09,252.1499,252.08,252.1,21551
AMZN,2026-09-09,13:09,252.11,252.19,252.08,252.1146,37853
AMZN,2026-09-09,13:10,252.065,252.23,252.06,252.215,60375
AMZN,2026-09-09,13:11,252.215,252.342,252.19,252.325,54446
AMZN,2026-09-09,13:12,252.3499,252.3499,252.2,252.24,19620
AMZN,2026-09-09,13:13,252.25,252.35,252.235,252.265,46554
AMZN,2026-09-09,13:14,252.265,252.3799,252.25,252.36,38873
AMZN,2026-09-09,13:15,252.3408,252.44,252.3408,252.43,38063
AMZN,2026-09-09,13:16,252.44,252.48,252.4048,252.425,39032
AMZN,2026-09-09,13:17,252.4133,252.46,252.35,252.4,27983
AMZN,2026-09-09,13:18,252.4,252.41,252.3201,252.365,22127
AMZN,2026-09-09,13:19,252.34,252.3792,252.3,252.345,20616
AMZN,2026-09-09,13:20,252.35,252.35,252.21,252.25,17338
AMZN,2026-09-09,13:21,252.241,252.31,252.22,252.31,24770
AMZN,2026-09-09,13:22,252.33,252.3699,252.3,252.35,16120
AMZN,2026-09-09,13:23,252.37,252.55,252.355,252.535,49812
AMZN,2026-09-09,13:24,252.535,252.58,252.38,252.46,55139
AMZN,2026-09-09,13:25,252.46,252.51,252.43,252.44,29834
AMZN,2026-09-09,13:26,252.4618,252.4672,252.32,252.39,31433
AMZN,2026-09-09,13:27,252.3985,252.4,252.3101,252.33,18249
AMZN,2026-09-09,13:28,252.345,252.37,252.33,252.345,26017
AMZN,2026-09-09,13:29,252.33,252.33,252.215,252.25,34191
AMZN,2026-09-09,13:30,252.25,252.3,252.215,252.26,21301
AMZN,2026-09-09,13:31,252.275,252.28,252.13,252.155,38040
AMZN,2026-09-09,13:32,252.178,252.23,252.16,252.195,533738
AMZN,2026-09-09,13:33,252.195,252.25,252.17,252.22,26575
AMZN,2026-09-09,13:34,252.24,252.24,252.195,252.23,17759
AMZN,2026-09-09,13:35,252.225,252.29,252.195,252.29,17241
AMZN,2026-09-09,13:36,252.29,252.3599,252.28,252.335,17935
AMZN,2026-09-09,13:37,252.335,252.35,252.155,252.165,29071
AMZN,2026-09-09,13:38,252.17,252.17,252.1,252.115,22563
AMZN,2026-09-09,13:39,252.09,252.16,252.055,252.135,24508
AMZN,2026-09-09,13:40,252.13,252.1999,252.08,252.185,34361
AMZN,2026-09-09,13:41,252.1881,252.19,252.13,252.1595,23383
AMZN,2026-09-09,13:42,252.14,252.23,252.09,252.22,32775
AMZN,2026-09-09,13:43,252.2201,252.25,252.14,252.15,25027
AMZN,2026-09-09,13:44,252.15,252.25,252.15,252.215,21960
AMZN,2026-09-09,13:45,252.2,252.21,252.12,252.12,20479
AMZN,2026-09-09,13:46,252.12,252.19,252.07,252.185,38875
AMZN,2026-09-09,13:47,252.16,252.27,252.15,252.27,32436
AMZN,2026-09-09,13:48,252.29,252.31,252.19,252.22,23720
AMZN,2026-09-09,13:49,252.2448,252.2519,252.18,252.21,20577
AMZN,2026-09-09,13:50,252.21,252.237,252.18,252.2,17669
AMZN,2026-09-09,13:51,252.195,252.26,252.195,252.21,31406
AMZN,2026-09-09,13:52,252.21,252.285,252.19,252.285,27434
AMZN,2026-09-09,13:53,252.29,252.32,252.19,252.32,42457
AMZN,2026-09-09,13:54,252.32,252.5,252.2403,252.29,98734
AMZN,2026-09-09,13:55,252.29,252.32,252.19,252.27,20300
AMZN,2026-09-09,13:56,252.24,252.24,252.17,252.21,19654
AMZN,2026-09-09,13:57,252.2,252.355,252.2,252.29,45206
AMZN,2026-09-09,13:58,252.33,252.3599,252.3001,252.3089,14546
AMZN,2026-09-09,13:59,252.308,252.3175,252.21,252.26,42228
AMZN,2026-09-09,14:00,252.275,252.35,252.24,252.25,17813
AMZN,2026-09-09,14:01,252.27,252.33,252.07,252.08,70583
AMZN,2026-09-09,14:02,252.11,252.24,252.06,252.22,38242
AMZN,2026-09-09,14:03,252.17,252.195,252.0998,252.1399,23231
AMZN,2026-09-09,14:04,252.09,252.13,252.01,252.125,44180
AMZN,2026-09-09,14:05,252.11,252.2349,252.11,252.18,27939
AMZN,2026-09-09,14:06,252.2099,252.2099,252.125,252.16,22204
AMZN,2026-09-09,14:07,252.1691,252.18,252.13,252.17,26246
AMZN,2026-09-09,14:08,252.165,252.18,252.13,252.1622,22342
AMZN,2026-09-09,14:09,252.165,252.27,252.14,252.27,21447
AMZN,2026-09-09,14:10,252.265,252.28,252.19,252.2227,24686
AMZN,2026-09-09,14:11,252.215,252.249,252.18,252.18,17727
AMZN,2026-09-09,14:12,252.17,252.1893,252.1054,252.1054,36711
AMZN,2026-09-09,14:13,252.11,252.11,252.02,252.035,44059
AMZN,2026-09-09,14:14,252.055,252.13,252.055,252.13,18227
AMZN,2026-09-09,14:15,252.13,252.13,251.9113,251.9999,66821
AMZN,2026-09-09,14:16,251.99,252.11,251.99,252.09,26272
AMZN,2026-09-09,14:17,252.1,252.25,252.1,252.22,45980
AMZN,2026-09-09,14:18,252.22,252.29,252.2,252.26,20739
AMZN,2026-09-09,14:19,252.26,252.26,252.08,252.09,48052
AMZN,2026-09-09,14:20,252.09,252.14,252.045,252.11,38037
AMZN,2026-09-09,14:21,252.09,252.16,252.09,252.14,27608
AMZN,2026-09-09,14:22,252.14,252.24,252.085,252.24,29684
AMZN,2026-09-09,14:23,252.215,252.23,252.15,252.1756,53537
AMZN,2026-09-09,14:24,252.182,252.185,252.12,252.17,29757
AMZN,2026-09-09,14:25,252.14,252.3,252.12,252.247,56253
AMZN,2026-09-09,14:26,252.24,252.28,252.21,252.2276,41084
AMZN,2026-09-09,14:27,252.23,252.26,252.17,252.2591,50605
AMZN,2026-09-09,14:28,252.23,252.25,252.18,252.205,32353
AMZN,2026-09-09,14:29,252.22,252.46,252.22,252.41,77788
AMZN,2026-09-09,14:30,252.41,252.425,252.3,252.325,50714
AMZN,2026-09-09,14:31,252.325,252.42,252.29,252.31,36406
AMZN,2026-09-09,14:32,252.31,252.32,252.23,252.28,16360
AMZN,2026-09-09,14:33,252.265,252.34,252.23,252.3148,21791
AMZN,2026-09-09,14:34,252.3101,252.36,252.25,252.31,30202
AMZN,2026-09-09,14:35,252.295,252.3,252.2001,252.2945,20470
AMZN,2026-09-09,14:36,252.3,252.325,252.27,252.325,17960
AMZN,2026-09-09,14:37,252.3099,252.31,252.24,252.27,29147
AMZN,2026-09-09,14:38,252.26,252.397,252.25,252.38,22633
AMZN,2026-09-09,14:39,252.4,252.58,252.4,252.5322,45281
AMZN,2026-09-09,14:40,252.56,252.68,252.55,252.63,32826
AMZN,2026-09-09,14:41,252.64,252.69,252.623,252.66,41518
AMZN,2026-09-09,14:42,252.66,252.76,252.66,252.68,39663
AMZN,2026-09-09,14:43,252.67,252.75,252.67,252.72,32192
AMZN,2026-09-09,14:44,252.7286,252.7286,252.59,252.64,23708
AMZN,2026-09-09,14:45,252.64,252.65,252.57,252.585,32000
AMZN,2026-09-09,14:46,252.585,252.5899,252.49,252.558,44818
AMZN,2026-09-09,14:47,252.5535,252.5795,252.53,252.55,28374
AMZN,2026-09-09,14:48,252.55,252.5706,252.4701,252.4701,25984
AMZN,2026-09-09,14:49,252.48,252.54,252.4202,252.4399,25912
AMZN,2026-09-09,14:50,252.415,252.445,252.31,252.3201,27258
AMZN,2026-09-09,14:51,252.338,252.4,252.22,252.235,41938
AMZN,2026-09-09,14:52,252.225,252.29,252.185,252.21,29929
AMZN,2026-09-09,14:53,252.21,252.315,252.21,252.285,34203
AMZN,2026-09-09,14:54,252.29,252.34,252.24,252.25,32388
AMZN,2026-09-09,14:55,252.28,252.32,252.17,252.17,45004
AMZN,2026-09-09,14:56,252.1925,252.2599,252.19,252.2052,31207
AMZN,2026-09-09,14:57,252.21,252.23,252.17,252.19,20148
AMZN,2026-09-09,14:58,252.1958,252.26,252.19,252.24,32668
AMZN,2026-09-09,14:59,252.24,252.2501,252.1901,252.23,18602
AMZN,2026-09-09,15:00,252.22,252.295,252.1201,252.27,38334
AMZN,2026-09-09,15:01,252.2015,252.2015,251.43,251.63,143448
AMZN,2026-09-09,15:02,251.6493,251.74,251.58,251.7019,52799
AMZN,2026-09-09,15:03,251.71,251.73,251.56,251.649,38671
AMZN,2026-09-09,15:04,251.63,251.74,251.6,251.73,29556
AMZN,2026-09-09,15:05,251.73,251.83,251.72,251.73,50980
AMZN,2026-09-09,15:06,251.73,251.84,251.72,251.81,32975
AMZN,2026-09-09,15:07,251.82,252.0201,251.82,252.0201,47636
AMZN,2026-09-09,15:08,252.0452,252.11,252.0077,252.11,32154
AMZN,2026-09-09,15:09,252.105,252.1299,251.98,252.0301,31588
AMZN,2026-09-09,15:10,252.025,252.14,252.02,252.075,35335
AMZN,2026-09-09,15:11,252.075,252.105,251.988,251.988,32593
AMZN,2026-09-09,15:12,251.99,252.02,251.97,252,38165
AMZN,2026-09-09,15:13,251.98,252.02,251.9601,252.02,36816
AMZN,2026-09-09,15:14,252.02,252.02,251.91,251.98,53289
AMZN,2026-09-09,15:15,251.98,252.1,251.97,252.1,27475
AMZN,2026-09-09,15:16,252.11,252.2441,252.105,252.225,36470
AMZN,2026-09-09,15:17,252.23,252.305,252.1929,252.27,56598
AMZN,2026-09-09,15:18,252.28,252.44,252.28,252.43,56009
AMZN,2026-09-09,15:19,252.435,252.445,252.37,252.39,35476
AMZN,2026-09-09,15:20,252.39,252.4197,252.32,252.33,39228
AMZN,2026-09-09,15:21,252.325,252.35,252.2801,252.3299,45594
AMZN,2026-09-09,15:22,252.32,252.345,252.26,252.345,41565
AMZN,2026-09-09,15:23,252.34,252.37,252.3,252.355,34448
AMZN,2026-09-09,15:24,252.355,252.43,252.27,252.41,65486
AMZN,2026-09-09,15:25,252.44,252.55,252.3701,252.5302,52715
AMZN,2026-09-09,15:26,252.54,252.5415,252.475,252.5,37125
AMZN,2026-09-09,15:27,252.515,252.52,252.36,252.38,44671
AMZN,2026-09-09,15:28,252.39,252.41,252.21,252.26,61667
AMZN,2026-09-09,15:29,252.2501,252.26,252.188,252.2201,43156
AMZN,2026-09-09,15:30,252.23,252.2475,252.12,252.174,60551
AMZN,2026-09-09,15:31,252.15,252.17,252.07,252.11,43969
AMZN,2026-09-09,15:32,252.11,252.165,252.06,252.145,43044
AMZN,2026-09-09,15:33,252.15,252.19,252.09,252.165,42095
AMZN,2026-09-09,15:34,252.15,252.16,252.105,252.12,40137
AMZN,2026-09-09,15:35,252.14,252.19,252.12,252.175,42024
AMZN,2026-09-09,15:36,252.19,252.19,252.115,252.125,40633
AMZN,2026-09-09,15:37,252.125,252.19,252.12,252.155,46817
AMZN,2026-09-09,15:38,252.1588,252.175,252.135,252.14,50101
AMZN,2026-09-09,15:39,252.14,252.21,252.12,252.14,51490
AMZN,2026-09-09,15:40,252.12,252.165,252.085,252.15,36439
AMZN,2026-09-09,15:41,252.15,252.2,252.1,252.15,48319
AMZN,2026-09-09,15:42,252.15,252.16,252.06,252.07,71413
AMZN,2026-09-09,15:43,252.07,252.2798,252.07,252.26,57056
AMZN,2026-09-09,15:44,252.27,252.3,252.19,252.226,57837
AMZN,2026-09-09,15:45,252.24,252.32,252.22,252.295,83759
AMZN,2026-09-09,15:46,252.295,252.31,252.19,252.23,47909
AMZN,2026-09-09,15:47,252.23,252.265,252.16,252.2096,56394
AMZN,2026-09-09,15:48,252.21,252.34,252.21,252.33,45932
AMZN,2026-09-09,15:49,252.35,252.42,252.34,252.36,71280
AMZN,2026-09-09,15:50,252.38,252.39,252.14,252.215,123559
AMZN,2026-09-09,15:51,252.21,252.32,252.175,252.3,123602
AMZN,2026-09-09,15:52,252.31,252.33,252.19,252.19,111444
AMZN,2026-09-09,15:53,252.18,252.29,252.12,252.185,154742
AMZN,2026-09-09,15:54,252.17,252.61,252.17,252.465,231595
AMZN,2026-09-09,15:55,252.48,252.485,252.05,252.26,269476
AMZN,2026-09-09,15:56,252.2699,252.359,252.25,252.265,240079
AMZN,2026-09-09,15:57,252.265,252.42,252.245,252.385,249438
AMZN,2026-09-09,15:58,252.38,252.43,252.36,252.41,363241
AMZN,2026-09-09,15:59,252.41,252.48,252.35,252.48,654273
AMZN,2026-09-09,16:00,252.4,252.4,252.4,252.4,0
AMZN,2026-09-10,09:30,250.19,251.295,250.09,250.28,1332794
AMZN,2026-09-10,09:31,250.19,250.3,249.58,250.07,379040
AMZN,2026-09-10,09:32,250.15,250.73,250.01,250.665,74939
AMZN,2026-09-10,09:33,250.78,251.75,250.71,251.53,140115
AMZN,2026-09-10,09:34,251.5577,251.85,251.08,251.08,92390
AMZN,2026-09-10,09:35,251.14,251.49,251.14,251.25,90593
AMZN,2026-09-10,09:36,251.2111,251.24,250.82,251.01,145129
AMZN,2026-09-10,09:37,251,251.255,250.97,251.205,63538
AMZN,2026-09-10,09:38,251.21,251.59,251.21,251.465,75384
AMZN,2026-09-10,09:39,251.45,251.68,251.4,251.53,91265
AMZN,2026-09-10,09:40,251.5117,251.53,250.94,251.06,120518
AMZN,2026-09-10,09:41,250.99,251.005,250.77,250.985,92958
AMZN,2026-09-10,09:42,250.93,251.1999,250.83,251.14,96467
AMZN,2026-09-10,09:43,251.169,251.17,250.7,250.7101,108398
AMZN,2026-09-10,09:44,250.755,250.83,250.5,250.6595,118275
AMZN,2026-09-10,09:45,250.625,251.3,250.59,251.24,159389
AMZN,2026-09-10,09:46,251.24,251.75,251.195,251.675,145217
AMZN,2026-09-10,09:47,251.67,251.95,251.6206,251.7901,137753
AMZN,2026-09-10,09:48,251.825,251.97,251.62,251.744,54258
AMZN,2026-09-10,09:49,251.74,252,251.52,251.97,109340
AMZN,2026-09-10,09:50,252,252.0195,251.465,251.71,119670
AMZN,2026-09-10,09:51,251.63,251.77,251.51,251.545,72305
AMZN,2026-09-10,09:52,251.59,251.7199,251.545,251.63,55960
AMZN,2026-09-10,09:53,251.63,252.27,251.6,252.105,203466
AMZN,2026-09-10,09:54,252.075,252.48,251.8,251.825,97110
AMZN,2026-09-10,09:55,251.72,251.86,251.28,251.365,52544
AMZN,2026-09-10,09:56,251.32,251.64,251.3,251.64,42345
AMZN,2026-09-10,09:57,251.62,251.84,251.38,251.68,67458
AMZN,2026-09-10,09:58,251.65,251.72,251.5,251.545,43385
AMZN,2026-09-10,09:59,251.5,251.58,251.24,251.29,60401
AMZN,2026-09-10,10:00,251.3,251.53,251.29,251.42,75157
AMZN,2026-09-10,10:01,251.435,251.7118,251.435,251.64,55102
AMZN,2026-09-10,10:02,251.625,251.9019,251.625,251.76,54145
AMZN,2026-09-10,10:03,251.72,251.7699,251.58,251.74,55656
AMZN,2026-09-10,10:04,251.69,251.69,251.53,251.6,38700
AMZN,2026-09-10,10:05,251.62,251.82,251.54,251.56,53444
AMZN,2026-09-10,10:06,251.595,251.64,251.49,251.555,34161
AMZN,2026-09-10,10:07,251.61,251.78,251.48,251.65,48598
AMZN,2026-09-10,10:08,251.6696,251.795,251.645,251.7529,35154
AMZN,2026-09-10,10:09,251.6948,251.72,251.37,251.5166,61545
AMZN,2026-09-10,10:10,251.5,251.7,251.48,251.7,34379
AMZN,2026-09-10,10:11,251.69,251.96,251.68,251.95,40296
AMZN,2026-09-10,10:12,251.97,252.46,251.97,252.32,131103
AMZN,2026-09-10,10:13,252.315,252.3799,252.21,252.295,43305
AMZN,2026-09-10,10:14,252.3004,252.4,252.1801,252.32,57512
AMZN,2026-09-10,10:15,252.32,252.35,251.92,252.11,62018
AMZN,2026-09-10,10:16,252.11,252.11,251.8401,252.0899,37316
AMZN,2026-09-10,10:17,252.0997,252.11,251.8634,251.92,24722
AMZN,2026-09-10,10:18,251.92,251.96,251.72,251.915,44587
AMZN,2026-09-10,10:19,251.905,252.2,251.8701,252.19,38536
AMZN,2026-09-10,10:20,252.145,252.2,252.065,252.18,33392
AMZN,2026-09-10,10:21,252.185,252.24,252,252.1443,91383
AMZN,2026-09-10,10:22,252.19,252.32,252.12,252.2,38598
AMZN,2026-09-10,10:23,252.1801,252.2,251.9,251.995,44101
AMZN,2026-09-10,10:24,252.01,252.66,251.93,252.29,120158
AMZN,2026-09-10,10:25,252.25,252.3999,252.17,252.295,53439
AMZN,2026-09-10,10:26,252.32,252.44,252.25,252.28,51475
AMZN,2026-09-10,10:27,252.22,252.28,251.995,252.125,76228
AMZN,2026-09-10,10:28,252.045,252.3,252.04,252.0938,69664
AMZN,2026-09-10,10:29,252.05,252.13,251.91,252.07,56032
AMZN,2026-09-10,10:30,252.07,252.33,252.07,252.3,57183
AMZN,2026-09-10,10:31,252.25,252.3001,252.13,252.255,43299
AMZN,2026-09-10,10:32,252.2501,252.26,251.925,251.94,66383
AMZN,2026-09-10,10:33,251.94,252.3,251.88,252.2,62939
AMZN,2026-09-10,10:34,252.18,252.2,251.96,252.03,60931
AMZN,2026-09-10,10:35,252.01,252.25,252,252.22,52022
AMZN,2026-09-10,10:36,252.18,252.27,252.1701,252.21,34055
AMZN,2026-09-10,10:37,252.2,252.652,252.2,252.595,74411
AMZN,2026-09-10,10:38,252.56,252.6,252.41,252.5815,67783
AMZN,2026-09-10,10:39,252.53,252.71,252.52,252.7,78210
AMZN,2026-09-10,10:40,252.6801,252.69,252.51,252.59,53329
AMZN,2026-09-10,10:41,252.6,252.7,252.56,252.63,37432
AMZN,2026-09-10,10:42,252.59,252.84,252.5302,252.5711,73418
AMZN,2026-09-10,10:43,252.6,252.78,252.555,252.555,62884
AMZN,2026-09-10,10:44,252.595,252.79,252.54,252.666,47236
AMZN,2026-09-10,10:45,252.635,252.6567,252.41,252.46,47109
AMZN,2026-09-10,10:46,252.46,252.56,252.28,252.415,52573
AMZN,2026-09-10,10:47,252.415,252.5099,252.3701,252.375,40497
AMZN,2026-09-10,10:48,252.36,252.62,252.36,252.59,39512
AMZN,2026-09-10,10:49,252.59,252.67,252.46,252.525,32175
AMZN,2026-09-10,10:50,252.495,252.5,252.3153,252.35,37205
AMZN,2026-09-10,10:51,252.355,252.425,252.2325,252.36,57815
AMZN,2026-09-10,10:52,252.37,252.4346,252.27,252.27,20677
AMZN,2026-09-10,10:53,252.27,252.435,252.21,252.435,22157
AMZN,2026-09-10,10:54,252.42,252.6,252.27,252.545,49386
AMZN,2026-09-10,10:55,252.565,252.67,252.55,252.63,41323
AMZN,2026-09-10,10:56,252.58,252.87,252.56,252.5799,115473
AMZN,2026-09-10,10:57,252.6,252.66,252.56,252.6,28588
AMZN,2026-09-10,10:58,252.58,252.75,252.57,252.7193,38405
AMZN,2026-09-10,10:59,252.67,252.83,252.65,252.78,48192
AMZN,2026-09-10,11:00,252.765,252.79,252.62,252.7,55265
AMZN,2026-09-10,11:01,252.6863,252.7,252.47,252.61,91627
AMZN,2026-09-10,11:02,252.625,252.625,252.3999,252.445,45151
AMZN,2026-09-10,11:03,252.43,252.63,252.315,252.45,61541
AMZN,2026-09-10,11:04,252.44,252.5099,252.285,252.38,58261
AMZN,2026-09-10,11:05,252.37,252.53,252.35,252.485,60927
AMZN,2026-09-10,11:06,252.4501,252.53,252.3,252.3,32388
AMZN,2026-09-10,11:07,252.2901,252.39,252.2101,252.3617,44197
AMZN,2026-09-10,11:08,252.34,252.519,252.305,252.385,48146
AMZN,2026-09-10,11:09,252.37,252.44,252.32,252.33,21576
AMZN,2026-09-10,11:10,252.34,252.7,252.34,252.675,42624
AMZN,2026-09-10,11:11,252.68,252.8,252.65,252.765,69093
AMZN,2026-09-10,11:12,252.7699,252.94,252.7594,252.84,49125
AMZN,2026-09-10,11:13,252.87,252.87,252.66,252.7799,51096
AMZN,2026-09-10,11:14,252.7412,252.9,252.7223,252.9,48946
AMZN,2026-09-10,11:15,252.8223,252.92,252.62,252.685,48183
AMZN,2026-09-10,11:16,252.7,252.76,252.6301,252.655,26073
AMZN,2026-09-10,11:17,252.66,252.99,252.66,252.91,32209
AMZN,2026-09-10,11:18,252.91,252.98,252.85,252.915,32670
AMZN,2026-09-10,11:19,252.91,252.91,252.75,252.805,33319
AMZN,2026-09-10,11:20,252.82,252.83,252.6,252.61,36046
AMZN,2026-09-10,11:21,252.615,252.62,252.51,252.605,26021
AMZN,2026-09-10,11:22,252.63,252.735,252.6,252.7331,29571
AMZN,2026-09-10,11:23,252.71,252.905,252.66,252.74,51585
AMZN,2026-09-10,11:24,252.78,252.88,252.76,252.855,29579
AMZN,2026-09-10,11:25,252.8401,252.89,252.59,252.685,30240
AMZN,2026-09-10,11:26,252.728,252.728,252.48,252.505,50867
AMZN,2026-09-10,11:27,252.48,252.58,252.36,252.43,70672
AMZN,2026-09-10,11:28,252.4243,252.485,252.365,252.405,42346
AMZN,2026-09-10,11:29,252.37,252.42,252.21,252.365,86279
AMZN,2026-09-10,11:30,252.3799,252.47,252.29,252.47,52088
AMZN,2026-09-10,11:31,252.4362,252.57,252.4362,252.48,62572
AMZN,2026-09-10,11:32,252.485,252.525,252.4,252.5196,42284
AMZN,2026-09-10,11:33,252.5199,252.63,252.51,252.58,42808
AMZN,2026-09-10,11:34,252.56,252.56,252.4701,252.495,27677
AMZN,2026-09-10,11:35,252.49,252.56,252.44,252.54,50989
AMZN,2026-09-10,11:36,252.555,252.74,252.555,252.65,71374
AMZN,2026-09-10,11:37,252.63,252.74,252.6,252.66,27849
AMZN,2026-09-10,11:38,252.66,252.69,252.38,252.38,79284
AMZN,2026-09-10,11:39,252.4,252.45,252.328,252.415,45904
AMZN,2026-09-10,11:40,252.42,252.48,252.38,252.38,57492
AMZN,2026-09-10,11:41,252.4,252.4764,252.36,252.425,31758
AMZN,2026-09-10,11:42,252.39,252.42,252.35,252.386,37434
AMZN,2026-09-10,11:43,252.425,252.6,252.39,252.585,85202
AMZN,2026-09-10,11:44,252.59,252.59,252.46,252.56,27221
AMZN,2026-09-10,11:45,252.57,252.61,252.49,252.57,50063
AMZN,2026-09-10,11:46,252.57,252.9,252.52,252.7578,64269
AMZN,2026-09-10,11:47,252.725,252.89,252.71,252.855,50622
AMZN,2026-09-10,11:48,252.84,253.06,252.7075,252.835,74204
AMZN,2026-09-10,11:49,252.85,253.04,252.85,252.94,34156
AMZN,2026-09-10,11:50,252.95,252.95,252.78,252.78,30922
AMZN,2026-09-10,11:51,252.8,252.92,252.74,252.83,27012
AMZN,2026-09-10,11:52,252.81,252.9,252.73,252.8,22375
AMZN,2026-09-10,11:53,252.76,252.8,252.55,252.55,23846
AMZN,2026-09-10,11:54,252.5,252.53,252.155,252.16,63183
AMZN,2026-09-10,11:55,252.17,252.22,252.11,252.15,23230
AMZN,2026-09-10,11:56,252.18,252.37,252.15,252.355,41089
AMZN,2026-09-10,11:57,252.345,252.41,252.18,252.32,36190
AMZN,2026-09-10,11:58,252.32,252.54,252.3,252.51,32882
AMZN,2026-09-10,11:59,252.51,252.51,252.36,252.38,27678
AMZN,2026-09-10,12:00,252.39,252.8014,252.36,252.787,66433
AMZN,2026-09-10,12:01,252.785,252.88,252.73,252.815,41515
AMZN,2026-09-10,12:02,252.78,252.81,252.655,252.675,23563
AMZN,2026-09-10,12:03,252.64,252.75,252.58,252.59,34509
AMZN,2026-09-10,12:04,252.61,252.786,252.6,252.72,18564
AMZN,2026-09-10,12:05,252.73,252.73,252.54,252.56,27306
AMZN,2026-09-10,12:06,252.53,252.565,252.41,252.41,40492
AMZN,2026-09-10,12:07,252.42,252.45,252.22,252.255,33967
AMZN,2026-09-10,12:08,252.29,252.33,252.15,252.17,21412
AMZN,2026-09-10,12:09,252.2,252.29,252.1551,252.2301,17689
AMZN,2026-09-10,12:10,252.3,252.32,252.24,252.29,16512
AMZN,2026-09-10,12:11,252.31,252.54,252.2701,252.515,27690
AMZN,2026-09-10,12:12,252.49,252.61,252.48,252.61,14183
AMZN,2026-09-10,12:13,252.61,252.62,252.51,252.59,13254
AMZN,2026-09-10,12:14,252.57,252.58,252.45,252.49,16919
AMZN,2026-09-10,12:15,252.475,252.68,252.41,252.68,29468
AMZN,2026-09-10,12:16,252.68,252.68,252.51,252.59,14340
AMZN,2026-09-10,12:17,252.55,252.59,252.47,252.545,21207
AMZN,2026-09-10,12:18,252.56,252.67,252.56,252.64,11270
AMZN,2026-09-10,12:19,252.655,252.7,252.6,252.61,18710
AMZN,2026-09-10,12:20,252.61,252.68,252.545,252.68,16137
AMZN,2026-09-10,12:21,252.65,252.66,252.5801,252.61,13401
AMZN,2026-09-10,12:22,252.6199,252.68,252.6199,252.66,17784
AMZN,2026-09-10,12:23,252.6599,252.665,252.54,252.6,21531
AMZN,2026-09-10,12:24,252.6,252.6,252.5,252.505,15398
AMZN,2026-09-10,12:25,252.51,252.51,252.38,252.42,15518
AMZN,2026-09-10,12:26,252.42,252.52,252.415,252.49,14581
AMZN,2026-09-10,12:27,252.475,252.51,252.41,252.51,29192
AMZN,2026-09-10,12:28,252.53,252.61,252.49,252.58,21652
AMZN,2026-09-10,12:29,252.595,252.64,252.49,252.49,21145
AMZN,2026-09-10,12:30,252.5,252.56,252.45,252.47,16982
AMZN,2026-09-10,12:31,252.46,252.5,252.43,252.46,13676
AMZN,2026-09-10,12:32,252.49,252.65,252.49,252.6,26760
AMZN,2026-09-10,12:33,252.575,252.63,252.55,252.62,14270
AMZN,2026-09-10,12:34,252.605,252.62,252.28,252.355,96358
AMZN,2026-09-10,12:35,252.29,252.359,252.186,252.23,82963
AMZN,2026-09-10,12:36,252.24,252.3,252.2,252.3,14655
AMZN,2026-09-10,12:37,252.2984,252.4,252.26,252.4,43095
AMZN,2026-09-10,12:38,252.39,252.45,252.3701,252.375,13152
AMZN,2026-09-10,12:39,252.39,252.432,252.36,252.4,17720
AMZN,2026-09-10,12:40,252.4,252.47,252.36,252.44,20035
AMZN,2026-09-10,12:41,252.413,252.576,252.413,252.576,21914
AMZN,2026-09-10,12:42,252.55,252.675,252.54,252.61,53380
AMZN,2026-09-10,12:43,252.6,252.62,252.54,252.62,39931
AMZN,2026-09-10,12:44,252.605,252.65,252.5601,252.58,18476
AMZN,2026-09-10,12:45,252.58,252.8587,252.57,252.8587,38155
AMZN,2026-09-10,12:46,252.8762,252.96,252.82,252.93,27347
AMZN,2026-09-10,12:47,252.92,252.95,252.82,252.94,33132
AMZN,2026-09-10,12:48,252.96,252.97,252.89,252.96,26111
AMZN,2026-09-10,12:49,252.93,252.945,252.7201,252.73,23566
AMZN,2026-09-10,12:50,252.72,252.75,252.64,252.735,32055
AMZN,2026-09-10,12:51,252.75,252.8199,252.705,252.705,33997
AMZN,2026-09-10,12:52,252.69,252.89,252.69,252.82,37687
AMZN,2026-09-10,12:53,252.83,252.875,252.81,252.875,11972
AMZN,2026-09-10,12:54,252.9,252.96,252.8601,252.96,32371
AMZN,2026-09-10,12:55,252.95,253.0141,252.9101,252.93,34037
AMZN,2026-09-10,12:56,252.955,252.99,252.88,252.94,24550
AMZN,2026-09-10,12:57,252.93,252.96,252.89,252.9,22237
AMZN,2026-09-10,12:58,252.89,252.93,252.86,252.89,43060
AMZN,2026-09-10,12:59,252.89,252.89,252.81,252.87,13582
AMZN,2026-09-10,13:00,252.845,252.88,252.79,252.88,17037
AMZN,2026-09-10,13:01,252.89,252.93,252.8,252.8,34739
AMZN,2026-09-10,13:02,252.82,253.15,252.82,252.835,72351
AMZN,2026-09-10,13:03,252.78,252.8199,252.72,252.72,21183
AMZN,2026-09-10,13:04,252.7,252.82,252.67,252.82,13426
AMZN,2026-09-10,13:05,252.82,252.89,252.78,252.79,17845
AMZN,2026-09-10,13:06,252.78,252.78,252.62,252.7,47860
AMZN,2026-09-10,13:07,252.63,252.7199,252.6299,252.6301,11353
AMZN,2026-09-10,13:08,252.63,252.7,252.55,252.59,25621
AMZN,2026-09-10,13:09,252.59,252.6499,252.57,252.61,13254
AMZN,2026-09-10,13:10,252.61,252.78,252.61,252.77,18812
AMZN,2026-09-10,13:11,252.775,252.79,252.69,252.7,19459
AMZN,2026-09-10,13:12,252.715,252.77,252.68,252.715,12116
AMZN,2026-09-10,13:13,252.715,252.765,252.6982,252.73,20206
AMZN,2026-09-10,13:14,252.73,252.8199,252.72,252.75,17068
AMZN,2026-09-10,13:15,252.7403,252.78,252.68,252.72,11869
AMZN,2026-09-10,13:16,252.75,252.8399,252.72,252.8299,9359
AMZN,2026-09-10,13:17,252.83,252.85,252.7701,252.79,29217
AMZN,2026-09-10,13:18,252.76,252.7899,252.635,252.66,19643
AMZN,2026-09-10,13:19,252.655,252.68,252.59,252.6,10525
AMZN,2026-09-10,13:20,252.625,252.625,252.52,252.605,28011
AMZN,2026-09-10,13:21,252.61,252.67,252.58,252.64,16077
AMZN,2026-09-10,13:22,252.635,252.68,252.61,252.64,16955
AMZN,2026-09-10,13:23,252.63,252.67,252.54,252.54,38478
AMZN,2026-09-10,13:24,252.54,252.56,252.5,252.55,25858
AMZN,2026-09-10,13:25,252.55,252.5646,252.43,252.455,15739
AMZN,2026-09-10,13:26,252.455,252.51,252.45,252.51,16736
AMZN,2026-09-10,13:27,252.53,252.53,252.48,252.53,13884
AMZN,2026-09-10,13:28,252.51,252.53,252.46,252.46,25511
AMZN,2026-09-10,13:29,252.47,252.47,252.41,252.41,13252
AMZN,2026-09-10,13:30,252.41,252.41,252.31,252.35,25018
AMZN,2026-09-10,13:31,252.32,252.3499,252.26,252.33,27631
AMZN,2026-09-10,13:32,252.32,252.3699,252.27,252.27,32920
AMZN,2026-09-10,13:33,252.275,252.33,252.22,252.33,26215
AMZN,2026-09-10,13:34,252.34,252.43,252.34,252.355,17914
AMZN,2026-09-10,13:35,252.355,252.38,252.27,252.29,20319
AMZN,2026-09-10,13:36,252.3,252.303,252.18,252.22,25487
AMZN,2026-09-10,13:37,252.195,252.22,252.06,252.06,43286
AMZN,2026-09-10,13:38,252.04,252.11,252.01,252.07,34966
AMZN,2026-09-10,13:39,252.065,252.08,251.87,251.88,64435
AMZN,2026-09-10,13:40,251.865,251.96,251.845,251.93,35822
AMZN,2026-09-10,13:41,251.93,252.12,251.93,252.12,30800
AMZN,2026-09-10,13:42,252.1403,252.22,252.09,252.19,22761
AMZN,2026-09-10,13:43,252.19,252.3,252.17,252.27,38953
AMZN,2026-09-10,13:44,252.27,252.33,252.21,252.25,24957
AMZN,2026-09-10,13:45,252.255,252.28,252.23,252.23,10083
AMZN,2026-09-10,13:46,252.2199,252.26,252.1,252.13,13135
AMZN,2026-09-10,13:47,252.14,252.18,252.12,252.15,13383
AMZN,2026-09-10,13:48,252.15,252.21,252.1,252.1,23423
AMZN,2026-09-10,13:49,252.1,252.235,252.1,252.215,22505
AMZN,2026-09-10,13:50,252.21,252.28,252.19,252.28,37141
AMZN,2026-09-10,13:51,252.26,252.365,252.26,252.33,21685
AMZN,2026-09-10,13:52,252.335,252.38,252.29,252.32,21778
AMZN,2026-09-10,13:53,252.27,252.28,252.18,252.21,17190
AMZN,2026-09-10,13:54,252.21,252.225,252.17,252.18,8338
AMZN,2026-09-10,13:55,252.16,252.22,252.125,252.18,12738
AMZN,2026-09-10,13:56,252.15,252.23,252.14,252.23,15850
AMZN,2026-09-10,13:57,252.24,252.295,252.17,252.2,15495
AMZN,2026-09-10,13:58,252.2,252.2,252.095,252.13,22329
AMZN,2026-09-10,13:59,252.13,252.14,252.09,252.12,18991
AMZN,2026-09-10,14:00,252.1,252.1,252,252.08,26432
AMZN,2026-09-10,14:01,252.09,252.11,251.96,251.965,26595
AMZN,2026-09-10,14:02,251.965,252.17,251.965,252.17,36769
AMZN,2026-09-10,14:03,252.17,252.2,252.14,252.17,14745
AMZN,2026-09-10,14:04,252.195,252.2367,252.16,252.2,10193
AMZN,2026-09-10,14:05,252.2,252.26,252.16,252.22,17437
AMZN,2026-09-10,14:06,252.2299,252.25,252.21,252.2244,13019
AMZN,2026-09-10,14:07,252.23,252.31,252.225,252.29,11757
AMZN,2026-09-10,14:08,252.285,252.31,252.25,252.2999,15849
AMZN,2026-09-10,14:09,252.25,252.29,252.2,252.2,14996
AMZN,2026-09-10,14:10,252.2,252.3,252.12,252.29,15785
AMZN,2026-09-10,14:11,252.26,252.26,252.1201,252.14,14207
AMZN,2026-09-10,14:12,252.14,252.14,252.06,252.115,17092
AMZN,2026-09-10,14:13,252.16,252.16,252.1,252.135,10984
AMZN,2026-09-10,14:14,252.135,252.1499,252,252,31250
AMZN,2026-09-10,14:15,252,252.06,251.92,252.04,19685
AMZN,2026-09-10,14:16,252.04,252.094,251.9801,251.9801,25137
AMZN,2026-09-10,14:17,251.995,252.0784,251.98,252.03,16080
AMZN,2026-09-10,14:18,252.03,252.073,251.9,251.92,29511
AMZN,2026-09-10,14:19,251.91,251.9999,251.88,251.99,41323
AMZN,2026-09-10,14:20,252,252.04,251.98,252.03,14377
AMZN,2026-09-10,14:21,252.0399,252.05,251.9535,251.9599,28728
AMZN,2026-09-10,14:22,251.95,252.1,251.95,252.07,30152
AMZN,2026-09-10,14:23,252.08,252.13,252.04,252.11,22285
AMZN,2026-09-10,14:24,252.1,252.21,252.07,252.15,23989
AMZN,2026-09-10,14:25,252.14,252.15,252.03,252.07,19220
AMZN,2026-09-10,14:26,252.05,252.076,251.96,251.9714,19746
AMZN,2026-09-10,14:27,251.97,252.01,251.935,251.9899,16034
AMZN,2026-09-10,14:28,251.99,252.12,251.99,252.045,22173
AMZN,2026-09-10,14:29,252.01,252.05,252,252.05,18202
AMZN,2026-09-10,14:30,252.0525,252.08,251.9652,251.99,24379
AMZN,2026-09-10,14:31,251.98,252.02,251.95,252.02,15212
AMZN,2026-09-10,14:32,252.015,252.03,251.9,251.915,30795
AMZN,2026-09-10,14:33,251.93,251.98,251.92,251.935,19949
AMZN,2026-09-10,14:34,251.95,251.98,251.87,251.98,32066
AMZN,2026-09-10,14:35,251.975,252,251.9401,251.98,16685
AMZN,2026-09-10,14:36,252.005,252.01,251.96,251.96,16566
AMZN,2026-09-10,14:37,251.96,251.97,251.91,251.92,25661
AMZN,2026-09-10,14:38,251.9,252.04,251.9,252.005,37269
AMZN,2026-09-10,14:39,251.9914,252.02,251.9575,251.995,29667
AMZN,2026-09-10,14:40,251.995,252.03,251.985,251.99,28457
AMZN,2026-09-10,14:41,252.01,252.02,251.96,251.9937,31442
AMZN,2026-09-10,14:42,251.9735,252.0498,251.951,251.97,35598
AMZN,2026-09-10,14:43,251.976,252.03,251.95,252,22358
AMZN,2026-09-10,14:44,251.99,252.0299,251.95,251.9612,11601
AMZN,2026-09-10,14:45,251.9743,252,251.92,251.95,17106
AMZN,2026-09-10,14:46,251.9675,251.99,251.9301,251.97,38236
AMZN,2026-09-10,14:47,251.95,251.98,251.93,251.97,17950
AMZN,2026-09-10,14:48,251.9657,251.9657,251.91,251.96,14083
AMZN,2026-09-10,14:49,251.9699,252.18,251.95,252.09,54121
AMZN,2026-09-10,14:50,252.0999,252.1148,252.05,252.11,20993
AMZN,2026-09-10,14:51,252.11,252.28,252.1,252.2,47367
AMZN,2026-09-10,14:52,252.195,252.2999,252.17,252.275,22829
AMZN,2026-09-10,14:53,252.25,252.26,252.17,252.17,21369
AMZN,2026-09-10,14:54,252.17,252.24,252.13,252.1701,34496
AMZN,2026-09-10,14:55,252.17,252.23,252.16,252.23,13982
AMZN,2026-09-10,14:56,252.23,252.25,252.15,252.15,14127
AMZN,2026-09-10,14:57,252.16,252.16,252.005,252.02,33970
AMZN,2026-09-10,14:58,252.02,252.04,251.85,251.86,37713
AMZN,2026-09-10,14:59,251.86,251.88,251.8001,251.84,26520
AMZN,2026-09-10,15:00,251.81,251.825,251.71,251.73,50482
AMZN,2026-09-10,15:01,251.7242,251.83,251.67,251.76,28822
AMZN,2026-09-10,15:02,251.755,251.8,251.56,251.5998,65190
AMZN,2026-09-10,15:03,251.5799,251.585,251.45,251.485,53598
AMZN,2026-09-10,15:04,251.4755,251.65,251.4755,251.5471,35419
AMZN,2026-09-10,15:05,251.575,251.63,251.55,251.6,30926
AMZN,2026-09-10,15:06,251.6199,251.74,251.6,251.7001,51842
AMZN,2026-09-10,15:07,251.73,251.77,251.68,251.75,45414
AMZN,2026-09-10,15:08,251.74,251.78,251.6752,251.78,31481
AMZN,2026-09-10,15:09,251.76,251.86,251.69,251.84,59245
AMZN,2026-09-10,15:10,251.81,251.96,251.785,251.92,82928
AMZN,2026-09-10,15:11,251.9122,252.09,251.82,251.835,56281
AMZN,2026-09-10,15:12,251.84,251.96,251.7932,251.915,38356
AMZN,2026-09-10,15:13,251.94,251.98,251.89,251.94,27398
AMZN,2026-09-10,15:14,251.94,251.99,251.912,251.95,21372
AMZN,2026-09-10,15:15,251.95,251.95,251.73,251.73,38299
AMZN,2026-09-10,15:16,251.74,251.76,251.67,251.68,33078
AMZN,2026-09-10,15:17,251.68,251.73,251.606,251.6612,33439
AMZN,2026-09-10,15:18,251.67,251.67,251.5529,251.59,21718
AMZN,2026-09-10,15:19,251.56,251.63,251.47,251.63,65126
AMZN,2026-09-10,15:20,251.615,251.65,251.58,251.61,22391
AMZN,2026-09-10,15:21,251.62,251.63,251.56,251.63,21619
AMZN,2026-09-10,15:22,251.64,251.64,251.44,251.5201,43309
AMZN,2026-09-10,15:23,251.525,251.54,251.456,251.46,28925
AMZN,2026-09-10,15:24,251.4401,251.585,251.4401,251.58,21902
AMZN,2026-09-10,15:25,251.58,251.62,251.515,251.525,20839
AMZN,2026-09-10,15:26,251.53,251.6099,251.52,251.56,18814
AMZN,2026-09-10,15:27,251.555,251.61,251.52,251.56,23451
AMZN,2026-09-10,15:28,251.55,251.55,251.44,251.46,31313
AMZN,2026-09-10,15:29,251.48,251.54,251.4692,251.54,24620
AMZN,2026-09-10,15:30,251.54,251.6,251.5,251.51,39936
AMZN,2026-09-10,15:31,251.505,251.665,251.505,251.665,31394
AMZN,2026-09-10,15:32,251.66,251.665,251.62,251.64,101690
AMZN,2026-09-10,15:33,251.6389,251.71,251.625,251.7,32489
AMZN,2026-09-10,15:34,251.69,251.7199,251.62,251.69,27368
AMZN,2026-09-10,15:35,251.69,251.72,251.66,251.66,55351
AMZN,2026-09-10,15:36,251.66,251.68,251.625,251.6399,31635
AMZN,2026-09-10,15:37,251.64,251.7,251.62,251.635,43862
AMZN,2026-09-10,15:38,251.64,251.66,251.5219,251.62,38972
AMZN,2026-09-10,15:39,251.6,251.68,251.54,251.58,29806
AMZN,2026-09-10,15:40,251.58,251.61,251.55,251.57,36432
AMZN,2026-09-10,15:41,251.555,251.62,251.4845,251.59,39351
AMZN,2026-09-10,15:42,251.59,251.595,251.5,251.55,28014
AMZN,2026-09-10,15:43,251.56,251.59,251.49,251.53,37003
AMZN,2026-09-10,15:44,251.52,251.54,251.42,251.4591,35613
AMZN,2026-09-10,15:45,251.43,251.46,251.38,251.46,42777
AMZN,2026-09-10,15:46,251.47,251.48,251.17,251.18,55305
AMZN,2026-09-10,15:47,251.1735,251.23,251.12,251.16,42296
AMZN,2026-09-10,15:48,251.1657,251.21,251.02,251.03,51898
AMZN,2026-09-10,15:49,251.05,251.26,250.99,251.215,109373
AMZN,2026-09-10,15:50,251.24,251.5,251.24,251.49,70841
AMZN,2026-09-10,15:51,251.47,251.4799,251.3,251.42,96815
AMZN,2026-09-10,15:52,251.4,251.44,251.29,251.34,89077
AMZN,2026-09-10,15:53,251.33,251.34,251.19,251.265,87517
AMZN,2026-09-10,15:54,251.25,251.42,250.89,251.38,167041
AMZN,2026-09-10,15:55,251.4,251.76,251.4,251.65,163946
AMZN,2026-09-10,15:56,251.65,251.79,251.64,251.75,111743
AMZN,2026-09-10,15:57,251.74,251.77,251.64,251.64,115526
AMZN,2026-09-10,15:58,251.64,251.86,251.63,251.85,171309
AMZN,2026-09-10,15:59,251.85,251.96,251.7,251.89,398398
AMZN,2026-09-11,09:30,254.045,254.81,253.14,254.725,1186787
AMZN,2026-09-11,09:31,254.73,255.39,254.28,255.38,160911
AMZN,2026-09-11,09:32,255.2827,255.5395,254.97,255.4499,149912
AMZN,2026-09-11,09:33,255.38,256.48,255.3606,256.39,214098
AMZN,2026-09-11,09:34,256.39,256.39,256.01,256.16,167647
AMZN,2026-09-11,09:35,256.15,256.48,255.925,255.99,139463
AMZN,2026-09-11,09:36,255.935,256.7102,255.87,256.125,202808
AMZN,2026-09-11,09:37,256.145,256.74,256.0901,256.69,104773
AMZN,2026-09-11,09:38,256.69,256.715,256,256.14,156403
AMZN,2026-09-11,09:39,256.12,256.49,255.99,256.25,99501
AMZN,2026-09-11,09:40,256.2628,256.3684,255.69,255.74,155559
AMZN,2026-09-11,09:41,255.7,256.12,255.5798,255.59,142015
AMZN,2026-09-11,09:42,255.57,256.07,255.51,256.05,69413
AMZN,2026-09-11,09:43,255.995,256.35,255.685,256.05,101696
AMZN,2026-09-11,09:44,255.995,256.18,255.8073,256.03,62890
AMZN,2026-09-11,09:45,255.98,256.15,255.72,256.15,85583
AMZN,2026-09-11,09:46,256.135,256.68,255.7701,255.9001,141920
AMZN,2026-09-11,09:47,255.965,256.03,255.77,255.855,69853
AMZN,2026-09-11,09:48,255.8911,256.2,255.815,256.015,68465
AMZN,2026-09-11,09:49,255.94,256.01,255.6101,255.765,38580
AMZN,2026-09-11,09:50,255.7685,256.12,255.64,256.005,53475
AMZN,2026-09-11,09:51,255.9925,256.24,255.8219,256.24,43690
AMZN,2026-09-11,09:52,256.17,256.29,255.87,255.925,65557
AMZN,2026-09-11,09:53,255.925,256.085,255.7401,255.87,67692
AMZN,2026-09-11,09:54,255.9,256,255.6,255.74,66872
AMZN,2026-09-11,09:55,255.765,255.86,255.7,255.7999,62482
AMZN,2026-09-11,09:56,255.725,256.04,255.725,255.985,58945
AMZN,2026-09-11,09:57,256,256,255.74,255.86,42193
AMZN,2026-09-11,09:58,255.82,255.9,255.75,255.8,49887
AMZN,2026-09-11,09:59,255.7901,256.27,255.7,256.195,73800
AMZN,2026-09-11,10:00,256.15,256.431,255.93,256.385,149222
AMZN,2026-09-11,10:01,256.385,256.67,256.3,256.334,152660
AMZN,2026-09-11,10:02,256.29,256.37,256.13,256.235,87266
AMZN,2026-09-11,10:03,256.235,256.3401,255.8801,256.245,75940
AMZN,2026-09-11,10:04,256.2614,256.39,256.085,256.34,51316
AMZN,2026-09-11,10:05,256.34,256.47,256.095,256.095,57982
AMZN,2026-09-11,10:06,256.1,256.2999,256.0403,256.205,51926
AMZN,2026-09-11,10:07,256.205,256.39,256.14,256.26,58598
AMZN,2026-09-11,10:08,256.26,256.445,256.26,256.44,58644
AMZN,2026-09-11,10:09,256.44,256.7345,256.365,256.465,123810
AMZN,2026-09-11,10:10,256.465,256.7299,256.435,256.54,111458
AMZN,2026-09-11,10:11,256.545,256.545,256.15,256.33,116697
AMZN,2026-09-11,10:12,256.34,256.4,256.25,256.351,57912
AMZN,2026-09-11,10:13,256.35,256.51,256.29,256.415,42822
AMZN,2026-09-11,10:14,256.38,256.38,256.0101,256.055,59970
AMZN,2026-09-11,10:15,256.03,256.16,255.89,256.12,48443
AMZN,2026-09-11,10:16,256.11,256.23,256.08,256.14,34629
AMZN,2026-09-11,10:17,256.14,256.3199,256.09,256.25,34154
AMZN,2026-09-11,10:18,256.23,256.5,256.1501,256.5,35902
AMZN,2026-09-11,10:19,256.52,256.76,256.49,256.74,94783
AMZN,2026-09-11,10:20,256.7201,256.9118,256.68,256.9,144617
AMZN,2026-09-11,10:21,256.88,256.909,256.53,256.69,53566
AMZN,2026-09-11,10:22,256.68,256.68,256.41,256.445,46410
AMZN,2026-09-11,10:23,256.525,256.535,256.38,256.43,29918
AMZN,2026-09-11,10:24,256.46,256.465,256.35,256.3552,32486
AMZN,2026-09-11,10:25,256.3324,256.36,256.01,256.04,32493
AMZN,2026-09-11,10:26,256.07,256.0775,255.68,255.725,88872
AMZN,2026-09-11,10:27,255.775,256.0974,255.72,255.985,38194
AMZN,2026-09-11,10:28,255.99,256.0682,255.88,256.0201,34387
AMZN,2026-09-11,10:29,256.045,256.045,255.72,255.72,42585
AMZN,2026-09-11,10:30,255.72,255.76,255.43,255.5,57221
AMZN,2026-09-11,10:31,255.4933,255.6857,255.34,255.34,61871
AMZN,2026-09-11,10:32,255.35,255.59,255.33,255.5438,42397
AMZN,2026-09-11,10:33,255.535,255.6,255.3242,255.3242,30433
AMZN,2026-09-11,10:34,255.35,255.435,255.15,255.255,30473
AMZN,2026-09-11,10:35,255.2186,255.31,255.12,255.2,33358
AMZN,2026-09-11,10:36,255.195,255.245,255.1,255.21,22945
AMZN,2026-09-11,10:37,255.24,255.39,255.12,255.297,40817
AMZN,2026-09-11,10:38,255.29,255.3046,255.06,255.11,47219
AMZN,2026-09-11,10:39,255.0862,255.1369,255.02,255.0551,28894
AMZN,2026-09-11,10:40,255.16,255.24,255,255.02,31755
AMZN,2026-09-11,10:41,255,255.094,254.9424,255.075,25641
AMZN,2026-09-11,10:42,255.1,255.15,255,255.0699,27460
AMZN,2026-09-11,10:43,255.0667,255.095,254.7,254.75,50910
AMZN,2026-09-11,10:44,254.705,255.0996,254.7,255.065,54773
AMZN,2026-09-11,10:45,255.1099,255.15,254.97,255.06,26298
AMZN,2026-09-11,10:46,255.12,255.1399,254.96,254.99,37113
AMZN,2026-09-11,10:47,254.99,255.15,254.8,254.8,69923
AMZN,2026-09-11,10:48,254.8001,255.39,254.8,255.055,54587
AMZN,2026-09-11,10:49,255.065,255.2,254.96,255.15,31212
AMZN,2026-09-11,10:50,255.2,255.27,255.1,255.12,29110
AMZN,2026-09-11,10:51,255.175,255.25,255.06,255.1601,27748
AMZN,2026-09-11,10:52,255.115,255.21,255.08,255.1624,32502
AMZN,2026-09-11,10:53,255.125,255.3,255.1116,255.27,34765
AMZN,2026-09-11,10:54,255.26,255.27,255.07,255.075,49684
AMZN,2026-09-11,10:55,255.08,255.08,254.8201,254.95,36237
AMZN,2026-09-11,10:56,254.95,255.02,254.9,254.915,28767
AMZN,2026-09-11,10:57,254.886,255.085,254.825,255.03,36624
AMZN,2026-09-11,10:58,255.005,255.07,254.8401,254.8401,29070
AMZN,2026-09-11,10:59,254.8578,254.985,254.795,254.92,25680
AMZN,2026-09-11,11:00,254.92,255.17,254.86,255.12,23964
AMZN,2026-09-11,11:01,255.155,255.22,255.04,255.0507,53380
AMZN,2026-09-11,11:02,255.16,255.18,255.0667,255.12,12291
AMZN,2026-09-11,11:03,255.175,255.3,255.15,255.2514,27907
AMZN,2026-09-11,11:04,255.275,255.3247,255.21,255.275,19533
AMZN,2026-09-11,11:05,255.29,255.64,255.27,255.54,70644
AMZN,2026-09-11,11:06,255.5468,255.6638,255.4804,255.635,41776
AMZN,2026-09-11,11:07,255.645,255.89,255.61,255.885,57009
AMZN,2026-09-11,11:08,255.91,255.91,255.7643,255.8,43912
AMZN,2026-09-11,11:09,255.8151,255.88,255.7114,255.78,42724
AMZN,2026-09-11,11:10,255.81,255.869,255.735,255.835,55428
AMZN,2026-09-11,11:11,255.835,255.8599,255.57,255.71,62851
AMZN,2026-09-11,11:12,255.76,255.77,255.63,255.63,25789
AMZN,2026-09-11,11:13,255.655,255.66,255.55,255.66,32513
AMZN,2026-09-11,11:14,255.635,255.97,255.6057,255.955,75565
AMZN,2026-09-11,11:15,255.955,256.27,255.935,256.245,77150
AMZN,2026-09-11,11:16,256.25,256.32,256.18,256.32,36414
AMZN,2026-09-11,11:17,256.32,256.425,256.23,256.34,27352
AMZN,2026-09-11,11:18,256.38,256.5,256.3,256.35,91237
AMZN,2026-09-11,11:19,256.345,256.4,256.28,256.39,41953
AMZN,2026-09-11,11:20,256.39,256.5,256.34,256.46,74157
AMZN,2026-09-11,11:21,256.5,256.515,256.2,256.36,69491
AMZN,2026-09-11,11:22,256.35,256.41,256.28,256.375,129304
AMZN,2026-09-11,11:23,256.4,256.4,256.09,256.0975,46935
AMZN,2026-09-11,11:24,256.095,256.31,256.08,256.31,35574
AMZN,2026-09-11,11:25,256.29,256.35,256.19,256.325,23353
AMZN,2026-09-11,11:26,256.33,256.47,256.33,256.41,43010
AMZN,2026-09-11,11:27,256.44,256.5499,256.41,256.43,46934
AMZN,2026-09-11,11:28,256.454,256.5,256.34,256.445,28799
AMZN,2026-09-11,11:29,256.47,256.47,256.28,256.32,44938
AMZN,2026-09-11,11:30,256.315,256.385,256,256.08,59586
AMZN,2026-09-11,11:31,256.0808,256.265,256.0501,256.12,29509
AMZN,2026-09-11,11:32,256.11,256.15,255.945,255.945,40906
AMZN,2026-09-11,11:33,255.915,256.135,255.84,256.07,44437
AMZN,2026-09-11,11:34,256.065,256.18,256.0201,256.043,86444
AMZN,2026-09-11,11:35,256.07,256.11,255.8701,256.02,70557
AMZN,2026-09-11,11:36,256.04,256.05,255.7606,255.88,28665
AMZN,2026-09-11,11:37,255.9,256.03,255.83,255.865,35810
AMZN,2026-09-11,11:38,255.872,255.94,255.79,255.85,19260
AMZN,2026-09-11,11:39,255.85,256.125,255.8,256.02,32059
AMZN,2026-09-11,11:40,256.01,256.1629,256.01,256.145,22035
AMZN,2026-09-11,11:41,256.14,256.17,256.065,256.065,23641
AMZN,2026-09-11,11:42,256.0201,256.0201,255.865,255.92,29365
AMZN,2026-09-11,11:43,255.87,255.89,255.74,255.77,69227
AMZN,2026-09-11,11:44,255.7875,255.885,255.71,255.85,80067
AMZN,2026-09-11,11:45,255.85,255.87,255.72,255.73,19756
AMZN,2026-09-11,11:46,255.72,255.735,255.6,255.62,21039
AMZN,2026-09-11,11:47,255.625,255.63,255.485,255.54,53989
AMZN,2026-09-11,11:48,255.54,255.68,255.54,255.61,29091
AMZN,2026-09-11,11:49,255.59,255.7167,255.575,255.67,22998
AMZN,2026-09-11,11:50,255.695,255.825,255.69,255.825,24948
AMZN,2026-09-11,11:51,255.835,255.869,255.7501,255.76,20091
AMZN,2026-09-11,11:52,255.78,255.8399,255.76,255.76,31878
AMZN,2026-09-11,11:53,255.775,255.775,255.54,255.555,20918
AMZN,2026-09-11,11:54,255.58,255.718,255.56,255.6794,18104
AMZN,2026-09-11,11:55,255.66,255.76,255.64,255.72,18869
AMZN,2026-09-11,11:56,255.72,255.79,255.695,255.7333,22469
AMZN,2026-09-11,11:57,255.76,255.88,255.751,255.78,31720
AMZN,2026-09-11,11:58,255.79,255.835,255.72,255.75,29915
AMZN,2026-09-11,11:59,255.7124,255.74,255.67,255.7099,9985
AMZN,2026-09-11,12:00,255.7,255.84,255.7,255.76,19183
AMZN,2026-09-11,12:01,255.75,255.9519,255.75,255.93,30233
AMZN,2026-09-11,12:02,255.925,256.16,255.83,256.14,76429
AMZN,2026-09-11,12:03,256.165,256.21,256.01,256.0115,31866
AMZN,2026-09-11,12:04,255.99,256.06,255.965,256.03,38797
AMZN,2026-09-11,12:05,256.03,256.075,256.01,256.025,34372
AMZN,2026-09-11,12:06,256.025,256.045,255.97,256,29958
AMZN,2026-09-11,12:07,256,256.11,255.99,256.03,27306
AMZN,2026-09-11,12:08,256.01,256.1091,255.92,256.075,19071
AMZN,2026-09-11,12:09,256.07,256.21,256.06,256.1,27024
AMZN,2026-09-11,12:10,256.135,256.19,256.04,256.07,21130
AMZN,2026-09-11,12:11,256.07,256.175,256.07,256.11,336865
AMZN,2026-09-11,12:12,256.11,256.12,256,256.055,75983
AMZN,2026-09-11,12:13,256,256.02,255.825,255.835,29884
AMZN,2026-09-11,12:14,255.835,255.89,255.82,255.87,22152
AMZN,2026-09-11,12:15,255.88,255.988,255.8001,255.83,23845
AMZN,2026-09-11,12:16,255.83,255.865,255.76,255.865,35852
AMZN,2026-09-11,12:17,255.87,256.02,255.86,255.86,20629
AMZN,2026-09-11,12:18,255.865,255.905,255.83,255.8533,14648
AMZN,2026-09-11,12:19,255.82,255.9,255.8,255.9,20421
AMZN,2026-09-11,12:20,255.88,255.94,255.78,255.78,39115
AMZN,2026-09-11,12:21,255.7949,255.83,255.71,255.79,24284
AMZN,2026-09-11,12:22,255.76,255.81,255.671,255.81,22003
AMZN,2026-09-11,12:23,255.78,255.81,255.675,255.69,16765
AMZN,2026-09-11,12:24,255.67,255.73,255.6101,255.64,25707
AMZN,2026-09-11,12:25,255.635,255.705,255.6285,255.6907,16539
AMZN,2026-09-11,12:26,255.62,255.68,255.56,255.585,14308
AMZN,2026-09-11,12:27,255.585,255.79,255.585,255.76,21888
AMZN,2026-09-11,12:28,255.7684,255.805,255.742,255.8,12191
AMZN,2026-09-11,12:29,255.8,255.82,255.5501,255.56,37577
AMZN,2026-09-11,12:30,255.57,255.58,255.45,255.53,23919
AMZN,2026-09-11,12:31,255.49,255.555,255.44,255.4775,22962
AMZN,2026-09-11,12:32,255.475,255.635,255.41,255.635,19353
AMZN,2026-09-11,12:33,255.64,255.8,255.61,255.785,18566
AMZN,2026-09-11,12:34,255.785,255.93,255.785,255.92,24180
AMZN,2026-09-11,12:35,255.94,255.9699,255.8701,255.9,21899
AMZN,2026-09-11,12:36,255.915,255.915,255.745,255.79,40669
AMZN,2026-09-11,12:37,255.7938,255.84,255.71,255.79,34001
AMZN,2026-09-11,12:38,255.805,255.845,255.74,255.8,14481
AMZN,2026-09-11,12:39,255.7402,255.7872,255.63,255.63,44240
AMZN,2026-09-11,12:40,255.63,255.82,255.61,255.8,20134
AMZN,2026-09-11,12:41,255.75,255.78,255.71,255.76,12292
AMZN,2026-09-11,12:42,255.74,255.875,255.71,255.79,72294
AMZN,2026-09-11,12:43,255.8,255.95,255.78,255.93,23685
AMZN,2026-09-11,12:44,255.95,256.06,255.92,256.01,28548
AMZN,2026-09-11,12:45,256.035,256.035,255.92,256,28995
AMZN,2026-09-11,12:46,256.01,256.1,255.955,255.955,21308
AMZN,2026-09-11,12:47,255.9492,255.9708,255.81,255.81,15279
AMZN,2026-09-11,12:48,255.83,255.8655,255.78,255.82,15761
AMZN,2026-09-11,12:49,255.7901,255.81,255.75,255.77,14976
AMZN,2026-09-11,12:50,255.765,255.85,255.75,255.77,33034
AMZN,2026-09-11,12:51,255.75,255.752,255.6,255.625,22656
AMZN,2026-09-11,12:52,255.62,255.6398,255.55,255.58,25327
AMZN,2026-09-11,12:53,255.59,255.6699,255.56,255.62,20938
AMZN,2026-09-11,12:54,255.62,255.6595,255.59,255.63,13036
AMZN,2026-09-11,12:55,255.65,255.86,255.65,255.72,58485
AMZN,2026-09-11,12:56,255.76,255.81,255.7,255.775,20533
AMZN,2026-09-11,12:57,255.75,255.8722,255.72,255.8,33167
AMZN,2026-09-11,12:58,255.82,255.84,255.75,255.77,18162
AMZN,2026-09-11,12:59,255.76,255.81,255.7258,255.755,36399
AMZN,2026-09-11,13:00,255.76,255.85,255.74,255.825,18008
AMZN,2026-09-11,13:01,255.8,255.9475,255.78,255.8225,31049
AMZN,2026-09-11,13:02,255.825,255.915,255.825,255.9,17530
AMZN,2026-09-11,13:03,255.915,255.93,255.83,255.885,27269
AMZN,2026-09-11,13:04,255.93,255.99,255.89,255.95,19560
AMZN,2026-09-11,13:05,255.96,256.07,255.9,256.0099,32001
AMZN,2026-09-11,13:06,255.985,256.0899,255.97,255.97,21562
AMZN,2026-09-11,13:07,255.95,256.22,255.94,256.22,55446
AMZN,2026-09-11,13:08,256.205,256.205,256.1,256.17,21379
AMZN,2026-09-11,13:09,256.17,256.21,256.15,256.1966,24889
AMZN,2026-09-11,13:10,256.2,256.22,256.13,256.1601,17279
AMZN,2026-09-11,13:11,256.16,256.16,256.085,256.13,16000
AMZN,2026-09-11,13:12,256.12,256.25,256.09,256.2,27261
AMZN,2026-09-11,13:13,256.2,256.205,256.07,256.12,25313
AMZN,2026-09-11,13:14,256.115,256.181,256.11,256.18,34457
AMZN,2026-09-11,13:15,256.2,256.43,256.19,256.3281,49688
AMZN,2026-09-11,13:16,256.34,256.49,256.2801,256.49,29040
AMZN,2026-09-11,13:17,256.47,256.47,256.37,256.4024,29540
AMZN,2026-09-11,13:18,256.39,256.43,256.35,256.415,17679
AMZN,2026-09-11,13:19,256.38,256.44,256.37,256.425,21511
AMZN,2026-09-11,13:20,256.4499,256.48,256.405,256.405,17596
AMZN,2026-09-11,13:21,256.405,256.46,256.38,256.4492,31311
AMZN,2026-09-11,13:22,256.42,256.45,256.4,256.425,18608
AMZN,2026-09-11,13:23,256.41,256.53,256.41,256.53,44419
AMZN,2026-09-11,13:24,256.55,256.7,256.5401,256.7,28896
AMZN,2026-09-11,13:25,256.72,256.76,256.65,256.7214,26029
AMZN,2026-09-11,13:26,256.74,256.745,256.65,256.7201,17044
AMZN,2026-09-11,13:27,256.7,256.88,256.69,256.805,30916
AMZN,2026-09-11,13:28,256.785,256.8,256.66,256.675,26361
AMZN,2026-09-11,13:29,256.6601,256.7216,256.6501,256.7,33573
AMZN,2026-09-11,13:30,256.69,257.04,256.67,256.97,150296
AMZN,2026-09-11,13:31,256.99,257.06,256.92,257.06,71180
AMZN,2026-09-11,13:32,257.09,257.12,256.94,256.975,41210
AMZN,2026-09-11,13:33,256.99,257.1096,256.84,257.075,138391
AMZN,2026-09-11,13:34,257.105,257.25,257.01,257.01,78581
AMZN,2026-09-11,13:35,257.01,257.034,256.91,256.91,37806
AMZN,2026-09-11,13:36,256.91,256.965,256.82,256.829,39391
AMZN,2026-09-11,13:37,256.8484,256.85,256.69,256.73,34840
AMZN,2026-09-11,13:38,256.72,256.84,256.67,256.84,30074
AMZN,2026-09-11,13:39,256.82,256.9,256.72,256.78,52843
AMZN,2026-09-11,13:40,256.8167,257.1,256.785,257.1,78000
AMZN,2026-09-11,13:41,257.115,257.15,256.91,257,155645
AMZN,2026-09-11,13:42,256.96,257.02,256.901,256.935,21336
AMZN,2026-09-11,13:43,256.955,256.9851,256.805,256.815,26728
AMZN,2026-09-11,13:44,256.805,256.83,256.65,256.65,33612
AMZN,2026-09-11,13:45,256.6473,256.67,256.57,256.63,41889
AMZN,2026-09-11,13:46,256.645,256.7,256.615,256.615,24525
AMZN,2026-09-11,13:47,256.625,256.8199,256.59,256.7986,26649
AMZN,2026-09-11,13:48,256.805,256.805,256.665,256.7,25310
AMZN,2026-09-11,13:49,256.71,256.8255,256.71,256.805,18883
AMZN,2026-09-11,13:50,256.805,256.845,256.73,256.75,19046
AMZN,2026-09-11,13:51,256.755,256.8,256.74,256.785,15450
AMZN,2026-09-11,13:52,256.7838,256.81,256.77,256.78,17450
AMZN,2026-09-11,13:53,256.77,256.82,256.7,256.79,24647
AMZN,2026-09-11,13:54,256.7859,256.95,256.76,256.92,25566
AMZN,2026-09-11,13:55,256.93,256.9892,256.87,256.93,20337
AMZN,2026-09-11,13:56,256.93,256.935,256.865,256.865,21148
AMZN,2026-09-11,13:57,256.83,256.89,256.83,256.865,19018
AMZN,2026-09-11,13:58,256.865,256.9499,256.82,256.87,35552
AMZN,2026-09-11,13:59,256.835,256.9,256.83,256.85,22105
AMZN,2026-09-11,14:00,256.83,256.97,256.81,256.95,38021
AMZN,2026-09-11,14:01,256.91,256.925,256.845,256.89,22133
AMZN,2026-09-11,14:02,256.888,257.025,256.888,256.945,35138
AMZN,2026-09-11,14:03,256.95,256.97,256.9,256.97,17689
AMZN,2026-09-11,14:04,256.97,256.975,256.91,256.91,18457
AMZN,2026-09-11,14:05,256.9,256.95,256.71,256.72,39942
AMZN,2026-09-11,14:06,256.725,256.7401,256.61,256.625,38720
AMZN,2026-09-11,14:07,256.635,256.71,256.61,256.62,22073
AMZN,2026-09-11,14:08,256.61,256.61,256.5101,256.555,32905
AMZN,2026-09-11,14:09,256.565,256.608,256.5,256.605,30421
AMZN,2026-09-11,14:10,256.585,256.62,256.51,256.56,36006
AMZN,2026-09-11,14:11,256.55,256.5653,256.5,256.55,30412
AMZN,2026-09-11,14:12,256.53,256.56,256.46,256.495,31176
AMZN,2026-09-11,14:13,256.498,256.6,256.49,256.515,28626
AMZN,2026-09-11,14:14,256.515,256.611,256.515,256.575,25491
AMZN,2026-09-11,14:15,256.5701,256.59,256.46,256.51,21575
AMZN,2026-09-11,14:16,256.51,256.526,256.45,256.5,25699
AMZN,2026-09-11,14:17,256.515,256.52,256.48,256.48,14650
AMZN,2026-09-11,14:18,256.49,256.5289,256.46,256.515,16115
AMZN,2026-09-11,14:19,256.5248,256.5301,256.34,256.37,32908
AMZN,2026-09-11,14:20,256.37,256.42,256.19,256.3,70331
AMZN,2026-09-11,14:21,256.3,256.33,256.249,256.27,15100
AMZN,2026-09-11,14:22,256.27,256.32,256.255,256.31,19625
AMZN,2026-09-11,14:23,256.31,256.33,256.25,256.3,12630
AMZN,2026-09-11,14:24,256.305,256.4,256.28,256.39,25957
AMZN,2026-09-11,14:25,256.39,256.425,256.34,256.41,25174
AMZN,2026-09-11,14:26,256.415,256.57,256.415,256.56,34922
AMZN,2026-09-11,14:27,256.565,256.59,256.46,256.57,39705
AMZN,2026-09-11,14:28,256.57,256.66,256.46,256.635,44628
AMZN,2026-09-11,14:29,256.66,256.66,256.62,256.63,20752
AMZN,2026-09-11,14:30,256.66,256.66,256.57,256.6,26331
AMZN,2026-09-11,14:31,256.6,256.69,256.6,256.64,25635
AMZN,2026-09-11,14:32,256.635,256.815,256.63,256.81,21232
AMZN,2026-09-11,14:33,256.81,256.9,256.7912,256.87,36878
AMZN,2026-09-11,14:34,256.88,256.97,256.87,256.91,28299
AMZN,2026-09-11,14:35,256.88,256.9499,256.88,256.9499,25816
AMZN,2026-09-11,14:36,256.94,256.97,256.8801,256.95,41384
AMZN,2026-09-11,14:37,256.95,256.97,256.93,256.95,16314
AMZN,2026-09-11,14:38,256.95,256.95,256.88,256.9,35348
AMZN,2026-09-11,14:39,256.9099,256.96,256.9099,256.9455,23462
AMZN,2026-09-11,14:40,256.95,256.96,256.8125,256.9,27702
AMZN,2026-09-11,14:41,256.88,256.94,256.81,256.8116,37429
AMZN,2026-09-11,14:42,256.81,256.865,256.7885,256.795,41586
AMZN,2026-09-11,14:43,256.795,256.8,256.7764,256.78,22323
AMZN,2026-09-11,14:44,256.78,256.86,256.78,256.82,20716
AMZN,2026-09-11,14:45,256.82,256.88,256.82,256.855,21025
AMZN,2026-09-11,14:46,256.855,256.91,256.81,256.885,28767
AMZN,2026-09-11,14:47,256.88,257.04,256.82,257.03,67032
AMZN,2026-09-11,14:48,257.03,257.04,256.8718,256.88,30191
AMZN,2026-09-11,14:49,256.875,256.97,256.875,256.96,15999
AMZN,2026-09-11,14:50,256.955,257.09,256.9501,257.09,39089
AMZN,2026-09-11,14:51,257.0811,257.17,257.0811,257.14,42330
AMZN,2026-09-11,14:52,257.145,257.17,257.06,257.13,58996
AMZN,2026-09-11,14:53,257.145,257.205,257.075,257.145,53085
AMZN,2026-09-11,14:54,257.15,257.24,257.11,257.12,34597
AMZN,2026-09-11,14:55,257.12,257.12,257.01,257.02,29829
AMZN,2026-09-11,14:56,257.025,257.12,257.01,257.0568,24034
AMZN,2026-09-11,14:57,257.06,257.08,256.965,257.025,22046
AMZN,2026-09-11,14:58,257.03,257.08,256.95,257.08,24931
AMZN,2026-09-11,14:59,257.1,257.16,257.0601,257.15,33211
AMZN,2026-09-11,15:00,257.105,257.225,257.105,257.225,40673
AMZN,2026-09-11,15:01,257.2105,257.36,257.18,257.344,47972
AMZN,2026-09-11,15:02,257.34,257.37,257.26,257.26,36693
AMZN,2026-09-11,15:03,257.27,257.2755,257.1981,257.265,21039
AMZN,2026-09-11,15:04,257.2654,257.28,257.22,257.25,31409
AMZN,2026-09-11,15:05,257.255,257.29,257.21,257.2601,26725
AMZN,2026-09-11,15:06,257.275,257.35,257.26,257.34,30090
AMZN,2026-09-11,15:07,257.33,257.33,257.1801,257.1801,33357
AMZN,2026-09-11,15:08,257.188,257.2473,257.17,257.185,28429
AMZN,2026-09-11,15:09,257.185,257.23,257.1301,257.1301,35313
AMZN,2026-09-11,15:10,257.1401,257.1401,257.05,257.0681,41960
AMZN,2026-09-11,15:11,257.06,257.08,257.03,257.045,38249
AMZN,2026-09-11,15:12,257.04,257.28,257.02,257.28,27514
AMZN,2026-09-11,15:13,257.26,257.28,257.22,257.265,23359
AMZN,2026-09-11,15:14,257.26,257.34,257.26,257.2816,27157
AMZN,2026-09-11,15:15,257.285,257.34,257.23,257.24,23490
AMZN,2026-09-11,15:16,257.27,257.35,257.25,257.345,37558
AMZN,2026-09-11,15:17,257.345,257.44,257.345,257.415,41378
AMZN,2026-09-11,15:18,257.415,257.43,257.3001,257.39,40355
AMZN,2026-09-11,15:19,257.375,257.375,257.27,257.295,37411
AMZN,2026-09-11,15:20,257.295,257.35,257.295,257.315,20143
AMZN,2026-09-11,15:21,257.33,257.33,257.1,257.13,56931
AMZN,2026-09-11,15:22,257.13,257.2,257.09,257.1501,34227
AMZN,2026-09-11,15:23,257.19,257.295,257.17,257.28,36573
AMZN,2026-09-11,15:24,257.275,257.3556,257.25,257.31,38594
AMZN,2026-09-11,15:25,257.3,257.3351,257.27,257.3,31232
AMZN,2026-09-11,15:26,257.3001,257.35,257.25,257.29,65664
AMZN,2026-09-11,15:27,257.27,257.27,257.13,257.175,31923
AMZN,2026-09-11,15:28,257.16,257.355,257.15,257.355,53667
AMZN,2026-09-11,15:29,257.35,257.355,257.27,257.29,45957
AMZN,2026-09-11,15:30,257.2775,257.37,257.2775,257.335,49165
AMZN,2026-09-11,15:31,257.34,257.38,257.2281,257.2701,48178
AMZN,2026-09-11,15:32,257.29,257.29,257.22,257.225,33923
AMZN,2026-09-11,15:33,257.22,257.24,257.155,257.225,52172
AMZN,2026-09-11,15:34,257.22,257.29,257.14,257.1916,105821
AMZN,2026-09-11,15:35,257.215,257.36,257.21,257.295,46352
AMZN,2026-09-11,15:36,257.295,257.3,257.23,257.26,27510
AMZN,2026-09-11,15:37,257.26,257.35,257.203,257.26,49316
AMZN,2026-09-11,15:38,257.26,257.3189,257.2,257.31,61459
AMZN,2026-09-11,15:39,257.305,257.38,257.28,257.305,41460
AMZN,2026-09-11,15:40,257.305,257.345,257.2701,257.28,31708
AMZN,2026-09-11,15:41,257.28,257.28,257.14,257.21,45488
AMZN,2026-09-11,15:42,257.19,257.31,257.16,257.31,48278
AMZN,2026-09-11,15:43,257.3,257.385,257.2675,257.3827,57362
AMZN,2026-09-11,15:44,257.38,257.44,257.35,257.41,57072
AMZN,2026-09-11,15:45,257.415,257.58,257.36,257.39,92960
AMZN,2026-09-11,15:46,257.4,257.48,257.31,257.4,117465
AMZN,2026-09-11,15:47,257.42,257.59,257.36,257.475,70749
AMZN,2026-09-11,15:48,257.4742,257.59,257.35,257.355,91026
AMZN,2026-09-11,15:49,257.36,257.43,257.3,257.31,61419
AMZN,2026-09-11,15:50,257.3,257.3,256.66,256.91,139109
AMZN,2026-09-11,15:51,256.9,257.03,256.89,256.95,97374
AMZN,2026-09-11,15:52,256.96,257.15,256.94,257.075,136209
AMZN,2026-09-11,15:53,257.08,257.44,257.08,257.35,109072
AMZN,2026-09-11,15:54,257.37,257.55,257.28,257.28,639251
AMZN,2026-09-11,15:55,257.28,257.28,256.88,256.95,182905
AMZN,2026-09-11,15:56,256.94,257.16,256.94,257.155,134638
AMZN,2026-09-11,15:57,257.16,257.32,257.15,257.185,170870
AMZN,2026-09-11,15:58,257.18,257.18,257,257,256892
AMZN,2026-09-11,15:59,257,257.03,256.72,256.79,544836
AMZN,2026-09-11,16:00,256.78,256.78,256.78,256.78,0
AMZN,2026-09-14,09:30,253.375,253.425,250.75,252.44,1923429
AMZN,2026-09-14,09:31,251.2804,251.745,251.1411,251.595,650585
AMZN,2026-09-14,09:32,251.595,252.78,251.51,252.2,219590
AMZN,2026-09-14,09:33,252.2,252.99,252.15,252.7194,165453
AMZN,2026-09-14,09:34,252.7513,252.91,252.36,252.865,106673
AMZN,2026-09-14,09:35,252.855,253.6399,252.7701,253.44,143085
AMZN,2026-09-14,09:36,253.4271,253.8099,253.1899,253.8099,117632
AMZN,2026-09-14,09:37,253.75,254.22,253.69,254.2048,133650
AMZN,2026-09-14,09:38,254.25,254.7,254.1568,254.3,246646
AMZN,2026-09-14,09:39,254.3,254.93,254.1953,254.325,201129
AMZN,2026-09-14,09:40,254.31,254.7,254.0401,254.465,123491
AMZN,2026-09-14,09:41,254.47,255.2,254.4,255.12,178480
AMZN,2026-09-14,09:42,255.08,255.19,254.61,254.82,201385
AMZN,2026-09-14,09:43,254.82,255.1895,254.72,254.9,152019
AMZN,2026-09-14,09:44,254.8945,255.095,254.54,254.55,107909
AMZN,2026-09-14,09:45,254.565,254.62,253.7583,253.795,107278
AMZN,2026-09-14,09:46,253.795,253.95,253.45,253.5,171362
AMZN,2026-09-14,09:47,253.5609,253.73,253.4,253.66,173603
AMZN,2026-09-14,09:48,253.665,253.8615,253.3895,253.62,140739
AMZN,2026-09-14,09:49,253.63,253.92,253.61,253.675,119073
AMZN,2026-09-14,09:50,253.65,253.94,253.56,253.79,112529
AMZN,2026-09-14,09:51,253.7626,254.45,253.7626,253.9,187912
AMZN,2026-09-14,09:52,253.945,254.1499,253.2302,253.3,156472
AMZN,2026-09-14,09:53,253.36,253.695,253.27,253.645,129848
AMZN,2026-09-14,09:54,253.645,253.645,253.36,253.48,84837
AMZN,2026-09-14,09:55,253.51,253.54,253.03,253.055,155289
AMZN,2026-09-14,09:56,253.06,253.28,252.91,253.24,176692
AMZN,2026-09-14,09:57,253.245,253.31,252.98,253.04,89138
AMZN,2026-09-14,09:58,253.06,253.07,252.83,252.87,102119
AMZN,2026-09-14,09:59,252.9,253.36,252.8121,253.265,95336
AMZN,2026-09-14,10:00,253.255,253.36,253.04,253.2,94944
AMZN,2026-09-14,10:01,253.15,253.22,253.05,253.17,74338
AMZN,2026-09-14,10:02,253.16,253.23,253.045,253.185,81174
AMZN,2026-09-14,10:03,253.2,253.28,252.9701,253.0014,77729
AMZN,2026-09-14,10:04,253.02,253.07,252.875,252.895,65991
AMZN,2026-09-14,10:05,252.87,252.97,252.8,252.8099,91578
AMZN,2026-09-14,10:06,252.7774,252.89,252.63,252.89,89017
AMZN,2026-09-14,10:07,252.81,252.92,252.74,252.86,90099
AMZN,2026-09-14,10:08,252.88,253.06,252.64,252.65,85582
AMZN,2026-09-14,10:09,252.68,252.81,252.6295,252.7,85771
AMZN,2026-09-14,10:10,252.69,252.73,252.54,252.635,117614
AMZN,2026-09-14,10:11,252.62,252.69,252.3318,252.365,174339
AMZN,2026-09-14,10:12,252.4,252.5,252.2801,252.38,83040
AMZN,2026-09-14,10:13,252.38,252.83,252.33,252.695,96288
AMZN,2026-09-14,10:14,252.69,252.845,252.68,252.7667,49007
AMZN,2026-09-14,10:15,252.79,252.815,252.455,252.485,61759
AMZN,2026-09-14,10:16,252.51,252.68,252.5,252.58,50494
AMZN,2026-09-14,10:17,252.575,252.64,252.33,252.3522,51496
AMZN,2026-09-14,10:18,252.33,252.33,251.91,251.96,270125
AMZN,2026-09-14,10:19,251.94,252,251.81,251.905,128622
AMZN,2026-09-14,10:20,251.92,251.96,251.69,251.83,85052
AMZN,2026-09-14,10:21,251.8338,251.8338,251.66,251.685,67523
AMZN,2026-09-14,10:22,251.68,251.7867,251.55,251.7778,85410
AMZN,2026-09-14,10:23,251.79,251.875,251.75,251.86,57899
AMZN,2026-09-14,10:24,251.8799,251.88,251.67,251.75,52986
AMZN,2026-09-14,10:25,251.73,251.77,251.63,251.745,49341
AMZN,2026-09-14,10:26,251.76,251.79,251.57,251.7199,64964
AMZN,2026-09-14,10:27,251.765,251.9875,251.765,251.905,45860
AMZN,2026-09-14,10:28,251.8969,251.9768,251.75,251.865,68979
AMZN,2026-09-14,10:29,251.885,251.98,251.77,251.9201,50912
AMZN,2026-09-14,10:30,251.9101,251.9399,251.7,251.74,52739
AMZN,2026-09-14,10:31,251.74,251.8896,251.62,251.75,59599
AMZN,2026-09-14,10:32,251.77,251.95,251.73,251.885,55891
AMZN,2026-09-14,10:33,251.955,252.1,251.93,252.1,51060
AMZN,2026-09-14,10:34,252.065,252.244,251.96,252.04,63482
AMZN,2026-09-14,10:35,252.01,252.035,251.82,251.97,40735
AMZN,2026-09-14,10:36,251.94,252.05,251.68,251.69,51692
AMZN,2026-09-14,10:37,251.69,251.7399,251.58,251.72,61345
AMZN,2026-09-14,10:38,251.7279,251.82,251.69,251.8093,59980
AMZN,2026-09-14,10:39,251.79,251.93,251.752,251.8699,41095
AMZN,2026-09-14,10:40,251.8641,251.88,251.5899,251.635,62157
AMZN,2026-09-14,10:41,251.635,251.83,251.635,251.785,48359
AMZN,2026-09-14,10:42,251.79,252.1438,251.78,252.1,66829
AMZN,2026-09-14,10:43,252.1,252.175,252,252.11,71140
AMZN,2026-09-14,10:44,252.12,252.35,252.03,252.35,46932
AMZN,2026-09-14,10:45,252.325,252.525,252.325,252.3808,79037
AMZN,2026-09-14,10:46,252.385,252.4713,252.31,252.3816,42121
AMZN,2026-09-14,10:47,252.3816,252.48,252.3101,252.4416,40458
AMZN,2026-09-14,10:48,252.45,252.725,252.45,252.72,51744
AMZN,2026-09-14,10:49,252.73,252.73,252.54,252.58,37829
AMZN,2026-09-14,10:50,252.5851,252.67,252.37,252.43,41646
AMZN,2026-09-14,10:51,252.45,252.65,252.29,252.5199,103884
AMZN,2026-09-14,10:52,252.5,252.505,252.205,252.205,38360
AMZN,2026-09-14,10:53,252.195,252.36,252.13,252.32,49052
AMZN,2026-09-14,10:54,252.28,252.42,252.21,252.301,26038
AMZN,2026-09-14,10:55,252.335,252.4,252.25,252.36,54939
AMZN,2026-09-14,10:56,252.31,252.32,252.03,252.045,55879
AMZN,2026-09-14,10:57,252.06,252.18,251.97,252.1045,88968
AMZN,2026-09-14,10:58,252.11,252.3699,252.1093,252.33,51114
AMZN,2026-09-14,10:59,252.355,252.355,252.24,252.28,43476
AMZN,2026-09-14,11:00,252.2744,252.3199,252.13,252.21,67356
AMZN,2026-09-14,11:01,252.21,252.3199,252.1799,252.225,47380
AMZN,2026-09-14,11:02,252.18,252.24,252,252.05,38866
AMZN,2026-09-14,11:03,252.055,252.13,251.99,252.09,55752
AMZN,2026-09-14,11:04,252.06,252.1672,252.04,252.05,35294
AMZN,2026-09-14,11:05,252.075,252.95,252.05,252.7,189680
AMZN,2026-09-14,11:06,252.75,253.1,252.75,253.065,88713
AMZN,2026-09-14,11:07,253.055,253.09,252.92,253,59367
AMZN,2026-09-14,11:08,253.04,253.0418,252.74,252.8,67807
AMZN,2026-09-14,11:09,252.8138,252.89,252.725,252.79,26577
AMZN,2026-09-14,11:10,252.7266,252.8458,252.59,252.67,33764
AMZN,2026-09-14,11:11,252.69,252.725,252.49,252.65,76409
AMZN,2026-09-14,11:12,252.66,252.7025,252.565,252.59,21760
AMZN,2026-09-14,11:13,252.59,252.74,252.58,252.71,27353
AMZN,2026-09-14,11:14,252.7,252.765,252.65,252.65,21633
AMZN,2026-09-14,11:15,252.64,252.6699,252.51,252.52,33103
AMZN,2026-09-14,11:16,252.56,252.8,252.5199,252.8,25438
AMZN,2026-09-14,11:17,252.8,253.1235,252.766,252.93,99397
AMZN,2026-09-14,11:18,252.9495,252.9495,252.68,252.69,59392
AMZN,2026-09-14,11:19,252.72,252.7982,252.6601,252.7699,36294
AMZN,2026-09-14,11:20,252.75,252.8399,252.68,252.74,42053
AMZN,2026-09-14,11:21,252.78,252.8399,252.68,252.78,56492
AMZN,2026-09-14,11:22,252.775,252.95,252.775,252.89,32754
AMZN,2026-09-14,11:23,252.9,253.04,252.85,252.9999,65406
AMZN,2026-09-14,11:24,252.975,253.14,252.93,253.08,49335
AMZN,2026-09-14,11:25,253.1,253.34,253.08,253.245,93291
AMZN,2026-09-14,11:26,253.1907,253.38,253.1907,253.27,43413
AMZN,2026-09-14,11:27,253.24,253.38,253.14,253.14,44409
AMZN,2026-09-14,11:28,253.19,253.245,253.1099,253.13,32588
AMZN,2026-09-14,11:29,253.1375,253.17,252.965,253.07,29906
AMZN,2026-09-14,11:30,253.03,253.0923,252.9601,253.05,42347
AMZN,2026-09-14,11:31,253.0082,253.03,252.85,252.89,46075
AMZN,2026-09-14,11:32,252.89,253.23,252.856,253.07,86378
AMZN,2026-09-14,11:33,253.06,253.36,252.9001,253.26,60807
AMZN,2026-09-14,11:34,253.2875,253.47,253.22,253.4401,72974
AMZN,2026-09-14,11:35,253.46,253.55,253.41,253.5321,86244
AMZN,2026-09-14,11:36,253.525,253.7599,253.5098,253.75,88751
AMZN,2026-09-14,11:37,253.76,254.07,253.71,254,145412
AMZN,2026-09-14,11:38,254,254.005,253.915,253.94,70037
AMZN,2026-09-14,11:39,253.9458,254,253.9101,253.96,28390
AMZN,2026-09-14,11:40,253.93,254.25,253.91,254.06,89807
AMZN,2026-09-14,11:41,254.05,254.18,253.95,254.1427,31376
AMZN,2026-09-14,11:42,254.15,254.35,254.15,254.22,67952
AMZN,2026-09-14,11:43,254.2,254.56,254.11,254.55,93494
AMZN,2026-09-14,11:44,254.55,254.72,254.461,254.525,57970
AMZN,2026-09-14,11:45,254.52,254.6,254.31,254.34,34647
AMZN,2026-09-14,11:46,254.36,254.4388,254.19,254.27,53046
AMZN,2026-09-14,11:47,254.26,254.31,254.12,254.2499,52902
AMZN,2026-09-14,11:48,254.225,254.3135,254.19,254.295,44935
AMZN,2026-09-14,11:49,254.29,254.47,254.25,254.4,69230
AMZN,2026-09-14,11:50,254.4,254.41,254.04,254.13,76254
AMZN,2026-09-14,11:51,254.12,254.17,253.915,254.04,47591
AMZN,2026-09-14,11:52,254.0181,254.1,253.92,253.97,45509
AMZN,2026-09-14,11:53,253.94,254.09,253.92,253.99,45417
AMZN,2026-09-14,11:54,254.0199,254.04,253.9001,253.9865,33488
AMZN,2026-09-14,11:55,253.98,254.149,253.96,254.1,48235
AMZN,2026-09-14,11:56,254.1,254.1179,253.95,253.97,44366
AMZN,2026-09-14,11:57,253.975,254,253.84,253.92,42302
AMZN,2026-09-14,11:58,253.93,253.98,253.85,253.8899,36663
AMZN,2026-09-14,11:59,253.89,253.93,253.6618,253.71,50269
AMZN,2026-09-14,12:00,253.71,253.7399,253.56,253.6201,85839
AMZN,2026-09-14,12:01,253.57,253.7156,253.52,253.59,40212
AMZN,2026-09-14,12:02,253.5899,253.7,253.5,253.515,53723
AMZN,2026-09-14,12:03,253.515,253.6748,253.49,253.6,51861
AMZN,2026-09-14,12:04,253.6,253.6,253.45,253.5099,62514
AMZN,2026-09-14,12:05,253.5,253.5699,253.42,253.565,56792
AMZN,2026-09-14,12:06,253.57,253.62,253.53,253.615,45694
AMZN,2026-09-14,12:07,253.62,253.65,253.52,253.64,51800
AMZN,2026-09-14,12:08,253.61,253.6332,253.5399,253.61,24210
AMZN,2026-09-14,12:09,253.61,253.8199,253.585,253.71,62983
AMZN,2026-09-14,12:10,253.69,253.74,253.525,253.57,85019
AMZN,2026-09-14,12:11,253.5725,253.78,253.5,253.745,77094
AMZN,2026-09-14,12:12,253.76,253.8099,253.64,253.7682,55316
AMZN,2026-09-14,12:13,253.75,253.7699,253.56,253.63,50634
AMZN,2026-09-14,12:14,253.63,253.67,253.585,253.61,27667
AMZN,2026-09-14,12:15,253.6,253.81,253.55,253.78,39826
AMZN,2026-09-14,12:16,253.76,253.85,253.72,253.78,21177
AMZN,2026-09-14,12:17,253.7548,253.86,253.69,253.86,45581
AMZN,2026-09-14,12:18,253.86,254.05,253.86,254.045,47078
AMZN,2026-09-14,12:19,254.045,254.0699,253.77,253.785,62439
AMZN,2026-09-14,12:20,253.81,253.9,253.73,253.8992,53938
AMZN,2026-09-14,12:21,253.8999,253.97,253.87,253.9336,32777
AMZN,2026-09-14,12:22,253.92,253.9595,253.84,253.91,40254
AMZN,2026-09-14,12:23,253.9599,253.96,253.84,253.94,54403
AMZN,2026-09-14,12:24,253.945,254.0899,253.945,254.03,42994
AMZN,2026-09-14,12:25,254.03,254.03,253.68,253.775,62924
AMZN,2026-09-14,12:26,253.77,253.77,253.52,253.58,55545
AMZN,2026-09-14,12:27,253.58,253.7,253.53,253.685,50145
AMZN,2026-09-14,12:28,253.68,253.715,253.5801,253.63,22232
AMZN,2026-09-14,12:29,253.6001,253.63,253.33,253.41,60379
AMZN,2026-09-14,12:30,253.41,253.41,253.2,253.25,86258
AMZN,2026-09-14,12:31,253.25,253.59,253.24,253.415,98578
AMZN,2026-09-14,12:32,253.415,253.4725,253.35,253.35,45237
AMZN,2026-09-14,12:33,253.385,253.5299,253.385,253.435,43558
AMZN,2026-09-14,12:34,253.4,253.49,253.38,253.485,33925
AMZN,2026-09-14,12:35,253.49,253.53,253.46,253.5,17153
AMZN,2026-09-14,12:36,253.5357,253.56,253.485,253.54,22071
AMZN,2026-09-14,12:37,253.54,253.67,253.53,253.655,27913
AMZN,2026-09-14,12:38,253.63,253.71,253.56,253.56,33578
AMZN,2026-09-14,12:39,253.5301,253.585,253.47,253.585,29785
AMZN,2026-09-14,12:40,253.54,253.7,253.52,253.7,44405
AMZN,2026-09-14,12:41,253.695,253.865,253.695,253.865,31937
AMZN,2026-09-14,12:42,253.87,253.87,253.6101,253.68,23534
AMZN,2026-09-14,12:43,253.68,253.8,253.65,253.71,21450
AMZN,2026-09-14,12:44,253.68,253.79,253.655,253.75,29478
AMZN,2026-09-14,12:45,253.755,253.8,253.6901,253.73,28431
AMZN,2026-09-14,12:46,253.75,253.79,253.7,253.7199,24295
AMZN,2026-09-14,12:47,253.705,254.25,253.67,254.18,73921
AMZN,2026-09-14,12:48,254.1701,254.73,254.155,254.65,140274
AMZN,2026-09-14,12:49,254.6666,254.99,254.66,254.99,50079
AMZN,2026-09-14,12:50,254.96,255.055,254.76,254.8,102717
AMZN,2026-09-14,12:51,254.8,254.92,254.71,254.885,100939
AMZN,2026-09-14,12:52,254.89,254.9499,254.7301,254.78,93760
AMZN,2026-09-14,12:53,254.7442,254.8,254.6,254.78,57521
AMZN,2026-09-14,12:54,254.78,254.815,254.665,254.74,39863
AMZN,2026-09-14,12:55,254.74,254.875,254.68,254.875,40889
AMZN,2026-09-14,12:56,254.875,255,254.86,254.895,41289
AMZN,2026-09-14,12:57,254.885,254.91,254.64,254.72,46310
AMZN,2026-09-14,12:58,254.715,254.74,254.635,254.72,22167
AMZN,2026-09-14,12:59,254.74,254.79,254.7,254.775,28585
AMZN,2026-09-14,13:00,254.76,254.95,254.73,254.8054,45249
AMZN,2026-09-14,13:01,254.825,254.95,254.825,254.85,25536
AMZN,2026-09-14,13:02,254.82,254.86,254.74,254.8,56764
AMZN,2026-09-14,13:03,254.84,254.99,254.82,254.89,20115
AMZN,2026-09-14,13:04,254.91,254.95,254.8901,254.95,36845
AMZN,2026-09-14,13:05,254.935,254.94,254.8231,254.89,27044
AMZN,2026-09-14,13:06,254.8999,254.9299,254.82,254.845,19912
AMZN,2026-09-14,13:07,254.83,254.83,254.72,254.76,49021
AMZN,2026-09-14,13:08,254.7801,254.8,254.66,254.67,23081
AMZN,2026-09-14,13:09,254.665,254.75,254.62,254.75,39919
AMZN,2026-09-14,13:10,254.755,254.795,254.7,254.75,18540
AMZN,2026-09-14,13:11,254.74,254.92,254.74,254.915,18985
AMZN,2026-09-14,13:12,254.93,255,254.905,254.97,48889
AMZN,2026-09-14,13:13,255,255.065,254.75,254.75,54320
AMZN,2026-09-14,13:14,254.764,254.86,254.705,254.72,26967
AMZN,2026-09-14,13:15,254.705,254.79,254.69,254.77,34759
AMZN,2026-09-14,13:16,254.77,255.04,254.75,255.025,25251
AMZN,2026-09-14,13:17,255.025,255.025,254.9,254.955,31056
AMZN,2026-09-14,13:18,254.96,254.97,254.64,254.675,47678
AMZN,2026-09-14,13:19,254.67,254.7,254.6,254.635,49541
AMZN,2026-09-14,13:20,254.645,254.725,254.59,254.6499,22798
AMZN,2026-09-14,13:21,254.62,254.7,254.59,254.68,29541
AMZN,2026-09-14,13:22,254.6999,254.795,254.62,254.7604,29349
AMZN,2026-09-14,13:23,254.76,254.9,254.74,254.84,22152
AMZN,2026-09-14,13:24,254.82,254.84,254.66,254.705,22973
AMZN,2026-09-14,13:25,254.7,254.775,254.57,254.585,24968
AMZN,2026-09-14,13:26,254.585,254.7199,254.57,254.67,27601
AMZN,2026-09-14,13:27,254.705,254.8386,254.66,254.83,39656
AMZN,2026-09-14,13:28,254.8497,254.91,254.78,254.8399,36298
AMZN,2026-09-14,13:29,254.82,254.96,254.82,254.87,47170
AMZN,2026-09-14,13:30,254.86,255.09,254.86,255.06,69822
AMZN,2026-09-14,13:31,255.07,255.15,255.03,255.06,64878
AMZN,2026-09-14,13:32,255.06,255.1501,255.0125,255.03,40313
AMZN,2026-09-14,13:33,255.045,255.14,254.97,255.14,40004
AMZN,2026-09-14,13:34,255.1,255.19,255.05,255.14,42954
AMZN,2026-09-14,13:35,255.15,255.44,255.15,255.38,72993
AMZN,2026-09-14,13:36,255.345,255.4,255.2,255.2,44578
AMZN,2026-09-14,13:37,255.25,255.49,255.23,255.44,44291
AMZN,2026-09-14,13:38,255.44,255.68,255.39,255.63,94334
AMZN,2026-09-14,13:39,255.615,255.62,255.5,255.55,54241
AMZN,2026-09-14,13:40,255.5975,255.72,255.5975,255.68,34836
AMZN,2026-09-14,13:41,255.67,255.8,255.6195,255.77,55650
AMZN,2026-09-14,13:42,255.775,255.8,255.64,255.74,43799
AMZN,2026-09-14,13:43,255.72,255.76,255.635,255.7073,37705
AMZN,2026-09-14,13:44,255.685,255.685,255.4,255.4,33309
AMZN,2026-09-14,13:45,255.4,255.42,255.24,255.415,32622
AMZN,2026-09-14,13:46,255.425,255.53,255.4,255.47,25111
AMZN,2026-09-14,13:47,255.4384,255.6,255.4384,255.52,21773
AMZN,2026-09-14,13:48,255.515,255.79,255.515,255.77,26752
AMZN,2026-09-14,13:49,255.78,255.95,255.765,255.82,55469
AMZN,2026-09-14,13:50,255.7901,255.87,255.67,255.725,51742
AMZN,2026-09-14,13:51,255.745,255.83,255.67,255.83,33628
AMZN,2026-09-14,13:52,255.83,255.885,255.77,255.86,34330
AMZN,2026-09-14,13:53,255.85,255.85,255.6962,255.6962,43216
AMZN,2026-09-14,13:54,255.69,255.7,255.605,255.665,38192
AMZN,2026-09-14,13:55,255.6546,255.6796,255.541,255.56,34594
AMZN,2026-09-14,13:56,255.56,255.58,255.42,255.42,22067
AMZN,2026-09-14,13:57,255.42,255.43,255.29,255.405,27165
AMZN,2026-09-14,13:58,255.44,255.44,255.355,255.3695,16958
AMZN,2026-09-14,13:59,255.34,255.355,255.245,255.3,26604
AMZN,2026-09-14,14:00,255.32,255.4,255.2513,255.2915,32554
AMZN,2026-09-14,14:01,255.256,255.41,255.21,255.395,22877
AMZN,2026-09-14,14:02,255.3729,255.42,255.315,255.35,21394
AMZN,2026-09-14,14:03,255.38,255.38,255.21,255.21,37964
AMZN,2026-09-14,14:04,255.23,255.32,255.19,255.245,40362
AMZN,2026-09-14,14:05,255.23,255.3095,255.1976,255.26,34284
AMZN,2026-09-14,14:06,255.26,255.31,255.141,255.21,33236
AMZN,2026-09-14,14:07,255.25,255.26,255.16,255.23,23607
AMZN,2026-09-14,14:08,255.19,255.4,255.19,255.385,26126
AMZN,2026-09-14,14:09,255.3601,255.52,255.3601,255.46,1206550
AMZN,2026-09-14,14:10,255.49,255.54,255.4,255.47,36878
AMZN,2026-09-14,14:11,255.51,255.57,255.4248,255.44,24259
AMZN,2026-09-14,14:12,255.44,255.44,255.37,255.42,37541
AMZN,2026-09-14,14:13,255.42,255.43,255.315,255.35,27334
AMZN,2026-09-14,14:14,255.365,255.46,255.33,255.405,37792
AMZN,2026-09-14,14:15,255.44,255.455,255.31,255.31,19907
AMZN,2026-09-14,14:16,255.31,255.35,255.18,255.23,50044
AMZN,2026-09-14,14:17,255.255,255.3282,255.21,255.31,21646
AMZN,2026-09-14,14:18,255.3265,255.3265,255.18,255.196,17664
AMZN,2026-09-14,14:19,255.195,255.33,255.1801,255.3185,15265
AMZN,2026-09-14,14:20,255.32,255.33,255.2,255.24,41025
AMZN,2026-09-14,14:21,255.24,255.31,255.24,255.31,32630
AMZN,2026-09-14,14:22,255.3,255.3099,255.236,255.24,11710
AMZN,2026-09-14,14:23,255.24,255.24,255.13,255.1765,22040
AMZN,2026-09-14,14:24,255.18,255.18,255.04,255.05,20137
AMZN,2026-09-14,14:25,255.06,255.1025,255.035,255.08,25765
AMZN,2026-09-14,14:26,255.095,255.21,255.06,255.1901,25220
AMZN,2026-09-14,14:27,255.22,255.22,255.12,255.14,22840
AMZN,2026-09-14,14:28,255.051,255.14,255.02,255.14,22300
AMZN,2026-09-14,14:29,255.12,255.13,255.03,255.03,25503
AMZN,2026-09-14,14:30,255.06,255.18,255.03,255.07,22253
AMZN,2026-09-14,14:31,255.08,255.11,254.91,254.9599,64381
AMZN,2026-09-14,14:32,254.9599,255.115,254.95,255.0536,25658
AMZN,2026-09-14,14:33,255.0723,255.31,255.0723,255.2901,27323
AMZN,2026-09-14,14:34,255.32,255.41,255.29,255.33,38354
AMZN,2026-09-14,14:35,255.35,255.3585,255.2001,255.265,21009
AMZN,2026-09-14,14:36,255.2601,255.325,255.21,255.24,14800
AMZN,2026-09-14,14:37,255.22,255.27,255.22,255.265,14881
AMZN,2026-09-14,14:38,255.27,255.27,255.21,255.24,18046
AMZN,2026-09-14,14:39,255.23,255.4,255.1976,255.34,38524
AMZN,2026-09-14,14:40,255.37,255.48,255.315,255.43,50076
AMZN,2026-09-14,14:41,255.455,255.475,255.345,255.345,22794
AMZN,2026-09-14,14:42,255.334,255.38,255.2106,255.24,31900
AMZN,2026-09-14,14:43,255.24,255.28,255.2,255.2,23703
AMZN,2026-09-14,14:44,255.21,255.23,255.1,255.12,20678
AMZN,2026-09-14,14:45,255.1031,255.1418,254.85,255,57014
AMZN,2026-09-14,14:46,255,255.08,254.86,254.8989,36894
AMZN,2026-09-14,14:47,254.89,254.95,254.8613,254.9275,69737
AMZN,2026-09-14,14:48,254.915,255.03,254.83,254.996,34865
AMZN,2026-09-14,14:49,255,255.02,254.92,254.9428,31551
AMZN,2026-09-14,14:50,254.94,255.015,254.88,254.965,30761
AMZN,2026-09-14,14:51,254.9899,254.9899,254.84,254.91,34302
AMZN,2026-09-14,14:52,254.92,254.9399,254.86,254.9015,22512
AMZN,2026-09-14,14:53,254.91,254.925,254.37,254.46,93434
AMZN,2026-09-14,14:54,254.46,254.52,254.06,254.2,114907
AMZN,2026-09-14,14:55,254.195,254.365,254.165,254.35,160296
AMZN,2026-09-14,14:56,254.3526,254.398,254.29,254.34,34734
AMZN,2026-09-14,14:57,254.34,254.34,254.1,254.1,44055
AMZN,2026-09-14,14:58,254.11,254.18,253.75,253.75,102508
AMZN,2026-09-14,14:59,253.75,253.78,253.6,253.725,114998
AMZN,2026-09-14,15:00,253.69,253.775,253.04,253.115,156639
AMZN,2026-09-14,15:01,253.07,253.1129,252.745,252.93,196154
AMZN,2026-09-14,15:02,252.91,253.19,252.9,253.07,121910
AMZN,2026-09-14,15:03,253.07,253.28,252.85,253.005,78401
AMZN,2026-09-14,15:04,252.96,253.09,252.8698,253.06,54408
AMZN,2026-09-14,15:05,253.04,253.1199,252.96,253.05,72811
AMZN,2026-09-14,15:06,253.03,253.16,252.945,253.06,56967
AMZN,2026-09-14,15:07,253.06,253.11,252.91,252.955,51422
AMZN,2026-09-14,15:08,252.955,252.955,252.73,252.9428,65766
AMZN,2026-09-14,15:09,252.94,253.0197,252.89,252.95,34542
AMZN,2026-09-14,15:10,252.965,253.01,252.775,252.8693,54769
AMZN,2026-09-14,15:11,252.87,252.965,252.7641,252.965,40218
AMZN,2026-09-14,15:12,252.965,253.0799,252.92,253.03,33294
AMZN,2026-09-14,15:13,253.0172,253.37,252.98,253.225,92865
AMZN,2026-09-14,15:14,253.2396,253.2396,253.07,253.1869,63368
AMZN,2026-09-14,15:15,253.1745,253.307,253.065,253.095,71414
AMZN,2026-09-14,15:16,253.08,253.2,253.08,253.2,45978
AMZN,2026-09-14,15:17,253.22,253.39,253.17,253.37,51317
AMZN,2026-09-14,15:18,253.35,253.43,253.3234,253.41,53247
AMZN,2026-09-14,15:19,253.42,253.43,253.23,253.29,68497
AMZN,2026-09-14,15:20,253.23,253.3203,253.23,253.31,41428
AMZN,2026-09-14,15:21,253.286,253.5213,253.28,253.465,49103
AMZN,2026-09-14,15:22,253.45,253.4744,253.3,253.4351,33077
AMZN,2026-09-14,15:23,253.415,253.62,253.39,253.5546,64116
AMZN,2026-09-14,15:24,253.565,253.78,253.5429,253.73,60348
AMZN,2026-09-14,15:25,253.67,253.7074,253.51,253.516,35981
AMZN,2026-09-14,15:26,253.56,253.61,253.47,253.61,39752
AMZN,2026-09-14,15:27,253.6005,253.625,253.52,253.58,35841
AMZN,2026-09-14,15:28,253.516,253.63,253.496,253.52,43345
AMZN,2026-09-14,15:29,253.51,253.6,253.4,253.575,56097
AMZN,2026-09-14,15:30,253.575,253.81,253.54,253.775,71135
AMZN,2026-09-14,15:31,253.78,253.87,253.7,253.83,47565
AMZN,2026-09-14,15:32,253.825,253.8499,253.8,253.82,44143
AMZN,2026-09-14,15:33,253.82,254.12,253.81,254.06,94804
AMZN,2026-09-14,15:34,254.08,254.09,253.89,253.91,49865
AMZN,2026-09-14,15:35,253.9,253.93,253.8715,253.88,60514
AMZN,2026-09-14,15:36,253.895,253.965,253.84,253.95,40003
AMZN,2026-09-14,15:37,253.94,253.97,253.87,253.8984,51801
AMZN,2026-09-14,15:38,253.9,253.98,253.87,253.89,36098
AMZN,2026-09-14,15:39,253.88,253.98,253.87,253.91,71355
AMZN,2026-09-14,15:40,253.895,254,253.87,253.94,75332
AMZN,2026-09-14,15:41,253.94,253.96,253.9,253.95,43481
AMZN,2026-09-14,15:42,253.91,253.91,253.73,253.82,77393
AMZN,2026-09-14,15:43,253.78,253.85,253.76,253.81,79128
AMZN,2026-09-14,15:44,253.8,253.8,253.57,253.61,107246
AMZN,2026-09-14,15:45,253.6,253.73,253.54,253.67,77239
AMZN,2026-09-14,15:46,253.675,253.8,253.57,253.64,78747
AMZN,2026-09-14,15:47,253.64,253.645,253.56,253.56,53289
AMZN,2026-09-14,15:48,253.555,253.6,253.5,253.5,71826
AMZN,2026-09-14,15:49,253.5,253.5,253.37,253.42,59772
AMZN,2026-09-14,15:50,253.43,253.8576,253.405,253.715,154824
AMZN,2026-09-14,15:51,253.71,253.71,253.55,253.61,74388
AMZN,2026-09-14,15:52,253.61,253.67,253.52,253.615,104695
AMZN,2026-09-14,15:53,253.61,253.735,253.54,253.5409,190457
AMZN,2026-09-14,15:54,253.58,253.85,253.54,253.55,166265
AMZN,2026-09-14,15:55,253.56,254.02,253.38,253.93,323381
AMZN,2026-09-14,15:56,253.9399,253.98,253.71,253.76,251419
AMZN,2026-09-14,15:57,253.75,253.77,253.57,253.585,190338
AMZN,2026-09-14,15:58,253.5944,253.7,253.56,253.59,399084
AMZN,2026-09-14,15:59,253.59,253.69,253.36,253.56,829678
AMZN,2026-09-14,16:00,253.54,253.54,253.54,253.54,0
AMZN,2026-09-15,09:30,252.375,253.25,252.05,252.74,1021513
AMZN,2026-09-15,09:31,252.67,252.87,252.07,252.12,171759
AMZN,2026-09-15,09:32,252.26,252.5,252.07,252.1,82046
AMZN,2026-09-15,09:33,252.1451,252.335,251.76,251.91,155719
AMZN,2026-09-15,09:34,251.9,252.376,251.78,252.36,74228
AMZN,2026-09-15,09:35,252.38,252.9051,252.12,252.86,143938
AMZN,2026-09-15,09:36,252.855,252.88,252.455,252.76,109678
AMZN,2026-09-15,09:37,252.79,252.9199,252.615,252.63,73716
AMZN,2026-09-15,09:38,252.615,252.91,252.42,252.8108,77943
AMZN,2026-09-15,09:39,252.77,253.12,252.55,252.69,130066
AMZN,2026-09-15,09:40,252.71,252.99,252.535,252.99,78939
AMZN,2026-09-15,09:41,252.95,253.05,252.82,252.94,68256
AMZN,2026-09-15,09:42,252.94,252.98,252.62,252.74,78761
AMZN,2026-09-15,09:43,252.74,253.11,252.73,252.85,102266
AMZN,2026-09-15,09:44,252.835,253.16,252.765,253.073,65148
AMZN,2026-09-15,09:45,253.08,253.15,252.66,252.66,91866
AMZN,2026-09-15,09:46,252.66,252.88,252.54,252.71,83994
AMZN,2026-09-15,09:47,252.68,252.79,252.5,252.59,53969
AMZN,2026-09-15,09:48,252.59,252.92,252.52,252.855,46845
AMZN,2026-09-15,09:49,252.83,253.1518,252.8101,252.92,76564
AMZN,2026-09-15,09:50,252.92,253.226,252.9002,253.13,140082
AMZN,2026-09-15,09:51,253.09,253.2399,252.88,253.145,83922
AMZN,2026-09-15,09:52,253.16,253.27,252.92,253.1,48735
AMZN,2026-09-15,09:53,253.071,253.13,252.54,252.695,58375
AMZN,2026-09-15,09:54,252.695,252.7668,252.64,252.6583,37348
AMZN,2026-09-15,09:55,252.62,252.675,252.26,252.3188,103660
AMZN,2026-09-15,09:56,252.3285,252.39,252.05,252.06,81288
AMZN,2026-09-15,09:57,252.078,252.46,252,252.2,47473
AMZN,2026-09-15,09:58,252.2,252.32,252.055,252.15,74351
AMZN,2026-09-15,09:59,252.12,252.26,252.05,252.23,43534
AMZN,2026-09-15,10:00,252.15,252.15,251.43,251.465,283803
AMZN,2026-09-15,10:01,251.445,251.51,251.22,251.335,149532
AMZN,2026-09-15,10:02,251.31,251.44,251.04,251.1,129382
AMZN,2026-09-15,10:03,251.115,251.34,251.0101,251.0303,142907
AMZN,2026-09-15,10:04,251.07,251.07,250.73,250.74,159812
AMZN,2026-09-15,10:05,250.745,250.82,250.3804,250.425,134324
AMZN,2026-09-15,10:06,250.425,250.79,250.4,250.57,109372
AMZN,2026-09-15,10:07,250.58,250.61,250.21,250.29,137500
AMZN,2026-09-15,10:08,250.29,250.38,250.03,250.085,129067
AMZN,2026-09-15,10:09,250.1,250.205,250.02,250.185,114827
AMZN,2026-09-15,10:10,250.165,250.35,249.99,250.125,284720
AMZN,2026-09-15,10:11,250.11,250.1638,249.95,250.0984,108715
AMZN,2026-09-15,10:12,250.0981,250.265,250.02,250.08,90554
AMZN,2026-09-15,10:13,250.08,250.13,249.95,249.95,85480
AMZN,2026-09-15,10:14,249.96,250.105,249.82,249.885,160565
AMZN,2026-09-15,10:15,249.89,250.1694,249.865,250.07,100932
AMZN,2026-09-15,10:16,250.11,250.33,250.03,250.1902,79902
AMZN,2026-09-15,10:17,250.19,250.25,250.0705,250.125,48982
AMZN,2026-09-15,10:18,250.0801,250.19,250.01,250.12,59430
AMZN,2026-09-15,10:19,250.13,250.18,249.9193,249.9401,61720
AMZN,2026-09-15,10:20,249.97,249.98,249.61,249.66,153864
AMZN,2026-09-15,10:21,249.67,249.7539,249.46,249.46,164268
AMZN,2026-09-15,10:22,249.485,249.64,249.41,249.43,86689
AMZN,2026-09-15,10:23,249.4183,249.4183,249.125,249.125,122334
AMZN,2026-09-15,10:24,249.125,249.5193,249.125,249.4772,88805
AMZN,2026-09-15,10:25,249.4726,249.7599,249.45,249.595,150071
AMZN,2026-09-15,10:26,249.61,249.913,249.55,249.86,91039
AMZN,2026-09-15,10:27,249.83,249.885,249.68,249.73,64021
AMZN,2026-09-15,10:28,249.72,249.78,249.63,249.735,52263
AMZN,2026-09-15,10:29,249.7001,249.73,249.5501,249.6,81586
AMZN,2026-09-15,10:30,249.585,249.66,249.36,249.41,102494
AMZN,2026-09-15,10:31,249.41,249.47,249.26,249.31,75034
AMZN,2026-09-15,10:32,249.28,249.33,249.18,249.2,62085
AMZN,2026-09-15,10:33,249.195,249.391,249.078,249.16,110894
AMZN,2026-09-15,10:34,249.155,249.1899,249.02,249.075,139188
AMZN,2026-09-15,10:35,249.06,249.41,249.05,249.395,104211
AMZN,2026-09-15,10:36,249.385,249.4,249.25,249.26,72728
AMZN,2026-09-15,10:37,249.285,249.3099,249.06,249.0812,56931
AMZN,2026-09-15,10:38,249.08,249.21,249.08,249.18,60352
AMZN,2026-09-15,10:39,249.17,249.22,249.1,249.19,66448
AMZN,2026-09-15,10:40,249.165,249.1799,248.92,248.97,165215
AMZN,2026-09-15,10:41,248.97,249.01,248.87,248.965,76576
AMZN,2026-09-15,10:42,248.965,248.9999,248.9,248.96,57595
AMZN,2026-09-15,10:43,248.99,249.04,248.795,248.8,93728
AMZN,2026-09-15,10:44,248.795,248.92,248.75,248.88,81060
AMZN,2026-09-15,10:45,248.875,249,248.85,248.875,85147
AMZN,2026-09-15,10:46,248.87,248.94,248.67,248.82,87722
AMZN,2026-09-15,10:47,248.82,248.83,248.5817,248.7301,109488
AMZN,2026-09-15,10:48,248.7399,248.81,248.65,248.6899,55482
AMZN,2026-09-15,10:49,248.68,248.79,248.59,248.6,55850
AMZN,2026-09-15,10:50,248.58,248.68,248.5,248.66,90831
AMZN,2026-09-15,10:51,248.69,248.76,248.435,248.62,126175
AMZN,2026-09-15,10:52,248.59,248.67,248.55,248.59,76493
AMZN,2026-09-15,10:53,248.62,248.62,248.46,248.52,81787
AMZN,2026-09-15,10:54,248.555,248.67,248.51,248.63,67078
AMZN,2026-09-15,10:55,248.615,248.7399,248.61,248.635,62922
AMZN,2026-09-15,10:56,248.66,248.78,248.62,248.7408,63717
AMZN,2026-09-15,10:57,248.76,248.78,248.65,248.73,54865
AMZN,2026-09-15,10:58,248.73,248.75,248.52,248.54,82885
AMZN,2026-09-15,10:59,248.5599,248.605,248.45,248.49,115799
AMZN,2026-09-15,11:00,248.51,248.62,248.495,248.54,72865
AMZN,2026-09-15,11:01,248.56,248.605,248.47,248.59,76141
AMZN,2026-09-15,11:02,248.59,248.62,248.5,248.608,57426
AMZN,2026-09-15,11:03,248.6,248.62,248.515,248.62,39589
AMZN,2026-09-15,11:04,248.58,248.67,248.53,248.5968,46917
AMZN,2026-09-15,11:05,248.635,248.73,248.55,248.625,59644
AMZN,2026-09-15,11:06,248.6,248.655,248.48,248.55,117850
AMZN,2026-09-15,11:07,248.55,248.81,248.49,248.78,100986
AMZN,2026-09-15,11:08,248.7701,248.84,248.7,248.78,95464
AMZN,2026-09-15,11:09,248.8196,248.86,248.78,248.825,59202
AMZN,2026-09-15,11:10,248.825,249.0699,248.8101,248.95,106564
AMZN,2026-09-15,11:11,248.96,249.16,248.96,249.07,85186
AMZN,2026-09-15,11:12,249.0401,249.05,248.8305,248.875,67441
AMZN,2026-09-15,11:13,248.85,248.94,248.785,248.86,45609
AMZN,2026-09-15,11:14,248.86,248.93,248.85,248.9099,65998
AMZN,2026-09-15,11:15,248.89,248.98,248.875,248.96,67956
AMZN,2026-09-15,11:16,248.9401,249.02,248.88,248.975,84412
AMZN,2026-09-15,11:17,248.99,249.09,248.9,248.94,68257
AMZN,2026-09-15,11:18,248.965,249.02,248.805,248.94,57319
AMZN,2026-09-15,11:19,248.96,248.96,248.76,248.8,55805
AMZN,2026-09-15,11:20,248.82,248.835,248.72,248.82,70644
AMZN,2026-09-15,11:21,248.83,248.84,248.69,248.745,55050
AMZN,2026-09-15,11:22,248.745,248.95,248.745,248.83,50060
AMZN,2026-09-15,11:23,248.8699,248.94,248.82,248.92,34115
AMZN,2026-09-15,11:24,248.92,248.939,248.79,248.87,53405
AMZN,2026-09-15,11:25,248.88,248.905,248.71,248.71,42416
AMZN,2026-09-15,11:26,248.73,248.84,248.56,248.81,74273
AMZN,2026-09-15,11:27,248.8,248.93,248.715,248.91,62519
AMZN,2026-09-15,11:28,248.91,248.9417,248.78,248.865,56102
AMZN,2026-09-15,11:29,248.87,248.95,248.81,248.815,66010
AMZN,2026-09-15,11:30,248.815,248.8685,248.705,248.81,60013
AMZN,2026-09-15,11:31,248.83,248.9152,248.735,248.75,31652
AMZN,2026-09-15,11:32,248.77,248.865,248.7,248.865,38320
AMZN,2026-09-15,11:33,248.865,248.92,248.805,248.81,37002
AMZN,2026-09-15,11:34,248.79,249,248.7501,248.97,47749
AMZN,2026-09-15,11:35,249.02,249.0925,248.96,249.01,35196
AMZN,2026-09-15,11:36,248.96,249.0399,248.91,248.985,539274
AMZN,2026-09-15,11:37,248.982,249.03,248.9201,248.96,54578
AMZN,2026-09-15,11:38,248.955,249,248.94,248.97,22555
AMZN,2026-09-15,11:39,248.95,248.981,248.87,248.91,60596
AMZN,2026-09-15,11:40,248.91,249.17,248.895,249.1629,37344
AMZN,2026-09-15,11:41,249.19,249.25,249.1,249.195,78377
AMZN,2026-09-15,11:42,249.2014,249.23,249.06,249.13,72283
AMZN,2026-09-15,11:43,249.1,249.18,249.0801,249.16,41306
AMZN,2026-09-15,11:44,249.17,249.25,249.0635,249.09,85627
AMZN,2026-09-15,11:45,249.07,249.14,249.04,249.11,21323
AMZN,2026-09-15,11:46,249.11,249.23,249.06,249.2,69096
AMZN,2026-09-15,11:47,249.22,249.23,249.05,249.11,62052
AMZN,2026-09-15,11:48,249.12,249.1639,249.0705,249.11,24298
AMZN,2026-09-15,11:49,249.095,249.1,248.98,248.98,58844
AMZN,2026-09-15,11:50,249,249.19,248.94,249.13,66669
AMZN,2026-09-15,11:51,249.12,249.1655,249.05,249.1,24170
AMZN,2026-09-15,11:52,249.12,249.14,249.0301,249.0701,29976
AMZN,2026-09-15,11:53,249.085,249.277,249.08,249.265,92823
AMZN,2026-09-15,11:54,249.2644,249.28,249.14,249.18,64542
AMZN,2026-09-15,11:55,249.205,249.61,249.1,249.48,132495
AMZN,2026-09-15,11:56,249.495,249.55,249.37,249.395,125850
AMZN,2026-09-15,11:57,249.395,249.69,249.395,249.67,139476
AMZN,2026-09-15,11:58,249.6799,249.74,249.61,249.655,50478
AMZN,2026-09-15,11:59,249.65,249.724,249.62,249.63,49371
AMZN,2026-09-15,12:00,249.665,249.675,249.3601,249.44,71685
AMZN,2026-09-15,12:01,249.475,249.675,249.44,249.63,98073
AMZN,2026-09-15,12:02,249.6299,249.67,249.54,249.551,58519
AMZN,2026-09-15,12:03,249.56,249.56,249.34,249.365,89383
AMZN,2026-09-15,12:04,249.365,249.575,249.365,249.56,34498
AMZN,2026-09-15,12:05,249.575,249.58,249.09,249.112,79049
AMZN,2026-09-15,12:06,249.11,249.2599,249.1,249.2233,35276
AMZN,2026-09-15,12:07,249.22,249.22,249.05,249.1,56765
AMZN,2026-09-15,12:08,249.09,249.1,248.84,248.88,85136
AMZN,2026-09-15,12:09,248.8899,248.92,248.79,248.9076,73486
AMZN,2026-09-15,12:10,248.91,249.0499,248.8705,248.94,45469
AMZN,2026-09-15,12:11,248.92,249.16,248.91,249.16,45343
AMZN,2026-09-15,12:12,249.1745,249.2582,249.05,249.06,41084
AMZN,2026-09-15,12:13,249.06,249.085,248.99,249.085,53503
AMZN,2026-09-15,12:14,249.08,249.095,249.01,249.0701,30751
AMZN,2026-09-15,12:15,249.1,249.145,249.0101,249.05,28101
AMZN,2026-09-15,12:16,249.03,249.045,248.88,249.0174,42140
AMZN,2026-09-15,12:17,249.02,249.075,248.9932,249.065,39612
AMZN,2026-09-15,12:18,249.0593,249.115,248.99,249.075,30387
AMZN,2026-09-15,12:19,249.11,249.19,249.07,249.15,31917
AMZN,2026-09-15,12:20,249.1699,249.2,249.09,249.18,34896
AMZN,2026-09-15,12:21,249.2,249.3,249.2,249.275,36182
AMZN,2026-09-15,12:22,249.28,249.3398,249.26,249.31,37510
AMZN,2026-09-15,12:23,249.31,249.525,249.31,249.475,62209
AMZN,2026-09-15,12:24,249.45,249.54,249.371,249.54,46525
AMZN,2026-09-15,12:25,249.515,249.515,249.395,249.48,43508
AMZN,2026-09-15,12:26,249.46,249.5,249.4,249.43,31564
AMZN,2026-09-15,12:27,249.41,249.46,249.395,249.4599,35191
AMZN,2026-09-15,12:28,249.43,249.46,249.39,249.43,48581
AMZN,2026-09-15,12:29,249.42,249.42,249.27,249.32,50871
AMZN,2026-09-15,12:30,249.32,249.3799,249.2818,249.3105,33805
AMZN,2026-09-15,12:31,249.335,249.37,249.3,249.36,38173
AMZN,2026-09-15,12:32,249.34,249.48,249.33,249.47,53305
AMZN,2026-09-15,12:33,249.465,249.47,249.41,249.41,30532
AMZN,2026-09-15,12:34,249.4,249.41,249.3301,249.385,40105
AMZN,2026-09-15,12:35,249.382,249.445,249.3201,249.4005,24957
AMZN,2026-09-15,12:36,249.4,249.46,249.3501,249.41,83697
AMZN,2026-09-15,12:37,249.42,249.44,249.33,249.35,35289
AMZN,2026-09-15,12:38,249.37,249.4099,249.265,249.265,33751
AMZN,2026-09-15,12:39,249.265,249.3,249.2301,249.285,34017
AMZN,2026-09-15,12:40,249.28,249.29,249.15,249.19,46547
AMZN,2026-09-15,12:41,249.19,249.315,249.18,249.29,22272
AMZN,2026-09-15,12:42,249.29,249.33,249.2,249.21,29086
AMZN,2026-09-15,12:43,249.2,249.2,249.09,249.15,52010
AMZN,2026-09-15,12:44,249.165,249.18,248.9801,249.105,64038
AMZN,2026-09-15,12:45,249.105,249.19,249.09,249.13,40975
AMZN,2026-09-15,12:46,249.13,249.19,249.11,249.145,33014
AMZN,2026-09-15,12:47,249.14,249.16,249.045,249.09,32900
AMZN,2026-09-15,12:48,249.09,249.11,248.94,248.95,45293
AMZN,2026-09-15,12:49,248.98,249.05,248.75,248.75,130087
AMZN,2026-09-15,12:50,248.77,248.95,248.7401,248.895,83256
AMZN,2026-09-15,12:51,248.9,249.12,248.87,249.04,52523
AMZN,2026-09-15,12:52,249.04,249.2,249.025,249.19,43164
AMZN,2026-09-15,12:53,249.21,249.33,249.17,249.31,52572
AMZN,2026-09-15,12:54,249.33,249.41,249.27,249.27,37323
AMZN,2026-09-15,12:55,249.3275,249.405,249.32,249.33,46425
AMZN,2026-09-15,12:56,249.33,249.35,249.185,249.23,49285
AMZN,2026-09-15,12:57,249.23,249.26,249.2,249.25,28956
AMZN,2026-09-15,12:58,249.225,249.27,249.186,249.265,21900
AMZN,2026-09-15,12:59,249.275,249.38,249.235,249.3605,27198
AMZN,2026-09-15,13:00,249.35,249.44,249.2705,249.28,33978
AMZN,2026-09-15,13:01,249.3,249.33,249.23,249.31,28229
AMZN,2026-09-15,13:02,249.3138,249.3138,249.05,249.105,43612
AMZN,2026-09-15,13:03,249.105,249.17,249.075,249.16,22179
AMZN,2026-09-15,13:04,249.16,249.1799,249.03,249.1099,34951
AMZN,2026-09-15,13:05,249.085,249.18,249.07,249.105,39247
AMZN,2026-09-15,13:06,249.105,249.175,249.09,249.125,27771
AMZN,2026-09-15,13:07,249.125,249.1747,249.11,249.135,29173
AMZN,2026-09-15,13:08,249.14,249.25,249.14,249.224,29962
AMZN,2026-09-15,13:09,249.23,249.26,249.16,249.235,15469
AMZN,2026-09-15,13:10,249.235,249.3,249.21,249.26,31070
AMZN,2026-09-15,13:11,249.25,249.31,249.19,249.19,25547
AMZN,2026-09-15,13:12,249.18,249.1852,249.075,249.075,26182
AMZN,2026-09-15,13:13,249.0617,249.235,249.0617,249.235,33653
AMZN,2026-09-15,13:14,249.235,249.25,248.975,249.016,44237
AMZN,2026-09-15,13:15,249.01,249.04,248.975,248.99,29121
AMZN,2026-09-15,13:16,248.985,248.985,248.8213,248.8675,48949
AMZN,2026-09-15,13:17,248.88,248.88,248.8,248.855,15867
AMZN,2026-09-15,13:18,248.84,248.84,248.68,248.775,52373
AMZN,2026-09-15,13:19,248.79,248.8706,248.76,248.835,29259
AMZN,2026-09-15,13:20,248.875,248.89,248.8,248.8499,29242
AMZN,2026-09-15,13:21,248.83,248.88,248.8,248.84,21569
AMZN,2026-09-15,13:22,248.82,248.84,248.68,248.74,45182
AMZN,2026-09-15,13:23,248.7301,248.7593,248.58,248.6075,42845
AMZN,2026-09-15,13:24,248.605,248.62,248.48,248.48,80939
AMZN,2026-09-15,13:25,248.48,248.59,248.48,248.56,33015
AMZN,2026-09-15,13:26,248.58,248.6,248.505,248.525,23872
AMZN,2026-09-15,13:27,248.51,248.5899,248.5,248.52,24529
AMZN,2026-09-15,13:28,248.515,248.57,248.31,248.36,61075
AMZN,2026-09-15,13:29,248.3673,248.4799,248.3,248.4299,50956
AMZN,2026-09-15,13:30,248.44,248.53,248.38,248.38,55322
AMZN,2026-09-15,13:31,248.39,248.61,248.36,248.6099,32864
AMZN,2026-09-15,13:32,248.6099,248.71,248.58,248.69,37911
AMZN,2026-09-15,13:33,248.671,248.72,248.57,248.64,47973
AMZN,2026-09-15,13:34,248.645,248.66,248.57,248.57,35509
AMZN,2026-09-15,13:35,248.56,248.71,248.53,248.67,29868
AMZN,2026-09-15,13:36,248.67,248.67,248.58,248.595,20405
AMZN,2026-09-15,13:37,248.585,248.695,248.4933,248.65,80005
AMZN,2026-09-15,13:38,248.62,248.8,248.615,248.745,53609
AMZN,2026-09-15,13:39,248.75,248.77,248.49,248.58,42885
AMZN,2026-09-15,13:40,248.56,248.59,248.52,248.565,31965
AMZN,2026-09-15,13:41,248.54,248.56,248.45,248.48,43236
AMZN,2026-09-15,13:42,248.52,248.55,248.45,248.52,26022
AMZN,2026-09-15,13:43,248.53,248.54,248.41,248.49,136479
AMZN,2026-09-15,13:44,248.49,248.5699,248.47,248.49,31609
AMZN,2026-09-15,13:45,248.498,248.498,248.34,248.37,34931
AMZN,2026-09-15,13:46,248.35,248.39,248.32,248.345,39800
AMZN,2026-09-15,13:47,248.355,248.47,248.35,248.46,31024
AMZN,2026-09-15,13:48,248.465,248.55,248.44,248.47,37179
AMZN,2026-09-15,13:49,248.4627,248.52,248.44,248.4748,21318
AMZN,2026-09-15,13:50,248.48,248.53,248.46,248.53,17680
AMZN,2026-09-15,13:51,248.535,248.56,248.495,248.535,34538
AMZN,2026-09-15,13:52,248.53,248.59,248.49,248.59,34251
AMZN,2026-09-15,13:53,248.565,248.66,248.555,248.6,48243
AMZN,2026-09-15,13:54,248.62,248.77,248.585,248.77,33447
AMZN,2026-09-15,13:55,248.75,248.76,248.63,248.729,41511
AMZN,2026-09-15,13:56,248.74,248.83,248.74,248.8,49968
AMZN,2026-09-15,13:57,248.79,248.8999,248.78,248.885,43683
AMZN,2026-09-15,13:58,248.9,248.9067,248.69,248.75,45315
AMZN,2026-09-15,13:59,248.71,248.71,248.57,248.62,30987
AMZN,2026-09-15,14:00,248.625,248.72,248.53,248.62,30253
AMZN,2026-09-15,14:01,248.62,248.68,248.61,248.64,19856
AMZN,2026-09-15,14:02,248.64,248.72,248.62,248.62,26724
AMZN,2026-09-15,14:03,248.63,248.6629,248.58,248.64,27516
AMZN,2026-09-15,14:04,248.65,248.69,248.62,248.69,27568
AMZN,2026-09-15,14:05,248.69,248.695,248.62,248.66,47369
AMZN,2026-09-15,14:06,248.6469,248.71,248.6469,248.705,24821
AMZN,2026-09-15,14:07,248.705,248.76,248.67,248.7375,41865
AMZN,2026-09-15,14:08,248.73,248.75,248.575,248.575,47715
AMZN,2026-09-15,14:09,248.575,248.66,248.56,248.66,37608
AMZN,2026-09-15,14:10,248.68,248.79,248.65,248.78,52225
AMZN,2026-09-15,14:11,248.765,248.87,248.765,248.85,29120
AMZN,2026-09-15,14:12,248.8699,248.89,248.83,248.876,24559
AMZN,2026-09-15,14:13,248.8761,249,248.875,248.93,39425
AMZN,2026-09-15,14:14,248.93,248.9844,248.8805,248.8805,45564
AMZN,2026-09-15,14:15,248.915,248.92,248.75,248.78,49282
AMZN,2026-09-15,14:16,248.76,248.76,248.57,248.595,43540
AMZN,2026-09-15,14:17,248.57,248.7,248.54,248.67,68566
AMZN,2026-09-15,14:18,248.65,248.78,248.61,248.67,59806
AMZN,2026-09-15,14:19,248.67,248.76,248.66,248.71,21764
AMZN,2026-09-15,14:20,248.715,248.73,248.64,248.6869,39217
AMZN,2026-09-15,14:21,248.685,248.79,248.683,248.76,34384
AMZN,2026-09-15,14:22,248.76,248.7745,248.61,248.645,27734
AMZN,2026-09-15,14:23,248.66,248.74,248.63,248.67,25501
AMZN,2026-09-15,14:24,248.6775,248.75,248.67,248.72,28799
AMZN,2026-09-15,14:25,248.735,248.735,248.665,248.705,30098
AMZN,2026-09-15,14:26,248.68,248.8,248.6301,248.715,73830
AMZN,2026-09-15,14:27,248.72,248.74,248.65,248.67,28549
AMZN,2026-09-15,14:28,248.7,248.7234,248.58,248.615,26905
AMZN,2026-09-15,14:29,248.64,248.68,248.48,248.68,103943
AMZN,2026-09-15,14:30,248.705,248.7125,248.55,248.55,44448
AMZN,2026-09-15,14:31,248.56,248.67,248.46,248.61,57173
AMZN,2026-09-15,14:32,248.6251,248.74,248.6,248.605,42284
AMZN,2026-09-15,14:33,248.59,248.6075,248.51,248.585,41238
AMZN,2026-09-15,14:34,248.59,248.62,248.52,248.525,50639
AMZN,2026-09-15,14:35,248.53,248.665,248.525,248.655,69950
AMZN,2026-09-15,14:36,248.655,248.6699,248.54,248.605,48708
AMZN,2026-09-15,14:37,248.605,248.68,248.575,248.62,50014
AMZN,2026-09-15,14:38,248.609,248.76,248.59,248.685,45071
AMZN,2026-09-15,14:39,248.685,248.69,248.57,248.57,24165
AMZN,2026-09-15,14:40,248.585,248.6199,248.5382,248.57,39960
AMZN,2026-09-15,14:41,248.565,248.81,248.49,248.75,69788
AMZN,2026-09-15,14:42,248.73,248.76,248.6,248.65,35204
AMZN,2026-09-15,14:43,248.65,248.65,248.53,248.54,24311
AMZN,2026-09-15,14:44,248.56,248.58,248.35,248.355,69616
AMZN,2026-09-15,14:45,248.355,248.39,248.16,248.23,110009
AMZN,2026-09-15,14:46,248.23,248.28,248.19,248.2,47560
AMZN,2026-09-15,14:47,248.21,248.385,248.15,248.365,47104
AMZN,2026-09-15,14:48,248.37,248.53,248.37,248.43,34084
AMZN,2026-09-15,14:49,248.45,248.45,248.16,248.16,30152
AMZN,2026-09-15,14:50,248.15,248.2348,248.09,248.125,55728
AMZN,2026-09-15,14:51,248.14,248.15,247.9,247.94,168821
AMZN,2026-09-15,14:52,247.935,248.0696,247.935,248,44093
AMZN,2026-09-15,14:53,247.99,248.03,247.9109,247.98,46781
AMZN,2026-09-15,14:54,247.98,248.0099,247.88,247.915,60504
AMZN,2026-09-15,14:55,247.92,247.9299,247.71,247.725,69383
AMZN,2026-09-15,14:56,247.735,247.78,247.64,247.765,84058
AMZN,2026-09-15,14:57,247.765,247.86,247.74,247.8,56636
AMZN,2026-09-15,14:58,247.82,247.9,247.77,247.84,56246
AMZN,2026-09-15,14:59,247.86,247.9299,247.84,247.91,61635
AMZN,2026-09-15,15:00,247.89,247.89,247.79,247.835,42684
AMZN,2026-09-15,15:01,247.82,247.855,247.78,247.855,49503
AMZN,2026-09-15,15:02,247.865,247.92,247.84,247.92,43656
AMZN,2026-09-15,15:03,247.89,247.92,247.85,247.86,43139
AMZN,2026-09-15,15:04,247.87,247.8999,247.82,247.86,33457
AMZN,2026-09-15,15:05,247.86,248.12,247.86,248.06,59386
AMZN,2026-09-15,15:06,248.06,248.105,248.04,248.105,46601
AMZN,2026-09-15,15:07,248.095,248.16,248.085,248.1385,45154
AMZN,2026-09-15,15:08,248.1399,248.36,248.11,248.24,79714
AMZN,2026-09-15,15:09,248.228,248.29,248.17,248.2,52159
AMZN,2026-09-15,15:10,248.215,248.23,248.13,248.195,66745
AMZN,2026-09-15,15:11,248.195,248.21,248.05,248.095,63916
AMZN,2026-09-15,15:12,248.095,248.155,248.07,248.155,37694
AMZN,2026-09-15,15:13,248.155,248.23,248.09,248.23,49688
AMZN,2026-09-15,15:14,248.21,248.3,248.2,248.22,40486
AMZN,2026-09-15,15:15,248.215,248.26,248.1346,248.16,40555
AMZN,2026-09-15,15:16,248.16,248.18,248.02,248.095,63694
AMZN,2026-09-15,15:17,248.08,248.15,248.05,248.12,56326
AMZN,2026-09-15,15:18,248.125,248.185,248.11,248.175,34184
AMZN,2026-09-15,15:19,248.175,248.235,248.145,248.15,38508
AMZN,2026-09-15,15:20,248.14,248.16,248.022,248.025,54798
AMZN,2026-09-15,15:21,248.025,248.055,247.93,247.98,72886
AMZN,2026-09-15,15:22,247.97,247.9999,247.91,247.94,41085
AMZN,2026-09-15,15:23,247.935,248.03,247.92,247.965,39565
AMZN,2026-09-15,15:24,247.965,247.97,247.87,247.92,43113
AMZN,2026-09-15,15:25,247.92,247.93,247.79,247.79,61527
AMZN,2026-09-15,15:26,247.8,247.8699,247.72,247.845,78161
AMZN,2026-09-15,15:27,247.845,247.87,247.8,247.84,52205
AMZN,2026-09-15,15:28,247.825,247.855,247.725,247.79,60735
AMZN,2026-09-15,15:29,247.7978,247.81,247.74,247.785,48492
AMZN,2026-09-15,15:30,247.77,247.84,247.72,247.76,51292
AMZN,2026-09-15,15:31,247.76,247.86,247.75,247.835,60036
AMZN,2026-09-15,15:32,247.82,247.95,247.815,247.92,77516
AMZN,2026-09-15,15:33,247.92,248.0497,247.855,247.985,83705
AMZN,2026-09-15,15:34,247.985,248.0884,247.915,248.085,59122
AMZN,2026-09-15,15:35,248.1,248.105,247.965,248.0161,54067
AMZN,2026-09-15,15:36,248.02,248.11,248.02,248.09,57560
AMZN,2026-09-15,15:37,248.11,248.1312,248.005,248.06,50608
AMZN,2026-09-15,15:38,248.06,248.06,247.941,248.015,61697
AMZN,2026-09-15,15:39,248.015,248.08,248.005,248.08,50686
AMZN,2026-09-15,15:40,248.08,248.08,247.945,247.955,57250
AMZN,2026-09-15,15:41,247.96,247.985,247.78,247.79,96211
AMZN,2026-09-15,15:42,247.8,247.915,247.64,247.64,91938
AMZN,2026-09-15,15:43,247.66,247.7799,247.655,247.68,82694
AMZN,2026-09-15,15:44,247.68,247.76,247.6,247.76,90894
AMZN,2026-09-15,15:45,247.765,247.765,247.62,247.62,106580
AMZN,2026-09-15,15:46,247.635,247.6862,247.36,247.37,122447
AMZN,2026-09-15,15:47,247.37,247.47,247.28,247.455,120969
AMZN,2026-09-15,15:48,247.4401,247.485,247.385,247.485,159779
AMZN,2026-09-15,15:49,247.49,247.73,247.47,247.67,154721
AMZN,2026-09-15,15:50,247.64,247.83,247.585,247.6,135031
AMZN,2026-09-15,15:51,247.6,247.62,247.413,247.42,176438
AMZN,2026-09-15,15:52,247.43,247.43,247.25,247.285,199188
AMZN,2026-09-15,15:53,247.26,247.59,247.22,247.41,244600
AMZN,2026-09-15,15:54,247.4,248.19,247.39,248.17,370239
AMZN,2026-09-15,15:55,248.17,248.66,248.13,248.24,428740
AMZN,2026-09-15,15:56,248.26,248.26,248.03,248.22,328177
AMZN,2026-09-15,15:57,248.23,248.69,248.22,248.605,533403
AMZN,2026-09-15,15:58,248.61,248.62,248.39,248.48,566239
AMZN,2026-09-15,15:59,248.49,248.55,248.19,248.44,1193362
AMZN,2026-09-16,09:30,248.2,249.16,248.09,249.0459,1077818
AMZN,2026-09-16,09:31,249.02,249.26,248.41,248.465,148062
AMZN,2026-09-16,09:32,248.4,248.63,248.13,248.375,122820
AMZN,2026-09-16,09:33,248.385,248.4559,247.16,247.205,173756
AMZN,2026-09-16,09:34,247.165,247.4399,246.69,246.921,182654
AMZN,2026-09-16,09:35,246.905,247.38,246.8609,247.22,112448
AMZN,2026-09-16,09:36,247.215,247.45,247.18,247.385,110810
AMZN,2026-09-16,09:37,247.36,247.5499,247.27,247.41,125083
AMZN,2026-09-16,09:38,247.44,247.45,246.95,247,119739
AMZN,2026-09-16,09:39,246.99,247.16,246.8301,247.005,111577
AMZN,2026-09-16,09:40,247,247.65,247,247.52,121539
AMZN,2026-09-16,09:41,247.55,247.81,247.43,247.595,116529
AMZN,2026-09-16,09:42,247.595,247.8669,247.5,247.65,109268
AMZN,2026-09-16,09:43,247.67,247.67,247.32,247.36,168535
AMZN,2026-09-16,09:44,247.36,247.4482,247.2729,247.36,93773
AMZN,2026-09-16,09:45,247.31,247.74,247.23,247.565,167889
AMZN,2026-09-16,09:46,247.54,247.7699,247.53,247.68,83602
AMZN,2026-09-16,09:47,247.64,247.86,247.56,247.86,93678
AMZN,2026-09-16,09:48,247.83,247.83,247.45,247.47,80824
AMZN,2026-09-16,09:49,247.465,247.73,247.346,247.625,109236
AMZN,2026-09-16,09:50,247.6,247.97,247.58,247.87,114828
AMZN,2026-09-16,09:51,247.875,248.6399,247.87,248.565,212014
AMZN,2026-09-16,09:52,248.59,248.76,248.4101,248.45,153640
AMZN,2026-09-16,09:53,248.48,248.8,248.4646,248.7401,152196
AMZN,2026-09-16,09:54,248.7509,248.8799,248.49,248.53,89470
AMZN,2026-09-16,09:55,248.5001,248.76,248.37,248.39,88848
AMZN,2026-09-16,09:56,248.37,248.4144,248.15,248.19,96337
AMZN,2026-09-16,09:57,248.19,248.2,248.03,248.145,40079
AMZN,2026-09-16,09:58,248.145,248.24,247.985,248.2125,65885
AMZN,2026-09-16,09:59,248.212,248.5,248.07,248.36,86912
AMZN,2026-09-16,10:00,248.37,248.42,248.16,248.338,83657
AMZN,2026-09-16,10:01,248.35,248.46,248.27,248.3417,65220
AMZN,2026-09-16,10:02,248.32,248.3399,248.15,248.2,90027
AMZN,2026-09-16,10:03,248.1793,248.27,248.1,248.13,59453
AMZN,2026-09-16,10:04,248.11,248.18,248,248.14,41418
AMZN,2026-09-16,10:05,248.1201,248.15,247.8,247.82,89117
AMZN,2026-09-16,10:06,247.82,248.146,247.8001,248.075,78817
AMZN,2026-09-16,10:07,248.065,248.21,247.9701,248.175,51350
AMZN,2026-09-16,10:08,248.18,248.18,248.0701,248.0701,36308
AMZN,2026-09-16,10:09,248.07,248.16,248.03,248.04,46508
AMZN,2026-09-16,10:10,248.07,248.09,247.8601,248.07,51318
AMZN,2026-09-16,10:11,248.055,248.14,247.985,248,38852
AMZN,2026-09-16,10:12,248,248.03,247.725,247.8,48127
AMZN,2026-09-16,10:13,247.8,247.85,247.71,247.78,62110
AMZN,2026-09-16,10:14,247.75,247.75,247.61,247.72,57292
AMZN,2026-09-16,10:15,247.72,247.72,247.44,247.54,60835
AMZN,2026-09-16,10:16,247.51,247.73,247.46,247.7299,60173
AMZN,2026-09-16,10:17,247.64,247.7099,247.47,247.62,46240
AMZN,2026-09-16,10:18,247.59,247.6176,247.38,247.46,54934
AMZN,2026-09-16,10:19,247.42,247.53,247.39,247.4499,43788
AMZN,2026-09-16,10:20,247.425,247.4699,247.35,247.42,78726
AMZN,2026-09-16,10:21,247.395,247.41,247.32,247.355,70846
AMZN,2026-09-16,10:22,247.33,247.36,247.11,247.17,73054
AMZN,2026-09-16,10:23,247.19,247.2999,247.17,247.2635,56672
AMZN,2026-09-16,10:24,247.26,247.34,247.24,247.33,61446
AMZN,2026-09-16,10:25,247.33,247.44,247.26,247.27,88544
AMZN,2026-09-16,10:26,247.275,247.45,247.26,247.395,79256
AMZN,2026-09-16,10:27,247.395,247.395,247.25,247.29,85306
AMZN,2026-09-16,10:28,247.2701,247.32,247.1761,247.2523,67922
AMZN,2026-09-16,10:29,247.2517,247.41,247.23,247.25,139609
AMZN,2026-09-16,10:30,247.27,247.345,247.195,247.3,104745
AMZN,2026-09-16,10:31,247.31,247.32,247.1143,247.195,35500
AMZN,2026-09-16,10:32,247.2399,247.31,247.21,247.28,39650
AMZN,2026-09-16,10:33,247.2967,247.605,247.28,247.55,135981
AMZN,2026-09-16,10:34,247.53,247.57,247.35,247.49,233824
AMZN,2026-09-16,10:35,247.47,247.55,247.4501,247.5002,39438
AMZN,2026-09-16,10:36,247.52,247.52,247.375,247.39,119164
AMZN,2026-09-16,10:37,247.3803,247.42,247.36,247.38,39314
AMZN,2026-09-16,10:38,247.36,247.48,247.35,247.4705,41428
AMZN,2026-09-16,10:39,247.425,247.44,247.14,247.17,77925
AMZN,2026-09-16,10:40,247.13,247.2399,247.05,247.205,59123
AMZN,2026-09-16,10:41,247.2,247.25,247.125,247.15,56163
AMZN,2026-09-16,10:42,247.1698,247.4,247.15,247.315,60954
AMZN,2026-09-16,10:43,247.315,247.32,247.2,247.245,40667
AMZN,2026-09-16,10:44,247.23,247.2425,247.11,247.18,54596
AMZN,2026-09-16,10:45,247.1859,247.3025,247.1859,247.28,77450
AMZN,2026-09-16,10:46,247.28,247.3099,247.17,247.2,43683
AMZN,2026-09-16,10:47,247.17,247.1951,246.92,247.02,118222
AMZN,2026-09-16,10:48,247.015,247.1369,246.93,246.99,65639
AMZN,2026-09-16,10:49,246.99,247.02,246.82,246.83,73890
AMZN,2026-09-16,10:50,246.83,247.01,246.8201,246.965,62513
AMZN,2026-09-16,10:51,246.98,247.06,246.95,246.9701,53530
AMZN,2026-09-16,10:52,246.985,247.04,246.93,247.03,64185
AMZN,2026-09-16,10:53,247,247.05,246.92,246.94,36101
AMZN,2026-09-16,10:54,246.945,246.96,246.81,246.845,76935
AMZN,2026-09-16,10:55,246.8484,246.98,246.8305,246.97,78390
AMZN,2026-09-16,10:56,246.96,246.99,246.8,246.86,69538
AMZN,2026-09-16,10:57,246.89,246.98,246.77,246.9499,113488
AMZN,2026-09-16,10:58,246.94,247.24,246.94,247.22,127246
AMZN,2026-09-16,10:59,247.22,247.46,247.18,247.46,287952
AMZN,2026-09-16,11:00,247.45,247.63,247.4243,247.6,116655
AMZN,2026-09-16,11:01,247.5901,247.5901,247.35,247.43,101644
AMZN,2026-09-16,11:02,247.4,247.48,247.27,247.29,86575
AMZN,2026-09-16,11:03,247.27,247.6,247.27,247.47,115046
AMZN,2026-09-16,11:04,247.47,247.49,247.3016,247.34,64413
AMZN,2026-09-16,11:05,247.345,247.57,247.34,247.54,101509
AMZN,2026-09-16,11:06,247.5,247.55,247.42,247.5411,40574
AMZN,2026-09-16,11:07,247.545,248.24,247.545,248.0999,250696
AMZN,2026-09-16,11:08,248.08,248.2298,247.88,247.905,90062
AMZN,2026-09-16,11:09,247.87,247.9799,247.8443,247.93,63066
AMZN,2026-09-16,11:10,247.94,247.96,247.83,247.88,31135
AMZN,2026-09-16,11:11,247.895,248.27,247.87,248.105,74991
AMZN,2026-09-16,11:12,248.11,248.17,247.84,247.91,95663
AMZN,2026-09-16,11:13,247.94,248.15,247.93,248.04,55809
AMZN,2026-09-16,11:14,248.04,248.0828,247.92,248.04,50909
AMZN,2026-09-16,11:15,248.12,248.18,247.9,247.96,52052
AMZN,2026-09-16,11:16,247.97,248.135,247.9401,247.98,34390
AMZN,2026-09-16,11:17,248.01,248.01,247.86,247.94,35977
AMZN,2026-09-16,11:18,247.955,248.01,247.94,247.96,28044
AMZN,2026-09-16,11:19,247.93,247.93,247.62,247.665,39222
AMZN,2026-09-16,11:20,247.66,247.68,247.452,247.495,43717
AMZN,2026-09-16,11:21,247.53,247.64,247.48,247.48,19111
AMZN,2026-09-16,11:22,247.46,247.66,247.46,247.65,31357
AMZN,2026-09-16,11:23,247.65,247.68,247.5,247.57,43234
AMZN,2026-09-16,11:24,247.57,247.57,247.38,247.53,30978
AMZN,2026-09-16,11:25,247.54,247.64,247.435,247.615,42162
AMZN,2026-09-16,11:26,247.59,247.7472,247.59,247.67,65527
AMZN,2026-09-16,11:27,247.66,247.69,247.61,247.64,23309
AMZN,2026-09-16,11:28,247.6562,247.6899,247.5401,247.5401,23461
AMZN,2026-09-16,11:29,247.54,247.69,247.53,247.63,37359
AMZN,2026-09-16,11:30,247.63,247.69,247.45,247.53,37690
AMZN,2026-09-16,11:31,247.555,247.66,247.5155,247.535,31724
AMZN,2026-09-16,11:32,247.5,247.57,247.47,247.515,29959
AMZN,2026-09-16,11:33,247.4901,247.55,247.471,247.535,18832
AMZN,2026-09-16,11:34,247.53,247.6151,247.515,247.595,42295
AMZN,2026-09-16,11:35,247.64,247.78,247.5921,247.62,50858
AMZN,2026-09-16,11:36,247.649,247.66,247.55,247.55,26088
AMZN,2026-09-16,11:37,247.59,247.6,247.4701,247.6,37654
AMZN,2026-09-16,11:38,247.61,247.63,247.52,247.6,24273
AMZN,2026-09-16,11:39,247.62,247.635,247.5708,247.59,16193
AMZN,2026-09-16,11:40,247.57,247.71,247.55,247.69,25247
AMZN,2026-09-16,11:41,247.67,247.675,247.535,247.555,50973
AMZN,2026-09-16,11:42,247.5722,247.5795,247.465,247.47,44989
AMZN,2026-09-16,11:43,247.48,247.5,247.39,247.49,38439
AMZN,2026-09-16,11:44,247.5,247.665,247.47,247.5801,31069
AMZN,2026-09-16,11:45,247.6,247.6,247.4503,247.4503,18755
AMZN,2026-09-16,11:46,247.465,247.49,247.38,247.43,31331
AMZN,2026-09-16,11:47,247.4418,248,247.425,247.765,93768
AMZN,2026-09-16,11:48,247.695,248.03,247.695,248.03,48811
AMZN,2026-09-16,11:49,248.0297,248.04,247.75,247.9,40460
AMZN,2026-09-16,11:50,247.91,247.93,247.82,247.835,29024
AMZN,2026-09-16,11:51,247.845,247.87,247.75,247.83,26654
AMZN,2026-09-16,11:52,247.82,247.8299,247.76,247.78,28051
AMZN,2026-09-16,11:53,247.78,248.0913,247.78,248.03,39509
AMZN,2026-09-16,11:54,248.03,248.12,248,248.07,34058
AMZN,2026-09-16,11:55,248.06,248.16,248.03,248.15,29029
AMZN,2026-09-16,11:56,248.15,248.1699,248.055,248.1007,32041
AMZN,2026-09-16,11:57,248.1201,248.1201,247.93,247.98,35783
AMZN,2026-09-16,11:58,247.96,248.09,247.8686,248.05,40310
AMZN,2026-09-16,11:59,248.05,248.1532,247.99,248.02,44400
AMZN,2026-09-16,12:00,248.03,248.15,247.934,248.15,42862
AMZN,2026-09-16,12:01,248.1325,248.17,247.9101,247.945,37790
AMZN,2026-09-16,12:02,247.93,247.9899,247.88,247.895,22282
AMZN,2026-09-16,12:03,247.88,247.94,247.83,247.865,32828
AMZN,2026-09-16,12:04,247.88,247.88,247.79,247.8,22001
AMZN,2026-09-16,12:05,247.72,247.8,247.72,247.73,27639
AMZN,2026-09-16,12:06,247.76,247.84,247.76,247.775,26121
AMZN,2026-09-16,12:07,247.78,247.81,247.72,247.765,20700
AMZN,2026-09-16,12:08,247.78,247.85,247.72,247.8,20003
AMZN,2026-09-16,12:09,247.8,247.86,247.78,247.83,22471
AMZN,2026-09-16,12:10,247.795,247.85,247.78,247.7883,22302
AMZN,2026-09-16,12:11,247.78,247.78,247.55,247.58,41847
AMZN,2026-09-16,12:12,247.57,247.59,247.3701,247.39,31529
AMZN,2026-09-16,12:13,247.4,247.65,247.37,247.6,83845
AMZN,2026-09-16,12:14,247.59,247.76,247.5241,247.76,43881
AMZN,2026-09-16,12:15,247.78,247.89,247.78,247.84,29771
AMZN,2026-09-16,12:16,247.87,247.94,247.86,247.92,30217
AMZN,2026-09-16,12:17,247.92,248.08,247.92,248.05,54811
AMZN,2026-09-16,12:18,248,248.08,248,248.055,26905
AMZN,2026-09-16,12:19,248.0434,248.07,247.885,247.96,49303
AMZN,2026-09-16,12:20,247.95,247.95,247.83,247.83,27145
AMZN,2026-09-16,12:21,247.84,247.85,247.69,247.695,17001
AMZN,2026-09-16,12:22,247.72,247.77,247.65,247.69,26979
AMZN,2026-09-16,12:23,247.67,247.78,247.66,247.77,20741
AMZN,2026-09-16,12:24,247.77,247.82,247.72,247.73,25983
AMZN,2026-09-16,12:25,247.71,247.7899,247.69,247.745,28274
AMZN,2026-09-16,12:26,247.75,247.84,247.75,247.84,20951
AMZN,2026-09-16,12:27,247.85,247.86,247.79,247.83,25373
AMZN,2026-09-16,12:28,247.78,247.85,247.73,247.84,13312
AMZN,2026-09-16,12:29,247.84,247.9,247.8293,247.88,17436
AMZN,2026-09-16,12:30,247.89,248,247.87,248,20605
AMZN,2026-09-16,12:31,248.0149,248.0149,247.84,247.845,18426
AMZN,2026-09-16,12:32,247.845,247.8499,247.7452,247.77,18592
AMZN,2026-09-16,12:33,247.75,247.8231,247.73,247.76,21527
AMZN,2026-09-16,12:34,247.73,247.8,247.73,247.74,94153
AMZN,2026-09-16,12:35,247.72,247.905,247.72,247.895,26593
AMZN,2026-09-16,12:36,247.885,247.955,247.855,247.87,15776
AMZN,2026-09-16,12:37,247.84,247.9268,247.8005,247.86,24491
AMZN,2026-09-16,12:38,247.85,247.89,247.8,247.81,24898
AMZN,2026-09-16,12:39,247.8001,247.875,247.76,247.86,22775
AMZN,2026-09-16,12:40,247.81,247.835,247.78,247.815,17462
AMZN,2026-09-16,12:41,247.815,247.83,247.77,247.83,13058
AMZN,2026-09-16,12:42,247.84,247.84,247.71,247.77,12691
AMZN,2026-09-16,12:43,247.76,247.81,247.75,247.788,14331
AMZN,2026-09-16,12:44,247.79,247.82,247.7,247.75,224748
AMZN,2026-09-16,12:45,247.829,247.915,247.8238,247.83,26386
AMZN,2026-09-16,12:46,247.86,247.92,247.79,247.91,37580
AMZN,2026-09-16,12:47,247.925,247.93,247.88,247.885,16927
AMZN,2026-09-16,12:48,247.875,247.89,247.8,247.8,11835
AMZN,2026-09-16,12:49,247.8,248.02,247.8,247.9581,40036
AMZN,2026-09-16,12:50,247.96,248.01,247.88,247.88,26482
AMZN,2026-09-16,12:51,247.88,247.9599,247.86,247.89,28709
AMZN,2026-09-16,12:52,247.85,247.88,247.8001,247.86,20722
AMZN,2026-09-16,12:53,247.8699,247.93,247.8486,247.92,14921
AMZN,2026-09-16,12:54,247.915,248.014,247.84,247.8775,33196
AMZN,2026-09-16,12:55,247.885,247.9299,247.8601,247.8775,13246
AMZN,2026-09-16,12:56,247.8886,247.91,247.87,247.91,37194
AMZN,2026-09-16,12:57,247.9,247.9068,247.825,247.845,27607
AMZN,2026-09-16,12:58,247.84,247.85,247.775,247.82,27742
AMZN,2026-09-16,12:59,247.84,247.84,247.7,247.78,27728
AMZN,2026-09-16,13:00,247.775,247.775,247.65,247.65,25826
AMZN,2026-09-16,13:01,247.65,247.69,247.63,247.65,26452
AMZN,2026-09-16,13:02,247.67,247.67,247.58,247.61,21582
AMZN,2026-09-16,13:03,247.62,247.63,247.57,247.59,19858
AMZN,2026-09-16,13:04,247.57,247.7102,247.57,247.68,21576
AMZN,2026-09-16,13:05,247.68,247.72,247.67,247.7,513621
AMZN,2026-09-16,13:06,247.7,247.725,247.645,247.66,24788
AMZN,2026-09-16,13:07,247.66,247.69,247.64,247.685,26391
AMZN,2026-09-16,13:08,247.685,247.69,247.6,247.635,22622
AMZN,2026-09-16,13:09,247.64,247.675,247.625,247.64,18673
AMZN,2026-09-16,13:10,247.63,247.65,247.58,247.58,17546
AMZN,2026-09-16,13:11,247.585,247.5899,247.45,247.5,27589
AMZN,2026-09-16,13:12,247.48,247.5,247.4404,247.46,16834
AMZN,2026-09-16,13:13,247.47,247.495,247.4501,247.48,19607
AMZN,2026-09-16,13:14,247.49,247.57,247.48,247.535,27255
AMZN,2026-09-16,13:15,247.5209,247.54,247.45,247.45,17856
AMZN,2026-09-16,13:16,247.455,247.544,247.455,247.54,17749
AMZN,2026-09-16,13:17,247.54,247.54,247.49,247.49,13883
AMZN,2026-09-16,13:18,247.495,247.55,247.475,247.53,27197
AMZN,2026-09-16,13:19,247.53,247.53,247.37,247.405,49233
AMZN,2026-09-16,13:20,247.405,247.6199,247.39,247.609,46135
AMZN,2026-09-16,13:21,247.59,247.64,247.551,247.59,22448
AMZN,2026-09-16,13:22,247.63,247.685,247.57,247.575,26168
AMZN,2026-09-16,13:23,247.6,247.6199,247.53,247.53,15527
AMZN,2026-09-16,13:24,247.53,247.65,247.52,247.65,16642
AMZN,2026-09-16,13:25,247.62,247.7,247.6001,247.6708,50656
AMZN,2026-09-16,13:26,247.685,247.74,247.67,247.74,15251
AMZN,2026-09-16,13:27,247.76,247.76,247.695,247.71,16184
AMZN,2026-09-16,13:28,247.71,247.75,247.64,247.65,46654
AMZN,2026-09-16,13:29,247.66,247.7493,247.66,247.74,13790
AMZN,2026-09-16,13:30,247.755,247.77,247.66,247.69,23722
AMZN,2026-09-16,13:31,247.7,247.7,247.575,247.575,14141
AMZN,2026-09-16,13:32,247.6257,247.64,247.581,247.63,21645
AMZN,2026-09-16,13:33,247.644,247.715,247.63,247.685,19780
AMZN,2026-09-16,13:34,247.66,247.68,247.63,247.666,19308
AMZN,2026-09-16,13:35,247.64,247.645,247.595,247.63,23959
AMZN,2026-09-16,13:36,247.62,247.7,247.62,247.7,31708
AMZN,2026-09-16,13:37,247.72,247.72,247.65,247.675,25973
AMZN,2026-09-16,13:38,247.675,247.675,247.61,247.65,16780
AMZN,2026-09-16,13:39,247.64,247.7,247.59,247.59,25776
AMZN,2026-09-16,13:40,247.595,247.62,247.5,247.515,43991
AMZN,2026-09-16,13:41,247.515,247.55,247.44,247.485,47753
AMZN,2026-09-16,13:42,247.485,247.52,247.45,247.52,30662
AMZN,2026-09-16,13:43,247.525,247.54,247.38,247.38,20401
AMZN,2026-09-16,13:44,247.395,247.42,247.34,247.3597,34829
AMZN,2026-09-16,13:45,247.36,247.44,247.33,247.41,42269
AMZN,2026-09-16,13:46,247.41,247.4999,247.34,247.4826,34067
AMZN,2026-09-16,13:47,247.48,247.6999,247.45,247.67,25504
AMZN,2026-09-16,13:48,247.67,247.72,247.575,247.575,18565
AMZN,2026-09-16,13:49,247.57,247.59,247.53,247.565,18037
AMZN,2026-09-16,13:50,247.565,247.64,247.49,247.64,33948
AMZN,2026-09-16,13:51,247.64,247.69,247.61,247.67,21922
AMZN,2026-09-16,13:52,247.68,247.75,247.59,247.75,41425
AMZN,2026-09-16,13:53,247.75,247.77,247.62,247.68,26083
AMZN,2026-09-16,13:54,247.71,247.74,247.66,247.68,13411
AMZN,2026-09-16,13:55,247.68,247.68,247.56,247.59,26464
AMZN,2026-09-16,13:56,247.6,247.67,247.57,247.67,27429
AMZN,2026-09-16,13:57,247.6529,247.73,247.645,247.72,23970
AMZN,2026-09-16,13:58,247.72,247.84,247.7,247.83,30359
AMZN,2026-09-16,13:59,247.7701,247.8,247.66,247.8,28684
AMZN,2026-09-16,14:00,247.79,247.99,247.67,247.755,89307
AMZN,2026-09-16,14:01,247.765,247.79,247.59,247.72,43103
AMZN,2026-09-16,14:02,247.66,247.92,247.66,247.88,40179
AMZN,2026-09-16,14:03,247.88,248.09,247.88,247.94,65526
AMZN,2026-09-16,14:04,247.94,248.27,247.91,248.13,61448
AMZN,2026-09-16,14:05,248.16,248.32,247.97,247.98,46748
AMZN,2026-09-16,14:06,247.95,248.06,247.8756,248,44211
AMZN,2026-09-16,14:07,248,248.2,247.995,248.16,45728
AMZN,2026-09-16,14:08,248.16,248.4,248.1448,248.205,69473
AMZN,2026-09-16,14:09,248.2399,248.2399,248.04,248.075,54869
AMZN,2026-09-16,14:10,248.0959,248.0995,247.769,247.845,60953
AMZN,2026-09-16,14:11,247.84,247.8899,247.7,247.7694,42169
AMZN,2026-09-16,14:12,247.75,247.85,247.605,247.695,47313
AMZN,2026-09-16,14:13,247.68,247.83,247.64,247.815,26214
AMZN,2026-09-16,14:14,247.815,247.93,247.69,247.765,41907
AMZN,2026-09-16,14:15,247.77,247.81,247.67,247.67,21032
AMZN,2026-09-16,14:16,247.64,247.69,247.41,247.55,108956
AMZN,2026-09-16,14:17,247.585,247.66,247.5101,247.58,53687
AMZN,2026-09-16,14:18,247.585,247.685,247.525,247.552,27172
AMZN,2026-09-16,14:19,247.5325,247.88,247.51,247.7,60452
AMZN,2026-09-16,14:20,247.71,247.74,247.55,247.71,16350
AMZN,2026-09-16,14:21,247.695,247.77,247.61,247.65,22593
AMZN,2026-09-16,14:22,247.645,247.715,247.61,247.6292,36624
AMZN,2026-09-16,14:23,247.6096,247.6096,247.5,247.524,30030
AMZN,2026-09-16,14:24,247.55,247.6099,247.48,247.53,32784
AMZN,2026-09-16,14:25,247.52,247.5444,247.39,247.405,36379
AMZN,2026-09-16,14:26,247.405,247.51,247.405,247.475,38228
AMZN,2026-09-16,14:27,247.4705,247.485,247.3505,247.3705,41388
AMZN,2026-09-16,14:28,247.37,247.37,247.21,247.26,47734
AMZN,2026-09-16,14:29,247.255,247.39,247.23,247.33,54376
AMZN,2026-09-16,14:30,247.3,247.38,247.125,247.205,49784
AMZN,2026-09-16,14:31,247.21,247.21,247,247.1,67623
AMZN,2026-09-16,14:32,247.11,247.15,246.85,246.995,101861
AMZN,2026-09-16,14:33,246.98,247.13,246.75,246.75,105079
AMZN,2026-09-16,14:34,246.7557,246.8223,246.61,246.695,122896
AMZN,2026-09-16,14:35,246.68,246.73,246.34,246.34,121654
AMZN,2026-09-16,14:36,246.3899,246.43,246.125,246.125,92988
AMZN,2026-09-16,14:37,246.15,246.27,246.05,246.13,106369
AMZN,2026-09-16,14:38,246.125,246.78,246.125,246.69,79755
AMZN,2026-09-16,14:39,246.696,246.91,246.675,246.9,78965
AMZN,2026-09-16,14:40,246.895,247.1834,246.86,247.16,88581
AMZN,2026-09-16,14:41,247.16,247.4,247.11,247.38,53093
AMZN,2026-09-16,14:42,247.41,247.73,247.41,247.728,71119
AMZN,2026-09-16,14:43,247.73,247.78,247.56,247.61,71339
AMZN,2026-09-16,14:44,247.61,247.65,247.32,247.37,76725
AMZN,2026-09-16,14:45,247.33,247.57,247.2001,247.38,40330
AMZN,2026-09-16,14:46,247.355,247.425,247.2001,247.24,48716
AMZN,2026-09-16,14:47,247.2166,247.28,247.01,247.235,105516
AMZN,2026-09-16,14:48,247.235,247.36,247.12,247.125,47234
AMZN,2026-09-16,14:49,247.12,247.2,247.05,247.14,63541
AMZN,2026-09-16,14:50,247.1,247.12,246.85,246.86,58655
AMZN,2026-09-16,14:51,246.88,246.91,246.75,246.9,52228
AMZN,2026-09-16,14:52,246.9,246.9,246.5,246.62,68337
AMZN,2026-09-16,14:53,246.605,246.68,246.37,246.39,54099
AMZN,2026-09-16,14:54,246.35,246.37,246.22,246.26,66919
AMZN,2026-09-16,14:55,246.26,246.445,246.1105,246.23,69173
AMZN,2026-09-16,14:56,246.25,246.265,246.09,246.14,76265
AMZN,2026-09-16,14:57,246.11,246.11,245.78,245.855,170802
AMZN,2026-09-16,14:58,245.86,245.94,245.75,245.82,82099
AMZN,2026-09-16,14:59,245.84,245.955,245.68,245.73,89990
AMZN,2026-09-16,15:00,245.75,246.155,245.68,246.11,116744
AMZN,2026-09-16,15:01,246.1074,246.28,246.03,246.075,66127
AMZN,2026-09-16,15:02,246.06,246.2,246.03,246.17,58245
AMZN,2026-09-16,15:03,246.1747,246.37,246.08,246.35,67530
AMZN,2026-09-16,15:04,246.36,246.485,246.25,246.31,55380
AMZN,2026-09-16,15:05,246.2584,246.31,246.01,246.2105,70276
AMZN,2026-09-16,15:06,246.22,246.32,246.11,246.1505,49473
AMZN,2026-09-16,15:07,246.16,246.175,245.97,246.035,35308
AMZN,2026-09-16,15:08,246.03,246.125,245.85,245.9635,58331
AMZN,2026-09-16,15:09,245.96,245.96,245.7301,245.8899,69533
AMZN,2026-09-16,15:10,245.87,245.92,245.575,245.58,92548
AMZN,2026-09-16,15:11,245.59,245.64,245.3096,245.3448,151937
AMZN,2026-09-16,15:12,245.355,245.38,245.1201,245.1201,141923
AMZN,2026-09-16,15:13,245.14,245.27,244.93,245.015,253416
AMZN,2026-09-16,15:14,245,245.245,244.95,245.17,176795
AMZN,2026-09-16,15:15,245.16,245.4,245.11,245.17,63815
AMZN,2026-09-16,15:16,245.165,245.165,244.96,245.05,72707
AMZN,2026-09-16,15:17,245.05,245.07,244.925,244.96,75829
AMZN,2026-09-16,15:18,244.97,245.105,244.96,245.0259,95518
AMZN,2026-09-16,15:19,245.02,245.065,244.78,244.9499,83192
AMZN,2026-09-16,15:20,244.92,245.06,244.73,244.732,120474
AMZN,2026-09-16,15:21,244.76,244.81,244.67,244.73,115495
AMZN,2026-09-16,15:22,244.73,244.86,244.67,244.78,153579
AMZN,2026-09-16,15:23,244.775,244.91,244.68,244.69,91430
AMZN,2026-09-16,15:24,244.7,244.81,244.65,244.77,80374
AMZN,2026-09-16,15:25,244.8,244.92,244.5,244.51,111647
AMZN,2026-09-16,15:26,244.5,244.52,244.335,244.44,123881
AMZN,2026-09-16,15:27,244.44,244.57,244.31,244.52,115272
AMZN,2026-09-16,15:28,244.52,244.54,244.3,244.3591,96478
AMZN,2026-09-16,15:29,244.36,244.715,244.36,244.68,77993
AMZN,2026-09-16,15:30,244.68,244.9,244.63,244.85,117389
AMZN,2026-09-16,15:31,244.8471,244.95,244.82,244.88,81909
AMZN,2026-09-16,15:32,244.88,245.12,244.855,245.025,152102
AMZN,2026-09-16,15:33,245.0274,245.165,244.885,245.01,101291
AMZN,2026-09-16,15:34,245.005,245.35,244.99,245.34,85290
AMZN,2026-09-16,15:35,245.335,245.47,245.31,245.43,79681
AMZN,2026-09-16,15:36,245.41,245.432,245.01,245.1,95208
AMZN,2026-09-16,15:37,245.0948,245.3528,245.07,245.3528,64656
AMZN,2026-09-16,15:38,245.35,245.45,245.33,245.365,72674
AMZN,2026-09-16,15:39,245.3593,245.52,245.33,245.42,75679
AMZN,2026-09-16,15:40,245.425,245.455,245.28,245.37,68200
AMZN,2026-09-16,15:41,245.375,245.52,245.1301,245.1301,134968
AMZN,2026-09-16,15:42,245.1324,245.28,245.06,245.1,87814
AMZN,2026-09-16,15:43,245.1088,245.32,245.08,245.28,72791
AMZN,2026-09-16,15:44,245.31,245.34,245.2201,245.31,103020
AMZN,2026-09-16,15:45,245.285,245.54,245.23,245.47,84566
AMZN,2026-09-16,15:46,245.4767,245.6,245.45,245.48,88878
AMZN,2026-09-16,15:47,245.49,245.58,245.47,245.58,77564
AMZN,2026-09-16,15:48,245.58,245.7,245.52,245.6207,91340
AMZN,2026-09-16,15:49,245.624,245.67,245.58,245.615,76676
AMZN,2026-09-16,15:50,245.63,245.75,245.54,245.75,145205
AMZN,2026-09-16,15:51,245.72,245.81,245.6584,245.68,124288
AMZN,2026-09-16,15:52,245.685,245.78,245.635,245.78,138934
AMZN,2026-09-16,15:53,245.77,245.805,245.6018,245.615,139382
AMZN,2026-09-16,15:54,245.6,245.79,245.51,245.6,145591
AMZN,2026-09-16,15:55,245.56,246.14,245.39,246.14,320446
AMZN,2026-09-16,15:56,246.15,246.19,246,246.07,195183
AMZN,2026-09-16,15:57,246.07,246.1,245.9,245.9094,187678
AMZN,2026-09-16,15:58,245.905,245.95,245.84,245.945,342191
AMZN,2026-09-16,15:59,245.945,246.14,245.82,245.84,920174
AMZN,2026-09-16,16:00,245.96,245.96,245.96,245.96,0
