symbol,date,time,open,high,low,close,volume
BRK-B,2026-09-08,09:30,503,504,502.5,502.8401,176267
BRK-B,2026-09-08,09:31,503.03,503.065,501.1,501.69,60741
BRK-B,2026-09-08,09:32,501.95,502.9895,500.8,502.89,43464
BRK-B,2026-09-08,09:33,502.99,503.215,501.945,502.55,31110
BRK-B,2026-09-08,09:34,502.7754,503,501.53,501.885,27960
BRK-B,2026-09-08,09:35,501.77,502.4599,501.23,502.24,13494
BRK-B,2026-09-08,09:36,502.2207,502.7,501.88,502.295,34026
BRK-B,2026-09-08,09:37,502.1247,502.59,502.06,502.336,16264
BRK-B,2026-09-08,09:38,502.3,502.39,501.37,501.445,45063
BRK-B,2026-09-08,09:39,501.445,502.2,501.35,501.45,18176
BRK-B,2026-09-08,09:40,501.44,501.6599,501.18,501.6599,23837
BRK-B,2026-09-08,09:41,501.53,501.8099,500.7,501.165,63794
BRK-B,2026-09-08,09:42,501.205,501.6,501.0201,501.53,26371
BRK-B,2026-09-08,09:43,501.6,502.48,501.53,502.195,12121
BRK-B,2026-09-08,09:44,502.22,502.46,501.64,502.23,33813
BRK-B,2026-09-08,09:45,502.2,502.46,501.85,501.89,15050
BRK-B,2026-09-08,09:46,501.93,501.93,501.5,501.5985,11380
BRK-B,2026-09-08,09:47,501.65,502.61,501.65,502.61,12335
BRK-B,2026-09-08,09:48,502.415,502.7,502.22,502.52,14973
BRK-B,2026-09-08,09:49,502.46,503.1,502.46,502.98,30074
BRK-B,2026-09-08,09:50,503.1,503.2199,502.76,502.79,26739
BRK-B,2026-09-08,09:51,502.845,503.48,502.7801,503.48,29311
BRK-B,2026-09-08,09:52,503.46,504,503.18,503.744,22420
BRK-B,2026-09-08,09:53,503.675,503.98,503.5101,503.98,10200
BRK-B,2026-09-08,09:54,503.78,504.36,503.71,504.16,9151
BRK-B,2026-09-08,09:55,504.05,504.8,504.02,504.58,7148
BRK-B,2026-09-08,09:56,504.64,504.86,504.27,504.64,9563
BRK-B,2026-09-08,09:57,504.505,504.8,504.167,504.8,13661
BRK-B,2026-09-08,09:58,504.87,504.94,504.41,504.62,9952
BRK-B,2026-09-08,09:59,504.5462,504.72,504.0214,504.474,10365
BRK-B,2026-09-08,10:00,504.31,504.64,504.08,504.51,7965
BRK-B,2026-09-08,10:01,504.51,504.94,504.12,504.1201,7842
BRK-B,2026-09-08,10:02,504.23,504.79,504.23,504.79,13322
BRK-B,2026-09-08,10:03,504.55,504.79,504.015,504.26,12473
BRK-B,2026-09-08,10:04,504.25,504.61,504.1601,504.61,7630
BRK-B,2026-09-08,10:05,504.2951,504.92,504.2951,504.855,4020
BRK-B,2026-09-08,10:06,504.77,505,504.7,504.85,8665
BRK-B,2026-09-08,10:07,504.9996,505.46,504.94,505.08,31102
BRK-B,2026-09-08,10:08,505.08,505.22,504.86,504.97,11268
BRK-B,2026-09-08,10:09,505.025,505.28,504.8706,505.134,9196
BRK-B,2026-09-08,10:10,505.28,505.28,505.021,505.2,8026
BRK-B,2026-09-08,10:11,505.2,505.4,504.9,504.94,14252
BRK-B,2026-09-08,10:12,504.96,505.11,504.69,505.015,8736
BRK-B,2026-09-08,10:13,504.99,505.46,504.91,505.46,9017
BRK-B,2026-09-08,10:14,505.435,505.435,505.21,505.37,7675
BRK-B,2026-09-08,10:15,505.3,505.37,504.51,504.745,30122
BRK-B,2026-09-08,10:16,504.69,504.69,504.4729,504.4729,5639
BRK-B,2026-09-08,10:17,504.5701,504.67,504.33,504.33,7330
BRK-B,2026-09-08,10:18,504.3301,504.45,503.87,503.97,12236
BRK-B,2026-09-08,10:19,503.98,504.27,503.79,504.27,8379
BRK-B,2026-09-08,10:20,504.26,504.3,504.01,504.13,7087
BRK-B,2026-09-08,10:21,504.13,504.18,503.97,504.13,7357
BRK-B,2026-09-08,10:22,504.1,504.3,504,504.3,4940
BRK-B,2026-09-08,10:23,504.25,504.48,504.12,504.2,7110
BRK-B,2026-09-08,10:24,504.265,504.67,504.19,504.49,4909
BRK-B,2026-09-08,10:25,504.4824,504.73,504.4824,504.73,4345
BRK-B,2026-09-08,10:26,504.86,505.095,504.72,505.04,6495
BRK-B,2026-09-08,10:27,505.04,505.13,504.75,505.06,6523
BRK-B,2026-09-08,10:28,504.975,505.19,504.92,505.17,6545
BRK-B,2026-09-08,10:29,505.18,505.31,505,505.23,6763
BRK-B,2026-09-08,10:30,505.24,505.36,505.15,505.3151,4777
BRK-B,2026-09-08,10:31,505.32,505.4,505.17,505.21,6368
BRK-B,2026-09-08,10:32,505.227,505.245,504.88,504.99,9644
BRK-B,2026-09-08,10:33,504.905,505,504.747,505,2622
BRK-B,2026-09-08,10:34,504.955,505.01,504.21,504.37,8201
BRK-B,2026-09-08,10:35,504.41,504.51,504.3,504.375,4612
BRK-B,2026-09-08,10:36,504.355,504.83,504.355,504.755,8320
BRK-B,2026-09-08,10:37,504.9,504.9,504.46,504.655,4105
BRK-B,2026-09-08,10:38,504.77,504.89,504.72,504.887,2225
BRK-B,2026-09-08,10:39,504.86,505,504.76,504.99,5224
BRK-B,2026-09-08,10:40,504.88,504.97,504.72,504.83,3302
BRK-B,2026-09-08,10:41,504.83,504.92,504.65,504.82,7285
BRK-B,2026-09-08,10:42,504.86,504.8999,504.785,504.83,2656
BRK-B,2026-09-08,10:43,504.715,504.8499,504.7,504.7,4468
BRK-B,2026-09-08,10:44,504.79,504.79,504.36,504.4899,5423
BRK-B,2026-09-08,10:45,504.36,504.47,504.21,504.35,3099
BRK-B,2026-09-08,10:46,504.35,504.66,504.3,504.59,4493
BRK-B,2026-09-08,10:47,504.425,504.76,504.425,504.76,5860
BRK-B,2026-09-08,10:48,504.755,504.755,504.4,504.49,7648
BRK-B,2026-09-08,10:49,504.3701,504.68,504.3701,504.585,4326
BRK-B,2026-09-08,10:50,504.585,504.68,504.3901,504.48,6471
BRK-B,2026-09-08,10:51,504.48,504.65,504.43,504.585,6660
BRK-B,2026-09-08,10:52,504.585,504.5982,504.39,504.49,12029
BRK-B,2026-09-08,10:53,504.425,504.48,504.34,504.36,7921
BRK-B,2026-09-08,10:54,504.34,504.34,504.14,504.2,5625
BRK-B,2026-09-08,10:55,504.22,504.3,504.185,504.21,1992
BRK-B,2026-09-08,10:56,504.2995,504.33,504.2,504.3,4835
BRK-B,2026-09-08,10:57,504.2938,504.2938,504.14,504.25,2738
BRK-B,2026-09-08,10:58,504.175,504.2075,503.836,504.08,6356
BRK-B,2026-09-08,10:59,504.05,504.17,503.92,503.94,9772
BRK-B,2026-09-08,11:00,503.94,504.07,503.71,503.815,11652
BRK-B,2026-09-08,11:01,503.92,504.11,503.92,504.106,5110
BRK-B,2026-09-08,11:02,504.11,504.18,504.01,504.085,9082
BRK-B,2026-09-08,11:03,504.115,504.55,504.115,504.55,5549
BRK-B,2026-09-08,11:04,504.24,504.6299,504.24,504.44,12676
BRK-B,2026-09-08,11:05,504.44,504.525,504.3,504.525,3776
BRK-B,2026-09-08,11:06,504.42,504.8,504.42,504.5,3526
BRK-B,2026-09-08,11:07,504.51,504.72,504.5,504.52,3998
BRK-B,2026-09-08,11:08,504.61,504.83,504.519,504.83,4284
BRK-B,2026-09-08,11:09,504.75,504.83,504.58,504.5801,10585
BRK-B,2026-09-08,11:10,504.655,504.655,504.54,504.65,5216
BRK-B,2026-09-08,11:11,504.665,504.83,504.54,504.7601,6525
BRK-B,2026-09-08,11:12,504.76,505.28,504.76,505.17,7091
BRK-B,2026-09-08,11:13,505.07,505.11,504.9405,505.005,4080
BRK-B,2026-09-08,11:14,505.005,505.055,504.57,504.59,6265
BRK-B,2026-09-08,11:15,504.52,504.67,504.4901,504.66,2115
BRK-B,2026-09-08,11:16,504.67,504.75,504.5,504.64,4696
BRK-B,2026-09-08,11:17,504.51,504.8,504.51,504.77,1679
BRK-B,2026-09-08,11:18,504.78,504.83,504.56,504.645,6794
BRK-B,2026-09-08,11:19,504.645,504.65,504.02,504.02,11750
BRK-B,2026-09-08,11:20,504.19,504.35,504.02,504.35,3138
BRK-B,2026-09-08,11:21,504.38,504.43,504.15,504.42,5230
BRK-B,2026-09-08,11:22,504.33,504.358,504.19,504.2,6796
BRK-B,2026-09-08,11:23,504.23,504.24,504.1,504.2118,2480
BRK-B,2026-09-08,11:24,504.2,504.31,504.04,504.305,4268
BRK-B,2026-09-08,11:25,504.25,504.505,504.23,504.315,5295
BRK-B,2026-09-08,11:26,504.295,504.56,504.295,504.55,5676
BRK-B,2026-09-08,11:27,504.3601,504.57,504.36,504.36,2930
BRK-B,2026-09-08,11:28,504.36,504.39,504.26,504.3,4029
BRK-B,2026-09-08,11:29,504.23,504.23,503.93,504.11,6708
BRK-B,2026-09-08,11:30,504.02,504.39,504.02,504.37,5218
BRK-B,2026-09-08,11:31,504.22,504.36,504.13,504.36,6971
BRK-B,2026-09-08,11:32,504.4,504.4,504.31,504.31,4188
BRK-B,2026-09-08,11:33,504.38,504.54,504.38,504.54,7212
BRK-B,2026-09-08,11:34,504.54,504.575,504.42,504.46,3688
BRK-B,2026-09-08,11:35,504.5,504.515,504.0684,504.105,11811
BRK-B,2026-09-08,11:36,504.105,504.21,504.04,504.16,3521
BRK-B,2026-09-08,11:37,504.06,504.11,503.88,503.97,4136
BRK-B,2026-09-08,11:38,503.93,504.7,503.93,504.7,31986
BRK-B,2026-09-08,11:39,504.68,504.84,504.47,504.63,26096
BRK-B,2026-09-08,11:40,504.58,504.6,504.38,504.42,5641
BRK-B,2026-09-08,11:41,504.47,504.56,504.415,504.47,2180
BRK-B,2026-09-08,11:42,504.52,504.56,504.37,504.37,3054
BRK-B,2026-09-08,11:43,504.3,504.35,504.16,504.345,2949
BRK-B,2026-09-08,11:44,504.37,504.44,504.2972,504.34,3707
BRK-B,2026-09-08,11:45,504.42,504.52,504.3201,504.434,1737
BRK-B,2026-09-08,11:46,504.41,504.4481,504.31,504.41,2222
BRK-B,2026-09-08,11:47,504.43,504.48,504.2501,504.4,8366
BRK-B,2026-09-08,11:48,504.5,504.5972,504.48,504.4891,1599
BRK-B,2026-09-08,11:49,504.48,504.6899,504.38,504.57,5431
BRK-B,2026-09-08,11:50,504.69,504.69,504.37,504.37,2616
BRK-B,2026-09-08,11:51,504.5,504.65,504.4101,504.535,2488
BRK-B,2026-09-08,11:52,504.5741,504.8999,504.5741,504.84,3111
BRK-B,2026-09-08,11:53,504.77,504.85,504.69,504.745,2690
BRK-B,2026-09-08,11:54,504.75,504.84,504.75,504.77,1022
BRK-B,2026-09-08,11:55,504.77,504.785,504.67,504.785,1743
BRK-B,2026-09-08,11:56,504.85,504.85,504.64,504.64,4243
BRK-B,2026-09-08,11:57,504.66,504.6624,504.58,504.61,503785
BRK-B,2026-09-08,11:58,504.61,504.71,504.55,504.55,3243
BRK-B,2026-09-08,11:59,504.545,504.545,504.375,504.475,2062
BRK-B,2026-09-08,12:00,504.42,504.435,504.25,504.25,3000
BRK-B,2026-09-08,12:01,504.285,504.29,504.22,504.25,2832
BRK-B,2026-09-08,12:02,504.31,504.3846,504.27,504.315,2830
BRK-B,2026-09-08,12:03,504.31,504.62,504.25,504.61,6696
BRK-B,2026-09-08,12:04,504.53,504.8199,504.53,504.8024,4925
BRK-B,2026-09-08,12:05,504.69,504.69,504.54,504.6,2015
BRK-B,2026-09-08,12:06,504.6,504.66,504.6,504.66,909
BRK-B,2026-09-08,12:07,504.7,504.735,504.6001,504.66,2572
BRK-B,2026-09-08,12:08,504.665,504.665,504.55,504.55,2905
BRK-B,2026-09-08,12:09,504.55,504.655,504.53,504.655,2376
BRK-B,2026-09-08,12:10,504.655,504.655,504.52,504.52,1669
BRK-B,2026-09-08,12:11,504.52,504.55,504.44,504.5384,3372
BRK-B,2026-09-08,12:12,504.55,504.59,504.52,504.59,3664
BRK-B,2026-09-08,12:13,504.535,504.58,504.4701,504.525,4275
BRK-B,2026-09-08,12:14,504.555,504.83,504.51,504.82,14573
BRK-B,2026-09-08,12:15,504.82,504.82,504.6501,504.6501,1268
BRK-B,2026-09-08,12:16,504.72,504.72,504.6,504.65,4895
BRK-B,2026-09-08,12:17,504.7,504.78,504.61,504.7224,2240
BRK-B,2026-09-08,12:18,504.69,504.73,504.684,504.73,610
BRK-B,2026-09-08,12:19,504.705,504.82,504.69,504.7663,2175
BRK-B,2026-09-08,12:20,504.8,504.86,504.54,504.675,5454
BRK-B,2026-09-08,12:21,504.8,504.87,504.7001,504.87,1719
BRK-B,2026-09-08,12:22,504.795,505,504.795,504.915,3846
BRK-B,2026-09-08,12:23,504.91,505.04,504.9,504.94,3004
BRK-B,2026-09-08,12:24,504.94,504.95,504.7,504.755,4594
BRK-B,2026-09-08,12:25,504.755,504.755,504.57,504.71,4210
BRK-B,2026-09-08,12:26,504.61,504.75,504.61,504.67,2489
BRK-B,2026-09-08,12:27,504.67,504.675,504.61,504.66,3112
BRK-B,2026-09-08,12:28,504.7,504.75,504.35,504.43,6773
BRK-B,2026-09-08,12:29,504.38,504.55,504.38,504.46,2696
BRK-B,2026-09-08,12:30,504.39,504.4455,504.25,504.36,4759
BRK-B,2026-09-08,12:31,504.36,504.52,504.3,504.52,3132
BRK-B,2026-09-08,12:32,504.445,504.6399,504.445,504.55,6242
BRK-B,2026-09-08,12:33,504.62,504.62,504.5,504.565,1902
BRK-B,2026-09-08,12:34,504.62,504.77,504.62,504.63,5572
BRK-B,2026-09-08,12:35,504.76,504.76,504.48,504.5,4306
BRK-B,2026-09-08,12:36,504.4558,504.51,504.4001,504.5,4191
BRK-B,2026-09-08,12:37,504.53,504.53,504.42,504.505,1604
BRK-B,2026-09-08,12:38,504.5,504.5489,504.41,504.43,2753
BRK-B,2026-09-08,12:39,504.401,504.4393,504.335,504.348,3039
BRK-B,2026-09-08,12:40,504.36,504.41,504.33,504.41,2248
BRK-B,2026-09-08,12:41,504.36,504.41,504.29,504.3103,3723
BRK-B,2026-09-08,12:42,504.325,504.325,504.25,504.255,2634
BRK-B,2026-09-08,12:43,504.26,504.3,504.21,504.21,3601
BRK-B,2026-09-08,12:44,504.21,504.215,504.17,504.17,1594
BRK-B,2026-09-08,12:45,504.2189,504.2189,504.135,504.2,1654
BRK-B,2026-09-08,12:46,504.175,504.36,504.1601,504.36,3946
BRK-B,2026-09-08,12:47,504.36,504.45,504.2564,504.45,1455
BRK-B,2026-09-08,12:48,504.42,504.56,504.39,504.56,2398
BRK-B,2026-09-08,12:49,504.51,504.59,504.43,504.59,3133
BRK-B,2026-09-08,12:50,504.65,504.755,504.5901,504.61,4664
BRK-B,2026-09-08,12:51,504.5919,504.5919,504.4301,504.515,2510
BRK-B,2026-09-08,12:52,504.6,504.6,504.4201,504.52,1526
BRK-B,2026-09-08,12:53,504.465,504.52,504.46,504.5,1924
BRK-B,2026-09-08,12:54,504.5,504.5,504.335,504.36,3418
BRK-B,2026-09-08,12:55,504.2622,504.48,504.2622,504.465,2243
BRK-B,2026-09-08,12:56,504.44,504.47,504.32,504.335,4220
BRK-B,2026-09-08,12:57,504.37,504.54,504.37,504.51,1622
BRK-B,2026-09-08,12:58,504.5284,504.54,504.505,504.54,1797
BRK-B,2026-09-08,12:59,504.48,504.6,504.48,504.54,5065
BRK-B,2026-09-08,13:00,504.565,504.565,504.44,504.56,4388
BRK-B,2026-09-08,13:01,504.56,504.7,504.54,504.7,3133
BRK-B,2026-09-08,13:02,504.7,504.83,504.67,504.8,1981
BRK-B,2026-09-08,13:03,504.7782,504.82,504.6518,504.77,2934
BRK-B,2026-09-08,13:04,504.77,504.87,504.6695,504.87,1711
BRK-B,2026-09-08,13:05,504.85,504.88,504.7,504.85,1176
BRK-B,2026-09-08,13:06,504.85,504.99,504.8,504.89,2862
BRK-B,2026-09-08,13:07,504.86,504.95,504.86,504.91,1285
BRK-B,2026-09-08,13:08,504.85,504.9,504.8,504.83,3144
BRK-B,2026-09-08,13:09,504.8865,504.96,504.8002,504.8953,4501
BRK-B,2026-09-08,13:10,504.9,505,504.84,504.9899,2321
BRK-B,2026-09-08,13:11,504.91,505,504.74,504.74,3635
BRK-B,2026-09-08,13:12,504.71,504.71,504.53,504.54,1533
BRK-B,2026-09-08,13:13,504.49,504.54,504.2801,504.3275,1677
BRK-B,2026-09-08,13:14,504.32,504.4699,504.29,504.4,2653
BRK-B,2026-09-08,13:15,504.52,504.6,504.405,504.55,1726
BRK-B,2026-09-08,13:16,504.55,504.55,504.47,504.52,1236
BRK-B,2026-09-08,13:17,504.52,504.56,504.47,504.49,1565
BRK-B,2026-09-08,13:18,504.49,504.55,504.4164,504.4164,3804
BRK-B,2026-09-08,13:19,504.43,504.51,504.3,504.51,6142
BRK-B,2026-09-08,13:20,504.51,504.54,504.465,504.53,2440
BRK-B,2026-09-08,13:21,504.495,504.53,504.455,504.455,1767
BRK-B,2026-09-08,13:22,504.55,504.68,504.55,504.6101,2558
BRK-B,2026-09-08,13:23,504.61,504.69,504.49,504.49,2820
BRK-B,2026-09-08,13:24,504.52,504.555,504.47,504.535,1568
BRK-B,2026-09-08,13:25,504.535,504.535,504.28,504.28,4433
BRK-B,2026-09-08,13:26,504.3064,504.43,504.3064,504.36,1930
BRK-B,2026-09-08,13:27,504.37,504.44,504.33,504.44,2130
BRK-B,2026-09-08,13:28,504.395,504.61,504.395,504.44,3286
BRK-B,2026-09-08,13:29,504.4101,504.545,504.4101,504.495,2603
BRK-B,2026-09-08,13:30,504.5294,504.64,504.5,504.56,3666
BRK-B,2026-09-08,13:31,504.54,504.5749,504.455,504.57,2414
BRK-B,2026-09-08,13:32,504.3701,504.56,504.3701,504.56,1873
BRK-B,2026-09-08,13:33,504.56,504.7,504.5072,504.63,4204
BRK-B,2026-09-08,13:34,504.62,504.66,504.52,504.59,2044
BRK-B,2026-09-08,13:35,504.65,504.6994,504.57,504.6994,1793
BRK-B,2026-09-08,13:36,504.652,504.75,504.49,504.75,6992
BRK-B,2026-09-08,13:37,504.745,504.84,504.67,504.755,2503
BRK-B,2026-09-08,13:38,504.76,504.86,504.655,504.66,5913
BRK-B,2026-09-08,13:39,504.71,504.737,504.66,504.705,1904
BRK-B,2026-09-08,13:40,504.705,504.78,504.705,504.77,2170
BRK-B,2026-09-08,13:41,504.72,504.86,504.72,504.76,5686
BRK-B,2026-09-08,13:42,504.76,504.7849,504.71,504.735,1625
BRK-B,2026-09-08,13:43,504.74,504.74,504.65,504.66,2481
BRK-B,2026-09-08,13:44,504.67,504.86,504.67,504.8453,2249
BRK-B,2026-09-08,13:45,504.745,504.9182,504.5966,504.5966,4385
BRK-B,2026-09-08,13:46,504.645,504.82,504.645,504.82,2717
BRK-B,2026-09-08,13:47,504.78,504.88,504.77,504.88,1886
BRK-B,2026-09-08,13:48,504.88,505.06,504.88,504.97,3890
BRK-B,2026-09-08,13:49,504.965,505.1599,504.89,505.07,4012
BRK-B,2026-09-08,13:50,505.07,505.17,505.01,505.105,4087
BRK-B,2026-09-08,13:51,505.105,505.15,505.04,505.15,3273
BRK-B,2026-09-08,13:52,505.11,505.25,505.05,505.25,6218
BRK-B,2026-09-08,13:53,505.21,505.25,505.11,505.25,4344
BRK-B,2026-09-08,13:54,505.185,505.185,505.06,505.06,2868
BRK-B,2026-09-08,13:55,505.01,505.15,505.0002,505.12,2430
BRK-B,2026-09-08,13:56,505.12,505.18,504.98,504.98,6554
BRK-B,2026-09-08,13:57,504.98,505.01,504.88,504.88,2381
BRK-B,2026-09-08,13:58,504.93,504.99,504.9,504.9,1629
BRK-B,2026-09-08,13:59,504.99,505.09,504.87,505.07,3746
BRK-B,2026-09-08,14:00,505,505.1,505,505.09,3500
BRK-B,2026-09-08,14:01,505.1,505.2,505.0586,505.18,4804
BRK-B,2026-09-08,14:02,505.12,505.14,505.035,505.09,2750
BRK-B,2026-09-08,14:03,505.08,505.18,505.01,505.02,1577
BRK-B,2026-09-08,14:04,505.05,505.2,505,505.08,3007
BRK-B,2026-09-08,14:05,505.0501,505.07,504.92,505.06,2577
BRK-B,2026-09-08,14:06,505.04,505.13,505.03,505.12,1682
BRK-B,2026-09-08,14:07,505.045,505.13,504.9401,505.035,1736
BRK-B,2026-09-08,14:08,505.035,505.13,505.035,505.1138,1221
BRK-B,2026-09-08,14:09,505.05,505.13,504.96,504.96,4171
BRK-B,2026-09-08,14:10,504.975,505.13,504.92,504.955,8873
BRK-B,2026-09-08,14:11,504.955,504.99,504.9128,504.97,3554
BRK-B,2026-09-08,14:12,504.9451,505.63,504.8901,505.53,28958
BRK-B,2026-09-08,14:13,505.575,505.63,505.4,505.49,10895
BRK-B,2026-09-08,14:14,505.4999,505.5,505.41,505.455,3147
BRK-B,2026-09-08,14:15,505.5,505.64,505.45,505.55,3394
BRK-B,2026-09-08,14:16,505.55,505.55,505.4029,505.4029,2490
BRK-B,2026-09-08,14:17,505.39,505.4,505.23,505.255,2522
BRK-B,2026-09-08,14:18,505.25,505.42,505.2101,505.38,4108
BRK-B,2026-09-08,14:19,505.42,505.596,505.3746,505.48,5505
BRK-B,2026-09-08,14:20,505.54,505.6083,505.43,505.5675,3522
BRK-B,2026-09-08,14:21,505.525,505.61,505.515,505.61,1089
BRK-B,2026-09-08,14:22,505.53,505.72,505.53,505.59,3465
BRK-B,2026-09-08,14:23,505.59,505.64,505.47,505.51,5425
BRK-B,2026-09-08,14:24,505.5658,505.57,505.44,505.545,6899
BRK-B,2026-09-08,14:25,505.545,505.61,505.44,505.455,5728
BRK-B,2026-09-08,14:26,505.455,505.5199,505.455,505.47,1500
BRK-B,2026-09-08,14:27,505.5155,505.5155,505.42,505.46,2080
BRK-B,2026-09-08,14:28,505.52,505.52,505.465,505.51,1402
BRK-B,2026-09-08,14:29,505.498,505.51,505.39,505.39,2451
BRK-B,2026-09-08,14:30,505.43,505.43,505.31,505.31,2645
BRK-B,2026-09-08,14:31,505.3899,505.52,505.2551,505.52,2579
BRK-B,2026-09-08,14:32,505.46,505.53,505.37,505.37,4135
BRK-B,2026-09-08,14:33,505.45,505.61,505.45,505.61,2796
BRK-B,2026-09-08,14:34,505.61,505.65,505.52,505.59,3531
BRK-B,2026-09-08,14:35,505.64,505.65,505.495,505.5001,5126
BRK-B,2026-09-08,14:36,505.57,505.6,505.3522,505.54,3608
BRK-B,2026-09-08,14:37,505.54,505.54,505.385,505.385,4232
BRK-B,2026-09-08,14:38,505.37,505.47,505.37,505.47,2408
BRK-B,2026-09-08,14:39,505.385,505.42,505.32,505.33,2519
BRK-B,2026-09-08,14:40,505.32,505.42,505.31,505.42,2825
BRK-B,2026-09-08,14:41,505.365,505.5,505.35,505.395,3004
BRK-B,2026-09-08,14:42,505.34,505.45,505.34,505.375,5733
BRK-B,2026-09-08,14:43,505.375,505.49,505.33,505.49,3653
BRK-B,2026-09-08,14:44,505.49,505.76,505.42,505.72,9907
BRK-B,2026-09-08,14:45,505.71,505.74,505.6,505.69,4064
BRK-B,2026-09-08,14:46,505.73,505.83,505.7122,505.77,4032
BRK-B,2026-09-08,14:47,505.82,505.92,505.74,505.785,4757
BRK-B,2026-09-08,14:48,505.74,505.82,505.6,505.8,5223
BRK-B,2026-09-08,14:49,505.6,505.76,505.39,505.655,9828
BRK-B,2026-09-08,14:50,505.66,505.78,505.5801,505.78,4240
BRK-B,2026-09-08,14:51,505.78,505.9,505.75,505.8813,4485
BRK-B,2026-09-08,14:52,505.78,505.83,505.6811,505.765,4436
BRK-B,2026-09-08,14:53,505.87,505.88,505.7201,505.805,1673
BRK-B,2026-09-08,14:54,505.88,505.99,505.88,505.95,4731
BRK-B,2026-09-08,14:55,505.99,506.2,505.93,506.071,9667
BRK-B,2026-09-08,14:56,506.14,506.255,506.09,506.24,4095
BRK-B,2026-09-08,14:57,506.24,506.24,506.06,506.07,3623
BRK-B,2026-09-08,14:58,506.115,506.15,506.05,506.1,4765
BRK-B,2026-09-08,14:59,506.05,506.11,506.01,506.07,6658
BRK-B,2026-09-08,15:00,506.08,506.29,505.82,506.29,5208
BRK-B,2026-09-08,15:01,506.1025,506.31,506.0235,506.17,3553
BRK-B,2026-09-08,15:02,506.29,506.3999,506.06,506.06,3954
BRK-B,2026-09-08,15:03,506.115,506.1695,505.95,506.1695,2049
BRK-B,2026-09-08,15:04,506.044,506.15,506.044,506.1,1823
BRK-B,2026-09-08,15:05,506.1599,506.1599,506.04,506.085,5142
BRK-B,2026-09-08,15:06,506.085,506.17,506.085,506.12,4306
BRK-B,2026-09-08,15:07,506.11,506.2,506.06,506.19,4413
BRK-B,2026-09-08,15:08,506.22,506.38,506.19,506.37,5013
BRK-B,2026-09-08,15:09,506.38,506.45,506.3103,506.365,5701
BRK-B,2026-09-08,15:10,506.355,506.61,506.355,506.585,5692
BRK-B,2026-09-08,15:11,506.59,506.671,506.36,506.365,4549
BRK-B,2026-09-08,15:12,506.31,506.49,506.23,506.23,2752
BRK-B,2026-09-08,15:13,506.29,506.35,506.165,506.165,6471
BRK-B,2026-09-08,15:14,506.165,506.165,506.04,506.05,3495
BRK-B,2026-09-08,15:15,506.0885,506.0885,505.7901,505.7901,2855
BRK-B,2026-09-08,15:16,506.02,506.27,506,506.26,5809
BRK-B,2026-09-08,15:17,506.235,506.29,506.022,506.25,5227
BRK-B,2026-09-08,15:18,506.25,506.25,506.03,506.03,4533
BRK-B,2026-09-08,15:19,506.04,506.24,506.03,506.215,6363
BRK-B,2026-09-08,15:20,506.22,506.4025,506.05,506.4025,7005
BRK-B,2026-09-08,15:21,506.36,506.52,506.3,506.52,7041
BRK-B,2026-09-08,15:22,506.52,506.8,506.46,506.8,5755
BRK-B,2026-09-08,15:23,506.8,506.89,506.65,506.65,4077
BRK-B,2026-09-08,15:24,506.64,506.7,506.64,506.6881,2643
BRK-B,2026-09-08,15:25,506.6032,506.83,506.6032,506.775,6170
BRK-B,2026-09-08,15:26,506.7,506.79,506.7,506.79,1946
BRK-B,2026-09-08,15:27,506.7866,506.95,506.77,506.82,8040
BRK-B,2026-09-08,15:28,506.85,506.9,506.785,506.9,3001
BRK-B,2026-09-08,15:29,506.9,507,506.88,506.9625,8739
BRK-B,2026-09-08,15:30,506.934,507.075,506.82,507.02,11464
BRK-B,2026-09-08,15:31,506.98,507.12,506.93,507.0772,10762
BRK-B,2026-09-08,15:32,507.06,507.19,506.99,507.17,6656
BRK-B,2026-09-08,15:33,507.16,507.3,507.07,507.3,10006
BRK-B,2026-09-08,15:34,507.295,507.295,507.05,507.175,10901
BRK-B,2026-09-08,15:35,507.14,507.25,506.82,506.895,16620
BRK-B,2026-09-08,15:36,506.87,506.875,506.7809,506.84,6764
BRK-B,2026-09-08,15:37,506.84,506.96,506.81,506.84,9424
BRK-B,2026-09-08,15:38,506.81,507,506.77,507,5082
BRK-B,2026-09-08,15:39,506.9716,506.995,506.91,506.96,7757
BRK-B,2026-09-08,15:40,506.96,507.03,506.87,507.02,12979
BRK-B,2026-09-08,15:41,506.955,507,506.74,506.755,5677
BRK-B,2026-09-08,15:42,506.73,506.755,506.57,506.61,5264
BRK-B,2026-09-08,15:43,506.604,506.76,506.5,506.56,10427
BRK-B,2026-09-08,15:44,506.56,506.62,506.51,506.55,6045
BRK-B,2026-09-08,15:45,506.51,506.58,506.3717,506.54,48445
BRK-B,2026-09-08,15:46,506.54,506.54,506.4,506.475,4847
BRK-B,2026-09-08,15:47,506.43,506.5,506.34,506.5,6981
BRK-B,2026-09-08,15:48,506.5,506.55,506.3843,506.49,8254
BRK-B,2026-09-08,15:49,506.48,506.52,506.15,506.3,35637
BRK-B,2026-09-08,15:50,506.31,506.32,505.75,505.815,18260
BRK-B,2026-09-08,15:51,505.8599,506.035,505.7301,506.01,10932
BRK-B,2026-09-08,15:52,505.98,505.98,505.81,505.895,7196
BRK-B,2026-09-08,15:53,506,506.07,505.85,505.93,14467
BRK-B,2026-09-08,15:54,505.95,505.95,505.68,505.71,8413
BRK-B,2026-09-08,15:55,505.77,506.12,505.45,506.115,22317
BRK-B,2026-09-08,15:56,506.115,506.48,506.01,506.385,23627
BRK-B,2026-09-08,15:57,506.385,506.385,505.69,505.81,25561
BRK-B,2026-09-08,15:58,505.81,505.82,505.22,505.505,66500
BRK-B,2026-09-08,15:59,505.51,505.9,505.49,505.85,68219
BRK-B,2026-09-08,16:00,505.83,505.83,505.83,505.83,0
BRK-B,2026-09-09,09:30,504.1,504.825,503.47,504.21,93071
BRK-B,2026-09-09,09:31,504.13,505.11,504.13,504.88,9027
BRK-B,2026-09-09,09:32,504.61,504.88,503.95,504.72,10701
BRK-B,2026-09-09,09:33,504.58,504.88,503.18,503.55,37967
BRK-B,2026-09-09,09:34,503.4,503.55,502.3601,502.61,26404
BRK-B,2026-09-09,09:35,502.61,502.62,502,502.11,25956
BRK-B,2026-09-09,09:36,502.12,502.62,501.69,501.69,12254
BRK-B,2026-09-09,09:37,501.825,502.2895,501.6,502.2895,9511
BRK-B,2026-09-09,09:38,501.82,502.1,501.5,501.5,11689
BRK-B,2026-09-09,09:39,501.505,501.71,501.39,501.57,13036
BRK-B,2026-09-09,09:40,501.585,501.855,501.206,501.84,16673
BRK-B,2026-09-09,09:41,501.84,502.08,501.8298,501.925,18287
BRK-B,2026-09-09,09:42,501.925,502.02,501.8,501.97,12376
BRK-B,2026-09-09,09:43,501.97,502.17,501.9,502.135,8191
BRK-B,2026-09-09,09:44,502.135,502.75,502.09,502.62,14024
BRK-B,2026-09-09,09:45,502.615,502.97,502.3816,502.75,12039
BRK-B,2026-09-09,09:46,502.76,502.96,502.6301,502.79,10997
BRK-B,2026-09-09,09:47,502.815,503.14,502.81,503,9699
BRK-B,2026-09-09,09:48,503.0429,503.6,502.9101,503.4325,7478
BRK-B,2026-09-09,09:49,503.46,503.66,503.17,503.45,12159
BRK-B,2026-09-09,09:50,503.426,503.87,503.39,503.71,12201
BRK-B,2026-09-09,09:51,503.71,504.47,503.66,504.47,6743
BRK-B,2026-09-09,09:52,504.3,504.47,503.93,504.07,8081
BRK-B,2026-09-09,09:53,503.8614,504.15,503.86,503.995,3016
BRK-B,2026-09-09,09:54,504.025,504.26,504.025,504.12,8352
BRK-B,2026-09-09,09:55,504.04,504.1799,503.92,504.17,8961
BRK-B,2026-09-09,09:56,504.095,504.095,503.8,503.82,3430
BRK-B,2026-09-09,09:57,503.82,503.95,503.6001,503.945,19995
BRK-B,2026-09-09,09:58,504,504,503.825,503.825,2102
BRK-B,2026-09-09,09:59,503.78,503.99,503.68,503.845,3882
BRK-B,2026-09-09,10:00,503.84,504.12,503.805,504.12,24454
BRK-B,2026-09-09,10:01,504.2,504.95,504.18,504.805,6423
BRK-B,2026-09-09,10:02,504.805,504.805,504.57,504.68,3628
BRK-B,2026-09-09,10:03,504.68,504.68,504.0732,504.34,9566
BRK-B,2026-09-09,10:04,504.3,504.46,503.9901,504.065,6534
BRK-B,2026-09-09,10:05,504.065,504.345,504.01,504.3,6720
BRK-B,2026-09-09,10:06,504.29,504.3,504.02,504.19,4881
BRK-B,2026-09-09,10:07,504.195,504.78,504.195,504.6,5526
BRK-B,2026-09-09,10:08,504.61,505.12,504.565,505.1073,11594
BRK-B,2026-09-09,10:09,505.005,505.44,504.9023,505.38,3526
BRK-B,2026-09-09,10:10,505.3018,505.4,505,505.1,7666
BRK-B,2026-09-09,10:11,505.01,505.31,504.89,505.035,11991
BRK-B,2026-09-09,10:12,505.035,505.295,504.955,505.1,9196
BRK-B,2026-09-09,10:13,505.02,505.06,504.9,505.01,2862
BRK-B,2026-09-09,10:14,505.09,505.24,504.9,504.99,7124
BRK-B,2026-09-09,10:15,504.98,505.17,504.97,505.17,4925
BRK-B,2026-09-09,10:16,505.065,505.24,504.91,505.24,5262
BRK-B,2026-09-09,10:17,505.17,505.26,505,505.09,6316
BRK-B,2026-09-09,10:18,505.05,505.2,505,505.2,4439
BRK-B,2026-09-09,10:19,505.17,505.3,505.1191,505.19,9879
BRK-B,2026-09-09,10:20,505.27,505.3,505,505.1351,8586
BRK-B,2026-09-09,10:21,505.19,505.39,505.14,505.19,6437
BRK-B,2026-09-09,10:22,505.27,505.49,505.19,505.49,3361
BRK-B,2026-09-09,10:23,505.43,505.44,505.235,505.235,1886
BRK-B,2026-09-09,10:24,505.235,505.235,504.7,504.7,6072
BRK-B,2026-09-09,10:25,504.63,504.7,504.3701,504.58,5978
BRK-B,2026-09-09,10:26,504.49,504.74,504.48,504.73,2409
BRK-B,2026-09-09,10:27,504.525,504.82,504.525,504.67,3353
BRK-B,2026-09-09,10:28,504.67,504.82,504.54,504.57,4795
BRK-B,2026-09-09,10:29,504.61,504.665,504.42,504.49,3629
BRK-B,2026-09-09,10:30,504.59,504.98,504.59,504.865,4345
BRK-B,2026-09-09,10:31,504.73,505.06,504.73,504.955,2474
BRK-B,2026-09-09,10:32,505.06,505.15,505.025,505.15,2051
BRK-B,2026-09-09,10:33,505.02,505.19,504.9401,505.145,1517
BRK-B,2026-09-09,10:34,505.145,505.16,504.93,505.1,2812
BRK-B,2026-09-09,10:35,504.9901,505.43,504.9901,505.32,9677
BRK-B,2026-09-09,10:36,505.305,505.39,505.14,505.31,6804
BRK-B,2026-09-09,10:37,505.205,505.32,505.15,505.29,3037
BRK-B,2026-09-09,10:38,505.18,505.4,505.06,505.18,7807
BRK-B,2026-09-09,10:39,505.22,505.2899,505.07,505.16,2392
BRK-B,2026-09-09,10:40,505.18,505.18,504.91,504.99,2987
BRK-B,2026-09-09,10:41,505.07,505.18,504.99,505.13,2565
BRK-B,2026-09-09,10:42,505.11,505.29,505.1,505.1205,2035
BRK-B,2026-09-09,10:43,505.29,505.29,505.06,505.2195,2002
BRK-B,2026-09-09,10:44,505.22,505.225,505.08,505.185,6176
BRK-B,2026-09-09,10:45,505.185,505.25,505.03,505.25,4272
BRK-B,2026-09-09,10:46,505.2,505.43,505.15,505.33,3931
BRK-B,2026-09-09,10:47,505.3025,505.305,505.009,505.009,1324
BRK-B,2026-09-09,10:48,505.138,505.29,505.06,505.29,3684
BRK-B,2026-09-09,10:49,505.27,505.44,505.27,505.32,1939
BRK-B,2026-09-09,10:50,505.24,505.73,505.24,505.58,7322
BRK-B,2026-09-09,10:51,505.58,505.76,505.545,505.63,3825
BRK-B,2026-09-09,10:52,505.66,505.9,505.62,505.835,16307
BRK-B,2026-09-09,10:53,505.86,505.9,505.7088,505.9,4869
BRK-B,2026-09-09,10:54,505.91,506.18,505.91,505.9901,5709
BRK-B,2026-09-09,10:55,506.095,506.095,505.9601,505.9601,5314
BRK-B,2026-09-09,10:56,506.08,506.195,506,506.025,3588
BRK-B,2026-09-09,10:57,506.07,506.43,506.07,506.295,8317
BRK-B,2026-09-09,10:58,506.42,506.484,506.18,506.305,1932
BRK-B,2026-09-09,10:59,506.19,506.235,505.84,505.9,4647
BRK-B,2026-09-09,11:00,505.84,506.216,505.7801,506.18,3501
BRK-B,2026-09-09,11:01,506.1,506.1,505.71,505.93,3405
BRK-B,2026-09-09,11:02,505.7901,506.02,505.71,505.71,2142
BRK-B,2026-09-09,11:03,505.85,505.9,505.655,505.73,2474
BRK-B,2026-09-09,11:04,505.57,505.63,505.28,505.46,3249
BRK-B,2026-09-09,11:05,505.44,505.8263,505.28,505.7195,2038
BRK-B,2026-09-09,11:06,505.584,505.83,505.57,505.7,1316
BRK-B,2026-09-09,11:07,505.7,505.8199,505.5901,505.755,2159
BRK-B,2026-09-09,11:08,505.705,505.82,505.59,505.61,1717
BRK-B,2026-09-09,11:09,505.6,506,505.58,505.82,6008
BRK-B,2026-09-09,11:10,505.82,505.84,505.58,505.69,3870
BRK-B,2026-09-09,11:11,505.57,505.75,505.3301,505.75,4466
BRK-B,2026-09-09,11:12,505.8,506.1,505.76,506.05,4429
BRK-B,2026-09-09,11:13,506.13,506.34,506.13,506.3,6231
BRK-B,2026-09-09,11:14,506.3,506.41,506.14,506.19,3740
BRK-B,2026-09-09,11:15,506.19,506.31,506.028,506.18,21613
BRK-B,2026-09-09,11:16,506,506.37,506,506.37,11289
BRK-B,2026-09-09,11:17,506.32,506.57,506.22,506.4401,9430
BRK-B,2026-09-09,11:18,506.4971,506.75,506.2842,506.63,14734
BRK-B,2026-09-09,11:19,506.55,506.602,506.48,506.5,2600
BRK-B,2026-09-09,11:20,506.5,506.71,506.47,506.47,6078
BRK-B,2026-09-09,11:21,506.67,506.82,506.6403,506.76,4621
BRK-B,2026-09-09,11:22,506.76,507.04,506.72,506.86,11001
BRK-B,2026-09-09,11:23,506.865,507.12,506.8201,506.9,6065
BRK-B,2026-09-09,11:24,506.99,507.06,506.8001,506.895,5441
BRK-B,2026-09-09,11:25,506.83,506.9899,506.7301,506.75,5837
BRK-B,2026-09-09,11:26,506.73,506.95,506.725,506.79,10218
BRK-B,2026-09-09,11:27,506.86,506.865,506.66,506.715,3234
BRK-B,2026-09-09,11:28,506.735,506.8499,506.62,506.73,4622
BRK-B,2026-09-09,11:29,506.7299,507.15,506.7299,507.0813,8322
BRK-B,2026-09-09,11:30,506.9901,507.15,506.67,506.67,7243
BRK-B,2026-09-09,11:31,506.655,506.655,506.5,506.5955,2302
BRK-B,2026-09-09,11:32,506.605,506.605,506.4001,506.4001,2521
BRK-B,2026-09-09,11:33,506.49,506.5347,506.31,506.48,6604
BRK-B,2026-09-09,11:34,506.333,506.6,506.333,506.485,3025
BRK-B,2026-09-09,11:35,506.55,506.55,506.41,506.41,2292
BRK-B,2026-09-09,11:36,506.43,506.49,506.37,506.435,3476
BRK-B,2026-09-09,11:37,506.45,506.59,506.3901,506.53,3120
BRK-B,2026-09-09,11:38,506.5899,506.6999,506.52,506.6999,3624
BRK-B,2026-09-09,11:39,506.615,506.94,506.53,506.92,5969
BRK-B,2026-09-09,11:40,506.8685,506.885,506.8685,506.88,1568
BRK-B,2026-09-09,11:41,506.885,506.99,506.77,506.79,2643
BRK-B,2026-09-09,11:42,506.84,507.53,506.8,507.32,28492
BRK-B,2026-09-09,11:43,507.32,507.32,506.95,507.06,7459
BRK-B,2026-09-09,11:44,507.0575,507.11,506.96,507.05,1251
BRK-B,2026-09-09,11:45,507.045,507.1142,506.7192,506.7192,3248
BRK-B,2026-09-09,11:46,506.76,506.87,506.59,506.59,1125
BRK-B,2026-09-09,11:47,506.745,506.86,506.69,506.69,2752
BRK-B,2026-09-09,11:48,506.725,506.94,506.6906,506.85,3487
BRK-B,2026-09-09,11:49,506.85,506.85,506.735,506.84,3677
BRK-B,2026-09-09,11:50,506.85,506.939,506.78,506.8046,3437
BRK-B,2026-09-09,11:51,506.79,506.795,506.7,506.79,3082
BRK-B,2026-09-09,11:52,506.79,506.8311,506.73,506.78,1872
BRK-B,2026-09-09,11:53,506.75,506.83,506.75,506.83,3288
BRK-B,2026-09-09,11:54,506.8499,507.0592,506.72,507.0592,4347
BRK-B,2026-09-09,11:55,507.03,507.22,507,507.18,3758
BRK-B,2026-09-09,11:56,507.15,507.38,507.135,507.1703,5849
BRK-B,2026-09-09,11:57,507.3,507.5804,507.2372,507.5,3490
BRK-B,2026-09-09,11:58,507.59,507.6,507.24,507.31,5563
BRK-B,2026-09-09,11:59,507.31,507.42,507.227,507.42,3650
BRK-B,2026-09-09,12:00,507.35,507.51,507.24,507.3572,3687
BRK-B,2026-09-09,12:01,507.45,507.51,507.1,507.1,6961
BRK-B,2026-09-09,12:02,507.04,507.07,506.93,507.065,4044
BRK-B,2026-09-09,12:03,507.03,507.16,506.95,507.01,5987
BRK-B,2026-09-09,12:04,507.01,507.14,507.01,507.07,3403
BRK-B,2026-09-09,12:05,507.11,507.11,506.83,506.905,5463
BRK-B,2026-09-09,12:06,506.905,506.905,506.802,506.81,2043
BRK-B,2026-09-09,12:07,506.75,506.8,506.5501,506.66,5899
BRK-B,2026-09-09,12:08,506.67,506.77,506.58,506.58,3146
BRK-B,2026-09-09,12:09,506.59,506.77,506.51,506.68,1855
BRK-B,2026-09-09,12:10,506.6,506.635,506.3997,506.3997,4431
BRK-B,2026-09-09,12:11,506.5,506.615,506.47,506.615,2009
BRK-B,2026-09-09,12:12,506.655,506.72,506.56,506.665,3098
BRK-B,2026-09-09,12:13,506.61,506.86,506.61,506.84,3440
BRK-B,2026-09-09,12:14,506.8136,506.925,506.7848,506.925,2771
BRK-B,2026-09-09,12:15,506.93,507,506.87,506.935,1219
BRK-B,2026-09-09,12:16,506.98,506.9864,506.88,506.91,2063
BRK-B,2026-09-09,12:17,506.94,507,506.8,506.8,1807
BRK-B,2026-09-09,12:18,506.8,507,506.8,507,2579
BRK-B,2026-09-09,12:19,506.97,507,506.9,506.95,3394
BRK-B,2026-09-09,12:20,506.952,507,506.87,506.95,2472
BRK-B,2026-09-09,12:21,506.9372,506.975,506.885,506.975,1356
BRK-B,2026-09-09,12:22,506.95,506.98,506.95,506.95,1344
BRK-B,2026-09-09,12:23,506.95,507.02,506.92,506.9678,3032
BRK-B,2026-09-09,12:24,507.02,507.19,507.02,507.19,3729
BRK-B,2026-09-09,12:25,507.165,507.23,507.14,507.14,4974
BRK-B,2026-09-09,12:26,507.155,507.25,507.0901,507.1657,1654
BRK-B,2026-09-09,12:27,507.22,507.25,507.0509,507.095,2680
BRK-B,2026-09-09,12:28,507.05,507.195,507.05,507.195,2137
BRK-B,2026-09-09,12:29,507.19,507.3,507.17,507.25,3113
BRK-B,2026-09-09,12:30,507.25,507.3,507.18,507.225,2800
BRK-B,2026-09-09,12:31,507.22,507.3,507.16,507.1701,2584
BRK-B,2026-09-09,12:32,507.195,507.31,507.195,507.31,1426
BRK-B,2026-09-09,12:33,507.27,507.29,507.16,507.23,3229
BRK-B,2026-09-09,12:34,507.23,507.23,507.17,507.19,1053
BRK-B,2026-09-09,12:35,507.225,507.2892,507.17,507.2716,2119
BRK-B,2026-09-09,12:36,507.22,507.22,506.9501,507.0681,4376
BRK-B,2026-09-09,12:37,506.9621,507.14,506.92,507.01,6386
BRK-B,2026-09-09,12:38,507.01,507.0579,507,507.04,1585
BRK-B,2026-09-09,12:39,507.08,507.1886,507.08,507.17,3733
BRK-B,2026-09-09,12:40,507.14,507.2,507.11,507.155,1530
BRK-B,2026-09-09,12:41,507.2,507.2,507.1101,507.2,2467
BRK-B,2026-09-09,12:42,507.15,507.19,506.97,506.97,4643
BRK-B,2026-09-09,12:43,507.055,507.14,506.98,507.095,2691
BRK-B,2026-09-09,12:44,507.03,507.189,506.99,507.1,21187
BRK-B,2026-09-09,12:45,507.11,507.15,507.08,507.0801,1907
BRK-B,2026-09-09,12:46,507.11,507.1263,507.005,507.0236,2950
BRK-B,2026-09-09,12:47,507.03,507.2,507.03,507.2,2916
BRK-B,2026-09-09,12:48,507.2,507.2,507.085,507.15,1714
BRK-B,2026-09-09,12:49,507.16,507.25,507.135,507.24,1910
BRK-B,2026-09-09,12:50,507.245,507.29,507.1784,507.24,5914
BRK-B,2026-09-09,12:51,507.2849,507.2849,507.17,507.25,1819
BRK-B,2026-09-09,12:52,507.25,507.26,507.17,507.26,1228
BRK-B,2026-09-09,12:53,507.18,507.26,507.18,507.188,1928
BRK-B,2026-09-09,12:54,507.24,507.3,507.2,507.3,2050
BRK-B,2026-09-09,12:55,507.256,507.29,507.19,507.2,3875
BRK-B,2026-09-09,12:56,507.2,507.26,507.12,507.195,11976
BRK-B,2026-09-09,12:57,507.2249,507.29,507.14,507.14,3352
BRK-B,2026-09-09,12:58,507.23,507.41,507.23,507.39,8415
BRK-B,2026-09-09,12:59,507.375,507.47,507.356,507.405,5549
BRK-B,2026-09-09,13:00,507.4,507.605,507.4,507.51,8304
BRK-B,2026-09-09,13:01,507.525,507.6285,507.496,507.52,1800
BRK-B,2026-09-09,13:02,507.62,507.72,507.55,507.62,4501
BRK-B,2026-09-09,13:03,507.62,507.65,507.51,507.56,6417
BRK-B,2026-09-09,13:04,507.59,507.59,507.2901,507.32,3557
BRK-B,2026-09-09,13:05,507.34,507.42,507.3,507.42,3103
BRK-B,2026-09-09,13:06,507.5,507.62,507.49,507.585,7540
BRK-B,2026-09-09,13:07,507.59,507.63,507.55,507.58,10502
BRK-B,2026-09-09,13:08,507.58,507.6,507.397,507.49,2751
BRK-B,2026-09-09,13:09,507.49,507.55,507.42,507.42,2869
BRK-B,2026-09-09,13:10,507.52,507.84,507.45,507.84,4145
BRK-B,2026-09-09,13:11,507.6901,507.8225,507.46,507.61,9490
BRK-B,2026-09-09,13:12,507.48,507.97,507.48,507.97,4041
BRK-B,2026-09-09,13:13,507.97,508.18,507.97,508.05,13262
BRK-B,2026-09-09,13:14,508.1345,508.18,508.02,508.1444,5437
BRK-B,2026-09-09,13:15,508.13,508.28,508.13,508.28,4959
BRK-B,2026-09-09,13:16,508.26,508.32,508.199,508.265,2851
BRK-B,2026-09-09,13:17,508.248,508.35,508.15,508.275,3417
BRK-B,2026-09-09,13:18,508.16,508.25,508.075,508.25,4390
BRK-B,2026-09-09,13:19,508.16,508.255,508.16,508.18,1604
BRK-B,2026-09-09,13:20,508.16,508.24,508.12,508.12,5729
BRK-B,2026-09-09,13:21,508.22,508.43,508.2,508.315,6826
BRK-B,2026-09-09,13:22,508.4224,508.4224,508.285,508.285,1660
BRK-B,2026-09-09,13:23,508.29,508.29,508.23,508.245,1728
BRK-B,2026-09-09,13:24,508.25,508.41,508.24,508.315,6390
BRK-B,2026-09-09,13:25,508.4,508.4,508.315,508.33,1666
BRK-B,2026-09-09,13:26,508.34,508.612,508.24,508.32,12609
BRK-B,2026-09-09,13:27,508.3199,508.6299,508.31,508.57,6500
BRK-B,2026-09-09,13:28,508.63,508.72,508.5801,508.635,3608
BRK-B,2026-09-09,13:29,508.58,508.9702,508.58,508.96,6458
BRK-B,2026-09-09,13:30,508.93,508.99,508.63,508.835,6975
BRK-B,2026-09-09,13:31,508.982,509.09,508.7,509.09,13862
BRK-B,2026-09-09,13:32,509.035,509.12,508.9401,508.99,14006
BRK-B,2026-09-09,13:33,508.99,509.02,508.798,508.89,7618
BRK-B,2026-09-09,13:34,508.97,509.19,508.9,509.045,5372
BRK-B,2026-09-09,13:35,509,509.045,508.8704,508.89,6215
BRK-B,2026-09-09,13:36,508.9,509.06,508.9,509.04,3879
BRK-B,2026-09-09,13:37,509.03,509.1,508.704,509.06,15127
BRK-B,2026-09-09,13:38,509.0317,509.04,508.82,508.9,5582
BRK-B,2026-09-09,13:39,509.01,509.02,508.87,508.925,3430
BRK-B,2026-09-09,13:40,508.925,509.23,508.911,509.21,10401
BRK-B,2026-09-09,13:41,509.205,509.205,508.929,509.035,3938
BRK-B,2026-09-09,13:42,509.07,509.25,509.07,509.24,3175
BRK-B,2026-09-09,13:43,509.24,509.24,509.11,509.11,2103
BRK-B,2026-09-09,13:44,509.17,509.27,509.16,509.21,3772
BRK-B,2026-09-09,13:45,509.16,509.19,509,509.005,4230
BRK-B,2026-09-09,13:46,509.02,509.17,508.9901,509.0001,3214
BRK-B,2026-09-09,13:47,509.13,509.25,509.12,509.24,4094
BRK-B,2026-09-09,13:48,509.24,509.4,509.13,509.33,8811
BRK-B,2026-09-09,13:49,509.33,509.39,509.05,509.05,5556
BRK-B,2026-09-09,13:50,509.05,509.2516,508.94,509.1,11263
BRK-B,2026-09-09,13:51,509.06,509.15,509,509.15,7558
BRK-B,2026-09-09,13:52,509.1101,509.3499,509.1101,509.285,10629
BRK-B,2026-09-09,13:53,509.295,509.3427,509.2,509.285,6070
BRK-B,2026-09-09,13:54,509.227,509.2999,509.13,509.19,3859
BRK-B,2026-09-09,13:55,509.19,509.3,509.12,509.29,4341
BRK-B,2026-09-09,13:56,509.32,509.39,509.27,509.33,3178
BRK-B,2026-09-09,13:57,509.33,509.5,509.318,509.375,22181
BRK-B,2026-09-09,13:58,509.375,509.4198,509.31,509.31,2055
BRK-B,2026-09-09,13:59,509.31,509.3942,509.29,509.29,2577
BRK-B,2026-09-09,14:00,509.37,509.51,509.365,509.365,7703
BRK-B,2026-09-09,14:01,509.36,509.395,509.325,509.325,1723
BRK-B,2026-09-09,14:02,509.315,509.35,508.86,508.86,7344
BRK-B,2026-09-09,14:03,508.87,509,508.7979,509,4087
BRK-B,2026-09-09,14:04,509,509.34,509,509.15,9388
BRK-B,2026-09-09,14:05,509.15,509.24,509.15,509.19,4731
BRK-B,2026-09-09,14:06,509.0701,509.2866,509.05,509.175,4134
BRK-B,2026-09-09,14:07,509.26,509.26,508.825,508.825,3393
BRK-B,2026-09-09,14:08,508.81,508.9569,508.76,508.888,5294
BRK-B,2026-09-09,14:09,508.83,508.84,508.3687,508.485,17426
BRK-B,2026-09-09,14:10,508.5,508.6399,508.4,508.525,5692
BRK-B,2026-09-09,14:11,508.52,508.68,508.52,508.66,3410
BRK-B,2026-09-09,14:12,508.66,508.73,508.54,508.605,2347
BRK-B,2026-09-09,14:13,508.56,508.5799,508.47,508.5591,2553
BRK-B,2026-09-09,14:14,508.55,508.69,508.55,508.62,1999
BRK-B,2026-09-09,14:15,508.61,508.62,508.47,508.6,6511
BRK-B,2026-09-09,14:16,508.63,508.7884,508.58,508.77,3279
BRK-B,2026-09-09,14:17,508.77,508.92,508.77,508.87,2726
BRK-B,2026-09-09,14:18,508.8101,508.9499,508.8,508.87,4286
BRK-B,2026-09-09,14:19,508.895,508.9204,508.7928,508.865,5286
BRK-B,2026-09-09,14:20,508.865,508.87,508.84,508.855,2437
BRK-B,2026-09-09,14:21,508.845,508.89,508.825,508.825,4719
BRK-B,2026-09-09,14:22,508.92,508.92,508.82,508.82,1828
BRK-B,2026-09-09,14:23,508.815,508.85,508.78,508.8499,1459
BRK-B,2026-09-09,14:24,508.7884,508.7884,508.7326,508.7696,1240
BRK-B,2026-09-09,14:25,508.7901,508.7901,508.4675,508.57,10020
BRK-B,2026-09-09,14:26,508.57,508.57,508.205,508.205,4522
BRK-B,2026-09-09,14:27,508.205,508.28,508.11,508.11,4887
BRK-B,2026-09-09,14:28,508.135,508.135,508.03,508.03,5164
BRK-B,2026-09-09,14:29,507.97,507.97,507.85,507.856,2909
BRK-B,2026-09-09,14:30,507.8401,507.88,507.765,507.765,2783
BRK-B,2026-09-09,14:31,507.76,507.82,507.5301,507.58,15365
BRK-B,2026-09-09,14:32,507.58,507.58,507.43,507.4751,2934
BRK-B,2026-09-09,14:33,507.48,507.5142,507.355,507.415,3188
BRK-B,2026-09-09,14:34,507.3335,507.6,507.3335,507.47,5807
BRK-B,2026-09-09,14:35,507.5,507.5864,507.4401,507.54,1810
BRK-B,2026-09-09,14:36,507.52,507.59,507.44,507.45,1689
BRK-B,2026-09-09,14:37,507.42,507.585,507.42,507.52,3474
BRK-B,2026-09-09,14:38,507.5953,507.65,507.47,507.6,8282
BRK-B,2026-09-09,14:39,507.56,507.64,507.52,507.5574,5705
BRK-B,2026-09-09,14:40,507.48,507.57,507.42,507.57,2566
BRK-B,2026-09-09,14:41,507.3501,507.57,507.3501,507.55,6020
BRK-B,2026-09-09,14:42,507.55,507.66,507.4201,507.4201,5202
BRK-B,2026-09-09,14:43,507.41,507.41,507.35,507.39,2282
BRK-B,2026-09-09,14:44,507.39,507.4397,507.24,507.4397,4143
BRK-B,2026-09-09,14:45,507.42,507.4999,507.31,507.31,4462
BRK-B,2026-09-09,14:46,507.33,507.36,507.3,507.33,2133
BRK-B,2026-09-09,14:47,507.35,507.42,507.22,507.295,5363
BRK-B,2026-09-09,14:48,507.28,507.33,507.22,507.275,2229
BRK-B,2026-09-09,14:49,507.275,507.3099,507.22,507.25,8268
BRK-B,2026-09-09,14:50,507.23,507.23,507.1201,507.13,4030
BRK-B,2026-09-09,14:51,507.12,507.12,506.83,506.965,5833
BRK-B,2026-09-09,14:52,506.93,506.93,506.7764,506.855,4021
BRK-B,2026-09-09,14:53,506.82,506.84,506.6,506.77,8127
BRK-B,2026-09-09,14:54,506.74,506.77,506.6001,506.65,4588
BRK-B,2026-09-09,14:55,506.65,506.65,506.5201,506.56,4547
BRK-B,2026-09-09,14:56,506.61,506.65,506.5601,506.615,2508
BRK-B,2026-09-09,14:57,506.65,506.65,506.35,506.415,3533
BRK-B,2026-09-09,14:58,506.405,506.91,506.38,506.8372,10327
BRK-B,2026-09-09,14:59,506.97,507.01,506.7601,506.95,6689
BRK-B,2026-09-09,15:00,506.97,507.04,506.78,506.85,9855
BRK-B,2026-09-09,15:01,506.82,506.91,506.815,506.91,3273
BRK-B,2026-09-09,15:02,506.9,506.964,506.84,506.8789,4002
BRK-B,2026-09-09,15:03,506.86,507.04,506.86,506.93,14832
BRK-B,2026-09-09,15:04,506.87,506.9617,506.83,506.865,2191
BRK-B,2026-09-09,15:05,506.865,507.0297,506.83,507.0297,7242
BRK-B,2026-09-09,15:06,506.96,506.99,506.917,506.955,1883
BRK-B,2026-09-09,15:07,506.955,507.125,506.9452,507.11,5785
BRK-B,2026-09-09,15:08,507.045,507.18,507.045,507.0813,3290
BRK-B,2026-09-09,15:09,507.18,507.5,507.11,507.5,9903
BRK-B,2026-09-09,15:10,507.5,507.51,507.3901,507.45,9919
BRK-B,2026-09-09,15:11,507.4167,507.71,507.4167,507.702,8768
BRK-B,2026-09-09,15:12,507.4612,507.57,507.45,507.57,1368
BRK-B,2026-09-09,15:13,507.545,507.545,507.3501,507.3501,5659
BRK-B,2026-09-09,15:14,507.35,507.43,507.3497,507.3497,4124
BRK-B,2026-09-09,15:15,507.3497,507.41,507.28,507.41,6803
BRK-B,2026-09-09,15:16,507.44,507.5,507.39,507.4,3275
BRK-B,2026-09-09,15:17,507.36,507.375,507.22,507.31,7421
BRK-B,2026-09-09,15:18,507.39,507.4323,507.2626,507.2626,2582
BRK-B,2026-09-09,15:19,507.305,507.43,507.305,507.43,3812
BRK-B,2026-09-09,15:20,507.385,507.5899,507.33,507.5,10198
BRK-B,2026-09-09,15:21,507.495,507.5272,507.4396,507.47,4850
BRK-B,2026-09-09,15:22,507.4301,507.557,507.4301,507.505,7528
BRK-B,2026-09-09,15:23,507.505,507.8562,507.505,507.695,5927
BRK-B,2026-09-09,15:24,507.695,507.695,507.25,507.345,5955
BRK-B,2026-09-09,15:25,507.345,507.42,507.25,507.25,4755
BRK-B,2026-09-09,15:26,507.23,507.285,507.13,507.27,5427
BRK-B,2026-09-09,15:27,507.24,507.29,507.13,507.2471,2764
BRK-B,2026-09-09,15:28,507.28,507.4419,507.18,507.27,7757
BRK-B,2026-09-09,15:29,507.2492,507.3599,507.0801,507.22,5338
BRK-B,2026-09-09,15:30,507.21,507.326,507.17,507.275,7377
BRK-B,2026-09-09,15:31,507.31,507.31,507.19,507.2,8549
BRK-B,2026-09-09,15:32,507.2,507.32,507.19,507.26,5580
BRK-B,2026-09-09,15:33,507.27,507.42,507.2301,507.42,7880
BRK-B,2026-09-09,15:34,507.33,507.45,507.19,507.405,10325
BRK-B,2026-09-09,15:35,507.37,507.56,507.29,507.56,9575
BRK-B,2026-09-09,15:36,507.44,507.5,507.2605,507.2605,4050
BRK-B,2026-09-09,15:37,507.27,507.365,507.27,507.33,4662
BRK-B,2026-09-09,15:38,507.36,507.36,507.25,507.25,3327
BRK-B,2026-09-09,15:39,507.27,507.3,507.1725,507.1725,4212
BRK-B,2026-09-09,15:40,507.17,507.21,507.12,507.152,9845
BRK-B,2026-09-09,15:41,507.16,507.21,507.12,507.17,13877
BRK-B,2026-09-09,15:42,507.15,507.21,507.06,507.08,7386
BRK-B,2026-09-09,15:43,507.07,507.11,506.98,507.1085,7782
BRK-B,2026-09-09,15:44,507.05,507.1,506.98,507.045,4480
BRK-B,2026-09-09,15:45,507.03,507.1375,506.935,506.95,9445
BRK-B,2026-09-09,15:46,506.94,507.1999,506.91,507.13,12534
BRK-B,2026-09-09,15:47,507.13,507.16,507.04,507.155,7937
BRK-B,2026-09-09,15:48,507.15,507.15,507.06,507.14,5476
BRK-B,2026-09-09,15:49,507.115,507.29,507.06,507.06,9731
BRK-B,2026-09-09,15:50,507.13,507.2,506.601,506.61,27485
BRK-B,2026-09-09,15:51,506.6,506.77,506.57,506.65,10482
BRK-B,2026-09-09,15:52,506.59,506.79,506.56,506.75,22786
BRK-B,2026-09-09,15:53,506.69,506.745,506.62,506.745,15568
BRK-B,2026-09-09,15:54,506.7,506.755,506.52,506.7,10415
BRK-B,2026-09-09,15:55,506.68,506.86,506.52,506.835,17931
BRK-B,2026-09-09,15:56,506.86,506.875,506.76,506.81,17175
BRK-B,2026-09-09,15:57,506.8,507.04,506.73,507.005,53262
BRK-B,2026-09-09,15:58,506.99,507.07,506.9,507.015,52362
BRK-B,2026-09-09,15:59,507.015,507.02,506.66,506.76,81183
BRK-B,2026-09-09,16:00,506.72,506.72,506.72,506.72,0
BRK-B,2026-09-10,09:30,508.74,509.39,507.48,509.39,104814
BRK-B,2026-09-10,09:31,508.5,508.675,507.01,508.12,22790
BRK-B,2026-09-10,09:32,508.3,509.03,508.18,508.865,21186
BRK-B,2026-09-10,09:33,509.07,509.19,507.78,507.95,7138
BRK-B,2026-09-10,09:34,508.0964,508.78,507.395,507.62,10440
BRK-B,2026-09-10,09:35,507.575,507.575,506.79,507.14,12234
BRK-B,2026-09-10,09:36,507.3229,507.71,506.92,507.325,23743
BRK-B,2026-09-10,09:37,507.5415,508.25,507,507.735,37713
BRK-B,2026-09-10,09:38,507.73,507.85,507.5,507.665,5623
BRK-B,2026-09-10,09:39,507.72,507.91,507.29,507.29,10910
BRK-B,2026-09-10,09:40,507.465,507.73,507.22,507.58,14423
BRK-B,2026-09-10,09:41,507.405,509.2,507.405,509.1979,22744
BRK-B,2026-09-10,09:42,509.115,509.5844,509.02,509.39,16876
BRK-B,2026-09-10,09:43,509.4,509.75,509.4,509.65,7893
BRK-B,2026-09-10,09:44,509.59,509.6,509.15,509.3396,5779
BRK-B,2026-09-10,09:45,509.35,509.405,509.161,509.27,4657
BRK-B,2026-09-10,09:46,509.265,509.71,509.265,509.59,14025
BRK-B,2026-09-10,09:47,509.47,509.72,509.28,509.66,9656
BRK-B,2026-09-10,09:48,509.66,510.45,509.58,510.45,36976
BRK-B,2026-09-10,09:49,510.5,510.58,509.51,509.56,28556
BRK-B,2026-09-10,09:50,509.5,509.56,508.925,509.24,13836
BRK-B,2026-09-10,09:51,509.24,509.25,508.91,508.96,17011
BRK-B,2026-09-10,09:52,508.8968,508.8968,508.31,508.39,7131
BRK-B,2026-09-10,09:53,508.525,508.81,508.4722,508.58,13871
BRK-B,2026-09-10,09:54,508.53,508.69,508.055,508.4252,8159
BRK-B,2026-09-10,09:55,508.76,508.77,508.25,508.33,7340
BRK-B,2026-09-10,09:56,508.215,508.56,508.16,508.37,19104
BRK-B,2026-09-10,09:57,508.45,508.6799,508.3101,508.5017,18657
BRK-B,2026-09-10,09:58,508.32,508.5519,508.31,508.5,7274
BRK-B,2026-09-10,09:59,508.57,508.65,508.4,508.4,9339
BRK-B,2026-09-10,10:00,508.65,508.67,507.84,507.84,10839
BRK-B,2026-09-10,10:01,507.945,508,507.748,507.93,8968
BRK-B,2026-09-10,10:02,508,508.01,507,507.3457,7402
BRK-B,2026-09-10,10:03,507.11,507.3465,506.72,506.72,12079
BRK-B,2026-09-10,10:04,506.81,506.99,506.7201,506.855,6568
BRK-B,2026-09-10,10:05,506.82,506.825,506.65,506.75,7704
BRK-B,2026-09-10,10:06,506.74,506.75,506.6,506.635,3855
BRK-B,2026-09-10,10:07,506.635,506.655,506.38,506.45,6883
BRK-B,2026-09-10,10:08,506.55,506.9714,506.55,506.81,17929
BRK-B,2026-09-10,10:09,506.9,506.97,506.6,506.63,10918
BRK-B,2026-09-10,10:10,506.64,506.715,506.4,506.4647,6358
BRK-B,2026-09-10,10:11,506.455,506.79,506.34,506.475,7315
BRK-B,2026-09-10,10:12,506.3501,506.81,506.35,506.75,4008
BRK-B,2026-09-10,10:13,506.75,506.85,506.49,506.59,3278
BRK-B,2026-09-10,10:14,506.59,506.815,506.48,506.67,8271
BRK-B,2026-09-10,10:15,506.6865,506.935,506.6865,506.86,6643
BRK-B,2026-09-10,10:16,506.8,507.43,506.8,507.305,4991
BRK-B,2026-09-10,10:17,507.27,507.28,507.09,507.175,4856
BRK-B,2026-09-10,10:18,507.175,507.26,507.1,507.215,2421
BRK-B,2026-09-10,10:19,507.25,507.3,507,507.0675,6750
BRK-B,2026-09-10,10:20,507.05,507.186,506.97,507.035,4887
BRK-B,2026-09-10,10:21,507.085,507.16,507.07,507.12,5453
BRK-B,2026-09-10,10:22,507.07,507.1699,506.93,507.04,5995
BRK-B,2026-09-10,10:23,507.115,507.115,506.98,506.98,1759
BRK-B,2026-09-10,10:24,507.125,507.3,506.68,507,14111
BRK-B,2026-09-10,10:25,507.04,507.1325,506.53,506.705,7680
BRK-B,2026-09-10,10:26,506.655,506.83,506.6,506.7282,2042
BRK-B,2026-09-10,10:27,506.7101,506.835,506.38,506.38,6426
BRK-B,2026-09-10,10:28,506.35,506.36,505.83,505.99,14314
BRK-B,2026-09-10,10:29,506,506.27,505.98,506.27,3972
BRK-B,2026-09-10,10:30,506.17,506.44,506.12,506.12,7213
BRK-B,2026-09-10,10:31,506.16,506.3899,506.15,506.295,1796
BRK-B,2026-09-10,10:32,506.295,506.52,506.21,506.5,5894
BRK-B,2026-09-10,10:33,506.495,506.73,506.45,506.68,8030
BRK-B,2026-09-10,10:34,506.77,506.9185,506.725,506.725,2430
BRK-B,2026-09-10,10:35,506.73,506.74,506.46,506.49,4601
BRK-B,2026-09-10,10:36,506.46,506.59,506.38,506.4,2880
BRK-B,2026-09-10,10:37,506.4,506.44,506.1725,506.29,3417
BRK-B,2026-09-10,10:38,506.33,506.64,506.33,506.53,5540
BRK-B,2026-09-10,10:39,506.54,506.596,506.41,506.52,10054
BRK-B,2026-09-10,10:40,506.55,506.67,506.4,506.57,4498
BRK-B,2026-09-10,10:41,506.61,506.6899,506.48,506.6,4573
BRK-B,2026-09-10,10:42,506.6699,506.715,506.55,506.615,5829
BRK-B,2026-09-10,10:43,506.615,506.615,506.2906,506.395,5949
BRK-B,2026-09-10,10:44,506.415,506.59,506.34,506.5,4293
BRK-B,2026-09-10,10:45,506.47,506.5199,506.2101,506.32,7390
BRK-B,2026-09-10,10:46,506.32,506.485,506.15,506.485,4756
BRK-B,2026-09-10,10:47,506.42,506.495,506.29,506.495,3868
BRK-B,2026-09-10,10:48,506.36,506.5,506.355,506.38,3101
BRK-B,2026-09-10,10:49,506.38,506.4614,506.3,506.3,2129
BRK-B,2026-09-10,10:50,506.26,506.35,506.02,506.0711,5021
BRK-B,2026-09-10,10:51,506.09,506.2814,506.055,506.24,3368
BRK-B,2026-09-10,10:52,506.18,506.26,506.01,506.12,4120
BRK-B,2026-09-10,10:53,506.12,506.4153,506.12,506.3687,7290
BRK-B,2026-09-10,10:54,506.33,506.425,506.25,506.4,6565
BRK-B,2026-09-10,10:55,506.35,506.45,506.34,506.385,2421
BRK-B,2026-09-10,10:56,506.4306,506.53,506.4306,506.5,2922
BRK-B,2026-09-10,10:57,506.44,506.54,506.27,506.335,3866
BRK-B,2026-09-10,10:58,506.33,506.335,506.11,506.23,6675
BRK-B,2026-09-10,10:59,506.31,506.332,506.07,506.1,5981
BRK-B,2026-09-10,11:00,506.13,506.13,505.75,505.8,12550
BRK-B,2026-09-10,11:01,505.8,506.265,505.74,506.17,7879
BRK-B,2026-09-10,11:02,506.28,506.28,506.11,506.115,2616
BRK-B,2026-09-10,11:03,506.165,506.29,506.085,506.28,6578
BRK-B,2026-09-10,11:04,506.28,506.5,506.125,506.35,7093
BRK-B,2026-09-10,11:05,506.22,506.355,506.06,506.115,8035
BRK-B,2026-09-10,11:06,506.12,506.34,506.12,506.25,3072
BRK-B,2026-09-10,11:07,506.15,506.35,506.0701,506.27,4576
BRK-B,2026-09-10,11:08,506.27,506.32,506.195,506.3,3591
BRK-B,2026-09-10,11:09,506.27,506.45,506.235,506.4374,5839
BRK-B,2026-09-10,11:10,506.425,506.425,506.31,506.33,4371
BRK-B,2026-09-10,11:11,506.33,506.375,506.13,506.22,5490
BRK-B,2026-09-10,11:12,506.23,506.28,506.11,506.28,4151
BRK-B,2026-09-10,11:13,506.205,506.205,505.85,505.86,4868
BRK-B,2026-09-10,11:14,505.86,505.96,505.76,505.76,3138
BRK-B,2026-09-10,11:15,505.76,506.01,505.725,505.92,3729
BRK-B,2026-09-10,11:16,505.905,506.06,505.8795,506.02,2755
BRK-B,2026-09-10,11:17,506.09,506.34,506.09,506.24,5014
BRK-B,2026-09-10,11:18,506.21,506.21,505.9,506.0001,5047
BRK-B,2026-09-10,11:19,506.1,506.11,506,506.0204,2416
BRK-B,2026-09-10,11:20,506.025,506.238,506.025,506.07,3812
BRK-B,2026-09-10,11:21,506.05,506.085,505.98,505.9801,2732
BRK-B,2026-09-10,11:22,506.06,506.06,505.89,506.02,2967
BRK-B,2026-09-10,11:23,506.02,506.1599,505.92,506.13,2388
BRK-B,2026-09-10,11:24,506.19,506.27,506.18,506.18,3037
BRK-B,2026-09-10,11:25,506.15,506.15,505.87,505.93,2998
BRK-B,2026-09-10,11:26,505.86,505.95,505.828,505.93,5146
BRK-B,2026-09-10,11:27,505.935,505.98,505.83,505.91,3678
BRK-B,2026-09-10,11:28,505.88,505.9699,505.7953,505.87,5306
BRK-B,2026-09-10,11:29,505.87,505.9484,505.74,505.74,7587
BRK-B,2026-09-10,11:30,505.74,506.1097,505.74,506.03,7110
BRK-B,2026-09-10,11:31,506.0991,506.0991,505.83,505.94,4687
BRK-B,2026-09-10,11:32,505.8285,506.11,505.8285,506.045,2271
BRK-B,2026-09-10,11:33,506.1,506.1,505.752,505.78,4477
BRK-B,2026-09-10,11:34,505.76,505.9263,505.74,505.74,10514
BRK-B,2026-09-10,11:35,505.7486,505.916,505.74,505.815,5953
BRK-B,2026-09-10,11:36,505.815,505.88,505.7,505.7,4731
BRK-B,2026-09-10,11:37,505.69,505.88,505.65,505.775,5564
BRK-B,2026-09-10,11:38,505.75,505.81,505.7103,505.7916,1697
BRK-B,2026-09-10,11:39,505.75,505.8,505.67,505.685,9725
BRK-B,2026-09-10,11:40,505.7099,505.9227,505.65,505.908,7880
BRK-B,2026-09-10,11:41,505.93,505.93,505.74,505.82,9669
BRK-B,2026-09-10,11:42,505.82,505.92,505.82,505.91,3942
BRK-B,2026-09-10,11:43,505.94,505.96,505.8,505.8,1831
BRK-B,2026-09-10,11:44,505.77,505.91,505.72,505.785,6749
BRK-B,2026-09-10,11:45,505.85,505.97,505.79,505.87,3593
BRK-B,2026-09-10,11:46,505.895,505.895,505.78,505.79,2676
BRK-B,2026-09-10,11:47,505.76,505.96,505.73,505.96,5230
BRK-B,2026-09-10,11:48,505.8205,505.9,505.8205,505.865,4793
BRK-B,2026-09-10,11:49,505.855,506.14,505.855,506.1,6145
BRK-B,2026-09-10,11:50,506.15,506.28,506.15,506.16,2114
BRK-B,2026-09-10,11:51,506.17,506.24,506.16,506.21,4107
BRK-B,2026-09-10,11:52,506.205,506.245,506.18,506.18,2779
BRK-B,2026-09-10,11:53,506.13,506.29,506.11,506.29,4897
BRK-B,2026-09-10,11:54,506.32,506.341,506.11,506.12,3826
BRK-B,2026-09-10,11:55,506.115,506.115,505.952,505.98,6344
BRK-B,2026-09-10,11:56,505.92,506.01,505.825,505.93,2299
BRK-B,2026-09-10,11:57,505.998,506.0599,505.89,506.0599,1272
BRK-B,2026-09-10,11:58,505.99,506.01,505.855,505.95,2475
BRK-B,2026-09-10,11:59,506,506.17,506,506.1,3728
BRK-B,2026-09-10,12:00,506.095,506.11,506.01,506.11,2446
BRK-B,2026-09-10,12:01,506.11,506.18,506.01,506.035,4153
BRK-B,2026-09-10,12:02,506.035,506.06,505.905,505.95,3581
BRK-B,2026-09-10,12:03,506,506,505.82,505.88,2598
BRK-B,2026-09-10,12:04,505.82,505.84,505.715,505.81,3564
BRK-B,2026-09-10,12:05,505.715,505.715,505.66,505.67,1643
BRK-B,2026-09-10,12:06,505.67,505.71,505.56,505.695,9738
BRK-B,2026-09-10,12:07,505.68,505.68,505.36,505.38,6500
BRK-B,2026-09-10,12:08,505.345,505.57,505.25,505.57,7499
BRK-B,2026-09-10,12:09,505.53,505.54,505.44,505.52,2474
BRK-B,2026-09-10,12:10,505.44,505.5,505.335,505.335,2047
BRK-B,2026-09-10,12:11,505.33,505.56,505.33,505.395,3223
BRK-B,2026-09-10,12:12,505.395,505.41,505.25,505.38,5940
BRK-B,2026-09-10,12:13,505.41,505.53,505.3144,505.43,2395
BRK-B,2026-09-10,12:14,505.48,505.62,505.4562,505.49,1836
BRK-B,2026-09-10,12:15,505.555,505.72,505.555,505.695,3785
BRK-B,2026-09-10,12:16,505.7,505.7,505.5291,505.585,2384
BRK-B,2026-09-10,12:17,505.58,505.68,505.49,505.655,3695
BRK-B,2026-09-10,12:18,505.645,505.77,505.635,505.71,1650
BRK-B,2026-09-10,12:19,505.675,505.75,505.62,505.73,1488
BRK-B,2026-09-10,12:20,505.74,505.76,505.65,505.65,3448
BRK-B,2026-09-10,12:21,505.65,505.65,505.49,505.55,3638
BRK-B,2026-09-10,12:22,505.555,505.555,505.3,505.3,2362
BRK-B,2026-09-10,12:23,505.3,505.43,505.3,505.364,1958
BRK-B,2026-09-10,12:24,505.385,505.4,505.24,505.37,7422
BRK-B,2026-09-10,12:25,505.38,505.4088,505.285,505.4088,2128
BRK-B,2026-09-10,12:26,505.33,505.44,505.2903,505.3163,1896
BRK-B,2026-09-10,12:27,505.415,505.45,505.33,505.4236,1839
BRK-B,2026-09-10,12:28,505.45,505.695,505.45,505.695,3008
BRK-B,2026-09-10,12:29,505.69,505.7,505.4401,505.54,2046
BRK-B,2026-09-10,12:30,505.53,505.53,505.4164,505.5,4039
BRK-B,2026-09-10,12:31,505.485,506,505.485,505.635,11444
BRK-B,2026-09-10,12:32,505.64,505.69,505.295,505.31,4570
BRK-B,2026-09-10,12:33,505.32,505.3799,505.26,505.26,2051
BRK-B,2026-09-10,12:34,505.32,505.46,505.135,505.1425,7377
BRK-B,2026-09-10,12:35,505.13,505.16,505.05,505.105,2624
BRK-B,2026-09-10,12:36,505.1146,505.455,504.99,505.455,18799
BRK-B,2026-09-10,12:37,505.496,505.496,505.34,505.46,3580
BRK-B,2026-09-10,12:38,505.565,505.595,505.45,505.595,2106
BRK-B,2026-09-10,12:39,505.634,505.8425,505.63,505.82,2221
BRK-B,2026-09-10,12:40,506,506.1199,505.89,506.005,11940
BRK-B,2026-09-10,12:41,506.005,506.345,505.985,506.345,6182
BRK-B,2026-09-10,12:42,506.36,506.49,506.17,506.49,10863
BRK-B,2026-09-10,12:43,506.48,506.52,506.3414,506.4,5591
BRK-B,2026-09-10,12:44,506.45,506.56,506.4,506.4,4340
BRK-B,2026-09-10,12:45,506.44,506.57,506.25,506.54,4464
BRK-B,2026-09-10,12:46,506.5,506.54,506.27,506.28,3104
BRK-B,2026-09-10,12:47,506.31,506.47,506.26,506.3701,2239
BRK-B,2026-09-10,12:48,506.44,506.51,506.36,506.36,1061
BRK-B,2026-09-10,12:49,506.35,506.435,506.31,506.385,2771
BRK-B,2026-09-10,12:50,506.42,506.42,506.25,506.325,1857
BRK-B,2026-09-10,12:51,506.38,506.4099,506.28,506.28,6071
BRK-B,2026-09-10,12:52,506.25,506.2799,506.14,506.155,1696
BRK-B,2026-09-10,12:53,506.12,506.37,506.12,506.35,3383
BRK-B,2026-09-10,12:54,506.2801,506.32,506.02,506.14,7425
BRK-B,2026-09-10,12:55,506.14,506.18,506.13,506.155,2646
BRK-B,2026-09-10,12:56,506.1397,506.305,506.1397,506.165,2692
BRK-B,2026-09-10,12:57,506.08,506.16,506,506,1394
BRK-B,2026-09-10,12:58,506.01,506.09,506,506.07,2759
BRK-B,2026-09-10,12:59,506.12,506.28,506.044,506.044,7589
BRK-B,2026-09-10,13:00,506,506.16,505.95,506.13,2904
BRK-B,2026-09-10,13:01,506.16,506.16,505.6,505.825,42954
BRK-B,2026-09-10,13:02,505.825,506.07,505.66,505.66,6061
BRK-B,2026-09-10,13:03,505.745,505.745,505.51,505.51,2925
BRK-B,2026-09-10,13:04,505.5,505.57,505.3,505.44,3916
BRK-B,2026-09-10,13:05,505.4931,505.569,505.45,505.569,1431
BRK-B,2026-09-10,13:06,505.415,505.5,505.27,505.485,12989
BRK-B,2026-09-10,13:07,505.485,505.49,505.375,505.375,3067
BRK-B,2026-09-10,13:08,505.37,505.47,505.35,505.43,2861
BRK-B,2026-09-10,13:09,505.43,505.43,505.23,505.3,2816
BRK-B,2026-09-10,13:10,505.34,505.55,505.34,505.36,8529
BRK-B,2026-09-10,13:11,505.415,505.45,505.375,505.45,1321
BRK-B,2026-09-10,13:12,505.48,505.52,505.45,505.45,1511
BRK-B,2026-09-10,13:13,505.455,505.455,505.35,505.42,1315
BRK-B,2026-09-10,13:14,505.21,505.32,505.19,505.294,3407
BRK-B,2026-09-10,13:15,505.2236,505.2733,505.22,505.2733,1112
BRK-B,2026-09-10,13:16,505.245,505.4,505.245,505.375,2177
BRK-B,2026-09-10,13:17,505.375,505.4,505.21,505.28,3361
BRK-B,2026-09-10,13:18,505.31,505.38,505.285,505.355,1809
BRK-B,2026-09-10,13:19,505.355,505.355,505.2301,505.28,1359
BRK-B,2026-09-10,13:20,505.24,505.33,505.23,505.27,4373
BRK-B,2026-09-10,13:21,505.2485,505.27,505.11,505.11,3280
BRK-B,2026-09-10,13:22,505.17,505.17,505.06,505.1199,1456
BRK-B,2026-09-10,13:23,505.05,505.08,504.8,504.88,4296
BRK-B,2026-09-10,13:24,504.91,504.99,504.8,504.8525,3852
BRK-B,2026-09-10,13:25,504.86,504.935,504.82,504.91,1752
BRK-B,2026-09-10,13:26,504.91,504.98,504.74,504.9288,7212
BRK-B,2026-09-10,13:27,504.8001,504.91,504.75,504.91,2166
BRK-B,2026-09-10,13:28,504.93,505.06,504.86,505.02,10328
BRK-B,2026-09-10,13:29,504.965,505.01,504.8,504.85,2995
BRK-B,2026-09-10,13:30,504.825,504.91,504.79,504.895,2631
BRK-B,2026-09-10,13:31,504.87,505.0555,504.87,504.98,8632
BRK-B,2026-09-10,13:32,504.91,505,504.91,505,2192
BRK-B,2026-09-10,13:33,505.025,505.025,504.8086,504.85,3932
BRK-B,2026-09-10,13:34,504.9,504.96,504.8779,504.955,1715
BRK-B,2026-09-10,13:35,504.97,504.9899,504.9,504.9599,5625
BRK-B,2026-09-10,13:36,504.93,505.19,504.93,505.15,6346
BRK-B,2026-09-10,13:37,505.1272,505.17,505.0601,505.13,3235
BRK-B,2026-09-10,13:38,505.12,505.1475,505.09,505.1399,2527
BRK-B,2026-09-10,13:39,505.1392,505.1392,504.99,505.009,1897
BRK-B,2026-09-10,13:40,504.96,505.14,504.94,505.02,6646
BRK-B,2026-09-10,13:41,505.06,505.06,505.015,505.06,965
BRK-B,2026-09-10,13:42,505.035,505.07,504.86,504.98,7475
BRK-B,2026-09-10,13:43,504.96,504.96,504.88,504.89,3924
BRK-B,2026-09-10,13:44,504.96,505.005,504.92,504.99,2510
BRK-B,2026-09-10,13:45,504.965,505.03,504.9,504.97,1430
BRK-B,2026-09-10,13:46,505.02,505.085,505.02,505.045,3498
BRK-B,2026-09-10,13:47,505.01,505.07,505.01,505.06,1447
BRK-B,2026-09-10,13:48,505.044,505.09,504.99,505,3483
BRK-B,2026-09-10,13:49,505.04,505.06,505.02,505.04,2517
BRK-B,2026-09-10,13:50,505.06,505.19,505.06,505.105,3322
BRK-B,2026-09-10,13:51,505.09,505.09,504.95,505.05,2660
BRK-B,2026-09-10,13:52,505.04,505.19,505.04,505.14,19667
BRK-B,2026-09-10,13:53,505.21,505.25,505.11,505.17,3289
BRK-B,2026-09-10,13:54,505.1703,505.24,505.1101,505.24,3261
BRK-B,2026-09-10,13:55,505.29,505.325,505.19,505.225,2761
BRK-B,2026-09-10,13:56,505.29,505.3499,505.2501,505.3499,1470
BRK-B,2026-09-10,13:57,505.35,505.35,505.24,505.295,4390
BRK-B,2026-09-10,13:58,505.295,505.295,505.18,505.24,6136
BRK-B,2026-09-10,13:59,505.24,505.255,505.18,505.24,6900
BRK-B,2026-09-10,14:00,505.21,505.29,505.16,505.27,3111
BRK-B,2026-09-10,14:01,505.285,505.285,505.18,505.18,917
BRK-B,2026-09-10,14:02,505.135,505.37,505.04,505.225,10612
BRK-B,2026-09-10,14:03,505.225,505.45,505.135,505.355,44944
BRK-B,2026-09-10,14:04,505.4,505.86,505.4,505.81,8976
BRK-B,2026-09-10,14:05,505.7345,505.94,505.64,505.94,2920
BRK-B,2026-09-10,14:06,505.6901,505.95,505.6901,505.885,4363
BRK-B,2026-09-10,14:07,505.885,506.04,505.82,506.02,3854
BRK-B,2026-09-10,14:08,505.886,506,505.8393,505.95,1440
BRK-B,2026-09-10,14:09,505.8452,505.92,505.8452,505.92,1333
BRK-B,2026-09-10,14:10,505.875,506,505.79,505.99,4591
BRK-B,2026-09-10,14:11,505.94,506.0499,505.7901,506.0499,2464
BRK-B,2026-09-10,14:12,505.89,506,505.83,506,4317
BRK-B,2026-09-10,14:13,505.97,506.2,505.97,506.13,3096
BRK-B,2026-09-10,14:14,506.19,506.2,506.02,506.075,7880
BRK-B,2026-09-10,14:15,506.01,506.06,505.9214,506.06,1678
BRK-B,2026-09-10,14:16,506.06,506.14,506.04,506.075,2166
BRK-B,2026-09-10,14:17,506.02,506.0918,506.02,506.0918,699
BRK-B,2026-09-10,14:18,506.05,506.05,505.93,505.9899,1520
BRK-B,2026-09-10,14:19,505.93,506.15,505.93,505.99,2229
BRK-B,2026-09-10,14:20,506.05,506.08,505.98,506.065,545
BRK-B,2026-09-10,14:21,505.99,506.11,505.99,506.03,2402
BRK-B,2026-09-10,14:22,505.95,506.13,505.95,506.09,1220
BRK-B,2026-09-10,14:23,506.045,506.11,505.99,506,4550
BRK-B,2026-09-10,14:24,506,506.07,505.97,506.03,3492
BRK-B,2026-09-10,14:25,506,506.11,505.9406,506.01,8982
BRK-B,2026-09-10,14:26,505.98,506.04,505.98,505.99,2436
BRK-B,2026-09-10,14:27,505.98,506.0298,505.89,505.93,3434
BRK-B,2026-09-10,14:28,505.8901,506,505.8901,505.94,1911
BRK-B,2026-09-10,14:29,505.935,505.935,505.89,505.92,1684
BRK-B,2026-09-10,14:30,505.89,505.95,505.685,505.8,2840
BRK-B,2026-09-10,14:31,505.81,505.83,505.58,505.65,3892
BRK-B,2026-09-10,14:32,505.66,505.675,505.5,505.566,998
BRK-B,2026-09-10,14:33,505.52,505.52,505.37,505.41,3449
BRK-B,2026-09-10,14:34,505.4167,505.55,505.4,505.41,5473
BRK-B,2026-09-10,14:35,505.42,505.53,505.42,505.52,2734
BRK-B,2026-09-10,14:36,505.56,505.585,505.47,505.49,3096
BRK-B,2026-09-10,14:37,505.495,505.51,505.39,505.51,2766
BRK-B,2026-09-10,14:38,505.57,505.62,505.43,505.62,2681
BRK-B,2026-09-10,14:39,505.62,505.88,505.62,505.76,5596
BRK-B,2026-09-10,14:40,505.7566,505.85,505.7566,505.8,2261
BRK-B,2026-09-10,14:41,505.84,505.95,505.84,505.9,4924
BRK-B,2026-09-10,14:42,505.8605,505.9,505.74,505.74,3991
BRK-B,2026-09-10,14:43,505.758,505.758,505.705,505.75,2605
BRK-B,2026-09-10,14:44,505.77,505.8,505.67,505.77,1697
BRK-B,2026-09-10,14:45,505.77,505.77,505.5,505.535,10255
BRK-B,2026-09-10,14:46,505.535,505.535,505.2904,505.39,5421
BRK-B,2026-09-10,14:47,505.355,505.4,505.27,505.27,1600
BRK-B,2026-09-10,14:48,505.39,505.4,505.32,505.375,3180
BRK-B,2026-09-10,14:49,505.41,505.4899,505.32,505.32,3642
BRK-B,2026-09-10,14:50,505.355,505.48,505.31,505.47,1981
BRK-B,2026-09-10,14:51,505.425,505.65,505.401,505.58,6245
BRK-B,2026-09-10,14:52,505.545,505.57,505.4288,505.53,6713
BRK-B,2026-09-10,14:53,505.57,505.64,505.55,505.64,4900
BRK-B,2026-09-10,14:54,505.605,505.69,505.5,505.52,3814
BRK-B,2026-09-10,14:55,505.49,505.51,505.45,505.51,2068
BRK-B,2026-09-10,14:56,505.53,505.665,505.5145,505.6,4011
BRK-B,2026-09-10,14:57,505.615,505.615,505.48,505.54,1915
BRK-B,2026-09-10,14:58,505.535,505.535,505.45,505.475,3341
BRK-B,2026-09-10,14:59,505.49,505.49,505.37,505.37,2878
BRK-B,2026-09-10,15:00,505.35,505.35,505.13,505.13,3125
BRK-B,2026-09-10,15:01,505.1676,505.315,505.13,505.285,4434
BRK-B,2026-09-10,15:02,505.28,505.32,505.16,505.295,3288
BRK-B,2026-09-10,15:03,505.33,505.3999,505.25,505.3311,6665
BRK-B,2026-09-10,15:04,505.324,505.324,505.13,505.19,2732
BRK-B,2026-09-10,15:05,505.105,505.2,505.05,505.12,4450
BRK-B,2026-09-10,15:06,505.129,505.32,505.129,505.32,4168
BRK-B,2026-09-10,15:07,505.32,505.49,505.3142,505.335,4981
BRK-B,2026-09-10,15:08,505.4,505.54,505.35,505.3661,3930
BRK-B,2026-09-10,15:09,505.46,505.7,505.46,505.7,7885
BRK-B,2026-09-10,15:10,505.65,505.65,505.56,505.56,1734
BRK-B,2026-09-10,15:11,505.57,505.85,505.57,505.77,9954
BRK-B,2026-09-10,15:12,505.8,506.1025,505.74,505.98,13201
BRK-B,2026-09-10,15:13,506.032,506.0899,505.96,506.0211,3987
BRK-B,2026-09-10,15:14,506.03,506.05,505.75,505.75,3817
BRK-B,2026-09-10,15:15,505.7799,505.82,505.51,505.578,4354
BRK-B,2026-09-10,15:16,505.47,505.56,505.42,505.56,7335
BRK-B,2026-09-10,15:17,505.498,505.66,505.3,505.365,6849
BRK-B,2026-09-10,15:18,505.28,505.46,505.24,505.345,5810
BRK-B,2026-09-10,15:19,505.32,505.328,505.22,505.26,3588
BRK-B,2026-09-10,15:20,505.255,505.33,505.18,505.29,6195
BRK-B,2026-09-10,15:21,505.275,505.33,505.11,505.21,3819
BRK-B,2026-09-10,15:22,505.27,505.27,505.15,505.15,1958
BRK-B,2026-09-10,15:23,505.11,505.1929,505.11,505.16,1838
BRK-B,2026-09-10,15:24,505.16,505.25,505.13,505.205,6155
BRK-B,2026-09-10,15:25,505.2,505.27,505.15,505.27,3823
BRK-B,2026-09-10,15:26,505.215,505.33,505.15,505.29,1626
BRK-B,2026-09-10,15:27,505.2799,505.38,505.2799,505.35,3410
BRK-B,2026-09-10,15:28,505.27,505.38,505.27,505.345,2766
BRK-B,2026-09-10,15:29,505.37,505.53,505.29,505.415,11675
BRK-B,2026-09-10,15:30,505.45,505.4888,505.2601,505.45,9528
BRK-B,2026-09-10,15:31,505.48,505.875,505.48,505.77,11808
BRK-B,2026-09-10,15:32,505.7856,506.07,505.724,506.05,3095
BRK-B,2026-09-10,15:33,505.96,506.21,505.96,506.095,7835
BRK-B,2026-09-10,15:34,506.13,506.25,506.105,506.25,5933
BRK-B,2026-09-10,15:35,506.21,506.47,506.17,506.425,8744
BRK-B,2026-09-10,15:36,506.46,506.48,506.31,506.42,6838
BRK-B,2026-09-10,15:37,506.39,506.44,506.28,506.38,4883
BRK-B,2026-09-10,15:38,506.37,506.5,506.3401,506.425,7580
BRK-B,2026-09-10,15:39,506.48,506.65,506.37,506.53,4543
BRK-B,2026-09-10,15:40,506.53,506.59,506.45,506.51,8527
BRK-B,2026-09-10,15:41,506.54,506.65,506.52,506.53,8103
BRK-B,2026-09-10,15:42,506.59,506.8,506.58,506.73,3113
BRK-B,2026-09-10,15:43,506.76,506.8,506.68,506.77,4223
BRK-B,2026-09-10,15:44,506.79,506.855,506.74,506.83,6545
BRK-B,2026-09-10,15:45,506.82,506.9,506.7,506.82,12904
BRK-B,2026-09-10,15:46,506.86,506.87,506.55,506.6,5410
BRK-B,2026-09-10,15:47,506.59,506.72,506.59,506.6601,3475
BRK-B,2026-09-10,15:48,506.661,506.71,506.64,506.675,6296
BRK-B,2026-09-10,15:49,506.71,506.84,506.7,506.8,4622
BRK-B,2026-09-10,15:50,506.84,506.9,506.54,506.645,24593
BRK-B,2026-09-10,15:51,506.71,506.82,506.61,506.62,7652
BRK-B,2026-09-10,15:52,506.6,506.73,506.5,506.73,16943
BRK-B,2026-09-10,15:53,506.735,506.74,506.61,506.66,7392
BRK-B,2026-09-10,15:54,506.7,506.975,506.675,506.97,19801
BRK-B,2026-09-10,15:55,507,507.35,506.95,506.98,28662
BRK-B,2026-09-10,15:56,506.975,507.37,506.9,507.265,40266
BRK-B,2026-09-10,15:57,507.28,507.635,506.98,507.155,53759
BRK-B,2026-09-10,15:58,507.11,507.4,507.09,507.1,45745
BRK-B,2026-09-10,15:59,507.155,507.26,506.92,507.14,78890
BRK-B,2026-09-11,09:30,509.65,509.65,509.65,509.65,26168
BRK-B,2026-09-11,09:31,509.65,510.025,509.65,509.72,2476
BRK-B,2026-09-11,09:32,510.025,510.38,509.77,510.13,3300
BRK-B,2026-09-11,09:33,509.91,509.91,508.41,509.22,65223
BRK-B,2026-09-11,09:34,509.2,509.65,508.85,508.875,17901
BRK-B,2026-09-11,09:35,508.78,508.78,508.0701,508.7,14047
BRK-B,2026-09-11,09:36,508.79,509.29,508.7,508.96,9893
BRK-B,2026-09-11,09:37,508.97,509.05,508.34,508.55,8183
BRK-B,2026-09-11,09:38,508.49,508.54,508,508.155,9607
BRK-B,2026-09-11,09:39,508.2107,508.35,507.94,508.35,15933
BRK-B,2026-09-11,09:40,508.33,508.88,508.21,508.21,6428
BRK-B,2026-09-11,09:41,508.36,508.54,508.36,508.36,5755
BRK-B,2026-09-11,09:42,508.37,508.42,508,508.325,6813
BRK-B,2026-09-11,09:43,508.23,508.585,508.0325,508.13,11982
BRK-B,2026-09-11,09:44,508.5508,508.5508,507.85,508.12,12399
BRK-B,2026-09-11,09:45,508.12,508.6021,508.12,508.54,9657
BRK-B,2026-09-11,09:46,508.54,508.69,508.24,508.24,7396
BRK-B,2026-09-11,09:47,508.43,508.4999,507.93,508.1416,7314
BRK-B,2026-09-11,09:48,508.005,508.005,507.62,507.835,6844
BRK-B,2026-09-11,09:49,507.83,507.83,507.21,507.36,15297
BRK-B,2026-09-11,09:50,507.355,507.66,507.28,507.44,7844
BRK-B,2026-09-11,09:51,507.44,507.49,507.29,507.3,2364
BRK-B,2026-09-11,09:52,507.44,507.4458,507.15,507.2812,7913
BRK-B,2026-09-11,09:53,507.04,507.409,507.04,507.04,6986
BRK-B,2026-09-11,09:54,507.185,507.5999,507,507.105,9244
BRK-B,2026-09-11,09:55,507.1,507.58,506.73,507.34,13443
BRK-B,2026-09-11,09:56,507.34,507.355,507.03,507.03,1860
BRK-B,2026-09-11,09:57,507.3,507.5,507.27,507.385,4653
BRK-B,2026-09-11,09:58,507.27,507.4399,507.1,507.31,5230
BRK-B,2026-09-11,09:59,507.305,507.41,507.08,507.29,2357
BRK-B,2026-09-11,10:00,507.29,507.5,507.08,507.305,8037
BRK-B,2026-09-11,10:01,507.275,507.58,506.99,507.485,16050
BRK-B,2026-09-11,10:02,507.57,507.64,507.23,507.425,5827
BRK-B,2026-09-11,10:03,507.5499,507.59,507.32,507.59,5915
BRK-B,2026-09-11,10:04,507.72,508.06,507.5516,508.025,12618
BRK-B,2026-09-11,10:05,508.015,508.015,507.58,507.6,4337
BRK-B,2026-09-11,10:06,507.66,507.8851,507.6,507.855,4392
BRK-B,2026-09-11,10:07,507.855,507.855,507.6,507.705,9247
BRK-B,2026-09-11,10:08,507.62,508.17,507.61,508,2931
BRK-B,2026-09-11,10:09,508.15,508.19,507.89,507.98,4913
BRK-B,2026-09-11,10:10,508.13,508.13,507.785,507.9332,6381
BRK-B,2026-09-11,10:11,508.0199,508.0199,507.7,507.74,5002
BRK-B,2026-09-11,10:12,507.74,507.809,507.52,507.52,8227
BRK-B,2026-09-11,10:13,507.51,507.59,507.34,507.34,3338
BRK-B,2026-09-11,10:14,507.43,507.5,506.87,507.07,8916
BRK-B,2026-09-11,10:15,506.91,507.14,506.89,507.14,4859
BRK-B,2026-09-11,10:16,507.0671,507.19,506.92,507.04,6479
BRK-B,2026-09-11,10:17,506.96,507.29,506.9308,507.16,3852
BRK-B,2026-09-11,10:18,507.24,507.275,507.1005,507.16,5689
BRK-B,2026-09-11,10:19,507.2158,507.3299,507.17,507.225,2364
BRK-B,2026-09-11,10:20,507.24,507.24,507.045,507.05,5067
BRK-B,2026-09-11,10:21,507.03,507.09,506.95,507.08,5375
BRK-B,2026-09-11,10:22,507.08,507.2,506.93,507.05,7191
BRK-B,2026-09-11,10:23,507.05,507.05,506.67,506.96,13374
BRK-B,2026-09-11,10:24,506.9,506.95,506.69,506.85,8009
BRK-B,2026-09-11,10:25,506.875,507.11,506.75,507.03,7677
BRK-B,2026-09-11,10:26,506.97,506.995,506.8,506.87,6924
BRK-B,2026-09-11,10:27,506.859,506.9857,506.85,506.9857,2508
BRK-B,2026-09-11,10:28,506.93,506.99,506.855,506.98,4714
BRK-B,2026-09-11,10:29,506.93,506.99,506.76,506.8,20960
BRK-B,2026-09-11,10:30,506.895,506.92,506.57,506.654,17922
BRK-B,2026-09-11,10:31,506.75,506.97,506.6482,506.96,3599
BRK-B,2026-09-11,10:32,506.97,506.99,506.8462,506.97,2330
BRK-B,2026-09-11,10:33,506.7701,506.94,506.6701,506.75,5639
BRK-B,2026-09-11,10:34,506.75,506.84,506.61,506.61,9017
BRK-B,2026-09-11,10:35,506.675,506.78,506.5708,506.685,2669
BRK-B,2026-09-11,10:36,506.685,506.86,506.5901,506.675,5357
BRK-B,2026-09-11,10:37,506.72,506.76,506.56,506.72,7770
BRK-B,2026-09-11,10:38,506.71,506.9,506.66,506.735,5530
BRK-B,2026-09-11,10:39,506.6765,506.81,506.67,506.72,1806
BRK-B,2026-09-11,10:40,506.72,506.78,506.68,506.76,2033
BRK-B,2026-09-11,10:41,506.7268,506.78,506.63,506.68,2334
BRK-B,2026-09-11,10:42,506.76,506.76,506.54,506.6275,10102
BRK-B,2026-09-11,10:43,506.67,506.7,506.6,506.675,12403
BRK-B,2026-09-11,10:44,506.675,506.78,506.55,506.6,18193
BRK-B,2026-09-11,10:45,506.595,506.63,506.55,506.605,2958
BRK-B,2026-09-11,10:46,506.6,506.7,506.56,506.66,5271
BRK-B,2026-09-11,10:47,506.63,506.74,506.63,506.6792,5403
BRK-B,2026-09-11,10:48,506.716,506.91,506.71,506.86,5539
BRK-B,2026-09-11,10:49,506.855,506.855,506.58,506.58,6432
BRK-B,2026-09-11,10:50,506.57,506.6,506.39,506.39,21169
BRK-B,2026-09-11,10:51,506.31,506.37,506.05,506.205,3565
BRK-B,2026-09-11,10:52,506.15,506.42,506.15,506.42,3477
BRK-B,2026-09-11,10:53,506.375,506.46,506.28,506.43,5138
BRK-B,2026-09-11,10:54,506.325,506.37,506.22,506.3025,3850
BRK-B,2026-09-11,10:55,506.295,506.46,506.295,506.46,4928
BRK-B,2026-09-11,10:56,506.36,506.49,506.36,506.42,4357
BRK-B,2026-09-11,10:57,506.3196,506.48,506.2401,506.42,2515
BRK-B,2026-09-11,10:58,506.33,506.33,506,506.225,13003
BRK-B,2026-09-11,10:59,506.27,506.38,506.07,506.07,4139
BRK-B,2026-09-11,11:00,506.21,506.21,506.03,506.175,2287
BRK-B,2026-09-11,11:01,506.1631,506.39,506.16,506.16,3970
BRK-B,2026-09-11,11:02,506.3,506.34,506.1936,506.34,2567
BRK-B,2026-09-11,11:03,506.325,506.3755,506.26,506.325,3130
BRK-B,2026-09-11,11:04,506.305,506.33,506.21,506.225,4284
BRK-B,2026-09-11,11:05,506.225,506.27,506.12,506.27,5347
BRK-B,2026-09-11,11:06,506.34,506.46,506.29,506.4519,7921
BRK-B,2026-09-11,11:07,506.435,506.5,506.37,506.4945,7847
BRK-B,2026-09-11,11:08,506.49,506.52,506.32,506.35,4810
BRK-B,2026-09-11,11:09,506.38,506.52,506.3644,506.4,3252
BRK-B,2026-09-11,11:10,506.325,506.52,506.2501,506.52,2441
BRK-B,2026-09-11,11:11,506.425,506.49,506.2566,506.41,5349
BRK-B,2026-09-11,11:12,506.365,506.52,506.365,506.51,2686
BRK-B,2026-09-11,11:13,506.51,506.53,506.34,506.53,6672
BRK-B,2026-09-11,11:14,506.55,506.57,506.215,506.41,3623
BRK-B,2026-09-11,11:15,506.41,506.57,506.37,506.52,5797
BRK-B,2026-09-11,11:16,506.45,506.55,506.4401,506.55,10670
BRK-B,2026-09-11,11:17,506.55,506.64,506.54,506.575,4040
BRK-B,2026-09-11,11:18,506.5725,506.63,506.51,506.5599,4795
BRK-B,2026-09-11,11:19,506.525,506.66,506.525,506.615,1716
BRK-B,2026-09-11,11:20,506.6,506.615,506.5,506.5585,2123
BRK-B,2026-09-11,11:21,506.585,506.585,506.51,506.55,2041
BRK-B,2026-09-11,11:22,506.528,506.6,506.4635,506.54,3145
BRK-B,2026-09-11,11:23,506.59,506.68,506.59,506.675,3261
BRK-B,2026-09-11,11:24,506.63,506.87,506.63,506.8101,4382
BRK-B,2026-09-11,11:25,506.86,506.86,506.74,506.8,1488
BRK-B,2026-09-11,11:26,506.86,506.86,506.75,506.795,4018
BRK-B,2026-09-11,11:27,506.795,506.87,506.79,506.8,4962
BRK-B,2026-09-11,11:28,506.8,506.8,506.69,506.69,3200
BRK-B,2026-09-11,11:29,506.62,506.76,506.59,506.76,3323
BRK-B,2026-09-11,11:30,506.6851,506.76,506.6115,506.76,2458
BRK-B,2026-09-11,11:31,506.6319,506.76,506.62,506.69,2419
BRK-B,2026-09-11,11:32,506.732,507,506.72,506.92,4344
BRK-B,2026-09-11,11:33,506.92,506.97,506.79,506.96,2067
BRK-B,2026-09-11,11:34,506.9,506.97,506.845,506.97,3391
BRK-B,2026-09-11,11:35,506.9,506.9526,506.8101,506.895,2554
BRK-B,2026-09-11,11:36,506.905,507,506.84,507,3618
BRK-B,2026-09-11,11:37,507,507,506.925,506.925,4115
BRK-B,2026-09-11,11:38,506.8501,507,506.8501,506.985,5394
BRK-B,2026-09-11,11:39,507,507.18,507,507.08,3878
BRK-B,2026-09-11,11:40,507.115,507.41,507.1125,507.365,7445
BRK-B,2026-09-11,11:41,507.44,507.54,507.405,507.475,5716
BRK-B,2026-09-11,11:42,507.5155,507.62,507.48,507.61,1556
BRK-B,2026-09-11,11:43,507.61,507.7299,507.44,507.44,7783
BRK-B,2026-09-11,11:44,507.5,507.59,507.43,507.55,2124
BRK-B,2026-09-11,11:45,507.59,507.67,507.496,507.5051,2717
BRK-B,2026-09-11,11:46,507.51,507.515,507.45,507.515,1497
BRK-B,2026-09-11,11:47,507.52,507.52,507.29,507.3,2293
BRK-B,2026-09-11,11:48,507.345,507.43,507.335,507.42,1578
BRK-B,2026-09-11,11:49,507.34,507.41,507.23,507.23,2279
BRK-B,2026-09-11,11:50,507.11,507.1101,506.97,507.005,3009
BRK-B,2026-09-11,11:51,507,507.0455,506.95,506.98,4975
BRK-B,2026-09-11,11:52,506.98,507.04,506.92,506.92,2320
BRK-B,2026-09-11,11:53,506.97,506.97,506.89,506.92,1584
BRK-B,2026-09-11,11:54,506.926,506.95,506.81,506.87,4255
BRK-B,2026-09-11,11:55,506.83,507.1,506.83,507.06,11206
BRK-B,2026-09-11,11:56,507.065,507.1,506.9688,507.02,7550
BRK-B,2026-09-11,11:57,507.06,507.3,507.045,507.28,9535
BRK-B,2026-09-11,11:58,507.28,507.36,507.24,507.36,5666
BRK-B,2026-09-11,11:59,507.33,507.36,507.25,507.275,5349
BRK-B,2026-09-11,12:00,507.22,507.37,507.215,507.24,6311
BRK-B,2026-09-11,12:01,507.325,507.325,507.1988,507.23,2423
BRK-B,2026-09-11,12:02,507.17,507.25,507.12,507.25,4654
BRK-B,2026-09-11,12:03,507.225,507.225,507.21,507.21,673
BRK-B,2026-09-11,12:04,507.22,507.2625,507.07,507.07,17113
BRK-B,2026-09-11,12:05,507.0378,507.23,507.0378,507.16,4194
BRK-B,2026-09-11,12:06,507.16,507.16,507.09,507.14,3410
BRK-B,2026-09-11,12:07,507.085,507.135,507.08,507.12,2760
BRK-B,2026-09-11,12:08,507.14,507.22,507.12,507.168,6567
BRK-B,2026-09-11,12:09,507.21,507.21,507.09,507.12,1428
BRK-B,2026-09-11,12:10,507.17,507.29,507.14,507.23,7493
BRK-B,2026-09-11,12:11,507.27,507.27,507.21,507.21,2188
BRK-B,2026-09-11,12:12,507.22,507.27,507.15,507.23,3895
BRK-B,2026-09-11,12:13,507.22,507.22,507.17,507.17,2816
BRK-B,2026-09-11,12:14,507.21,507.29,506.95,507.02,24315
BRK-B,2026-09-11,12:15,507.02,507.12,506.995,507,6048
BRK-B,2026-09-11,12:16,506.975,507.02,506.86,506.89,2717
BRK-B,2026-09-11,12:17,506.89,506.97,506.85,506.96,5603
BRK-B,2026-09-11,12:18,506.93,507.1,506.93,507.0825,6944
BRK-B,2026-09-11,12:19,507.06,507.075,506.995,507.0101,4061
BRK-B,2026-09-11,12:20,507.0201,507.23,507.0201,507.165,43365
BRK-B,2026-09-11,12:21,507.165,507.225,507.1201,507.215,2937
BRK-B,2026-09-11,12:22,507.21,507.28,507.1775,507.22,3309
BRK-B,2026-09-11,12:23,507.22,507.22,507.1504,507.175,2383
BRK-B,2026-09-11,12:24,507.14,507.1516,507.13,507.135,3182
BRK-B,2026-09-11,12:25,507.1595,507.21,507.1,507.21,6133
BRK-B,2026-09-11,12:26,507.21,507.26,507.185,507.25,1868
BRK-B,2026-09-11,12:27,507.1334,507.31,507.1334,507.22,3292
BRK-B,2026-09-11,12:28,507.22,507.37,507.1501,507.37,3099
BRK-B,2026-09-11,12:29,507.305,507.34,507.2,507.228,5234
BRK-B,2026-09-11,12:30,507.28,507.44,507.212,507.41,4871
BRK-B,2026-09-11,12:31,507.45,507.46,507.1901,507.1901,7337
BRK-B,2026-09-11,12:32,507.28,507.4,507.24,507.345,2261
BRK-B,2026-09-11,12:33,507.43,507.55,507.3601,507.5019,3007
BRK-B,2026-09-11,12:34,507.5698,507.6,507.4901,507.585,2170
BRK-B,2026-09-11,12:35,507.59,507.66,507.58,507.61,3997
BRK-B,2026-09-11,12:36,507.57,507.62,507.42,507.42,3434
BRK-B,2026-09-11,12:37,507.48,507.5168,507.42,507.46,1695
BRK-B,2026-09-11,12:38,507.465,507.535,507.37,507.52,5304
BRK-B,2026-09-11,12:39,507.535,507.5591,507.45,507.45,1256
BRK-B,2026-09-11,12:40,507.505,507.57,507.45,507.535,2592
BRK-B,2026-09-11,12:41,507.48,507.5699,507.415,507.415,2314
BRK-B,2026-09-11,12:42,507.46,507.51,507.205,507.33,10980
BRK-B,2026-09-11,12:43,507.2525,507.33,507.16,507.32,9726
BRK-B,2026-09-11,12:44,507.29,507.3,507.1601,507.3,2249
BRK-B,2026-09-11,12:45,507.4,507.42,507.2628,507.394,2453
BRK-B,2026-09-11,12:46,507.38,507.44,507.31,507.315,2830
BRK-B,2026-09-11,12:47,507.4099,507.51,507.325,507.51,8587
BRK-B,2026-09-11,12:48,507.51,507.56,507.4,507.48,7590
BRK-B,2026-09-11,12:49,507.5,507.61,507.485,507.525,13299
BRK-B,2026-09-11,12:50,507.525,507.59,507.52,507.525,1714
BRK-B,2026-09-11,12:51,507.58,507.58,507.235,507.31,19348
BRK-B,2026-09-11,12:52,507.32,507.36,507.31,507.31,1275
BRK-B,2026-09-11,12:53,507.31,507.36,507.2801,507.2801,3776
BRK-B,2026-09-11,12:54,507.315,507.345,507.27,507.305,2020
BRK-B,2026-09-11,12:55,507.27,507.35,507.2501,507.31,3588
BRK-B,2026-09-11,12:56,507.25,507.25,507.15,507.205,11007
BRK-B,2026-09-11,12:57,507.25,507.37,507.248,507.37,5074
BRK-B,2026-09-11,12:58,507.37,507.53,507.37,507.53,8316
BRK-B,2026-09-11,12:59,507.55,507.6175,507.489,507.57,1204
BRK-B,2026-09-11,13:00,507.58,507.69,507.58,507.684,3214
BRK-B,2026-09-11,13:01,507.6,507.69,507.54,507.625,2982
BRK-B,2026-09-11,13:02,507.62,507.71,507.56,507.635,2157
BRK-B,2026-09-11,13:03,507.6649,507.71,507.6301,507.6301,1427
BRK-B,2026-09-11,13:04,507.6968,507.6968,507.54,507.57,3200
BRK-B,2026-09-11,13:05,507.59,507.59,507.585,507.585,923
BRK-B,2026-09-11,13:06,507.57,507.57,507.5,507.545,3052
BRK-B,2026-09-11,13:07,507.545,507.71,507.466,507.466,4650
BRK-B,2026-09-11,13:08,507.48,507.84,507.48,507.6,10813
BRK-B,2026-09-11,13:09,507.615,507.615,507.45,507.5,2042
BRK-B,2026-09-11,13:10,507.495,507.495,507.2001,507.35,3557
BRK-B,2026-09-11,13:11,507.36,507.48,507.28,507.48,3599
BRK-B,2026-09-11,13:12,507.46,507.51,507.3801,507.442,4178
BRK-B,2026-09-11,13:13,507.3912,507.49,507.24,507.24,1535
BRK-B,2026-09-11,13:14,507.34,507.4199,507.241,507.38,2658
BRK-B,2026-09-11,13:15,507.325,507.4,507.325,507.4,1838
BRK-B,2026-09-11,13:16,507.32,507.3899,507.275,507.275,3037
BRK-B,2026-09-11,13:17,507.27,507.34,507.27,507.27,1374
BRK-B,2026-09-11,13:18,507.33,507.36,507.2201,507.34,3083
BRK-B,2026-09-11,13:19,507.31,507.5,507.31,507.5,1572
BRK-B,2026-09-11,13:20,507.5,507.58,507.41,507.4661,1800
BRK-B,2026-09-11,13:21,507.495,507.59,507.495,507.545,5145
BRK-B,2026-09-11,13:22,507.565,507.58,507.545,507.575,4837
BRK-B,2026-09-11,13:23,507.59,507.7199,507.59,507.66,3204
BRK-B,2026-09-11,13:24,507.66,507.71,507.6,507.71,3914
BRK-B,2026-09-11,13:25,507.72,507.735,507.65,507.7199,2539
BRK-B,2026-09-11,13:26,507.694,507.738,507.68,507.738,1347
BRK-B,2026-09-11,13:27,507.69,507.78,507.66,507.765,5446
BRK-B,2026-09-11,13:28,507.765,507.8,507.72,507.72,1821
BRK-B,2026-09-11,13:29,507.715,507.75,507.66,507.75,2361
BRK-B,2026-09-11,13:30,507.7,507.73,507.625,507.625,1487
BRK-B,2026-09-11,13:31,507.6043,507.67,507.5,507.53,6475
BRK-B,2026-09-11,13:32,507.53,507.6191,507.45,507.54,7010
BRK-B,2026-09-11,13:33,507.52,507.66,507.52,507.66,2835
BRK-B,2026-09-11,13:34,507.635,507.65,507.49,507.49,2405
BRK-B,2026-09-11,13:35,507.478,507.5451,507.41,507.41,2937
BRK-B,2026-09-11,13:36,507.365,507.365,507.23,507.27,3630
BRK-B,2026-09-11,13:37,507.251,507.32,507.23,507.24,2300
BRK-B,2026-09-11,13:38,507.25,507.3225,507.24,507.3225,4460
BRK-B,2026-09-11,13:39,507.3887,507.42,507.3501,507.42,5083
BRK-B,2026-09-11,13:40,507.42,507.7079,507.42,507.48,7551
BRK-B,2026-09-11,13:41,507.49,507.605,507.49,507.605,1420
BRK-B,2026-09-11,13:42,507.605,507.64,507.5304,507.57,1661
BRK-B,2026-09-11,13:43,507.5488,507.57,507.51,507.555,1346
BRK-B,2026-09-11,13:44,507.64,507.72,507.6,507.705,6842
BRK-B,2026-09-11,13:45,507.695,507.76,507.64,507.76,2533
BRK-B,2026-09-11,13:46,507.72,507.74,507.64,507.705,7661
BRK-B,2026-09-11,13:47,507.68,507.68,507.56,507.57,4187
BRK-B,2026-09-11,13:48,507.58,507.74,507.58,507.68,2551
BRK-B,2026-09-11,13:49,507.68,507.96,507.68,507.95,4411
BRK-B,2026-09-11,13:50,507.99,508.12,507.99,508.055,4950
BRK-B,2026-09-11,13:51,508.07,508.195,508.05,508.115,2616
BRK-B,2026-09-11,13:52,508.16,508.25,507.685,507.94,19663
BRK-B,2026-09-11,13:53,507.88,507.95,507.6301,507.6301,10669
BRK-B,2026-09-11,13:54,507.7427,508.03,507.65,507.9699,13750
BRK-B,2026-09-11,13:55,507.83,507.94,507.8,507.94,1161
BRK-B,2026-09-11,13:56,507.94,507.94,507.71,507.82,16342
BRK-B,2026-09-11,13:57,507.89,508.07,507.83,507.958,16636
BRK-B,2026-09-11,13:58,507.95,508.04,507.8864,507.94,7642
BRK-B,2026-09-11,13:59,507.945,508.05,507.8633,507.99,3536
BRK-B,2026-09-11,14:00,507.99,508.1,507.91,508.07,8233
BRK-B,2026-09-11,14:01,508.05,508.36,508.01,508.36,8824
BRK-B,2026-09-11,14:02,508.36,508.6,508.2301,508.5253,11152
BRK-B,2026-09-11,14:03,508.61,508.79,508.56,508.745,5073
BRK-B,2026-09-11,14:04,508.69,508.7807,508.65,508.65,3651
BRK-B,2026-09-11,14:05,508.66,508.7477,508.66,508.67,1635
BRK-B,2026-09-11,14:06,508.6801,508.79,508.5101,508.715,13598
BRK-B,2026-09-11,14:07,508.73,508.79,508.69,508.69,3663
BRK-B,2026-09-11,14:08,508.69,508.7999,508.21,508.595,15665
BRK-B,2026-09-11,14:09,508.6,508.97,508.55,508.905,12987
BRK-B,2026-09-11,14:10,508.905,509.13,508.905,509.09,9303
BRK-B,2026-09-11,14:11,509.16,509.36,509.04,509.22,9150
BRK-B,2026-09-11,14:12,509.145,509.22,509.09,509.22,4447
BRK-B,2026-09-11,14:13,509.22,509.22,509,509,4782
BRK-B,2026-09-11,14:14,509.055,509.27,508.96,509.205,6722
BRK-B,2026-09-11,14:15,509.205,509.46,509.18,509.34,2806
BRK-B,2026-09-11,14:16,509.4,509.41,509.36,509.36,1956
BRK-B,2026-09-11,14:17,509.36,509.46,509.36,509.425,2336
BRK-B,2026-09-11,14:18,509.47,509.5499,509.425,509.45,4727
BRK-B,2026-09-11,14:19,509.495,509.495,509.3801,509.39,3607
BRK-B,2026-09-11,14:20,509.38,509.54,509.32,509.4244,7104
BRK-B,2026-09-11,14:21,509.485,509.59,509.43,509.545,6492
BRK-B,2026-09-11,14:22,509.51,509.545,509.41,509.44,2948
BRK-B,2026-09-11,14:23,509.435,509.52,509.435,509.44,4180
BRK-B,2026-09-11,14:24,509.46,509.49,509.39,509.4,4943
BRK-B,2026-09-11,14:25,509.42,509.43,509.325,509.35,5566
BRK-B,2026-09-11,14:26,509.35,509.415,509.27,509.375,6033
BRK-B,2026-09-11,14:27,509.45,509.6,509.38,509.455,8082
BRK-B,2026-09-11,14:28,509.4896,509.55,509.35,509.495,5537
BRK-B,2026-09-11,14:29,509.495,509.54,509.38,509.415,2885
BRK-B,2026-09-11,14:30,509.43,509.45,509.33,509.33,2196
BRK-B,2026-09-11,14:31,509.3,509.31,508.935,508.98,12672
BRK-B,2026-09-11,14:32,509.02,509.08,508.95,509.02,2856
BRK-B,2026-09-11,14:33,509.015,509.05,508.92,509.05,4673
BRK-B,2026-09-11,14:34,509.01,509.17,509.005,509.17,2914
BRK-B,2026-09-11,14:35,509.15,509.34,509.15,509.26,9840
BRK-B,2026-09-11,14:36,509.35,509.44,509.2001,509.38,2991
BRK-B,2026-09-11,14:37,509.44,509.52,509.43,509.44,3642
BRK-B,2026-09-11,14:38,509.4401,509.55,509.29,509.29,8374
BRK-B,2026-09-11,14:39,509.31,509.31,509.23,509.235,4890
BRK-B,2026-09-11,14:40,509.23,509.28,509.22,509.27,1892
BRK-B,2026-09-11,14:41,509.31,509.47,509.31,509.46,2761
BRK-B,2026-09-11,14:42,509.43,509.44,509.33,509.35,2508
BRK-B,2026-09-11,14:43,509.3599,509.3599,509.27,509.33,2348
BRK-B,2026-09-11,14:44,509.295,509.43,509.295,509.4,4813
BRK-B,2026-09-11,14:45,509.3243,509.47,509.31,509.47,1282
BRK-B,2026-09-11,14:46,509.4255,509.51,509.34,509.4,4357
BRK-B,2026-09-11,14:47,509.39,509.53,509.32,509.53,6651
BRK-B,2026-09-11,14:48,509.56,509.58,509.53,509.53,4292
BRK-B,2026-09-11,14:49,509.47,509.53,509.4268,509.5,2075
BRK-B,2026-09-11,14:50,509.48,509.6,509.4712,509.6,3661
BRK-B,2026-09-11,14:51,509.63,509.68,509.52,509.68,4350
BRK-B,2026-09-11,14:52,509.66,509.69,509.61,509.65,2727
BRK-B,2026-09-11,14:53,509.67,509.69,509.48,509.525,4043
BRK-B,2026-09-11,14:54,509.56,509.62,509.5,509.5001,3166
BRK-B,2026-09-11,14:55,509.56,509.62,509.52,509.62,3443
BRK-B,2026-09-11,14:56,509.6,509.68,509.57,509.65,5240
BRK-B,2026-09-11,14:57,509.64,509.7,509.58,509.64,3397
BRK-B,2026-09-11,14:58,509.628,509.628,509.23,509.45,5538
BRK-B,2026-09-11,14:59,509.455,509.52,509.43,509.49,5733
BRK-B,2026-09-11,15:00,509.52,509.62,509.49,509.565,3054
BRK-B,2026-09-11,15:01,509.56,509.565,509.45,509.51,3815
BRK-B,2026-09-11,15:02,509.5,509.68,509.5,509.68,3561
BRK-B,2026-09-11,15:03,509.7,509.8,509.65,509.752,4371
BRK-B,2026-09-11,15:04,509.7517,509.8,509.73,509.7815,2549
BRK-B,2026-09-11,15:05,509.76,509.8,509.67,509.73,7630
BRK-B,2026-09-11,15:06,509.7687,509.78,509.71,509.71,1772
BRK-B,2026-09-11,15:07,509.7388,509.75,509.6301,509.74,5719
BRK-B,2026-09-11,15:08,509.71,509.76,509.64,509.675,8951
BRK-B,2026-09-11,15:09,509.65,509.6899,509.6198,509.635,1887
BRK-B,2026-09-11,15:10,509.63,509.63,509.4,509.43,9785
BRK-B,2026-09-11,15:11,509.4889,509.52,509.4066,509.46,18531
BRK-B,2026-09-11,15:12,509.46,509.5,509.4001,509.45,2929
BRK-B,2026-09-11,15:13,509.52,509.53,509.34,509.38,4333
BRK-B,2026-09-11,15:14,509.38,509.4499,509.31,509.38,3418
BRK-B,2026-09-11,15:15,509.38,509.4,509.22,509.4,7132
BRK-B,2026-09-11,15:16,509.4199,509.78,509.35,509.78,6191
BRK-B,2026-09-11,15:17,509.78,509.78,509.71,509.78,4870
BRK-B,2026-09-11,15:18,509.745,509.9,509.7,509.7178,11366
BRK-B,2026-09-11,15:19,509.74,509.74,509.4601,509.685,3377
BRK-B,2026-09-11,15:20,509.67,509.78,509.57,509.57,2680
BRK-B,2026-09-11,15:21,509.73,509.73,509.59,509.685,4795
BRK-B,2026-09-11,15:22,509.685,509.81,509.685,509.78,5377
BRK-B,2026-09-11,15:23,509.8299,509.86,509.77,509.822,5926
BRK-B,2026-09-11,15:24,509.81,509.89,509.7901,509.84,4902
BRK-B,2026-09-11,15:25,509.88,510,509.85,509.98,7068
BRK-B,2026-09-11,15:26,510,510,509.84,509.945,6135
BRK-B,2026-09-11,15:27,509.935,509.935,509.395,509.395,15341
BRK-B,2026-09-11,15:28,509.395,509.6,509.35,509.599,9556
BRK-B,2026-09-11,15:29,509.565,509.655,509.4301,509.565,9645
BRK-B,2026-09-11,15:30,509.6147,509.73,509.54,509.73,4823
BRK-B,2026-09-11,15:31,509.64,509.655,509.54,509.5875,5302
BRK-B,2026-09-11,15:32,509.5656,509.619,509.4201,509.4496,8826
BRK-B,2026-09-11,15:33,509.48,509.555,509.32,509.45,8269
BRK-B,2026-09-11,15:34,509.34,509.41,509.125,509.405,10400
BRK-B,2026-09-11,15:35,509.45,509.52,509.28,509.365,6571
BRK-B,2026-09-11,15:36,509.365,509.52,509.35,509.52,7729
BRK-B,2026-09-11,15:37,509.525,509.57,509.465,509.465,2903
BRK-B,2026-09-11,15:38,509.49,509.65,509.4601,509.65,5556
BRK-B,2026-09-11,15:39,509.67,509.77,509.6,509.6027,5935
BRK-B,2026-09-11,15:40,509.61,509.62,509.49,509.558,5032
BRK-B,2026-09-11,15:41,509.57,509.6,509.465,509.51,7519
BRK-B,2026-09-11,15:42,509.59,509.59,509.44,509.455,5404
BRK-B,2026-09-11,15:43,509.45,509.67,509.42,509.615,6894
BRK-B,2026-09-11,15:44,509.68,509.72,509.6,509.69,5297
BRK-B,2026-09-11,15:45,509.655,509.68,509.5831,509.64,9862
BRK-B,2026-09-11,15:46,509.68,509.68,509.5,509.53,9150
BRK-B,2026-09-11,15:47,509.55,509.57,509.3518,509.56,10310
BRK-B,2026-09-11,15:48,509.5,509.67,509.42,509.64,5548
BRK-B,2026-09-11,15:49,509.645,509.78,509.645,509.685,7898
BRK-B,2026-09-11,15:50,509.74,509.92,509.65,509.83,14320
BRK-B,2026-09-11,15:51,509.87,509.96,509.7,509.95,14343
BRK-B,2026-09-11,15:52,509.96,510.28,509.9,510.265,34884
BRK-B,2026-09-11,15:53,510.25,510.3,509.915,509.995,13809
BRK-B,2026-09-11,15:54,510,510.06,509.58,510.01,14178
BRK-B,2026-09-11,15:55,509.97,510.11,509.74,509.77,45306
BRK-B,2026-09-11,15:56,509.88,510.15,509.76,510.04,28138
BRK-B,2026-09-11,15:57,509.97,509.985,509.78,509.835,31300
BRK-B,2026-09-11,15:58,509.84,510.63,509.81,510.305,98022
BRK-B,2026-09-11,15:59,510.26,510.49,510.05,510.17,130953
BRK-B,2026-09-11,16:00,510.37,510.37,510.37,510.37,0
BRK-B,2026-09-14,09:30,512.8,513,510.68,511.245,179966
BRK-B,2026-09-14,09:31,511.245,513.52,510.5,512.73,60383
BRK-B,2026-09-14,09:32,512.73,513.51,512.4501,513,17788
BRK-B,2026-09-14,09:33,513.29,513.29,512.29,512.511,11888
BRK-B,2026-09-14,09:34,512.97,513.8,512.6307,513.3801,28558
BRK-B,2026-09-14,09:35,513.38,513.38,512.75,513,7227
BRK-B,2026-09-14,09:36,513.3495,514,513.105,513.92,17294
BRK-B,2026-09-14,09:37,513.93,513.965,513,513.5287,10299
BRK-B,2026-09-14,09:38,513.62,513.87,513.295,513.87,11976
BRK-B,2026-09-14,09:39,513.825,514.81,513.75,514.3,17258
BRK-B,2026-09-14,09:40,514.57,514.84,514.27,514.75,34380
BRK-B,2026-09-14,09:41,514.7,514.85,514.41,514.5,18315
BRK-B,2026-09-14,09:42,514.557,514.8,514.5,514.5,11213
BRK-B,2026-09-14,09:43,514.37,514.4737,513.81,513.9,8068
BRK-B,2026-09-14,09:44,513.95,514.25,513.71,513.78,7678
BRK-B,2026-09-14,09:45,513.84,514.33,513.5001,513.5001,12063
BRK-B,2026-09-14,09:46,513.63,513.92,513.53,513.745,4760
BRK-B,2026-09-14,09:47,513.56,514.165,513.39,514.08,13209
BRK-B,2026-09-14,09:48,514.1,514.5,513.9101,514.49,12871
BRK-B,2026-09-14,09:49,514.535,514.59,514.09,514.2387,9279
BRK-B,2026-09-14,09:50,514.12,515.22,514.12,515.13,29210
BRK-B,2026-09-14,09:51,515.04,515.89,515.03,515.81,13781
BRK-B,2026-09-14,09:52,515.88,516.1399,515.77,515.88,15433
BRK-B,2026-09-14,09:53,515.842,516,515.32,516,16913
BRK-B,2026-09-14,09:54,515.89,516.19,515.62,516.05,9371
BRK-B,2026-09-14,09:55,516.1672,516.45,515.58,516.05,46517
BRK-B,2026-09-14,09:56,516.01,516.4057,515.94,515.94,37905
BRK-B,2026-09-14,09:57,515.965,515.965,515.668,515.875,9231
BRK-B,2026-09-14,09:58,515.92,515.95,515.725,515.875,11134
BRK-B,2026-09-14,09:59,515.875,516.36,515.87,515.91,15629
BRK-B,2026-09-14,10:00,515.915,516.32,515.915,516.09,13795
BRK-B,2026-09-14,10:01,516.015,516.18,515.69,515.88,24581
BRK-B,2026-09-14,10:02,515.98,516.4,515.81,516.295,13666
BRK-B,2026-09-14,10:03,516.22,516.27,515.8186,515.97,15258
BRK-B,2026-09-14,10:04,516.11,516.11,515.82,515.95,9062
BRK-B,2026-09-14,10:05,515.84,516,515.65,515.94,5714
BRK-B,2026-09-14,10:06,515.905,515.95,515.31,515.61,11696
BRK-B,2026-09-14,10:07,515.58,515.79,515.31,515.47,15274
BRK-B,2026-09-14,10:08,515.48,515.65,515.37,515.5438,4723
BRK-B,2026-09-14,10:09,515.52,515.94,515.478,515.69,10910
BRK-B,2026-09-14,10:10,515.655,515.655,515.17,515.245,7184
BRK-B,2026-09-14,10:11,515.2001,515.46,515.07,515.22,19466
BRK-B,2026-09-14,10:12,515.06,515.1875,514.68,515.039,18679
BRK-B,2026-09-14,10:13,515.1308,515.36,515.07,515.29,7402
BRK-B,2026-09-14,10:14,515.29,515.29,514.606,514.835,5297
BRK-B,2026-09-14,10:15,514.6846,514.92,514.5,514.8,5756
BRK-B,2026-09-14,10:16,514.9013,514.91,514.74,514.815,6384
BRK-B,2026-09-14,10:17,514.81,515,514.5301,514.71,7283
BRK-B,2026-09-14,10:18,514.94,515.04,514.85,515.01,8631
BRK-B,2026-09-14,10:19,514.98,515.0399,514.685,514.77,11210
BRK-B,2026-09-14,10:20,514.77,514.87,514.56,514.75,11110
BRK-B,2026-09-14,10:21,514.745,514.86,514.6701,514.75,5634
BRK-B,2026-09-14,10:22,514.73,514.87,514.69,514.7,5846
BRK-B,2026-09-14,10:23,514.695,514.79,514.595,514.595,2588
BRK-B,2026-09-14,10:24,514.56,514.595,514.23,514.355,17054
BRK-B,2026-09-14,10:25,514.355,514.42,514.056,514.42,7082
BRK-B,2026-09-14,10:26,514.38,514.38,514.12,514.215,4684
BRK-B,2026-09-14,10:27,514.2,514.23,514,514.02,4864
BRK-B,2026-09-14,10:28,514.02,514.08,513.9251,513.9251,5397
BRK-B,2026-09-14,10:29,513.938,514.475,513.839,514.4,17455
BRK-B,2026-09-14,10:30,514.3,514.48,514.1,514.45,12368
BRK-B,2026-09-14,10:31,514.32,514.325,514.0966,514.195,13392
BRK-B,2026-09-14,10:32,514.18,514.26,514.105,514.105,4129
BRK-B,2026-09-14,10:33,514.18,514.49,514.08,514.3605,5807
BRK-B,2026-09-14,10:34,514.47,514.47,514.28,514.3915,7815
BRK-B,2026-09-14,10:35,514.3,514.35,514.0024,514.145,16287
BRK-B,2026-09-14,10:36,514.145,514.3999,514.11,514.25,5999
BRK-B,2026-09-14,10:37,514.2475,514.3989,514.1,514.355,3418
BRK-B,2026-09-14,10:38,514.4,514.51,514.35,514.39,6060
BRK-B,2026-09-14,10:39,514.44,514.44,514,514.13,2673
BRK-B,2026-09-14,10:40,514.14,514.28,513.91,514.005,7346
BRK-B,2026-09-14,10:41,514.1,514.26,514.05,514.19,7714
BRK-B,2026-09-14,10:42,514.015,514.35,513.93,514.35,8247
BRK-B,2026-09-14,10:43,514.2,514.34,514.05,514.34,4651
BRK-B,2026-09-14,10:44,514.39,514.61,514.2311,514.6,13715
BRK-B,2026-09-14,10:45,514.5616,514.5616,514.28,514.435,4118
BRK-B,2026-09-14,10:46,514.33,514.415,514.01,514.06,3440
BRK-B,2026-09-14,10:47,514.105,514.105,513.855,513.925,3523
BRK-B,2026-09-14,10:48,513.965,514.13,513.925,513.975,12423
BRK-B,2026-09-14,10:49,514.0299,514.0299,513.7205,513.9,14628
BRK-B,2026-09-14,10:50,513.885,514.3758,513.87,514.21,9386
BRK-B,2026-09-14,10:51,514.11,514.2,513.8596,514.02,9890
BRK-B,2026-09-14,10:52,514.03,514.16,514,514.14,4637
BRK-B,2026-09-14,10:53,514.175,514.35,514.16,514.275,7037
BRK-B,2026-09-14,10:54,514.3,514.41,514.1601,514.1601,7628
BRK-B,2026-09-14,10:55,514.24,514.2852,513.98,514.135,2790
BRK-B,2026-09-14,10:56,514.18,514.21,513.905,514.0709,11901
BRK-B,2026-09-14,10:57,514.0699,514.6872,514.0699,514.4201,22194
BRK-B,2026-09-14,10:58,514.6199,514.6199,514.41,514.4575,21085
BRK-B,2026-09-14,10:59,514.43,514.4799,514.26,514.4405,25681
BRK-B,2026-09-14,11:00,514.4,514.53,514.26,514.425,8215
BRK-B,2026-09-14,11:01,514.42,514.99,514.4084,514.79,24994
BRK-B,2026-09-14,11:02,514.835,514.89,514.655,514.89,6380
BRK-B,2026-09-14,11:03,514.7929,514.95,514.75,514.8649,7369
BRK-B,2026-09-14,11:04,514.775,515.12,514.775,514.96,9788
BRK-B,2026-09-14,11:05,514.87,515.26,514.83,514.9,9726
BRK-B,2026-09-14,11:06,514.885,514.99,514.65,514.93,9781
BRK-B,2026-09-14,11:07,514.93,515.07,514.87,515.04,4451
BRK-B,2026-09-14,11:08,515.0699,515.0699,514.9,514.92,4435
BRK-B,2026-09-14,11:09,514.99,515.06,514.785,514.865,8116
BRK-B,2026-09-14,11:10,514.93,514.99,514.7793,514.93,7448
BRK-B,2026-09-14,11:11,514.905,514.96,514.73,514.795,3211
BRK-B,2026-09-14,11:12,514.72,514.76,514.35,514.35,3130
BRK-B,2026-09-14,11:13,514.365,514.47,514.18,514.27,8895
BRK-B,2026-09-14,11:14,514.225,514.2399,514.09,514.115,4585
BRK-B,2026-09-14,11:15,514.15,514.2,513.9224,514.0046,5202
BRK-B,2026-09-14,11:16,514.02,514.2,513.97,514.2,4456
BRK-B,2026-09-14,11:17,514.195,514.2,513.9736,513.9736,2267
BRK-B,2026-09-14,11:18,514.04,514.12,513.94,514.12,7154
BRK-B,2026-09-14,11:19,514.12,514.17,513.925,514.12,2957
BRK-B,2026-09-14,11:20,514.11,514.14,513.7514,513.87,5105
BRK-B,2026-09-14,11:21,513.87,513.9,513.75,513.76,5408
BRK-B,2026-09-14,11:22,513.81,513.95,513.81,513.915,4393
BRK-B,2026-09-14,11:23,513.85,513.875,513.57,513.8,6326
BRK-B,2026-09-14,11:24,513.73,513.78,513.56,513.72,2849
BRK-B,2026-09-14,11:25,513.8,513.8,513.5601,513.72,2423
BRK-B,2026-09-14,11:26,513.67,513.74,513.57,513.68,4087
BRK-B,2026-09-14,11:27,513.68,513.7299,513.62,513.69,3811
BRK-B,2026-09-14,11:28,513.73,513.845,513.62,513.835,4926
BRK-B,2026-09-14,11:29,513.84,513.84,513.6,513.695,4470
BRK-B,2026-09-14,11:30,513.695,513.8099,513.61,513.775,4182
BRK-B,2026-09-14,11:31,513.76,513.77,513.57,513.65,3957
BRK-B,2026-09-14,11:32,513.63,513.74,513.36,513.36,13126
BRK-B,2026-09-14,11:33,513.3575,513.65,513.35,513.52,5860
BRK-B,2026-09-14,11:34,513.53,513.53,513.29,513.29,3297
BRK-B,2026-09-14,11:35,513.3,513.64,513.29,513.44,3507
BRK-B,2026-09-14,11:36,513.5085,513.5085,513.31,513.33,1352
BRK-B,2026-09-14,11:37,513.3201,513.44,513.22,513.33,6583
BRK-B,2026-09-14,11:38,513.32,513.705,513.21,513.61,7121
BRK-B,2026-09-14,11:39,513.6201,513.7769,513.54,513.74,4497
BRK-B,2026-09-14,11:40,513.77,513.99,513.53,513.605,4061
BRK-B,2026-09-14,11:41,513.68,513.73,513.39,513.71,40364
BRK-B,2026-09-14,11:42,513.89,514.22,513.84,514.22,4700
BRK-B,2026-09-14,11:43,514.185,514.47,514.11,514.335,14616
BRK-B,2026-09-14,11:44,514.37,514.55,514.36,514.55,8878
BRK-B,2026-09-14,11:45,514.58,514.725,514.46,514.49,14278
BRK-B,2026-09-14,11:46,514.41,514.48,514.35,514.395,2477
BRK-B,2026-09-14,11:47,514.43,514.47,514.3101,514.38,3847
BRK-B,2026-09-14,11:48,514.405,514.45,514.14,514.325,3613
BRK-B,2026-09-14,11:49,514.305,514.35,514.16,514.2,2209
BRK-B,2026-09-14,11:50,514.2,514.31,514.17,514.2399,3206
BRK-B,2026-09-14,11:51,514.28,514.32,514.1601,514.27,3684
BRK-B,2026-09-14,11:52,514.2601,514.5,514.2601,514.395,5200
BRK-B,2026-09-14,11:53,514.405,514.435,514.35,514.3901,1458
BRK-B,2026-09-14,11:54,514.4,514.47,514.38,514.38,2748
BRK-B,2026-09-14,11:55,514.34,514.48,514.33,514.45,1978
BRK-B,2026-09-14,11:56,514.4,514.4,514.2,514.2,3571
BRK-B,2026-09-14,11:57,514.28,514.29,514.03,514.04,5296
BRK-B,2026-09-14,11:58,514.047,514.2,514.047,514.14,7562
BRK-B,2026-09-14,11:59,514.07,514.12,514,514.06,4504
BRK-B,2026-09-14,12:00,514.036,514.14,513.99,514.124,2648
BRK-B,2026-09-14,12:01,514.0408,514.085,513.7,513.74,5212
BRK-B,2026-09-14,12:02,513.76,513.84,513.64,513.8066,9974
BRK-B,2026-09-14,12:03,513.835,513.96,513.78,513.91,2489
BRK-B,2026-09-14,12:04,513.92,514.07,513.91,514.06,3223
BRK-B,2026-09-14,12:05,514.06,514.106,513.75,513.85,8301
BRK-B,2026-09-14,12:06,513.88,513.95,513.8382,513.93,2428
BRK-B,2026-09-14,12:07,513.9375,513.99,513.88,513.93,5503
BRK-B,2026-09-14,12:08,513.945,513.945,513.76,513.83,2023
BRK-B,2026-09-14,12:09,513.825,514.21,513.825,514.14,6769
BRK-B,2026-09-14,12:10,514.21,514.245,514.08,514.24,7741
BRK-B,2026-09-14,12:11,514.26,514.26,514.17,514.2,4672
BRK-B,2026-09-14,12:12,514.23,514.47,514.23,514.4,2453
BRK-B,2026-09-14,12:13,514.4699,514.4699,514.27,514.325,5980
BRK-B,2026-09-14,12:14,514.325,514.5679,514.22,514.29,10750
BRK-B,2026-09-14,12:15,514.3,514.33,514.09,514.09,2113
BRK-B,2026-09-14,12:16,514.145,514.33,514.124,514.23,3558
BRK-B,2026-09-14,12:17,514.21,514.315,514.21,514.25,4125
BRK-B,2026-09-14,12:18,514.28,514.4,514.24,514.39,4215
BRK-B,2026-09-14,12:19,514.45,514.47,514.33,514.433,2098
BRK-B,2026-09-14,12:20,514.49,514.54,514.37,514.445,4024
BRK-B,2026-09-14,12:21,514.48,514.52,514.41,514.43,2057
BRK-B,2026-09-14,12:22,514.35,514.46,514.35,514.45,1871
BRK-B,2026-09-14,12:23,514.45,514.8799,514.36,514.725,8266
BRK-B,2026-09-14,12:24,514.72,514.88,514.68,514.75,3361
BRK-B,2026-09-14,12:25,514.755,514.87,514.735,514.735,828
BRK-B,2026-09-14,12:26,514.79,514.9,514.58,514.685,14130
BRK-B,2026-09-14,12:27,514.68,514.77,514.645,514.77,1956
BRK-B,2026-09-14,12:28,514.8,514.8,514.56,514.7399,7093
BRK-B,2026-09-14,12:29,514.7399,514.79,514.65,514.69,3097
BRK-B,2026-09-14,12:30,514.63,514.78,514.63,514.7,3504
BRK-B,2026-09-14,12:31,514.65,514.95,514.62,514.86,3433
BRK-B,2026-09-14,12:32,514.73,514.81,514.7,514.8,2728
BRK-B,2026-09-14,12:33,514.685,514.7,514.58,514.665,4743
BRK-B,2026-09-14,12:34,514.74,514.77,514.5001,514.565,10919
BRK-B,2026-09-14,12:35,514.52,514.63,514.5,514.5482,2615
BRK-B,2026-09-14,12:36,514.5651,514.61,514.5,514.5,1820
BRK-B,2026-09-14,12:37,514.545,514.56,514.39,514.56,10038
BRK-B,2026-09-14,12:38,514.54,514.5499,514.3801,514.53,1178
BRK-B,2026-09-14,12:39,514.495,514.5,514.3301,514.43,1974
BRK-B,2026-09-14,12:40,514.49,514.53,514.3528,514.51,4608
BRK-B,2026-09-14,12:41,514.43,514.51,514.35,514.5,2128
BRK-B,2026-09-14,12:42,514.3701,514.441,514.3501,514.441,1024
BRK-B,2026-09-14,12:43,514.335,514.4,514.277,514.36,3530
BRK-B,2026-09-14,12:44,514.335,514.44,514.3167,514.44,4502
BRK-B,2026-09-14,12:45,514.41,514.41,514.3001,514.315,10564
BRK-B,2026-09-14,12:46,514.33,514.45,514.33,514.45,2094
BRK-B,2026-09-14,12:47,514.44,514.57,514.24,514.24,6963
BRK-B,2026-09-14,12:48,514.27,514.4,514.17,514.22,6000
BRK-B,2026-09-14,12:49,514.32,514.43,514.25,514.25,2392
BRK-B,2026-09-14,12:50,514.245,514.26,514.08,514.08,2303
BRK-B,2026-09-14,12:51,514.15,514.37,514.14,514.28,3124
BRK-B,2026-09-14,12:52,514.28,514.45,514.24,514.45,3040
BRK-B,2026-09-14,12:53,514.464,514.56,514.21,514.29,2344
BRK-B,2026-09-14,12:54,514.29,514.29,514.16,514.16,2270
BRK-B,2026-09-14,12:55,514.12,514.12,513.78,513.7812,4636
BRK-B,2026-09-14,12:56,513.77,513.79,513.585,513.595,5550
BRK-B,2026-09-14,12:57,513.65,513.7,513.585,513.7,5889
BRK-B,2026-09-14,12:58,513.715,513.715,513.61,513.61,1483
BRK-B,2026-09-14,12:59,513.69,513.77,513.61,513.61,1990
BRK-B,2026-09-14,13:00,513.61,513.82,513.61,513.785,4758
BRK-B,2026-09-14,13:01,513.78,513.7965,513.57,513.615,2275
BRK-B,2026-09-14,13:02,513.59,513.63,513.44,513.44,4708
BRK-B,2026-09-14,13:03,513.445,513.5503,513.437,513.48,3212
BRK-B,2026-09-14,13:04,513.48,513.61,513.475,513.535,3217
BRK-B,2026-09-14,13:05,513.53,513.66,513.5,513.605,4835
BRK-B,2026-09-14,13:06,513.65,513.7,513.56,513.6,1540
BRK-B,2026-09-14,13:07,513.56,513.6,513.45,513.475,4959
BRK-B,2026-09-14,13:08,513.475,513.52,513.3901,513.46,3571
BRK-B,2026-09-14,13:09,513.33,513.4,513,513.12,8017
BRK-B,2026-09-14,13:10,513.055,513.16,513.02,513.16,2221
BRK-B,2026-09-14,13:11,513.115,513.17,513,513.01,3257
BRK-B,2026-09-14,13:12,513,513.07,512.95,512.97,6270
BRK-B,2026-09-14,13:13,512.97,513.03,512.92,512.9699,3477
BRK-B,2026-09-14,13:14,512.93,512.93,512.78,512.865,18968
BRK-B,2026-09-14,13:15,512.865,512.95,512.7901,512.9,2879
BRK-B,2026-09-14,13:16,512.91,513.01,512.86,512.89,4919
BRK-B,2026-09-14,13:17,512.9999,513.03,512.7801,513.03,2632
BRK-B,2026-09-14,13:18,513.035,513.1,512.9,513.04,3069
BRK-B,2026-09-14,13:19,513.1,513.1,512.98,512.999,4059
BRK-B,2026-09-14,13:20,513.02,513.18,513.02,513.08,7536
BRK-B,2026-09-14,13:21,513.1299,513.19,512.885,512.89,3582
BRK-B,2026-09-14,13:22,512.9078,513.13,512.9078,513.12,3157
BRK-B,2026-09-14,13:23,513.04,513.13,513.02,513.08,2639
BRK-B,2026-09-14,13:24,513.045,513.0699,512.99,513.055,2126
BRK-B,2026-09-14,13:25,513.05,513.13,513.03,513.06,2120
BRK-B,2026-09-14,13:26,513.04,513.09,512.97,513.025,2218
BRK-B,2026-09-14,13:27,513.05,513.13,513.03,513.13,2585
BRK-B,2026-09-14,13:28,513.16,513.35,513.0872,513.315,5887
BRK-B,2026-09-14,13:29,513.31,513.37,513.25,513.37,2614
BRK-B,2026-09-14,13:30,513.33,513.34,513.2,513.3,3796
BRK-B,2026-09-14,13:31,513.345,513.4049,513.31,513.36,4833
BRK-B,2026-09-14,13:32,513.36,513.36,513.2601,513.2601,2397
BRK-B,2026-09-14,13:33,513.33,513.4599,513.22,513.31,6331
BRK-B,2026-09-14,13:34,513.37,513.4,513.1853,513.2,1407
BRK-B,2026-09-14,13:35,513.268,513.73,513.268,513.51,10193
BRK-B,2026-09-14,13:36,513.42,513.53,513.34,513.475,3620
BRK-B,2026-09-14,13:37,513.4832,513.5299,513.22,513.3605,2523
BRK-B,2026-09-14,13:38,513.24,513.53,513.24,513.42,4644
BRK-B,2026-09-14,13:39,513.41,514.54,513.4,513.88,31194
BRK-B,2026-09-14,13:40,513.82,513.91,513.7738,513.91,1849
BRK-B,2026-09-14,13:41,513.91,514.23,513.8155,514.13,5965
BRK-B,2026-09-14,13:42,514.1,514.16,514.02,514.075,5052
BRK-B,2026-09-14,13:43,514.075,514.27,514.0402,514.2117,2520
BRK-B,2026-09-14,13:44,514.22,514.44,514.22,514.4399,3694
BRK-B,2026-09-14,13:45,514.44,514.56,514.3248,514.3248,7461
BRK-B,2026-09-14,13:46,514.3101,514.35,514.0101,514.0101,5545
BRK-B,2026-09-14,13:47,514.125,514.48,514.125,514.48,4387
BRK-B,2026-09-14,13:48,514.5,514.55,514.41,514.415,4121
BRK-B,2026-09-14,13:49,514.425,514.455,514.2172,514.27,2005
BRK-B,2026-09-14,13:50,514.27,514.43,514.1101,514.255,2090
BRK-B,2026-09-14,13:51,514.4,514.4,514.2501,514.3,2344
BRK-B,2026-09-14,13:52,514.2719,514.476,514.2719,514.476,4550
BRK-B,2026-09-14,13:53,514.47,514.5,514.3101,514.5,1871
BRK-B,2026-09-14,13:54,514.44,514.585,514.418,514.48,4318
BRK-B,2026-09-14,13:55,514.465,514.465,514.33,514.3925,1445
BRK-B,2026-09-14,13:56,514.35,514.51,514.3,514.5,6849
BRK-B,2026-09-14,13:57,514.4716,514.62,514.4716,514.6,3717
BRK-B,2026-09-14,13:58,514.6077,514.67,514.42,514.5699,3100
BRK-B,2026-09-14,13:59,514.44,514.51,514.34,514.41,2530
BRK-B,2026-09-14,14:00,514.53,514.6,514.45,514.51,5438
BRK-B,2026-09-14,14:01,514.555,514.73,514.5101,514.625,2759
BRK-B,2026-09-14,14:02,514.73,514.7899,514.63,514.71,2959
BRK-B,2026-09-14,14:03,514.6888,514.71,514.56,514.56,3376
BRK-B,2026-09-14,14:04,514.57,514.72,514.57,514.68,3636
BRK-B,2026-09-14,14:05,514.6345,514.76,514.6345,514.6991,1488
BRK-B,2026-09-14,14:06,514.68,514.68,514.3,514.4,1801
BRK-B,2026-09-14,14:07,514.4,514.67,514.395,514.635,3000
BRK-B,2026-09-14,14:08,514.64,514.645,514.4101,514.4101,1070
BRK-B,2026-09-14,14:09,514.62,514.68,514.5326,514.565,4243
BRK-B,2026-09-14,14:10,514.52,514.55,514.465,514.485,1828
BRK-B,2026-09-14,14:11,514.58,514.62,514.44,514.44,1691
BRK-B,2026-09-14,14:12,514.42,514.455,514.1566,514.27,2765
BRK-B,2026-09-14,14:13,514.27,514.27,514.1101,514.23,1520
BRK-B,2026-09-14,14:14,514.1925,514.29,514.165,514.29,2420
BRK-B,2026-09-14,14:15,514.22,514.28,514.09,514.205,5791
BRK-B,2026-09-14,14:16,514.205,514.45,514.15,514.37,6982
BRK-B,2026-09-14,14:17,514.41,514.41,514.285,514.34,1939
BRK-B,2026-09-14,14:18,514.325,514.3799,514.1091,514.1091,1942
BRK-B,2026-09-14,14:19,514.165,514.42,514.165,514.42,3993
BRK-B,2026-09-14,14:20,514.36,514.46,514.32,514.45,3958
BRK-B,2026-09-14,14:21,514.46,514.63,514.46,514.63,2968
BRK-B,2026-09-14,14:22,514.58,514.71,514.52,514.7,8696
BRK-B,2026-09-14,14:23,514.76,514.925,514.76,514.92,4986
BRK-B,2026-09-14,14:24,514.92,515.1,514.8805,515.08,5879
BRK-B,2026-09-14,14:25,515.1,515.1,514.94,514.975,5935
BRK-B,2026-09-14,14:26,514.964,515.03,514.93,514.975,4885
BRK-B,2026-09-14,14:27,514.9487,515.05,514.68,514.785,5336
BRK-B,2026-09-14,14:28,514.73,514.83,514.71,514.73,2901
BRK-B,2026-09-14,14:29,514.76,514.77,514.7,514.7304,1673
BRK-B,2026-09-14,14:30,514.78,515.0099,514.7185,514.87,3396
BRK-B,2026-09-14,14:31,514.865,514.96,514.7001,514.9,3584
BRK-B,2026-09-14,14:32,514.9,514.98,514.87,514.88,3664
BRK-B,2026-09-14,14:33,514.94,514.98,514.83,514.88,6121
BRK-B,2026-09-14,14:34,514.84,514.85,514.77,514.83,1873
BRK-B,2026-09-14,14:35,514.87,514.87,514.77,514.795,5449
BRK-B,2026-09-14,14:36,514.805,514.805,514.625,514.635,4963
BRK-B,2026-09-14,14:37,514.68,514.84,514.68,514.83,3492
BRK-B,2026-09-14,14:38,514.7701,514.89,514.75,514.785,2290
BRK-B,2026-09-14,14:39,514.78,514.83,514.6801,514.83,2805
BRK-B,2026-09-14,14:40,514.86,514.92,514.753,514.91,5573
BRK-B,2026-09-14,14:41,514.9,514.9,514.7401,514.89,3396
BRK-B,2026-09-14,14:42,514.86,514.88,514.81,514.8399,3346
BRK-B,2026-09-14,14:43,514.84,514.86,514.7801,514.83,2386
BRK-B,2026-09-14,14:44,514.87,514.97,514.85,514.92,3823
BRK-B,2026-09-14,14:45,514.95,514.96,514.84,514.88,2997
BRK-B,2026-09-14,14:46,514.91,515.0799,514.89,514.89,5718
BRK-B,2026-09-14,14:47,514.8301,515.08,514.8301,515.03,3894
BRK-B,2026-09-14,14:48,515.03,515.275,514.97,515.275,3021
BRK-B,2026-09-14,14:49,515.26,515.28,515,515,4874
BRK-B,2026-09-14,14:50,514.995,515.08,514.9598,515.07,5151
BRK-B,2026-09-14,14:51,515.08,515.2299,514.96,515.07,2852
BRK-B,2026-09-14,14:52,515.085,515.085,515.02,515.035,1401
BRK-B,2026-09-14,14:53,515.11,515.17,515,515.15,4931
BRK-B,2026-09-14,14:54,515.1699,515.1699,515.0201,515.105,5343
BRK-B,2026-09-14,14:55,515.17,515.2471,515.135,515.225,6062
BRK-B,2026-09-14,14:56,515.19,515.29,515.05,515.05,17164
BRK-B,2026-09-14,14:57,515.125,515.2697,515.09,515.135,5202
BRK-B,2026-09-14,14:58,515.06,515.1299,514.95,515.065,4129
BRK-B,2026-09-14,14:59,515.08,515.12,514.9201,515.0414,3290
BRK-B,2026-09-14,15:00,515.02,515.23,515.02,515.2,3958
BRK-B,2026-09-14,15:01,515.16,515.16,514.87,515.02,3458
BRK-B,2026-09-14,15:02,515.06,515.07,514.7,514.915,11035
BRK-B,2026-09-14,15:03,514.9599,514.9599,514.68,514.77,3920
BRK-B,2026-09-14,15:04,514.77,515.02,514.71,514.885,7370
BRK-B,2026-09-14,15:05,514.87,514.93,514.655,514.77,3796
BRK-B,2026-09-14,15:06,514.77,514.87,514.75,514.85,4792
BRK-B,2026-09-14,15:07,514.795,514.92,514.77,514.92,3350
BRK-B,2026-09-14,15:08,514.895,514.95,514.65,514.735,2954
BRK-B,2026-09-14,15:09,514.735,514.83,514.7036,514.77,1265
BRK-B,2026-09-14,15:10,514.765,514.83,514.74,514.81,4112
BRK-B,2026-09-14,15:11,514.85,514.865,514.8,514.83,2798
BRK-B,2026-09-14,15:12,514.825,515.1,514.825,515.005,5586
BRK-B,2026-09-14,15:13,515.005,515.1,515.005,515.1,3204
BRK-B,2026-09-14,15:14,515.11,515.31,515.075,515.31,5996
BRK-B,2026-09-14,15:15,515.3499,515.3499,515.22,515.2373,2306
BRK-B,2026-09-14,15:16,515.29,515.29,515.1928,515.215,3684
BRK-B,2026-09-14,15:17,515.2,515.36,515.18,515.27,6359
BRK-B,2026-09-14,15:18,515.31,515.37,515.3001,515.35,4514
BRK-B,2026-09-14,15:19,515.36,515.4,515.25,515.308,12088
BRK-B,2026-09-14,15:20,515.29,515.4,515.25,515.335,10183
BRK-B,2026-09-14,15:21,515.335,515.42,515.27,515.285,11697
BRK-B,2026-09-14,15:22,515.285,515.36,515.2526,515.305,5324
BRK-B,2026-09-14,15:23,515.3,515.33,515.13,515.13,3806
BRK-B,2026-09-14,15:24,515.125,515.25,515.11,515.12,6343
BRK-B,2026-09-14,15:25,515.14,515.16,514.99,515.0229,3202
BRK-B,2026-09-14,15:26,514.96,515.0799,514.76,514.86,4760
BRK-B,2026-09-14,15:27,514.89,514.98,514.82,514.96,3702
BRK-B,2026-09-14,15:28,514.98,515.1,514.96,515.06,7495
BRK-B,2026-09-14,15:29,515.07,515.1,514.88,514.95,13147
BRK-B,2026-09-14,15:30,514.93,515.455,514.9,515.335,20642
BRK-B,2026-09-14,15:31,515.39,515.42,515.28,515.41,4376
BRK-B,2026-09-14,15:32,515.4773,515.66,515.4773,515.5758,18735
BRK-B,2026-09-14,15:33,515.59,515.61,515.455,515.505,10294
BRK-B,2026-09-14,15:34,515.5499,515.55,515.14,515.26,6658
BRK-B,2026-09-14,15:35,515.155,515.285,515,515.24,5898
BRK-B,2026-09-14,15:36,515.0961,515.25,515.0511,515.1,5472
BRK-B,2026-09-14,15:37,515.13,515.263,515.09,515.1,6710
BRK-B,2026-09-14,15:38,515.11,515.25,515.11,515.2,8100
BRK-B,2026-09-14,15:39,515.2,515.259,515.08,515.12,9511
BRK-B,2026-09-14,15:40,515.08,515.13,514.85,514.85,5213
BRK-B,2026-09-14,15:41,514.82,515.01,514.805,514.882,8293
BRK-B,2026-09-14,15:42,514.93,515.11,514.88,515.11,9829
BRK-B,2026-09-14,15:43,515.08,515.16,515.03,515.1,6556
BRK-B,2026-09-14,15:44,515.1,515.21,515.07,515.085,3791
BRK-B,2026-09-14,15:45,515.15,515.44,515.085,515.44,11752
BRK-B,2026-09-14,15:46,515.395,515.47,515.33,515.365,10039
BRK-B,2026-09-14,15:47,515.365,515.505,515.365,515.43,9253
BRK-B,2026-09-14,15:48,515.48,515.53,515.37,515.415,7752
BRK-B,2026-09-14,15:49,515.415,515.54,515.32,515.34,10472
BRK-B,2026-09-14,15:50,515.25,515.3,514.8,514.92,18818
BRK-B,2026-09-14,15:51,514.92,515.04,514.85,514.96,13219
BRK-B,2026-09-14,15:52,515,515,514.77,514.88,9431
BRK-B,2026-09-14,15:53,514.89,514.89,514.67,514.7579,9393
BRK-B,2026-09-14,15:54,514.76,514.93,514.72,514.87,17982
BRK-B,2026-09-14,15:55,514.96,515.25,514.81,515.18,28288
BRK-B,2026-09-14,15:56,515.14,515.63,515.12,515.47,38718
BRK-B,2026-09-14,15:57,515.45,515.5,515.26,515.37,31609
BRK-B,2026-09-14,15:58,515.315,515.6,515.22,515.2875,86375
BRK-B,2026-09-14,15:59,515.31,515.35,514.88,514.91,120540
BRK-B,2026-09-14,16:00,514.95,514.95,514.95,514.95,0
BRK-B,2026-09-15,09:30,515,515.5,513.26,514.225,83166
BRK-B,2026-09-15,09:31,514.22,514.22,513.1,513.11,10142
BRK-B,2026-09-15,09:32,513,513.17,512.52,512.655,11640
BRK-B,2026-09-15,09:33,512.76,513.6,512.41,513.6,14073
BRK-B,2026-09-15,09:34,513.66,514,513.495,513.585,12759
BRK-B,2026-09-15,09:35,513.59,514.54,513.5,514.415,7660
BRK-B,2026-09-15,09:36,514.415,514.94,514.415,514.845,7410
BRK-B,2026-09-15,09:37,514.845,515.26,514.4,515.216,13468
BRK-B,2026-09-15,09:38,515.21,515.24,514.41,514.57,5984
BRK-B,2026-09-15,09:39,514.515,514.68,514.2,514.66,4416
BRK-B,2026-09-15,09:40,514.5306,514.82,514.4,514.41,8515
BRK-B,2026-09-15,09:41,514.4,514.89,514.39,514.765,8764
BRK-B,2026-09-15,09:42,514.51,514.53,513.841,514.1,11494
BRK-B,2026-09-15,09:43,514.095,514.54,514.095,514.48,2508
BRK-B,2026-09-15,09:44,514.47,514.49,514.15,514.49,2672
BRK-B,2026-09-15,09:45,514.475,514.8,514.09,514.265,10839
BRK-B,2026-09-15,09:46,514.4,514.4,513.995,514.25,4084
BRK-B,2026-09-15,09:47,514.09,514.66,514.065,514.66,4063
BRK-B,2026-09-15,09:48,514.355,514.42,514.1901,514.3,3164
BRK-B,2026-09-15,09:49,514.39,515.35,514.39,515.0596,13591
BRK-B,2026-09-15,09:50,515.135,515.63,515.05,515.05,18637
BRK-B,2026-09-15,09:51,515.2,515.2,514.965,515.14,3495
BRK-B,2026-09-15,09:52,515.14,515.71,515.14,515.71,5471
BRK-B,2026-09-15,09:53,515.65,515.8599,515.5,515.74,5565
BRK-B,2026-09-15,09:54,515.74,515.86,515.51,515.63,4586
BRK-B,2026-09-15,09:55,515.63,515.8,515.36,515.794,7408
BRK-B,2026-09-15,09:56,515.81,515.9,515.74,515.79,12261
BRK-B,2026-09-15,09:57,515.7521,515.83,515.24,515.349,5244
BRK-B,2026-09-15,09:58,515.31,515.37,515.11,515.26,7301
BRK-B,2026-09-15,09:59,515.16,515.26,515.07,515.1551,3090
BRK-B,2026-09-15,10:00,515.2,515.21,514.48,514.48,11331
BRK-B,2026-09-15,10:01,514.48,514.49,514.19,514.35,6237
BRK-B,2026-09-15,10:02,514.22,514.4599,514.15,514.36,3644
BRK-B,2026-09-15,10:03,514.3,514.32,514.025,514.22,8126
BRK-B,2026-09-15,10:04,514.28,514.305,514.13,514.26,4704
BRK-B,2026-09-15,10:05,514.31,514.48,514.17,514.33,4777
BRK-B,2026-09-15,10:06,514.36,514.52,514.11,514.52,7582
BRK-B,2026-09-15,10:07,514.54,514.95,514.4701,514.68,5324
BRK-B,2026-09-15,10:08,514.715,514.8403,514.495,514.495,3007
BRK-B,2026-09-15,10:09,514.5,514.69,514.43,514.6805,4835
BRK-B,2026-09-15,10:10,514.595,514.795,514.595,514.7,4210
BRK-B,2026-09-15,10:11,514.83,514.96,514.7201,514.78,2834
BRK-B,2026-09-15,10:12,514.82,514.845,514.58,514.655,4674
BRK-B,2026-09-15,10:13,514.59,514.65,514.549,514.575,1998
BRK-B,2026-09-15,10:14,514.64,514.8,514.37,514.485,4430
BRK-B,2026-09-15,10:15,514.4875,514.85,514.455,514.6275,7030
BRK-B,2026-09-15,10:16,514.66,515.11,514.62,514.9,12316
BRK-B,2026-09-15,10:17,515,515.325,514.98,515.325,6727
BRK-B,2026-09-15,10:18,515.325,515.505,515.27,515.38,5229
BRK-B,2026-09-15,10:19,515.38,515.5,515.3101,515.405,6425
BRK-B,2026-09-15,10:20,515.33,515.5,515.3,515.49,7948
BRK-B,2026-09-15,10:21,515.55,515.6,515.35,515.36,6452
BRK-B,2026-09-15,10:22,515.45,515.51,515.3656,515.375,4901
BRK-B,2026-09-15,10:23,515.31,515.45,515.14,515.315,6273
BRK-B,2026-09-15,10:24,515.32,515.4,515.08,515.08,6121
BRK-B,2026-09-15,10:25,515.16,515.29,515.085,515.2,3643
BRK-B,2026-09-15,10:26,515.2,515.3099,515.19,515.25,2885
BRK-B,2026-09-15,10:27,515.25,515.29,515,515.07,1576
BRK-B,2026-09-15,10:28,515.03,515.1084,514.94,514.945,3415
BRK-B,2026-09-15,10:29,514.9,515.22,514.8301,514.94,7869
BRK-B,2026-09-15,10:30,514.76,515.0999,514.76,514.895,1633
BRK-B,2026-09-15,10:31,514.9625,514.9625,514.7,514.94,4511
BRK-B,2026-09-15,10:32,514.935,515,514.71,514.71,4654
BRK-B,2026-09-15,10:33,514.67,514.7,514.63,514.64,2272
BRK-B,2026-09-15,10:34,514.68,514.88,514.61,514.82,8233
BRK-B,2026-09-15,10:35,514.87,514.91,514.7575,514.7575,3953
BRK-B,2026-09-15,10:36,514.725,515,514.67,515,7447
BRK-B,2026-09-15,10:37,515.04,515.28,514.911,515.28,4119
BRK-B,2026-09-15,10:38,515.225,515.43,515.22,515.3393,3997
BRK-B,2026-09-15,10:39,515.43,515.48,515.35,515.425,4940
BRK-B,2026-09-15,10:40,515.364,515.57,515.34,515.44,3999
BRK-B,2026-09-15,10:41,515.445,515.53,515.3,515.53,5151
BRK-B,2026-09-15,10:42,515.57,515.6,515.39,515.45,11651
BRK-B,2026-09-15,10:43,515.44,515.44,515.31,515.39,5961
BRK-B,2026-09-15,10:44,515.49,515.52,515.345,515.43,2814
BRK-B,2026-09-15,10:45,515.44,515.55,515.44,515.46,2684
BRK-B,2026-09-15,10:46,515.425,515.44,515.27,515.44,3226
BRK-B,2026-09-15,10:47,515.44,515.525,515.31,515.43,3253
BRK-B,2026-09-15,10:48,515.51,515.55,515.35,515.55,7706
BRK-B,2026-09-15,10:49,515.6,515.736,515.46,515.66,6272
BRK-B,2026-09-15,10:50,515.64,515.74,515.46,515.61,3873
BRK-B,2026-09-15,10:51,515.68,515.7,515.5,515.655,4902
BRK-B,2026-09-15,10:52,515.61,515.75,515.5001,515.7,3801
BRK-B,2026-09-15,10:53,515.6201,515.8,515.6201,515.755,5764
BRK-B,2026-09-15,10:54,515.78,515.9,515.78,515.825,9269
BRK-B,2026-09-15,10:55,515.82,515.89,515.66,515.75,3138
BRK-B,2026-09-15,10:56,515.8,515.9,515.79,515.82,4775
BRK-B,2026-09-15,10:57,515.75,515.8,515.705,515.78,4591
BRK-B,2026-09-15,10:58,515.8,515.8569,515.675,515.75,6312
BRK-B,2026-09-15,10:59,515.8,515.95,515.72,515.87,5644
BRK-B,2026-09-15,11:00,515.8001,515.9799,515.74,515.92,4479
BRK-B,2026-09-15,11:01,515.898,515.92,515.74,515.75,2606
BRK-B,2026-09-15,11:02,515.72,515.74,515.46,515.53,7942
BRK-B,2026-09-15,11:03,515.53,515.55,515.24,515.24,4970
BRK-B,2026-09-15,11:04,515.24,515.35,515.21,515.28,2993
BRK-B,2026-09-15,11:05,515.26,515.26,515.08,515.09,2624
BRK-B,2026-09-15,11:06,515.05,515.18,515.04,515.124,2173
BRK-B,2026-09-15,11:07,515.11,515.1527,514.9,514.93,5175
BRK-B,2026-09-15,11:08,514.9,514.93,514.75,514.81,3899
BRK-B,2026-09-15,11:09,514.7944,514.92,514.774,514.91,6615
BRK-B,2026-09-15,11:10,514.905,514.91,514.6901,514.825,3368
BRK-B,2026-09-15,11:11,514.825,515.3382,514.74,515.3382,9274
BRK-B,2026-09-15,11:12,515.28,515.7,515.195,515.28,23285
BRK-B,2026-09-15,11:13,515.22,515.22,515.09,515.09,921
BRK-B,2026-09-15,11:14,515.01,515.07,514.9,514.95,3669
BRK-B,2026-09-15,11:15,515.01,515.06,514.9,515.055,4995
BRK-B,2026-09-15,11:16,515.055,515.055,514.97,514.97,2319
BRK-B,2026-09-15,11:17,514.97,515.0699,514.97,515.0699,2041
BRK-B,2026-09-15,11:18,514.99,514.99,514.765,514.765,5329
BRK-B,2026-09-15,11:19,514.8,515.1,514.7,514.83,5204
BRK-B,2026-09-15,11:20,514.8101,515.06,514.8101,515.005,4651
BRK-B,2026-09-15,11:21,514.992,514.992,514.81,514.84,3311
BRK-B,2026-09-15,11:22,514.75,514.83,514.75,514.79,1870
BRK-B,2026-09-15,11:23,514.76,515.16,514.76,515.14,9638
BRK-B,2026-09-15,11:24,515.19,515.555,515.15,515.5,4369
BRK-B,2026-09-15,11:25,515.42,515.4899,515.22,515.22,11759
BRK-B,2026-09-15,11:26,515.18,515.26,515.14,515.24,2280
BRK-B,2026-09-15,11:27,515.25,515.3,515.14,515.195,5122
BRK-B,2026-09-15,11:28,515.195,515.3452,515.195,515.295,1548
BRK-B,2026-09-15,11:29,515.295,515.6,515.24,515.6,4286
BRK-B,2026-09-15,11:30,515.61,515.8,515.57,515.775,3459
BRK-B,2026-09-15,11:31,515.7611,515.97,515.74,515.82,8946
BRK-B,2026-09-15,11:32,515.82,515.82,515.53,515.53,3351
BRK-B,2026-09-15,11:33,515.6042,515.64,515.51,515.615,2699
BRK-B,2026-09-15,11:34,515.57,515.6285,515.57,515.575,994
BRK-B,2026-09-15,11:35,515.64,515.83,515.6037,515.675,3654
BRK-B,2026-09-15,11:36,515.675,515.7599,515.675,515.72,1397
BRK-B,2026-09-15,11:37,515.75,516.17,515.75,516.01,9286
BRK-B,2026-09-15,11:38,516.04,516.34,516.04,516.195,6637
BRK-B,2026-09-15,11:39,516.2,516.23,516.085,516.15,3854
BRK-B,2026-09-15,11:40,516.15,516.21,516.1,516.1432,4341
BRK-B,2026-09-15,11:41,516.2,516.25,516.13,516.145,4504
BRK-B,2026-09-15,11:42,516.24,516.25,516.05,516.25,3471
BRK-B,2026-09-15,11:43,516.24,516.255,516.175,516.185,1476
BRK-B,2026-09-15,11:44,516.25,516.28,516.01,516.07,7042
BRK-B,2026-09-15,11:45,516.07,516.2,516.07,516.2,5549
BRK-B,2026-09-15,11:46,516.2,516.2,515.93,516.015,4056
BRK-B,2026-09-15,11:47,516.08,516.2,515.775,515.775,4275
BRK-B,2026-09-15,11:48,515.83,515.99,515.8,515.98,8948
BRK-B,2026-09-15,11:49,515.98,516.07,515.785,515.785,2763
BRK-B,2026-09-15,11:50,515.785,515.97,515.78,515.97,3949
BRK-B,2026-09-15,11:51,515.76,515.9679,515.61,515.82,3885
BRK-B,2026-09-15,11:52,515.66,515.81,515.6592,515.726,1926
BRK-B,2026-09-15,11:53,515.71,515.79,515.57,515.77,1578
BRK-B,2026-09-15,11:54,515.68,515.69,515.585,515.66,6665
BRK-B,2026-09-15,11:55,515.59,515.66,515.5,515.62,3762
BRK-B,2026-09-15,11:56,515.57,515.6,515.395,515.46,6626
BRK-B,2026-09-15,11:57,515.5,515.51,515.38,515.4,1754
BRK-B,2026-09-15,11:58,515.42,515.49,515.34,515.42,2538
BRK-B,2026-09-15,11:59,515.36,515.47,515.32,515.47,5159
BRK-B,2026-09-15,12:00,515.467,515.5,515.395,515.44,900
BRK-B,2026-09-15,12:01,515.44,515.49,515.31,515.31,8491
BRK-B,2026-09-15,12:02,515.295,515.295,515.12,515.2,3282
BRK-B,2026-09-15,12:03,515.15,515.25,515.13,515.25,3087
BRK-B,2026-09-15,12:04,515.25,515.25,515.2003,515.2003,1032
BRK-B,2026-09-15,12:05,515.215,515.25,515.209,515.25,4368
BRK-B,2026-09-15,12:06,515.23,515.25,515.08,515.08,4394
BRK-B,2026-09-15,12:07,515.075,515.075,514.8805,514.8805,2653
BRK-B,2026-09-15,12:08,514.88,514.92,514.845,514.845,3103
BRK-B,2026-09-15,12:09,514.835,514.835,514.6666,514.7505,2455
BRK-B,2026-09-15,12:10,514.81,514.84,514.66,514.8,7912
BRK-B,2026-09-15,12:11,514.89,515.035,514.89,515.035,1815
BRK-B,2026-09-15,12:12,515.05,515.07,514.7394,514.74,3838
BRK-B,2026-09-15,12:13,514.735,514.75,514.675,514.75,1564
BRK-B,2026-09-15,12:14,514.75,514.84,514.75,514.795,1716
BRK-B,2026-09-15,12:15,514.84,514.85,514.51,514.51,2182
BRK-B,2026-09-15,12:16,514.57,514.57,514.295,514.295,2902
BRK-B,2026-09-15,12:17,514.29,514.41,514.24,514.405,2922
BRK-B,2026-09-15,12:18,514.42,514.48,514.3517,514.47,3143
BRK-B,2026-09-15,12:19,514.42,514.45,514.295,514.44,2378
BRK-B,2026-09-15,12:20,514.47,514.71,514.47,514.71,2783
BRK-B,2026-09-15,12:21,514.715,514.85,514.67,514.755,3671
BRK-B,2026-09-15,12:22,514.755,514.755,514.6578,514.715,3165
BRK-B,2026-09-15,12:23,514.71,515.15,514.695,515.03,6894
BRK-B,2026-09-15,12:24,515.04,515.1532,514.95,515.1532,511
BRK-B,2026-09-15,12:25,515.065,515.29,515.065,515.29,3646
BRK-B,2026-09-15,12:26,515.25,515.43,515.23,515.2466,1858
BRK-B,2026-09-15,12:27,515.31,515.405,515.12,515.12,6514
BRK-B,2026-09-15,12:28,515.17,515.285,515.0901,515.22,2219
BRK-B,2026-09-15,12:29,515.22,515.25,515.1501,515.215,1381
BRK-B,2026-09-15,12:30,515.17,515.18,515.0005,515.0601,4412
BRK-B,2026-09-15,12:31,515.13,515.18,515.07,515.105,2986
BRK-B,2026-09-15,12:32,515.12,515.48,515.1,515.3201,4992
BRK-B,2026-09-15,12:33,515.4,515.48,515.165,515.2285,5967
BRK-B,2026-09-15,12:34,515.21,515.23,514.74,514.74,8924
BRK-B,2026-09-15,12:35,514.695,514.82,514.695,514.81,13947
BRK-B,2026-09-15,12:36,514.78,514.8,514.7001,514.8,1859
BRK-B,2026-09-15,12:37,514.75,514.89,514.75,514.84,2816
BRK-B,2026-09-15,12:38,514.79,514.79,514.65,514.65,3949
BRK-B,2026-09-15,12:39,514.64,514.702,514.54,514.5565,2456
BRK-B,2026-09-15,12:40,514.545,514.6262,514.54,514.61,1466
BRK-B,2026-09-15,12:41,514.61,514.64,514.57,514.64,2925
BRK-B,2026-09-15,12:42,514.65,514.665,514.604,514.604,1031
BRK-B,2026-09-15,12:43,514.615,514.69,514.5801,514.68,2251
BRK-B,2026-09-15,12:44,514.71,514.74,514.64,514.64,2631
BRK-B,2026-09-15,12:45,514.635,514.81,514.55,514.6,5512
BRK-B,2026-09-15,12:46,514.63,514.74,514.58,514.6512,1608
BRK-B,2026-09-15,12:47,514.6472,514.74,514.6472,514.66,917
BRK-B,2026-09-15,12:48,514.65,514.65,514.48,514.48,2163
BRK-B,2026-09-15,12:49,514.42,514.53,514.42,514.53,321
BRK-B,2026-09-15,12:50,514.44,514.53,514.43,514.47,3104
BRK-B,2026-09-15,12:51,514.5,514.54,514.4,514.41,4781
BRK-B,2026-09-15,12:52,514.405,514.49,514.3107,514.45,10391
BRK-B,2026-09-15,12:53,514.41,514.5595,514.41,514.53,2343
BRK-B,2026-09-15,12:54,514.51,514.63,514.4925,514.61,2094
BRK-B,2026-09-15,12:55,514.61,514.75,514.57,514.61,3907
BRK-B,2026-09-15,12:56,514.56,514.63,514.52,514.565,4719
BRK-B,2026-09-15,12:57,514.53,514.6,514.515,514.515,2023
BRK-B,2026-09-15,12:58,514.53,514.61,514.485,514.61,3503
BRK-B,2026-09-15,12:59,514.64,514.715,514.5927,514.71,3100
BRK-B,2026-09-15,13:00,514.71,514.795,514.6849,514.79,2171
BRK-B,2026-09-15,13:01,514.8142,514.8142,514.49,514.49,2070
BRK-B,2026-09-15,13:02,514.526,514.526,514.19,514.255,6633
BRK-B,2026-09-15,13:03,514.255,514.37,514.2001,514.28,3523
BRK-B,2026-09-15,13:04,514.37,514.425,514.26,514.31,4765
BRK-B,2026-09-15,13:05,514.36,514.4099,514.26,514.345,9684
BRK-B,2026-09-15,13:06,514.345,514.36,514.18,514.26,7493
BRK-B,2026-09-15,13:07,514.33,514.485,514.28,514.36,5392
BRK-B,2026-09-15,13:08,514.35,514.41,514.3,514.405,1415
BRK-B,2026-09-15,13:09,514.36,514.515,514.31,514.515,7269
BRK-B,2026-09-15,13:10,514.55,514.63,514.55,514.56,2815
BRK-B,2026-09-15,13:11,514.6,514.605,514.57,514.57,1843
BRK-B,2026-09-15,13:12,514.545,514.545,514.4801,514.53,1342
BRK-B,2026-09-15,13:13,514.53,514.53,514.44,514.495,1938
BRK-B,2026-09-15,13:14,514.52,514.54,514.44,514.51,5193
BRK-B,2026-09-15,13:15,514.44,514.49,514.44,514.48,1650
BRK-B,2026-09-15,13:16,514.52,514.53,514.4701,514.53,1892
BRK-B,2026-09-15,13:17,514.58,514.58,514.48,514.51,2218
BRK-B,2026-09-15,13:18,514.51,514.6,514.48,514.56,3416
BRK-B,2026-09-15,13:19,514.52,514.52,514.47,514.48,1663
BRK-B,2026-09-15,13:20,514.51,514.51,514.42,514.465,2099
BRK-B,2026-09-15,13:21,514.465,514.55,514.465,514.55,1651
BRK-B,2026-09-15,13:22,514.5293,514.57,514.51,514.53,1587
BRK-B,2026-09-15,13:23,514.56,514.61,514.555,514.57,3064
BRK-B,2026-09-15,13:24,514.59,514.66,514.5725,514.66,1967
BRK-B,2026-09-15,13:25,514.66,514.66,514.61,514.645,2796
BRK-B,2026-09-15,13:26,514.68,514.68,514.62,514.62,1937
BRK-B,2026-09-15,13:27,514.645,514.68,514.61,514.645,1141
BRK-B,2026-09-15,13:28,514.645,514.73,514.62,514.715,5248
BRK-B,2026-09-15,13:29,514.715,514.725,514.61,514.66,3880
BRK-B,2026-09-15,13:30,514.655,514.6928,514.644,514.6462,3437
BRK-B,2026-09-15,13:31,514.68,514.79,514.66,514.785,5406
BRK-B,2026-09-15,13:32,514.82,514.905,514.82,514.84,2078
BRK-B,2026-09-15,13:33,514.84,514.84,514.77,514.77,1736
BRK-B,2026-09-15,13:34,514.76,514.76,514.62,514.62,4492
BRK-B,2026-09-15,13:35,514.605,514.69,514.58,514.69,4602
BRK-B,2026-09-15,13:36,514.65,514.71,514.56,514.615,3333
BRK-B,2026-09-15,13:37,514.65,514.682,514.65,514.6701,1617
BRK-B,2026-09-15,13:38,514.685,514.685,514.5453,514.625,2974
BRK-B,2026-09-15,13:39,514.68,514.775,514.645,514.775,1345
BRK-B,2026-09-15,13:40,514.775,514.84,514.7513,514.78,1513
BRK-B,2026-09-15,13:41,514.82,514.8491,514.7501,514.79,6002
BRK-B,2026-09-15,13:42,514.795,514.8,514.5948,514.76,5647
BRK-B,2026-09-15,13:43,514.68,514.79,514.5765,514.79,2319
BRK-B,2026-09-15,13:44,514.79,514.87,514.74,514.795,2826
BRK-B,2026-09-15,13:45,514.76,514.76,514.6972,514.72,2574
BRK-B,2026-09-15,13:46,514.67,514.69,514.63,514.63,1498
BRK-B,2026-09-15,13:47,514.65,514.7,514.57,514.57,3662
BRK-B,2026-09-15,13:48,514.51,514.53,514.3412,514.3412,9906
BRK-B,2026-09-15,13:49,514.35,514.36,514.215,514.215,3774
BRK-B,2026-09-15,13:50,514.255,514.31,514.255,514.31,3408
BRK-B,2026-09-15,13:51,514.3,514.41,514.2882,514.38,4265
BRK-B,2026-09-15,13:52,514.3495,514.46,514.3027,514.42,3101
BRK-B,2026-09-15,13:53,514.37,514.42,514.33,514.3902,1618
BRK-B,2026-09-15,13:54,514.426,514.45,514.35,514.43,1790
BRK-B,2026-09-15,13:55,514.47,514.47,514.38,514.405,1941
BRK-B,2026-09-15,13:56,514.362,514.4,514.315,514.35,963
BRK-B,2026-09-15,13:57,514.39,514.4099,514.32,514.32,2504
BRK-B,2026-09-15,13:58,514.32,514.4,514.32,514.32,2834
BRK-B,2026-09-15,13:59,514.3,514.4,514.3,514.39,2882
BRK-B,2026-09-15,14:00,514.365,514.365,514.28,514.2981,1373
BRK-B,2026-09-15,14:01,514.28,514.3,514.13,514.172,6782
BRK-B,2026-09-15,14:02,514.25,514.37,514.25,514.37,2059
BRK-B,2026-09-15,14:03,514.32,514.35,514.3,514.3,1647
BRK-B,2026-09-15,14:04,514.2748,514.3,514.25,514.26,1298
BRK-B,2026-09-15,14:05,514.31,514.31,514.2,514.2343,1392
BRK-B,2026-09-15,14:06,514.25,514.3199,514.22,514.22,1927
BRK-B,2026-09-15,14:07,514.3095,514.34,514.22,514.34,2656
BRK-B,2026-09-15,14:08,514.37,514.5691,514.37,514.52,3348
BRK-B,2026-09-15,14:09,514.5,514.53,514.44,514.44,3910
BRK-B,2026-09-15,14:10,514.44,514.455,514.4101,514.415,1311
BRK-B,2026-09-15,14:11,514.434,514.44,514.3,514.3,9062
BRK-B,2026-09-15,14:12,514.2662,514.3211,514.2662,514.3211,1562
BRK-B,2026-09-15,14:13,514.33,514.37,514.28,514.31,2911
BRK-B,2026-09-15,14:14,514.31,514.33,514.31,514.33,889
BRK-B,2026-09-15,14:15,514.33,514.33,514.29,514.33,1844
BRK-B,2026-09-15,14:16,514.37,514.63,514.33,514.42,15991
BRK-B,2026-09-15,14:17,514.4,514.57,514.35,514.36,5829
BRK-B,2026-09-15,14:18,514.46,514.59,514.44,514.54,2189
BRK-B,2026-09-15,14:19,514.59,514.67,514.535,514.67,2883
BRK-B,2026-09-15,14:20,514.66,514.76,514.66,514.71,2939
BRK-B,2026-09-15,14:21,514.67,514.67,514.63,514.63,1610
BRK-B,2026-09-15,14:22,514.58,514.58,514.452,514.49,1834
BRK-B,2026-09-15,14:23,514.435,514.47,514.386,514.395,2414
BRK-B,2026-09-15,14:24,514.395,514.45,514.36,514.41,2827
BRK-B,2026-09-15,14:25,514.445,514.53,514.3851,514.53,1700
BRK-B,2026-09-15,14:26,514.5214,514.81,514.49,514.81,5100
BRK-B,2026-09-15,14:27,514.775,514.929,514.6901,514.81,2088
BRK-B,2026-09-15,14:28,514.79,514.79,514.79,514.79,673
BRK-B,2026-09-15,14:29,514.84,514.91,514.7753,514.79,1993
BRK-B,2026-09-15,14:30,514.79,514.79,514.52,514.57,4359
BRK-B,2026-09-15,14:31,514.505,514.55,514.44,514.44,3841
BRK-B,2026-09-15,14:32,514.43,514.47,514.37,514.37,4161
BRK-B,2026-09-15,14:33,514.32,514.385,514.31,514.3101,2211
BRK-B,2026-09-15,14:34,514.38,514.44,514.3,514.43,5150
BRK-B,2026-09-15,14:35,514.45,514.54,514.45,514.54,952
BRK-B,2026-09-15,14:36,514.58,514.68,514.5183,514.595,5658
BRK-B,2026-09-15,14:37,514.6,514.65,514.53,514.5651,1897
BRK-B,2026-09-15,14:38,514.54,514.59,514.5107,514.5107,4289
BRK-B,2026-09-15,14:39,514.535,514.557,514.45,514.505,2422
BRK-B,2026-09-15,14:40,514.48,514.69,514.465,514.565,3590
BRK-B,2026-09-15,14:41,514.565,514.8326,514.565,514.65,6862
BRK-B,2026-09-15,14:42,514.65,514.71,514.65,514.685,3873
BRK-B,2026-09-15,14:43,514.7,514.795,514.69,514.795,2276
BRK-B,2026-09-15,14:44,514.76,514.772,514.71,514.74,5544
BRK-B,2026-09-15,14:45,514.761,514.8986,514.758,514.8167,8406
BRK-B,2026-09-15,14:46,514.89,514.89,514.855,514.855,822
BRK-B,2026-09-15,14:47,514.9,515.01,514.87,514.93,9934
BRK-B,2026-09-15,14:48,514.9396,514.9698,514.83,514.84,5745
BRK-B,2026-09-15,14:49,514.868,515.045,514.868,515.03,8080
BRK-B,2026-09-15,14:50,515.02,515.1,514.9504,515.04,3083
BRK-B,2026-09-15,14:51,515.08,515.19,515,515.155,5772
BRK-B,2026-09-15,14:52,515.175,515.245,515.14,515.155,3341
BRK-B,2026-09-15,14:53,515.12,515.12,514.9,514.9,2544
BRK-B,2026-09-15,14:54,514.89,514.895,514.7024,514.87,4927
BRK-B,2026-09-15,14:55,514.915,514.99,514.815,514.99,3274
BRK-B,2026-09-15,14:56,514.925,515.0392,514.925,514.975,1962
BRK-B,2026-09-15,14:57,514.995,514.995,514.82,514.865,6344
BRK-B,2026-09-15,14:58,514.86,514.91,514.805,514.805,4132
BRK-B,2026-09-15,14:59,514.805,514.86,514.79,514.83,4594
BRK-B,2026-09-15,15:00,514.805,514.83,514.7,514.73,4513
BRK-B,2026-09-15,15:01,514.77,514.88,514.75,514.84,5473
BRK-B,2026-09-15,15:02,514.84,514.92,514.8101,514.86,4624
BRK-B,2026-09-15,15:03,514.89,514.94,514.81,514.88,7358
BRK-B,2026-09-15,15:04,514.94,515.02,514.9087,514.985,4664
BRK-B,2026-09-15,15:05,515.0099,515.14,514.91,515.14,2059
BRK-B,2026-09-15,15:06,515.1029,515.15,514.96,514.99,3483
BRK-B,2026-09-15,15:07,514.98,515.03,514.89,515.03,6749
BRK-B,2026-09-15,15:08,515.0299,515.14,514.92,515.14,4307
BRK-B,2026-09-15,15:09,515.13,515.15,514.97,515.01,3163
BRK-B,2026-09-15,15:10,515.01,515.03,514.9,514.9,3950
BRK-B,2026-09-15,15:11,514.98,514.98,514.71,514.76,5476
BRK-B,2026-09-15,15:12,514.8599,514.94,514.76,514.94,4256
BRK-B,2026-09-15,15:13,514.9594,515.06,514.8,514.985,3070
BRK-B,2026-09-15,15:14,515.03,515.06,514.982,515.055,1797
BRK-B,2026-09-15,15:15,515.055,515.055,514.9196,514.9196,6314
BRK-B,2026-09-15,15:16,515,515.17,514.978,515.06,6740
BRK-B,2026-09-15,15:17,515.075,515.29,515.07,515.215,4975
BRK-B,2026-09-15,15:18,515.18,515.22,515.135,515.135,1781
BRK-B,2026-09-15,15:19,515.135,515.2299,515.1,515.19,5004
BRK-B,2026-09-15,15:20,515.08,515.26,515,515.26,4265
BRK-B,2026-09-15,15:21,515.26,515.37,515.26,515.36,4986
BRK-B,2026-09-15,15:22,515.365,515.41,515.28,515.28,2918
BRK-B,2026-09-15,15:23,515.26,515.27,515.1206,515.18,3102
BRK-B,2026-09-15,15:24,515.19,515.24,515.04,515.2,5961
BRK-B,2026-09-15,15:25,515.23,515.3,515.22,515.25,3458
BRK-B,2026-09-15,15:26,515.22,515.335,515.17,515.2026,3768
BRK-B,2026-09-15,15:27,515.2265,515.27,515.15,515.185,3197
BRK-B,2026-09-15,15:28,515.1251,515.18,515.08,515.085,9533
BRK-B,2026-09-15,15:29,515.11,515.29,515.11,515.285,3704
BRK-B,2026-09-15,15:30,515.275,515.38,515.23,515.295,6752
BRK-B,2026-09-15,15:31,515.35,515.36,515.1401,515.195,5075
BRK-B,2026-09-15,15:32,515.2,515.43,515.18,515.325,6197
BRK-B,2026-09-15,15:33,515.37,515.44,515.3296,515.33,5777
BRK-B,2026-09-15,15:34,515.3,515.3,515,515.095,8565
BRK-B,2026-09-15,15:35,515.15,515.477,515.12,515.41,8118
BRK-B,2026-09-15,15:36,515.41,515.51,515.36,515.5,8689
BRK-B,2026-09-15,15:37,515.5,515.62,515.44,515.62,9108
BRK-B,2026-09-15,15:38,515.575,515.575,515.3,515.31,4560
BRK-B,2026-09-15,15:39,515.29,515.3,515.21,515.24,5344
BRK-B,2026-09-15,15:40,515.2,515.399,515.1801,515.355,7360
BRK-B,2026-09-15,15:41,515.32,515.44,515.285,515.36,4757
BRK-B,2026-09-15,15:42,515.37,515.48,515.284,515.284,4451
BRK-B,2026-09-15,15:43,515.2,515.35,515.16,515.26,4251
BRK-B,2026-09-15,15:44,515.31,515.41,515.31,515.365,7608
BRK-B,2026-09-15,15:45,515.32,515.39,515.31,515.345,5724
BRK-B,2026-09-15,15:46,515.37,515.49,515.35,515.47,54513
BRK-B,2026-09-15,15:47,515.48,515.55,515.4,515.4,7949
BRK-B,2026-09-15,15:48,515.39,515.39,515.32,515.355,4953
BRK-B,2026-09-15,15:49,515.38,515.59,515.37,515.49,10028
BRK-B,2026-09-15,15:50,515.57,515.725,515.4825,515.59,14998
BRK-B,2026-09-15,15:51,515.61,515.9,515.6,515.82,10349
BRK-B,2026-09-15,15:52,515.805,515.84,515.7,515.72,6336
BRK-B,2026-09-15,15:53,515.72,515.7879,515.425,515.425,7670
BRK-B,2026-09-15,15:54,515.415,515.73,515.415,515.73,15895
BRK-B,2026-09-15,15:55,515.66,516.35,515.61,516.26,44429
BRK-B,2026-09-15,15:56,516.26,516.38,516,516,30341
BRK-B,2026-09-15,15:57,516.005,516.005,515.73,515.76,27093
BRK-B,2026-09-15,15:58,515.73,516.72,515.71,516.69,92680
BRK-B,2026-09-15,15:59,516.69,516.8699,516.35,516.59,217355
BRK-B,2026-09-16,09:30,516.36,517.35,515.3,516.78,107484
BRK-B,2026-09-16,09:31,516.78,517.38,516.595,517.38,12202
BRK-B,2026-09-16,09:32,517.21,517.96,517.03,517.55,15261
BRK-B,2026-09-16,09:33,517.56,517.56,517.0092,517.13,6347
BRK-B,2026-09-16,09:34,517.16,517.385,516.7,517.09,4892
BRK-B,2026-09-16,09:35,517.08,517.95,516.9101,517.69,9348
BRK-B,2026-09-16,09:36,517.69,519.23,517.4905,519.075,31137
BRK-B,2026-09-16,09:37,519.075,519.115,518.55,518.55,10300
BRK-B,2026-09-16,09:38,518.7,518.7,518.33,518.35,8218
BRK-B,2026-09-16,09:39,518.44,518.9299,518.21,518.43,16670
BRK-B,2026-09-16,09:40,518.45,518.839,517.97,518.545,27463
BRK-B,2026-09-16,09:41,518.535,519.25,518.13,519.15,32389
BRK-B,2026-09-16,09:42,519.155,519.46,518.94,518.94,27921
BRK-B,2026-09-16,09:43,518.995,519.1,518.84,518.936,12402
BRK-B,2026-09-16,09:44,519.12,519.29,518.945,519.1,4037
BRK-B,2026-09-16,09:45,519.17,519.38,518.7501,519.28,15177
BRK-B,2026-09-16,09:46,519.2,519.2537,519.0532,519.13,3334
BRK-B,2026-09-16,09:47,519.019,520.1,519.01,520.01,46071
BRK-B,2026-09-16,09:48,520.1,520.2,519.635,519.72,24644
BRK-B,2026-09-16,09:49,519.8,519.86,519.15,519.27,4895
BRK-B,2026-09-16,09:50,519.2899,519.2899,518.8,519.145,7136
BRK-B,2026-09-16,09:51,519.03,519.36,519.0001,519.23,4110
BRK-B,2026-09-16,09:52,519.1471,519.37,518.9,519.125,9248
BRK-B,2026-09-16,09:53,519.12,519.7,519.01,519.49,14727
BRK-B,2026-09-16,09:54,519.61,519.75,519.145,519.165,11469
BRK-B,2026-09-16,09:55,519.33,519.38,519.08,519.08,5241
BRK-B,2026-09-16,09:56,519.19,519.36,519.1052,519.305,9114
BRK-B,2026-09-16,09:57,519.295,519.69,519.23,519.69,4163
BRK-B,2026-09-16,09:58,519.57,519.6427,519.4,519.515,3607
BRK-B,2026-09-16,09:59,519.492,519.492,518.89,518.89,9080
BRK-B,2026-09-16,10:00,518.995,519.13,518.88,519.005,6920
BRK-B,2026-09-16,10:01,519.015,519.615,519.01,519.47,5649
BRK-B,2026-09-16,10:02,519.499,519.96,519.31,519.885,14092
BRK-B,2026-09-16,10:03,519.8101,519.885,519.39,519.39,3857
BRK-B,2026-09-16,10:04,519.35,519.52,519.07,519.215,4182
BRK-B,2026-09-16,10:05,519.215,519.2299,519.02,519.085,4414
BRK-B,2026-09-16,10:06,519.085,519.29,518.98,518.99,8859
BRK-B,2026-09-16,10:07,518.96,519.12,518.645,518.645,11226
BRK-B,2026-09-16,10:08,518.645,518.75,518.485,518.75,4907
BRK-B,2026-09-16,10:09,518.685,518.85,518.39,518.68,13383
BRK-B,2026-09-16,10:10,518.5901,518.77,518.59,518.7,7073
BRK-B,2026-09-16,10:11,518.76,518.99,518.7001,518.99,8682
BRK-B,2026-09-16,10:12,518.914,518.98,518.66,518.75,6229
BRK-B,2026-09-16,10:13,518.675,518.86,518.66,518.78,2965
BRK-B,2026-09-16,10:14,518.83,518.8905,518.71,518.73,6681
BRK-B,2026-09-16,10:15,518.73,518.84,518.65,518.65,4538
BRK-B,2026-09-16,10:16,518.725,518.985,518.6,518.9125,4644
BRK-B,2026-09-16,10:17,518.97,518.97,518.77,518.795,7648
BRK-B,2026-09-16,10:18,518.795,518.9335,518.7801,518.83,3388
BRK-B,2026-09-16,10:19,518.79,518.88,518.55,518.645,6796
BRK-B,2026-09-16,10:20,518.67,518.91,518.67,518.91,5391
BRK-B,2026-09-16,10:21,518.95,519.419,518.95,519.34,7612
BRK-B,2026-09-16,10:22,519.39,519.39,519.17,519.255,4484
BRK-B,2026-09-16,10:23,519.1801,519.33,519.11,519.145,5392
BRK-B,2026-09-16,10:24,519.145,519.155,518.7601,519,18519
BRK-B,2026-09-16,10:25,518.97,519.21,518.97,519.06,3064
BRK-B,2026-09-16,10:26,519.095,519.26,519,519.062,3917
BRK-B,2026-09-16,10:27,519.24,519.3882,519.1,519.351,3486
BRK-B,2026-09-16,10:28,519.295,519.63,519.295,519.49,6390
BRK-B,2026-09-16,10:29,519.495,519.5699,519.3,519.48,5550
BRK-B,2026-09-16,10:30,519.57,519.57,519.315,519.315,4232
BRK-B,2026-09-16,10:31,519.1801,519.35,519.17,519.24,4960
BRK-B,2026-09-16,10:32,519.22,519.24,519.12,519.15,2472
BRK-B,2026-09-16,10:33,519.22,519.3499,519.03,519.22,6222
BRK-B,2026-09-16,10:34,519.08,519.29,519.08,519.28,3187
BRK-B,2026-09-16,10:35,519.34,519.35,519.15,519.31,4485
BRK-B,2026-09-16,10:36,519.36,519.44,519.245,519.245,4230
BRK-B,2026-09-16,10:37,519.17,519.74,519.1319,519.71,5033
BRK-B,2026-09-16,10:38,519.66,519.885,519.63,519.77,3663
BRK-B,2026-09-16,10:39,519.77,520.08,519.71,520.06,11078
BRK-B,2026-09-16,10:40,520.13,520.3,520.0902,520.17,11930
BRK-B,2026-09-16,10:41,520.15,520.23,520.05,520.05,3363
BRK-B,2026-09-16,10:42,520.05,520.24,520.02,520.24,5858
BRK-B,2026-09-16,10:43,520.2,520.46,520.07,520.4,10270
BRK-B,2026-09-16,10:44,520.39,520.44,520.23,520.36,16686
BRK-B,2026-09-16,10:45,520.355,520.4,520.18,520.18,4357
BRK-B,2026-09-16,10:46,520.225,520.39,520.22,520.25,5744
BRK-B,2026-09-16,10:47,520.24,520.35,520.22,520.23,4991
BRK-B,2026-09-16,10:48,520.2885,520.55,520.2885,520.475,21412
BRK-B,2026-09-16,10:49,520.45,520.61,520.44,520.49,9380
BRK-B,2026-09-16,10:50,520.44,520.56,520.4001,520.54,5321
BRK-B,2026-09-16,10:51,520.54,520.72,520.4801,520.58,8223
BRK-B,2026-09-16,10:52,520.58,520.6383,520.125,520.125,6257
BRK-B,2026-09-16,10:53,520.2,520.24,520.0001,520.105,4687
BRK-B,2026-09-16,10:54,520.02,520.32,520.02,520.24,4322
BRK-B,2026-09-16,10:55,520.15,520.27,520.15,520.27,1165
BRK-B,2026-09-16,10:56,520.19,520.27,520.0307,520.07,3663
BRK-B,2026-09-16,10:57,520.01,520.15,519.82,519.9,5318
BRK-B,2026-09-16,10:58,519.9301,520.02,519.78,519.9658,7146
BRK-B,2026-09-16,10:59,519.9423,520.31,519.9423,520.01,8454
BRK-B,2026-09-16,11:00,520.04,520.43,519.96,520.36,8159
BRK-B,2026-09-16,11:01,520.425,520.56,520.36,520.43,10582
BRK-B,2026-09-16,11:02,520.45,520.59,520.39,520.4886,5128
BRK-B,2026-09-16,11:03,520.46,520.64,520.39,520.46,15235
BRK-B,2026-09-16,11:04,520.545,520.595,520.32,520.52,13131
BRK-B,2026-09-16,11:05,520.52,520.56,520.41,520.455,4826
BRK-B,2026-09-16,11:06,520.455,520.49,520.3401,520.47,4850
BRK-B,2026-09-16,11:07,520.47,520.72,520.42,520.545,12955
BRK-B,2026-09-16,11:08,520.465,520.54,520.285,520.345,5632
BRK-B,2026-09-16,11:09,520.38,520.48,520.28,520.36,5116
BRK-B,2026-09-16,11:10,520.365,520.47,520.23,520.23,9231
BRK-B,2026-09-16,11:11,520.21,520.475,520.2,520.35,6019
BRK-B,2026-09-16,11:12,520.36,520.45,520.25,520.35,6099
BRK-B,2026-09-16,11:13,520.31,520.53,520.31,520.53,5814
BRK-B,2026-09-16,11:14,520.46,520.53,520.39,520.39,4985
BRK-B,2026-09-16,11:15,520.435,520.48,520.37,520.45,3474
BRK-B,2026-09-16,11:16,520.42,520.48,520.34,520.45,4464
BRK-B,2026-09-16,11:17,520.41,520.524,520.37,520.5099,5616
BRK-B,2026-09-16,11:18,520.43,520.51,520.2,520.2,3314
BRK-B,2026-09-16,11:19,520.27,520.51,520.27,520.46,5155
BRK-B,2026-09-16,11:20,520.51,520.68,520.5,520.525,13378
BRK-B,2026-09-16,11:21,520.525,520.564,520.29,520.36,7152
BRK-B,2026-09-16,11:22,520.4053,520.68,520.28,520.68,7341
BRK-B,2026-09-16,11:23,520.68,520.73,520.4478,520.465,10014
BRK-B,2026-09-16,11:24,520.4601,520.53,520.0801,520.51,11491
BRK-B,2026-09-16,11:25,520.505,520.75,520.505,520.64,9506
BRK-B,2026-09-16,11:26,520.64,520.88,520.64,520.79,9827
BRK-B,2026-09-16,11:27,520.76,520.81,520.7,520.787,4208
BRK-B,2026-09-16,11:28,520.745,520.745,520.53,520.68,3296
BRK-B,2026-09-16,11:29,520.575,520.575,520.47,520.55,2900
BRK-B,2026-09-16,11:30,520.55,520.7,520.54,520.57,6615
BRK-B,2026-09-16,11:31,520.6025,520.67,520.52,520.545,6506
BRK-B,2026-09-16,11:32,520.52,520.569,520.31,520.45,5162
BRK-B,2026-09-16,11:33,520.405,520.53,520.405,520.53,4410
BRK-B,2026-09-16,11:34,520.51,520.56,520.26,520.26,4513
BRK-B,2026-09-16,11:35,520.345,520.47,520.14,520.295,3027
BRK-B,2026-09-16,11:36,520.295,520.4499,520.14,520.42,2906
BRK-B,2026-09-16,11:37,520.14,520.44,520.14,520.2966,2540
BRK-B,2026-09-16,11:38,520.285,520.4,520.16,520.265,2665
BRK-B,2026-09-16,11:39,520.35,520.36,520.22,520.255,2685
BRK-B,2026-09-16,11:40,520.255,520.52,520.255,520.42,6534
BRK-B,2026-09-16,11:41,520.38,520.54,520.285,520.415,3259
BRK-B,2026-09-16,11:42,520.415,520.53,520.291,520.366,4431
BRK-B,2026-09-16,11:43,520.41,520.48,520.37,520.47,2183
BRK-B,2026-09-16,11:44,520.51,520.5882,520.405,520.53,7799
BRK-B,2026-09-16,11:45,520.53,520.5799,520.4,520.45,7770
BRK-B,2026-09-16,11:46,520.48,520.53,520.41,520.44,7687
BRK-B,2026-09-16,11:47,520.41,520.66,520.33,520.4,12451
BRK-B,2026-09-16,11:48,520.49,520.49,520.2401,520.34,5545
BRK-B,2026-09-16,11:49,520.335,520.335,520.21,520.23,3526
BRK-B,2026-09-16,11:50,520.23,520.3672,520.179,520.205,4243
BRK-B,2026-09-16,11:51,520.25,520.4398,520.1601,520.1601,6253
BRK-B,2026-09-16,11:52,520.34,520.45,520.3016,520.385,2441
BRK-B,2026-09-16,11:53,520.46,520.62,520.33,520.62,10364
BRK-B,2026-09-16,11:54,520.57,520.72,520.5612,520.645,3422
BRK-B,2026-09-16,11:55,520.645,520.73,520.64,520.72,2085
BRK-B,2026-09-16,11:56,520.68,520.75,520.6401,520.73,3904
BRK-B,2026-09-16,11:57,520.67,520.725,520.58,520.65,4207
BRK-B,2026-09-16,11:58,520.65,520.75,520.6065,520.615,4002
BRK-B,2026-09-16,11:59,520.67,520.74,520.5101,520.63,3980
BRK-B,2026-09-16,12:00,520.625,520.682,520.53,520.5925,4161
BRK-B,2026-09-16,12:01,520.58,520.65,520.5,520.5,4351
BRK-B,2026-09-16,12:02,520.5254,520.5254,520.38,520.41,3344
BRK-B,2026-09-16,12:03,520.4411,520.4411,520.34,520.38,4665
BRK-B,2026-09-16,12:04,520.4,520.515,520.3505,520.515,5678
BRK-B,2026-09-16,12:05,520.6,520.63,520.5001,520.5001,3398
BRK-B,2026-09-16,12:06,520.53,520.57,520.355,520.355,3953
BRK-B,2026-09-16,12:07,520.48,520.505,520.33,520.42,2680
BRK-B,2026-09-16,12:08,520.455,520.5,520.3837,520.41,2581
BRK-B,2026-09-16,12:09,520.53,520.59,520.4564,520.51,1699
BRK-B,2026-09-16,12:10,520.58,520.61,520.42,520.49,4640
BRK-B,2026-09-16,12:11,520.435,520.435,520.22,520.335,2284
BRK-B,2026-09-16,12:12,520.42,520.44,520.23,520.23,3628
BRK-B,2026-09-16,12:13,520.19,520.3399,520.1,520.1275,3412
BRK-B,2026-09-16,12:14,520.12,520.1616,520,520.0922,2082
BRK-B,2026-09-16,12:15,520.2188,520.2188,520,520.095,5428
BRK-B,2026-09-16,12:16,520.095,520.095,519.9145,519.92,4810
BRK-B,2026-09-16,12:17,519.86,519.9599,519.65,519.65,4803
BRK-B,2026-09-16,12:18,519.64,519.6795,519.57,519.61,3443
BRK-B,2026-09-16,12:19,519.57,519.7,519.5,519.6,7320
BRK-B,2026-09-16,12:20,519.69,519.7,519.5194,519.635,8169
BRK-B,2026-09-16,12:21,519.61,519.65,519.44,519.515,4988
BRK-B,2026-09-16,12:22,519.515,519.66,519.515,519.59,3567
BRK-B,2026-09-16,12:23,519.59,519.59,519.51,519.55,2249
BRK-B,2026-09-16,12:24,519.56,519.64,519.53,519.595,3885
BRK-B,2026-09-16,12:25,519.56,519.7,519.51,519.7,10002
BRK-B,2026-09-16,12:26,519.645,519.6745,519.575,519.64,2570
BRK-B,2026-09-16,12:27,519.51,519.51,519.34,519.46,5520
BRK-B,2026-09-16,12:28,519.375,519.46,519.375,519.46,1279
BRK-B,2026-09-16,12:29,519.385,519.46,519.32,519.425,2355
BRK-B,2026-09-16,12:30,519.425,519.48,519.41,519.43,6910
BRK-B,2026-09-16,12:31,519.48,519.48,519.26,519.34,4141
BRK-B,2026-09-16,12:32,519.34,519.41,518.94,518.955,11908
BRK-B,2026-09-16,12:33,518.96,518.98,518.87,518.97,4772
BRK-B,2026-09-16,12:34,519,519.05,518.965,518.99,2028
BRK-B,2026-09-16,12:35,519.07,519.09,519.02,519.0201,5013
BRK-B,2026-09-16,12:36,519.055,519.09,518.99,519.025,2183
BRK-B,2026-09-16,12:37,519.036,519.19,518.98,519.19,4367
BRK-B,2026-09-16,12:38,519.13,519.2,519.13,519.145,1536
BRK-B,2026-09-16,12:39,519.19,519.19,519.08,519.15,9430
BRK-B,2026-09-16,12:40,519.18,519.19,519.0501,519.11,5647
BRK-B,2026-09-16,12:41,519.17,519.41,519.17,519.32,8603
BRK-B,2026-09-16,12:42,519.3,519.398,519.3,519.35,2506
BRK-B,2026-09-16,12:43,519.39,519.48,519.36,519.48,3525
BRK-B,2026-09-16,12:44,519.48,519.57,519.35,519.35,5075
BRK-B,2026-09-16,12:45,519.38,519.47,519.32,519.395,2715
BRK-B,2026-09-16,12:46,519.34,519.45,519.18,519.18,3593
BRK-B,2026-09-16,12:47,519.13,519.25,519.11,519.172,1853
BRK-B,2026-09-16,12:48,519.25,519.36,519.15,519.33,3145
BRK-B,2026-09-16,12:49,519.36,519.36,519.05,519.085,3519
BRK-B,2026-09-16,12:50,519.13,519.28,519.01,519.01,3625
BRK-B,2026-09-16,12:51,519.07,519.18,519,519.08,7830
BRK-B,2026-09-16,12:52,519.12,519.18,519.05,519.12,4708
BRK-B,2026-09-16,12:53,519.075,519.23,519.075,519.14,6645
BRK-B,2026-09-16,12:54,519.08,519.25,518.9901,519.23,2915
BRK-B,2026-09-16,12:55,519.24,519.39,519.17,519.365,4569
BRK-B,2026-09-16,12:56,519.39,519.4388,519.37,519.39,2178
BRK-B,2026-09-16,12:57,519.4269,519.51,519.33,519.34,6236
BRK-B,2026-09-16,12:58,519.335,519.335,519.1,519.11,2854
BRK-B,2026-09-16,12:59,519.23,519.24,519.09,519.09,2319
BRK-B,2026-09-16,13:00,519.18,519.18,518.98,519.0625,8422
BRK-B,2026-09-16,13:01,519.02,519.2,518.93,519.2,8705
BRK-B,2026-09-16,13:02,519.107,519.13,519.107,519.13,1047
BRK-B,2026-09-16,13:03,519.13,519.13,518.9322,519.07,2427
BRK-B,2026-09-16,13:04,519.08,519.17,519.05,519.16,2721
BRK-B,2026-09-16,13:05,519.15,519.36,519.1405,519.36,6949
BRK-B,2026-09-16,13:06,519.3019,519.48,519.3019,519.42,1453
BRK-B,2026-09-16,13:07,519.425,519.45,519.3001,519.42,7737
BRK-B,2026-09-16,13:08,519.44,519.48,519.365,519.38,3882
BRK-B,2026-09-16,13:09,519.29,519.41,519.15,519.4,5377
BRK-B,2026-09-16,13:10,519.4,519.5,519.3,519.365,4492
BRK-B,2026-09-16,13:11,519.37,519.57,519.365,519.4885,2915
BRK-B,2026-09-16,13:12,519.5244,519.618,519.48,519.57,6343
BRK-B,2026-09-16,13:13,519.5701,519.61,519.49,519.49,3919
BRK-B,2026-09-16,13:14,519.48,519.62,519.48,519.56,3056
BRK-B,2026-09-16,13:15,519.56,519.6,519.5034,519.5601,11100
BRK-B,2026-09-16,13:16,519.57,519.62,519.5501,519.6199,2945
BRK-B,2026-09-16,13:17,519.585,519.71,519.55,519.7,10714
BRK-B,2026-09-16,13:18,519.71,519.79,519.69,519.79,4679
BRK-B,2026-09-16,13:19,519.7101,519.7992,519.6901,519.6901,5148
BRK-B,2026-09-16,13:20,519.735,519.86,519.735,519.86,2373
BRK-B,2026-09-16,13:21,519.825,519.87,519.7818,519.85,3095
BRK-B,2026-09-16,13:22,519.7811,519.98,519.7801,519.97,10234
BRK-B,2026-09-16,13:23,519.92,520.12,519.86,520.11,6376
BRK-B,2026-09-16,13:24,520.06,520.27,520.0301,520.27,5982
BRK-B,2026-09-16,13:25,520.23,520.28,520.16,520.26,6644
BRK-B,2026-09-16,13:26,520.2,520.4999,520.1601,520.42,6998
BRK-B,2026-09-16,13:27,520.42,520.5,520.4,520.49,6161
BRK-B,2026-09-16,13:28,520.4787,520.62,520.47,520.515,4211
BRK-B,2026-09-16,13:29,520.49,520.61,520.49,520.61,7372
BRK-B,2026-09-16,13:30,520.59,520.6,520.21,520.31,9088
BRK-B,2026-09-16,13:31,520.3,520.37,520.25,520.29,3697
BRK-B,2026-09-16,13:32,520.29,520.38,520.2,520.38,9102
BRK-B,2026-09-16,13:33,520.365,520.57,520.365,520.5,6679
BRK-B,2026-09-16,13:34,520.59,520.88,520.5,520.5701,21378
BRK-B,2026-09-16,13:35,520.65,520.715,520.63,520.715,2208
BRK-B,2026-09-16,13:36,520.75,521.28,520.74,521.23,32551
BRK-B,2026-09-16,13:37,521.17,521.49,521.1083,521.32,18345
BRK-B,2026-09-16,13:38,521.32,521.5,521.32,521.33,13508
BRK-B,2026-09-16,13:39,521.415,521.415,521.14,521.19,14856
BRK-B,2026-09-16,13:40,521.21,521.34,521.09,521.33,5421
BRK-B,2026-09-16,13:41,521.19,521.385,521.19,521.265,8651
BRK-B,2026-09-16,13:42,521.215,521.24,521.05,521.1896,9028
BRK-B,2026-09-16,13:43,521.24,521.28,521.18,521.25,4670
BRK-B,2026-09-16,13:44,521.3333,521.35,521.235,521.24,1941
BRK-B,2026-09-16,13:45,521.27,521.65,521.24,521.58,13391
BRK-B,2026-09-16,13:46,521.6499,521.67,521.49,521.49,8987
BRK-B,2026-09-16,13:47,521.54,521.54,521.1459,521.22,4204
BRK-B,2026-09-16,13:48,521.28,521.43,521.1941,521.39,9558
BRK-B,2026-09-16,13:49,521.41,521.6,521.3426,521.49,22795
BRK-B,2026-09-16,13:50,521.49,521.695,521.4696,521.695,3811
BRK-B,2026-09-16,13:51,521.695,522.1,521.68,522.1,14359
BRK-B,2026-09-16,13:52,522.1,522.22,522.03,522.05,16430
BRK-B,2026-09-16,13:53,522.08,522.85,522.05,522.67,50235
BRK-B,2026-09-16,13:54,522.66,522.75,522.5966,522.62,6853
BRK-B,2026-09-16,13:55,522.6,523.01,522.595,522.69,46286
BRK-B,2026-09-16,13:56,522.72,522.82,522.5,522.66,6914
BRK-B,2026-09-16,13:57,522.625,522.75,522.625,522.645,3743
BRK-B,2026-09-16,13:58,522.74,522.88,522.62,522.77,4067
BRK-B,2026-09-16,13:59,522.77,522.95,522.7043,522.787,6180
BRK-B,2026-09-16,14:00,522.845,522.845,522.275,522.535,12150
BRK-B,2026-09-16,14:01,522.63,522.77,522.54,522.75,4118
BRK-B,2026-09-16,14:02,522.76,522.96,522.67,522.69,10537
BRK-B,2026-09-16,14:03,522.83,522.835,522.51,522.595,11233
BRK-B,2026-09-16,14:04,522.605,522.71,522.52,522.52,4556
BRK-B,2026-09-16,14:05,522.41,522.41,522.0083,522.24,5616
BRK-B,2026-09-16,14:06,522.235,522.53,522.235,522.47,4672
BRK-B,2026-09-16,14:07,522.46,522.475,522.271,522.365,5689
BRK-B,2026-09-16,14:08,522.365,522.49,522.29,522.29,7406
BRK-B,2026-09-16,14:09,522.3,522.54,522.3,522.437,3042
BRK-B,2026-09-16,14:10,522.505,522.74,522.478,522.478,7574
BRK-B,2026-09-16,14:11,522.57,522.75,522.481,522.625,4931
BRK-B,2026-09-16,14:12,522.74,523.05,522.645,523.03,15353
BRK-B,2026-09-16,14:13,522.93,523.21,522.6001,523.1782,7435
BRK-B,2026-09-16,14:14,523.1982,523.3017,522.87,523.0575,4303
BRK-B,2026-09-16,14:15,523.14,523.3056,523.02,523.3056,6355
BRK-B,2026-09-16,14:16,523.26,523.66,523.26,523.53,16922
BRK-B,2026-09-16,14:17,523.515,523.57,523.16,523.39,7363
BRK-B,2026-09-16,14:18,523.16,523.27,523.16,523.19,4255
BRK-B,2026-09-16,14:19,523.1531,523.37,523.03,523.13,9978
BRK-B,2026-09-16,14:20,523.13,523.36,523.05,523.1325,9690
BRK-B,2026-09-16,14:21,523.095,523.19,523.0701,523.1299,5104
BRK-B,2026-09-16,14:22,523.095,523.16,523.06,523.1,4874
BRK-B,2026-09-16,14:23,523.1,523.225,523.05,523.14,9080
BRK-B,2026-09-16,14:24,523.14,523.23,523.0601,523.13,5201
BRK-B,2026-09-16,14:25,523.14,523.47,523.135,523.47,16067
BRK-B,2026-09-16,14:26,523.43,523.69,523.092,523.305,8373
BRK-B,2026-09-16,14:27,523.3125,523.72,523.3,523.6208,10664
BRK-B,2026-09-16,14:28,523.535,523.74,523.08,523.39,16431
BRK-B,2026-09-16,14:29,523.235,523.35,523.15,523.35,5163
BRK-B,2026-09-16,14:30,523.35,523.35,523.11,523.225,6812
BRK-B,2026-09-16,14:31,523.225,523.23,523.04,523.13,12324
BRK-B,2026-09-16,14:32,523.12,523.22,522.78,522.88,20920
BRK-B,2026-09-16,14:33,522.875,522.875,522.21,522.235,15097
BRK-B,2026-09-16,14:34,522.1901,522.54,522.1,522.185,11824
BRK-B,2026-09-16,14:35,522.1001,522.325,522.1,522.212,7401
BRK-B,2026-09-16,14:36,522.225,522.355,521.625,521.625,10567
BRK-B,2026-09-16,14:37,521.76,521.78,521.3392,521.3392,14493
BRK-B,2026-09-16,14:38,521.49,522.1,521.48,521.89,12058
BRK-B,2026-09-16,14:39,522.05,522.145,521.895,521.92,6384
BRK-B,2026-09-16,14:40,521.88,522.2129,521.88,522.03,3234
BRK-B,2026-09-16,14:41,522.02,522.17,521.93,522.17,10119
BRK-B,2026-09-16,14:42,522.135,522.7,522.135,522.605,3809
BRK-B,2026-09-16,14:43,522.605,522.83,522.605,522.73,7788
BRK-B,2026-09-16,14:44,522.69,522.86,522.53,522.53,6312
BRK-B,2026-09-16,14:45,522.54,522.5585,522.17,522.4966,7912
BRK-B,2026-09-16,14:46,522.29,522.42,521.975,522.0599,15333
BRK-B,2026-09-16,14:47,521.77,521.805,521.56,521.715,8397
BRK-B,2026-09-16,14:48,521.64,521.64,521.42,521.49,9142
BRK-B,2026-09-16,14:49,521.47,521.69,521.41,521.585,8186
BRK-B,2026-09-16,14:50,521.585,521.805,521.57,521.67,9594
BRK-B,2026-09-16,14:51,521.58,521.7126,521.28,521.33,11339
BRK-B,2026-09-16,14:52,521.32,521.32,520.72,520.86,13880
BRK-B,2026-09-16,14:53,520.7838,520.88,520.51,520.51,7766
BRK-B,2026-09-16,14:54,520.566,520.61,520.2,520.43,18258
BRK-B,2026-09-16,14:55,520.43,520.69,520.33,520.54,8578
BRK-B,2026-09-16,14:56,520.56,520.73,520.39,520.54,12326
BRK-B,2026-09-16,14:57,520.46,520.5,520.0901,520.0962,22185
BRK-B,2026-09-16,14:58,520.21,520.3,520.08,520.16,10464
BRK-B,2026-09-16,14:59,520.08,520.16,519.81,520.06,16590
BRK-B,2026-09-16,15:00,519.978,520.41,519.978,520.25,7896
BRK-B,2026-09-16,15:01,520.25,520.48,520.02,520.04,24269
BRK-B,2026-09-16,15:02,520,520.13,519.885,520.125,11559
BRK-B,2026-09-16,15:03,520.25,520.47,520.1,520.385,13318
BRK-B,2026-09-16,15:04,520.47,520.63,520.25,520.315,13299
BRK-B,2026-09-16,15:05,520.21,520.59,520.2,520.4,13305
BRK-B,2026-09-16,15:06,520.41,520.58,520.41,520.49,6960
BRK-B,2026-09-16,15:07,520.49,520.5999,520.42,520.48,6078
BRK-B,2026-09-16,15:08,520.48,520.58,520.3181,520.515,8019
BRK-B,2026-09-16,15:09,520.51,520.5699,520.28,520.28,7084
BRK-B,2026-09-16,15:10,520.35,520.462,520.1,520.1,9252
BRK-B,2026-09-16,15:11,520.0611,520.18,519.9413,520.075,8857
BRK-B,2026-09-16,15:12,520.07,520.07,519.74,520.04,9161
BRK-B,2026-09-16,15:13,519.82,520.05,519.82,519.895,11447
BRK-B,2026-09-16,15:14,519.8734,520.15,519.76,519.925,9500
BRK-B,2026-09-16,15:15,519.925,520.21,519.8,519.9,13197
BRK-B,2026-09-16,15:16,520.05,520.11,519.84,520.06,6480
BRK-B,2026-09-16,15:17,520.03,520.35,519.9101,520.25,18020
BRK-B,2026-09-16,15:18,520.29,520.33,519.9,519.96,22513
BRK-B,2026-09-16,15:19,519.88,520,519.5,519.625,21136
BRK-B,2026-09-16,15:20,519.6,519.68,519.01,519.11,6984
BRK-B,2026-09-16,15:21,519.155,519.155,518.68,518.9,15230
BRK-B,2026-09-16,15:22,518.91,518.93,518.7,518.855,12523
BRK-B,2026-09-16,15:23,518.855,519.06,518.76,518.92,13310
BRK-B,2026-09-16,15:24,518.89,519.27,518.83,519.27,4529
BRK-B,2026-09-16,15:25,519.28,519.465,519.0101,519.11,12587
BRK-B,2026-09-16,15:26,519.065,519.18,518.65,518.865,9067
BRK-B,2026-09-16,15:27,518.86,519.15,518.8,519.14,5382
BRK-B,2026-09-16,15:28,519.16,519.35,519.13,519.32,10865
BRK-B,2026-09-16,15:29,519.35,519.78,519.321,519.5,16322
BRK-B,2026-09-16,15:30,519.6,519.74,519.43,519.67,9581
BRK-B,2026-09-16,15:31,519.73,519.87,519.32,519.33,7263
BRK-B,2026-09-16,15:32,519.33,519.39,519.22,519.34,9247
BRK-B,2026-09-16,15:33,519.305,519.305,519.075,519.105,9539
BRK-B,2026-09-16,15:34,519.1,519.17,518.97,519.04,11422
BRK-B,2026-09-16,15:35,519,519.09,518.75,518.96,10429
BRK-B,2026-09-16,15:36,518.96,519,518.87,518.94,11440
BRK-B,2026-09-16,15:37,518.93,519.0535,518.754,518.86,8255
BRK-B,2026-09-16,15:38,518.95,519.08,518.84,518.96,8460
BRK-B,2026-09-16,15:39,518.96,519.2599,518.927,519.0861,11017
BRK-B,2026-09-16,15:40,519.045,519.045,518.92,518.98,10325
BRK-B,2026-09-16,15:41,518.975,519.46,518.97,519.17,20477
BRK-B,2026-09-16,15:42,519.22,519.22,518.89,518.99,14763
BRK-B,2026-09-16,15:43,518.955,519.35,518.95,519.27,15491
BRK-B,2026-09-16,15:44,519.175,519.175,518.85,518.905,14756
BRK-B,2026-09-16,15:45,518.85,519.01,518.65,518.65,10690
BRK-B,2026-09-16,15:46,518.67,518.8,518.56,518.6,15851
BRK-B,2026-09-16,15:47,518.58,518.91,518.58,518.87,9293
BRK-B,2026-09-16,15:48,518.885,518.925,518.69,518.925,13110
BRK-B,2026-09-16,15:49,518.91,519.15,518.85,519.15,17391
BRK-B,2026-09-16,15:50,519.15,519.47,518.8,519.41,33743
BRK-B,2026-09-16,15:51,519.32,519.41,519.1,519.27,19086
BRK-B,2026-09-16,15:52,519.31,519.47,519.23,519.4,19262
BRK-B,2026-09-16,15:53,519.49,519.88,519.35,519.77,27049
BRK-B,2026-09-16,15:54,519.77,520.45,519.65,520.425,42566
BRK-B,2026-09-16,15:55,520.3601,520.46,520.22,520.4,45308
BRK-B,2026-09-16,15:56,520.39,520.42,520.08,520.38,31510
BRK-B,2026-09-16,15:57,520.42,520.65,520.02,520.17,51331
BRK-B,2026-09-16,15:58,520.16,520.22,519.69,519.845,102997
BRK-B,2026-09-16,15:59,519.83,520.71,519.4401,520.68,269627
BRK-B,2026-09-16,16:00,519.8,519.8,519.8,519.8,0
