symbol,date,time,open,high,low,close,volume
FISV,2026-09-08,09:30,52.34,52.34,52.12,52.12,43146
FISV,2026-09-08,09:31,52.03,52.03,51.79,51.79,29229
FISV,2026-09-08,09:32,51.78,51.83,51.65,51.83,15819
FISV,2026-09-08,09:33,51.825,52.1,51.81,51.98,15032
FISV,2026-09-08,09:34,51.9645,52.085,51.81,51.81,10852
FISV,2026-09-08,09:35,51.78,51.96,51.76,51.925,42166
FISV,2026-09-08,09:36,51.94,51.95,51.57,51.58,54230
FISV,2026-09-08,09:37,51.53,51.6,51.45,51.575,102148
FISV,2026-09-08,09:38,51.5279,51.6999,51.5279,51.56,27822
FISV,2026-09-08,09:39,51.6245,51.69,51.48,51.485,39030
FISV,2026-09-08,09:40,51.46,51.565,51.46,51.54,12190
FISV,2026-09-08,09:41,51.54,51.615,51.52,51.56,41134
FISV,2026-09-08,09:42,51.55,51.59,51.52,51.555,24204
FISV,2026-09-08,09:43,51.55,51.575,51.4943,51.55,44894
FISV,2026-09-08,09:44,51.55,51.56,51.4,51.56,16593
FISV,2026-09-08,09:45,51.59,51.61,51.56,51.56,18317
FISV,2026-09-08,09:46,51.565,51.585,51.535,51.585,11664
FISV,2026-09-08,09:47,51.6,51.73,51.59,51.73,6270
FISV,2026-09-08,09:48,51.73,51.73,51.57,51.57,11027
FISV,2026-09-08,09:49,51.55,51.64,51.5,51.64,7060
FISV,2026-09-08,09:50,51.63,51.73,51.63,51.715,30851
FISV,2026-09-08,09:51,51.7,51.72,51.61,51.62,16702
FISV,2026-09-08,09:52,51.6,51.61,51.49,51.49,9411
FISV,2026-09-08,09:53,51.49,51.54,51.41,51.41,25880
FISV,2026-09-08,09:54,51.41,51.5,51.39,51.475,53903
FISV,2026-09-08,09:55,51.48,51.6199,51.48,51.6177,27139
FISV,2026-09-08,09:56,51.62,51.675,51.59,51.6087,27208
FISV,2026-09-08,09:57,51.6,51.715,51.57,51.71,29950
FISV,2026-09-08,09:58,51.71,51.73,51.58,51.58,45013
FISV,2026-09-08,09:59,51.59,51.625,51.57,51.61,45965
FISV,2026-09-08,10:00,51.625,51.76,51.595,51.76,29252
FISV,2026-09-08,10:01,51.75,51.75,51.69,51.69,41027
FISV,2026-09-08,10:02,51.675,51.68,51.575,51.575,48701
FISV,2026-09-08,10:03,51.6,51.6,51.48,51.48,81291
FISV,2026-09-08,10:04,51.46,51.59,51.455,51.56,75821
FISV,2026-09-08,10:05,51.5642,51.58,51.52,51.56,14033
FISV,2026-09-08,10:06,51.54,51.54,51.46,51.47,16922
FISV,2026-09-08,10:07,51.465,51.56,51.45,51.55,54707
FISV,2026-09-08,10:08,51.55,51.565,51.51,51.555,20270
FISV,2026-09-08,10:09,51.555,51.64,51.55,51.58,47091
FISV,2026-09-08,10:10,51.58,51.65,51.57,51.62,32378
FISV,2026-09-08,10:11,51.61,51.62,51.53,51.53,24539
FISV,2026-09-08,10:12,51.55,51.55,51.47,51.5,33902
FISV,2026-09-08,10:13,51.53,51.58,51.525,51.58,9607
FISV,2026-09-08,10:14,51.57,51.59,51.5,51.51,14671
FISV,2026-09-08,10:15,51.51,51.57,51.5,51.56,11404
FISV,2026-09-08,10:16,51.57,51.62,51.55,51.59,19073
FISV,2026-09-08,10:17,51.61,51.655,51.61,51.63,7599
FISV,2026-09-08,10:18,51.6371,51.64,51.58,51.5942,7012
FISV,2026-09-08,10:19,51.6001,51.6001,51.57,51.58,2753
FISV,2026-09-08,10:20,51.6099,51.645,51.585,51.6,28704
FISV,2026-09-08,10:21,51.615,51.615,51.55,51.57,6222
FISV,2026-09-08,10:22,51.57,51.59,51.55,51.55,12653
FISV,2026-09-08,10:23,51.54,51.6,51.54,51.6,7508
FISV,2026-09-08,10:24,51.59,51.62,51.59,51.615,10341
FISV,2026-09-08,10:25,51.6209,51.65,51.61,51.61,3217
FISV,2026-09-08,10:26,51.595,51.635,51.595,51.635,4229
FISV,2026-09-08,10:27,51.62,51.62,51.57,51.57,12751
FISV,2026-09-08,10:28,51.565,51.58,51.56,51.58,7368
FISV,2026-09-08,10:29,51.59,51.6,51.5612,51.58,6706
FISV,2026-09-08,10:30,51.61,51.61,51.53,51.5399,6646
FISV,2026-09-08,10:31,51.525,51.54,51.5,51.5,9442
FISV,2026-09-08,10:32,51.5,51.5,51.4,51.44,12541
FISV,2026-09-08,10:33,51.43,51.435,51.39,51.425,13449
FISV,2026-09-08,10:34,51.44,51.46,51.37,51.425,13637
FISV,2026-09-08,10:35,51.44,51.44,51.39,51.39,7026
FISV,2026-09-08,10:36,51.39,51.4,51.35,51.37,39459
FISV,2026-09-08,10:37,51.37,51.38,51.32,51.35,21047
FISV,2026-09-08,10:38,51.345,51.35,51.31,51.35,21135
FISV,2026-09-08,10:39,51.35,51.54,51.2699,51.2699,67992
FISV,2026-09-08,10:40,51.27,51.3,51.235,51.3,38567
FISV,2026-09-08,10:41,51.3,51.33,51.2299,51.235,74849
FISV,2026-09-08,10:42,51.235,51.25,51.185,51.195,57658
FISV,2026-09-08,10:43,51.19,51.2,51.17,51.2,18242
FISV,2026-09-08,10:44,51.2,51.22,51.19,51.22,11504
FISV,2026-09-08,10:45,51.245,51.26,51.185,51.19,45086
FISV,2026-09-08,10:46,51.18,51.3024,51.16,51.3024,21692
FISV,2026-09-08,10:47,51.318,51.34,51.3001,51.3001,63996
FISV,2026-09-08,10:48,51.31,51.345,51.29,51.31,23698
FISV,2026-09-08,10:49,51.33,51.33,51.29,51.29,29373
FISV,2026-09-08,10:50,51.29,51.34,51.29,51.3204,50200
FISV,2026-09-08,10:51,51.32,51.32,51.25,51.265,30050
FISV,2026-09-08,10:52,51.265,51.27,51.23,51.27,24180
FISV,2026-09-08,10:53,51.27,51.29,51.26,51.27,18237
FISV,2026-09-08,10:54,51.27,51.295,51.27,51.28,13952
FISV,2026-09-08,10:55,51.265,51.32,51.265,51.2792,14734
FISV,2026-09-08,10:56,51.275,51.29,51.27,51.27,17101
FISV,2026-09-08,10:57,51.275,51.28,51.26,51.27,5997
FISV,2026-09-08,10:58,51.27,51.27,51.2503,51.255,7389
FISV,2026-09-08,10:59,51.258,51.26,51.225,51.225,10099
FISV,2026-09-08,11:00,51.225,51.255,51.205,51.255,13288
FISV,2026-09-08,11:01,51.25,51.25,51.225,51.225,3518
FISV,2026-09-08,11:02,51.22,51.2201,51.19,51.2201,13259
FISV,2026-09-08,11:03,51.22,51.26,51.22,51.25,15889
FISV,2026-09-08,11:04,51.24,51.24,51.19,51.21,21338
FISV,2026-09-08,11:05,51.22,51.26,51.2,51.26,16101
FISV,2026-09-08,11:06,51.23,51.27,51.23,51.248,18870
FISV,2026-09-08,11:07,51.25,51.25,51.2229,51.2229,6673
FISV,2026-09-08,11:08,51.24,51.255,51.225,51.255,6549
FISV,2026-09-08,11:09,51.26,51.28,51.26,51.265,5343
FISV,2026-09-08,11:10,51.255,51.28,51.255,51.265,7741
FISV,2026-09-08,11:11,51.27,51.31,51.27,51.31,8651
FISV,2026-09-08,11:12,51.315,51.34,51.3,51.32,17557
FISV,2026-09-08,11:13,51.32,51.35,51.3,51.31,11903
FISV,2026-09-08,11:14,51.29,51.31,51.26,51.275,14894
FISV,2026-09-08,11:15,51.27,51.3,51.26,51.29,8735
FISV,2026-09-08,11:16,51.3,51.3,51.27,51.27,5528
FISV,2026-09-08,11:17,51.26,51.275,51.26,51.27,4835
FISV,2026-09-08,11:18,51.265,51.27,51.25,51.265,6630
FISV,2026-09-08,11:19,51.27,51.27,51.205,51.205,18128
FISV,2026-09-08,11:20,51.205,51.205,51.17,51.17,7253
FISV,2026-09-08,11:21,51.17,51.17,51.1,51.12,42349
FISV,2026-09-08,11:22,51.1,51.13,51.08,51.08,20046
FISV,2026-09-08,11:23,51.09,51.18,51.09,51.16,26070
FISV,2026-09-08,11:24,51.18,51.2,51.16,51.16,3478
FISV,2026-09-08,11:25,51.16,51.22,51.13,51.18,26320
FISV,2026-09-08,11:26,51.17,51.17,51.11,51.14,10964
FISV,2026-09-08,11:27,51.16,51.17,51.1,51.1,8879
FISV,2026-09-08,11:28,51.095,51.18,51.095,51.1505,12759
FISV,2026-09-08,11:29,51.15,51.2,51.15,51.2,4739
FISV,2026-09-08,11:30,51.21,51.23,51.205,51.215,7527
FISV,2026-09-08,11:31,51.2,51.23,51.2,51.23,14283
FISV,2026-09-08,11:32,51.25,51.28,51.22,51.28,16047
FISV,2026-09-08,11:33,51.27,51.27,51.25,51.25,11562
FISV,2026-09-08,11:34,51.25,51.2796,51.25,51.2771,8767
FISV,2026-09-08,11:35,51.28,51.28,51.25,51.26,4411
FISV,2026-09-08,11:36,51.27,51.2701,51.24,51.24,16937
FISV,2026-09-08,11:37,51.24,51.24,51.2,51.2,6865
FISV,2026-09-08,11:38,51.19,51.21,51.19,51.2006,4566
FISV,2026-09-08,11:39,51.2,51.2,51.165,51.18,17340
FISV,2026-09-08,11:40,51.18,51.195,51.18,51.195,7204
FISV,2026-09-08,11:41,51.1988,51.2,51.185,51.19,11838
FISV,2026-09-08,11:42,51.2,51.2,51.18,51.185,4495
FISV,2026-09-08,11:43,51.19,51.19,51.18,51.19,4564
FISV,2026-09-08,11:44,51.19,51.21,51.19,51.1905,4321
FISV,2026-09-08,11:45,51.195,51.2,51.14,51.14,14914
FISV,2026-09-08,11:46,51.13,51.13,51.12,51.125,4314
FISV,2026-09-08,11:47,51.12,51.13,51.1107,51.13,8017
FISV,2026-09-08,11:48,51.125,51.14,51.12,51.1201,3733
FISV,2026-09-08,11:49,51.1292,51.1292,51.115,51.115,13147
FISV,2026-09-08,11:50,51.12,51.14,51.12,51.13,11038
FISV,2026-09-08,11:51,51.14,51.17,51.1,51.17,20141
FISV,2026-09-08,11:52,51.16,51.18,51.16,51.18,6268
FISV,2026-09-08,11:53,51.165,51.19,51.14,51.14,8841
FISV,2026-09-08,11:54,51.12,51.16,51.12,51.1549,5131
FISV,2026-09-08,11:55,51.14,51.15,51.13,51.13,2995
FISV,2026-09-08,11:56,51.135,51.15,51.13,51.14,5174
FISV,2026-09-08,11:57,51.14,51.15,51.1,51.1,6300
FISV,2026-09-08,11:58,51.105,51.11,51.09,51.09,3582
FISV,2026-09-08,11:59,51.1,51.11,51.0212,51.05,26382
FISV,2026-09-08,12:00,51.0394,51.0394,51.025,51.03,3768
FISV,2026-09-08,12:01,51.025,51.04,50.96,50.965,53566
FISV,2026-09-08,12:02,50.98,50.985,50.9411,50.9411,17372
FISV,2026-09-08,12:03,50.94,50.96,50.93,50.96,11880
FISV,2026-09-08,12:04,50.97,51.02,50.97,51.005,11773
FISV,2026-09-08,12:05,51.005,51.015,50.99,51.01,13203
FISV,2026-09-08,12:06,51.005,51.005,50.96,50.96,14261
FISV,2026-09-08,12:07,50.96,50.98,50.95,50.965,10698
FISV,2026-09-08,12:08,50.96,51.005,50.96,51.005,4195
FISV,2026-09-08,12:09,51.015,51.12,51.01,51.109,20109
FISV,2026-09-08,12:10,51.115,51.14,51.08,51.11,12144
FISV,2026-09-08,12:11,51.11,51.13,51.07,51.095,7230
FISV,2026-09-08,12:12,51.1,51.1199,51.09,51.095,2904
FISV,2026-09-08,12:13,51.085,51.15,51.07,51.145,11057
FISV,2026-09-08,12:14,51.14,51.16,51.14,51.15,6762
FISV,2026-09-08,12:15,51.15,51.155,51.04,51.08,45281
FISV,2026-09-08,12:16,51.065,51.09,51.02,51.02,7962
FISV,2026-09-08,12:17,51.02,51.15,51.02,51.135,14401
FISV,2026-09-08,12:18,51.1407,51.15,51.12,51.1282,5378
FISV,2026-09-08,12:19,51.13,51.14,51.095,51.14,7212
FISV,2026-09-08,12:20,51.16,51.18,51.14,51.14,22067
FISV,2026-09-08,12:21,51.14,51.1688,51.13,51.1688,5016
FISV,2026-09-08,12:22,51.165,51.165,51.16,51.165,5617
FISV,2026-09-08,12:23,51.16,51.16,51.14,51.14,3292
FISV,2026-09-08,12:24,51.135,51.14,51.07,51.07,24964
FISV,2026-09-08,12:25,51.06,51.09,51.06,51.075,4162
FISV,2026-09-08,12:26,51.08,51.09,51.07,51.09,6514
FISV,2026-09-08,12:27,51.1,51.115,51.04,51.105,34370
FISV,2026-09-08,12:28,51.11,51.145,51.1,51.13,9408
FISV,2026-09-08,12:29,51.13,51.15,51.1,51.1,4968
FISV,2026-09-08,12:30,51.12,51.145,51.12,51.145,2899
FISV,2026-09-08,12:31,51.145,51.145,51.08,51.09,18113
FISV,2026-09-08,12:32,51.08,51.1,51.06,51.07,9235
FISV,2026-09-08,12:33,51.06,51.07,51.06,51.065,3036
FISV,2026-09-08,12:34,51.07,51.105,51.07,51.1,6586
FISV,2026-09-08,12:35,51.085,51.1,51.085,51.095,2182
FISV,2026-09-08,12:36,51.09,51.1,51.085,51.095,3565
FISV,2026-09-08,12:37,51.095,51.1,51.08,51.09,5342
FISV,2026-09-08,12:38,51.085,51.085,51.075,51.075,7537
FISV,2026-09-08,12:39,51.065,51.125,51.04,51.11,16789
FISV,2026-09-08,12:40,51.11,51.12,51.1,51.12,13672
FISV,2026-09-08,12:41,51.115,51.18,51.115,51.18,4272
FISV,2026-09-08,12:42,51.155,51.155,51.12,51.14,5457
FISV,2026-09-08,12:43,51.15,51.16,51.15,51.16,732
FISV,2026-09-08,12:44,51.155,51.23,51.155,51.17,21833
FISV,2026-09-08,12:45,51.17,51.17,51.16,51.165,2010
FISV,2026-09-08,12:46,51.16,51.1788,51.16,51.1788,8447
FISV,2026-09-08,12:47,51.175,51.195,51.175,51.19,4273
FISV,2026-09-08,12:48,51.19,51.22,51.19,51.205,5750
FISV,2026-09-08,12:49,51.1939,51.2,51.16,51.17,8973
FISV,2026-09-08,12:50,51.17,51.195,51.14,51.16,7996
FISV,2026-09-08,12:51,51.155,51.155,51.155,51.155,541
FISV,2026-09-08,12:52,51.16,51.16,51.12,51.15,5994
FISV,2026-09-08,12:53,51.16,51.17,51.155,51.155,1212
FISV,2026-09-08,12:54,51.145,51.17,51.07,51.1,23477
FISV,2026-09-08,12:55,51.09,51.1,51.0645,51.085,2468
FISV,2026-09-08,12:56,51.08,51.1,50.97,50.98,39222
FISV,2026-09-08,12:57,50.99,51.03,50.99,51.005,13706
FISV,2026-09-08,12:58,51.01,51.01,51,51.005,7276
FISV,2026-09-08,12:59,51.05,51.05,51.05,51.05,1406
FISV,2026-09-08,13:00,51.04,51.08,51.01,51.08,7683
FISV,2026-09-08,13:01,51.085,51.085,51.05,51.05,2058
FISV,2026-09-08,13:02,51.055,51.1,51.04,51.045,27025
FISV,2026-09-08,13:03,51.0287,51.08,51.0013,51.065,7872
FISV,2026-09-08,13:04,51.06,51.06,51.05,51.05,1402
FISV,2026-09-08,13:05,51.045,51.05,51.035,51.04,2264
FISV,2026-09-08,13:06,51.04,51.045,51,51.03,23243
FISV,2026-09-08,13:07,51.03,51.03,50.94,50.96,70533
FISV,2026-09-08,13:08,50.95,50.98,50.95,50.98,3589
FISV,2026-09-08,13:09,50.975,50.975,50.92,50.925,9077
FISV,2026-09-08,13:10,50.93,50.95,50.92,50.95,7835
FISV,2026-09-08,13:11,50.955,50.97,50.95,50.955,8863
FISV,2026-09-08,13:12,50.9429,50.98,50.93,50.93,13709
FISV,2026-09-08,13:13,50.935,50.94,50.93,50.94,16088
FISV,2026-09-08,13:14,50.925,50.94,50.925,50.935,3286
FISV,2026-09-08,13:15,50.935,50.96,50.93,50.955,7689
FISV,2026-09-08,13:16,50.9563,50.97,50.9563,50.965,6715
FISV,2026-09-08,13:17,50.97,50.97,50.96,50.96,3743
FISV,2026-09-08,13:18,50.95,50.95,50.93,50.945,5670
FISV,2026-09-08,13:19,50.945,50.95,50.928,50.928,5886
FISV,2026-09-08,13:20,50.93,50.96,50.93,50.95,8966
FISV,2026-09-08,13:21,50.95,50.95,50.94,50.94,8557
FISV,2026-09-08,13:22,50.94,50.95,50.9305,50.95,2906
FISV,2026-09-08,13:23,50.92,50.95,50.86,50.87,35681
FISV,2026-09-08,13:24,50.865,50.88,50.86,50.87,5997
FISV,2026-09-08,13:25,50.86,50.865,50.85,50.85,6031
FISV,2026-09-08,13:26,50.85,50.86,50.83,50.83,12210
FISV,2026-09-08,13:27,50.82,50.8396,50.8199,50.83,8973
FISV,2026-09-08,13:28,50.83,50.83,50.805,50.82,12230
FISV,2026-09-08,13:29,50.815,50.85,50.81,50.835,13138
FISV,2026-09-08,13:30,50.835,50.88,50.835,50.87,12406
FISV,2026-09-08,13:31,50.88,50.88,50.855,50.855,2993
FISV,2026-09-08,13:32,50.87,50.9,50.87,50.9,6119
FISV,2026-09-08,13:33,50.905,50.92,50.905,50.915,3478
FISV,2026-09-08,13:34,50.92,50.975,50.92,50.94,31682
FISV,2026-09-08,13:35,50.935,50.945,50.935,50.945,5055
FISV,2026-09-08,13:36,50.95,50.98,50.9499,50.95,24869
FISV,2026-09-08,13:37,50.95,50.95,50.95,50.95,975
FISV,2026-09-08,13:38,50.96,50.97,50.95,50.96,4793
FISV,2026-09-08,13:39,50.95,50.96,50.95,50.955,8922
FISV,2026-09-08,13:40,50.955,50.955,50.94,50.94,8622
FISV,2026-09-08,13:41,50.94,50.98,50.94,50.96,9870
FISV,2026-09-08,13:42,50.96,50.96,50.94,50.94,4749
FISV,2026-09-08,13:43,50.94,50.945,50.87,50.87,9993
FISV,2026-09-08,13:44,50.8899,50.8899,50.83,50.84,17782
FISV,2026-09-08,13:45,50.83,50.92,50.83,50.88,29347
FISV,2026-09-08,13:46,50.88,50.905,50.875,50.905,26226
FISV,2026-09-08,13:47,50.89,50.905,50.84,50.84,15094
FISV,2026-09-08,13:48,50.845,50.87,50.845,50.86,5263
FISV,2026-09-08,13:49,50.86,50.87,50.85,50.865,7151
FISV,2026-09-08,13:50,50.865,50.88,50.86,50.88,10469
FISV,2026-09-08,13:51,50.88,50.885,50.853,50.885,11421
FISV,2026-09-08,13:52,50.885,50.96,50.88,50.96,16828
FISV,2026-09-08,13:53,50.98,50.98,50.93,50.93,27798
FISV,2026-09-08,13:54,50.93,50.94,50.93,50.935,4725
FISV,2026-09-08,13:55,50.95,50.95,50.86,50.87,18870
FISV,2026-09-08,13:56,50.865,50.9,50.865,50.9,6473
FISV,2026-09-08,13:57,50.85,50.88,50.85,50.88,8013
FISV,2026-09-08,13:58,50.87,50.87,50.86,50.87,5585
FISV,2026-09-08,13:59,50.87,50.875,50.86,50.86,8054
FISV,2026-09-08,14:00,50.86,50.89,50.86,50.88,8207
FISV,2026-09-08,14:01,50.89,50.92,50.89,50.915,17792
FISV,2026-09-08,14:02,50.9,50.9,50.88,50.89,20536
FISV,2026-09-08,14:03,50.9,50.92,50.9,50.905,22942
FISV,2026-09-08,14:04,50.9,50.9,50.8985,50.8985,2230
FISV,2026-09-08,14:05,50.89,50.895,50.8201,50.865,24061
FISV,2026-09-08,14:06,50.87,50.88,50.865,50.865,5804
FISV,2026-09-08,14:07,50.87,50.88,50.8318,50.8318,7602
FISV,2026-09-08,14:08,50.84,50.84,50.775,50.785,25579
FISV,2026-09-08,14:09,50.79,50.8361,50.79,50.835,8313
FISV,2026-09-08,14:10,50.831,50.875,50.831,50.85,15039
FISV,2026-09-08,14:11,50.865,50.88,50.82,50.84,15821
FISV,2026-09-08,14:12,50.845,50.85,50.825,50.8336,18232
FISV,2026-09-08,14:13,50.83,50.84,50.8,50.835,5493
FISV,2026-09-08,14:14,50.85,50.87,50.84,50.84,8703
FISV,2026-09-08,14:15,50.84,50.88,50.84,50.855,10970
FISV,2026-09-08,14:16,50.858,50.86,50.845,50.845,6385
FISV,2026-09-08,14:17,50.85,50.8565,50.85,50.85,5156
FISV,2026-09-08,14:18,50.86,50.86,50.8557,50.8598,3757
FISV,2026-09-08,14:19,50.86,50.9099,50.86,50.9,19976
FISV,2026-09-08,14:20,50.895,50.895,50.8922,50.895,1603
FISV,2026-09-08,14:21,50.895,50.91,50.89,50.89,10872
FISV,2026-09-08,14:22,50.89,50.89,50.89,50.89,2943
FISV,2026-09-08,14:23,50.89,50.91,50.89,50.905,10700
FISV,2026-09-08,14:24,50.9001,50.905,50.86,50.86,15273
FISV,2026-09-08,14:25,50.86,50.875,50.86,50.87,12802
FISV,2026-09-08,14:26,50.87,50.88,50.87,50.87,12139
FISV,2026-09-08,14:27,50.865,50.865,50.835,50.86,8501
FISV,2026-09-08,14:28,50.87,50.87,50.86,50.865,4422
FISV,2026-09-08,14:29,50.86,50.875,50.85,50.875,7374
FISV,2026-09-08,14:30,50.87,50.87,50.815,50.815,3939
FISV,2026-09-08,14:31,50.82,50.82,50.785,50.79,13512
FISV,2026-09-08,14:32,50.77,50.805,50.77,50.8,26427
FISV,2026-09-08,14:33,50.795,50.795,50.72,50.73,40467
FISV,2026-09-08,14:34,50.74,50.74,50.68,50.7,11725
FISV,2026-09-08,14:35,50.705,50.705,50.67,50.675,7710
FISV,2026-09-08,14:36,50.68,50.68,50.64,50.65,13419
FISV,2026-09-08,14:37,50.64,50.6599,50.63,50.63,6461
FISV,2026-09-08,14:38,50.62,50.65,50.62,50.65,10535
FISV,2026-09-08,14:39,50.635,50.6499,50.62,50.63,8420
FISV,2026-09-08,14:40,50.63,50.63,50.61,50.6101,10102
FISV,2026-09-08,14:41,50.6113,50.62,50.58,50.595,10196
FISV,2026-09-08,14:42,50.6,50.62,50.599,50.615,13710
FISV,2026-09-08,14:43,50.62,50.63,50.61,50.6122,3096
FISV,2026-09-08,14:44,50.625,50.63,50.625,50.625,3592
FISV,2026-09-08,14:45,50.63,50.63,50.55,50.55,20868
FISV,2026-09-08,14:46,50.55,50.56,50.525,50.525,9180
FISV,2026-09-08,14:47,50.52,50.68,50.47,50.63,85210
FISV,2026-09-08,14:48,50.61,50.61,50.51,50.515,17941
FISV,2026-09-08,14:49,50.49,50.5098,50.43,50.45,23526
FISV,2026-09-08,14:50,50.43,50.48,50.43,50.47,12207
FISV,2026-09-08,14:51,50.45,50.48,50.45,50.47,4738
FISV,2026-09-08,14:52,50.44,50.475,50.44,50.47,16907
FISV,2026-09-08,14:53,50.49,50.55,50.48,50.505,13686
FISV,2026-09-08,14:54,50.505,50.52,50.44,50.46,19030
FISV,2026-09-08,14:55,50.47,50.49,50.47,50.49,16096
FISV,2026-09-08,14:56,50.48,50.52,50.46,50.49,20423
FISV,2026-09-08,14:57,50.48,50.49,50.47,50.48,5614
FISV,2026-09-08,14:58,50.485,50.51,50.48,50.51,7157988
FISV,2026-09-08,14:59,50.5,50.51,50.48,50.48,7661
FISV,2026-09-08,15:00,50.47,50.505,50.47,50.49,11006
FISV,2026-09-08,15:01,50.5,50.51,50.48,50.5,17991
FISV,2026-09-08,15:02,50.51,50.51,50.46,50.46,12069
FISV,2026-09-08,15:03,50.47,50.475,50.46,50.47,3898
FISV,2026-09-08,15:04,50.47,50.4992,50.465,50.4992,8287
FISV,2026-09-08,15:05,50.495,50.54,50.495,50.5,12112
FISV,2026-09-08,15:06,50.49,50.56,50.49,50.56,17164
FISV,2026-09-08,15:07,50.56,50.5865,50.54,50.5865,17471
FISV,2026-09-08,15:08,50.585,50.585,50.55,50.56,6285
FISV,2026-09-08,15:09,50.56,50.595,50.56,50.59,8818
FISV,2026-09-08,15:10,50.595,50.67,50.595,50.65,12790
FISV,2026-09-08,15:11,50.655,50.655,50.63,50.645,6474
FISV,2026-09-08,15:12,50.645,50.645,50.62,50.62,4946
FISV,2026-09-08,15:13,50.62,50.625,50.62,50.625,3825
FISV,2026-09-08,15:14,50.62,50.64,50.61,50.64,10795
FISV,2026-09-08,15:15,50.68,50.68,50.64,50.64,11655
FISV,2026-09-08,15:16,50.64,50.67,50.63,50.64,16461
FISV,2026-09-08,15:17,50.6565,50.68,50.64,50.68,21948
FISV,2026-09-08,15:18,50.685,50.6999,50.66,50.67,18010
FISV,2026-09-08,15:19,50.69,50.73,50.6848,50.6848,9623
FISV,2026-09-08,15:20,50.68,50.81,50.68,50.8,75683
FISV,2026-09-08,15:21,50.8,50.82,50.79,50.815,25736
FISV,2026-09-08,15:22,50.81,50.835,50.795,50.795,11807
FISV,2026-09-08,15:23,50.82,50.845,50.765,50.765,15716
FISV,2026-09-08,15:24,50.765,50.77,50.715,50.755,17371
FISV,2026-09-08,15:25,50.745,50.78,50.73,50.7582,18271
FISV,2026-09-08,15:26,50.755,50.78,50.74,50.7675,14961
FISV,2026-09-08,15:27,50.76,50.79,50.75,50.78,7430
FISV,2026-09-08,15:28,50.79,50.815,50.775,50.785,12984
FISV,2026-09-08,15:29,50.785,50.86,50.77,50.8425,13809
FISV,2026-09-08,15:30,50.82,50.84,50.79,50.8,12593
FISV,2026-09-08,15:31,50.8053,50.85,50.802,50.825,15847
FISV,2026-09-08,15:32,50.82,50.83,50.75,50.795,15870
FISV,2026-09-08,15:33,50.79,50.8,50.75,50.76,18797
FISV,2026-09-08,15:34,50.76,50.79,50.7412,50.78,12282
FISV,2026-09-08,15:35,50.78,50.79,50.77,50.77,16007
FISV,2026-09-08,15:36,50.77,50.78,50.715,50.715,12260
FISV,2026-09-08,15:37,50.72,50.74,50.7,50.7,24284
FISV,2026-09-08,15:38,50.7,50.78,50.7,50.75,12443
FISV,2026-09-08,15:39,50.7512,50.845,50.7512,50.775,15933
FISV,2026-09-08,15:40,50.775,50.84,50.775,50.84,17223
FISV,2026-09-08,15:41,50.8472,50.8472,50.815,50.82,20329
FISV,2026-09-08,15:42,50.805,50.85,50.78,50.85,47578
FISV,2026-09-08,15:43,50.84,50.88,50.81,50.865,51178
FISV,2026-09-08,15:44,50.88,50.88,50.845,50.86,13691
FISV,2026-09-08,15:45,50.86,50.87,50.82,50.845,142229
FISV,2026-09-08,15:46,50.845,50.85,50.8235,50.83,13979
FISV,2026-09-08,15:47,50.84,50.85,50.82,50.825,15681
FISV,2026-09-08,15:48,50.82,50.85,50.77,50.85,57869
FISV,2026-09-08,15:49,50.85,50.87,50.85,50.8518,12466
FISV,2026-09-08,15:50,50.85,50.85,50.77,50.82,43920
FISV,2026-09-08,15:51,50.82,50.83,50.63,50.63,165831
FISV,2026-09-08,15:52,50.64,50.64,50.58,50.605,91190
FISV,2026-09-08,15:53,50.6,50.67,50.595,50.67,34286
FISV,2026-09-08,15:54,50.665,50.68,50.62,50.67,35046
FISV,2026-09-08,15:55,50.68,50.8,50.664,50.8,59065
FISV,2026-09-08,15:56,50.8,50.835,50.72,50.735,74239
FISV,2026-09-08,15:57,50.75,50.82,50.735,50.815,99636
FISV,2026-09-08,15:58,50.815,50.84,50.805,50.83,99659
FISV,2026-09-08,15:59,50.825,50.9,50.81,50.88,165386
FISV,2026-09-08,16:00,50.86,50.86,50.86,50.86,0
FISV,2026-09-09,09:30,50.86,50.99,50.79,50.985,75935
FISV,2026-09-09,09:31,51.155,51.155,50.91,50.91,2281
FISV,2026-09-09,09:32,50.85,50.85,50.62,50.62,6989
FISV,2026-09-09,09:33,50.62,50.81,50.59,50.81,8059
FISV,2026-09-09,09:34,50.84,50.84,50.6004,50.64,4899
FISV,2026-09-09,09:35,50.6,50.74,50.55,50.615,18075
FISV,2026-09-09,09:36,50.615,50.77,50.59,50.77,8848
FISV,2026-09-09,09:37,50.73,50.77,50.57,50.64,4101
FISV,2026-09-09,09:38,50.61,50.61,50.4,50.4,6019
FISV,2026-09-09,09:39,50.35,50.45,50.35,50.43,11938
FISV,2026-09-09,09:40,50.44,50.52,50.39,50.4,20208
FISV,2026-09-09,09:41,50.35,50.35,50.22,50.29,26058
FISV,2026-09-09,09:42,50.29,50.365,50.29,50.34,8398
FISV,2026-09-09,09:43,50.35,50.37,50.255,50.345,7411
FISV,2026-09-09,09:44,50.3799,50.38,50.32,50.34,8453
FISV,2026-09-09,09:45,50.33,50.465,50.33,50.3415,18216
FISV,2026-09-09,09:46,50.3606,50.385,50.32,50.38,31828
FISV,2026-09-09,09:47,50.39,50.475,50.35,50.445,9323
FISV,2026-09-09,09:48,50.41,50.41,50.25,50.25,9098
FISV,2026-09-09,09:49,50.25,50.25,50.12,50.235,22339
FISV,2026-09-09,09:50,50.235,50.295,50.2,50.23,34502
FISV,2026-09-09,09:51,50.24,50.315,50.2103,50.225,31468
FISV,2026-09-09,09:52,50.17,50.19,50.12,50.13,44287
FISV,2026-09-09,09:53,50.13,50.18,50.12,50.145,36964
FISV,2026-09-09,09:54,50.15,50.16,50.06,50.06,39200
FISV,2026-09-09,09:55,50.055,50.1,50.04,50.06,25259
FISV,2026-09-09,09:56,50.07,50.07,49.96,49.965,37655
FISV,2026-09-09,09:57,49.97,49.99,49.96,49.98,8361
FISV,2026-09-09,09:58,49.98,49.99,49.87,49.89,26858
FISV,2026-09-09,09:59,49.9,49.92,49.85,49.9,27208
FISV,2026-09-09,10:00,49.87,49.96,49.87,49.9,26949
FISV,2026-09-09,10:01,49.92,49.93,49.86,49.91,31347
FISV,2026-09-09,10:02,49.9113,49.92,49.83,49.9,28522
FISV,2026-09-09,10:03,49.91,49.92,49.865,49.885,20427
FISV,2026-09-09,10:04,49.9053,50.11,49.9053,50.07,30863
FISV,2026-09-09,10:05,50.09,50.09,50,50.02,7426
FISV,2026-09-09,10:06,49.99,50.03,49.98,50.01,12416
FISV,2026-09-09,10:07,50,50.03,49.95,49.99,14931
FISV,2026-09-09,10:08,49.98,49.99,49.95,49.97,14102
FISV,2026-09-09,10:09,49.97,49.97,49.9,49.94,14453
FISV,2026-09-09,10:10,49.93,49.95,49.915,49.95,16585
FISV,2026-09-09,10:11,49.955,50.0287,49.91,50.0287,20759
FISV,2026-09-09,10:12,50.03,50.08,50.03,50.06,11498
FISV,2026-09-09,10:13,50.06,50.07,50.005,50.07,19494
FISV,2026-09-09,10:14,50.06,50.08,50.02,50.08,10180
FISV,2026-09-09,10:15,50.09,50.155,50.08,50.155,17565
FISV,2026-09-09,10:16,50.155,50.155,50.01,50.055,16271
FISV,2026-09-09,10:17,50.07,50.07,49.98,49.98,10209
FISV,2026-09-09,10:18,49.9799,50.025,49.9,50.025,17962
FISV,2026-09-09,10:19,50.03,50.1,50.03,50.0899,21504
FISV,2026-09-09,10:20,50.085,50.1189,50.08,50.11,10422
FISV,2026-09-09,10:21,50.13,50.21,50.13,50.21,8461
FISV,2026-09-09,10:22,50.22,50.23,50.19,50.22,8219
FISV,2026-09-09,10:23,50.2,50.21,50.16,50.21,6126
FISV,2026-09-09,10:24,50.2,50.2,50.15,50.16,6955
FISV,2026-09-09,10:25,50.16,50.16,50.14,50.14,3205
FISV,2026-09-09,10:26,50.11,50.12,50.105,50.115,8128
FISV,2026-09-09,10:27,50.12,50.12,50.061,50.061,12080
FISV,2026-09-09,10:28,50.07,50.09,50.065,50.065,5474
FISV,2026-09-09,10:29,50.08,50.0995,50.07,50.07,6259
FISV,2026-09-09,10:30,50.06,50.07,50.01,50.01,5322
FISV,2026-09-09,10:31,50.01,50.03,49.97,50.01,9847
FISV,2026-09-09,10:32,50.01,50.05,50.01,50.05,10238
FISV,2026-09-09,10:33,50.06,50.08,50.02,50.05,10495
FISV,2026-09-09,10:34,50.02,50.02,49.99,49.99,3106
FISV,2026-09-09,10:35,49.9847,50.05,49.9847,50.05,7711
FISV,2026-09-09,10:36,50.02,50.07,50.01,50.07,6630
FISV,2026-09-09,10:37,50.06,50.07,50.015,50.045,6846
FISV,2026-09-09,10:38,50.045,50.07,50.04,50.055,15819
FISV,2026-09-09,10:39,50.055,50.09,50.045,50.09,9401
FISV,2026-09-09,10:40,50.08,50.11,50.07,50.11,4541
FISV,2026-09-09,10:41,50.115,50.13,50.095,50.095,6357
FISV,2026-09-09,10:42,50.09,50.09,50.065,50.065,4844
FISV,2026-09-09,10:43,50.05,50.07,50.04,50.05,6890
FISV,2026-09-09,10:44,50.05,50.05,49.98,49.98,13372
FISV,2026-09-09,10:45,49.98,49.985,49.92,49.92,22637
FISV,2026-09-09,10:46,49.92,49.95,49.89,49.9,16284
FISV,2026-09-09,10:47,49.9,49.9,49.82,49.855,24072
FISV,2026-09-09,10:48,49.855,49.9,49.855,49.9,9304
FISV,2026-09-09,10:49,49.91,49.91,49.87,49.9,11133
FISV,2026-09-09,10:50,49.91,49.9151,49.89,49.9,10491
FISV,2026-09-09,10:51,49.89,49.915,49.875,49.875,18441
FISV,2026-09-09,10:52,49.865,49.865,49.8106,49.815,22729
FISV,2026-09-09,10:53,49.815,49.825,49.76,49.77,12232
FISV,2026-09-09,10:54,49.77,49.77,49.7,49.7,23139
FISV,2026-09-09,10:55,49.695,49.705,49.645,49.65,13873
FISV,2026-09-09,10:56,49.645,49.66,49.6278,49.6278,9686
FISV,2026-09-09,10:57,49.63,49.63,49.61,49.629,11465
FISV,2026-09-09,10:58,49.62,49.68,49.61,49.66,20035
FISV,2026-09-09,10:59,49.63,49.63,49.61,49.615,3732
FISV,2026-09-09,11:00,49.62,49.65,49.615,49.64,17976
FISV,2026-09-09,11:01,49.62,49.63,49.4175,49.4175,31272
FISV,2026-09-09,11:02,49.43,49.4425,49.35,49.35,28362
FISV,2026-09-09,11:03,49.34,49.365,49.28,49.365,41831
FISV,2026-09-09,11:04,49.365,49.365,49.31,49.33,6505
FISV,2026-09-09,11:05,49.335,49.39,49.335,49.365,16758
FISV,2026-09-09,11:06,49.37,49.45,49.36,49.415,38053
FISV,2026-09-09,11:07,49.41,49.4446,49.4,49.425,10347
FISV,2026-09-09,11:08,49.42,49.44,49.415,49.44,11996
FISV,2026-09-09,11:09,49.4402,49.47,49.4402,49.46,9021
FISV,2026-09-09,11:10,49.4501,49.4501,49.375,49.41,46198
FISV,2026-09-09,11:11,49.41,49.43,49.36,49.41,19761
FISV,2026-09-09,11:12,49.4,49.48,49.39,49.465,11601
FISV,2026-09-09,11:13,49.47,49.505,49.46,49.46,5919
FISV,2026-09-09,11:14,49.47,49.48,49.47,49.48,3164
FISV,2026-09-09,11:15,49.48,49.51,49.465,49.49,10976
FISV,2026-09-09,11:16,49.475,49.5,49.475,49.5,5205
FISV,2026-09-09,11:17,49.49,49.49,49.45,49.485,11762
FISV,2026-09-09,11:18,49.485,49.485,49.41,49.41,9135
FISV,2026-09-09,11:19,49.41,49.41,49.36,49.36,5681
FISV,2026-09-09,11:20,49.35,49.36,49.35,49.35,9594
FISV,2026-09-09,11:21,49.34,49.35,49.33,49.34,5883
FISV,2026-09-09,11:22,49.35,49.35,49.285,49.285,20294
FISV,2026-09-09,11:23,49.29,49.33,49.285,49.33,18653
FISV,2026-09-09,11:24,49.33,49.35,49.31,49.31,9828
FISV,2026-09-09,11:25,49.305,49.305,49.29,49.29,8010
FISV,2026-09-09,11:26,49.272,49.29,49.235,49.24,19120
FISV,2026-09-09,11:27,49.24,49.24,49.21,49.215,3664
FISV,2026-09-09,11:28,49.21,49.22,49.2,49.211,7415
FISV,2026-09-09,11:29,49.21,49.24,49.18,49.24,17871
FISV,2026-09-09,11:30,49.25,49.27,49.225,49.24,14909
FISV,2026-09-09,11:31,49.23,49.2415,49.21,49.22,11536
FISV,2026-09-09,11:32,49.23,49.23,49.165,49.17,9309
FISV,2026-09-09,11:33,49.18,49.2,49.16,49.2,13419
FISV,2026-09-09,11:34,49.2,49.22,49.18,49.2199,13924
FISV,2026-09-09,11:35,49.215,49.215,49.16,49.18,7691
FISV,2026-09-09,11:36,49.17,49.21,49.17,49.195,5864
FISV,2026-09-09,11:37,49.195,49.2299,49.195,49.22,5462
FISV,2026-09-09,11:38,49.22,49.24,49.205,49.205,11731
FISV,2026-09-09,11:39,49.22,49.26,49.19,49.26,11127
FISV,2026-09-09,11:40,49.26,49.26,49.18,49.1805,4522
FISV,2026-09-09,11:41,49.209,49.22,49.18,49.21,6205
FISV,2026-09-09,11:42,49.205,49.2123,49.18,49.18,3992
FISV,2026-09-09,11:43,49.19,49.19,49.18,49.18,2149
FISV,2026-09-09,11:44,49.17,49.19,49.165,49.18,4181
FISV,2026-09-09,11:45,49.19,49.19,49.16,49.16,9946
FISV,2026-09-09,11:46,49.1575,49.17,49.155,49.16,5652
FISV,2026-09-09,11:47,49.16,49.21,49.125,49.21,20140
FISV,2026-09-09,11:48,49.185,49.22,49.185,49.19,7652
FISV,2026-09-09,11:49,49.17,49.18,49.14,49.15,10204
FISV,2026-09-09,11:50,49.155,49.18,49.155,49.17,5414
FISV,2026-09-09,11:51,49.1499,49.1499,49.12,49.1303,8998
FISV,2026-09-09,11:52,49.135,49.14,49.11,49.11,7047
FISV,2026-09-09,11:53,49.11,49.12,48.98,49.02,66900
FISV,2026-09-09,11:54,49.025,49.04,49.0146,49.04,18128
FISV,2026-09-09,11:55,49.04,49.05,49.025,49.035,6914
FISV,2026-09-09,11:56,49.035,49.07,49.035,49.07,12924
FISV,2026-09-09,11:57,49.06,49.06,49.025,49.03,18358
FISV,2026-09-09,11:58,49.02,49.035,49.02,49.025,11258
FISV,2026-09-09,11:59,49.025,49.04,49.02,49.04,9661
FISV,2026-09-09,12:00,49.04,49.045,49.03,49.045,7252
FISV,2026-09-09,12:01,49.04,49.045,48.9501,48.96,51302
FISV,2026-09-09,12:02,48.96,48.9825,48.93,48.98,28653
FISV,2026-09-09,12:03,48.98,49.005,48.98,49.005,8144
FISV,2026-09-09,12:04,49.01,49.02,48.9916,48.9916,6066
FISV,2026-09-09,12:05,49,49.01,48.97,48.98,17304
FISV,2026-09-09,12:06,48.988,49,48.985,48.99,5326
FISV,2026-09-09,12:07,48.994,49,48.98,48.985,19384
FISV,2026-09-09,12:08,48.99,49.05,48.99,49.0201,14566
FISV,2026-09-09,12:09,49.01,49.015,48.95,48.95,5177
FISV,2026-09-09,12:10,48.94,48.96,48.92,48.92,13357
FISV,2026-09-09,12:11,48.91,48.9452,48.905,48.94,5729
FISV,2026-09-09,12:12,48.955,48.955,48.93,48.94,10624
FISV,2026-09-09,12:13,48.95,48.995,48.95,48.97,9554
FISV,2026-09-09,12:14,48.98,48.9999,48.9601,48.9601,5804
FISV,2026-09-09,12:15,48.97,48.9971,48.97,48.9898,12173
FISV,2026-09-09,12:16,48.98,48.98,48.93,48.93,5673
FISV,2026-09-09,12:17,48.92,48.935,48.91,48.925,5165
FISV,2026-09-09,12:18,48.92,48.93,48.918,48.92,5373
FISV,2026-09-09,12:19,48.92,48.95,48.92,48.92,10253
FISV,2026-09-09,12:20,48.92,48.935,48.92,48.93,3143
FISV,2026-09-09,12:21,48.93,48.9499,48.91,48.91,7546
FISV,2026-09-09,12:22,48.91,48.945,48.905,48.945,9280
FISV,2026-09-09,12:23,48.94,48.99,48.91,48.95,13018
FISV,2026-09-09,12:24,48.9215,48.9519,48.9215,48.95,4440
FISV,2026-09-09,12:25,48.9301,48.98,48.9301,48.9612,9586
FISV,2026-09-09,12:26,48.97,48.98,48.946,48.975,4712
FISV,2026-09-09,12:27,48.97,48.98,48.97,48.98,1479
FISV,2026-09-09,12:28,48.98,49.0398,48.98,49.0398,8763
FISV,2026-09-09,12:29,49.035,49.05,49.0201,49.045,10654
FISV,2026-09-09,12:30,49.05,49.09,49.04,49.09,15033
FISV,2026-09-09,12:31,49.09,49.15,49.09,49.15,5699
FISV,2026-09-09,12:32,49.1599,49.1699,49.15,49.165,6200
FISV,2026-09-09,12:33,49.18,49.18,49.148,49.16,14441
FISV,2026-09-09,12:34,49.17,49.17,49.13,49.14,11838
FISV,2026-09-09,12:35,49.15,49.16,49.1,49.1,4743
FISV,2026-09-09,12:36,49.11,49.13,49.11,49.12,6009
FISV,2026-09-09,12:37,49.1,49.1,49.09,49.09,3885
FISV,2026-09-09,12:38,49.09,49.11,49.09,49.0991,8062
FISV,2026-09-09,12:39,49.0892,49.13,49.0892,49.125,5968
FISV,2026-09-09,12:40,49.1399,49.15,49.1193,49.13,5087
FISV,2026-09-09,12:41,49.135,49.16,49.135,49.15,12394
FISV,2026-09-09,12:42,49.142,49.16,49.11,49.11,6136
FISV,2026-09-09,12:43,49.11,49.13,49.11,49.13,3124
FISV,2026-09-09,12:44,49.125,49.125,49.125,49.125,325
FISV,2026-09-09,12:45,49.12,49.12,49.0959,49.0959,2332
FISV,2026-09-09,12:46,49.1,49.125,49.1,49.1101,15964
FISV,2026-09-09,12:47,49.105,49.105,49.09,49.09,24894
FISV,2026-09-09,12:48,49.1,49.205,49.1,49.18,30428
FISV,2026-09-09,12:49,49.19,49.19,49.14,49.17,15076
FISV,2026-09-09,12:50,49.18,49.25,49.18,49.24,16703
FISV,2026-09-09,12:51,49.235,49.235,49.18,49.21,20575
FISV,2026-09-09,12:52,49.19,49.19,49.15,49.15,5678
FISV,2026-09-09,12:53,49.1699,49.17,49.16,49.17,3024
FISV,2026-09-09,12:54,49.16,49.16,49.15,49.15,4192
FISV,2026-09-09,12:55,49.15,49.15,49.095,49.125,16618
FISV,2026-09-09,12:56,49.13,49.13,49.12,49.13,5614
FISV,2026-09-09,12:57,49.13,49.13,49.12,49.12,5663
FISV,2026-09-09,12:58,49.12,49.1299,49.11,49.115,4401
FISV,2026-09-09,12:59,49.11,49.155,49.1,49.115,18163
FISV,2026-09-09,13:00,49.105,49.13,49.1,49.1,10313
FISV,2026-09-09,13:01,49.09,49.13,49.09,49.13,3229
FISV,2026-09-09,13:02,49.12,49.13,49.051,49.075,30848
FISV,2026-09-09,13:03,49.07,49.08,49.06,49.06,4406
FISV,2026-09-09,13:04,49.05,49.08,49.05,49.08,5753
FISV,2026-09-09,13:05,49.09,49.09,49.07,49.07,7749
FISV,2026-09-09,13:06,49.06,49.0894,49.06,49.0792,6432
FISV,2026-09-09,13:07,49.07,49.075,49.04,49.04,3760
FISV,2026-09-09,13:08,49.04,49.04,48.99,48.99,8374
FISV,2026-09-09,13:09,49,49.0082,48.995,49.005,5652
FISV,2026-09-09,13:10,49,49.035,49,49.03,9576
FISV,2026-09-09,13:11,49.03,49.04,49.01,49.04,7069
FISV,2026-09-09,13:12,49.0395,49.0395,49.0125,49.0358,4062
FISV,2026-09-09,13:13,49.02,49.04,49.02,49.02,8945
FISV,2026-09-09,13:14,49.026,49.0651,49.025,49.0651,16586
FISV,2026-09-09,13:15,49.0651,49.07,49.06,49.06,5146
FISV,2026-09-09,13:16,49.05,49.06,49.05,49.06,4276
FISV,2026-09-09,13:17,49.055,49.06,49.055,49.06,1667
FISV,2026-09-09,13:18,49.06,49.06,49.045,49.05,2062
FISV,2026-09-09,13:19,49.045,49.08,49.04,49.08,6379
FISV,2026-09-09,13:20,49.08,49.13,49.08,49.13,6782
FISV,2026-09-09,13:21,49.121,49.14,49.12,49.14,3154
FISV,2026-09-09,13:22,49.14,49.14,49.13,49.13,1484
FISV,2026-09-09,13:23,49.12,49.15,49.12,49.14,3498
FISV,2026-09-09,13:24,49.14,49.18,49.125,49.17,14587
FISV,2026-09-09,13:25,49.17,49.1766,49.1506,49.1506,6003
FISV,2026-09-09,13:26,49.15,49.15,49.135,49.14,3305
FISV,2026-09-09,13:27,49.145,49.145,49.071,49.08,9007
FISV,2026-09-09,13:28,49.0899,49.11,49.0899,49.11,3870
FISV,2026-09-09,13:29,49.1,49.11,49.09,49.11,3987
FISV,2026-09-09,13:30,49.11,49.11,49.1,49.105,2563
FISV,2026-09-09,13:31,49.1,49.1,49.021,49.035,10472
FISV,2026-09-09,13:32,49.04,49.08,49.04,49.08,7475
FISV,2026-09-09,13:33,49.06,49.07,49.035,49.035,5332
FISV,2026-09-09,13:34,49.04,49.04,49.03,49.04,9851
FISV,2026-09-09,13:35,49.045,49.05,48.985,48.985,9219
FISV,2026-09-09,13:36,49,49.02,49,49.02,5782
FISV,2026-09-09,13:37,49.03,49.03,49.01,49.015,6718
FISV,2026-09-09,13:38,49.0099,49.02,48.99,49.005,15056
FISV,2026-09-09,13:39,49.01,49.0248,49.01,49.02,6664
FISV,2026-09-09,13:40,49.01,49.0618,49.01,49.05,42305
FISV,2026-09-09,13:41,49.05,49.05,49.005,49.03,10418
FISV,2026-09-09,13:42,49.03,49.03,48.99,49.015,5550
FISV,2026-09-09,13:43,49.015,49.04,49.015,49.04,2100
FISV,2026-09-09,13:44,49.04,49.065,49.04,49.04,11609
FISV,2026-09-09,13:45,49.04,49.04,49.01,49.01,5853
FISV,2026-09-09,13:46,49.005,49.02,49.005,49.02,4672
FISV,2026-09-09,13:47,49.02,49.02,49,49.02,15078
FISV,2026-09-09,13:48,49.01,49.015,48.9817,49.015,18121
FISV,2026-09-09,13:49,49.0145,49.025,49.0145,49.02,5711
FISV,2026-09-09,13:50,49.02,49.07,49.02,49.07,19067
FISV,2026-09-09,13:51,49.06,49.06,49.03,49.03,4547
FISV,2026-09-09,13:52,49.02,49.02,49.02,49.02,2139
FISV,2026-09-09,13:53,49.025,49.025,49.015,49.02,3770
FISV,2026-09-09,13:54,49.02,49.02,49.02,49.02,1330
FISV,2026-09-09,13:55,49.02,49.02,49.01,49.01,4108
FISV,2026-09-09,13:56,49.01,49.0199,48.995,49.01,34404
FISV,2026-09-09,13:57,49.01,49.01,49,49,6513
FISV,2026-09-09,13:58,49.005,49.05,49.005,49.05,7804
FISV,2026-09-09,13:59,49.06,49.07,49.05,49.05,6878
FISV,2026-09-09,14:00,49.06,49.081,49.06,49.07,16994
FISV,2026-09-09,14:01,49.08,49.08,49.06,49.06,4868
FISV,2026-09-09,14:02,49.07,49.07,48.97,48.97,22299
FISV,2026-09-09,14:03,48.97,49.04,48.97,49.005,13408
FISV,2026-09-09,14:04,48.99,49.0201,48.99,49.0201,7005
FISV,2026-09-09,14:05,49.03,49.06,49.015,49.03,15153
FISV,2026-09-09,14:06,49.02,49.02,49,49,4125
FISV,2026-09-09,14:07,49,49.01,48.98,49.005,9050
FISV,2026-09-09,14:08,49,49,48.99,48.99,10605
FISV,2026-09-09,14:09,48.9978,49.01,48.9978,49.01,6058
FISV,2026-09-09,14:10,49,49.01,48.975,48.98,24476
FISV,2026-09-09,14:11,48.98,49,48.98,48.99,11868
FISV,2026-09-09,14:12,48.99,48.99,48.975,48.99,13941
FISV,2026-09-09,14:13,48.995,49.05,48.995,49.025,19732
FISV,2026-09-09,14:14,49.01,49.01,48.99,49,11814
FISV,2026-09-09,14:15,48.9851,49.005,48.975,49.005,15160
FISV,2026-09-09,14:16,49.01,49.04,49.01,49.04,9143
FISV,2026-09-09,14:17,49.05,49.05,49.0407,49.0407,2436
FISV,2026-09-09,14:18,49.0407,49.0799,49.035,49.04,10987
FISV,2026-09-09,14:19,49.035,49.04,49.015,49.035,5517
FISV,2026-09-09,14:20,49.035,49.07,49.035,49.05,7638
FISV,2026-09-09,14:21,49.045,49.05,49.04,49.05,2878
FISV,2026-09-09,14:22,49.04,49.055,49.04,49.055,2543
FISV,2026-09-09,14:23,49.055,49.06,49.02,49.02,8839
FISV,2026-09-09,14:24,49.01,49.01,48.995,49,8490
FISV,2026-09-09,14:25,49,49.0282,49,49.0282,8329
FISV,2026-09-09,14:26,49.03,49.05,49.02,49.045,2911
FISV,2026-09-09,14:27,49.05,49.08,49.05,49.08,8130
FISV,2026-09-09,14:28,49.075,49.08,49.07,49.08,4072
FISV,2026-09-09,14:29,49.075,49.09,49.075,49.08,5168
FISV,2026-09-09,14:30,49.075,49.08,49.05,49.0506,6359
FISV,2026-09-09,14:31,49.04,49.06,49.025,49.03,9712
FISV,2026-09-09,14:32,49.04,49.04,49.0201,49.03,5232
FISV,2026-09-09,14:33,49.03,49.04,49.01,49.01,7982
FISV,2026-09-09,14:34,49,49.025,49,49.025,7353
FISV,2026-09-09,14:35,49.03,49.03,49.02,49.025,6909
FISV,2026-09-09,14:36,49.02,49.07,49.005,49.07,20833
FISV,2026-09-09,14:37,49.06,49.06,49.03,49.03,5201
FISV,2026-09-09,14:38,49.02,49.02,48.97,49,17051
FISV,2026-09-09,14:39,48.99,49,48.985,49,9182
FISV,2026-09-09,14:40,48.9907,49.005,48.9907,49.005,5621
FISV,2026-09-09,14:41,49.005,49.04,49.005,49.035,15660
FISV,2026-09-09,14:42,49.035,49.05,49.035,49.04,8784
FISV,2026-09-09,14:43,49.05,49.05,49.05,49.05,305
FISV,2026-09-09,14:44,49.05,49.0599,49.035,49.035,9423
FISV,2026-09-09,14:45,49.04,49.04,48.99,49.01,22694
FISV,2026-09-09,14:46,49.01,49.03,49.01,49.01,5665
FISV,2026-09-09,14:47,49.015,49.03,49.01,49.03,6097
FISV,2026-09-09,14:48,49.035,49.035,49.03,49.03,2987
FISV,2026-09-09,14:49,49.0392,49.0392,48.995,48.995,3879
FISV,2026-09-09,14:50,49.005,49.0123,49.0044,49.005,6611
FISV,2026-09-09,14:51,49.01,49.02,49.01,49.02,2954
FISV,2026-09-09,14:52,49.02,49.12,49.01,49.12,21780
FISV,2026-09-09,14:53,49.13,49.13,49.115,49.12,4907
FISV,2026-09-09,14:54,49.11,49.11,49.1,49.1,6174
FISV,2026-09-09,14:55,49.1,49.14,49.095,49.095,7341
FISV,2026-09-09,14:56,49.1,49.115,49.1,49.115,4140
FISV,2026-09-09,14:57,49.11,49.11,49.085,49.085,6563
FISV,2026-09-09,14:58,49.08,49.08,49.07,49.07,5624
FISV,2026-09-09,14:59,49.0784,49.0784,49.055,49.065,3834
FISV,2026-09-09,15:00,49.06,49.07,49.055,49.06,7495
FISV,2026-09-09,15:01,49.055,49.0895,49.055,49.0895,6907
FISV,2026-09-09,15:02,49.09,49.12,49.09,49.1051,9994
FISV,2026-09-09,15:03,49.1094,49.13,49.105,49.13,7539
FISV,2026-09-09,15:04,49.13,49.13,49.105,49.105,4181
FISV,2026-09-09,15:05,49.1,49.12,49.095,49.095,10137
FISV,2026-09-09,15:06,49.095,49.11,49.095,49.1067,6125
FISV,2026-09-09,15:07,49.11,49.15,49.11,49.14,6108
FISV,2026-09-09,15:08,49.14,49.14,49.13,49.14,7383
FISV,2026-09-09,15:09,49.145,49.15,49.145,49.15,5385
FISV,2026-09-09,15:10,49.145,49.16,49.14,49.145,6786
FISV,2026-09-09,15:11,49.15,49.15,49.145,49.145,3231
FISV,2026-09-09,15:12,49.145,49.16,49.1444,49.16,8919
FISV,2026-09-09,15:13,49.1601,49.1601,49.135,49.135,15452
FISV,2026-09-09,15:14,49.14,49.1599,49.14,49.155,10518
FISV,2026-09-09,15:15,49.15,49.155,49.14,49.155,12352
FISV,2026-09-09,15:16,49.15,49.15,49.14,49.14,2660
FISV,2026-09-09,15:17,49.14,49.15,49.135,49.14,11131
FISV,2026-09-09,15:18,49.14,49.1567,49.13,49.1567,49316
FISV,2026-09-09,15:19,49.16,49.16,49.135,49.145,18476
FISV,2026-09-09,15:20,49.145,49.175,49.14,49.175,19217
FISV,2026-09-09,15:21,49.175,49.18,49.14,49.14,17678
FISV,2026-09-09,15:22,49.1498,49.16,49.1383,49.14,20890
FISV,2026-09-09,15:23,49.15,49.18,49.15,49.18,9749
FISV,2026-09-09,15:24,49.175,49.18,49.15,49.17,12736
FISV,2026-09-09,15:25,49.17,49.195,49.16,49.1634,50231
FISV,2026-09-09,15:26,49.15,49.16,49.15,49.16,2364
FISV,2026-09-09,15:27,49.16,49.16,49.132,49.1412,19325
FISV,2026-09-09,15:28,49.14,49.14,49.095,49.12,31930
FISV,2026-09-09,15:29,49.11,49.12,49.09,49.12,23847
FISV,2026-09-09,15:30,49.11,49.14,49.11,49.13,16788
FISV,2026-09-09,15:31,49.1,49.13,49.1,49.11,16079
FISV,2026-09-09,15:32,49.11,49.15,49.1,49.15,20365
FISV,2026-09-09,15:33,49.145,49.145,49.11,49.11,9865
FISV,2026-09-09,15:34,49.105,49.12,49.1,49.12,21145
FISV,2026-09-09,15:35,49.12,49.14,49.115,49.12,16362
FISV,2026-09-09,15:36,49.13,49.14,49.12,49.12,8775
FISV,2026-09-09,15:37,49.1199,49.1199,49.062,49.062,64351
FISV,2026-09-09,15:38,49.07,49.09,49.005,49.005,20652
FISV,2026-09-09,15:39,49.01,49.02,49.005,49.01,17507
FISV,2026-09-09,15:40,49.005,49.03,49.005,49.02,16734
FISV,2026-09-09,15:41,49.02,49.0999,49.02,49.09,36448
FISV,2026-09-09,15:42,49.095,49.1201,49.0901,49.11,21643
FISV,2026-09-09,15:43,49.1,49.1,49.05,49.065,27686
FISV,2026-09-09,15:44,49.06,49.06,49.02,49.04,72117
FISV,2026-09-09,15:45,49.045,49.05,49.005,49.04,178862
FISV,2026-09-09,15:46,49.03,49.035,48.96,48.96,65790
FISV,2026-09-09,15:47,48.95,48.955,48.905,48.955,58223
FISV,2026-09-09,15:48,48.96,48.97,48.91,48.92,23905
FISV,2026-09-09,15:49,48.925,48.93,48.88,48.89,46636
FISV,2026-09-09,15:50,48.88,48.885,48.85,48.85,24779
FISV,2026-09-09,15:51,48.85,48.855,48.79,48.795,70332
FISV,2026-09-09,15:52,48.795,48.82,48.79,48.805,19893
FISV,2026-09-09,15:53,48.8,48.8,48.74,48.785,52021
FISV,2026-09-09,15:54,48.785,48.81,48.725,48.73,53508
FISV,2026-09-09,15:55,48.72,48.8,48.69,48.8,49625
FISV,2026-09-09,15:56,48.795,48.8,48.69,48.69,71038
FISV,2026-09-09,15:57,48.69,48.69,48.645,48.645,64291
FISV,2026-09-09,15:58,48.64,48.6794,48.63,48.675,111876
FISV,2026-09-09,15:59,48.675,48.675,48.615,48.64,197000
FISV,2026-09-10,09:30,48.68,48.95,48.68,48.905,65883
FISV,2026-09-10,09:31,48.88,48.96,48.53,48.53,30807
FISV,2026-09-10,09:32,48.63,48.76,48.61,48.7075,9296
FISV,2026-09-10,09:33,48.71,48.87,48.65,48.7871,33564
FISV,2026-09-10,09:34,48.8,48.835,48.725,48.725,8139
FISV,2026-09-10,09:35,48.74,48.84,48.69,48.79,6561
FISV,2026-09-10,09:36,48.88,48.95,48.725,48.77,19758
FISV,2026-09-10,09:37,48.79,48.81,48.62,48.66,14831
FISV,2026-09-10,09:38,48.655,48.655,48.57,48.57,4434
FISV,2026-09-10,09:39,48.635,48.635,48.46,48.4899,15900
FISV,2026-09-10,09:40,48.485,48.55,48.48,48.515,22035
FISV,2026-09-10,09:41,48.56,48.56,48.545,48.545,1666
FISV,2026-09-10,09:42,48.56,48.58,48.37,48.48,27710
FISV,2026-09-10,09:43,48.47,48.55,48.465,48.5,10584
FISV,2026-09-10,09:44,48.5199,48.54,48.4863,48.525,2547
FISV,2026-09-10,09:45,48.545,48.63,48.54,48.63,20019
FISV,2026-09-10,09:46,48.535,48.665,48.535,48.665,18231
FISV,2026-09-10,09:47,48.775,48.86,48.775,48.8,5524
FISV,2026-09-10,09:48,48.82,48.8215,48.73,48.82,8725
FISV,2026-09-10,09:49,48.82,48.9399,48.81,48.9399,7479
FISV,2026-09-10,09:50,48.92,48.93,48.88,48.925,7575
FISV,2026-09-10,09:51,48.9001,48.95,48.87,48.95,8690
FISV,2026-09-10,09:52,48.98,48.99,48.92,48.99,15399
FISV,2026-09-10,09:53,49.02,49.04,48.9887,48.995,8767
FISV,2026-09-10,09:54,48.955,48.96,48.875,48.875,7925
FISV,2026-09-10,09:55,48.87,48.95,48.87,48.9,11524
FISV,2026-09-10,09:56,48.915,49.03,48.89,48.95,31197
FISV,2026-09-10,09:57,48.97,49.03,48.96,49.03,7577
FISV,2026-09-10,09:58,49.01,49.07,49.01,49.05,4617
FISV,2026-09-10,09:59,49.045,49.085,49.0342,49.06,15515
FISV,2026-09-10,10:00,49.09,49.195,49.09,49.125,25963
FISV,2026-09-10,10:01,49.11,49.145,49.07,49.13,34105
FISV,2026-09-10,10:02,49.13,49.18,49.08,49.09,9181
FISV,2026-09-10,10:03,49.1,49.14,49.09,49.14,8381
FISV,2026-09-10,10:04,49.12,49.15,49.105,49.14,11304
FISV,2026-09-10,10:05,49.17,49.18,49.095,49.095,9799
FISV,2026-09-10,10:06,49.07,49.1,49.06,49.08,16975
FISV,2026-09-10,10:07,49.0405,49.2,49.0405,49.16,16145
FISV,2026-09-10,10:08,49.14,49.24,49.14,49.24,31921
FISV,2026-09-10,10:09,49.24,49.245,49.1,49.11,11400
FISV,2026-09-10,10:10,49.11,49.13,49.03,49.035,18198
FISV,2026-09-10,10:11,49.025,49.071,49.025,49.071,5608
FISV,2026-09-10,10:12,49.07,49.14,49.04,49.14,11180
FISV,2026-09-10,10:13,49.14,49.21,49.14,49.2,14816
FISV,2026-09-10,10:14,49.205,49.205,49.15,49.175,11005
FISV,2026-09-10,10:15,49.2,49.2,49.125,49.125,11114
FISV,2026-09-10,10:16,49.13,49.29,49.13,49.275,16526
FISV,2026-09-10,10:17,49.27,49.3,49.16,49.16,19358
FISV,2026-09-10,10:18,49.16,49.19,49.16,49.16,6027
FISV,2026-09-10,10:19,49.15,49.18,49.14,49.14,5611
FISV,2026-09-10,10:20,49.145,49.16,49.11,49.14,4978
FISV,2026-09-10,10:21,49.14,49.195,49.09,49.17,6515
FISV,2026-09-10,10:22,49.19,49.26,49.19,49.24,24151
FISV,2026-09-10,10:23,49.255,49.255,49.215,49.215,12531
FISV,2026-09-10,10:24,49.205,49.36,49.19,49.28,36386
FISV,2026-09-10,10:25,49.28,49.29,49.25,49.2876,6413
FISV,2026-09-10,10:26,49.26,49.29,49.26,49.28,3184
FISV,2026-09-10,10:27,49.34,49.34,49.29,49.29,5561
FISV,2026-09-10,10:28,49.29,49.29,49.185,49.19,4774
FISV,2026-09-10,10:29,49.185,49.2,49.13,49.1873,9558
FISV,2026-09-10,10:30,49.18,49.18,49.14,49.15,5476
FISV,2026-09-10,10:31,49.1,49.17,49.1,49.14,1863
FISV,2026-09-10,10:32,49.1315,49.19,49.13,49.165,2640
FISV,2026-09-10,10:33,49.21,49.22,49.198,49.198,3468
FISV,2026-09-10,10:34,49.18,49.185,49.13,49.135,3876
FISV,2026-09-10,10:35,49.13,49.14,49.12,49.125,4586
FISV,2026-09-10,10:36,49.11,49.19,49.11,49.14,7346
FISV,2026-09-10,10:37,49.1,49.1,49.02,49.02,3109
FISV,2026-09-10,10:38,49.02,49.06,49,49.06,7687
FISV,2026-09-10,10:39,49.06,49.1,49.05,49.1,6008
FISV,2026-09-10,10:40,49.13,49.15,49.13,49.15,7029
FISV,2026-09-10,10:41,49.19,49.29,49.19,49.275,8128
FISV,2026-09-10,10:42,49.26,49.35,49.25,49.34,7408
FISV,2026-09-10,10:43,49.3301,49.3394,49.2401,49.26,16573
FISV,2026-09-10,10:44,49.26,49.31,49.26,49.3,5562
FISV,2026-09-10,10:45,49.32,49.32,49.27,49.29,15057
FISV,2026-09-10,10:46,49.3,49.32,49.22,49.25,6694
FISV,2026-09-10,10:47,49.26,49.3,49.2,49.215,5378
FISV,2026-09-10,10:48,49.23,49.28,49.23,49.265,5200
FISV,2026-09-10,10:49,49.28,49.35,49.28,49.32,10897
FISV,2026-09-10,10:50,49.32,49.34,49.3,49.33,4605
FISV,2026-09-10,10:51,49.315,49.315,49.26,49.3,11201
FISV,2026-09-10,10:52,49.3,49.33,49.3,49.33,9716
FISV,2026-09-10,10:53,49.34,49.34,49.29,49.3,5299
FISV,2026-09-10,10:54,49.275,49.28,49.22,49.22,5959
FISV,2026-09-10,10:55,49.21,49.25,49.2,49.24,10584
FISV,2026-09-10,10:56,49.29,49.29,49.26,49.26,2102
FISV,2026-09-10,10:57,49.26,49.26,49.23,49.23,7074
FISV,2026-09-10,10:58,49.21,49.25,49.2,49.25,3924
FISV,2026-09-10,10:59,49.25,49.3,49.23,49.23,13577
FISV,2026-09-10,11:00,49.21,49.22,49.16,49.1699,6500
FISV,2026-09-10,11:01,49.13,49.145,49.07,49.07,5945
FISV,2026-09-10,11:02,49.065,49.09,49.03,49.03,5767
FISV,2026-09-10,11:03,49.05,49.08,49.04,49.045,3330
FISV,2026-09-10,11:04,49.07,49.1097,49.07,49.1097,3080
FISV,2026-09-10,11:05,49.13,49.18,49.13,49.15,4772
FISV,2026-09-10,11:06,49.15,49.1509,49.13,49.15,5428
FISV,2026-09-10,11:07,49.15,49.16,49.13,49.145,6492
FISV,2026-09-10,11:08,49.14,49.1992,49.14,49.1915,5193
FISV,2026-09-10,11:09,49.185,49.2,49.18,49.18,3717
FISV,2026-09-10,11:10,49.16,49.165,49.14,49.165,9262
FISV,2026-09-10,11:11,49.16,49.16,49.14,49.15,3209
FISV,2026-09-10,11:12,49.155,49.155,49.14,49.14,4999
FISV,2026-09-10,11:13,49.155,49.18,49.13,49.15,6045
FISV,2026-09-10,11:14,49.19,49.23,49.19,49.23,3649
FISV,2026-09-10,11:15,49.235,49.235,49.21,49.235,3665
FISV,2026-09-10,11:16,49.2599,49.26,49.23,49.25,3333
FISV,2026-09-10,11:17,49.2655,49.32,49.2655,49.27,2900
FISV,2026-09-10,11:18,49.27,49.29,49.26,49.29,1809
FISV,2026-09-10,11:19,49.32,49.34,49.315,49.34,2343
FISV,2026-09-10,11:20,49.355,49.355,49.3,49.32,6208
FISV,2026-09-10,11:21,49.3,49.335,49.3,49.32,8543
FISV,2026-09-10,11:22,49.33,49.35,49.32,49.34,8650
FISV,2026-09-10,11:23,49.35,49.38,49.34,49.34,21024
FISV,2026-09-10,11:24,49.35,49.38,49.35,49.37,3460
FISV,2026-09-10,11:25,49.37,49.4,49.37,49.38,3930
FISV,2026-09-10,11:26,49.3701,49.3701,49.35,49.35,2603
FISV,2026-09-10,11:27,49.34,49.36,49.34,49.36,5832
FISV,2026-09-10,11:28,49.3601,49.398,49.3601,49.38,10028
FISV,2026-09-10,11:29,49.37,49.37,49.33,49.33,20200
FISV,2026-09-10,11:30,49.3361,49.38,49.3361,49.38,3916
FISV,2026-09-10,11:31,49.39,49.4,49.37,49.37,6347
FISV,2026-09-10,11:32,49.375,49.375,49.35,49.36,3772
FISV,2026-09-10,11:33,49.37,49.39,49.37,49.39,2417
FISV,2026-09-10,11:34,49.38,49.52,49.38,49.5,40357
FISV,2026-09-10,11:35,49.5,49.6108,49.49,49.59,35074
FISV,2026-09-10,11:36,49.59,49.62,49.58,49.62,10575
FISV,2026-09-10,11:37,49.625,49.63,49.6,49.615,8609
FISV,2026-09-10,11:38,49.615,49.63,49.59,49.59,11245
FISV,2026-09-10,11:39,49.57,49.5764,49.56,49.56,22881
FISV,2026-09-10,11:40,49.56,49.58,49.525,49.54,8395
FISV,2026-09-10,11:41,49.54,49.5499,49.52,49.52,5516
FISV,2026-09-10,11:42,49.515,49.515,49.48,49.5,5765
FISV,2026-09-10,11:43,49.485,49.51,49.38,49.43,14001
FISV,2026-09-10,11:44,49.445,49.445,49.37,49.4,4888
FISV,2026-09-10,11:45,49.4,49.4,49.38,49.39,2712
FISV,2026-09-10,11:46,49.4,49.41,49.38,49.38,2568
FISV,2026-09-10,11:47,49.39,49.44,49.39,49.435,4540
FISV,2026-09-10,11:48,49.43,49.465,49.42,49.465,3018
FISV,2026-09-10,11:49,49.45,49.45,49.4122,49.43,2423
FISV,2026-09-10,11:50,49.43,49.44,49.42,49.425,5874
FISV,2026-09-10,11:51,49.42,49.47,49.42,49.4699,3393
FISV,2026-09-10,11:52,49.44,49.45,49.44,49.45,1734
FISV,2026-09-10,11:53,49.42,49.42,49.4,49.4,14544
FISV,2026-09-10,11:54,49.416,49.42,49.41,49.42,2268
FISV,2026-09-10,11:55,49.42,49.46,49.42,49.46,3205
FISV,2026-09-10,11:56,49.465,49.48,49.465,49.48,1387
FISV,2026-09-10,11:57,49.48,49.515,49.48,49.5,5912
FISV,2026-09-10,11:58,49.4829,49.51,49.4829,49.495,3920
FISV,2026-09-10,11:59,49.505,49.505,49.5,49.505,2605
FISV,2026-09-10,12:00,49.52,49.54,49.5,49.5,5293
FISV,2026-09-10,12:01,49.5,49.594,49.49,49.594,14235
FISV,2026-09-10,12:02,49.57,49.595,49.5538,49.58,6148
FISV,2026-09-10,12:03,49.571,49.58,49.53,49.53,3907
FISV,2026-09-10,12:04,49.53,49.54,49.53,49.54,2152
FISV,2026-09-10,12:05,49.525,49.525,49.515,49.515,897
FISV,2026-09-10,12:06,49.5,49.55,49.5,49.55,2566
FISV,2026-09-10,12:07,49.56,49.57,49.54,49.55,3860
FISV,2026-09-10,12:08,49.57,49.59,49.57,49.57,3662
FISV,2026-09-10,12:09,49.57,49.57,49.57,49.57,1318
FISV,2026-09-10,12:10,49.57,49.57,49.55,49.57,1834
FISV,2026-09-10,12:11,49.56,49.57,49.5501,49.57,2489
FISV,2026-09-10,12:12,49.575,49.6,49.575,49.6,1978
FISV,2026-09-10,12:13,49.59,49.625,49.59,49.625,4374
FISV,2026-09-10,12:14,49.64,49.64,49.62,49.63,2537
FISV,2026-09-10,12:15,49.64,49.675,49.64,49.675,5623
FISV,2026-09-10,12:16,49.655,49.66,49.63,49.65,2694
FISV,2026-09-10,12:17,49.67,49.71,49.67,49.71,5019
FISV,2026-09-10,12:18,49.715,49.715,49.7,49.71,2704
FISV,2026-09-10,12:19,49.69,49.71,49.69,49.705,2283
FISV,2026-09-10,12:20,49.71,49.75,49.705,49.75,13409
FISV,2026-09-10,12:21,49.76,49.78,49.75,49.77,10431
FISV,2026-09-10,12:22,49.78,49.78,49.765,49.775,4461
FISV,2026-09-10,12:23,49.78,49.78,49.75,49.75,3605
FISV,2026-09-10,12:24,49.74,49.74,49.7,49.71,4358
FISV,2026-09-10,12:25,49.72,49.72,49.6958,49.71,2487
FISV,2026-09-10,12:26,49.705,49.72,49.705,49.71,751
FISV,2026-09-10,12:27,49.71,49.71,49.67,49.67,1946
FISV,2026-09-10,12:28,49.68,49.7,49.68,49.7,7505
FISV,2026-09-10,12:29,49.69,49.7,49.69,49.7,3154
FISV,2026-09-10,12:30,49.67,49.675,49.66,49.675,3486
FISV,2026-09-10,12:31,49.6601,49.67,49.66,49.66,3442
FISV,2026-09-10,12:32,49.67,49.71,49.67,49.71,29645
FISV,2026-09-10,12:33,49.715,49.715,49.6501,49.665,3139
FISV,2026-09-10,12:34,49.68,49.68,49.64,49.65,4751
FISV,2026-09-10,12:35,49.625,49.625,49.6,49.605,2971
FISV,2026-09-10,12:36,49.595,49.6058,49.59,49.6058,6040
FISV,2026-09-10,12:37,49.59,49.64,49.59,49.63,6526
FISV,2026-09-10,12:38,49.63,49.63,49.61,49.61,1791
FISV,2026-09-10,12:39,49.615,49.6299,49.61,49.6299,2251
FISV,2026-09-10,12:40,49.61,49.61,49.56,49.57,4144
FISV,2026-09-10,12:41,49.57,49.59,49.57,49.59,1688
FISV,2026-09-10,12:42,49.59,49.595,49.57,49.57,3152
FISV,2026-09-10,12:43,49.5702,49.59,49.5702,49.58,1365
FISV,2026-09-10,12:44,49.58,49.59,49.57,49.58,5050
FISV,2026-09-10,12:45,49.57,49.59,49.56,49.56,3524
FISV,2026-09-10,12:46,49.57,49.5999,49.57,49.585,5074
FISV,2026-09-10,12:47,49.6,49.64,49.6,49.63,4396
FISV,2026-09-10,12:48,49.64,49.64,49.635,49.64,1665
FISV,2026-09-10,12:49,49.62,49.63,49.62,49.63,1377
FISV,2026-09-10,12:50,49.6,49.6,49.56,49.56,7654
FISV,2026-09-10,12:51,49.58,49.59,49.57,49.59,1689
FISV,2026-09-10,12:52,49.595,49.61,49.5895,49.6,3391
FISV,2026-09-10,12:53,49.61,49.61,49.59,49.605,8438
FISV,2026-09-10,12:54,49.605,49.61,49.6001,49.61,1390
FISV,2026-09-10,12:55,49.62,49.64,49.61,49.615,4075
FISV,2026-09-10,12:56,49.62,49.62,49.62,49.62,1201
FISV,2026-09-10,12:57,49.625,49.625,49.605,49.6109,5561
FISV,2026-09-10,12:58,49.62,49.66,49.62,49.66,3570
FISV,2026-09-10,12:59,49.67,49.685,49.67,49.68,2231
FISV,2026-09-10,13:00,49.67,49.685,49.665,49.685,2803
FISV,2026-09-10,13:01,49.68,49.68,49.67,49.68,1374
FISV,2026-09-10,13:02,49.68,49.73,49.649,49.649,5202
FISV,2026-09-10,13:03,49.65,49.66,49.6472,49.6472,1047
FISV,2026-09-10,13:04,49.655,49.69,49.655,49.69,3009
FISV,2026-09-10,13:05,49.71,49.74,49.7075,49.72,4041
FISV,2026-09-10,13:06,49.7,49.7,49.66,49.67,12953
FISV,2026-09-10,13:07,49.65,49.65,49.64,49.64,758
FISV,2026-09-10,13:08,49.625,49.63,49.625,49.63,1535
FISV,2026-09-10,13:09,49.5801,49.5801,49.5344,49.57,2656
FISV,2026-09-10,13:10,49.59,49.59,49.58,49.58,3581
FISV,2026-09-10,13:11,49.57,49.57,49.55,49.55,2225
FISV,2026-09-10,13:12,49.53,49.53,49.51,49.51,1390
FISV,2026-09-10,13:13,49.5,49.5,49.49,49.49,3384
FISV,2026-09-10,13:14,49.49,49.535,49.48,49.535,3791
FISV,2026-09-10,13:15,49.53,49.53,49.53,49.53,557
FISV,2026-09-10,13:16,49.5445,49.55,49.54,49.55,1735
FISV,2026-09-10,13:17,49.56,49.6,49.56,49.59,4729
FISV,2026-09-10,13:18,49.57,49.59,49.56,49.59,4076
FISV,2026-09-10,13:19,49.61,49.61,49.58,49.59,2376
FISV,2026-09-10,13:20,49.6,49.6,49.5704,49.6,4968
FISV,2026-09-10,13:21,49.58,49.59,49.575,49.59,1898
FISV,2026-09-10,13:22,49.62,49.62,49.585,49.585,5775
FISV,2026-09-10,13:23,49.585,49.59,49.58,49.58,1523
FISV,2026-09-10,13:24,49.59,49.605,49.59,49.6,13794
FISV,2026-09-10,13:25,49.595,49.6084,49.59,49.5972,9185
FISV,2026-09-10,13:26,49.59,49.59,49.52,49.54,11132
FISV,2026-09-10,13:27,49.53,49.54,49.53,49.535,1368
FISV,2026-09-10,13:28,49.54,49.61,49.51,49.54,26165
FISV,2026-09-10,13:29,49.52,49.54,49.52,49.52,1140
FISV,2026-09-10,13:30,49.545,49.56,49.53,49.5313,7226
FISV,2026-09-10,13:31,49.54,49.54,49.52,49.52,4387
FISV,2026-09-10,13:32,49.5221,49.5221,49.515,49.52,1577
FISV,2026-09-10,13:33,49.52,49.54,49.51,49.53,7380
FISV,2026-09-10,13:34,49.54,49.56,49.54,49.555,6198
FISV,2026-09-10,13:35,49.54,49.57,49.54,49.57,1180
FISV,2026-09-10,13:36,49.57,49.57,49.555,49.56,2037
FISV,2026-09-10,13:37,49.55,49.562,49.54,49.55,6497
FISV,2026-09-10,13:38,49.545,49.56,49.54,49.54,3189
FISV,2026-09-10,13:39,49.53,49.53,49.53,49.53,959
FISV,2026-09-10,13:40,49.535,49.5401,49.52,49.5208,5375
FISV,2026-09-10,13:41,49.525,49.525,49.51,49.51,5817
FISV,2026-09-10,13:42,49.5,49.5,49.5,49.5,2636
FISV,2026-09-10,13:43,49.45,49.48,49.45,49.48,1630
FISV,2026-09-10,13:44,49.48,49.52,49.43,49.465,20252
FISV,2026-09-10,13:45,49.47,49.475,49.47,49.475,1148
FISV,2026-09-10,13:46,49.475,49.475,49.39,49.44,14918
FISV,2026-09-10,13:47,49.445,49.46,49.445,49.46,1237
FISV,2026-09-10,13:48,49.4607,49.4607,49.44,49.44,1447
FISV,2026-09-10,13:49,49.44,49.4686,49.44,49.45,7459
FISV,2026-09-10,13:50,49.46,49.5,49.46,49.485,2150
FISV,2026-09-10,13:51,49.5,49.53,49.5,49.5,3707
FISV,2026-09-10,13:52,49.49,49.5,49.49,49.495,7305
FISV,2026-09-10,13:53,49.505,49.51,49.48,49.49,2887
FISV,2026-09-10,13:54,49.495,49.5,49.495,49.5,912
FISV,2026-09-10,13:55,49.5,49.505,49.49,49.505,5160
FISV,2026-09-10,13:56,49.505,49.51,49.5,49.505,2053
FISV,2026-09-10,13:57,49.505,49.51,49.47,49.47,121740
FISV,2026-09-10,13:58,49.465,49.47,49.46,49.46,989
FISV,2026-09-10,13:59,49.47,49.5,49.47,49.49,2651
FISV,2026-09-10,14:00,49.49,49.49,49.49,49.49,1162
FISV,2026-09-10,14:01,49.5,49.5,49.485,49.5,8113
FISV,2026-09-10,14:02,49.44,49.44,49.4,49.43,2232
FISV,2026-09-10,14:03,49.45,49.45,49.45,49.45,623
FISV,2026-09-10,14:04,49.44,49.44,49.43,49.43,2211
FISV,2026-09-10,14:05,49.41,49.43,49.41,49.42,2349
FISV,2026-09-10,14:06,49.41,49.42,49.39,49.39,3295
FISV,2026-09-10,14:07,49.39,49.39,49.3626,49.375,2244
FISV,2026-09-10,14:08,49.375,49.375,49.36,49.36,1650
FISV,2026-09-10,14:09,49.34,49.34,49.34,49.34,2092
FISV,2026-09-10,14:10,49.325,49.325,49.325,49.325,407
FISV,2026-09-10,14:11,49.33,49.34,49.31,49.31,3432
FISV,2026-09-10,14:12,49.29,49.29,49.25,49.26,2720
FISV,2026-09-10,14:13,49.26,49.27,49.26,49.27,1836
FISV,2026-09-10,14:14,49.2601,49.2799,49.2601,49.27,2032
FISV,2026-09-10,14:15,49.24,49.3025,49.24,49.3025,3749
FISV,2026-09-10,14:16,49.33,49.33,49.31,49.33,3610
FISV,2026-09-10,14:17,49.32,49.32,49.32,49.32,882
FISV,2026-09-10,14:18,49.32,49.35,49.3172,49.34,4753
FISV,2026-09-10,14:19,49.35,49.3605,49.35,49.36,3013
FISV,2026-09-10,14:20,49.3594,49.41,49.3594,49.41,7232
FISV,2026-09-10,14:21,49.42,49.4651,49.42,49.4651,8511
FISV,2026-09-10,14:22,49.46,49.52,49.46,49.505,13819
FISV,2026-09-10,14:23,49.505,49.52,49.47,49.475,8025
FISV,2026-09-10,14:24,49.46,49.48,49.46,49.47,3190
FISV,2026-09-10,14:25,49.45,49.45,49.34,49.34,6593
FISV,2026-09-10,14:26,49.335,49.38,49.335,49.37,4199
FISV,2026-09-10,14:27,49.38,49.41,49.38,49.41,1947
FISV,2026-09-10,14:28,49.41,49.43,49.36,49.36,7304
FISV,2026-09-10,14:29,49.34,49.37,49.34,49.345,4464
FISV,2026-09-10,14:30,49.335,49.335,49.31,49.32,7015
FISV,2026-09-10,14:31,49.31,49.32,49.31,49.32,2125
FISV,2026-09-10,14:32,49.32,49.32,49.315,49.32,3122
FISV,2026-09-10,14:33,49.3293,49.3293,49.31,49.315,1538
FISV,2026-09-10,14:34,49.315,49.38,49.315,49.37,5896
FISV,2026-09-10,14:35,49.365,49.365,49.3001,49.32,11274
FISV,2026-09-10,14:36,49.32,49.34,49.32,49.32,5564
FISV,2026-09-10,14:37,49.31,49.31,49.3,49.3065,3008
FISV,2026-09-10,14:38,49.28,49.28,49.24,49.24,5091
FISV,2026-09-10,14:39,49.2451,49.2775,49.225,49.27,18680
FISV,2026-09-10,14:40,49.275,49.29,49.275,49.29,4094
FISV,2026-09-10,14:41,49.29,49.3499,49.29,49.3374,10375
FISV,2026-09-10,14:42,49.325,49.325,49.31,49.31,2288
FISV,2026-09-10,14:43,49.3,49.3,49.2801,49.285,3484
FISV,2026-09-10,14:44,49.3,49.3,49.265,49.27,5594
FISV,2026-09-10,14:45,49.27,49.275,49.23,49.23,11211
FISV,2026-09-10,14:46,49.23,49.26,49.2,49.22,34224
FISV,2026-09-10,14:47,49.22,49.2201,49.175,49.2,7322
FISV,2026-09-10,14:48,49.21,49.21,49.195,49.21,6011
FISV,2026-09-10,14:49,49.22,49.23,49.19,49.22,11666
FISV,2026-09-10,14:50,49.215,49.24,49.215,49.23,4199
FISV,2026-09-10,14:51,49.23,49.25,49.225,49.25,6641
FISV,2026-09-10,14:52,49.25,49.25,49.23,49.245,5651
FISV,2026-09-10,14:53,49.24,49.25,49.22,49.22,5016
FISV,2026-09-10,14:54,49.17,49.17,49.09,49.09,24766
FISV,2026-09-10,14:55,49.08,49.12,49.08,49.1,18010
FISV,2026-09-10,14:56,49.1011,49.11,49.06,49.06,6774
FISV,2026-09-10,14:57,49.05,49.05,49.02,49.02,12262
FISV,2026-09-10,14:58,49.015,49.05,49,49.025,14344
FISV,2026-09-10,14:59,49.025,49.08,49.01,49.02,53014
FISV,2026-09-10,15:00,49.01,49.1,49.01,49.095,40612
FISV,2026-09-10,15:01,49.105,49.13,49.06,49.12,47749
FISV,2026-09-10,15:02,49.11,49.11,49.08,49.08,6554
FISV,2026-09-10,15:03,49.08,49.08,49.06,49.07,7240
FISV,2026-09-10,15:04,49.07,49.075,49.02,49.02,4786
FISV,2026-09-10,15:05,49.035,49.05,49.035,49.04,6400
FISV,2026-09-10,15:06,49.035,49.05,49.025,49.045,14891
FISV,2026-09-10,15:07,49.06,49.07,49.055,49.06,8040
FISV,2026-09-10,15:08,49.08,49.08,49.06,49.07,5969
FISV,2026-09-10,15:09,49.08,49.1,49.07,49.09,9581
FISV,2026-09-10,15:10,49.08,49.082,49.045,49.06,9405
FISV,2026-09-10,15:11,49.0691,49.085,49.0691,49.085,32026
FISV,2026-09-10,15:12,49.09,49.12,49.08,49.11,46022
FISV,2026-09-10,15:13,49.11,49.1189,49.09,49.1,5020
FISV,2026-09-10,15:14,49.09,49.09,49.05,49.06,7708
FISV,2026-09-10,15:15,49.075,49.075,49.04,49.04,5494
FISV,2026-09-10,15:16,49.04,49.055,49.04,49.05,14789
FISV,2026-09-10,15:17,49.04,49.06,49.03,49.05,6085
FISV,2026-09-10,15:18,49.06,49.09,49.05,49.09,14253
FISV,2026-09-10,15:19,49.09,49.135,49.085,49.11,20507
FISV,2026-09-10,15:20,49.115,49.115,49.09,49.095,11850
FISV,2026-09-10,15:21,49.09,49.12,49.09,49.12,6700
FISV,2026-09-10,15:22,49.1153,49.12,49.095,49.095,29456
FISV,2026-09-10,15:23,49.09,49.09,49.055,49.055,9153
FISV,2026-09-10,15:24,49.06,49.08,49.06,49.08,10352
FISV,2026-09-10,15:25,49.08,49.08,49.06,49.06,10648
FISV,2026-09-10,15:26,49.06,49.06,49.0305,49.04,5120
FISV,2026-09-10,15:27,49.045,49.045,49.025,49.025,7486
FISV,2026-09-10,15:28,49.03,49.04,49.005,49.035,33568
FISV,2026-09-10,15:29,49.03,49.059,49.02,49.059,15330
FISV,2026-09-10,15:30,49.055,49.115,49.055,49.06,11912
FISV,2026-09-10,15:31,49.06,49.11,49.06,49.11,9270
FISV,2026-09-10,15:32,49.11,49.12,49.085,49.12,13606
FISV,2026-09-10,15:33,49.11,49.11,49.05,49.05,9267
FISV,2026-09-10,15:34,49.045,49.06,49.045,49.05,5863
FISV,2026-09-10,15:35,49.05,49.09,49.045,49.07,12871
FISV,2026-09-10,15:36,49.07,49.105,49.07,49.105,11774
FISV,2026-09-10,15:37,49.11,49.12,49.095,49.095,12049
FISV,2026-09-10,15:38,49.1,49.13,49.07,49.13,30289
FISV,2026-09-10,15:39,49.13,49.175,49.12,49.16,11316
FISV,2026-09-10,15:40,49.16,49.16,49.15,49.16,4101
FISV,2026-09-10,15:41,49.16,49.18,49.12,49.12,12422
FISV,2026-09-10,15:42,49.115,49.125,49.1,49.115,9082
FISV,2026-09-10,15:43,49.12,49.12,49.0801,49.09,8499
FISV,2026-09-10,15:44,49.085,49.115,49.085,49.095,10555
FISV,2026-09-10,15:45,49.08,49.08,49.055,49.055,8077
FISV,2026-09-10,15:46,49.055,49.055,49.01,49.01,6296
FISV,2026-09-10,15:47,49.015,49.0392,49,49,16119
FISV,2026-09-10,15:48,49,49,48.97,48.97,6809
FISV,2026-09-10,15:49,48.98,48.98,48.955,48.96,10809
FISV,2026-09-10,15:50,48.96,49.04,48.88,48.965,86260
FISV,2026-09-10,15:51,48.96,48.98,48.95,48.98,22657
FISV,2026-09-10,15:52,48.98,48.995,48.97,48.99,22720
FISV,2026-09-10,15:53,49,49.025,48.975,48.975,35432
FISV,2026-09-10,15:54,48.985,49.1,48.985,49.01,87527
FISV,2026-09-10,15:55,49.03,49.03,48.95,49,33189
FISV,2026-09-10,15:56,48.99,48.99,48.94,48.95,32532
FISV,2026-09-10,15:57,48.955,48.97,48.91,48.925,51450
FISV,2026-09-10,15:58,48.925,48.935,48.91,48.91,55790
FISV,2026-09-10,15:59,48.92,48.95,48.885,48.92,123084
FISV,2026-09-10,16:00,48.93,48.93,48.93,48.93,0
FISV,2026-09-11,09:30,49.41,49.6,49.41,49.595,37322
FISV,2026-09-11,09:31,49.595,49.715,49.5,49.5,10771
FISV,2026-09-11,09:32,49.5,49.64,49.4975,49.515,5742
FISV,2026-09-11,09:33,49.48,49.48,49.42,49.4652,2165
FISV,2026-09-11,09:34,49.4775,49.63,49.45,49.58,20924
FISV,2026-09-11,09:35,49.54,49.56,49.35,49.56,67091
FISV,2026-09-11,09:36,49.57,49.68,49.545,49.545,59901
FISV,2026-09-11,09:37,49.539,49.555,49.34,49.425,13135
FISV,2026-09-11,09:38,49.51,49.56,49.34,49.455,33540
FISV,2026-09-11,09:39,49.385,49.41,49.25,49.345,51336
FISV,2026-09-11,09:40,49.345,49.53,49.345,49.44,205482
FISV,2026-09-11,09:41,49.46,49.61,49.46,49.5749,16976
FISV,2026-09-11,09:42,49.48,49.66,49.415,49.66,15796
FISV,2026-09-11,09:43,49.68,49.78,49.65,49.73,28451
FISV,2026-09-11,09:44,49.71,49.98,49.62,49.8209,43907
FISV,2026-09-11,09:45,49.89,49.99,49.705,49.705,68148
FISV,2026-09-11,09:46,49.705,50,49.705,50,25180
FISV,2026-09-11,09:47,50.0114,50.095,50,50.05,20754
FISV,2026-09-11,09:48,50.07,50.13,50.0111,50.1,13792
FISV,2026-09-11,09:49,50.0901,50.11,50.045,50.11,4199
FISV,2026-09-11,09:50,50.1036,50.24,50.1,50.13,20565
FISV,2026-09-11,09:51,50.105,50.11,50.07,50.1,2180
FISV,2026-09-11,09:52,50.118,50.125,50.02,50.12,13800
FISV,2026-09-11,09:53,50.12,50.25,50.09,50.16,13032
FISV,2026-09-11,09:54,50.165,50.165,50.075,50.12,2817
FISV,2026-09-11,09:55,50.18,50.2,50.075,50.095,40568
FISV,2026-09-11,09:56,50.1,50.19,50.07,50.19,16147
FISV,2026-09-11,09:57,50.1481,50.195,50.1481,50.19,4105
FISV,2026-09-11,09:58,50.185,50.19,50.16,50.16,3368
FISV,2026-09-11,09:59,50.16,50.18,50.09,50.11,10375
FISV,2026-09-11,10:00,50.105,50.125,50,50,10124
FISV,2026-09-11,10:01,49.92,49.92,49.88,49.915,2827
FISV,2026-09-11,10:02,49.89,49.95,49.8639,49.93,12295
FISV,2026-09-11,10:03,49.93,50.16,49.915,50.13,15078
FISV,2026-09-11,10:04,50.14,50.22,50.14,50.21,8628
FISV,2026-09-11,10:05,50.24,50.25,50.16,50.16,8500
FISV,2026-09-11,10:06,50.15,50.19,50.125,50.19,5003
FISV,2026-09-11,10:07,50.25,50.3701,50.25,50.29,23058
FISV,2026-09-11,10:08,50.28,50.49,50.28,50.42,15396
FISV,2026-09-11,10:09,50.46,50.54,50.41,50.47,24893
FISV,2026-09-11,10:10,50.49,50.54,50.3466,50.435,11618
FISV,2026-09-11,10:11,50.34,50.37,50.204,50.24,20462
FISV,2026-09-11,10:12,50.24,50.255,50.2,50.255,20369
FISV,2026-09-11,10:13,50.23,50.33,50.1801,50.32,5020
FISV,2026-09-11,10:14,50.33,50.36,50.33,50.36,4997
FISV,2026-09-11,10:15,50.34,50.38,50.335,50.335,15549
FISV,2026-09-11,10:16,50.33,50.41,50.33,50.405,5468
FISV,2026-09-11,10:17,50.38,50.42,50.35,50.42,6831
FISV,2026-09-11,10:18,50.41,50.44,50.4,50.41,9046
FISV,2026-09-11,10:19,50.43,50.43,50.325,50.37,12923
FISV,2026-09-11,10:20,50.36,50.36,50.33,50.3489,7099
FISV,2026-09-11,10:21,50.35,50.43,50.35,50.42,6771
FISV,2026-09-11,10:22,50.42,50.45,50.41,50.41,4512
FISV,2026-09-11,10:23,50.43,50.43,50.39,50.39,4169
FISV,2026-09-11,10:24,50.39,50.42,50.366,50.366,10354
FISV,2026-09-11,10:25,50.39,50.46,50.37,50.44,6552
FISV,2026-09-11,10:26,50.46,50.46,50.43,50.435,12021
FISV,2026-09-11,10:27,50.45,50.52,50.45,50.49,17942
FISV,2026-09-11,10:28,50.45,50.475,50.43,50.45,9543
FISV,2026-09-11,10:29,50.46,50.46,50.44,50.45,4757
FISV,2026-09-11,10:30,50.46,50.46,50.415,50.44,11773
FISV,2026-09-11,10:31,50.4599,50.535,50.4551,50.53,6852
FISV,2026-09-11,10:32,50.515,50.525,50.485,50.51,11670
FISV,2026-09-11,10:33,50.51,50.51,50.39,50.42,7372
FISV,2026-09-11,10:34,50.43,50.46,50.4,50.455,11960
FISV,2026-09-11,10:35,50.46,50.47,50.44,50.47,6112
FISV,2026-09-11,10:36,50.48,50.49,50.48,50.49,2886
FISV,2026-09-11,10:37,50.48,50.56,50.48,50.56,7392
FISV,2026-09-11,10:38,50.54,50.5501,50.54,50.545,3604
FISV,2026-09-11,10:39,50.58,50.58,50.55,50.5732,3641
FISV,2026-09-11,10:40,50.56,50.56,50.53,50.53,4429
FISV,2026-09-11,10:41,50.5,50.5,50.49,50.495,3544
FISV,2026-09-11,10:42,50.49,50.56,50.4899,50.56,3516
FISV,2026-09-11,10:43,50.555,50.6,50.55,50.58,11287
FISV,2026-09-11,10:44,50.57,50.635,50.56,50.63,10920
FISV,2026-09-11,10:45,50.63,50.715,50.61,50.665,52260
FISV,2026-09-11,10:46,50.67,50.69,50.66,50.69,5616
FISV,2026-09-11,10:47,50.675,50.695,50.65,50.655,6074
FISV,2026-09-11,10:48,50.655,50.8,50.64,50.73,17651
FISV,2026-09-11,10:49,50.74,50.78,50.73,50.78,8037
FISV,2026-09-11,10:50,50.78,50.78,50.6605,50.6605,11034
FISV,2026-09-11,10:51,50.68,50.74,50.67,50.715,9148
FISV,2026-09-11,10:52,50.73,50.8,50.71,50.79,6938
FISV,2026-09-11,10:53,50.78,50.85,50.78,50.835,9061
FISV,2026-09-11,10:54,50.83,50.83,50.78,50.82,11761
FISV,2026-09-11,10:55,50.82,51.005,50.82,50.99,40891
FISV,2026-09-11,10:56,51,51.055,50.9701,51.025,35945
FISV,2026-09-11,10:57,51.02,51.0499,51.01,51.01,7366
FISV,2026-09-11,10:58,51.005,51.005,50.92,50.94,9318
FISV,2026-09-11,10:59,50.91,50.97,50.91,50.93,5424
FISV,2026-09-11,11:00,50.96,50.96,50.935,50.94,3494
FISV,2026-09-11,11:01,50.95,50.96,50.85,50.85,16283
FISV,2026-09-11,11:02,50.855,50.9,50.82,50.86,15264
FISV,2026-09-11,11:03,50.92,50.99,50.92,50.975,6687
FISV,2026-09-11,11:04,50.97,51.005,50.97,50.98,21504
FISV,2026-09-11,11:05,50.985,51.075,50.9755,51.07,19026
FISV,2026-09-11,11:06,51.08,51.09,51.05,51.05,15334
FISV,2026-09-11,11:07,51.05,51.05,50.985,50.985,10531
FISV,2026-09-11,11:08,50.995,51.03,50.99,51.02,6187
FISV,2026-09-11,11:09,51.03,51.03,50.955,51,6655
FISV,2026-09-11,11:10,50.98,50.98,50.97,50.97,2229
FISV,2026-09-11,11:11,50.95,50.95,50.92,50.95,5020
FISV,2026-09-11,11:12,50.9528,51.02,50.945,50.97,15005
FISV,2026-09-11,11:13,50.96,50.99,50.96,50.99,4418
FISV,2026-09-11,11:14,51,51.085,51,51.08,16959
FISV,2026-09-11,11:15,51.08,51.08,51.05,51.05,7781
FISV,2026-09-11,11:16,51.025,51.03,51.025,51.03,1586
FISV,2026-09-11,11:17,51.03,51.045,51,51.025,8527
FISV,2026-09-11,11:18,51.04,51.08,51.04,51.08,12282
FISV,2026-09-11,11:19,51.08,51.13,51.08,51.09,25084
FISV,2026-09-11,11:20,51.09,51.1,51.03,51.0371,13605
FISV,2026-09-11,11:21,51.04,51.0689,51.035,51.05,6341
FISV,2026-09-11,11:22,51.05,51.09,51.032,51.0801,8886
FISV,2026-09-11,11:23,51.105,51.175,51.1049,51.17,6720
FISV,2026-09-11,11:24,51.15,51.16,51.115,51.14,10912
FISV,2026-09-11,11:25,51.11,51.11,51.085,51.085,6296
FISV,2026-09-11,11:26,51.09,51.09,51.071,51.0711,4484
FISV,2026-09-11,11:27,51.08,51.09,51.07,51.07,6038
FISV,2026-09-11,11:28,51.07,51.07,51.0201,51.06,8368
FISV,2026-09-11,11:29,51.05,51.06,51.03,51.03,3929
FISV,2026-09-11,11:30,51.02,51.035,51.02,51.03,1836
FISV,2026-09-11,11:31,51.02,51.02,50.93,50.93,4298
FISV,2026-09-11,11:32,50.925,50.95,50.92,50.94,8235
FISV,2026-09-11,11:33,50.965,51.05,50.96,51.05,6769
FISV,2026-09-11,11:34,51.02,51.035,51.01,51.025,8709
FISV,2026-09-11,11:35,51.02,51.08,51.02,51.08,6412
FISV,2026-09-11,11:36,51.08,51.19,51.065,51.145,35384
FISV,2026-09-11,11:37,51.15,51.21,51.15,51.205,23661
FISV,2026-09-11,11:38,51.185,51.21,51.18,51.21,37243
FISV,2026-09-11,11:39,51.21,51.21,51.17,51.17,6439
FISV,2026-09-11,11:40,51.17,51.19,51.1601,51.19,4209
FISV,2026-09-11,11:41,51.205,51.205,51.18,51.18,32309
FISV,2026-09-11,11:42,51.21,51.215,51.12,51.14,8768
FISV,2026-09-11,11:43,51.145,51.16,51.13,51.155,7800
FISV,2026-09-11,11:44,51.14,51.16,51.12,51.15,10128
FISV,2026-09-11,11:45,51.14,51.155,51.12,51.155,2710
FISV,2026-09-11,11:46,51.15,51.15,51.08,51.085,15195
FISV,2026-09-11,11:47,51.0901,51.11,51.0901,51.11,2397
FISV,2026-09-11,11:48,51.095,51.1,51.0901,51.095,4263
FISV,2026-09-11,11:49,51.095,51.115,51.08,51.08,6528
FISV,2026-09-11,11:50,51.08,51.1,51.07,51.085,5172
FISV,2026-09-11,11:51,51.07,51.08,51.07,51.07,7009
FISV,2026-09-11,11:52,51.07,51.115,51.07,51.115,7612
FISV,2026-09-11,11:53,51.1,51.1,51.09,51.095,7258
FISV,2026-09-11,11:54,51.085,51.145,51.085,51.1,15084
FISV,2026-09-11,11:55,51.0951,51.1,51.06,51.06,8564
FISV,2026-09-11,11:56,51.0133,51.03,51.01,51.03,1632
FISV,2026-09-11,11:57,51.03,51.06,51.025,51.025,5409
FISV,2026-09-11,11:58,51.02,51.035,50.98,51.02,10187
FISV,2026-09-11,11:59,51.025,51.04,51.02,51.03,5166
FISV,2026-09-11,12:00,51.04,51.08,51.04,51.08,3044
FISV,2026-09-11,12:01,51.1,51.1,51.06,51.06,4402
FISV,2026-09-11,12:02,51.06,51.115,51.06,51.115,10659
FISV,2026-09-11,12:03,51.12,51.12,51.07,51.1,6138
FISV,2026-09-11,12:04,51.08,51.15,51.08,51.145,13930
FISV,2026-09-11,12:05,51.12,51.145,51.115,51.115,5154
FISV,2026-09-11,12:06,51.11,51.11,51.04,51.05,3401
FISV,2026-09-11,12:07,51.04,51.04,50.85,50.87,7671
FISV,2026-09-11,12:08,50.875,50.925,50.87,50.92,11243
FISV,2026-09-11,12:09,50.925,50.925,50.89,50.89,6089
FISV,2026-09-11,12:10,50.885,50.94,50.885,50.925,4641
FISV,2026-09-11,12:11,50.93,50.98,50.9218,50.98,14317
FISV,2026-09-11,12:12,50.97,50.98,50.96,50.96,5520
FISV,2026-09-11,12:13,50.93,50.97,50.93,50.96,3172
FISV,2026-09-11,12:14,50.97,51.01,50.9401,50.99,7799
FISV,2026-09-11,12:15,51.005,51.02,50.99,50.99,6333
FISV,2026-09-11,12:16,51.01,51.03,51,51.005,7725
FISV,2026-09-11,12:17,51.005,51.005,50.995,51,2821
FISV,2026-09-11,12:18,51.01,51.03,51.01,51.02,6188
FISV,2026-09-11,12:19,51.04,51.17,51.02,51.17,18472
FISV,2026-09-11,12:20,51.15,51.15,51.13,51.13,5566
FISV,2026-09-11,12:21,51.13,51.215,51.13,51.215,29227
FISV,2026-09-11,12:22,51.22,51.245,51.2,51.24,11067
FISV,2026-09-11,12:23,51.24,51.24,51.23,51.24,7197
FISV,2026-09-11,12:24,51.2301,51.27,51.21,51.26,12235
FISV,2026-09-11,12:25,51.24,51.25,51.215,51.215,11764
FISV,2026-09-11,12:26,51.215,51.24,51.21,51.23,8712
FISV,2026-09-11,12:27,51.22,51.27,51.2,51.26,15358
FISV,2026-09-11,12:28,51.26,51.3,51.26,51.29,7977
FISV,2026-09-11,12:29,51.29,51.3,51.28,51.3,8059
FISV,2026-09-11,12:30,51.31,51.32,51.3,51.3,3464
FISV,2026-09-11,12:31,51.29,51.3153,51.29,51.3001,6355
FISV,2026-09-11,12:32,51.31,51.37,51.295,51.35,15653
FISV,2026-09-11,12:33,51.34,51.36,51.335,51.35,5372
FISV,2026-09-11,12:34,51.35,51.385,51.35,51.385,6965
FISV,2026-09-11,12:35,51.3801,51.385,51.35,51.35,9681
FISV,2026-09-11,12:36,51.345,51.375,51.325,51.375,8509
FISV,2026-09-11,12:37,51.375,51.375,51.325,51.325,5754
FISV,2026-09-11,12:38,51.33,51.335,51.285,51.285,11946
FISV,2026-09-11,12:39,51.27,51.32,51.265,51.3,11489
FISV,2026-09-11,12:40,51.295,51.305,51.29,51.29,3286
FISV,2026-09-11,12:41,51.27,51.2778,51.265,51.27,2631
FISV,2026-09-11,12:42,51.275,51.275,51.265,51.265,1657
FISV,2026-09-11,12:43,51.265,51.29,51.265,51.28,2783
FISV,2026-09-11,12:44,51.28,51.3,51.28,51.3,9708
FISV,2026-09-11,12:45,51.31,51.34,51.295,51.34,21192
FISV,2026-09-11,12:46,51.34,51.3499,51.33,51.345,3821
FISV,2026-09-11,12:47,51.35,51.36,51.32,51.36,14371
FISV,2026-09-11,12:48,51.36,51.36,51.34,51.35,4771
FISV,2026-09-11,12:49,51.3303,51.36,51.31,51.31,21294
FISV,2026-09-11,12:50,51.31,51.31,51.31,51.31,1183
FISV,2026-09-11,12:51,51.31,51.312,51.3,51.3,2451
FISV,2026-09-11,12:52,51.32,51.33,51.32,51.33,3992
FISV,2026-09-11,12:53,51.33,51.33,51.31,51.33,16867
FISV,2026-09-11,12:54,51.32,51.34,51.31,51.34,5551
FISV,2026-09-11,12:55,51.33,51.33,51.315,51.315,3598
FISV,2026-09-11,12:56,51.32,51.325,51.31,51.315,4463
FISV,2026-09-11,12:57,51.325,51.33,51.325,51.33,2142
FISV,2026-09-11,12:58,51.31,51.32,51.31,51.32,3192
FISV,2026-09-11,12:59,51.32,51.33,51.32,51.33,12175
FISV,2026-09-11,13:00,51.35,51.37,51.34,51.35,4438
FISV,2026-09-11,13:01,51.3577,51.39,51.3577,51.39,6866
FISV,2026-09-11,13:02,51.385,51.405,51.385,51.405,7208
FISV,2026-09-11,13:03,51.4,51.4039,51.3712,51.38,7134
FISV,2026-09-11,13:04,51.39,51.39,51.38,51.39,1472
FISV,2026-09-11,13:05,51.3801,51.395,51.3801,51.39,2009
FISV,2026-09-11,13:06,51.385,51.385,51.385,51.385,1472
FISV,2026-09-11,13:07,51.375,51.4,51.3401,51.3601,10909
FISV,2026-09-11,13:08,51.4,51.42,51.38,51.38,7675
FISV,2026-09-11,13:09,51.37,51.375,51.37,51.375,1257
FISV,2026-09-11,13:10,51.37,51.37,51.351,51.351,2038
FISV,2026-09-11,13:11,51.37,51.395,51.37,51.39,1317
FISV,2026-09-11,13:12,51.38,51.42,51.38,51.39,12059
FISV,2026-09-11,13:13,51.39,51.39,51.35,51.3575,2580
FISV,2026-09-11,13:14,51.38,51.395,51.35,51.365,8574
FISV,2026-09-11,13:15,51.365,51.365,51.34,51.34,4726
FISV,2026-09-11,13:16,51.34,51.37,51.33,51.36,7495
FISV,2026-09-11,13:17,51.36,51.36,51.355,51.355,3629
FISV,2026-09-11,13:18,51.355,51.37,51.3501,51.362,7929
FISV,2026-09-11,13:19,51.39,51.39,51.372,51.375,3177
FISV,2026-09-11,13:20,51.38,51.385,51.36,51.375,13994
FISV,2026-09-11,13:21,51.37,51.37,51.37,51.37,1620
FISV,2026-09-11,13:22,51.3701,51.3701,51.3604,51.37,3276
FISV,2026-09-11,13:23,51.37,51.4,51.37,51.4,7862
FISV,2026-09-11,13:24,51.37,51.39,51.34,51.38,10152
FISV,2026-09-11,13:25,51.37,51.41,51.37,51.38,3358
FISV,2026-09-11,13:26,51.405,51.41,51.39,51.41,3324
FISV,2026-09-11,13:27,51.41,51.41,51.38,51.39,7318
FISV,2026-09-11,13:28,51.3801,51.3801,51.37,51.375,4928
FISV,2026-09-11,13:29,51.375,51.375,51.36,51.36,4439
FISV,2026-09-11,13:30,51.3799,51.41,51.3799,51.4,13355
FISV,2026-09-11,13:31,51.4,51.4,51.365,51.38,8498
FISV,2026-09-11,13:32,51.39,51.4199,51.39,51.405,9901
FISV,2026-09-11,13:33,51.4077,51.44,51.4077,51.435,17416
FISV,2026-09-11,13:34,51.43,51.46,51.42,51.425,17235
FISV,2026-09-11,13:35,51.435,51.44,51.425,51.43,5565
FISV,2026-09-11,13:36,51.42,51.44,51.37,51.4151,28785
FISV,2026-09-11,13:37,51.42,51.42,51.37,51.37,11846
FISV,2026-09-11,13:38,51.36,51.4,51.36,51.4,19410
FISV,2026-09-11,13:39,51.4,51.4,51.375,51.375,10071
FISV,2026-09-11,13:40,51.38,51.4,51.38,51.38,6958
FISV,2026-09-11,13:41,51.385,51.42,51.385,51.42,1501
FISV,2026-09-11,13:42,51.43,51.43,51.39,51.39,7710
FISV,2026-09-11,13:43,51.39,51.39,51.37,51.39,6364
FISV,2026-09-11,13:44,51.3917,51.3999,51.37,51.3999,11422
FISV,2026-09-11,13:45,51.365,51.3681,51.35,51.3681,2701
FISV,2026-09-11,13:46,51.365,51.38,51.341,51.355,3865
FISV,2026-09-11,13:47,51.355,51.37,51.355,51.37,4643
FISV,2026-09-11,13:48,51.36,51.37,51.36,51.3672,2162
FISV,2026-09-11,13:49,51.35,51.37,51.35,51.36,19612
FISV,2026-09-11,13:50,51.3544,51.37,51.35,51.37,6049
FISV,2026-09-11,13:51,51.38,51.39,51.37,51.385,6500
FISV,2026-09-11,13:52,51.4,51.41,51.4,51.4,3895
FISV,2026-09-11,13:53,51.395,51.4,51.39,51.39,4612
FISV,2026-09-11,13:54,51.39,51.405,51.38,51.405,6835
FISV,2026-09-11,13:55,51.4,51.4,51.4,51.4,538
FISV,2026-09-11,13:56,51.4,51.4,51.4,51.4,2314
FISV,2026-09-11,13:57,51.41,51.445,51.41,51.41,11054
FISV,2026-09-11,13:58,51.43,51.43,51.4251,51.43,2120
FISV,2026-09-11,13:59,51.43,51.435,51.425,51.435,1997
FISV,2026-09-11,14:00,51.43,51.44,51.42,51.43,9806
FISV,2026-09-11,14:01,51.43,51.49,51.43,51.45,18495
FISV,2026-09-11,14:02,51.47,51.55,51.47,51.5182,19396
FISV,2026-09-11,14:03,51.51,51.51,51.505,51.505,4792
FISV,2026-09-11,14:04,51.505,51.505,51.49,51.49,7555
FISV,2026-09-11,14:05,51.48,51.49,51.48,51.49,5084
FISV,2026-09-11,14:06,51.5,51.51,51.46,51.475,22395
FISV,2026-09-11,14:07,51.48,51.48,51.45,51.45,3046
FISV,2026-09-11,14:08,51.46,51.46,51.455,51.455,3374
FISV,2026-09-11,14:09,51.45,51.45,51.425,51.425,2707
FISV,2026-09-11,14:10,51.425,51.44,51.41,51.4103,19087
FISV,2026-09-11,14:11,51.42,51.43,51.41,51.43,5388
FISV,2026-09-11,14:12,51.4202,51.43,51.41,51.41,7415
FISV,2026-09-11,14:13,51.41,51.44,51.405,51.43,8802
FISV,2026-09-11,14:14,51.44,51.45,51.44,51.445,8500
FISV,2026-09-11,14:15,51.45,51.45,51.4496,51.45,1906
FISV,2026-09-11,14:16,51.445,51.445,51.445,51.445,1406
FISV,2026-09-11,14:17,51.46,51.46,51.4257,51.4257,3912
FISV,2026-09-11,14:18,51.42,51.43,51.42,51.43,2015
FISV,2026-09-11,14:19,51.44,51.45,51.42,51.435,4608
FISV,2026-09-11,14:20,51.42,51.42,51.37,51.4,3729
FISV,2026-09-11,14:21,51.4,51.43,51.4,51.43,3478
FISV,2026-09-11,14:22,51.435,51.45,51.435,51.44,4097
FISV,2026-09-11,14:23,51.45,51.46,51.43,51.46,8775
FISV,2026-09-11,14:24,51.47,51.4799,51.45,51.45,17078
FISV,2026-09-11,14:25,51.465,51.465,51.44,51.4401,4593
FISV,2026-09-11,14:26,51.4217,51.4217,51.38,51.42,5179
FISV,2026-09-11,14:27,51.41,51.41,51.41,51.41,2369
FISV,2026-09-11,14:28,51.41,51.41,51.41,51.41,3074
FISV,2026-09-11,14:29,51.41,51.41,51.3301,51.35,3277
FISV,2026-09-11,14:30,51.345,51.365,51.345,51.365,5086
FISV,2026-09-11,14:31,51.365,51.365,51.32,51.335,2623
FISV,2026-09-11,14:32,51.335,51.34,51.33,51.3324,4148
FISV,2026-09-11,14:33,51.35,51.37,51.35,51.36,3917
FISV,2026-09-11,14:34,51.3699,51.37,51.34,51.36,4520
FISV,2026-09-11,14:35,51.36,51.36,51.36,51.36,5039
FISV,2026-09-11,14:36,51.37,51.39,51.37,51.39,5510
FISV,2026-09-11,14:37,51.39,51.39,51.39,51.39,3131
FISV,2026-09-11,14:38,51.38,51.39,51.34,51.34,4504
FISV,2026-09-11,14:39,51.34,51.34,51.31,51.32,5015
FISV,2026-09-11,14:40,51.315,51.315,51.27,51.2851,4355
FISV,2026-09-11,14:41,51.3,51.305,51.287,51.2872,3481
FISV,2026-09-11,14:42,51.32,51.37,51.32,51.345,9596
FISV,2026-09-11,14:43,51.36,51.38,51.34,51.34,5201
FISV,2026-09-11,14:44,51.3525,51.365,51.3,51.3,9294
FISV,2026-09-11,14:45,51.29,51.3,51.28,51.29,9568
FISV,2026-09-11,14:46,51.3,51.31,51.3,51.31,5499
FISV,2026-09-11,14:47,51.3,51.31,51.295,51.3,6489
FISV,2026-09-11,14:48,51.3,51.305,51.29,51.305,3920
FISV,2026-09-11,14:49,51.32,51.325,51.29,51.29,7478
FISV,2026-09-11,14:50,51.2901,51.305,51.27,51.305,5178
FISV,2026-09-11,14:51,51.31,51.32,51.305,51.305,4420
FISV,2026-09-11,14:52,51.31,51.32,51.29,51.29,6542
FISV,2026-09-11,14:53,51.295,51.295,51.275,51.275,4819
FISV,2026-09-11,14:54,51.275,51.275,51.26,51.26,1434
FISV,2026-09-11,14:55,51.275,51.28,51.275,51.28,5798
FISV,2026-09-11,14:56,51.28,51.29,51.26,51.27,6661
FISV,2026-09-11,14:57,51.28,51.335,51.28,51.3101,11533
FISV,2026-09-11,14:58,51.32,51.3699,51.32,51.36,12034
FISV,2026-09-11,14:59,51.36,51.36,51.355,51.36,2689
FISV,2026-09-11,15:00,51.365,51.365,51.34,51.355,6707
FISV,2026-09-11,15:01,51.36,51.36,51.31,51.32,7129
FISV,2026-09-11,15:02,51.325,51.345,51.325,51.335,6042
FISV,2026-09-11,15:03,51.34,51.35,51.33,51.33,6631
FISV,2026-09-11,15:04,51.33,51.33,51.33,51.33,3705
FISV,2026-09-11,15:05,51.34,51.34,51.305,51.305,10541
FISV,2026-09-11,15:06,51.305,51.305,51.27,51.285,9199
FISV,2026-09-11,15:07,51.285,51.2851,51.265,51.285,8528
FISV,2026-09-11,15:08,51.28,51.295,51.2681,51.27,15557
FISV,2026-09-11,15:09,51.27,51.27,51.2,51.2,10999
FISV,2026-09-11,15:10,51.21,51.21,51.2,51.205,8747
FISV,2026-09-11,15:11,51.205,51.22,51.205,51.21,7515
FISV,2026-09-11,15:12,51.2,51.24,51.2,51.24,17804
FISV,2026-09-11,15:13,51.245,51.25,51.21,51.2189,9163
FISV,2026-09-11,15:14,51.22,51.2501,51.22,51.25,7147
FISV,2026-09-11,15:15,51.2306,51.2306,51.18,51.18,11256
FISV,2026-09-11,15:16,51.19,51.22,51.185,51.22,9319
FISV,2026-09-11,15:17,51.2225,51.225,51.19,51.195,9583
FISV,2026-09-11,15:18,51.19,51.19,51.16,51.16,11059
FISV,2026-09-11,15:19,51.15,51.2,51.14,51.2,11458
FISV,2026-09-11,15:20,51.2,51.205,51.19,51.2,9357
FISV,2026-09-11,15:21,51.21,51.23,51.205,51.2275,7315
FISV,2026-09-11,15:22,51.25,51.305,51.25,51.305,16020
FISV,2026-09-11,15:23,51.305,51.32,51.29,51.31,9622
FISV,2026-09-11,15:24,51.32,51.32,51.3,51.312,12547
FISV,2026-09-11,15:25,51.32,51.39,51.31,51.38,63573
FISV,2026-09-11,15:26,51.365,51.415,51.35,51.415,43938
FISV,2026-09-11,15:27,51.4101,51.415,51.36,51.37,61169
FISV,2026-09-11,15:28,51.38,51.46,51.37,51.435,40406
FISV,2026-09-11,15:29,51.435,51.459,51.405,51.42,26073
FISV,2026-09-11,15:30,51.42,51.42,51.36,51.36,21926
FISV,2026-09-11,15:31,51.379,51.409,51.35,51.385,12641
FISV,2026-09-11,15:32,51.365,51.399,51.35,51.399,13493
FISV,2026-09-11,15:33,51.4,51.43,51.4,51.43,12138
FISV,2026-09-11,15:34,51.42,51.49,51.39,51.48,20646
FISV,2026-09-11,15:35,51.49,51.505,51.485,51.5,9492
FISV,2026-09-11,15:36,51.51,51.51,51.48,51.5,17252
FISV,2026-09-11,15:37,51.5,51.506,51.46,51.465,14486
FISV,2026-09-11,15:38,51.475,51.489,51.46,51.489,12790
FISV,2026-09-11,15:39,51.5,51.51,51.44,51.44,13476
FISV,2026-09-11,15:40,51.45,51.47,51.445,51.469,11669
FISV,2026-09-11,15:41,51.465,51.47,51.435,51.44,12078
FISV,2026-09-11,15:42,51.43,51.44,51.42,51.44,9895
FISV,2026-09-11,15:43,51.44,51.445,51.435,51.44,8850
FISV,2026-09-11,15:44,51.445,51.459,51.425,51.435,15702
FISV,2026-09-11,15:45,51.4218,51.44,51.42,51.43,10090
FISV,2026-09-11,15:46,51.44,51.48,51.44,51.46,21785
FISV,2026-09-11,15:47,51.46,51.49,51.46,51.48,8927
FISV,2026-09-11,15:48,51.48,51.499,51.47,51.4951,15031
FISV,2026-09-11,15:49,51.495,51.52,51.485,51.51,23505
FISV,2026-09-11,15:50,51.52,51.579,51.51,51.579,43826
FISV,2026-09-11,15:51,51.575,51.58,51.54,51.575,24144
FISV,2026-09-11,15:52,51.57,51.585,51.545,51.58,21978
FISV,2026-09-11,15:53,51.59,51.615,51.59,51.6,27886
FISV,2026-09-11,15:54,51.6,51.61,51.58,51.61,31568
FISV,2026-09-11,15:55,51.61,51.615,51.535,51.54,61443
FISV,2026-09-11,15:56,51.55,51.62,51.545,51.62,42371
FISV,2026-09-11,15:57,51.63,51.64,51.595,51.625,54855
FISV,2026-09-11,15:58,51.62,51.639,51.6,51.6,102015
FISV,2026-09-11,15:59,51.6,51.64,51.565,51.59,185784
FISV,2026-09-11,16:00,51.58,51.58,51.58,51.58,0
FISV,2026-09-14,09:30,52,52.84,52,52.84,105343
FISV,2026-09-14,09:31,52.74,52.74,52.27,52.44,32231
FISV,2026-09-14,09:32,52.4,52.46,52.255,52.255,22518
FISV,2026-09-14,09:33,52.31,52.555,52.31,52.55,34454
FISV,2026-09-14,09:34,52.545,52.6,52.47,52.5,78025
FISV,2026-09-14,09:35,52.44,52.45,52.22,52.25,78977
FISV,2026-09-14,09:36,52.27,52.46,52.24,52.46,23292
FISV,2026-09-14,09:37,52.4,52.42,52.27,52.27,31433
FISV,2026-09-14,09:38,52.29,52.535,52.29,52.52,84297
FISV,2026-09-14,09:39,52.51,52.66,52.5,52.66,56331
FISV,2026-09-14,09:40,52.625,52.68,52.62,52.66,15969
FISV,2026-09-14,09:41,52.65,52.65,52.52,52.56,22800
FISV,2026-09-14,09:42,52.53,52.54,52.4515,52.46,24674
FISV,2026-09-14,09:43,52.48,52.5,52.3847,52.46,7887
FISV,2026-09-14,09:44,52.47,52.49,52.43,52.43,6370
FISV,2026-09-14,09:45,52.45,52.5,52.345,52.345,12851
FISV,2026-09-14,09:46,52.38,52.395,52.3,52.33,9319
FISV,2026-09-14,09:47,52.365,52.45,52.31,52.45,9685
FISV,2026-09-14,09:48,52.455,52.57,52.42,52.51,41438
FISV,2026-09-14,09:49,52.56,52.69,52.49,52.63,51091
FISV,2026-09-14,09:50,52.635,52.66,52.58,52.63,12251
FISV,2026-09-14,09:51,52.575,52.76,52.575,52.7,23134
FISV,2026-09-14,09:52,52.73,52.85,52.73,52.82,43416
FISV,2026-09-14,09:53,52.8099,52.84,52.69,52.77,11844
FISV,2026-09-14,09:54,52.77,52.81,52.68,52.73,9602
FISV,2026-09-14,09:55,52.715,52.715,52.5804,52.6,25926
FISV,2026-09-14,09:56,52.62,52.62,52.52,52.54,21802
FISV,2026-09-14,09:57,52.54,52.605,52.4701,52.4784,17460
FISV,2026-09-14,09:58,52.53,52.545,52.4,52.4185,23678
FISV,2026-09-14,09:59,52.41,52.59,52.4,52.54,15018
FISV,2026-09-14,10:00,52.53,52.605,52.45,52.45,6896
FISV,2026-09-14,10:01,52.47,52.47,52.36,52.41,8375
FISV,2026-09-14,10:02,52.4101,52.495,52.39,52.395,5547
FISV,2026-09-14,10:03,52.405,52.43,52.3001,52.37,7872
FISV,2026-09-14,10:04,52.3776,52.4,52.3103,52.39,7141
FISV,2026-09-14,10:05,52.36,52.4,52.36,52.4,1521
FISV,2026-09-14,10:06,52.38,52.42,52.36,52.36,6499
FISV,2026-09-14,10:07,52.37,52.37,52.23,52.255,3654
FISV,2026-09-14,10:08,52.245,52.245,52.18,52.18,4507
FISV,2026-09-14,10:09,52.17,52.2331,52.16,52.16,10822
FISV,2026-09-14,10:10,52.196,52.34,52.14,52.3,51023
FISV,2026-09-14,10:11,52.3,52.3,52.25,52.28,6841
FISV,2026-09-14,10:12,52.3,52.31,52.25,52.309,5027
FISV,2026-09-14,10:13,52.295,52.33,52.295,52.33,4817
FISV,2026-09-14,10:14,52.305,52.33,52.3,52.33,3275
FISV,2026-09-14,10:15,52.31,52.31,52.21,52.21,8024
FISV,2026-09-14,10:16,52.22,52.3399,52.22,52.26,5271
FISV,2026-09-14,10:17,52.26,52.29,52.25,52.28,2741
FISV,2026-09-14,10:18,52.29,52.3,52.29,52.29,1923
FISV,2026-09-14,10:19,52.29,52.31,52.23,52.23,13099
FISV,2026-09-14,10:20,52.23,52.25,52.21,52.235,3725
FISV,2026-09-14,10:21,52.235,52.275,52.23,52.23,8861
FISV,2026-09-14,10:22,52.235,52.235,52.2,52.225,2633
FISV,2026-09-14,10:23,52.25,52.28,52.195,52.235,7447
FISV,2026-09-14,10:24,52.26,52.26,52.13,52.15,4863
FISV,2026-09-14,10:25,52.14,52.15,52.08,52.08,9892
FISV,2026-09-14,10:26,52.09,52.09,52.04,52.06,16833
FISV,2026-09-14,10:27,52.07,52.0938,52.07,52.0938,4161
FISV,2026-09-14,10:28,52.05,52.05,52.045,52.045,1977
FISV,2026-09-14,10:29,52.07,52.085,52.02,52.07,10732
FISV,2026-09-14,10:30,52.075,52.11,52.06,52.11,5786
FISV,2026-09-14,10:31,52.075,52.12,52.07,52.12,3950
FISV,2026-09-14,10:32,52.14,52.21,52.14,52.205,5453
FISV,2026-09-14,10:33,52.205,52.26,52.205,52.26,5707
FISV,2026-09-14,10:34,52.28,52.28,52.25,52.27,10255
FISV,2026-09-14,10:35,52.28,52.28,52.26,52.27,3326
FISV,2026-09-14,10:36,52.3,52.3599,52.2903,52.3599,9283
FISV,2026-09-14,10:37,52.36,52.405,52.34,52.4,5726
FISV,2026-09-14,10:38,52.41,52.43,52.36,52.41,6517
FISV,2026-09-14,10:39,52.39,52.42,52.385,52.41,6742
FISV,2026-09-14,10:40,52.41,52.41,52.34,52.36,4964
FISV,2026-09-14,10:41,52.35,52.42,52.35,52.42,2774
FISV,2026-09-14,10:42,52.42,52.47,52.415,52.43,6721
FISV,2026-09-14,10:43,52.4186,52.425,52.37,52.39,5463
FISV,2026-09-14,10:44,52.385,52.385,52.32,52.33,5167
FISV,2026-09-14,10:45,52.3599,52.365,52.345,52.35,8315
FISV,2026-09-14,10:46,52.32,52.345,52.295,52.3,4135
FISV,2026-09-14,10:47,52.3,52.315,52.252,52.2524,6999
FISV,2026-09-14,10:48,52.265,52.265,52.21,52.24,3988
FISV,2026-09-14,10:49,52.22,52.32,52.205,52.3,13476
FISV,2026-09-14,10:50,52.315,52.315,52.27,52.27,3321
FISV,2026-09-14,10:51,52.265,52.3,52.25,52.29,10194
FISV,2026-09-14,10:52,52.29,52.31,52.2805,52.295,8473
FISV,2026-09-14,10:53,52.29,52.35,52.29,52.3001,26805
FISV,2026-09-14,10:54,52.315,52.32,52.26,52.285,18759
FISV,2026-09-14,10:55,52.2701,52.3,52.2501,52.26,21511
FISV,2026-09-14,10:56,52.26,52.29,52.24,52.29,14730
FISV,2026-09-14,10:57,52.28,52.32,52.25,52.31,33780
FISV,2026-09-14,10:58,52.31,52.33,52.29,52.33,17214
FISV,2026-09-14,10:59,52.3,52.31,52.2601,52.31,22286
FISV,2026-09-14,11:00,52.3,52.32,52.27,52.3,19241
FISV,2026-09-14,11:01,52.3,52.31,52.27,52.27,23418
FISV,2026-09-14,11:02,52.27,52.27,52.2,52.22,11294
FISV,2026-09-14,11:03,52.215,52.23,52.2,52.2,14129
FISV,2026-09-14,11:04,52.19,52.24,52.1701,52.2,28196
FISV,2026-09-14,11:05,52.19,52.28,52.19,52.25,34706
FISV,2026-09-14,11:06,52.27,52.3,52.25,52.3,14396
FISV,2026-09-14,11:07,52.285,52.39,52.285,52.35,31650
FISV,2026-09-14,11:08,52.36,52.39,52.32,52.36,21936
FISV,2026-09-14,11:09,52.37,52.4254,52.37,52.4,25545
FISV,2026-09-14,11:10,52.415,52.46,52.4,52.435,18398
FISV,2026-09-14,11:11,52.435,52.45,52.3301,52.36,16866
FISV,2026-09-14,11:12,52.37,52.37,52.265,52.31,18434
FISV,2026-09-14,11:13,52.33,52.33,52.28,52.3,14038
FISV,2026-09-14,11:14,52.28,52.29,52.28,52.29,458
FISV,2026-09-14,11:15,52.28,52.28,52.17,52.17,7184
FISV,2026-09-14,11:16,52.14,52.14,52.1,52.1,5525
FISV,2026-09-14,11:17,52.12,52.13,52.04,52.055,7247
FISV,2026-09-14,11:18,52.045,52.07,52.045,52.07,3141
FISV,2026-09-14,11:19,52.05,52.065,52.03,52.065,11377
FISV,2026-09-14,11:20,52.05,52.07,52.015,52.015,7520
FISV,2026-09-14,11:21,52.03,52.06,52.03,52.06,2611
FISV,2026-09-14,11:22,52.07,52.105,52.07,52.1,4939
FISV,2026-09-14,11:23,52.1,52.1,52.07,52.08,3065
FISV,2026-09-14,11:24,52.0801,52.0801,52.05,52.05,6493
FISV,2026-09-14,11:25,52.05,52.05,52.01,52.01,6466
FISV,2026-09-14,11:26,52.02,52.05,52.02,52.03,8007
FISV,2026-09-14,11:27,52.025,52.025,52,52,4442
FISV,2026-09-14,11:28,51.99,52.005,51.975,52.005,4106
FISV,2026-09-14,11:29,52.005,52.005,51.95,51.98,6171
FISV,2026-09-14,11:30,51.96,51.98,51.95,51.98,4495
FISV,2026-09-14,11:31,51.975,51.98,51.97,51.97,1443
FISV,2026-09-14,11:32,51.96,52,51.95,51.98,16525
FISV,2026-09-14,11:33,51.985,52.08,51.98,52.075,10657
FISV,2026-09-14,11:34,52.07,52.1299,52.04,52.11,11572
FISV,2026-09-14,11:35,52.09,52.09,51.985,51.985,8411
FISV,2026-09-14,11:36,51.9947,52.01,51.99,52,5720
FISV,2026-09-14,11:37,52,52.055,52,52.045,5243
FISV,2026-09-14,11:38,52.06,52.07,52.045,52.07,3990
FISV,2026-09-14,11:39,52.075,52.11,52.075,52.1,15146
FISV,2026-09-14,11:40,52.08,52.08,52.05,52.055,4939
FISV,2026-09-14,11:41,52.04,52.04,52.02,52.03,5088
FISV,2026-09-14,11:42,52.055,52.08,52.055,52.08,1687
FISV,2026-09-14,11:43,52.09,52.15,52.09,52.15,5220
FISV,2026-09-14,11:44,52.2,52.23,52.195,52.23,2235
FISV,2026-09-14,11:45,52.23,52.23,52.16,52.16,3161
FISV,2026-09-14,11:46,52.155,52.195,52.15,52.195,6664
FISV,2026-09-14,11:47,52.195,52.255,52.19,52.255,5564
FISV,2026-09-14,11:48,52.28,52.28,52.2363,52.28,3141
FISV,2026-09-14,11:49,52.265,52.27,52.24,52.25,11407
FISV,2026-09-14,11:50,52.2507,52.2507,52.17,52.17,5177
FISV,2026-09-14,11:51,52.205,52.205,52.1501,52.1501,2061
FISV,2026-09-14,11:52,52.18,52.2,52.1501,52.19,3038
FISV,2026-09-14,11:53,52.19,52.22,52.17,52.17,7185
FISV,2026-09-14,11:54,52.155,52.21,52.155,52.21,2189
FISV,2026-09-14,11:55,52.185,52.21,52.185,52.21,1771
FISV,2026-09-14,11:56,52.19,52.3,52.18,52.3,6394
FISV,2026-09-14,11:57,52.3,52.3,52.255,52.27,2079
FISV,2026-09-14,11:58,52.255,52.28,52.2401,52.28,4122
FISV,2026-09-14,11:59,52.26,52.3,52.255,52.3,5440
FISV,2026-09-14,12:00,52.3,52.32,52.3,52.31,3308
FISV,2026-09-14,12:01,52.295,52.295,52.25,52.25,7193
FISV,2026-09-14,12:02,52.26,52.3,52.26,52.29,6719
FISV,2026-09-14,12:03,52.32,52.33,52.305,52.33,4758
FISV,2026-09-14,12:04,52.335,52.35,52.33,52.33,4481
FISV,2026-09-14,12:05,52.35,52.35,52.32,52.33,3960
FISV,2026-09-14,12:06,52.33,52.35,52.32,52.32,4206
FISV,2026-09-14,12:07,52.31,52.32,52.28,52.31,8651
FISV,2026-09-14,12:08,52.3,52.35,52.3,52.35,1632
FISV,2026-09-14,12:09,52.315,52.36,52.315,52.36,3500
FISV,2026-09-14,12:10,52.3561,52.49,52.3561,52.47,28660
FISV,2026-09-14,12:11,52.48,52.57,52.48,52.52,19632
FISV,2026-09-14,12:12,52.53,52.58,52.53,52.54,6799
FISV,2026-09-14,12:13,52.56,52.56,52.5,52.54,4906
FISV,2026-09-14,12:14,52.53,52.55,52.505,52.505,2382
FISV,2026-09-14,12:15,52.505,52.51,52.48,52.51,6853
FISV,2026-09-14,12:16,52.51,52.54,52.49,52.51,3639
FISV,2026-09-14,12:17,52.4916,52.52,52.47,52.48,4913
FISV,2026-09-14,12:18,52.48,52.52,52.46,52.505,5214
FISV,2026-09-14,12:19,52.51,52.53,52.47,52.47,6254
FISV,2026-09-14,12:20,52.45,52.49,52.43,52.49,7615
FISV,2026-09-14,12:21,52.475,52.63,52.475,52.63,43117
FISV,2026-09-14,12:22,52.615,52.64,52.6,52.64,16524
FISV,2026-09-14,12:23,52.64,52.6594,52.59,52.6,7888
FISV,2026-09-14,12:24,52.595,52.5953,52.57,52.59,8515
FISV,2026-09-14,12:25,52.56,52.59,52.555,52.59,15844
FISV,2026-09-14,12:26,52.5775,52.63,52.575,52.6,6888
FISV,2026-09-14,12:27,52.57,52.73,52.57,52.72,19551
FISV,2026-09-14,12:28,52.725,52.77,52.65,52.705,65989
FISV,2026-09-14,12:29,52.72,52.755,52.685,52.71,14562
FISV,2026-09-14,12:30,52.715,52.74,52.68,52.725,5974
FISV,2026-09-14,12:31,52.725,52.77,52.68,52.77,7920
FISV,2026-09-14,12:32,52.76,52.76,52.7,52.7,3496
FISV,2026-09-14,12:33,52.71,52.72,52.71,52.72,5938
FISV,2026-09-14,12:34,52.705,52.73,52.69,52.72,5395
FISV,2026-09-14,12:35,52.7,52.71,52.65,52.67,6105
FISV,2026-09-14,12:36,52.675,52.69,52.66,52.665,4269
FISV,2026-09-14,12:37,52.665,52.665,52.61,52.62,3847
FISV,2026-09-14,12:38,52.61,52.63,52.6,52.61,9246
FISV,2026-09-14,12:39,52.605,52.64,52.6,52.62,8895
FISV,2026-09-14,12:40,52.61,52.64,52.605,52.61,5144
FISV,2026-09-14,12:41,52.61,52.63,52.6,52.6,3851
FISV,2026-09-14,12:42,52.61,52.61,52.59,52.6,3397
FISV,2026-09-14,12:43,52.6,52.61,52.575,52.595,5161
FISV,2026-09-14,12:44,52.61,52.61,52.58,52.6,3334
FISV,2026-09-14,12:45,52.6,52.62,52.58,52.58,3745
FISV,2026-09-14,12:46,52.59,52.61,52.58,52.59,5102
FISV,2026-09-14,12:47,52.6,52.66,52.6,52.655,5335
FISV,2026-09-14,12:48,52.67,52.77,52.66,52.76,13108
FISV,2026-09-14,12:49,52.76,52.8,52.755,52.8,26183
FISV,2026-09-14,12:50,52.8,52.87,52.77,52.87,21475
FISV,2026-09-14,12:51,52.84,52.85,52.8,52.81,5966
FISV,2026-09-14,12:52,52.81,52.87,52.81,52.86,3661
FISV,2026-09-14,12:53,52.83,52.85,52.82,52.835,4319
FISV,2026-09-14,12:54,52.81,52.81,52.785,52.785,3462
FISV,2026-09-14,12:55,52.77,52.82,52.74,52.785,11964
FISV,2026-09-14,12:56,52.8,52.84,52.8,52.84,6882
FISV,2026-09-14,12:57,52.8399,52.86,52.81,52.86,9364
FISV,2026-09-14,12:58,52.86,52.9,52.86,52.88,10261
FISV,2026-09-14,12:59,52.87,52.885,52.83,52.83,9664
FISV,2026-09-14,13:00,52.82,52.85,52.8,52.83,12635
FISV,2026-09-14,13:01,52.83,52.83,52.75,52.76,11719
FISV,2026-09-14,13:02,52.77,52.77,52.74,52.74,8322
FISV,2026-09-14,13:03,52.725,52.74,52.71,52.73,6856
FISV,2026-09-14,13:04,52.75,52.75,52.61,52.61,10277
FISV,2026-09-14,13:05,52.61,52.61,52.555,52.6,8297
FISV,2026-09-14,13:06,52.605,52.62,52.6,52.615,4085
FISV,2026-09-14,13:07,52.63,52.64,52.63,52.64,2598
FISV,2026-09-14,13:08,52.62,52.62,52.6,52.6,5312
FISV,2026-09-14,13:09,52.58,52.61,52.58,52.59,5010
FISV,2026-09-14,13:10,52.59,52.6,52.57,52.6,14207
FISV,2026-09-14,13:11,52.6,52.6,52.58,52.58,6020
FISV,2026-09-14,13:12,52.57,52.57,52.48,52.5,12394
FISV,2026-09-14,13:13,52.485,52.485,52.45,52.48,8058
FISV,2026-09-14,13:14,52.49,52.505,52.48,52.505,3024
FISV,2026-09-14,13:15,52.51,52.55,52.49,52.51,12828
FISV,2026-09-14,13:16,52.54,52.54,52.5,52.51,8317
FISV,2026-09-14,13:17,52.495,52.51,52.48,52.48,3869
FISV,2026-09-14,13:18,52.485,52.49,52.46,52.49,3373
FISV,2026-09-14,13:19,52.47,52.485,52.46,52.48,8287
FISV,2026-09-14,13:20,52.47,52.4825,52.405,52.405,6367
FISV,2026-09-14,13:21,52.4,52.4,52.34,52.38,8553
FISV,2026-09-14,13:22,52.385,52.4,52.36,52.38,4519
FISV,2026-09-14,13:23,52.375,52.41,52.375,52.39,3158
FISV,2026-09-14,13:24,52.4,52.42,52.39,52.42,5320
FISV,2026-09-14,13:25,52.4,52.48,52.4,52.47,45904
FISV,2026-09-14,13:26,52.48,52.51,52.48,52.485,6949
FISV,2026-09-14,13:27,52.46,52.47,52.37,52.4,10288
FISV,2026-09-14,13:28,52.39,52.41,52.37,52.37,9123
FISV,2026-09-14,13:29,52.36,52.39,52.345,52.36,8123
FISV,2026-09-14,13:30,52.35,52.37,52.2,52.23,38505
FISV,2026-09-14,13:31,52.23,52.33,52.23,52.31,42726
FISV,2026-09-14,13:32,52.3,52.3,52.235,52.235,6729
FISV,2026-09-14,13:33,52.2699,52.29,52.22,52.265,11992
FISV,2026-09-14,13:34,52.245,52.27,52.22,52.27,10895
FISV,2026-09-14,13:35,52.27,52.29,52.22,52.22,7502
FISV,2026-09-14,13:36,52.24,52.315,52.24,52.3,10880
FISV,2026-09-14,13:37,52.298,52.3,52.24,52.255,5605
FISV,2026-09-14,13:38,52.24,52.33,52.23,52.325,10358
FISV,2026-09-14,13:39,52.325,52.37,52.31,52.36,11956
FISV,2026-09-14,13:40,52.3799,52.3799,52.27,52.279,30352
FISV,2026-09-14,13:41,52.26,52.26,52.21,52.235,13528
FISV,2026-09-14,13:42,52.2499,52.28,52.249,52.255,6404
FISV,2026-09-14,13:43,52.25,52.28,52.24,52.245,3807
FISV,2026-09-14,13:44,52.26,52.26,52.18,52.19,3123
FISV,2026-09-14,13:45,52.1801,52.25,52.18,52.1999,8136
FISV,2026-09-14,13:46,52.18,52.25,52.18,52.25,4665
FISV,2026-09-14,13:47,52.29,52.335,52.26,52.33,9160
FISV,2026-09-14,13:48,52.33,52.35,52.32,52.34,4291
FISV,2026-09-14,13:49,52.31,52.33,52.3,52.3,10514
FISV,2026-09-14,13:50,52.3,52.3,52.14,52.2,18090
FISV,2026-09-14,13:51,52.23,52.27,52.19,52.235,8547
FISV,2026-09-14,13:52,52.235,52.29,52.235,52.25,4670
FISV,2026-09-14,13:53,52.245,52.25,52.15,52.16,17088
FISV,2026-09-14,13:54,52.15,52.22,52.14,52.17,20397
FISV,2026-09-14,13:55,52.16,52.16,52.02,52.03,10926
FISV,2026-09-14,13:56,52.025,52.0999,52.025,52.09,41853
FISV,2026-09-14,13:57,52.06,52.085,51.92,51.92,6982
FISV,2026-09-14,13:58,51.92,51.92,51.5,51.53,32230
FISV,2026-09-14,13:59,51.5,51.62,51.28,51.59,78168
FISV,2026-09-14,14:00,51.59,51.63,51.525,51.57,15107
FISV,2026-09-14,14:01,51.55,51.605,51.5,51.555,17210
FISV,2026-09-14,14:02,51.52,51.52,51.34,51.435,31417
FISV,2026-09-14,14:03,51.41,51.51,51.41,51.455,10371
FISV,2026-09-14,14:04,51.509,51.509,51.41,51.41,4146
FISV,2026-09-14,14:05,51.45,51.555,51.42,51.55,5194
FISV,2026-09-14,14:06,51.5118,51.52,51.37,51.425,27907
FISV,2026-09-14,14:07,51.425,51.5388,51.42,51.53,5397
FISV,2026-09-14,14:08,51.53,51.53,51.4,51.46,12553
FISV,2026-09-14,14:09,51.46,51.465,51.32,51.33,8962
FISV,2026-09-14,14:10,51.31,51.46,51.31,51.375,33098
FISV,2026-09-14,14:11,51.39,51.43,51.38,51.42,24917
FISV,2026-09-14,14:12,51.41,51.42,51.31,51.39,19948
FISV,2026-09-14,14:13,51.405,51.405,51.215,51.26,17655
FISV,2026-09-14,14:14,51.27,51.27,51.17,51.23,13403
FISV,2026-09-14,14:15,51.23,51.33,51.185,51.275,40782
FISV,2026-09-14,14:16,51.29,51.385,51.29,51.35,60178
FISV,2026-09-14,14:17,51.31,51.34,51.22,51.22,18127
FISV,2026-09-14,14:18,51.21,51.21,51.14,51.2,8708
FISV,2026-09-14,14:19,51.21,51.225,51.175,51.175,6160
FISV,2026-09-14,14:20,51.15,51.18,51.145,51.16,8707
FISV,2026-09-14,14:21,51.19,51.215,51.09,51.1,26339
FISV,2026-09-14,14:22,51.09,51.12,51.08,51.08,20284
FISV,2026-09-14,14:23,51.105,51.12,51.09,51.095,8606
FISV,2026-09-14,14:24,51.08,51.15,51.08,51.1351,18888
FISV,2026-09-14,14:25,51.14,51.14,51.0452,51.0452,7666
FISV,2026-09-14,14:26,51.05,51.075,51.035,51.035,5398
FISV,2026-09-14,14:27,51.045,51.1,51,51.01,14898
FISV,2026-09-14,14:28,51.015,51.04,51.015,51.025,11404
FISV,2026-09-14,14:29,51.04,51.06,51.035,51.04,6154
FISV,2026-09-14,14:30,51.05,51.1,51.05,51.085,6020
FISV,2026-09-14,14:31,51.085,51.1,50.99,51,29063
FISV,2026-09-14,14:32,51,51.08,51,51.08,6314
FISV,2026-09-14,14:33,51.04,51.08,51.04,51.045,11374
FISV,2026-09-14,14:34,51.04,51.07,51.035,51.05,12712
FISV,2026-09-14,14:35,51.04,51.1,51.03,51.1,12422
FISV,2026-09-14,14:36,51.085,51.15,51.075,51.145,17791
FISV,2026-09-14,14:37,51.15,51.195,51.15,51.17,6461
FISV,2026-09-14,14:38,51.16,51.185,51.1516,51.185,5924
FISV,2026-09-14,14:39,51.19,51.19,51.17,51.18,7851
FISV,2026-09-14,14:40,51.19,51.19,51.15,51.155,11555
FISV,2026-09-14,14:41,51.1507,51.18,51.14,51.165,12553
FISV,2026-09-14,14:42,51.175,51.196,51.14,51.14,9151
FISV,2026-09-14,14:43,51.13,51.16,51.11,51.16,17753
FISV,2026-09-14,14:44,51.16,51.16,51.13,51.155,6478
FISV,2026-09-14,14:45,51.155,51.16,51.09,51.11,15553
FISV,2026-09-14,14:46,51.1,51.1,51.01,51.02,6100
FISV,2026-09-14,14:47,51.01,51.05,51,51.04,13589
FISV,2026-09-14,14:48,51.05,51.07,51.045,51.065,11346
FISV,2026-09-14,14:49,51.065,51.11,51.0584,51.0584,9926
FISV,2026-09-14,14:50,51.05,51.05,50.98,50.995,8955
FISV,2026-09-14,14:51,51.01,51.04,50.995,51.02,14294
FISV,2026-09-14,14:52,50.99,51.025,50.99,51.025,3718
FISV,2026-09-14,14:53,51.03,51.06,51.01,51.05,15419
FISV,2026-09-14,14:54,51.05,51.05,51.025,51.025,7077
FISV,2026-09-14,14:55,51.02,51.06,51.02,51.055,8083
FISV,2026-09-14,14:56,51.065,51.08,51.04,51.08,13476
FISV,2026-09-14,14:57,51.09,51.09,51.055,51.07,13006
FISV,2026-09-14,14:58,51.07,51.07,50.9702,50.985,26791
FISV,2026-09-14,14:59,50.97,50.97,50.87,50.9,13233
FISV,2026-09-14,15:00,50.9,50.95,50.89,50.915,14946
FISV,2026-09-14,15:01,50.92,50.96,50.92,50.95,9781
FISV,2026-09-14,15:02,50.955,50.9746,50.93,50.94,7759
FISV,2026-09-14,15:03,50.94,51.0275,50.935,51.0275,22741
FISV,2026-09-14,15:04,51.03,51.085,51.02,51.085,11758
FISV,2026-09-14,15:05,51.085,51.14,51.05,51.125,19616
FISV,2026-09-14,15:06,51.125,51.125,51.06,51.08,18462
FISV,2026-09-14,15:07,51.075,51.1,51.05,51.095,8561
FISV,2026-09-14,15:08,51.09,51.1,51.07,51.1,8942
FISV,2026-09-14,15:09,51.0901,51.1,51.074,51.075,3843
FISV,2026-09-14,15:10,51.05,51.1,51.05,51.09,10230
FISV,2026-09-14,15:11,51.1,51.15,51.1,51.15,8233
FISV,2026-09-14,15:12,51.15,51.2,51.15,51.18,9250
FISV,2026-09-14,15:13,51.18,51.2,51.18,51.195,9064
FISV,2026-09-14,15:14,51.195,51.2,51.18,51.185,8240
FISV,2026-09-14,15:15,51.18,51.18,51.11,51.11,9474
FISV,2026-09-14,15:16,51.13,51.13,51.1,51.12,7081
FISV,2026-09-14,15:17,51.11,51.18,51.11,51.18,28609
FISV,2026-09-14,15:18,51.17,51.17,51.09,51.1,54216
FISV,2026-09-14,15:19,51.11,51.15,51.1,51.15,36749
FISV,2026-09-14,15:20,51.15,51.18,51.1001,51.1001,32684
FISV,2026-09-14,15:21,51.11,51.13,51.07,51.07,19591
FISV,2026-09-14,15:22,51.07,51.08,51.02,51.03,17089
FISV,2026-09-14,15:23,51.03,51.1,51.01,51.1,61294
FISV,2026-09-14,15:24,51.1,51.175,51.1,51.15,9733
FISV,2026-09-14,15:25,51.13,51.13,51.06,51.105,16561
FISV,2026-09-14,15:26,51.105,51.18,51.105,51.1675,33654
FISV,2026-09-14,15:27,51.17,51.215,51.17,51.18,16633
FISV,2026-09-14,15:28,51.18,51.195,51.17,51.19,14224
FISV,2026-09-14,15:29,51.18,51.18,51.16,51.175,14756
FISV,2026-09-14,15:30,51.17,51.195,51.14,51.15,40481
FISV,2026-09-14,15:31,51.15,51.1658,51.1,51.15,45609
FISV,2026-09-14,15:32,51.15,51.21,51.13,51.21,29853
FISV,2026-09-14,15:33,51.23,51.27,51.16,51.255,24272
FISV,2026-09-14,15:34,51.25,51.25,51.1,51.1,30365
FISV,2026-09-14,15:35,51.09,51.11,51.03,51.09,27016
FISV,2026-09-14,15:36,51.085,51.17,51.08,51.1,20460
FISV,2026-09-14,15:37,51.09,51.13,51.08,51.125,27612
FISV,2026-09-14,15:38,51.11,51.13,51.09,51.1,27672
FISV,2026-09-14,15:39,51.1,51.1,51.07,51.07,17403
FISV,2026-09-14,15:40,51.1,51.11,51.06,51.06,19371
FISV,2026-09-14,15:41,51.065,51.08,51.04,51.055,18127
FISV,2026-09-14,15:42,51.055,51.095,51.05,51.0907,19417
FISV,2026-09-14,15:43,51.08,51.1,51.065,51.085,17190
FISV,2026-09-14,15:44,51.07,51.1,51.04,51.055,36483
FISV,2026-09-14,15:45,51.04,51.08,50.98,50.98,155981
FISV,2026-09-14,15:46,50.995,50.995,50.84,50.84,38074
FISV,2026-09-14,15:47,50.83,50.85,50.78,50.8,43339
FISV,2026-09-14,15:48,50.81,50.86,50.79,50.86,104951
FISV,2026-09-14,15:49,50.87,50.935,50.8,50.925,102355
FISV,2026-09-14,15:50,50.91,50.93,50.88,50.9,21654
FISV,2026-09-14,15:51,50.9,50.91,50.802,50.825,126963
FISV,2026-09-14,15:52,50.85,50.98,50.84,50.96,26845
FISV,2026-09-14,15:53,50.94,51.02,50.92,50.94,38660
FISV,2026-09-14,15:54,50.945,51.005,50.9,50.9601,58951
FISV,2026-09-14,15:55,50.96,51.02,50.94,50.95,64940
FISV,2026-09-14,15:56,50.95,51.07,50.92,51.07,175158
FISV,2026-09-14,15:57,51.065,51.1,50.99,50.99,131590
FISV,2026-09-14,15:58,50.99,51.0025,50.95,50.985,83047
FISV,2026-09-14,15:59,50.985,51.01,50.96,50.99,138271
FISV,2026-09-15,09:30,50.67,50.73,50.5,50.59,109246
FISV,2026-09-15,09:31,50.67,50.73,50.415,50.45,9152
FISV,2026-09-15,09:32,50.4,50.66,50.4,50.41,13626
FISV,2026-09-15,09:33,50.45,50.595,50.4,50.44,13995
FISV,2026-09-15,09:34,50.4825,50.4825,50.31,50.36,10762
FISV,2026-09-15,09:35,50.355,50.41,50.3,50.405,6031
FISV,2026-09-15,09:36,50.43,50.62,50.38,50.3851,104865
FISV,2026-09-15,09:37,50.385,50.46,50.37,50.39,78876
FISV,2026-09-15,09:38,50.46,50.64,50.46,50.6,54489
FISV,2026-09-15,09:39,50.55,50.61,50.41,50.61,28061
FISV,2026-09-15,09:40,50.635,50.64,50.62,50.62,3543
FISV,2026-09-15,09:41,50.575,50.67,50.53,50.66,20604
FISV,2026-09-15,09:42,50.64,50.64,50.47,50.5075,23448
FISV,2026-09-15,09:43,50.56,50.56,50.395,50.405,13928
FISV,2026-09-15,09:44,50.4,50.47,50.37,50.39,21896
FISV,2026-09-15,09:45,50.38,50.38,50.22,50.26,24054
FISV,2026-09-15,09:46,50.27,50.33,50.19,50.3,16307
FISV,2026-09-15,09:47,50.28,50.305,50.25,50.29,8706
FISV,2026-09-15,09:48,50.26,50.28,50.22,50.23,6018
FISV,2026-09-15,09:49,50.25,50.29,50.235,50.27,6331
FISV,2026-09-15,09:50,50.28,50.29,50.2,50.205,15297
FISV,2026-09-15,09:51,50.19,50.24,50.19,50.24,8499
FISV,2026-09-15,09:52,50.23,50.25,50.16,50.2,22016
FISV,2026-09-15,09:53,50.21,50.22,50.15,50.184,15621
FISV,2026-09-15,09:54,50.1848,50.2,50.1601,50.1601,8733
FISV,2026-09-15,09:55,50.15,50.22,50.14,50.19,17713
FISV,2026-09-15,09:56,50.2,50.255,50.2,50.25,6661
FISV,2026-09-15,09:57,50.245,50.245,50.185,50.21,13161
FISV,2026-09-15,09:58,50.22,50.23,50.21,50.23,5910
FISV,2026-09-15,09:59,50.275,50.31,50.275,50.31,9022
FISV,2026-09-15,10:00,50.29,50.335,50.2,50.225,27715
FISV,2026-09-15,10:01,50.22,50.31,50.22,50.31,10603
FISV,2026-09-15,10:02,50.31,50.31,50.23,50.23,17552
FISV,2026-09-15,10:03,50.25,50.3,50.25,50.28,28318
FISV,2026-09-15,10:04,50.27,50.37,50.26,50.33,59406
FISV,2026-09-15,10:05,50.335,50.36,50.3,50.33,9259
FISV,2026-09-15,10:06,50.32,50.36,50.3,50.31,6879
FISV,2026-09-15,10:07,50.33,50.345,50.29,50.305,14198
FISV,2026-09-15,10:08,50.305,50.3608,50.305,50.36,14356
FISV,2026-09-15,10:09,50.365,50.4,50.325,50.38,16252
FISV,2026-09-15,10:10,50.375,50.38,50.35,50.3701,13191
FISV,2026-09-15,10:11,50.38,50.42,50.38,50.39,7650
FISV,2026-09-15,10:12,50.415,50.44,50.365,50.39,7632
FISV,2026-09-15,10:13,50.395,50.395,50.305,50.33,5416
FISV,2026-09-15,10:14,50.3,50.31,50.28,50.31,2702
FISV,2026-09-15,10:15,50.3,50.32,50.22,50.25,40654
FISV,2026-09-15,10:16,50.25,50.32,50.25,50.32,7984
FISV,2026-09-15,10:17,50.33,50.405,50.317,50.405,12271
FISV,2026-09-15,10:18,50.39,50.39,50.31,50.31,4459
FISV,2026-09-15,10:19,50.325,50.33,50.28,50.305,4292
FISV,2026-09-15,10:20,50.31,50.345,50.31,50.33,3230
FISV,2026-09-15,10:21,50.32,50.325,50.305,50.305,5965
FISV,2026-09-15,10:22,50.32,50.3255,50.31,50.31,4933
FISV,2026-09-15,10:23,50.311,50.311,50.25,50.25,4885
FISV,2026-09-15,10:24,50.23,50.235,50.2,50.2,11167
FISV,2026-09-15,10:25,50.18,50.2,50.09,50.09,3690
FISV,2026-09-15,10:26,50.08,50.107,50.07,50.09,6178
FISV,2026-09-15,10:27,50.1,50.1,50.07,50.07,7054
FISV,2026-09-15,10:28,50.05,50.05,50.02,50.02,4008
FISV,2026-09-15,10:29,50.025,50.055,50.02,50.03,5776
FISV,2026-09-15,10:30,50.04,50.065,50,50,26435
FISV,2026-09-15,10:31,50,50.01,49.94,49.94,10408
FISV,2026-09-15,10:32,49.95,49.98,49.95,49.97,3391
FISV,2026-09-15,10:33,49.97,50.03,49.97,49.99,14648
FISV,2026-09-15,10:34,49.9683,50,49.964,49.99,5805
FISV,2026-09-15,10:35,49.99,50.01,49.98,50.01,3468
FISV,2026-09-15,10:36,50.01,50.045,50,50.045,4666
FISV,2026-09-15,10:37,50.03,50.1199,50.02,50.09,8832
FISV,2026-09-15,10:38,50.08,50.08,50.02,50.04,7048
FISV,2026-09-15,10:39,50.05,50.06,50.05,50.06,5409
FISV,2026-09-15,10:40,50.07,50.11,50.07,50.11,3632
FISV,2026-09-15,10:41,50.125,50.16,50.12,50.16,7664
FISV,2026-09-15,10:42,50.18,50.18,50.17,50.18,5126
FISV,2026-09-15,10:43,50.21,50.245,50.21,50.22,10810
FISV,2026-09-15,10:44,50.22,50.22,50.17,50.17,9188
FISV,2026-09-15,10:45,50.17,50.205,50.14,50.205,4138
FISV,2026-09-15,10:46,50.16,50.16,50.13,50.135,2393
FISV,2026-09-15,10:47,50.14,50.18,50.14,50.15,1623
FISV,2026-09-15,10:48,50.15,50.175,50.14,50.15,2766
FISV,2026-09-15,10:49,50.15,50.15,50.15,50.15,1330
FISV,2026-09-15,10:50,50.14,50.17,50.11,50.16,12150
FISV,2026-09-15,10:51,50.19,50.205,50.16,50.16,8260
FISV,2026-09-15,10:52,50.18,50.2,50.16,50.16,5583
FISV,2026-09-15,10:53,50.16,50.16,50.145,50.155,4895
FISV,2026-09-15,10:54,50.15,50.15,50.075,50.075,5377
FISV,2026-09-15,10:55,50.09,50.1,50.0346,50.05,4640
FISV,2026-09-15,10:56,50.04,50.07,50.0346,50.07,6234
FISV,2026-09-15,10:57,50.0523,50.15,50.0523,50.14,8459
FISV,2026-09-15,10:58,50.14,50.14,50.12,50.1301,5893
FISV,2026-09-15,10:59,50.135,50.19,50.135,50.165,3955
FISV,2026-09-15,11:00,50.15,50.18,50.125,50.16,3838
FISV,2026-09-15,11:01,50.15,50.18,50.1375,50.17,8120
FISV,2026-09-15,11:02,50.165,50.225,50.165,50.225,4031
FISV,2026-09-15,11:03,50.22,50.255,50.22,50.23,4549
FISV,2026-09-15,11:04,50.295,50.31,50.27,50.27,7662
FISV,2026-09-15,11:05,50.28,50.29,50.28,50.29,1603
FISV,2026-09-15,11:06,50.29,50.335,50.29,50.3,5047
FISV,2026-09-15,11:07,50.2792,50.295,50.235,50.295,13391
FISV,2026-09-15,11:08,50.295,50.4039,50.295,50.4039,17567
FISV,2026-09-15,11:09,50.4,50.425,50.36,50.365,8649
FISV,2026-09-15,11:10,50.35,50.38,50.34,50.35,30030
FISV,2026-09-15,11:11,50.35,50.465,50.35,50.46,18018
FISV,2026-09-15,11:12,50.441,50.465,50.43,50.43,5749
FISV,2026-09-15,11:13,50.45,50.5,50.45,50.5,11709
FISV,2026-09-15,11:14,50.48,50.5,50.475,50.475,3978
FISV,2026-09-15,11:15,50.52,50.52,50.48,50.49,4069
FISV,2026-09-15,11:16,50.46,50.475,50.42,50.475,11116
FISV,2026-09-15,11:17,50.475,50.48,50.415,50.415,7085
FISV,2026-09-15,11:18,50.39,50.4,50.38,50.395,2462
FISV,2026-09-15,11:19,50.38,50.44,50.38,50.43,7664
FISV,2026-09-15,11:20,50.46,50.475,50.44,50.45,6866
FISV,2026-09-15,11:21,50.42,50.45,50.39,50.39,5228
FISV,2026-09-15,11:22,50.385,50.385,50.31,50.33,4026
FISV,2026-09-15,11:23,50.31,50.34,50.31,50.325,6153
FISV,2026-09-15,11:24,50.33,50.355,50.33,50.355,2982
FISV,2026-09-15,11:25,50.35,50.35,50.32,50.35,10438
FISV,2026-09-15,11:26,50.34,50.34,50.325,50.335,3638
FISV,2026-09-15,11:27,50.335,50.35,50.27,50.29,8308
FISV,2026-09-15,11:28,50.33,50.36,50.32,50.325,3929
FISV,2026-09-15,11:29,50.325,50.325,50.225,50.2501,8786
FISV,2026-09-15,11:30,50.18,50.21,50.16,50.21,2926
FISV,2026-09-15,11:31,50.22,50.22,50.21,50.21,1179
FISV,2026-09-15,11:32,50.21,50.23,50.17,50.17,5653
FISV,2026-09-15,11:33,50.18,50.205,50.18,50.2,1651
FISV,2026-09-15,11:34,50.19,50.19,50.19,50.19,1128
FISV,2026-09-15,11:35,50.18,50.2,50.15,50.2,4429
FISV,2026-09-15,11:36,50.205,50.27,50.205,50.27,3174
FISV,2026-09-15,11:37,50.24,50.27,50.24,50.27,1631
FISV,2026-09-15,11:38,50.29,50.31,50.28,50.31,2391
FISV,2026-09-15,11:39,50.33,50.37,50.3,50.37,7563
FISV,2026-09-15,11:40,50.37,50.37,50.31,50.31,9100
FISV,2026-09-15,11:41,50.31,50.4,50.31,50.4,9191
FISV,2026-09-15,11:42,50.44,50.49,50.43,50.475,3528
FISV,2026-09-15,11:43,50.49,50.515,50.49,50.515,2446
FISV,2026-09-15,11:44,50.5,50.505,50.4337,50.44,8562
FISV,2026-09-15,11:45,50.435,50.435,50.36,50.36,6371
FISV,2026-09-15,11:46,50.39,50.43,50.38,50.43,7407
FISV,2026-09-15,11:47,50.42,50.45,50.41,50.43,3874
FISV,2026-09-15,11:48,50.4,50.4,50.37,50.395,4576
FISV,2026-09-15,11:49,50.385,50.425,50.38,50.42,6878
FISV,2026-09-15,11:50,50.43,50.455,50.41,50.455,11638
FISV,2026-09-15,11:51,50.45,50.5,50.43,50.5,5356
FISV,2026-09-15,11:52,50.49,50.49,50.46,50.46,3564
FISV,2026-09-15,11:53,50.46,50.46,50.425,50.425,4969
FISV,2026-09-15,11:54,50.42,50.45,50.38,50.45,6339
FISV,2026-09-15,11:55,50.43,50.51,50.43,50.51,6184
FISV,2026-09-15,11:56,50.5,50.52,50.49,50.4975,10239
FISV,2026-09-15,11:57,50.495,50.505,50.47,50.48,14122
FISV,2026-09-15,11:58,50.48,50.52,50.48,50.52,5237
FISV,2026-09-15,11:59,50.51,50.54,50.505,50.51,8539
FISV,2026-09-15,12:00,50.52,50.52,50.47,50.47,4139
FISV,2026-09-15,12:01,50.48,50.5126,50.47,50.47,7911
FISV,2026-09-15,12:02,50.47,50.475,50.435,50.435,4117
FISV,2026-09-15,12:03,50.43,50.46,50.43,50.44,7177
FISV,2026-09-15,12:04,50.44,50.465,50.43,50.465,4892
FISV,2026-09-15,12:05,50.465,50.55,50.465,50.55,5850
FISV,2026-09-15,12:06,50.545,50.57,50.545,50.57,3255
FISV,2026-09-15,12:07,50.57,50.585,50.53,50.585,8296
FISV,2026-09-15,12:08,50.58,50.65,50.57,50.64,14269
FISV,2026-09-15,12:09,50.63,50.73,50.61,50.73,19075
FISV,2026-09-15,12:10,50.73,50.8,50.73,50.8,10628
FISV,2026-09-15,12:11,50.8012,50.81,50.8012,50.81,2515
FISV,2026-09-15,12:12,50.81,50.82,50.795,50.82,7136
FISV,2026-09-15,12:13,50.82,50.82,50.8,50.815,8082
FISV,2026-09-15,12:14,50.81,50.85,50.81,50.84,5078
FISV,2026-09-15,12:15,50.85,50.905,50.84,50.885,19813
FISV,2026-09-15,12:16,50.88,50.91,50.83,50.88,100562
FISV,2026-09-15,12:17,50.88,50.88,50.72,50.74,32043
FISV,2026-09-15,12:18,50.75,50.8,50.74,50.8,10535
FISV,2026-09-15,12:19,50.81,50.85,50.81,50.82,4199
FISV,2026-09-15,12:20,50.8,50.89,50.77,50.89,71305
FISV,2026-09-15,12:21,50.89,50.93,50.89,50.9,14922
FISV,2026-09-15,12:22,50.89,50.94,50.885,50.94,15559
FISV,2026-09-15,12:23,50.95,50.99,50.93,50.97,27017
FISV,2026-09-15,12:24,50.955,51.005,50.955,51,5617
FISV,2026-09-15,12:25,51,51.002,50.955,50.98,6879
FISV,2026-09-15,12:26,51.02,51.1,51.02,51.1,8947
FISV,2026-09-15,12:27,51.11,51.12,51.07,51.1,11128
FISV,2026-09-15,12:28,51.1,51.12,51.06,51.07,5618
FISV,2026-09-15,12:29,51.06,51.08,51.05,51.05,3983
FISV,2026-09-15,12:30,51.04,51.04,50.98,50.98,4199
FISV,2026-09-15,12:31,50.995,50.995,50.96,50.97,2737
FISV,2026-09-15,12:32,50.96,50.9706,50.95,50.95,3220
FISV,2026-09-15,12:33,50.95,50.97,50.95,50.96,3157
FISV,2026-09-15,12:34,50.955,50.96,50.92,50.92,4048
FISV,2026-09-15,12:35,50.92,50.94,50.92,50.94,7865
FISV,2026-09-15,12:36,50.95,50.97,50.85,50.85,9324
FISV,2026-09-15,12:37,50.83,50.84,50.79,50.79,3796
FISV,2026-09-15,12:38,50.79,50.8,50.7799,50.78,5946
FISV,2026-09-15,12:39,50.78,50.7999,50.77,50.7999,5591
FISV,2026-09-15,12:40,50.76,50.77,50.76,50.76,2457
FISV,2026-09-15,12:41,50.77,50.775,50.76,50.76,2965
FISV,2026-09-15,12:42,50.77,50.81,50.76,50.81,3108
FISV,2026-09-15,12:43,50.82,50.84,50.82,50.835,3484
FISV,2026-09-15,12:44,50.85,50.88,50.84,50.88,4307
FISV,2026-09-15,12:45,50.88,50.89,50.84,50.85,5796
FISV,2026-09-15,12:46,50.855,50.94,50.855,50.93,37261
FISV,2026-09-15,12:47,50.92,50.92,50.9,50.905,4221
FISV,2026-09-15,12:48,50.905,50.92,50.905,50.92,5838
FISV,2026-09-15,12:49,50.95,51,50.95,50.97,6421
FISV,2026-09-15,12:50,50.98,50.98,50.92,50.965,26280
FISV,2026-09-15,12:51,50.94,50.94,50.92,50.925,4525
FISV,2026-09-15,12:52,50.93,50.95,50.93,50.93,5105
FISV,2026-09-15,12:53,50.98,51.005,50.975,50.975,10762
FISV,2026-09-15,12:54,50.975,50.975,50.95,50.95,8225
FISV,2026-09-15,12:55,50.96,50.97,50.95,50.97,2418
FISV,2026-09-15,12:56,50.96,50.96,50.94,50.94,6948
FISV,2026-09-15,12:57,50.9379,50.97,50.93,50.93,8704
FISV,2026-09-15,12:58,50.93,50.93,50.91,50.92,3685
FISV,2026-09-15,12:59,50.925,50.925,50.895,50.9,6292
FISV,2026-09-15,13:00,50.905,50.91,50.905,50.91,1310
FISV,2026-09-15,13:01,50.89,50.93,50.89,50.93,4025
FISV,2026-09-15,13:02,50.925,50.925,50.895,50.8951,3214
FISV,2026-09-15,13:03,50.895,50.93,50.895,50.93,7532
FISV,2026-09-15,13:04,50.93,50.95,50.86,50.905,18901
FISV,2026-09-15,13:05,50.9,50.91,50.885,50.91,16296
FISV,2026-09-15,13:06,50.9,50.9,50.86,50.88,8365
FISV,2026-09-15,13:07,50.86,50.97,50.85,50.96,11280
FISV,2026-09-15,13:08,50.97,51,50.93,50.935,21673
FISV,2026-09-15,13:09,50.95,50.98,50.95,50.96,9340
FISV,2026-09-15,13:10,50.975,50.985,50.975,50.985,1208
FISV,2026-09-15,13:11,50.995,51.0251,50.995,51.025,2224
FISV,2026-09-15,13:12,51.01,51.01,50.975,50.98,7001
FISV,2026-09-15,13:13,50.99,50.99,50.975,50.98,3693
FISV,2026-09-15,13:14,50.96,51.01,50.9401,50.99,5851
FISV,2026-09-15,13:15,50.985,51,50.965,50.98,6921
FISV,2026-09-15,13:16,50.965,50.98,50.96,50.98,6029
FISV,2026-09-15,13:17,50.985,50.985,50.985,50.985,1708
FISV,2026-09-15,13:18,50.98,50.98,50.92,50.925,4696
FISV,2026-09-15,13:19,50.92,50.94,50.92,50.94,4096
FISV,2026-09-15,13:20,50.95,50.955,50.95,50.955,3162
FISV,2026-09-15,13:21,50.955,50.955,50.955,50.955,0
FISV,2026-09-15,13:22,50.94,50.99,50.935,50.99,8738
FISV,2026-09-15,13:23,50.96,50.96,50.94,50.94,4269
FISV,2026-09-15,13:24,50.93,50.955,50.93,50.955,4427
FISV,2026-09-15,13:25,50.96,50.965,50.96,50.965,3688
FISV,2026-09-15,13:26,50.965,50.965,50.965,50.965,0
FISV,2026-09-15,13:27,50.95,50.95,50.94,50.95,3147
FISV,2026-09-15,13:28,50.95,50.98,50.945,50.98,7513
FISV,2026-09-15,13:29,50.98,50.98,50.97,50.97,1403
FISV,2026-09-15,13:30,50.98,51,50.9502,50.96,13481
FISV,2026-09-15,13:31,50.96,50.97,50.95,50.97,5230
FISV,2026-09-15,13:32,50.95,50.95,50.92,50.94,4579
FISV,2026-09-15,13:33,50.91,50.91,50.88,50.88,6290
FISV,2026-09-15,13:34,50.9286,50.9286,50.91,50.915,3531
FISV,2026-09-15,13:35,50.92,50.995,50.92,50.97,9761
FISV,2026-09-15,13:36,50.96,50.965,50.925,50.93,4192
FISV,2026-09-15,13:37,50.93,50.93,50.88,50.88,2310
FISV,2026-09-15,13:38,50.855,50.89,50.855,50.89,6044
FISV,2026-09-15,13:39,50.89,50.89,50.89,50.89,0
FISV,2026-09-15,13:40,50.905,50.91,50.89,50.9,3379
FISV,2026-09-15,13:41,50.88,50.88,50.8501,50.866,2522
FISV,2026-09-15,13:42,50.87,50.905,50.87,50.905,3208
FISV,2026-09-15,13:43,50.92,50.92,50.92,50.92,1298
FISV,2026-09-15,13:44,50.93,50.96,50.91,50.96,21460
FISV,2026-09-15,13:45,50.95,50.96,50.95,50.95,6768
FISV,2026-09-15,13:46,50.95,50.955,50.93,50.93,7891
FISV,2026-09-15,13:47,50.91,50.92,50.91,50.91,2236
FISV,2026-09-15,13:48,50.905,50.905,50.89,50.89,1100
FISV,2026-09-15,13:49,50.88,50.88,50.875,50.88,6946
FISV,2026-09-15,13:50,50.905,50.92,50.89,50.92,7232
FISV,2026-09-15,13:51,50.92,50.955,50.92,50.955,3686
FISV,2026-09-15,13:52,50.9713,50.98,50.96,50.96,3676
FISV,2026-09-15,13:53,50.96,50.96,50.945,50.95,6346
FISV,2026-09-15,13:54,50.96,51.01,50.96,51.01,7128
FISV,2026-09-15,13:55,51.01,51.06,51.01,51.06,6813
FISV,2026-09-15,13:56,51.06,51.06,51.04,51.04,3279
FISV,2026-09-15,13:57,51.04,51.04,51.03,51.04,3046
FISV,2026-09-15,13:58,51.05,51.05,51.04,51.04,3700
FISV,2026-09-15,13:59,51.03,51.03,51,51.02,5508
FISV,2026-09-15,14:00,51,51.045,50.99,51.03,6802
FISV,2026-09-15,14:01,51.02,51.03,51.02,51.03,2108
FISV,2026-09-15,14:02,51.04,51.07,51.04,51.07,3544
FISV,2026-09-15,14:03,51.065,51.09,51.065,51.085,4716
FISV,2026-09-15,14:04,51.07,51.07,51.06,51.06,1583
FISV,2026-09-15,14:05,51.06,51.09,51.06,51.09,2778
FISV,2026-09-15,14:06,51.1,51.125,51.09,51.11,4350
FISV,2026-09-15,14:07,51.1,51.105,51.09,51.105,3772
FISV,2026-09-15,14:08,51.115,51.115,51.11,51.11,1827
FISV,2026-09-15,14:09,51.1,51.105,51.09,51.1,3638
FISV,2026-09-15,14:10,51.1,51.11,51.1,51.1,2710
FISV,2026-09-15,14:11,51.09,51.095,51.0734,51.095,3218
FISV,2026-09-15,14:12,51.08,51.08,51.06,51.065,7813
FISV,2026-09-15,14:13,51.06,51.12,51.015,51.015,26289
FISV,2026-09-15,14:14,51,51,50.94,50.96,13441
FISV,2026-09-15,14:15,50.965,50.99,50.94,50.99,5944
FISV,2026-09-15,14:16,51.015,51.06,51.015,51.06,5679
FISV,2026-09-15,14:17,51.04,51.055,51.04,51.055,1249
FISV,2026-09-15,14:18,51.05,51.08,51.03,51.08,3066
FISV,2026-09-15,14:19,51.09,51.11,51.08,51.1,5843
FISV,2026-09-15,14:20,51.11,51.12,51.1,51.12,4120
FISV,2026-09-15,14:21,51.11,51.11,51.075,51.075,5926
FISV,2026-09-15,14:22,51.08,51.095,51.07,51.07,4387
FISV,2026-09-15,14:23,51.06,51.07,51.04,51.06,6882
FISV,2026-09-15,14:24,51.04,51.04,50.99,50.99,5238
FISV,2026-09-15,14:25,51,51.02,51,51.02,1644
FISV,2026-09-15,14:26,51.0201,51.03,51,51.01,5440
FISV,2026-09-15,14:27,51.005,51.005,50.99,50.99,4406
FISV,2026-09-15,14:28,50.99,51.02,50.98,51.015,5022
FISV,2026-09-15,14:29,51.015,51.035,51.01,51.01,6915
FISV,2026-09-15,14:30,51.02,51.02,50.9875,51,4635
FISV,2026-09-15,14:31,50.99,50.99,50.98,50.98,4007
FISV,2026-09-15,14:32,50.97,50.98,50.97,50.98,6660
FISV,2026-09-15,14:33,50.975,50.975,50.94,50.945,6901
FISV,2026-09-15,14:34,50.94,50.945,50.935,50.935,1230
FISV,2026-09-15,14:35,50.935,50.94,50.92,50.9225,4237
FISV,2026-09-15,14:36,50.885,50.885,50.86,50.88,4694
FISV,2026-09-15,14:37,50.88,50.92,50.8671,50.915,5090
FISV,2026-09-15,14:38,50.92,50.95,50.92,50.94,4157
FISV,2026-09-15,14:39,50.93,50.93,50.905,50.905,2483
FISV,2026-09-15,14:40,50.88,50.93,50.88,50.925,31482
FISV,2026-09-15,14:41,50.91,50.965,50.91,50.965,6887
FISV,2026-09-15,14:42,50.96,50.96,50.94,50.945,5435
FISV,2026-09-15,14:43,50.96,50.98,50.96,50.97,4181
FISV,2026-09-15,14:44,50.96,50.96,50.9122,50.9122,3638
FISV,2026-09-15,14:45,50.905,50.91,50.87,50.87,3502
FISV,2026-09-15,14:46,50.88,50.925,50.88,50.92,9398
FISV,2026-09-15,14:47,50.91,50.928,50.8401,50.8401,8078
FISV,2026-09-15,14:48,50.85,50.87,50.84,50.8401,6034
FISV,2026-09-15,14:49,50.835,50.835,50.83,50.835,3495
FISV,2026-09-15,14:50,50.825,50.825,50.685,50.685,13573
FISV,2026-09-15,14:51,50.71,50.725,50.71,50.725,2774
FISV,2026-09-15,14:52,50.73,50.75,50.73,50.75,3545
FISV,2026-09-15,14:53,50.75,50.765,50.75,50.755,8331
FISV,2026-09-15,14:54,50.75,50.76,50.745,50.76,2540
FISV,2026-09-15,14:55,50.75,50.75,50.73,50.735,4513
FISV,2026-09-15,14:56,50.735,50.74,50.735,50.735,6999
FISV,2026-09-15,14:57,50.735,50.81,50.735,50.81,10323
FISV,2026-09-15,14:58,50.82,50.85,50.82,50.85,8876
FISV,2026-09-15,14:59,50.875,50.89,50.86,50.88,7968
FISV,2026-09-15,15:00,50.91,50.94,50.905,50.94,5018
FISV,2026-09-15,15:01,50.94,50.94,50.91,50.91,4465
FISV,2026-09-15,15:02,50.9,50.91,50.89,50.91,19442
FISV,2026-09-15,15:03,50.91,50.935,50.91,50.935,3082
FISV,2026-09-15,15:04,50.94,50.94,50.9203,50.9203,2481
FISV,2026-09-15,15:05,50.92,50.92,50.89,50.89,5447
FISV,2026-09-15,15:06,50.88,50.88,50.86,50.87,8711
FISV,2026-09-15,15:07,50.85,50.88,50.85,50.86,2396
FISV,2026-09-15,15:08,50.86,50.86,50.84,50.8551,4625
FISV,2026-09-15,15:09,50.85,50.855,50.84,50.84,4194
FISV,2026-09-15,15:10,50.84,50.86,50.82,50.82,4155
FISV,2026-09-15,15:11,50.83,50.8375,50.83,50.835,2812
FISV,2026-09-15,15:12,50.84,50.875,50.83,50.875,8070
FISV,2026-09-15,15:13,50.87,50.875,50.8607,50.875,5339
FISV,2026-09-15,15:14,50.87,50.88,50.86,50.88,6679
FISV,2026-09-15,15:15,50.885,50.9199,50.885,50.9,9121
FISV,2026-09-15,15:16,50.89,50.89,50.875,50.89,1837
FISV,2026-09-15,15:17,50.87,50.9,50.87,50.9,1100
FISV,2026-09-15,15:18,50.9,50.9,50.8875,50.9,8667
FISV,2026-09-15,15:19,50.91,50.92,50.865,50.885,14208
FISV,2026-09-15,15:20,50.87,50.88,50.87,50.8778,2625
FISV,2026-09-15,15:21,50.87,50.875,50.85,50.85,8555
FISV,2026-09-15,15:22,50.825,50.84,50.82,50.83,4934
FISV,2026-09-15,15:23,50.795,50.82,50.795,50.82,2136
FISV,2026-09-15,15:24,50.82,50.825,50.785,50.785,26075
FISV,2026-09-15,15:25,50.785,50.785,50.74,50.77,7650
FISV,2026-09-15,15:26,50.78,50.83,50.78,50.83,6733
FISV,2026-09-15,15:27,50.81,50.81,50.77,50.77,5591
FISV,2026-09-15,15:28,50.77,50.77,50.735,50.75,8378
FISV,2026-09-15,15:29,50.76,50.76,50.74,50.75,5421
FISV,2026-09-15,15:30,50.765,50.77,50.735,50.77,7665
FISV,2026-09-15,15:31,50.76,50.78,50.67,50.67,15166
FISV,2026-09-15,15:32,50.66,50.71,50.655,50.67,9595
FISV,2026-09-15,15:33,50.66,50.67,50.62,50.635,9383
FISV,2026-09-15,15:34,50.65,50.65,50.61,50.625,7918
FISV,2026-09-15,15:35,50.6214,50.64,50.59,50.59,6607
FISV,2026-09-15,15:36,50.605,50.61,50.56,50.59,4340
FISV,2026-09-15,15:37,50.59,50.6,50.57,50.595,8835
FISV,2026-09-15,15:38,50.59,50.595,50.53,50.56,9677
FISV,2026-09-15,15:39,50.555,50.57,50.53,50.55,11589
FISV,2026-09-15,15:40,50.54,50.555,50.54,50.54,7089
FISV,2026-09-15,15:41,50.53,50.53,50.51,50.51,4984
FISV,2026-09-15,15:42,50.5,50.515,50.495,50.51,6131
FISV,2026-09-15,15:43,50.5,50.5,50.465,50.4933,6727
FISV,2026-09-15,15:44,50.49,50.49,50.46,50.46,8249
FISV,2026-09-15,15:45,50.45,50.45,50.38,50.38,8892
FISV,2026-09-15,15:46,50.37,50.375,50.34,50.34,10442
FISV,2026-09-15,15:47,50.34,50.36,50.33,50.36,12552
FISV,2026-09-15,15:48,50.365,50.39,50.36,50.375,9744
FISV,2026-09-15,15:49,50.37,50.4,50.34,50.365,21913
FISV,2026-09-15,15:50,50.35,50.35,50.21,50.215,35731
FISV,2026-09-15,15:51,50.215,50.215,50.185,50.19,32128
FISV,2026-09-15,15:52,50.2,50.22,50.15,50.17,35072
FISV,2026-09-15,15:53,50.16,50.17,50.145,50.155,21667
FISV,2026-09-15,15:54,50.155,50.19,50.065,50.065,38057
FISV,2026-09-15,15:55,50.06,50.07,50,50.015,43072
FISV,2026-09-15,15:56,50.015,50.04,50,50.005,65892
FISV,2026-09-15,15:57,50,50.035,49.975,50.02,67269
FISV,2026-09-15,15:58,50.015,50.05,50.01,50.025,99160
FISV,2026-09-15,15:59,50.025,50.045,50,50.02,206677
FISV,2026-09-15,16:00,50.02,50.02,50.02,50.02,0
