symbol,date,time,open,high,low,close,volume
HOOD,2026-09-08,09:30,125.065,125.1209,120.88,122.3188,2166026
HOOD,2026-09-08,09:31,122.245,122.72,121.29,122.22,224762
HOOD,2026-09-08,09:32,122.3046,122.5,121.12,121.445,251088
HOOD,2026-09-08,09:33,121.425,122.46,121.3,122.28,193287
HOOD,2026-09-08,09:34,122.38,123.42,122.28,122.62,330531
HOOD,2026-09-08,09:35,122.58,122.9894,122.23,122.685,131423
HOOD,2026-09-08,09:36,122.61,122.73,120.4501,121.63,252937
HOOD,2026-09-08,09:37,121.7099,122.65,121.3137,122.455,131675
HOOD,2026-09-08,09:38,122.455,123.18,122.35,123.03,199889
HOOD,2026-09-08,09:39,123.075,123.15,122.0327,122.26,131505
HOOD,2026-09-08,09:40,122.2484,122.275,121.63,121.7121,97542
HOOD,2026-09-08,09:41,121.76,122.46,121.7101,122,117139
HOOD,2026-09-08,09:42,122.08,122.2,121.87,121.98,68216
HOOD,2026-09-08,09:43,121.98,122.5999,121.9594,122.5372,87042
HOOD,2026-09-08,09:44,122.5,123.09,122.3862,122.8509,107956
HOOD,2026-09-08,09:45,122.8443,123.31,122.74,122.925,184980
HOOD,2026-09-08,09:46,122.9482,122.97,122.6,122.835,78474
HOOD,2026-09-08,09:47,122.835,123.3695,122.83,123.3695,132018
HOOD,2026-09-08,09:48,123.2801,123.3999,122.76,122.9,125847
HOOD,2026-09-08,09:49,122.895,123.25,122.61,123.185,107029
HOOD,2026-09-08,09:50,123.14,123.53,122.8673,122.9399,208147
HOOD,2026-09-08,09:51,122.895,123.04,122.74,122.9,79186
HOOD,2026-09-08,09:52,122.83,123.16,122.55,122.59,102093
HOOD,2026-09-08,09:53,122.55,122.98,122.51,122.78,128040
HOOD,2026-09-08,09:54,122.81,123.9,122.79,123.9,323196
HOOD,2026-09-08,09:55,123.905,124.1699,123.7501,124.13,185901
HOOD,2026-09-08,09:56,124.13,124.135,123.5,123.875,132207
HOOD,2026-09-08,09:57,123.875,124.13,123.61,123.64,100551
HOOD,2026-09-08,09:58,123.64,123.655,123.11,123.3399,88420
HOOD,2026-09-08,09:59,123.28,123.69,123.15,123.4,217653
HOOD,2026-09-08,10:00,123.41,123.67,123.2,123.4516,83271
HOOD,2026-09-08,10:01,123.505,123.505,122.88,123,85807
HOOD,2026-09-08,10:02,123,123.245,122.88,123.245,59135
HOOD,2026-09-08,10:03,123.21,123.34,122.75,122.93,75208
HOOD,2026-09-08,10:04,122.89,123.35,122.825,123.185,56165
HOOD,2026-09-08,10:05,123.22,123.6999,122.9902,123.56,127235
HOOD,2026-09-08,10:06,123.56,123.56,123.0001,123.165,62283
HOOD,2026-09-08,10:07,123.17,123.17,122.82,122.85,61051
HOOD,2026-09-08,10:08,122.85,123.15,122.68,123.01,64416
HOOD,2026-09-08,10:09,123.035,123.035,122.7501,122.96,33547
HOOD,2026-09-08,10:10,122.95,123.157,122.83,123.115,51260
HOOD,2026-09-08,10:11,123.06,123.15,122.9386,122.985,49681
HOOD,2026-09-08,10:12,123,123.09,122.86,123.02,42171
HOOD,2026-09-08,10:13,123.02,123.25,122.94,123.205,42567
HOOD,2026-09-08,10:14,123.205,123.44,123.035,123.125,73883
HOOD,2026-09-08,10:15,123.125,123.358,123.11,123.218,54858
HOOD,2026-09-08,10:16,123.22,123.73,123.085,123.345,147905
HOOD,2026-09-08,10:17,123.36,123.36,123.16,123.3,68737
HOOD,2026-09-08,10:18,123.34,123.5,123.231,123.47,71907
HOOD,2026-09-08,10:19,123.4001,124.1,123.4,124.1,181943
HOOD,2026-09-08,10:20,124.13,124.3413,123.89,124.09,116391
HOOD,2026-09-08,10:21,124.04,124.2,123.8,124.11,93386
HOOD,2026-09-08,10:22,124.14,124.42,123.7312,123.79,148734
HOOD,2026-09-08,10:23,123.77,123.8899,123.61,123.745,49029
HOOD,2026-09-08,10:24,123.72,123.82,123.6362,123.77,41220
HOOD,2026-09-08,10:25,123.77,123.845,123.6,123.645,28154
HOOD,2026-09-08,10:26,123.6066,123.6699,123.3033,123.4385,63221
HOOD,2026-09-08,10:27,123.3901,123.4599,123.1067,123.4599,55999
HOOD,2026-09-08,10:28,123.4599,123.57,123.3216,123.36,40299
HOOD,2026-09-08,10:29,123.39,123.47,123.16,123.16,31538
HOOD,2026-09-08,10:30,123.205,123.41,123.205,123.3,19381
HOOD,2026-09-08,10:31,123.3,123.39,122.8,122.84,114068
HOOD,2026-09-08,10:32,122.885,123.18,122.885,123.18,39119
HOOD,2026-09-08,10:33,123.18,123.545,123.11,123.545,56355
HOOD,2026-09-08,10:34,123.545,123.76,123.4236,123.52,45402
HOOD,2026-09-08,10:35,123.58,123.684,123.476,123.5399,47040
HOOD,2026-09-08,10:36,123.505,123.565,123.26,123.335,30409
HOOD,2026-09-08,10:37,123.32,123.37,123.05,123.18,55796
HOOD,2026-09-08,10:38,123.21,123.3,122.9772,123.2265,43548
HOOD,2026-09-08,10:39,123.245,123.3,123.02,123.07,28700
HOOD,2026-09-08,10:40,123.07,123.11,122.86,123.02,64083
HOOD,2026-09-08,10:41,123.03,123.08,122.75,122.81,75422
HOOD,2026-09-08,10:42,122.81,122.82,122.4616,122.55,68278
HOOD,2026-09-08,10:43,122.4988,122.69,122.47,122.675,35691
HOOD,2026-09-08,10:44,122.68,122.68,122.251,122.33,71127
HOOD,2026-09-08,10:45,122.3226,122.3226,121.68,121.7574,101191
HOOD,2026-09-08,10:46,121.7921,122.435,121.7921,122.37,110553
HOOD,2026-09-08,10:47,122.36,122.4499,122.2383,122.2383,48918
HOOD,2026-09-08,10:48,122.33,122.3751,122.17,122.33,27724
HOOD,2026-09-08,10:49,122.322,122.64,122.26,122.31,76479
HOOD,2026-09-08,10:50,122.32,122.3699,122.17,122.205,42428
HOOD,2026-09-08,10:51,122.24,122.32,122.05,122.17,52674
HOOD,2026-09-08,10:52,122.21,122.23,121.8105,122.015,119773
HOOD,2026-09-08,10:53,122.05,122.34,121.8725,122.23,49141
HOOD,2026-09-08,10:54,122.195,122.35,122.1638,122.2749,26935
HOOD,2026-09-08,10:55,122.28,122.535,122.28,122.365,48951
HOOD,2026-09-08,10:56,122.365,122.365,122.04,122.0866,61548
HOOD,2026-09-08,10:57,122.066,122.22,122.0008,122.15,37086
HOOD,2026-09-08,10:58,122.18,122.21,121.9403,122.03,28205
HOOD,2026-09-08,10:59,121.977,122.095,121.92,122.06,29642
HOOD,2026-09-08,11:00,122.045,122.09,121.77,121.84,59018
HOOD,2026-09-08,11:01,121.89,121.94,121.81,121.88,33232
HOOD,2026-09-08,11:02,121.88,122.06,121.71,121.9301,58377
HOOD,2026-09-08,11:03,121.94,122.425,121.93,122.3762,42929
HOOD,2026-09-08,11:04,122.375,122.42,122.22,122.28,35540
HOOD,2026-09-08,11:05,122.2659,122.47,122.25,122.375,42277
HOOD,2026-09-08,11:06,122.365,122.4,122.09,122.14,32346
HOOD,2026-09-08,11:07,122.18,122.3,122.145,122.27,30809
HOOD,2026-09-08,11:08,122.255,122.3,122.165,122.3,23874
HOOD,2026-09-08,11:09,122.37,122.48,122.28,122.48,33702
HOOD,2026-09-08,11:10,122.4999,122.62,122.3,122.37,85726
HOOD,2026-09-08,11:11,122.4,122.41,122.2,122.24,33055
HOOD,2026-09-08,11:12,122.29,122.3887,122.22,122.3143,42861
HOOD,2026-09-08,11:13,122.31,122.42,122.31,122.355,23576
HOOD,2026-09-08,11:14,122.35,122.4519,122.33,122.35,50100
HOOD,2026-09-08,11:15,122.36,122.44,122.21,122.425,31747
HOOD,2026-09-08,11:16,122.44,122.48,122.294,122.4,28959
HOOD,2026-09-08,11:17,122.4,122.46,122.1601,122.175,52233
HOOD,2026-09-08,11:18,122.19,122.26,122.15,122.165,35190
HOOD,2026-09-08,11:19,122.17,122.19,122.025,122.03,50759
HOOD,2026-09-08,11:20,122.01,122.02,121.91,121.94,40195
HOOD,2026-09-08,11:21,121.93,121.95,121.7765,121.82,44953
HOOD,2026-09-08,11:22,121.795,121.795,121.625,121.695,45095
HOOD,2026-09-08,11:23,121.695,121.8272,121.62,121.74,37867
HOOD,2026-09-08,11:24,121.745,121.82,121.6405,121.82,41728
HOOD,2026-09-08,11:25,121.81,121.96,121.75,121.77,48266
HOOD,2026-09-08,11:26,121.7682,121.8,121.6308,121.705,39708
HOOD,2026-09-08,11:27,121.705,121.88,121.7,121.76,25043
HOOD,2026-09-08,11:28,121.76,121.83,121.67,121.67,34141
HOOD,2026-09-08,11:29,121.6301,121.7,121.56,121.56,61821
HOOD,2026-09-08,11:30,121.59,121.685,121.55,121.605,20530
HOOD,2026-09-08,11:31,121.605,121.68,121.5066,121.6622,47106
HOOD,2026-09-08,11:32,121.65,121.66,121.4,121.41,56163
HOOD,2026-09-08,11:33,121.39,121.56,121.28,121.51,68945
HOOD,2026-09-08,11:34,121.49,121.49,121.3528,121.4,27873
HOOD,2026-09-08,11:35,121.41,121.51,121.32,121.33,35500
HOOD,2026-09-08,11:36,121.33,121.52,121.33,121.39,36362
HOOD,2026-09-08,11:37,121.38,121.38,121.26,121.37,44179
HOOD,2026-09-08,11:38,121.36,121.4799,121.33,121.45,31506
HOOD,2026-09-08,11:39,121.4401,121.55,121.3975,121.4799,57600
HOOD,2026-09-08,11:40,121.4909,121.5,121.4,121.445,40145
HOOD,2026-09-08,11:41,121.46,121.47,121.34,121.39,19395
HOOD,2026-09-08,11:42,121.41,121.52,121.375,121.39,35381
HOOD,2026-09-08,11:43,121.39,121.4855,121.36,121.43,30525
HOOD,2026-09-08,11:44,121.435,121.54,121.43,121.435,29061
HOOD,2026-09-08,11:45,121.43,121.56,121.43,121.445,40632
HOOD,2026-09-08,11:46,121.445,121.49,121.355,121.37,41390
HOOD,2026-09-08,11:47,121.39,121.57,121.31,121.555,50519
HOOD,2026-09-08,11:48,121.565,121.62,121.41,121.5,74076
HOOD,2026-09-08,11:49,121.5,121.5,121.41,121.45,23933
HOOD,2026-09-08,11:50,121.45,121.53,121.3,121.3,50133
HOOD,2026-09-08,11:51,121.315,121.505,121.31,121.38,46671
HOOD,2026-09-08,11:52,121.4,121.56,121.395,121.44,35721
HOOD,2026-09-08,11:53,121.445,121.58,121.445,121.51,55852
HOOD,2026-09-08,11:54,121.505,121.52,121.38,121.45,22350
HOOD,2026-09-08,11:55,121.46,121.57,121.435,121.57,21261
HOOD,2026-09-08,11:56,121.63,121.758,121.6,121.71,57226
HOOD,2026-09-08,11:57,121.71,121.78,121.68,121.75,24074
HOOD,2026-09-08,11:58,121.735,121.8,121.465,121.465,51046
HOOD,2026-09-08,11:59,121.465,121.6,121.445,121.54,38282
HOOD,2026-09-08,12:00,121.57,121.57,121.28,121.28,36296
HOOD,2026-09-08,12:01,121.295,121.7,121.22,121.26,80683
HOOD,2026-09-08,12:02,121.265,121.46,121.2509,121.395,27841
HOOD,2026-09-08,12:03,121.41,121.48,121.325,121.48,17062
HOOD,2026-09-08,12:04,121.459,121.89,121.459,121.75,46172
HOOD,2026-09-08,12:05,121.745,121.93,121.73,121.92,42620
HOOD,2026-09-08,12:06,121.88,121.88,121.57,121.655,23158
HOOD,2026-09-08,12:07,121.655,121.655,121.57,121.635,23300
HOOD,2026-09-08,12:08,121.66,121.665,121.57,121.6,24566
HOOD,2026-09-08,12:09,121.6,121.6,121.45,121.47,19758
HOOD,2026-09-08,12:10,121.47,121.4899,121.07,121.085,52477
HOOD,2026-09-08,12:11,121.085,121.1197,120.84,121,134279
HOOD,2026-09-08,12:12,120.9869,121.14,120.97,121.05,37660
HOOD,2026-09-08,12:13,121.03,121.09,120.965,121.09,28305
HOOD,2026-09-08,12:14,121.09,121.19,121.09,121.165,13941
HOOD,2026-09-08,12:15,121.15,121.21,120.99,121.06,51184
HOOD,2026-09-08,12:16,121.06,121.12,121.04,121.07,14762
HOOD,2026-09-08,12:17,121.08,121.1041,121.0046,121.02,17682
HOOD,2026-09-08,12:18,121.01,121.14,120.9,120.94,35250
HOOD,2026-09-08,12:19,120.95,121,120.761,120.81,61877
HOOD,2026-09-08,12:20,120.83,120.89,120.79,120.85,22166
HOOD,2026-09-08,12:21,120.82,121.067,120.73,121.01,26694
HOOD,2026-09-08,12:22,121.04,121.09,120.96,121.065,27561
HOOD,2026-09-08,12:23,121.06,121.075,120.95,121.03,20069
HOOD,2026-09-08,12:24,120.9801,121.02,120.97,120.985,11982
HOOD,2026-09-08,12:25,121,121.0799,120.98,121.055,16034
HOOD,2026-09-08,12:26,121.08,121.09,120.955,120.975,15621
HOOD,2026-09-08,12:27,120.99,121.035,120.96,120.99,18028
HOOD,2026-09-08,12:28,120.97,120.98,120.93,120.93,18554
HOOD,2026-09-08,12:29,120.93,120.93,120.775,120.84,37727
HOOD,2026-09-08,12:30,120.845,120.88,120.73,120.745,24635
HOOD,2026-09-08,12:31,120.775,120.78,120.6404,120.67,57440
HOOD,2026-09-08,12:32,120.68,120.8351,120.68,120.825,26302
HOOD,2026-09-08,12:33,120.84,121,120.82,121,47000
HOOD,2026-09-08,12:34,121.01,121.03,120.91,120.93,27893
HOOD,2026-09-08,12:35,120.93,121.12,120.93,121.075,24724
HOOD,2026-09-08,12:36,121.075,121.1,120.985,121.025,24148
HOOD,2026-09-08,12:37,120.99,121.24,120.99,121.2,37949
HOOD,2026-09-08,12:38,121.2399,121.2399,121.1182,121.17,16613
HOOD,2026-09-08,12:39,121.155,121.2,121.09,121.19,20276
HOOD,2026-09-08,12:40,121.21,121.24,121.169,121.17,19092
HOOD,2026-09-08,12:41,121.18,121.18,121.03,121.0586,29597
HOOD,2026-09-08,12:42,121.07,121.12,121.07,121.1035,14919
HOOD,2026-09-08,12:43,121.08,121.08,120.96,120.975,22074
HOOD,2026-09-08,12:44,120.96,121.03,120.9,121.03,33083
HOOD,2026-09-08,12:45,121.04,121.0699,120.905,120.94,17619
HOOD,2026-09-08,12:46,120.98,121.05,120.98,121.04,11044
HOOD,2026-09-08,12:47,121.06,121.105,120.97,120.995,32195
HOOD,2026-09-08,12:48,120.99,121.035,120.9315,120.97,16414
HOOD,2026-09-08,12:49,120.95,121.06,120.95,121.045,15677
HOOD,2026-09-08,12:50,121.05,121.21,121,121.07,47037
HOOD,2026-09-08,12:51,121.07,121.1,120.96,121.1,22123
HOOD,2026-09-08,12:52,121.1,121.12,121,121,43406
HOOD,2026-09-08,12:53,120.9543,120.96,120.755,120.9,28831
HOOD,2026-09-08,12:54,120.9,120.9399,120.775,120.775,19132
HOOD,2026-09-08,12:55,120.775,120.81,120.65,120.6701,21985
HOOD,2026-09-08,12:56,120.67,120.705,120.46,120.7,75878
HOOD,2026-09-08,12:57,120.71,120.74,120.6086,120.6086,20361
HOOD,2026-09-08,12:58,120.645,120.685,120.6,120.6101,19146
HOOD,2026-09-08,12:59,120.61,120.62,120.49,120.54,39319
HOOD,2026-09-08,13:00,120.5599,120.58,120.1301,120.45,88241
HOOD,2026-09-08,13:01,120.44,120.61,120.395,120.52,42407
HOOD,2026-09-08,13:02,120.55,120.595,120.48,120.52,17508
HOOD,2026-09-08,13:03,120.515,120.52,120.39,120.51,30879
HOOD,2026-09-08,13:04,120.5351,120.6,120.49,120.53,17898
HOOD,2026-09-08,13:05,120.54,120.6,120.49,120.49,22419
HOOD,2026-09-08,13:06,120.49,120.53,120.38,120.47,31396
HOOD,2026-09-08,13:07,120.465,120.465,120.3,120.38,21717
HOOD,2026-09-08,13:08,120.3799,120.38,120.29,120.32,31443
HOOD,2026-09-08,13:09,120.31,120.34,120.24,120.28,42504
HOOD,2026-09-08,13:10,120.32,120.415,120.2989,120.385,16033
HOOD,2026-09-08,13:11,120.42,120.49,120.345,120.49,20936
HOOD,2026-09-08,13:12,120.51,120.55,120.465,120.53,18285
HOOD,2026-09-08,13:13,120.5456,120.56,120.4428,120.5,16573
HOOD,2026-09-08,13:14,120.5059,120.5486,120.42,120.53,18843
HOOD,2026-09-08,13:15,120.539,120.6251,120.539,120.589,38350
HOOD,2026-09-08,13:16,120.5501,120.72,120.5501,120.665,53057
HOOD,2026-09-08,13:17,120.665,120.72,120.63,120.66,24103
HOOD,2026-09-08,13:18,120.6689,120.69,120.5301,120.57,27446
HOOD,2026-09-08,13:19,120.5891,120.64,120.51,120.54,27044
HOOD,2026-09-08,13:20,120.55,120.6,120.51,120.53,16823
HOOD,2026-09-08,13:21,120.52,120.62,120.52,120.595,23131
HOOD,2026-09-08,13:22,120.62,120.65,120.54,120.565,36281
HOOD,2026-09-08,13:23,120.565,120.57,120.4,120.405,25003
HOOD,2026-09-08,13:24,120.44,120.4549,120.39,120.4,10643
HOOD,2026-09-08,13:25,120.4,120.425,120.23,120.24,66247
HOOD,2026-09-08,13:26,120.23,120.29,120.15,120.19,47688
HOOD,2026-09-08,13:27,120.17,120.34,120.1,120.32,39205
HOOD,2026-09-08,13:28,120.31,120.34,120.23,120.31,16530
HOOD,2026-09-08,13:29,120.32,120.38,120.305,120.36,20804
HOOD,2026-09-08,13:30,120.39,120.62,120.385,120.46,49817
HOOD,2026-09-08,13:31,120.46,120.71,120.46,120.7006,40255
HOOD,2026-09-08,13:32,120.6999,120.73,120.6601,120.675,18757
HOOD,2026-09-08,13:33,120.66,120.75,120.64,120.73,37910
HOOD,2026-09-08,13:34,120.71,120.8,120.67,120.705,42291
HOOD,2026-09-08,13:35,120.7139,120.76,120.6069,120.63,26965
HOOD,2026-09-08,13:36,120.63,120.65,120.56,120.6,30475
HOOD,2026-09-08,13:37,120.6,120.6899,120.6,120.635,10649
HOOD,2026-09-08,13:38,120.64,120.71,120.62,120.62,24706
HOOD,2026-09-08,13:39,120.63,120.6856,120.579,120.579,16810
HOOD,2026-09-08,13:40,120.62,120.62,120.52,120.55,41348
HOOD,2026-09-08,13:41,120.56,120.56,120.48,120.54,37136
HOOD,2026-09-08,13:42,120.52,120.52,120.41,120.485,20400
HOOD,2026-09-08,13:43,120.4982,120.5257,120.31,120.39,20181
HOOD,2026-09-08,13:44,120.4,120.4,120.33,120.38,22488
HOOD,2026-09-08,13:45,120.378,120.53,120.378,120.47,16792
HOOD,2026-09-08,13:46,120.46,120.52,120.435,120.47,21678
HOOD,2026-09-08,13:47,120.4772,120.535,120.45,120.5168,18380
HOOD,2026-09-08,13:48,120.515,120.56,120.41,120.53,12529
HOOD,2026-09-08,13:49,120.51,120.56,120.47,120.48,10718
HOOD,2026-09-08,13:50,120.48,120.5,120.43,120.45,31158
HOOD,2026-09-08,13:51,120.45,120.66,120.44,120.66,18387
HOOD,2026-09-08,13:52,120.68,120.7,120.61,120.655,25122
HOOD,2026-09-08,13:53,120.67,120.67,120.54,120.59,14311
HOOD,2026-09-08,13:54,120.6,120.655,120.59,120.645,10684
HOOD,2026-09-08,13:55,120.645,120.645,120.55,120.6,17779
HOOD,2026-09-08,13:56,120.6,120.78,120.575,120.78,30189
HOOD,2026-09-08,13:57,120.77,120.98,120.75,120.9389,31804
HOOD,2026-09-08,13:58,120.945,121.0365,120.77,120.77,48732
HOOD,2026-09-08,13:59,120.7703,120.855,120.7,120.805,36758
HOOD,2026-09-08,14:00,120.79,120.855,120.74,120.8,34720
HOOD,2026-09-08,14:01,120.81,120.82,120.63,120.78,41065
HOOD,2026-09-08,14:02,120.8199,120.87,120.76,120.87,21169
HOOD,2026-09-08,14:03,120.8565,120.915,120.795,120.82,45122
HOOD,2026-09-08,14:04,120.86,120.945,120.7827,120.94,20656
HOOD,2026-09-08,14:05,120.94,120.96,120.87,120.96,19452
HOOD,2026-09-08,14:06,120.96,121.015,120.845,121.01,22619
HOOD,2026-09-08,14:07,121.05,121.0699,120.88,120.88,62068
HOOD,2026-09-08,14:08,120.88,121.07,120.88,121.025,30222
HOOD,2026-09-08,14:09,121.04,121.1,120.955,120.955,27845
HOOD,2026-09-08,14:10,120.98,121.12,120.97,121.1,73675
HOOD,2026-09-08,14:11,121.1,121.1999,121.0802,121.115,16965
HOOD,2026-09-08,14:12,121.09,121.17,121.09,121.12,37159
HOOD,2026-09-08,14:13,121.12,121.19,121.085,121.1169,39675
HOOD,2026-09-08,14:14,121.09,121.15,121.0717,121.11,40101
HOOD,2026-09-08,14:15,121.11,121.27,121.09,121.13,48065
HOOD,2026-09-08,14:16,121.09,121.15,120.99,121.12,35908
HOOD,2026-09-08,14:17,121.1,121.12,121.05,121.05,12458
HOOD,2026-09-08,14:18,121.08,121.08,120.9013,120.9173,21528
HOOD,2026-09-08,14:19,120.9199,120.9574,120.9,120.92,22398
HOOD,2026-09-08,14:20,120.93,120.93,120.83,120.83,24810
HOOD,2026-09-08,14:21,120.83,120.83,120.53,120.685,101750
HOOD,2026-09-08,14:22,120.71,120.78,120.56,120.745,31738
HOOD,2026-09-08,14:23,120.76,120.83,120.71,120.73,19557
HOOD,2026-09-08,14:24,120.725,120.75,120.64,120.64,20349
HOOD,2026-09-08,14:25,120.64,120.74,120.61,120.655,18644
HOOD,2026-09-08,14:26,120.6644,120.7,120.58,120.585,44683
HOOD,2026-09-08,14:27,120.595,120.73,120.33,120.465,173881
HOOD,2026-09-08,14:28,120.45,120.6,120.45,120.535,10916
HOOD,2026-09-08,14:29,120.55,120.5801,120.495,120.5,13317
HOOD,2026-09-08,14:30,120.48,120.5275,120.39,120.42,12352
HOOD,2026-09-08,14:31,120.42,120.425,120.37,120.38,14718
HOOD,2026-09-08,14:32,120.3601,120.3799,120.2,120.285,40013
HOOD,2026-09-08,14:33,120.3,120.35,120.12,120.15,76700
HOOD,2026-09-08,14:34,120.17,120.19,120.12,120.14,24861
HOOD,2026-09-08,14:35,120.12,120.13,119.98,120.0501,109753
HOOD,2026-09-08,14:36,120.05,120.055,119.88,119.88,82922
HOOD,2026-09-08,14:37,119.88,119.93,119.67,119.735,88408
HOOD,2026-09-08,14:38,119.74,119.74,119.61,119.6191,42682
HOOD,2026-09-08,14:39,119.6213,119.6519,119.55,119.6519,27724
HOOD,2026-09-08,14:40,119.6401,119.66,119.58,119.6,32409
HOOD,2026-09-08,14:41,119.65,119.65,119.5,119.54,72788
HOOD,2026-09-08,14:42,119.5482,119.67,119.5,119.62,35593
HOOD,2026-09-08,14:43,119.62,119.71,119.6,119.71,24623
HOOD,2026-09-08,14:44,119.7299,119.73,119.63,119.65,32319
HOOD,2026-09-08,14:45,119.66,119.8,119.63,119.66,45504
HOOD,2026-09-08,14:46,119.63,119.66,119.59,119.65,25372
HOOD,2026-09-08,14:47,119.68,119.68,119.28,119.3,76102
HOOD,2026-09-08,14:48,119.34,119.34,118.76,118.81,173972
HOOD,2026-09-08,14:49,118.795,119.13,118.72,119.045,83741
HOOD,2026-09-08,14:50,119.09,119.32,119.085,119.21,57353
HOOD,2026-09-08,14:51,119.2,119.3,119.078,119.0926,31761
HOOD,2026-09-08,14:52,119.07,119.1199,118.96,119.03,44239
HOOD,2026-09-08,14:53,119.03,119.27,119,119.245,28024
HOOD,2026-09-08,14:54,119.23,119.35,119.22,119.335,39926
HOOD,2026-09-08,14:55,119.34,119.345,119.28,119.29,22933
HOOD,2026-09-08,14:56,119.29,119.34,119.18,119.255,29617
HOOD,2026-09-08,14:57,119.255,119.31,119.19,119.1922,25224
HOOD,2026-09-08,14:58,119.1801,119.2742,119.16,119.2532,47342
HOOD,2026-09-08,14:59,119.26,119.27,119.145,119.15,27766
HOOD,2026-09-08,15:00,119.16,119.185,118.93,119.045,48729
HOOD,2026-09-08,15:01,119.02,119.02,118.85,118.93,37230
HOOD,2026-09-08,15:02,118.95,119.1366,118.93,119.125,31588
HOOD,2026-09-08,15:03,119.1499,119.1499,119.05,119.08,25156
HOOD,2026-09-08,15:04,119.105,119.12,119.05,119.11,19334
HOOD,2026-09-08,15:05,119.105,119.1701,119.1,119.115,30491
HOOD,2026-09-08,15:06,119.115,119.235,119.065,119.135,30582
HOOD,2026-09-08,15:07,119.14,119.17,119.085,119.13,24321
HOOD,2026-09-08,15:08,119.13,119.16,119.1,119.13,21922
HOOD,2026-09-08,15:09,119.12,119.2602,119.12,119.16,27410
HOOD,2026-09-08,15:10,119.145,119.18,119.1005,119.13,38617
HOOD,2026-09-08,15:11,119.11,119.17,119.1,119.142,18023
HOOD,2026-09-08,15:12,119.17,119.205,119.15,119.161,25106
HOOD,2026-09-08,15:13,119.16,119.28,119.085,119.275,33216
HOOD,2026-09-08,15:14,119.27,119.46,119.26,119.3688,37123
HOOD,2026-09-08,15:15,119.36,119.4693,119.21,119.21,43895
HOOD,2026-09-08,15:16,119.195,119.25,119.115,119.175,34528
HOOD,2026-09-08,15:17,119.175,119.19,119.03,119.085,45212
HOOD,2026-09-08,15:18,119.08,119.09,118.95,119.015,34486
HOOD,2026-09-08,15:19,119.03,119.03,118.86,118.86,53373
HOOD,2026-09-08,15:20,118.8501,118.89,118.77,118.8375,53042
HOOD,2026-09-08,15:21,118.835,118.9144,118.75,118.885,66493
HOOD,2026-09-08,15:22,118.89,118.89,118.68,118.745,48890
HOOD,2026-09-08,15:23,118.74,118.8,118.7301,118.7526,27761
HOOD,2026-09-08,15:24,118.77,118.78,118.57,118.58,87937
HOOD,2026-09-08,15:25,118.57,118.57,118.36,118.49,98031
HOOD,2026-09-08,15:26,118.51,118.58,118.421,118.52,71668
HOOD,2026-09-08,15:27,118.52,118.58,118.47,118.54,29037
HOOD,2026-09-08,15:28,118.555,118.62,118.532,118.605,38142
HOOD,2026-09-08,15:29,118.585,118.68,118.585,118.675,31582
HOOD,2026-09-08,15:30,118.66,118.9325,118.505,118.545,149988
HOOD,2026-09-08,15:31,118.54,119.11,118.51,118.9,170680
HOOD,2026-09-08,15:32,118.865,118.9,118.46,118.4676,86925
HOOD,2026-09-08,15:33,118.44,118.44,118.22,118.24,70434
HOOD,2026-09-08,15:34,118.25,118.5,118.2499,118.485,50939
HOOD,2026-09-08,15:35,118.5,118.51,118.28,118.28,28078
HOOD,2026-09-08,15:36,118.27,118.29,118.12,118.13,58963
HOOD,2026-09-08,15:37,118.12,118.2,118.12,118.16,41867
HOOD,2026-09-08,15:38,118.14,118.2,118.05,118.15,57151
HOOD,2026-09-08,15:39,118.13,118.1938,118.1201,118.14,36991
HOOD,2026-09-08,15:40,118.14,118.18,118.05,118.095,74448
HOOD,2026-09-08,15:41,118.119,118.119,117.9,118.02,146095
HOOD,2026-09-08,15:42,118.02,118.1,117.9912,118.0493,51468
HOOD,2026-09-08,15:43,118.05,118.0576,117.95,117.98,46976
HOOD,2026-09-08,15:44,117.98,118.23,117.98,118.215,46735
HOOD,2026-09-08,15:45,118.23,118.27,117.95,117.97,88503
HOOD,2026-09-08,15:46,117.96,118.04,117.86,118.035,68849
HOOD,2026-09-08,15:47,118.04,118.08,117.98,118.07,53015
HOOD,2026-09-08,15:48,118.09,118.13,118.05,118.11,49574
HOOD,2026-09-08,15:49,118.15,118.17,117.93,118.02,64410
HOOD,2026-09-08,15:50,118.06,118.06,117.755,117.85,104236
HOOD,2026-09-08,15:51,117.86,117.88,117.75,117.7619,75208
HOOD,2026-09-08,15:52,117.755,117.83,117.5054,117.55,133900
HOOD,2026-09-08,15:53,117.55,117.64,117.47,117.545,116640
HOOD,2026-09-08,15:54,117.54,117.75,117.47,117.705,86927
HOOD,2026-09-08,15:55,117.7,117.77,117.49,117.71,137231
HOOD,2026-09-08,15:56,117.69,117.69,117.475,117.63,156912
HOOD,2026-09-08,15:57,117.62,117.645,117.305,117.365,197889
HOOD,2026-09-08,15:58,117.365,117.37,117.08,117.14,219633
HOOD,2026-09-08,15:59,117.15,117.37,117.08,117.32,362321
HOOD,2026-09-08,16:00,117.34,117.34,117.34,117.34,0
HOOD,2026-09-09,09:30,120.775,121.42,119.785,120.1203,1307484
HOOD,2026-09-09,09:31,120.16,120.62,119.41,120,216458
HOOD,2026-09-09,09:32,120.005,120.4999,119.55,120.252,76493
HOOD,2026-09-09,09:33,120.13,120.49,119.5575,119.645,182058
HOOD,2026-09-09,09:34,119.645,119.89,119.35,119.45,95347
HOOD,2026-09-09,09:35,119.45,119.725,119.14,119.14,87528
HOOD,2026-09-09,09:36,119.14,119.77,118.9,119.405,121953
HOOD,2026-09-09,09:37,119.3719,119.62,119.04,119.15,47322
HOOD,2026-09-09,09:38,119.125,119.125,118.25,118.44,135797
HOOD,2026-09-09,09:39,118.44,119.14,118.25,119.11,124143
HOOD,2026-09-09,09:40,119.12,119.2,118.65,118.945,109169
HOOD,2026-09-09,09:41,118.965,118.965,118.4301,118.695,64537
HOOD,2026-09-09,09:42,118.71,118.8999,118.48,118.64,54491
HOOD,2026-09-09,09:43,118.62,118.66,118.26,118.57,58088
HOOD,2026-09-09,09:44,118.53,119.18,118.53,119.055,69144
HOOD,2026-09-09,09:45,118.99,119.3,118.4,118.805,114107
HOOD,2026-09-09,09:46,118.735,118.8899,118.37,118.8,33552
HOOD,2026-09-09,09:47,118.8411,119.18,118.73,118.85,52696
HOOD,2026-09-09,09:48,118.85,118.961,118.66,118.6742,49636
HOOD,2026-09-09,09:49,118.78,119.01,118.3,118.565,66156
HOOD,2026-09-09,09:50,118.555,118.7861,118.47,118.57,37580
HOOD,2026-09-09,09:51,118.54,118.72,118.35,118.37,42036
HOOD,2026-09-09,09:52,118.395,118.79,118.35,118.645,67226
HOOD,2026-09-09,09:53,118.61,118.7499,118.5501,118.69,30917
HOOD,2026-09-09,09:54,118.695,118.7496,118.345,118.3999,44624
HOOD,2026-09-09,09:55,118.35,118.4999,118.29,118.46,41566
HOOD,2026-09-09,09:56,118.46,118.66,118.46,118.66,32966
HOOD,2026-09-09,09:57,118.665,118.76,118.561,118.63,38984
HOOD,2026-09-09,09:58,118.57,118.605,118.11,118.17,75717
HOOD,2026-09-09,09:59,118.14,118.265,118.06,118.2,64987
HOOD,2026-09-09,10:00,118.205,118.4599,118.185,118.205,54585
HOOD,2026-09-09,10:01,118.1775,118.21,117.65,118.055,177860
HOOD,2026-09-09,10:02,118.03,118.16,117.7,117.71,75237
HOOD,2026-09-09,10:03,117.7,117.955,117.625,117.955,49948
HOOD,2026-09-09,10:04,117.95,118.11,117.7,117.96,63376
HOOD,2026-09-09,10:05,117.95,118.23,117.95,118.1778,51066
HOOD,2026-09-09,10:06,118.14,118.14,117.725,117.76,40605
HOOD,2026-09-09,10:07,117.77,117.78,117.55,117.64,165601
HOOD,2026-09-09,10:08,117.74,117.92,117.5806,117.85,122907
HOOD,2026-09-09,10:09,117.835,117.84,116.5918,116.5918,217927
HOOD,2026-09-09,10:10,116.54,116.94,116.25,116.75,185694
HOOD,2026-09-09,10:11,116.82,116.96,116.66,116.83,94206
HOOD,2026-09-09,10:12,116.85,117.08,116.8,116.9248,86346
HOOD,2026-09-09,10:13,116.925,116.9699,116.78,116.94,47293
HOOD,2026-09-09,10:14,116.97,117.045,116.91,117.005,65952
HOOD,2026-09-09,10:15,117.005,117.14,116.8,117.085,80720
HOOD,2026-09-09,10:16,117.11,117.195,116.93,116.965,46536
HOOD,2026-09-09,10:17,116.96,117.16,116.96,117,43680
HOOD,2026-09-09,10:18,116.93,116.93,116.56,116.8,86416
HOOD,2026-09-09,10:19,116.8,116.86,116.635,116.86,53423
HOOD,2026-09-09,10:20,116.84,116.88,116.6699,116.715,40524
HOOD,2026-09-09,10:21,116.7258,117.11,116.68,116.89,60039
HOOD,2026-09-09,10:22,116.931,117.28,116.8201,117.205,46697
HOOD,2026-09-09,10:23,117.2,117.43,117.08,117.4093,81015
HOOD,2026-09-09,10:24,117.4,117.4899,117.25,117.32,73889
HOOD,2026-09-09,10:25,117.36,117.8,117.32,117.77,66918
HOOD,2026-09-09,10:26,117.78,118.39,117.75,118.335,123392
HOOD,2026-09-09,10:27,118.31,118.66,118.244,118.48,158655
HOOD,2026-09-09,10:28,118.52,118.6899,118.4303,118.67,81683
HOOD,2026-09-09,10:29,118.66,118.765,118.57,118.6699,116573
HOOD,2026-09-09,10:30,118.635,118.67,118.53,118.56,92677
HOOD,2026-09-09,10:31,118.56,118.6273,118.34,118.465,99185
HOOD,2026-09-09,10:32,118.5,118.73,118.36,118.73,115499
HOOD,2026-09-09,10:33,118.7,118.82,118.6401,118.78,84774
HOOD,2026-09-09,10:34,118.78,118.8,118.475,118.495,44290
HOOD,2026-09-09,10:35,118.49,118.53,118.3769,118.47,49305
HOOD,2026-09-09,10:36,118.42,118.54,118.31,118.335,27598
HOOD,2026-09-09,10:37,118.335,118.43,118.1542,118.2,84454
HOOD,2026-09-09,10:38,118.18,118.5299,118.18,118.5299,56052
HOOD,2026-09-09,10:39,118.51,118.83,118.18,118.625,121360
HOOD,2026-09-09,10:40,118.59,118.6599,118.24,118.34,49902
HOOD,2026-09-09,10:41,118.3,118.32,118.13,118.175,34385
HOOD,2026-09-09,10:42,118.16,118.2,118.075,118.145,21175
HOOD,2026-09-09,10:43,118.13,118.145,117.77,117.9,72732
HOOD,2026-09-09,10:44,117.93,117.95,117.8,117.87,27741
HOOD,2026-09-09,10:45,117.895,117.91,117.77,117.905,30193
HOOD,2026-09-09,10:46,117.88,117.94,117.81,117.94,34366
HOOD,2026-09-09,10:47,117.9,117.9,117.77,117.8623,51454
HOOD,2026-09-09,10:48,117.85,117.96,117.84,117.84,43096
HOOD,2026-09-09,10:49,117.85,117.97,117.83,117.935,19209
HOOD,2026-09-09,10:50,117.935,118.1665,117.935,118.1611,48642
HOOD,2026-09-09,10:51,118.16,118.2,118.02,118.02,39793
HOOD,2026-09-09,10:52,118.07,118.08,117.92,117.935,34194
HOOD,2026-09-09,10:53,117.945,118.08,117.925,118.04,16566
HOOD,2026-09-09,10:54,118.03,118.16,117.98,117.98,32636
HOOD,2026-09-09,10:55,117.99,118.11,117.99,118.1,29208
HOOD,2026-09-09,10:56,118.095,118.095,117.985,117.985,20867
HOOD,2026-09-09,10:57,117.9732,118.08,117.89,118.055,23800
HOOD,2026-09-09,10:58,118.04,118.21,118.02,118.16,26985
HOOD,2026-09-09,10:59,118.15,118.18,118.07,118.18,43982
HOOD,2026-09-09,11:00,118.19,118.68,118.19,118.59,77485
HOOD,2026-09-09,11:01,118.57,118.6125,117.8,118.01,71866
HOOD,2026-09-09,11:02,118,118.1555,117.59,117.625,64030
HOOD,2026-09-09,11:03,117.6,117.79,117.51,117.78,64186
HOOD,2026-09-09,11:04,117.78,117.82,117.5377,117.6,31246
HOOD,2026-09-09,11:05,117.615,117.82,117.575,117.655,38909
HOOD,2026-09-09,11:06,117.63,117.7,117.5,117.58,38612
HOOD,2026-09-09,11:07,117.625,117.625,117.3101,117.435,94704
HOOD,2026-09-09,11:08,117.4,117.4,117.26,117.285,26563
HOOD,2026-09-09,11:09,117.26,117.35,117.12,117.24,57493
HOOD,2026-09-09,11:10,117.225,117.2791,117.0504,117.06,52493
HOOD,2026-09-09,11:11,117.072,117.1101,116.75,116.75,79095
HOOD,2026-09-09,11:12,116.715,116.77,116.648,116.72,133344
HOOD,2026-09-09,11:13,116.72,116.7899,116.44,116.54,55562
HOOD,2026-09-09,11:14,116.42,116.5,116.28,116.32,63096
HOOD,2026-09-09,11:15,116.38,116.58,116.335,116.5299,69316
HOOD,2026-09-09,11:16,116.505,116.6882,116.43,116.6697,41331
HOOD,2026-09-09,11:17,116.645,116.6799,116.53,116.61,29389
HOOD,2026-09-09,11:18,116.63,116.65,116.5,116.54,48700
HOOD,2026-09-09,11:19,116.51,116.633,116.4427,116.53,27447
HOOD,2026-09-09,11:20,116.515,116.635,116.51,116.535,29276
HOOD,2026-09-09,11:21,116.51,116.6299,116.25,116.25,55566
HOOD,2026-09-09,11:22,116.24,116.2915,116.0975,116.185,64795
HOOD,2026-09-09,11:23,116.185,116.19,116.05,116.14,42511
HOOD,2026-09-09,11:24,116.12,116.14,116.02,116.1,37266
HOOD,2026-09-09,11:25,116.07,116.2199,116.051,116.1985,37478
HOOD,2026-09-09,11:26,116.205,116.31,116.16,116.2999,35839
HOOD,2026-09-09,11:27,116.3,116.36,116.2401,116.295,30846
HOOD,2026-09-09,11:28,116.345,116.47,116.322,116.34,29417
HOOD,2026-09-09,11:29,116.385,116.45,116.35,116.38,33311
HOOD,2026-09-09,11:30,116.4249,116.4899,116.38,116.48,30399
HOOD,2026-09-09,11:31,116.46,116.518,116.4,116.44,26909
HOOD,2026-09-09,11:32,116.4386,116.4998,116.39,116.475,25443
HOOD,2026-09-09,11:33,116.475,116.55,116.43,116.545,30889
HOOD,2026-09-09,11:34,116.545,116.69,116.545,116.68,18585
HOOD,2026-09-09,11:35,116.73,116.77,116.64,116.67,62875
HOOD,2026-09-09,11:36,116.675,116.8799,116.675,116.87,42604
HOOD,2026-09-09,11:37,116.88,116.96,116.8001,116.82,39201
HOOD,2026-09-09,11:38,116.81,116.88,116.72,116.88,59656
HOOD,2026-09-09,11:39,116.85,117.21,116.7301,117.195,81807
HOOD,2026-09-09,11:40,117.14,117.26,116.8329,116.92,38409
HOOD,2026-09-09,11:41,116.945,117,116.76,116.8,63038
HOOD,2026-09-09,11:42,116.82,116.85,116.735,116.745,22921
HOOD,2026-09-09,11:43,116.75,116.78,116.7,116.77,19665
HOOD,2026-09-09,11:44,116.7884,116.79,116.71,116.77,21441
HOOD,2026-09-09,11:45,116.75,116.765,116.55,116.555,27781
HOOD,2026-09-09,11:46,116.545,116.615,116.545,116.575,19787
HOOD,2026-09-09,11:47,116.58,116.6999,116.5206,116.5206,34218
HOOD,2026-09-09,11:48,116.5,116.62,116.47,116.5951,23296
HOOD,2026-09-09,11:49,116.62,116.64,116.591,116.61,18286
HOOD,2026-09-09,11:50,116.58,116.73,116.565,116.65,27060
HOOD,2026-09-09,11:51,116.6645,116.67,116.5585,116.56,17805
HOOD,2026-09-09,11:52,116.575,116.595,116.47,116.535,19035
HOOD,2026-09-09,11:53,116.52,116.55,116.45,116.465,31063
HOOD,2026-09-09,11:54,116.465,116.61,116.439,116.595,17073
HOOD,2026-09-09,11:55,116.57,116.5979,116.4,116.42,31240
HOOD,2026-09-09,11:56,116.42,116.49,116.2902,116.475,54904
HOOD,2026-09-09,11:57,116.5,116.5,116.39,116.4028,24918
HOOD,2026-09-09,11:58,116.4,116.43,116.33,116.36,21972
HOOD,2026-09-09,11:59,116.3301,116.53,116.33,116.365,58184
HOOD,2026-09-09,12:00,116.355,116.56,116.33,116.48,27874
HOOD,2026-09-09,12:01,116.48,116.56,116.43,116.5408,16194
HOOD,2026-09-09,12:02,116.54,116.86,116.5,116.86,40692
HOOD,2026-09-09,12:03,116.905,116.92,116.8265,116.915,25600
HOOD,2026-09-09,12:04,116.91,117.14,116.91,117.09,34044
HOOD,2026-09-09,12:05,117.09,117.18,117.03,117.11,31713
HOOD,2026-09-09,12:06,117.1,117.1599,116.9,116.9,30336
HOOD,2026-09-09,12:07,116.9,116.945,116.7831,116.8,23002
HOOD,2026-09-09,12:08,116.8,116.81,116.6501,116.6501,16414
HOOD,2026-09-09,12:09,116.68,116.7,116.57,116.61,30094
HOOD,2026-09-09,12:10,116.61,116.69,116.51,116.615,33581
HOOD,2026-09-09,12:11,116.625,116.67,116.62,116.65,12728
HOOD,2026-09-09,12:12,116.68,116.8499,116.67,116.82,26438
HOOD,2026-09-09,12:13,116.84,116.8932,116.78,116.815,18070
HOOD,2026-09-09,12:14,116.815,116.95,116.815,116.89,18523
HOOD,2026-09-09,12:15,116.89,116.94,116.79,116.905,84271
HOOD,2026-09-09,12:16,116.905,117.07,116.735,116.9299,70403
HOOD,2026-09-09,12:17,116.905,117.08,116.81,116.855,33137
HOOD,2026-09-09,12:18,116.88,116.89,116.8,116.85,16467
HOOD,2026-09-09,12:19,116.8,116.84,116.77,116.83,14344
HOOD,2026-09-09,12:20,116.85,116.88,116.77,116.82,19911
HOOD,2026-09-09,12:21,116.83,116.9,116.825,116.9,26774
HOOD,2026-09-09,12:22,116.85,116.85,116.815,116.82,5744
HOOD,2026-09-09,12:23,116.8298,116.9,116.82,116.87,20244
HOOD,2026-09-09,12:24,116.87,117.135,116.87,117.115,33506
HOOD,2026-09-09,12:25,117.14,117.17,117,117.13,30931
HOOD,2026-09-09,12:26,117.1104,117.1525,117.0701,117.135,30478
HOOD,2026-09-09,12:27,117.13,117.17,117.075,117.08,18803
HOOD,2026-09-09,12:28,117.07,117.115,116.75,116.76,39490
HOOD,2026-09-09,12:29,116.77,116.935,116.67,116.925,31607
HOOD,2026-09-09,12:30,116.915,116.945,116.88,116.93,17811
HOOD,2026-09-09,12:31,116.93,117,116.87,116.94,27572
HOOD,2026-09-09,12:32,116.95,116.9695,116.75,116.79,33342
HOOD,2026-09-09,12:33,116.775,116.99,116.72,116.99,31770
HOOD,2026-09-09,12:34,117.01,117.1697,117.01,117.08,32755
HOOD,2026-09-09,12:35,117.08,117.105,116.88,116.95,33759
HOOD,2026-09-09,12:36,116.96,116.96,116.835,116.835,15053
HOOD,2026-09-09,12:37,116.81,116.81,116.64,116.6891,32929
HOOD,2026-09-09,12:38,116.68,116.74,116.65,116.67,19594
HOOD,2026-09-09,12:39,116.65,116.7399,116.61,116.72,14708
HOOD,2026-09-09,12:40,116.72,116.72,116.6579,116.72,15636
HOOD,2026-09-09,12:41,116.73,116.75,116.67,116.675,16381
HOOD,2026-09-09,12:42,116.6999,116.71,116.6,116.67,34147
HOOD,2026-09-09,12:43,116.675,116.72,116.63,116.72,23479
HOOD,2026-09-09,12:44,116.72,116.9345,116.6801,116.86,30479
HOOD,2026-09-09,12:45,116.88,116.88,116.75,116.75,16399
HOOD,2026-09-09,12:46,116.76,116.77,116.64,116.6711,29904
HOOD,2026-09-09,12:47,116.66,116.67,116.6,116.66,13451
HOOD,2026-09-09,12:48,116.665,116.6799,116.63,116.645,9038
HOOD,2026-09-09,12:49,116.66,116.66,116.55,116.62,19420
HOOD,2026-09-09,12:50,116.61,116.735,116.52,116.6,54613
HOOD,2026-09-09,12:51,116.61,116.869,116.605,116.84,14954
HOOD,2026-09-09,12:52,116.81,116.82,116.69,116.72,19583
HOOD,2026-09-09,12:53,116.69,116.76,116.68,116.695,11373
HOOD,2026-09-09,12:54,116.6757,116.74,116.6757,116.698,12428
HOOD,2026-09-09,12:55,116.6901,116.73,116.66,116.725,12968
HOOD,2026-09-09,12:56,116.725,116.9,116.725,116.82,20714
HOOD,2026-09-09,12:57,116.845,117.05,116.845,117,28196
HOOD,2026-09-09,12:58,116.96,117.01,116.84,116.85,23086
HOOD,2026-09-09,12:59,116.83,116.83,116.66,116.705,22082
HOOD,2026-09-09,13:00,116.705,116.75,116.6,116.75,18503
HOOD,2026-09-09,13:01,116.76,116.76,116.6,116.6,8536
HOOD,2026-09-09,13:02,116.63,116.8069,116.605,116.75,22441
HOOD,2026-09-09,13:03,116.74,116.74,116.25,116.335,72097
HOOD,2026-09-09,13:04,116.35,116.5,116.26,116.32,25429
HOOD,2026-09-09,13:05,116.305,116.5252,116.28,116.35,24040
HOOD,2026-09-09,13:06,116.41,116.45,116.3501,116.39,16043
HOOD,2026-09-09,13:07,116.35,116.3734,116.25,116.31,17873
HOOD,2026-09-09,13:08,116.31,116.37,116.29,116.32,17153
HOOD,2026-09-09,13:09,116.29,116.29,115.92,116.215,163424
HOOD,2026-09-09,13:10,116.215,116.3,116.18,116.3,22205
HOOD,2026-09-09,13:11,116.295,116.32,116.26,116.31,12252
HOOD,2026-09-09,13:12,116.3,116.34,116.23,116.23,6705
HOOD,2026-09-09,13:13,116.235,116.3399,116.21,116.285,11309
HOOD,2026-09-09,13:14,116.285,116.29,116.16,116.25,56233
HOOD,2026-09-09,13:15,116.21,116.38,116.21,116.355,18277
HOOD,2026-09-09,13:16,116.38,116.3899,116.29,116.375,17142
HOOD,2026-09-09,13:17,116.375,116.4,116.35,116.365,20435
HOOD,2026-09-09,13:18,116.37,116.44,116.35,116.44,22007
HOOD,2026-09-09,13:19,116.445,116.48,116.413,116.445,18011
HOOD,2026-09-09,13:20,116.47,116.5,116.4101,116.43,14049
HOOD,2026-09-09,13:21,116.41,116.45,116.4,116.43,12733
HOOD,2026-09-09,13:22,116.46,116.46,116.4,116.4399,13644
HOOD,2026-09-09,13:23,116.43,116.54,116.43,116.54,20605
HOOD,2026-09-09,13:24,116.54,116.54,116.495,116.53,9983
HOOD,2026-09-09,13:25,116.54,116.6,116.515,116.575,19781
HOOD,2026-09-09,13:26,116.575,116.6,116.575,116.595,6946
HOOD,2026-09-09,13:27,116.6,116.61,116.51,116.5389,16195
HOOD,2026-09-09,13:28,116.53,116.57,116.52,116.55,14201
HOOD,2026-09-09,13:29,116.525,116.54,116.52,116.53,6766
HOOD,2026-09-09,13:30,116.52,116.6,116.49,116.565,29682
HOOD,2026-09-09,13:31,116.55,116.55,116.35,116.35,17700
HOOD,2026-09-09,13:32,116.34,116.3999,116.3,116.345,21499
HOOD,2026-09-09,13:33,116.35,116.45,116.35,116.435,18582
HOOD,2026-09-09,13:34,116.435,116.46,116.38,116.46,7360
HOOD,2026-09-09,13:35,116.49,116.5,116.39,116.44,23945
HOOD,2026-09-09,13:36,116.45,116.5356,116.425,116.525,27939
HOOD,2026-09-09,13:37,116.5,116.5,116.3,116.3,21196
HOOD,2026-09-09,13:38,116.3,116.315,116.2193,116.24,21120
HOOD,2026-09-09,13:39,116.28,116.34,116.28,116.2801,20406
HOOD,2026-09-09,13:40,116.315,116.39,116.315,116.355,14855
HOOD,2026-09-09,13:41,116.37,116.42,116.33,116.41,17453
HOOD,2026-09-09,13:42,116.46,116.4699,116.4,116.42,13203
HOOD,2026-09-09,13:43,116.42,116.495,116.41,116.465,17753
HOOD,2026-09-09,13:44,116.47,116.56,116.4592,116.56,23161
HOOD,2026-09-09,13:45,116.57,116.61,116.57,116.59,13794
HOOD,2026-09-09,13:46,116.58,116.62,116.5496,116.585,12875
HOOD,2026-09-09,13:47,116.5733,116.72,116.5733,116.72,26180
HOOD,2026-09-09,13:48,116.72,116.79,116.72,116.77,24014
HOOD,2026-09-09,13:49,116.78,116.85,116.78,116.825,32018
HOOD,2026-09-09,13:50,116.825,116.84,116.76,116.76,11199
HOOD,2026-09-09,13:51,116.77,116.78,116.7,116.765,20301
HOOD,2026-09-09,13:52,116.77,116.88,116.76,116.835,31719
HOOD,2026-09-09,13:53,116.86,117.09,116.86,117.09,28847
HOOD,2026-09-09,13:54,117.09,117.14,117.035,117.12,19692
HOOD,2026-09-09,13:55,117.12,117.15,117.07,117.15,23109
HOOD,2026-09-09,13:56,117.14,117.15,117.085,117.11,21076
HOOD,2026-09-09,13:57,117.08,117.165,117.0799,117.15,27380
HOOD,2026-09-09,13:58,117.16,117.32,117.11,117.245,42286
HOOD,2026-09-09,13:59,117.245,117.245,117.17,117.185,20522
HOOD,2026-09-09,14:00,117.185,117.31,117.185,117.19,23822
HOOD,2026-09-09,14:01,117.185,117.28,117.15,117.225,26119
HOOD,2026-09-09,14:02,117.23,117.25,117.18,117.1846,17300
HOOD,2026-09-09,14:03,117.19,117.32,117.17,117.31,35791
HOOD,2026-09-09,14:04,117.32,117.4259,117.29,117.42,39053
HOOD,2026-09-09,14:05,117.41,117.425,117.352,117.37,35865
HOOD,2026-09-09,14:06,117.37,117.37,117.18,117.225,45100
HOOD,2026-09-09,14:07,117.23,117.245,117.1008,117.1008,23413
HOOD,2026-09-09,14:08,117.11,117.13,117.06,117.08,25561
HOOD,2026-09-09,14:09,117.1061,117.1061,116.95,116.97,48983
HOOD,2026-09-09,14:10,116.965,117.02,116.92,116.94,31600
HOOD,2026-09-09,14:11,116.94,116.96,116.92,116.95,13998
HOOD,2026-09-09,14:12,116.97,116.97,116.9162,116.95,44937
HOOD,2026-09-09,14:13,116.93,116.93,116.86,116.875,22021
HOOD,2026-09-09,14:14,116.875,116.875,116.8062,116.83,18506
HOOD,2026-09-09,14:15,116.83,116.875,116.8,116.85,29432
HOOD,2026-09-09,14:16,116.85,117.03,116.85,117.02,34313
HOOD,2026-09-09,14:17,116.99,117.16,116.99,117.14,26967
HOOD,2026-09-09,14:18,117.1,117.1,116.9069,116.95,28241
HOOD,2026-09-09,14:19,116.95,116.95,116.89,116.92,8227
HOOD,2026-09-09,14:20,116.92,116.9977,116.9,116.97,13226
HOOD,2026-09-09,14:21,116.95,117.1399,116.94,117.116,27172
HOOD,2026-09-09,14:22,117.125,117.125,117.06,117.06,13643
HOOD,2026-09-09,14:23,117.06,117.1,116.99,117.005,14705
HOOD,2026-09-09,14:24,117.005,117.03,116.98,117,9273
HOOD,2026-09-09,14:25,117.03,117.04,116.545,116.625,70235
HOOD,2026-09-09,14:26,116.6,116.82,116.585,116.82,24698
HOOD,2026-09-09,14:27,116.81,116.9399,116.75,116.85,19667
HOOD,2026-09-09,14:28,116.85,116.89,116.825,116.825,14942
HOOD,2026-09-09,14:29,116.8407,116.89,116.8166,116.85,15865
HOOD,2026-09-09,14:30,116.835,116.85,116.79,116.815,14443
HOOD,2026-09-09,14:31,116.82,116.85,116.82,116.825,12521
HOOD,2026-09-09,14:32,116.82,116.82,116.71,116.785,24836
HOOD,2026-09-09,14:33,116.785,116.9298,116.78,116.88,19517
HOOD,2026-09-09,14:34,116.86,116.9,116.7301,116.85,20009
HOOD,2026-09-09,14:35,116.85,116.85,116.715,116.755,8058
HOOD,2026-09-09,14:36,116.76,116.765,116.663,116.71,14788
HOOD,2026-09-09,14:37,116.725,116.74,116.66,116.67,17838
HOOD,2026-09-09,14:38,116.6802,116.75,116.6802,116.73,7266
HOOD,2026-09-09,14:39,116.75,116.75,116.66,116.715,17301
HOOD,2026-09-09,14:40,116.69,116.74,116.64,116.69,10908
HOOD,2026-09-09,14:41,116.685,116.71,116.67,116.685,21856
HOOD,2026-09-09,14:42,116.685,116.69,116.67,116.6899,8431
HOOD,2026-09-09,14:43,116.65,116.73,116.62,116.725,18990
HOOD,2026-09-09,14:44,116.725,116.725,116.66,116.7,10015
HOOD,2026-09-09,14:45,116.7,116.72,116.6201,116.685,10035
HOOD,2026-09-09,14:46,116.65,116.67,116.55,116.58,7997
HOOD,2026-09-09,14:47,116.55,116.61,116.53,116.57,17025
HOOD,2026-09-09,14:48,116.57,116.57,116.51,116.5189,7938
HOOD,2026-09-09,14:49,116.505,116.525,116.44,116.49,27625
HOOD,2026-09-09,14:50,116.485,116.51,116.43,116.44,10783
HOOD,2026-09-09,14:51,116.43,116.44,116.35,116.395,21153
HOOD,2026-09-09,14:52,116.37,116.37,116.09,116.29,56942
HOOD,2026-09-09,14:53,116.29,116.33,116.25,116.31,16098
HOOD,2026-09-09,14:54,116.317,116.317,116.1966,116.21,10219
HOOD,2026-09-09,14:55,116.195,116.28,116.19,116.22,13024
HOOD,2026-09-09,14:56,116.28,116.285,116.26,116.275,6137
HOOD,2026-09-09,14:57,116.27,116.34,116.25,116.34,15638
HOOD,2026-09-09,14:58,116.33,116.38,116.33,116.35,11963
HOOD,2026-09-09,14:59,116.33,116.38,116.33,116.33,20323
HOOD,2026-09-09,15:00,116.3301,116.35,115.88,115.97,150752
HOOD,2026-09-09,15:01,115.96,115.97,115.8101,115.9,40252
HOOD,2026-09-09,15:02,115.92,115.979,115.82,115.82,23951
HOOD,2026-09-09,15:03,115.82,115.9299,115.77,115.88,28975
HOOD,2026-09-09,15:04,115.89,115.91,115.71,115.81,42328
HOOD,2026-09-09,15:05,115.81,115.92,115.7951,115.91,22767
HOOD,2026-09-09,15:06,115.9,115.955,115.85,115.94,30262
HOOD,2026-09-09,15:07,115.935,116.02,115.93,116.005,25602
HOOD,2026-09-09,15:08,116.005,116.03,115.92,115.9599,59523
HOOD,2026-09-09,15:09,115.93,115.94,115.88,115.925,21423
HOOD,2026-09-09,15:10,115.925,116,115.91,115.9406,35761
HOOD,2026-09-09,15:11,115.95,116.065,115.95,116.03,15596
HOOD,2026-09-09,15:12,116.05,116.09,115.97,116.08,46487
HOOD,2026-09-09,15:13,116.04,116.09,116.04,116.06,14025
HOOD,2026-09-09,15:14,116.0426,116.055,115.97,115.995,13081
HOOD,2026-09-09,15:15,116.01,116.06,115.98,116.0509,19762
HOOD,2026-09-09,15:16,116.06,116.08,115.935,115.94,20484
HOOD,2026-09-09,15:17,115.95,116.005,115.94,116.005,10089
HOOD,2026-09-09,15:18,116.005,116.05,115.94,116.015,32318
HOOD,2026-09-09,15:19,115.99,115.99,115.93,115.93,16172
HOOD,2026-09-09,15:20,115.93,115.94,115.88,115.91,19473
HOOD,2026-09-09,15:21,115.9,115.9,115.82,115.88,36951
HOOD,2026-09-09,15:22,115.87,115.97,115.8424,115.95,17530
HOOD,2026-09-09,15:23,115.97,116.07,115.97,116.03,29890
HOOD,2026-09-09,15:24,116.01,116.2,116.01,116.11,31826
HOOD,2026-09-09,15:25,116.08,116.15,116.0578,116.105,14283
HOOD,2026-09-09,15:26,116.09,116.19,116.0514,116.1299,16675
HOOD,2026-09-09,15:27,116.093,116.215,116.065,116.215,16376
HOOD,2026-09-09,15:28,116.2399,116.24,116.15,116.17,16161
HOOD,2026-09-09,15:29,116.17,116.2,116.14,116.195,20773
HOOD,2026-09-09,15:30,116.19,116.54,116.18,116.41,52918
HOOD,2026-09-09,15:31,116.41,116.68,116.355,116.6653,36755
HOOD,2026-09-09,15:32,116.69,116.7,116.6101,116.7,29209
HOOD,2026-09-09,15:33,116.71,116.71,116.55,116.565,20612
HOOD,2026-09-09,15:34,116.58,116.67,116.56,116.66,15426
HOOD,2026-09-09,15:35,116.66,116.68,116.535,116.62,29308
HOOD,2026-09-09,15:36,116.62,116.62,116.45,116.45,17821
HOOD,2026-09-09,15:37,116.465,116.485,116.36,116.3729,26054
HOOD,2026-09-09,15:38,116.39,116.5499,116.39,116.47,47261
HOOD,2026-09-09,15:39,116.5,116.53,116.37,116.4,16274
HOOD,2026-09-09,15:40,116.41,116.46,116.38,116.425,22594
HOOD,2026-09-09,15:41,116.44,116.44,116.24,116.24,39788
HOOD,2026-09-09,15:42,116.23,116.29,116.19,116.26,26164
HOOD,2026-09-09,15:43,116.25,116.29,116.22,116.25,17753
HOOD,2026-09-09,15:44,116.22,116.31,116.22,116.23,25071
HOOD,2026-09-09,15:45,116.23,116.27,116.07,116.12,33727
HOOD,2026-09-09,15:46,116.09,116.18,116.09,116.09,26522
HOOD,2026-09-09,15:47,116.09,116.1299,116.06,116.11,39128
HOOD,2026-09-09,15:48,116.115,116.13,116.08,116.11,32146
HOOD,2026-09-09,15:49,116.11,116.115,116.02,116.03,24504
HOOD,2026-09-09,15:50,116.02,116.02,115.8,115.81,80944
HOOD,2026-09-09,15:51,115.8,115.86,115.7501,115.82,63659
HOOD,2026-09-09,15:52,115.82,115.84,115.64,115.66,68203
HOOD,2026-09-09,15:53,115.64,115.67,115.58,115.63,71060
HOOD,2026-09-09,15:54,115.616,115.75,115.55,115.69,97615
HOOD,2026-09-09,15:55,115.69,115.75,115.54,115.61,112322
HOOD,2026-09-09,15:56,115.6,115.6,115.195,115.21,169852
HOOD,2026-09-09,15:57,115.21,115.27,115.1028,115.255,147931
HOOD,2026-09-09,15:58,115.25,115.265,115.11,115.25,167800
HOOD,2026-09-09,15:59,115.26,115.31,115.09,115.29,274502
HOOD,2026-09-09,16:00,115.28,115.28,115.28,115.28,0
HOOD,2026-09-10,09:30,112.58,113.25,112,112.49,1206854
HOOD,2026-09-10,09:31,112.44,113.58,112.36,112.5398,133346
HOOD,2026-09-10,09:32,112.4854,112.925,112.27,112.5925,84310
HOOD,2026-09-10,09:33,112.585,113.2056,112.2354,112.455,106967
HOOD,2026-09-10,09:34,112.5228,112.7399,111.95,112.2411,109026
HOOD,2026-09-10,09:35,112.23,112.8293,112.15,112.63,83488
HOOD,2026-09-10,09:36,112.5,113.65,112.47,113.4153,215487
HOOD,2026-09-10,09:37,113.38,113.65,112.8,113.65,106979
HOOD,2026-09-10,09:38,113.74,114.06,113.21,113.31,136227
HOOD,2026-09-10,09:39,113.3668,113.8287,113.082,113.8287,62856
HOOD,2026-09-10,09:40,113.8,114.095,113.6001,113.935,76629
HOOD,2026-09-10,09:41,113.9559,114.29,113.6701,113.79,85180
HOOD,2026-09-10,09:42,113.86,114.04,113.5855,113.75,97948
HOOD,2026-09-10,09:43,113.74,114.12,113.61,114.04,176359
HOOD,2026-09-10,09:44,114.045,114.2799,113.83,113.89,81984
HOOD,2026-09-10,09:45,114.01,114.8699,114,114.79,141569
HOOD,2026-09-10,09:46,114.87,114.93,114.6736,114.88,82712
HOOD,2026-09-10,09:47,114.85,115.2,114.77,114.985,146631
HOOD,2026-09-10,09:48,114.9,115.01,114.16,114.44,163370
HOOD,2026-09-10,09:49,114.405,114.83,114.4,114.545,56634
HOOD,2026-09-10,09:50,114.5264,114.56,113.85,113.9525,78298
HOOD,2026-09-10,09:51,113.95,113.99,113.5,113.64,72935
HOOD,2026-09-10,09:52,113.62,114.425,113.55,114.36,76921
HOOD,2026-09-10,09:53,114.34,114.34,114.05,114.1107,56659
HOOD,2026-09-10,09:54,114.14,114.38,114.14,114.15,80564
HOOD,2026-09-10,09:55,114.15,114.55,114.15,114.55,90338
HOOD,2026-09-10,09:56,114.545,114.7499,114.38,114.61,53002
HOOD,2026-09-10,09:57,114.63,114.69,114.485,114.6,36391
HOOD,2026-09-10,09:58,114.595,114.81,114.58,114.7,40201
HOOD,2026-09-10,09:59,114.7407,114.8432,114.64,114.78,44550
HOOD,2026-09-10,10:00,114.75,115.64,114.735,115.57,156780
HOOD,2026-09-10,10:01,115.485,116.175,115.342,116.175,195960
HOOD,2026-09-10,10:02,116.14,116.3,115.985,116.24,151538
HOOD,2026-09-10,10:03,116.185,116.24,115.83,116.14,153619
HOOD,2026-09-10,10:04,116.16,116.2,115.8701,115.9898,63899
HOOD,2026-09-10,10:05,116.045,116.2,115.77,115.79,52412
HOOD,2026-09-10,10:06,115.82,116.115,115.75,116.03,70471
HOOD,2026-09-10,10:07,116.03,116.1,115.775,115.8,54312
HOOD,2026-09-10,10:08,115.66,115.7375,115.53,115.66,69209
HOOD,2026-09-10,10:09,115.63,115.66,115.36,115.45,47098
HOOD,2026-09-10,10:10,115.48,115.8912,115.48,115.58,56142
HOOD,2026-09-10,10:11,115.56,115.8461,115.4151,115.765,45753
HOOD,2026-09-10,10:12,115.83,115.91,115.65,115.73,41981
HOOD,2026-09-10,10:13,115.7218,115.8177,115.66,115.78,29460
HOOD,2026-09-10,10:14,115.7994,115.7994,115.41,115.5883,42681
HOOD,2026-09-10,10:15,115.55,115.68,115.3,115.3,43869
HOOD,2026-09-10,10:16,115.32,115.32,114.752,114.93,90899
HOOD,2026-09-10,10:17,114.93,114.9496,114.3301,114.38,135611
HOOD,2026-09-10,10:18,114.38,114.6981,114.28,114.65,65534
HOOD,2026-09-10,10:19,114.695,114.845,114.59,114.62,41424
HOOD,2026-09-10,10:20,114.615,114.9099,114.5401,114.865,27868
HOOD,2026-09-10,10:21,114.83,114.9393,114.6141,114.92,80049
HOOD,2026-09-10,10:22,114.95,114.97,114.8201,114.86,38721
HOOD,2026-09-10,10:23,114.82,114.8633,114.75,114.79,27079
HOOD,2026-09-10,10:24,114.8,115.63,114.69,115.305,237297
HOOD,2026-09-10,10:25,115.28,115.86,115.28,115.66,103006
HOOD,2026-09-10,10:26,115.66,115.77,115.34,115.35,41272
HOOD,2026-09-10,10:27,115.3,115.36,115.1652,115.36,30323
HOOD,2026-09-10,10:28,115.35,115.5,115.35,115.5,47605
HOOD,2026-09-10,10:29,115.52,115.565,114.8442,115.05,75871
HOOD,2026-09-10,10:30,115,115.11,114.88,114.88,69839
HOOD,2026-09-10,10:31,114.88,114.954,114.75,114.855,39939
HOOD,2026-09-10,10:32,114.79,114.92,114.66,114.77,19877
HOOD,2026-09-10,10:33,114.8499,115.025,114.71,114.95,18605
HOOD,2026-09-10,10:34,115.02,115.16,114.96,115.13,44296
HOOD,2026-09-10,10:35,115.13,115.4245,115.0901,115.26,45769
HOOD,2026-09-10,10:36,115.27,115.31,115.08,115.23,31397
HOOD,2026-09-10,10:37,115.25,115.39,115.145,115.295,27428
HOOD,2026-09-10,10:38,115.25,115.28,115.17,115.17,36135
HOOD,2026-09-10,10:39,115.1643,115.21,115.04,115.21,32150
HOOD,2026-09-10,10:40,115.21,115.38,115.21,115.265,29441
HOOD,2026-09-10,10:41,115.29,115.52,115.28,115.425,37775
HOOD,2026-09-10,10:42,115.4269,115.49,115.21,115.2351,28035
HOOD,2026-09-10,10:43,115.2759,115.29,115.19,115.19,45168
HOOD,2026-09-10,10:44,115.19,115.4,115.17,115.395,7132
HOOD,2026-09-10,10:45,115.34,115.5899,115.3016,115.41,39554
HOOD,2026-09-10,10:46,115.41,115.6734,115.41,115.575,39993
HOOD,2026-09-10,10:47,115.575,115.6682,115.37,115.415,21834
HOOD,2026-09-10,10:48,115.42,115.57,115.4,115.485,18076
HOOD,2026-09-10,10:49,115.46,115.4772,115.35,115.395,23168
HOOD,2026-09-10,10:50,115.42,115.53,115.21,115.25,29987
HOOD,2026-09-10,10:51,115.25,115.29,115.17,115.25,19279
HOOD,2026-09-10,10:52,115.3,115.38,115.12,115.38,25214
HOOD,2026-09-10,10:53,115.37,115.4985,115.31,115.4478,19601
HOOD,2026-09-10,10:54,115.42,115.47,115.29,115.47,18609
HOOD,2026-09-10,10:55,115.45,115.5461,115.25,115.46,38976
HOOD,2026-09-10,10:56,115.44,115.63,115.3966,115.63,27682
HOOD,2026-09-10,10:57,115.66,115.66,115.47,115.54,26574
HOOD,2026-09-10,10:58,115.5789,115.59,115.5,115.54,22551
HOOD,2026-09-10,10:59,115.535,115.55,115.467,115.51,11634
HOOD,2026-09-10,11:00,115.4914,115.515,115.17,115.285,29229
HOOD,2026-09-10,11:01,115.32,115.32,115.0626,115.16,17477
HOOD,2026-09-10,11:02,115.15,115.175,114.78,114.855,32401
HOOD,2026-09-10,11:03,114.87,115.29,114.81,115.19,39115
HOOD,2026-09-10,11:04,115.15,115.27,114.97,115.0495,34127
HOOD,2026-09-10,11:05,115.005,115.19,115.005,115.14,11535
HOOD,2026-09-10,11:06,115.125,115.125,114.96,115,15220
HOOD,2026-09-10,11:07,114.95,115.04,114.95,114.97,19599
HOOD,2026-09-10,11:08,114.96,115.03,114.9,115.005,13162
HOOD,2026-09-10,11:09,114.99,115.03,114.955,114.98,15609
HOOD,2026-09-10,11:10,115.01,115.1148,114.9658,114.97,28073
HOOD,2026-09-10,11:11,114.99,115.05,114.955,115.05,17044
HOOD,2026-09-10,11:12,115.06,115.11,115.02,115.03,11233
HOOD,2026-09-10,11:13,115.03,115.175,115,115.125,43242
HOOD,2026-09-10,11:14,115.09,115.1,114.99,115.065,20578
HOOD,2026-09-10,11:15,115,115.065,114.9,114.96,34914
HOOD,2026-09-10,11:16,114.96,114.96,114.77,114.82,23378
HOOD,2026-09-10,11:17,114.81,114.8725,114.6407,114.68,20686
HOOD,2026-09-10,11:18,114.665,114.69,114.565,114.61,17399
HOOD,2026-09-10,11:19,114.66,114.719,114.5,114.545,28965
HOOD,2026-09-10,11:20,114.545,114.63,114.38,114.41,23636
HOOD,2026-09-10,11:21,114.445,114.49,114.26,114.34,37411
HOOD,2026-09-10,11:22,114.3695,114.524,114.3,114.52,27848
HOOD,2026-09-10,11:23,114.48,114.495,114.31,114.31,26685
HOOD,2026-09-10,11:24,114.35,114.5,114.35,114.39,21572
HOOD,2026-09-10,11:25,114.39,114.4177,114.31,114.4042,9637
HOOD,2026-09-10,11:26,114.39,114.39,114.28,114.34,12894
HOOD,2026-09-10,11:27,114.3,114.3,114.17,114.265,37211
HOOD,2026-09-10,11:28,114.2699,114.3099,114.17,114.24,36462
HOOD,2026-09-10,11:29,114.22,114.255,114.1703,114.2499,16330
HOOD,2026-09-10,11:30,114.215,114.28,114.17,114.27,21864
HOOD,2026-09-10,11:31,114.29,114.39,114.2201,114.3823,27935
HOOD,2026-09-10,11:32,114.34,114.34,114.225,114.28,15250
HOOD,2026-09-10,11:33,114.28,114.45,114.2656,114.415,12990
HOOD,2026-09-10,11:34,114.405,114.43,114.33,114.34,16317
HOOD,2026-09-10,11:35,114.34,114.5,114.33,114.48,19929
HOOD,2026-09-10,11:36,114.5,114.6899,114.48,114.66,78673
HOOD,2026-09-10,11:37,114.64,114.66,114.51,114.59,16989
HOOD,2026-09-10,11:38,114.55,114.5972,114.445,114.51,17914
HOOD,2026-09-10,11:39,114.46,114.53,114.37,114.53,19779
HOOD,2026-09-10,11:40,114.52,114.56,114.48,114.56,5030
HOOD,2026-09-10,11:41,114.545,114.5757,114.48,114.485,17050
HOOD,2026-09-10,11:42,114.485,114.6299,114.485,114.6299,8484
HOOD,2026-09-10,11:43,114.61,114.71,114.55,114.705,15130
HOOD,2026-09-10,11:44,114.715,114.84,114.675,114.84,21044
HOOD,2026-09-10,11:45,114.84,114.919,114.73,114.73,13024
HOOD,2026-09-10,11:46,114.71,114.7453,114.47,114.5299,22365
HOOD,2026-09-10,11:47,114.4607,114.5295,114.3443,114.35,16458
HOOD,2026-09-10,11:48,114.38,114.43,114.3206,114.415,13056
HOOD,2026-09-10,11:49,114.4,114.4694,114.3883,114.4694,18922
HOOD,2026-09-10,11:50,114.39,114.47,114.25,114.25,19783
HOOD,2026-09-10,11:51,114.22,114.2347,114.08,114.14,26627
HOOD,2026-09-10,11:52,114.11,114.34,114.07,114.29,38137
HOOD,2026-09-10,11:53,114.24,114.2834,114.12,114.12,16025
HOOD,2026-09-10,11:54,114.15,114.1761,114.02,114.11,44476
HOOD,2026-09-10,11:55,114.09,114.13,114.04,114.04,23730
HOOD,2026-09-10,11:56,114.07,114.085,114.031,114.07,10339
HOOD,2026-09-10,11:57,114.06,114.105,114.03,114.1049,14098
HOOD,2026-09-10,11:58,114.105,114.305,114.1,114.3025,31487
HOOD,2026-09-10,11:59,114.295,114.3899,114.25,114.35,27884
HOOD,2026-09-10,12:00,114.325,114.38,114.31,114.37,10904
HOOD,2026-09-10,12:01,114.39,114.4399,114.36,114.36,32712
HOOD,2026-09-10,12:02,114.3501,114.36,114.22,114.29,18697
HOOD,2026-09-10,12:03,114.26,114.26,114.07,114.07,19264
HOOD,2026-09-10,12:04,114.1,114.17,114.1,114.1,8334
HOOD,2026-09-10,12:05,114.05,114.105,114.03,114.055,8423
HOOD,2026-09-10,12:06,114.02,114.1369,113.99,114.07,57712
HOOD,2026-09-10,12:07,114.06,114.065,113.85,113.87,62093
HOOD,2026-09-10,12:08,113.9299,113.95,113.8005,113.8005,18961
HOOD,2026-09-10,12:09,113.8,113.82,113.72,113.74,22880
HOOD,2026-09-10,12:10,113.73,113.815,113.68,113.69,41359
HOOD,2026-09-10,12:11,113.63,113.702,113.61,113.655,26326
HOOD,2026-09-10,12:12,113.66,113.7,113.53,113.65,26353
HOOD,2026-09-10,12:13,113.64,113.7,113.61,113.65,16995
HOOD,2026-09-10,12:14,113.61,113.6423,113.57,113.6,20308
HOOD,2026-09-10,12:15,113.62,113.67,113.59,113.67,18507
HOOD,2026-09-10,12:16,113.6412,113.7099,113.57,113.61,24615
HOOD,2026-09-10,12:17,113.57,113.6,113.43,113.53,34268
HOOD,2026-09-10,12:18,113.51,113.51,113.4271,113.48,24545
HOOD,2026-09-10,12:19,113.46,113.5,113.41,113.485,13211
HOOD,2026-09-10,12:20,113.48,113.7299,113.455,113.66,24307
HOOD,2026-09-10,12:21,113.69,113.855,113.6,113.82,52653
HOOD,2026-09-10,12:22,113.835,113.9,113.8095,113.87,26952
HOOD,2026-09-10,12:23,113.8557,113.94,113.8557,113.8959,17908
HOOD,2026-09-10,12:24,113.91,113.94,113.8,113.88,23253
HOOD,2026-09-10,12:25,113.86,113.9,113.83,113.8712,14059
HOOD,2026-09-10,12:26,113.855,113.87,113.79,113.79,18767
HOOD,2026-09-10,12:27,113.8,113.83,113.7301,113.76,41624
HOOD,2026-09-10,12:28,113.78,113.81,113.745,113.79,13113
HOOD,2026-09-10,12:29,113.785,113.815,113.7601,113.79,9401
HOOD,2026-09-10,12:30,113.77,113.88,113.77,113.8399,10648
HOOD,2026-09-10,12:31,113.86,114,113.86,113.95,25474
HOOD,2026-09-10,12:32,113.94,114.1799,113.88,114.0601,30481
HOOD,2026-09-10,12:33,114.0601,114.0601,113.96,113.96,18503
HOOD,2026-09-10,12:34,113.98,114.04,113.47,113.74,182972
HOOD,2026-09-10,12:35,113.72,113.72,113.54,113.62,15719
HOOD,2026-09-10,12:36,113.655,113.8199,113.655,113.775,11678
HOOD,2026-09-10,12:37,113.795,113.93,113.7012,113.93,15909
HOOD,2026-09-10,12:38,113.91,113.96,113.89,113.915,10547
HOOD,2026-09-10,12:39,113.94,114.04,113.93,114.02,10211
HOOD,2026-09-10,12:40,113.99,114.05,113.78,113.85,11115
HOOD,2026-09-10,12:41,113.855,114.02,113.855,113.995,13341
HOOD,2026-09-10,12:42,114.0375,114.09,113.98,114.04,14007
HOOD,2026-09-10,12:43,114.01,114.01,113.865,113.91,24240
HOOD,2026-09-10,12:44,113.91,113.9512,113.87,113.94,17430
HOOD,2026-09-10,12:45,113.92,114.075,113.92,114.01,25883
HOOD,2026-09-10,12:46,114.04,114.13,113.9709,114.12,19120
HOOD,2026-09-10,12:47,114.14,114.16,114.04,114.04,13097
HOOD,2026-09-10,12:48,114.0587,114.0587,114.01,114.025,6833
HOOD,2026-09-10,12:49,114,114,113.8,113.93,19334
HOOD,2026-09-10,12:50,113.94,113.9803,113.9,113.915,9840
HOOD,2026-09-10,12:51,113.95,114,113.94,113.94,18384
HOOD,2026-09-10,12:52,113.93,114.0234,113.87,113.99,13445
HOOD,2026-09-10,12:53,113.98,114.1168,113.975,114.09,13668
HOOD,2026-09-10,12:54,114.115,114.115,113.98,114.005,10274
HOOD,2026-09-10,12:55,114.025,114.1099,114.015,114.0891,11017
HOOD,2026-09-10,12:56,114.1,114.22,114.1,114.15,20694
HOOD,2026-09-10,12:57,114.14,114.18,114.12,114.12,12774
HOOD,2026-09-10,12:58,114.13,114.27,114.11,114.25,13356
HOOD,2026-09-10,12:59,114.24,114.2884,114.2,114.2884,16401
HOOD,2026-09-10,13:00,114.27,114.28,114.21,114.235,12912
HOOD,2026-09-10,13:01,114.235,114.25,114.15,114.17,11307
HOOD,2026-09-10,13:02,114.2137,114.6,114.19,114.3304,31492
HOOD,2026-09-10,13:03,114.32,114.34,114.22,114.22,19126
HOOD,2026-09-10,13:04,114.25,114.37,114.22,114.3,12450
HOOD,2026-09-10,13:05,114.34,114.42,114.27,114.27,22213
HOOD,2026-09-10,13:06,114.295,114.31,114.17,114.28,14780
HOOD,2026-09-10,13:07,114.22,114.289,114.19,114.289,13912
HOOD,2026-09-10,13:08,114.28,114.3363,114.17,114.21,13064
HOOD,2026-09-10,13:09,114.14,114.2099,114.13,114.175,11194
HOOD,2026-09-10,13:10,114.175,114.23,114.17,114.225,15061
HOOD,2026-09-10,13:11,114.21,114.21,114.14,114.17,11008
HOOD,2026-09-10,13:12,114.19,114.25,114.19,114.215,14386
HOOD,2026-09-10,13:13,114.19,114.19,114.13,114.17,15077
HOOD,2026-09-10,13:14,114.1401,114.2,114.14,114.19,9509
HOOD,2026-09-10,13:15,114.17,114.36,114.17,114.325,21828
HOOD,2026-09-10,13:16,114.35,114.36,114.29,114.34,37963
HOOD,2026-09-10,13:17,114.32,114.5,114.3,114.395,25208
HOOD,2026-09-10,13:18,114.37,114.5099,114.35,114.35,30579
HOOD,2026-09-10,13:19,114.35,114.5557,114.26,114.525,32935
HOOD,2026-09-10,13:20,114.51,114.58,114.48,114.57,17722
HOOD,2026-09-10,13:21,114.5475,114.5475,114.47,114.49,10087
HOOD,2026-09-10,13:22,114.47,114.56,114.46,114.56,11004
HOOD,2026-09-10,13:23,114.54,114.64,114.53,114.63,19204
HOOD,2026-09-10,13:24,114.62,114.76,114.62,114.6645,33817
HOOD,2026-09-10,13:25,114.66,114.75,114.57,114.645,21754
HOOD,2026-09-10,13:26,114.645,114.65,114.485,114.54,30684
HOOD,2026-09-10,13:27,114.55,114.74,114.54,114.71,11272
HOOD,2026-09-10,13:28,114.728,114.746,114.6,114.61,28697
HOOD,2026-09-10,13:29,114.64,114.64,114.51,114.6,16866
HOOD,2026-09-10,13:30,114.59,114.735,114.565,114.735,14179
HOOD,2026-09-10,13:31,114.735,114.77,114.6631,114.77,14088
HOOD,2026-09-10,13:32,114.69,114.78,114.69,114.745,17667
HOOD,2026-09-10,13:33,114.745,114.755,114.67,114.71,15558
HOOD,2026-09-10,13:34,114.74,114.88,114.74,114.88,17623
HOOD,2026-09-10,13:35,114.84,114.8967,114.76,114.78,29452
HOOD,2026-09-10,13:36,114.7899,114.81,114.6603,114.6822,19898
HOOD,2026-09-10,13:37,114.7,114.7,114.59,114.6,20097
HOOD,2026-09-10,13:38,114.58,114.6,114.44,114.5,38493
HOOD,2026-09-10,13:39,114.565,114.565,114.5,114.52,11909
HOOD,2026-09-10,13:40,114.52,114.52,114.4213,114.4316,22459
HOOD,2026-09-10,13:41,114.455,114.59,114.455,114.57,18233
HOOD,2026-09-10,13:42,114.585,114.5999,114.55,114.56,10981
HOOD,2026-09-10,13:43,114.555,114.65,114.555,114.63,19751
HOOD,2026-09-10,13:44,114.65,114.675,114.61,114.675,8977
HOOD,2026-09-10,13:45,114.66,114.69,114.5001,114.515,18887
HOOD,2026-09-10,13:46,114.515,114.515,114.36,114.4,22506
HOOD,2026-09-10,13:47,114.3917,114.5826,114.3917,114.49,10353
HOOD,2026-09-10,13:48,114.5,114.5,114.3461,114.3645,27226
HOOD,2026-09-10,13:49,114.36,114.36,114.2,114.26,44811
HOOD,2026-09-10,13:50,114.245,114.33,114.23,114.32,14033
HOOD,2026-09-10,13:51,114.34,114.43,114.34,114.409,14046
HOOD,2026-09-10,13:52,114.35,114.365,114.3397,114.36,6685
HOOD,2026-09-10,13:53,114.35,114.37,114.28,114.31,13681
HOOD,2026-09-10,13:54,114.29,114.34,114.2,114.26,18246
HOOD,2026-09-10,13:55,114.265,114.3095,114.1,114.1,19204
HOOD,2026-09-10,13:56,114.1,114.14,114.06,114.1118,43411
HOOD,2026-09-10,13:57,114.105,114.23,114.105,114.1602,17217
HOOD,2026-09-10,13:58,114.115,114.1196,114.1,114.105,8415
HOOD,2026-09-10,13:59,114.11,114.16,114.07,114.08,13369
HOOD,2026-09-10,14:00,114.06,114.09,113.9652,114.01,23449
HOOD,2026-09-10,14:01,114.07,114.07,113.87,113.885,23834
HOOD,2026-09-10,14:02,113.885,113.885,113.75,113.77,22686
HOOD,2026-09-10,14:03,113.75,113.76,113.7,113.725,32918
HOOD,2026-09-10,14:04,113.725,113.78,113.7101,113.74,22907
HOOD,2026-09-10,14:05,113.72,113.73,113.55,113.67,25322
HOOD,2026-09-10,14:06,113.67,113.72,113.63,113.72,18063
HOOD,2026-09-10,14:07,113.7474,113.76,113.66,113.66,10781
HOOD,2026-09-10,14:08,113.6306,113.6306,113.52,113.59,14746
HOOD,2026-09-10,14:09,113.55,113.592,113.42,113.44,37096
HOOD,2026-09-10,14:10,113.465,113.55,113.39,113.55,24289
HOOD,2026-09-10,14:11,113.525,113.625,113.525,113.59,17451
HOOD,2026-09-10,14:12,113.58,113.62,113.54,113.62,20643
HOOD,2026-09-10,14:13,113.6121,113.7,113.54,113.58,41974
HOOD,2026-09-10,14:14,113.58,113.63,113.54,113.54,11633
HOOD,2026-09-10,14:15,113.49,113.57,113.45,113.56,21681
HOOD,2026-09-10,14:16,113.571,113.61,113.485,113.485,17459
HOOD,2026-09-10,14:17,113.5199,113.5199,113.4301,113.45,19017
HOOD,2026-09-10,14:18,113.455,113.58,113.455,113.5315,53534
HOOD,2026-09-10,14:19,113.5537,113.59,113.545,113.555,10651
HOOD,2026-09-10,14:20,113.55,113.66,113.55,113.56,21439
HOOD,2026-09-10,14:21,113.53,113.58,113.51,113.53,18476
HOOD,2026-09-10,14:22,113.545,113.64,113.545,113.57,28519
HOOD,2026-09-10,14:23,113.63,113.63,113.53,113.58,13980
HOOD,2026-09-10,14:24,113.585,113.62,113.56,113.56,11186
HOOD,2026-09-10,14:25,113.56,113.64,113.53,113.53,13875
HOOD,2026-09-10,14:26,113.51,113.64,113.47,113.61,36182
HOOD,2026-09-10,14:27,113.62,113.64,113.57,113.58,15725
HOOD,2026-09-10,14:28,113.585,113.64,113.585,113.62,15303
HOOD,2026-09-10,14:29,113.59,113.6,113.525,113.525,10401
HOOD,2026-09-10,14:30,113.5,113.565,113.48,113.53,20016
HOOD,2026-09-10,14:31,113.53,113.57,113.52,113.545,13411
HOOD,2026-09-10,14:32,113.52,113.5396,113.4801,113.51,9722
HOOD,2026-09-10,14:33,113.49,113.52,113.4748,113.485,13882
HOOD,2026-09-10,14:34,113.4801,113.79,113.46,113.79,40512
HOOD,2026-09-10,14:35,113.7872,113.86,113.7286,113.85,39956
HOOD,2026-09-10,14:36,113.84,113.9,113.8,113.87,17937
HOOD,2026-09-10,14:37,113.89,113.96,113.89,113.94,18632
HOOD,2026-09-10,14:38,113.93,114.02,113.9,113.99,30771
HOOD,2026-09-10,14:39,114.015,114.07,113.98,114.03,20409
HOOD,2026-09-10,14:40,114.03,114.03,113.9554,113.99,14008
HOOD,2026-09-10,14:41,114.005,114.03,113.9601,114.005,12626
HOOD,2026-09-10,14:42,114,114.03,113.97,113.975,13934
HOOD,2026-09-10,14:43,113.96,114.02,113.96,114,12331
HOOD,2026-09-10,14:44,114.02,114.05,114,114.02,8066
HOOD,2026-09-10,14:45,114,114.015,113.91,113.99,18452
HOOD,2026-09-10,14:46,113.98,114,113.91,113.96,16890
HOOD,2026-09-10,14:47,113.94,113.965,113.87,113.965,9348
HOOD,2026-09-10,14:48,113.96,113.96,113.84,113.9,8964
HOOD,2026-09-10,14:49,113.89,114.18,113.88,114.0985,28405
HOOD,2026-09-10,14:50,114.075,114.14,114.02,114.13,16136
HOOD,2026-09-10,14:51,114.12,114.45,114.11,114.33,27424
HOOD,2026-09-10,14:52,114.355,114.38,114.2801,114.34,23250
HOOD,2026-09-10,14:53,114.28,114.3412,114.22,114.3412,14700
HOOD,2026-09-10,14:54,114.32,114.36,114.25,114.26,14778
HOOD,2026-09-10,14:55,114.285,114.35,114.23,114.3499,20260
HOOD,2026-09-10,14:56,114.3479,114.38,114.27,114.29,9978
HOOD,2026-09-10,14:57,114.27,114.295,114.25,114.285,11328
HOOD,2026-09-10,14:58,114.2997,114.33,114.27,114.315,16191
HOOD,2026-09-10,14:59,114.31,114.31,114.27,114.29,20219
HOOD,2026-09-10,15:00,114.285,114.4567,114.26,114.41,31608
HOOD,2026-09-10,15:01,114.415,114.48,114.32,114.33,21205
HOOD,2026-09-10,15:02,114.33,114.4,114.31,114.37,13474
HOOD,2026-09-10,15:03,114.37,114.395,114.3201,114.39,11281
HOOD,2026-09-10,15:04,114.39,114.43,114.31,114.33,19672
HOOD,2026-09-10,15:05,114.33,114.4,114.33,114.34,11669
HOOD,2026-09-10,15:06,114.34,114.34,114.2606,114.3058,17544
HOOD,2026-09-10,15:07,114.34,114.4038,114.33,114.355,14007
HOOD,2026-09-10,15:08,114.37,114.41,114.32,114.351,27527
HOOD,2026-09-10,15:09,114.35,114.565,114.345,114.48,33403
HOOD,2026-09-10,15:10,114.47,114.565,114.4,114.4,26415
HOOD,2026-09-10,15:11,114.39,114.43,114.2224,114.245,37582
HOOD,2026-09-10,15:12,114.23,114.33,114.22,114.2209,35981
HOOD,2026-09-10,15:13,114.245,114.35,114.22,114.35,24364
HOOD,2026-09-10,15:14,114.36,114.36,114.28,114.28,11777
HOOD,2026-09-10,15:15,114.285,114.385,114.285,114.3,17924
HOOD,2026-09-10,15:16,114.31,114.31,114.26,114.3,18648
HOOD,2026-09-10,15:17,114.32,114.33,114.26,114.265,14718
HOOD,2026-09-10,15:18,114.25,114.3,114.22,114.22,15049
HOOD,2026-09-10,15:19,114.22,114.23,114.17,114.18,19214
HOOD,2026-09-10,15:20,114.17,114.3683,114.07,114.125,73129
HOOD,2026-09-10,15:21,114.125,114.3144,114.1175,114.31,12554
HOOD,2026-09-10,15:22,114.2801,114.44,114.26,114.43,42965
HOOD,2026-09-10,15:23,114.405,114.5,114.38,114.3904,34993
HOOD,2026-09-10,15:24,114.39,114.56,114.385,114.56,30601
HOOD,2026-09-10,15:25,114.56,114.685,114.45,114.47,37974
HOOD,2026-09-10,15:26,114.44,114.49,114.395,114.395,24016
HOOD,2026-09-10,15:27,114.38,114.4,114.33,114.4,19388
HOOD,2026-09-10,15:28,114.39,114.47,114.335,114.45,19821
HOOD,2026-09-10,15:29,114.445,114.47,114.34,114.34,26876
HOOD,2026-09-10,15:30,114.345,114.5,114.31,114.34,42908
HOOD,2026-09-10,15:31,114.34,114.5,114.27,114.4101,23817
HOOD,2026-09-10,15:32,114.45,114.49,114.17,114.19,31586
HOOD,2026-09-10,15:33,114.19,114.28,114.1,114.2,24709
HOOD,2026-09-10,15:34,114.245,114.37,114.245,114.32,30651
HOOD,2026-09-10,15:35,114.32,114.4694,114.25,114.35,17864
HOOD,2026-09-10,15:36,114.31,114.44,114.29,114.385,42731
HOOD,2026-09-10,15:37,114.36,114.36,114.18,114.28,27055
HOOD,2026-09-10,15:38,114.24,114.32,114.215,114.31,15173
HOOD,2026-09-10,15:39,114.3,114.3,114.24,114.3,16201
HOOD,2026-09-10,15:40,114.31,114.35,114.21,114.29,23790
HOOD,2026-09-10,15:41,114.26,114.26,114.005,114.03,29508
HOOD,2026-09-10,15:42,114.03,114.06,113.8901,113.93,37077
HOOD,2026-09-10,15:43,113.93,114.09,113.9,114.09,23768
HOOD,2026-09-10,15:44,114.09,114.23,113.995,114.22,36836
HOOD,2026-09-10,15:45,114.25,114.3,114.0504,114.11,32336
HOOD,2026-09-10,15:46,114.105,114.16,114.03,114.04,20789
HOOD,2026-09-10,15:47,114.05,114.21,114.04,114.19,25442
HOOD,2026-09-10,15:48,114.205,114.21,114,114.07,29650
HOOD,2026-09-10,15:49,114.09,114.13,113.92,114.07,91023
HOOD,2026-09-10,15:50,114.06,114.08,113.555,113.57,155817
HOOD,2026-09-10,15:51,113.585,113.63,113.41,113.45,79893
HOOD,2026-09-10,15:52,113.46,113.48,113.345,113.36,49136
HOOD,2026-09-10,15:53,113.36,113.635,113.36,113.635,48709
HOOD,2026-09-10,15:54,113.65,113.7,113.46,113.66,118530
HOOD,2026-09-10,15:55,113.65,113.72,113.284,113.29,99889
HOOD,2026-09-10,15:56,113.285,113.29,113.1,113.15,115085
HOOD,2026-09-10,15:57,113.1699,113.28,113.02,113.23,129528
HOOD,2026-09-10,15:58,113.22,113.33,113.135,113.26,152467
HOOD,2026-09-10,15:59,113.27,113.37,113.2,113.34,321524
HOOD,2026-09-10,16:00,113.33,113.33,113.33,113.33,0
HOOD,2026-09-11,09:30,113.35,113.84,112.71,113.145,1600882
HOOD,2026-09-11,09:31,113.23,113.55,112.3,113.285,134693
HOOD,2026-09-11,09:32,113.37,113.38,112.3793,112.79,102415
HOOD,2026-09-11,09:33,112.665,112.71,112.3,112.57,72499
HOOD,2026-09-11,09:34,112.63,112.7086,112.3,112.4568,62709
HOOD,2026-09-11,09:35,112.63,112.65,112.0401,112.0878,80603
HOOD,2026-09-11,09:36,112.01,112.01,111.02,111.3287,212563
HOOD,2026-09-11,09:37,111.36,111.78,111.14,111.71,96929
HOOD,2026-09-11,09:38,111.84,111.8999,111.415,111.655,79003
HOOD,2026-09-11,09:39,111.66,111.972,111.57,111.972,89964
HOOD,2026-09-11,09:40,111.9464,112.2153,111.585,111.585,93887
HOOD,2026-09-11,09:41,111.6505,112.0575,111.625,111.875,60172
HOOD,2026-09-11,09:42,111.83,112,111.62,111.915,53471
HOOD,2026-09-11,09:43,111.94,111.94,111.595,111.775,39720
HOOD,2026-09-11,09:44,111.765,111.765,111.17,111.22,101453
HOOD,2026-09-11,09:45,111.25,111.36,111.07,111.165,133755
HOOD,2026-09-11,09:46,111.1795,111.71,111.09,111.43,145152
HOOD,2026-09-11,09:47,111.47,111.84,111.47,111.74,79083
HOOD,2026-09-11,09:48,111.8,112.32,111.64,112.2499,112626
HOOD,2026-09-11,09:49,112.2255,112.68,112.21,112.435,163257
HOOD,2026-09-11,09:50,112.475,113.24,112.415,113.18,257270
HOOD,2026-09-11,09:51,113.17,113.17,112.7101,113.085,145404
HOOD,2026-09-11,09:52,113.18,113.59,113.055,113.5,221410
HOOD,2026-09-11,09:53,113.41,113.5,112.84,112.93,158715
HOOD,2026-09-11,09:54,112.94,112.95,111.8,111.91,206692
HOOD,2026-09-11,09:55,111.865,112.645,111.82,112.54,113602
HOOD,2026-09-11,09:56,112.5414,113.358,112.51,113.358,126834
HOOD,2026-09-11,09:57,113.32,113.5,113.128,113.4499,137316
HOOD,2026-09-11,09:58,113.45,114.2895,113.45,114.2895,190702
HOOD,2026-09-11,09:59,114.31,115,114.18,114.85,173291
HOOD,2026-09-11,10:00,114.91,115.29,114.69,114.73,256716
HOOD,2026-09-11,10:01,114.775,114.9709,114.45,114.9127,110278
HOOD,2026-09-11,10:02,115,116.28,114.99,116.2401,334957
HOOD,2026-09-11,10:03,116.2401,116.4,115.16,115.38,252767
HOOD,2026-09-11,10:04,115.37,115.4894,115.18,115.39,99482
HOOD,2026-09-11,10:05,115.43,115.7099,115.18,115.48,110430
HOOD,2026-09-11,10:06,115.425,115.8027,115.3,115.64,95946
HOOD,2026-09-11,10:07,115.64,115.7597,114.6,114.85,161699
HOOD,2026-09-11,10:08,114.7875,115.175,114.7875,115.09,95471
HOOD,2026-09-11,10:09,115.07,115.29,114.7511,115.045,73408
HOOD,2026-09-11,10:10,115.045,115.2626,114.55,114.5501,69934
HOOD,2026-09-11,10:11,114.61,115.11,114.5,114.7663,99879
HOOD,2026-09-11,10:12,114.765,115.23,114.63,115,74635
HOOD,2026-09-11,10:13,115.045,115.51,115.03,115.37,109255
HOOD,2026-09-11,10:14,115.385,115.495,114.85,115.12,61501
HOOD,2026-09-11,10:15,115,115.1399,114.9,114.945,37718
HOOD,2026-09-11,10:16,114.945,114.99,114.7727,114.815,60151
HOOD,2026-09-11,10:17,114.815,115.0025,114.795,114.845,57445
HOOD,2026-09-11,10:18,114.82,115.2199,114.81,115.185,44125
HOOD,2026-09-11,10:19,115.135,115.31,115.015,115.31,74036
HOOD,2026-09-11,10:20,115.28,115.4,115.17,115.2288,56395
HOOD,2026-09-11,10:21,115.3,115.3,114.94,114.965,49763
HOOD,2026-09-11,10:22,114.996,114.996,114.2001,114.435,112270
HOOD,2026-09-11,10:23,114.38,114.49,113.92,114.08,91514
HOOD,2026-09-11,10:24,114.085,114.5,114.085,114.5,39921
HOOD,2026-09-11,10:25,114.475,114.655,114.43,114.5314,39611
HOOD,2026-09-11,10:26,114.53,114.541,114.09,114.145,46456
HOOD,2026-09-11,10:27,114.17,114.5487,114.07,114.46,47050
HOOD,2026-09-11,10:28,114.48,114.57,114.355,114.409,57720
HOOD,2026-09-11,10:29,114.41,114.59,114.375,114.51,34105
HOOD,2026-09-11,10:30,114.495,114.63,114.21,114.36,30198
HOOD,2026-09-11,10:31,114.36,114.4896,114.06,114.12,36664
HOOD,2026-09-11,10:32,114.135,114.37,113.91,114.335,40624
HOOD,2026-09-11,10:33,114.33,114.63,114.12,114.35,56707
HOOD,2026-09-11,10:34,114.36,114.365,113.98,114.087,38581
HOOD,2026-09-11,10:35,114.1,114.2682,114.04,114.04,41872
HOOD,2026-09-11,10:36,114.01,114.06,113.8101,113.92,52701
HOOD,2026-09-11,10:37,113.82,114.1568,113.7,114.11,56989
HOOD,2026-09-11,10:38,114.1101,114.1101,113.54,113.72,69013
HOOD,2026-09-11,10:39,113.7118,113.945,113.7,113.845,29664
HOOD,2026-09-11,10:40,113.8423,114.11,113.81,114.01,31154
HOOD,2026-09-11,10:41,114.04,114.18,114.01,114.145,43443
HOOD,2026-09-11,10:42,114.17,114.27,114.0808,114.16,39416
HOOD,2026-09-11,10:43,114.2,114.23,113.84,113.85,29326
HOOD,2026-09-11,10:44,113.845,113.96,113.8,113.83,43456
HOOD,2026-09-11,10:45,113.781,114.12,113.781,114.12,28169
HOOD,2026-09-11,10:46,114.105,114.32,114.0401,114.175,46527
HOOD,2026-09-11,10:47,114.17,114.29,114.08,114.17,21046
HOOD,2026-09-11,10:48,114.145,114.44,113.94,114.11,65721
HOOD,2026-09-11,10:49,114.095,114.9,114.095,114.9,68077
HOOD,2026-09-11,10:50,114.87,114.87,114.37,114.395,56596
HOOD,2026-09-11,10:51,114.395,114.8489,114.395,114.64,42706
HOOD,2026-09-11,10:52,114.64,114.9,114.64,114.88,35154
HOOD,2026-09-11,10:53,114.82,114.97,114.75,114.92,33196
HOOD,2026-09-11,10:54,114.88,114.905,114.55,114.55,22474
HOOD,2026-09-11,10:55,114.59,114.66,114.51,114.66,23152
HOOD,2026-09-11,10:56,114.65,114.68,114.5,114.66,20763
HOOD,2026-09-11,10:57,114.675,114.77,114.63,114.725,109739
HOOD,2026-09-11,10:58,114.7,114.7739,114.68,114.6801,15132
HOOD,2026-09-11,10:59,114.7422,114.7422,114.44,114.5204,21880
HOOD,2026-09-11,11:00,114.58,114.7243,114.58,114.71,21744
HOOD,2026-09-11,11:01,114.705,114.9,114.63,114.9,153163
HOOD,2026-09-11,11:02,114.83,115.15,114.77,115.11,50966
HOOD,2026-09-11,11:03,115.1187,115.14,114.9,115.05,90974
HOOD,2026-09-11,11:04,115.05,115.07,114.6201,114.77,98187
HOOD,2026-09-11,11:05,114.79,114.95,114.74,114.87,24407
HOOD,2026-09-11,11:06,114.87,115.01,114.8,114.91,29559
HOOD,2026-09-11,11:07,114.86,114.86,114.51,114.58,55296
HOOD,2026-09-11,11:08,114.58,114.58,114.1,114.435,58242
HOOD,2026-09-11,11:09,114.4,114.625,114.385,114.4101,37683
HOOD,2026-09-11,11:10,114.44,114.7395,114.33,114.5401,51458
HOOD,2026-09-11,11:11,114.65,114.77,114.45,114.56,81833
HOOD,2026-09-11,11:12,114.6,114.845,114.5897,114.5897,32065
HOOD,2026-09-11,11:13,114.57,114.655,114.4,114.655,23903
HOOD,2026-09-11,11:14,114.69,114.715,114.555,114.56,20652
HOOD,2026-09-11,11:15,114.56,114.71,114.5396,114.67,21813
HOOD,2026-09-11,11:16,114.71,114.71,114.45,114.53,32933
HOOD,2026-09-11,11:17,114.5,114.51,114.35,114.5088,25692
HOOD,2026-09-11,11:18,114.4663,114.48,114.27,114.3,24958
HOOD,2026-09-11,11:19,114.3,114.5697,114.3,114.32,15111
HOOD,2026-09-11,11:20,114.37,114.385,114.183,114.21,13719
HOOD,2026-09-11,11:21,114.235,114.3136,114.2055,114.3136,27237
HOOD,2026-09-11,11:22,114.24,114.46,114.24,114.39,21099
HOOD,2026-09-11,11:23,114.37,114.525,114.37,114.47,10913
HOOD,2026-09-11,11:24,114.44,114.472,114.22,114.275,20691
HOOD,2026-09-11,11:25,114.3275,114.3275,114.2,114.285,12092
HOOD,2026-09-11,11:26,114.33,114.4486,114.31,114.42,16494
HOOD,2026-09-11,11:27,114.45,114.5,114.4,114.435,14440
HOOD,2026-09-11,11:28,114.4,114.4,114.26,114.29,33434
HOOD,2026-09-11,11:29,114.315,114.61,114.25,114.43,55676
HOOD,2026-09-11,11:30,114.39,114.39,114.25,114.335,23599
HOOD,2026-09-11,11:31,114.31,114.39,114.25,114.2676,14797
HOOD,2026-09-11,11:32,114.25,114.44,114.215,114.38,31662
HOOD,2026-09-11,11:33,114.37,114.37,114.29,114.29,15506
HOOD,2026-09-11,11:34,114.29,114.29,114.21,114.27,13015
HOOD,2026-09-11,11:35,114.29,114.355,114.09,114.11,18434
HOOD,2026-09-11,11:36,114.155,114.18,113.905,114,40073
HOOD,2026-09-11,11:37,114.05,114.18,114.02,114.065,32230
HOOD,2026-09-11,11:38,114.05,114.12,114.01,114.01,20321
HOOD,2026-09-11,11:39,114.03,114.1,114.02,114.03,10434
HOOD,2026-09-11,11:40,114.0491,114.09,113.9701,114.04,25879
HOOD,2026-09-11,11:41,114.03,114.22,114.02,114.18,17540
HOOD,2026-09-11,11:42,114.145,114.1699,114.09,114.14,9348
HOOD,2026-09-11,11:43,114.1329,114.14,113.93,113.98,21070
HOOD,2026-09-11,11:44,113.96,113.99,113.9,113.981,25550
HOOD,2026-09-11,11:45,113.99,114.0599,113.92,114.035,25735
HOOD,2026-09-11,11:46,114.01,114.04,113.84,113.885,51384
HOOD,2026-09-11,11:47,113.885,113.9199,113.82,113.89,14423
HOOD,2026-09-11,11:48,113.85,113.87,113.61,113.665,29249
HOOD,2026-09-11,11:49,113.6162,113.87,113.61,113.77,30560
HOOD,2026-09-11,11:50,113.77,113.86,113.76,113.8585,23832
HOOD,2026-09-11,11:51,113.8599,113.92,113.68,113.72,29483
HOOD,2026-09-11,11:52,113.735,113.735,113.5,113.69,61603
HOOD,2026-09-11,11:53,113.63,113.6899,113.195,113.2199,78860
HOOD,2026-09-11,11:54,113.1321,113.1321,112.72,113.01,121156
HOOD,2026-09-11,11:55,112.9691,113.0585,112.8,112.8,56876
HOOD,2026-09-11,11:56,112.802,113.0904,112.7401,113.06,66086
HOOD,2026-09-11,11:57,113.11,113.36,113.09,113.28,45083
HOOD,2026-09-11,11:58,113.33,113.39,113.26,113.285,45471
HOOD,2026-09-11,11:59,113.3352,113.4485,113.25,113.4485,46605
HOOD,2026-09-11,12:00,113.45,113.8699,113.4064,113.77,66795
HOOD,2026-09-11,12:01,113.78,114,113.7358,113.9661,41518
HOOD,2026-09-11,12:02,113.915,113.93,113.8301,113.9,12898
HOOD,2026-09-11,12:03,113.88,113.93,113.61,113.66,24921
HOOD,2026-09-11,12:04,113.66,113.84,113.66,113.82,18589
HOOD,2026-09-11,12:05,113.825,114,113.825,113.975,18849
HOOD,2026-09-11,12:06,113.98,114.11,113.89,113.945,27711
HOOD,2026-09-11,12:07,113.93,113.94,113.68,113.68,19059
HOOD,2026-09-11,12:08,113.69,113.715,113.56,113.68,20186
HOOD,2026-09-11,12:09,113.6908,113.77,113.63,113.77,17734
HOOD,2026-09-11,12:10,113.77,113.88,113.5501,113.62,23312
HOOD,2026-09-11,12:11,113.623,113.655,113.38,113.47,34615
HOOD,2026-09-11,12:12,113.4383,113.52,113.39,113.48,22087
HOOD,2026-09-11,12:13,113.45,113.45,113.32,113.32,20409
HOOD,2026-09-11,12:14,113.3,113.3474,113.15,113.2137,26819
HOOD,2026-09-11,12:15,113.235,113.31,113.2,113.22,17890
HOOD,2026-09-11,12:16,113.21,113.33,113.2,113.31,20509
HOOD,2026-09-11,12:17,113.28,113.2977,113.1901,113.245,16190
HOOD,2026-09-11,12:18,113.245,113.245,112.99,113.07,30363
HOOD,2026-09-11,12:19,113.03,113.18,113.03,113.08,39937
HOOD,2026-09-11,12:20,113.15,113.1799,113.02,113.07,39206
HOOD,2026-09-11,12:21,113.07,113.25,113.045,113.125,35709
HOOD,2026-09-11,12:22,113.1531,113.2,113.0937,113.124,8753
HOOD,2026-09-11,12:23,113.16,113.17,113.03,113.12,31244
HOOD,2026-09-11,12:24,113.125,113.16,113.065,113.11,19126
HOOD,2026-09-11,12:25,113.12,113.26,113.1028,113.25,33833
HOOD,2026-09-11,12:26,113.21,113.2204,113.16,113.165,15867
HOOD,2026-09-11,12:27,113.13,113.2294,113.09,113.18,20790
HOOD,2026-09-11,12:28,113.16,113.19,113.12,113.145,7644
HOOD,2026-09-11,12:29,113.17,113.19,112.96,113.06,65412
HOOD,2026-09-11,12:30,113.06,113.1,112.9615,113.04,27644
HOOD,2026-09-11,12:31,113.01,113.02,112.89,112.89,32829
HOOD,2026-09-11,12:32,112.89,112.91,112.74,112.84,35577
HOOD,2026-09-11,12:33,112.8498,113.05,112.8498,112.96,25696
HOOD,2026-09-11,12:34,112.97,113.115,112.97,113,32059
HOOD,2026-09-11,12:35,113,113.1,112.94,112.98,71932
HOOD,2026-09-11,12:36,113.01,113.03,112.8201,112.83,23364
HOOD,2026-09-11,12:37,112.855,112.975,112.855,112.975,21776
HOOD,2026-09-11,12:38,113,113.02,112.88,112.91,18074
HOOD,2026-09-11,12:39,112.9,112.92,112.81,112.8388,54154
HOOD,2026-09-11,12:40,112.835,112.95,112.81,112.92,18917
HOOD,2026-09-11,12:41,112.9,112.94,112.83,112.94,12352
HOOD,2026-09-11,12:42,112.96,112.97,112.8901,112.955,19349
HOOD,2026-09-11,12:43,112.955,113.05,112.92,113.0015,39014
HOOD,2026-09-11,12:44,113.01,113.15,113.01,113.13,18320
HOOD,2026-09-11,12:45,113.11,113.28,113.105,113.23,32938
HOOD,2026-09-11,12:46,113.23,113.255,113.16,113.21,18688
HOOD,2026-09-11,12:47,113.2256,113.34,113.1721,113.24,27465
HOOD,2026-09-11,12:48,113.22,113.27,113.21,113.23,10619
HOOD,2026-09-11,12:49,113.22,113.22,113.12,113.14,13099
HOOD,2026-09-11,12:50,113.14,113.21,113.11,113.15,11005
HOOD,2026-09-11,12:51,113.15,113.19,113.09,113.15,19360
HOOD,2026-09-11,12:52,113.19,113.19,113,113.085,25645
HOOD,2026-09-11,12:53,113.08,113.11,113,113.04,14301
HOOD,2026-09-11,12:54,113.04,113.1534,113.02,113.074,21476
HOOD,2026-09-11,12:55,113.09,113.17,113.09,113.105,10820
HOOD,2026-09-11,12:56,113.11,113.1949,113.09,113.175,13963
HOOD,2026-09-11,12:57,113.15,113.2184,113.11,113.2184,17919
HOOD,2026-09-11,12:58,113.21,113.25,113.1828,113.2,14650
HOOD,2026-09-11,12:59,113.215,113.215,113.1395,113.17,11277
HOOD,2026-09-11,13:00,113.15,113.2,113.09,113.095,18527
HOOD,2026-09-11,13:01,113.07,113.26,113.04,113.22,20375
HOOD,2026-09-11,13:02,113.21,113.21,113.0701,113.17,9020
HOOD,2026-09-11,13:03,113.175,113.1892,113.09,113.135,13050
HOOD,2026-09-11,13:04,113.121,113.16,113.11,113.15,14679
HOOD,2026-09-11,13:05,113.145,113.2399,113.12,113.12,16535
HOOD,2026-09-11,13:06,113.18,113.18,113.01,113.04,26648
HOOD,2026-09-11,13:07,113,113.255,112.9381,113.09,102652
HOOD,2026-09-11,13:08,113.09,113.25,113.06,113.25,14862
HOOD,2026-09-11,13:09,113.2876,113.2876,113.16,113.25,12247
HOOD,2026-09-11,13:10,113.21,113.21,113.08,113.08,10949
HOOD,2026-09-11,13:11,113.115,113.1408,113.04,113.06,12493
HOOD,2026-09-11,13:12,113.02,113.07,112.99,113.058,14282
HOOD,2026-09-11,13:13,113.03,113.055,112.96,113.05,20188
HOOD,2026-09-11,13:14,113.04,113.04,112.85,112.8505,17237
HOOD,2026-09-11,13:15,112.915,113.03,112.915,112.945,15426
HOOD,2026-09-11,13:16,112.94,113.095,112.92,113.0501,14742
HOOD,2026-09-11,13:17,113.06,113.1099,113.025,113.055,14772
HOOD,2026-09-11,13:18,113.06,113.08,112.97,113.07,23223
HOOD,2026-09-11,13:19,113.06,113.1,113.055,113.0891,16477
HOOD,2026-09-11,13:20,113.07,113.134,113.0001,113.0001,20082
HOOD,2026-09-11,13:21,113.03,113.03,112.96,112.97,11395
HOOD,2026-09-11,13:22,112.97,113.02,112.92,113.02,18880
HOOD,2026-09-11,13:23,113.03,113.185,113.03,113.185,19064
HOOD,2026-09-11,13:24,113.17,113.2,113.14,113.19,23656
HOOD,2026-09-11,13:25,113.23,113.255,113.21,113.2474,10511
HOOD,2026-09-11,13:26,113.235,113.3311,113.23,113.3,29989
HOOD,2026-09-11,13:27,113.3,113.3,113.175,113.19,14289
HOOD,2026-09-11,13:28,113.2,113.25,113.185,113.225,14647
HOOD,2026-09-11,13:29,113.225,113.35,113.225,113.295,23297
HOOD,2026-09-11,13:30,113.295,113.32,113.24,113.26,13842
HOOD,2026-09-11,13:31,113.265,113.44,113.265,113.4,50600
HOOD,2026-09-11,13:32,113.4,113.4,113.19,113.19,19333
HOOD,2026-09-11,13:33,113.235,113.4017,113.225,113.38,18810
HOOD,2026-09-11,13:34,113.35,113.35,113.28,113.305,8664
HOOD,2026-09-11,13:35,113.33,113.38,113.3,113.335,19125
HOOD,2026-09-11,13:36,113.335,113.335,113.1953,113.21,12069
HOOD,2026-09-11,13:37,113.225,113.3,113.2,113.28,15336
HOOD,2026-09-11,13:38,113.275,113.29,113.2,113.25,13043
HOOD,2026-09-11,13:39,113.22,113.24,113.1927,113.22,16598
HOOD,2026-09-11,13:40,113.2,113.34,113.17,113.34,22345
HOOD,2026-09-11,13:41,113.29,113.32,113.28,113.31,9134
HOOD,2026-09-11,13:42,113.28,113.292,113.26,113.29,8326
HOOD,2026-09-11,13:43,113.31,113.4,113.31,113.35,12069
HOOD,2026-09-11,13:44,113.36,113.42,113.34,113.3799,13860
HOOD,2026-09-11,13:45,113.39,113.39,113.3,113.35,19596
HOOD,2026-09-11,13:46,113.33,113.365,113.33,113.3401,9093
HOOD,2026-09-11,13:47,113.37,113.4691,113.37,113.45,39889
HOOD,2026-09-11,13:48,113.45,113.45,113.38,113.42,17222
HOOD,2026-09-11,13:49,113.38,113.3965,113.24,113.2755,36605
HOOD,2026-09-11,13:50,113.31,113.31,113.08,113.16,60725
HOOD,2026-09-11,13:51,113.16,113.21,113.155,113.18,7477
HOOD,2026-09-11,13:52,113.21,113.21,113.125,113.145,12138
HOOD,2026-09-11,13:53,113.155,113.155,113.0962,113.14,13748
HOOD,2026-09-11,13:54,113.135,113.21,113.12,113.18,23383
HOOD,2026-09-11,13:55,113.16,113.19,113.12,113.1362,19480
HOOD,2026-09-11,13:56,113.15,113.15,112.97,113.021,45092
HOOD,2026-09-11,13:57,113.02,113.18,113.02,113.1301,26695
HOOD,2026-09-11,13:58,113.14,113.2596,113.13,113.1587,21388
HOOD,2026-09-11,13:59,113.13,113.17,113.12,113.14,9354
HOOD,2026-09-11,14:00,113.16,113.27,113.11,113.11,19636
HOOD,2026-09-11,14:01,113.0701,113.0801,113,113.065,16546
HOOD,2026-09-11,14:02,113.03,113.03,112.77,112.87,29684
HOOD,2026-09-11,14:03,112.91,112.93,112.85,112.8899,16475
HOOD,2026-09-11,14:04,112.84,112.88,112.81,112.865,43138
HOOD,2026-09-11,14:05,112.85,112.86,112.5307,112.555,80117
HOOD,2026-09-11,14:06,112.555,112.7999,112.45,112.68,45723
HOOD,2026-09-11,14:07,112.75,112.75,112.61,112.665,19472
HOOD,2026-09-11,14:08,112.665,112.7,112.6,112.64,15611
HOOD,2026-09-11,14:09,112.66,112.67,112.52,112.562,27087
HOOD,2026-09-11,14:10,112.58,112.635,112.54,112.63,27876
HOOD,2026-09-11,14:11,112.6,112.69,112.52,112.6897,14443
HOOD,2026-09-11,14:12,112.67,112.6709,112.6,112.605,17568
HOOD,2026-09-11,14:13,112.62,112.63,112.47,112.52,43346
HOOD,2026-09-11,14:14,112.535,112.5997,112.49,112.56,35900
HOOD,2026-09-11,14:15,112.53,112.61,112.51,112.55,33653
HOOD,2026-09-11,14:16,112.555,112.61,112.506,112.6077,16441
HOOD,2026-09-11,14:17,112.63,112.67,112.6,112.6,17395
HOOD,2026-09-11,14:18,112.62,112.62,112.5095,112.605,31764
HOOD,2026-09-11,14:19,112.6101,112.7299,112.59,112.67,23036
HOOD,2026-09-11,14:20,112.71,112.8,112.71,112.73,35108
HOOD,2026-09-11,14:21,112.73,112.73,112.5703,112.615,21208
HOOD,2026-09-11,14:22,112.6,112.62,112.57,112.59,12478
HOOD,2026-09-11,14:23,112.605,112.61,112.51,112.52,10467
HOOD,2026-09-11,14:24,112.53,112.58,112.52,112.56,10566
HOOD,2026-09-11,14:25,112.54,112.54,112.43,112.52,31241
HOOD,2026-09-11,14:26,112.5,112.593,112.49,112.57,15943
HOOD,2026-09-11,14:27,112.57,112.57,112.41,112.47,23063
HOOD,2026-09-11,14:28,112.46,112.52,112.44,112.52,18606
HOOD,2026-09-11,14:29,112.55,112.61,112.515,112.56,13453
HOOD,2026-09-11,14:30,112.55,112.58,112.4725,112.5,15836
HOOD,2026-09-11,14:31,112.48,112.48,112.34,112.3423,28943
HOOD,2026-09-11,14:32,112.36,112.46,112.35,112.41,17103
HOOD,2026-09-11,14:33,112.38,112.38,112.28,112.34,26237
HOOD,2026-09-11,14:34,112.345,112.48,112.345,112.48,19325
HOOD,2026-09-11,14:35,112.48,112.49,112.385,112.385,14421
HOOD,2026-09-11,14:36,112.33,112.42,112.33,112.415,16414
HOOD,2026-09-11,14:37,112.41,112.43,112.24,112.29,38443
HOOD,2026-09-11,14:38,112.26,112.26,112.13,112.215,40181
HOOD,2026-09-11,14:39,112.2,112.2591,112.195,112.24,20380
HOOD,2026-09-11,14:40,112.25,112.305,112.14,112.27,19646
HOOD,2026-09-11,14:41,112.22,112.34,112.17,112.3,16620
HOOD,2026-09-11,14:42,112.3,112.4,112.3,112.342,20074
HOOD,2026-09-11,14:43,112.325,112.4,112.325,112.365,10833
HOOD,2026-09-11,14:44,112.365,112.385,112.34,112.365,13720
HOOD,2026-09-11,14:45,112.37,112.4699,112.34,112.3703,16021
HOOD,2026-09-11,14:46,112.36,112.3799,112.24,112.25,15631
HOOD,2026-09-11,14:47,112.2599,112.28,112.22,112.245,14787
HOOD,2026-09-11,14:48,112.245,112.26,112.17,112.23,16118
HOOD,2026-09-11,14:49,112.215,112.215,112.13,112.14,16378
HOOD,2026-09-11,14:50,112.14,112.1672,112.09,112.15,20145
HOOD,2026-09-11,14:51,112.15,112.15,112.09,112.1,9119
HOOD,2026-09-11,14:52,112.08,112.17,112.03,112.16,30269
HOOD,2026-09-11,14:53,112.11,112.11,111.955,111.98,45107
HOOD,2026-09-11,14:54,111.98,112.04,111.98,112.005,33813
HOOD,2026-09-11,14:55,112,112.24,112,112.17,23736
HOOD,2026-09-11,14:56,112.165,112.21,112.12,112.18,15187
HOOD,2026-09-11,14:57,112.195,112.23,112.1404,112.155,18326
HOOD,2026-09-11,14:58,112.155,112.18,111.97,112.005,37416
HOOD,2026-09-11,14:59,111.98,112.02,111.92,112.02,28311
HOOD,2026-09-11,15:00,112.01,112.43,112,112.4,43955
HOOD,2026-09-11,15:01,112.395,112.395,112.13,112.14,24049
HOOD,2026-09-11,15:02,112.1601,112.38,112.12,112.38,17095
HOOD,2026-09-11,15:03,112.35,112.6,112.31,112.525,66905
HOOD,2026-09-11,15:04,112.52,112.5801,112.49,112.555,24181
HOOD,2026-09-11,15:05,112.565,112.73,112.555,112.64,34802
HOOD,2026-09-11,15:06,112.615,112.66,112.55,112.575,23295
HOOD,2026-09-11,15:07,112.6,112.64,112.4,112.4,25855
HOOD,2026-09-11,15:08,112.4,112.44,112.35,112.42,35776
HOOD,2026-09-11,15:09,112.42,112.42,112.31,112.3499,20054
HOOD,2026-09-11,15:10,112.3158,112.35,112.24,112.28,36329
HOOD,2026-09-11,15:11,112.25,112.33,112.18,112.33,17667
HOOD,2026-09-11,15:12,112.32,112.405,112.32,112.375,18451
HOOD,2026-09-11,15:13,112.33,112.33,112.21,112.29,19438
HOOD,2026-09-11,15:14,112.275,112.275,112.155,112.155,19370
HOOD,2026-09-11,15:15,112.14,112.21,112.13,112.17,31212
HOOD,2026-09-11,15:16,112.17,112.215,112.1,112.16,18997
HOOD,2026-09-11,15:17,112.165,112.19,112.04,112.075,20195
HOOD,2026-09-11,15:18,112.07,112.1195,112.04,112.08,50665
HOOD,2026-09-11,15:19,112.09,112.1469,112.06,112.11,21087
HOOD,2026-09-11,15:20,112.12,112.13,112.06,112.09,29886
HOOD,2026-09-11,15:21,112.09,112.19,112.07,112.15,36998
HOOD,2026-09-11,15:22,112.15,112.215,112.1,112.2,31397
HOOD,2026-09-11,15:23,112.18,112.22,112.1101,112.215,30739
HOOD,2026-09-11,15:24,112.21,112.35,112.1941,112.325,23748
HOOD,2026-09-11,15:25,112.3,112.38,112.21,112.3097,34756
HOOD,2026-09-11,15:26,112.33,112.4,112.25,112.345,33526
HOOD,2026-09-11,15:27,112.32,112.375,112.28,112.325,16426
HOOD,2026-09-11,15:28,112.325,112.339,112.2301,112.245,21126
HOOD,2026-09-11,15:29,112.26,112.33,112.23,112.26,37644
HOOD,2026-09-11,15:30,112.24,112.27,112.18,112.18,19819
HOOD,2026-09-11,15:31,112.16,112.29,112.15,112.29,21402
HOOD,2026-09-11,15:32,112.27,112.28,112.235,112.28,16294
HOOD,2026-09-11,15:33,112.26,112.26,112.17,112.22,23862
HOOD,2026-09-11,15:34,112.23,112.35,112.14,112.345,39084
HOOD,2026-09-11,15:35,112.35,112.3699,112.23,112.3699,35836
HOOD,2026-09-11,15:36,112.34,112.37,112.2501,112.29,21729
HOOD,2026-09-11,15:37,112.26,112.27,112.082,112.105,30597
HOOD,2026-09-11,15:38,112.14,112.17,112.08,112.095,29896
HOOD,2026-09-11,15:39,112.095,112.2,112.095,112.12,24857
HOOD,2026-09-11,15:40,112.14,112.33,112.14,112.27,26864
HOOD,2026-09-11,15:41,112.27,112.3,112.21,112.26,30085
HOOD,2026-09-11,15:42,112.27,112.34,112.24,112.335,27213
HOOD,2026-09-11,15:43,112.33,112.35,112.285,112.32,24035
HOOD,2026-09-11,15:44,112.3114,112.455,112.29,112.4,54677
HOOD,2026-09-11,15:45,112.41,112.495,112.4,112.47,33975
HOOD,2026-09-11,15:46,112.48,112.567,112.4,112.567,102262
HOOD,2026-09-11,15:47,112.57,112.7008,112.51,112.67,66845
HOOD,2026-09-11,15:48,112.67,112.735,112.6,112.665,33332
HOOD,2026-09-11,15:49,112.66,112.75,112.61,112.72,61883
HOOD,2026-09-11,15:50,112.7,112.81,112.59,112.81,76642
HOOD,2026-09-11,15:51,112.8,112.8204,112.73,112.73,57533
HOOD,2026-09-11,15:52,112.725,112.73,112.55,112.59,68278
HOOD,2026-09-11,15:53,112.58,112.615,112.49,112.6,79222
HOOD,2026-09-11,15:54,112.6,112.81,112.515,112.67,115825
HOOD,2026-09-11,15:55,112.62,112.679,112.365,112.38,133866
HOOD,2026-09-11,15:56,112.38,112.79,112.36,112.79,163142
HOOD,2026-09-11,15:57,112.78,112.78,112.45,112.4501,106833
HOOD,2026-09-11,15:58,112.46,112.545,112.415,112.52,183688
HOOD,2026-09-11,15:59,112.53,112.65,112.51,112.57,268754
HOOD,2026-09-11,16:00,112.57,112.57,112.57,112.57,0
HOOD,2026-09-14,09:30,112.26,114.49,112.14,113.685,1089127
HOOD,2026-09-14,09:31,113.475,114.86,113.33,114.76,208614
HOOD,2026-09-14,09:32,114.73,115.5,113.91,115.3948,272423
HOOD,2026-09-14,09:33,115.34,116,114.945,115.8201,228062
HOOD,2026-09-14,09:34,115.915,116.34,115.8197,116.01,192897
HOOD,2026-09-14,09:35,116.0836,116.105,114.6,114.61,232952
HOOD,2026-09-14,09:36,114.6142,114.8426,113.15,113.47,199893
HOOD,2026-09-14,09:37,113.4,114.3957,112.76,114.3957,183557
HOOD,2026-09-14,09:38,114.29,115.0999,114.02,114.585,135716
HOOD,2026-09-14,09:39,114.6,114.6,113.8,113.9,101352
HOOD,2026-09-14,09:40,113.9,114.64,113.86,114.49,149985
HOOD,2026-09-14,09:41,114.38,114.41,113.25,113.803,87738
HOOD,2026-09-14,09:42,113.69,113.88,113.3,113.64,93663
HOOD,2026-09-14,09:43,113.59,114.045,113.55,113.68,51277
HOOD,2026-09-14,09:44,113.76,113.8199,113.44,113.62,61857
HOOD,2026-09-14,09:45,113.6,113.9382,113.39,113.53,54505
HOOD,2026-09-14,09:46,113.51,114,113.35,113.81,99608
HOOD,2026-09-14,09:47,113.6801,114.25,113.6801,113.83,85623
HOOD,2026-09-14,09:48,113.9,114.02,113.5701,113.7,64208
HOOD,2026-09-14,09:49,113.74,114.3,113.73,114.225,63818
HOOD,2026-09-14,09:50,114.2999,114.3999,114.11,114.14,60847
HOOD,2026-09-14,09:51,114.185,114.3491,113.89,114.3116,122340
HOOD,2026-09-14,09:52,114.27,114.835,114.175,114.7652,79051
HOOD,2026-09-14,09:53,114.849,114.849,114.02,114.52,83656
HOOD,2026-09-14,09:54,114.57,114.7,114.3604,114.66,46032
HOOD,2026-09-14,09:55,114.59,114.81,114.39,114.57,48934
HOOD,2026-09-14,09:56,114.4548,114.48,114.02,114.2336,40498
HOOD,2026-09-14,09:57,114.29,114.4279,114.1789,114.415,26135
HOOD,2026-09-14,09:58,114.395,114.51,114.11,114.38,57227
HOOD,2026-09-14,09:59,114.4,114.61,114.2,114.34,35269
HOOD,2026-09-14,10:00,114.34,114.64,114.0801,114.585,37278
HOOD,2026-09-14,10:01,114.64,115.17,114.63,115.055,88875
HOOD,2026-09-14,10:02,115.01,115.2,114.7136,114.724,86053
HOOD,2026-09-14,10:03,114.7233,115.02,114.7,114.91,48805
HOOD,2026-09-14,10:04,114.935,114.94,114.54,114.7,29608
HOOD,2026-09-14,10:05,114.8099,114.9,114.66,114.74,23681
HOOD,2026-09-14,10:06,114.77,115,114.67,114.93,40595
HOOD,2026-09-14,10:07,114.84,114.885,114.58,114.75,26423
HOOD,2026-09-14,10:08,114.7,115,114.544,114.9,43577
HOOD,2026-09-14,10:09,114.845,114.97,114.65,114.705,42608
HOOD,2026-09-14,10:10,114.6953,114.8877,114.6801,114.82,57822
HOOD,2026-09-14,10:11,114.835,115.39,114.835,115.21,75141
HOOD,2026-09-14,10:12,115.25,115.405,115.19,115.23,47318
HOOD,2026-09-14,10:13,115.21,115.32,115.1001,115.32,60102
HOOD,2026-09-14,10:14,115.25,115.37,115.18,115.23,39846
HOOD,2026-09-14,10:15,115.26,115.38,115.1694,115.21,43275
HOOD,2026-09-14,10:16,115.22,115.25,115.0201,115.0701,53903
HOOD,2026-09-14,10:17,115.16,115.3899,115.07,115.1399,36614
HOOD,2026-09-14,10:18,115.1,115.16,114.87,115,40479
HOOD,2026-09-14,10:19,115.04,115.06,114.6901,114.815,55497
HOOD,2026-09-14,10:20,114.815,114.815,114.25,114.25,31632
HOOD,2026-09-14,10:21,114.25,114.42,114.03,114.196,105236
HOOD,2026-09-14,10:22,114.22,114.31,113.92,114.07,112936
HOOD,2026-09-14,10:23,114.04,114.1612,113.77,114.025,34778
HOOD,2026-09-14,10:24,114.0691,114.0691,113.2,113.3667,80317
HOOD,2026-09-14,10:25,113.325,113.6099,113.23,113.6099,51582
HOOD,2026-09-14,10:26,113.53,113.56,113.2292,113.33,48535
HOOD,2026-09-14,10:27,113.4118,113.42,113.15,113.345,29691
HOOD,2026-09-14,10:28,113.38,113.9599,113.38,113.81,75055
HOOD,2026-09-14,10:29,113.755,113.7827,113.5,113.69,42893
HOOD,2026-09-14,10:30,113.685,113.9,113.66,113.85,54597
HOOD,2026-09-14,10:31,113.8453,113.9,113.6401,113.75,50962
HOOD,2026-09-14,10:32,113.79,113.96,113.675,113.912,26312
HOOD,2026-09-14,10:33,113.94,114.08,113.87,113.995,36991
HOOD,2026-09-14,10:34,113.995,114.03,113.755,113.771,33727
HOOD,2026-09-14,10:35,113.77,113.82,113.47,113.5,38481
HOOD,2026-09-14,10:36,113.53,113.6,113.4,113.48,23859
HOOD,2026-09-14,10:37,113.51,113.6,113.38,113.54,19794
HOOD,2026-09-14,10:38,113.5,113.5,113.13,113.3276,54053
HOOD,2026-09-14,10:39,113.32,113.37,113.275,113.28,18775
HOOD,2026-09-14,10:40,113.28,113.4199,113.25,113.32,34886
HOOD,2026-09-14,10:41,113.34,113.39,113.11,113.22,32211
HOOD,2026-09-14,10:42,113.22,113.36,113.22,113.36,15774
HOOD,2026-09-14,10:43,113.3408,113.58,113.3225,113.58,34694
HOOD,2026-09-14,10:44,113.605,113.93,113.56,113.93,40869
HOOD,2026-09-14,10:45,113.8636,114.27,113.8636,114.14,85312
HOOD,2026-09-14,10:46,114.135,114.23,113.79,113.915,52534
HOOD,2026-09-14,10:47,113.95,113.95,113.3954,113.5201,27995
HOOD,2026-09-14,10:48,113.63,113.9,113.44,113.495,45023
HOOD,2026-09-14,10:49,113.45,113.79,113.45,113.79,16307
HOOD,2026-09-14,10:50,113.78,114,113.765,113.845,33240
HOOD,2026-09-14,10:51,113.845,114.06,113.8,113.995,14768
HOOD,2026-09-14,10:52,113.975,113.995,113.71,113.72,23990
HOOD,2026-09-14,10:53,113.81,113.92,113.7601,113.8,37805
HOOD,2026-09-14,10:54,113.75,114.02,113.6,113.9,49971
HOOD,2026-09-14,10:55,113.86,113.97,113.68,113.8799,27642
HOOD,2026-09-14,10:56,113.87,113.87,113.67,113.79,15937
HOOD,2026-09-14,10:57,113.76,113.97,113.68,113.97,35736
HOOD,2026-09-14,10:58,114.025,114.18,113.93,114.13,21506
HOOD,2026-09-14,10:59,114.145,114.3472,114.0904,114.14,45846
HOOD,2026-09-14,11:00,114.1392,114.15,113.855,113.8858,31199
HOOD,2026-09-14,11:01,113.9626,113.9626,113.52,113.78,38405
HOOD,2026-09-14,11:02,113.805,113.945,113.61,113.755,19667
HOOD,2026-09-14,11:03,113.705,113.99,113.705,113.77,20766
HOOD,2026-09-14,11:04,113.75,113.77,113.5401,113.65,26782
HOOD,2026-09-14,11:05,113.52,114.2,113.52,114.07,47801
HOOD,2026-09-14,11:06,114.16,114.3523,114.0801,114.17,44509
HOOD,2026-09-14,11:07,114.155,114.27,113.865,114.015,28530
HOOD,2026-09-14,11:08,113.96,114.05,113.825,113.825,19985
HOOD,2026-09-14,11:09,113.854,114.1542,113.8,114,22150
HOOD,2026-09-14,11:10,113.96,113.98,113.795,113.82,12720
HOOD,2026-09-14,11:11,113.82,113.83,113.64,113.77,41220
HOOD,2026-09-14,11:12,113.76,113.76,113.53,113.7,26227
HOOD,2026-09-14,11:13,113.71,113.905,113.6203,113.84,29675
HOOD,2026-09-14,11:14,113.84,113.905,113.74,113.74,12519
HOOD,2026-09-14,11:15,113.75,113.82,113.649,113.75,18391
HOOD,2026-09-14,11:16,113.745,114.1443,113.685,114.115,28777
HOOD,2026-09-14,11:17,114.15,114.41,114.12,114.12,36835
HOOD,2026-09-14,11:18,114.1062,114.12,113.8,113.8294,20014
HOOD,2026-09-14,11:19,113.83,114.05,113.83,114.0019,28347
HOOD,2026-09-14,11:20,113.97,114.01,113.805,113.855,29435
HOOD,2026-09-14,11:21,113.82,113.92,113.77,113.905,19277
HOOD,2026-09-14,11:22,113.905,114,113.84,113.84,21948
HOOD,2026-09-14,11:23,113.77,113.89,113.59,113.8839,22369
HOOD,2026-09-14,11:24,113.8,113.9774,113.79,113.9774,28829
HOOD,2026-09-14,11:25,113.95,114.05,113.89,113.92,17855
HOOD,2026-09-14,11:26,113.97,113.99,113.9,113.92,11749
HOOD,2026-09-14,11:27,113.9,114.0491,113.86,113.88,15420
HOOD,2026-09-14,11:28,113.89,113.92,113.86,113.89,6530
HOOD,2026-09-14,11:29,113.89,113.92,113.84,113.89,10241
HOOD,2026-09-14,11:30,113.88,113.9659,113.8,113.805,46437
HOOD,2026-09-14,11:31,113.76,113.785,113.6,113.75,31526
HOOD,2026-09-14,11:32,113.75,114.1,113.628,113.98,63993
HOOD,2026-09-14,11:33,114.02,114.16,113.9401,114.14,19463
HOOD,2026-09-14,11:34,114.2,114.2499,114.03,114.17,27078
HOOD,2026-09-14,11:35,114.1,114.2,113.92,113.9599,21521
HOOD,2026-09-14,11:36,113.94,114.035,113.83,113.865,27036
HOOD,2026-09-14,11:37,113.875,114.22,113.875,114.1701,28315
HOOD,2026-09-14,11:38,114.155,114.2,114.01,114.085,15189
HOOD,2026-09-14,11:39,114.055,114.1399,114.055,114.12,10279
HOOD,2026-09-14,11:40,114.14,114.2291,113.9,113.995,40760
HOOD,2026-09-14,11:41,114.02,114.33,114.01,114.33,24007
HOOD,2026-09-14,11:42,114.3207,114.35,114.11,114.18,23183
HOOD,2026-09-14,11:43,114.175,114.41,114.175,114.33,26161
HOOD,2026-09-14,11:44,114.335,114.39,114.28,114.285,20067
HOOD,2026-09-14,11:45,114.285,114.32,114.08,114.15,36010
HOOD,2026-09-14,11:46,114.12,114.16,113.95,114,26042
HOOD,2026-09-14,11:47,113.98,113.99,113.83,113.925,20901
HOOD,2026-09-14,11:48,113.92,114.05,113.9,114.05,33491
HOOD,2026-09-14,11:49,114.0341,114.24,114.025,114.03,27797
HOOD,2026-09-14,11:50,114.03,114.0461,113.89,114.01,37240
HOOD,2026-09-14,11:51,114.045,114.175,114,114.1,17202
HOOD,2026-09-14,11:52,114.0817,114.37,114.0817,114.345,22287
HOOD,2026-09-14,11:53,114.335,114.475,114.2772,114.3501,24252
HOOD,2026-09-14,11:54,114.4,114.597,114.39,114.5001,32458
HOOD,2026-09-14,11:55,114.525,114.525,114.4,114.455,44906
HOOD,2026-09-14,11:56,114.455,114.64,114.44,114.615,31986
HOOD,2026-09-14,11:57,114.615,114.65,114.35,114.6,21614
HOOD,2026-09-14,11:58,114.49,114.64,114.49,114.6,15142
HOOD,2026-09-14,11:59,114.6,114.67,114.55,114.62,14989
HOOD,2026-09-14,12:00,114.65,114.785,114.59,114.66,28771
HOOD,2026-09-14,12:01,114.66,114.7299,114.5808,114.635,15697
HOOD,2026-09-14,12:02,114.6187,114.63,114.52,114.595,22142
HOOD,2026-09-14,12:03,114.56,114.63,114.47,114.51,28535
HOOD,2026-09-14,12:04,114.51,114.55,114.4854,114.51,17066
HOOD,2026-09-14,12:05,114.51,114.53,114.45,114.45,16048
HOOD,2026-09-14,12:06,114.465,114.6,114.4401,114.6,17150
HOOD,2026-09-14,12:07,114.56,114.58,114.47,114.55,12834
HOOD,2026-09-14,12:08,114.5,114.5,114.2201,114.2201,21778
HOOD,2026-09-14,12:09,114.235,114.3,114.12,114.2495,36264
HOOD,2026-09-14,12:10,114.19,114.37,114.18,114.22,44354
HOOD,2026-09-14,12:11,114.2999,114.2999,114.19,114.26,11554
HOOD,2026-09-14,12:12,114.23,114.46,114.23,114.46,13596
HOOD,2026-09-14,12:13,114.41,114.47,114.35,114.39,21220
HOOD,2026-09-14,12:14,114.39,114.41,114.34,114.41,7964
HOOD,2026-09-14,12:15,114.4,114.77,114.4,114.73,51174
HOOD,2026-09-14,12:16,114.72,114.93,114.72,114.82,29248
HOOD,2026-09-14,12:17,114.82,114.83,114.67,114.83,24520
HOOD,2026-09-14,12:18,114.8306,115.01,114.8306,114.99,58232
HOOD,2026-09-14,12:19,114.96,115.04,114.87,114.88,30983
HOOD,2026-09-14,12:20,114.91,115.1,114.88,115.05,27363
HOOD,2026-09-14,12:21,115.1,115.1185,115,115.1185,53175
HOOD,2026-09-14,12:22,115.17,115.29,115.13,115.15,54680
HOOD,2026-09-14,12:23,115.13,115.1457,115,115.03,29152
HOOD,2026-09-14,12:24,115.03,115.18,115.01,115.12,33722
HOOD,2026-09-14,12:25,115.1,115.22,114.8777,114.9,35773
HOOD,2026-09-14,12:26,114.9284,115.01,114.86,114.925,37913
HOOD,2026-09-14,12:27,114.95,115.085,114.85,115.03,28132
HOOD,2026-09-14,12:28,115.05,115.0652,114.94,114.94,24130
HOOD,2026-09-14,12:29,115,115.05,114.96,114.98,28012
HOOD,2026-09-14,12:30,114.96,115.235,114.875,115.2117,43965
HOOD,2026-09-14,12:31,115.2299,115.425,115.18,115.395,55503
HOOD,2026-09-14,12:32,115.44,115.44,115.33,115.34,25063
HOOD,2026-09-14,12:33,115.34,115.42,115.27,115.295,23493
HOOD,2026-09-14,12:34,115.295,115.295,115.015,115.05,29762
HOOD,2026-09-14,12:35,115.07,115.135,115.01,115.06,24542
HOOD,2026-09-14,12:36,115.06,115.25,114.98,115.105,82345
HOOD,2026-09-14,12:37,115.1,115.15,114.67,114.78,104531
HOOD,2026-09-14,12:38,114.6974,114.81,114.65,114.69,43732
HOOD,2026-09-14,12:39,114.715,114.7437,114.53,114.7396,42592
HOOD,2026-09-14,12:40,114.7449,114.7449,114.25,114.29,53887
HOOD,2026-09-14,12:41,114.275,114.42,114.025,114.05,39466
HOOD,2026-09-14,12:42,114.03,114.0993,113.92,114.05,35510
HOOD,2026-09-14,12:43,114.035,114.0692,113.94,114,25924
HOOD,2026-09-14,12:44,114,114.13,113.82,113.955,37281
HOOD,2026-09-14,12:45,113.96,114.0868,113.89,114.0868,23711
HOOD,2026-09-14,12:46,114.065,114.08,113.93,114.005,44493
HOOD,2026-09-14,12:47,114.04,114.39,114.005,114.33,75374
HOOD,2026-09-14,12:48,114.29,114.9,114.24,114.7599,75998
HOOD,2026-09-14,12:49,114.7946,114.82,114.48,114.56,29692
HOOD,2026-09-14,12:50,114.555,114.58,114.245,114.31,26543
HOOD,2026-09-14,12:51,114.3214,114.38,114.23,114.35,16819
HOOD,2026-09-14,12:52,114.355,114.4,114.29,114.37,21134
HOOD,2026-09-14,12:53,114.3732,114.3862,114.29,114.305,12604
HOOD,2026-09-14,12:54,114.35,114.575,114.35,114.4851,23926
HOOD,2026-09-14,12:55,114.485,114.52,114.41,114.41,17205
HOOD,2026-09-14,12:56,114.405,114.52,114.37,114.425,25404
HOOD,2026-09-14,12:57,114.42,114.5194,114.42,114.43,9998
HOOD,2026-09-14,12:58,114.43,114.465,114.37,114.39,16748
HOOD,2026-09-14,12:59,114.375,114.4627,114.36,114.4627,9313
HOOD,2026-09-14,13:00,114.44,114.46,114.39,114.46,16875
HOOD,2026-09-14,13:01,114.43,114.45,114.3101,114.35,25343
HOOD,2026-09-14,13:02,114.35,114.415,114.33,114.3588,14073
HOOD,2026-09-14,13:03,114.36,114.36,114.125,114.1494,41162
HOOD,2026-09-14,13:04,114.1372,114.2127,114.05,114.065,20640
HOOD,2026-09-14,13:05,114.09,114.1299,113.87,113.895,34621
HOOD,2026-09-14,13:06,113.92,114.01,113.71,113.88,45960
HOOD,2026-09-14,13:07,113.88,114.02,113.85,114,32684
HOOD,2026-09-14,13:08,113.975,114.0685,113.975,114.01,11526
HOOD,2026-09-14,13:09,114.03,114.0699,113.93,113.995,30508
HOOD,2026-09-14,13:10,113.98,113.99,113.91,113.96,19671
HOOD,2026-09-14,13:11,113.96,114.215,113.96,114,31303
HOOD,2026-09-14,13:12,114,114.15,114,114.085,17934
HOOD,2026-09-14,13:13,114.11,114.12,113.9411,113.95,18596
HOOD,2026-09-14,13:14,113.94,113.94,113.77,113.8195,28045
HOOD,2026-09-14,13:15,113.8194,113.87,113.75,113.805,28604
HOOD,2026-09-14,13:16,113.805,113.83,113.71,113.77,43531
HOOD,2026-09-14,13:17,113.775,113.84,113.76,113.8,29944
HOOD,2026-09-14,13:18,113.83,113.87,113.64,113.77,41755
HOOD,2026-09-14,13:19,113.765,113.95,113.705,113.895,31465
HOOD,2026-09-14,13:20,113.895,114.08,113.895,114.03,29025
HOOD,2026-09-14,13:21,114.03,114.03,113.92,113.92,25204
HOOD,2026-09-14,13:22,113.93,114.3,113.93,114.23,77721
HOOD,2026-09-14,13:23,114.23,114.288,114.2001,114.22,31809
HOOD,2026-09-14,13:24,114.24,114.31,114.065,114.07,32680
HOOD,2026-09-14,13:25,114.065,114.1501,114.065,114.1,24344
HOOD,2026-09-14,13:26,114.1,114.53,114.1,114.52,53200
HOOD,2026-09-14,13:27,114.54,114.62,114.48,114.6,23990
HOOD,2026-09-14,13:28,114.595,114.68,114.44,114.68,41855
HOOD,2026-09-14,13:29,114.685,114.87,114.68,114.78,35538
HOOD,2026-09-14,13:30,114.785,114.95,114.67,114.7799,61829
HOOD,2026-09-14,13:31,114.76,114.78,114.66,114.7,18018
HOOD,2026-09-14,13:32,114.71,114.75,114.58,114.63,19740
HOOD,2026-09-14,13:33,114.625,114.69,114.54,114.62,20484
HOOD,2026-09-14,13:34,114.625,114.65,114.3268,114.5196,38959
HOOD,2026-09-14,13:35,114.5075,114.59,114.48,114.5,15720
HOOD,2026-09-14,13:36,114.46,114.5099,114.42,114.475,10610
HOOD,2026-09-14,13:37,114.475,114.485,114.32,114.32,29945
HOOD,2026-09-14,13:38,114.2996,114.4099,114.2996,114.36,11329
HOOD,2026-09-14,13:39,114.4,114.42,114.28,114.35,14283
HOOD,2026-09-14,13:40,114.38,114.4484,114.38,114.41,15104
HOOD,2026-09-14,13:41,114.41,114.415,114.22,114.29,16334
HOOD,2026-09-14,13:42,114.3186,114.32,114.1506,114.28,29629
HOOD,2026-09-14,13:43,114.28,114.45,114.28,114.45,24106
HOOD,2026-09-14,13:44,114.46,114.58,114.4,114.58,16797
HOOD,2026-09-14,13:45,114.59,114.64,114.46,114.46,38607
HOOD,2026-09-14,13:46,114.48,114.76,114.48,114.7275,16109
HOOD,2026-09-14,13:47,114.72,114.84,114.7,114.79,39757
HOOD,2026-09-14,13:48,114.795,114.8295,114.695,114.78,13007
HOOD,2026-09-14,13:49,114.8,114.87,114.75,114.76,13200
HOOD,2026-09-14,13:50,114.7489,114.77,114.66,114.68,18168
HOOD,2026-09-14,13:51,114.71,114.8275,114.69,114.71,21251
HOOD,2026-09-14,13:52,114.715,114.775,114.7,114.775,11288
HOOD,2026-09-14,13:53,114.75,114.812,114.72,114.8,20164
HOOD,2026-09-14,13:54,114.8,114.92,114.8,114.83,15596
HOOD,2026-09-14,13:55,114.87,115.01,114.84,114.95,50891
HOOD,2026-09-14,13:56,114.93,114.95,114.805,114.895,28262
HOOD,2026-09-14,13:57,114.92,114.95,114.83,114.87,18804
HOOD,2026-09-14,13:58,114.9,114.96,114.785,114.85,27489
HOOD,2026-09-14,13:59,114.84,114.8999,114.82,114.84,28184
HOOD,2026-09-14,14:00,114.83,114.89,114.71,114.73,22453
HOOD,2026-09-14,14:01,114.76,114.81,114.71,114.74,14298
HOOD,2026-09-14,14:02,114.7208,114.79,114.62,114.63,27609
HOOD,2026-09-14,14:03,114.63,114.66,114.52,114.62,21809
HOOD,2026-09-14,14:04,114.61,114.61,114.32,114.381,34799
HOOD,2026-09-14,14:05,114.4288,114.43,114.27,114.29,16628
HOOD,2026-09-14,14:06,114.3138,114.405,114.29,114.3401,26731
HOOD,2026-09-14,14:07,114.34,114.39,114.25,114.37,17259
HOOD,2026-09-14,14:08,114.37,114.37,114.265,114.275,14303
HOOD,2026-09-14,14:09,114.28,114.28,114.12,114.27,34837
HOOD,2026-09-14,14:10,114.305,114.33,114.18,114.18,10625
HOOD,2026-09-14,14:11,114.17,114.17,113.94,113.94,42503
HOOD,2026-09-14,14:12,113.91,113.97,113.82,113.93,23460
HOOD,2026-09-14,14:13,113.9499,113.9499,113.86,113.88,16398
HOOD,2026-09-14,14:14,113.91,113.91,113.7,113.78,31270
HOOD,2026-09-14,14:15,113.785,113.9,113.66,113.87,22949
HOOD,2026-09-14,14:16,113.8562,113.87,113.8,113.83,20044
HOOD,2026-09-14,14:17,113.8386,113.93,113.81,113.825,15794
HOOD,2026-09-14,14:18,113.8327,113.86,113.77,113.86,28647
HOOD,2026-09-14,14:19,113.82,114.06,113.82,114.0299,14312
HOOD,2026-09-14,14:20,114,114.09,113.9423,114.0286,25108
HOOD,2026-09-14,14:21,114.04,114.1,113.98,113.98,25155
HOOD,2026-09-14,14:22,113.98,114.02,113.81,113.85,9962
HOOD,2026-09-14,14:23,113.9399,113.97,113.83,113.83,30403
HOOD,2026-09-14,14:24,113.83,113.945,113.8,113.895,18285
HOOD,2026-09-14,14:25,113.93,113.93,113.87,113.88,5428
HOOD,2026-09-14,14:26,113.86,113.97,113.86,113.9299,17337
HOOD,2026-09-14,14:27,113.9,114.01,113.89,113.94,22914
HOOD,2026-09-14,14:28,113.92,113.95,113.83,113.845,10441
HOOD,2026-09-14,14:29,113.8205,113.93,113.82,113.9,14971
HOOD,2026-09-14,14:30,113.885,113.9,113.76,113.83,20295
HOOD,2026-09-14,14:31,113.81,113.91,113.8,113.9,19176
HOOD,2026-09-14,14:32,113.9,113.97,113.87,113.91,18603
HOOD,2026-09-14,14:33,113.9,113.9,113.845,113.855,15687
HOOD,2026-09-14,14:34,113.84,113.915,113.7605,113.886,20760
HOOD,2026-09-14,14:35,113.87,113.908,113.795,113.805,10103
HOOD,2026-09-14,14:36,113.805,113.94,113.66,113.74,38620
HOOD,2026-09-14,14:37,113.76,113.895,113.74,113.87,13522
HOOD,2026-09-14,14:38,113.87,113.97,113.8413,113.89,19480
HOOD,2026-09-14,14:39,113.91,113.98,113.85,113.92,24093
HOOD,2026-09-14,14:40,113.9,113.93,113.8711,113.89,18542
HOOD,2026-09-14,14:41,113.915,114,113.91,113.97,23884
HOOD,2026-09-14,14:42,113.965,114,113.85,113.905,22951
HOOD,2026-09-14,14:43,113.905,113.98,113.875,113.98,15065
HOOD,2026-09-14,14:44,113.97,114.03,113.88,113.9,14255
HOOD,2026-09-14,14:45,113.88,113.92,113.85,113.885,11786
HOOD,2026-09-14,14:46,113.88,113.91,113.71,113.83,27217
HOOD,2026-09-14,14:47,113.8,113.85,113.745,113.82,10109
HOOD,2026-09-14,14:48,113.8175,113.93,113.8175,113.915,22635
HOOD,2026-09-14,14:49,113.9,113.91,113.84,113.865,15035
HOOD,2026-09-14,14:50,113.8401,113.8401,113.71,113.715,11911
HOOD,2026-09-14,14:51,113.715,113.77,113.715,113.745,19661
HOOD,2026-09-14,14:52,113.72,113.75,113.66,113.739,12654
HOOD,2026-09-14,14:53,113.745,113.76,113.69,113.76,9589
HOOD,2026-09-14,14:54,113.75,113.75,113.72,113.72,5923
HOOD,2026-09-14,14:55,113.66,113.9,113.66,113.9,14160
HOOD,2026-09-14,14:56,113.94,114,113.91,114,10115
HOOD,2026-09-14,14:57,113.98,114.09,113.9335,114.035,21858
HOOD,2026-09-14,14:58,114.02,114.03,113.94,113.945,12426
HOOD,2026-09-14,14:59,113.97,114,113.92,113.97,46410
HOOD,2026-09-14,15:00,113.96,113.96,113.85,113.93,31448
HOOD,2026-09-14,15:01,113.925,114.06,113.88,114.03,16384
HOOD,2026-09-14,15:02,114.015,114.08,113.99,114.075,10497
HOOD,2026-09-14,15:03,114.075,114.08,114.04,114.04,12219
HOOD,2026-09-14,15:04,114.04,114.18,114.04,114.125,69201
HOOD,2026-09-14,15:05,114.125,114.125,113.95,114.08,17063
HOOD,2026-09-14,15:06,114.07,114.07,113.965,113.965,18474
HOOD,2026-09-14,15:07,113.965,114.1,113.965,114.0983,12469
HOOD,2026-09-14,15:08,114.065,114.065,113.9101,114,9599
HOOD,2026-09-14,15:09,114,114,113.85,113.85,12360
HOOD,2026-09-14,15:10,113.8201,113.98,113.8201,113.98,12559
HOOD,2026-09-14,15:11,113.98,114.07,113.98,114.07,11867
HOOD,2026-09-14,15:12,114.04,114.295,114.04,114.295,24959
HOOD,2026-09-14,15:13,114.255,114.285,114.155,114.18,19579
HOOD,2026-09-14,15:14,114.15,114.22,114.15,114.22,22233
HOOD,2026-09-14,15:15,114.205,114.26,114.2,114.225,24871
HOOD,2026-09-14,15:16,114.225,114.27,114.13,114.165,20050
HOOD,2026-09-14,15:17,114.21,114.46,114.205,114.44,17332
HOOD,2026-09-14,15:18,114.455,114.52,114.405,114.5,26521
HOOD,2026-09-14,15:19,114.485,114.72,114.485,114.67,36474
HOOD,2026-09-14,15:20,114.635,114.82,114.635,114.7323,57993
HOOD,2026-09-14,15:21,114.73,114.7499,114.56,114.56,25714
HOOD,2026-09-14,15:22,114.56,114.5799,114.47,114.525,19503
HOOD,2026-09-14,15:23,114.534,114.85,114.5,114.85,25854
HOOD,2026-09-14,15:24,114.8411,114.9299,114.7937,114.885,35434
HOOD,2026-09-14,15:25,114.87,115.105,114.8314,115.02,53777
HOOD,2026-09-14,15:26,115.02,115.19,114.97,115.15,45102
HOOD,2026-09-14,15:27,115.17,115.44,115.105,115.3418,59978
HOOD,2026-09-14,15:28,115.4099,115.41,115.32,115.37,32752
HOOD,2026-09-14,15:29,115.37,115.42,115.27,115.33,39296
HOOD,2026-09-14,15:30,115.31,115.39,115.1461,115.23,41071
HOOD,2026-09-14,15:31,115.1801,115.255,115.12,115.12,24575
HOOD,2026-09-14,15:32,115.125,115.19,115.03,115.19,26883
HOOD,2026-09-14,15:33,115.15,115.18,115.06,115.0822,30416
HOOD,2026-09-14,15:34,115.09,115.13,114.9501,114.9715,28545
HOOD,2026-09-14,15:35,115,115.01,114.8,114.83,49769
HOOD,2026-09-14,15:36,114.82,114.8799,114.76,114.78,40109
HOOD,2026-09-14,15:37,114.78,114.89,114.71,114.83,33896
HOOD,2026-09-14,15:38,114.84,114.8892,114.8,114.8319,14545
HOOD,2026-09-14,15:39,114.84,114.87,114.805,114.865,14627
HOOD,2026-09-14,15:40,114.8999,115.02,114.84,115.02,42223
HOOD,2026-09-14,15:41,115.025,115.0421,114.95,115.01,29663
HOOD,2026-09-14,15:42,115.02,115.19,115.02,115.12,57967
HOOD,2026-09-14,15:43,115.143,115.17,115.0118,115.06,34163
HOOD,2026-09-14,15:44,115.08,115.0998,114.96,115.06,25709
HOOD,2026-09-14,15:45,115.02,115.06,114.8625,114.98,31484
HOOD,2026-09-14,15:46,114.98,115.02,114.92,114.99,24156
HOOD,2026-09-14,15:47,115,115.02,114.87,114.87,26095
HOOD,2026-09-14,15:48,114.85,114.9276,114.77,114.77,30291
HOOD,2026-09-14,15:49,114.8,114.81,114.67,114.7454,35534
HOOD,2026-09-14,15:50,114.74,114.95,114.71,114.93,68092
HOOD,2026-09-14,15:51,114.94,114.965,114.84,114.86,38782
HOOD,2026-09-14,15:52,114.84,114.9115,114.68,114.7,55632
HOOD,2026-09-14,15:53,114.68,114.78,114.66,114.7699,58185
HOOD,2026-09-14,15:54,114.782,114.8051,114.6,114.615,95798
HOOD,2026-09-14,15:55,114.62,114.62,114.33,114.34,95000
HOOD,2026-09-14,15:56,114.34,114.38,114.22,114.315,106637
HOOD,2026-09-14,15:57,114.33,114.38,114.26,114.33,82048
HOOD,2026-09-14,15:58,114.32,114.36,114.275,114.335,117411
HOOD,2026-09-14,15:59,114.34,114.37,114.265,114.32,215486
HOOD,2026-09-14,16:00,114.33,114.33,114.33,114.33,0
HOOD,2026-09-15,09:30,111.5,111.98,110.81,110.9942,801598
HOOD,2026-09-15,09:31,110.9753,111.3599,108.72,108.84,461078
HOOD,2026-09-15,09:32,109,109.2955,108.47,108.695,212605
HOOD,2026-09-15,09:33,108.73,109.3894,108.73,108.99,145383
HOOD,2026-09-15,09:34,109.015,109.2799,108.59,108.9,133566
HOOD,2026-09-15,09:35,108.86,109.9,108.79,109.75,197872
HOOD,2026-09-15,09:36,109.8,109.9,109.5,109.735,123858
HOOD,2026-09-15,09:37,109.74,110.2,109.6457,109.9245,182700
HOOD,2026-09-15,09:38,109.8653,110.07,109.66,109.685,92531
HOOD,2026-09-15,09:39,109.64,109.675,109.07,109.28,124370
HOOD,2026-09-15,09:40,109.28,109.81,109.2101,109.74,125375
HOOD,2026-09-15,09:41,109.67,109.84,109.4409,109.45,79814
HOOD,2026-09-15,09:42,109.53,109.6793,108.9,108.98,130938
HOOD,2026-09-15,09:43,108.98,109.3999,108.84,109.25,91193
HOOD,2026-09-15,09:44,109.22,109.6199,109.1,109.49,74515
HOOD,2026-09-15,09:45,109.495,109.65,109.2801,109.46,68754
HOOD,2026-09-15,09:46,109.41,109.94,109.315,109.62,87975
HOOD,2026-09-15,09:47,109.655,109.84,109.53,109.73,81630
HOOD,2026-09-15,09:48,109.765,109.765,109.44,109.51,92911
HOOD,2026-09-15,09:49,109.5545,109.58,109.185,109.27,105891
HOOD,2026-09-15,09:50,109.2614,109.4699,108.96,109.12,112007
HOOD,2026-09-15,09:51,109.08,109.265,109.03,109.1499,71041
HOOD,2026-09-15,09:52,109.1,109.21,108.8,109.14,207000
HOOD,2026-09-15,09:53,109.1588,109.3685,108.95,109.355,96337
HOOD,2026-09-15,09:54,109.355,109.42,109.08,109.28,63735
HOOD,2026-09-15,09:55,109.285,109.84,109.245,109.78,109420
HOOD,2026-09-15,09:56,109.785,110.13,109.78,110.05,136706
HOOD,2026-09-15,09:57,110.05,110.16,109.89,110.02,140291
HOOD,2026-09-15,09:58,110.04,110.15,109.88,110.0894,79864
HOOD,2026-09-15,09:59,110.15,110.69,110.1098,110.65,96850
HOOD,2026-09-15,10:00,110.63,110.9,110.44,110.585,134695
HOOD,2026-09-15,10:01,110.585,110.6464,110.301,110.35,74687
HOOD,2026-09-15,10:02,110.37,110.385,109.9101,110.02,68497
HOOD,2026-09-15,10:03,110.05,110.39,109.995,110.1699,70512
HOOD,2026-09-15,10:04,110.08,110.17,109.66,109.66,60390
HOOD,2026-09-15,10:05,109.635,110.2,109.6339,109.94,96454
HOOD,2026-09-15,10:06,109.96,110.06,109.8,109.935,50766
HOOD,2026-09-15,10:07,109.94,110.08,109.84,109.9778,36022
HOOD,2026-09-15,10:08,109.875,110.1,109.875,110.09,42266
HOOD,2026-09-15,10:09,110.15,110.39,110.01,110.34,49061
HOOD,2026-09-15,10:10,110.315,110.5399,110.25,110.3499,42603
HOOD,2026-09-15,10:11,110.295,110.39,110.22,110.29,63022
HOOD,2026-09-15,10:12,110.3,110.36,110.19,110.2,43535
HOOD,2026-09-15,10:13,110.24,110.25,110,110.24,72751
HOOD,2026-09-15,10:14,110.22,110.38,110.16,110.35,32250
HOOD,2026-09-15,10:15,110.345,110.54,110.3,110.515,52605
HOOD,2026-09-15,10:16,110.515,110.52,110.12,110.285,50004
HOOD,2026-09-15,10:17,110.2684,110.435,110.175,110.435,33299
HOOD,2026-09-15,10:18,110.32,110.5,110.3,110.46,36754
HOOD,2026-09-15,10:19,110.46,110.6476,110.4001,110.6476,72246
HOOD,2026-09-15,10:20,110.625,110.6499,110.4001,110.475,88626
HOOD,2026-09-15,10:21,110.53,110.56,110.06,110.15,77381
HOOD,2026-09-15,10:22,110.17,110.3199,110.095,110.095,36867
HOOD,2026-09-15,10:23,110.09,110.23,110.0005,110.205,52010
HOOD,2026-09-15,10:24,110.195,110.4,110.14,110.38,62340
HOOD,2026-09-15,10:25,110.4,110.565,110.32,110.365,48634
HOOD,2026-09-15,10:26,110.365,110.57,110.3004,110.45,42582
HOOD,2026-09-15,10:27,110.5,110.7,110.4801,110.58,60389
HOOD,2026-09-15,10:28,110.665,110.665,110.39,110.6,41829
HOOD,2026-09-15,10:29,110.6,110.6,110.41,110.44,52297
HOOD,2026-09-15,10:30,110.4695,110.53,110.15,110.29,59589
HOOD,2026-09-15,10:31,110.29,110.47,110.21,110.365,47884
HOOD,2026-09-15,10:32,110.355,110.49,110.2021,110.45,37216
HOOD,2026-09-15,10:33,110.4231,110.55,110.33,110.55,35955
HOOD,2026-09-15,10:34,110.565,110.61,110.43,110.61,27142
HOOD,2026-09-15,10:35,110.63,110.67,110.45,110.45,35648
HOOD,2026-09-15,10:36,110.46,110.46,110.25,110.4,27409
HOOD,2026-09-15,10:37,110.34,110.35,110.085,110.13,62140
HOOD,2026-09-15,10:38,110.145,110.1709,109.93,109.96,74443
HOOD,2026-09-15,10:39,109.95,110.06,109.852,109.852,53582
HOOD,2026-09-15,10:40,109.85,109.875,109.62,109.73,61036
HOOD,2026-09-15,10:41,109.73,110.07,109.6584,110.07,43813
HOOD,2026-09-15,10:42,110.045,110.56,110.02,110.56,54500
HOOD,2026-09-15,10:43,110.51,110.57,110.37,110.495,38578
HOOD,2026-09-15,10:44,110.44,110.83,110.425,110.58,101517
HOOD,2026-09-15,10:45,110.6,110.6499,110.09,110.12,42748
HOOD,2026-09-15,10:46,110.08,110.19,109.79,109.895,48549
HOOD,2026-09-15,10:47,109.895,110.08,109.86,109.97,29720
HOOD,2026-09-15,10:48,109.93,109.9999,109.83,109.84,25132
HOOD,2026-09-15,10:49,109.84,109.9799,109.73,109.78,28344
HOOD,2026-09-15,10:50,109.74,109.77,109.51,109.535,52923
HOOD,2026-09-15,10:51,109.535,109.69,109.32,109.325,86900
HOOD,2026-09-15,10:52,109.3,109.42,109.2001,109.42,71147
HOOD,2026-09-15,10:53,109.39,109.39,109.12,109.135,55309
HOOD,2026-09-15,10:54,109.135,109.36,109.135,109.33,52618
HOOD,2026-09-15,10:55,109.3,109.41,109.265,109.375,72400
HOOD,2026-09-15,10:56,109.365,109.59,109.262,109.565,83606
HOOD,2026-09-15,10:57,109.6,109.95,109.565,109.94,72025
HOOD,2026-09-15,10:58,109.91,109.94,109.7401,109.8,39785
HOOD,2026-09-15,10:59,109.81,109.97,109.805,109.93,45122
HOOD,2026-09-15,11:00,109.96,110.2,109.92,109.99,81899
HOOD,2026-09-15,11:01,109.92,110.34,109.9,110.31,49488
HOOD,2026-09-15,11:02,110.28,110.34,110.07,110.21,34323
HOOD,2026-09-15,11:03,110.18,110.4,110.18,110.4,30134
HOOD,2026-09-15,11:04,110.42,110.68,110.42,110.53,52920
HOOD,2026-09-15,11:05,110.53,110.58,110.27,110.425,40892
HOOD,2026-09-15,11:06,110.39,110.53,110.3,110.47,31284
HOOD,2026-09-15,11:07,110.51,110.51,110.21,110.34,27421
HOOD,2026-09-15,11:08,110.3,110.45,110.2101,110.43,24400
HOOD,2026-09-15,11:09,110.49,110.92,110.4566,110.87,77159
HOOD,2026-09-15,11:10,110.87,111.1902,110.86,111.16,85492
HOOD,2026-09-15,11:11,111.16,111.3,111.01,111.25,74121
HOOD,2026-09-15,11:12,111.235,111.3,111.01,111.03,61775
HOOD,2026-09-15,11:13,111.065,111.12,110.8003,110.9551,65492
HOOD,2026-09-15,11:14,110.955,111.23,110.955,111.2,45193
HOOD,2026-09-15,11:15,111.21,111.29,111.1044,111.14,33538
HOOD,2026-09-15,11:16,111.17,111.22,110.94,111.04,60001
HOOD,2026-09-15,11:17,111.07,111.1583,111.04,111.0899,32498
HOOD,2026-09-15,11:18,111.055,111.3499,110.95,111.29,43980
HOOD,2026-09-15,11:19,111.344,111.43,111.25,111.41,45270
HOOD,2026-09-15,11:20,111.405,111.56,111.38,111.56,51904
HOOD,2026-09-15,11:21,111.525,111.6,111.49,111.554,59449
HOOD,2026-09-15,11:22,111.545,111.64,111.44,111.505,48125
HOOD,2026-09-15,11:23,111.505,111.79,111.4801,111.72,55162
HOOD,2026-09-15,11:24,111.72,112.4,111.72,112.33,140388
HOOD,2026-09-15,11:25,112.4,112.6913,112.4,112.445,113708
HOOD,2026-09-15,11:26,112.49,112.565,112.29,112.34,68255
HOOD,2026-09-15,11:27,112.336,112.37,112.0951,112.14,86537
HOOD,2026-09-15,11:28,112.175,112.42,112.09,112.275,61721
HOOD,2026-09-15,11:29,112.275,112.53,112.27,112.35,66071
HOOD,2026-09-15,11:30,112.355,112.355,112.0208,112.04,91588
HOOD,2026-09-15,11:31,112.035,112.18,112,112.06,32278
HOOD,2026-09-15,11:32,112.06,112.28,111.98,112.22,78531
HOOD,2026-09-15,11:33,112.2001,112.38,112.2,112.31,39452
HOOD,2026-09-15,11:34,112.31,112.41,112.22,112.41,19544
HOOD,2026-09-15,11:35,112.39,112.39,111.975,111.975,45336
HOOD,2026-09-15,11:36,111.975,112.455,111.975,112.455,41554
HOOD,2026-09-15,11:37,112.455,112.48,112.2201,112.29,33902
HOOD,2026-09-15,11:38,112.275,112.4,112.27,112.275,19479
HOOD,2026-09-15,11:39,112.26,112.38,112.15,112.2835,43215
HOOD,2026-09-15,11:40,112.34,112.36,112.195,112.195,19413
HOOD,2026-09-15,11:41,112.23,112.39,112.18,112.34,25766
HOOD,2026-09-15,11:42,112.33,112.33,112.13,112.205,23207
HOOD,2026-09-15,11:43,112.205,112.44,112.2,112.405,35088
HOOD,2026-09-15,11:44,112.3743,112.47,112.23,112.235,43616
HOOD,2026-09-15,11:45,112.235,112.345,112.22,112.27,27368
HOOD,2026-09-15,11:46,112.27,112.44,112.26,112.35,34452
HOOD,2026-09-15,11:47,112.37,112.5,112.32,112.39,40725
HOOD,2026-09-15,11:48,112.36,112.59,112.36,112.52,35047
HOOD,2026-09-15,11:49,112.46,112.59,112.46,112.5795,36233
HOOD,2026-09-15,11:50,112.54,112.83,112.5201,112.78,55613
HOOD,2026-09-15,11:51,112.79,112.82,112.71,112.77,32764
HOOD,2026-09-15,11:52,112.745,112.8159,112.25,112.35,57813
HOOD,2026-09-15,11:53,112.34,112.62,112.34,112.39,27799
HOOD,2026-09-15,11:54,112.385,112.43,112.2,112.4,26974
HOOD,2026-09-15,11:55,112.46,112.635,112.34,112.615,25603
HOOD,2026-09-15,11:56,112.565,112.62,112.495,112.56,17545
HOOD,2026-09-15,11:57,112.59,112.69,112.56,112.6,19044
HOOD,2026-09-15,11:58,112.595,112.74,112.56,112.68,35283
HOOD,2026-09-15,11:59,112.67,112.73,112.565,112.65,44452
HOOD,2026-09-15,12:00,112.67,112.67,112.5201,112.59,21448
HOOD,2026-09-15,12:01,112.63,112.75,112.59,112.7329,18428
HOOD,2026-09-15,12:02,112.715,112.715,112.55,112.65,20731
HOOD,2026-09-15,12:03,112.6,112.73,112.6,112.67,24531
HOOD,2026-09-15,12:04,112.67,112.72,112.62,112.66,17191
HOOD,2026-09-15,12:05,112.66,112.68,112.46,112.54,38193
HOOD,2026-09-15,12:06,112.53,112.56,112.43,112.48,26047
HOOD,2026-09-15,12:07,112.47,112.4705,111.97,112.095,67667
HOOD,2026-09-15,12:08,112.095,112.22,112,112.11,52007
HOOD,2026-09-15,12:09,112.1,112.15,111.68,111.87,53162
HOOD,2026-09-15,12:10,111.865,112.15,111.86,112.07,58237
HOOD,2026-09-15,12:11,112.1,112.15,112.0201,112.08,19856
HOOD,2026-09-15,12:12,112.11,112.11,111.91,111.93,22482
HOOD,2026-09-15,12:13,111.91,111.99,111.82,111.84,57328
HOOD,2026-09-15,12:14,111.84,111.84,111.66,111.74,36238
HOOD,2026-09-15,12:15,111.755,111.8,111.66,111.75,65881
HOOD,2026-09-15,12:16,111.71,111.83,111.71,111.75,41552
HOOD,2026-09-15,12:17,111.7351,112.0694,111.7,112.05,43011
HOOD,2026-09-15,12:18,112.02,112.16,111.93,112.07,28466
HOOD,2026-09-15,12:19,112.07,112.15,112.0101,112.15,15825
HOOD,2026-09-15,12:20,112.09,112.11,111.88,111.88,23618
HOOD,2026-09-15,12:21,111.91,112.06,111.89,111.96,26696
HOOD,2026-09-15,12:22,111.97,112.02,111.96,111.995,9740
HOOD,2026-09-15,12:23,112.01,112.01,111.8001,111.925,69004
HOOD,2026-09-15,12:24,111.93,112.025,111.9001,111.97,19883
HOOD,2026-09-15,12:25,111.97,112.01,111.84,111.87,31195
HOOD,2026-09-15,12:26,111.87,112.05,111.87,111.97,18095
HOOD,2026-09-15,12:27,111.98,112.07,111.91,112.045,47456
HOOD,2026-09-15,12:28,112.025,112.03,111.91,111.92,15028
HOOD,2026-09-15,12:29,111.94,111.94,111.825,111.88,25552
HOOD,2026-09-15,12:30,111.91,112.02,111.905,112.01,28804
HOOD,2026-09-15,12:31,112.01,112.03,111.87,111.91,25525
HOOD,2026-09-15,12:32,111.93,111.97,111.8987,111.94,15537
HOOD,2026-09-15,12:33,111.91,111.975,111.89,111.9,31029
HOOD,2026-09-15,12:34,111.92,112,111.92,111.945,23970
HOOD,2026-09-15,12:35,111.945,112.05,111.92,112.04,21744
HOOD,2026-09-15,12:36,112.035,112.13,111.95,112.13,23508
HOOD,2026-09-15,12:37,112.1,112.115,112.0008,112.095,20305
HOOD,2026-09-15,12:38,112.13,112.17,112.11,112.135,27788
HOOD,2026-09-15,12:39,112.13,112.18,112.09,112.13,17198
HOOD,2026-09-15,12:40,112.125,112.19,112.11,112.13,20781
HOOD,2026-09-15,12:41,112.125,112.24,112.07,112.205,17752
HOOD,2026-09-15,12:42,112.205,112.31,112.16,112.265,21264
HOOD,2026-09-15,12:43,112.2722,112.28,112.19,112.2,19646
HOOD,2026-09-15,12:44,112.21,112.52,112.21,112.29,45785
HOOD,2026-09-15,12:45,112.32,112.59,112.32,112.45,52250
HOOD,2026-09-15,12:46,112.485,112.61,112.4522,112.5,25096
HOOD,2026-09-15,12:47,112.475,112.72,112.45,112.69,27051
HOOD,2026-09-15,12:48,112.72,112.8,112.43,112.49,34042
HOOD,2026-09-15,12:49,112.5,112.6,112.5,112.6,13287
HOOD,2026-09-15,12:50,112.59,112.66,112.56,112.65,25296
HOOD,2026-09-15,12:51,112.63,112.63,112.52,112.56,17566
HOOD,2026-09-15,12:52,112.535,112.5525,112.36,112.39,25481
HOOD,2026-09-15,12:53,112.39,112.39,112.07,112.08,34415
HOOD,2026-09-15,12:54,112.04,112.09,111.86,111.96,65971
HOOD,2026-09-15,12:55,111.9899,112.055,111.67,111.695,75991
HOOD,2026-09-15,12:56,111.67,111.77,111.6,111.67,52583
HOOD,2026-09-15,12:57,111.7,111.72,111.61,111.72,29496
HOOD,2026-09-15,12:58,111.7,111.73,111.64,111.68,24050
HOOD,2026-09-15,12:59,111.7,111.74,111.655,111.74,50353
HOOD,2026-09-15,13:00,111.76,111.8497,111.76,111.785,32943
HOOD,2026-09-15,13:01,111.78,111.78,111.6,111.73,34553
HOOD,2026-09-15,13:02,111.71,111.71,111.3182,111.345,95713
HOOD,2026-09-15,13:03,111.345,111.48,111.325,111.45,23103
HOOD,2026-09-15,13:04,111.35,111.385,111.07,111.2,31814
HOOD,2026-09-15,13:05,111.2,111.2,111.04,111.06,30345
HOOD,2026-09-15,13:06,111.04,111.06,110.8506,110.96,47642
HOOD,2026-09-15,13:07,110.93,110.9462,110.73,110.75,32652
HOOD,2026-09-15,13:08,110.71,110.71,110.25,110.47,65484
HOOD,2026-09-15,13:09,110.4897,110.64,110.2901,110.42,42941
HOOD,2026-09-15,13:10,110.41,110.7417,110.405,110.66,35543
HOOD,2026-09-15,13:11,110.65,110.6791,110.51,110.56,23006
HOOD,2026-09-15,13:12,110.56,110.6,110.45,110.465,23858
HOOD,2026-09-15,13:13,110.5,110.64,110.47,110.625,20634
HOOD,2026-09-15,13:14,110.6,110.62,110.5,110.585,20343
HOOD,2026-09-15,13:15,110.585,110.75,110.57,110.6,33447
HOOD,2026-09-15,13:16,110.58,110.67,110.545,110.64,14238
HOOD,2026-09-15,13:17,110.645,110.89,110.645,110.835,31390
HOOD,2026-09-15,13:18,110.8,110.965,110.76,110.95,22838
HOOD,2026-09-15,13:19,110.9454,110.98,110.885,110.9196,19446
HOOD,2026-09-15,13:20,110.95,110.9668,110.87,110.965,28858
HOOD,2026-09-15,13:21,110.965,110.965,110.82,110.875,21188
HOOD,2026-09-15,13:22,110.85,110.87,110.7,110.725,28502
HOOD,2026-09-15,13:23,110.76,110.8294,110.75,110.8,16627
HOOD,2026-09-15,13:24,110.78,110.885,110.76,110.82,19060
HOOD,2026-09-15,13:25,110.83,110.9299,110.6601,110.75,29952
HOOD,2026-09-15,13:26,110.77,110.83,110.6366,110.83,40063
HOOD,2026-09-15,13:27,110.815,110.835,110.78,110.835,14859
HOOD,2026-09-15,13:28,110.835,110.835,110.65,110.745,18598
HOOD,2026-09-15,13:29,110.75,110.78,110.66,110.7,21778
HOOD,2026-09-15,13:30,110.7,110.8,110.695,110.8,22205
HOOD,2026-09-15,13:31,110.8048,110.8788,110.72,110.8788,29636
HOOD,2026-09-15,13:32,110.86,110.94,110.83,110.85,24936
HOOD,2026-09-15,13:33,110.85,111.15,110.85,111.11,43024
HOOD,2026-09-15,13:34,111.115,111.19,111.0707,111.1138,26007
HOOD,2026-09-15,13:35,111.13,111.41,111.13,111.27,54683
HOOD,2026-09-15,13:36,111.29,111.35,111.16,111.16,40334
HOOD,2026-09-15,13:37,111.145,111.17,110.9562,111.14,30686
HOOD,2026-09-15,13:38,111.12,111.12,110.88,111.0028,31744
HOOD,2026-09-15,13:39,110.95,110.99,110.83,110.905,16327
HOOD,2026-09-15,13:40,110.88,110.88,110.605,110.71,46084
HOOD,2026-09-15,13:41,110.7,110.71,110.43,110.48,54109
HOOD,2026-09-15,13:42,110.4857,110.65,110.4857,110.55,20803
HOOD,2026-09-15,13:43,110.55,110.55,110.41,110.425,23606
HOOD,2026-09-15,13:44,110.44,110.51,110.3582,110.42,42105
HOOD,2026-09-15,13:45,110.4,110.55,110.39,110.5201,19517
HOOD,2026-09-15,13:46,110.57,110.57,110.4511,110.46,22123
HOOD,2026-09-15,13:47,110.4999,110.7082,110.4301,110.7082,22236
HOOD,2026-09-15,13:48,110.69,110.71,110.59,110.64,14952
HOOD,2026-09-15,13:49,110.625,110.65,110.43,110.47,22803
HOOD,2026-09-15,13:50,110.49,110.62,110.49,110.62,20450
HOOD,2026-09-15,13:51,110.64,110.64,110.29,110.33,35889
HOOD,2026-09-15,13:52,110.33,110.4399,110.31,110.35,17179
HOOD,2026-09-15,13:53,110.35,110.38,110.3,110.34,22546
HOOD,2026-09-15,13:54,110.29,110.39,110.29,110.37,22452
HOOD,2026-09-15,13:55,110.35,110.35,110.21,110.21,52184
HOOD,2026-09-15,13:56,110.23,110.375,110.21,110.34,27996
HOOD,2026-09-15,13:57,110.34,110.37,110.2101,110.2608,22297
HOOD,2026-09-15,13:58,110.295,110.295,110.15,110.22,42779
HOOD,2026-09-15,13:59,110.2399,110.28,110.14,110.27,41471
HOOD,2026-09-15,14:00,110.3,110.3,110.0501,110.145,57877
HOOD,2026-09-15,14:01,110.1426,110.16,109.93,110.09,77739
HOOD,2026-09-15,14:02,110.125,110.18,109.95,110.0885,33942
HOOD,2026-09-15,14:03,110.12,110.12,109.9828,109.995,21860
HOOD,2026-09-15,14:04,109.985,109.99,109.855,109.925,41764
HOOD,2026-09-15,14:05,109.9399,109.95,109.76,109.78,44740
HOOD,2026-09-15,14:06,109.78,109.99,109.78,109.99,36592
HOOD,2026-09-15,14:07,109.95,109.9751,109.825,109.86,28882
HOOD,2026-09-15,14:08,109.84,109.95,109.775,109.88,32430
HOOD,2026-09-15,14:09,109.9,109.94,109.835,109.93,30050
HOOD,2026-09-15,14:10,109.97,110.07,109.94,109.955,35775
HOOD,2026-09-15,14:11,109.96,110.09,109.8801,110.09,31972
HOOD,2026-09-15,14:12,110.08,110.19,110.08,110.135,31977
HOOD,2026-09-15,14:13,110.135,110.19,110.07,110.19,19200
HOOD,2026-09-15,14:14,110.19,110.23,110.12,110.15,25080
HOOD,2026-09-15,14:15,110.135,110.26,110.04,110.06,32398
HOOD,2026-09-15,14:16,110.06,110.08,109.7601,109.79,40801
HOOD,2026-09-15,14:17,109.81,109.92,109.63,109.6501,64587
HOOD,2026-09-15,14:18,109.67,109.75,109.5684,109.69,37765
HOOD,2026-09-15,14:19,109.7,109.78,109.67,109.77,25020
HOOD,2026-09-15,14:20,109.805,109.91,109.661,109.661,28112
HOOD,2026-09-15,14:21,109.69,109.838,109.69,109.745,28657
HOOD,2026-09-15,14:22,109.7315,109.84,109.685,109.805,26819
HOOD,2026-09-15,14:23,109.76,109.77,109.6435,109.685,19463
HOOD,2026-09-15,14:24,109.7044,109.7507,109.55,109.72,28445
HOOD,2026-09-15,14:25,109.75,109.75,109.6,109.61,21056
HOOD,2026-09-15,14:26,109.61,109.66,109.56,109.635,25394
HOOD,2026-09-15,14:27,109.62,109.78,109.6057,109.7,22015
HOOD,2026-09-15,14:28,109.74,109.84,109.69,109.7601,22272
HOOD,2026-09-15,14:29,109.82,110.36,109.82,110.225,67833
HOOD,2026-09-15,14:30,110.2051,110.27,109.9171,109.93,54479
HOOD,2026-09-15,14:31,109.905,109.905,109.6,109.73,73912
HOOD,2026-09-15,14:32,109.735,109.79,109.55,109.575,23080
HOOD,2026-09-15,14:33,109.575,109.61,109.2,109.265,138708
HOOD,2026-09-15,14:34,109.265,109.53,109.2,109.385,43623
HOOD,2026-09-15,14:35,109.43,109.495,109.0601,109.1,55713
HOOD,2026-09-15,14:36,109.1,109.1399,108.7655,108.935,131731
HOOD,2026-09-15,14:37,108.935,108.935,108.6434,108.8185,78191
HOOD,2026-09-15,14:38,108.795,109,108.73,108.875,50889
HOOD,2026-09-15,14:39,108.89,108.925,108.41,108.52,122062
HOOD,2026-09-15,14:40,108.55,108.68,108.25,108.36,120130
HOOD,2026-09-15,14:41,108.33,108.53,108.1,108.445,193235
HOOD,2026-09-15,14:42,108.44,108.515,107.95,108.06,168843
HOOD,2026-09-15,14:43,108.06,108.22,107.9,107.93,116269
HOOD,2026-09-15,14:44,107.93,107.95,107.55,107.55,126708
HOOD,2026-09-15,14:45,107.5582,107.5582,107.12,107.2,209485
HOOD,2026-09-15,14:46,107.19,107.19,106.44,106.49,245049
HOOD,2026-09-15,14:47,106.465,106.5399,106.16,106.2,179368
HOOD,2026-09-15,14:48,106.225,106.59,105.96,106.055,367015
HOOD,2026-09-15,14:49,106.085,106.164,105.8646,106.164,158639
HOOD,2026-09-15,14:50,106.1096,106.9499,105.93,106.885,256230
HOOD,2026-09-15,14:51,106.93,107.23,106.822,107.23,237804
HOOD,2026-09-15,14:52,107.23,107.92,106.95,107.88,342261
HOOD,2026-09-15,14:53,107.92,108.2282,107.64,108.08,229662
HOOD,2026-09-15,14:54,108.125,108.7,108,108.39,213755
HOOD,2026-09-15,14:55,108.355,109.0387,108.34,108.9875,172595
HOOD,2026-09-15,14:56,108.94,109.1337,108.67,108.8,242010
HOOD,2026-09-15,14:57,108.745,109.3899,108.61,109.36,144139
HOOD,2026-09-15,14:58,109.36,110.4065,109.27,110.375,266058
HOOD,2026-09-15,14:59,110.375,110.7,110.19,110.5214,313272
HOOD,2026-09-15,15:00,110.58,110.9299,110.19,110.725,305494
HOOD,2026-09-15,15:01,110.72,110.76,109.56,109.6144,278230
HOOD,2026-09-15,15:02,109.65,110.505,109.51,110.18,281004
HOOD,2026-09-15,15:03,110.26,110.3099,109.88,110.06,128198
HOOD,2026-09-15,15:04,110.07,110.47,109.95,110.37,99201
HOOD,2026-09-15,15:05,110.3732,110.46,109.77,109.77,136799
HOOD,2026-09-15,15:06,109.76,109.93,109.7053,109.86,82374
HOOD,2026-09-15,15:07,109.8912,109.8999,109.5701,109.84,77229
HOOD,2026-09-15,15:08,109.83,110.1899,109.71,110.155,64055
HOOD,2026-09-15,15:09,110.155,110.33,110.13,110.245,58695
HOOD,2026-09-15,15:10,110.28,110.57,110.24,110.48,121054
HOOD,2026-09-15,15:11,110.44,110.59,110.2004,110.395,93360
HOOD,2026-09-15,15:12,110.4,110.4311,110.13,110.3355,80421
HOOD,2026-09-15,15:13,110.345,110.3599,110.1,110.28,66356
HOOD,2026-09-15,15:14,110.36,110.8,110.29,110.66,133705
HOOD,2026-09-15,15:15,110.71,110.8,110.49,110.5,113032
HOOD,2026-09-15,15:16,110.52,110.8,110.48,110.735,57853
HOOD,2026-09-15,15:17,110.76,111.16,110.76,110.98,145736
HOOD,2026-09-15,15:18,110.98,111.007,110.72,110.955,76633
HOOD,2026-09-15,15:19,111,111.04,110.87,110.88,64955
HOOD,2026-09-15,15:20,110.92,111.0599,110.35,110.4799,126974
HOOD,2026-09-15,15:21,110.445,110.4799,110.22,110.29,94830
HOOD,2026-09-15,15:22,110.295,110.77,110.2309,110.7275,62331
HOOD,2026-09-15,15:23,110.6905,110.9085,110.6391,110.66,66959
HOOD,2026-09-15,15:24,110.66,110.7699,110.5,110.54,68099
HOOD,2026-09-15,15:25,110.54,110.91,110.54,110.855,196744
HOOD,2026-09-15,15:26,110.855,110.9099,110.715,110.74,67948
HOOD,2026-09-15,15:27,110.745,110.83,110.62,110.82,41009
HOOD,2026-09-15,15:28,110.815,110.915,110.72,110.8099,46120
HOOD,2026-09-15,15:29,110.81,110.81,110.24,110.46,59406
HOOD,2026-09-15,15:30,110.42,110.42,110.15,110.26,74317
HOOD,2026-09-15,15:31,110.29,110.53,110.2401,110.42,54536
HOOD,2026-09-15,15:32,110.455,110.49,110.05,110.22,69499
HOOD,2026-09-15,15:33,110.23,110.385,110.15,110.2201,53787
HOOD,2026-09-15,15:34,110.17,110.2597,110.1101,110.1838,39144
HOOD,2026-09-15,15:35,110.2089,110.2199,110.05,110.175,53015
HOOD,2026-09-15,15:36,110.175,110.2699,110.11,110.22,54963
HOOD,2026-09-15,15:37,110.2,110.23,109.82,109.8705,117588
HOOD,2026-09-15,15:38,109.855,109.945,109.82,109.94,80623
HOOD,2026-09-15,15:39,110,110.205,109.89,110.185,41816
HOOD,2026-09-15,15:40,110.1902,110.37,110.115,110.2,48856
HOOD,2026-09-15,15:41,110.15,110.17,109.75,109.7701,67493
HOOD,2026-09-15,15:42,109.85,109.88,109.72,109.73,55901
HOOD,2026-09-15,15:43,109.72,109.91,109.72,109.815,57611
HOOD,2026-09-15,15:44,109.815,110.2094,109.815,110.1519,107752
HOOD,2026-09-15,15:45,110.155,110.16,109.8801,109.92,76973
HOOD,2026-09-15,15:46,109.915,109.93,109.75,109.83,66753
HOOD,2026-09-15,15:47,109.83,109.9,109.78,109.89,42794
HOOD,2026-09-15,15:48,109.86,110.01,109.85,109.99,40301
HOOD,2026-09-15,15:49,109.97,109.97,109.82,109.89,48273
HOOD,2026-09-15,15:50,109.9,110.15,109.9,109.965,85124
HOOD,2026-09-15,15:51,109.965,110,109.82,109.92,71373
HOOD,2026-09-15,15:52,109.91,109.94,109.7,109.83,71655
HOOD,2026-09-15,15:53,109.84,110.28,109.835,110.2477,124940
HOOD,2026-09-15,15:54,110.22,110.32,110.19,110.25,135152
HOOD,2026-09-15,15:55,110.24,110.81,110.2,110.49,273796
HOOD,2026-09-15,15:56,110.49,110.51,110.38,110.5,182973
HOOD,2026-09-15,15:57,110.5,110.52,110.265,110.34,218833
HOOD,2026-09-15,15:58,110.35,110.4,110.26,110.375,269422
HOOD,2026-09-15,15:59,110.37,110.46,110.325,110.445,364845
HOOD,2026-09-16,09:30,110.475,111.05,109.43,109.5,777332
HOOD,2026-09-16,09:31,109.5,110.69,109,109.48,173761
HOOD,2026-09-16,09:32,109.35,110.245,109.35,109.64,110063
HOOD,2026-09-16,09:33,109.63,109.98,109.3601,109.48,57499
HOOD,2026-09-16,09:34,109.35,109.55,108.52,108.7899,161992
HOOD,2026-09-16,09:35,108.76,109,108.18,108.4,188414
HOOD,2026-09-16,09:36,108.37,108.4265,107.72,107.84,132145
HOOD,2026-09-16,09:37,107.8,108.07,107.5744,107.775,131059
HOOD,2026-09-16,09:38,107.72,107.755,107.1,107.24,134225
HOOD,2026-09-16,09:39,107.19,107.35,106.551,106.6499,170500
HOOD,2026-09-16,09:40,106.55,107.4447,106.55,107.3337,186771
HOOD,2026-09-16,09:41,107.28,107.8,107.1413,107.635,162294
HOOD,2026-09-16,09:42,107.58,107.645,107.16,107.61,128166
HOOD,2026-09-16,09:43,107.57,107.6882,107.26,107.413,123558
HOOD,2026-09-16,09:44,107.32,107.8,107.32,107.5,68079
HOOD,2026-09-16,09:45,107.47,107.5,107.01,107.35,155482
HOOD,2026-09-16,09:46,107.3,107.4,107.04,107.25,69108
HOOD,2026-09-16,09:47,107.21,107.9,106.94,107.815,122678
HOOD,2026-09-16,09:48,107.815,107.815,107.2,107.27,73213
HOOD,2026-09-16,09:49,107.22,107.755,106.99,107.71,132617
HOOD,2026-09-16,09:50,107.75,107.8,107.3978,107.58,68728
HOOD,2026-09-16,09:51,107.53,107.585,107.1501,107.4299,60831
HOOD,2026-09-16,09:52,107.4298,107.48,107.17,107.34,50315
HOOD,2026-09-16,09:53,107.34,107.75,107.2,107.75,92754
HOOD,2026-09-16,09:54,107.75,108.13,107.64,107.9615,152115
HOOD,2026-09-16,09:55,107.975,108.17,107.75,108.04,139843
HOOD,2026-09-16,09:56,108.02,108.04,107.64,107.68,54943
HOOD,2026-09-16,09:57,107.65,107.815,107.57,107.735,70996
HOOD,2026-09-16,09:58,107.68,107.7,107.16,107.18,78478
HOOD,2026-09-16,09:59,107.15,107.195,106.7101,107,145021
HOOD,2026-09-16,10:00,107.0585,107.29,107.01,107.165,92524
HOOD,2026-09-16,10:01,107.11,107.61,107.11,107.53,57627
HOOD,2026-09-16,10:02,107.5,107.5,107.19,107.2299,50983
HOOD,2026-09-16,10:03,107.19,107.47,107.19,107.38,55339
HOOD,2026-09-16,10:04,107.38,107.4699,107.27,107.3534,56603
HOOD,2026-09-16,10:05,107.33,107.435,107.26,107.385,45541
HOOD,2026-09-16,10:06,107.32,107.522,107.32,107.4664,43773
HOOD,2026-09-16,10:07,107.43,107.43,107.11,107.1343,55015
HOOD,2026-09-16,10:08,107.155,107.3,107.13,107.2,36036
HOOD,2026-09-16,10:09,107.2,107.23,106.71,106.775,210373
HOOD,2026-09-16,10:10,106.77,106.8299,106.5618,106.61,109518
HOOD,2026-09-16,10:11,106.6,106.61,106.1301,106.24,192143
HOOD,2026-09-16,10:12,106.24,106.26,106.04,106.05,94743
HOOD,2026-09-16,10:13,106.05,106.05,105.75,105.93,181164
HOOD,2026-09-16,10:14,105.88,106.15,105.88,106.085,114312
HOOD,2026-09-16,10:15,106.06,106.5495,106.06,106.31,84900
HOOD,2026-09-16,10:16,106.305,106.76,106.15,106.72,113289
HOOD,2026-09-16,10:17,106.735,106.77,106.1928,106.3356,76517
HOOD,2026-09-16,10:18,106.27,106.38,106.06,106.16,69200
HOOD,2026-09-16,10:19,106.11,106.11,105.9001,105.99,95846
HOOD,2026-09-16,10:20,105.99,106.01,105.81,105.93,63678
HOOD,2026-09-16,10:21,105.9,106.02,105.67,105.97,112883
HOOD,2026-09-16,10:22,105.96,105.97,105.52,105.5359,89768
HOOD,2026-09-16,10:23,105.52,105.6167,105.47,105.6,94552
HOOD,2026-09-16,10:24,105.58,105.65,105.44,105.44,89213
HOOD,2026-09-16,10:25,105.455,105.56,105.32,105.3839,132458
HOOD,2026-09-16,10:26,105.3952,105.8395,105.37,105.81,110704
HOOD,2026-09-16,10:27,105.81,105.93,105.7201,105.82,74765
HOOD,2026-09-16,10:28,105.83,105.845,105.71,105.75,56681
HOOD,2026-09-16,10:29,105.76,105.9897,105.75,105.845,55566
HOOD,2026-09-16,10:30,105.85,105.92,105.72,105.845,58718
HOOD,2026-09-16,10:31,105.83,105.88,105.69,105.88,85077
HOOD,2026-09-16,10:32,105.875,105.88,105.665,105.82,61786
HOOD,2026-09-16,10:33,105.81,105.89,105.7426,105.8599,40885
HOOD,2026-09-16,10:34,105.825,105.95,105.8,105.8799,35265
HOOD,2026-09-16,10:35,105.85,105.9399,105.7606,105.83,40644
HOOD,2026-09-16,10:36,105.83,105.91,105.78,105.8,20350
HOOD,2026-09-16,10:37,105.78,105.92,105.701,105.9,35994
HOOD,2026-09-16,10:38,105.84,105.86,105.7,105.765,46583
HOOD,2026-09-16,10:39,105.74,105.7695,105.53,105.542,41314
HOOD,2026-09-16,10:40,105.53,105.67,105.44,105.625,104937
HOOD,2026-09-16,10:41,105.61,105.79,105.61,105.7,69857
HOOD,2026-09-16,10:42,105.68,105.82,105.62,105.8,65620
HOOD,2026-09-16,10:43,105.7802,105.87,105.74,105.86,42126
HOOD,2026-09-16,10:44,105.86,105.985,105.825,105.88,52770
HOOD,2026-09-16,10:45,105.88,105.95,105.75,105.91,62712
HOOD,2026-09-16,10:46,105.9,105.91,105.62,105.7,51281
HOOD,2026-09-16,10:47,105.66,105.91,105.6576,105.86,47943
HOOD,2026-09-16,10:48,105.86,105.86,105.66,105.705,56628
HOOD,2026-09-16,10:49,105.73,105.73,105.53,105.55,82230
HOOD,2026-09-16,10:50,105.53,105.62,105.4,105.4101,71018
HOOD,2026-09-16,10:51,105.41,105.44,105.2901,105.35,75452
HOOD,2026-09-16,10:52,105.36,105.66,105.35,105.65,53363
HOOD,2026-09-16,10:53,105.65,105.65,105.495,105.54,32553
HOOD,2026-09-16,10:54,105.55,105.57,105.26,105.3038,55485
HOOD,2026-09-16,10:55,105.3,105.3299,105.15,105.315,114641
HOOD,2026-09-16,10:56,105.33,105.54,105.3,105.3,67213
HOOD,2026-09-16,10:57,105.28,105.36,105.22,105.25,57726
HOOD,2026-09-16,10:58,105.23,105.38,105.23,105.38,35598
HOOD,2026-09-16,10:59,105.36,105.67,105.36,105.6318,61388
HOOD,2026-09-16,11:00,105.615,105.81,105.49,105.7697,101763
HOOD,2026-09-16,11:01,105.73,105.9,105.73,105.745,72176
HOOD,2026-09-16,11:02,105.7,105.75,105.44,105.49,48221
HOOD,2026-09-16,11:03,105.48,105.85,105.48,105.695,49869
HOOD,2026-09-16,11:04,105.66,106.12,105.66,106.1,98271
HOOD,2026-09-16,11:05,106.1,106.48,106.06,106.285,114197
HOOD,2026-09-16,11:06,106.26,106.31,106.1328,106.27,92229
HOOD,2026-09-16,11:07,106.27,106.67,106.247,106.645,100757
HOOD,2026-09-16,11:08,106.64,106.755,106.485,106.5149,145247
HOOD,2026-09-16,11:09,106.515,106.55,106.14,106.28,93953
HOOD,2026-09-16,11:10,106.28,106.45,106.24,106.42,54792
HOOD,2026-09-16,11:11,106.43,106.58,106.37,106.5214,57048
HOOD,2026-09-16,11:12,106.4501,106.49,106.31,106.37,35855
HOOD,2026-09-16,11:13,106.38,106.5,106.26,106.5,53477
HOOD,2026-09-16,11:14,106.515,106.67,106.376,106.376,55532
HOOD,2026-09-16,11:15,106.34,106.38,106.16,106.215,49148
HOOD,2026-09-16,11:16,106.18,106.26,105.9,105.9799,86931
HOOD,2026-09-16,11:17,105.96,106.18,105.81,106.18,56658
HOOD,2026-09-16,11:18,106.175,106.19,105.88,105.88,49142
HOOD,2026-09-16,11:19,105.92,105.9301,105.23,105.23,122981
HOOD,2026-09-16,11:20,105.23,105.3799,105.2201,105.33,102120
HOOD,2026-09-16,11:21,105.325,105.3795,105.26,105.35,55890
HOOD,2026-09-16,11:22,105.325,105.34,105.19,105.2318,58372
HOOD,2026-09-16,11:23,105.19,105.4,105.13,105.34,85736
HOOD,2026-09-16,11:24,105.34,105.59,105.315,105.56,67927
HOOD,2026-09-16,11:25,105.56,105.84,105.56,105.82,99392
HOOD,2026-09-16,11:26,105.82,105.82,105.55,105.58,42739
HOOD,2026-09-16,11:27,105.57,105.595,105.345,105.405,62821
HOOD,2026-09-16,11:28,105.37,105.404,105.3,105.3145,29959
HOOD,2026-09-16,11:29,105.31,105.32,104.95,105.06,273788
HOOD,2026-09-16,11:30,105.045,105.125,104.9,105.0101,143000
HOOD,2026-09-16,11:31,105.01,105.3,105.01,105.1072,141060
HOOD,2026-09-16,11:32,105.09,105.108,104.81,104.85,79990
HOOD,2026-09-16,11:33,104.85,104.9352,104.77,104.81,72310
HOOD,2026-09-16,11:34,104.8,104.91,104.7,104.775,58263
HOOD,2026-09-16,11:35,104.77,104.89,104.72,104.8401,67034
HOOD,2026-09-16,11:36,104.86,104.89,104.72,104.72,167156
HOOD,2026-09-16,11:37,104.7,104.9799,104.68,104.9799,121932
HOOD,2026-09-16,11:38,104.94,105.19,104.87,105.15,95373
HOOD,2026-09-16,11:39,105.145,105.26,105.055,105.08,67534
HOOD,2026-09-16,11:40,105.04,105.23,105.035,105.14,43773
HOOD,2026-09-16,11:41,105.11,105.41,105.05,105.28,67166
HOOD,2026-09-16,11:42,105.23,105.36,105.2108,105.31,42020
HOOD,2026-09-16,11:43,105.28,105.31,105.185,105.22,47551
HOOD,2026-09-16,11:44,105.2,105.2,105.1,105.11,41696
HOOD,2026-09-16,11:45,105.11,105.2059,104.93,104.995,51672
HOOD,2026-09-16,11:46,104.97,105,104.8,104.89,48657
HOOD,2026-09-16,11:47,104.88,105.57,104.84,105.36,137283
HOOD,2026-09-16,11:48,105.31,105.3603,105.11,105.2,39134
HOOD,2026-09-16,11:49,105.21,105.21,104.92,105.01,42708
HOOD,2026-09-16,11:50,105,105.08,104.94,105.03,39148
HOOD,2026-09-16,11:51,105,105.0499,104.92,105.0299,37512
HOOD,2026-09-16,11:52,105.005,105.005,104.85,104.8796,40469
HOOD,2026-09-16,11:53,104.92,105.1099,104.775,104.775,75574
HOOD,2026-09-16,11:54,104.75,104.94,104.44,104.92,163709
HOOD,2026-09-16,11:55,104.9499,105.02,104.89,104.91,41470
HOOD,2026-09-16,11:56,104.91,104.9599,104.8,104.93,47522
HOOD,2026-09-16,11:57,104.9,104.96,104.72,104.7523,48697
HOOD,2026-09-16,11:58,104.73,104.9099,104.72,104.84,42217
HOOD,2026-09-16,11:59,104.84,104.93,104.735,104.9199,72528
HOOD,2026-09-16,12:00,104.91,104.94,104.82,104.925,27245
HOOD,2026-09-16,12:01,104.92,104.92,104.8,104.9,32381
HOOD,2026-09-16,12:02,104.88,104.9095,104.76,104.79,66697
HOOD,2026-09-16,12:03,104.77,104.77,104.625,104.6956,52874
HOOD,2026-09-16,12:04,104.66,104.77,104.61,104.71,32756
HOOD,2026-09-16,12:05,104.69,104.83,104.69,104.72,34507
HOOD,2026-09-16,12:06,104.72,104.75,104.61,104.63,23720
HOOD,2026-09-16,12:07,104.63,104.68,104.5,104.5365,75687
HOOD,2026-09-16,12:08,104.5,104.58,104.44,104.4879,72832
HOOD,2026-09-16,12:09,104.515,104.61,104.4452,104.61,69389
HOOD,2026-09-16,12:10,104.6,104.72,104.585,104.7066,51298
HOOD,2026-09-16,12:11,104.67,104.7099,104.54,104.62,36776
HOOD,2026-09-16,12:12,104.62,104.9799,104.62,104.945,70218
HOOD,2026-09-16,12:13,104.92,105.1,104.8901,105.07,66782
HOOD,2026-09-16,12:14,105.04,105.1,104.96,105.02,35878
HOOD,2026-09-16,12:15,105.02,105.0699,104.94,104.995,27859
HOOD,2026-09-16,12:16,105,105.1233,104.952,105.1052,36437
HOOD,2026-09-16,12:17,105.08,105.4,105.08,105.35,65026
HOOD,2026-09-16,12:18,105.31,105.435,105.2501,105.43,67897
HOOD,2026-09-16,12:19,105.44,105.4699,105.15,105.3242,39703
HOOD,2026-09-16,12:20,105.33,105.33,105.15,105.235,37091
HOOD,2026-09-16,12:21,105.2,105.239,105.16,105.175,18986
HOOD,2026-09-16,12:22,105.175,105.18,105.0101,105.05,35282
HOOD,2026-09-16,12:23,105.055,105.2,105.0001,105.1585,49732
HOOD,2026-09-16,12:24,105.13,105.14,105.06,105.1067,50943
HOOD,2026-09-16,12:25,105.09,105.1,104.99,105,30977
HOOD,2026-09-16,12:26,105.02,105.03,104.95,104.995,22673
HOOD,2026-09-16,12:27,105,105,104.935,104.935,25160
HOOD,2026-09-16,12:28,104.92,105.06,104.92,104.945,31279
HOOD,2026-09-16,12:29,104.93,105.089,104.93,105.0795,22827
HOOD,2026-09-16,12:30,105.06,105.465,105.06,105.405,72050
HOOD,2026-09-16,12:31,105.38,105.52,105.345,105.4751,73774
HOOD,2026-09-16,12:32,105.44,105.54,105.34,105.4801,52162
HOOD,2026-09-16,12:33,105.49,105.57,105.44,105.535,55867
HOOD,2026-09-16,12:34,105.52,105.64,105.52,105.62,65329
HOOD,2026-09-16,12:35,105.62,105.93,105.6,105.77,95521
HOOD,2026-09-16,12:36,105.76,105.888,105.632,105.655,60676
HOOD,2026-09-16,12:37,105.67,105.67,105.47,105.47,35267
HOOD,2026-09-16,12:38,105.45,105.51,105.3813,105.405,25258
HOOD,2026-09-16,12:39,105.405,105.42,105.34,105.38,35114
HOOD,2026-09-16,12:40,105.375,105.38,105.29,105.32,23602
HOOD,2026-09-16,12:41,105.32,105.47,105.277,105.425,35314
HOOD,2026-09-16,12:42,105.425,105.425,105.26,105.275,28759
HOOD,2026-09-16,12:43,105.25,105.31,105.2305,105.26,33405
HOOD,2026-09-16,12:44,105.24,105.265,105.065,105.085,33564
HOOD,2026-09-16,12:45,105.1,105.45,105.1,105.435,36348
HOOD,2026-09-16,12:46,105.435,105.4999,105.37,105.465,40125
HOOD,2026-09-16,12:47,105.43,105.5482,105.43,105.48,28095
HOOD,2026-09-16,12:48,105.48,105.6499,105.43,105.59,57017
HOOD,2026-09-16,12:49,105.57,105.725,105.55,105.71,49447
HOOD,2026-09-16,12:50,105.72,105.77,105.5689,105.64,30094
HOOD,2026-09-16,12:51,105.59,105.651,105.55,105.55,31754
HOOD,2026-09-16,12:52,105.55,105.6206,105.45,105.45,35026
HOOD,2026-09-16,12:53,105.42,105.46,105.352,105.3526,38147
HOOD,2026-09-16,12:54,105.35,105.4252,105.3,105.41,20821
HOOD,2026-09-16,12:55,105.38,105.42,105.32,105.405,27188
HOOD,2026-09-16,12:56,105.42,105.455,105.37,105.4399,46875
HOOD,2026-09-16,12:57,105.41,105.5,105.41,105.48,29177
HOOD,2026-09-16,12:58,105.46,105.6,105.44,105.6,30066
HOOD,2026-09-16,12:59,105.61,105.73,105.5801,105.615,48627
HOOD,2026-09-16,13:00,105.63,105.7,105.5601,105.6316,27235
HOOD,2026-09-16,13:01,105.6,105.6622,105.54,105.56,22597
HOOD,2026-09-16,13:02,105.565,105.67,105.54,105.625,21969
HOOD,2026-09-16,13:03,105.64,105.7,105.61,105.62,18258
HOOD,2026-09-16,13:04,105.56,105.66,105.56,105.66,16028
HOOD,2026-09-16,13:05,105.6697,105.6697,105.5254,105.57,24296
HOOD,2026-09-16,13:06,105.52,105.56,105.36,105.39,33747
HOOD,2026-09-16,13:07,105.37,105.49,105.37,105.44,30184
HOOD,2026-09-16,13:08,105.42,105.44,105.352,105.37,25477
HOOD,2026-09-16,13:09,105.35,105.47,105.35,105.44,16985
HOOD,2026-09-16,13:10,105.42,105.45,105.3137,105.41,27194
HOOD,2026-09-16,13:11,105.4,105.43,105.38,105.4,19245
HOOD,2026-09-16,13:12,105.36,105.46,105.36,105.44,12939
HOOD,2026-09-16,13:13,105.42,105.48,105.36,105.415,18384
HOOD,2026-09-16,13:14,105.4,105.525,105.4,105.51,22161
HOOD,2026-09-16,13:15,105.48,105.57,105.48,105.55,16954
HOOD,2026-09-16,13:16,105.53,105.66,105.52,105.6,46458
HOOD,2026-09-16,13:17,105.59,105.612,105.54,105.56,18154
HOOD,2026-09-16,13:18,105.54,105.6257,105.5,105.5,17927
HOOD,2026-09-16,13:19,105.525,105.525,105.33,105.48,43941
HOOD,2026-09-16,13:20,105.45,105.56,105.4,105.44,19019
HOOD,2026-09-16,13:21,105.4201,105.45,105.3,105.32,42084
HOOD,2026-09-16,13:22,105.31,105.355,105.22,105.24,32570
HOOD,2026-09-16,13:23,105.22,105.2811,105.16,105.195,46349
HOOD,2026-09-16,13:24,105.17,105.2399,105.16,105.18,19554
HOOD,2026-09-16,13:25,105.18,105.37,105.175,105.31,55280
HOOD,2026-09-16,13:26,105.28,105.44,105.28,105.39,24886
HOOD,2026-09-16,13:27,105.37,105.635,105.37,105.5924,31842
HOOD,2026-09-16,13:28,105.56,105.7,105.56,105.62,29351
HOOD,2026-09-16,13:29,105.635,105.64,105.555,105.575,11726
HOOD,2026-09-16,13:30,105.55,105.6799,105.55,105.66,30378
HOOD,2026-09-16,13:31,105.61,105.62,105.475,105.475,17938
HOOD,2026-09-16,13:32,105.47,105.5,105.29,105.3312,25474
HOOD,2026-09-16,13:33,105.335,105.335,105.13,105.1499,26835
HOOD,2026-09-16,13:34,105.13,105.1699,104.99,105,71084
HOOD,2026-09-16,13:35,105,105.04,104.9324,104.97,74543
HOOD,2026-09-16,13:36,104.95,104.99,104.79,104.87,85896
HOOD,2026-09-16,13:37,104.85,104.88,104.79,104.845,34874
HOOD,2026-09-16,13:38,104.82,104.89,104.82,104.85,28934
HOOD,2026-09-16,13:39,104.85,104.88,104.8,104.8614,32453
HOOD,2026-09-16,13:40,104.83,105.1151,104.83,105.11,34763
HOOD,2026-09-16,13:41,105.1184,105.1184,104.96,105.045,31327
HOOD,2026-09-16,13:42,105.045,105.155,105.035,105.0801,65513
HOOD,2026-09-16,13:43,105.1,105.1,105,105.025,23443
HOOD,2026-09-16,13:44,105,105.045,105,105.045,15696
HOOD,2026-09-16,13:45,105.045,105.09,105.04,105.0501,23503
HOOD,2026-09-16,13:46,105.07,105.09,105,105.09,34105
HOOD,2026-09-16,13:47,105.1199,105.1199,104.92,104.9633,48090
HOOD,2026-09-16,13:48,104.92,104.965,104.83,104.855,26532
HOOD,2026-09-16,13:49,104.81,104.9199,104.81,104.84,22940
HOOD,2026-09-16,13:50,104.86,104.89,104.8001,104.875,20747
HOOD,2026-09-16,13:51,104.85,104.96,104.85,104.95,37898
HOOD,2026-09-16,13:52,104.95,105.09,104.95,105.065,19340
HOOD,2026-09-16,13:53,105.065,105.0743,104.93,104.975,25121
HOOD,2026-09-16,13:54,104.94,105.0275,104.85,104.895,25967
HOOD,2026-09-16,13:55,104.88,104.97,104.88,104.895,26285
HOOD,2026-09-16,13:56,104.87,104.99,104.87,104.98,53622
HOOD,2026-09-16,13:57,104.98,105.1599,104.96,105.11,53031
HOOD,2026-09-16,13:58,105.09,105.5,105.09,105.3634,95037
HOOD,2026-09-16,13:59,105.34,105.41,105.22,105.33,58922
HOOD,2026-09-16,14:00,105.42,105.58,104.76,104.81,155086
HOOD,2026-09-16,14:01,104.865,104.9,104.1003,104.22,190105
HOOD,2026-09-16,14:02,104.16,104.65,104.06,104.65,112714
HOOD,2026-09-16,14:03,104.585,104.9999,104.585,104.835,132946
HOOD,2026-09-16,14:04,104.8,104.93,104.68,104.91,96036
HOOD,2026-09-16,14:05,104.86,105.415,104.86,105.37,227452
HOOD,2026-09-16,14:06,105.34,105.7075,105.33,105.64,251170
HOOD,2026-09-16,14:07,105.59,105.72,105.36,105.555,135039
HOOD,2026-09-16,14:08,105.51,105.85,105.51,105.72,130719
HOOD,2026-09-16,14:09,105.7,105.8799,105.59,105.74,114037
HOOD,2026-09-16,14:10,105.74,105.81,105.38,105.42,124436
HOOD,2026-09-16,14:11,105.36,105.47,104.86,104.905,132101
HOOD,2026-09-16,14:12,104.86,104.93,104.6,104.72,104779
HOOD,2026-09-16,14:13,104.6387,104.83,104.56,104.7908,79948
HOOD,2026-09-16,14:14,104.75,104.9099,104.53,104.67,71919
HOOD,2026-09-16,14:15,104.66,104.8278,104.6101,104.63,74001
HOOD,2026-09-16,14:16,104.62,104.78,104.58,104.73,80766
HOOD,2026-09-16,14:17,104.69,104.77,104.49,104.6375,75065
HOOD,2026-09-16,14:18,104.59,104.88,104.59,104.67,37643
HOOD,2026-09-16,14:19,104.71,105,104.68,104.79,80955
HOOD,2026-09-16,14:20,104.74,104.8999,104.5401,104.82,74406
HOOD,2026-09-16,14:21,104.76,104.9,104.69,104.8,59241
HOOD,2026-09-16,14:22,104.7839,104.85,104.7,104.705,47825
HOOD,2026-09-16,14:23,104.705,104.85,104.61,104.81,40334
HOOD,2026-09-16,14:24,104.76,104.92,104.69,104.7,34985
HOOD,2026-09-16,14:25,104.7,104.84,104.5,104.5601,71158
HOOD,2026-09-16,14:26,104.55,104.6899,104.43,104.53,46106
HOOD,2026-09-16,14:27,104.5,104.565,104.18,104.22,86164
HOOD,2026-09-16,14:28,104.18,104.4099,104.17,104.4099,69319
HOOD,2026-09-16,14:29,104.385,104.83,104.385,104.79,67882
HOOD,2026-09-16,14:30,104.75,104.88,104.66,104.73,78847
HOOD,2026-09-16,14:31,104.72,104.72,104.4661,104.51,65429
HOOD,2026-09-16,14:32,104.5,104.56,104.33,104.56,62425
HOOD,2026-09-16,14:33,104.52,104.6649,104.3701,104.57,54095
HOOD,2026-09-16,14:34,104.57,104.649,104.38,104.43,49461
HOOD,2026-09-16,14:35,104.38,104.4386,104.11,104.15,99057
HOOD,2026-09-16,14:36,104.15,104.21,103.88,103.9036,192324
HOOD,2026-09-16,14:37,103.9,104.07,103.842,104.03,81681
HOOD,2026-09-16,14:38,104.07,104.675,104.06,104.3829,221434
HOOD,2026-09-16,14:39,104.34,104.575,104.27,104.3755,88468
HOOD,2026-09-16,14:40,104.37,104.59,104.25,104.545,85028
HOOD,2026-09-16,14:41,104.54,104.645,104.28,104.6383,58589
HOOD,2026-09-16,14:42,104.62,104.97,104.54,104.9301,79674
HOOD,2026-09-16,14:43,104.955,105.05,104.84,104.96,125661
HOOD,2026-09-16,14:44,104.9728,104.99,104.42,104.43,64362
HOOD,2026-09-16,14:45,104.42,104.802,104.36,104.62,63235
HOOD,2026-09-16,14:46,104.6937,104.84,104.56,104.66,54426
HOOD,2026-09-16,14:47,104.61,104.785,104.5,104.545,65964
HOOD,2026-09-16,14:48,104.545,104.62,104.47,104.47,46973
HOOD,2026-09-16,14:49,104.43,104.49,104.22,104.28,69580
HOOD,2026-09-16,14:50,104.26,104.41,104.11,104.16,61756
HOOD,2026-09-16,14:51,104.165,104.3565,104.01,104.3565,57625
HOOD,2026-09-16,14:52,104.29,104.32,103.79,103.97,113216
HOOD,2026-09-16,14:53,103.9686,103.9686,103.6921,103.705,83918
HOOD,2026-09-16,14:54,103.68,103.803,103.5501,103.62,102134
HOOD,2026-09-16,14:55,103.59,103.7656,103.5133,103.5765,79258
HOOD,2026-09-16,14:56,103.5,103.5,103.22,103.235,154928
HOOD,2026-09-16,14:57,103.22,103.22,103,103.2,130485
HOOD,2026-09-16,14:58,103.17,103.28,103.15,103.19,76565
HOOD,2026-09-16,14:59,103.19,103.24,102.85,102.89,154957
HOOD,2026-09-16,15:00,102.89,103.5499,102.89,103.39,122379
HOOD,2026-09-16,15:01,103.32,103.4999,103.2,103.3,101435
HOOD,2026-09-16,15:02,103.25,103.45,103.1,103.355,70489
HOOD,2026-09-16,15:03,103.31,103.7499,103.31,103.695,93481
HOOD,2026-09-16,15:04,103.64,103.85,103.41,103.435,101010
HOOD,2026-09-16,15:05,103.39,103.5163,103.16,103.43,82811
HOOD,2026-09-16,15:06,103.3901,103.5533,103.3,103.31,48331
HOOD,2026-09-16,15:07,103.27,103.31,103.0876,103.1399,64721
HOOD,2026-09-16,15:08,103.095,103.18,102.91,102.96,93163
HOOD,2026-09-16,15:09,102.93,102.965,102.81,102.91,70760
HOOD,2026-09-16,15:10,102.9,102.96,102.5805,102.5805,91445
HOOD,2026-09-16,15:11,102.57,102.7229,102.4,102.4301,179780
HOOD,2026-09-16,15:12,102.43,102.63,102.2609,102.27,105985
HOOD,2026-09-16,15:13,102.27,102.36,102.16,102.2365,154180
HOOD,2026-09-16,15:14,102.24,102.6082,102.1849,102.455,151769
HOOD,2026-09-16,15:15,102.465,102.7966,102.38,102.46,95871
HOOD,2026-09-16,15:16,102.46,102.58,102.33,102.5,74242
HOOD,2026-09-16,15:17,102.46,102.55,102.3901,102.47,89463
HOOD,2026-09-16,15:18,102.44,102.55,102.3,102.39,64047
HOOD,2026-09-16,15:19,102.35,102.3732,102.08,102.16,111218
HOOD,2026-09-16,15:20,102.2094,102.33,101.97,102.01,145810
HOOD,2026-09-16,15:21,101.98,102.12,101.911,102.05,97991
HOOD,2026-09-16,15:22,102.03,102.12,101.85,101.8957,95657
HOOD,2026-09-16,15:23,101.86,102.0483,101.85,101.95,83149
HOOD,2026-09-16,15:24,101.93,102.15,101.92,102.125,81997
HOOD,2026-09-16,15:25,102.135,102.21,101.77,101.795,94866
HOOD,2026-09-16,15:26,101.77,101.8399,101.7045,101.815,102581
HOOD,2026-09-16,15:27,101.8399,102.12,101.73,102.03,100540
HOOD,2026-09-16,15:28,102.03,102.0999,101.8794,102.005,65830
HOOD,2026-09-16,15:29,102.0153,102.345,102.0153,102.3306,77855
HOOD,2026-09-16,15:30,102.27,102.66,102.23,102.59,151588
HOOD,2026-09-16,15:31,102.55,102.7846,102.5453,102.605,97293
HOOD,2026-09-16,15:32,102.56,102.7998,102.56,102.7998,105447
HOOD,2026-09-16,15:33,102.765,102.91,102.7,102.86,129703
HOOD,2026-09-16,15:34,102.82,103.05,102.82,103.01,118786
HOOD,2026-09-16,15:35,103.03,103.17,102.93,103.01,107523
HOOD,2026-09-16,15:36,103.02,103.0541,102.67,102.75,130341
HOOD,2026-09-16,15:37,102.7699,103.07,102.6101,103.0522,92583
HOOD,2026-09-16,15:38,103.05,103.21,102.88,102.9089,103315
HOOD,2026-09-16,15:39,102.89,103.18,102.89,103.16,66936
HOOD,2026-09-16,15:40,103.14,103.22,103.0446,103.22,52582
HOOD,2026-09-16,15:41,103.16,103.31,103.01,103.03,151954
HOOD,2026-09-16,15:42,103,103.24,102.9,103.24,57204
HOOD,2026-09-16,15:43,103.19,103.38,103.14,103.26,63559
HOOD,2026-09-16,15:44,103.25,103.33,103.11,103.185,92113
HOOD,2026-09-16,15:45,103.185,103.41,103.15,103.41,105903
HOOD,2026-09-16,15:46,103.37,103.7499,103.37,103.68,184813
HOOD,2026-09-16,15:47,103.6717,103.9701,103.61,103.93,119754
HOOD,2026-09-16,15:48,103.93,104.1449,103.87,104.135,136640
HOOD,2026-09-16,15:49,104.14,104.24,104.0702,104.181,123635
HOOD,2026-09-16,15:50,104.19,104.415,104.0851,104.27,151374
HOOD,2026-09-16,15:51,104.26,104.28,104.09,104.125,120326
HOOD,2026-09-16,15:52,104.09,104.38,104.09,104.365,117842
HOOD,2026-09-16,15:53,104.35,104.365,104.11,104.225,143308
HOOD,2026-09-16,15:54,104.21,104.89,104.12,104.8,363703
HOOD,2026-09-16,15:55,104.79,105,104.51,104.5602,237060
HOOD,2026-09-16,15:56,104.54,104.69,104.476,104.585,170721
HOOD,2026-09-16,15:57,104.57,104.65,104.25,104.27,158280
HOOD,2026-09-16,15:58,104.28,104.32,104.2,104.305,184793
HOOD,2026-09-16,15:59,104.3,104.48,104.28,104.42,373148
HOOD,2026-09-16,16:00,104.42,104.42,104.42,104.42,0
