symbol,date,time,open,high,low,close,volume
INTC,2026-09-08,09:30,100.83,103.24,100.83,102.5,12706302
INTC,2026-09-08,09:31,102.5,102.59,100.9301,101.64,1470751
INTC,2026-09-08,09:32,101.66,101.99,101.2,101.4703,1000716
INTC,2026-09-08,09:33,101.47,101.7,101.0601,101.6202,872430
INTC,2026-09-08,09:34,101.66,101.675,101.0223,101.475,553467
INTC,2026-09-08,09:35,101.475,101.57,100.99,101.095,924428
INTC,2026-09-08,09:36,101.066,101.26,100.73,101.13,729271
INTC,2026-09-08,09:37,101.11,101.3896,100.9,101.37,830267
INTC,2026-09-08,09:38,101.375,101.4199,100.88,101.285,752790
INTC,2026-09-08,09:39,101.3,101.405,100.9,101.05,466503
INTC,2026-09-08,09:40,101.055,101.4499,100.9405,101.265,741920
INTC,2026-09-08,09:41,101.265,101.83,101.145,101.645,776064
INTC,2026-09-08,09:42,101.645,101.68,100.44,100.4999,1088189
INTC,2026-09-08,09:43,100.4999,100.75,100.35,100.51,673092
INTC,2026-09-08,09:44,100.528,100.82,100.46,100.6,515153
INTC,2026-09-08,09:45,100.6,101.59,100.595,101.54,794754
INTC,2026-09-08,09:46,101.55,101.86,101.1,101.22,1095998
INTC,2026-09-08,09:47,101.28,101.75,101.1,101.6,584447
INTC,2026-09-08,09:48,101.595,101.74,101.22,101.73,403822
INTC,2026-09-08,09:49,101.7386,101.77,101.4328,101.7074,411548
INTC,2026-09-08,09:50,101.705,101.71,101.145,101.36,436579
INTC,2026-09-08,09:51,101.3792,101.398,100.7338,100.916,668998
INTC,2026-09-08,09:52,100.9173,101.21,100.715,101.03,470683
INTC,2026-09-08,09:53,101.0209,101.07,100.76,100.88,317070
INTC,2026-09-08,09:54,100.8878,101.47,100.86,101.38,437751
INTC,2026-09-08,09:55,101.39,101.545,101.14,101.545,398951
INTC,2026-09-08,09:56,101.54,101.5402,101.19,101.27,335297
INTC,2026-09-08,09:57,101.27,101.2866,100.92,101.115,330048
INTC,2026-09-08,09:58,101.1,101.274,101.05,101.26,288779
INTC,2026-09-08,09:59,101.26,101.32,101.12,101.14,252479
INTC,2026-09-08,10:00,101.14,101.22,101,101.0269,349687
INTC,2026-09-08,10:01,101.0199,101.13,100.88,101.0974,351186
INTC,2026-09-08,10:02,101.09,101.09,100.766,100.8543,399334
INTC,2026-09-08,10:03,100.86,100.95,100.76,100.92,308389
INTC,2026-09-08,10:04,100.91,101.1295,100.815,101.115,380747
INTC,2026-09-08,10:05,101.12,101.246,101.03,101.086,408716
INTC,2026-09-08,10:06,101.1033,101.16,100.84,101.072,408046
INTC,2026-09-08,10:07,101.08,101.09,100.79,100.97,301083
INTC,2026-09-08,10:08,100.98,101.14,100.97,101.04,209145
INTC,2026-09-08,10:09,101.03,101.5,100.995,101.325,478490
INTC,2026-09-08,10:10,101.31,101.4799,101.2,101.3,545744
INTC,2026-09-08,10:11,101.3069,101.45,101.0101,101.1799,456354
INTC,2026-09-08,10:12,101.1786,101.34,101.08,101.3001,233919
INTC,2026-09-08,10:13,101.33,101.475,101.22,101.475,275450
INTC,2026-09-08,10:14,101.48,101.7485,101.44,101.7123,445199
INTC,2026-09-08,10:15,101.74,101.87,101.63,101.64,497683
INTC,2026-09-08,10:16,101.6338,101.87,101.5743,101.77,318242
INTC,2026-09-08,10:17,101.76,102.15,101.74,102.1,801421
INTC,2026-09-08,10:18,102.09,102.14,101.8,101.9144,611256
INTC,2026-09-08,10:19,101.91,102.2855,101.85,102.2288,496897
INTC,2026-09-08,10:20,102.23,102.4073,102.07,102.2501,445992
INTC,2026-09-08,10:21,102.2551,102.745,102.24,102.7,604625
INTC,2026-09-08,10:22,102.71,102.8499,102.6,102.7714,519946
INTC,2026-09-08,10:23,102.7769,102.83,102.46,102.816,476294
INTC,2026-09-08,10:24,102.83,103.1,102.785,103.055,1060250
INTC,2026-09-08,10:25,103.05,103.06,102.8,103.0353,491806
INTC,2026-09-08,10:26,103.035,103.05,102.7313,102.8376,470096
INTC,2026-09-08,10:27,102.825,102.955,102.735,102.895,416642
INTC,2026-09-08,10:28,102.89,103.3,102.89,103.105,707883
INTC,2026-09-08,10:29,103.1002,103.2969,102.94,103.275,416638
INTC,2026-09-08,10:30,103.2702,103.3,103.02,103.0746,378165
INTC,2026-09-08,10:31,103.06,103.0729,102.77,103.0201,486707
INTC,2026-09-08,10:32,103.0385,103.4,102.8409,103.3,538060
INTC,2026-09-08,10:33,103.31,103.36,102.78,102.815,548965
INTC,2026-09-08,10:34,102.81,102.975,102.7,102.9384,396446
INTC,2026-09-08,10:35,102.92,103.07,102.7501,102.84,298156
INTC,2026-09-08,10:36,102.8406,102.94,102.8124,102.9007,200266
INTC,2026-09-08,10:37,102.9,102.925,102.76,102.905,251122
INTC,2026-09-08,10:38,102.9,103.18,102.84,103.18,289431
INTC,2026-09-08,10:39,103.181,103.3,103.015,103.21,341125
INTC,2026-09-08,10:40,103.17,103.54,103.16,103.39,833359
INTC,2026-09-08,10:41,103.4,103.4398,103.27,103.38,367175
INTC,2026-09-08,10:42,103.378,103.39,103.165,103.2961,327523
INTC,2026-09-08,10:43,103.29,103.35,102.9301,102.94,376964
INTC,2026-09-08,10:44,102.95,103.18,102.9,103.18,404242
INTC,2026-09-08,10:45,103.2,103.22,102.85,102.9271,369956
INTC,2026-09-08,10:46,102.94,103.0973,102.9,103.0835,227917
INTC,2026-09-08,10:47,103.085,103.14,103,103.03,188081
INTC,2026-09-08,10:48,103.04,103.1494,103,103.0484,195743
INTC,2026-09-08,10:49,103.0514,103.09,102.88,102.9925,188261
INTC,2026-09-08,10:50,102.99,103.08,102.87,103.06,213261
INTC,2026-09-08,10:51,103.07,103.0763,102.87,102.94,193230
INTC,2026-09-08,10:52,102.94,103.32,102.91,103.315,312903
INTC,2026-09-08,10:53,103.3151,103.43,103.118,103.165,312535
INTC,2026-09-08,10:54,103.16,103.38,103.16,103.3763,287787
INTC,2026-09-08,10:55,103.38,103.5721,103.38,103.515,432548
INTC,2026-09-08,10:56,103.51,103.61,103.5,103.545,314783
INTC,2026-09-08,10:57,103.5401,103.59,103.4201,103.425,276357
INTC,2026-09-08,10:58,103.42,103.65,103.41,103.58,295752
INTC,2026-09-08,10:59,103.58,103.6499,103.56,103.6062,208546
INTC,2026-09-08,11:00,103.63,103.74,103.5601,103.645,319799
INTC,2026-09-08,11:01,103.645,103.6485,103.39,103.43,266624
INTC,2026-09-08,11:02,103.44,103.48,103.2015,103.295,330086
INTC,2026-09-08,11:03,103.3,103.38,103.21,103.29,334088
INTC,2026-09-08,11:04,103.2916,103.409,103.24,103.26,240411
INTC,2026-09-08,11:05,103.255,103.53,103.25,103.39,293197
INTC,2026-09-08,11:06,103.3885,103.53,103.32,103.418,228540
INTC,2026-09-08,11:07,103.42,103.53,103.34,103.525,208196
INTC,2026-09-08,11:08,103.525,103.5797,103.44,103.44,376809
INTC,2026-09-08,11:09,103.43,103.55,103.34,103.41,271395
INTC,2026-09-08,11:10,103.42,103.6,103.3486,103.4,295623
INTC,2026-09-08,11:11,103.4,103.437,103.3,103.4,198665
INTC,2026-09-08,11:12,103.39,103.545,103.13,103.44,478041
INTC,2026-09-08,11:13,103.43,103.645,103.43,103.6099,369493
INTC,2026-09-08,11:14,103.6,103.7285,103.5827,103.6,292926
INTC,2026-09-08,11:15,103.595,103.66,103.5,103.58,207503
INTC,2026-09-08,11:16,103.59,104.06,103.5744,103.97,986783
INTC,2026-09-08,11:17,103.9527,103.97,103.6622,103.7,332538
INTC,2026-09-08,11:18,103.7086,104.04,103.66,104.005,308680
INTC,2026-09-08,11:19,104.005,104.18,103.93,104.14,448876
INTC,2026-09-08,11:20,104.145,104.1664,103.96,104.055,261110
INTC,2026-09-08,11:21,104.06,104.09,103.95,104.02,206166
INTC,2026-09-08,11:22,104.015,104.205,103.99,104.04,450790
INTC,2026-09-08,11:23,104.05,104.34,104.05,104.25,353195
INTC,2026-09-08,11:24,104.2497,104.395,104.245,104.305,306961
INTC,2026-09-08,11:25,104.305,104.355,104.17,104.34,386205
INTC,2026-09-08,11:26,104.33,104.42,104.25,104.2501,296754
INTC,2026-09-08,11:27,104.255,104.3899,104.21,104.33,232518
INTC,2026-09-08,11:28,104.33,104.4,104.25,104.37,260350
INTC,2026-09-08,11:29,104.3605,104.53,104.2292,104.455,319721
INTC,2026-09-08,11:30,104.4501,104.52,104.315,104.43,325486
INTC,2026-09-08,11:31,104.425,104.46,104.14,104.155,242983
INTC,2026-09-08,11:32,104.1599,104.215,104.06,104.2,240366
INTC,2026-09-08,11:33,104.2083,104.21,104.01,104.02,185505
INTC,2026-09-08,11:34,104.01,104.28,104,104.25,361221
INTC,2026-09-08,11:35,104.256,104.34,104.19,104.2001,253085
INTC,2026-09-08,11:36,104.2198,104.3794,104.2015,104.3442,231561
INTC,2026-09-08,11:37,104.38,104.43,104.3,104.345,193708
INTC,2026-09-08,11:38,104.35,104.45,104.3,104.38,189768
INTC,2026-09-08,11:39,104.388,104.4,104.23,104.3172,228158
INTC,2026-09-08,11:40,104.305,104.4299,104.27,104.3,198627
INTC,2026-09-08,11:41,104.3152,104.465,104.3062,104.38,170089
INTC,2026-09-08,11:42,104.38,104.56,104.35,104.505,341116
INTC,2026-09-08,11:43,104.51,104.68,104.5099,104.605,311365
INTC,2026-09-08,11:44,104.605,104.665,104.44,104.6199,314917
INTC,2026-09-08,11:45,104.61,104.6669,104.455,104.4606,318652
INTC,2026-09-08,11:46,104.465,104.605,104.445,104.595,179915
INTC,2026-09-08,11:47,104.59,104.635,104.495,104.505,231385
INTC,2026-09-08,11:48,104.51,104.71,104.505,104.6899,247466
INTC,2026-09-08,11:49,104.67,104.8,104.59,104.795,222270
INTC,2026-09-08,11:50,104.7901,104.81,104.685,104.77,300828
INTC,2026-09-08,11:51,104.78,104.9199,104.75,104.855,580349
INTC,2026-09-08,11:52,104.855,104.88,104.78,104.79,182986
INTC,2026-09-08,11:53,104.785,104.8248,104.7301,104.78,168946
INTC,2026-09-08,11:54,104.77,104.7997,104.68,104.795,207031
INTC,2026-09-08,11:55,104.79,104.79,104.65,104.7594,216953
INTC,2026-09-08,11:56,104.7525,104.83,104.73,104.765,205690
INTC,2026-09-08,11:57,104.76,104.934,104.76,104.925,175481
INTC,2026-09-08,11:58,104.925,104.95,104.8001,104.8001,182461
INTC,2026-09-08,11:59,104.8038,104.8038,104.65,104.69,216698
INTC,2026-09-08,12:00,104.7,104.95,104.7,104.93,247244
INTC,2026-09-08,12:01,104.9285,104.975,104.85,104.9685,248154
INTC,2026-09-08,12:02,104.96,104.98,104.85,104.89,185175
INTC,2026-09-08,12:03,104.89,104.955,104.8647,104.91,132903
INTC,2026-09-08,12:04,104.91,105.24,104.895,105.235,1228215
INTC,2026-09-08,12:05,105.235,105.26,105.0048,105.03,334034
INTC,2026-09-08,12:06,105.0299,105.09,104.85,104.935,329152
INTC,2026-09-08,12:07,104.92,104.94,104.79,104.92,189950
INTC,2026-09-08,12:08,104.915,105.14,104.91,105.01,326594
INTC,2026-09-08,12:09,105.015,105.0464,104.85,104.855,165380
INTC,2026-09-08,12:10,104.86,104.8921,104.71,104.7125,257254
INTC,2026-09-08,12:11,104.7103,104.7165,104.48,104.5099,322712
INTC,2026-09-08,12:12,104.505,104.555,104.37,104.4189,300237
INTC,2026-09-08,12:13,104.42,104.6155,104.3401,104.6155,219072
INTC,2026-09-08,12:14,104.61,104.69,104.58,104.59,172873
INTC,2026-09-08,12:15,104.61,104.635,104.48,104.5,149964
INTC,2026-09-08,12:16,104.5027,104.66,104.435,104.61,158073
INTC,2026-09-08,12:17,104.61,104.71,104.605,104.705,180254
INTC,2026-09-08,12:18,104.71,104.79,104.62,104.7748,149088
INTC,2026-09-08,12:19,104.7701,104.785,104.71,104.735,118932
INTC,2026-09-08,12:20,104.74,104.8973,104.7,104.8699,210693
INTC,2026-09-08,12:21,104.86,104.88,104.66,104.755,212125
INTC,2026-09-08,12:22,104.77,104.94,104.7494,104.92,188662
INTC,2026-09-08,12:23,104.92,105.07,104.9,105.065,305208
INTC,2026-09-08,12:24,105.065,105.075,104.94,105.01,185653
INTC,2026-09-08,12:25,104.995,105.0199,104.9,104.91,167268
INTC,2026-09-08,12:26,104.91,104.935,104.82,104.85,134103
INTC,2026-09-08,12:27,104.85,104.85,104.68,104.7039,122358
INTC,2026-09-08,12:28,104.7,104.7394,104.6,104.68,159409
INTC,2026-09-08,12:29,104.68,104.686,104.51,104.53,164810
INTC,2026-09-08,12:30,104.535,104.5673,104.3,104.335,251386
INTC,2026-09-08,12:31,104.34,104.565,104.34,104.54,273219
INTC,2026-09-08,12:32,104.54,104.5999,104.4818,104.57,126462
INTC,2026-09-08,12:33,104.56,104.655,104.55,104.65,160264
INTC,2026-09-08,12:34,104.66,104.82,104.655,104.815,206070
INTC,2026-09-08,12:35,104.81,104.96,104.76,104.935,261365
INTC,2026-09-08,12:36,104.935,104.945,104.695,104.7106,291042
INTC,2026-09-08,12:37,104.71,104.74,104.6301,104.705,172603
INTC,2026-09-08,12:38,104.7,104.71,104.595,104.705,153291
INTC,2026-09-08,12:39,104.695,104.78,104.655,104.7599,135110
INTC,2026-09-08,12:40,104.76,104.85,104.74,104.745,214649
INTC,2026-09-08,12:41,104.7553,104.915,104.73,104.85,168894
INTC,2026-09-08,12:42,104.825,105.11,104.825,104.9294,455630
INTC,2026-09-08,12:43,104.9275,104.935,104.81,104.925,218212
INTC,2026-09-08,12:44,104.921,104.93,104.8,104.855,107482
INTC,2026-09-08,12:45,104.8501,104.9584,104.84,104.8699,165424
INTC,2026-09-08,12:46,104.86,105.025,104.86,105,413575
INTC,2026-09-08,12:47,104.995,105.39,104.98,105.38,554521
INTC,2026-09-08,12:48,105.375,105.52,105.31,105.43,510932
INTC,2026-09-08,12:49,105.4201,105.585,105.41,105.5799,274155
INTC,2026-09-08,12:50,105.5724,105.98,105.54,105.97,565739
INTC,2026-09-08,12:51,105.97,105.98,105.66,105.665,395127
INTC,2026-09-08,12:52,105.67,105.73,105.6,105.61,294753
INTC,2026-09-08,12:53,105.6,105.76,105.54,105.745,294828
INTC,2026-09-08,12:54,105.7473,105.7999,105.54,105.5732,237821
INTC,2026-09-08,12:55,105.5795,105.62,105.4201,105.58,270485
INTC,2026-09-08,12:56,105.59,105.6599,105.39,105.4601,418564
INTC,2026-09-08,12:57,105.47,105.51,105.305,105.36,257886
INTC,2026-09-08,12:58,105.36,105.385,105.15,105.1999,245013
INTC,2026-09-08,12:59,105.19,105.19,104.95,105.145,302121
INTC,2026-09-08,13:00,105.144,105.2786,105.05,105.2657,354289
INTC,2026-09-08,13:01,105.25,105.53,105.1814,105.53,238220
INTC,2026-09-08,13:02,105.5299,105.59,105.425,105.51,225004
INTC,2026-09-08,13:03,105.5132,105.63,105.5,105.5437,233314
INTC,2026-09-08,13:04,105.54,105.73,105.51,105.65,243184
INTC,2026-09-08,13:05,105.6438,105.6802,105.61,105.68,132724
INTC,2026-09-08,13:06,105.68,105.6862,105.408,105.408,271313
INTC,2026-09-08,13:07,105.4006,105.4899,105.36,105.4601,144232
INTC,2026-09-08,13:08,105.47,105.64,105.43,105.6,138754
INTC,2026-09-08,13:09,105.5962,105.82,105.5962,105.8,303002
INTC,2026-09-08,13:10,105.81,105.81,105.525,105.63,231168
INTC,2026-09-08,13:11,105.63,105.64,105.545,105.6099,142013
INTC,2026-09-08,13:12,105.6106,105.73,105.59,105.672,178686
INTC,2026-09-08,13:13,105.672,105.795,105.66,105.73,167088
INTC,2026-09-08,13:14,105.73,105.815,105.71,105.785,174928
INTC,2026-09-08,13:15,105.7999,105.87,105.79,105.8228,224479
INTC,2026-09-08,13:16,105.85,105.9,105.83,105.8824,205662
INTC,2026-09-08,13:17,105.8838,105.97,105.86,105.905,193889
INTC,2026-09-08,13:18,105.905,106.0899,105.88,105.92,720519
INTC,2026-09-08,13:19,105.92,106.05,105.87,105.95,195440
INTC,2026-09-08,13:20,105.94,105.97,105.83,105.86,187469
INTC,2026-09-08,13:21,105.855,105.91,105.82,105.845,198736
INTC,2026-09-08,13:22,105.84,105.8601,105.76,105.825,176602
INTC,2026-09-08,13:23,105.82,105.98,105.82,105.915,191925
INTC,2026-09-08,13:24,105.92,105.9336,105.8201,105.8786,121558
INTC,2026-09-08,13:25,105.88,105.89,105.8,105.8399,181555
INTC,2026-09-08,13:26,105.8228,105.84,105.675,105.8,233278
INTC,2026-09-08,13:27,105.8,105.93,105.77,105.82,157355
INTC,2026-09-08,13:28,105.825,106.065,105.82,105.9815,259112
INTC,2026-09-08,13:29,105.99,106.005,105.805,105.82,247109
INTC,2026-09-08,13:30,105.83,105.8699,105.72,105.805,164297
INTC,2026-09-08,13:31,105.8008,105.85,105.71,105.75,122553
INTC,2026-09-08,13:32,105.78,105.8099,105.73,105.8099,103647
INTC,2026-09-08,13:33,105.8099,105.81,105.71,105.79,118473
INTC,2026-09-08,13:34,105.795,105.89,105.78,105.8801,115924
INTC,2026-09-08,13:35,105.885,106.0568,105.86,106.04,215730
INTC,2026-09-08,13:36,106.02,106.0399,105.775,105.775,305550
INTC,2026-09-08,13:37,105.775,105.83,105.7301,105.8262,139509
INTC,2026-09-08,13:38,105.825,105.84,105.71,105.78,174760
INTC,2026-09-08,13:39,105.79,105.79,105.6405,105.645,203311
INTC,2026-09-08,13:40,105.645,105.66,105.48,105.6062,295234
INTC,2026-09-08,13:41,105.59,105.59,105.4115,105.4499,172991
INTC,2026-09-08,13:42,105.45,105.54,105.4415,105.5201,194468
INTC,2026-09-08,13:43,105.529,105.58,105.5015,105.5475,119156
INTC,2026-09-08,13:44,105.545,105.6,105.51,105.5685,200934
INTC,2026-09-08,13:45,105.57,105.61,105.44,105.4516,303742
INTC,2026-09-08,13:46,105.45,105.54,105.4,105.45,177411
INTC,2026-09-08,13:47,105.45,105.49,105.39,105.45,129042
INTC,2026-09-08,13:48,105.4501,105.456,105.3001,105.42,158770
INTC,2026-09-08,13:49,105.4164,105.4399,105.26,105.295,264560
INTC,2026-09-08,13:50,105.295,105.3474,105.2605,105.34,108000
INTC,2026-09-08,13:51,105.35,105.35,105.16,105.21,195663
INTC,2026-09-08,13:52,105.2199,105.26,105.14,105.162,198922
INTC,2026-09-08,13:53,105.1644,105.24,105.145,105.2299,162415
INTC,2026-09-08,13:54,105.22,105.2324,105.02,105.055,155994
INTC,2026-09-08,13:55,105.0415,105.14,105.0274,105.13,130617
INTC,2026-09-08,13:56,105.13,105.18,105.1,105.1008,131049
INTC,2026-09-08,13:57,105.111,105.18,105.11,105.16,95303
INTC,2026-09-08,13:58,105.1514,105.19,105.09,105.125,128135
INTC,2026-09-08,13:59,105.1101,105.1773,105.04,105.04,147108
INTC,2026-09-08,14:00,105.05,105.12,105.015,105.02,156106
INTC,2026-09-08,14:01,105.0175,105.04,104.79,104.8186,384398
INTC,2026-09-08,14:02,104.802,105.029,104.8,104.945,205112
INTC,2026-09-08,14:03,104.945,104.9999,104.78,104.805,228346
INTC,2026-09-08,14:04,104.81,104.9,104.81,104.8974,132159
INTC,2026-09-08,14:05,104.89,105.08,104.8701,105.02,286459
INTC,2026-09-08,14:06,105.04,105.1399,104.995,105.09,222104
INTC,2026-09-08,14:07,105.0862,105.11,104.935,104.9757,241339
INTC,2026-09-08,14:08,104.975,105.03,104.9402,104.988,133454
INTC,2026-09-08,14:09,104.99,105.02,104.9005,104.94,107550
INTC,2026-09-08,14:10,104.9473,104.99,104.905,104.97,122946
INTC,2026-09-08,14:11,104.975,105.07,104.955,105.0101,192780
INTC,2026-09-08,14:12,105.0003,105.07,104.9301,104.94,185396
INTC,2026-09-08,14:13,104.935,104.97,104.88,104.91,159206
INTC,2026-09-08,14:14,104.92,104.95,104.89,104.94,105757
INTC,2026-09-08,14:15,104.94,104.99,104.9,104.955,98898
INTC,2026-09-08,14:16,104.965,105.09,104.965,105.01,214507
INTC,2026-09-08,14:17,105.01,105.14,105.01,105.14,334901
INTC,2026-09-08,14:18,105.135,105.188,105.11,105.155,224518
INTC,2026-09-08,14:19,105.1559,105.3099,105.145,105.28,306469
INTC,2026-09-08,14:20,105.275,105.285,105.08,105.15,244480
INTC,2026-09-08,14:21,105.1411,105.16,104.96,104.965,222416
INTC,2026-09-08,14:22,104.965,105.05,104.95,104.9948,160637
INTC,2026-09-08,14:23,104.98,105.04,104.94,105.025,142544
INTC,2026-09-08,14:24,105.025,105.029,104.91,104.9968,134540
INTC,2026-09-08,14:25,104.995,105.017,104.9227,104.96,100280
INTC,2026-09-08,14:26,104.9509,105.0101,104.91,104.99,102482
INTC,2026-09-08,14:27,104.99,105,104.92,104.945,82480
INTC,2026-09-08,14:28,104.95,104.981,104.91,104.96,104289
INTC,2026-09-08,14:29,104.96,105.03,104.915,104.9201,133071
INTC,2026-09-08,14:30,104.925,104.945,104.8,104.91,322584
INTC,2026-09-08,14:31,104.9001,104.99,104.85,104.89,158289
INTC,2026-09-08,14:32,104.905,105.04,104.88,104.965,177979
INTC,2026-09-08,14:33,104.97,104.98,104.88,104.9701,292000
INTC,2026-09-08,14:34,104.98,105.0425,104.815,104.825,342624
INTC,2026-09-08,14:35,104.82,104.8399,104.57,104.7,407824
INTC,2026-09-08,14:36,104.72,104.84,104.71,104.805,169005
INTC,2026-09-08,14:37,104.8099,104.995,104.8,104.955,153661
INTC,2026-09-08,14:38,104.955,105.1,104.95,105.03,221705
INTC,2026-09-08,14:39,105.0499,105.05,104.96,104.99,142555
INTC,2026-09-08,14:40,104.9899,105.0264,104.89,104.995,145701
INTC,2026-09-08,14:41,104.995,105.03,104.94,104.97,97514
INTC,2026-09-08,14:42,104.96,105.0527,104.96,105.035,111335
INTC,2026-09-08,14:43,105.0383,105.22,105.03,105.215,181595
INTC,2026-09-08,14:44,105.215,105.215,105.07,105.11,180407
INTC,2026-09-08,14:45,105.11,105.245,105.0401,105.2001,205089
INTC,2026-09-08,14:46,105.205,105.33,105.155,105.29,274030
INTC,2026-09-08,14:47,105.3,105.34,105.1,105.1,257076
INTC,2026-09-08,14:48,105.12,105.12,104.86,104.875,323465
INTC,2026-09-08,14:49,104.87,105.13,104.82,105.005,257391
INTC,2026-09-08,14:50,105.01,105.1031,104.9415,105.03,194633
INTC,2026-09-08,14:51,105.05,105.05,104.83,104.83,151370
INTC,2026-09-08,14:52,104.83,104.91,104.6601,104.6614,281855
INTC,2026-09-08,14:53,104.67,104.9999,104.65,104.99,222703
INTC,2026-09-08,14:54,104.99,105.2,104.98,105.16,245523
INTC,2026-09-08,14:55,105.15,105.25,105.13,105.19,219011
INTC,2026-09-08,14:56,105.2,105.28,105.18,105.25,145614
INTC,2026-09-08,14:57,105.25,105.33,105.2301,105.295,166191
INTC,2026-09-08,14:58,105.29,105.5,105.27,105.4856,283112
INTC,2026-09-08,14:59,105.49,105.5,105.42,105.4799,150128
INTC,2026-09-08,15:00,105.4799,105.56,105.425,105.51,236554
INTC,2026-09-08,15:01,105.5098,105.5297,105.4,105.52,183368
INTC,2026-09-08,15:02,105.515,105.535,105.41,105.4247,126100
INTC,2026-09-08,15:03,105.4373,105.4675,105.3516,105.375,130594
INTC,2026-09-08,15:04,105.375,105.4385,105.3231,105.4215,142819
INTC,2026-09-08,15:05,105.415,105.445,105.35,105.3822,152242
INTC,2026-09-08,15:06,105.385,105.4296,105.31,105.385,149573
INTC,2026-09-08,15:07,105.41,105.505,105.38,105.45,241355
INTC,2026-09-08,15:08,105.468,105.468,105.36,105.37,159355
INTC,2026-09-08,15:09,105.39,105.4,105.31,105.318,133084
INTC,2026-09-08,15:10,105.31,105.38,105.25,105.3201,254543
INTC,2026-09-08,15:11,105.325,105.3594,105.25,105.325,116845
INTC,2026-09-08,15:12,105.32,105.405,105.3051,105.345,152485
INTC,2026-09-08,15:13,105.35,105.4253,105.33,105.4253,147096
INTC,2026-09-08,15:14,105.425,105.55,105.41,105.525,217719
INTC,2026-09-08,15:15,105.53,105.69,105.51,105.67,245273
INTC,2026-09-08,15:16,105.675,105.69,105.5101,105.5499,223818
INTC,2026-09-08,15:17,105.545,105.555,105.42,105.47,134499
INTC,2026-09-08,15:18,105.465,105.49,105.3,105.36,205360
INTC,2026-09-08,15:19,105.34,105.35,105.1905,105.1916,202373
INTC,2026-09-08,15:20,105.2,105.2,105.025,105.0438,223595
INTC,2026-09-08,15:21,105.05,105.16,104.96,105.105,266825
INTC,2026-09-08,15:22,105.1094,105.2,105.0101,105.045,171807
INTC,2026-09-08,15:23,105.045,105.15,105.035,105.0899,120619
INTC,2026-09-08,15:24,105.09,105.17,104.99,105.02,140933
INTC,2026-09-08,15:25,105.0337,105.0699,104.87,104.8792,162258
INTC,2026-09-08,15:26,104.8862,104.93,104.735,104.74,220143
INTC,2026-09-08,15:27,104.75,104.92,104.735,104.91,191899
INTC,2026-09-08,15:28,104.92,104.945,104.84,104.885,150910
INTC,2026-09-08,15:29,104.88,105.015,104.84,105,175809
INTC,2026-09-08,15:30,104.99,105.01,104.77,104.885,217641
INTC,2026-09-08,15:31,104.88,105.1,104.865,105.0899,245300
INTC,2026-09-08,15:32,105.0899,105.09,104.9519,105.0056,226153
INTC,2026-09-08,15:33,105,105.045,104.93,104.99,202285
INTC,2026-09-08,15:34,105,105.1244,104.965,105.1101,186854
INTC,2026-09-08,15:35,105.12,105.15,104.95,104.96,236740
INTC,2026-09-08,15:36,104.9526,105.02,104.93,104.975,148555
INTC,2026-09-08,15:37,104.97,105.045,104.91,104.9454,170613
INTC,2026-09-08,15:38,104.95,104.99,104.91,104.95,266000
INTC,2026-09-08,15:39,104.94,105.0183,104.915,105.005,124298
INTC,2026-09-08,15:40,105.01,105.08,104.93,105.035,185651
INTC,2026-09-08,15:41,105.035,105.04,104.86,104.99,209925
INTC,2026-09-08,15:42,104.985,105.01,104.93,104.96,177881
INTC,2026-09-08,15:43,104.96,105.005,104.88,104.895,158632
INTC,2026-09-08,15:44,104.8901,105,104.89,104.995,203030
INTC,2026-09-08,15:45,105,105.255,104.99,105.05,469227
INTC,2026-09-08,15:46,105.05,105.14,105.02,105.05,282672
INTC,2026-09-08,15:47,105.05,105.09,104.9705,104.9959,238013
INTC,2026-09-08,15:48,104.9998,105.055,104.86,105.025,260840
INTC,2026-09-08,15:49,105.025,105.0999,104.815,105.085,311059
INTC,2026-09-08,15:50,105.09,105.274,104.95,105.2599,623051
INTC,2026-09-08,15:51,105.28,105.34,105.08,105.09,405993
INTC,2026-09-08,15:52,105.085,105.085,104.9,104.905,291034
INTC,2026-09-08,15:53,104.905,104.98,104.545,104.56,518093
INTC,2026-09-08,15:54,104.55,104.58,104.25,104.58,673300
INTC,2026-09-08,15:55,104.59,104.78,104.235,104.26,737782
INTC,2026-09-08,15:56,104.265,104.525,104.05,104.3499,709378
INTC,2026-09-08,15:57,104.355,104.44,104.2478,104.3,566926
INTC,2026-09-08,15:58,104.31,104.38,104.29,104.305,680168
INTC,2026-09-08,15:59,104.3,104.49,104.285,104.4401,1572061
INTC,2026-09-08,16:00,104.47,104.47,104.47,104.47,0
INTC,2026-09-09,09:30,102.835,104.14,102.835,103.325,4854438
INTC,2026-09-09,09:31,103.31,103.675,103.07,103.5387,579199
INTC,2026-09-09,09:32,103.5,103.5,103.03,103.27,463397
INTC,2026-09-09,09:33,103.29,103.92,103.165,103.67,604362
INTC,2026-09-09,09:34,103.68,103.95,103.4,103.615,499759
INTC,2026-09-09,09:35,103.59,104.08,103.38,104.06,483609
INTC,2026-09-09,09:36,104.08,104.15,103.715,103.94,522555
INTC,2026-09-09,09:37,103.9469,104.21,103.81,103.9801,467816
INTC,2026-09-09,09:38,103.98,104.1,103.85,103.9795,309005
INTC,2026-09-09,09:39,103.9895,104.3022,103.9,103.9703,341943
INTC,2026-09-09,09:40,103.96,104.4399,103.96,104.285,479514
INTC,2026-09-09,09:41,104.285,104.49,103.8701,104.395,387281
INTC,2026-09-09,09:42,104.39,104.4,104,104.18,487320
INTC,2026-09-09,09:43,104.2,104.31,104.0585,104.1,194250
INTC,2026-09-09,09:44,104.1099,104.34,103.92,104.2769,302056
INTC,2026-09-09,09:45,104.3,104.54,104.13,104.175,404945
INTC,2026-09-09,09:46,104.2,104.34,103.88,104.335,421089
INTC,2026-09-09,09:47,104.35,104.75,104.2,104.28,516736
INTC,2026-09-09,09:48,104.28,104.61,104.2701,104.48,289092
INTC,2026-09-09,09:49,104.48,104.77,104.2901,104.5272,524501
INTC,2026-09-09,09:50,104.525,104.58,104.08,104.51,409090
INTC,2026-09-09,09:51,104.505,105,104.45,104.79,547494
INTC,2026-09-09,09:52,104.7996,105.07,104.73,104.9987,375833
INTC,2026-09-09,09:53,104.995,105,104.43,104.45,398385
INTC,2026-09-09,09:54,104.455,104.5551,103.97,104.4,624697
INTC,2026-09-09,09:55,104.405,105.15,104.35,105.075,592999
INTC,2026-09-09,09:56,105.0893,105.1199,104.9,104.94,333633
INTC,2026-09-09,09:57,104.93,105.03,104.78,104.895,222036
INTC,2026-09-09,09:58,104.88,105.07,104.81,105.055,278718
INTC,2026-09-09,09:59,105.05,105.39,105.05,105.29,440786
INTC,2026-09-09,10:00,105.29,105.43,105.26,105.3522,387461
INTC,2026-09-09,10:01,105.3414,105.4,105.05,105.12,325030
INTC,2026-09-09,10:02,105.13,105.48,105.1101,105.44,348395
INTC,2026-09-09,10:03,105.45,105.59,105.31,105.575,544307
INTC,2026-09-09,10:04,105.59,105.77,105.4001,105.7,574896
INTC,2026-09-09,10:05,105.7,106,105.64,105.95,602062
INTC,2026-09-09,10:06,105.95,106,105.77,105.9703,496663
INTC,2026-09-09,10:07,105.99,105.99,105.675,105.7203,416057
INTC,2026-09-09,10:08,105.7355,105.7499,105.2407,105.33,371846
INTC,2026-09-09,10:09,105.3,105.407,105.21,105.255,386842
INTC,2026-09-09,10:10,105.27,105.3899,104.9,105.17,605960
INTC,2026-09-09,10:11,105.1697,105.25,104.9,105.04,327071
INTC,2026-09-09,10:12,105.045,105.31,104.99,105.185,291770
INTC,2026-09-09,10:13,105.205,105.38,105.14,105.3386,204529
INTC,2026-09-09,10:14,105.33,105.45,105.28,105.435,266158
INTC,2026-09-09,10:15,105.415,105.4294,105.11,105.2401,236162
INTC,2026-09-09,10:16,105.25,105.25,105.03,105.1,213667
INTC,2026-09-09,10:17,105.105,105.26,105,105.155,236684
INTC,2026-09-09,10:18,105.16,105.2,104.965,105.195,289166
INTC,2026-09-09,10:19,105.1931,105.195,104.66,104.76,368477
INTC,2026-09-09,10:20,104.76,104.81,104.51,104.65,357131
INTC,2026-09-09,10:21,104.64,104.675,104.43,104.6,290920
INTC,2026-09-09,10:22,104.59,104.735,104.46,104.725,176987
INTC,2026-09-09,10:23,104.71,104.81,104.56,104.665,190100
INTC,2026-09-09,10:24,104.68,104.78,104.59,104.6,238018
INTC,2026-09-09,10:25,104.6073,104.98,104.57,104.87,300578
INTC,2026-09-09,10:26,104.865,104.89,104.67,104.795,193447
INTC,2026-09-09,10:27,104.79,105.18,104.78,105.15,311290
INTC,2026-09-09,10:28,105.1652,105.4099,105.1402,105.405,346370
INTC,2026-09-09,10:29,105.41,105.59,105.38,105.56,322756
INTC,2026-09-09,10:30,105.5506,105.61,105.44,105.5794,219497
INTC,2026-09-09,10:31,105.57,105.59,105.36,105.45,225091
INTC,2026-09-09,10:32,105.45,105.64,105.44,105.59,277806
INTC,2026-09-09,10:33,105.5943,105.69,105.5005,105.53,199276
INTC,2026-09-09,10:34,105.53,105.73,105.48,105.7115,184972
INTC,2026-09-09,10:35,105.7411,105.79,105.5301,105.59,373326
INTC,2026-09-09,10:36,105.6,105.79,105.6,105.6894,232166
INTC,2026-09-09,10:37,105.6937,105.765,105.54,105.6,247881
INTC,2026-09-09,10:38,105.6,105.71,105.38,105.45,272743
INTC,2026-09-09,10:39,105.445,105.58,105.401,105.5619,553877
INTC,2026-09-09,10:40,105.55,105.735,105.51,105.725,268293
INTC,2026-09-09,10:41,105.73,105.78,105.5701,105.695,250249
INTC,2026-09-09,10:42,105.6873,105.69,105.55,105.55,172705
INTC,2026-09-09,10:43,105.548,105.7,105.53,105.6699,141644
INTC,2026-09-09,10:44,105.665,105.99,105.66,105.795,436531
INTC,2026-09-09,10:45,105.799,105.89,105.655,105.8341,358035
INTC,2026-09-09,10:46,105.835,105.86,105.72,105.8,209088
INTC,2026-09-09,10:47,105.805,105.84,105.7027,105.8,126098
INTC,2026-09-09,10:48,105.8,105.93,105.74,105.79,149835
INTC,2026-09-09,10:49,105.79,105.89,105.7827,105.8799,107028
INTC,2026-09-09,10:50,105.87,105.945,105.795,105.8601,398724
INTC,2026-09-09,10:51,105.86,105.945,105.72,105.72,283885
INTC,2026-09-09,10:52,105.7215,105.945,105.55,105.8,328402
INTC,2026-09-09,10:53,105.806,105.82,105.591,105.62,260134
INTC,2026-09-09,10:54,105.61,105.67,105.48,105.52,201730
INTC,2026-09-09,10:55,105.54,106.135,105.53,106.115,506417
INTC,2026-09-09,10:56,106.115,106.2194,106.03,106.04,422271
INTC,2026-09-09,10:57,106.0447,106.1799,105.95,106.148,343521
INTC,2026-09-09,10:58,106.15,106.32,106.12,106.3,272733
INTC,2026-09-09,10:59,106.2965,106.315,106.1,106.1699,349821
INTC,2026-09-09,11:00,106.16,106.42,106.05,106.4,341956
INTC,2026-09-09,11:01,106.4,106.53,106.09,106.2,527046
INTC,2026-09-09,11:02,106.185,106.2499,106.035,106.035,286052
INTC,2026-09-09,11:03,106.035,106.0599,105.93,105.98,305245
INTC,2026-09-09,11:04,105.9601,106.13,105.92,106.12,222647
INTC,2026-09-09,11:05,106.11,106.1978,105.88,105.885,265858
INTC,2026-09-09,11:06,105.8805,105.95,105.65,105.6694,309334
INTC,2026-09-09,11:07,105.665,105.72,105.33,105.345,406638
INTC,2026-09-09,11:08,105.338,105.588,105.24,105.395,275663
INTC,2026-09-09,11:09,105.4019,105.44,105.17,105.2269,255612
INTC,2026-09-09,11:10,105.22,105.415,105.05,105.0651,296709
INTC,2026-09-09,11:11,105.06,105.1199,104.825,104.8901,370362
INTC,2026-09-09,11:12,104.865,105,104.8105,104.92,286862
INTC,2026-09-09,11:13,104.915,105.2478,104.905,105.02,452767
INTC,2026-09-09,11:14,105.0299,105.14,104.9501,105.1001,166044
INTC,2026-09-09,11:15,105.12,105.1795,104.96,105.08,253379
INTC,2026-09-09,11:16,105.08,105.2,104.95,105.1905,206402
INTC,2026-09-09,11:17,105.2,105.2099,104.805,104.84,374694
INTC,2026-09-09,11:18,104.84,105.15,104.78,105.07,223650
INTC,2026-09-09,11:19,105.07,105.11,104.9827,105.0386,162210
INTC,2026-09-09,11:20,105.03,105.1176,104.94,105.01,408121
INTC,2026-09-09,11:21,105.015,105.16,104.8501,105.125,246069
INTC,2026-09-09,11:22,105.13,105.1586,104.782,104.862,250464
INTC,2026-09-09,11:23,104.85,104.865,104.5,104.63,366944
INTC,2026-09-09,11:24,104.6,104.6151,104.27,104.49,417266
INTC,2026-09-09,11:25,104.4865,104.71,104.42,104.67,304306
INTC,2026-09-09,11:26,104.68,104.74,104.5401,104.635,232757
INTC,2026-09-09,11:27,104.6242,104.685,104.43,104.58,173076
INTC,2026-09-09,11:28,104.58,104.88,104.55,104.8733,221053
INTC,2026-09-09,11:29,104.885,104.972,104.77,104.89,189277
INTC,2026-09-09,11:30,104.91,104.9878,104.855,104.964,180387
INTC,2026-09-09,11:31,104.965,105.03,104.83,104.96,192303
INTC,2026-09-09,11:32,104.96,105.07,104.88,105.035,178487
INTC,2026-09-09,11:33,105.02,105.17,104.9773,105.15,175847
INTC,2026-09-09,11:34,105.19,105.35,105.05,105.335,287671
INTC,2026-09-09,11:35,105.33,105.39,105.215,105.305,280544
INTC,2026-09-09,11:36,105.295,105.4299,105.295,105.37,146736
INTC,2026-09-09,11:37,105.3601,105.39,105.15,105.1522,160599
INTC,2026-09-09,11:38,105.175,105.2129,104.89,104.94,192352
INTC,2026-09-09,11:39,104.95,105.45,104.93,105.36,326802
INTC,2026-09-09,11:40,105.35,105.515,105.1501,105.2,262206
INTC,2026-09-09,11:41,105.2,105.27,105.03,105.172,320466
INTC,2026-09-09,11:42,105.16,105.2,105.1001,105.1001,101221
INTC,2026-09-09,11:43,105.11,105.23,105.05,105.21,196386
INTC,2026-09-09,11:44,105.21,105.21,105.08,105.15,58543
INTC,2026-09-09,11:45,105.15,105.24,105,105.0701,144903
INTC,2026-09-09,11:46,105.075,105.12,104.9501,105.07,155365
INTC,2026-09-09,11:47,105.055,105.18,105.02,105.145,113581
INTC,2026-09-09,11:48,105.145,105.2,105.053,105.053,75612
INTC,2026-09-09,11:49,105.055,105.1699,105.04,105.08,98600
INTC,2026-09-09,11:50,105.09,105.37,105.09,105.345,141211
INTC,2026-09-09,11:51,105.35,105.35,105.165,105.17,148603
INTC,2026-09-09,11:52,105.18,105.28,105.18,105.2399,103431
INTC,2026-09-09,11:53,105.2214,105.36,105.2214,105.27,110393
INTC,2026-09-09,11:54,105.265,105.34,105.25,105.31,71596
INTC,2026-09-09,11:55,105.3,105.31,105.155,105.19,75721
INTC,2026-09-09,11:56,105.19,105.205,105.07,105.165,97124
INTC,2026-09-09,11:57,105.1503,105.2201,105.1,105.11,160505
INTC,2026-09-09,11:58,105.1199,105.34,105.115,105.335,124030
INTC,2026-09-09,11:59,105.335,105.45,105.325,105.435,148854
INTC,2026-09-09,12:00,105.4499,105.5,105.37,105.39,163053
INTC,2026-09-09,12:01,105.39,105.5,105.385,105.475,153316
INTC,2026-09-09,12:02,105.4799,105.58,105.36,105.5799,161153
INTC,2026-09-09,12:03,105.58,105.725,105.4806,105.6639,195987
INTC,2026-09-09,12:04,105.665,105.73,105.64,105.72,185927
INTC,2026-09-09,12:05,105.715,105.72,105.57,105.585,172531
INTC,2026-09-09,12:06,105.58,105.68,105.55,105.655,178609
INTC,2026-09-09,12:07,105.655,105.655,105.55,105.595,131045
INTC,2026-09-09,12:08,105.59,105.61,105.46,105.545,223961
INTC,2026-09-09,12:09,105.53,105.55,105.4,105.405,169074
INTC,2026-09-09,12:10,105.45,105.549,105.4,105.4899,120760
INTC,2026-09-09,12:11,105.485,105.4971,105.33,105.375,128849
INTC,2026-09-09,12:12,105.37,105.49,105.37,105.42,96651
INTC,2026-09-09,12:13,105.4001,105.48,105.36,105.3901,72735
INTC,2026-09-09,12:14,105.395,105.4,105.18,105.29,206265
INTC,2026-09-09,12:15,105.27,105.3,104.995,105.035,167753
INTC,2026-09-09,12:16,105.035,105.2,104.94,104.98,385027
INTC,2026-09-09,12:17,104.985,105.18,104.98,105.175,135431
INTC,2026-09-09,12:18,105.165,105.24,105.13,105.23,87741
INTC,2026-09-09,12:19,105.24,105.28,105.15,105.24,66723
INTC,2026-09-09,12:20,105.24,105.27,105.13,105.16,71276
INTC,2026-09-09,12:21,105.145,105.225,105.1303,105.165,130459
INTC,2026-09-09,12:22,105.19,105.19,105.11,105.135,69639
INTC,2026-09-09,12:23,105.13,105.1499,105.06,105.11,93286
INTC,2026-09-09,12:24,105.11,105.18,105.075,105.15,70939
INTC,2026-09-09,12:25,105.16,105.19,104.9201,104.98,156018
INTC,2026-09-09,12:26,104.98,105.06,104.9,105.055,124318
INTC,2026-09-09,12:27,105.04,105.15,105.04,105.05,131887
INTC,2026-09-09,12:28,105.0441,105.08,104.95,104.97,99925
INTC,2026-09-09,12:29,104.96,105.04,104.885,105.0301,167489
INTC,2026-09-09,12:30,105.03,105.29,105.0006,105.2615,259728
INTC,2026-09-09,12:31,105.27,105.5915,105.1,105.5915,314534
INTC,2026-09-09,12:32,105.5939,105.645,105.48,105.617,172150
INTC,2026-09-09,12:33,105.615,105.69,105.56,105.65,148628
INTC,2026-09-09,12:34,105.65,105.9287,105.65,105.88,403874
INTC,2026-09-09,12:35,105.88,105.9,105.855,105.89,128727
INTC,2026-09-09,12:36,105.8801,105.905,105.78,105.885,240166
INTC,2026-09-09,12:37,105.88,105.89,105.81,105.885,104799
INTC,2026-09-09,12:38,105.885,105.98,105.885,105.9687,162104
INTC,2026-09-09,12:39,105.98,106.125,105.94,106.0995,291450
INTC,2026-09-09,12:40,106.1,106.225,106.07,106.22,478673
INTC,2026-09-09,12:41,106.225,106.25,106.17,106.21,210328
INTC,2026-09-09,12:42,106.2099,106.29,106.14,106.225,261697
INTC,2026-09-09,12:43,106.22,106.285,106.07,106.255,329989
INTC,2026-09-09,12:44,106.25,106.26,106.08,106.245,326172
INTC,2026-09-09,12:45,106.245,106.36,106.18,106.185,285296
INTC,2026-09-09,12:46,106.175,106.29,106.1,106.28,231631
INTC,2026-09-09,12:47,106.285,106.295,106.0405,106.255,278642
INTC,2026-09-09,12:48,106.255,106.28,106.105,106.245,175690
INTC,2026-09-09,12:49,106.245,106.25,106.1499,106.1499,177003
INTC,2026-09-09,12:50,106.14,106.235,106.11,106.2,135301
INTC,2026-09-09,12:51,106.2039,106.2039,106.07,106.12,119671
INTC,2026-09-09,12:52,106.115,106.12,105.81,105.8595,245754
INTC,2026-09-09,12:53,105.87,105.88,105.68,105.735,106800
INTC,2026-09-09,12:54,105.7383,105.74,105.56,105.63,144149
INTC,2026-09-09,12:55,105.64,105.69,105.56,105.5815,130885
INTC,2026-09-09,12:56,105.575,105.588,105.41,105.449,160258
INTC,2026-09-09,12:57,105.445,105.62,105.43,105.61,160912
INTC,2026-09-09,12:58,105.61,105.6242,105.525,105.54,112537
INTC,2026-09-09,12:59,105.5301,105.54,105.34,105.36,242684
INTC,2026-09-09,13:00,105.3551,105.4082,105.23,105.27,140426
INTC,2026-09-09,13:01,105.26,105.27,105.1,105.2,283322
INTC,2026-09-09,13:02,105.19,105.47,105.175,105.43,358946
INTC,2026-09-09,13:03,105.43,105.45,105.35,105.35,121724
INTC,2026-09-09,13:04,105.3501,105.59,105.34,105.5773,189292
INTC,2026-09-09,13:05,105.57,105.74,105.55,105.735,272377
INTC,2026-09-09,13:06,105.735,106.03,105.69,106.025,269126
INTC,2026-09-09,13:07,106.0399,106.12,106.01,106.02,155741
INTC,2026-09-09,13:08,106.025,106.14,106.01,106.1,125337
INTC,2026-09-09,13:09,106.092,106.092,106,106.06,102321
INTC,2026-09-09,13:10,106.05,106.08,105.96,105.98,107625
INTC,2026-09-09,13:11,105.975,106.17,105.96,106.1606,196320
INTC,2026-09-09,13:12,106.1699,106.25,106.125,106.2051,175308
INTC,2026-09-09,13:13,106.2099,106.29,106.205,106.275,117600
INTC,2026-09-09,13:14,106.275,106.5,106.2601,106.45,275463
INTC,2026-09-09,13:15,106.445,106.52,106.4,106.5,227651
INTC,2026-09-09,13:16,106.505,106.51,106.335,106.505,246826
INTC,2026-09-09,13:17,106.505,106.535,106.455,106.51,124472
INTC,2026-09-09,13:18,106.515,106.69,106.46,106.515,553662
INTC,2026-09-09,13:19,106.515,106.52,106.13,106.14,371737
INTC,2026-09-09,13:20,106.14,106.155,106.01,106.045,249036
INTC,2026-09-09,13:21,106.045,106.07,105.89,105.9,230610
INTC,2026-09-09,13:22,105.9,105.91,105.8,105.85,163711
INTC,2026-09-09,13:23,105.84,105.898,105.74,105.875,162666
INTC,2026-09-09,13:24,105.875,105.8985,105.83,105.875,113242
INTC,2026-09-09,13:25,105.87,105.94,105.855,105.905,112486
INTC,2026-09-09,13:26,105.905,105.97,105.8701,105.93,109498
INTC,2026-09-09,13:27,105.935,105.94,105.86,105.86,97571
INTC,2026-09-09,13:28,105.85,105.86,105.71,105.7703,154030
INTC,2026-09-09,13:29,105.75,105.835,105.69,105.705,72726
INTC,2026-09-09,13:30,105.7006,105.71,105.565,105.6701,140430
INTC,2026-09-09,13:31,105.675,105.69,105.49,105.505,129289
INTC,2026-09-09,13:32,105.505,105.5873,105.498,105.525,80864
INTC,2026-09-09,13:33,105.52,105.7098,105.51,105.695,141604
INTC,2026-09-09,13:34,105.7101,105.7306,105.645,105.665,84249
INTC,2026-09-09,13:35,105.67,105.6999,105.645,105.6702,58172
INTC,2026-09-09,13:36,105.67,105.685,105.51,105.51,90611
INTC,2026-09-09,13:37,105.515,105.59,105.51,105.55,79992
INTC,2026-09-09,13:38,105.535,105.54,105.37,105.3902,158449
INTC,2026-09-09,13:39,105.39,105.4,105.29,105.29,100787
INTC,2026-09-09,13:40,105.3,105.42,105.285,105.3695,108405
INTC,2026-09-09,13:41,105.37,105.44,105.33,105.36,163175
INTC,2026-09-09,13:42,105.38,105.38,105.2842,105.3796,120750
INTC,2026-09-09,13:43,105.3879,105.4485,105.32,105.3694,159971
INTC,2026-09-09,13:44,105.3673,105.493,105.36,105.451,147377
INTC,2026-09-09,13:45,105.45,105.7,105.45,105.69,245356
INTC,2026-09-09,13:46,105.68,105.995,105.6701,105.9517,195361
INTC,2026-09-09,13:47,105.9501,106.07,105.87,105.91,268304
INTC,2026-09-09,13:48,105.91,106.2988,105.895,106.215,364354
INTC,2026-09-09,13:49,106.215,106.275,106.12,106.2199,286019
INTC,2026-09-09,13:50,106.215,106.22,106.16,106.17,180969
INTC,2026-09-09,13:51,106.175,106.19,106.12,106.15,281489
INTC,2026-09-09,13:52,106.1403,106.4,106.12,106.4,281021
INTC,2026-09-09,13:53,106.41,106.42,106.265,106.3423,164779
INTC,2026-09-09,13:54,106.3451,106.4095,106.3,106.395,125902
INTC,2026-09-09,13:55,106.4,106.4,106.31,106.35,217780
INTC,2026-09-09,13:56,106.3608,106.5,106.36,106.435,235580
INTC,2026-09-09,13:57,106.43,106.48,106.425,106.455,125878
INTC,2026-09-09,13:58,106.46,106.55,106.45,106.48,307042
INTC,2026-09-09,13:59,106.48,106.495,106.395,106.4206,89087
INTC,2026-09-09,14:00,106.43,106.445,106.17,106.225,371615
INTC,2026-09-09,14:01,106.225,106.2695,106.1003,106.145,193255
INTC,2026-09-09,14:02,106.1427,106.19,106.0401,106.07,121107
INTC,2026-09-09,14:03,106.075,106.09,106.01,106.0875,108816
INTC,2026-09-09,14:04,106.065,106.145,106.05,106.06,126390
INTC,2026-09-09,14:05,106.06,106.085,105.99,106.0661,127280
INTC,2026-09-09,14:06,106.06,106.07,105.92,105.99,124998
INTC,2026-09-09,14:07,105.99,106.04,105.96,105.975,62666
INTC,2026-09-09,14:08,105.985,106.02,105.95,106.0101,70103
INTC,2026-09-09,14:09,106.02,106.065,106.02,106.045,62781
INTC,2026-09-09,14:10,106.045,106.052,105.925,105.925,73799
INTC,2026-09-09,14:11,105.93,105.99,105.92,105.92,90651
INTC,2026-09-09,14:12,105.93,105.98,105.915,105.96,88359
INTC,2026-09-09,14:13,105.9551,105.9551,105.885,105.93,113645
INTC,2026-09-09,14:14,105.935,106.01,105.77,105.78,210045
INTC,2026-09-09,14:15,105.78,105.85,105.775,105.82,84214
INTC,2026-09-09,14:16,105.81,105.8195,105.72,105.74,77807
INTC,2026-09-09,14:17,105.7301,105.77,105.715,105.72,70655
INTC,2026-09-09,14:18,105.715,105.805,105.67,105.775,113168
INTC,2026-09-09,14:19,105.775,105.85,105.755,105.825,143177
INTC,2026-09-09,14:20,105.83,105.84,105.75,105.77,78144
INTC,2026-09-09,14:21,105.76,105.8,105.64,105.675,78605
INTC,2026-09-09,14:22,105.675,105.675,105.6,105.6599,68452
INTC,2026-09-09,14:23,105.65,105.75,105.65,105.665,93339
INTC,2026-09-09,14:24,105.665,105.71,105.65,105.705,73852
INTC,2026-09-09,14:25,105.7,105.725,105.669,105.705,54751
INTC,2026-09-09,14:26,105.71,105.75,105.675,105.68,77305
INTC,2026-09-09,14:27,105.6801,105.73,105.64,105.64,70546
INTC,2026-09-09,14:28,105.655,105.6699,105.59,105.625,77493
INTC,2026-09-09,14:29,105.6,105.64,105.57,105.61,68225
INTC,2026-09-09,14:30,105.605,105.67,105.57,105.67,63644
INTC,2026-09-09,14:31,105.65,105.75,105.6401,105.7402,129133
INTC,2026-09-09,14:32,105.7499,105.78,105.63,105.6814,123578
INTC,2026-09-09,14:33,105.6901,105.805,105.67,105.745,139723
INTC,2026-09-09,14:34,105.745,105.77,105.65,105.6898,108841
INTC,2026-09-09,14:35,105.68,105.8,105.68,105.78,103355
INTC,2026-09-09,14:36,105.79,105.81,105.71,105.73,62021
INTC,2026-09-09,14:37,105.725,105.735,105.68,105.7279,54430
INTC,2026-09-09,14:38,105.7294,105.755,105.71,105.725,53286
INTC,2026-09-09,14:39,105.73,105.75,105.7,105.735,70200
INTC,2026-09-09,14:40,105.735,105.785,105.7,105.72,104382
INTC,2026-09-09,14:41,105.7118,105.715,105.55,105.5801,144309
INTC,2026-09-09,14:42,105.595,105.73,105.59,105.705,99290
INTC,2026-09-09,14:43,105.705,105.8,105.7,105.78,103196
INTC,2026-09-09,14:44,105.7606,105.89,105.76,105.8406,140216
INTC,2026-09-09,14:45,105.8499,105.88,105.77,105.79,104589
INTC,2026-09-09,14:46,105.7935,105.865,105.78,105.83,73084
INTC,2026-09-09,14:47,105.8299,105.8299,105.71,105.73,89817
INTC,2026-09-09,14:48,105.73,105.795,105.72,105.795,75371
INTC,2026-09-09,14:49,105.8095,105.8095,105.715,105.7599,82116
INTC,2026-09-09,14:50,105.76,105.8,105.74,105.785,76026
INTC,2026-09-09,14:51,105.785,105.7861,105.66,105.675,132535
INTC,2026-09-09,14:52,105.6898,105.735,105.68,105.722,67465
INTC,2026-09-09,14:53,105.71,105.8,105.71,105.795,62840
INTC,2026-09-09,14:54,105.795,105.795,105.7511,105.755,60352
INTC,2026-09-09,14:55,105.755,105.7776,105.6305,105.6601,130838
INTC,2026-09-09,14:56,105.665,105.67,105.56,105.59,98190
INTC,2026-09-09,14:57,105.585,105.65,105.565,105.64,99410
INTC,2026-09-09,14:58,105.645,105.66,105.5806,105.615,78536
INTC,2026-09-09,14:59,105.625,105.71,105.62,105.65,87564
INTC,2026-09-09,15:00,105.66,105.74,105.62,105.685,79047
INTC,2026-09-09,15:01,105.68,105.79,105.6,105.7699,492612
INTC,2026-09-09,15:02,105.7699,105.8,105.71,105.7899,110639
INTC,2026-09-09,15:03,105.78,105.85,105.765,105.81,119030
INTC,2026-09-09,15:04,105.82,105.8282,105.63,105.73,954672
INTC,2026-09-09,15:05,105.72,105.825,105.7006,105.825,91680
INTC,2026-09-09,15:06,105.83,105.89,105.79,105.83,185306
INTC,2026-09-09,15:07,105.835,106.15,105.83,106.1195,314005
INTC,2026-09-09,15:08,106.11,106.24,106.11,106.18,174051
INTC,2026-09-09,15:09,106.175,106.23,106.1,106.21,144943
INTC,2026-09-09,15:10,106.215,106.225,105.945,105.975,190018
INTC,2026-09-09,15:11,105.9794,106.13,105.97,106.0901,102412
INTC,2026-09-09,15:12,106.1,106.1,106.02,106.08,68112
INTC,2026-09-09,15:13,106.085,106.105,105.99,106.06,122678
INTC,2026-09-09,15:14,106.06,106.09,106.025,106.06,68670
INTC,2026-09-09,15:15,106.06,106.276,106.05,106.265,192543
INTC,2026-09-09,15:16,106.265,106.29,106.2215,106.2701,133456
INTC,2026-09-09,15:17,106.2799,106.33,106.16,106.165,115546
INTC,2026-09-09,15:18,106.16,106.22,106.16,106.18,87005
INTC,2026-09-09,15:19,106.1827,106.26,106.14,106.1414,114053
INTC,2026-09-09,15:20,106.15,106.195,106.08,106.095,83330
INTC,2026-09-09,15:21,106.095,106.11,106.0501,106.095,82786
INTC,2026-09-09,15:22,106.08,106.1,105.95,105.965,109492
INTC,2026-09-09,15:23,105.965,106.05,105.955,106.045,130253
INTC,2026-09-09,15:24,106.04,106.09,105.94,106,136604
INTC,2026-09-09,15:25,105.99,105.9905,105.88,105.89,182094
INTC,2026-09-09,15:26,105.88,105.88,105.71,105.72,249113
INTC,2026-09-09,15:27,105.71,105.8,105.645,105.8,175960
INTC,2026-09-09,15:28,105.82,105.89,105.78,105.875,134219
INTC,2026-09-09,15:29,105.875,105.97,105.721,105.724,117798
INTC,2026-09-09,15:30,105.73,105.99,105.71,105.94,206786
INTC,2026-09-09,15:31,105.93,105.96,105.7801,105.865,100790
INTC,2026-09-09,15:32,105.86,106.1999,105.85,106.17,317422
INTC,2026-09-09,15:33,106.175,106.239,106.1202,106.16,227103
INTC,2026-09-09,15:34,106.165,106.36,106.165,106.2599,250583
INTC,2026-09-09,15:35,106.255,106.28,106.11,106.13,159609
INTC,2026-09-09,15:36,106.125,106.18,106.1,106.11,98937
INTC,2026-09-09,15:37,106.1,106.1001,105.92,105.98,163853
INTC,2026-09-09,15:38,105.97,106,105.865,105.896,147373
INTC,2026-09-09,15:39,105.9,105.98,105.88,105.905,137193
INTC,2026-09-09,15:40,105.91,105.96,105.87,105.91,97929
INTC,2026-09-09,15:41,105.9099,105.9099,105.8,105.83,113137
INTC,2026-09-09,15:42,105.825,105.95,105.825,105.91,126717
INTC,2026-09-09,15:43,105.92,105.97,105.89,105.915,157816
INTC,2026-09-09,15:44,105.915,105.935,105.815,105.845,127201
INTC,2026-09-09,15:45,105.84,105.92,105.82,105.89,335630
INTC,2026-09-09,15:46,105.89,105.9,105.835,105.86,114949
INTC,2026-09-09,15:47,105.86,105.8899,105.76,105.7801,121749
INTC,2026-09-09,15:48,105.785,106,105.785,105.8639,222100
INTC,2026-09-09,15:49,105.86,105.98,105.82,105.93,122087
INTC,2026-09-09,15:50,105.93,106.03,105.901,105.965,421625
INTC,2026-09-09,15:51,105.965,105.991,105.9,105.985,158036
INTC,2026-09-09,15:52,105.99,106.0799,105.94,106.0475,247539
INTC,2026-09-09,15:53,106.045,106.09,105.97,106.06,164112
INTC,2026-09-09,15:54,106.065,106.065,105.81,105.855,318524
INTC,2026-09-09,15:55,105.85,105.87,105.69,105.82,416519
INTC,2026-09-09,15:56,105.82,105.98,105.79,105.915,355428
INTC,2026-09-09,15:57,105.915,106,105.8999,105.96,443340
INTC,2026-09-09,15:58,105.97,106.11,105.97,106.1,741571
INTC,2026-09-09,15:59,106.1,106.27,106.075,106.23,1243526
INTC,2026-09-10,09:30,102.45,103.23,102.15,102.39,5900860
INTC,2026-09-10,09:31,102.37,102.7799,102.13,102.41,653318
INTC,2026-09-10,09:32,102.43,102.55,101.44,101.525,835400
INTC,2026-09-10,09:33,101.53,101.62,101.17,101.2645,604767
INTC,2026-09-10,09:34,101.29,101.8173,101.01,101.46,555554
INTC,2026-09-10,09:35,101.45,101.8796,101.12,101.225,584805
INTC,2026-09-10,09:36,101.225,101.83,101.08,101.375,694842
INTC,2026-09-10,09:37,101.42,101.6399,101.226,101.3197,445147
INTC,2026-09-10,09:38,101.33,101.58,101.27,101.54,382505
INTC,2026-09-10,09:39,101.54,102.12,101.45,102.1,497251
INTC,2026-09-10,09:40,102.1,102.47,102.06,102.395,432952
INTC,2026-09-10,09:41,102.405,102.6,102.0212,102.065,482051
INTC,2026-09-10,09:42,102.0689,102.34,101.902,102.035,398889
INTC,2026-09-10,09:43,102.035,102.21,101.6801,101.71,412900
INTC,2026-09-10,09:44,101.71,101.9,101.52,101.59,319164
INTC,2026-09-10,09:45,101.59,101.64,101.224,101.3,434772
INTC,2026-09-10,09:46,101.32,101.3699,100.96,101.1,820015
INTC,2026-09-10,09:47,101.13,101.38,101.07,101.26,419400
INTC,2026-09-10,09:48,101.26,101.26,100.75,100.81,527466
INTC,2026-09-10,09:49,100.8212,101.3295,100.78,101.03,613830
INTC,2026-09-10,09:50,101.0557,101.0557,100.22,100.38,877254
INTC,2026-09-10,09:51,100.3808,100.5259,99.98,100.015,972209
INTC,2026-09-10,09:52,100.01,100.23,99.961,100.1001,464139
INTC,2026-09-10,09:53,100.09,100.14,99.5705,99.692,771541
INTC,2026-09-10,09:54,99.7,99.86,99.4023,99.41,527054
INTC,2026-09-10,09:55,99.43,99.5999,99.38,99.44,535319
INTC,2026-09-10,09:56,99.44,99.71,99.34,99.69,600272
INTC,2026-09-10,09:57,99.7,99.95,99.57,99.795,497014
INTC,2026-09-10,09:58,99.7999,100.03,99.71,99.83,436958
INTC,2026-09-10,09:59,99.81,99.92,99.7227,99.84,350437
INTC,2026-09-10,10:00,99.835,100.1,99.81,99.9431,390836
INTC,2026-09-10,10:01,99.92,100.33,99.89,100.26,442471
INTC,2026-09-10,10:02,100.255,100.74,100.23,100.7,649161
INTC,2026-09-10,10:03,100.725,100.79,100.45,100.56,447348
INTC,2026-09-10,10:04,100.567,100.58,100.33,100.42,342810
INTC,2026-09-10,10:05,100.4014,100.59,100.4001,100.4382,227006
INTC,2026-09-10,10:06,100.43,100.49,100.21,100.22,294538
INTC,2026-09-10,10:07,100.2299,100.2299,99.78,99.7899,423346
INTC,2026-09-10,10:08,99.7853,100.02,99.765,99.9792,320286
INTC,2026-09-10,10:09,99.98,100.3599,99.925,100.34,311492
INTC,2026-09-10,10:10,100.36,100.4186,100.155,100.24,330991
INTC,2026-09-10,10:11,100.23,100.2486,99.97,100.06,279842
INTC,2026-09-10,10:12,100.08,100.14,99.9,99.933,282131
INTC,2026-09-10,10:13,99.975,100.16,99.9748,100.0664,258438
INTC,2026-09-10,10:14,100.0413,100.09,99.81,99.86,229689
INTC,2026-09-10,10:15,99.84,100.09,99.75,99.82,331827
INTC,2026-09-10,10:16,99.825,99.825,99.62,99.66,276600
INTC,2026-09-10,10:17,99.645,99.985,99.56,99.94,316721
INTC,2026-09-10,10:18,99.95,100.105,99.94,99.97,281926
INTC,2026-09-10,10:19,99.97,99.97,99.73,99.89,269280
INTC,2026-09-10,10:20,99.8845,100.14,99.78,100.0462,267729
INTC,2026-09-10,10:21,100.05,100.0899,99.9,100.01,207533
INTC,2026-09-10,10:22,100.01,100.29,99.84,100.23,362769
INTC,2026-09-10,10:23,100.23,100.275,100.09,100.21,274246
INTC,2026-09-10,10:24,100.21,100.68,100.12,100.48,490871
INTC,2026-09-10,10:25,100.47,100.775,100.45,100.56,521320
INTC,2026-09-10,10:26,100.5626,100.6,100.1701,100.19,331813
INTC,2026-09-10,10:27,100.185,100.32,100.105,100.14,299769
INTC,2026-09-10,10:28,100.1517,100.75,100.145,100.74,457758
INTC,2026-09-10,10:29,100.73,100.79,100.5001,100.69,363159
INTC,2026-09-10,10:30,100.67,100.86,100.64,100.8004,280905
INTC,2026-09-10,10:31,100.795,100.938,100.61,100.86,231309
INTC,2026-09-10,10:32,100.875,100.88,100.68,100.812,242886
INTC,2026-09-10,10:33,100.8,100.8,100.51,100.61,296671
INTC,2026-09-10,10:34,100.605,100.85,100.605,100.79,219634
INTC,2026-09-10,10:35,100.795,100.99,100.7828,100.9555,321847
INTC,2026-09-10,10:36,100.955,101.25,100.92,101.2315,335153
INTC,2026-09-10,10:37,101.2303,101.3,101.13,101.285,381680
INTC,2026-09-10,10:38,101.2799,101.41,101.2686,101.335,404048
INTC,2026-09-10,10:39,101.34,101.37,101.07,101.095,337864
INTC,2026-09-10,10:40,101.0994,101.17,100.9027,100.91,326489
INTC,2026-09-10,10:41,100.93,101,100.68,100.78,372255
INTC,2026-09-10,10:42,100.78,100.94,100.735,100.75,192105
INTC,2026-09-10,10:43,100.74,100.89,100.67,100.8373,179231
INTC,2026-09-10,10:44,100.86,100.94,100.81,100.87,153929
INTC,2026-09-10,10:45,100.87,101.05,100.78,100.925,315238
INTC,2026-09-10,10:46,100.93,101.0999,100.89,101.01,233968
INTC,2026-09-10,10:47,101.005,101.03,100.7243,100.73,251871
INTC,2026-09-10,10:48,100.74,100.9399,100.7055,100.9199,154651
INTC,2026-09-10,10:49,100.905,101.05,100.88,100.9564,201115
INTC,2026-09-10,10:50,100.96,100.9685,100.72,100.77,206402
INTC,2026-09-10,10:51,100.7699,100.9299,100.6701,100.9299,155287
INTC,2026-09-10,10:52,100.92,101.075,100.9027,101.02,224788
INTC,2026-09-10,10:53,101.03,101.135,101,101.105,163479
INTC,2026-09-10,10:54,101.1,101.18,101.0401,101.165,220121
INTC,2026-09-10,10:55,101.17,101.22,100.9805,100.9805,183913
INTC,2026-09-10,10:56,100.99,101.15,100.9801,101.135,150293
INTC,2026-09-10,10:57,101.13,101.335,101.08,101.295,226282
INTC,2026-09-10,10:58,101.295,101.32,101.16,101.255,396748
INTC,2026-09-10,10:59,101.255,101.45,101.22,101.4401,276065
INTC,2026-09-10,11:00,101.45,101.5,101.225,101.33,275629
INTC,2026-09-10,11:01,101.34,101.34,101.16,101.25,224471
INTC,2026-09-10,11:02,101.245,101.43,101.235,101.405,116947
INTC,2026-09-10,11:03,101.4,101.6,101.35,101.596,227509
INTC,2026-09-10,11:04,101.595,101.78,101.56,101.57,365793
INTC,2026-09-10,11:05,101.5589,101.92,101.5501,101.8702,320915
INTC,2026-09-10,11:06,101.875,102,101.77,101.94,296548
INTC,2026-09-10,11:07,101.9499,101.9499,101.71,101.74,235057
INTC,2026-09-10,11:08,101.735,101.87,101.7301,101.86,149908
INTC,2026-09-10,11:09,101.86,101.9,101.66,101.6901,228689
INTC,2026-09-10,11:10,101.713,101.9899,101.713,101.93,233119
INTC,2026-09-10,11:11,101.94,102.155,101.925,102.065,332970
INTC,2026-09-10,11:12,102.065,102.24,102.06,102.1599,296932
INTC,2026-09-10,11:13,102.155,102.215,102.01,102.165,224177
INTC,2026-09-10,11:14,102.15,102.18,102.05,102.146,191032
INTC,2026-09-10,11:15,102.155,102.2,101.85,101.915,196696
INTC,2026-09-10,11:16,101.925,101.93,101.8104,101.84,204693
INTC,2026-09-10,11:17,101.835,101.88,101.7,101.82,214024
INTC,2026-09-10,11:18,101.82,101.83,101.455,101.47,233903
INTC,2026-09-10,11:19,101.475,101.78,101.45,101.7115,284705
INTC,2026-09-10,11:20,101.715,101.7699,101.51,101.54,200125
INTC,2026-09-10,11:21,101.548,101.64,101.45,101.62,145422
INTC,2026-09-10,11:22,101.64,101.68,101.55,101.64,123191
INTC,2026-09-10,11:23,101.61,101.84,101.61,101.7397,210218
INTC,2026-09-10,11:24,101.725,101.885,101.64,101.79,212413
INTC,2026-09-10,11:25,101.7899,101.97,101.7705,101.93,169872
INTC,2026-09-10,11:26,101.92,101.93,101.72,101.77,166839
INTC,2026-09-10,11:27,101.77,101.9499,101.77,101.87,109165
INTC,2026-09-10,11:28,101.8671,101.8671,101.7301,101.78,98046
INTC,2026-09-10,11:29,101.7701,101.7952,101.68,101.72,106415
INTC,2026-09-10,11:30,101.72,101.795,101.58,101.61,150660
INTC,2026-09-10,11:31,101.61,101.67,101.55,101.5999,91741
INTC,2026-09-10,11:32,101.5933,101.66,101.4712,101.63,145490
INTC,2026-09-10,11:33,101.63,101.785,101.62,101.772,127331
INTC,2026-09-10,11:34,101.755,101.82,101.71,101.82,121063
INTC,2026-09-10,11:35,101.83,101.84,101.55,101.57,237161
INTC,2026-09-10,11:36,101.58,101.68,101.522,101.53,100141
INTC,2026-09-10,11:37,101.535,101.7,101.53,101.565,148608
INTC,2026-09-10,11:38,101.5699,101.66,101.535,101.535,92190
INTC,2026-09-10,11:39,101.535,101.5499,101.44,101.53,191340
INTC,2026-09-10,11:40,101.535,101.5399,101.3201,101.345,140325
INTC,2026-09-10,11:41,101.36,101.66,101.3401,101.6486,181700
INTC,2026-09-10,11:42,101.64,101.82,101.601,101.71,292702
INTC,2026-09-10,11:43,101.705,101.7866,101.61,101.78,96192
INTC,2026-09-10,11:44,101.77,101.92,101.75,101.8829,110995
INTC,2026-09-10,11:45,101.8801,101.92,101.8001,101.8224,165948
INTC,2026-09-10,11:46,101.8154,101.83,101.7,101.75,131375
INTC,2026-09-10,11:47,101.745,101.75,101.519,101.555,177803
INTC,2026-09-10,11:48,101.5699,101.7599,101.56,101.695,131709
INTC,2026-09-10,11:49,101.696,101.788,101.6806,101.69,79307
INTC,2026-09-10,11:50,101.69,101.78,101.59,101.6704,111561
INTC,2026-09-10,11:51,101.67,101.73,101.63,101.7,79281
INTC,2026-09-10,11:52,101.665,101.8,101.655,101.7,95440
INTC,2026-09-10,11:53,101.67,101.75,101.6301,101.75,91045
INTC,2026-09-10,11:54,101.745,101.84,101.715,101.795,184353
INTC,2026-09-10,11:55,101.81,101.89,101.645,101.735,300763
INTC,2026-09-10,11:56,101.72,101.72,101.44,101.555,167976
INTC,2026-09-10,11:57,101.555,101.725,101.5315,101.72,94377
INTC,2026-09-10,11:58,101.71,101.825,101.6738,101.78,129142
INTC,2026-09-10,11:59,101.8,101.925,101.7505,101.8001,160488
INTC,2026-09-10,12:00,101.81,101.88,101.7701,101.8273,87237
INTC,2026-09-10,12:01,101.83,101.855,101.745,101.76,112603
INTC,2026-09-10,12:02,101.765,101.8,101.68,101.71,74741
INTC,2026-09-10,12:03,101.7,101.7283,101.575,101.61,114886
INTC,2026-09-10,12:04,101.6101,101.6499,101.485,101.52,108778
INTC,2026-09-10,12:05,101.52,101.681,101.51,101.6326,89649
INTC,2026-09-10,12:06,101.63,101.67,101.5305,101.54,86830
INTC,2026-09-10,12:07,101.535,101.5599,101.355,101.37,146849
INTC,2026-09-10,12:08,101.38,101.4197,101.23,101.3001,173751
INTC,2026-09-10,12:09,101.3099,101.32,101.14,101.155,234330
INTC,2026-09-10,12:10,101.1506,101.33,101.15,101.22,128869
INTC,2026-09-10,12:11,101.215,101.23,100.9,100.91,303967
INTC,2026-09-10,12:12,100.915,100.9297,100.82,100.9006,253728
INTC,2026-09-10,12:13,100.91,101.04,100.91,100.96,162760
INTC,2026-09-10,12:14,100.96,101.065,100.92,100.9601,144499
INTC,2026-09-10,12:15,100.9615,101.18,100.9615,101.1666,190341
INTC,2026-09-10,12:16,101.145,101.19,101,101.0338,136468
INTC,2026-09-10,12:17,101.0393,101.0485,100.87,100.8899,143322
INTC,2026-09-10,12:18,100.88,100.9391,100.75,100.7999,220759
INTC,2026-09-10,12:19,100.8,100.95,100.791,100.91,113853
INTC,2026-09-10,12:20,100.91,101.075,100.91,101.0378,140537
INTC,2026-09-10,12:21,101.035,101.09,100.93,100.9501,96040
INTC,2026-09-10,12:22,100.955,101.0524,100.955,101.005,74824
INTC,2026-09-10,12:23,101,101.065,100.955,101.02,98488
INTC,2026-09-10,12:24,101.01,101.065,100.985,101.005,42021
INTC,2026-09-10,12:25,100.995,101.025,100.915,100.945,98133
INTC,2026-09-10,12:26,100.94,100.95,100.82,100.825,93482
INTC,2026-09-10,12:27,100.83,100.91,100.82,100.855,110010
INTC,2026-09-10,12:28,100.84,100.93,100.8314,100.8977,107419
INTC,2026-09-10,12:29,100.9,100.985,100.855,100.98,109030
INTC,2026-09-10,12:30,100.965,101.1493,100.965,101.07,113200
INTC,2026-09-10,12:31,101.06,101.1299,101,101.02,85926
INTC,2026-09-10,12:32,101.015,101.077,100.96,100.9899,79946
INTC,2026-09-10,12:33,100.985,101.12,100.92,101,177988
INTC,2026-09-10,12:34,101,101,100.71,100.81,352996
INTC,2026-09-10,12:35,100.79,100.7976,100.59,100.7662,201816
INTC,2026-09-10,12:36,100.76,100.9,100.76,100.88,111549
INTC,2026-09-10,12:37,100.9,100.9582,100.85,100.89,100464
INTC,2026-09-10,12:38,100.89,100.99,100.84,100.89,64424
INTC,2026-09-10,12:39,100.885,100.9297,100.82,100.885,59891
INTC,2026-09-10,12:40,100.89,101.0346,100.89,101.02,84583
INTC,2026-09-10,12:41,101.005,101.1299,100.95,101.1,130984
INTC,2026-09-10,12:42,101.11,101.15,101.015,101.0862,83203
INTC,2026-09-10,12:43,101.06,101.09,101.01,101.03,59120
INTC,2026-09-10,12:44,101.0351,101.11,100.96,101.085,195013
INTC,2026-09-10,12:45,101.1,101.254,101.1,101.21,144292
INTC,2026-09-10,12:46,101.22,101.34,101.1789,101.32,216886
INTC,2026-09-10,12:47,101.32,101.33,101.1701,101.185,138216
INTC,2026-09-10,12:48,101.1999,101.2199,101.15,101.1876,72230
INTC,2026-09-10,12:49,101.18,101.2,101.0901,101.1699,69176
INTC,2026-09-10,12:50,101.18,101.22,100.95,101.04,274979
INTC,2026-09-10,12:51,101.0499,101.115,101.03,101.0501,77598
INTC,2026-09-10,12:52,101.055,101.2,101.0501,101.1648,67261
INTC,2026-09-10,12:53,101.18,101.2424,101.1606,101.21,72106
INTC,2026-09-10,12:54,101.205,101.3,101.19,101.3,80461
INTC,2026-09-10,12:55,101.295,101.33,101.24,101.295,76418
INTC,2026-09-10,12:56,101.295,101.3099,101.2501,101.2694,55203
INTC,2026-09-10,12:57,101.27,101.32,101.2,101.2466,98019
INTC,2026-09-10,12:58,101.245,101.329,101.245,101.2801,57802
INTC,2026-09-10,12:59,101.29,101.29,101.185,101.22,88577
INTC,2026-09-10,13:00,101.24,101.34,101.17,101.34,102778
INTC,2026-09-10,13:01,101.34,101.4,101.23,101.325,163546
INTC,2026-09-10,13:02,101.31,101.58,101.3,101.4002,265006
INTC,2026-09-10,13:03,101.4,101.41,101.25,101.258,105422
INTC,2026-09-10,13:04,101.265,101.3757,101.265,101.36,71143
INTC,2026-09-10,13:05,101.37,101.431,101.33,101.4106,95254
INTC,2026-09-10,13:06,101.405,101.4946,101.34,101.445,121793
INTC,2026-09-10,13:07,101.43,101.55,101.39,101.53,96066
INTC,2026-09-10,13:08,101.52,101.5601,101.45,101.49,99899
INTC,2026-09-10,13:09,101.49,101.525,101.47,101.477,69440
INTC,2026-09-10,13:10,101.46,101.585,101.46,101.555,99593
INTC,2026-09-10,13:11,101.545,101.55,101.465,101.515,81526
INTC,2026-09-10,13:12,101.515,101.5199,101.47,101.48,66958
INTC,2026-09-10,13:13,101.4801,101.4899,101.32,101.33,138282
INTC,2026-09-10,13:14,101.3267,101.34,101.21,101.22,136963
INTC,2026-09-10,13:15,101.2299,101.3099,101.21,101.235,86245
INTC,2026-09-10,13:16,101.25,101.35,101.24,101.33,57652
INTC,2026-09-10,13:17,101.34,101.345,101.28,101.315,61983
INTC,2026-09-10,13:18,101.32,101.4,101.31,101.365,68667
INTC,2026-09-10,13:19,101.37,101.3799,101.29,101.325,72481
INTC,2026-09-10,13:20,101.3299,101.33,101.25,101.275,55277
INTC,2026-09-10,13:21,101.26,101.2799,101.175,101.2099,67788
INTC,2026-09-10,13:22,101.195,101.25,101.195,101.23,51273
INTC,2026-09-10,13:23,101.23,101.25,101.19,101.23,42438
INTC,2026-09-10,13:24,101.23,101.27,101.2,101.2308,54884
INTC,2026-09-10,13:25,101.236,101.27,101.1406,101.1406,89619
INTC,2026-09-10,13:26,101.1451,101.25,101.14,101.2489,78822
INTC,2026-09-10,13:27,101.245,101.2972,101.24,101.28,68771
INTC,2026-09-10,13:28,101.2894,101.35,101.265,101.345,90390
INTC,2026-09-10,13:29,101.35,101.37,101.32,101.35,59034
INTC,2026-09-10,13:30,101.34,101.39,101.2722,101.3799,77709
INTC,2026-09-10,13:31,101.375,101.51,101.37,101.5,96547
INTC,2026-09-10,13:32,101.52,101.56,101.42,101.4399,109258
INTC,2026-09-10,13:33,101.435,101.44,101.3584,101.38,49000
INTC,2026-09-10,13:34,101.385,101.41,101.29,101.3499,70505
INTC,2026-09-10,13:35,101.34,101.406,101.3225,101.406,64688
INTC,2026-09-10,13:36,101.41,101.44,101.3301,101.34,63909
INTC,2026-09-10,13:37,101.35,101.36,101.295,101.295,79896
INTC,2026-09-10,13:38,101.3,101.32,101.245,101.285,57708
INTC,2026-09-10,13:39,101.28,101.2898,101.2,101.24,73866
INTC,2026-09-10,13:40,101.23,101.27,101.14,101.18,167358
INTC,2026-09-10,13:41,101.185,101.225,101.1531,101.205,48677
INTC,2026-09-10,13:42,101.19,101.2299,101.17,101.2201,45874
INTC,2026-09-10,13:43,101.23,101.285,101.225,101.27,56122
INTC,2026-09-10,13:44,101.27,101.33,101.235,101.29,56436
INTC,2026-09-10,13:45,101.2981,101.315,101.185,101.23,65864
INTC,2026-09-10,13:46,101.23,101.25,101.13,101.14,55639
INTC,2026-09-10,13:47,101.1401,101.1966,101.06,101.07,80551
INTC,2026-09-10,13:48,101.08,101.17,101.0701,101.155,57424
INTC,2026-09-10,13:49,101.16,101.17,101.09,101.1199,46257
INTC,2026-09-10,13:50,101.12,101.135,101.04,101.07,70693
INTC,2026-09-10,13:51,101.075,101.09,101.03,101.075,58003
INTC,2026-09-10,13:52,101.09,101.115,101,101.01,100133
INTC,2026-09-10,13:53,101.01,101.07,100.95,101.07,127190
INTC,2026-09-10,13:54,101.0799,101.09,101.0412,101.08,51973
INTC,2026-09-10,13:55,101.085,101.09,101.0001,101.03,84338
INTC,2026-09-10,13:56,101.04,101.09,101,101.0001,186216
INTC,2026-09-10,13:57,100.995,101.105,100.995,101.0765,64393
INTC,2026-09-10,13:58,101.085,101.24,101.085,101.2299,108951
INTC,2026-09-10,13:59,101.23,101.305,101.23,101.24,112683
INTC,2026-09-10,14:00,101.235,101.42,101.23,101.4105,84950
INTC,2026-09-10,14:01,101.415,101.46,101.302,101.305,150252
INTC,2026-09-10,14:02,101.3182,101.32,101.18,101.21,114250
INTC,2026-09-10,14:03,101.2,101.2,101.07,101.0996,82813
INTC,2026-09-10,14:04,101.089,101.2,101.089,101.17,111225
INTC,2026-09-10,14:05,101.17,101.26,101.15,101.225,77002
INTC,2026-09-10,14:06,101.21,101.21,101.12,101.155,104662
INTC,2026-09-10,14:07,101.16,101.2503,101.15,101.2,101728
INTC,2026-09-10,14:08,101.21,101.23,101.11,101.12,68922
INTC,2026-09-10,14:09,101.12,101.1285,100.89,100.93,137762
INTC,2026-09-10,14:10,100.92,100.94,100.85,100.9199,81958
INTC,2026-09-10,14:11,100.93,101.0799,100.93,101.06,110515
INTC,2026-09-10,14:12,101.07,101.1481,101.0201,101.14,71287
INTC,2026-09-10,14:13,101.14,101.1999,101.13,101.1897,76543
INTC,2026-09-10,14:14,101.19,101.2499,101.18,101.24,98882
INTC,2026-09-10,14:15,101.24,101.27,101.18,101.24,79395
INTC,2026-09-10,14:16,101.23,101.3,101.1701,101.1885,97386
INTC,2026-09-10,14:17,101.185,101.235,101.165,101.1699,50694
INTC,2026-09-10,14:18,101.17,101.19,101.01,101.0936,174100
INTC,2026-09-10,14:19,101.11,101.18,101.1066,101.17,100004
INTC,2026-09-10,14:20,101.19,101.3,101.16,101.225,87016
INTC,2026-09-10,14:21,101.225,101.24,101.1325,101.14,50287
INTC,2026-09-10,14:22,101.14,101.255,101.14,101.19,86648
INTC,2026-09-10,14:23,101.18,101.215,101.13,101.15,69677
INTC,2026-09-10,14:24,101.155,101.1899,101.05,101.0529,171412
INTC,2026-09-10,14:25,101.085,101.15,101,101.035,110267
INTC,2026-09-10,14:26,101.03,101.09,100.95,100.955,131933
INTC,2026-09-10,14:27,100.96,101.0999,100.956,101.06,90350
INTC,2026-09-10,14:28,101.07,101.25,101.05,101.2401,236042
INTC,2026-09-10,14:29,101.2403,101.3,101.24,101.27,117779
INTC,2026-09-10,14:30,101.2873,101.32,101.1801,101.295,239217
INTC,2026-09-10,14:31,101.2861,101.36,101.19,101.23,122496
INTC,2026-09-10,14:32,101.23,101.3099,101.21,101.28,48914
INTC,2026-09-10,14:33,101.28,101.31,101.22,101.2233,56501
INTC,2026-09-10,14:34,101.23,101.23,101.11,101.2,85968
INTC,2026-09-10,14:35,101.1987,101.25,101.17,101.2494,41049
INTC,2026-09-10,14:36,101.24,101.29,101.21,101.27,55514
INTC,2026-09-10,14:37,101.28,101.32,101.26,101.3,72809
INTC,2026-09-10,14:38,101.3,101.37,101.26,101.35,68290
INTC,2026-09-10,14:39,101.35,101.41,101.34,101.395,70037
INTC,2026-09-10,14:40,101.39,101.39,101.3201,101.3201,87710
INTC,2026-09-10,14:41,101.325,101.3962,101.28,101.28,102315
INTC,2026-09-10,14:42,101.29,101.32,101.2834,101.31,45415
INTC,2026-09-10,14:43,101.3,101.3893,101.29,101.356,51305
INTC,2026-09-10,14:44,101.345,101.3999,101.335,101.36,53898
INTC,2026-09-10,14:45,101.36,101.42,101.33,101.37,60329
INTC,2026-09-10,14:46,101.37,101.3728,101.2701,101.275,69339
INTC,2026-09-10,14:47,101.2699,101.31,101.2,101.21,109096
INTC,2026-09-10,14:48,101.2173,101.225,101.11,101.16,75169
INTC,2026-09-10,14:49,101.165,101.365,101.145,101.245,180369
INTC,2026-09-10,14:50,101.24,101.3194,101.145,101.28,104191
INTC,2026-09-10,14:51,101.285,101.435,101.22,101.39,101021
INTC,2026-09-10,14:52,101.38,101.41,101.305,101.385,77470
INTC,2026-09-10,14:53,101.38,101.4699,101.37,101.4699,82983
INTC,2026-09-10,14:54,101.465,101.48,101.31,101.35,124392
INTC,2026-09-10,14:55,101.34,101.43,101.34,101.41,78601
INTC,2026-09-10,14:56,101.4,101.4399,101.38,101.39,85569
INTC,2026-09-10,14:57,101.39,101.42,101.31,101.3201,63933
INTC,2026-09-10,14:58,101.325,101.3294,101.265,101.31,82243
INTC,2026-09-10,14:59,101.305,101.36,101.295,101.295,91333
INTC,2026-09-10,15:00,101.29,101.42,101.265,101.335,124935
INTC,2026-09-10,15:01,101.325,101.35,100.98,100.9914,179209
INTC,2026-09-10,15:02,101.0062,101.08,100.905,100.905,189540
INTC,2026-09-10,15:03,100.905,101.095,100.87,101.055,195455
INTC,2026-09-10,15:04,101.05,101.1099,100.955,100.96,203906
INTC,2026-09-10,15:05,100.96,101.02,100.95,100.99,68448
INTC,2026-09-10,15:06,100.99,101.04,100.94,100.945,88246
INTC,2026-09-10,15:07,100.9451,101.005,100.83,100.86,127249
INTC,2026-09-10,15:08,100.8799,100.915,100.8201,100.825,103525
INTC,2026-09-10,15:09,100.825,100.9856,100.825,100.975,166050
INTC,2026-09-10,15:10,100.975,101.005,100.85,100.885,126727
INTC,2026-09-10,15:11,100.88,100.8901,100.76,100.7901,152184
INTC,2026-09-10,15:12,100.79,100.81,100.69,100.765,173299
INTC,2026-09-10,15:13,100.7601,100.84,100.75,100.785,88390
INTC,2026-09-10,15:14,100.771,100.935,100.771,100.93,131091
INTC,2026-09-10,15:15,100.93,101.115,100.91,101.035,177525
INTC,2026-09-10,15:16,101.02,101.025,100.89,100.9,103303
INTC,2026-09-10,15:17,100.9,100.96,100.85,100.86,82985
INTC,2026-09-10,15:18,100.86,100.91,100.79,100.91,112311
INTC,2026-09-10,15:19,100.906,100.91,100.86,100.905,66247
INTC,2026-09-10,15:20,100.905,101,100.88,100.92,125261
INTC,2026-09-10,15:21,100.9299,100.965,100.9,100.95,79056
INTC,2026-09-10,15:22,100.96,101.03,100.95,100.985,154604
INTC,2026-09-10,15:23,100.99,101.01,100.925,101,81659
INTC,2026-09-10,15:24,100.99,101.0799,100.97,101.04,102795
INTC,2026-09-10,15:25,101.05,101.08,101.025,101.05,117619
INTC,2026-09-10,15:26,101.04,101.14,101.02,101.125,128265
INTC,2026-09-10,15:27,101.1299,101.205,101.11,101.205,125828
INTC,2026-09-10,15:28,101.2,101.27,101.14,101.23,149858
INTC,2026-09-10,15:29,101.23,101.265,101.17,101.17,162945
INTC,2026-09-10,15:30,101.17,101.2,101.03,101.08,262188
INTC,2026-09-10,15:31,101.075,101.075,100.96,101.015,180942
INTC,2026-09-10,15:32,101.015,101.04,100.945,101,113111
INTC,2026-09-10,15:33,101.005,101.105,101.005,101.105,83354
INTC,2026-09-10,15:34,101.1,101.15,101.04,101.0699,112671
INTC,2026-09-10,15:35,101.055,101.06,100.92,100.96,163127
INTC,2026-09-10,15:36,100.96,101.0299,100.92,100.975,82291
INTC,2026-09-10,15:37,100.975,100.98,100.9,100.97,73403
INTC,2026-09-10,15:38,100.96,101.04,100.8901,100.96,213096
INTC,2026-09-10,15:39,100.96,100.9993,100.9,100.9698,128886
INTC,2026-09-10,15:40,100.97,101.0498,100.905,100.945,132418
INTC,2026-09-10,15:41,100.9401,100.98,100.85,100.92,130333
INTC,2026-09-10,15:42,100.92,100.97,100.89,100.955,77398
INTC,2026-09-10,15:43,100.9599,101,100.9,100.935,122939
INTC,2026-09-10,15:44,100.935,101.04,100.87,100.88,233350
INTC,2026-09-10,15:45,100.88,101.02,100.875,100.985,171817
INTC,2026-09-10,15:46,100.985,101.055,100.97,101.0194,135651
INTC,2026-09-10,15:47,101.0199,101.05,100.9706,101.02,103803
INTC,2026-09-10,15:48,101.025,101.15,101.01,101.09,161838
INTC,2026-09-10,15:49,101.1,101.15,101.07,101.1,151102
INTC,2026-09-10,15:50,101.1,101.1,100.71,100.8,423353
INTC,2026-09-10,15:51,100.805,100.84,100.65,100.76,340839
INTC,2026-09-10,15:52,100.755,100.765,100.63,100.65,275841
INTC,2026-09-10,15:53,100.65,100.735,100.58,100.695,380634
INTC,2026-09-10,15:54,100.69,100.73,100.56,100.6501,533545
INTC,2026-09-10,15:55,100.64,100.74,100.44,100.515,660409
INTC,2026-09-10,15:56,100.51,100.52,100.31,100.3306,400083
INTC,2026-09-10,15:57,100.332,100.495,100.25,100.408,449496
INTC,2026-09-10,15:58,100.4,100.4198,100.32,100.37,394134
INTC,2026-09-10,15:59,100.365,100.39,100.25,100.28,1169269
INTC,2026-09-10,16:00,100.32,100.32,100.32,100.32,0
INTC,2026-09-11,09:30,102.47,102.53,101.08,102.25,5817963
INTC,2026-09-11,09:31,102.21,102.3217,101.8,102.09,547008
INTC,2026-09-11,09:32,102.04,102.8899,101.85,102.8676,557775
INTC,2026-09-11,09:33,102.8617,103.14,102.7,102.9191,594966
INTC,2026-09-11,09:34,102.895,103.01,102.6401,102.87,377578
INTC,2026-09-11,09:35,102.88,102.95,102.2167,102.395,489041
INTC,2026-09-11,09:36,102.4095,102.4099,101.145,101.64,596622
INTC,2026-09-11,09:37,101.6,102.13,101.34,102.09,444172
INTC,2026-09-11,09:38,102.125,102.85,101.9801,102.84,481943
INTC,2026-09-11,09:39,102.835,103.56,102.76,103.55,593792
INTC,2026-09-11,09:40,103.56,103.76,103.25,103.61,728968
INTC,2026-09-11,09:41,103.65,104.02,103.5,103.9085,782261
INTC,2026-09-11,09:42,103.925,104.06,103.75,103.96,399922
INTC,2026-09-11,09:43,103.97,104.07,103.731,103.75,500135
INTC,2026-09-11,09:44,103.7401,104.02,103.67,103.815,360795
INTC,2026-09-11,09:45,103.825,103.84,103.06,103.67,752742
INTC,2026-09-11,09:46,103.68,104.65,103.64,104.31,919689
INTC,2026-09-11,09:47,104.2793,104.46,103.98,104.27,518009
INTC,2026-09-11,09:48,104.21,104.39,103.882,103.96,557964
INTC,2026-09-11,09:49,103.96,104.39,103.9,104.34,380716
INTC,2026-09-11,09:50,104.34,104.6796,104.31,104.525,390796
INTC,2026-09-11,09:51,104.525,104.63,104.02,104.13,514318
INTC,2026-09-11,09:52,104.13,104.25,103.84,103.96,365722
INTC,2026-09-11,09:53,103.955,104.18,103.71,104.1528,471043
INTC,2026-09-11,09:54,104.16,104.4332,104.12,104.33,396793
INTC,2026-09-11,09:55,104.325,104.4,104.1401,104.244,225240
INTC,2026-09-11,09:56,104.245,104.57,104.22,104.445,297007
INTC,2026-09-11,09:57,104.41,104.41,104.07,104.215,250388
INTC,2026-09-11,09:58,104.22,104.53,104.2,104.5,216071
INTC,2026-09-11,09:59,104.51,104.65,104.37,104.5401,355624
INTC,2026-09-11,10:00,104.53,104.6,104.15,104.56,364242
INTC,2026-09-11,10:01,104.57,104.9,104.3112,104.368,469811
INTC,2026-09-11,10:02,104.36,104.525,104.2705,104.525,265246
INTC,2026-09-11,10:03,104.52,104.52,104.2,104.24,244054
INTC,2026-09-11,10:04,104.25,104.3,103.92,104.01,331740
INTC,2026-09-11,10:05,104.015,104.39,103.995,104.13,328014
INTC,2026-09-11,10:06,104.14,104.185,103.15,103.1526,629020
INTC,2026-09-11,10:07,103.1599,103.19,102.68,102.775,675527
INTC,2026-09-11,10:08,102.77,102.8131,102.4505,102.6,624911
INTC,2026-09-11,10:09,102.6095,103.0495,102.45,103.03,456280
INTC,2026-09-11,10:10,103.045,103.445,102.98,103.405,424578
INTC,2026-09-11,10:11,103.41,103.55,103.19,103.52,297317
INTC,2026-09-11,10:12,103.52,103.52,103.17,103.3,259431
INTC,2026-09-11,10:13,103.31,103.31,102.9,103.03,277112
INTC,2026-09-11,10:14,103.04,103.2,102.91,103.18,170277
INTC,2026-09-11,10:15,103.19,103.49,103.18,103.4511,257754
INTC,2026-09-11,10:16,103.455,103.455,103.15,103.1799,154608
INTC,2026-09-11,10:17,103.175,103.2822,103.0707,103.18,192145
INTC,2026-09-11,10:18,103.14,103.58,103.05,103.5773,231028
INTC,2026-09-11,10:19,103.56,103.82,103.48,103.78,301860
INTC,2026-09-11,10:20,103.8,104.09,103.73,104.0574,244412
INTC,2026-09-11,10:21,104.0514,104.12,103.8604,103.87,270084
INTC,2026-09-11,10:22,103.8767,103.88,103.57,103.75,282487
INTC,2026-09-11,10:23,103.74,103.78,103.41,103.435,238336
INTC,2026-09-11,10:24,103.435,103.67,103.435,103.59,236648
INTC,2026-09-11,10:25,103.59,103.82,103.57,103.795,196348
INTC,2026-09-11,10:26,103.795,103.9601,103.74,103.945,195755
INTC,2026-09-11,10:27,103.94,104.02,103.8001,103.835,212122
INTC,2026-09-11,10:28,103.829,103.88,103.7505,103.8129,108790
INTC,2026-09-11,10:29,103.82,103.92,103.75,103.81,151944
INTC,2026-09-11,10:30,103.82,103.93,103.75,103.8299,150708
INTC,2026-09-11,10:31,103.81,103.8695,103.53,103.57,148770
INTC,2026-09-11,10:32,103.565,103.57,103.37,103.3799,174270
INTC,2026-09-11,10:33,103.36,103.56,103.34,103.495,207346
INTC,2026-09-11,10:34,103.495,103.5491,103.41,103.4408,147098
INTC,2026-09-11,10:35,103.45,103.45,103.22,103.305,217966
INTC,2026-09-11,10:36,103.29,103.3199,103.14,103.2405,162739
INTC,2026-09-11,10:37,103.24,103.37,103.2228,103.2915,105655
INTC,2026-09-11,10:38,103.285,103.34,103.07,103.23,181055
INTC,2026-09-11,10:39,103.23,103.42,103.22,103.36,185639
INTC,2026-09-11,10:40,103.365,103.52,103.32,103.379,261013
INTC,2026-09-11,10:41,103.39,103.5,103.35,103.44,145059
INTC,2026-09-11,10:42,103.45,103.462,103.36,103.39,109324
INTC,2026-09-11,10:43,103.39,103.44,103.155,103.1699,198287
INTC,2026-09-11,10:44,103.155,103.2699,103.15,103.1858,119347
INTC,2026-09-11,10:45,103.18,103.3599,103.11,103.305,199617
INTC,2026-09-11,10:46,103.3,103.31,102.8549,102.9,217464
INTC,2026-09-11,10:47,102.89,103.01,102.85,102.9399,128153
INTC,2026-09-11,10:48,102.935,103.285,102.88,103.1797,274078
INTC,2026-09-11,10:49,103.1601,103.23,103.09,103.215,230052
INTC,2026-09-11,10:50,103.23,103.23,103.045,103.15,110306
INTC,2026-09-11,10:51,103.135,103.135,102.85,102.89,212008
INTC,2026-09-11,10:52,102.91,103.04,102.895,102.95,173533
INTC,2026-09-11,10:53,102.925,102.935,102.8,102.8,191137
INTC,2026-09-11,10:54,102.8,102.8799,102.77,102.86,150345
INTC,2026-09-11,10:55,102.8203,102.85,102.56,102.63,203664
INTC,2026-09-11,10:56,102.63,102.66,102.53,102.62,164399
INTC,2026-09-11,10:57,102.638,102.9096,102.61,102.88,196163
INTC,2026-09-11,10:58,102.89,103.1068,102.88,103.025,245389
INTC,2026-09-11,10:59,103.02,103.0699,102.985,103.02,146111
INTC,2026-09-11,11:00,103.0101,103.2,102.97,103.1711,245275
INTC,2026-09-11,11:01,103.18,103.19,103.04,103.17,150436
INTC,2026-09-11,11:02,103.1615,103.18,103.11,103.15,127361
INTC,2026-09-11,11:03,103.15,103.15,102.93,103.03,171938
INTC,2026-09-11,11:04,103.04,103.0999,102.96,103.09,129871
INTC,2026-09-11,11:05,103.08,103.32,103.0107,103.285,184063
INTC,2026-09-11,11:06,103.27,103.3499,103.1846,103.3,167621
INTC,2026-09-11,11:07,103.3,103.38,103.21,103.25,155846
INTC,2026-09-11,11:08,103.24,103.29,103.18,103.24,90962
INTC,2026-09-11,11:09,103.24,103.29,103.175,103.27,88533
INTC,2026-09-11,11:10,103.27,103.4601,103.27,103.3695,193626
INTC,2026-09-11,11:11,103.362,103.49,103.26,103.41,165330
INTC,2026-09-11,11:12,103.41,103.41,103.05,103.1,150117
INTC,2026-09-11,11:13,103.09,103.1,102.8201,102.94,259095
INTC,2026-09-11,11:14,102.945,102.95,102.84,102.925,113547
INTC,2026-09-11,11:15,102.94,103.2899,102.94,103.2699,297825
INTC,2026-09-11,11:16,103.25,103.45,103.24,103.45,153131
INTC,2026-09-11,11:17,103.445,103.4499,103.24,103.25,133234
INTC,2026-09-11,11:18,103.25,103.255,103.04,103.055,127736
INTC,2026-09-11,11:19,103.055,103.21,103.0501,103.17,89452
INTC,2026-09-11,11:20,103.18,103.2,103.12,103.12,83506
INTC,2026-09-11,11:21,103.12,103.2498,103.11,103.17,70821
INTC,2026-09-11,11:22,103.1884,103.47,103.1884,103.4564,177693
INTC,2026-09-11,11:23,103.4401,103.46,103.33,103.4,92869
INTC,2026-09-11,11:24,103.43,103.65,103.39,103.65,194303
INTC,2026-09-11,11:25,103.6456,103.77,103.6456,103.72,228130
INTC,2026-09-11,11:26,103.72,103.8184,103.7,103.75,152217
INTC,2026-09-11,11:27,103.75,103.79,103.7,103.775,141119
INTC,2026-09-11,11:28,103.77,103.77,103.53,103.575,188719
INTC,2026-09-11,11:29,103.585,103.61,103.5,103.56,157483
INTC,2026-09-11,11:30,103.55,103.6301,103.53,103.6,106400
INTC,2026-09-11,11:31,103.6,103.635,103.45,103.5506,127848
INTC,2026-09-11,11:32,103.5596,103.68,103.52,103.62,125688
INTC,2026-09-11,11:33,103.62,103.658,103.545,103.565,91337
INTC,2026-09-11,11:34,103.57,103.64,103.56,103.615,88104
INTC,2026-09-11,11:35,103.62,103.63,103.52,103.56,101858
INTC,2026-09-11,11:36,103.55,103.59,103.46,103.49,124902
INTC,2026-09-11,11:37,103.495,103.575,103.48,103.5153,90637
INTC,2026-09-11,11:38,103.52,103.555,103.425,103.51,150163
INTC,2026-09-11,11:39,103.51,103.7,103.51,103.64,209924
INTC,2026-09-11,11:40,103.66,103.66,103.5799,103.605,64849
INTC,2026-09-11,11:41,103.62,103.635,103.57,103.6,97896
INTC,2026-09-11,11:42,103.62,103.695,103.62,103.67,82977
INTC,2026-09-11,11:43,103.685,103.8486,103.68,103.795,178015
INTC,2026-09-11,11:44,103.795,103.83,103.655,103.72,150927
INTC,2026-09-11,11:45,103.7101,103.74,103.45,103.475,209824
INTC,2026-09-11,11:46,103.48,103.72,103.48,103.7029,127748
INTC,2026-09-11,11:47,103.706,103.83,103.706,103.775,125312
INTC,2026-09-11,11:48,103.77,103.775,103.69,103.7199,81457
INTC,2026-09-11,11:49,103.73,103.82,103.7299,103.7914,76890
INTC,2026-09-11,11:50,103.7999,103.81,103.705,103.78,84562
INTC,2026-09-11,11:51,103.765,103.78,103.7,103.735,57428
INTC,2026-09-11,11:52,103.72,103.734,103.56,103.59,210372
INTC,2026-09-11,11:53,103.61,103.62,103.52,103.59,127142
INTC,2026-09-11,11:54,103.5801,103.5803,103.44,103.52,145610
INTC,2026-09-11,11:55,103.5272,103.58,103.46,103.46,71472
INTC,2026-09-11,11:56,103.4417,103.545,103.42,103.53,101728
INTC,2026-09-11,11:57,103.525,103.64,103.525,103.59,84219
INTC,2026-09-11,11:58,103.59,103.6599,103.58,103.625,67272
INTC,2026-09-11,11:59,103.62,103.64,103.4,103.45,121916
INTC,2026-09-11,12:00,103.4599,103.49,103.41,103.46,82682
INTC,2026-09-11,12:01,103.455,103.56,103.455,103.555,58287
INTC,2026-09-11,12:02,103.545,103.5899,103.51,103.5702,70559
INTC,2026-09-11,12:03,103.5704,103.5784,103.34,103.34,109338
INTC,2026-09-11,12:04,103.34,103.395,103.3106,103.3795,95604
INTC,2026-09-11,12:05,103.38,103.4299,103.355,103.385,93313
INTC,2026-09-11,12:06,103.39,103.415,103.375,103.39,59160
INTC,2026-09-11,12:07,103.37,103.39,103.25,103.2978,104250
INTC,2026-09-11,12:08,103.285,103.285,103.09,103.09,154773
INTC,2026-09-11,12:09,103.09,103.3,103.0804,103.3,137286
INTC,2026-09-11,12:10,103.3,103.6,103.29,103.52,315172
INTC,2026-09-11,12:11,103.53,103.67,103.48,103.5705,250886
INTC,2026-09-11,12:12,103.57,103.61,103.4,103.61,205213
INTC,2026-09-11,12:13,103.594,103.75,103.52,103.655,202263
INTC,2026-09-11,12:14,103.64,103.71,103.495,103.55,240828
INTC,2026-09-11,12:15,103.5499,103.56,103.365,103.4099,158906
INTC,2026-09-11,12:16,103.4,103.41,103.2,103.2501,119792
INTC,2026-09-11,12:17,103.26,103.3498,103.24,103.31,73120
INTC,2026-09-11,12:18,103.31,103.35,103.17,103.22,112093
INTC,2026-09-11,12:19,103.225,103.26,103.155,103.23,62299
INTC,2026-09-11,12:20,103.25,103.262,103.17,103.21,77592
INTC,2026-09-11,12:21,103.2199,103.29,103.2199,103.265,44350
INTC,2026-09-11,12:22,103.26,103.29,103.18,103.22,105563
INTC,2026-09-11,12:23,103.23,103.2499,103.175,103.21,48566
INTC,2026-09-11,12:24,103.22,103.25,103.2,103.235,46480
INTC,2026-09-11,12:25,103.24,103.33,103.24,103.2799,90842
INTC,2026-09-11,12:26,103.275,103.37,103.24,103.365,127142
INTC,2026-09-11,12:27,103.37,103.49,103.34,103.455,123115
INTC,2026-09-11,12:28,103.46,103.495,103.42,103.445,96545
INTC,2026-09-11,12:29,103.445,103.4805,102.1403,102.32,888199
INTC,2026-09-11,12:30,102.36,102.96,102.28,102.82,1110272
INTC,2026-09-11,12:31,102.831,102.88,102.58,102.765,479250
INTC,2026-09-11,12:32,102.78,102.85,102.38,102.75,326215
INTC,2026-09-11,12:33,102.77,103.02,102.7201,103.01,242339
INTC,2026-09-11,12:34,103.0001,103.005,102.3545,102.5,359357
INTC,2026-09-11,12:35,102.49,102.69,102.32,102.6299,304165
INTC,2026-09-11,12:36,102.615,103.03,102.58,102.768,365817
INTC,2026-09-11,12:37,102.755,102.7899,102.26,102.315,312201
INTC,2026-09-11,12:38,102.31,102.34,101.33,101.83,1252613
INTC,2026-09-11,12:39,101.815,102.07,101.6,101.6621,410319
INTC,2026-09-11,12:40,101.71,102.045,101.63,102.0109,319295
INTC,2026-09-11,12:41,102.01,102.59,102.01,102.37,337586
INTC,2026-09-11,12:42,102.39,102.5482,102.325,102.5482,168113
INTC,2026-09-11,12:43,102.54,102.54,102.3,102.495,219709
INTC,2026-09-11,12:44,102.47,102.5273,102.1,102.1201,214062
INTC,2026-09-11,12:45,102.12,102.1824,101.85,101.86,240122
INTC,2026-09-11,12:46,101.84,101.9,101.66,101.66,272100
INTC,2026-09-11,12:47,101.69,101.94,101.69,101.78,299753
INTC,2026-09-11,12:48,101.8,101.95,101.51,101.52,296889
INTC,2026-09-11,12:49,101.535,101.7899,101.53,101.7899,131584
INTC,2026-09-11,12:50,101.775,102.06,101.7401,101.98,207463
INTC,2026-09-11,12:51,101.98,102.47,101.97,102.47,183916
INTC,2026-09-11,12:52,102.47,102.545,102.2701,102.42,229856
INTC,2026-09-11,12:53,102.42,102.5,102.38,102.45,84857
INTC,2026-09-11,12:54,102.4501,102.6,102.43,102.585,140712
INTC,2026-09-11,12:55,102.575,102.67,102.54,102.63,106918
INTC,2026-09-11,12:56,102.66,102.8175,102.35,102.6701,278476
INTC,2026-09-11,12:57,102.7,102.75,102.54,102.68,167377
INTC,2026-09-11,12:58,102.71,102.86,102.68,102.8399,135451
INTC,2026-09-11,12:59,102.82,102.89,102.7868,102.8343,89511
INTC,2026-09-11,13:00,102.84,102.9521,102.6801,102.71,166861
INTC,2026-09-11,13:01,102.72,102.89,102.65,102.87,169281
INTC,2026-09-11,13:02,102.865,102.88,102.75,102.7701,91014
INTC,2026-09-11,13:03,102.79,102.8,102.66,102.67,123713
INTC,2026-09-11,13:04,102.67,102.73,102.52,102.58,191987
INTC,2026-09-11,13:05,102.58,102.65,102.55,102.6292,100650
INTC,2026-09-11,13:06,102.63,102.72,102.6,102.65,85933
INTC,2026-09-11,13:07,102.64,102.795,102.64,102.725,202355
INTC,2026-09-11,13:08,102.7329,102.74,102.55,102.555,102540
INTC,2026-09-11,13:09,102.5561,102.75,102.55,102.715,76083
INTC,2026-09-11,13:10,102.72,102.755,102.66,102.685,88189
INTC,2026-09-11,13:11,102.685,102.7395,102.635,102.68,60368
INTC,2026-09-11,13:12,102.69,102.73,102.64,102.67,51676
INTC,2026-09-11,13:13,102.66,102.745,102.6407,102.695,48362
INTC,2026-09-11,13:14,102.695,102.71,102.63,102.635,55931
INTC,2026-09-11,13:15,102.642,102.785,102.63,102.7779,77671
INTC,2026-09-11,13:16,102.785,102.845,102.76,102.805,97051
INTC,2026-09-11,13:17,102.805,103.03,102.8,103,156210
INTC,2026-09-11,13:18,102.99,103.01,102.91,102.94,93420
INTC,2026-09-11,13:19,102.95,103.015,102.89,102.94,169390
INTC,2026-09-11,13:20,102.94,103,102.9,102.9201,74541
INTC,2026-09-11,13:21,102.93,103,102.92,102.935,73044
INTC,2026-09-11,13:22,102.96,103.01,102.93,102.965,52587
INTC,2026-09-11,13:23,102.97,103.135,102.965,103.01,181539
INTC,2026-09-11,13:24,102.99,103.0899,102.965,103.075,84800
INTC,2026-09-11,13:25,103.0798,103.17,103.01,103.13,130717
INTC,2026-09-11,13:26,103.135,103.25,103.13,103.21,149087
INTC,2026-09-11,13:27,103.215,103.3096,103.19,103.22,120927
INTC,2026-09-11,13:28,103.23,103.3,103.215,103.285,77518
INTC,2026-09-11,13:29,103.282,103.3569,103.2701,103.35,119010
INTC,2026-09-11,13:30,103.352,103.38,103.27,103.325,142117
INTC,2026-09-11,13:31,103.325,103.42,103.325,103.4,99394
INTC,2026-09-11,13:32,103.4,103.44,103.17,103.2,293671
INTC,2026-09-11,13:33,103.2,103.3,103.1,103.12,204044
INTC,2026-09-11,13:34,103.13,103.35,103.13,103.27,220887
INTC,2026-09-11,13:35,103.2756,103.39,103.2756,103.37,117111
INTC,2026-09-11,13:36,103.375,103.46,103.365,103.41,146912
INTC,2026-09-11,13:37,103.39,103.41,103.33,103.36,88465
INTC,2026-09-11,13:38,103.36,103.4,103.265,103.29,122243
INTC,2026-09-11,13:39,103.3,103.3499,103.26,103.33,63050
INTC,2026-09-11,13:40,103.33,103.41,103.3202,103.4,99672
INTC,2026-09-11,13:41,103.39,103.4,103.19,103.235,133158
INTC,2026-09-11,13:42,103.235,103.29,103.19,103.275,68445
INTC,2026-09-11,13:43,103.275,103.34,103.26,103.31,74769
INTC,2026-09-11,13:44,103.315,103.32,103.27,103.315,39889
INTC,2026-09-11,13:45,103.32,103.37,103.2758,103.34,69715
INTC,2026-09-11,13:46,103.33,103.3994,103.33,103.37,61994
INTC,2026-09-11,13:47,103.3704,103.3821,103.325,103.325,53194
INTC,2026-09-11,13:48,103.325,103.39,103.32,103.36,61535
INTC,2026-09-11,13:49,103.36,103.5613,103.36,103.54,167517
INTC,2026-09-11,13:50,103.54,103.65,103.53,103.535,135375
INTC,2026-09-11,13:51,103.535,103.6451,103.51,103.604,72236
INTC,2026-09-11,13:52,103.61,103.64,103.6,103.615,51549
INTC,2026-09-11,13:53,103.6115,103.63,103.55,103.5714,81575
INTC,2026-09-11,13:54,103.585,103.5899,103.46,103.49,77823
INTC,2026-09-11,13:55,103.4708,103.6099,103.4708,103.56,84069
INTC,2026-09-11,13:56,103.565,103.5667,103.52,103.52,47408
INTC,2026-09-11,13:57,103.53,103.5499,103.46,103.4708,91763
INTC,2026-09-11,13:58,103.4816,103.595,103.48,103.56,101871
INTC,2026-09-11,13:59,103.56,103.575,103.47,103.51,61183
INTC,2026-09-11,14:00,103.51,103.56,103.45,103.47,59563
INTC,2026-09-11,14:01,103.48,103.485,103.3601,103.4096,105866
INTC,2026-09-11,14:02,103.405,103.44,103.285,103.29,95509
INTC,2026-09-11,14:03,103.2988,103.34,103.285,103.3201,65833
INTC,2026-09-11,14:04,103.32,103.35,103.24,103.265,86029
INTC,2026-09-11,14:05,103.26,103.33,103.24,103.31,72977
INTC,2026-09-11,14:06,103.3195,103.43,103.3,103.405,99799
INTC,2026-09-11,14:07,103.405,103.56,103.3703,103.555,100782
INTC,2026-09-11,14:08,103.5611,103.625,103.55,103.5505,113627
INTC,2026-09-11,14:09,103.56,103.63,103.5501,103.595,64587
INTC,2026-09-11,14:10,103.6,103.6,103.42,103.52,107410
INTC,2026-09-11,14:11,103.52,103.54,103.4601,103.52,42128
INTC,2026-09-11,14:12,103.51,103.57,103.4901,103.55,43388
INTC,2026-09-11,14:13,103.53,103.53,103.46,103.52,55112
INTC,2026-09-11,14:14,103.52,103.53,103.45,103.53,51592
INTC,2026-09-11,14:15,103.53,103.5539,103.42,103.4599,99755
INTC,2026-09-11,14:16,103.46,103.48,103.37,103.375,80532
INTC,2026-09-11,14:17,103.3701,103.42,103.34,103.37,58472
INTC,2026-09-11,14:18,103.37,103.39,103.32,103.3802,61324
INTC,2026-09-11,14:19,103.388,103.4413,103.37,103.395,61649
INTC,2026-09-11,14:20,103.4,103.4399,103.26,103.28,156450
INTC,2026-09-11,14:21,103.29,103.305,103.21,103.28,61535
INTC,2026-09-11,14:22,103.2768,103.29,103.1947,103.22,59944
INTC,2026-09-11,14:23,103.23,103.28,103.193,103.24,55105
INTC,2026-09-11,14:24,103.24,103.28,103.18,103.27,68895
INTC,2026-09-11,14:25,103.285,103.35,103.2601,103.33,104067
INTC,2026-09-11,14:26,103.3301,103.5,103.33,103.42,150327
INTC,2026-09-11,14:27,103.42,103.49,103.42,103.47,70858
INTC,2026-09-11,14:28,103.48,103.6099,103.45,103.58,129754
INTC,2026-09-11,14:29,103.59,103.615,103.535,103.56,74339
INTC,2026-09-11,14:30,103.56,103.63,103.44,103.46,95075
INTC,2026-09-11,14:31,103.44,103.57,103.44,103.54,55507
INTC,2026-09-11,14:32,103.54,103.54,103.46,103.46,62465
INTC,2026-09-11,14:33,103.465,103.56,103.44,103.55,49471
INTC,2026-09-11,14:34,103.55,103.64,103.55,103.615,78426
INTC,2026-09-11,14:35,103.61,103.615,103.5249,103.57,63381
INTC,2026-09-11,14:36,103.57,103.58,103.51,103.555,49965
INTC,2026-09-11,14:37,103.5561,103.59,103.5,103.5,50891
INTC,2026-09-11,14:38,103.495,103.54,103.46,103.5302,58945
INTC,2026-09-11,14:39,103.5301,103.5795,103.52,103.53,69025
INTC,2026-09-11,14:40,103.525,103.58,103.5078,103.52,50474
INTC,2026-09-11,14:41,103.525,103.53,103.46,103.515,54220
INTC,2026-09-11,14:42,103.53,103.64,103.47,103.47,108451
INTC,2026-09-11,14:43,103.49,103.54,103.4701,103.51,43306
INTC,2026-09-11,14:44,103.5,103.54,103.478,103.53,42850
INTC,2026-09-11,14:45,103.5339,103.61,103.53,103.5691,62101
INTC,2026-09-11,14:46,103.5699,103.59,103.53,103.55,54099
INTC,2026-09-11,14:47,103.55,103.6,103.545,103.575,31984
INTC,2026-09-11,14:48,103.57,103.62,103.57,103.58,51607
INTC,2026-09-11,14:49,103.58,103.585,103.53,103.58,61292
INTC,2026-09-11,14:50,103.565,103.6,103.52,103.56,67290
INTC,2026-09-11,14:51,103.55,103.55,103.4,103.4001,117597
INTC,2026-09-11,14:52,103.42,103.44,103.36,103.38,113725
INTC,2026-09-11,14:53,103.3658,103.439,103.34,103.3746,63512
INTC,2026-09-11,14:54,103.38,103.38,103.22,103.2408,102983
INTC,2026-09-11,14:55,103.24,103.3665,103.24,103.36,98198
INTC,2026-09-11,14:56,103.37,103.44,103.34,103.41,113078
INTC,2026-09-11,14:57,103.41,103.41,103.3,103.34,104449
INTC,2026-09-11,14:58,103.34,103.3688,103.31,103.31,70939
INTC,2026-09-11,14:59,103.31,103.31,103.215,103.26,62610
INTC,2026-09-11,15:00,103.25,103.25,103.16,103.165,115792
INTC,2026-09-11,15:01,103.165,103.193,103.1,103.1,102435
INTC,2026-09-11,15:02,103.1,103.12,103,103.06,175747
INTC,2026-09-11,15:03,103.065,103.07,103.02,103.04,56803
INTC,2026-09-11,15:04,103.0401,103.05,102.92,102.93,124403
INTC,2026-09-11,15:05,102.935,103.11,102.93,103.08,137719
INTC,2026-09-11,15:06,103.0904,103.095,103.02,103.035,75840
INTC,2026-09-11,15:07,103.03,103.04,102.96,103.0038,86120
INTC,2026-09-11,15:08,102.99,103.03,102.93,102.935,62852
INTC,2026-09-11,15:09,102.93,103.01,102.93,102.99,56971
INTC,2026-09-11,15:10,102.98,103.02,102.87,102.91,83937
INTC,2026-09-11,15:11,102.9,103,102.85,103,93376
INTC,2026-09-11,15:12,103.015,103.0399,102.95,102.96,70893
INTC,2026-09-11,15:13,102.96,103.0122,102.9567,102.99,56099
INTC,2026-09-11,15:14,102.995,103.06,102.9659,103.015,81222
INTC,2026-09-11,15:15,103.01,103.1,102.98,103.05,95800
INTC,2026-09-11,15:16,103.035,103.15,103.03,103.12,93854
INTC,2026-09-11,15:17,103.1221,103.22,103.12,103.188,170506
INTC,2026-09-11,15:18,103.19,103.3,103.175,103.28,118292
INTC,2026-09-11,15:19,103.275,103.34,103.215,103.23,156911
INTC,2026-09-11,15:20,103.23,103.24,103.1,103.201,112394
INTC,2026-09-11,15:21,103.22,103.28,103.18,103.27,82180
INTC,2026-09-11,15:22,103.265,103.32,103.205,103.21,76144
INTC,2026-09-11,15:23,103.21,103.22,103.05,103.1301,83560
INTC,2026-09-11,15:24,103.135,103.2,103.13,103.1599,68203
INTC,2026-09-11,15:25,103.15,103.215,103.15,103.16,76837
INTC,2026-09-11,15:26,103.18,103.25,103.17,103.25,53113
INTC,2026-09-11,15:27,103.25,103.27,103.2,103.245,69595
INTC,2026-09-11,15:28,103.245,103.26,103.12,103.13,72351
INTC,2026-09-11,15:29,103.1205,103.1699,103.08,103.16,107509
INTC,2026-09-11,15:30,103.15,103.21,103.07,103.19,167980
INTC,2026-09-11,15:31,103.18,103.2469,103.12,103.21,86511
INTC,2026-09-11,15:32,103.215,103.22,103.155,103.155,58266
INTC,2026-09-11,15:33,103.157,103.23,103.155,103.225,63214
INTC,2026-09-11,15:34,103.22,103.25,103.14,103.19,87240
INTC,2026-09-11,15:35,103.18,103.215,103.035,103.11,106047
INTC,2026-09-11,15:36,103.11,103.15,103.08,103.12,77462
INTC,2026-09-11,15:37,103.13,103.14,103.05,103.09,79108
INTC,2026-09-11,15:38,103.0999,103.11,103.075,103.08,59558
INTC,2026-09-11,15:39,103.09,103.16,103.09,103.14,65253
INTC,2026-09-11,15:40,103.1499,103.27,103.12,103.17,112942
INTC,2026-09-11,15:41,103.17,103.2099,103.14,103.15,62597
INTC,2026-09-11,15:42,103.165,103.17,103.09,103.15,71555
INTC,2026-09-11,15:43,103.155,103.155,103.06,103.0601,96568
INTC,2026-09-11,15:44,103.065,103.13,103.06,103.12,89030
INTC,2026-09-11,15:45,103.12,103.18,103.11,103.12,91619
INTC,2026-09-11,15:46,103.12,103.12,102.9,102.935,188161
INTC,2026-09-11,15:47,102.9201,102.95,102.88,102.925,114666
INTC,2026-09-11,15:48,102.93,102.9894,102.92,102.9894,123415
INTC,2026-09-11,15:49,102.97,103.07,102.95,103,159131
INTC,2026-09-11,15:50,102.98,103.11,102.86,103.065,257378
INTC,2026-09-11,15:51,103.07,103.09,102.93,102.935,253230
INTC,2026-09-11,15:52,102.94,103.08,102.9,102.9499,341979
INTC,2026-09-11,15:53,102.94,103.045,102.905,102.975,178884
INTC,2026-09-11,15:54,102.98,103.14,102.85,102.85,404527
INTC,2026-09-11,15:55,102.85,102.9,102.62,102.885,539227
INTC,2026-09-11,15:56,102.8899,102.935,102.77,102.865,286943
INTC,2026-09-11,15:57,102.87,102.94,102.775,102.94,326577
INTC,2026-09-11,15:58,102.93,102.93,102.805,102.81,405022
INTC,2026-09-11,15:59,102.805,102.94,102.795,102.93,1006013
INTC,2026-09-11,16:00,102.94,102.94,102.94,102.94,0
INTC,2026-09-14,09:30,95.72,96.14,95.21,95.2712,6009443
INTC,2026-09-14,09:31,95.25,95.669,94.94,94.9768,1108564
INTC,2026-09-14,09:32,94.95,95.5,94.75,95.3835,797660
INTC,2026-09-14,09:33,95.39,95.4899,94.83,94.855,638804
INTC,2026-09-14,09:34,94.855,95.039,94.56,94.61,661578
INTC,2026-09-14,09:35,94.6199,94.95,94.5233,94.8,766563
INTC,2026-09-14,09:36,94.8,95.13,94.65,95.085,652121
INTC,2026-09-14,09:37,95.09,95.435,95.06,95.285,619137
INTC,2026-09-14,09:38,95.2955,95.42,95.1761,95.29,413725
INTC,2026-09-14,09:39,95.267,95.875,95.267,95.64,589402
INTC,2026-09-14,09:40,95.6499,95.72,95.32,95.34,555416
INTC,2026-09-14,09:41,95.36,95.7075,95.16,95.56,530254
INTC,2026-09-14,09:42,95.556,95.81,95.42,95.7599,447456
INTC,2026-09-14,09:43,95.755,96.23,95.72,96.21,574481
INTC,2026-09-14,09:44,96.21,96.29,96,96.215,547328
INTC,2026-09-14,09:45,96.215,96.6,96.165,96.523,878569
INTC,2026-09-14,09:46,96.5,97.19,96.49,97.184,739173
INTC,2026-09-14,09:47,97.17,97.25,96.8401,96.91,650278
INTC,2026-09-14,09:48,96.8932,97.3768,96.84,97.35,506263
INTC,2026-09-14,09:49,97.352,97.51,97.0301,97.06,605860
INTC,2026-09-14,09:50,97.05,97.36,96.98,97.1,520743
INTC,2026-09-14,09:51,97.1,97.1099,96.48,96.54,523273
INTC,2026-09-14,09:52,96.55,96.639,96.325,96.62,456717
INTC,2026-09-14,09:53,96.62,96.91,96.49,96.905,439054
INTC,2026-09-14,09:54,96.91,96.91,96.585,96.585,211516
INTC,2026-09-14,09:55,96.56,96.8,96.4105,96.43,323360
INTC,2026-09-14,09:56,96.415,96.76,96.415,96.615,252352
INTC,2026-09-14,09:57,96.595,96.615,96.3,96.325,342603
INTC,2026-09-14,09:58,96.32,96.48,96.24,96.32,345326
INTC,2026-09-14,09:59,96.325,96.44,96.26,96.415,287627
INTC,2026-09-14,10:00,96.41,96.53,96.355,96.455,392656
INTC,2026-09-14,10:01,96.46,96.64,96.42,96.59,301906
INTC,2026-09-14,10:02,96.5778,96.7,96.38,96.38,370050
INTC,2026-09-14,10:03,96.39,96.625,96.3301,96.45,223473
INTC,2026-09-14,10:04,96.45,96.52,96.3801,96.41,195752
INTC,2026-09-14,10:05,96.41,96.72,96.35,96.72,253651
INTC,2026-09-14,10:06,96.72,97.08,96.72,97.005,428669
INTC,2026-09-14,10:07,96.99,97.12,96.93,97,306978
INTC,2026-09-14,10:08,96.99,97.1472,96.97,97.085,178890
INTC,2026-09-14,10:09,97.085,97.145,96.96,97.125,277668
INTC,2026-09-14,10:10,97.125,97.45,97.125,97.35,360759
INTC,2026-09-14,10:11,97.35,97.565,97.34,97.535,356585
INTC,2026-09-14,10:12,97.54,97.73,97.52,97.525,317156
INTC,2026-09-14,10:13,97.52,97.5695,97.3,97.5,377276
INTC,2026-09-14,10:14,97.505,97.785,97.49,97.67,488919
INTC,2026-09-14,10:15,97.67,97.8,97.57,97.62,578527
INTC,2026-09-14,10:16,97.62,97.63,97.23,97.2999,379096
INTC,2026-09-14,10:17,97.29,97.5,97.1001,97.145,289301
INTC,2026-09-14,10:18,97.1499,97.24,97.13,97.185,262066
INTC,2026-09-14,10:19,97.19,97.58,97.14,97.555,255001
INTC,2026-09-14,10:20,97.55,97.55,97.35,97.475,206012
INTC,2026-09-14,10:21,97.47,97.54,97.24,97.29,239244
INTC,2026-09-14,10:22,97.3,97.3,97.12,97.17,281988
INTC,2026-09-14,10:23,97.18,97.2077,97.08,97.1304,187820
INTC,2026-09-14,10:24,97.16,97.49,97.1301,97.37,361958
INTC,2026-09-14,10:25,97.36,97.48,97.14,97.14,208964
INTC,2026-09-14,10:26,97.14,97.21,96.88,97.025,401044
INTC,2026-09-14,10:27,97.01,97.077,96.935,96.99,130933
INTC,2026-09-14,10:28,97.01,97.06,96.84,96.98,247490
INTC,2026-09-14,10:29,96.96,96.9698,96.79,96.95,145871
INTC,2026-09-14,10:30,96.95,97.11,96.9,96.935,234940
INTC,2026-09-14,10:31,96.945,96.98,96.88,96.97,275620
INTC,2026-09-14,10:32,96.965,96.98,96.77,96.855,247096
INTC,2026-09-14,10:33,96.8581,96.865,96.68,96.715,296744
INTC,2026-09-14,10:34,96.73,96.93,96.73,96.91,235917
INTC,2026-09-14,10:35,96.91,96.91,96.415,96.46,279699
INTC,2026-09-14,10:36,96.46,96.51,96.23,96.26,256722
INTC,2026-09-14,10:37,96.2501,96.3,96.12,96.137,343846
INTC,2026-09-14,10:38,96.1495,96.175,95.89,95.93,371098
INTC,2026-09-14,10:39,95.9299,96.13,95.9185,96.095,271482
INTC,2026-09-14,10:40,96.08,96.32,96.075,96.2805,306011
INTC,2026-09-14,10:41,96.29,96.29,95.96,96.01,266367
INTC,2026-09-14,10:42,96.01,96.195,95.98,96.125,211557
INTC,2026-09-14,10:43,96.13,96.24,96.072,96.16,147510
INTC,2026-09-14,10:44,96.17,96.48,96.13,96.46,257693
INTC,2026-09-14,10:45,96.4533,96.7999,96.4533,96.76,338969
INTC,2026-09-14,10:46,96.79,96.7972,96.6302,96.6785,227072
INTC,2026-09-14,10:47,96.67,96.73,96.43,96.56,214031
INTC,2026-09-14,10:48,96.56,96.71,96.54,96.655,194018
INTC,2026-09-14,10:49,96.66,96.74,96.65,96.71,198974
INTC,2026-09-14,10:50,96.7232,96.74,96.4,96.545,240795
INTC,2026-09-14,10:51,96.54,96.667,96.51,96.59,180314
INTC,2026-09-14,10:52,96.585,96.585,96.04,96.0551,354276
INTC,2026-09-14,10:53,96.06,96.11,95.96,96.04,277364
INTC,2026-09-14,10:54,96.04,96.13,95.995,96.1099,151899
INTC,2026-09-14,10:55,96.11,96.29,96.09,96.28,215371
INTC,2026-09-14,10:56,96.28,96.3399,96.15,96.26,199531
INTC,2026-09-14,10:57,96.27,96.46,96.2299,96.39,167221
INTC,2026-09-14,10:58,96.4,96.4,96.27,96.32,121605
INTC,2026-09-14,10:59,96.32,96.43,96.31,96.42,167659
INTC,2026-09-14,11:00,96.4,96.4367,96.34,96.41,106335
INTC,2026-09-14,11:01,96.4,96.4,96.27,96.365,154717
INTC,2026-09-14,11:02,96.3776,96.82,96.375,96.51,513054
INTC,2026-09-14,11:03,96.5,96.57,96.34,96.51,191732
INTC,2026-09-14,11:04,96.52,96.56,96.28,96.32,162428
INTC,2026-09-14,11:05,96.33,96.7,96.26,96.4799,413259
INTC,2026-09-14,11:06,96.48,96.7,96.405,96.41,315748
INTC,2026-09-14,11:07,96.4288,96.44,96.07,96.1599,318916
INTC,2026-09-14,11:08,96.135,96.23,96,96.135,225622
INTC,2026-09-14,11:09,96.14,96.21,96.1074,96.15,129846
INTC,2026-09-14,11:10,96.16,96.255,96.11,96.25,152948
INTC,2026-09-14,11:11,96.26,96.34,96.1223,96.34,218196
INTC,2026-09-14,11:12,96.34,96.44,96.28,96.315,147508
INTC,2026-09-14,11:13,96.31,96.42,96.28,96.35,159396
INTC,2026-09-14,11:14,96.355,96.3713,96.28,96.34,79901
INTC,2026-09-14,11:15,96.32,96.61,96.3,96.6,199472
INTC,2026-09-14,11:16,96.6,96.81,96.52,96.7814,294295
INTC,2026-09-14,11:17,96.7815,96.99,96.78,96.8001,276304
INTC,2026-09-14,11:18,96.805,97.09,96.8,96.9,346329
INTC,2026-09-14,11:19,96.9,97,96.83,96.9718,162644
INTC,2026-09-14,11:20,96.9601,97.05,96.89,96.91,179060
INTC,2026-09-14,11:21,96.9,96.97,96.84,96.94,196793
INTC,2026-09-14,11:22,96.95,97.06,96.8626,96.88,250907
INTC,2026-09-14,11:23,96.88,96.97,96.88,96.91,121148
INTC,2026-09-14,11:24,96.91,97.18,96.9,97.145,204406
INTC,2026-09-14,11:25,97.14,97.3,97.13,97.27,216631
INTC,2026-09-14,11:26,97.275,97.35,97.18,97.3189,192022
INTC,2026-09-14,11:27,97.32,97.38,97.2501,97.29,161130
INTC,2026-09-14,11:28,97.295,97.46,97.295,97.46,174806
INTC,2026-09-14,11:29,97.46,97.54,97.42,97.51,235848
INTC,2026-09-14,11:30,97.5002,97.63,97.5002,97.625,178607
INTC,2026-09-14,11:31,97.6205,97.65,97.5,97.6101,164428
INTC,2026-09-14,11:32,97.62,98.01,97.54,97.97,515843
INTC,2026-09-14,11:33,97.975,98.05,97.8036,98.04,229145
INTC,2026-09-14,11:34,98.04,98.09,97.86,97.96,311221
INTC,2026-09-14,11:35,97.97,98.03,97.81,97.82,224076
INTC,2026-09-14,11:36,97.8107,97.82,97.623,97.67,246400
INTC,2026-09-14,11:37,97.67,97.94,97.65,97.895,201513
INTC,2026-09-14,11:38,97.9,97.99,97.82,97.96,207395
INTC,2026-09-14,11:39,97.96,97.99,97.825,97.91,198741
INTC,2026-09-14,11:40,97.91,98.08,97.85,97.9593,278693
INTC,2026-09-14,11:41,97.97,98.27,97.93,98.1301,308637
INTC,2026-09-14,11:42,98.14,98.1697,97.92,97.93,169944
INTC,2026-09-14,11:43,97.9345,98.04,97.85,97.94,193429
INTC,2026-09-14,11:44,97.936,98.14,97.936,98.01,167108
INTC,2026-09-14,11:45,98.01,98.07,97.95,97.9694,178812
INTC,2026-09-14,11:46,97.955,97.955,97.83,97.8941,162183
INTC,2026-09-14,11:47,97.89,97.92,97.72,97.84,296682
INTC,2026-09-14,11:48,97.83,97.86,97.67,97.829,179968
INTC,2026-09-14,11:49,97.825,97.909,97.79,97.89,142080
INTC,2026-09-14,11:50,97.8899,97.95,97.79,97.9325,93347
INTC,2026-09-14,11:51,97.9494,97.965,97.825,97.9,103444
INTC,2026-09-14,11:52,97.89,98.02,97.8614,97.96,145340
INTC,2026-09-14,11:53,97.94,97.96,97.874,97.94,85162
INTC,2026-09-14,11:54,97.95,97.97,97.8539,97.92,89160
INTC,2026-09-14,11:55,97.92,97.93,97.8,97.83,98224
INTC,2026-09-14,11:56,97.825,97.88,97.77,97.88,118660
INTC,2026-09-14,11:57,97.875,97.909,97.775,97.79,85461
INTC,2026-09-14,11:58,97.79,97.86,97.675,97.71,144814
INTC,2026-09-14,11:59,97.73,97.78,97.66,97.765,151233
INTC,2026-09-14,12:00,97.765,97.765,97.57,97.5754,158125
INTC,2026-09-14,12:01,97.585,97.646,97.52,97.575,145087
INTC,2026-09-14,12:02,97.575,97.5999,97.535,97.5599,108440
INTC,2026-09-14,12:03,97.56,97.65,97.515,97.53,114325
INTC,2026-09-14,12:04,97.53,97.55,97.455,97.475,241378
INTC,2026-09-14,12:05,97.465,97.57,97.44,97.525,159402
INTC,2026-09-14,12:06,97.5421,97.62,97.47,97.525,143088
INTC,2026-09-14,12:07,97.525,97.55,97.45,97.48,136251
INTC,2026-09-14,12:08,97.49,97.51,97.4274,97.4274,128264
INTC,2026-09-14,12:09,97.43,97.445,97.2703,97.28,154680
INTC,2026-09-14,12:10,97.3,97.44,97.28,97.315,186049
INTC,2026-09-14,12:11,97.32,97.34,97.2558,97.34,137895
INTC,2026-09-14,12:12,97.34,97.445,97.3282,97.405,181038
INTC,2026-09-14,12:13,97.41,97.43,97.355,97.395,126947
INTC,2026-09-14,12:14,97.395,97.52,97.395,97.515,169506
INTC,2026-09-14,12:15,97.52,98.0399,97.52,98,537523
INTC,2026-09-14,12:16,98.0124,98.04,97.84,97.93,180180
INTC,2026-09-14,12:17,97.95,98.18,97.94,98.18,175099
INTC,2026-09-14,12:18,98.18,98.25,98.1114,98.175,188488
INTC,2026-09-14,12:19,98.175,98.2,98.075,98.1708,164466
INTC,2026-09-14,12:20,98.19,98.2853,98.05,98.11,163804
INTC,2026-09-14,12:21,98.11,98.1198,97.9597,97.99,175175
INTC,2026-09-14,12:22,98.0099,98.07,97.96,98.04,93722
INTC,2026-09-14,12:23,98.04,98.23,97.995,98.23,148762
INTC,2026-09-14,12:24,98.24,98.31,98.22,98.2699,170672
INTC,2026-09-14,12:25,98.262,98.29,98.14,98.17,146995
INTC,2026-09-14,12:26,98.17,98.17,98.055,98.0801,115643
INTC,2026-09-14,12:27,98.08,98.145,98.055,98.09,85068
INTC,2026-09-14,12:28,98.1,98.145,98.01,98.015,127491
INTC,2026-09-14,12:29,98.016,98.08,98.012,98.03,75389
INTC,2026-09-14,12:30,98.04,98.05,97.95,97.9504,142666
INTC,2026-09-14,12:31,97.96,98.04,97.92,97.97,204755
INTC,2026-09-14,12:32,97.975,98.1,97.97,98.005,117490
INTC,2026-09-14,12:33,98,98.015,97.97,97.9701,53752
INTC,2026-09-14,12:34,97.975,98.04,97.9501,97.96,70857
INTC,2026-09-14,12:35,97.955,97.96,97.88,97.906,160170
INTC,2026-09-14,12:36,97.9,97.93,97.882,97.91,106267
INTC,2026-09-14,12:37,97.91,98.09,97.9,98.0101,114435
INTC,2026-09-14,12:38,98.01,98.1399,97.9999,98.115,112384
INTC,2026-09-14,12:39,98.1101,98.18,98.03,98.03,138307
INTC,2026-09-14,12:40,98.025,98.03,97.92,97.9586,117060
INTC,2026-09-14,12:41,97.95,97.99,97.8622,97.91,102791
INTC,2026-09-14,12:42,97.92,97.975,97.89,97.935,87384
INTC,2026-09-14,12:43,97.915,98.06,97.91,97.9999,126993
INTC,2026-09-14,12:44,98.01,98.14,97.95,98.135,109991
INTC,2026-09-14,12:45,98.135,98.19,98.06,98.085,116863
INTC,2026-09-14,12:46,98.085,98.1222,97.9801,98.045,84970
INTC,2026-09-14,12:47,98.05,98.22,98.04,98.2,221571
INTC,2026-09-14,12:48,98.2001,98.3762,98.175,98.349,280813
INTC,2026-09-14,12:49,98.35,98.37,98.01,98.04,239783
INTC,2026-09-14,12:50,98.03,98.19,98,98.13,196485
INTC,2026-09-14,12:51,98.12,98.295,98.115,98.27,106173
INTC,2026-09-14,12:52,98.255,98.255,98.14,98.21,99559
INTC,2026-09-14,12:53,98.22,98.27,98.145,98.15,157963
INTC,2026-09-14,12:54,98.15,98.165,97.9801,98.015,145969
INTC,2026-09-14,12:55,98.02,98.05,97.96,98.04,127825
INTC,2026-09-14,12:56,98.05,98.3393,98.01,98.32,162258
INTC,2026-09-14,12:57,98.32,98.39,98.2498,98.27,163357
INTC,2026-09-14,12:58,98.26,98.33,98.175,98.215,94777
INTC,2026-09-14,12:59,98.22,98.315,98.21,98.315,94092
INTC,2026-09-14,13:00,98.32,98.35,98.29,98.32,96337
INTC,2026-09-14,13:01,98.32,98.32,98.155,98.195,97226
INTC,2026-09-14,13:02,98.205,98.32,98.19,98.195,91649
INTC,2026-09-14,13:03,98.22,98.25,98.05,98.11,99005
INTC,2026-09-14,13:04,98.105,98.2586,98.105,98.2299,76798
INTC,2026-09-14,13:05,98.22,98.28,98.215,98.215,91049
INTC,2026-09-14,13:06,98.215,98.335,98.2139,98.29,113680
INTC,2026-09-14,13:07,98.31,98.32,98.2599,98.2915,70516
INTC,2026-09-14,13:08,98.2922,98.4,98.245,98.395,149780
INTC,2026-09-14,13:09,98.39,98.48,98.32,98.345,174577
INTC,2026-09-14,13:10,98.345,98.415,98.33,98.335,92835
INTC,2026-09-14,13:11,98.335,98.41,98.3,98.33,109765
INTC,2026-09-14,13:12,98.325,98.4899,98.325,98.44,105772
INTC,2026-09-14,13:13,98.44,98.48,98.3,98.3002,90852
INTC,2026-09-14,13:14,98.33,98.37,98.28,98.295,137466
INTC,2026-09-14,13:15,98.295,98.37,98.285,98.34,136301
INTC,2026-09-14,13:16,98.33,98.39,98.26,98.36,142323
INTC,2026-09-14,13:17,98.36,98.43,98.305,98.31,103000
INTC,2026-09-14,13:18,98.31,98.33,98.06,98.11,166750
INTC,2026-09-14,13:19,98.1192,98.17,98.09,98.165,129671
INTC,2026-09-14,13:20,98.17,98.3605,98.14,98.36,179618
INTC,2026-09-14,13:21,98.35,98.438,98.3,98.42,88473
INTC,2026-09-14,13:22,98.41,98.478,98.39,98.4301,57344
INTC,2026-09-14,13:23,98.43,98.445,98.271,98.32,140346
INTC,2026-09-14,13:24,98.33,98.4,98.3003,98.395,65560
INTC,2026-09-14,13:25,98.395,98.46,98.31,98.33,77297
INTC,2026-09-14,13:26,98.33,98.37,98.3,98.3599,59653
INTC,2026-09-14,13:27,98.3599,98.385,98.33,98.37,42750
INTC,2026-09-14,13:28,98.37,98.385,98.31,98.36,50858
INTC,2026-09-14,13:29,98.37,98.4,98.32,98.345,173099
INTC,2026-09-14,13:30,98.35,98.38,98.25,98.2722,83978
INTC,2026-09-14,13:31,98.275,98.315,98.21,98.31,77532
INTC,2026-09-14,13:32,98.315,98.39,98.3,98.39,82874
INTC,2026-09-14,13:33,98.39,98.43,98.255,98.28,122400
INTC,2026-09-14,13:34,98.28,98.28,98.2,98.24,71005
INTC,2026-09-14,13:35,98.2392,98.26,98.1,98.1206,136022
INTC,2026-09-14,13:36,98.145,98.22,98.1113,98.215,101274
INTC,2026-09-14,13:37,98.21,98.25,98.17,98.2,73566
INTC,2026-09-14,13:38,98.205,98.29,98.18,98.265,61057
INTC,2026-09-14,13:39,98.27,98.335,98.25,98.33,91343
INTC,2026-09-14,13:40,98.33,98.345,98.23,98.27,61976
INTC,2026-09-14,13:41,98.27,98.31,98.22,98.25,64992
INTC,2026-09-14,13:42,98.2301,98.2994,98.23,98.2499,51203
INTC,2026-09-14,13:43,98.24,98.3,98.24,98.28,68462
INTC,2026-09-14,13:44,98.29,98.31,98.225,98.2401,51870
INTC,2026-09-14,13:45,98.245,98.3374,98.245,98.325,67554
INTC,2026-09-14,13:46,98.325,98.3984,98.285,98.325,118619
INTC,2026-09-14,13:47,98.325,98.3501,98.305,98.31,50467
INTC,2026-09-14,13:48,98.305,98.3299,98.294,98.3001,37847
INTC,2026-09-14,13:49,98.305,98.37,98.29,98.365,51727
INTC,2026-09-14,13:50,98.36,98.3916,98.3,98.315,80217
INTC,2026-09-14,13:51,98.315,98.37,98.3001,98.325,51022
INTC,2026-09-14,13:52,98.33,98.355,98.28,98.315,72309
INTC,2026-09-14,13:53,98.31,98.34,98.28,98.3245,45095
INTC,2026-09-14,13:54,98.325,98.325,98.25,98.265,60249
INTC,2026-09-14,13:55,98.2697,98.55,98.25,98.54,177036
INTC,2026-09-14,13:56,98.535,98.5396,98.44,98.505,96567
INTC,2026-09-14,13:57,98.505,98.505,98.435,98.45,83032
INTC,2026-09-14,13:58,98.445,98.52,98.44,98.495,158497
INTC,2026-09-14,13:59,98.5,98.56,98.485,98.5299,104369
INTC,2026-09-14,14:00,98.525,98.67,98.52,98.55,218456
INTC,2026-09-14,14:01,98.55,98.59,98.415,98.455,207166
INTC,2026-09-14,14:02,98.455,98.585,98.455,98.57,163213
INTC,2026-09-14,14:03,98.565,98.711,98.56,98.655,157843
INTC,2026-09-14,14:04,98.6501,98.735,98.65,98.725,137894
INTC,2026-09-14,14:05,98.7201,98.725,98.4801,98.6,208423
INTC,2026-09-14,14:06,98.6194,98.68,98.59,98.625,119027
INTC,2026-09-14,14:07,98.62,98.6322,98.555,98.58,135887
INTC,2026-09-14,14:08,98.5806,98.726,98.5806,98.71,117073
INTC,2026-09-14,14:09,98.72,98.73,98.65,98.71,83371
INTC,2026-09-14,14:10,98.71,98.82,98.67,98.67,176497
INTC,2026-09-14,14:11,98.665,98.7385,98.63,98.6799,127516
INTC,2026-09-14,14:12,98.68,98.78,98.66,98.715,105495
INTC,2026-09-14,14:13,98.71,98.725,98.6505,98.6639,72241
INTC,2026-09-14,14:14,98.665,98.71,98.64,98.655,84132
INTC,2026-09-14,14:15,98.6599,98.77,98.64,98.745,86666
INTC,2026-09-14,14:16,98.75,98.795,98.74,98.795,75511
INTC,2026-09-14,14:17,98.8,98.805,98.72,98.73,99451
INTC,2026-09-14,14:18,98.73,98.82,98.72,98.805,69675
INTC,2026-09-14,14:19,98.8095,98.82,98.77,98.775,61594
INTC,2026-09-14,14:20,98.77,98.86,98.77,98.82,115991
INTC,2026-09-14,14:21,98.805,98.83,98.735,98.7399,117543
INTC,2026-09-14,14:22,98.74,98.78,98.68,98.685,147631
INTC,2026-09-14,14:23,98.6898,98.795,98.6839,98.77,119331
INTC,2026-09-14,14:24,98.7706,98.85,98.765,98.77,89532
INTC,2026-09-14,14:25,98.755,98.77,98.7105,98.75,64997
INTC,2026-09-14,14:26,98.745,98.7588,98.635,98.64,130601
INTC,2026-09-14,14:27,98.6469,98.67,98.57,98.58,618520
INTC,2026-09-14,14:28,98.57,98.66,98.57,98.66,67980
INTC,2026-09-14,14:29,98.66,98.7299,98.625,98.625,76165
INTC,2026-09-14,14:30,98.62,98.67,98.61,98.67,74312
INTC,2026-09-14,14:31,98.68,98.72,98.63,98.72,60084
INTC,2026-09-14,14:32,98.715,98.75,98.6503,98.705,66764
INTC,2026-09-14,14:33,98.7,98.77,98.67,98.67,76841
INTC,2026-09-14,14:34,98.68,98.755,98.675,98.725,85415
INTC,2026-09-14,14:35,98.715,98.745,98.61,98.65,100309
INTC,2026-09-14,14:36,98.645,98.675,98.62,98.66,60513
INTC,2026-09-14,14:37,98.65,98.7099,98.64,98.695,57423
INTC,2026-09-14,14:38,98.695,98.705,98.67,98.685,43754
INTC,2026-09-14,14:39,98.68,98.7,98.6601,98.6828,45513
INTC,2026-09-14,14:40,98.675,98.715,98.635,98.7098,83484
INTC,2026-09-14,14:41,98.71,98.72,98.68,98.69,41810
INTC,2026-09-14,14:42,98.695,98.75,98.66,98.715,90277
INTC,2026-09-14,14:43,98.72,98.74,98.65,98.7,85123
INTC,2026-09-14,14:44,98.68,98.68,98.6,98.605,91931
INTC,2026-09-14,14:45,98.605,98.71,98.605,98.6513,77044
INTC,2026-09-14,14:46,98.66,98.68,98.47,98.47,188582
INTC,2026-09-14,14:47,98.48,98.4999,98.295,98.32,207692
INTC,2026-09-14,14:48,98.325,98.325,98.18,98.23,164171
INTC,2026-09-14,14:49,98.2395,98.38,98.2,98.38,141122
INTC,2026-09-14,14:50,98.3699,98.545,98.36,98.3863,131263
INTC,2026-09-14,14:51,98.38,98.454,98.38,98.445,74806
INTC,2026-09-14,14:52,98.44,98.5385,98.425,98.51,63114
INTC,2026-09-14,14:53,98.504,98.67,98.504,98.63,133515
INTC,2026-09-14,14:54,98.635,98.65,98.59,98.6001,73924
INTC,2026-09-14,14:55,98.6,98.6,98.53,98.555,81875
INTC,2026-09-14,14:56,98.5598,98.6399,98.55,98.6,75044
INTC,2026-09-14,14:57,98.595,98.64,98.54,98.55,85527
INTC,2026-09-14,14:58,98.5423,98.565,98.5,98.54,82612
INTC,2026-09-14,14:59,98.54,98.645,98.54,98.59,114465
INTC,2026-09-14,15:00,98.59,98.63,98.45,98.495,105842
INTC,2026-09-14,15:01,98.49,98.54,98.425,98.52,119296
INTC,2026-09-14,15:02,98.525,98.525,98.405,98.43,80907
INTC,2026-09-14,15:03,98.435,98.5025,98.3931,98.445,70868
INTC,2026-09-14,15:04,98.445,98.49,98.4,98.4591,86386
INTC,2026-09-14,15:05,98.455,98.495,98.34,98.358,97432
INTC,2026-09-14,15:06,98.3516,98.39,98.225,98.23,106197
INTC,2026-09-14,15:07,98.23,98.28,98.18,98.195,115674
INTC,2026-09-14,15:08,98.19,98.24,98.14,98.23,94803
INTC,2026-09-14,15:09,98.235,98.32,98.2,98.21,121441
INTC,2026-09-14,15:10,98.205,98.27,98.2001,98.22,105669
INTC,2026-09-14,15:11,98.215,98.3,98.21,98.26,102591
INTC,2026-09-14,15:12,98.265,98.265,98.125,98.125,109951
INTC,2026-09-14,15:13,98.125,98.1899,97.92,97.94,228140
INTC,2026-09-14,15:14,97.9476,98.075,97.94,98.005,138235
INTC,2026-09-14,15:15,98.01,98.02,97.88,97.9173,154686
INTC,2026-09-14,15:16,97.91,97.96,97.89,97.94,140785
INTC,2026-09-14,15:17,97.9359,98.01,97.93,97.985,89491
INTC,2026-09-14,15:18,97.99,98.155,97.99,98.0701,316905
INTC,2026-09-14,15:19,98.08,98.16,98.02,98.135,117335
INTC,2026-09-14,15:20,98.135,98.207,98.08,98.105,158657
INTC,2026-09-14,15:21,98.1101,98.17,98.03,98.125,119325
INTC,2026-09-14,15:22,98.125,98.13,98.01,98.025,120227
INTC,2026-09-14,15:23,98.03,98.06,97.99,98.02,99066
INTC,2026-09-14,15:24,98.01,98.085,97.97,98.085,100067
INTC,2026-09-14,15:25,98.09,98.15,98.0601,98.125,146334
INTC,2026-09-14,15:26,98.125,98.2,98.1035,98.1035,134825
INTC,2026-09-14,15:27,98.1,98.15,98.0605,98.1,107775
INTC,2026-09-14,15:28,98.09,98.1,98.03,98.035,92423
INTC,2026-09-14,15:29,98.035,98.1,97.94,97.96,132802
INTC,2026-09-14,15:30,97.955,98.03,97.8,97.8,298098
INTC,2026-09-14,15:31,97.835,97.9,97.79,97.82,192967
INTC,2026-09-14,15:32,97.83,97.875,97.695,97.7439,177878
INTC,2026-09-14,15:33,97.75,97.75,97.6,97.642,193611
INTC,2026-09-14,15:34,97.6426,97.7,97.61,97.655,191519
INTC,2026-09-14,15:35,97.65,97.771,97.56,97.5699,179744
INTC,2026-09-14,15:36,97.5622,97.64,97.55,97.555,192512
INTC,2026-09-14,15:37,97.5597,97.62,97.55,97.6,155149
INTC,2026-09-14,15:38,97.592,97.592,97.53,97.57,153428
INTC,2026-09-14,15:39,97.56,97.57,97.374,97.4,256227
INTC,2026-09-14,15:40,97.41,97.48,97.34,97.425,233764
INTC,2026-09-14,15:41,97.43,97.46,97.34,97.405,153281
INTC,2026-09-14,15:42,97.405,97.475,97.37,97.41,133693
INTC,2026-09-14,15:43,97.42,97.51,97.41,97.4897,115935
INTC,2026-09-14,15:44,97.49,97.56,97.455,97.535,169413
INTC,2026-09-14,15:45,97.53,97.5699,97.42,97.4721,204089
INTC,2026-09-14,15:46,97.476,97.5,97.4006,97.49,155484
INTC,2026-09-14,15:47,97.485,97.49,97.44,97.4559,137294
INTC,2026-09-14,15:48,97.465,97.525,97.425,97.525,135554
INTC,2026-09-14,15:49,97.53,97.64,97.53,97.6292,241541
INTC,2026-09-14,15:50,97.62,97.62,97.23,97.24,545214
INTC,2026-09-14,15:51,97.27,97.38,97.27,97.3799,265679
INTC,2026-09-14,15:52,97.38,97.43,97.25,97.31,268557
INTC,2026-09-14,15:53,97.31,97.33,97.18,97.235,274672
INTC,2026-09-14,15:54,97.24,97.3401,97.21,97.2884,310318
INTC,2026-09-14,15:55,97.27,97.3699,97.07,97.15,792820
INTC,2026-09-14,15:56,97.155,97.26,97.14,97.195,456947
INTC,2026-09-14,15:57,97.1999,97.44,97.1,97.34,616690
INTC,2026-09-14,15:58,97.335,97.3871,97.2701,97.3475,665644
INTC,2026-09-14,15:59,97.345,97.37,97.13,97.17,1335447
INTC,2026-09-15,09:30,98.84,99.13,97.9,99.015,4292722
INTC,2026-09-15,09:31,99.015,99.99,98.6,99.915,1027599
INTC,2026-09-15,09:32,99.915,99.94,99.105,99.67,653092
INTC,2026-09-15,09:33,99.64,100.4799,99.6352,100.425,754282
INTC,2026-09-15,09:34,100.4154,100.48,99.75,99.8259,725162
INTC,2026-09-15,09:35,99.7954,100.01,99.45,99.86,514458
INTC,2026-09-15,09:36,99.87,99.97,99.65,99.825,347860
INTC,2026-09-15,09:37,99.825,100.03,99.7,99.74,328578
INTC,2026-09-15,09:38,99.735,99.9141,99.53,99.88,377161
INTC,2026-09-15,09:39,99.89,100.03,99.365,99.365,454318
INTC,2026-09-15,09:40,99.34,99.7997,99.2301,99.74,428413
INTC,2026-09-15,09:41,99.74,99.8858,99.4,99.62,361755
INTC,2026-09-15,09:42,99.645,99.88,99.34,99.52,335863
INTC,2026-09-15,09:43,99.515,99.93,99.38,99.8685,293034
INTC,2026-09-15,09:44,99.84,99.85,99.5,99.73,229578
INTC,2026-09-15,09:45,99.71,99.8,99.32,99.62,534178
INTC,2026-09-15,09:46,99.61,99.8955,99.59,99.675,313972
INTC,2026-09-15,09:47,99.67,99.74,99.456,99.685,218276
INTC,2026-09-15,09:48,99.6767,99.84,99.4803,99.56,264556
INTC,2026-09-15,09:49,99.5405,99.62,99.32,99.345,303043
INTC,2026-09-15,09:50,99.35,99.385,99.0601,99.3,403322
INTC,2026-09-15,09:51,99.28,99.64,99.27,99.418,483966
INTC,2026-09-15,09:52,99.4147,99.8865,99.35,99.72,391507
INTC,2026-09-15,09:53,99.71,100.02,99.6,99.9732,395286
INTC,2026-09-15,09:54,99.98,100.05,99.78,99.87,344946
INTC,2026-09-15,09:55,99.855,100.06,99.795,100.0513,254943
INTC,2026-09-15,09:56,100.05,100.05,99.825,99.97,266705
INTC,2026-09-15,09:57,99.97,100.05,99.83,99.9706,233004
INTC,2026-09-15,09:58,99.98,100,99.79,99.865,239787
INTC,2026-09-15,09:59,99.865,99.9,99.67,99.7176,205550
INTC,2026-09-15,10:00,99.72,100.03,99.56,99.99,363161
INTC,2026-09-15,10:01,99.975,99.99,99.59,99.628,256042
INTC,2026-09-15,10:02,99.63,99.73,99.49,99.6157,259879
INTC,2026-09-15,10:03,99.61,99.6499,99.31,99.34,235272
INTC,2026-09-15,10:04,99.3499,99.455,99.32,99.335,166747
INTC,2026-09-15,10:05,99.33,99.45,99.22,99.4005,263255
INTC,2026-09-15,10:06,99.45,99.6799,99.45,99.5037,264258
INTC,2026-09-15,10:07,99.505,99.535,99.35,99.3814,171965
INTC,2026-09-15,10:08,99.375,99.3877,99.2,99.35,263167
INTC,2026-09-15,10:09,99.35,99.43,99.3,99.4,160261
INTC,2026-09-15,10:10,99.3903,99.4092,99.21,99.29,243381
INTC,2026-09-15,10:11,99.29,99.295,99.07,99.235,270195
INTC,2026-09-15,10:12,99.23,99.27,99.08,99.2225,187969
INTC,2026-09-15,10:13,99.21,99.3,99.145,99.204,213363
INTC,2026-09-15,10:14,99.205,99.22,99,99.06,284457
INTC,2026-09-15,10:15,99.06,99.35,99.0411,99.24,288867
INTC,2026-09-15,10:16,99.24,99.37,99.22,99.27,184483
INTC,2026-09-15,10:17,99.28,99.3599,99.2,99.345,148442
INTC,2026-09-15,10:18,99.34,99.4297,99.2401,99.345,155321
INTC,2026-09-15,10:19,99.345,99.44,99.29,99.4014,134874
INTC,2026-09-15,10:20,99.41,99.52,99.3401,99.355,236802
INTC,2026-09-15,10:21,99.35,99.355,99.205,99.21,193910
INTC,2026-09-15,10:22,99.2001,99.21,99.01,99.03,269379
INTC,2026-09-15,10:23,99.03,99.03,98.7,98.77,608391
INTC,2026-09-15,10:24,98.7503,99.14,98.72,98.9811,358195
INTC,2026-09-15,10:25,98.98,99.1,98.96,99.02,217112
INTC,2026-09-15,10:26,99.0156,99.17,98.96,99.04,213540
INTC,2026-09-15,10:27,99.03,99.235,99.02,99.136,189026
INTC,2026-09-15,10:28,99.1342,99.34,99.1342,99.28,245746
INTC,2026-09-15,10:29,99.3,99.3092,99.13,99.25,169480
INTC,2026-09-15,10:30,99.24,99.3,99.1901,99.205,141143
INTC,2026-09-15,10:31,99.21,99.55,99.2,99.53,282993
INTC,2026-09-15,10:32,99.525,99.53,99.25,99.2766,175243
INTC,2026-09-15,10:33,99.275,99.36,99.15,99.21,143703
INTC,2026-09-15,10:34,99.2,99.2,98.99,99.035,271349
INTC,2026-09-15,10:35,99.0301,99.07,98.85,98.92,207580
INTC,2026-09-15,10:36,98.91,99.0795,98.8,98.9501,232205
INTC,2026-09-15,10:37,98.97,98.9909,98.8106,98.885,151782
INTC,2026-09-15,10:38,98.87,98.8795,98.5,98.61,312766
INTC,2026-09-15,10:39,98.63,98.78,98.57,98.745,207383
INTC,2026-09-15,10:40,98.74,98.74,98.53,98.5423,213487
INTC,2026-09-15,10:41,98.545,98.67,98.53,98.56,151510
INTC,2026-09-15,10:42,98.55,98.77,98.53,98.65,220062
INTC,2026-09-15,10:43,98.64,98.7193,98.5,98.505,250096
INTC,2026-09-15,10:44,98.51,98.635,98.51,98.63,176066
INTC,2026-09-15,10:45,98.62,98.6798,98.525,98.6798,265704
INTC,2026-09-15,10:46,98.68,98.86,98.61,98.855,412662
INTC,2026-09-15,10:47,98.855,98.855,98.6,98.6374,182086
INTC,2026-09-15,10:48,98.6385,98.64,98.54,98.5501,112140
INTC,2026-09-15,10:49,98.56,98.595,98.405,98.51,235017
INTC,2026-09-15,10:50,98.5138,98.5373,98.28,98.41,234879
INTC,2026-09-15,10:51,98.41,98.45,98.15,98.165,296430
INTC,2026-09-15,10:52,98.1601,98.24,98.1249,98.218,169855
INTC,2026-09-15,10:53,98.22,98.24,98.028,98.1,235031
INTC,2026-09-15,10:54,98.105,98.22,98.1032,98.19,267589
INTC,2026-09-15,10:55,98.185,98.185,98.0585,98.1,175255
INTC,2026-09-15,10:56,98.105,98.35,98.07,98.335,224637
INTC,2026-09-15,10:57,98.34,98.597,98.3,98.56,317711
INTC,2026-09-15,10:58,98.555,98.5706,98.39,98.4201,212737
INTC,2026-09-15,10:59,98.4398,98.4398,98.23,98.245,152020
INTC,2026-09-15,11:00,98.245,98.4,98.245,98.335,231102
INTC,2026-09-15,11:01,98.335,98.63,98.27,98.63,290148
INTC,2026-09-15,11:02,98.64,98.755,98.385,98.41,472173
INTC,2026-09-15,11:03,98.4019,98.7,98.34,98.695,292615
INTC,2026-09-15,11:04,98.6951,98.81,98.64,98.7775,230619
INTC,2026-09-15,11:05,98.775,98.88,98.65,98.665,265995
INTC,2026-09-15,11:06,98.65,98.6595,98.4427,98.55,245792
INTC,2026-09-15,11:07,98.5599,98.5599,98.46,98.535,93653
INTC,2026-09-15,11:08,98.52,98.635,98.44,98.475,171405
INTC,2026-09-15,11:09,98.4771,98.5199,98.36,98.43,163478
INTC,2026-09-15,11:10,98.438,98.45,98.15,98.17,172239
INTC,2026-09-15,11:11,98.18,98.24,98.08,98.1,127620
INTC,2026-09-15,11:12,98.09,98.25,98.02,98.2001,220202
INTC,2026-09-15,11:13,98.212,98.23,97.971,97.995,241331
INTC,2026-09-15,11:14,97.995,98.365,97.9828,98.3205,139205
INTC,2026-09-15,11:15,98.33,98.36,98.2,98.2,157363
INTC,2026-09-15,11:16,98.23,98.34,98.1929,98.2828,116910
INTC,2026-09-15,11:17,98.285,98.3443,98.2701,98.33,72085
INTC,2026-09-15,11:18,98.33,98.35,98.2604,98.335,97445
INTC,2026-09-15,11:19,98.34,98.42,98.23,98.265,152376
INTC,2026-09-15,11:20,98.29,98.29,98.18,98.215,96696
INTC,2026-09-15,11:21,98.22,98.3,98.19,98.2762,92285
INTC,2026-09-15,11:22,98.2799,98.78,98.275,98.77,266033
INTC,2026-09-15,11:23,98.778,98.83,98.711,98.725,215359
INTC,2026-09-15,11:24,98.72,98.7244,98.63,98.67,144070
INTC,2026-09-15,11:25,98.658,98.89,98.6486,98.85,168614
INTC,2026-09-15,11:26,98.86,98.86,98.75,98.86,200127
INTC,2026-09-15,11:27,98.8427,99.11,98.8401,99.0995,245782
INTC,2026-09-15,11:28,99.1016,99.17,99.06,99.1174,244986
INTC,2026-09-15,11:29,99.12,99.17,99.065,99.1637,151551
INTC,2026-09-15,11:30,99.16,99.2197,99.09,99.13,236961
INTC,2026-09-15,11:31,99.135,99.1394,98.79,98.83,280518
INTC,2026-09-15,11:32,98.825,98.8595,98.65,98.74,252528
INTC,2026-09-15,11:33,98.735,98.83,98.71,98.74,132676
INTC,2026-09-15,11:34,98.74,98.765,98.57,98.5833,253917
INTC,2026-09-15,11:35,98.59,98.6199,98.455,98.5,149044
INTC,2026-09-15,11:36,98.5,98.65,98.49,98.509,132657
INTC,2026-09-15,11:37,98.5068,98.53,98.43,98.4677,114951
INTC,2026-09-15,11:38,98.4699,98.58,98.38,98.5305,182141
INTC,2026-09-15,11:39,98.5373,98.565,98.38,98.3844,115263
INTC,2026-09-15,11:40,98.3908,98.395,98.26,98.32,161891
INTC,2026-09-15,11:41,98.32,98.3699,98.2,98.26,138062
INTC,2026-09-15,11:42,98.26,98.335,98.25,98.295,140243
INTC,2026-09-15,11:43,98.2999,98.365,98.26,98.347,92089
INTC,2026-09-15,11:44,98.35,98.35,98.15,98.21,214029
INTC,2026-09-15,11:45,98.205,98.31,98.105,98.16,151535
INTC,2026-09-15,11:46,98.15,98.24,97.995,98.2201,251325
INTC,2026-09-15,11:47,98.239,98.3651,98.235,98.275,136888
INTC,2026-09-15,11:48,98.2709,98.28,98.21,98.2465,59061
INTC,2026-09-15,11:49,98.245,98.3675,98.23,98.315,98565
INTC,2026-09-15,11:50,98.33,98.43,98.2601,98.34,196787
INTC,2026-09-15,11:51,98.3162,98.3478,98.2102,98.235,79602
INTC,2026-09-15,11:52,98.2371,98.31,98.21,98.24,68009
INTC,2026-09-15,11:53,98.24,98.31,98.215,98.235,62640
INTC,2026-09-15,11:54,98.235,98.245,98.1,98.12,116520
INTC,2026-09-15,11:55,98.115,98.21,97.92,98.1899,214969
INTC,2026-09-15,11:56,98.18,98.19,98.06,98.085,89616
INTC,2026-09-15,11:57,98.085,98.1797,98.08,98.095,70730
INTC,2026-09-15,11:58,98.0996,98.1,97.9982,98.005,122478
INTC,2026-09-15,11:59,98,98.065,97.98,98.0185,112006
INTC,2026-09-15,12:00,98.01,98.44,97.995,98.35,414595
INTC,2026-09-15,12:01,98.3517,98.37,98.23,98.25,221336
INTC,2026-09-15,12:02,98.2358,98.36,98.23,98.354,93614
INTC,2026-09-15,12:03,98.355,98.374,98.19,98.2585,149108
INTC,2026-09-15,12:04,98.269,98.31,98.21,98.255,97740
INTC,2026-09-15,12:05,98.245,98.31,98.21,98.24,67288
INTC,2026-09-15,12:06,98.25,98.325,98.245,98.3,92405
INTC,2026-09-15,12:07,98.295,98.2999,98.2101,98.23,76726
INTC,2026-09-15,12:08,98.22,98.2299,98.09,98.135,174070
INTC,2026-09-15,12:09,98.135,98.1387,97.82,97.965,417770
INTC,2026-09-15,12:10,97.9699,98.0699,97.94,97.9479,138426
INTC,2026-09-15,12:11,97.945,97.9999,97.89,97.925,91723
INTC,2026-09-15,12:12,97.925,97.9286,97.88,97.92,66942
INTC,2026-09-15,12:13,97.9299,98.04,97.87,97.985,162521
INTC,2026-09-15,12:14,97.985,98.05,97.9838,98.005,126917
INTC,2026-09-15,12:15,98,98.07,97.9304,98.065,100491
INTC,2026-09-15,12:16,98.06,98.13,98.02,98.1132,112144
INTC,2026-09-15,12:17,98.1199,98.22,98.1199,98.22,104335
INTC,2026-09-15,12:18,98.2183,98.3,98.19,98.295,99930
INTC,2026-09-15,12:19,98.295,98.33,98.2501,98.32,103562
INTC,2026-09-15,12:20,98.32,98.425,98.32,98.37,148482
INTC,2026-09-15,12:21,98.3701,98.455,98.365,98.455,134618
INTC,2026-09-15,12:22,98.445,98.51,98.41,98.42,131192
INTC,2026-09-15,12:23,98.4151,98.495,98.4,98.46,119380
INTC,2026-09-15,12:24,98.45,98.49,98.4205,98.445,137008
INTC,2026-09-15,12:25,98.45,98.49,98.38,98.405,155704
INTC,2026-09-15,12:26,98.4095,98.4396,98.32,98.3212,145441
INTC,2026-09-15,12:27,98.325,98.41,98.325,98.365,111231
INTC,2026-09-15,12:28,98.365,98.4,98.29,98.3,101990
INTC,2026-09-15,12:29,98.28,98.2894,98.13,98.24,194454
INTC,2026-09-15,12:30,98.24,98.24,98.055,98.065,100177
INTC,2026-09-15,12:31,98.0601,98.1768,98.02,98.135,217871
INTC,2026-09-15,12:32,98.1085,98.15,98.045,98.135,91926
INTC,2026-09-15,12:33,98.13,98.15,98.06,98.085,108423
INTC,2026-09-15,12:34,98.09,98.1392,98.0701,98.125,84705
INTC,2026-09-15,12:35,98.14,98.1749,98.07,98.09,79171
INTC,2026-09-15,12:36,98.09,98.15,98.0501,98.0515,67919
INTC,2026-09-15,12:37,98.06,98.07,98.015,98.045,49674
INTC,2026-09-15,12:38,98.04,98.12,97.97,97.975,127240
INTC,2026-09-15,12:39,97.97,98.16,97.96,98.11,208295
INTC,2026-09-15,12:40,98.1062,98.12,98.02,98.065,114405
INTC,2026-09-15,12:41,98.05,98.15,98.05,98.1249,79695
INTC,2026-09-15,12:42,98.1299,98.17,98.115,98.1416,46329
INTC,2026-09-15,12:43,98.14,98.1499,98.12,98.135,38582
INTC,2026-09-15,12:44,98.135,98.1799,98.1,98.175,84799
INTC,2026-09-15,12:45,98.17,98.175,98.02,98.1615,153288
INTC,2026-09-15,12:46,98.1603,98.195,98.12,98.135,67702
INTC,2026-09-15,12:47,98.135,98.15,98.06,98.07,89783
INTC,2026-09-15,12:48,98.08,98.09,97.98,97.98,104610
INTC,2026-09-15,12:49,97.98,98.03,97.942,98.005,81233
INTC,2026-09-15,12:50,98.015,98.0585,98,98.03,77267
INTC,2026-09-15,12:51,98.04,98.08,98.02,98.05,67534
INTC,2026-09-15,12:52,98.04,98.14,98.0301,98.0999,74623
INTC,2026-09-15,12:53,98.09,98.145,98.085,98.09,66178
INTC,2026-09-15,12:54,98.08,98.095,98.04,98.065,54879
INTC,2026-09-15,12:55,98.07,98.07,98.025,98.05,63404
INTC,2026-09-15,12:56,98.04,98.055,97.956,97.956,58063
INTC,2026-09-15,12:57,97.955,97.97,97.88,97.88,121845
INTC,2026-09-15,12:58,97.87,97.95,97.85,97.89,93359
INTC,2026-09-15,12:59,97.885,97.9,97.83,97.87,67499
INTC,2026-09-15,13:00,97.87,97.87,97.745,97.755,165385
INTC,2026-09-15,13:01,97.76,97.87,97.755,97.8635,115111
INTC,2026-09-15,13:02,97.8679,97.8799,97.8,97.835,68805
INTC,2026-09-15,13:03,97.8305,97.84,97.75,97.805,71011
INTC,2026-09-15,13:04,97.8085,97.835,97.685,97.6999,102403
INTC,2026-09-15,13:05,97.68,97.7,97.66,97.6661,133489
INTC,2026-09-15,13:06,97.66,97.7499,97.61,97.705,130680
INTC,2026-09-15,13:07,97.706,97.77,97.7,97.725,119164
INTC,2026-09-15,13:08,97.725,97.7699,97.705,97.735,40104
INTC,2026-09-15,13:09,97.7361,97.7361,97.6,97.6205,130387
INTC,2026-09-15,13:10,97.63,97.7,97.62,97.645,68018
INTC,2026-09-15,13:11,97.65,97.6699,97.59,97.63,126867
INTC,2026-09-15,13:12,97.63,97.65,97.58,97.585,101195
INTC,2026-09-15,13:13,97.59,97.6354,97.565,97.59,66866
INTC,2026-09-15,13:14,97.6,97.69,97.59,97.595,86383
INTC,2026-09-15,13:15,97.595,97.69,97.595,97.6381,55440
INTC,2026-09-15,13:16,97.63,97.67,97.562,97.6397,78774
INTC,2026-09-15,13:17,97.635,97.665,97.61,97.64,68628
INTC,2026-09-15,13:18,97.64,97.7,97.635,97.6476,85315
INTC,2026-09-15,13:19,97.64,97.7,97.6,97.69,89679
INTC,2026-09-15,13:20,97.68,97.73,97.67,97.7,110120
INTC,2026-09-15,13:21,97.7,97.7,97.585,97.6095,100580
INTC,2026-09-15,13:22,97.6,97.67,97.5865,97.6324,74244
INTC,2026-09-15,13:23,97.635,97.71,97.63,97.6831,46510
INTC,2026-09-15,13:24,97.685,97.7,97.6017,97.606,65246
INTC,2026-09-15,13:25,97.6,97.6764,97.6,97.6367,57610
INTC,2026-09-15,13:26,97.625,97.78,97.6102,97.7577,109762
INTC,2026-09-15,13:27,97.7671,97.89,97.7549,97.875,142309
INTC,2026-09-15,13:28,97.875,97.89,97.8101,97.826,132992
INTC,2026-09-15,13:29,97.825,97.892,97.79,97.885,99403
INTC,2026-09-15,13:30,97.885,97.96,97.855,97.88,137406
INTC,2026-09-15,13:31,97.875,97.905,97.84,97.845,76049
INTC,2026-09-15,13:32,97.845,97.95,97.845,97.925,85636
INTC,2026-09-15,13:33,97.94,97.96,97.9,97.93,89181
INTC,2026-09-15,13:34,97.9301,97.95,97.8,97.81,119804
INTC,2026-09-15,13:35,97.8278,97.89,97.8223,97.8629,64370
INTC,2026-09-15,13:36,97.87,97.88,97.82,97.88,58689
INTC,2026-09-15,13:37,97.87,97.93,97.84,97.91,56953
INTC,2026-09-15,13:38,97.91,97.92,97.8,97.8095,93153
INTC,2026-09-15,13:39,97.8,97.8,97.66,97.67,113581
INTC,2026-09-15,13:40,97.66,97.7,97.6401,97.655,99966
INTC,2026-09-15,13:41,97.65,97.6585,97.47,97.49,211270
INTC,2026-09-15,13:42,97.49,97.505,97.4,97.43,136315
INTC,2026-09-15,13:43,97.435,97.47,97.3601,97.455,136249
INTC,2026-09-15,13:44,97.4585,97.5225,97.38,97.415,108929
INTC,2026-09-15,13:45,97.4101,97.54,97.4101,97.49,84167
INTC,2026-09-15,13:46,97.495,97.5199,97.41,97.44,103429
INTC,2026-09-15,13:47,97.45,97.46,97.415,97.44,56219
INTC,2026-09-15,13:48,97.44,97.475,97.415,97.465,86203
INTC,2026-09-15,13:49,97.47,97.4999,97.46,97.49,61543
INTC,2026-09-15,13:50,97.4814,97.49,97.43,97.43,54218
INTC,2026-09-15,13:51,97.44,97.52,97.4338,97.47,57209
INTC,2026-09-15,13:52,97.47,97.4899,97.425,97.465,65194
INTC,2026-09-15,13:53,97.465,97.525,97.465,97.515,80683
INTC,2026-09-15,13:54,97.515,97.515,97.41,97.494,65250
INTC,2026-09-15,13:55,97.4991,97.515,97.46,97.495,57822
INTC,2026-09-15,13:56,97.4995,97.5385,97.48,97.5187,75797
INTC,2026-09-15,13:57,97.52,97.5308,97.4902,97.4902,66335
INTC,2026-09-15,13:58,97.5,97.57,97.495,97.545,98660
INTC,2026-09-15,13:59,97.555,97.5659,97.52,97.555,133661
INTC,2026-09-15,14:00,97.5547,97.56,97.41,97.4738,123358
INTC,2026-09-15,14:01,97.4763,97.56,97.465,97.53,62882
INTC,2026-09-15,14:02,97.53,97.53,97.485,97.5,86073
INTC,2026-09-15,14:03,97.485,97.4995,97.43,97.445,133901
INTC,2026-09-15,14:04,97.44,97.52,97.435,97.485,79809
INTC,2026-09-15,14:05,97.48,97.63,97.47,97.6249,274016
INTC,2026-09-15,14:06,97.625,97.7607,97.615,97.6212,279857
INTC,2026-09-15,14:07,97.6257,97.74,97.6201,97.73,88893
INTC,2026-09-15,14:08,97.73,97.78,97.7,97.78,99489
INTC,2026-09-15,14:09,97.7799,97.825,97.6,97.615,179455
INTC,2026-09-15,14:10,97.62,97.625,97.405,97.42,156963
INTC,2026-09-15,14:11,97.42,97.445,97.3701,97.4,150441
INTC,2026-09-15,14:12,97.385,97.43,97.375,97.375,70718
INTC,2026-09-15,14:13,97.3799,97.395,97.2,97.235,215345
INTC,2026-09-15,14:14,97.2383,97.3263,97.215,97.2967,138184
INTC,2026-09-15,14:15,97.3,97.32,97.23,97.23,150187
INTC,2026-09-15,14:16,97.2307,97.26,97.18,97.215,95941
INTC,2026-09-15,14:17,97.212,97.212,97.15,97.2,86315
INTC,2026-09-15,14:18,97.2064,97.3,97.2001,97.245,132286
INTC,2026-09-15,14:19,97.245,97.265,97.195,97.245,86628
INTC,2026-09-15,14:20,97.245,97.2699,97.1603,97.175,102458
INTC,2026-09-15,14:21,97.18,97.2099,97.155,97.17,68009
INTC,2026-09-15,14:22,97.175,97.23,97.155,97.215,106337
INTC,2026-09-15,14:23,97.21,97.24,97.14,97.14,104634
INTC,2026-09-15,14:24,97.1401,97.16,97.115,97.14,92441
INTC,2026-09-15,14:25,97.135,97.17,97.1305,97.1601,60893
INTC,2026-09-15,14:26,97.16,97.19,97.1334,97.175,78821
INTC,2026-09-15,14:27,97.165,97.18,97.09,97.1073,81907
INTC,2026-09-15,14:28,97.11,97.21,97.11,97.2066,123252
INTC,2026-09-15,14:29,97.22,97.24,97.082,97.095,210485
INTC,2026-09-15,14:30,97.09,97.105,97.07,97.1,79354
INTC,2026-09-15,14:31,97.105,97.15,97.08,97.11,67105
INTC,2026-09-15,14:32,97.11,97.12,97.05,97.0899,81174
INTC,2026-09-15,14:33,97.085,97.11,96.99,97.01,230006
INTC,2026-09-15,14:34,97.0183,97.04,97,97.02,94482
INTC,2026-09-15,14:35,97.025,97.05,96.965,96.985,100533
INTC,2026-09-15,14:36,96.9801,96.9801,96.89,96.9329,158823
INTC,2026-09-15,14:37,96.93,96.94,96.833,96.9185,153831
INTC,2026-09-15,14:38,96.915,96.94,96.9,96.9299,76443
INTC,2026-09-15,14:39,96.92,96.9599,96.91,96.945,69837
INTC,2026-09-15,14:40,96.9421,96.946,96.84,96.84,65322
INTC,2026-09-15,14:41,96.845,96.95,96.8401,96.8975,152899
INTC,2026-09-15,14:42,96.9,96.9,96.835,96.845,70646
INTC,2026-09-15,14:43,96.8415,96.9,96.8205,96.8799,82108
INTC,2026-09-15,14:44,96.8701,96.92,96.82,96.855,156444
INTC,2026-09-15,14:45,96.855,96.9,96.845,96.8699,58688
INTC,2026-09-15,14:46,96.87,96.87,96.82,96.825,57021
INTC,2026-09-15,14:47,96.825,96.89,96.8001,96.855,60141
INTC,2026-09-15,14:48,96.855,96.89,96.8,96.8767,111984
INTC,2026-09-15,14:49,96.8779,96.88,96.74,96.78,174951
INTC,2026-09-15,14:50,96.79,96.87,96.7,96.8,194567
INTC,2026-09-15,14:51,96.785,96.8,96.75,96.7573,80723
INTC,2026-09-15,14:52,96.75,96.78,96.7301,96.745,56947
INTC,2026-09-15,14:53,96.7575,96.83,96.75,96.755,112880
INTC,2026-09-15,14:54,96.755,96.795,96.735,96.745,76871
INTC,2026-09-15,14:55,96.735,96.79,96.71,96.7675,98802
INTC,2026-09-15,14:56,96.78,96.795,96.7334,96.735,75288
INTC,2026-09-15,14:57,96.7333,96.75,96.69,96.695,95045
INTC,2026-09-15,14:58,96.695,96.74,96.68,96.74,108791
INTC,2026-09-15,14:59,96.74,96.76,96.655,96.675,115322
INTC,2026-09-15,15:00,96.68,96.71,96.61,96.645,183990
INTC,2026-09-15,15:01,96.65,96.6792,96.57,96.61,220838
INTC,2026-09-15,15:02,96.61,96.69,96.5205,96.645,204025
INTC,2026-09-15,15:03,96.645,96.795,96.64,96.77,200391
INTC,2026-09-15,15:04,96.765,96.845,96.7539,96.76,161167
INTC,2026-09-15,15:05,96.7743,96.785,96.7,96.765,97875
INTC,2026-09-15,15:06,96.7685,96.85,96.75,96.85,123167
INTC,2026-09-15,15:07,96.85,96.85,96.76,96.765,144049
INTC,2026-09-15,15:08,96.76,96.87,96.7401,96.84,146233
INTC,2026-09-15,15:09,96.835,96.85,96.8,96.825,102751
INTC,2026-09-15,15:10,96.82,96.98,96.81,96.915,249249
INTC,2026-09-15,15:11,96.915,96.965,96.9,96.954,152537
INTC,2026-09-15,15:12,96.96,96.96,96.8432,96.875,129546
INTC,2026-09-15,15:13,96.875,96.93,96.8501,96.91,93331
INTC,2026-09-15,15:14,96.905,96.97,96.895,96.97,112536
INTC,2026-09-15,15:15,96.965,97.0786,96.965,97.005,148186
INTC,2026-09-15,15:16,97.0099,97.09,96.9701,97.065,111095
INTC,2026-09-15,15:17,97.0661,97.0755,97,97.06,104929
INTC,2026-09-15,15:18,97.065,97.07,97.003,97.0361,99964
INTC,2026-09-15,15:19,97.035,97.28,97.035,97.2701,165950
INTC,2026-09-15,15:20,97.275,97.28,97.2301,97.2301,108096
INTC,2026-09-15,15:21,97.234,97.25,97.17,97.185,90523
INTC,2026-09-15,15:22,97.185,97.2,97.1206,97.18,126951
INTC,2026-09-15,15:23,97.175,97.22,97.14,97.1717,114588
INTC,2026-09-15,15:24,97.1752,97.2,97.13,97.13,71565
INTC,2026-09-15,15:25,97.14,97.1699,97.115,97.135,71723
INTC,2026-09-15,15:26,97.1367,97.1399,97.09,97.1399,79146
INTC,2026-09-15,15:27,97.13,97.27,97.11,97.2602,128511
INTC,2026-09-15,15:28,97.265,97.28,97.21,97.225,123387
INTC,2026-09-15,15:29,97.225,97.235,97.18,97.1802,81918
INTC,2026-09-15,15:30,97.18,97.271,97.12,97.135,168179
INTC,2026-09-15,15:31,97.135,97.175,97.1,97.13,101129
INTC,2026-09-15,15:32,97.13,97.2,97.025,97.165,181423
INTC,2026-09-15,15:33,97.175,97.19,97.1516,97.1799,60859
INTC,2026-09-15,15:34,97.1799,97.225,97.145,97.175,99434
INTC,2026-09-15,15:35,97.17,97.1899,97.065,97.075,114773
INTC,2026-09-15,15:36,97.075,97.1285,97.03,97.095,123496
INTC,2026-09-15,15:37,97.095,97.15,97.02,97.02,151503
INTC,2026-09-15,15:38,97.02,97.105,97.005,97.078,107541
INTC,2026-09-15,15:39,97.075,97.1173,97.065,97.095,78920
INTC,2026-09-15,15:40,97.1,97.18,97.084,97.165,132318
INTC,2026-09-15,15:41,97.165,97.25,97.165,97.205,117592
INTC,2026-09-15,15:42,97.21,97.25,97.16,97.225,80546
INTC,2026-09-15,15:43,97.225,97.25,97.182,97.235,101789
INTC,2026-09-15,15:44,97.24,97.2872,97.23,97.245,109857
INTC,2026-09-15,15:45,97.24,97.38,97.24,97.365,238736
INTC,2026-09-15,15:46,97.3699,97.39,97.31,97.3816,156054
INTC,2026-09-15,15:47,97.385,97.42,97.285,97.29,292942
INTC,2026-09-15,15:48,97.285,97.29,97.15,97.1543,136222
INTC,2026-09-15,15:49,97.155,97.2799,97.135,97.22,196882
INTC,2026-09-15,15:50,97.21,97.31,97.12,97.175,259068
INTC,2026-09-15,15:51,97.175,97.28,97.1703,97.27,184960
INTC,2026-09-15,15:52,97.275,97.32,97.115,97.1299,210908
INTC,2026-09-15,15:53,97.1286,97.185,97.08,97.125,255839
INTC,2026-09-15,15:54,97.1247,97.245,96.99,97.0201,286965
INTC,2026-09-15,15:55,97.0299,97.055,96.91,97.015,428077
INTC,2026-09-15,15:56,97.015,97.1098,96.96,96.965,375454
INTC,2026-09-15,15:57,96.97,97.075,96.955,97.065,505951
INTC,2026-09-15,15:58,97.06,97.06,96.9501,97.015,495658
INTC,2026-09-15,15:59,97.015,97.16,97.015,97.1103,776300
INTC,2026-09-15,16:00,97.14,97.14,97.14,97.14,0
