symbol,date,time,open,high,low,close,volume
SNOW,2026-09-08,09:30,333.59,335.505,332.2,333.242,173038
SNOW,2026-09-08,09:31,332.735,337,331.77,336.565,100388
SNOW,2026-09-08,09:32,337,339.26,335.97,337.69,65841
SNOW,2026-09-08,09:33,337.52,339.42,337.5,339.42,29740
SNOW,2026-09-08,09:34,338.5946,338.76,337.2224,338.485,25909
SNOW,2026-09-08,09:35,338.46,338.485,336.5452,338.395,22889
SNOW,2026-09-08,09:36,338.3,338.84,336.6345,338.015,10977
SNOW,2026-09-08,09:37,338.84,339.3,338.0627,338.67,17145
SNOW,2026-09-08,09:38,338.785,339.8,336.6623,339.455,39382
SNOW,2026-09-08,09:39,339.7,339.97,337.805,338.255,20718
SNOW,2026-09-08,09:40,338.48,339.09,337.78,338.38,7676
SNOW,2026-09-08,09:41,338.25,339,338.11,338.895,11755
SNOW,2026-09-08,09:42,338.81,339.38,337.9,338.91,13152
SNOW,2026-09-08,09:43,338.91,339.2199,337.59,337.905,26725
SNOW,2026-09-08,09:44,337.88,338.08,337.51,337.82,10700
SNOW,2026-09-08,09:45,337.67,338.015,336.68,337.215,13746
SNOW,2026-09-08,09:46,337.3661,337.915,337.06,337.135,15488
SNOW,2026-09-08,09:47,337.54,338.425,337.1008,337.95,8084
SNOW,2026-09-08,09:48,337.95,338.255,337.1,337.61,14857
SNOW,2026-09-08,09:49,337.89,339.28,337.7502,338.7,28996
SNOW,2026-09-08,09:50,338.755,339.94,338.36,339.33,24895
SNOW,2026-09-08,09:51,339.39,339.57,338.16,338.701,23667
SNOW,2026-09-08,09:52,338.14,338.415,336.2468,336.43,26798
SNOW,2026-09-08,09:53,336.43,337.36,336.2912,337.3,10417
SNOW,2026-09-08,09:54,337.305,338.4,337.045,338.055,13168
SNOW,2026-09-08,09:55,338.16,339.79,338.15,338.9459,23745
SNOW,2026-09-08,09:56,339.21,339.77,338.77,339.46,22444
SNOW,2026-09-08,09:57,339.61,340.87,339.35,340.69,22181
SNOW,2026-09-08,09:58,340.51,341.1383,340.47,340.515,23600
SNOW,2026-09-08,09:59,340.44,340.57,339.7,340.01,32040
SNOW,2026-09-08,10:00,340.045,340.045,338.7,338.7,21576
SNOW,2026-09-08,10:01,339.22,339.405,338.2,338.28,15057
SNOW,2026-09-08,10:02,338.415,338.78,338.1755,338.58,5462
SNOW,2026-09-08,10:03,338.2001,339.78,338.2001,339.11,22649
SNOW,2026-09-08,10:04,339.11,339.432,338.2802,339.03,17940
SNOW,2026-09-08,10:05,338.935,339.49,338.44,339,9165
SNOW,2026-09-08,10:06,338.44,339.23,338.44,338.96,5463
SNOW,2026-09-08,10:07,338.69,339.1,338.175,338.66,10463
SNOW,2026-09-08,10:08,338.78,339.06,338.46,338.68,2075
SNOW,2026-09-08,10:09,338.82,338.82,338.33,338.425,7105
SNOW,2026-09-08,10:10,338.41,338.625,337.6687,337.77,14388
SNOW,2026-09-08,10:11,337.93,338.37,337.27,337.395,9717
SNOW,2026-09-08,10:12,337.98,338.13,337.39,337.695,6845
SNOW,2026-09-08,10:13,337.83,338.5,337.52,338.49,9159
SNOW,2026-09-08,10:14,338.48,338.69,337.81,338.355,9539
SNOW,2026-09-08,10:15,338.115,339.93,338.115,339.265,10311
SNOW,2026-09-08,10:16,339.29,339.37,338.57,338.885,18040
SNOW,2026-09-08,10:17,338.825,338.9,338.71,338.9,4774
SNOW,2026-09-08,10:18,338.96,339.28,338.58,338.705,11816
SNOW,2026-09-08,10:19,338.7,338.98,338.67,338.67,4638
SNOW,2026-09-08,10:20,338.67,338.94,338.4388,338.4388,10108
SNOW,2026-09-08,10:21,338.94,339,338.4778,338.7,2858
SNOW,2026-09-08,10:22,338.94,339.645,338.7,339.64,11857
SNOW,2026-09-08,10:23,339.1885,339.705,339.1885,339.42,2970
SNOW,2026-09-08,10:24,339.26,339.72,339.18,339.72,7294
SNOW,2026-09-08,10:25,339.74,339.75,339.4,339.43,6170
SNOW,2026-09-08,10:26,339.425,339.64,338.9578,339.235,8611
SNOW,2026-09-08,10:27,339.235,339.235,338.08,338.355,41226
SNOW,2026-09-08,10:28,338.06,338.5,337.8401,338.245,9802
SNOW,2026-09-08,10:29,338.245,338.245,338.02,338.225,5280
SNOW,2026-09-08,10:30,338.225,338.67,338.21,338.61,3764
SNOW,2026-09-08,10:31,338.59,339.57,338.26,339.09,9602
SNOW,2026-09-08,10:32,339.355,339.59,339.14,339.445,6496
SNOW,2026-09-08,10:33,339.38,339.58,339.1601,339.58,4973
SNOW,2026-09-08,10:34,339.38,339.58,339.17,339.58,7841
SNOW,2026-09-08,10:35,339.475,339.58,338.88,339,10145
SNOW,2026-09-08,10:36,338.86,339.19,338.84,338.84,2858
SNOW,2026-09-08,10:37,338.84,338.95,338.37,338.635,7377
SNOW,2026-09-08,10:38,338.3582,339.48,338.3582,339.26,3275
SNOW,2026-09-08,10:39,339.48,339.72,339.355,339.355,9983
SNOW,2026-09-08,10:40,339.37,340,339.1,339.545,24958
SNOW,2026-09-08,10:41,339.545,339.545,338.8555,338.97,7554
SNOW,2026-09-08,10:42,338.97,339.21,338.91,338.965,2495
SNOW,2026-09-08,10:43,338.96,339.46,338.865,339.32,4317
SNOW,2026-09-08,10:44,339.535,339.85,339.535,339.615,6661
SNOW,2026-09-08,10:45,339.615,340.2799,339.49,339.7925,36376
SNOW,2026-09-08,10:46,339.79,340.15,338.7847,339.21,35150
SNOW,2026-09-08,10:47,339.215,339.215,338.85,339.11,3603
SNOW,2026-09-08,10:48,339.145,339.145,338.61,338.745,4502
SNOW,2026-09-08,10:49,338.66,339.19,338.625,339.05,4635
SNOW,2026-09-08,10:50,339.05,339.315,338.83,339.315,9869
SNOW,2026-09-08,10:51,339.3399,339.3399,338.8,339.01,4022
SNOW,2026-09-08,10:52,338.93,339.34,338.865,339.34,3900
SNOW,2026-09-08,10:53,339.26,339.26,338.45,338.8,15927
SNOW,2026-09-08,10:54,338.8,338.945,338.4594,338.7,3657
SNOW,2026-09-08,10:55,338.65,339.09,338.65,338.95,235242
SNOW,2026-09-08,10:56,338.725,339.08,338.725,339.08,4648
SNOW,2026-09-08,10:57,339.1,339.22,338.955,339.02,5619
SNOW,2026-09-08,10:58,339,339,338.52,338.52,10629
SNOW,2026-09-08,10:59,338.545,338.905,338.545,338.65,13279
SNOW,2026-09-08,11:00,338.83,338.87,338.3,338.53,10434
SNOW,2026-09-08,11:01,338.69,338.69,338.2001,338.46,5814
SNOW,2026-09-08,11:02,338.41,338.85,338.41,338.705,7340
SNOW,2026-09-08,11:03,338.6618,338.98,338.15,338.275,10178
SNOW,2026-09-08,11:04,338.215,338.295,337.79,338.135,12684
SNOW,2026-09-08,11:05,338.05,338.375,338.05,338.2,2674
SNOW,2026-09-08,11:06,338.165,338.22,336.5425,336.565,11519
SNOW,2026-09-08,11:07,336.71,336.95,336.3657,336.7625,16662
SNOW,2026-09-08,11:08,336.7175,336.95,336.42,336.95,13770
SNOW,2026-09-08,11:09,336.685,337.47,336.6,337.47,7013
SNOW,2026-09-08,11:10,337.44,337.49,337.255,337.26,2032
SNOW,2026-09-08,11:11,337.5,337.5,337.1121,337.26,3350
SNOW,2026-09-08,11:12,337.26,337.26,336.805,336.805,4957
SNOW,2026-09-08,11:13,336.73,337.17,336.585,337.05,12148
SNOW,2026-09-08,11:14,337.05,337.245,336.61,336.652,8563
SNOW,2026-09-08,11:15,337,337.36,336.7325,337.245,18510
SNOW,2026-09-08,11:16,337.255,337.255,336.5,336.66,10391
SNOW,2026-09-08,11:17,336.66,337.1086,336.66,336.895,4820
SNOW,2026-09-08,11:18,336.9,336.9321,335.72,335.87,12580
SNOW,2026-09-08,11:19,335.73,335.9615,335.18,335.18,7688
SNOW,2026-09-08,11:20,335.3,335.3,334.66,334.92,11820
SNOW,2026-09-08,11:21,334.92,335.16,334.5,334.5,5412
SNOW,2026-09-08,11:22,334.48,334.76,334.21,334.47,13691
SNOW,2026-09-08,11:23,334.47,334.67,334.17,334.455,6453
SNOW,2026-09-08,11:24,334.71,334.885,334.585,334.665,4573
SNOW,2026-09-08,11:25,334.91,334.98,334.64,334.83,6578
SNOW,2026-09-08,11:26,334.96,335.08,334.4,334.4,13616
SNOW,2026-09-08,11:27,334.47,334.91,334.32,334.7588,4075
SNOW,2026-09-08,11:28,334.7622,335.62,334.7622,335.62,9915
SNOW,2026-09-08,11:29,335.49,335.65,335.19,335.19,8450
SNOW,2026-09-08,11:30,335.2,335.2,334.5,334.64,6188
SNOW,2026-09-08,11:31,334.7,335.1075,334.7,335.1075,3606
SNOW,2026-09-08,11:32,335.115,335.69,335.1,335.45,10221
SNOW,2026-09-08,11:33,335.405,335.405,335.01,335.16,6672
SNOW,2026-09-08,11:34,335.21,335.51,335.155,335.4146,5295
SNOW,2026-09-08,11:35,335.38,335.55,335.23,335.55,3261
SNOW,2026-09-08,11:36,335.25,335.485,335.1757,335.37,5475
SNOW,2026-09-08,11:37,335.2825,335.43,335.28,335.43,1735
SNOW,2026-09-08,11:38,335.285,335.285,334.95,334.965,5116
SNOW,2026-09-08,11:39,334.97,335.27,334.85,335.04,5092
SNOW,2026-09-08,11:40,335.13,335.7,335.005,335.475,7413
SNOW,2026-09-08,11:41,335.475,335.475,335,335.03,5079
SNOW,2026-09-08,11:42,335.04,335.255,334.99,334.99,3632
SNOW,2026-09-08,11:43,334.79,334.84,333.9,334.575,23761
SNOW,2026-09-08,11:44,334.59,334.705,334.31,334.32,3404
SNOW,2026-09-08,11:45,334.32,335.13,334.32,334.595,14558
SNOW,2026-09-08,11:46,334.61,334.76,334.39,334.665,5541
SNOW,2026-09-08,11:47,334.93,334.93,334.549,334.775,3166
SNOW,2026-09-08,11:48,334.93,334.97,334.66,334.67,6255
SNOW,2026-09-08,11:49,334.84,335.15,334.77,335.15,4004
SNOW,2026-09-08,11:50,335.09,335.11,334.7951,335.025,8403
SNOW,2026-09-08,11:51,334.95,334.95,334.6,334.645,6126
SNOW,2026-09-08,11:52,334.65,334.87,334.65,334.665,2651
SNOW,2026-09-08,11:53,334.84,334.84,334.645,334.84,2682
SNOW,2026-09-08,11:54,334.645,334.84,334.39,334.75,12849
SNOW,2026-09-08,11:55,334.755,334.755,334.5,334.515,3222
SNOW,2026-09-08,11:56,334.515,334.89,334.515,334.88,2560
SNOW,2026-09-08,11:57,334.6201,334.97,334.62,334.97,3632
SNOW,2026-09-08,11:58,334.86,334.97,334.46,334.655,4269
SNOW,2026-09-08,11:59,334.655,334.84,334.635,334.65,7389
SNOW,2026-09-08,12:00,334.6775,334.93,334.64,334.745,6037
SNOW,2026-09-08,12:01,334.85,334.9023,334.675,334.85,4253
SNOW,2026-09-08,12:02,334.82,335.03,334.82,334.9625,2929
SNOW,2026-09-08,12:03,334.935,334.935,334.5,334.6475,6455
SNOW,2026-09-08,12:04,334.83,334.85,334.5425,334.5425,4725
SNOW,2026-09-08,12:05,334.59,334.93,334.59,334.805,3991
SNOW,2026-09-08,12:06,334.8,334.8889,334.49,334.76,10135
SNOW,2026-09-08,12:07,334.755,334.755,334.22,334.34,16347
SNOW,2026-09-08,12:08,334.43,334.5175,334.295,334.295,3554
SNOW,2026-09-08,12:09,334.22,334.45,334.22,334.365,3170
SNOW,2026-09-08,12:10,334.525,334.66,334.15,334.57,8822
SNOW,2026-09-08,12:11,334.71,334.87,334.71,334.87,642
SNOW,2026-09-08,12:12,334.665,334.9,334.57,334.75,9153
SNOW,2026-09-08,12:13,334.745,334.755,334.52,334.695,4286
SNOW,2026-09-08,12:14,334.63,334.795,334.53,334.78,8163
SNOW,2026-09-08,12:15,334.665,334.89,334.56,334.77,5718
SNOW,2026-09-08,12:16,334.77,334.77,334.75,334.76,2354
SNOW,2026-09-08,12:17,334.78,334.89,334.6879,334.75,2952
SNOW,2026-09-08,12:18,334.76,335.02,334.63,334.72,9694
SNOW,2026-09-08,12:19,334.84,334.9,334.64,334.9,4118
SNOW,2026-09-08,12:20,334.97,335,334.9,335,10603
SNOW,2026-09-08,12:21,334.79,335.7,334.79,335.7,12416
SNOW,2026-09-08,12:22,335.765,335.77,335.575,335.575,9101
SNOW,2026-09-08,12:23,335.6,336.26,335.37,336.205,9435
SNOW,2026-09-08,12:24,336.205,336.225,335.66,335.81,7308
SNOW,2026-09-08,12:25,335.93,336.22,335.7719,336.0851,4560
SNOW,2026-09-08,12:26,336.19,336.325,336.05,336.0501,2113
SNOW,2026-09-08,12:27,336.235,336.42,335.79,336.04,10805
SNOW,2026-09-08,12:28,335.8152,336.01,335.8152,335.935,3307
SNOW,2026-09-08,12:29,336.11,336.11,335.6795,335.785,2525
SNOW,2026-09-08,12:30,335.71,335.95,335.59,335.79,6002
SNOW,2026-09-08,12:31,335.915,335.915,335.6,335.6504,5557
SNOW,2026-09-08,12:32,335.5,335.5599,335.25,335.375,4901
SNOW,2026-09-08,12:33,335.3,335.38,334.61,334.83,9954
SNOW,2026-09-08,12:34,334.82,335.42,334.82,335.37,5259
SNOW,2026-09-08,12:35,335.42,335.585,335.17,335.585,2697
SNOW,2026-09-08,12:36,335.415,335.48,335.17,335.39,4119
SNOW,2026-09-08,12:37,335.322,335.39,335.322,335.355,1754
SNOW,2026-09-08,12:38,335.38,335.5,335.28,335.5,5951
SNOW,2026-09-08,12:39,335.375,335.535,335.375,335.535,2786
SNOW,2026-09-08,12:40,335.5,336.15,335.46,336.15,6163
SNOW,2026-09-08,12:41,335.885,335.885,335.64,335.745,3318
SNOW,2026-09-08,12:42,335.67,335.9,335.67,335.82,3613
SNOW,2026-09-08,12:43,335.81,336.06,335.5901,336.06,4651
SNOW,2026-09-08,12:44,336.0075,336.45,336.005,336.24,6895
SNOW,2026-09-08,12:45,336.195,336.25,335.86,336.25,5219
SNOW,2026-09-08,12:46,336.0025,336.22,335.49,335.49,9033
SNOW,2026-09-08,12:47,335.485,335.485,335.46,335.46,2049
SNOW,2026-09-08,12:48,335.25,335.2775,335.25,335.27,1778
SNOW,2026-09-08,12:49,335.02,335.02,334.71,335.01,5829
SNOW,2026-09-08,12:50,334.81,335.38,334.81,335.38,13288
SNOW,2026-09-08,12:51,335.28,335.3899,334.935,334.94,5198
SNOW,2026-09-08,12:52,334.955,335.5,334.95,335.3875,3913
SNOW,2026-09-08,12:53,335.6,335.6,335.375,335.41,2111
SNOW,2026-09-08,12:54,335.4,335.76,335.2301,335.64,6117
SNOW,2026-09-08,12:55,335.83,336.07,335.24,335.24,8708
SNOW,2026-09-08,12:56,335.24,335.24,334.91,335.15,4792
SNOW,2026-09-08,12:57,334.98,335.03,334.98,335.03,1316
SNOW,2026-09-08,12:58,335.09,335.11,334.68,334.945,8784
SNOW,2026-09-08,12:59,334.945,334.95,334.6,334.915,4683
SNOW,2026-09-08,13:00,335.05,335.22,334.985,335.19,3883
SNOW,2026-09-08,13:01,334.995,335.33,334.98,335.205,6818
SNOW,2026-09-08,13:02,335.205,335.205,334.791,334.985,5274
SNOW,2026-09-08,13:03,334.79,334.82,334.42,334.645,7715
SNOW,2026-09-08,13:04,334.64,334.64,334,334,11734
SNOW,2026-09-08,13:05,334.045,334.055,333.8,333.92,5218
SNOW,2026-09-08,13:06,333.915,334.34,333.69,334.27,14063
SNOW,2026-09-08,13:07,334.41,334.41,334.07,334.2,5987
SNOW,2026-09-08,13:08,334.07,334.23,333.87,334.23,3853
SNOW,2026-09-08,13:09,334.225,334.43,334.225,334.43,5742
SNOW,2026-09-08,13:10,334.23,334.445,334.0484,334.445,2388
SNOW,2026-09-08,13:11,334.39,334.63,334.24,334.24,1945
SNOW,2026-09-08,13:12,334.37,334.64,334.37,334.4596,4196
SNOW,2026-09-08,13:13,334.41,334.93,334.39,334.8,31971
SNOW,2026-09-08,13:14,334.85,334.98,334.6341,334.955,3062
SNOW,2026-09-08,13:15,334.8,334.96,334.79,334.8,2029
SNOW,2026-09-08,13:16,334.875,335.82,334.87,335.745,11764
SNOW,2026-09-08,13:17,335.82,335.95,335.55,335.595,7614
SNOW,2026-09-08,13:18,335.475,335.75,335.3301,335.52,5510
SNOW,2026-09-08,13:19,335.33,335.46,335.06,335.08,5686
SNOW,2026-09-08,13:20,335.09,335.81,335.09,335.12,5878
SNOW,2026-09-08,13:21,335.125,335.36,335,335.12,1351
SNOW,2026-09-08,13:22,335.185,335.34,335.05,335.28,4803
SNOW,2026-09-08,13:23,335.265,336.22,335.265,335.84,8396
SNOW,2026-09-08,13:24,335.72,335.775,335.64,335.73,9443
SNOW,2026-09-08,13:25,335.725,335.725,335.5,335.56,3104
SNOW,2026-09-08,13:26,335.7,335.945,335.64,335.94,5515
SNOW,2026-09-08,13:27,336.04,336.13,335.945,336,5424
SNOW,2026-09-08,13:28,335.98,335.98,335.79,335.845,2592
SNOW,2026-09-08,13:29,335.845,336.41,335.84,336.215,11398
SNOW,2026-09-08,13:30,336.41,337.345,336.24,337.185,24199
SNOW,2026-09-08,13:31,337.185,337.82,337.135,337.71,21751
SNOW,2026-09-08,13:32,337.9053,338.4899,337.71,338.305,9183
SNOW,2026-09-08,13:33,338.12,338.19,337.81,337.879,8181
SNOW,2026-09-08,13:34,337.86,337.9199,337.67,337.765,23288
SNOW,2026-09-08,13:35,337.755,338.73,337.74,338.73,10375
SNOW,2026-09-08,13:36,338.57,338.805,338.54,338.625,4133
SNOW,2026-09-08,13:37,338.39,338.6,338.12,338.29,4847
SNOW,2026-09-08,13:38,338.29,339.2,338.29,339.2,9878
SNOW,2026-09-08,13:39,339.065,339.22,338.9,339.05,9832
SNOW,2026-09-08,13:40,339.065,339.18,338.74,339.13,12121
SNOW,2026-09-08,13:41,339.0125,339.39,338.975,339.115,10447
SNOW,2026-09-08,13:42,339.12,339.725,339.115,339.65,34506
SNOW,2026-09-08,13:43,339.69,340.615,339.69,340.615,22854
SNOW,2026-09-08,13:44,340.58,340.66,339.71,339.74,15585
SNOW,2026-09-08,13:45,339.74,340.25,339.54,339.85,11077
SNOW,2026-09-08,13:46,339.975,340.3,339.84,339.885,7808
SNOW,2026-09-08,13:47,339.895,340.19,339.81,339.905,6020
SNOW,2026-09-08,13:48,339.84,340,339.55,339.57,19032
SNOW,2026-09-08,13:49,339.4101,339.515,339.13,339.31,6287
SNOW,2026-09-08,13:50,339.275,339.46,339.07,339.165,3049
SNOW,2026-09-08,13:51,339.3,339.3,339.15,339.15,1927
SNOW,2026-09-08,13:52,339.15,339.37,338.7,338.93,13497
SNOW,2026-09-08,13:53,339.14,339.3,338.89,338.89,5510
SNOW,2026-09-08,13:54,338.8875,338.915,338.87,338.915,2640
SNOW,2026-09-08,13:55,338.895,339.23,338.6444,339.16,8292
SNOW,2026-09-08,13:56,339.16,339.16,339,339.15,14163
SNOW,2026-09-08,13:57,339.29,339.445,338.73,338.785,41355
SNOW,2026-09-08,13:58,338.84,338.84,338.8,338.805,3582
SNOW,2026-09-08,13:59,338.64,338.64,338.36,338.47,6852
SNOW,2026-09-08,14:00,338.34,338.59,338.207,338.52,5242
SNOW,2026-09-08,14:01,338.535,339.18,338.53,338.58,5933
SNOW,2026-09-08,14:02,338.595,338.73,338.42,338.61,6982
SNOW,2026-09-08,14:03,338.8,339.1,338.6,338.93,9435
SNOW,2026-09-08,14:04,339.02,339.15,338.93,338.95,5313
SNOW,2026-09-08,14:05,338.95,338.9789,338.69,338.775,13551
SNOW,2026-09-08,14:06,338.83,339.235,338.83,339.04,12765
SNOW,2026-09-08,14:07,338.98,339.06,338.64,338.75,8617
SNOW,2026-09-08,14:08,338.65,339.29,338.58,338.88,13699
SNOW,2026-09-08,14:09,339,339.04,339,339.03,2049
SNOW,2026-09-08,14:10,338.94,338.94,338.7,338.8,3465
SNOW,2026-09-08,14:11,338.775,339.06,338.775,339.06,15042
SNOW,2026-09-08,14:12,339.18,339.24,338.85,338.905,12462
SNOW,2026-09-08,14:13,338.9,339.01,338.39,338.4,5766
SNOW,2026-09-08,14:14,338.4,338.445,338.155,338.345,6775
SNOW,2026-09-08,14:15,338.345,338.345,338.2,338.2,1438
SNOW,2026-09-08,14:16,338.02,338.1499,337.8337,337.9409,2587
SNOW,2026-09-08,14:17,337.955,337.955,337.5991,337.64,3872
SNOW,2026-09-08,14:18,337.615,337.6408,337.12,337.155,8268
SNOW,2026-09-08,14:19,337.0642,337.32,337.0642,337.32,4046
SNOW,2026-09-08,14:20,337.18,337.265,337.1736,337.24,2188
SNOW,2026-09-08,14:21,337.18,337.3,337.0561,337.3,3214
SNOW,2026-09-08,14:22,337.3,337.356,337.17,337.26,3216
SNOW,2026-09-08,14:23,337.15,337.27,337.15,337.27,1935
SNOW,2026-09-08,14:24,337.35,337.835,337.2589,337.5,7153
SNOW,2026-09-08,14:25,337.74,337.74,337.5,337.52,1962
SNOW,2026-09-08,14:26,337.5525,337.555,337.5,337.54,5072
SNOW,2026-09-08,14:27,337.53,337.719,337.46,337.535,3368
SNOW,2026-09-08,14:28,337.46,337.485,337.16,337.16,5170
SNOW,2026-09-08,14:29,337,337.185,336.97,337.185,7286
SNOW,2026-09-08,14:30,337.205,337.21,337.12,337.16,2682
SNOW,2026-09-08,14:31,337.16,337.42,337,337.32,6369
SNOW,2026-09-08,14:32,337.42,337.55,337.37,337.375,2678
SNOW,2026-09-08,14:33,337.54,337.69,337.28,337.68,8769
SNOW,2026-09-08,14:34,337.565,338.07,337.5,338.06,7057
SNOW,2026-09-08,14:35,338.07,338.3,337.7301,337.965,7275
SNOW,2026-09-08,14:36,338.04,338.66,338.04,338.66,12577
SNOW,2026-09-08,14:37,338.65,338.65,337.67,337.74,16608
SNOW,2026-09-08,14:38,337.75,338.02,337.75,337.88,5781
SNOW,2026-09-08,14:39,337.8875,337.8875,337.66,337.82,4069
SNOW,2026-09-08,14:40,337.735,337.95,337.67,337.88,7574
SNOW,2026-09-08,14:41,337.7175,337.83,337.591,337.705,3850
SNOW,2026-09-08,14:42,337.675,337.71,337.53,337.615,7731
SNOW,2026-09-08,14:43,337.78,338.02,337.78,337.99,4765
SNOW,2026-09-08,14:44,337.67,337.8,337.665,337.8,3398
SNOW,2026-09-08,14:45,337.6775,337.83,337.12,337.12,19498
SNOW,2026-09-08,14:46,337.33,337.88,337.33,337.88,6156
SNOW,2026-09-08,14:47,337.91,338.18,337.49,337.49,9745
SNOW,2026-09-08,14:48,337.6,337.6,336.8,336.935,18922
SNOW,2026-09-08,14:49,336.935,337.18,336.75,336.985,5205
SNOW,2026-09-08,14:50,337.0075,337.31,336.77,337.025,20086
SNOW,2026-09-08,14:51,337.025,337.07,336.54,336.575,20728
SNOW,2026-09-08,14:52,336.54,336.58,336.33,336.41,6232
SNOW,2026-09-08,14:53,336.37,336.58,336.23,336.41,7025
SNOW,2026-09-08,14:54,336.51,337.22,336.24,336.9475,11397
SNOW,2026-09-08,14:55,337.23,337.67,337.23,337.38,4432
SNOW,2026-09-08,14:56,337.375,337.68,337.16,337.68,7493
SNOW,2026-09-08,14:57,337.675,337.94,337.675,337.71,2076
SNOW,2026-09-08,14:58,337.935,337.99,337.69,337.99,8683
SNOW,2026-09-08,14:59,337.98,338.14,337.98,338.035,5703
SNOW,2026-09-08,15:00,338.035,338.185,337.93,338,7286
SNOW,2026-09-08,15:01,337.98,338.32,337.7,338.32,9255
SNOW,2026-09-08,15:02,338.32,338.5,338.18,338.28,11357
SNOW,2026-09-08,15:03,338.12,338.15,337.86,338.07,11514
SNOW,2026-09-08,15:04,338.07,338.26,337.71,337.71,8238
SNOW,2026-09-08,15:05,337.72,337.96,337.631,337.7625,2863
SNOW,2026-09-08,15:06,337.69,339.235,337.69,338.62,17203
SNOW,2026-09-08,15:07,338.21,338.71,337.87,338.0975,4738
SNOW,2026-09-08,15:08,337.974,338.6,337.974,338.6,5526
SNOW,2026-09-08,15:09,338.54,338.72,338.15,338.15,8848
SNOW,2026-09-08,15:10,338.4173,338.61,338.19,338.61,5343
SNOW,2026-09-08,15:11,338.645,338.83,338.635,338.825,2149
SNOW,2026-09-08,15:12,338.795,338.9,338.5,338.62,6756
SNOW,2026-09-08,15:13,338.61,338.61,338.39,338.59,2934
SNOW,2026-09-08,15:14,338.585,338.8199,338.4,338.43,6854
SNOW,2026-09-08,15:15,338.605,338.91,338.57,338.91,6709
SNOW,2026-09-08,15:16,338.91,338.98,338.35,338.35,10056
SNOW,2026-09-08,15:17,338.2301,338.35,337.695,337.96,8987
SNOW,2026-09-08,15:18,337.7575,337.81,337.56,337.715,7212
SNOW,2026-09-08,15:19,337.725,337.797,336.33,336.33,16791
SNOW,2026-09-08,15:20,336.34,336.52,336.07,336.11,10730
SNOW,2026-09-08,15:21,336.11,336.27,335.94,336.1892,6165
SNOW,2026-09-08,15:22,336.075,336.27,335.64,335.64,7462
SNOW,2026-09-08,15:23,335.9225,336.04,335.765,335.91,5297
SNOW,2026-09-08,15:24,336.1,336.1,335.9,335.9,4620
SNOW,2026-09-08,15:25,336.12,336.3,335.94,336.15,4729
SNOW,2026-09-08,15:26,336.15,336.16,335.77,336.155,13223
SNOW,2026-09-08,15:27,336.16,336.815,336.155,336.62,7314
SNOW,2026-09-08,15:28,336.665,337.06,336.56,336.785,32180
SNOW,2026-09-08,15:29,336.725,336.88,336.35,336.35,10068
SNOW,2026-09-08,15:30,336.26,336.39,336.185,336.24,4828
SNOW,2026-09-08,15:31,336.24,336.445,336.24,336.28,9548
SNOW,2026-09-08,15:32,336.335,336.69,336.2289,336.55,6618
SNOW,2026-09-08,15:33,336.38,336.7299,336.38,336.585,17595
SNOW,2026-09-08,15:34,336.585,337.91,336.585,337.845,21558
SNOW,2026-09-08,15:35,337.69,337.69,336.94,336.985,10694
SNOW,2026-09-08,15:36,336.985,337.17,336.985,337.015,8997
SNOW,2026-09-08,15:37,337.015,337.1599,336.82,336.97,18576
SNOW,2026-09-08,15:38,337.025,337.1,336.68,336.845,13830
SNOW,2026-09-08,15:39,336.845,336.86,336.65,336.815,7734
SNOW,2026-09-08,15:40,336.74,337.17,336.73,337,41155
SNOW,2026-09-08,15:41,337.095,337.19,336.83,336.915,20163
SNOW,2026-09-08,15:42,336.925,337.46,336.925,337.345,22928
SNOW,2026-09-08,15:43,337.345,337.47,336.82,336.82,28097
SNOW,2026-09-08,15:44,336.82,337.31,336.65,337.25,21052
SNOW,2026-09-08,15:45,337.31,337.38,337.05,337.05,10241
SNOW,2026-09-08,15:46,337.03,337.24,336.64,337.17,17105
SNOW,2026-09-08,15:47,337.16,337.215,337.06,337.205,10449
SNOW,2026-09-08,15:48,337.205,337.64,337.07,337.585,18131
SNOW,2026-09-08,15:49,337.585,337.585,336.36,336.575,36947
SNOW,2026-09-08,15:50,336.575,337.06,336.575,336.905,18278
SNOW,2026-09-08,15:51,336.905,336.99,336.52,336.565,29054
SNOW,2026-09-08,15:52,336.555,336.58,335.925,335.98,21663
SNOW,2026-09-08,15:53,335.98,336.46,335.79,336.265,96591
SNOW,2026-09-08,15:54,336.26,336.34,336.03,336.045,22520
SNOW,2026-09-08,15:55,336.045,336.14,335.13,335.57,51719
SNOW,2026-09-08,15:56,335.565,335.96,335.25,335.96,49518
SNOW,2026-09-08,15:57,335.8425,335.95,335.29,335.515,54620
SNOW,2026-09-08,15:58,335.515,335.74,334.78,334.855,88366
SNOW,2026-09-08,15:59,334.81,335.94,334.7,335.69,157578
SNOW,2026-09-08,16:00,335.5,335.5,335.5,335.5,0
SNOW,2026-09-09,09:30,337.75,337.75,336.89,336.89,188658
SNOW,2026-09-09,09:31,337.35,338.3972,335,335.535,9235
SNOW,2026-09-09,09:32,335.535,336.1033,334.75,335.85,5354
SNOW,2026-09-09,09:33,335.21,335.21,334.6,335.085,2802
SNOW,2026-09-09,09:34,335.68,336.4317,334.5,335.02,9399
SNOW,2026-09-09,09:35,334.77,334.77,333.01,333.5492,21941
SNOW,2026-09-09,09:36,333.53,335.558,333.5,335.165,6711
SNOW,2026-09-09,09:37,335.47,335.52,333.39,334.265,9738
SNOW,2026-09-09,09:38,334.41,334.528,333.62,334.1,12420
SNOW,2026-09-09,09:39,333.5,335.105,333.14,334.895,20269
SNOW,2026-09-09,09:40,335.46,336.7,335.46,336.7,12992
SNOW,2026-09-09,09:41,336.86,338.4999,336.4425,338.159,16613
SNOW,2026-09-09,09:42,337.99,339.59,337.81,339.17,41755
SNOW,2026-09-09,09:43,339.085,339.2599,336.99,337.0101,15411
SNOW,2026-09-09,09:44,337.24,337.93,336.8,337.77,12733
SNOW,2026-09-09,09:45,338.2,338.49,337,337.55,20944
SNOW,2026-09-09,09:46,337.08,338.075,337.08,338.05,4774
SNOW,2026-09-09,09:47,338.39,339,337.55,337.79,10402
SNOW,2026-09-09,09:48,337.5,337.99,336.3501,337.36,16751
SNOW,2026-09-09,09:49,337.27,337.27,335.88,336.335,10316
SNOW,2026-09-09,09:50,336.25,336.25,334.59,334.755,7266
SNOW,2026-09-09,09:51,335.045,335.21,333.26,333.26,12938
SNOW,2026-09-09,09:52,333.46,333.46,331,331.6687,34919
SNOW,2026-09-09,09:53,331.86,332.36,331.5901,332.22,33234
SNOW,2026-09-09,09:54,332.05,332.51,331.98,332.16,16695
SNOW,2026-09-09,09:55,332.1623,332.7,331.7101,332.12,12233
SNOW,2026-09-09,09:56,332.305,332.5,331.59,332.36,8497
SNOW,2026-09-09,09:57,332.3052,332.48,331.76,332.1,7340
SNOW,2026-09-09,09:58,331.9,332.18,331.9,332.025,6113
SNOW,2026-09-09,09:59,331.92,332.39,331.74,332.39,10263
SNOW,2026-09-09,10:00,332.235,332.75,331.93,332.4,7899
SNOW,2026-09-09,10:01,332.31,333.9499,332.2,333.53,11915
SNOW,2026-09-09,10:02,333.475,334.65,333.475,334.275,14137
SNOW,2026-09-09,10:03,334.57,336.5,334,336.41,17774
SNOW,2026-09-09,10:04,336.33,336.99,336.02,336.64,18065
SNOW,2026-09-09,10:05,336.78,336.98,336.24,336.24,9307
SNOW,2026-09-09,10:06,336.34,336.34,335.53,335.57,20150
SNOW,2026-09-09,10:07,335.56,336.03,335.19,336,6217
SNOW,2026-09-09,10:08,336.11,336.43,335.7,335.7,11775
SNOW,2026-09-09,10:09,335.7664,335.7664,334.56,334.815,9449
SNOW,2026-09-09,10:10,334.915,335.16,334.285,334.595,8119
SNOW,2026-09-09,10:11,334.69,335.06,334.64,334.8799,10307
SNOW,2026-09-09,10:12,334.88,335.24,334.01,334.01,17491
SNOW,2026-09-09,10:13,333.525,334.33,333.17,334.26,11857
SNOW,2026-09-09,10:14,334.24,334.45,333.31,333.31,6999
SNOW,2026-09-09,10:15,333.27,333.84,333,333,17998
SNOW,2026-09-09,10:16,333.065,333.27,332.42,333.155,6565
SNOW,2026-09-09,10:17,333.37,333.62,333,333,9337
SNOW,2026-09-09,10:18,333.08,333.23,331.87,332.18,21504
SNOW,2026-09-09,10:19,332.35,332.97,332.35,332.64,11071
SNOW,2026-09-09,10:20,332.92,332.92,332.35,332.35,5012
SNOW,2026-09-09,10:21,332.42,332.91,332.35,332.7,10316
SNOW,2026-09-09,10:22,332.7,333.2,332.52,332.98,7373
SNOW,2026-09-09,10:23,332.81,333.01,332.35,332.48,9466
SNOW,2026-09-09,10:24,332.34,333.6,332.34,333.37,6005
SNOW,2026-09-09,10:25,333.57,333.78,333.385,333.78,5560
SNOW,2026-09-09,10:26,333.87,333.87,333.52,333.77,10688
SNOW,2026-09-09,10:27,333.85,335.65,333.85,335.62,15051
SNOW,2026-09-09,10:28,335.8,336.2,334.88,334.88,33000
SNOW,2026-09-09,10:29,335.34,336.195,335.34,336.195,6862
SNOW,2026-09-09,10:30,335.931,336.25,335.35,335.39,18621
SNOW,2026-09-09,10:31,335.07,335.545,334.2086,335.47,13401
SNOW,2026-09-09,10:32,335.61,335.7699,335.27,335.7699,5242
SNOW,2026-09-09,10:33,335.705,335.75,335.39,335.745,6548
SNOW,2026-09-09,10:34,335.66,336.31,335.5697,335.98,23793
SNOW,2026-09-09,10:35,336.26,336.82,336.26,336.8199,7378
SNOW,2026-09-09,10:36,336.83,338.435,336.77,338.435,18702
SNOW,2026-09-09,10:37,338.26,338.7,337.4,337.5725,15752
SNOW,2026-09-09,10:38,337.545,338.27,337.47,337.74,13381
SNOW,2026-09-09,10:39,337.65,337.8,337.16,337.2,11208
SNOW,2026-09-09,10:40,337.64,338.175,337.55,337.94,8576
SNOW,2026-09-09,10:41,337.88,338.8,337.85,338.5001,14179
SNOW,2026-09-09,10:42,338.56,338.56,337.6,337.6,8325
SNOW,2026-09-09,10:43,337.2801,337.955,337.2801,337.885,6710
SNOW,2026-09-09,10:44,337.8125,337.8125,336.44,336.795,14237
SNOW,2026-09-09,10:45,336.44,337.2525,336.44,336.95,5419
SNOW,2026-09-09,10:46,337.01,337.62,336.82,337.415,7757
SNOW,2026-09-09,10:47,337.61,337.61,337.08,337.18,8503
SNOW,2026-09-09,10:48,337.18,337.18,336.49,336.98,3969
SNOW,2026-09-09,10:49,336.75,336.75,336.0101,336.22,6471
SNOW,2026-09-09,10:50,336.175,336.175,335.39,335.545,8524
SNOW,2026-09-09,10:51,335.38,335.38,334.6456,335.01,7929
SNOW,2026-09-09,10:52,335.18,335.45,335.18,335.435,7210
SNOW,2026-09-09,10:53,334.805,334.805,334.59,334.74,5783
SNOW,2026-09-09,10:54,334.32,334.32,333.83,333.83,6397
SNOW,2026-09-09,10:55,333.8,334.05,333.8,334.015,5033
SNOW,2026-09-09,10:56,334.02,334.17,333.6191,333.9,10280
SNOW,2026-09-09,10:57,333.9,333.99,333.735,333.735,3907
SNOW,2026-09-09,10:58,333.94,333.94,333.45,333.63,10992
SNOW,2026-09-09,10:59,333.655,333.655,333.34,333.4,5777
SNOW,2026-09-09,11:00,333.375,333.67,333.2556,333.57,6579
SNOW,2026-09-09,11:01,333.415,334.24,333.415,333.94,12471
SNOW,2026-09-09,11:02,333.935,334.15,333.74,333.74,3235
SNOW,2026-09-09,11:03,334.1316,334.26,334.01,334.26,7053
SNOW,2026-09-09,11:04,334.23,334.23,333.89,333.915,3959
SNOW,2026-09-09,11:05,333.73,334.1,333.37,333.37,7616
SNOW,2026-09-09,11:06,333.42,333.51,332.51,332.51,11656
SNOW,2026-09-09,11:07,332.6,332.92,332.345,332.92,6870
SNOW,2026-09-09,11:08,332.7402,333.21,332.7402,333.21,6953
SNOW,2026-09-09,11:09,333.21,333.21,332.47,332.65,6393
SNOW,2026-09-09,11:10,332.75,333.14,332.53,332.825,9118
SNOW,2026-09-09,11:11,332.84,332.987,332.33,332.68,6127
SNOW,2026-09-09,11:12,332.81,332.86,332.45,332.56,6910
SNOW,2026-09-09,11:13,332.42,332.42,332.24,332.24,4117
SNOW,2026-09-09,11:14,332.13,332.37,332.06,332.37,4472
SNOW,2026-09-09,11:15,332.37,332.65,332.14,332.65,6447
SNOW,2026-09-09,11:16,332.5,333.04,332.4,333.04,8237
SNOW,2026-09-09,11:17,333.195,333.195,332.91,332.93,12805
SNOW,2026-09-09,11:18,333.26,333.26,333.03,333.03,4441
SNOW,2026-09-09,11:19,333.16,333.16,332.93,333.015,7915
SNOW,2026-09-09,11:20,333.04,333.25,333.04,333.185,9121
SNOW,2026-09-09,11:21,333.26,333.49,333.1426,333.1426,7508
SNOW,2026-09-09,11:22,333.3556,333.3556,332.935,332.99,5563
SNOW,2026-09-09,11:23,332.97,333.32,332.91,333.04,6100
SNOW,2026-09-09,11:24,333.23,333.4,333.0483,333.14,3886
SNOW,2026-09-09,11:25,333.14,333.49,333.05,333.48,10110
SNOW,2026-09-09,11:26,333.33,333.55,333.33,333.43,3084
SNOW,2026-09-09,11:27,333.4684,333.54,333.23,333.46,9208
SNOW,2026-09-09,11:28,333.6,334.875,333.6,334.875,12107
SNOW,2026-09-09,11:29,334.875,335.0499,334.598,334.95,8340
SNOW,2026-09-09,11:30,334.94,335.77,334.93,335.77,12635
SNOW,2026-09-09,11:31,335.77,335.9,335.26,335.385,9797
SNOW,2026-09-09,11:32,335.36,335.41,335.22,335.41,4094
SNOW,2026-09-09,11:33,335.445,335.49,335.26,335.44,4370
SNOW,2026-09-09,11:34,335.37,335.96,335.37,335.85,15371
SNOW,2026-09-09,11:35,335.81,335.89,335.725,335.77,3797
SNOW,2026-09-09,11:36,335.77,335.89,335.58,335.69,25917
SNOW,2026-09-09,11:37,335.69,335.7,335.09,335.34,47337
SNOW,2026-09-09,11:38,335.3512,335.5,335.3512,335.5,2860
SNOW,2026-09-09,11:39,335.36,336,335.36,335.87,15625
SNOW,2026-09-09,11:40,336.12,336.12,335.81,335.81,4184
SNOW,2026-09-09,11:41,335.815,335.815,335.34,335.555,3341
SNOW,2026-09-09,11:42,335.34,336.025,335.34,335.81,6060
SNOW,2026-09-09,11:43,335.67,336.15,335.61,336.125,6801
SNOW,2026-09-09,11:44,336.25,336.68,336.15,336.45,13382
SNOW,2026-09-09,11:45,336.4,336.83,336.4,336.43,8636
SNOW,2026-09-09,11:46,336.4,336.4,335.99,335.99,5326
SNOW,2026-09-09,11:47,336.08,336.11,335.87,335.87,6662
SNOW,2026-09-09,11:48,335.91,335.91,335.67,335.68,9075
SNOW,2026-09-09,11:49,335.62,335.62,335.17,335.22,6451
SNOW,2026-09-09,11:50,335.09,335.44,335.05,335.44,4440
SNOW,2026-09-09,11:51,335.52,335.52,334.88,335.01,3884
SNOW,2026-09-09,11:52,335,335,334.88,334.88,2955
SNOW,2026-09-09,11:53,334.85,334.85,334.47,334.57,5334
SNOW,2026-09-09,11:54,334.57,334.91,334.57,334.91,5603
SNOW,2026-09-09,11:55,334.96,335.32,334.96,335.28,4181
SNOW,2026-09-09,11:56,335.28,335.28,334.78,334.855,8993
SNOW,2026-09-09,11:57,334.855,334.98,334.59,334.98,6597
SNOW,2026-09-09,11:58,335,335,334.73,334.77,9424
SNOW,2026-09-09,11:59,334.65,335.315,334.62,335.315,44464
SNOW,2026-09-09,12:00,335.61,336,335.61,335.76,10608
SNOW,2026-09-09,12:01,335.76,335.92,335.5,335.705,8339
SNOW,2026-09-09,12:02,335.45,335.45,335.17,335.17,2704
SNOW,2026-09-09,12:03,335.19,335.33,334.96,334.96,4818
SNOW,2026-09-09,12:04,334.95,335.36,334.95,335.18,7309
SNOW,2026-09-09,12:05,335.4,335.495,335.295,335.38,4527
SNOW,2026-09-09,12:06,335.32,335.62,335.12,335.615,17046
SNOW,2026-09-09,12:07,335.695,335.695,335.52,335.67,2423
SNOW,2026-09-09,12:08,335.56,335.61,335.32,335.32,9518
SNOW,2026-09-09,12:09,335.57,335.585,335.49,335.49,7462
SNOW,2026-09-09,12:10,335.49,335.5,335.49,335.5,4997
SNOW,2026-09-09,12:11,335.5275,335.57,335.21,335.21,5078
SNOW,2026-09-09,12:12,335.21,335.27,334.92,335.095,12123
SNOW,2026-09-09,12:13,335.19,335.31,335.01,335.105,6815
SNOW,2026-09-09,12:14,335,335.22,334.99,334.99,4922
SNOW,2026-09-09,12:15,335.045,335.1,334.63,334.63,6640
SNOW,2026-09-09,12:16,334.72,334.97,334.72,334.83,3439
SNOW,2026-09-09,12:17,334.905,335.025,334.6,334.6,9446
SNOW,2026-09-09,12:18,334.7201,334.7201,334.54,334.64,4813
SNOW,2026-09-09,12:19,334.645,334.645,334.25,334.39,8832
SNOW,2026-09-09,12:20,334.425,334.425,334.15,334.245,3677
SNOW,2026-09-09,12:21,334.15,334.54,334.15,334.485,8963
SNOW,2026-09-09,12:22,334.43,334.67,334.4,334.47,6853
SNOW,2026-09-09,12:23,334.4,334.46,334.12,334.46,3039
SNOW,2026-09-09,12:24,334.52,334.53,334.4,334.46,3913
SNOW,2026-09-09,12:25,334.4601,334.91,334.46,334.775,11103
SNOW,2026-09-09,12:26,334.65,334.76,334.6,334.6,3142
SNOW,2026-09-09,12:27,334.705,334.705,334.57,334.57,2607
SNOW,2026-09-09,12:28,334.58,334.67,334.495,334.605,4033
SNOW,2026-09-09,12:29,334.605,334.68,334.57,334.68,2473
SNOW,2026-09-09,12:30,334.605,335.14,334.605,335.03,6542
SNOW,2026-09-09,12:31,335.1,335.33,335.05,335.33,6673
SNOW,2026-09-09,12:32,335.395,335.63,335.39,335.57,3865
SNOW,2026-09-09,12:33,335.66,335.78,335.59,335.65,5141
SNOW,2026-09-09,12:34,335.7799,335.78,335.6,335.78,2739
SNOW,2026-09-09,12:35,335.65,335.78,335.65,335.6672,5627
SNOW,2026-09-09,12:36,336,336.1,335.86,335.86,4515
SNOW,2026-09-09,12:37,336.01,336.16,336.01,336.16,1825
SNOW,2026-09-09,12:38,335.97,336.4,335.97,336.4,6008
SNOW,2026-09-09,12:39,336.445,336.52,336.27,336.52,3838
SNOW,2026-09-09,12:40,336.36,336.64,336.36,336.595,5229
SNOW,2026-09-09,12:41,336.475,336.475,336.255,336.26,4583
SNOW,2026-09-09,12:42,336.23,336.35,336.14,336.27,2975
SNOW,2026-09-09,12:43,336.27,336.465,336.238,336.465,4812
SNOW,2026-09-09,12:44,336.36,336.36,336.295,336.295,2787
SNOW,2026-09-09,12:45,336.39,336.415,336.31,336.31,3549
SNOW,2026-09-09,12:46,336.1301,336.56,336.1301,336.53,4472
SNOW,2026-09-09,12:47,336.69,336.745,336.35,336.51,3949
SNOW,2026-09-09,12:48,336.345,336.48,336.2,336.29,3744
SNOW,2026-09-09,12:49,336.29,336.29,336.0034,336.19,4083
SNOW,2026-09-09,12:50,336.19,336.56,336.19,336.56,4831
SNOW,2026-09-09,12:51,336.5257,336.5257,336.42,336.485,2885
SNOW,2026-09-09,12:52,336.4,336.6,336.15,336.555,13233
SNOW,2026-09-09,12:53,336.55,336.55,336.27,336.27,3098
SNOW,2026-09-09,12:54,336.35,336.4,336.26,336.385,1515
SNOW,2026-09-09,12:55,336.5,336.69,336.41,336.69,8020
SNOW,2026-09-09,12:56,336.75,336.96,336.67,336.67,4830
SNOW,2026-09-09,12:57,336.66,336.85,336.49,336.49,4286
SNOW,2026-09-09,12:58,336.55,336.71,336.55,336.7,4320
SNOW,2026-09-09,12:59,336.635,336.64,336.59,336.59,2436
SNOW,2026-09-09,13:00,336.48,336.565,336.34,336.34,4085
SNOW,2026-09-09,13:01,336.27,336.57,336.2,336.5,6696
SNOW,2026-09-09,13:02,336.53,336.605,336.4007,336.515,3048
SNOW,2026-09-09,13:03,336.5,336.62,335.91,335.985,10978
SNOW,2026-09-09,13:04,335.985,336.014,335.81,335.81,4711
SNOW,2026-09-09,13:05,335.83,336.04,335.655,335.98,5845
SNOW,2026-09-09,13:06,335.95,336.1615,335.95,336.1615,1449
SNOW,2026-09-09,13:07,336.06,336.06,335.85,335.94,4029
SNOW,2026-09-09,13:08,335.94,336.19,335.86,336.19,8905
SNOW,2026-09-09,13:09,336.18,336.18,336.12,336.12,1575
SNOW,2026-09-09,13:10,336.0351,336.13,335.93,336.03,6466
SNOW,2026-09-09,13:11,336.06,336.07,335.99,336.04,3122
SNOW,2026-09-09,13:12,336.06,336.19,336.06,336.18,4728
SNOW,2026-09-09,13:13,336.245,336.35,336.13,336.13,5926
SNOW,2026-09-09,13:14,336.18,336.29,335.81,335.81,14811
SNOW,2026-09-09,13:15,335.855,335.97,335.74,335.74,4087
SNOW,2026-09-09,13:16,335.75,335.93,335.75,335.92,2438
SNOW,2026-09-09,13:17,335.9051,336.03,335.885,335.94,94444
SNOW,2026-09-09,13:18,335.925,335.925,335.81,335.85,1978
SNOW,2026-09-09,13:19,335.87,336.01,335.86,335.925,1602
SNOW,2026-09-09,13:20,335.845,335.96,335.7201,335.96,6677
SNOW,2026-09-09,13:21,335.8501,336.02,335.8501,335.93,3597
SNOW,2026-09-09,13:22,335.83,335.83,335.2,335.3,7146
SNOW,2026-09-09,13:23,335.245,335.5,335.245,335.42,4220
SNOW,2026-09-09,13:24,335.405,335.6,335.38,335.6,5147
SNOW,2026-09-09,13:25,335.47,335.47,335.29,335.46,2560
SNOW,2026-09-09,13:26,335.4415,335.46,335.4415,335.46,3026
SNOW,2026-09-09,13:27,335.39,335.41,335.1,335.105,4834
SNOW,2026-09-09,13:28,335.105,335.2,334.971,335.07,8210
SNOW,2026-09-09,13:29,335.07,335.07,334.77,334.77,8468
SNOW,2026-09-09,13:30,334.77,334.78,334.6268,334.69,8484
SNOW,2026-09-09,13:31,334.815,335.07,334.7875,334.875,12893
SNOW,2026-09-09,13:32,334.98,334.98,334.7,334.78,2074
SNOW,2026-09-09,13:33,334.66,334.73,334.66,334.7,3885
SNOW,2026-09-09,13:34,334.7,334.79,334.5,334.5,6971
SNOW,2026-09-09,13:35,334.67,334.71,333.875,333.896,10663
SNOW,2026-09-09,13:36,333.7313,333.87,333.3521,333.525,4301
SNOW,2026-09-09,13:37,333.62,333.84,333.42,333.84,5566
SNOW,2026-09-09,13:38,333.75,333.75,333.11,333.29,8503
SNOW,2026-09-09,13:39,333.26,333.55,333.2498,333.55,3118
SNOW,2026-09-09,13:40,333.46,333.8,333.42,333.695,7533
SNOW,2026-09-09,13:41,333.695,333.73,333.5903,333.5903,2744
SNOW,2026-09-09,13:42,333.9599,333.9599,333.61,333.61,2390
SNOW,2026-09-09,13:43,333.55,333.95,333.55,333.67,7593
SNOW,2026-09-09,13:44,333.57,333.665,333.3,333.61,8941
SNOW,2026-09-09,13:45,333.62,333.62,333.235,333.235,3981
SNOW,2026-09-09,13:46,333.081,333.6299,333.081,333.6299,5326
SNOW,2026-09-09,13:47,333.515,333.73,333.515,333.55,4563
SNOW,2026-09-09,13:48,333.47,333.56,333.27,333.34,3602
SNOW,2026-09-09,13:49,333.385,333.385,333.07,333.15,9356
SNOW,2026-09-09,13:50,333.135,333.19,332.945,333.08,6823
SNOW,2026-09-09,13:51,332.99,333.01,332.94,332.95,2978
SNOW,2026-09-09,13:52,332.95,333.03,332.88,333.02,3955
SNOW,2026-09-09,13:53,332.995,332.995,332.72,332.755,4944
SNOW,2026-09-09,13:54,332.76,332.86,332.62,332.62,6816
SNOW,2026-09-09,13:55,332.68,332.68,332.55,332.575,2451
SNOW,2026-09-09,13:56,332.53,332.53,332.26,332.4375,3921
SNOW,2026-09-09,13:57,332.4,332.61,332.1,332.61,9705
SNOW,2026-09-09,13:58,332.6,332.85,332.52,332.695,10302
SNOW,2026-09-09,13:59,332.695,332.695,332.695,332.695,0
SNOW,2026-09-09,14:00,332.725,333,332.63,333,6725
SNOW,2026-09-09,14:01,332.8901,332.92,332.815,332.885,4984
SNOW,2026-09-09,14:02,332.88,333.23,332.88,332.968,6869
SNOW,2026-09-09,14:03,333.1694,333.23,333.13,333.13,2593
SNOW,2026-09-09,14:04,333.179,333.22,332.98,332.98,3162
SNOW,2026-09-09,14:05,332.98,333.2,332.68,332.68,7213
SNOW,2026-09-09,14:06,332.475,332.555,332.3,332.43,9125
SNOW,2026-09-09,14:07,332.55,332.63,332.451,332.585,1415
SNOW,2026-09-09,14:08,332.54,332.92,332.5105,332.9082,7000
SNOW,2026-09-09,14:09,332.85,332.96,332.72,332.96,2168
SNOW,2026-09-09,14:10,332.81,333.03,332.81,332.91,4910
SNOW,2026-09-09,14:11,332.81,333.04,331.81,332.08,28615
SNOW,2026-09-09,14:12,331.88,332.1279,331.88,332.08,3395
SNOW,2026-09-09,14:13,332.135,332.37,332.06,332.2,6144
SNOW,2026-09-09,14:14,332.38,332.38,332.1,332.28,4532
SNOW,2026-09-09,14:15,332.28,332.38,332.28,332.37,5019
SNOW,2026-09-09,14:16,332.32,332.412,332.28,332.355,7922
SNOW,2026-09-09,14:17,332.35,332.35,331.995,331.995,12254
SNOW,2026-09-09,14:18,332.1,332.13,331.84,332.01,6122
SNOW,2026-09-09,14:19,332.14,332.14,331.84,332.09,3684
SNOW,2026-09-09,14:20,331.88,332.43,331.88,332.43,16651
SNOW,2026-09-09,14:21,332.51,332.709,332.51,332.6,4780
SNOW,2026-09-09,14:22,332.69,332.76,332.6,332.71,4235
SNOW,2026-09-09,14:23,332.72,332.83,332.695,332.83,3444
SNOW,2026-09-09,14:24,332.66,332.69,332.49,332.49,4821
SNOW,2026-09-09,14:25,332.6,332.6,332.29,332.29,3822
SNOW,2026-09-09,14:26,332.11,332.41,332.11,332.39,8463
SNOW,2026-09-09,14:27,332.34,332.48,332.3,332.415,3063
SNOW,2026-09-09,14:28,332.35,332.35,332.04,332.15,11630
SNOW,2026-09-09,14:29,332.26,332.355,332.09,332.355,3807
SNOW,2026-09-09,14:30,332.25,332.335,332,332.09,6755
SNOW,2026-09-09,14:31,332.08,332.24,332.08,332.24,3528
SNOW,2026-09-09,14:32,332.25,332.295,332.06,332.19,6182
SNOW,2026-09-09,14:33,332.01,332.25,331.96,332.25,6387
SNOW,2026-09-09,14:34,332.33,333,332.295,332.9257,8165
SNOW,2026-09-09,14:35,333.04,333.44,333,333.33,7930
SNOW,2026-09-09,14:36,333.44,333.46,333.23,333.31,8679
SNOW,2026-09-09,14:37,333.46,333.53,333.2,333.435,8290
SNOW,2026-09-09,14:38,333.3,333.43,333.15,333.2701,3779
SNOW,2026-09-09,14:39,333.265,333.37,333.1542,333.1542,2883
SNOW,2026-09-09,14:40,333.245,333.43,333.12,333.42,4994
SNOW,2026-09-09,14:41,333.55,333.79,333.53,333.7099,13734
SNOW,2026-09-09,14:42,333.6,333.71,333.265,333.475,7700
SNOW,2026-09-09,14:43,333.55,333.71,333.49,333.69,5117
SNOW,2026-09-09,14:44,333.51,333.585,333.115,333.18,14281
SNOW,2026-09-09,14:45,333.36,333.52,333.36,333.52,2688
SNOW,2026-09-09,14:46,333.55,333.72,333.52,333.72,9218
SNOW,2026-09-09,14:47,333.76,333.92,333.71,333.79,13347
SNOW,2026-09-09,14:48,333.66,333.79,333.63,333.71,3739
SNOW,2026-09-09,14:49,333.85,333.85,333.58,333.72,3216
SNOW,2026-09-09,14:50,333.715,333.715,333.46,333.4602,7405
SNOW,2026-09-09,14:51,333.51,333.65,333.25,333.25,11626
SNOW,2026-09-09,14:52,333.3999,333.4,332.57,332.92,17391
SNOW,2026-09-09,14:53,332.53,333.05,332.53,332.7,3753
SNOW,2026-09-09,14:54,332.73,332.965,332.73,332.91,2855
SNOW,2026-09-09,14:55,332.91,333.08,332.8,332.94,4533
SNOW,2026-09-09,14:56,332.94,333.08,332.92,333.08,5629
SNOW,2026-09-09,14:57,332.945,333.2525,332.85,333.2,9613
SNOW,2026-09-09,14:58,333.24,333.28,333.16,333.185,3952
SNOW,2026-09-09,14:59,333.185,333.29,332.9,332.95,3687
SNOW,2026-09-09,15:00,332.9,333.155,332.9,332.99,5516
SNOW,2026-09-09,15:01,332.88,333.05,332.85,333.05,6733
SNOW,2026-09-09,15:02,332.92,332.97,332.92,332.97,1441
SNOW,2026-09-09,15:03,333.04,333.625,333.01,333.49,17633
SNOW,2026-09-09,15:04,333.5425,333.5425,333.1,333.18,5773
SNOW,2026-09-09,15:05,333.065,333.065,332.9,332.91,3572
SNOW,2026-09-09,15:06,332.92,333.21,332.92,333.165,7621
SNOW,2026-09-09,15:07,333.31,333.4,333.31,333.31,2141
SNOW,2026-09-09,15:08,333.35,333.4,333.12,333.245,5115
SNOW,2026-09-09,15:09,333.11,333.265,333.09,333.215,5459
SNOW,2026-09-09,15:10,333.06,333.13,332.78,332.78,6402
SNOW,2026-09-09,15:11,332.78,332.8,332.71,332.745,5482
SNOW,2026-09-09,15:12,332.7101,332.7101,332.45,332.495,4095
SNOW,2026-09-09,15:13,332.35,332.6,332.35,332.49,4456
SNOW,2026-09-09,15:14,332.53,332.53,332.29,332.29,5677
SNOW,2026-09-09,15:15,332.35,332.39,332.25,332.38,6990
SNOW,2026-09-09,15:16,332.39,332.39,332.12,332.29,6901
SNOW,2026-09-09,15:17,332.285,332.285,332.14,332.14,2758
SNOW,2026-09-09,15:18,332.15,332.23,332,332,6945
SNOW,2026-09-09,15:19,332,332.22,332,332.17,7588
SNOW,2026-09-09,15:20,332.175,332.46,332.16,332.41,12402
SNOW,2026-09-09,15:21,332.44,332.44,332.2,332.23,23953
SNOW,2026-09-09,15:22,332.22,332.34,332.08,332.08,4181
SNOW,2026-09-09,15:23,332.08,332.34,332.08,332.28,6387
SNOW,2026-09-09,15:24,332.34,332.46,332.34,332.375,20556
SNOW,2026-09-09,15:25,332.5,332.92,332.5,332.77,14670
SNOW,2026-09-09,15:26,333,333.04,332.9501,333,4604
SNOW,2026-09-09,15:27,333,333,332.65,332.73,4705
SNOW,2026-09-09,15:28,332.73,332.835,332.65,332.78,7453
SNOW,2026-09-09,15:29,332.78,333.035,332.64,333.035,10060
SNOW,2026-09-09,15:30,333.02,333.02,332.69,332.69,7528
SNOW,2026-09-09,15:31,332.69,332.9,332.56,332.9,7940
SNOW,2026-09-09,15:32,332.83,332.86,332.39,332.41,5429
SNOW,2026-09-09,15:33,332.41,332.59,332.29,332.445,8872
SNOW,2026-09-09,15:34,332.37,332.76,332.36,332.68,10335
SNOW,2026-09-09,15:35,332.59,332.68,332.5,332.68,2541
SNOW,2026-09-09,15:36,332.65,332.66,332.135,332.135,6118
SNOW,2026-09-09,15:37,332.1895,332.57,332.18,332.57,10746
SNOW,2026-09-09,15:38,332.6,332.76,332.6,332.63,9039
SNOW,2026-09-09,15:39,332.75,332.92,332.67,332.805,6033
SNOW,2026-09-09,15:40,332.67,332.83,332.6433,332.68,8298
SNOW,2026-09-09,15:41,332.68,332.68,332.24,332.24,12344
SNOW,2026-09-09,15:42,332.31,332.555,332.27,332.555,7177
SNOW,2026-09-09,15:43,332.49,332.505,332.23,332.5,10170
SNOW,2026-09-09,15:44,332.43,332.5599,332.3581,332.455,6318
SNOW,2026-09-09,15:45,332.4,332.5,332.145,332.145,7810
SNOW,2026-09-09,15:46,332.1385,332.145,331.835,331.88,9875
SNOW,2026-09-09,15:47,331.86,332.09,331.84,331.92,13417
SNOW,2026-09-09,15:48,331.97,332.79,331.97,332.645,12320
SNOW,2026-09-09,15:49,332.64,333.17,332.5001,333.0201,16783
SNOW,2026-09-09,15:50,333.3,333.3741,332.55,332.63,19327
SNOW,2026-09-09,15:51,332.63,332.98,332.63,332.98,20580
SNOW,2026-09-09,15:52,333.12,333.215,332.57,332.755,86394
SNOW,2026-09-09,15:53,332.62,332.805,332.11,332.12,26821
SNOW,2026-09-09,15:54,332.06,332.67,331.88,332.47,106329
SNOW,2026-09-09,15:55,332.3,332.525,332.17,332.38,25980
SNOW,2026-09-09,15:56,332.38,332.67,332.3356,332.34,23959
SNOW,2026-09-09,15:57,332.28,332.315,331.7,332.06,56066
SNOW,2026-09-09,15:58,332.01,332.23,331.27,331.45,83735
SNOW,2026-09-09,15:59,331.41,331.845,331.33,331.47,117101
SNOW,2026-09-09,16:00,331.48,331.48,331.48,331.48,0
SNOW,2026-09-10,09:30,329.7,331.95,329,329.13,88174
SNOW,2026-09-10,09:31,328.65,328.79,327.07,328.04,11459
SNOW,2026-09-10,09:32,328.04,328.4475,325.21,325.47,17354
SNOW,2026-09-10,09:33,325.47,327.02,325.01,326.03,23114
SNOW,2026-09-10,09:34,326.315,326.6,325.08,326.33,14068
SNOW,2026-09-10,09:35,326.6,328.3503,326.6,327.905,15997
SNOW,2026-09-10,09:36,328.028,328.028,326.1501,326.99,16312
SNOW,2026-09-10,09:37,326.59,327.5564,326,326.345,4165
SNOW,2026-09-10,09:38,326.29,328,325.56,327.73,14848
SNOW,2026-09-10,09:39,327.65,330.13,327.65,330.11,17472
SNOW,2026-09-10,09:40,330.59,332.26,329.915,331.66,24208
SNOW,2026-09-10,09:41,331.8921,336.095,331.8921,335.54,41360
SNOW,2026-09-10,09:42,335.35,336.685,335.19,336.655,26770
SNOW,2026-09-10,09:43,337,338.06,336.38,337.44,39107
SNOW,2026-09-10,09:44,337.095,337.845,336.87,337.79,22109
SNOW,2026-09-10,09:45,337.9,338.225,337.55,338.225,20830
SNOW,2026-09-10,09:46,338.4,338.9299,336.73,338.5,27342
SNOW,2026-09-10,09:47,338.515,338.61,337.28,338.0765,25019
SNOW,2026-09-10,09:48,338.61,338.88,336.9,337.53,19399
SNOW,2026-09-10,09:49,337.53,339.5,337.51,339.02,27819
SNOW,2026-09-10,09:50,339.095,339.095,336.47,336.885,15476
SNOW,2026-09-10,09:51,336.89,338,336.79,337.92,17376
SNOW,2026-09-10,09:52,337.91,338.55,337.83,338.1179,8030
SNOW,2026-09-10,09:53,338.2,338.33,337.101,337.535,10439
SNOW,2026-09-10,09:54,337.57,338.21,337.53,337.71,14441
SNOW,2026-09-10,09:55,337.7,338.48,337.7,338.04,11514
SNOW,2026-09-10,09:56,338.025,338.39,337.855,338,7305
SNOW,2026-09-10,09:57,337.59,337.66,337.04,337.6,13178
SNOW,2026-09-10,09:58,337.94,338.28,337.6795,337.86,7814
SNOW,2026-09-10,09:59,337.825,338.67,337.57,338.67,26611
SNOW,2026-09-10,10:00,338.685,339.87,338.62,339.145,36646
SNOW,2026-09-10,10:01,339.18,339.87,338.68,338.99,40672
SNOW,2026-09-10,10:02,339,339.49,338.12,338.12,13442
SNOW,2026-09-10,10:03,338.525,339.26,338.52,339.26,7114
SNOW,2026-09-10,10:04,339.01,339.5,339,339.245,26459
SNOW,2026-09-10,10:05,339.28,339.8699,338.76,339.8699,29704
SNOW,2026-09-10,10:06,339.4443,341.45,339.4443,340.9999,52677
SNOW,2026-09-10,10:07,340.99,341.4,340.2,340.42,47895
SNOW,2026-09-10,10:08,340.28,340.28,339.16,339.28,19649
SNOW,2026-09-10,10:09,339.5299,339.5299,338.09,338.8,14010
SNOW,2026-09-10,10:10,338.75,339.05,338.55,338.99,14509
SNOW,2026-09-10,10:11,339,339.99,338.87,339.99,12430
SNOW,2026-09-10,10:12,340,340.1792,339.04,339.5293,29389
SNOW,2026-09-10,10:13,339.82,340.4061,339.618,339.88,15218
SNOW,2026-09-10,10:14,339.495,339.865,339.25,339.56,12254
SNOW,2026-09-10,10:15,338.87,339.07,337.1901,337.52,21626
SNOW,2026-09-10,10:16,337.19,337.8399,336.26,336.74,48180
SNOW,2026-09-10,10:17,336.98,337.42,336.61,336.61,15185
SNOW,2026-09-10,10:18,336.92,337.09,336.26,336.76,10224
SNOW,2026-09-10,10:19,336.505,336.955,335.9236,335.9236,12575
SNOW,2026-09-10,10:20,335.9,336.5,335.6346,336.335,13674
SNOW,2026-09-10,10:21,336.5516,336.5516,336.08,336.3,8921
SNOW,2026-09-10,10:22,336.52,337.36,336.1,337.3599,9576
SNOW,2026-09-10,10:23,337.125,337.35,336.3501,336.63,5440
SNOW,2026-09-10,10:24,336.63,337.7,336.525,337.6899,7475
SNOW,2026-09-10,10:25,337.29,337.29,337.1825,337.185,4296
SNOW,2026-09-10,10:26,337.185,337.185,336.68,337.08,5491
SNOW,2026-09-10,10:27,337,338.1,337,337.86,13330
SNOW,2026-09-10,10:28,337.75,337.75,336.6201,336.79,15928
SNOW,2026-09-10,10:29,336.7094,337.25,336.7094,336.94,2782
SNOW,2026-09-10,10:30,336.6986,337.32,336.6986,337.22,4495
SNOW,2026-09-10,10:31,337.09,337.255,336.34,336.34,11021
SNOW,2026-09-10,10:32,336.28,336.52,335.7765,336.37,15357
SNOW,2026-09-10,10:33,336.45,336.7077,335.92,336.35,3972
SNOW,2026-09-10,10:34,336.1,336.145,335.1766,335.1766,4248
SNOW,2026-09-10,10:35,335.5,335.684,335.01,335.684,7762
SNOW,2026-09-10,10:36,335.65,335.65,334.8,335.05,8746
SNOW,2026-09-10,10:37,334.86,335.18,333.6132,333.8,26422
SNOW,2026-09-10,10:38,333.84,334.73,333.84,334.47,5799
SNOW,2026-09-10,10:39,334.32,334.49,334,334,7480
SNOW,2026-09-10,10:40,333.97,334.72,333.97,334.55,3295
SNOW,2026-09-10,10:41,334.54,334.965,334.4,334.8,4365
SNOW,2026-09-10,10:42,334.655,334.795,334.24,334.46,4502
SNOW,2026-09-10,10:43,334.46,334.625,334,334.285,3946
SNOW,2026-09-10,10:44,334.335,334.84,333.9301,334.84,5232
SNOW,2026-09-10,10:45,334.66,335.575,334.64,334.88,21839
SNOW,2026-09-10,10:46,335.025,335.69,334.4648,335.44,26380
SNOW,2026-09-10,10:47,334.92,335.24,334.83,335.04,7619
SNOW,2026-09-10,10:48,334.95,335,334.67,334.73,10528
SNOW,2026-09-10,10:49,334.68,334.77,334.03,334.2047,3743
SNOW,2026-09-10,10:50,334.01,334.01,333.995,333.995,1730
SNOW,2026-09-10,10:51,333.76,334.2214,333.1425,334.075,11617
SNOW,2026-09-10,10:52,334.09,334.165,333.665,334.165,4429
SNOW,2026-09-10,10:53,334.145,334.19,333.8501,334.19,1597
SNOW,2026-09-10,10:54,333.68,333.8,333.44,333.65,8399
SNOW,2026-09-10,10:55,333.64,333.64,332.6,332.85,39558
SNOW,2026-09-10,10:56,332.68,332.89,332.63,332.63,3657
SNOW,2026-09-10,10:57,332.635,333.05,332.635,333.02,2381
SNOW,2026-09-10,10:58,332.8836,332.95,332.84,332.9164,1456
SNOW,2026-09-10,10:59,332.75,333.6741,332.7,333.6741,5330
SNOW,2026-09-10,11:00,333.47,333.6665,333.03,333.03,3710
SNOW,2026-09-10,11:01,333.005,333.07,332.68,332.94,10653
SNOW,2026-09-10,11:02,332.84,333,332.535,332.535,2442
SNOW,2026-09-10,11:03,332.595,333,332.595,332.775,5466
SNOW,2026-09-10,11:04,332.99,333,332.4272,332.5,10097
SNOW,2026-09-10,11:05,332.13,332.67,332.0201,332.435,6509
SNOW,2026-09-10,11:06,332.54,332.915,332.28,332.915,4413
SNOW,2026-09-10,11:07,332.93,333.32,332.905,333.28,20251
SNOW,2026-09-10,11:08,333.19,333.2562,332.628,332.7702,3777
SNOW,2026-09-10,11:09,332.8399,332.8399,332.43,332.43,4701
SNOW,2026-09-10,11:10,332.48,332.56,332.01,332.015,3633
SNOW,2026-09-10,11:11,332.25,332.27,332.1,332.1,1182
SNOW,2026-09-10,11:12,332.44,332.675,332.325,332.675,3331
SNOW,2026-09-10,11:13,332.675,332.675,332,332.04,5999
SNOW,2026-09-10,11:14,332.48,332.87,332.29,332.87,5961
SNOW,2026-09-10,11:15,332.865,333.63,332.61,332.69,7430
SNOW,2026-09-10,11:16,332.985,333.6697,332.985,333.5541,4673
SNOW,2026-09-10,11:17,333.22,333.22,332.8,333.02,2825
SNOW,2026-09-10,11:18,333.005,333.39,332.73,332.73,1482
SNOW,2026-09-10,11:19,332.6,333.13,332.6,333.065,7788
SNOW,2026-09-10,11:20,332.88,333,332.5,332.5,8658
SNOW,2026-09-10,11:21,332.27,332.37,332.15,332.3,4312
SNOW,2026-09-10,11:22,332.43,332.6964,332.239,332.4068,3141
SNOW,2026-09-10,11:23,332.39,332.67,332.19,332.19,6249
SNOW,2026-09-10,11:24,332.24,332.64,331.6,331.7,9984
SNOW,2026-09-10,11:25,331.705,332.139,331.705,331.78,35897
SNOW,2026-09-10,11:26,332.19,332.2,331.93,332.07,3703
SNOW,2026-09-10,11:27,331.98,332.2,331.94,332.0801,4342
SNOW,2026-09-10,11:28,332.23,332.4,331.69,332.38,12890
SNOW,2026-09-10,11:29,332.42,332.63,332.3,332.63,7838
SNOW,2026-09-10,11:30,332.665,333.11,332.43,332.88,6828
SNOW,2026-09-10,11:31,332.82,332.9987,332.72,332.9987,1824
SNOW,2026-09-10,11:32,332.74,332.745,332.25,332.27,7358
SNOW,2026-09-10,11:33,332.26,332.5,332.26,332.33,2670
SNOW,2026-09-10,11:34,332.305,332.37,332.12,332.17,2338
SNOW,2026-09-10,11:35,332.01,332.21,332,332.21,1992
SNOW,2026-09-10,11:36,332.32,333.3,332.32,333.2583,6478
SNOW,2026-09-10,11:37,333.2,333.97,333.2,333.5659,9026
SNOW,2026-09-10,11:38,333.97,333.99,333.34,333.54,8711
SNOW,2026-09-10,11:39,333.5,333.5,332.965,333.26,3663
SNOW,2026-09-10,11:40,333.26,333.26,333.02,333.02,1245
SNOW,2026-09-10,11:41,332.7931,332.96,332.5001,332.7696,6960
SNOW,2026-09-10,11:42,332.78,333.34,332.77,333.34,2593
SNOW,2026-09-10,11:43,333.28,333.4,333.08,333.4,5246
SNOW,2026-09-10,11:44,333.34,334,333.34,334,14417
SNOW,2026-09-10,11:45,333.885,333.91,333.41,333.63,4675
SNOW,2026-09-10,11:46,333.75,333.88,333.69,333.765,3336
SNOW,2026-09-10,11:47,333.792,334.13,333.7,334.0618,6301
SNOW,2026-09-10,11:48,334.2,334.8999,334.2,334.8999,7028
SNOW,2026-09-10,11:49,334.67,334.8,334.22,334.285,9306
SNOW,2026-09-10,11:50,334.31,334.4357,334.1175,334.1175,2912
SNOW,2026-09-10,11:51,334.04,334.23,333.7401,333.95,5553
SNOW,2026-09-10,11:52,333.87,334.05,333.74,333.74,5289
SNOW,2026-09-10,11:53,333.53,333.56,333.19,333.19,3491
SNOW,2026-09-10,11:54,333.0245,333.07,333.02,333.07,2885
SNOW,2026-09-10,11:55,333.2241,333.345,333.2241,333.345,2137
SNOW,2026-09-10,11:56,333.11,333.11,333.1,333.1,645
SNOW,2026-09-10,11:57,333.01,333.26,332.93,333.26,3316
SNOW,2026-09-10,11:58,333.22,333.22,332.7688,333.005,5592
SNOW,2026-09-10,11:59,333,333,332.88,332.88,605
SNOW,2026-09-10,12:00,333.04,333.06,332.6401,332.94,9120
SNOW,2026-09-10,12:01,332.83,333.075,332.7,332.94,5093
SNOW,2026-09-10,12:02,332.95,333.307,332.9301,333.307,2142
SNOW,2026-09-10,12:03,333.1,333.3599,332.96,332.96,2674
SNOW,2026-09-10,12:04,333.13,333.13,333.13,333.13,909
SNOW,2026-09-10,12:05,333.38,333.7645,333.38,333.51,2764
SNOW,2026-09-10,12:06,333.47,333.725,333.06,333.1901,11252
SNOW,2026-09-10,12:07,333.2801,333.2801,332.87,332.88,3982
SNOW,2026-09-10,12:08,333.025,333.14,332.73,332.85,3146
SNOW,2026-09-10,12:09,332.8001,333.07,332.5501,332.825,2288
SNOW,2026-09-10,12:10,332.845,332.845,332.65,332.6525,2312
SNOW,2026-09-10,12:11,332.55,332.62,332.3,332.56,8445
SNOW,2026-09-10,12:12,332.56,332.84,332.515,332.84,6007
SNOW,2026-09-10,12:13,332.84,332.88,332.525,332.86,4045
SNOW,2026-09-10,12:14,332.93,332.9899,332.7,332.785,2406
SNOW,2026-09-10,12:15,332.46,332.46,332.41,332.41,546
SNOW,2026-09-10,12:16,332.485,332.595,332.47,332.595,1518
SNOW,2026-09-10,12:17,332.77,332.77,332.46,332.56,2812
SNOW,2026-09-10,12:18,332.565,332.66,332.38,332.51,3560
SNOW,2026-09-10,12:19,332.2601,332.2601,332.2601,332.2601,1053
SNOW,2026-09-10,12:20,332.46,332.754,332.46,332.59,2361
SNOW,2026-09-10,12:21,332.695,332.82,332.695,332.82,754
SNOW,2026-09-10,12:22,332.6,332.9,332.6,332.89,2416
SNOW,2026-09-10,12:23,332.97,333.105,332.85,333.08,3328
SNOW,2026-09-10,12:24,332.845,333.09,332.845,333.085,4087
SNOW,2026-09-10,12:25,333.03,333.26,332.9701,333.19,2270
SNOW,2026-09-10,12:26,333.225,333.4099,333.17,333.17,4061
SNOW,2026-09-10,12:27,333.205,333.205,332.87,332.87,3780
SNOW,2026-09-10,12:28,333.03,333.305,332.97,333.3,8992
SNOW,2026-09-10,12:29,333.3,333.3,333.18,333.18,1573
SNOW,2026-09-10,12:30,333.44,333.6399,333.36,333.36,2866
SNOW,2026-09-10,12:31,333.55,333.64,333.47,333.64,1761
SNOW,2026-09-10,12:32,333.46,333.53,333.4,333.53,3160
SNOW,2026-09-10,12:33,333.53,333.59,333.44,333.44,1914
SNOW,2026-09-10,12:34,333.4855,333.57,333.02,333.22,8899
SNOW,2026-09-10,12:35,333.07,333.2709,332.98,333.2709,2139
SNOW,2026-09-10,12:36,333.315,333.45,333.2966,333.45,3674
SNOW,2026-09-10,12:37,333.37,333.67,333.36,333.67,2364
SNOW,2026-09-10,12:38,333.67,333.67,333.67,333.67,1244
SNOW,2026-09-10,12:39,333.7288,333.7288,333.57,333.57,962
SNOW,2026-09-10,12:40,333.34,333.52,333.256,333.43,4845
SNOW,2026-09-10,12:41,333.5,333.5,333.345,333.455,799
SNOW,2026-09-10,12:42,333.59,333.59,333.59,333.59,1296
SNOW,2026-09-10,12:43,333.68,333.97,333.68,333.97,3169
SNOW,2026-09-10,12:44,333.97,334.58,333.97,334.5775,5675
SNOW,2026-09-10,12:45,334.585,334.6673,334.37,334.44,6521
SNOW,2026-09-10,12:46,334.4398,334.4398,334.26,334.375,5301
SNOW,2026-09-10,12:47,334.56,334.68,334.56,334.68,1752
SNOW,2026-09-10,12:48,334.585,334.585,334.4401,334.4401,1053
SNOW,2026-09-10,12:49,334.705,334.705,334.0931,334.2,4788
SNOW,2026-09-10,12:50,334.135,334.135,334.135,334.135,685
SNOW,2026-09-10,12:51,334.26,334.29,334.13,334.26,1455
SNOW,2026-09-10,12:52,334.285,334.285,334.02,334.285,6573
SNOW,2026-09-10,12:53,334.335,334.44,334.33,334.44,2086
SNOW,2026-09-10,12:54,334.49,334.49,334.37,334.37,1144
SNOW,2026-09-10,12:55,334.49,334.58,334.41,334.5151,5450
SNOW,2026-09-10,12:56,334.48,334.59,334.48,334.59,3150
SNOW,2026-09-10,12:57,334.53,334.6,334.27,334.475,5610
SNOW,2026-09-10,12:58,334.47,334.47,334.26,334.26,1602
SNOW,2026-09-10,12:59,334.475,335.2916,334.385,335.065,19768
SNOW,2026-09-10,13:00,334.8506,335.4,334.79,335.4,31141
SNOW,2026-09-10,13:01,335.4,335.4,334.35,334.35,14434
SNOW,2026-09-10,13:02,334.2,334.8387,334.09,334.5373,9141
SNOW,2026-09-10,13:03,334.37,334.5,334.01,334.1101,5815
SNOW,2026-09-10,13:04,334.075,334.43,334.02,334.28,8941
SNOW,2026-09-10,13:05,334.37,334.5799,334.1,334.18,2100
SNOW,2026-09-10,13:06,334.18,334.18,334.125,334.125,1756
SNOW,2026-09-10,13:07,334.12,334.22,334.0575,334.095,3325
SNOW,2026-09-10,13:08,334.095,334.1,333.48,333.63,13460
SNOW,2026-09-10,13:09,333.48,333.48,332.5569,332.71,14052
SNOW,2026-09-10,13:10,332.925,333.15,332.76,332.8947,4430
SNOW,2026-09-10,13:11,332.745,332.92,332.745,332.915,1531
SNOW,2026-09-10,13:12,332.96,332.96,332.1096,332.345,11353
SNOW,2026-09-10,13:13,332.43,332.6594,332.43,332.47,5705
SNOW,2026-09-10,13:14,332.3,332.3,332,332.04,2974
SNOW,2026-09-10,13:15,332.185,332.3032,332.185,332.185,1459
SNOW,2026-09-10,13:16,332.37,332.71,332.37,332.585,3800
SNOW,2026-09-10,13:17,332.57,332.84,332.57,332.8,2838
SNOW,2026-09-10,13:18,332.59,332.59,332.58,332.58,1658
SNOW,2026-09-10,13:19,332.475,332.475,332.32,332.465,1220
SNOW,2026-09-10,13:20,332.455,332.57,332.36,332.36,3160
SNOW,2026-09-10,13:21,332.48,332.6,332.48,332.6,1826
SNOW,2026-09-10,13:22,332.54,332.56,332.54,332.56,328
SNOW,2026-09-10,13:23,332.54,332.54,332.5,332.5,2079
SNOW,2026-09-10,13:24,332.495,332.495,332.495,332.495,467
SNOW,2026-09-10,13:25,332.34,332.4651,332.24,332.24,3016
SNOW,2026-09-10,13:26,332.32,332.32,331.615,331.62,16615
SNOW,2026-09-10,13:27,331.575,331.66,331.3201,331.425,7967
SNOW,2026-09-10,13:28,331.47,331.47,331.25,331.335,8845
SNOW,2026-09-10,13:29,331.295,331.71,331,331.71,18863
SNOW,2026-09-10,13:30,331.705,331.8,331.47,331.49,4002
SNOW,2026-09-10,13:31,331.445,332.04,331.29,331.8323,6625
SNOW,2026-09-10,13:32,331.87,331.9497,331.735,331.85,3290
SNOW,2026-09-10,13:33,331.86,331.86,331.7769,331.805,1760
SNOW,2026-09-10,13:34,331.755,331.77,331.5121,331.5121,3969
SNOW,2026-09-10,13:35,331.689,331.94,331.5,331.94,4684
SNOW,2026-09-10,13:36,331.795,331.96,331.785,331.88,4675
SNOW,2026-09-10,13:37,331.795,331.83,331.56,331.56,4185
SNOW,2026-09-10,13:38,331.43,331.48,331.242,331.46,3768
SNOW,2026-09-10,13:39,331.465,331.465,331.28,331.28,2110
SNOW,2026-09-10,13:40,331.2001,331.54,331.2,331.525,4273
SNOW,2026-09-10,13:41,331.3277,331.55,331.2,331.51,2853
SNOW,2026-09-10,13:42,331.47,331.5,331.38,331.44,2080
SNOW,2026-09-10,13:43,331.44,331.44,331.235,331.235,2221
SNOW,2026-09-10,13:44,331.235,331.55,331.21,331.54,4089
SNOW,2026-09-10,13:45,331.49,331.66,331.49,331.66,1338
SNOW,2026-09-10,13:46,331.88,331.95,331.82,331.92,4947
SNOW,2026-09-10,13:47,331.7,331.7,331.545,331.545,2684
SNOW,2026-09-10,13:48,331.46,331.46,331.425,331.425,1168
SNOW,2026-09-10,13:49,331.26,331.26,331,331,2552
SNOW,2026-09-10,13:50,331,331.535,330.8,331.535,7749
SNOW,2026-09-10,13:51,331.455,331.73,331.38,331.73,2898
SNOW,2026-09-10,13:52,331.69,331.735,331.52,331.52,2407
SNOW,2026-09-10,13:53,331.42,331.7,331.37,331.55,4747
SNOW,2026-09-10,13:54,331.465,331.465,331.46,331.46,596
SNOW,2026-09-10,13:55,331.39,331.39,331.2,331.2,1738
SNOW,2026-09-10,13:56,331.08,331.315,331,331,3097
SNOW,2026-09-10,13:57,331.255,331.255,330.99,330.99,1513
SNOW,2026-09-10,13:58,331.21,331.21,330.9,331.075,4046
SNOW,2026-09-10,13:59,331.06,331.07,330.76,330.96,11928
SNOW,2026-09-10,14:00,330.94,331.05,330.92,331,2672
SNOW,2026-09-10,14:01,331,331,330.78,330.85,6571
SNOW,2026-09-10,14:02,330.85,330.85,330.125,330.3,11776
SNOW,2026-09-10,14:03,330.3,330.4756,330.1101,330.425,5848
SNOW,2026-09-10,14:04,330.26,330.63,330.26,330.51,7836
SNOW,2026-09-10,14:05,330.39,330.44,330.285,330.285,1757
SNOW,2026-09-10,14:06,330.3,330.32,329.8,330.01,10841
SNOW,2026-09-10,14:07,329.925,330.02,329.635,329.69,4552
SNOW,2026-09-10,14:08,329.51,329.595,329.49,329.595,2669
SNOW,2026-09-10,14:09,329.595,329.595,329.13,329.43,4297
SNOW,2026-09-10,14:10,329.22,329.37,329.22,329.255,1172
SNOW,2026-09-10,14:11,329.45,329.5,329.37,329.37,2183
SNOW,2026-09-10,14:12,329.28,329.28,329.09,329.09,4216
SNOW,2026-09-10,14:13,329.32,329.385,329.22,329.385,2096
SNOW,2026-09-10,14:14,329.4,330.15,329.4,330.14,9655
SNOW,2026-09-10,14:15,330.18,330.339,329.97,329.97,6934
SNOW,2026-09-10,14:16,329.88,330.19,329.84,329.84,3653
SNOW,2026-09-10,14:17,329.96,329.96,329.7006,329.89,5898
SNOW,2026-09-10,14:18,329.71,329.8246,329.59,329.62,5048
SNOW,2026-09-10,14:19,329.52,329.595,329.46,329.46,2981
SNOW,2026-09-10,14:20,329.48,329.6599,329.3,329.34,5702
SNOW,2026-09-10,14:21,329.26,329.43,329.26,329.35,3672
SNOW,2026-09-10,14:22,329.4901,329.53,329.49,329.525,2955
SNOW,2026-09-10,14:23,329.51,329.51,329.22,329.22,4767
SNOW,2026-09-10,14:24,329.34,329.34,329.34,329.34,489
SNOW,2026-09-10,14:25,329.4,329.6,329.4,329.495,3340
SNOW,2026-09-10,14:26,329.495,329.53,329.2501,329.53,2224
SNOW,2026-09-10,14:27,329.5301,329.615,329.5301,329.615,1139
SNOW,2026-09-10,14:28,329.615,329.69,329.51,329.61,1656
SNOW,2026-09-10,14:29,329.53,329.775,329.5,329.775,3170
SNOW,2026-09-10,14:30,329.73,329.73,329.432,329.432,4190
SNOW,2026-09-10,14:31,329.675,329.71,329.59,329.59,2030
SNOW,2026-09-10,14:32,329.59,329.7,329.585,329.595,1553
SNOW,2026-09-10,14:33,329.6,329.74,329.595,329.595,2709
SNOW,2026-09-10,14:34,329.575,329.67,329.55,329.67,3903
SNOW,2026-09-10,14:35,329.501,329.835,329.501,329.68,3634
SNOW,2026-09-10,14:36,329.75,330.7699,329.75,330.61,7418
SNOW,2026-09-10,14:37,330.69,330.69,330.53,330.68,1883
SNOW,2026-09-10,14:38,330.45,330.45,330.45,330.45,835
SNOW,2026-09-10,14:39,330.395,330.59,330.28,330.59,1698
SNOW,2026-09-10,14:40,330.5,330.6,330.4301,330.6,1794
SNOW,2026-09-10,14:41,330.74,330.81,330.65,330.65,3488
SNOW,2026-09-10,14:42,330.51,330.71,330.5,330.71,2573
SNOW,2026-09-10,14:43,330.87,330.87,330.87,330.87,456
SNOW,2026-09-10,14:44,330.87,330.87,330.75,330.75,773
SNOW,2026-09-10,14:45,330.5548,330.68,330.5548,330.6001,2739
SNOW,2026-09-10,14:46,330.765,331.01,330.765,330.975,5521
SNOW,2026-09-10,14:47,331.03,331.11,330.86,331.11,3117
SNOW,2026-09-10,14:48,331.11,331.33,331.06,331.33,2177
SNOW,2026-09-10,14:49,331.41,331.53,331.325,331.42,4033
SNOW,2026-09-10,14:50,331.37,331.415,331.345,331.345,3003
SNOW,2026-09-10,14:51,331.36,331.69,331.36,331.51,2215
SNOW,2026-09-10,14:52,331.54,331.65,331.45,331.65,4400
SNOW,2026-09-10,14:53,331.3201,331.3201,331.3201,331.3201,1402
SNOW,2026-09-10,14:54,331.49,331.49,331.25,331.3,2392
SNOW,2026-09-10,14:55,331.34,331.54,331.28,331.43,2737
SNOW,2026-09-10,14:56,331.67,331.81,331.63,331.705,2074
SNOW,2026-09-10,14:57,331.8,331.8,331.51,331.51,2852
SNOW,2026-09-10,14:58,331.51,331.62,331.465,331.62,2003
SNOW,2026-09-10,14:59,331.635,331.64,331.37,331.52,2965
SNOW,2026-09-10,15:00,331.51,332.06,331.51,331.85,5689
SNOW,2026-09-10,15:01,331.82,332.23,331.82,332.035,2821
SNOW,2026-09-10,15:02,332.02,332.02,331.86,331.86,2331
SNOW,2026-09-10,15:03,331.9685,331.9685,331.63,331.72,3455
SNOW,2026-09-10,15:04,331.725,331.8,331.65,331.79,2986
SNOW,2026-09-10,15:05,331.65,331.66,331.56,331.56,2962
SNOW,2026-09-10,15:06,331.67,331.67,331.67,331.67,1147
SNOW,2026-09-10,15:07,331.75,331.83,331.725,331.74,2564
SNOW,2026-09-10,15:08,331.81,331.81,331.73,331.75,2234
SNOW,2026-09-10,15:09,331.93,331.94,331.71,331.8,2974
SNOW,2026-09-10,15:10,331.915,331.97,331.915,331.97,1317
SNOW,2026-09-10,15:11,331.97,332.03,331.72,331.762,3932
SNOW,2026-09-10,15:12,331.6701,331.99,331.6701,331.91,4524
SNOW,2026-09-10,15:13,331.91,331.94,331.75,331.75,3089
SNOW,2026-09-10,15:14,331.745,331.7678,331.58,331.67,4636
SNOW,2026-09-10,15:15,331.71,331.715,331.5,331.715,9960
SNOW,2026-09-10,15:16,331.65,331.8291,331.65,331.8291,1434
SNOW,2026-09-10,15:17,331.72,331.78,331.67,331.67,1875
SNOW,2026-09-10,15:18,331.75,331.75,331.74,331.74,1428
SNOW,2026-09-10,15:19,331.74,331.74,331.48,331.64,4669
SNOW,2026-09-10,15:20,331.6893,331.78,331.618,331.73,2975
SNOW,2026-09-10,15:21,331.64,331.87,331.64,331.87,2834
SNOW,2026-09-10,15:22,331.92,331.92,331.92,331.92,492
SNOW,2026-09-10,15:23,331.88,331.93,331.825,331.9,2464
SNOW,2026-09-10,15:24,331.93,332.08,331.93,332.08,2619
SNOW,2026-09-10,15:25,332.18,332.21,331.695,331.695,6567
SNOW,2026-09-10,15:26,331.705,331.8,331.665,331.8,2972
SNOW,2026-09-10,15:27,331.86,332.04,331.79,332.04,3259
SNOW,2026-09-10,15:28,331.98,332,331.75,331.82,5708
SNOW,2026-09-10,15:29,331.7625,331.82,331.36,331.36,7365
SNOW,2026-09-10,15:30,331.3,331.38,331.24,331.2701,3293
SNOW,2026-09-10,15:31,331.45,331.45,331.24,331.3,3037
SNOW,2026-09-10,15:32,331.41,331.61,331.29,331.465,4412
SNOW,2026-09-10,15:33,331.55,331.57,331.35,331.35,5667
SNOW,2026-09-10,15:34,331.335,331.385,331.12,331.12,4539
SNOW,2026-09-10,15:35,331.06,331.21,330.87,331.21,7802
SNOW,2026-09-10,15:36,331.24,331.28,331.1601,331.28,4953
SNOW,2026-09-10,15:37,331.23,331.23,331.1401,331.1401,3480
SNOW,2026-09-10,15:38,331.23,331.32,331.01,331.01,4191
SNOW,2026-09-10,15:39,331.01,331.03,330.88,330.94,5060
SNOW,2026-09-10,15:40,331.04,331.04,330.54,330.68,9899
SNOW,2026-09-10,15:41,330.66,330.75,330.0001,330.0001,21307
SNOW,2026-09-10,15:42,330.27,330.27,329.6,329.6,17059
SNOW,2026-09-10,15:43,329.665,330.39,329.6,330.39,12566
SNOW,2026-09-10,15:44,330.51,330.6199,330.32,330.6199,8277
SNOW,2026-09-10,15:45,330.475,330.685,330.43,330.685,5050
SNOW,2026-09-10,15:46,330.73,330.83,330.605,330.7011,6072
SNOW,2026-09-10,15:47,330.68,331.71,330.53,331.635,8763
SNOW,2026-09-10,15:48,331.565,331.8397,331.49,331.59,5421
SNOW,2026-09-10,15:49,331.775,331.775,331.28,331.325,10566
SNOW,2026-09-10,15:50,331.395,331.395,331.07,331.155,8454
SNOW,2026-09-10,15:51,330.93,330.93,330.46,330.62,7117
SNOW,2026-09-10,15:52,330.585,330.585,330.1301,330.1301,9367
SNOW,2026-09-10,15:53,330.2,330.37,330.01,330.01,13780
SNOW,2026-09-10,15:54,330.01,330.31,329.85,330.31,17144
SNOW,2026-09-10,15:55,330.305,330.62,330.18,330.56,19955
SNOW,2026-09-10,15:56,330.36,330.38,329.72,329.85,28562
SNOW,2026-09-10,15:57,329.915,329.93,329.22,329.355,20273
SNOW,2026-09-10,15:58,329.2601,329.375,328.9,329.04,63930
SNOW,2026-09-10,15:59,329.06,329.87,328.92,329.86,88738
SNOW,2026-09-10,16:00,329.72,329.72,329.72,329.72,0
SNOW,2026-09-11,09:30,329.86,330.24,327.88,328.385,133279
SNOW,2026-09-11,09:31,328.79,329.3586,327.08,327.905,11850
SNOW,2026-09-11,09:32,327.3775,328.91,327.1749,328.91,13583
SNOW,2026-09-11,09:33,328.485,330.9978,328.485,330.5125,14060
SNOW,2026-09-11,09:34,330.56,331.06,327.9982,328.165,14651
SNOW,2026-09-11,09:35,328.5,329.3361,327.5,329,4041
SNOW,2026-09-11,09:36,328.73,329.02,327.76,327.92,7876
SNOW,2026-09-11,09:37,327.6,328.72,327.2122,328.72,7042
SNOW,2026-09-11,09:38,328.25,328.55,328,328.25,4324
SNOW,2026-09-11,09:39,328.02,328.05,324.02,324.245,45560
SNOW,2026-09-11,09:40,324.27,324.5,323.47,323.68,27216
SNOW,2026-09-11,09:41,323.8574,327.26,323.62,326.51,21906
SNOW,2026-09-11,09:42,326.41,326.43,324.695,324.695,6967
SNOW,2026-09-11,09:43,324.735,325.045,324.49,325.045,6423
SNOW,2026-09-11,09:44,324.5,324.5,323.73,324.4099,13248
SNOW,2026-09-11,09:45,324.2425,326.4799,323.42,326.25,18665
SNOW,2026-09-11,09:46,326.25,327.25,326.25,327.25,18080
SNOW,2026-09-11,09:47,327.675,327.98,326.705,326.765,17769
SNOW,2026-09-11,09:48,327.1,329.4099,326.77,328.63,37464
SNOW,2026-09-11,09:49,329.4,330.9,328.905,330.45,22611
SNOW,2026-09-11,09:50,330,331.06,328.9436,329.25,59739
SNOW,2026-09-11,09:51,329.045,330.67,328.9119,330.67,5728
SNOW,2026-09-11,09:52,330.67,332,330.1,332,11809
SNOW,2026-09-11,09:53,331.855,332.48,331.3719,332.045,8303
SNOW,2026-09-11,09:54,332.0961,332.99,331.86,332.355,10930
SNOW,2026-09-11,09:55,332.355,332.51,331.92,331.97,5454
SNOW,2026-09-11,09:56,332.035,333.43,332.035,333.18,9095
SNOW,2026-09-11,09:57,333.3245,333.3245,331.73,331.875,4803
SNOW,2026-09-11,09:58,331.92,332.5,331.92,332.175,3545
SNOW,2026-09-11,09:59,332.6799,333.43,332.255,332.68,5442
SNOW,2026-09-11,10:00,333.19,333.19,332.13,332.39,7780
SNOW,2026-09-11,10:01,332.375,332.76,332,332.75,6844
SNOW,2026-09-11,10:02,332.88,333.28,332.675,333.15,15632
SNOW,2026-09-11,10:03,333.14,333.48,332.9,332.99,5126
SNOW,2026-09-11,10:04,332.84,333.07,332.84,333,2959
SNOW,2026-09-11,10:05,332.615,332.615,331.74,331.74,3323
SNOW,2026-09-11,10:06,331.735,332.24,331.43,332.08,9474
SNOW,2026-09-11,10:07,332.08,332.08,331.485,331.485,2698
SNOW,2026-09-11,10:08,331.25,331.65,330.89,331.285,4970
SNOW,2026-09-11,10:09,330.99,330.99,330.78,330.815,2757
SNOW,2026-09-11,10:10,331.18,331.45,330.92,330.92,4787
SNOW,2026-09-11,10:11,330.9,330.9,329.9002,330.005,5773
SNOW,2026-09-11,10:12,330.35,330.35,329.51,329.51,6284
SNOW,2026-09-11,10:13,329.8851,330.19,329.6001,329.9,4419
SNOW,2026-09-11,10:14,329.51,329.6,329.42,329.46,4728
SNOW,2026-09-11,10:15,329.4,329.64,327.4,327.54,18349
SNOW,2026-09-11,10:16,327.47,327.85,327.27,327.27,4940
SNOW,2026-09-11,10:17,327.2651,327.51,326.2201,326.2201,5949
SNOW,2026-09-11,10:18,326.22,327.22,326.22,327.22,8982
SNOW,2026-09-11,10:19,327.04,327.3,326.3,326.31,6283
SNOW,2026-09-11,10:20,326.3,326.895,326.3,326.44,6342
SNOW,2026-09-11,10:21,326.89,327.0185,326.59,326.59,9950
SNOW,2026-09-11,10:22,326.865,327.17,326.64,327.05,3897
SNOW,2026-09-11,10:23,326.81,327.2899,326.44,326.44,3394
SNOW,2026-09-11,10:24,326.45,327.44,326.3,327.03,15444
SNOW,2026-09-11,10:25,327.4,327.4,326.5,326.5,7214
SNOW,2026-09-11,10:26,326.4,327.07,326.4,327.07,4161
SNOW,2026-09-11,10:27,327,327.4699,326.79,327.24,8146
SNOW,2026-09-11,10:28,327.24,327.48,327.09,327.48,5721
SNOW,2026-09-11,10:29,327.35,327.8125,327.34,327.565,4505
SNOW,2026-09-11,10:30,327.57,328.39,327.57,328.195,7902
SNOW,2026-09-11,10:31,328.32,329.18,328.32,328.595,5206
SNOW,2026-09-11,10:32,328.62,328.62,328.42,328.48,2449
SNOW,2026-09-11,10:33,328.55,328.55,327.96,328.32,5354
SNOW,2026-09-11,10:34,328.04,328.04,328.04,328.04,1143
SNOW,2026-09-11,10:35,328.08,328.08,327.2157,327.295,5760
SNOW,2026-09-11,10:36,327.0305,327.32,327.0305,327.29,2645
SNOW,2026-09-11,10:37,327.54,328.038,327.54,327.9425,4208
SNOW,2026-09-11,10:38,327.66,327.66,326.89,327.04,4167
SNOW,2026-09-11,10:39,327.04,327.58,326.91,327.58,4137
SNOW,2026-09-11,10:40,327.61,327.73,327.51,327.72,5480
SNOW,2026-09-11,10:41,327.7,327.765,327.37,327.41,3389
SNOW,2026-09-11,10:42,327.355,327.545,327.06,327.115,5639
SNOW,2026-09-11,10:43,327.06,327.145,326.78,327.12,4627
SNOW,2026-09-11,10:44,326.975,327.41,326.975,327.33,2479
SNOW,2026-09-11,10:45,327.3,327.36,327.3,327.36,1513
SNOW,2026-09-11,10:46,327.36,327.43,327.11,327.21,3651
SNOW,2026-09-11,10:47,327.255,327.45,327.01,327.39,4091
SNOW,2026-09-11,10:48,327.0301,327.53,327.0301,327.335,6816
SNOW,2026-09-11,10:49,327.335,327.58,327.09,327.48,8498
SNOW,2026-09-11,10:50,327.16,327.3,326.9,326.965,6713
SNOW,2026-09-11,10:51,326.93,327.39,326.83,327.195,6450
SNOW,2026-09-11,10:52,327.22,327.49,327.01,327.19,4585
SNOW,2026-09-11,10:53,327.21,327.3,327.15,327.15,2430
SNOW,2026-09-11,10:54,327.23,327.65,327.23,327.585,3370
SNOW,2026-09-11,10:55,327.755,327.9,327.73,327.73,1603
SNOW,2026-09-11,10:56,327.88,328.07,327.78,327.82,4602
SNOW,2026-09-11,10:57,327.59,327.75,327.2505,327.62,4316
SNOW,2026-09-11,10:58,327.625,327.625,327.35,327.42,5103
SNOW,2026-09-11,10:59,327.425,327.425,327.23,327.23,990
SNOW,2026-09-11,11:00,327.4,327.76,327.27,327.76,3076
SNOW,2026-09-11,11:01,327.495,327.63,327.36,327.485,5392
SNOW,2026-09-11,11:02,327.75,328,327.53,327.61,6399
SNOW,2026-09-11,11:03,327.44,327.82,326.74,326.74,8764
SNOW,2026-09-11,11:04,327.18,327.215,327.18,327.215,2236
SNOW,2026-09-11,11:05,327.53,327.53,327.285,327.285,1401
SNOW,2026-09-11,11:06,327,327.19,326.93,327.19,3473
SNOW,2026-09-11,11:07,327.2,327.25,326.96,327.04,2628
SNOW,2026-09-11,11:08,327.15,327.15,326.29,326.325,8739
SNOW,2026-09-11,11:09,326.34,326.36,326.2,326.32,4762
SNOW,2026-09-11,11:10,326.22,326.26,325.795,325.795,7295
SNOW,2026-09-11,11:11,325.66,326.1,325.5,325.7483,14600
SNOW,2026-09-11,11:12,326.18,326.96,326.18,326.75,3374
SNOW,2026-09-11,11:13,326.47,326.47,326.38,326.38,1284
SNOW,2026-09-11,11:14,326.57,326.57,326.02,326.02,3977
SNOW,2026-09-11,11:15,326,326.23,325.43,326.23,7948
SNOW,2026-09-11,11:16,325.835,325.835,325,325.06,10018
SNOW,2026-09-11,11:17,325.43,326.025,325.42,325.8,8260
SNOW,2026-09-11,11:18,325.815,326.015,325.68,325.815,1433
SNOW,2026-09-11,11:19,325.6,325.785,325.5,325.6,3169
SNOW,2026-09-11,11:20,325.525,325.525,325.15,325.4,7259
SNOW,2026-09-11,11:21,325.44,325.771,325.44,325.771,3197
SNOW,2026-09-11,11:22,325.84,326.19,325.805,326.17,5624
SNOW,2026-09-11,11:23,326.18,326.32,326.18,326.2,2907
SNOW,2026-09-11,11:24,326.32,326.945,326.16,326.905,7902
SNOW,2026-09-11,11:25,326.715,326.715,326.635,326.64,1593
SNOW,2026-09-11,11:26,326.68,327.405,326.68,327.255,6382
SNOW,2026-09-11,11:27,327.525,327.98,327.415,327.67,6101
SNOW,2026-09-11,11:28,327.835,327.835,327.54,327.54,7605
SNOW,2026-09-11,11:29,327.435,327.5,327.34,327.5,3393
SNOW,2026-09-11,11:30,327.505,328,327.505,327.9262,5291
SNOW,2026-09-11,11:31,327.85,328.16,327.72,328.14,3880
SNOW,2026-09-11,11:32,328.42,328.59,328.36,328.36,5231
SNOW,2026-09-11,11:33,328.315,328.42,328.315,328.36,2305
SNOW,2026-09-11,11:34,328.25,328.34,328.1357,328.175,2378
SNOW,2026-09-11,11:35,328.175,328.258,327.97,328.01,10483
SNOW,2026-09-11,11:36,328.17,328.7999,328.17,328.775,2824
SNOW,2026-09-11,11:37,328.73,328.73,328.51,328.52,2051
SNOW,2026-09-11,11:38,328.4,328.77,328.4,328.5,7368
SNOW,2026-09-11,11:39,328.53,328.67,327.305,327.375,19332
SNOW,2026-09-11,11:40,327.38,327.4775,327.38,327.44,4272
SNOW,2026-09-11,11:41,327.59,327.77,327.59,327.7651,3184
SNOW,2026-09-11,11:42,327.98,328.195,327.97,328.195,2279
SNOW,2026-09-11,11:43,328.195,328.46,328.195,328.33,1854
SNOW,2026-09-11,11:44,328.46,329.31,328.46,329.31,6080
SNOW,2026-09-11,11:45,329.31,329.55,329.31,329.35,1826
SNOW,2026-09-11,11:46,329.55,329.55,329.25,329.32,6129
SNOW,2026-09-11,11:47,329.4799,329.4799,329.15,329.32,3243
SNOW,2026-09-11,11:48,329.5,329.605,329.385,329.605,3332
SNOW,2026-09-11,11:49,329.56,329.74,329.39,329.39,8711
SNOW,2026-09-11,11:50,329.365,329.365,329.23,329.23,2430
SNOW,2026-09-11,11:51,329.3694,329.3694,329.33,329.34,2993
SNOW,2026-09-11,11:52,329.33,329.33,328.66,328.72,8696
SNOW,2026-09-11,11:53,328.72,328.85,328.59,328.685,18561
SNOW,2026-09-11,11:54,328.86,329.075,328.85,328.985,3557
SNOW,2026-09-11,11:55,329.3,330.28,329.26,330.215,18111
SNOW,2026-09-11,11:56,330.3099,330.45,329.885,330.3,22257
SNOW,2026-09-11,11:57,330.12,330.53,330.0301,330.0301,3308
SNOW,2026-09-11,11:58,330.44,330.44,329.67,329.7,9953
SNOW,2026-09-11,11:59,329.73,330,329.71,329.945,3792
SNOW,2026-09-11,12:00,330.09,330.17,329.71,329.89,11883
SNOW,2026-09-11,12:01,329.93,330.1399,329.93,330.1399,4372
SNOW,2026-09-11,12:02,329.985,330.74,329.985,330.74,3974
SNOW,2026-09-11,12:03,330.74,330.77,330.3,330.3,6094
SNOW,2026-09-11,12:04,330.39,330.56,330.39,330.51,3247
SNOW,2026-09-11,12:05,330.505,330.63,330.33,330.63,2670
SNOW,2026-09-11,12:06,330.495,330.89,330.13,330.79,9169
SNOW,2026-09-11,12:07,330.94,331.1,330.76,331.1,9085
SNOW,2026-09-11,12:08,330.945,330.945,330.325,330.385,10325
SNOW,2026-09-11,12:09,330.2401,330.86,330.2401,330.68,5190
SNOW,2026-09-11,12:10,330.75,330.8373,330.415,330.8373,19237
SNOW,2026-09-11,12:11,330.86,331.24,330.86,331.14,3063
SNOW,2026-09-11,12:12,331.005,331.14,330.87,331.015,4852
SNOW,2026-09-11,12:13,330.95,331.13,330.39,330.39,8549
SNOW,2026-09-11,12:14,330.37,331.14,330.37,331.085,3716
SNOW,2026-09-11,12:15,331.02,331.19,330.89,330.94,6071
SNOW,2026-09-11,12:16,330.82,330.82,330.6289,330.6289,988
SNOW,2026-09-11,12:17,330.725,330.725,330.6401,330.6401,1590
SNOW,2026-09-11,12:18,330.88,330.88,330.66,330.77,22540
SNOW,2026-09-11,12:19,330.88,331.06,330.88,330.925,3902
SNOW,2026-09-11,12:20,331.06,331.56,331.05,331.4285,5676
SNOW,2026-09-11,12:21,331.405,331.64,331.405,331.5376,8158
SNOW,2026-09-11,12:22,331.62,331.6699,331.55,331.59,3122
SNOW,2026-09-11,12:23,331.59,331.78,331.41,331.44,10363
SNOW,2026-09-11,12:24,331.5101,331.55,331.2401,331.36,3641
SNOW,2026-09-11,12:25,331.4,331.51,330.74,330.99,11649
SNOW,2026-09-11,12:26,331.01,331.01,330.805,330.805,1669
SNOW,2026-09-11,12:27,330.64,330.94,330.46,330.47,2859
SNOW,2026-09-11,12:28,330.62,330.67,329.9685,329.9685,3501
SNOW,2026-09-11,12:29,330.15,330.34,329.97,330.04,4912
SNOW,2026-09-11,12:30,329.8,329.96,329.695,329.715,3494
SNOW,2026-09-11,12:31,329.94,329.96,329.5301,329.5301,3278
SNOW,2026-09-11,12:32,329.73,330.34,329.5301,330.33,26840
SNOW,2026-09-11,12:33,330.18,330.41,330.13,330.34,3484
SNOW,2026-09-11,12:34,330.6399,330.64,330.43,330.43,2311
SNOW,2026-09-11,12:35,330.415,330.415,330.13,330.13,3069
SNOW,2026-09-11,12:36,330.13,330.13,330.04,330.04,1408
SNOW,2026-09-11,12:37,330.025,330.025,330.025,330.025,420
SNOW,2026-09-11,12:38,330.015,330.24,330.015,330.0401,4104
SNOW,2026-09-11,12:39,330.15,330.15,330.04,330.08,4152
SNOW,2026-09-11,12:40,329.79,329.93,329.6604,329.71,2380
SNOW,2026-09-11,12:41,329.9399,329.9399,329.695,329.695,2982
SNOW,2026-09-11,12:42,329.81,329.87,329.4403,329.55,7534
SNOW,2026-09-11,12:43,329.345,329.535,329.345,329.42,3174
SNOW,2026-09-11,12:44,329.4617,329.48,329.216,329.285,1624
SNOW,2026-09-11,12:45,329.285,329.305,329.285,329.305,925
SNOW,2026-09-11,12:46,329.315,329.47,329.1701,329.325,5861
SNOW,2026-09-11,12:47,329.345,329.345,329.345,329.345,1494
SNOW,2026-09-11,12:48,329.49,329.49,328.8005,328.8005,7026
SNOW,2026-09-11,12:49,328.81,328.88,328.755,328.88,2692
SNOW,2026-09-11,12:50,328.88,329.06,328.74,328.74,1936
SNOW,2026-09-11,12:51,328.88,328.88,328.49,328.53,4025
SNOW,2026-09-11,12:52,328.61,328.62,328.2931,328.37,4674
SNOW,2026-09-11,12:53,328.46,328.5,328.035,328.075,8654
SNOW,2026-09-11,12:54,327.9,328.43,327.8,327.985,8791
SNOW,2026-09-11,12:55,327.985,328.4399,327.8001,328.0151,5822
SNOW,2026-09-11,12:56,327.8,328.1099,327.685,327.685,5134
SNOW,2026-09-11,12:57,327.3701,327.5901,327.37,327.5801,4799
SNOW,2026-09-11,12:58,327.55,327.6499,327.2,327.4,14728
SNOW,2026-09-11,12:59,327.18,327.42,327.1001,327.345,4296
SNOW,2026-09-11,13:00,327.3451,327.4051,327.14,327.335,4398
SNOW,2026-09-11,13:01,327.21,327.34,327.07,327.185,5927
SNOW,2026-09-11,13:02,327.06,327.2899,326.7199,327,12883
SNOW,2026-09-11,13:03,326.9,327.22,326.9,327.2,10695
SNOW,2026-09-11,13:04,327.1999,327.1999,326.9,326.9,2473
SNOW,2026-09-11,13:05,326.78,326.925,326.51,326.65,8643
SNOW,2026-09-11,13:06,326.675,326.9,326.5,326.52,6088
SNOW,2026-09-11,13:07,326.51,326.65,326.1,326.17,5390
SNOW,2026-09-11,13:08,326.17,326.51,326.17,326.51,2296
SNOW,2026-09-11,13:09,326.3,326.6999,326.3,326.5375,4750
SNOW,2026-09-11,13:10,326.5,326.5,326.3,326.465,2143
SNOW,2026-09-11,13:11,326.365,326.5,326.11,326.465,2861
SNOW,2026-09-11,13:12,326.63,326.895,326.47,326.895,6633
SNOW,2026-09-11,13:13,326.68,326.92,326.45,326.92,6693
SNOW,2026-09-11,13:14,326.43,326.635,326.43,326.635,4087
SNOW,2026-09-11,13:15,326.5001,326.64,326.5001,326.64,1303
SNOW,2026-09-11,13:16,326.7699,326.825,326.635,326.82,2511
SNOW,2026-09-11,13:17,326.99,326.99,326.65,326.67,3276
SNOW,2026-09-11,13:18,326.6875,326.87,326.6535,326.795,1752
SNOW,2026-09-11,13:19,326.98,327,326.7983,326.9,131578
SNOW,2026-09-11,13:20,326.9,327.515,326.895,327.515,12602
SNOW,2026-09-11,13:21,327.515,327.55,327.17,327.335,4962
SNOW,2026-09-11,13:22,327.25,327.3651,327.24,327.24,1467
SNOW,2026-09-11,13:23,327.23,327.23,327.01,327.08,2797
SNOW,2026-09-11,13:24,327.1399,327.14,327.02,327.14,1417
SNOW,2026-09-11,13:25,327,327.13,326.79,327.13,8943
SNOW,2026-09-11,13:26,326.9001,327.18,326.9001,326.94,3896
SNOW,2026-09-11,13:27,326.88,326.88,326.88,326.88,834
SNOW,2026-09-11,13:28,326.99,327.04,326.77,326.8575,10068
SNOW,2026-09-11,13:29,326.75,326.75,326.45,326.525,4094
SNOW,2026-09-11,13:30,326.495,326.57,326.17,326.17,3303
SNOW,2026-09-11,13:31,326.13,326.185,325.61,325.75,5758
SNOW,2026-09-11,13:32,325.61,325.96,325.61,325.89,2209
SNOW,2026-09-11,13:33,325.7,325.91,325.7,325.91,3752
SNOW,2026-09-11,13:34,325.95,326.03,325.67,325.67,14606
SNOW,2026-09-11,13:35,325.9399,325.9399,325.775,325.824,6372
SNOW,2026-09-11,13:36,325.91,326.165,325.91,326.1,4846
SNOW,2026-09-11,13:37,326.085,326.15,325.715,325.84,4903
SNOW,2026-09-11,13:38,325.83,325.965,325.11,325.2043,14016
SNOW,2026-09-11,13:39,325.36,325.66,325.315,325.66,6438
SNOW,2026-09-11,13:40,325.6825,325.695,325.54,325.54,2547
SNOW,2026-09-11,13:41,325.6,325.75,325.54,325.65,1315
SNOW,2026-09-11,13:42,325.61,325.65,325.61,325.64,1039
SNOW,2026-09-11,13:43,325.61,325.73,325.47,325.69,6342
SNOW,2026-09-11,13:44,325.48,325.6,325.435,325.505,5641
SNOW,2026-09-11,13:45,325.4,325.53,325.28,325.405,7082
SNOW,2026-09-11,13:46,325.395,325.6,325.395,325.48,3935
SNOW,2026-09-11,13:47,325.3925,325.3925,325.39,325.39,1129
SNOW,2026-09-11,13:48,325.37,325.418,325.2052,325.29,3001
SNOW,2026-09-11,13:49,325.415,325.53,325.415,325.52,1813
SNOW,2026-09-11,13:50,325.53,325.549,325.12,325.26,5113
SNOW,2026-09-11,13:51,325.2525,325.255,325.05,325.07,8203
SNOW,2026-09-11,13:52,325.17,325.54,325.02,325.435,5146
SNOW,2026-09-11,13:53,325.44,325.44,325.44,325.44,532
SNOW,2026-09-11,13:54,325.3475,325.375,325.1105,325.1651,4476
SNOW,2026-09-11,13:55,325.28,325.31,325.21,325.21,3343
SNOW,2026-09-11,13:56,325.2,325.29,325.02,325.02,4885
SNOW,2026-09-11,13:57,325.02,325.08,324.8,324.85,10056
SNOW,2026-09-11,13:58,324.87,324.9,324.32,324.515,13867
SNOW,2026-09-11,13:59,324.51,324.69,324.5,324.69,2185
SNOW,2026-09-11,14:00,324.7,324.83,324.46,324.61,6320
SNOW,2026-09-11,14:01,324.655,324.88,324.6,324.77,5791
SNOW,2026-09-11,14:02,324.69,324.74,323.77,324.2,28975
SNOW,2026-09-11,14:03,324.22,324.85,324.22,324.77,4594
SNOW,2026-09-11,14:04,324.56,324.73,324.48,324.48,5833
SNOW,2026-09-11,14:05,324.56,324.62,324.53,324.53,1762
SNOW,2026-09-11,14:06,324.62,324.89,324.44,324.77,9676
SNOW,2026-09-11,14:07,324.91,324.97,324.54,324.54,6162
SNOW,2026-09-11,14:08,324.54,324.58,324.44,324.579,5380
SNOW,2026-09-11,14:09,324.49,324.74,324.49,324.65,6450
SNOW,2026-09-11,14:10,325.01,325.43,325.01,325.42,247601
SNOW,2026-09-11,14:11,325.37,325.72,325.35,325.72,15013
SNOW,2026-09-11,14:12,325.66,325.78,325.4535,325.4535,1652
SNOW,2026-09-11,14:13,325.35,325.375,324.85,324.85,6591
SNOW,2026-09-11,14:14,324.85,324.94,324.78,324.94,590
SNOW,2026-09-11,14:15,324.935,325.1,324.72,324.72,4865
SNOW,2026-09-11,14:16,324.6472,324.665,324.37,324.38,5264
SNOW,2026-09-11,14:17,324.47,324.515,324.47,324.515,1412
SNOW,2026-09-11,14:18,324.63,324.715,324.49,324.56,8811
SNOW,2026-09-11,14:19,324.56,324.56,324.44,324.44,1613
SNOW,2026-09-11,14:20,324.41,324.495,324.31,324.31,4765
SNOW,2026-09-11,14:21,324.275,324.38,324.265,324.38,5717
SNOW,2026-09-11,14:22,324.41,324.48,324.4,324.4,3907
SNOW,2026-09-11,14:23,324.56,325,324.5,324.63,11252
SNOW,2026-09-11,14:24,324.48,324.68,324.47,324.55,2823
SNOW,2026-09-11,14:25,324.56,324.68,324.45,324.52,6626
SNOW,2026-09-11,14:26,324.53,324.7775,324.5,324.7675,9716
SNOW,2026-09-11,14:27,324.88,324.96,324.82,324.83,2632
SNOW,2026-09-11,14:28,324.855,325,324.83,324.94,4110
SNOW,2026-09-11,14:29,324.7995,325.18,324.75,324.835,7578
SNOW,2026-09-11,14:30,324.97,325.17,324.97,325.02,3420
SNOW,2026-09-11,14:31,325.03,325.09,324.8,325.06,3884
SNOW,2026-09-11,14:32,325.0239,325.03,325.0239,325.03,1011
SNOW,2026-09-11,14:33,325.025,325.34,325.025,325.34,10019
SNOW,2026-09-11,14:34,325.3,325.345,325.15,325.335,3643
SNOW,2026-09-11,14:35,325.34,325.34,325.34,325.34,877
SNOW,2026-09-11,14:36,325.285,325.29,325.285,325.29,827
SNOW,2026-09-11,14:37,325.29,325.29,325.1401,325.1401,1310
SNOW,2026-09-11,14:38,325.285,325.285,325.24,325.27,2589
SNOW,2026-09-11,14:39,325.185,325.185,324.7501,324.85,5093
SNOW,2026-09-11,14:40,324.78,324.79,324.6501,324.79,3490
SNOW,2026-09-11,14:41,324.79,324.855,324.78,324.855,5601
SNOW,2026-09-11,14:42,324.82,324.82,324.75,324.75,1103
SNOW,2026-09-11,14:43,324.75,324.84,324.75,324.84,2643
SNOW,2026-09-11,14:44,324.95,325.055,324.86,324.86,5640
SNOW,2026-09-11,14:45,324.76,324.805,324.7,324.72,2899
SNOW,2026-09-11,14:46,324.82,324.82,324.64,324.64,904
SNOW,2026-09-11,14:47,324.685,325.04,324.685,325,12272
SNOW,2026-09-11,14:48,325.06,325.07,325.06,325.07,552
SNOW,2026-09-11,14:49,325.08,325.1317,325.05,325.08,2767
SNOW,2026-09-11,14:50,324.97,325.065,324.8,324.8,3837
SNOW,2026-09-11,14:51,324.75,325.225,324.04,325.16,13308
SNOW,2026-09-11,14:52,325.28,325.47,325.21,325.21,4592
SNOW,2026-09-11,14:53,325.125,325.2,325.125,325.2,1285
SNOW,2026-09-11,14:54,325.2,325.2,325.0773,325.155,1938
SNOW,2026-09-11,14:55,325.045,325.07,324.91,325.07,8267
SNOW,2026-09-11,14:56,325,325.09,324.98,325,1964
SNOW,2026-09-11,14:57,325.01,325.0201,324.84,324.985,9353
SNOW,2026-09-11,14:58,325.02,325.12,324.985,325.11,3222
SNOW,2026-09-11,14:59,325.02,325.13,324.985,324.985,4196
SNOW,2026-09-11,15:00,325.13,325.2,325.0125,325.05,4910
SNOW,2026-09-11,15:01,325.2,325.2,324.6803,324.6803,6810
SNOW,2026-09-11,15:02,324.76,324.76,324.63,324.63,1846
SNOW,2026-09-11,15:03,324.635,324.89,324.52,324.74,5448
SNOW,2026-09-11,15:04,324.69,324.84,324.69,324.8,3869
SNOW,2026-09-11,15:05,324.84,324.95,324.84,324.95,2625
SNOW,2026-09-11,15:06,324.98,325.055,324.66,324.66,7072
SNOW,2026-09-11,15:07,324.83,324.83,324.83,324.83,277
SNOW,2026-09-11,15:08,324.95,325.045,324.81,325.045,5139
SNOW,2026-09-11,15:09,325.045,325.055,325,325,3835
SNOW,2026-09-11,15:10,324.9314,325.05,324.87,324.87,2771
SNOW,2026-09-11,15:11,324.9732,325.19,324.925,325.19,3527
SNOW,2026-09-11,15:12,325.205,325.205,325.19,325.195,2024
SNOW,2026-09-11,15:13,325.21,325.32,324.9,324.9,8922
SNOW,2026-09-11,15:14,324.96,325.09,324.955,324.98,6130
SNOW,2026-09-11,15:15,325.03,325.18,324.88,324.88,14929
SNOW,2026-09-11,15:16,324.81,324.86,324.75,324.85,1880
SNOW,2026-09-11,15:17,324.815,324.92,324.655,324.655,4886
SNOW,2026-09-11,15:18,324.73,324.85,324.725,324.77,9626
SNOW,2026-09-11,15:19,324.92,324.92,324.92,324.92,2459
SNOW,2026-09-11,15:20,324.92,325.17,324.91,325,13133
SNOW,2026-09-11,15:21,325.1099,325.27,325.1099,325.22,7548
SNOW,2026-09-11,15:22,325.32,325.42,325.32,325.33,2374
SNOW,2026-09-11,15:23,325.45,325.845,325.45,325.845,8125
SNOW,2026-09-11,15:24,325.9199,325.92,325.78,325.8,7732
SNOW,2026-09-11,15:25,325.77,325.865,325.67,325.865,9732
SNOW,2026-09-11,15:26,325.72,325.775,325.385,325.65,14840
SNOW,2026-09-11,15:27,325.709,325.855,325.6,325.67,5761
SNOW,2026-09-11,15:28,325.69,325.81,325.68,325.74,2580
SNOW,2026-09-11,15:29,325.75,325.86,325.3725,325.51,14067
SNOW,2026-09-11,15:30,325.43,325.605,325.43,325.58,3499
SNOW,2026-09-11,15:31,325.59,325.76,325.41,325.47,18420
SNOW,2026-09-11,15:32,325.475,325.475,325.045,325.05,7032
SNOW,2026-09-11,15:33,325.04,325.12,324.73,324.7563,7460
SNOW,2026-09-11,15:34,324.64,324.875,324.64,324.85,6420
SNOW,2026-09-11,15:35,324.815,324.92,324.72,324.92,5522
SNOW,2026-09-11,15:36,324.875,325.049,324.79,324.8275,6788
SNOW,2026-09-11,15:37,324.83,324.945,324.83,324.84,4769
SNOW,2026-09-11,15:38,325,325.249,324.935,325.249,9746
SNOW,2026-09-11,15:39,325.24,325.24,324.91,324.95,4872
SNOW,2026-09-11,15:40,324.9475,325.339,324.87,325.339,8155
SNOW,2026-09-11,15:41,325.34,325.445,325.215,325.33,7810
SNOW,2026-09-11,15:42,325.15,325.22,325.04,325.22,5440
SNOW,2026-09-11,15:43,325.125,325.125,324.76,325.015,12427
SNOW,2026-09-11,15:44,325.01,325.16,324.72,325.06,9266
SNOW,2026-09-11,15:45,325.055,325.14,325.01,325.05,5395
SNOW,2026-09-11,15:46,325.04,325.04,324.88,324.92,14840
SNOW,2026-09-11,15:47,324.9,324.99,324.89,324.89,6416
SNOW,2026-09-11,15:48,324.9,325.46,324.9,325.28,11189
SNOW,2026-09-11,15:49,325.32,325.59,325.32,325.425,10770
SNOW,2026-09-11,15:50,325.51,325.6,324.5,325.23,60671
SNOW,2026-09-11,15:51,325.29,325.42,325.24,325.37,10930
SNOW,2026-09-11,15:52,325.46,325.74,325.33,325.33,11225
SNOW,2026-09-11,15:53,325.39,325.51,324.895,324.97,22880
SNOW,2026-09-11,15:54,325.08,325.44,325.08,325.24,15608
SNOW,2026-09-11,15:55,325.11,325.405,324.895,325.05,42112
SNOW,2026-09-11,15:56,325.13,325.56,324.58,325.5187,32476
SNOW,2026-09-11,15:57,325.485,326.47,324.89,326.37,87753
SNOW,2026-09-11,15:58,326.37,327.33,326.2719,327.31,122910
SNOW,2026-09-11,15:59,327.29,329.16,327.22,329.09,322686
SNOW,2026-09-11,16:00,328.99,328.99,328.99,328.99,0
SNOW,2026-09-14,09:30,329,329.98,319,319.92,215849
SNOW,2026-09-14,09:31,319.9388,323.9,319.9388,322.51,44630
SNOW,2026-09-14,09:32,323.15,325.86,322.2501,324.3391,20774
SNOW,2026-09-14,09:33,324.92,328.63,324.87,328.39,15583
SNOW,2026-09-14,09:34,327.8,328,325.77,325.82,13045
SNOW,2026-09-14,09:35,326.04,326.78,324.91,326.78,18380
SNOW,2026-09-14,09:36,326.77,328.04,326.65,326.655,12030
SNOW,2026-09-14,09:37,326.65,327.52,326.06,326.735,4583
SNOW,2026-09-14,09:38,326.64,327,325.64,327,11632
SNOW,2026-09-14,09:39,326.568,328.92,326.568,327.85,15742
SNOW,2026-09-14,09:40,327.925,328.49,327.925,328.02,4551
SNOW,2026-09-14,09:41,327.19,327.2921,326.28,326.28,4450
SNOW,2026-09-14,09:42,326,326.63,325.89,326.45,3648
SNOW,2026-09-14,09:43,326.73,327,326.195,326.335,11168
SNOW,2026-09-14,09:44,326.495,328.055,326.495,327.275,15552
SNOW,2026-09-14,09:45,326.51,326.9781,325.735,326.03,4447
SNOW,2026-09-14,09:46,325.89,325.89,324.01,324.81,7743
SNOW,2026-09-14,09:47,324.89,325.38,323.47,323.7,15868
SNOW,2026-09-14,09:48,323.82,324.425,323.2,324.405,5044
SNOW,2026-09-14,09:49,324.33,324.5152,324,324,6570
SNOW,2026-09-14,09:50,324.33,325.39,323.61,325.16,15557
SNOW,2026-09-14,09:51,325.39,325.96,325,325.78,10986
SNOW,2026-09-14,09:52,325.995,326.45,325.515,325.515,7113
SNOW,2026-09-14,09:53,325.535,325.535,324.75,325.05,6130
SNOW,2026-09-14,09:54,325.4,326.1,325.36,325.9,5135
SNOW,2026-09-14,09:55,325.73,326.6548,325.73,326.11,4959
SNOW,2026-09-14,09:56,326.505,326.83,325.73,326,7108
SNOW,2026-09-14,09:57,325.85,327.18,325.85,327.09,8309
SNOW,2026-09-14,09:58,326.7,327.2,326.31,326.915,11763
SNOW,2026-09-14,09:59,326.63,326.972,326.45,326.55,6828
SNOW,2026-09-14,10:00,326.51,328.17,326.505,327.695,15905
SNOW,2026-09-14,10:01,327.675,328.14,327.5812,328.12,5690
SNOW,2026-09-14,10:02,327.84,328.21,327.37,327.545,11870
SNOW,2026-09-14,10:03,327.37,327.95,327.37,327.635,8260
SNOW,2026-09-14,10:04,327.87,328.66,327.87,328.52,9023
SNOW,2026-09-14,10:05,328.66,329.41,328.66,328.99,13323
SNOW,2026-09-14,10:06,328.99,329.0818,328.15,328.915,5855
SNOW,2026-09-14,10:07,328.915,329,328.44,328.905,12672
SNOW,2026-09-14,10:08,328.67,328.67,327.81,328.12,5501
SNOW,2026-09-14,10:09,328.37,328.64,328.07,328.64,11635
SNOW,2026-09-14,10:10,328.465,328.81,327.85,328.35,4200
SNOW,2026-09-14,10:11,328.52,328.99,328.3048,328.53,7323
SNOW,2026-09-14,10:12,328.53,328.74,328.425,328.74,1940
SNOW,2026-09-14,10:13,328.74,329.2144,328.71,329.13,5369
SNOW,2026-09-14,10:14,328.9,329.59,328.9,329.49,4449
SNOW,2026-09-14,10:15,329.49,329.8504,329.44,329.44,7813
SNOW,2026-09-14,10:16,329.25,329.7,329.25,329.567,5611
SNOW,2026-09-14,10:17,329.42,330.2,329.29,329.54,21752
SNOW,2026-09-14,10:18,329.675,329.9,329.02,329.27,10069
SNOW,2026-09-14,10:19,329.275,329.41,327.9,327.98,12137
SNOW,2026-09-14,10:20,327.9,327.9,327.24,327.71,12264
SNOW,2026-09-14,10:21,327.8837,328.0327,327.255,327.255,4508
SNOW,2026-09-14,10:22,327.03,327.73,326.91,327.725,13351
SNOW,2026-09-14,10:23,327.66,329.62,327.66,329.4205,11329
SNOW,2026-09-14,10:24,328.86,329.03,328.48,328.48,7835
SNOW,2026-09-14,10:25,328.69,328.9,328.48,328.8245,6670
SNOW,2026-09-14,10:26,328.71,329.3,328.71,329.3,3807
SNOW,2026-09-14,10:27,329.31,330,329.305,329.78,15274
SNOW,2026-09-14,10:28,329.632,330.14,329.632,330,8207
SNOW,2026-09-14,10:29,330,330,329.13,329.4125,11996
SNOW,2026-09-14,10:30,329.405,330.2,329.405,329.67,20137
SNOW,2026-09-14,10:31,329.89,330.56,329.665,329.946,9077
SNOW,2026-09-14,10:32,330.085,330.28,329.81,330.28,3250
SNOW,2026-09-14,10:33,330.56,330.6354,330.01,330.01,14320
SNOW,2026-09-14,10:34,330.22,330.23,330.22,330.22,2845
SNOW,2026-09-14,10:35,330.44,330.75,329.81,329.81,21487
SNOW,2026-09-14,10:36,329.81,329.81,328.49,328.945,11242
SNOW,2026-09-14,10:37,328.92,329.4,328.92,329.14,3581
SNOW,2026-09-14,10:38,329.155,329.2805,328.97,329.175,2826
SNOW,2026-09-14,10:39,328.94,329.9199,328.94,329.625,5746
SNOW,2026-09-14,10:40,329.57,329.7,329.57,329.64,2318
SNOW,2026-09-14,10:41,329.71,329.71,329.37,329.37,5161
SNOW,2026-09-14,10:42,329.805,329.805,329.64,329.67,2653
SNOW,2026-09-14,10:43,329.47,329.47,329.4258,329.4258,2033
SNOW,2026-09-14,10:44,329.9,330.81,329.88,330.63,7243
SNOW,2026-09-14,10:45,330.635,331.61,330.46,331.43,20306
SNOW,2026-09-14,10:46,331.67,332.57,330.86,331.205,36310
SNOW,2026-09-14,10:47,330.75,331,330.42,330.725,15054
SNOW,2026-09-14,10:48,330.73,331.67,330.725,331.455,9661
SNOW,2026-09-14,10:49,331.455,332.21,331.455,332.21,9852
SNOW,2026-09-14,10:50,332.37,332.7,332.14,332.27,12741
SNOW,2026-09-14,10:51,332.13,332.3812,331.58,331.58,5918
SNOW,2026-09-14,10:52,331.535,331.535,330.925,331.32,7341
SNOW,2026-09-14,10:53,331.15,331.21,329.38,329.38,16150
SNOW,2026-09-14,10:54,329.87,330.51,329.63,330.37,15661
SNOW,2026-09-14,10:55,330.2,330.77,329.99,330.77,47586
SNOW,2026-09-14,10:56,330.545,331.64,330.435,331.64,14209
SNOW,2026-09-14,10:57,331.495,332.69,331.495,332.2414,18376
SNOW,2026-09-14,10:58,331.78,332.61,331.4385,332.4,12340
SNOW,2026-09-14,10:59,332.67,333.3642,332.55,333.215,15411
SNOW,2026-09-14,11:00,333.29,334.5,333.14,334.5,39204
SNOW,2026-09-14,11:01,334.375,334.38,332.82,333.14,30127
SNOW,2026-09-14,11:02,333.25,333.48,332.12,332.12,26177
SNOW,2026-09-14,11:03,332.11,332.13,331.53,331.94,21553
SNOW,2026-09-14,11:04,331.84,331.9493,331.54,331.81,16820
SNOW,2026-09-14,11:05,331.805,332.745,331.805,332.52,25052
SNOW,2026-09-14,11:06,332.75,333.7899,332.4901,333.58,11132
SNOW,2026-09-14,11:07,333.59,333.77,333.29,333.64,13472
SNOW,2026-09-14,11:08,333.68,333.7799,333.13,333.395,9277
SNOW,2026-09-14,11:09,333.35,333.35,332.57,332.69,7986
SNOW,2026-09-14,11:10,332.915,332.915,332.33,332.74,17600
SNOW,2026-09-14,11:11,332.655,332.9999,332.49,332.956,6865
SNOW,2026-09-14,11:12,332.9769,333.29,332.46,332.715,29608
SNOW,2026-09-14,11:13,332.61,333.45,332.5302,333.22,25628
SNOW,2026-09-14,11:14,333.145,333.65,333.145,333.3,13922
SNOW,2026-09-14,11:15,333.185,333.27,332.67,332.95,4360
SNOW,2026-09-14,11:16,332.72,333.11,332.72,333.03,4711
SNOW,2026-09-14,11:17,332.9725,333.56,332.69,332.97,14149
SNOW,2026-09-14,11:18,333.27,334.4791,333.27,334.075,16247
SNOW,2026-09-14,11:19,334.07,334.4899,333.7108,334.01,6078
SNOW,2026-09-14,11:20,333.904,334.25,333.78,334.25,7015
SNOW,2026-09-14,11:21,334.17,334.49,333.8001,334.44,14064
SNOW,2026-09-14,11:22,334.16,334.4799,333.9249,334.185,12665
SNOW,2026-09-14,11:23,334.23,334.418,333.94,334.06,9872
SNOW,2026-09-14,11:24,334.06,334.16,333.1,333.235,13786
SNOW,2026-09-14,11:25,333.225,333.225,332.6725,332.71,11827
SNOW,2026-09-14,11:26,332.73,333.035,332.48,332.805,14363
SNOW,2026-09-14,11:27,333.05,333.59,332.908,333.385,6581
SNOW,2026-09-14,11:28,333.48,333.48,333.214,333.214,2804
SNOW,2026-09-14,11:29,333.59,334,333.585,333.585,13127
SNOW,2026-09-14,11:30,333.365,333.365,333.05,333.05,2208
SNOW,2026-09-14,11:31,332.99,332.99,332.65,332.89,2390
SNOW,2026-09-14,11:32,332.7822,333,332.4,332.9275,9518
SNOW,2026-09-14,11:33,332.995,333.33,332.6797,333.3,8104
SNOW,2026-09-14,11:34,333.1375,333.5,333.1375,333.25,4778
SNOW,2026-09-14,11:35,333.28,333.7143,333.28,333.5,4071
SNOW,2026-09-14,11:36,333.495,333.52,333.22,333.5,8997
SNOW,2026-09-14,11:37,333.5,333.73,333.2472,333.73,8592
SNOW,2026-09-14,11:38,333.91,334.165,333.4875,333.57,17982
SNOW,2026-09-14,11:39,333.57,333.8599,333.36,333.665,4588
SNOW,2026-09-14,11:40,333.61,333.9099,333.46,333.545,7808
SNOW,2026-09-14,11:41,333.545,333.545,332.7374,333.1,13519
SNOW,2026-09-14,11:42,333.28,333.32,333,333.25,5506
SNOW,2026-09-14,11:43,333.115,333.5,333.04,333.4549,3938
SNOW,2026-09-14,11:44,333.5,334,333.45,333.885,4630
SNOW,2026-09-14,11:45,333.72,333.72,332.95,333.35,5957
SNOW,2026-09-14,11:46,333.3175,333.3175,333,333.015,11695
SNOW,2026-09-14,11:47,332.9207,333.32,332.87,333.3,7091
SNOW,2026-09-14,11:48,333.28,333.285,333.204,333.204,1357
SNOW,2026-09-14,11:49,333.45,334.57,333.38,334.305,62758
SNOW,2026-09-14,11:50,334.305,334.315,334,334,6451
SNOW,2026-09-14,11:51,334.135,334.34,333.16,333.535,9096
SNOW,2026-09-14,11:52,333.7168,333.9602,333.52,333.525,5857
SNOW,2026-09-14,11:53,333.5,333.7758,333.5,333.75,1950
SNOW,2026-09-14,11:54,333.57,333.81,333.3301,333.4375,13646
SNOW,2026-09-14,11:55,333.4416,333.4416,332.8,333.1472,6281
SNOW,2026-09-14,11:56,332.8,333.195,332.41,333.195,12653
SNOW,2026-09-14,11:57,333.2,333.28,333.05,333.28,3416
SNOW,2026-09-14,11:58,333.225,333.51,333.11,333.45,3884
SNOW,2026-09-14,11:59,333.55,333.55,333.041,333.041,5708
SNOW,2026-09-14,12:00,333.09,333.42,333.09,333.355,5467
SNOW,2026-09-14,12:01,333.17,334,333.17,334,19383
SNOW,2026-09-14,12:02,333.681,334.045,333.681,333.78,4615
SNOW,2026-09-14,12:03,333.89,333.95,333.89,333.925,1899
SNOW,2026-09-14,12:04,333.93,333.97,333.75,333.95,6143
SNOW,2026-09-14,12:05,333.805,334.21,333.805,334.155,10463
SNOW,2026-09-14,12:06,334.15,334.22,333.8,333.83,8294
SNOW,2026-09-14,12:07,333.99,333.99,333.67,333.8,2682
SNOW,2026-09-14,12:08,333.67,334,333.33,334,10789
SNOW,2026-09-14,12:09,333.84,333.845,333.6,333.6,3246
SNOW,2026-09-14,12:10,333.7,334.04,333.57,334.04,4765
SNOW,2026-09-14,12:11,334,334,333.855,333.99,2657
SNOW,2026-09-14,12:12,333.92,333.94,333.71,333.856,3760
SNOW,2026-09-14,12:13,334.09,334.545,334.09,334.4908,17710
SNOW,2026-09-14,12:14,334.43,334.7,334.15,334.4,20500
SNOW,2026-09-14,12:15,334.5,335.07,334.5,334.8,51429
SNOW,2026-09-14,12:16,334.73,335.5,334.73,335.5,19537
SNOW,2026-09-14,12:17,335.564,335.78,335.25,335.36,9968
SNOW,2026-09-14,12:18,335.54,335.54,335.17,335.18,3899
SNOW,2026-09-14,12:19,335.15,335.4299,335.15,335.4299,3826
SNOW,2026-09-14,12:20,335.13,335.18,334.77,335.005,20086
SNOW,2026-09-14,12:21,334.875,335.34,334.875,335.145,4742
SNOW,2026-09-14,12:22,335.15,335.5379,335.15,335.43,7127
SNOW,2026-09-14,12:23,335.2867,335.44,334.89,335.005,6194
SNOW,2026-09-14,12:24,334.915,335.16,334.82,334.82,15093
SNOW,2026-09-14,12:25,334.895,334.895,334.66,334.79,7411
SNOW,2026-09-14,12:26,334.96,334.96,334.5801,334.795,4308
SNOW,2026-09-14,12:27,334.61,334.92,334.58,334.92,7633
SNOW,2026-09-14,12:28,334.78,334.78,334.09,334.27,7578
SNOW,2026-09-14,12:29,334.2806,334.565,334.07,334.49,28114
SNOW,2026-09-14,12:30,334.473,334.57,334.28,334.57,2888
SNOW,2026-09-14,12:31,334.73,335.28,334.73,335.28,16617
SNOW,2026-09-14,12:32,335.285,335.29,334.9001,335.075,4033
SNOW,2026-09-14,12:33,335.09,335.15,334.82,334.98,5173
SNOW,2026-09-14,12:34,334.98,335.19,334.98,335.19,2355
SNOW,2026-09-14,12:35,335.279,335.31,334.93,334.94,3663
SNOW,2026-09-14,12:36,335,335.0892,334.8906,335.01,3162
SNOW,2026-09-14,12:37,334.92,334.945,334.56,334.56,4368
SNOW,2026-09-14,12:38,334.66,334.66,334.39,334.39,977
SNOW,2026-09-14,12:39,334.36,334.36,334.11,334.245,5352
SNOW,2026-09-14,12:40,334.49,334.49,333.54,334.12,31181
SNOW,2026-09-14,12:41,334.29,334.7,334.29,334.7,3980
SNOW,2026-09-14,12:42,334.69,335.63,334.57,335.425,7036
SNOW,2026-09-14,12:43,335.25,335.59,335.0601,335.0601,5957
SNOW,2026-09-14,12:44,335.3,335.4,335.04,335.4,18029
SNOW,2026-09-14,12:45,335.4,335.6399,335.03,335.25,4589
SNOW,2026-09-14,12:46,335.315,335.6,335.03,335.6,7767
SNOW,2026-09-14,12:47,335.455,336.16,335.455,335.985,10221
SNOW,2026-09-14,12:48,336,336.45,336,336.25,11426
SNOW,2026-09-14,12:49,336.11,336.11,335.37,335.37,20693
SNOW,2026-09-14,12:50,335.37,335.575,335.37,335.575,1560
SNOW,2026-09-14,12:51,335.575,335.67,335.47,335.47,1570
SNOW,2026-09-14,12:52,335.6,335.6,335.14,335.2801,6206
SNOW,2026-09-14,12:53,335.5992,335.65,335.475,335.65,2607
SNOW,2026-09-14,12:54,335.81,335.96,335.52,335.635,2547
SNOW,2026-09-14,12:55,335.51,335.625,335.21,335.29,4985
SNOW,2026-09-14,12:56,335.18,335.6195,335.18,335.6195,3336
SNOW,2026-09-14,12:57,335.5,335.79,335.5,335.76,6249
SNOW,2026-09-14,12:58,335.91,336,335.7,335.7,8915
SNOW,2026-09-14,12:59,335.96,336.41,335.96,336.41,10062
SNOW,2026-09-14,13:00,336.305,336.485,336.0401,336.115,10322
SNOW,2026-09-14,13:01,336.13,336.31,335.63,335.63,7062
SNOW,2026-09-14,13:02,335.94,335.94,335.26,335.26,3675
SNOW,2026-09-14,13:03,335.4421,335.8929,335.4421,335.48,7817
SNOW,2026-09-14,13:04,335.23,335.32,335.15,335.32,1384
SNOW,2026-09-14,13:05,335.15,335.27,334.96,335.19,7190
SNOW,2026-09-14,13:06,335.24,335.255,334.58,334.855,14764
SNOW,2026-09-14,13:07,335.25,335.25,334.985,334.99,1780
SNOW,2026-09-14,13:08,334.985,334.99,334.59,334.6,3060
SNOW,2026-09-14,13:09,334.47,334.73,333.34,334.075,11986
SNOW,2026-09-14,13:10,334.165,334.38,334.04,334.165,4801
SNOW,2026-09-14,13:11,334.165,334.45,333.86,334.35,5619
SNOW,2026-09-14,13:12,334.1301,334.63,334.1301,334.44,2239
SNOW,2026-09-14,13:13,334.43,334.6502,334.39,334.39,1477
SNOW,2026-09-14,13:14,334.392,334.74,334.2,334.7,3877
SNOW,2026-09-14,13:15,334.5,334.95,334.49,334.7,2405
SNOW,2026-09-14,13:16,334.6,334.73,334.385,334.4801,7076
SNOW,2026-09-14,13:17,334.88,335.05,334.455,334.66,15767
SNOW,2026-09-14,13:18,334.675,334.675,334.38,334.63,3049
SNOW,2026-09-14,13:19,334.45,334.67,334.37,334.67,1363
SNOW,2026-09-14,13:20,334.51,334.6,334.37,334.37,2434
SNOW,2026-09-14,13:21,334.48,334.48,333.65,333.65,14457
SNOW,2026-09-14,13:22,333.6,334.17,333.6,333.77,3762
SNOW,2026-09-14,13:23,334.11,334.1882,334.11,334.1882,1986
SNOW,2026-09-14,13:24,333.91,334.28,333.91,334.09,3307
SNOW,2026-09-14,13:25,333.84,334.25,333.84,334.07,6643
SNOW,2026-09-14,13:26,333.96,333.96,333.75,333.865,9569
SNOW,2026-09-14,13:27,334.11,334.15,333.6201,334,6340
SNOW,2026-09-14,13:28,333.87,334.49,333.87,334.4676,22425
SNOW,2026-09-14,13:29,334.28,334.48,334.28,334.48,1983
SNOW,2026-09-14,13:30,334.32,334.45,334.31,334.45,2451
SNOW,2026-09-14,13:31,334.45,334.45,334.45,334.45,0
SNOW,2026-09-14,13:32,334.325,334.75,334.1501,334.72,4826
SNOW,2026-09-14,13:33,334.72,334.72,334.395,334.4125,8045
SNOW,2026-09-14,13:34,334.83,334.83,334.605,334.71,2701
SNOW,2026-09-14,13:35,334.6683,334.71,334.6683,334.705,2884
SNOW,2026-09-14,13:36,334.53,334.62,334.48,334.48,3883
SNOW,2026-09-14,13:37,334.57,334.7367,334.565,334.565,1493
SNOW,2026-09-14,13:38,334.565,334.57,334.52,334.57,1742
SNOW,2026-09-14,13:39,334.38,334.505,334.2525,334.39,4161
SNOW,2026-09-14,13:40,334.2625,334.47,334.2,334.42,3986
SNOW,2026-09-14,13:41,334.345,334.3475,333.75,334.25,8494
SNOW,2026-09-14,13:42,333.86,333.995,333.86,333.925,1571
SNOW,2026-09-14,13:43,334.16,334.2,334.16,334.185,1193
SNOW,2026-09-14,13:44,334.24,334.35,334.155,334.29,6973
SNOW,2026-09-14,13:45,334.4,334.4,334.4,334.4,840
SNOW,2026-09-14,13:46,334.41,334.465,334.41,334.465,2846
SNOW,2026-09-14,13:47,334.465,334.465,334.09,334.145,7640
SNOW,2026-09-14,13:48,334.145,334.34,334.1101,334.31,4059
SNOW,2026-09-14,13:49,334.28,334.28,334.2,334.2,2711
SNOW,2026-09-14,13:50,334.2,334.5199,334.05,334.5199,5375
SNOW,2026-09-14,13:51,334.1595,334.21,333.81,333.9125,9787
SNOW,2026-09-14,13:52,333.8689,334.13,333.6182,333.6801,8715
SNOW,2026-09-14,13:53,333.83,333.83,333.59,333.59,7291
SNOW,2026-09-14,13:54,333.59,333.83,333.59,333.725,4254
SNOW,2026-09-14,13:55,333.84,334.62,333.84,334.515,9598
SNOW,2026-09-14,13:56,334.49,334.58,334.29,334.3425,5597
SNOW,2026-09-14,13:57,334.255,334.46,334.1,334.15,5508
SNOW,2026-09-14,13:58,334.05,334.05,333.74,333.74,2963
SNOW,2026-09-14,13:59,334.1495,334.1495,333.925,333.95,2774
SNOW,2026-09-14,14:00,333.96,334.21,333.89,333.98,4690
SNOW,2026-09-14,14:01,334.065,334.065,334.03,334.03,1764
SNOW,2026-09-14,14:02,334.025,334.605,334.025,334.605,3629
SNOW,2026-09-14,14:03,334.6,334.6,334.17,334.17,7420
SNOW,2026-09-14,14:04,334.11,334.11,334.1,334.1,814
SNOW,2026-09-14,14:05,334.09,334.09,333.68,333.755,5677
SNOW,2026-09-14,14:06,333.95,334.66,333.95,334.315,8852
SNOW,2026-09-14,14:07,334.05,334.18,334.02,334.18,2793
SNOW,2026-09-14,14:08,334.015,334.065,333.76,334.06,15297
SNOW,2026-09-14,14:09,334.17,334.33,333.95,334.33,3241
SNOW,2026-09-14,14:10,334.305,334.78,334.305,334.5,5173
SNOW,2026-09-14,14:11,334.5,334.5,334.3,334.33,4642
SNOW,2026-09-14,14:12,334.49,334.49,334.33,334.33,578
SNOW,2026-09-14,14:13,334.54,334.68,334.35,334.68,3923
SNOW,2026-09-14,14:14,334.5,334.95,334.49,334.8,10193
SNOW,2026-09-14,14:15,334.87,335,334.71,334.99,6237
SNOW,2026-09-14,14:16,334.99,335.25,334.285,334.3,18905
SNOW,2026-09-14,14:17,334.47,335,334.47,334.9,6490
SNOW,2026-09-14,14:18,334.95,335.12,334.84,335.12,34545
SNOW,2026-09-14,14:19,335.075,335.24,334.74,334.78,11684
SNOW,2026-09-14,14:20,334.78,334.78,333.85,334.115,27605
SNOW,2026-09-14,14:21,333.96,333.96,332.5814,333.16,32336
SNOW,2026-09-14,14:22,333.2495,333.2495,333.14,333.205,4453
SNOW,2026-09-14,14:23,333.205,333.41,332.83,332.98,23233
SNOW,2026-09-14,14:24,332.99,333.0475,332.85,332.975,2955
SNOW,2026-09-14,14:25,332.975,333.29,332.975,333.29,3720
SNOW,2026-09-14,14:26,333.25,333.41,333.25,333.25,1589
SNOW,2026-09-14,14:27,333.2224,333.44,332.69,332.7,12703
SNOW,2026-09-14,14:28,332.501,332.795,332.0004,332.065,37179
SNOW,2026-09-14,14:29,332.165,332.505,331.9843,332.495,6629
SNOW,2026-09-14,14:30,332.48,332.49,332.33,332.335,3467
SNOW,2026-09-14,14:31,332.44,332.74,332.34,332.59,10345
SNOW,2026-09-14,14:32,332.43,332.595,332.43,332.595,1418
SNOW,2026-09-14,14:33,332.67,332.67,332.39,332.575,3514
SNOW,2026-09-14,14:34,332.37,332.38,332.21,332.38,3775
SNOW,2026-09-14,14:35,332.09,332.245,331.9,332.08,10617
SNOW,2026-09-14,14:36,332.1,332.23,332.06,332.23,3973
SNOW,2026-09-14,14:37,332.1,332.44,332.1,332.44,2897
SNOW,2026-09-14,14:38,332.59,332.67,332.51,332.51,2083
SNOW,2026-09-14,14:39,332.51,332.51,332.3,332.3,3172
SNOW,2026-09-14,14:40,332.19,332.42,331.99,332.42,2374
SNOW,2026-09-14,14:41,332.52,332.67,332.4458,332.635,5755
SNOW,2026-09-14,14:42,332.68,332.815,332.601,332.815,3455
SNOW,2026-09-14,14:43,332.82,332.82,332.36,332.43,6727
SNOW,2026-09-14,14:44,332.44,332.445,332.21,332.41,2323
SNOW,2026-09-14,14:45,332.45,332.45,332.19,332.19,1337
SNOW,2026-09-14,14:46,332.19,332.415,331.72,331.87,9318
SNOW,2026-09-14,14:47,331.71,332.04,331.71,331.85,3406
SNOW,2026-09-14,14:48,332.06,332.1,331.87,332.1,4583
SNOW,2026-09-14,14:49,331.781,332.2718,331.781,331.965,2775
SNOW,2026-09-14,14:50,331.94,331.94,331.91,331.91,1889
SNOW,2026-09-14,14:51,331.9,332,331.76,332,5485
SNOW,2026-09-14,14:52,331.915,332.01,331.84,331.84,2896
SNOW,2026-09-14,14:53,331.87,331.87,331.7,331.7,1884
SNOW,2026-09-14,14:54,331.825,331.83,331.825,331.83,1643
SNOW,2026-09-14,14:55,331.84,331.84,331.72,331.82,2512
SNOW,2026-09-14,14:56,331.71,331.9399,331.7,331.93,2354
SNOW,2026-09-14,14:57,331.81,331.81,331.55,331.635,13104
SNOW,2026-09-14,14:58,331.6669,331.67,331.3301,331.45,6269
SNOW,2026-09-14,14:59,331.5172,331.59,331.45,331.48,3448
SNOW,2026-09-14,15:00,331.57,331.64,331.29,331.42,7298
SNOW,2026-09-14,15:01,331.415,332.0043,330.6486,331.91,44139
SNOW,2026-09-14,15:02,331.81,331.863,331.2,331.2,7989
SNOW,2026-09-14,15:03,331.56,331.745,331.49,331.745,3423
SNOW,2026-09-14,15:04,331.79,332.1438,331.62,331.74,11541
SNOW,2026-09-14,15:05,331.84,332.29,331.84,332.29,4150
SNOW,2026-09-14,15:06,332.32,332.335,332.01,332.08,5089
SNOW,2026-09-14,15:07,332.01,332.11,331.74,331.87,4810
SNOW,2026-09-14,15:08,331.78,331.78,331.51,331.51,2288
SNOW,2026-09-14,15:09,331.6,331.73,331.545,331.6,4435
SNOW,2026-09-14,15:10,331.63,331.65,331.42,331.65,3647
SNOW,2026-09-14,15:11,331.675,331.675,331.4,331.55,4060
SNOW,2026-09-14,15:12,331.48,331.48,331.1746,331.335,3603
SNOW,2026-09-14,15:13,331.49,331.51,331.38,331.51,2204
SNOW,2026-09-14,15:14,331.61,331.74,331.58,331.65,4199
SNOW,2026-09-14,15:15,331.78,331.96,331.78,331.88,3835
SNOW,2026-09-14,15:16,331.8,331.8,331.4,331.55,6833
SNOW,2026-09-14,15:17,331.595,331.73,331.595,331.7174,1982
SNOW,2026-09-14,15:18,331.69,331.7099,331.125,331.125,7377
SNOW,2026-09-14,15:19,331.15,331.34,331.15,331.34,4857
SNOW,2026-09-14,15:20,331.52,331.72,331.51,331.6,3241
SNOW,2026-09-14,15:21,331.71,331.71,331.49,331.56,4312
SNOW,2026-09-14,15:22,331.56,331.71,331.56,331.625,2025
SNOW,2026-09-14,15:23,331.61,331.93,331.605,331.93,5838
SNOW,2026-09-14,15:24,331.7,332.174,331.7,332.065,4846
SNOW,2026-09-14,15:25,331.99,331.99,331.85,331.915,5836
SNOW,2026-09-14,15:26,331.92,331.955,331.75,331.89,3480
SNOW,2026-09-14,15:27,331.75,332.57,331.75,332.455,32466
SNOW,2026-09-14,15:28,332.46,332.82,332.4475,332.5,14726
SNOW,2026-09-14,15:29,332.5,333,332.31,332.31,13122
SNOW,2026-09-14,15:30,332.5,332.65,332.42,332.49,5422
SNOW,2026-09-14,15:31,332.495,333,332.495,332.885,9348
SNOW,2026-09-14,15:32,332.885,333.0622,332.56,332.685,21531
SNOW,2026-09-14,15:33,332.5876,333.53,332.44,333.355,14124
SNOW,2026-09-14,15:34,333.37,333.96,333.37,333.8,11950
SNOW,2026-09-14,15:35,333.73,333.99,333.07,333.1575,12824
SNOW,2026-09-14,15:36,333.23,333.515,333.185,333.35,12796
SNOW,2026-09-14,15:37,333.35,333.56,333.35,333.56,6549
SNOW,2026-09-14,15:38,333.55,333.6,333.34,333.46,7788
SNOW,2026-09-14,15:39,333.57,333.59,333.29,333.505,13459
SNOW,2026-09-14,15:40,333.6,333.99,333.59,333.765,15174
SNOW,2026-09-14,15:41,333.82,333.82,333.34,333.59,27074
SNOW,2026-09-14,15:42,333.575,333.68,333.31,333.345,13125
SNOW,2026-09-14,15:43,333.2005,333.42,333,333.2075,13181
SNOW,2026-09-14,15:44,333.27,333.66,333.02,333.62,19272
SNOW,2026-09-14,15:45,333.64,333.99,333.64,333.86,12484
SNOW,2026-09-14,15:46,334,334,333.01,333.2,10666
SNOW,2026-09-14,15:47,333.17,333.18,332.63,332.805,10171
SNOW,2026-09-14,15:48,332.66,332.79,332.66,332.725,7660
SNOW,2026-09-14,15:49,332.725,332.8,332.2,332.32,24377
SNOW,2026-09-14,15:50,332.425,332.52,331.975,332.27,39848
SNOW,2026-09-14,15:51,332.27,332.28,331.88,331.935,12514
SNOW,2026-09-14,15:52,332.01,332.11,331.8,331.85,14875
SNOW,2026-09-14,15:53,331.88,331.95,331.56,331.87,19282
SNOW,2026-09-14,15:54,331.93,331.94,330.96,331.195,34933
SNOW,2026-09-14,15:55,331.24,331.38,330.92,331.325,51357
SNOW,2026-09-14,15:56,331.275,331.42,330.63,330.73,61208
SNOW,2026-09-14,15:57,330.81,331.61,330.68,331.41,59757
SNOW,2026-09-14,15:58,331.43,331.98,331.19,331.685,113526
SNOW,2026-09-14,15:59,331.65,332.03,330.94,332.03,164613
SNOW,2026-09-14,16:00,332.35,332.35,332.35,332.35,0
SNOW,2026-09-15,09:30,324.89,328.66,324.89,326.76,180157
SNOW,2026-09-15,09:31,326.685,327.85,324.49,324.49,16771
SNOW,2026-09-15,09:32,325.03,327.2052,324.53,324.53,13716
SNOW,2026-09-15,09:33,325.29,326.25,324.82,325.32,11550
SNOW,2026-09-15,09:34,325.665,325.665,324.3001,325.025,15969
SNOW,2026-09-15,09:35,325.32,326.46,324.51,326.46,12299
SNOW,2026-09-15,09:36,326.4999,326.5,325.325,326.145,8097
SNOW,2026-09-15,09:37,326.14,326.7,325.81,326.335,10203
SNOW,2026-09-15,09:38,326.49,328,325.81,327.605,41029
SNOW,2026-09-15,09:39,328,328,326.455,326.885,11542
SNOW,2026-09-15,09:40,326.45,326.765,325.6,326.49,15265
SNOW,2026-09-15,09:41,326.01,326.01,325.04,325.43,7080
SNOW,2026-09-15,09:42,325.22,325.23,324.35,324.96,28112
SNOW,2026-09-15,09:43,324.7,325.625,324.45,325.35,15505
SNOW,2026-09-15,09:44,325.34,326.06,324.64,326.06,19093
SNOW,2026-09-15,09:45,325.87,326.34,325.34,325.34,13327
SNOW,2026-09-15,09:46,325.53,325.91,325,325.745,14129
SNOW,2026-09-15,09:47,326.03,326.85,325.785,326.4,8946
SNOW,2026-09-15,09:48,326.325,326.72,325.95,326.48,8853
SNOW,2026-09-15,09:49,326.48,327.5,326.48,327.12,12728
SNOW,2026-09-15,09:50,327.45,327.46,325.95,326.01,30081
SNOW,2026-09-15,09:51,325.35,325.94,324.93,325.105,17073
SNOW,2026-09-15,09:52,325.105,325.55,324.4,324.61,9507
SNOW,2026-09-15,09:53,324.645,324.65,324.12,324.4,16040
SNOW,2026-09-15,09:54,324.63,324.83,324.03,324.26,7430
SNOW,2026-09-15,09:55,324.03,324.03,323,323.61,35108
SNOW,2026-09-15,09:56,323.63,324.21,323.26,324.085,16043
SNOW,2026-09-15,09:57,323.95,324.045,323.13,323.24,12271
SNOW,2026-09-15,09:58,323.24,323.38,322.89,322.92,16808
SNOW,2026-09-15,09:59,322.91,322.99,322.34,322.61,25187
SNOW,2026-09-15,10:00,322.69,322.69,321.41,321.7376,25018
SNOW,2026-09-15,10:01,321.7644,321.85,321.19,321.205,14606
SNOW,2026-09-15,10:02,321,321.11,320.64,320.75,13791
SNOW,2026-09-15,10:03,320.725,321.065,320.32,320.32,25287
SNOW,2026-09-15,10:04,320.425,320.45,319.37,319.37,32799
SNOW,2026-09-15,10:05,319.4095,319.45,319.12,319.43,15394
SNOW,2026-09-15,10:06,319.53,319.53,319.24,319.44,15789
SNOW,2026-09-15,10:07,319.485,319.9194,318.8058,318.895,26740
SNOW,2026-09-15,10:08,318.89,319.01,318.5001,319.01,19118
SNOW,2026-09-15,10:09,319.17,320,318.9101,319.93,17088
SNOW,2026-09-15,10:10,320.04,320.04,319.5,319.81,24584
SNOW,2026-09-15,10:11,319.805,320.13,319.5801,319.98,21194
SNOW,2026-09-15,10:12,319.9001,320.8,319.9001,320.791,14879
SNOW,2026-09-15,10:13,320.77,320.92,320.36,320.515,12890
SNOW,2026-09-15,10:14,320.515,321.08,320.3201,320.66,12856
SNOW,2026-09-15,10:15,320.7,320.989,320.5064,320.74,5862
SNOW,2026-09-15,10:16,321.07,321.21,320.915,320.915,8542
SNOW,2026-09-15,10:17,320.915,321.45,320.5729,321.2904,18526
SNOW,2026-09-15,10:18,321.23,321.33,320.865,321.14,10293
SNOW,2026-09-15,10:19,321.13,321.14,320.77,320.93,5567
SNOW,2026-09-15,10:20,321.09,321.32,321,321.035,9604
SNOW,2026-09-15,10:21,321.03,321.1,320.32,320.4,7964
SNOW,2026-09-15,10:22,320.395,320.72,320.11,320.35,21764
SNOW,2026-09-15,10:23,320.22,320.86,320.1,320.84,12724
SNOW,2026-09-15,10:24,320.52,320.95,320.52,320.9,2494
SNOW,2026-09-15,10:25,320.93,321,320.72,320.8,8964
SNOW,2026-09-15,10:26,320.805,321.81,320.805,321.51,24047
SNOW,2026-09-15,10:27,321.54,321.54,320.905,321.08,16734
SNOW,2026-09-15,10:28,320.955,321.18,320,320.36,27111
SNOW,2026-09-15,10:29,320.74,320.74,320.645,320.645,3832
SNOW,2026-09-15,10:30,320.635,320.82,320.5628,320.72,5216
SNOW,2026-09-15,10:31,320.72,321.06,320.55,320.7,9068
SNOW,2026-09-15,10:32,320.67,320.95,320.595,320.85,4847
SNOW,2026-09-15,10:33,320.85,321.12,320.81,320.92,8473
SNOW,2026-09-15,10:34,321.04,321.21,320.89,321.2,11179
SNOW,2026-09-15,10:35,321.21,321.21,320.58,320.58,3666
SNOW,2026-09-15,10:36,320.71,320.83,320.58,320.63,4989
SNOW,2026-09-15,10:37,320.745,320.745,320.35,320.44,4136
SNOW,2026-09-15,10:38,320.445,320.71,320.445,320.71,6418
SNOW,2026-09-15,10:39,320.71,320.96,320.71,320.795,4122
SNOW,2026-09-15,10:40,320.73,320.795,320.52,320.63,7805
SNOW,2026-09-15,10:41,320.57,321.05,320.44,320.64,11717
SNOW,2026-09-15,10:42,320.83,321.08,320.7,320.8851,4839
SNOW,2026-09-15,10:43,320.885,320.885,320.83,320.83,1884
SNOW,2026-09-15,10:44,320.719,320.795,320.24,320.445,8214
SNOW,2026-09-15,10:45,320.445,320.54,320.345,320.38,3458
SNOW,2026-09-15,10:46,320.355,320.58,320.23,320.42,2517
SNOW,2026-09-15,10:47,320.42,320.45,320.05,320.26,5497
SNOW,2026-09-15,10:48,320.26,321.115,320.26,320.985,7439
SNOW,2026-09-15,10:49,320.86,320.96,320.71,320.71,4084
SNOW,2026-09-15,10:50,320.685,320.685,320.2601,320.475,12877
SNOW,2026-09-15,10:51,320.27,320.92,320,320.825,22292
SNOW,2026-09-15,10:52,320.82,321.37,320.6735,321.195,7362
SNOW,2026-09-15,10:53,321.19,321.19,321.04,321.11,1856
SNOW,2026-09-15,10:54,321.185,321.26,321.01,321.135,5096
SNOW,2026-09-15,10:55,321.29,321.58,320.97,321.445,12217
SNOW,2026-09-15,10:56,321.445,321.55,320.96,320.96,3718
SNOW,2026-09-15,10:57,321.1,321.65,320.91,321.55,9976
SNOW,2026-09-15,10:58,321.385,321.55,321.385,321.55,894
SNOW,2026-09-15,10:59,321.385,321.45,321.37,321.39,3303
SNOW,2026-09-15,11:00,321.68,322.23,321.68,322,9473
SNOW,2026-09-15,11:01,321.5301,322.54,321.5301,322.54,5628
SNOW,2026-09-15,11:02,322.2301,322.63,322.23,322.41,7168
SNOW,2026-09-15,11:03,322.15,323.55,322.15,323.2,8970
SNOW,2026-09-15,11:04,323.8,324.27,323.57,323.9032,19126
SNOW,2026-09-15,11:05,324.4631,324.4631,323.9,324.13,3301
SNOW,2026-09-15,11:06,324.13,324.13,323.94,323.94,1843
SNOW,2026-09-15,11:07,324.13,324.13,323.82,324,6125
SNOW,2026-09-15,11:08,324.07,324.07,323.5,323.635,6814
SNOW,2026-09-15,11:09,323.62,324.32,323.09,324.25,7219
SNOW,2026-09-15,11:10,324.13,324.4699,324.04,324.045,2237
SNOW,2026-09-15,11:11,324,324.7,324,324.43,6312
SNOW,2026-09-15,11:12,324.25,324.32,324.13,324.13,2679
SNOW,2026-09-15,11:13,324.13,324.46,324.02,324.315,7509
SNOW,2026-09-15,11:14,324.385,324.71,324.385,324.4,6645
SNOW,2026-09-15,11:15,324.595,324.6,324.2853,324.43,3411
SNOW,2026-09-15,11:16,324.36,324.59,324.26,324.27,6278
SNOW,2026-09-15,11:17,324.27,324.27,323.72,323.72,5722
SNOW,2026-09-15,11:18,323.59,324.2,323.59,324.135,6747
SNOW,2026-09-15,11:19,324.135,324.14,323.85,323.85,4663
SNOW,2026-09-15,11:20,323.8,323.83,323.58,323.58,4362
SNOW,2026-09-15,11:21,323.45,323.49,323.09,323.225,7287
SNOW,2026-09-15,11:22,323.39,323.75,323.24,323.75,9383
SNOW,2026-09-15,11:23,323.55,323.56,323.41,323.46,2616
SNOW,2026-09-15,11:24,323.42,323.67,323.335,323.335,4404
SNOW,2026-09-15,11:25,323.29,323.35,323,323.04,2947
SNOW,2026-09-15,11:26,323.14,323.24,322.99,322.99,7525
SNOW,2026-09-15,11:27,322.99,323.01,322.81,323.0089,2882
SNOW,2026-09-15,11:28,322.81,323.08,322.63,322.81,6350
SNOW,2026-09-15,11:29,322.945,323,322.77,322.82,3504
SNOW,2026-09-15,11:30,322.86,323.475,322.63,323.26,8958
SNOW,2026-09-15,11:31,323.19,323.24,322.896,323.19,5259
SNOW,2026-09-15,11:32,323.15,323.1699,322.7601,323.015,7549
SNOW,2026-09-15,11:33,322.96,323.01,322.295,322.295,7087
SNOW,2026-09-15,11:34,322.2,322.31,322.12,322.175,6375
SNOW,2026-09-15,11:35,322.175,322.175,321.52,321.645,10220
SNOW,2026-09-15,11:36,321.645,321.785,321.53,321.765,6221
SNOW,2026-09-15,11:37,321.765,321.86,321.58,321.775,5690
SNOW,2026-09-15,11:38,321.65,321.74,321.2701,321.2701,8771
SNOW,2026-09-15,11:39,321.64,321.9599,321.515,321.775,5883
SNOW,2026-09-15,11:40,321.725,321.8325,321.68,321.805,1782
SNOW,2026-09-15,11:41,321.62,322.07,321.62,322.07,7302
SNOW,2026-09-15,11:42,321.97,322.045,321.96,321.96,1268
SNOW,2026-09-15,11:43,322.13,322.93,321.945,322.89,13047
SNOW,2026-09-15,11:44,322.92,324.43,322.92,324.43,6172
SNOW,2026-09-15,11:45,324,324.135,323.9147,324.025,2055
SNOW,2026-09-15,11:46,324.2641,324.2641,323.96,323.96,5062
SNOW,2026-09-15,11:47,324,324.52,323.96,324.35,9840
SNOW,2026-09-15,11:48,324.55,324.82,324.44,324.58,14863
SNOW,2026-09-15,11:49,324.5801,324.5801,324.26,324.26,5023
SNOW,2026-09-15,11:50,324.49,324.78,324.49,324.545,4211
SNOW,2026-09-15,11:51,324.58,324.66,324.32,324.57,5516
SNOW,2026-09-15,11:52,324.38,325.25,324.171,325.19,15887
SNOW,2026-09-15,11:53,325.2527,325.575,325.05,325.575,5084
SNOW,2026-09-15,11:54,325.195,325.58,325.12,325.48,4836
SNOW,2026-09-15,11:55,325.56,325.88,325.5,325.805,6866
SNOW,2026-09-15,11:56,326,326.745,326,326.745,6170
SNOW,2026-09-15,11:57,326.61,326.83,326.41,326.49,9091
SNOW,2026-09-15,11:58,326.4624,326.5,326.18,326.245,13838
SNOW,2026-09-15,11:59,326.165,326.69,326.165,326.525,20878
SNOW,2026-09-15,12:00,326.7,326.74,326.28,326.28,16478
SNOW,2026-09-15,12:01,326.28,326.39,326.19,326.39,3346
SNOW,2026-09-15,12:02,326.49,326.57,326.145,326.21,7326
SNOW,2026-09-15,12:03,326.26,326.46,326.1801,326.23,8241
SNOW,2026-09-15,12:04,326.36,326.98,326.2,326.31,19790
SNOW,2026-09-15,12:05,326.121,326.3,325.57,325.925,12169
SNOW,2026-09-15,12:06,325.481,326.28,325.481,326.28,3581
SNOW,2026-09-15,12:07,326.135,326.16,325.895,325.895,8545
SNOW,2026-09-15,12:08,325.5901,325.98,325.5901,325.8991,5944
SNOW,2026-09-15,12:09,325.92,326.24,325.92,326.19,8023
SNOW,2026-09-15,12:10,326.195,326.195,326.005,326.005,3636
SNOW,2026-09-15,12:11,326.28,326.28,326.015,326.21,5302
SNOW,2026-09-15,12:12,326.24,326.24,326.13,326.16,6014
SNOW,2026-09-15,12:13,326.29,326.29,326.13,326.27,3938
SNOW,2026-09-15,12:14,326.16,326.2276,326.03,326.17,1879
SNOW,2026-09-15,12:15,326.29,326.57,326.27,326.56,6433
SNOW,2026-09-15,12:16,326.51,326.57,326.41,326.41,2840
SNOW,2026-09-15,12:17,326.62,326.7299,326.475,326.72,33756
SNOW,2026-09-15,12:18,326.7199,326.77,326.55,326.58,5441
SNOW,2026-09-15,12:19,326.49,326.77,326.3625,326.675,4638
SNOW,2026-09-15,12:20,326.81,327.0599,326.76,326.97,6984
SNOW,2026-09-15,12:21,326.975,327.16,326.66,327.02,17893
SNOW,2026-09-15,12:22,327.03,327.09,327,327.09,1870
SNOW,2026-09-15,12:23,327.2,327.23,327.08,327.175,3201
SNOW,2026-09-15,12:24,327.175,327.39,327.155,327.39,4046
SNOW,2026-09-15,12:25,327.4599,327.57,327.1489,327.32,4516
SNOW,2026-09-15,12:26,327.325,327.41,327.2001,327.41,2260
SNOW,2026-09-15,12:27,327.562,327.9399,327.27,327.535,6348
SNOW,2026-09-15,12:28,327.8,327.84,327.58,327.6,3017
SNOW,2026-09-15,12:29,327.535,327.72,327.02,327.38,14328
SNOW,2026-09-15,12:30,327.19,327.42,327.155,327.3499,2800
SNOW,2026-09-15,12:31,327.155,327.37,327.155,327.32,4715
SNOW,2026-09-15,12:32,327.499,327.63,327.34,327.63,4069
SNOW,2026-09-15,12:33,327.6799,327.79,327.3428,327.79,3561
SNOW,2026-09-15,12:34,327.8599,327.8599,327.27,327.38,9430
SNOW,2026-09-15,12:35,327.405,327.56,327.38,327.38,1933
SNOW,2026-09-15,12:36,327.3851,327.395,327.19,327.31,10348
SNOW,2026-09-15,12:37,327.35,327.49,327.35,327.49,2789
SNOW,2026-09-15,12:38,327.3,327.5,327.3,327.38,1620
SNOW,2026-09-15,12:39,327.33,327.38,327.3065,327.34,2898
SNOW,2026-09-15,12:40,327.34,327.425,327.3,327.3,3067
SNOW,2026-09-15,12:41,327.3,327.3,326.96,327.05,12169
SNOW,2026-09-15,12:42,327,327,326.341,326.341,11027
SNOW,2026-09-15,12:43,326.57,326.685,326.4301,326.575,6389
SNOW,2026-09-15,12:44,326.72,326.72,326.54,326.54,2019
SNOW,2026-09-15,12:45,326.457,326.535,326.445,326.445,4600
SNOW,2026-09-15,12:46,326.445,326.67,326.445,326.63,5662
SNOW,2026-09-15,12:47,326.74,326.92,325.59,325.84,12989
SNOW,2026-09-15,12:48,325.84,326.14,325.805,325.845,5844
SNOW,2026-09-15,12:49,325.845,326.065,325.845,326.065,2461
SNOW,2026-09-15,12:50,326.065,326.065,325.85,325.85,2066
SNOW,2026-09-15,12:51,325.88,325.88,325.73,325.87,3671
SNOW,2026-09-15,12:52,325.87,325.95,325.785,325.805,4839
SNOW,2026-09-15,12:53,326.02,326.02,325.59,325.59,1071
SNOW,2026-09-15,12:54,326.04,326.04,325.62,325.66,3474
SNOW,2026-09-15,12:55,325.66,325.665,325.36,325.62,8934
SNOW,2026-09-15,12:56,325.36,325.98,325.36,325.735,11989
SNOW,2026-09-15,12:57,325.735,326.54,325.735,326.35,11713
SNOW,2026-09-15,12:58,326.41,326.435,326,326.005,3819
SNOW,2026-09-15,12:59,325.95,326.115,325.95,326.115,1266
SNOW,2026-09-15,13:00,326.105,326.115,326,326,2326
SNOW,2026-09-15,13:01,325.935,325.9725,325.935,325.935,1287
SNOW,2026-09-15,13:02,325.935,326.2,325.935,325.945,1895
SNOW,2026-09-15,13:03,325.855,326.2,325.79,326.2,4749
SNOW,2026-09-15,13:04,326.185,326.24,326.08,326.095,1891
SNOW,2026-09-15,13:05,325.96,326.16,325.88,326.055,6293
SNOW,2026-09-15,13:06,326.0525,326.0525,325.7,325.8,3680
SNOW,2026-09-15,13:07,325.7,326.25,325.7,326.25,10108
SNOW,2026-09-15,13:08,326.145,326.145,325.935,325.935,953
SNOW,2026-09-15,13:09,325.99,325.99,325.99,325.99,1036
SNOW,2026-09-15,13:10,325.855,325.99,325.855,325.99,4907
SNOW,2026-09-15,13:11,326.06,326.13,325.85,325.855,4844
SNOW,2026-09-15,13:12,325.86,325.865,325.49,325.84,4381
SNOW,2026-09-15,13:13,325.69,326.14,325.69,325.96,4945
SNOW,2026-09-15,13:14,325.88,326.0855,325.88,326.0855,2675
SNOW,2026-09-15,13:15,325.7,325.7,325.45,325.45,1498
SNOW,2026-09-15,13:16,325.46,325.69,325.44,325.57,5536
SNOW,2026-09-15,13:17,325.44,325.61,325.43,325.555,4425
SNOW,2026-09-15,13:18,325.43,325.52,324.6,324.6,7067
SNOW,2026-09-15,13:19,324.65,324.65,324.22,324.5,6520
SNOW,2026-09-15,13:20,324.355,324.45,324.12,324.31,9973
SNOW,2026-09-15,13:21,324.41,324.42,324.04,324.04,5208
SNOW,2026-09-15,13:22,324.04,324.04,323.695,323.695,3468
SNOW,2026-09-15,13:23,323.695,323.94,323.6635,323.785,8894
SNOW,2026-09-15,13:24,323.84,324.02,323.7,323.905,11340
SNOW,2026-09-15,13:25,323.915,324.02,323.915,324.005,1187
SNOW,2026-09-15,13:26,324.015,324.015,323.68,323.695,3258
SNOW,2026-09-15,13:27,323.51,323.575,323.2,323.415,5136
SNOW,2026-09-15,13:28,323.39,323.39,323.28,323.345,2537
SNOW,2026-09-15,13:29,323.42,323.68,323.09,323.18,22537
SNOW,2026-09-15,13:30,323.185,323.185,323.03,323.085,1111
SNOW,2026-09-15,13:31,323.17,323.26,323.145,323.185,2917
SNOW,2026-09-15,13:32,323.28,323.28,323,323.2,6480
SNOW,2026-09-15,13:33,323.115,323.3,323.115,323.3,4353
SNOW,2026-09-15,13:34,323.33,323.33,323.255,323.2975,2707
SNOW,2026-09-15,13:35,323.27,323.46,323.19,323.19,4294
SNOW,2026-09-15,13:36,323.085,323.085,322.9,322.9,3079
SNOW,2026-09-15,13:37,322.81,322.91,322.755,322.875,3718
SNOW,2026-09-15,13:38,322.84,322.86,322.71,322.81,2323
SNOW,2026-09-15,13:39,322.705,322.705,322.655,322.655,3054
SNOW,2026-09-15,13:40,322.81,322.93,322.74,322.74,4469
SNOW,2026-09-15,13:41,322.59,322.79,322.44,322.79,5972
SNOW,2026-09-15,13:42,322.785,322.88,322.72,322.78,3488
SNOW,2026-09-15,13:43,322.785,322.94,322.6,322.805,11707
SNOW,2026-09-15,13:44,322.93,322.98,322.875,322.95,4305
SNOW,2026-09-15,13:45,322.87,322.88,322.86,322.88,2789
SNOW,2026-09-15,13:46,322.885,322.9,322.8045,322.9,2997
SNOW,2026-09-15,13:47,322.84,322.9464,322.79,322.83,4524
SNOW,2026-09-15,13:48,322.77,322.83,322.66,322.735,7333
SNOW,2026-09-15,13:49,322.8,322.81,322.31,322.31,6096
SNOW,2026-09-15,13:50,322.33,322.72,322.17,322.57,7107
SNOW,2026-09-15,13:51,322.555,322.555,321.905,321.905,5230
SNOW,2026-09-15,13:52,322.08,322.18,321.95,322.135,7426
SNOW,2026-09-15,13:53,321.92,322.33,321.47,321.68,6649
SNOW,2026-09-15,13:54,321.665,321.8,321.665,321.695,5201
SNOW,2026-09-15,13:55,321.695,321.695,321.51,321.69,2838
SNOW,2026-09-15,13:56,321.51,321.685,321.5,321.58,4034
SNOW,2026-09-15,13:57,321.685,321.925,321.51,321.925,7941
SNOW,2026-09-15,13:58,321.925,322.07,321.4,321.495,12083
SNOW,2026-09-15,13:59,321.495,321.69,321.495,321.69,2440
SNOW,2026-09-15,14:00,321.58,321.76,321.53,321.76,3147
SNOW,2026-09-15,14:01,321.65,321.9399,321.62,321.8,6331
SNOW,2026-09-15,14:02,321.87,322.0099,321.82,321.87,3407
SNOW,2026-09-15,14:03,321.87,321.945,321.73,321.8401,4643
SNOW,2026-09-15,14:04,321.83,321.835,321.46,321.46,8113
SNOW,2026-09-15,14:05,321.46,321.685,321.43,321.47,5810
SNOW,2026-09-15,14:06,321.455,321.64,321.25,321.25,4292
SNOW,2026-09-15,14:07,321.245,321.45,321.245,321.33,3939
SNOW,2026-09-15,14:08,321.325,321.33,321.31,321.31,1694
SNOW,2026-09-15,14:09,321.31,321.335,321.0728,321.12,2839
SNOW,2026-09-15,14:10,321.07,321.4,321.07,321.4,8174
SNOW,2026-09-15,14:11,321.285,322.56,321.285,322.16,16301
SNOW,2026-09-15,14:12,322.45,322.6,322.13,322.17,5743
SNOW,2026-09-15,14:13,322.41,323.1,322.41,323.06,7356
SNOW,2026-09-15,14:14,323.2429,323.2429,322.6101,322.72,4806
SNOW,2026-09-15,14:15,322.7,322.7,322.4301,322.4301,2416
SNOW,2026-09-15,14:16,322.705,322.73,322.02,322.31,6420
SNOW,2026-09-15,14:17,322.03,322.56,322.03,322.2,5413
SNOW,2026-09-15,14:18,322.579,322.579,322,322.01,5074
SNOW,2026-09-15,14:19,322.11,322.19,322.005,322.18,5348
SNOW,2026-09-15,14:20,322.165,322.24,322.065,322.24,1447
SNOW,2026-09-15,14:21,322.165,322.28,322.02,322.03,13190
SNOW,2026-09-15,14:22,321.96,321.98,321.63,321.88,10376
SNOW,2026-09-15,14:23,321.8219,321.905,321.24,321.24,9417
SNOW,2026-09-15,14:24,321.4,321.49,321.4,321.405,3442
SNOW,2026-09-15,14:25,321.46,321.6,321.25,321.25,4261
SNOW,2026-09-15,14:26,321.49,321.65,321.28,321.28,6093
SNOW,2026-09-15,14:27,321.64,321.68,321.505,321.515,3382
SNOW,2026-09-15,14:28,321.52,321.5251,321.33,321.5,6888
SNOW,2026-09-15,14:29,321.43,321.48,321.4,321.4,4548
SNOW,2026-09-15,14:30,321.48,321.51,321.37,321.37,4583
SNOW,2026-09-15,14:31,321.37,321.57,321.32,321.57,3119
SNOW,2026-09-15,14:32,321.3301,321.455,321.23,321.4173,6587
SNOW,2026-09-15,14:33,321.23,321.38,321.07,321.07,9458
SNOW,2026-09-15,14:34,321.23,321.35,321.0701,321.35,7397
SNOW,2026-09-15,14:35,321.4299,321.56,321.395,321.395,2968
SNOW,2026-09-15,14:36,321.25,321.2775,321.07,321.16,4483
SNOW,2026-09-15,14:37,321.16,321.28,321.085,321.085,4630
SNOW,2026-09-15,14:38,321.11,321.33,321.09,321.09,4285
SNOW,2026-09-15,14:39,321.2476,321.2476,320.86,320.86,7811
SNOW,2026-09-15,14:40,320.87,321.325,320.87,321.26,12645
SNOW,2026-09-15,14:41,321.32,321.51,321.32,321.455,4017
SNOW,2026-09-15,14:42,321.62,321.79,321.5025,321.57,5889
SNOW,2026-09-15,14:43,321.45,321.45,321.405,321.405,1703
SNOW,2026-09-15,14:44,321.555,321.555,321.21,321.465,4206
SNOW,2026-09-15,14:45,321.66,321.66,321.22,321.34,3951
SNOW,2026-09-15,14:46,321.21,321.93,321.11,321.4475,13453
SNOW,2026-09-15,14:47,321.495,321.495,320.82,320.86,14166
SNOW,2026-09-15,14:48,320.57,321.27,320.57,321.1943,5604
SNOW,2026-09-15,14:49,321.1,321.51,321.1,321.51,4258
SNOW,2026-09-15,14:50,321.57,321.57,321.36,321.36,4074
SNOW,2026-09-15,14:51,321.39,321.55,321.21,321.3,3805
SNOW,2026-09-15,14:52,321.3,321.305,320.7,320.81,4930
SNOW,2026-09-15,14:53,320.82,320.94,320.68,320.69,4432
SNOW,2026-09-15,14:54,320.83,320.84,320.67,320.77,4499
SNOW,2026-09-15,14:55,320.77,320.89,320.67,320.87,5223
SNOW,2026-09-15,14:56,320.83,321.01,320.815,321.01,3853
SNOW,2026-09-15,14:57,321,321.01,320.775,321,5325
SNOW,2026-09-15,14:58,320.78,321,320.78,320.99,3916
SNOW,2026-09-15,14:59,320.81,321.27,320.81,321.27,9157
SNOW,2026-09-15,15:00,321.28,321.62,321.06,321.62,5934
SNOW,2026-09-15,15:01,321.61,321.61,321.515,321.515,2237
SNOW,2026-09-15,15:02,321.6,321.6,321.4231,321.505,3812
SNOW,2026-09-15,15:03,321.59,321.6,321.42,321.49,7039
SNOW,2026-09-15,15:04,321.49,321.6799,321.49,321.545,8521
SNOW,2026-09-15,15:05,321.42,321.67,321.41,321.62,5482
SNOW,2026-09-15,15:06,321.62,321.62,321.5,321.54,2295
SNOW,2026-09-15,15:07,321.55,321.94,321.32,321.93,13799
SNOW,2026-09-15,15:08,321.985,322.69,321.985,322.48,6430
SNOW,2026-09-15,15:09,322.48,322.485,322.2701,322.48,5013
SNOW,2026-09-15,15:10,322.48,322.73,322.47,322.73,9365
SNOW,2026-09-15,15:11,322.52,322.71,322.52,322.61,2875
SNOW,2026-09-15,15:12,322.615,322.75,322,322,18045
SNOW,2026-09-15,15:13,322,322.02,321.81,321.81,7880
SNOW,2026-09-15,15:14,321.745,321.94,321.725,321.89,5221
SNOW,2026-09-15,15:15,322.0965,322.0965,321.76,321.77,4756
SNOW,2026-09-15,15:16,321.66,321.75,321.61,321.61,3129
SNOW,2026-09-15,15:17,321.725,322.08,321.68,322.08,5597
SNOW,2026-09-15,15:18,322.13,322.34,322.13,322.18,6207
SNOW,2026-09-15,15:19,322.26,322.34,322.01,322.3,7362
SNOW,2026-09-15,15:20,322.24,322.33,322.15,322.33,3817
SNOW,2026-09-15,15:21,322.205,322.33,322.18,322.23,6493
SNOW,2026-09-15,15:22,322.14,322.26,322.13,322.26,5257
SNOW,2026-09-15,15:23,322.225,322.44,322.225,322.355,3968
SNOW,2026-09-15,15:24,322.44,322.44,322.28,322.425,4065
SNOW,2026-09-15,15:25,322.34,322.5199,322.22,322.41,7541
SNOW,2026-09-15,15:26,322.48,322.48,322.18,322.18,5385
SNOW,2026-09-15,15:27,322.225,322.42,322.19,322.36,4139
SNOW,2026-09-15,15:28,322.32,322.44,322.1901,322.21,4806
SNOW,2026-09-15,15:29,322.19,322.21,322.135,322.145,16665
SNOW,2026-09-15,15:30,322.1,322.25,321.845,322.07,6893
SNOW,2026-09-15,15:31,322.3,322.3,322.14,322.14,3757
SNOW,2026-09-15,15:32,322.27,322.34,322.15,322.255,8945
SNOW,2026-09-15,15:33,322.37,322.74,322.37,322.74,6353
SNOW,2026-09-15,15:34,322.525,322.83,322.37,322.7,8690
SNOW,2026-09-15,15:35,322.7,322.839,322.6142,322.8,3444
SNOW,2026-09-15,15:36,322.685,322.685,322.41,322.41,4939
SNOW,2026-09-15,15:37,322.535,322.67,322.53,322.65,4048
SNOW,2026-09-15,15:38,322.65,322.8099,322.65,322.69,7044
SNOW,2026-09-15,15:39,322.69,322.695,322.51,322.61,8740
SNOW,2026-09-15,15:40,322.62,322.81,322.62,322.81,3636
SNOW,2026-09-15,15:41,322.71,322.87,322.62,322.62,17353
SNOW,2026-09-15,15:42,322.6605,322.83,322.6,322.735,9534
SNOW,2026-09-15,15:43,322.71,322.85,322.64,322.74,7389
SNOW,2026-09-15,15:44,322.74,322.86,322.74,322.82,3600
SNOW,2026-09-15,15:45,322.745,322.87,322.375,322.81,17777
SNOW,2026-09-15,15:46,322.805,322.9,322.7,322.9,7172
SNOW,2026-09-15,15:47,322.8329,322.96,322.79,322.935,7435
SNOW,2026-09-15,15:48,322.96,323.02,322.85,322.925,10306
SNOW,2026-09-15,15:49,322.925,323.1,322.8,322.89,14841
SNOW,2026-09-15,15:50,322.81,323.01,322.32,322.41,16340
SNOW,2026-09-15,15:51,322.32,322.55,322.32,322.4275,18075
SNOW,2026-09-15,15:52,322.32,322.44,322.32,322.37,10565
SNOW,2026-09-15,15:53,322.4,322.64,322.27,322.58,26661
SNOW,2026-09-15,15:54,322.64,323.2999,322.62,323.17,17143
SNOW,2026-09-15,15:55,323.17,323.67,323.16,323.5101,34652
SNOW,2026-09-15,15:56,323.51,323.63,323.365,323.605,40451
SNOW,2026-09-15,15:57,323.48,323.525,323.195,323.35,37505
SNOW,2026-09-15,15:58,323.35,323.42,323.18,323.32,103971
SNOW,2026-09-15,15:59,323.25,323.42,322.35,322.89,138202
SNOW,2026-09-16,09:30,318.14,321.1,317.45,320.585,142263
SNOW,2026-09-16,09:31,320.585,323.45,318.72,322.94,32563
SNOW,2026-09-16,09:32,322.94,323.24,321.12,321.5751,12329
SNOW,2026-09-16,09:33,321.575,325.32,321.575,324.845,30304
SNOW,2026-09-16,09:34,324.845,326.86,324.845,325.48,34527
SNOW,2026-09-16,09:35,326.03,326.03,323.905,323.905,11078
SNOW,2026-09-16,09:36,323.5025,325.9998,323.103,324,12121
SNOW,2026-09-16,09:37,325,325.83,323.9701,325.83,6983
SNOW,2026-09-16,09:38,325.59,326.8,325.21,325.8116,26931
SNOW,2026-09-16,09:39,326.58,328.55,325.52,328.55,30124
SNOW,2026-09-16,09:40,328.5578,329.891,328,328.68,18770
SNOW,2026-09-16,09:41,328.505,329,328,328.0001,10057
SNOW,2026-09-16,09:42,328.76,331.1,328.2449,330.85,25158
SNOW,2026-09-16,09:43,330.904,331.5,330.61,330.705,16036
SNOW,2026-09-16,09:44,330.705,332.3,330.705,332.01,15267
SNOW,2026-09-16,09:45,332.18,332.35,330.43,331.5267,24575
SNOW,2026-09-16,09:46,331.19,331.19,329.7504,330.12,7181
SNOW,2026-09-16,09:47,330.385,330.69,330,330.195,6373
SNOW,2026-09-16,09:48,330,330.46,329.14,329.65,8917
SNOW,2026-09-16,09:49,329.805,330.54,329.54,330.54,7240
SNOW,2026-09-16,09:50,330.7,330.88,329.245,329.245,23501
SNOW,2026-09-16,09:51,329.25,329.97,328.52,329.625,6848
SNOW,2026-09-16,09:52,329.625,330.89,329.3001,330.17,9069
SNOW,2026-09-16,09:53,330.6132,330.97,329.8018,329.924,8526
SNOW,2026-09-16,09:54,329.37,330.4899,327.7051,328.835,21602
SNOW,2026-09-16,09:55,328.795,328.795,328,328.035,5519
SNOW,2026-09-16,09:56,328.4721,328.58,327.82,328.2,9459
SNOW,2026-09-16,09:57,328.2,328.79,328.2,328.67,5888
SNOW,2026-09-16,09:58,328.75,328.875,328.385,328.5,4186
SNOW,2026-09-16,09:59,328.735,329.395,328.7,329.0025,10581
SNOW,2026-09-16,10:00,328.82,330.485,328.81,330,15729
SNOW,2026-09-16,10:01,329.91,330.5,329.8601,330.49,9031
SNOW,2026-09-16,10:02,330.27,330.49,330.1089,330.405,4252
SNOW,2026-09-16,10:03,330.5,331.015,330.11,331.015,10497
SNOW,2026-09-16,10:04,331.07,331.6199,330.98,330.98,16239
SNOW,2026-09-16,10:05,331.3,331.57,330.8101,331.41,12089
SNOW,2026-09-16,10:06,331.26,332.66,331.03,332.36,27059
SNOW,2026-09-16,10:07,332.51,332.5273,332.0451,332.46,19128
SNOW,2026-09-16,10:08,332.1492,332.36,331.8966,332.19,10624
SNOW,2026-09-16,10:09,331.94,332,331.0405,331.0405,10990
SNOW,2026-09-16,10:10,331.51,331.75,331.5,331.735,13515
SNOW,2026-09-16,10:11,331.8,331.8,331.37,331.74,11067
SNOW,2026-09-16,10:12,331.8,331.9,331.389,331.73,3291
SNOW,2026-09-16,10:13,331.86,332,331.575,332,4646
SNOW,2026-09-16,10:14,332.0174,332.1,331.775,332.1,3233
SNOW,2026-09-16,10:15,332,332.86,331,332.57,73390
SNOW,2026-09-16,10:16,332.81,333.34,332.8,333.18,17460
SNOW,2026-09-16,10:17,333.29,333.49,333.1,333.235,12743
SNOW,2026-09-16,10:18,333.235,333.47,333.0982,333.47,8103
SNOW,2026-09-16,10:19,333.23,333.46,332.46,333.05,20079
SNOW,2026-09-16,10:20,333.4,334,333.04,333.63,22261
SNOW,2026-09-16,10:21,334,334.16,332.7701,333.465,19131
SNOW,2026-09-16,10:22,333.83,333.83,332.9794,333.32,5663
SNOW,2026-09-16,10:23,333.02,333.5,333.02,333.3725,3989
SNOW,2026-09-16,10:24,333.2925,333.73,333.2925,333.73,2261
SNOW,2026-09-16,10:25,333.49,333.7,333.49,333.7,4421
SNOW,2026-09-16,10:26,333.52,333.71,333.3,333.3,4542
SNOW,2026-09-16,10:27,333.185,333.23,333.12,333.125,1939
SNOW,2026-09-16,10:28,333,333.7,332.96,333.69,11803
SNOW,2026-09-16,10:29,333.45,333.77,333.27,333.27,7657
SNOW,2026-09-16,10:30,333.43,333.75,333.375,333.65,14135
SNOW,2026-09-16,10:31,333.65,334,333.29,333.76,12401
SNOW,2026-09-16,10:32,333.47,333.76,333.47,333.52,5961
SNOW,2026-09-16,10:33,333.2526,333.9,333.2526,333.68,6516
SNOW,2026-09-16,10:34,333.79,334.4,333.79,334,9758
SNOW,2026-09-16,10:35,334.005,334.3694,334,334.3694,24671
SNOW,2026-09-16,10:36,334.075,334.4,334,334.29,8645
SNOW,2026-09-16,10:37,334.1912,334.4,333.18,333.66,18343
SNOW,2026-09-16,10:38,333.42,333.46,333.18,333.215,5048
SNOW,2026-09-16,10:39,333.215,333.535,333.04,333.31,14641
SNOW,2026-09-16,10:40,333.1875,333.66,333.1875,333.66,3963
SNOW,2026-09-16,10:41,333.745,333.9,333.62,333.705,4596
SNOW,2026-09-16,10:42,333.95,334.15,333.59,334.016,4652
SNOW,2026-09-16,10:43,334.28,334.39,334.235,334.3,3783
SNOW,2026-09-16,10:44,334.27,334.37,334.17,334.225,4461
SNOW,2026-09-16,10:45,334.37,334.55,334.32,334.52,4491
SNOW,2026-09-16,10:46,334.36,335.235,334.31,334.6901,45174
SNOW,2026-09-16,10:47,335.075,335.2,334.6901,334.945,9307
SNOW,2026-09-16,10:48,334.9625,335.05,334.6201,334.6201,7518
SNOW,2026-09-16,10:49,334.97,334.97,334.58,334.72,5683
SNOW,2026-09-16,10:50,334.72,334.725,334.55,334.725,4298
SNOW,2026-09-16,10:51,334.725,334.98,334.52,334.76,3790
SNOW,2026-09-16,10:52,334.76,335.1134,334.47,335.04,14060
SNOW,2026-09-16,10:53,335.04,335.26,334.835,335.25,6624
SNOW,2026-09-16,10:54,335.2999,335.45,334.952,335.195,8582
SNOW,2026-09-16,10:55,335.04,335.2666,335.03,335.2,4243
SNOW,2026-09-16,10:56,335.01,335.165,335.005,335.13,4362
SNOW,2026-09-16,10:57,335.1006,335.62,334.95,335.62,11630
SNOW,2026-09-16,10:58,335.66,335.71,335.23,335.455,24228
SNOW,2026-09-16,10:59,335.45,336.31,335.38,336.0476,17220
SNOW,2026-09-16,11:00,336.05,336.05,335.64,335.64,7898
SNOW,2026-09-16,11:01,335.655,335.955,335.655,335.805,12434
SNOW,2026-09-16,11:02,335.64,335.99,334.94,335.265,13321
SNOW,2026-09-16,11:03,335.265,335.6,335.1,335.59,9344
SNOW,2026-09-16,11:04,335.465,335.95,335.44,335.64,4853
SNOW,2026-09-16,11:05,335.83,336.22,335.48,335.915,32450
SNOW,2026-09-16,11:06,335.9,336.08,335.9,336.045,8038
SNOW,2026-09-16,11:07,336.045,336.315,335.94,336.02,13213
SNOW,2026-09-16,11:08,336.275,336.685,336.24,336.6569,11416
SNOW,2026-09-16,11:09,336.685,337.41,336.655,337.25,32617
SNOW,2026-09-16,11:10,337.16,337.665,337.1,337.64,9431
SNOW,2026-09-16,11:11,337.54,337.7,337.45,337.585,11180
SNOW,2026-09-16,11:12,337.7,337.74,337.4,337.68,13773
SNOW,2026-09-16,11:13,337.69,338,337.63,337.79,7916
SNOW,2026-09-16,11:14,337.83,337.83,337.105,337.105,12459
SNOW,2026-09-16,11:15,337.2,337.39,336.82,336.99,5951
SNOW,2026-09-16,11:16,337.095,337.0999,336.895,337,4919
SNOW,2026-09-16,11:17,336.81,337.57,336.81,337.5,15345
SNOW,2026-09-16,11:18,337.3,337.92,336.36,336.9799,24920
SNOW,2026-09-16,11:19,336.66,336.97,336.5001,336.715,5781
SNOW,2026-09-16,11:20,336.57,336.94,335.78,336.06,9211
SNOW,2026-09-16,11:21,336.395,336.71,336.395,336.495,3416
SNOW,2026-09-16,11:22,336.33,336.93,335.995,336.76,33270
SNOW,2026-09-16,11:23,336.73,336.9,336.6,336.6,4250
SNOW,2026-09-16,11:24,336.55,336.82,336.09,336.27,12037
SNOW,2026-09-16,11:25,336.23,336.5434,336.14,336.51,8797
SNOW,2026-09-16,11:26,336.35,336.35,335.98,336.05,4270
SNOW,2026-09-16,11:27,336.15,336.19,335.9894,336.06,4650
SNOW,2026-09-16,11:28,336.45,336.45,335.83,335.915,21820
SNOW,2026-09-16,11:29,335.83,336.5,335.8,336.495,11817
SNOW,2026-09-16,11:30,336.495,336.495,335.87,336.2,9271
SNOW,2026-09-16,11:31,336.24,336.29,336.02,336.0601,6708
SNOW,2026-09-16,11:32,336.28,336.28,335.14,335.14,10164
SNOW,2026-09-16,11:33,335.335,335.434,334.94,335.415,9327
SNOW,2026-09-16,11:34,335.495,335.82,335.45,335.64,6410
SNOW,2026-09-16,11:35,335.83,336.12,335.675,335.915,9241
SNOW,2026-09-16,11:36,335.93,335.93,335.31,335.47,6594
SNOW,2026-09-16,11:37,335.385,335.5,335.27,335.45,3114
SNOW,2026-09-16,11:38,335.455,335.76,335.455,335.59,2175
SNOW,2026-09-16,11:39,335.76,336.13,335.73,335.84,11873
SNOW,2026-09-16,11:40,335.725,336.13,335.7201,335.7201,4853
SNOW,2026-09-16,11:41,335.7235,335.905,335.67,335.725,2914
SNOW,2026-09-16,11:42,335.725,335.94,335.55,335.94,8193
SNOW,2026-09-16,11:43,335.745,335.87,335.58,335.62,4859
SNOW,2026-09-16,11:44,335.62,335.815,335.62,335.815,3050
SNOW,2026-09-16,11:45,335.815,335.815,335.4,335.74,5160
SNOW,2026-09-16,11:46,335.71,336.205,335.71,336.1975,7169
SNOW,2026-09-16,11:47,336.03,336.7599,336.03,336.29,8479
SNOW,2026-09-16,11:48,336.35,336.35,335.1686,335.33,14861
SNOW,2026-09-16,11:49,335.29,335.56,335.28,335.28,5579
SNOW,2026-09-16,11:50,335.2,335.2,334.42,334.42,6468
SNOW,2026-09-16,11:51,334.42,335.01,334.3837,334.84,5868
SNOW,2026-09-16,11:52,334.73,335,334.52,334.53,5639
SNOW,2026-09-16,11:53,334.76,334.76,334.01,334.2905,15729
SNOW,2026-09-16,11:54,334.29,334.48,334.29,334.48,1434
SNOW,2026-09-16,11:55,334.485,334.66,334.485,334.565,2149
SNOW,2026-09-16,11:56,334.54,334.615,334.37,334.615,2880
SNOW,2026-09-16,11:57,334.8,334.8,333.83,333.9,9684
SNOW,2026-09-16,11:58,334.1899,334.725,333.93,334.725,8704
SNOW,2026-09-16,11:59,334.725,334.9,334.2504,334.54,6366
SNOW,2026-09-16,12:00,334.54,334.54,333.8606,334.11,3354
SNOW,2026-09-16,12:01,334.22,334.65,334,334.28,2010
SNOW,2026-09-16,12:02,334.355,334.57,333.81,333.81,7836
SNOW,2026-09-16,12:03,333.98,333.98,333.72,333.72,1142
SNOW,2026-09-16,12:04,333.6218,334.7,333.6218,334.7,7276
SNOW,2026-09-16,12:05,334.7,334.78,334.315,334.51,4112
SNOW,2026-09-16,12:06,334.5,334.51,334.3853,334.3853,1872
SNOW,2026-09-16,12:07,334.415,334.42,333.89,333.92,5069
SNOW,2026-09-16,12:08,333.61,333.61,333.3,333.39,3207
SNOW,2026-09-16,12:09,333.365,333.5,333.11,333.16,3081
SNOW,2026-09-16,12:10,333.32,333.33,333.32,333.325,1300
SNOW,2026-09-16,12:11,333.32,333.32,332.97,333.2,3680
SNOW,2026-09-16,12:12,333.22,333.86,333,333.35,29416
SNOW,2026-09-16,12:13,333.35,333.69,333.23,333.69,4532
SNOW,2026-09-16,12:14,333.665,333.8,333.56,333.8,3306
SNOW,2026-09-16,12:15,333.88,334.32,333.64,334.23,4744
SNOW,2026-09-16,12:16,334.23,334.45,334.13,334.25,6253
SNOW,2026-09-16,12:17,334.115,334.115,334.115,334.115,407
SNOW,2026-09-16,12:18,334.13,334.1501,333.93,333.93,2491
SNOW,2026-09-16,12:19,334.155,334.255,333.96,334.255,2208
SNOW,2026-09-16,12:20,334.27,334.27,334.06,334.06,2045
SNOW,2026-09-16,12:21,334.41,334.41,333.18,333.36,8147
SNOW,2026-09-16,12:22,333.385,333.385,333.385,333.385,486
SNOW,2026-09-16,12:23,333.475,334.09,333.475,334.01,8635
SNOW,2026-09-16,12:24,334.41,334.67,334.16,334.525,13908
SNOW,2026-09-16,12:25,334.525,334.525,334.2,334.2,1807
SNOW,2026-09-16,12:26,334.295,334.4222,334.23,334.23,2798
SNOW,2026-09-16,12:27,334.37,334.68,334.24,334.565,4921
SNOW,2026-09-16,12:28,334.59,334.62,334.36,334.36,4247
SNOW,2026-09-16,12:29,334.355,334.685,334.355,334.685,3080
SNOW,2026-09-16,12:30,334.7,334.7,334.7,334.7,389
SNOW,2026-09-16,12:31,334.53,334.75,334.47,334.75,4379
SNOW,2026-09-16,12:32,334.69,334.83,334.69,334.83,1650
SNOW,2026-09-16,12:33,334.72,334.82,334.69,334.785,2092
SNOW,2026-09-16,12:34,334.785,334.87,334.655,334.87,5422
SNOW,2026-09-16,12:35,334.825,334.9,334.825,334.865,3331
SNOW,2026-09-16,12:36,334.7963,335.235,334.7963,335.235,7545
SNOW,2026-09-16,12:37,335.03,335.08,334.97,335.065,2260
SNOW,2026-09-16,12:38,334.95,335,334.81,335,4412
SNOW,2026-09-16,12:39,334.995,335.2099,334.74,334.96,6465
SNOW,2026-09-16,12:40,335.065,335.21,334.97,335.06,2613
SNOW,2026-09-16,12:41,335.11,335.285,334.92,335.285,5579
SNOW,2026-09-16,12:42,335.11,335.25,335.035,335.035,2720
SNOW,2026-09-16,12:43,334.92,334.92,334.21,334.27,5299
SNOW,2026-09-16,12:44,334.4225,334.4225,334.26,334.36,1756
SNOW,2026-09-16,12:45,334.23,334.415,334.13,334.415,5372
SNOW,2026-09-16,12:46,334.345,334.345,334.19,334.19,1533
SNOW,2026-09-16,12:47,334.3,334.5,334.3,334.5,1097
SNOW,2026-09-16,12:48,334.305,334.4398,334.29,334.29,1827
SNOW,2026-09-16,12:49,334.45,334.45,334.28,334.28,1647
SNOW,2026-09-16,12:50,334.41,334.49,334.41,334.47,2775
SNOW,2026-09-16,12:51,334.55,334.6,334.11,334.14,17787
SNOW,2026-09-16,12:52,334.2,334.2,333.73,333.73,4474
SNOW,2026-09-16,12:53,333.67,333.9425,333.13,333.13,16649
SNOW,2026-09-16,12:54,333.165,333.2523,332.97,333.06,7302
SNOW,2026-09-16,12:55,333.43,333.43,333.225,333.225,742
SNOW,2026-09-16,12:56,333.315,333.3525,333.25,333.3525,1175
SNOW,2026-09-16,12:57,333.51,333.51,333.1,333.49,5436
SNOW,2026-09-16,12:58,333.215,333.215,332.89,333.13,8437
SNOW,2026-09-16,12:59,333.12,333.3,332.82,332.98,3837
SNOW,2026-09-16,13:00,333.11,333.11,332.2001,332.7279,20636
SNOW,2026-09-16,13:01,332.57,333.219,332.57,333.219,2183
SNOW,2026-09-16,13:02,332.87,333.11,332.87,332.9,2410
SNOW,2026-09-16,13:03,333.05,333.23,332.91,333.23,1940
SNOW,2026-09-16,13:04,333.055,333.06,332.9142,333.06,1791
SNOW,2026-09-16,13:05,333.01,333.19,332.88,333.19,9939
SNOW,2026-09-16,13:06,333.065,333.24,333.065,333.07,1183
SNOW,2026-09-16,13:07,333.25,333.25,333.085,333.085,2496
SNOW,2026-09-16,13:08,332.96,333.17,332.835,333.03,8129
SNOW,2026-09-16,13:09,333.27,333.64,332.9533,333.235,3881
SNOW,2026-09-16,13:10,333.235,333.6399,333.235,333.24,1292
SNOW,2026-09-16,13:11,333.07,333.29,332.93,333.075,4374
SNOW,2026-09-16,13:12,333.2194,333.22,332.9,332.9,2931
SNOW,2026-09-16,13:13,332.79,332.93,332.2851,332.93,4201
SNOW,2026-09-16,13:14,332.625,332.72,332.625,332.72,247
SNOW,2026-09-16,13:15,332.72,332.72,332.5,332.5,2177
SNOW,2026-09-16,13:16,332.95,332.95,332.95,332.95,1403
SNOW,2026-09-16,13:17,332.97,332.97,332.685,332.685,262
SNOW,2026-09-16,13:18,332.97,333,332.895,332.895,3396
SNOW,2026-09-16,13:19,332.895,332.9,332.765,332.9,4320
SNOW,2026-09-16,13:20,332.99,333,332.69,332.69,3850
SNOW,2026-09-16,13:21,332.85,332.9,332.71,332.89,3673
SNOW,2026-09-16,13:22,332.7,332.7,332.7,332.7,761
SNOW,2026-09-16,13:23,332.8,332.88,332.69,332.88,1198
SNOW,2026-09-16,13:24,332.88,332.88,332.61,332.775,3687
SNOW,2026-09-16,13:25,332.65,332.91,332.65,332.7001,2697
SNOW,2026-09-16,13:26,332.871,332.871,332.7,332.7,1902
SNOW,2026-09-16,13:27,333.14,333.14,332.53,332.53,1434
SNOW,2026-09-16,13:28,332.68,332.9528,332.56,332.9,2000
SNOW,2026-09-16,13:29,332.715,332.72,332.4401,332.72,2772
SNOW,2026-09-16,13:30,332.99,332.99,332.735,332.735,2120
SNOW,2026-09-16,13:31,332.7,332.96,332.53,332.96,1859
SNOW,2026-09-16,13:32,332.93,333,332.805,332.87,1912
SNOW,2026-09-16,13:33,332.885,333.14,332.885,333.14,4246
SNOW,2026-09-16,13:34,332.905,333.08,332.8,333.03,2616
SNOW,2026-09-16,13:35,333.06,333.25,333.03,333.03,9571
SNOW,2026-09-16,13:36,332.99,333.19,332.99,333.0125,1967
SNOW,2026-09-16,13:37,333.07,333.07,333.015,333.015,1064
SNOW,2026-09-16,13:38,333.015,333.015,333.015,333.015,735
SNOW,2026-09-16,13:39,333.015,333.015,333.015,333.015,1324
SNOW,2026-09-16,13:40,333.22,333.28,333.01,333.28,2078
SNOW,2026-09-16,13:41,333.26,333.27,332.865,333.19,4935
SNOW,2026-09-16,13:42,333.2108,333.22,332.9975,332.9975,1113
SNOW,2026-09-16,13:43,332.99,333.21,332.99,333.21,1547
SNOW,2026-09-16,13:44,333.27,333.27,333.055,333.26,1023
SNOW,2026-09-16,13:45,333.26,333.3,333,333.06,5253
SNOW,2026-09-16,13:46,332.89,333.0151,332.86,333.015,3517
SNOW,2026-09-16,13:47,332.84,333,332.84,333,2668
SNOW,2026-09-16,13:48,333,333.01,332.905,332.96,3795
SNOW,2026-09-16,13:49,333.025,333.025,332.645,332.645,6270
SNOW,2026-09-16,13:50,332.53,332.53,332.29,332.44,2692
SNOW,2026-09-16,13:51,332.5,332.5,332.3001,332.43,1692
SNOW,2026-09-16,13:52,332.42,332.42,332.42,332.42,1040
SNOW,2026-09-16,13:53,332.31,332.42,332.31,332.42,872
SNOW,2026-09-16,13:54,332.53,332.53,332.3,332.47,4023
SNOW,2026-09-16,13:55,332.475,332.62,332.45,332.58,1639
SNOW,2026-09-16,13:56,332.64,332.6548,332.46,332.6548,1988
SNOW,2026-09-16,13:57,332.88,332.88,332.4901,332.7739,2423
SNOW,2026-09-16,13:58,332.785,333.1,332.78,333.045,3184
SNOW,2026-09-16,13:59,333.045,333.76,333,333.465,6076
SNOW,2026-09-16,14:00,333.16,333.37,332.82,333.25,6141
SNOW,2026-09-16,14:01,333.205,333.54,333.16,333.175,3241
SNOW,2026-09-16,14:02,333.195,334.16,333.14,334.16,5403
SNOW,2026-09-16,14:03,334.03,334.25,333.87,333.93,3271
SNOW,2026-09-16,14:04,334,334.59,333.935,334.435,8041
SNOW,2026-09-16,14:05,334.1201,334.7,333.94,334.185,8510
SNOW,2026-09-16,14:06,334.04,334.36,333.8,333.97,7839
SNOW,2026-09-16,14:07,334.09,334.39,334.04,334.12,2076
SNOW,2026-09-16,14:08,334.39,334.96,334.26,334.96,4990
SNOW,2026-09-16,14:09,334.74,335.38,334.725,335.045,8236
SNOW,2026-09-16,14:10,335.015,335.015,334.0201,334.3625,7466
SNOW,2026-09-16,14:11,334.54,334.82,334.11,334.425,3850
SNOW,2026-09-16,14:12,333.9,333.92,333.6201,333.76,3418
SNOW,2026-09-16,14:13,333.61,334,333.61,334,4308
SNOW,2026-09-16,14:14,334.38,334.38,333.5,333.54,6157
SNOW,2026-09-16,14:15,333.535,333.85,333.535,333.85,1030
SNOW,2026-09-16,14:16,333.61,333.77,333.575,333.58,2852
SNOW,2026-09-16,14:17,333.82,333.82,333.53,333.53,1190
SNOW,2026-09-16,14:18,333.8,333.8,333.77,333.77,710
SNOW,2026-09-16,14:19,333.69,333.77,333.46,333.625,8680
SNOW,2026-09-16,14:20,333.625,334.16,333.43,334.16,5654
SNOW,2026-09-16,14:21,333.6301,334.5,333.6301,334.46,9258
SNOW,2026-09-16,14:22,334.25,334.6,334.13,334.455,4901
SNOW,2026-09-16,14:23,334.495,334.495,334.495,334.495,790
SNOW,2026-09-16,14:24,334.33,334.33,334.06,334.06,4102
SNOW,2026-09-16,14:25,334.26,334.655,334.17,334.655,3119
SNOW,2026-09-16,14:26,334.45,334.645,334.45,334.475,1959
SNOW,2026-09-16,14:27,334.63,334.63,334.46,334.46,8502
SNOW,2026-09-16,14:28,334.2001,334.89,334.2001,334.89,4823
SNOW,2026-09-16,14:29,334.7,335.17,334.44,335.17,5990
SNOW,2026-09-16,14:30,335.05,335.16,334.77,334.822,9714
SNOW,2026-09-16,14:31,335.17,335.21,334.2101,334.2101,3986
SNOW,2026-09-16,14:32,334.505,334.505,333.301,334.045,4941
SNOW,2026-09-16,14:33,334.06,334.06,333.6,333.955,7855
SNOW,2026-09-16,14:34,334.08,334.17,333.695,333.695,3272
SNOW,2026-09-16,14:35,333.5,333.5,332.87,332.9,7465
SNOW,2026-09-16,14:36,333.01,333.1999,332.63,332.8242,7972
SNOW,2026-09-16,14:37,332.825,332.97,332.78,332.82,4403
SNOW,2026-09-16,14:38,333.14,333.96,333.14,333.57,10657
SNOW,2026-09-16,14:39,333.67,333.86,333.67,333.86,1788
SNOW,2026-09-16,14:40,334.08,334.11,333.76,334,6895
SNOW,2026-09-16,14:41,334,334.7,333.975,334.7,8138
SNOW,2026-09-16,14:42,335,335.6,334.84,335.585,6843
SNOW,2026-09-16,14:43,335.59,335.64,335.46,335.64,5200
SNOW,2026-09-16,14:44,335.33,335.52,335.26,335.365,4748
SNOW,2026-09-16,14:45,335.13,335.7044,335.11,335.7044,4859
SNOW,2026-09-16,14:46,335.51,335.51,335.46,335.47,1932
SNOW,2026-09-16,14:47,335.47,335.71,334.99,335,8146
SNOW,2026-09-16,14:48,334.73,334.97,334.26,334.26,6819
SNOW,2026-09-16,14:49,334.19,334.48,334.08,334.1,3427
SNOW,2026-09-16,14:50,334.48,334.48,334.19,334.205,8195
SNOW,2026-09-16,14:51,334.175,334.175,333.52,333.565,6965
SNOW,2026-09-16,14:52,333.57,333.57,332.6503,332.92,7919
SNOW,2026-09-16,14:53,332.8025,332.92,332.6,332.84,6717
SNOW,2026-09-16,14:54,332.66,332.79,332.52,332.79,10596
SNOW,2026-09-16,14:55,332.74,332.8,332.5,332.66,27356
SNOW,2026-09-16,14:56,332.41,332.43,332.03,332.115,6324
SNOW,2026-09-16,14:57,332,332.23,331.6801,332.2,13888
SNOW,2026-09-16,14:58,332.39,332.59,332.1301,332.1301,3567
SNOW,2026-09-16,14:59,332.68,332.72,332.31,332.31,8798
SNOW,2026-09-16,15:00,332.71,333.0363,332.71,332.73,3819
SNOW,2026-09-16,15:01,332.86,332.935,332.57,332.63,6350
SNOW,2026-09-16,15:02,332.63,332.73,332.045,332.33,5781
SNOW,2026-09-16,15:03,332.365,332.74,332.19,332.74,7066
SNOW,2026-09-16,15:04,332.74,332.99,332.15,332.3301,10625
SNOW,2026-09-16,15:05,332.33,332.33,331.04,331.59,6951
SNOW,2026-09-16,15:06,331.58,331.73,331.39,331.39,5442
SNOW,2026-09-16,15:07,331.38,331.4,330.5,331.07,6410
SNOW,2026-09-16,15:08,330.99,331.03,330.4294,331.03,5863
SNOW,2026-09-16,15:09,330.84,331.3,330.68,331.255,16319
SNOW,2026-09-16,15:10,331,331,330.58,330.58,3006
SNOW,2026-09-16,15:11,330.28,330.7,329.8401,329.8401,9378
SNOW,2026-09-16,15:12,330.0475,330.22,329.84,330.035,3877
SNOW,2026-09-16,15:13,330.035,330.035,329.69,329.865,4544
SNOW,2026-09-16,15:14,329.775,330.05,329.47,329.805,11565
SNOW,2026-09-16,15:15,329.97,330.09,329.77,329.77,6767
SNOW,2026-09-16,15:16,329.65,329.93,329.01,329.73,8988
SNOW,2026-09-16,15:17,329.285,329.5,329.0401,329.29,5422
SNOW,2026-09-16,15:18,329.28,329.5,329.08,329.111,5062
SNOW,2026-09-16,15:19,329.27,329.27,328.71,328.75,9446
SNOW,2026-09-16,15:20,328.97,329.11,328.32,328.41,13281
SNOW,2026-09-16,15:21,328.69,329.04,328.69,329.04,4267
SNOW,2026-09-16,15:22,329.29,329.85,328.9688,329.38,7591
SNOW,2026-09-16,15:23,329.005,329.245,328.86,329.01,8141
SNOW,2026-09-16,15:24,328.78,329.13,328.66,329.13,5844
SNOW,2026-09-16,15:25,329.19,329.26,328.44,328.44,11319
SNOW,2026-09-16,15:26,328.5972,328.675,328.38,328.615,8356
SNOW,2026-09-16,15:27,328.615,328.9725,328.615,328.9725,3943
SNOW,2026-09-16,15:28,329.01,329.08,328.82,328.97,6292
SNOW,2026-09-16,15:29,329.0975,329.65,329.08,329.65,7650
SNOW,2026-09-16,15:30,329.555,329.77,329.45,329.525,15170
SNOW,2026-09-16,15:31,329.585,329.71,329.45,329.45,7394
SNOW,2026-09-16,15:32,329.45,329.7,329.45,329.54,4166
SNOW,2026-09-16,15:33,329.545,329.67,329.35,329.67,6353
SNOW,2026-09-16,15:34,329.59,330.075,329.3501,330.075,5399
SNOW,2026-09-16,15:35,330.2021,330.2021,329.405,329.405,8152
SNOW,2026-09-16,15:36,329.405,329.405,328.6401,329.045,5020
SNOW,2026-09-16,15:37,328.74,329.1,328.625,329.1,7188
SNOW,2026-09-16,15:38,329.46,329.46,329.14,329.145,2627
SNOW,2026-09-16,15:39,329.05,329.63,329.05,329.6,21095
SNOW,2026-09-16,15:40,329.93,330.33,329.695,329.94,9502
SNOW,2026-09-16,15:41,329.86,330.4,329.86,329.905,11004
SNOW,2026-09-16,15:42,329.8,329.8,329.76,329.78,3554
SNOW,2026-09-16,15:43,329.845,330.5,329.845,330.28,8114
SNOW,2026-09-16,15:44,330.28,330.68,330.14,330.68,6428
SNOW,2026-09-16,15:45,330.58,330.68,330.24,330.44,18026
SNOW,2026-09-16,15:46,330.52,331.28,330.52,330.75,17719
SNOW,2026-09-16,15:47,330.95,331.23,330.95,331.2,5134
SNOW,2026-09-16,15:48,331.26,332,331.26,331.9999,10665
SNOW,2026-09-16,15:49,331.86,332.53,331.71,332.53,16885
SNOW,2026-09-16,15:50,332.39,332.39,331.63,331.76,16656
SNOW,2026-09-16,15:51,331.695,331.95,331.46,331.5,25100
SNOW,2026-09-16,15:52,331.35,331.44,331.19,331.44,4044
SNOW,2026-09-16,15:53,331.43,331.44,331.08,331.25,16781
SNOW,2026-09-16,15:54,331.135,331.3,330.95,331.3,11636
SNOW,2026-09-16,15:55,331.065,331.35,330.67,330.78,22938
SNOW,2026-09-16,15:56,330.78,331.345,330.65,331.28,23006
SNOW,2026-09-16,15:57,331.275,331.4981,330.59,330.86,33106
SNOW,2026-09-16,15:58,330.81,330.82,330.13,330.28,66427
SNOW,2026-09-16,15:59,330.26,331.38,329.95,331.07,79720
SNOW,2026-09-16,16:00,331.02,331.02,331.02,331.02,0
