symbol,date,time,open,high,low,close,volume
VRTX,2026-09-08,09:30,528.285,530.37,520.2,522.06,53120
VRTX,2026-09-08,09:31,522.5716,525.66,522.38,522.38,3646
VRTX,2026-09-08,09:32,523.58,525,521.22,523.205,2394
VRTX,2026-09-08,09:33,524.56,524.56,523,523.01,947
VRTX,2026-09-08,09:34,523.01,524.17,521.68,523,5077
VRTX,2026-09-08,09:35,524.1699,525.52,523.585,524.945,5522
VRTX,2026-09-08,09:36,525,528.805,525,527.91,3595
VRTX,2026-09-08,09:37,527.875,528.01,526.44,528.01,6755
VRTX,2026-09-08,09:38,528.395,529.3,528.25,528.4,4030
VRTX,2026-09-08,09:39,527.735,527.96,527.43,527.8,1427
VRTX,2026-09-08,09:40,527.9722,528.4,527.25,527.365,6470
VRTX,2026-09-08,09:41,527.345,529.86,527.345,529.86,3751
VRTX,2026-09-08,09:42,529.91,532.84,529.62,532.84,2359
VRTX,2026-09-08,09:43,532.19,532.9,530.965,531.0737,1691
VRTX,2026-09-08,09:44,530.24,533.1,530.24,533.1,949
VRTX,2026-09-08,09:45,532.225,533.2399,532.01,532.5,2169
VRTX,2026-09-08,09:46,533.24,534.6,533.24,534.3,3284
VRTX,2026-09-08,09:47,534.73,534.99,534.22,534.22,1249
VRTX,2026-09-08,09:48,534.2,534.687,533.8225,534.075,864
VRTX,2026-09-08,09:49,534.98,534.98,532.295,532.3475,2825
VRTX,2026-09-08,09:50,532.355,532.91,532,532.32,882
VRTX,2026-09-08,09:51,532.31,532.31,531.985,532.24,907
VRTX,2026-09-08,09:52,532.3725,532.95,531.74,532.535,2797
VRTX,2026-09-08,09:53,532.4734,532.595,532.12,532.34,1227
VRTX,2026-09-08,09:54,532.3275,532.48,531.71,532.47,1804
VRTX,2026-09-08,09:55,532.49,532.49,531.915,531.915,1721
VRTX,2026-09-08,09:56,531.79,531.79,531.6601,531.6601,559
VRTX,2026-09-08,09:57,531.36,532.56,531.3,532.56,781
VRTX,2026-09-08,09:58,532.46,533.566,532.46,532.54,633
VRTX,2026-09-08,09:59,532.55,533.66,532.55,533.66,2159
VRTX,2026-09-08,10:00,533.12,533.62,532.655,533.52,1562
VRTX,2026-09-08,10:01,533.58,533.71,532.58,532.58,3869
VRTX,2026-09-08,10:02,532.2,532.2,531.31,531.43,4100
VRTX,2026-09-08,10:03,531.67,531.83,531.67,531.725,536
VRTX,2026-09-08,10:04,532.18,533.115,531.725,533.11,2456
VRTX,2026-09-08,10:05,533.115,533.65,533.051,533.65,2382
VRTX,2026-09-08,10:06,533.6,533.925,533.36,533.36,865
VRTX,2026-09-08,10:07,533.84,534.28,533.54,533.61,2091
VRTX,2026-09-08,10:08,533,533.25,532.16,532.7,2778
VRTX,2026-09-08,10:09,532.35,532.35,531.9051,531.9051,1023
VRTX,2026-09-08,10:10,532.17,532.17,531.0101,531.4175,4514
VRTX,2026-09-08,10:11,531.4125,532.66,531.355,532.66,3096
VRTX,2026-09-08,10:12,532.14,532.145,531.67,532.12,1733
VRTX,2026-09-08,10:13,531.2201,532.54,531.2201,532.54,950
VRTX,2026-09-08,10:14,532.3522,533.53,532.3522,533.35,2456
VRTX,2026-09-08,10:15,533.7799,533.7799,533.29,533.33,1191
VRTX,2026-09-08,10:16,532.6499,532.6499,532.205,532.265,1352
VRTX,2026-09-08,10:17,532.77,533.38,532.755,533.13,6354
VRTX,2026-09-08,10:18,533.22,533.22,532.775,532.775,715
VRTX,2026-09-08,10:19,532.78,532.83,532.001,532.5,2675
VRTX,2026-09-08,10:20,532.59,532.93,532.59,532.93,522
VRTX,2026-09-08,10:21,532.9,532.98,532.17,532.355,2704
VRTX,2026-09-08,10:22,532.39,532.42,532.39,532.41,1051
VRTX,2026-09-08,10:23,532.03,532.315,531.88,531.88,2692
VRTX,2026-09-08,10:24,531.77,531.99,531.63,531.915,1289
VRTX,2026-09-08,10:25,531.645,531.645,531.5,531.5,963
VRTX,2026-09-08,10:26,531.18,531.56,531.18,531.56,1278
VRTX,2026-09-08,10:27,531.81,531.81,531.3642,531.3642,1002
VRTX,2026-09-08,10:28,531.25,531.25,531.25,531.25,850
VRTX,2026-09-08,10:29,531.145,531.77,531.085,531.77,2080
VRTX,2026-09-08,10:30,531.61,532.525,531.605,532.08,18119
VRTX,2026-09-08,10:31,531.79,532.93,531.745,532.92,17499
VRTX,2026-09-08,10:32,532.83,533.07,532.83,532.93,1557
VRTX,2026-09-08,10:33,532.935,533.42,532.875,532.875,5909
VRTX,2026-09-08,10:34,532.88,533.17,532.8565,533,909
VRTX,2026-09-08,10:35,533.17,533.37,533.165,533.37,1455
VRTX,2026-09-08,10:36,533.48,533.48,532.97,532.97,2085
VRTX,2026-09-08,10:37,532.9,533.46,532.79,533.41,3978
VRTX,2026-09-08,10:38,533.44,533.44,532.97,532.97,1538
VRTX,2026-09-08,10:39,533.11,533.24,533.11,533.24,836
VRTX,2026-09-08,10:40,533,533,532.725,532.725,880
VRTX,2026-09-08,10:41,532.478,532.715,532.478,532.715,190
VRTX,2026-09-08,10:42,533.04,533.45,532.5533,532.84,1623
VRTX,2026-09-08,10:43,532.62,532.62,532.62,532.62,132
VRTX,2026-09-08,10:44,532.9,533.71,532.39,533.71,2107
VRTX,2026-09-08,10:45,533.32,533.32,533.24,533.24,477
VRTX,2026-09-08,10:46,532.66,532.95,532.63,532.885,1376
VRTX,2026-09-08,10:47,532.55,532.71,532.55,532.71,499
VRTX,2026-09-08,10:48,532.2,532.35,532.2,532.35,1069
VRTX,2026-09-08,10:49,531.71,531.93,531.71,531.9,1602
VRTX,2026-09-08,10:50,532.035,532.56,532.035,532.56,969
VRTX,2026-09-08,10:51,532.46,532.46,532.34,532.34,751
VRTX,2026-09-08,10:52,532.34,532.34,532.05,532.2,934
VRTX,2026-09-08,10:53,532.29,532.64,532.29,532.42,1347
VRTX,2026-09-08,10:54,532.435,532.435,532.435,532.435,257
VRTX,2026-09-08,10:55,532.77,532.77,532.77,532.77,166
VRTX,2026-09-08,10:56,532.43,532.435,532.21,532.21,446
VRTX,2026-09-08,10:57,532.12,532.12,531.3,531.305,1828
VRTX,2026-09-08,10:58,531,531.07,530.34,530.35,2255
VRTX,2026-09-08,10:59,530.42,530.62,530.21,530.21,1432
VRTX,2026-09-08,11:00,530.43,530.43,530.01,530.175,1514
VRTX,2026-09-08,11:01,530.18,530.56,530.18,530.56,1306
VRTX,2026-09-08,11:02,530.55,530.9,530.55,530.72,564
VRTX,2026-09-08,11:03,530.8,531.31,530.8,531.16,3629
VRTX,2026-09-08,11:04,531.02,531.36,530.86,530.88,2050
VRTX,2026-09-08,11:05,530.92,531.08,530.78,530.98,1593
VRTX,2026-09-08,11:06,531.08,531.355,531.0189,531.275,2802
VRTX,2026-09-08,11:07,531.195,531.31,530.78,530.78,1932
VRTX,2026-09-08,11:08,530.43,530.43,530.1,530.1,2311
VRTX,2026-09-08,11:09,529.99,530.1378,529.85,529.85,1557
VRTX,2026-09-08,11:10,529.345,529.35,529.345,529.35,691
VRTX,2026-09-08,11:11,529.72,529.72,529.36,529.53,1465
VRTX,2026-09-08,11:12,529.25,529.25,529.25,529.25,233
VRTX,2026-09-08,11:13,529.485,529.485,529.01,529.01,1857
VRTX,2026-09-08,11:14,529.275,529.86,529.0134,529.28,3146
VRTX,2026-09-08,11:15,529.3,529.8,529.3,529.8,1427
VRTX,2026-09-08,11:16,529.87,529.88,529.66,529.88,1613
VRTX,2026-09-08,11:17,529.8711,529.9028,528.96,529.03,2920
VRTX,2026-09-08,11:18,529.45,529.755,529.45,529.63,1407
VRTX,2026-09-08,11:19,529.565,530.2528,529.565,529.81,819
VRTX,2026-09-08,11:20,529.79,530.19,529.79,530.19,1539
VRTX,2026-09-08,11:21,529.92,529.92,529.305,529.305,2147
VRTX,2026-09-08,11:22,529.4864,529.4864,529.3204,529.3204,365
VRTX,2026-09-08,11:23,528.996,529.17,528.85,529.17,1597
VRTX,2026-09-08,11:24,529.03,529.62,529,529.62,2688
VRTX,2026-09-08,11:25,529.35,529.35,529.35,529.35,795
VRTX,2026-09-08,11:26,529.09,529.12,528.97,529.105,1645
VRTX,2026-09-08,11:27,528.98,529.105,528.98,529.105,756
VRTX,2026-09-08,11:28,528.95,528.95,528.57,528.57,1709
VRTX,2026-09-08,11:29,528.46,529.01,528.46,529.01,2323
VRTX,2026-09-08,11:30,528.475,528.475,528.47,528.47,466
VRTX,2026-09-08,11:31,528.75,528.75,528.47,528.485,771
VRTX,2026-09-08,11:32,528.69,528.75,528.26,528.47,1531
VRTX,2026-09-08,11:33,528.46,528.46,528.46,528.46,321
VRTX,2026-09-08,11:34,528.66,528.66,528.55,528.55,1347
VRTX,2026-09-08,11:35,528.68,528.68,528.39,528.495,1299
VRTX,2026-09-08,11:36,528.495,528.495,528.495,528.495,468
VRTX,2026-09-08,11:37,528.495,528.495,528.495,528.495,0
VRTX,2026-09-08,11:38,528.46,528.67,528.46,528.67,558
VRTX,2026-09-08,11:39,528.71,528.82,528.71,528.725,2370
VRTX,2026-09-08,11:40,528.56,528.82,528.56,528.82,427
VRTX,2026-09-08,11:41,528.64,528.64,528.58,528.58,201
VRTX,2026-09-08,11:42,528.58,528.86,528.58,528.84,625
VRTX,2026-09-08,11:43,528.62,528.83,528.62,528.71,1375
VRTX,2026-09-08,11:44,529.07,529.07,529.07,529.07,510
VRTX,2026-09-08,11:45,529.05,529.08,528.97,528.97,944
VRTX,2026-09-08,11:46,529.02,529.02,528.63,528.63,1446
VRTX,2026-09-08,11:47,528.9748,528.9748,528.9748,528.9748,258
VRTX,2026-09-08,11:48,529.01,529.16,529,529.15,1118
VRTX,2026-09-08,11:49,529.2299,529.38,528.72,528.72,1922
VRTX,2026-09-08,11:50,528.81,528.81,528.705,528.79,346
VRTX,2026-09-08,11:51,528.795,528.82,528.69,528.82,720
VRTX,2026-09-08,11:52,528.66,528.66,528.4,528.4,1744
VRTX,2026-09-08,11:53,528.4,528.4,528.02,528.02,1455
VRTX,2026-09-08,11:54,528.11,528.11,527.67,527.67,1587
VRTX,2026-09-08,11:55,527.52,528.07,527.52,528.07,1118
VRTX,2026-09-08,11:56,527.98,528.04,527.9,528.04,570
VRTX,2026-09-08,11:57,528.2299,528.33,528.1188,528.33,1106
VRTX,2026-09-08,11:58,528.17,528.21,528.08,528.08,649
VRTX,2026-09-08,11:59,527.99,528.075,527.42,527.61,3547
VRTX,2026-09-08,12:00,527.75,527.75,527.74,527.74,570
VRTX,2026-09-08,12:01,527.45,527.45,527.3,527.41,695
VRTX,2026-09-08,12:02,527.35,527.38,526.93,526.96,2235
VRTX,2026-09-08,12:03,527.17,527.2025,527.17,527.185,1233
VRTX,2026-09-08,12:04,527.19,527.29,527.02,527.02,945
VRTX,2026-09-08,12:05,527.17,527.25,526.88,527.06,1288
VRTX,2026-09-08,12:06,526.96,527.19,526.96,527.19,1501
VRTX,2026-09-08,12:07,527.08,527.18,526.98,527.18,771
VRTX,2026-09-08,12:08,527.16,527.29,527.15,527.15,1340
VRTX,2026-09-08,12:09,527.15,527.78,527.15,527.6,1911
VRTX,2026-09-08,12:10,527.45,527.87,527.45,527.63,2294
VRTX,2026-09-08,12:11,527.67,527.67,527.67,527.67,133
VRTX,2026-09-08,12:12,527.74,528,527.38,527.45,3567
VRTX,2026-09-08,12:13,527.31,527.4941,527.3,527.3,983
VRTX,2026-09-08,12:14,527.3,527.3,526.645,526.645,2777
VRTX,2026-09-08,12:15,526.87,527.09,526.735,526.965,1440
VRTX,2026-09-08,12:16,527.06,527.21,526.955,527.155,3029
VRTX,2026-09-08,12:17,527.155,527.155,527.155,527.155,369
VRTX,2026-09-08,12:18,526.96,527.09,526.96,527.08,529
VRTX,2026-09-08,12:19,526.87,527.1,526.86,527.075,1486
VRTX,2026-09-08,12:20,527.22,527.3,527.155,527.155,680
VRTX,2026-09-08,12:21,527.27,527.595,527.27,527.595,1084
VRTX,2026-09-08,12:22,527.66,527.86,527.63,527.79,1240
VRTX,2026-09-08,12:23,527.83,527.87,527.66,527.87,1556
VRTX,2026-09-08,12:24,527.775,528.01,527.765,527.85,2014
VRTX,2026-09-08,12:25,527.85,527.905,527.85,527.905,559
VRTX,2026-09-08,12:26,528.02,528.53,527.97,528.53,2459
VRTX,2026-09-08,12:27,528.715,528.92,528.65,528.735,1850
VRTX,2026-09-08,12:28,528.81,529.03,528.77,528.77,1102
VRTX,2026-09-08,12:29,528.77,528.775,528.77,528.775,464
VRTX,2026-09-08,12:30,528.67,528.93,528.62,528.62,1058
VRTX,2026-09-08,12:31,528.695,528.86,528.57,528.825,2549
VRTX,2026-09-08,12:32,528.7,528.7,528.35,528.36,1954
VRTX,2026-09-08,12:33,528.37,528.65,528.365,528.375,355
VRTX,2026-09-08,12:34,528.38,528.67,528.3,528.5958,2877
VRTX,2026-09-08,12:35,528.3,528.5999,528.2,528.2,1045
VRTX,2026-09-08,12:36,528.095,528.095,527.65,527.65,1293
VRTX,2026-09-08,12:37,527.625,528.19,527.625,527.97,2677
VRTX,2026-09-08,12:38,527.945,527.945,527.62,527.75,1074
VRTX,2026-09-08,12:39,527.295,527.34,527.295,527.34,779
VRTX,2026-09-08,12:40,527.4,527.51,527.4,527.435,806
VRTX,2026-09-08,12:41,527.435,527.435,527.435,527.435,0
VRTX,2026-09-08,12:42,527.54,527.755,527.54,527.6,1318
VRTX,2026-09-08,12:43,527.595,527.595,527.29,527.29,2215
VRTX,2026-09-08,12:44,527.16,527.16,527.155,527.155,803
VRTX,2026-09-08,12:45,527.15,527.43,527.15,527.25,2550
VRTX,2026-09-08,12:46,527.36,527.36,527.315,527.315,595
VRTX,2026-09-08,12:47,527.43,527.64,527.43,527.57,977
VRTX,2026-09-08,12:48,527.42,527.58,527.42,527.58,798
VRTX,2026-09-08,12:49,527.38,527.38,527.19,527.295,1347
VRTX,2026-09-08,12:50,527.45,527.45,527.23,527.425,1074
VRTX,2026-09-08,12:51,527.555,527.555,527.46,527.54,635
VRTX,2026-09-08,12:52,527.65,527.68,527.44,527.44,1022
VRTX,2026-09-08,12:53,527.58,527.58,527.58,527.58,636
VRTX,2026-09-08,12:54,527.36,527.52,527.36,527.52,919
VRTX,2026-09-08,12:55,527.45,527.67,527.45,527.575,804
VRTX,2026-09-08,12:56,527.41,527.41,527.07,527.35,1734
VRTX,2026-09-08,12:57,527.475,527.8,527.475,527.65,1308
VRTX,2026-09-08,12:58,527.7327,527.7327,527.48,527.52,607
VRTX,2026-09-08,12:59,527.61,527.61,527.52,527.52,962
VRTX,2026-09-08,13:00,527.555,527.555,527.555,527.555,325
VRTX,2026-09-08,13:01,527.31,527.52,527.31,527.52,1234
VRTX,2026-09-08,13:02,527.52,527.52,527.09,527.2402,2103
VRTX,2026-09-08,13:03,527.15,527.15,527.15,527.15,118
VRTX,2026-09-08,13:04,527.1525,527.29,527.09,527.29,1294
VRTX,2026-09-08,13:05,527.37,527.49,527.37,527.49,448
VRTX,2026-09-08,13:06,527.42,527.86,527.42,527.86,605
VRTX,2026-09-08,13:07,527.7,527.7,527.5251,527.5251,393
VRTX,2026-09-08,13:08,527.36,527.36,527.04,527.26,1341
VRTX,2026-09-08,13:09,527.27,527.35,527.26,527.27,894
VRTX,2026-09-08,13:10,527.27,527.27,527.27,527.27,166
VRTX,2026-09-08,13:11,527.5,527.935,527.5,527.935,1251
VRTX,2026-09-08,13:12,527.8675,528.08,527.8675,528.08,890
VRTX,2026-09-08,13:13,528.08,528.08,528.08,528.08,0
VRTX,2026-09-08,13:14,528.13,528.13,528.13,528.13,43
VRTX,2026-09-08,13:15,528.13,528.16,528,528.09,1361
VRTX,2026-09-08,13:16,528.21,528.24,528.08,528.13,1030
VRTX,2026-09-08,13:17,528.14,528.445,528.14,528.445,698
VRTX,2026-09-08,13:18,528.445,528.445,528.445,528.445,1885
VRTX,2026-09-08,13:19,528.375,528.4,528.315,528.34,571
VRTX,2026-09-08,13:20,528.38,528.39,528.155,528.34,2962
VRTX,2026-09-08,13:21,527.975,528.14,527.975,528.12,1766
VRTX,2026-09-08,13:22,528.17,528.17,528.17,528.17,267
VRTX,2026-09-08,13:23,528.18,528.23,527.9,527.905,1461
VRTX,2026-09-08,13:24,527.84,528.05,527.81,527.98,2372
VRTX,2026-09-08,13:25,528.27,528.27,527.8791,528.1956,516
VRTX,2026-09-08,13:26,527.98,527.98,527.98,527.98,481
VRTX,2026-09-08,13:27,528.16,528.35,528.16,528.35,1234
VRTX,2026-09-08,13:28,528.35,528.5,528.35,528.5,1404
VRTX,2026-09-08,13:29,528.77,528.77,528.77,528.77,700
VRTX,2026-09-08,13:30,529.13,529.13,528.79,528.79,755
VRTX,2026-09-08,13:31,528.78,528.78,528.48,528.49,1233
VRTX,2026-09-08,13:32,528.64,528.64,528.55,528.55,719
VRTX,2026-09-08,13:33,528.65,528.67,528.485,528.67,527
VRTX,2026-09-08,13:34,528.67,529.09,528.67,529.09,305
VRTX,2026-09-08,13:35,528.93,528.93,528.93,528.93,141
VRTX,2026-09-08,13:36,528.61,528.61,528.61,528.61,291
VRTX,2026-09-08,13:37,528.3,528.3,527.96,528.09,2097
VRTX,2026-09-08,13:38,528.095,528.095,528.095,528.095,334
VRTX,2026-09-08,13:39,528.095,528.095,528.095,528.095,0
VRTX,2026-09-08,13:40,527.91,528.035,527.9,527.9,696
VRTX,2026-09-08,13:41,528.03,528.07,528.03,528.07,455
VRTX,2026-09-08,13:42,528.14,528.31,528.13,528.135,1835
VRTX,2026-09-08,13:43,528.33,528.33,528.18,528.18,709
VRTX,2026-09-08,13:44,528.2925,528.2925,528.2925,528.2925,215
VRTX,2026-09-08,13:45,528.295,528.295,528.295,528.295,488
VRTX,2026-09-08,13:46,528.475,528.475,528.32,528.385,826
VRTX,2026-09-08,13:47,528.61,528.655,528.61,528.65,520
VRTX,2026-09-08,13:48,528.65,528.65,528.465,528.56,897
VRTX,2026-09-08,13:49,528.7459,528.7459,528.7459,528.7459,541
VRTX,2026-09-08,13:50,528.565,528.565,528.565,528.565,243
VRTX,2026-09-08,13:51,528.9,529.05,528.89,529.05,958
VRTX,2026-09-08,13:52,528.92,529.12,528.92,529.12,700
VRTX,2026-09-08,13:53,528.79,529.4299,528.79,529.4299,840
VRTX,2026-09-08,13:54,528.885,528.885,528.885,528.885,120
VRTX,2026-09-08,13:55,529.18,529.29,528.81,529.29,1294
VRTX,2026-09-08,13:56,529.01,529.09,529.01,529.09,321
VRTX,2026-09-08,13:57,529.06,529.25,529.0575,529.25,905
VRTX,2026-09-08,13:58,529.24,529.24,529.23,529.23,573
VRTX,2026-09-08,13:59,529.16,529.34,529.155,529.16,1717
VRTX,2026-09-08,14:00,528.9,529.16,528.72,528.73,1643
VRTX,2026-09-08,14:01,528.8,528.915,528.8,528.91,616
VRTX,2026-09-08,14:02,528.91,528.91,528.475,528.54,785
VRTX,2026-09-08,14:03,528.635,528.635,528.595,528.635,783
VRTX,2026-09-08,14:04,528.82,528.83,528.715,528.715,1204
VRTX,2026-09-08,14:05,528.96,528.97,528.95,528.95,701
VRTX,2026-09-08,14:06,528.635,529.295,528.635,529.295,1126
VRTX,2026-09-08,14:07,529.29,529.42,529.279,529.279,570
VRTX,2026-09-08,14:08,529.44,529.765,529.42,529.765,1315
VRTX,2026-09-08,14:09,529.82,529.82,529.6275,529.6275,576
VRTX,2026-09-08,14:10,529.35,529.475,529.35,529.435,993
VRTX,2026-09-08,14:11,529.43,529.46,529.43,529.46,3515
VRTX,2026-09-08,14:12,529.47,529.62,529.19,529.19,2420
VRTX,2026-09-08,14:13,529.02,529.4,529.02,529.34,2748
VRTX,2026-09-08,14:14,529.24,529.57,529.24,529.57,321
VRTX,2026-09-08,14:15,529.25,529.25,528.845,528.845,2542
VRTX,2026-09-08,14:16,529.04,529.04,528.6201,528.6201,791
VRTX,2026-09-08,14:17,528.865,528.865,528.865,528.865,578
VRTX,2026-09-08,14:18,528.86,528.99,528.725,528.885,1776
VRTX,2026-09-08,14:19,528.97,529.02,528.87,529.02,766
VRTX,2026-09-08,14:20,528.865,528.97,528.67,528.97,1911
VRTX,2026-09-08,14:21,528.755,528.755,528.755,528.755,120
VRTX,2026-09-08,14:22,528.96,528.96,528.96,528.96,284
VRTX,2026-09-08,14:23,528.96,529.07,528.775,529.07,1167
VRTX,2026-09-08,14:24,529.07,529.51,529.07,529.51,552
VRTX,2026-09-08,14:25,529.4,529.4,529.09,529.09,350
VRTX,2026-09-08,14:26,529.09,529.399,529.09,529.399,282
VRTX,2026-09-08,14:27,529.4,529.4,529.02,529.37,1216
VRTX,2026-09-08,14:28,529.38,529.62,529.35,529.38,1082
VRTX,2026-09-08,14:29,529.435,529.57,529.435,529.445,700
VRTX,2026-09-08,14:30,529.3,529.3,529.175,529.175,1503
VRTX,2026-09-08,14:31,529.175,529.175,529.175,529.175,0
VRTX,2026-09-08,14:32,529.2316,529.45,529.2316,529.45,722
VRTX,2026-09-08,14:33,529.45,529.45,529.22,529.225,434
VRTX,2026-09-08,14:34,529.19,529.19,528.91,528.91,871
VRTX,2026-09-08,14:35,529.06,529.3026,529,529.3026,2070
VRTX,2026-09-08,14:36,529.3026,529.3026,529.3026,529.3026,0
VRTX,2026-09-08,14:37,529.14,529.14,529.14,529.14,558
VRTX,2026-09-08,14:38,529.15,529.15,529.09,529.09,668
VRTX,2026-09-08,14:39,528.8,529.08,528.8,529.08,1059
VRTX,2026-09-08,14:40,529.14,529.14,529.105,529.105,433
VRTX,2026-09-08,14:41,529.0433,529.35,529.0433,529.35,520
VRTX,2026-09-08,14:42,529.83,529.83,529.83,529.83,488
VRTX,2026-09-08,14:43,529.83,529.83,529.83,529.83,0
VRTX,2026-09-08,14:44,529.97,529.97,529.7,529.96,1476
VRTX,2026-09-08,14:45,529.96,530.21,529.555,529.555,1755
VRTX,2026-09-08,14:46,529.555,529.555,529.555,529.555,0
VRTX,2026-09-08,14:47,529.84,529.84,529.39,529.53,1562
VRTX,2026-09-08,14:48,529.38,529.465,529.26,529.265,968
VRTX,2026-09-08,14:49,529.255,529.255,529.045,529.23,917
VRTX,2026-09-08,14:50,529.035,529.035,529.03,529.03,176
VRTX,2026-09-08,14:51,528.8634,529.1201,528.86,528.93,3686
VRTX,2026-09-08,14:52,528.93,529.07,528.8231,528.8231,1407
VRTX,2026-09-08,14:53,528.97,529.12,528.97,529.12,340
VRTX,2026-09-08,14:54,529.12,529.44,529.015,529.27,1643
VRTX,2026-09-08,14:55,529.265,529.265,529.265,529.265,604
VRTX,2026-09-08,14:56,529.41,529.41,529.25,529.25,349
VRTX,2026-09-08,14:57,529.25,529.25,529.21,529.21,947
VRTX,2026-09-08,14:58,529.17,529.25,529.065,529.065,979
VRTX,2026-09-08,14:59,528.925,528.925,528.755,528.92,1775
VRTX,2026-09-08,15:00,528.68,528.68,528.15,528.15,1006
VRTX,2026-09-08,15:01,528.15,528.15,528.15,528.15,0
VRTX,2026-09-08,15:02,528.3193,528.76,528.3193,528.76,2803
VRTX,2026-09-08,15:03,529.13,529.13,529.105,529.105,479
VRTX,2026-09-08,15:04,529.1,529.1,528.79,528.79,983
VRTX,2026-09-08,15:05,528.7628,528.795,528.7628,528.795,496
VRTX,2026-09-08,15:06,528.68,529.315,528.68,529.315,1514
VRTX,2026-09-08,15:07,529.18,529.18,529.18,529.18,491
VRTX,2026-09-08,15:08,528.98,529.3,528.98,529.23,601
VRTX,2026-09-08,15:09,529.34,529.92,529.34,529.92,1729
VRTX,2026-09-08,15:10,529.43,529.72,529.415,529.72,1739
VRTX,2026-09-08,15:11,529.77,529.77,529.52,529.52,377
VRTX,2026-09-08,15:12,529.72,529.72,529.465,529.57,3235
VRTX,2026-09-08,15:13,529.57,529.57,529.57,529.57,0
VRTX,2026-09-08,15:14,529.85,529.86,529.46,529.655,801
VRTX,2026-09-08,15:15,529.74,529.74,529.595,529.625,310
VRTX,2026-09-08,15:16,529.675,529.74,529.55,529.56,1836
VRTX,2026-09-08,15:17,529.61,529.61,529.47,529.5,1460
VRTX,2026-09-08,15:18,529.61,529.61,529.45,529.52,1331
VRTX,2026-09-08,15:19,529.36,529.44,529.295,529.39,1386
VRTX,2026-09-08,15:20,529.44,529.44,529.37,529.43,624
VRTX,2026-09-08,15:21,529.38,529.5,529.29,529.29,2427
VRTX,2026-09-08,15:22,529.35,529.365,529.35,529.365,880
VRTX,2026-09-08,15:23,529.36,529.36,529.36,529.36,181
VRTX,2026-09-08,15:24,529.36,529.3901,529.15,529.3901,2916
VRTX,2026-09-08,15:25,529.47,529.485,529.47,529.485,401
VRTX,2026-09-08,15:26,529.62,529.805,529.4352,529.74,2761
VRTX,2026-09-08,15:27,529.745,529.88,529.74,529.88,926
VRTX,2026-09-08,15:28,529.94,529.95,529.7,529.825,2449
VRTX,2026-09-08,15:29,529.85,529.85,529.675,529.81,3524
VRTX,2026-09-08,15:30,529.64,529.965,529.64,529.78,2347
VRTX,2026-09-08,15:31,529.78,529.88,529.64,529.69,1870
VRTX,2026-09-08,15:32,529.52,529.675,529.4,529.515,3164
VRTX,2026-09-08,15:33,529.515,529.515,529.41,529.41,1787
VRTX,2026-09-08,15:34,529.41,529.65,529.37,529.5,3123
VRTX,2026-09-08,15:35,529.67,530.025,529.575,529.9,2035
VRTX,2026-09-08,15:36,529.875,529.875,529.56,529.64,2124
VRTX,2026-09-08,15:37,529.64,529.64,529.5,529.61,2666
VRTX,2026-09-08,15:38,529.585,529.9532,529.585,529.725,4163
VRTX,2026-09-08,15:39,529.83,530.11,529.83,530.04,2177
VRTX,2026-09-08,15:40,530.035,530.15,530.035,530.12,1581
VRTX,2026-09-08,15:41,530.06,530.21,529.875,530.02,5157
VRTX,2026-09-08,15:42,529.915,530.01,529.88,530.01,1126
VRTX,2026-09-08,15:43,530.035,530.22,530.035,530.155,1120
VRTX,2026-09-08,15:44,530.02,530.145,529.92,529.98,1905
VRTX,2026-09-08,15:45,529.98,529.98,529.45,529.57,2111
VRTX,2026-09-08,15:46,529.325,529.6,529.29,529.525,4744
VRTX,2026-09-08,15:47,529.44,529.44,529.41,529.41,1471
VRTX,2026-09-08,15:48,529.21,529.48,529.07,529.48,5987
VRTX,2026-09-08,15:49,529.44,529.44,529.11,529.11,1617
VRTX,2026-09-08,15:50,529.01,529.11,528,528.31,8544
VRTX,2026-09-08,15:51,528.41,528.66,528.27,528.66,3621
VRTX,2026-09-08,15:52,528.7,528.78,528.53,528.585,2663
VRTX,2026-09-08,15:53,528.65,528.69,528.22,528.69,6347
VRTX,2026-09-08,15:54,528.7,529.27,528.7,528.88,6242
VRTX,2026-09-08,15:55,528.82,529.42,528.565,528.855,7278
VRTX,2026-09-08,15:56,528.87,528.995,528.7,528.93,3972
VRTX,2026-09-08,15:57,528.83,528.93,528.66,528.66,8920
VRTX,2026-09-08,15:58,528.6301,528.82,528.6,528.685,12486
VRTX,2026-09-08,15:59,528.73,529.11,528.57,528.88,35713
VRTX,2026-09-08,16:00,528.9,528.9,528.9,528.9,0
VRTX,2026-09-09,09:30,524,526.225,522,523.295,21263
VRTX,2026-09-09,09:31,523.12,524.01,522,524.01,3161
VRTX,2026-09-09,09:32,522.29,522.975,522.29,522.975,464
VRTX,2026-09-09,09:33,522,523,520.97,521.77,6990
VRTX,2026-09-09,09:34,522.42,522.775,521.79,521.805,1361
VRTX,2026-09-09,09:35,522.335,523.01,521.81,522.21,12245
VRTX,2026-09-09,09:36,522.135,522.34,520.985,521.33,4390
VRTX,2026-09-09,09:37,521.7,521.89,520.73,521.71,3065
VRTX,2026-09-09,09:38,521.755,521.76,520.6825,520.73,2337
VRTX,2026-09-09,09:39,521.53,521.54,520.08,521.54,4450
VRTX,2026-09-09,09:40,521.7249,522.93,520.82,522.91,3360
VRTX,2026-09-09,09:41,522.935,523.345,521.82,521.82,3798
VRTX,2026-09-09,09:42,521.75,523.63,521.74,523.18,2375
VRTX,2026-09-09,09:43,523.2,524.51,523.2,524.155,3444
VRTX,2026-09-09,09:44,524.16,525.1,524.155,525.075,3069
VRTX,2026-09-09,09:45,525,525.565,524.81,524.81,2826
VRTX,2026-09-09,09:46,525.06,526.77,525.06,526.45,2521
VRTX,2026-09-09,09:47,526.45,526.45,526.45,526.45,0
VRTX,2026-09-09,09:48,526.42,526.42,525.77,525.77,3225
VRTX,2026-09-09,09:49,525.66,526.285,525.65,526.285,1250
VRTX,2026-09-09,09:50,526.05,526.19,525.795,525.8075,1900
VRTX,2026-09-09,09:51,526.5,527.225,526.5,527.225,1458
VRTX,2026-09-09,09:52,527.21,527.21,527.21,527.21,217
VRTX,2026-09-09,09:53,527.52,527.52,527.52,527.52,334
VRTX,2026-09-09,09:54,527.225,527.98,527.225,527.98,2313
VRTX,2026-09-09,09:55,527.97,527.97,527.97,527.97,138
VRTX,2026-09-09,09:56,527.99,528.165,527.5,527.5,1284
VRTX,2026-09-09,09:57,527.685,527.685,526.5651,526.5651,1324
VRTX,2026-09-09,09:58,526.565,526.565,526.565,526.565,416
VRTX,2026-09-09,09:59,526.56,526.685,525.88,525.88,1574
VRTX,2026-09-09,10:00,526.48,526.88,526.4264,526.88,1748
VRTX,2026-09-09,10:01,526.4301,526.4301,526.4301,526.4301,208
VRTX,2026-09-09,10:02,526.365,526.8,525.33,525.5,7749
VRTX,2026-09-09,10:03,525.16,525.17,524.725,524.725,2720
VRTX,2026-09-09,10:04,525.2152,525.2152,525.2152,525.2152,276
VRTX,2026-09-09,10:05,525.01,525.2337,525.01,525.11,542
VRTX,2026-09-09,10:06,524.81,524.83,524.615,524.615,737
VRTX,2026-09-09,10:07,524.615,524.615,524.615,524.615,0
VRTX,2026-09-09,10:08,524.33,524.33,524.225,524.225,1916
VRTX,2026-09-09,10:09,524.225,524.225,524.225,524.225,0
VRTX,2026-09-09,10:10,524.225,524.225,524.225,524.225,0
VRTX,2026-09-09,10:11,523.62,523.78,523.11,523.2925,1864
VRTX,2026-09-09,10:12,523.435,524.62,523.435,524.62,2584
VRTX,2026-09-09,10:13,524.62,524.62,524.62,524.62,0
VRTX,2026-09-09,10:14,524.5725,524.5725,524.5725,524.5725,540
VRTX,2026-09-09,10:15,524.155,524.155,523.92,523.92,1145
VRTX,2026-09-09,10:16,523.92,523.92,523.92,523.92,0
VRTX,2026-09-09,10:17,523.51,523.51,523.51,523.51,281
VRTX,2026-09-09,10:18,523.79,523.79,523.6,523.6,495
VRTX,2026-09-09,10:19,523.91,523.92,523.85,523.85,1217
VRTX,2026-09-09,10:20,524.42,524.42,524.42,524.42,301
VRTX,2026-09-09,10:21,524.29,524.29,523.88,524.04,1094
VRTX,2026-09-09,10:22,523.87,523.87,523.74,523.74,812
VRTX,2026-09-09,10:23,523.545,523.545,523.27,523.27,548
VRTX,2026-09-09,10:24,523.14,523.16,523.13,523.16,1369
VRTX,2026-09-09,10:25,522.83,522.83,522.83,522.83,173
VRTX,2026-09-09,10:26,522.59,522.59,522.16,522.225,689
VRTX,2026-09-09,10:27,522.225,522.225,521.51,522.065,3478
VRTX,2026-09-09,10:28,521.765,522.32,521.765,522.2219,985
VRTX,2026-09-09,10:29,522.52,522.53,521.335,521.835,1652
VRTX,2026-09-09,10:30,521.835,521.835,521.37,521.825,952
VRTX,2026-09-09,10:31,521.835,521.835,521.34,521.366,581
VRTX,2026-09-09,10:32,521.19,521.42,521.19,521.42,1477
VRTX,2026-09-09,10:33,521.52,521.52,521.27,521.27,1203
VRTX,2026-09-09,10:34,521.4,521.4,521.4,521.4,380
VRTX,2026-09-09,10:35,521.39,521.39,521.39,521.39,193
VRTX,2026-09-09,10:36,521.67,521.75,521.5225,521.5225,665
VRTX,2026-09-09,10:37,521.73,521.73,521.46,521.46,295
VRTX,2026-09-09,10:38,521.405,521.405,520.52,520.52,3597
VRTX,2026-09-09,10:39,520.82,521.57,520.82,521.57,3286
VRTX,2026-09-09,10:40,521.4361,521.8,521.4361,521.8,570
VRTX,2026-09-09,10:41,521.29,521.78,521.29,521.31,924
VRTX,2026-09-09,10:42,521.6,521.6,521.6,521.6,1149
VRTX,2026-09-09,10:43,521.6,521.6,521.6,521.6,447
VRTX,2026-09-09,10:44,521.595,521.6,521.59,521.6,1897
VRTX,2026-09-09,10:45,521.6,521.6,520.8777,520.8777,5085
VRTX,2026-09-09,10:46,520.945,520.945,520.6,520.745,1264
VRTX,2026-09-09,10:47,520.85,521.36,520.815,521.36,1784
VRTX,2026-09-09,10:48,521.68,522.425,521.68,522.425,1524
VRTX,2026-09-09,10:49,521.99,521.99,521.99,521.99,529
VRTX,2026-09-09,10:50,522.56,522.56,522.23,522.23,343
VRTX,2026-09-09,10:51,522.215,522.225,522.215,522.225,497
VRTX,2026-09-09,10:52,522.13,522.54,522.13,522.54,425
VRTX,2026-09-09,10:53,522.46,522.46,522.46,522.46,306
VRTX,2026-09-09,10:54,522.49,522.66,522.49,522.66,668
VRTX,2026-09-09,10:55,522.475,522.475,522.47,522.47,437
VRTX,2026-09-09,10:56,522.24,522.24,521.65,521.8,2499
VRTX,2026-09-09,10:57,521.71,522.23,521.71,522.23,1520
VRTX,2026-09-09,10:58,522.14,522.49,522.14,522.49,1205
VRTX,2026-09-09,10:59,522.13,522.5,522.13,522.5,866
VRTX,2026-09-09,11:00,522.6025,522.6025,522.37,522.385,1068
VRTX,2026-09-09,11:01,522.575,522.575,522.515,522.515,423
VRTX,2026-09-09,11:02,522.495,522.68,521.66,521.94,3090
VRTX,2026-09-09,11:03,521.94,521.94,521.94,521.94,0
VRTX,2026-09-09,11:04,521.84,521.84,521.38,521.38,367
VRTX,2026-09-09,11:05,521.73,521.73,521.25,521.36,2256
VRTX,2026-09-09,11:06,521.52,521.74,521.39,521.74,561
VRTX,2026-09-09,11:07,521.615,522.09,521.615,522.09,1254
VRTX,2026-09-09,11:08,521.95,521.95,521.95,521.95,116
VRTX,2026-09-09,11:09,521.77,522.01,521.1535,521.1535,1279
VRTX,2026-09-09,11:10,521.71,521.73,521.71,521.73,238
VRTX,2026-09-09,11:11,521.5,521.5,521.5,521.5,528
VRTX,2026-09-09,11:12,521.915,522.3299,521.6,522.3299,1364
VRTX,2026-09-09,11:13,522.4,522.4,522.4,522.4,504
VRTX,2026-09-09,11:14,522.4,522.4,522.4,522.4,0
VRTX,2026-09-09,11:15,522.53,522.53,522.34,522.3475,1530
VRTX,2026-09-09,11:16,522.175,522.175,522.175,522.175,392
VRTX,2026-09-09,11:17,522.38,522.45,522.25,522.25,3804
VRTX,2026-09-09,11:18,522.39,522.51,522.39,522.51,489
VRTX,2026-09-09,11:19,522.51,522.51,522.3,522.455,1443
VRTX,2026-09-09,11:20,522.365,522.365,522.12,522.12,929
VRTX,2026-09-09,11:21,522.12,522.12,522.12,522.12,0
VRTX,2026-09-09,11:22,522.12,522.12,522.12,522.12,0
VRTX,2026-09-09,11:23,522.74,522.74,522.74,522.74,214
VRTX,2026-09-09,11:24,522.93,523.4,522.93,523.4,1513
VRTX,2026-09-09,11:25,523.11,523.11,523.11,523.11,895
VRTX,2026-09-09,11:26,523.15,523.15,523.15,523.15,129
VRTX,2026-09-09,11:27,523.15,523.15,523.15,523.15,330
VRTX,2026-09-09,11:28,522.9,522.9,522.9,522.9,1914
VRTX,2026-09-09,11:29,522.97,523.12,522.72,522.865,1792
VRTX,2026-09-09,11:30,522.74,523.37,522.74,523.37,1405
VRTX,2026-09-09,11:31,522.77,522.77,522.55,522.55,735
VRTX,2026-09-09,11:32,522.785,523.01,522.55,522.55,2592
VRTX,2026-09-09,11:33,522.4,522.71,522.4,522.59,727
VRTX,2026-09-09,11:34,522.59,522.59,522.385,522.48,804
VRTX,2026-09-09,11:35,522.77,522.84,522.615,522.84,625
VRTX,2026-09-09,11:36,522.705,522.825,522.6851,522.825,965
VRTX,2026-09-09,11:37,522.825,522.825,522.825,522.825,0
VRTX,2026-09-09,11:38,522.53,522.565,522.52,522.565,628
VRTX,2026-09-09,11:39,522.79,522.79,522.74,522.74,1200
VRTX,2026-09-09,11:40,522.74,522.74,522.74,522.74,0
VRTX,2026-09-09,11:41,522.75,522.75,522.48,522.64,936
VRTX,2026-09-09,11:42,522.665,522.715,522.665,522.715,310
VRTX,2026-09-09,11:43,522.715,522.715,522.715,522.715,397
VRTX,2026-09-09,11:44,522.715,522.715,522.715,522.715,0
VRTX,2026-09-09,11:45,522.3652,522.7,522.3652,522.7,310
VRTX,2026-09-09,11:46,522.36,522.36,522.12,522.12,1572
VRTX,2026-09-09,11:47,522.11,522.11,522.11,522.11,189
VRTX,2026-09-09,11:48,522.21,522.21,522.01,522.105,513
VRTX,2026-09-09,11:49,522.02,522.31,521.7,521.735,2578
VRTX,2026-09-09,11:50,521.89,521.89,521.885,521.885,651
VRTX,2026-09-09,11:51,522.125,522.33,522.125,522.275,1121
VRTX,2026-09-09,11:52,522.155,522.49,522.155,522.49,831
VRTX,2026-09-09,11:53,522.235,522.235,522.115,522.115,459
VRTX,2026-09-09,11:54,522.29,522.29,522.21,522.21,1015
VRTX,2026-09-09,11:55,522.09,522.155,522.09,522.155,500
VRTX,2026-09-09,11:56,522.125,522.125,522.125,522.125,407
VRTX,2026-09-09,11:57,522.14,522.14,522.14,522.14,913
VRTX,2026-09-09,11:58,522.14,522.14,522.14,522.14,0
VRTX,2026-09-09,11:59,521.765,521.765,521.71,521.71,381
VRTX,2026-09-09,12:00,521.71,521.71,521.51,521.585,691
VRTX,2026-09-09,12:01,521.585,521.585,521.51,521.51,493
VRTX,2026-09-09,12:02,521.51,521.51,521.51,521.51,918
VRTX,2026-09-09,12:03,521.34,521.34,521.34,521.34,338
VRTX,2026-09-09,12:04,521.34,521.34,521.34,521.34,251
VRTX,2026-09-09,12:05,521.34,521.34,521.26,521.26,1850
VRTX,2026-09-09,12:06,521.16,521.275,521.075,521.275,1662
VRTX,2026-09-09,12:07,521.58,521.58,521.58,521.58,128
VRTX,2026-09-09,12:08,521.325,521.325,521.01,521.01,802
VRTX,2026-09-09,12:09,520.825,520.95,520.74,520.93,3579
VRTX,2026-09-09,12:10,521.18,521.18,520.98,520.98,631
VRTX,2026-09-09,12:11,520.98,520.98,520.98,520.98,0
VRTX,2026-09-09,12:12,521.38,521.38,521.14,521.3,1769
VRTX,2026-09-09,12:13,521.0444,521.28,521.0444,521.28,538
VRTX,2026-09-09,12:14,521.28,521.28,521.28,521.28,0
VRTX,2026-09-09,12:15,521.28,521.28,521.28,521.28,771
VRTX,2026-09-09,12:16,521.3575,521.365,520.685,520.685,3153
VRTX,2026-09-09,12:17,520.685,520.89,520.59,520.89,2934
VRTX,2026-09-09,12:18,520.89,520.89,520.89,520.89,0
VRTX,2026-09-09,12:19,520.87,520.87,520.87,520.87,823
VRTX,2026-09-09,12:20,520.6,520.6,520.6,520.6,235
VRTX,2026-09-09,12:21,520.535,520.61,520.4301,520.4301,732
VRTX,2026-09-09,12:22,520.605,520.605,520.605,520.605,315
VRTX,2026-09-09,12:23,520.685,520.685,520.685,520.685,328
VRTX,2026-09-09,12:24,520.685,520.685,520.685,520.685,0
VRTX,2026-09-09,12:25,520.69,521.065,520.69,520.88,1545
VRTX,2026-09-09,12:26,520.88,520.88,520.88,520.88,0
VRTX,2026-09-09,12:27,520.945,520.945,520.945,520.945,250
VRTX,2026-09-09,12:28,520.95,521.26,520.95,521.01,1794
VRTX,2026-09-09,12:29,521.015,521.015,521.015,521.015,482
VRTX,2026-09-09,12:30,521.015,521.015,521.015,521.015,0
VRTX,2026-09-09,12:31,521.1101,521.1101,520.84,521.02,10657
VRTX,2026-09-09,12:32,520.79,520.92,520.76,520.92,1586
VRTX,2026-09-09,12:33,520.92,520.92,520.92,520.92,0
VRTX,2026-09-09,12:34,520.8,520.8,520.8,520.8,318
VRTX,2026-09-09,12:35,520.8345,520.94,520.775,520.935,2240
VRTX,2026-09-09,12:36,520.79,520.935,520.6732,520.6732,873
VRTX,2026-09-09,12:37,520.765,520.765,520.765,520.765,139
VRTX,2026-09-09,12:38,520.67,520.82,520.595,520.82,2696
VRTX,2026-09-09,12:39,520.75,520.75,520.75,520.75,187
VRTX,2026-09-09,12:40,520.745,520.745,520.71,520.715,491
VRTX,2026-09-09,12:41,520.715,521.02,520.715,521.02,1020
VRTX,2026-09-09,12:42,520.83,520.83,520.83,520.83,380
VRTX,2026-09-09,12:43,520.83,520.83,520.83,520.83,0
VRTX,2026-09-09,12:44,520.83,520.83,520.83,520.83,0
VRTX,2026-09-09,12:45,521.09,521.23,521.09,521.19,1136
VRTX,2026-09-09,12:46,521.04,521.09,521.04,521.04,1201
VRTX,2026-09-09,12:47,521.225,521.24,521.095,521.095,833
VRTX,2026-09-09,12:48,521.095,521.095,521.095,521.095,0
VRTX,2026-09-09,12:49,521.1,521.35,521.1,521.24,865
VRTX,2026-09-09,12:50,521.24,521.24,521.24,521.24,627
VRTX,2026-09-09,12:51,521.24,521.62,521.24,521.62,3144
VRTX,2026-09-09,12:52,521.62,521.62,521.62,521.62,0
VRTX,2026-09-09,12:53,521.96,521.96,521.96,521.96,254
VRTX,2026-09-09,12:54,521.77,521.948,521.77,521.9,383
VRTX,2026-09-09,12:55,521.82,522.05,521.58,521.755,4652
VRTX,2026-09-09,12:56,521.9,521.9,521.73,521.73,319
VRTX,2026-09-09,12:57,521.73,521.73,521.73,521.73,1745
VRTX,2026-09-09,12:58,521.73,521.73,521.73,521.73,0
VRTX,2026-09-09,12:59,521.3,521.47,521.275,521.275,1307
VRTX,2026-09-09,13:00,521.18,521.25,521.165,521.25,933
VRTX,2026-09-09,13:01,521.09,521.09,521.09,521.09,384
VRTX,2026-09-09,13:02,521.39,521.56,521.37,521.56,1382
VRTX,2026-09-09,13:03,521.57,521.635,521.49,521.49,569
VRTX,2026-09-09,13:04,521.38,521.38,521.2001,521.2001,903
VRTX,2026-09-09,13:05,521.17,521.17,521.17,521.17,311
VRTX,2026-09-09,13:06,521.2,521.27,521.2,521.27,618
VRTX,2026-09-09,13:07,521.27,521.27,521.27,521.27,0
VRTX,2026-09-09,13:08,521.53,521.53,521.28,521.28,489
VRTX,2026-09-09,13:09,521.28,521.29,521.02,521.29,706
VRTX,2026-09-09,13:10,521.29,521.29,521.29,521.29,0
VRTX,2026-09-09,13:11,521.2344,521.2344,521.2344,521.2344,312
VRTX,2026-09-09,13:12,521.2344,521.2344,521.2344,521.2344,0
VRTX,2026-09-09,13:13,521.39,521.39,521.32,521.37,1265
VRTX,2026-09-09,13:14,521.37,521.37,521.37,521.37,0
VRTX,2026-09-09,13:15,521.53,521.53,521.46,521.53,1143
VRTX,2026-09-09,13:16,521.53,521.53,521.53,521.53,0
VRTX,2026-09-09,13:17,521.44,521.82,521.385,521.82,1293
VRTX,2026-09-09,13:18,521.82,521.82,521.82,521.82,0
VRTX,2026-09-09,13:19,521.42,521.435,521.42,521.435,1093
VRTX,2026-09-09,13:20,521.435,521.435,521.435,521.435,0
VRTX,2026-09-09,13:21,521.59,522.09,521.59,522.09,4340
VRTX,2026-09-09,13:22,522.09,522.09,522.09,522.09,0
VRTX,2026-09-09,13:23,521.95,521.95,521.93,521.95,1244
VRTX,2026-09-09,13:24,521.95,521.95,521.95,521.95,0
VRTX,2026-09-09,13:25,521.71,521.71,521.71,521.71,993
VRTX,2026-09-09,13:26,521.71,521.71,521.71,521.71,0
VRTX,2026-09-09,13:27,521.525,521.525,521.525,521.525,704
VRTX,2026-09-09,13:28,521.46,521.46,521.46,521.46,580
VRTX,2026-09-09,13:29,521.64,521.71,521.64,521.71,1041
VRTX,2026-09-09,13:30,521.71,521.71,521.71,521.71,0
VRTX,2026-09-09,13:31,521.39,521.39,521.39,521.39,647
VRTX,2026-09-09,13:32,521.39,521.39,521.39,521.39,0
VRTX,2026-09-09,13:33,521.59,521.59,521.22,521.22,1438
VRTX,2026-09-09,13:34,521.3,521.39,521.055,521.24,2915
VRTX,2026-09-09,13:35,521.24,521.24,521.24,521.24,0
VRTX,2026-09-09,13:36,520.94,521.045,520.94,521.045,732
VRTX,2026-09-09,13:37,521.045,521.045,520.87,520.88,1384
VRTX,2026-09-09,13:38,520.675,520.675,520.675,520.675,176
VRTX,2026-09-09,13:39,520.6983,520.79,520.68,520.68,1322
VRTX,2026-09-09,13:40,520.68,520.9,520.68,520.9,1564
VRTX,2026-09-09,13:41,520.69,520.745,520.69,520.745,725
VRTX,2026-09-09,13:42,520.57,520.58,520.57,520.58,498
VRTX,2026-09-09,13:43,520.75,520.75,520.75,520.75,298
VRTX,2026-09-09,13:44,520.55,520.55,520.53,520.55,1215
VRTX,2026-09-09,13:45,520.55,520.55,520.55,520.55,0
VRTX,2026-09-09,13:46,520.55,520.55,520.55,520.55,0
VRTX,2026-09-09,13:47,520.8499,520.8499,520.8499,520.8499,372
VRTX,2026-09-09,13:48,520.695,520.695,520.695,520.695,48
VRTX,2026-09-09,13:49,520.695,520.955,520.695,520.955,1442
VRTX,2026-09-09,13:50,521.12,521.24,521.12,521.21,1657
VRTX,2026-09-09,13:51,521.21,521.21,521.125,521.125,777
VRTX,2026-09-09,13:52,521.125,521.125,521.125,521.125,0
VRTX,2026-09-09,13:53,521.125,521.125,521.125,521.125,329
VRTX,2026-09-09,13:54,521.13,521.13,521.13,521.13,138
VRTX,2026-09-09,13:55,521.36,521.36,521.18,521.18,695
VRTX,2026-09-09,13:56,521.13,521.13,520.99,520.99,372
VRTX,2026-09-09,13:57,520.99,520.99,520.99,520.99,0
VRTX,2026-09-09,13:58,521.2,521.3265,521.2,521.2,1492
VRTX,2026-09-09,13:59,521.2,521.2,521.2,521.2,0
VRTX,2026-09-09,14:00,521.2,521.2,521.2,521.2,0
VRTX,2026-09-09,14:01,521.21,521.21,520.97,520.97,430
VRTX,2026-09-09,14:02,521.21,521.4499,521.21,521.21,566
VRTX,2026-09-09,14:03,521.21,521.395,521.21,521.35,1196
VRTX,2026-09-09,14:04,521.395,521.67,521.39,521.67,759
VRTX,2026-09-09,14:05,521.67,521.67,521.67,521.67,0
VRTX,2026-09-09,14:06,521.71,522,521.57,521.935,1597
VRTX,2026-09-09,14:07,521.8775,522.04,521.8775,522.04,279
VRTX,2026-09-09,14:08,521.63,521.795,521.62,521.795,1334
VRTX,2026-09-09,14:09,521.795,521.795,521.795,521.795,756
VRTX,2026-09-09,14:10,521.51,521.51,521.4312,521.4312,340
VRTX,2026-09-09,14:11,521.615,521.615,521.44,521.44,998
VRTX,2026-09-09,14:12,521.52,521.52,521.455,521.455,711
VRTX,2026-09-09,14:13,521.455,521.455,521.455,521.455,0
VRTX,2026-09-09,14:14,521.545,521.545,521.545,521.545,90
VRTX,2026-09-09,14:15,521.57,521.57,521.57,521.57,498
VRTX,2026-09-09,14:16,521.545,521.545,521.545,521.545,550
VRTX,2026-09-09,14:17,522.05,522.09,521.96,522.09,1889
VRTX,2026-09-09,14:18,521.97,522.2199,521.925,521.925,1179
VRTX,2026-09-09,14:19,521.87,521.87,521.84,521.84,385
VRTX,2026-09-09,14:20,521.55,521.55,521.24,521.24,1135
VRTX,2026-09-09,14:21,521.24,521.24,521.24,521.24,0
VRTX,2026-09-09,14:22,521.13,521.31,521.13,521.31,683
VRTX,2026-09-09,14:23,521.43,521.64,521.39,521.39,869
VRTX,2026-09-09,14:24,521.39,521.39,521.39,521.39,0
VRTX,2026-09-09,14:25,521.485,521.49,521.485,521.49,1086
VRTX,2026-09-09,14:26,521.49,521.49,521.49,521.49,468
VRTX,2026-09-09,14:27,521.5,521.67,521.5,521.67,710
VRTX,2026-09-09,14:28,521.73,521.86,521.51,521.645,1350
VRTX,2026-09-09,14:29,521.35,521.35,521.35,521.35,85
VRTX,2026-09-09,14:30,521.35,521.36,521.35,521.36,255
VRTX,2026-09-09,14:31,521.36,521.645,521.36,521.635,978
VRTX,2026-09-09,14:32,521.635,521.635,521.47,521.48,567
VRTX,2026-09-09,14:33,521.48,521.48,521.48,521.48,360
VRTX,2026-09-09,14:34,521.54,521.86,521.54,521.82,3052
VRTX,2026-09-09,14:35,521.85,521.85,521.72,521.72,562
VRTX,2026-09-09,14:36,521.69,521.69,521.64,521.64,645
VRTX,2026-09-09,14:37,521.54,521.54,521.48,521.52,948
VRTX,2026-09-09,14:38,521.52,521.52,521.52,521.52,0
VRTX,2026-09-09,14:39,521.52,521.52,521.52,521.52,0
VRTX,2026-09-09,14:40,521.44,521.44,521.44,521.44,80
VRTX,2026-09-09,14:41,521.6144,521.6144,521.44,521.57,1192
VRTX,2026-09-09,14:42,521.49,521.52,521.47,521.47,362
VRTX,2026-09-09,14:43,521.32,521.475,521.32,521.32,617
VRTX,2026-09-09,14:44,521.475,521.475,521.475,521.475,755
VRTX,2026-09-09,14:45,521.475,521.475,521.475,521.475,339
VRTX,2026-09-09,14:46,521.39,521.39,521.21,521.21,1131
VRTX,2026-09-09,14:47,521.21,521.21,521.21,521.21,0
VRTX,2026-09-09,14:48,521.085,521.085,520.65,520.65,2158
VRTX,2026-09-09,14:49,520.79,520.93,520.78,520.89,1550
VRTX,2026-09-09,14:50,520.89,520.89,520.89,520.89,0
VRTX,2026-09-09,14:51,520.67,520.67,520.67,520.67,431
VRTX,2026-09-09,14:52,520.68,520.79,520.68,520.79,223
VRTX,2026-09-09,14:53,520.795,520.91,520.795,520.91,4234
VRTX,2026-09-09,14:54,520.91,521.15,520.91,520.91,3323
VRTX,2026-09-09,14:55,520.92,521.3,520.81,521.255,5022
VRTX,2026-09-09,14:56,521.255,521.35,521.16,521.16,2019
VRTX,2026-09-09,14:57,521.16,521.16,521.16,521.16,0
VRTX,2026-09-09,14:58,521.16,521.19,520.9,521.055,2087
VRTX,2026-09-09,14:59,521.17,521.17,521.17,521.17,395
VRTX,2026-09-09,15:00,521.07,521.07,521.07,521.07,258
VRTX,2026-09-09,15:01,521.09,521.3,521.09,521.215,957
VRTX,2026-09-09,15:02,521.1,521.25,521.1,521.25,2613
VRTX,2026-09-09,15:03,521.225,521.42,521.225,521.335,1551
VRTX,2026-09-09,15:04,521.34,521.34,521.34,521.34,799
VRTX,2026-09-09,15:05,521.14,521.19,521.0441,521.18,15074
VRTX,2026-09-09,15:06,521.175,521.175,521.0476,521.0476,127
VRTX,2026-09-09,15:07,521.42,521.42,521.42,521.42,378
VRTX,2026-09-09,15:08,521.39,521.58,521.39,521.58,1794
VRTX,2026-09-09,15:09,521.645,521.79,521.645,521.79,1765
VRTX,2026-09-09,15:10,521.49,521.49,521.49,521.49,530
VRTX,2026-09-09,15:11,521.35,521.35,521.35,521.35,1363
VRTX,2026-09-09,15:12,521.35,521.35,521.35,521.35,0
VRTX,2026-09-09,15:13,521.51,521.51,521.31,521.31,493
VRTX,2026-09-09,15:14,521.48,521.48,520.3,520.56,7381
VRTX,2026-09-09,15:15,520.56,521.08,520.56,520.9901,2866
VRTX,2026-09-09,15:16,520.9901,520.9901,520.9901,520.9901,0
VRTX,2026-09-09,15:17,521.1,521.16,521.1,521.16,524
VRTX,2026-09-09,15:18,521.16,521.37,521.16,521.37,2164
VRTX,2026-09-09,15:19,521.61,521.63,521.47,521.47,1341
VRTX,2026-09-09,15:20,521.56,521.56,521.38,521.46,2580
VRTX,2026-09-09,15:21,521.43,521.43,521.105,521.105,1266
VRTX,2026-09-09,15:22,521.125,521.205,521.125,521.205,730
VRTX,2026-09-09,15:23,521.205,521.22,520.975,520.9775,1147
VRTX,2026-09-09,15:24,520.975,521.22,520.975,521.165,1765
VRTX,2026-09-09,15:25,521.2275,521.45,521.2275,521.37,1485
VRTX,2026-09-09,15:26,521.44,521.44,521.015,521.015,1322
VRTX,2026-09-09,15:27,521.21,521.21,521.14,521.14,641
VRTX,2026-09-09,15:28,521.12,521.12,521.12,521.12,720
VRTX,2026-09-09,15:29,521.02,521.185,521,521.185,714
VRTX,2026-09-09,15:30,521.37,521.71,521.05,521.71,4695
VRTX,2026-09-09,15:31,521.7,521.88,521.66,521.66,1891
VRTX,2026-09-09,15:32,521.95,521.95,521.695,521.695,699
VRTX,2026-09-09,15:33,521.695,521.695,521.24,521.24,1718
VRTX,2026-09-09,15:34,521.12,521.12,520.9,520.97,2424
VRTX,2026-09-09,15:35,521.2,521.25,520.91,521.25,2931
VRTX,2026-09-09,15:36,521.26,521.2999,521.03,521.2999,1667
VRTX,2026-09-09,15:37,521.195,521.4,521.195,521.4,1714
VRTX,2026-09-09,15:38,521.3599,521.3599,521.3599,521.3599,169
VRTX,2026-09-09,15:39,521.31,521.43,521.31,521.43,1435
VRTX,2026-09-09,15:40,521.42,521.42,521.255,521.37,525
VRTX,2026-09-09,15:41,521.41,521.43,521.3,521.3,2751
VRTX,2026-09-09,15:42,521.45,521.58,521.45,521.58,2208
VRTX,2026-09-09,15:43,521.58,521.91,521.58,521.815,1689
VRTX,2026-09-09,15:44,521.67,521.67,521.485,521.64,2051
VRTX,2026-09-09,15:45,521.62,521.62,521.25,521.265,2573
VRTX,2026-09-09,15:46,521.48,521.6,521.34,521.54,4392
VRTX,2026-09-09,15:47,521.45,521.77,521.45,521.77,5308
VRTX,2026-09-09,15:48,521.6801,521.82,521.68,521.75,1640
VRTX,2026-09-09,15:49,521.67,521.67,521.435,521.435,1370
VRTX,2026-09-09,15:50,521.53,521.67,521.25,521.375,4461
VRTX,2026-09-09,15:51,521.17,521.17,520.74,521.08,5975
VRTX,2026-09-09,15:52,521.11,521.28,521.11,521.25,3161
VRTX,2026-09-09,15:53,521.25,521.46,521.25,521.435,4005
VRTX,2026-09-09,15:54,521.435,521.54,521.01,521.24,10989
VRTX,2026-09-09,15:55,521.16,521.34,520.76,520.92,15114
VRTX,2026-09-09,15:56,521.09,521.23,521.02,521.23,7975
VRTX,2026-09-09,15:57,521.14,521.52,521.05,521.13,12181
VRTX,2026-09-09,15:58,521.15,521.35,521.12,521.19,15725
VRTX,2026-09-09,15:59,521.155,521.21,520.75,521.15,27719
VRTX,2026-09-10,09:30,519.13,519.13,516.2,518.02,29117
VRTX,2026-09-10,09:31,516,516.905,516,516.905,4170
VRTX,2026-09-10,09:32,516.905,517.565,516.905,517.565,1042
VRTX,2026-09-10,09:33,519.03,522.49,519.03,522.49,711
VRTX,2026-09-10,09:34,522.6,522.6,521.43,521.44,1223
VRTX,2026-09-10,09:35,521.57,521.57,521.57,521.57,257
VRTX,2026-09-10,09:36,521.57,521.57,521.57,521.57,0
VRTX,2026-09-10,09:37,520.55,520.55,519.275,519.275,920
VRTX,2026-09-10,09:38,520.49,520.49,518.49,518.49,388
VRTX,2026-09-10,09:39,519.77,519.77,518.94,518.94,318
VRTX,2026-09-10,09:40,519.57,519.775,519.57,519.775,308
VRTX,2026-09-10,09:41,519.9,520.17,519.9,519.92,974
VRTX,2026-09-10,09:42,519.9309,519.9309,519.9309,519.9309,697
VRTX,2026-09-10,09:43,520.43,520.43,520.21,520.21,492
VRTX,2026-09-10,09:44,519.715,520.38,519.715,520.25,567
VRTX,2026-09-10,09:45,520.652,520.652,520.555,520.56,319
VRTX,2026-09-10,09:46,520.6364,521.06,520.52,520.745,1679
VRTX,2026-09-10,09:47,520.735,520.735,520.315,520.575,1089
VRTX,2026-09-10,09:48,520.61,521.32,520.61,521.32,1432
VRTX,2026-09-10,09:49,520.99,520.99,520.5,520.5,1747
VRTX,2026-09-10,09:50,520.12,520.75,520.12,520.745,768
VRTX,2026-09-10,09:51,520.75,521.39,520.475,521.325,3066
VRTX,2026-09-10,09:52,521,521.62,521,521.29,1076
VRTX,2026-09-10,09:53,521.23,521.885,521.23,521.5705,2175
VRTX,2026-09-10,09:54,521.595,521.595,521.16,521.315,2158
VRTX,2026-09-10,09:55,521.47,521.5,521.47,521.5,163
VRTX,2026-09-10,09:56,521.62,521.63,521.375,521.42,1511
VRTX,2026-09-10,09:57,521.6699,521.99,521.455,521.905,1780
VRTX,2026-09-10,09:58,521.97,521.97,521.85,521.865,712
VRTX,2026-09-10,09:59,521.675,521.84,521.675,521.715,1570
VRTX,2026-09-10,10:00,521.91,521.92,521.04,521.04,2618
VRTX,2026-09-10,10:01,521.18,521.32,521.07,521.07,788
VRTX,2026-09-10,10:02,520.605,520.605,519.485,519.485,1170
VRTX,2026-09-10,10:03,519.5,519.51,519.37,519.37,964
VRTX,2026-09-10,10:04,519.685,519.84,519.35,519.35,3404
VRTX,2026-09-10,10:05,519.4,519.4,519.4,519.4,356
VRTX,2026-09-10,10:06,519.72,520.08,519.27,519.27,1806
VRTX,2026-09-10,10:07,519.44,519.445,519.44,519.445,1969
VRTX,2026-09-10,10:08,519.67,519.67,519.6599,519.6599,387
VRTX,2026-09-10,10:09,519.305,519.31,519.3,519.3,814
VRTX,2026-09-10,10:10,519,519.4599,519,519.4599,768
VRTX,2026-09-10,10:11,519.365,519.495,519.34,519.34,859
VRTX,2026-09-10,10:12,519.34,519.34,519.29,519.29,2386
VRTX,2026-09-10,10:13,519.7,519.75,519.56,519.57,1222
VRTX,2026-09-10,10:14,519.57,519.57,519.57,519.57,0
VRTX,2026-09-10,10:15,519.57,519.57,519.57,519.57,0
VRTX,2026-09-10,10:16,519.55,519.55,519.27,519.28,932
VRTX,2026-09-10,10:17,519.5841,519.5841,519.16,519.16,380
VRTX,2026-09-10,10:18,519.16,519.51,519.1,519.51,704
VRTX,2026-09-10,10:19,519.67,520,519.67,520,1116
VRTX,2026-09-10,10:20,520.36,520.36,520.36,520.36,378
VRTX,2026-09-10,10:21,520.54,520.54,520.54,520.54,202
VRTX,2026-09-10,10:22,520.53,520.56,520.44,520.44,643
VRTX,2026-09-10,10:23,520.555,520.555,520.28,520.28,1147
VRTX,2026-09-10,10:24,520.24,520.54,520.24,520.54,569
VRTX,2026-09-10,10:25,520.49,520.49,519.82,520.145,1999
VRTX,2026-09-10,10:26,520.04,520.045,519.73,520.045,792
VRTX,2026-09-10,10:27,520.045,520.045,520.045,520.045,0
VRTX,2026-09-10,10:28,518.865,518.865,518.36,518.36,1039
VRTX,2026-09-10,10:29,518.21,518.49,518.21,518.49,1170
VRTX,2026-09-10,10:30,518.3,518.345,518,518,821
VRTX,2026-09-10,10:31,518.32,518.32,517.955,517.955,890
VRTX,2026-09-10,10:32,517.96,517.96,517.96,517.96,789
VRTX,2026-09-10,10:33,517.96,517.96,517.96,517.96,0
VRTX,2026-09-10,10:34,518.16,518.16,517.88,517.88,3642
VRTX,2026-09-10,10:35,517.25,517.62,517.25,517.62,1027
VRTX,2026-09-10,10:36,517.345,517.345,517.345,517.345,125
VRTX,2026-09-10,10:37,517.2,517.2,517.2,517.2,520
VRTX,2026-09-10,10:38,517.035,517.38,517.035,517.3,3566
VRTX,2026-09-10,10:39,517.3,517.3,517.3,517.3,0
VRTX,2026-09-10,10:40,516.665,516.85,516.555,516.555,1485
VRTX,2026-09-10,10:41,516.97,517,516.68,516.68,569
VRTX,2026-09-10,10:42,516.68,517.36,516.68,517.03,1590
VRTX,2026-09-10,10:43,517.03,517.48,516.41,517.48,517
VRTX,2026-09-10,10:44,517.49,517.49,517.49,517.49,151
VRTX,2026-09-10,10:45,517.02,517.02,517.02,517.02,148
VRTX,2026-09-10,10:46,517.07,517.65,516.9994,517.3601,1409
VRTX,2026-09-10,10:47,517.95,518.03,517.95,518.03,541
VRTX,2026-09-10,10:48,518.03,518.03,518.03,518.03,0
VRTX,2026-09-10,10:49,518.4,518.4,518.4,518.4,171
VRTX,2026-09-10,10:50,518.4,518.435,518.4,518.435,1173
VRTX,2026-09-10,10:51,518.31,518.33,518.31,518.33,1422
VRTX,2026-09-10,10:52,518.53,518.55,518.43,518.55,3490
VRTX,2026-09-10,10:53,518.55,518.55,518.55,518.55,0
VRTX,2026-09-10,10:54,518.55,518.55,518.55,518.55,0
VRTX,2026-09-10,10:55,518.585,518.59,518.32,518.35,961
VRTX,2026-09-10,10:56,518.42,518.42,518.42,518.42,682
VRTX,2026-09-10,10:57,517.9475,517.9475,517.945,517.945,625
VRTX,2026-09-10,10:58,517.945,517.945,517.945,517.945,0
VRTX,2026-09-10,10:59,517.94,517.94,517.92,517.925,1091
VRTX,2026-09-10,11:00,517.865,517.865,517.5,517.5,1301
VRTX,2026-09-10,11:01,517.225,517.225,517.225,517.225,143
VRTX,2026-09-10,11:02,517.5,517.5,517.29,517.29,801
VRTX,2026-09-10,11:03,517.3,517.51,517.3,517.445,310
VRTX,2026-09-10,11:04,517.375,517.74,517.375,517.74,1630
VRTX,2026-09-10,11:05,517.74,517.74,517.74,517.74,0
VRTX,2026-09-10,11:06,517.34,517.34,516.93,516.93,1064
VRTX,2026-09-10,11:07,516.835,517.2672,516.835,517.2672,759
VRTX,2026-09-10,11:08,517.18,517.18,517.18,517.18,126
VRTX,2026-09-10,11:09,517.015,517.49,517.015,517.4,1726
VRTX,2026-09-10,11:10,516.7001,517.135,516.7001,517.0724,352
VRTX,2026-09-10,11:11,517.155,517.56,517.155,517.16,509
VRTX,2026-09-10,11:12,516.9625,517.58,516.9625,517.575,1038
VRTX,2026-09-10,11:13,517.58,517.65,517.58,517.65,768
VRTX,2026-09-10,11:14,517.615,517.98,517.605,517.6825,1020
VRTX,2026-09-10,11:15,517.645,517.97,517.645,517.97,495
VRTX,2026-09-10,11:16,517.955,518.07,517.79,518.07,1092
VRTX,2026-09-10,11:17,518.085,518.46,518.085,518.46,1013
VRTX,2026-09-10,11:18,518.55,518.55,518.33,518.33,1826
VRTX,2026-09-10,11:19,518.35,518.35,518.185,518.185,1132
VRTX,2026-09-10,11:20,518.16,518.16,518.105,518.105,345
VRTX,2026-09-10,11:21,517.965,517.965,517.965,517.965,528
VRTX,2026-09-10,11:22,517.965,517.965,517.965,517.965,0
VRTX,2026-09-10,11:23,517.965,517.965,517.965,517.965,0
VRTX,2026-09-10,11:24,517.975,517.975,517.97,517.97,269
VRTX,2026-09-10,11:25,517.975,517.975,517.975,517.975,184
VRTX,2026-09-10,11:26,517.955,517.955,517.955,517.955,320
VRTX,2026-09-10,11:27,517.77,518.15,517.77,517.82,2429
VRTX,2026-09-10,11:28,517.82,517.82,517.82,517.82,0
VRTX,2026-09-10,11:29,517.8,517.86,517.765,517.86,861
VRTX,2026-09-10,11:30,517.94,518.03,517.77,518.03,606
VRTX,2026-09-10,11:31,517.9,518.06,517.9,518.06,1723
VRTX,2026-09-10,11:32,518.015,518.21,518.015,518.21,344
VRTX,2026-09-10,11:33,518.085,518.435,517.96,517.96,1485
VRTX,2026-09-10,11:34,518.18,518.226,518.0688,518.175,902
VRTX,2026-09-10,11:35,518.14,518.43,517.91,518.165,803
VRTX,2026-09-10,11:36,518.165,518.165,518.165,518.165,296
VRTX,2026-09-10,11:37,518.44,518.46,518.265,518.265,327
VRTX,2026-09-10,11:38,518.48,518.53,518.25,518.39,893
VRTX,2026-09-10,11:39,518.605,518.605,518.17,518.33,1070
VRTX,2026-09-10,11:40,518.43,518.51,518.43,518.51,508
VRTX,2026-09-10,11:41,518.52,518.52,518.52,518.52,41
VRTX,2026-09-10,11:42,518.59,518.59,518.51,518.51,496
VRTX,2026-09-10,11:43,518.17,518.39,518.17,518.39,1007
VRTX,2026-09-10,11:44,518.305,518.315,518.305,518.315,416
VRTX,2026-09-10,11:45,518.325,518.45,518.254,518.45,1364
VRTX,2026-09-10,11:46,518.08,518.08,518.08,518.08,202
VRTX,2026-09-10,11:47,517.775,517.799,517.77,517.799,390
VRTX,2026-09-10,11:48,518.02,518.14,518.02,518.14,743
VRTX,2026-09-10,11:49,517.945,518.52,517.945,518.175,1231
VRTX,2026-09-10,11:50,518.175,518.175,518.175,518.175,0
VRTX,2026-09-10,11:51,518.05,518.32,518.05,518.32,1941
VRTX,2026-09-10,11:52,518.32,518.32,518.32,518.32,0
VRTX,2026-09-10,11:53,518.04,518.04,518.04,518.04,49
VRTX,2026-09-10,11:54,518.04,518.16,517.77,517.785,2918
VRTX,2026-09-10,11:55,517.78,517.89,517.78,517.89,253
VRTX,2026-09-10,11:56,517.94,517.94,517.775,517.94,582
VRTX,2026-09-10,11:57,517.87,517.87,517.87,517.87,178
VRTX,2026-09-10,11:58,517.88,518.17,517.88,518.06,677
VRTX,2026-09-10,11:59,517.965,517.965,517.955,517.955,917
VRTX,2026-09-10,12:00,517.97,518.42,517.97,518.42,3102
VRTX,2026-09-10,12:01,518.45,518.45,518.04,518.19,1319
VRTX,2026-09-10,12:02,518.02,518.03,518.01,518.03,618
VRTX,2026-09-10,12:03,517.965,518.02,517.965,518.02,534
VRTX,2026-09-10,12:04,517.98,517.98,517.555,517.555,721
VRTX,2026-09-10,12:05,517.55,517.605,517.41,517.605,1240
VRTX,2026-09-10,12:06,517.605,517.605,517.605,517.605,0
VRTX,2026-09-10,12:07,517.605,517.605,517.605,517.605,285
VRTX,2026-09-10,12:08,517.605,517.605,517.605,517.605,0
VRTX,2026-09-10,12:09,517.41,517.5,517.4,517.5,842
VRTX,2026-09-10,12:10,517.65,517.73,517.65,517.73,588
VRTX,2026-09-10,12:11,517.61,517.67,517.6,517.67,859
VRTX,2026-09-10,12:12,517.75,517.75,517.75,517.75,331
VRTX,2026-09-10,12:13,517.59,517.59,517.455,517.455,291
VRTX,2026-09-10,12:14,517.455,517.83,517.455,517.48,566
VRTX,2026-09-10,12:15,517.465,517.465,517.465,517.465,180
VRTX,2026-09-10,12:16,517.75,517.76,517.75,517.76,339
VRTX,2026-09-10,12:17,517.525,517.525,517.525,517.525,296
VRTX,2026-09-10,12:18,517.515,517.515,517.515,517.515,706
VRTX,2026-09-10,12:19,517.515,517.515,517.515,517.515,0
VRTX,2026-09-10,12:20,517.37,517.37,517.37,517.37,297
VRTX,2026-09-10,12:21,517.37,517.37,517.37,517.37,0
VRTX,2026-09-10,12:22,517.28,517.285,517.28,517.285,381
VRTX,2026-09-10,12:23,517.335,517.335,517.21,517.21,501
VRTX,2026-09-10,12:24,517.13,517.13,517.0825,517.0825,680
VRTX,2026-09-10,12:25,517.04,517.04,516.5975,516.5975,713
VRTX,2026-09-10,12:26,516.8,516.95,516.675,516.95,1500
VRTX,2026-09-10,12:27,516.84,516.84,516.84,516.84,274
VRTX,2026-09-10,12:28,516.89,517.24,516.89,517.23,1201
VRTX,2026-09-10,12:29,517.4,517.495,517.4,517.45,563
VRTX,2026-09-10,12:30,517.59,517.59,517.18,517.18,448
VRTX,2026-09-10,12:31,517.38,517.61,517.19,517.473,2579
VRTX,2026-09-10,12:32,517.473,517.473,517.473,517.473,0
VRTX,2026-09-10,12:33,517.4,517.4,517.4,517.4,326
VRTX,2026-09-10,12:34,517.06,517.06,517.05,517.05,825
VRTX,2026-09-10,12:35,516.78,516.83,516.78,516.83,391
VRTX,2026-09-10,12:36,516.615,516.615,516.615,516.615,380
VRTX,2026-09-10,12:37,516.86,516.86,516.6494,516.7467,741
VRTX,2026-09-10,12:38,516.86,517.13,516.86,516.92,827
VRTX,2026-09-10,12:39,517.245,517.245,517.005,517.005,255
VRTX,2026-09-10,12:40,517.17,517.41,517.17,517.41,678
VRTX,2026-09-10,12:41,517.37,517.6173,517.37,517.6173,674
VRTX,2026-09-10,12:42,517.21,517.335,517.21,517.335,341
VRTX,2026-09-10,12:43,517.34,517.465,517.34,517.465,626
VRTX,2026-09-10,12:44,517.46,517.465,517.2601,517.2601,506
VRTX,2026-09-10,12:45,517.47,517.68,517.47,517.59,1263
VRTX,2026-09-10,12:46,517.57,517.57,517.165,517.165,1842
VRTX,2026-09-10,12:47,517.135,517.135,516.808,516.808,1043
VRTX,2026-09-10,12:48,516.995,516.995,516.995,516.995,166
VRTX,2026-09-10,12:49,516.87,516.87,516.325,516.325,1215
VRTX,2026-09-10,12:50,516.505,516.7299,516.451,516.505,2240
VRTX,2026-09-10,12:51,516.5,516.5,516.36,516.46,1004
VRTX,2026-09-10,12:52,516.465,516.465,516.465,516.465,284
VRTX,2026-09-10,12:53,516.475,516.475,516.475,516.475,210
VRTX,2026-09-10,12:54,516.69,516.72,516.625,516.705,1014
VRTX,2026-09-10,12:55,516.8999,517.155,516.8999,516.94,2157
VRTX,2026-09-10,12:56,516.87,516.87,516.82,516.82,901
VRTX,2026-09-10,12:57,516.795,516.795,516.79,516.79,312
VRTX,2026-09-10,12:58,517.08,517.15,516.885,516.89,910
VRTX,2026-09-10,12:59,516.89,517.27,516.885,517.27,532
VRTX,2026-09-10,13:00,517.03,517.355,517.03,517.28,711
VRTX,2026-09-10,13:01,517.26,517.27,517.26,517.27,354
VRTX,2026-09-10,13:02,517.52,517.6,517.285,517.51,1055
VRTX,2026-09-10,13:03,517.28,517.28,517.28,517.28,113
VRTX,2026-09-10,13:04,517.28,517.53,517.28,517.39,493
VRTX,2026-09-10,13:05,517.395,517.71,517.395,517.635,731
VRTX,2026-09-10,13:06,517.655,517.67,517.655,517.67,625
VRTX,2026-09-10,13:07,517.67,517.67,517.11,517.11,1618
VRTX,2026-09-10,13:08,517.355,517.56,517.355,517.56,822
VRTX,2026-09-10,13:09,517.1401,517.36,517.1401,517.36,341
VRTX,2026-09-10,13:10,517.365,517.63,517.365,517.63,1309
VRTX,2026-09-10,13:11,517.6,517.84,517.6,517.84,250
VRTX,2026-09-10,13:12,517.595,517.595,517.595,517.595,402
VRTX,2026-09-10,13:13,517.595,517.595,517.595,517.595,0
VRTX,2026-09-10,13:14,517.67,518.105,517.67,518.105,689
VRTX,2026-09-10,13:15,518.105,518.105,517.85,517.99,1470
VRTX,2026-09-10,13:16,517.99,517.99,517.99,517.99,0
VRTX,2026-09-10,13:17,518.16,518.16,518.0479,518.0479,404
VRTX,2026-09-10,13:18,518.095,518.095,517.78,517.985,781
VRTX,2026-09-10,13:19,518.19,518.19,518.19,518.19,351
VRTX,2026-09-10,13:20,518.51,518.51,518.5,518.5,264
VRTX,2026-09-10,13:21,518.5,518.5,518.27,518.325,1413
VRTX,2026-09-10,13:22,518.335,518.335,518.14,518.225,496
VRTX,2026-09-10,13:23,518.24,518.24,518.15,518.15,542
VRTX,2026-09-10,13:24,518.095,518.095,518.095,518.095,157
VRTX,2026-09-10,13:25,517.94,518.03,517.81,517.81,454
VRTX,2026-09-10,13:26,517.995,517.995,517.995,517.995,489
VRTX,2026-09-10,13:27,517.935,517.935,517.715,517.715,639
VRTX,2026-09-10,13:28,517.77,517.77,517.77,517.77,404
VRTX,2026-09-10,13:29,517.445,517.445,517.445,517.445,376
VRTX,2026-09-10,13:30,517.435,517.44,517.375,517.44,457
VRTX,2026-09-10,13:31,517.435,517.5,517.435,517.5,598
VRTX,2026-09-10,13:32,517.5,517.5,517.5,517.5,0
VRTX,2026-09-10,13:33,517.48,517.48,517.21,517.26,909
VRTX,2026-09-10,13:34,517.41,517.7699,517.11,517.43,1470
VRTX,2026-09-10,13:35,517.47,517.47,517.47,517.47,147
VRTX,2026-09-10,13:36,517.3558,517.7,517.3558,517.63,759
VRTX,2026-09-10,13:37,517.435,517.435,517.435,517.435,482
VRTX,2026-09-10,13:38,517.43,517.43,517.43,517.43,734
VRTX,2026-09-10,13:39,517.68,517.68,517.485,517.49,507
VRTX,2026-09-10,13:40,517.495,517.495,517.43,517.465,877
VRTX,2026-09-10,13:41,517.4466,517.4466,517.4466,517.4466,365
VRTX,2026-09-10,13:42,517.47,517.475,517.47,517.475,756
VRTX,2026-09-10,13:43,517.41,517.41,517.41,517.41,301
VRTX,2026-09-10,13:44,517.475,517.48,517.475,517.48,821
VRTX,2026-09-10,13:45,517.485,517.485,517.14,517.14,1499
VRTX,2026-09-10,13:46,517.14,517.3,517.14,517.16,2863
VRTX,2026-09-10,13:47,517.28,517.45,517.245,517.32,1225
VRTX,2026-09-10,13:48,517.265,517.265,517.1201,517.235,931
VRTX,2026-09-10,13:49,517.2248,517.565,517.2248,517.56,996
VRTX,2026-09-10,13:50,517.61,517.6939,517.425,517.425,2378
VRTX,2026-09-10,13:51,517.38,517.38,517.38,517.38,230
VRTX,2026-09-10,13:52,517.57,517.57,517.3173,517.3296,1566
VRTX,2026-09-10,13:53,517.45,517.45,517.36,517.43,1130
VRTX,2026-09-10,13:54,517.355,517.355,517.355,517.355,380
VRTX,2026-09-10,13:55,517.11,517.11,516.89,516.91,1292
VRTX,2026-09-10,13:56,517.05,517.05,516.92,516.925,2547
VRTX,2026-09-10,13:57,516.93,517.1,516.85,516.89,3181
VRTX,2026-09-10,13:58,516.935,516.935,516.935,516.935,266
VRTX,2026-09-10,13:59,516.94,517.1,516.935,516.935,1240
VRTX,2026-09-10,14:00,517.11,517.11,516.98,516.98,650
VRTX,2026-09-10,14:01,516.99,516.99,516.91,516.91,447
VRTX,2026-09-10,14:02,516.91,517.12,516.91,516.98,1905
VRTX,2026-09-10,14:03,517.14,517.23,517.13,517.225,1370
VRTX,2026-09-10,14:04,517.225,517.45,517.225,517.45,364
VRTX,2026-09-10,14:05,517.23,517.23,517.23,517.23,415
VRTX,2026-09-10,14:06,517.46,517.46,517.41,517.41,799
VRTX,2026-09-10,14:07,517.78,517.915,517.78,517.915,444
VRTX,2026-09-10,14:08,518.055,518.055,518.055,518.055,216
VRTX,2026-09-10,14:09,517.85,517.85,517.75,517.75,360
VRTX,2026-09-10,14:10,517.8,517.8,517.645,517.645,745
VRTX,2026-09-10,14:11,517.625,517.625,517.625,517.625,61
VRTX,2026-09-10,14:12,517.4614,517.62,517.4614,517.62,462
VRTX,2026-09-10,14:13,517.78,517.78,517.78,517.78,379
VRTX,2026-09-10,14:14,517.78,517.78,517.78,517.78,0
VRTX,2026-09-10,14:15,517.66,517.84,517.66,517.8,577
VRTX,2026-09-10,14:16,517.805,518.12,517.805,518.12,1127
VRTX,2026-09-10,14:17,518.22,518.32,518.22,518.32,415
VRTX,2026-09-10,14:18,518.42,518.42,518.14,518.14,696
VRTX,2026-09-10,14:19,518.19,518.19,518.05,518.19,369
VRTX,2026-09-10,14:20,518.1,518.165,518.09,518.1,462
VRTX,2026-09-10,14:21,518.105,518.105,517.9329,517.9329,407
VRTX,2026-09-10,14:22,517.9329,517.9329,517.9329,517.9329,0
VRTX,2026-09-10,14:23,518.15,518.35,518.15,518.35,949
VRTX,2026-09-10,14:24,518.54,518.54,518.54,518.54,182
VRTX,2026-09-10,14:25,518.43,518.5,518.235,518.5,797
VRTX,2026-09-10,14:26,518.57,518.57,518.365,518.365,109
VRTX,2026-09-10,14:27,518.3981,518.3981,518.14,518.14,1703
VRTX,2026-09-10,14:28,518.27,518.29,518.27,518.29,385
VRTX,2026-09-10,14:29,518.2486,518.2486,518.2486,518.2486,570
VRTX,2026-09-10,14:30,518.2486,518.2486,518.2486,518.2486,0
VRTX,2026-09-10,14:31,518.42,518.43,518.285,518.34,2489
VRTX,2026-09-10,14:32,518.34,518.34,518.34,518.34,398
VRTX,2026-09-10,14:33,518.615,518.615,518.61,518.615,722
VRTX,2026-09-10,14:34,518.535,518.55,518.535,518.55,1099
VRTX,2026-09-10,14:35,518.61,518.77,518.61,518.725,938
VRTX,2026-09-10,14:36,518.73,518.86,518.73,518.855,464
VRTX,2026-09-10,14:37,518.785,518.785,518.785,518.785,404
VRTX,2026-09-10,14:38,518.63,518.63,518.575,518.575,425
VRTX,2026-09-10,14:39,518.42,518.42,518.415,518.415,690
VRTX,2026-09-10,14:40,518.42,518.42,518.42,518.42,87
VRTX,2026-09-10,14:41,518.42,518.42,518.41,518.41,933
VRTX,2026-09-10,14:42,518.41,518.41,518.41,518.41,0
VRTX,2026-09-10,14:43,518.41,518.41,518.41,518.41,0
VRTX,2026-09-10,14:44,518.59,518.64,518.46,518.46,574
VRTX,2026-09-10,14:45,518.5,518.65,518.32,518.65,1090
VRTX,2026-09-10,14:46,518.6698,518.6698,518.6698,518.6698,1452
VRTX,2026-09-10,14:47,518.515,518.52,518.37,518.37,572
VRTX,2026-09-10,14:48,518.365,518.49,518.365,518.455,1161
VRTX,2026-09-10,14:49,518.4175,518.4175,518.4175,518.4175,367
VRTX,2026-09-10,14:50,518.45,518.6799,518.45,518.6799,235
VRTX,2026-09-10,14:51,518.31,518.75,518.31,518.75,1292
VRTX,2026-09-10,14:52,518.57,518.57,518.57,518.57,279
VRTX,2026-09-10,14:53,518.44,518.44,518.44,518.44,367
VRTX,2026-09-10,14:54,518.44,518.44,518.44,518.44,0
VRTX,2026-09-10,14:55,518.575,518.575,518.3,518.5,893
VRTX,2026-09-10,14:56,518.318,518.318,518.318,518.318,358
VRTX,2026-09-10,14:57,518.305,518.305,518.305,518.305,312
VRTX,2026-09-10,14:58,518.175,518.24,518.175,518.24,449
VRTX,2026-09-10,14:59,518.02,518.02,517.985,517.985,926
VRTX,2026-09-10,15:00,517.7,517.81,517.7,517.81,160
VRTX,2026-09-10,15:01,517.785,518.02,517.6905,517.9066,638
VRTX,2026-09-10,15:02,518.08,518.09,518.08,518.09,477
VRTX,2026-09-10,15:03,517.965,518.24,517.965,518.22,379
VRTX,2026-09-10,15:04,518.01,518.06,518,518,475
VRTX,2026-09-10,15:05,518,518,517.92,517.92,884
VRTX,2026-09-10,15:06,518.14,518.24,517.945,518.145,1058
VRTX,2026-09-10,15:07,518.28,518.28,518.28,518.28,196
VRTX,2026-09-10,15:08,518.19,518.44,518.19,518.28,1433
VRTX,2026-09-10,15:09,518.25,518.47,518.25,518.47,760
VRTX,2026-09-10,15:10,518.68,518.68,518.48,518.68,925
VRTX,2026-09-10,15:11,518.34,518.34,517.9138,517.9575,1060
VRTX,2026-09-10,15:12,517.955,518.11,517.9126,517.9126,1510
VRTX,2026-09-10,15:13,517.96,517.96,517.925,517.925,459
VRTX,2026-09-10,15:14,517.935,517.935,517.92,517.92,1046
VRTX,2026-09-10,15:15,517.66,517.66,517.66,517.66,772
VRTX,2026-09-10,15:16,517.5437,517.72,517.5437,517.55,1041
VRTX,2026-09-10,15:17,517.66,517.66,517.66,517.66,431
VRTX,2026-09-10,15:18,517.51,517.65,517.3848,517.575,2513
VRTX,2026-09-10,15:19,517.5675,517.5675,517.38,517.38,1486
VRTX,2026-09-10,15:20,517.25,517.26,517.25,517.25,1544
VRTX,2026-09-10,15:21,517.25,517.3914,517.15,517.15,1255
VRTX,2026-09-10,15:22,517.15,517.15,517.15,517.15,0
VRTX,2026-09-10,15:23,517.1,517.1,517.1,517.1,1135
VRTX,2026-09-10,15:24,516.818,517.1,516.6293,517.0999,2311
VRTX,2026-09-10,15:25,517.01,517.01,516.875,516.875,692
VRTX,2026-09-10,15:26,516.76,517.04,516.76,516.935,4098
VRTX,2026-09-10,15:27,516.92,516.94,516.92,516.94,636
VRTX,2026-09-10,15:28,516.85,517.04,516.8,517.04,1059
VRTX,2026-09-10,15:29,516.86,517.0499,516.86,516.86,956
VRTX,2026-09-10,15:30,516.57,516.605,516.57,516.595,1068
VRTX,2026-09-10,15:31,516.6,516.74,516.5756,516.5756,844
VRTX,2026-09-10,15:32,516.46,516.82,516.46,516.76,2568
VRTX,2026-09-10,15:33,516.65,517,516.65,517,2173
VRTX,2026-09-10,15:34,517.06,517.06,516.15,516.22,4591
VRTX,2026-09-10,15:35,516.22,516.47,516.11,516.47,5548
VRTX,2026-09-10,15:36,516.52,516.59,516.52,516.55,1244
VRTX,2026-09-10,15:37,516.63,516.68,516.455,516.455,577
VRTX,2026-09-10,15:38,516.455,516.673,516.455,516.57,1468
VRTX,2026-09-10,15:39,516.6,516.6,516.41,516.5,616
VRTX,2026-09-10,15:40,516.53,516.69,516.44,516.66,2804
VRTX,2026-09-10,15:41,516.66,516.66,516.46,516.46,1320
VRTX,2026-09-10,15:42,516.585,516.585,516.585,516.585,643
VRTX,2026-09-10,15:43,516.28,516.34,516.17,516.275,941
VRTX,2026-09-10,15:44,516.275,516.275,515.725,515.75,8040
VRTX,2026-09-10,15:45,515.91,516.05,515.505,515.505,2382
VRTX,2026-09-10,15:46,515.68,515.82,515.4,515.4,1712
VRTX,2026-09-10,15:47,515.55,515.55,515.206,515.3075,1395
VRTX,2026-09-10,15:48,515.355,515.355,515.11,515.23,1173
VRTX,2026-09-10,15:49,515.31,515.54,515.23,515.42,6341
VRTX,2026-09-10,15:50,515.47,515.475,515,515.26,6692
VRTX,2026-09-10,15:51,515.01,515.46,514.72,514.88,6191
VRTX,2026-09-10,15:52,514.88,515.31,514.5,515.31,7701
VRTX,2026-09-10,15:53,515.36,515.36,514.76,514.76,2379
VRTX,2026-09-10,15:54,514.89,515.15,514.38,514.84,13032
VRTX,2026-09-10,15:55,514.59,515.19,514.34,514.78,10275
VRTX,2026-09-10,15:56,514.78,514.92,514.48,514.565,11218
VRTX,2026-09-10,15:57,514.67,514.82,514.46,514.5,17370
VRTX,2026-09-10,15:58,514.505,514.78,514.32,514.68,27518
VRTX,2026-09-10,15:59,514.58,514.78,514.42,514.56,35748
VRTX,2026-09-10,16:00,514.56,514.56,514.56,514.56,0
VRTX,2026-09-11,09:30,522.1,522.1,517.5,517.5,18328
VRTX,2026-09-11,09:31,517.015,518.735,516.795,518.735,1093
VRTX,2026-09-11,09:32,517.9,521.025,517.9,519.71,967
VRTX,2026-09-11,09:33,519.39,519.39,519.39,519.39,604
VRTX,2026-09-11,09:34,519.39,519.39,519.39,519.39,390
VRTX,2026-09-11,09:35,518.88,520.34,518.88,520.07,709
VRTX,2026-09-11,09:36,518.9,518.9,518.89,518.89,779
VRTX,2026-09-11,09:37,520,520,518.93,518.93,644
VRTX,2026-09-11,09:38,518.93,518.93,518.93,518.93,0
VRTX,2026-09-11,09:39,517.635,517.635,517.635,517.635,173
VRTX,2026-09-11,09:40,517.7791,517.7791,516.45,517.245,871
VRTX,2026-09-11,09:41,517.4,517.4,516.36,516.36,1750
VRTX,2026-09-11,09:42,516.315,516.315,516.305,516.305,510
VRTX,2026-09-11,09:43,515.485,515.485,515.085,515.44,473
VRTX,2026-09-11,09:44,515.355,516.07,515.355,515.63,873
VRTX,2026-09-11,09:45,515.69,515.76,514.76,515.37,4755
VRTX,2026-09-11,09:46,515.62,515.62,514.465,514.93,2411
VRTX,2026-09-11,09:47,514.644,515.03,514.54,515.03,1485
VRTX,2026-09-11,09:48,515.63,515.63,514.96,514.96,374
VRTX,2026-09-11,09:49,514.815,514.815,514.815,514.815,1116
VRTX,2026-09-11,09:50,514.815,514.815,514.815,514.815,0
VRTX,2026-09-11,09:51,514.94,514.94,514.94,514.94,361
VRTX,2026-09-11,09:52,514.565,515.23,514.565,515.225,1075
VRTX,2026-09-11,09:53,515.475,515.64,515.475,515.52,492
VRTX,2026-09-11,09:54,515.465,515.465,514.91,514.91,992
VRTX,2026-09-11,09:55,514.94,514.94,514.94,514.94,369
VRTX,2026-09-11,09:56,515.32,515.32,515.32,515.32,952
VRTX,2026-09-11,09:57,515.32,515.32,515.32,515.32,0
VRTX,2026-09-11,09:58,515.32,515.32,515.32,515.32,0
VRTX,2026-09-11,09:59,515.055,515.37,514.905,515.37,559
VRTX,2026-09-11,10:00,515.37,515.5,514.6406,515.09,1378
VRTX,2026-09-11,10:01,514.8675,514.915,514.8675,514.915,594
VRTX,2026-09-11,10:02,514.915,514.915,514.915,514.915,0
VRTX,2026-09-11,10:03,513.705,513.705,513.67,513.67,715
VRTX,2026-09-11,10:04,513.765,513.85,513.58,513.58,696
VRTX,2026-09-11,10:05,513.4149,513.91,513.2223,513.91,1616
VRTX,2026-09-11,10:06,513.69,513.81,513.69,513.81,521
VRTX,2026-09-11,10:07,513.715,513.715,513.36,513.395,799
VRTX,2026-09-11,10:08,513.39,513.9999,513.39,513.9999,978
VRTX,2026-09-11,10:09,513.62,513.62,513.2501,513.2501,842
VRTX,2026-09-11,10:10,512.92,513.345,512.92,513.31,595
VRTX,2026-09-11,10:11,513.345,514.47,513.28,514.47,3372
VRTX,2026-09-11,10:12,514.47,514.47,514.47,514.47,0
VRTX,2026-09-11,10:13,514.02,514.02,514.02,514.02,813
VRTX,2026-09-11,10:14,514.48,514.75,514.48,514.49,1518
VRTX,2026-09-11,10:15,514.28,514.51,514.28,514.51,261
VRTX,2026-09-11,10:16,514.5147,514.9799,514.5147,514.9799,331
VRTX,2026-09-11,10:17,514.5451,514.5451,514.545,514.545,570
VRTX,2026-09-11,10:18,514.97,514.97,514.4801,514.4801,1134
VRTX,2026-09-11,10:19,515.1146,515.1146,515.1146,515.1146,177
VRTX,2026-09-11,10:20,515.19,515.19,514.57,514.87,560
VRTX,2026-09-11,10:21,514.87,515.15,514.87,514.87,1651
VRTX,2026-09-11,10:22,514.87,514.87,514.87,514.87,1248
VRTX,2026-09-11,10:23,514.48,514.48,513.765,513.765,1299
VRTX,2026-09-11,10:24,513.765,513.765,513.765,513.765,0
VRTX,2026-09-11,10:25,513.525,513.525,513.525,513.525,232
VRTX,2026-09-11,10:26,513.81,513.81,513.75,513.75,262
VRTX,2026-09-11,10:27,513.905,513.905,513.73,513.8614,2018
VRTX,2026-09-11,10:28,513.8614,513.8614,513.8614,513.8614,0
VRTX,2026-09-11,10:29,513.8614,513.8614,513.8614,513.8614,0
VRTX,2026-09-11,10:30,513.72,514.32,513.72,514.21,2238
VRTX,2026-09-11,10:31,514.155,514.155,514.115,514.115,835
VRTX,2026-09-11,10:32,513.06,513.06,513.06,513.06,751
VRTX,2026-09-11,10:33,513.145,513.145,513.145,513.145,529
VRTX,2026-09-11,10:34,512.6,512.6,512.24,512.515,776
VRTX,2026-09-11,10:35,512.62,512.6594,512.305,512.48,620
VRTX,2026-09-11,10:36,512.48,512.48,512.48,512.48,327
VRTX,2026-09-11,10:37,512.48,512.96,512.48,512.96,901
VRTX,2026-09-11,10:38,512.71,512.71,512.385,512.56,800
VRTX,2026-09-11,10:39,512.68,512.96,512.68,512.74,862
VRTX,2026-09-11,10:40,512.4601,512.665,512.4601,512.55,313
VRTX,2026-09-11,10:41,512.87,513.23,512.66,512.745,4509
VRTX,2026-09-11,10:42,512.8,512.99,512.62,512.74,5878
VRTX,2026-09-11,10:43,513.22,513.22,513.22,513.22,681
VRTX,2026-09-11,10:44,513.135,513.135,513.135,513.135,493
VRTX,2026-09-11,10:45,512.72,512.72,512.72,512.72,498
VRTX,2026-09-11,10:46,513.1,513.17,512.94,512.94,590
VRTX,2026-09-11,10:47,513.13,513.13,512.9851,513.03,491
VRTX,2026-09-11,10:48,512.69,513.07,512.69,513.07,598
VRTX,2026-09-11,10:49,513.205,513.205,512.87,512.91,1206
VRTX,2026-09-11,10:50,512.91,512.91,512.91,512.91,0
VRTX,2026-09-11,10:51,512.8,512.8,512.8,512.8,904
VRTX,2026-09-11,10:52,512.8,512.8,512.8,512.8,0
VRTX,2026-09-11,10:53,512.8,512.8,512.8,512.8,0
VRTX,2026-09-11,10:54,513.0495,513.17,513.035,513.17,1529
VRTX,2026-09-11,10:55,513.17,513.17,513.17,513.17,0
VRTX,2026-09-11,10:56,513.17,513.17,513.17,513.17,0
VRTX,2026-09-11,10:57,513.245,513.245,513.24,513.24,561
VRTX,2026-09-11,10:58,513.31,513.5,513.16,513.5,1274
VRTX,2026-09-11,10:59,513.24,513.24,513.24,513.24,407
VRTX,2026-09-11,11:00,513.58,513.89,513.58,513.89,1967
VRTX,2026-09-11,11:01,513.9,513.9,513.72,513.72,501
VRTX,2026-09-11,11:02,513.605,513.605,513.27,513.57,731
VRTX,2026-09-11,11:03,513.55,513.55,513.54,513.54,833
VRTX,2026-09-11,11:04,513.36,513.36,513.36,513.36,344
VRTX,2026-09-11,11:05,513.3602,513.3602,513.3602,513.3602,100
VRTX,2026-09-11,11:06,513.59,513.74,513.49,513.69,1480
VRTX,2026-09-11,11:07,513.94,513.94,513.94,513.94,207
VRTX,2026-09-11,11:08,513.9,513.9,513.68,513.685,1072
VRTX,2026-09-11,11:09,513.71,513.71,513.6325,513.6325,245
VRTX,2026-09-11,11:10,513.6625,513.665,513.66,513.66,581
VRTX,2026-09-11,11:11,513.67,513.67,513.67,513.67,268
VRTX,2026-09-11,11:12,513.675,513.675,513.205,513.58,3839
VRTX,2026-09-11,11:13,513.365,513.9004,512.76,513.9004,1079
VRTX,2026-09-11,11:14,513.375,513.375,513.36,513.36,1540
VRTX,2026-09-11,11:15,513.36,513.36,513.36,513.36,166
VRTX,2026-09-11,11:16,513.3097,513.33,512.52,512.52,1607
VRTX,2026-09-11,11:17,512.32,512.38,512.25,512.25,2826
VRTX,2026-09-11,11:18,512.25,512.25,512.25,512.25,394
VRTX,2026-09-11,11:19,512.25,512.25,512.25,512.25,0
VRTX,2026-09-11,11:20,512.5,512.795,512.5,512.795,1089
VRTX,2026-09-11,11:21,512.6803,512.9089,512.6803,512.8,614
VRTX,2026-09-11,11:22,512.62,512.62,512.62,512.62,920
VRTX,2026-09-11,11:23,512.34,512.34,511.97,511.97,1213
VRTX,2026-09-11,11:24,512.05,512.2,511.81,512.2,2622
VRTX,2026-09-11,11:25,512.2,512.74,512.18,512.74,1008
VRTX,2026-09-11,11:26,512.07,512.07,512,512,457
VRTX,2026-09-11,11:27,512.39,512.45,512.39,512.395,2336
VRTX,2026-09-11,11:28,512.395,512.395,512.395,512.395,0
VRTX,2026-09-11,11:29,512.1,512.1,512.1,512.1,639
VRTX,2026-09-11,11:30,512.1,512.1,512.1,512.1,0
VRTX,2026-09-11,11:31,512.57,512.57,512.57,512.57,413
VRTX,2026-09-11,11:32,512.41,512.41,512.41,512.41,504
VRTX,2026-09-11,11:33,512.54,512.585,512.49,512.51,840
VRTX,2026-09-11,11:34,512.57,512.97,512.57,512.88,2888
VRTX,2026-09-11,11:35,512.88,512.88,512.88,512.88,615
VRTX,2026-09-11,11:36,512.81,512.99,512.8001,512.8001,578
VRTX,2026-09-11,11:37,512.8,512.8,512.8,512.8,273
VRTX,2026-09-11,11:38,512.98,513.13,512.78,512.78,2327
VRTX,2026-09-11,11:39,512.9201,512.9201,512.92,512.92,644
VRTX,2026-09-11,11:40,512.94,512.94,512.93,512.93,1613
VRTX,2026-09-11,11:41,512.925,512.925,512.925,512.925,370
VRTX,2026-09-11,11:42,512.92,513.42,512.92,513.42,1778
VRTX,2026-09-11,11:43,513.42,513.42,513.42,513.42,0
VRTX,2026-09-11,11:44,513.42,513.42,513.42,513.42,0
VRTX,2026-09-11,11:45,513.24,513.24,513.24,513.24,671
VRTX,2026-09-11,11:46,513.24,513.24,513.24,513.24,0
VRTX,2026-09-11,11:47,513.285,513.4,513.27,513.4,2039
VRTX,2026-09-11,11:48,513.4,513.4,513.4,513.4,0
VRTX,2026-09-11,11:49,513.18,513.18,513.18,513.18,77
VRTX,2026-09-11,11:50,513.344,513.5225,513.344,513.45,1616
VRTX,2026-09-11,11:51,513.45,513.45,513.45,513.45,0
VRTX,2026-09-11,11:52,513.39,513.44,513.325,513.325,1723
VRTX,2026-09-11,11:53,513.18,513.24,513.18,513.24,848
VRTX,2026-09-11,11:54,513.27,513.27,513.27,513.27,178
VRTX,2026-09-11,11:55,513.3952,513.3952,512.9701,513.3046,575
VRTX,2026-09-11,11:56,513.3046,513.3046,513.3046,513.3046,0
VRTX,2026-09-11,11:57,513.3046,513.3046,513.3046,513.3046,0
VRTX,2026-09-11,11:58,513.3,513.3,513.28,513.28,732
VRTX,2026-09-11,11:59,513.28,513.28,513.28,513.28,0
VRTX,2026-09-11,12:00,512.981,512.981,512.981,512.981,383
VRTX,2026-09-11,12:01,513.54,514.075,513.54,514.075,2084
VRTX,2026-09-11,12:02,514.035,514.28,513.9,514.06,4824
VRTX,2026-09-11,12:03,513.79,513.79,513.79,513.79,661
VRTX,2026-09-11,12:04,513.885,513.885,513.88,513.885,856
VRTX,2026-09-11,12:05,514.22,514.41,514.22,514.32,913
VRTX,2026-09-11,12:06,514.37,514.37,514.37,514.37,310
VRTX,2026-09-11,12:07,514.37,514.37,514.22,514.22,1451
VRTX,2026-09-11,12:08,514.22,514.22,514.22,514.22,0
VRTX,2026-09-11,12:09,514.3,514.3,514.3,514.3,716
VRTX,2026-09-11,12:10,514.54,514.77,514.54,514.77,1020
VRTX,2026-09-11,12:11,514.78,515.055,514.78,515.01,1815
VRTX,2026-09-11,12:12,515.06,515.26,514.99,514.99,2259
VRTX,2026-09-11,12:13,514.99,514.99,514.99,514.99,0
VRTX,2026-09-11,12:14,514.99,514.99,514.99,514.99,0
VRTX,2026-09-11,12:15,514.865,514.865,514.64,514.64,641
VRTX,2026-09-11,12:16,514.64,514.9999,514.64,514.9999,1060
VRTX,2026-09-11,12:17,514.9999,514.9999,514.9999,514.9999,0
VRTX,2026-09-11,12:18,514.9999,514.9999,514.9999,514.9999,0
VRTX,2026-09-11,12:19,514.445,514.51,514.445,514.445,1454
VRTX,2026-09-11,12:20,514.445,514.445,514.445,514.445,0
VRTX,2026-09-11,12:21,514.59,514.59,514.0201,514.0201,544
VRTX,2026-09-11,12:22,514.7,514.9,514.7,514.77,678
VRTX,2026-09-11,12:23,514.47,514.47,514.47,514.47,168
VRTX,2026-09-11,12:24,514.47,514.47,514.47,514.47,136
VRTX,2026-09-11,12:25,514.47,514.585,514.2,514.585,998
VRTX,2026-09-11,12:26,514.5725,514.585,514.2,514.2,431
VRTX,2026-09-11,12:27,514.7,514.7,514.7,514.7,365
VRTX,2026-09-11,12:28,514.69,514.69,514.48,514.48,2137
VRTX,2026-09-11,12:29,514.48,514.48,514.48,514.48,0
VRTX,2026-09-11,12:30,514.34,514.51,514.34,514.51,647
VRTX,2026-09-11,12:31,514.51,514.57,514.51,514.57,2478
VRTX,2026-09-11,12:32,514.17,514.17,514.17,514.17,61
VRTX,2026-09-11,12:33,514.4,514.45,514.285,514.35,829
VRTX,2026-09-11,12:34,514.495,514.495,514.495,514.495,905
VRTX,2026-09-11,12:35,514.495,514.495,514.495,514.495,0
VRTX,2026-09-11,12:36,514.49,514.49,514.49,514.49,214
VRTX,2026-09-11,12:37,514.49,514.49,514.49,514.49,1015
VRTX,2026-09-11,12:38,514.53,514.7,514.53,514.7,537
VRTX,2026-09-11,12:39,514.54,514.54,514.311,514.525,1727
VRTX,2026-09-11,12:40,514.535,514.94,514.535,514.89,2035
VRTX,2026-09-11,12:41,514.91,515.06,514.91,515.06,780
VRTX,2026-09-11,12:42,514.925,514.925,514.685,514.685,1682
VRTX,2026-09-11,12:43,514.685,514.685,514.685,514.685,0
VRTX,2026-09-11,12:44,514.685,514.685,514.685,514.685,0
VRTX,2026-09-11,12:45,514.685,514.685,514.685,514.685,0
VRTX,2026-09-11,12:46,514.685,514.685,514.685,514.685,0
VRTX,2026-09-11,12:47,514.685,514.685,514.685,514.685,0
VRTX,2026-09-11,12:48,514.69,514.77,514.69,514.77,840
VRTX,2026-09-11,12:49,515.02,515.02,514.48,514.48,955
VRTX,2026-09-11,12:50,514.61,514.61,514.61,514.61,119
VRTX,2026-09-11,12:51,514.74,514.78,513.77,513.77,7860
VRTX,2026-09-11,12:52,514.02,514.02,513.95,513.96,876
VRTX,2026-09-11,12:53,513.96,514.11,513.96,514.11,1135
VRTX,2026-09-11,12:54,514.11,514.11,514.11,514.11,0
VRTX,2026-09-11,12:55,514.34,514.34,514.025,514.1,4473
VRTX,2026-09-11,12:56,514.1,514.1,514.1,514.1,0
VRTX,2026-09-11,12:57,514.26,514.395,514.26,514.31,1717
VRTX,2026-09-11,12:57,514.31,514.31,514.31,514.31,0
VRTX,2026-09-11,12:58,514.31,514.31,514.31,514.31,0
VRTX,2026-09-11,12:59,514.43,514.48,514.43,514.48,385
VRTX,2026-09-11,13:00,514.48,514.48,514.38,514.47,810
VRTX,2026-09-11,13:01,514.37,514.41,514.315,514.315,1070
VRTX,2026-09-11,13:02,514.181,514.4767,514.181,514.4767,586
VRTX,2026-09-11,13:03,514.29,514.29,514.2,514.2,598
VRTX,2026-09-11,13:04,514.2,514.2386,514.13,514.2386,1329
VRTX,2026-09-11,13:05,514.12,514.12,514.12,514.12,283
VRTX,2026-09-11,13:06,514.12,514.12,514.12,514.12,0
VRTX,2026-09-11,13:07,514.1601,514.195,513.94,514.195,1230
VRTX,2026-09-11,13:08,514.01,514.01,514.01,514.01,292
VRTX,2026-09-11,13:09,514.225,514.62,514.225,514.62,1694
VRTX,2026-09-11,13:10,514.49,514.49,514.26,514.26,1061
VRTX,2026-09-11,13:11,514.3,514.35,514.285,514.285,1411
VRTX,2026-09-11,13:12,514.3625,514.3625,514.1,514.1,476
VRTX,2026-09-11,13:13,513.87,513.87,513.87,513.87,557
VRTX,2026-09-11,13:14,513.87,513.87,513.87,513.87,0
VRTX,2026-09-11,13:15,513.87,513.87,513.87,513.87,0
VRTX,2026-09-11,13:16,514.36,514.36,514.36,514.36,541
VRTX,2026-09-11,13:17,514.36,514.36,514.36,514.36,0
VRTX,2026-09-11,13:18,514.1796,514.1796,514.1796,514.1796,99
VRTX,2026-09-11,13:19,514.35,514.61,514.155,514.31,4259
VRTX,2026-09-11,13:20,514.31,514.31,514.31,514.31,0
VRTX,2026-09-11,13:21,514.435,514.465,514.4,514.465,1514
VRTX,2026-09-11,13:22,514.465,514.4985,514.465,514.4985,423
VRTX,2026-09-11,13:23,514.58,514.7,514.5,514.63,2178
VRTX,2026-09-11,13:24,514.26,514.4451,514.26,514.4451,699
VRTX,2026-09-11,13:25,514.27,514.3,514.21,514.3,725
VRTX,2026-09-11,13:26,514.47,514.48,514.4151,514.4151,841
VRTX,2026-09-11,13:27,514.4151,514.4151,514.4151,514.4151,0
VRTX,2026-09-11,13:28,514.45,514.535,514.35,514.535,560
VRTX,2026-09-11,13:29,514.535,514.535,514.535,514.535,432
VRTX,2026-09-11,13:30,514.56,514.56,514.07,514.07,1450
VRTX,2026-09-11,13:31,514.185,514.57,514.185,514.57,1978
VRTX,2026-09-11,13:32,514.64,514.665,514.53,514.53,1029
VRTX,2026-09-11,13:33,514.67,514.71,514.37,514.37,1845
VRTX,2026-09-11,13:34,514.365,514.87,514.365,514.83,800
VRTX,2026-09-11,13:35,514.72,514.93,514.72,514.93,468
VRTX,2026-09-11,13:36,514.745,514.97,514.745,514.94,1750
VRTX,2026-09-11,13:37,515.05,515.05,514.79,515.05,541
VRTX,2026-09-11,13:38,515.1183,515.1183,514.91,514.91,1017
VRTX,2026-09-11,13:39,514.945,514.945,514.945,514.945,260
VRTX,2026-09-11,13:40,515.055,515.055,514.83,514.99,904
VRTX,2026-09-11,13:41,515.16,515.22,514.8801,514.8801,1135
VRTX,2026-09-11,13:42,514.91,514.9675,514.905,514.9675,857
VRTX,2026-09-11,13:43,514.99,515.28,514.99,515.2065,1215
VRTX,2026-09-11,13:44,515.2065,515.2065,515.2065,515.2065,0
VRTX,2026-09-11,13:45,515.205,515.33,515.13,515.33,469
VRTX,2026-09-11,13:46,515.21,515.38,515.195,515.195,1015
VRTX,2026-09-11,13:47,515.2,515.2,515.2,515.2,366
VRTX,2026-09-11,13:48,515.235,515.385,515.235,515.385,1415
VRTX,2026-09-11,13:49,515.48,515.62,515.39,515.62,596
VRTX,2026-09-11,13:50,515.59,515.825,515.59,515.635,2045
VRTX,2026-09-11,13:51,515.63,515.6424,515.58,515.6424,741
VRTX,2026-09-11,13:52,515.38,515.58,515.38,515.575,340
VRTX,2026-09-11,13:53,515.575,515.83,515.57,515.57,878
VRTX,2026-09-11,13:54,515.57,515.57,515.57,515.57,234
VRTX,2026-09-11,13:55,515.16,516.09,515.16,516.09,3812
VRTX,2026-09-11,13:56,516.08,516.08,516.08,516.08,81
VRTX,2026-09-11,13:57,516.06,516.06,515.825,515.825,965
VRTX,2026-09-11,13:58,515.825,515.825,515.82,515.82,578
VRTX,2026-09-11,13:59,516.07,516.24,515.915,516.24,1911
VRTX,2026-09-11,14:00,516.24,516.8,516.24,516.8,3964
VRTX,2026-09-11,14:01,516.58,516.58,516.12,516.185,2625
VRTX,2026-09-11,14:02,516.005,516.005,515.96,515.96,304
VRTX,2026-09-11,14:03,515.96,515.96,515.805,515.805,1099
VRTX,2026-09-11,14:04,515.865,515.865,515.865,515.865,494
VRTX,2026-09-11,14:05,515.865,515.865,515.8325,515.8625,587
VRTX,2026-09-11,14:06,515.865,516.0799,515.865,515.955,2122
VRTX,2026-09-11,14:07,515.9256,515.9256,515.88,515.88,602
VRTX,2026-09-11,14:08,515.755,516.0599,515.755,515.875,580
VRTX,2026-09-11,14:09,515.875,515.875,515.875,515.875,182
VRTX,2026-09-11,14:10,515.87,516.34,515.87,516.34,2220
VRTX,2026-09-11,14:11,516.27,516.48,516.27,516.48,1923
VRTX,2026-09-11,14:12,516.48,516.48,516.38,516.38,449
VRTX,2026-09-11,14:13,516.27,516.65,516.135,516.385,2889
VRTX,2026-09-11,14:14,516.385,516.385,516.385,516.385,0
VRTX,2026-09-11,14:15,516.385,516.385,516.385,516.385,139
VRTX,2026-09-11,14:16,516.39,516.39,516.385,516.385,242
VRTX,2026-09-11,14:17,516.385,516.385,516.29,516.36,598
VRTX,2026-09-11,14:18,516.45,516.68,516.45,516.64,1315
VRTX,2026-09-11,14:19,516.565,516.565,516.39,516.39,1700
VRTX,2026-09-11,14:20,516.38,516.38,516.05,516.095,1083
VRTX,2026-09-11,14:21,516.35,516.35,516.32,516.35,577
VRTX,2026-09-11,14:22,516.44,516.44,516.44,516.44,250
VRTX,2026-09-11,14:23,516.49,516.58,516.49,516.55,566
VRTX,2026-09-11,14:24,516.5,516.63,516.45,516.63,1242
VRTX,2026-09-11,14:25,516.66,516.66,516.66,516.66,228
VRTX,2026-09-11,14:26,516.63,516.63,516.56,516.56,866
VRTX,2026-09-11,14:27,516.58,516.74,516.56,516.56,572
VRTX,2026-09-11,14:28,516.72,516.775,516.72,516.775,690
VRTX,2026-09-11,14:29,516.77,517.06,516.76,517.06,2885
VRTX,2026-09-11,14:30,517.47,517.47,517.16,517.16,2044
VRTX,2026-09-11,14:31,517.19,517.33,516.86,517.095,449
VRTX,2026-09-11,14:32,516.93,516.93,516.93,516.93,216
VRTX,2026-09-11,14:33,516.87,517.1,516.805,517.1,1624
VRTX,2026-09-11,14:34,517.23,517.33,517.23,517.33,345
VRTX,2026-09-11,14:35,517.31,517.31,517.31,517.31,682
VRTX,2026-09-11,14:36,517.31,517.31,517.31,517.31,0
VRTX,2026-09-11,14:37,517.31,517.31,517.08,517.14,767
VRTX,2026-09-11,14:38,516.9114,517.09,516.9114,517.09,951
VRTX,2026-09-11,14:39,517.09,517.09,517.09,517.09,0
VRTX,2026-09-11,14:40,517.13,517.215,517.13,517.215,748
VRTX,2026-09-11,14:41,517.29,517.29,517.29,517.29,232
VRTX,2026-09-11,14:42,517.29,517.43,517.15,517.15,2104
VRTX,2026-09-11,14:43,517,517,517,517,340
VRTX,2026-09-11,14:44,516.7,516.7,516.7,516.7,695
VRTX,2026-09-11,14:45,516.83,516.83,516.69,516.69,738
VRTX,2026-09-11,14:46,516.51,516.515,516.51,516.515,1143
VRTX,2026-09-11,14:47,516.545,516.545,516.545,516.545,149
VRTX,2026-09-11,14:48,516.545,516.545,516.545,516.545,754
VRTX,2026-09-11,14:49,516.545,516.545,516.545,516.545,0
VRTX,2026-09-11,14:50,516.615,516.67,516.615,516.67,914
VRTX,2026-09-11,14:51,516.705,516.705,516.705,516.705,905
VRTX,2026-09-11,14:52,516.705,516.705,516.705,516.705,0
VRTX,2026-09-11,14:53,516.475,516.475,516.475,516.475,221
VRTX,2026-09-11,14:54,516.475,516.475,516.475,516.475,503
VRTX,2026-09-11,14:54,516.475,516.475,516.475,516.475,0
VRTX,2026-09-11,14:55,516.68,516.7,516.68,516.7,656
VRTX,2026-09-11,14:56,516.531,516.92,516.531,516.92,1220
VRTX,2026-09-11,14:57,516.71,516.9699,516.551,516.655,7852
VRTX,2026-09-11,14:58,516.41,516.59,516.12,516.59,1529
VRTX,2026-09-11,14:59,516.59,516.6999,516.59,516.69,439
VRTX,2026-09-11,15:00,516.5,516.5,516.5,516.5,274
VRTX,2026-09-11,15:01,516.495,516.68,516.495,516.68,424
VRTX,2026-09-11,15:02,516.495,516.495,516.495,516.495,959
VRTX,2026-09-11,15:03,516.36,516.495,516.36,516.495,1112
VRTX,2026-09-11,15:04,516.3,516.3,516.09,516.09,916
VRTX,2026-09-11,15:05,515.93,515.93,515.59,515.59,1612
VRTX,2026-09-11,15:06,515.59,515.9,515.51,515.51,1358
VRTX,2026-09-11,15:07,515.5,515.64,515.48,515.52,1544
VRTX,2026-09-11,15:08,515.43,515.43,515.395,515.43,596
VRTX,2026-09-11,15:09,515.385,515.385,515.385,515.385,1453
VRTX,2026-09-11,15:10,515.3166,515.39,515.2378,515.2378,909
VRTX,2026-09-11,15:11,515.25,515.25,515,515,1521
VRTX,2026-09-11,15:12,515.06,515.34,515.06,515.33,2990
VRTX,2026-09-11,15:13,515.28,515.28,515.28,515.28,345
VRTX,2026-09-11,15:14,515.31,515.31,515.31,515.31,673
VRTX,2026-09-11,15:15,515.25,515.25,515.24,515.24,393
VRTX,2026-09-11,15:16,515.25,515.43,515.25,515.305,781
VRTX,2026-09-11,15:17,515.39,515.59,515.39,515.59,2139
VRTX,2026-09-11,15:18,515.6,515.875,515.6,515.825,92900
VRTX,2026-09-11,15:19,515.75,515.915,515.75,515.915,742
VRTX,2026-09-11,15:20,515.865,516.295,515.865,516.1,982
VRTX,2026-09-11,15:21,516.1,516.1,516.085,516.085,607
VRTX,2026-09-11,15:22,516.2,516.225,516.195,516.225,580
VRTX,2026-09-11,15:23,516.25,516.43,516.225,516.37,2304
VRTX,2026-09-11,15:24,516.355,516.355,516.23,516.245,1286
VRTX,2026-09-11,15:25,516.13,516.13,516.13,516.13,869
VRTX,2026-09-11,15:25,516.13,516.13,516.13,516.13,0
VRTX,2026-09-11,15:26,516.06,516.13,516.015,516.13,1007
VRTX,2026-09-11,15:27,516.22,516.37,516.22,516.3,1209
VRTX,2026-09-11,15:28,516.24,516.24,516.24,516.24,208
VRTX,2026-09-11,15:29,516.24,516.38,516.2275,516.38,956
VRTX,2026-09-11,15:30,516.255,516.5,516.255,516.49,1027
VRTX,2026-09-11,15:31,516.51,516.595,516.42,516.42,2799
VRTX,2026-09-11,15:32,516.42,516.42,516.42,516.42,0
VRTX,2026-09-11,15:33,516.475,516.61,516.475,516.48,1147
VRTX,2026-09-11,15:34,516.48,516.59,516.48,516.59,1354
VRTX,2026-09-11,15:35,516.61,516.8,516.61,516.8,1403
VRTX,2026-09-11,15:36,516.44,516.535,516.44,516.535,677
VRTX,2026-09-11,15:37,516.53,516.53,516.3633,516.3633,559
VRTX,2026-09-11,15:38,516.32,516.37,515.87,515.95,1298
VRTX,2026-09-11,15:39,515.86,515.86,515.8,515.8,652
VRTX,2026-09-11,15:40,515.985,515.985,515.7,515.7,1981
VRTX,2026-09-11,15:41,515.7,515.7,515.66,515.66,811
VRTX,2026-09-11,15:42,515.66,515.87,515.66,515.87,2469
VRTX,2026-09-11,15:43,515.87,515.91,515.87,515.91,437
VRTX,2026-09-11,15:44,515.915,515.915,515.77,515.77,1361
VRTX,2026-09-11,15:45,515.72,515.72,515.35,515.63,1623
VRTX,2026-09-11,15:46,515.81,515.81,515.37,515.64,1540
VRTX,2026-09-11,15:47,515.7,515.98,515.65,515.98,2413
VRTX,2026-09-11,15:48,515.96,516.04,515.88,515.885,2969
VRTX,2026-09-11,15:49,516.03,516.04,515.88,515.88,1787
VRTX,2026-09-11,15:50,515.72,515.91,514.42,514.995,4352
VRTX,2026-09-11,15:51,515.11,515.14,514.985,514.985,2506
VRTX,2026-09-11,15:52,515.17,515.285,514.91,515.02,3753
VRTX,2026-09-11,15:53,515.14,515.575,515.09,515.31,6623
VRTX,2026-09-11,15:54,515.32,516.02,515.215,515.375,8750
VRTX,2026-09-11,15:55,514.86,515.58,514.8,515.41,10429
VRTX,2026-09-11,15:56,515.54,515.825,515.4,515.72,7561
VRTX,2026-09-11,15:57,515.72,515.82,515.6,515.63,7319
VRTX,2026-09-11,15:58,515.63,515.83,515.5,515.71,10395
VRTX,2026-09-11,15:59,515.62,515.83,515.43,515.63,23293
VRTX,2026-09-11,16:00,515.44,515.44,515.44,515.44,0
VRTX,2026-09-14,09:30,520.86,524.99,520.86,522.325,26577
VRTX,2026-09-14,09:31,522.315,522.315,522.045,522.045,1257
VRTX,2026-09-14,09:32,522.045,524,522.045,522.5,1737
VRTX,2026-09-14,09:33,522.79,525.29,522.79,525.29,1097
VRTX,2026-09-14,09:34,523.69,523.695,522.02,522.665,1902
VRTX,2026-09-14,09:35,522.43,523.77,521.395,523.77,1783
VRTX,2026-09-14,09:36,522.5982,524.12,522.5982,523.525,626
VRTX,2026-09-14,09:37,523.515,523.515,520.01,520.01,813
VRTX,2026-09-14,09:38,521.1,521.1,521.1,521.1,661
VRTX,2026-09-14,09:39,521.1,521.1,521.1,521.1,0
VRTX,2026-09-14,09:40,521.045,521.045,520.15,520.995,800
VRTX,2026-09-14,09:41,520.02,520.7535,518.32,518.82,1715
VRTX,2026-09-14,09:42,518.32,519.54,517.6973,519.32,1907
VRTX,2026-09-14,09:43,519.79,519.79,517.91,518.12,1556
VRTX,2026-09-14,09:44,518.0525,518.405,517.92,517.92,700
VRTX,2026-09-14,09:45,517.82,517.8375,517.755,517.755,552
VRTX,2026-09-14,09:46,518.29,518.29,517,517.29,803
VRTX,2026-09-14,09:47,517.65,517.68,517.65,517.68,510
VRTX,2026-09-14,09:48,518.31,518.31,517.2014,517.7375,2520
VRTX,2026-09-14,09:49,517.43,517.852,517.2,517.565,2162
VRTX,2026-09-14,09:50,517.21,517.22,516.8267,516.8267,1298
VRTX,2026-09-14,09:51,516.975,518.3,516.975,518.3,2704
VRTX,2026-09-14,09:52,518.48,518.62,517.87,518.02,2270
VRTX,2026-09-14,09:53,518.015,518.0175,518.005,518.005,604
VRTX,2026-09-14,09:54,518,518,517.42,517.42,945
VRTX,2026-09-14,09:55,518.1,518.1,517.06,517.56,7085
VRTX,2026-09-14,09:56,517.56,517.56,517.56,517.56,0
VRTX,2026-09-14,09:57,517.54,517.54,516.42,516.42,796
VRTX,2026-09-14,09:58,517.08,517.08,516.1,516.315,1084
VRTX,2026-09-14,09:59,516.1175,516.2128,516.08,516.15,1013
VRTX,2026-09-14,10:00,516.36,516.53,516.12,516.3444,2041
VRTX,2026-09-14,10:01,516.31,516.31,515.47,515.715,2026
VRTX,2026-09-14,10:02,516.13,516.83,516.13,516.83,3985
VRTX,2026-09-14,10:03,516.85,517.48,516.4,516.54,4663
VRTX,2026-09-14,10:04,516.84,516.84,515.5101,516.02,533
VRTX,2026-09-14,10:05,516.59,517.3643,516.59,516.755,2882
VRTX,2026-09-14,10:06,516.09,516.09,516.09,516.09,468
VRTX,2026-09-14,10:07,515.625,515.86,515.625,515.86,480
VRTX,2026-09-14,10:08,515.45,516.12,515.45,515.85,2484
VRTX,2026-09-14,10:09,515.93,516.1554,515.37,515.505,2942
VRTX,2026-09-14,10:10,515.4975,515.98,515.2707,515.98,764
VRTX,2026-09-14,10:11,516.41,516.42,516.003,516.003,1535
VRTX,2026-09-14,10:12,516.02,516.025,515.645,515.9,780
VRTX,2026-09-14,10:13,515.89,516.12,515.663,515.663,850
VRTX,2026-09-14,10:14,515.935,515.935,515.935,515.935,211
VRTX,2026-09-14,10:15,515.95,515.95,515.95,515.95,698
VRTX,2026-09-14,10:16,515.505,515.505,515.5,515.5,406
VRTX,2026-09-14,10:17,515.5,515.5,515.5,515.5,0
VRTX,2026-09-14,10:18,515.45,515.45,514.655,515.305,4075
VRTX,2026-09-14,10:19,515.305,515.425,515.08,515.425,1259
VRTX,2026-09-14,10:20,515.42,515.42,515.375,515.375,847
VRTX,2026-09-14,10:21,515.59,515.96,515.59,515.93,2498
VRTX,2026-09-14,10:22,515.93,515.93,515.16,515.16,771
VRTX,2026-09-14,10:23,516.06,516.13,515.94,515.94,437
VRTX,2026-09-14,10:24,515.485,515.96,515.485,515.96,592
VRTX,2026-09-14,10:25,515.375,515.375,515.375,515.375,708
VRTX,2026-09-14,10:26,515.375,515.375,515.375,515.375,0
VRTX,2026-09-14,10:27,515.26,515.28,515.195,515.195,1350
VRTX,2026-09-14,10:28,515.195,515.195,515.195,515.195,0
VRTX,2026-09-14,10:29,515.22,516.16,515.22,516.16,3364
VRTX,2026-09-14,10:30,515.92,516.35,515.81,516.155,4203
VRTX,2026-09-14,10:31,516.09,516.09,515.6,515.6,664
VRTX,2026-09-14,10:32,515.385,515.385,515.035,515.035,657
VRTX,2026-09-14,10:33,515.035,515.975,515.035,515.47,1524
VRTX,2026-09-14,10:34,515.675,516.31,515.675,516.155,766
VRTX,2026-09-14,10:35,516.37,516.5,515.96,516.5,710
VRTX,2026-09-14,10:36,516.79,516.97,516.5818,516.5818,865
VRTX,2026-09-14,10:37,516.785,516.785,516.785,516.785,527
VRTX,2026-09-14,10:38,516.2179,516.6,516.2179,516.535,1561
VRTX,2026-09-14,10:39,515.75,516.14,515.75,516.14,708
VRTX,2026-09-14,10:40,516.03,516.23,515.855,515.855,2530
VRTX,2026-09-14,10:41,515.855,516.37,515.855,516.255,802
VRTX,2026-09-14,10:42,516.22,516.22,516.22,516.22,253
VRTX,2026-09-14,10:43,516,516.31,516,516,1096
VRTX,2026-09-14,10:44,516.095,516.54,516.09,516.53,2017
VRTX,2026-09-14,10:45,516.415,516.644,516.346,516.346,555
VRTX,2026-09-14,10:46,516.67,516.93,516.67,516.93,1301
VRTX,2026-09-14,10:47,516.24,516.59,516.24,516.57,489
VRTX,2026-09-14,10:48,516.528,516.93,516.528,516.93,438
VRTX,2026-09-14,10:49,517.0699,517.34,516.9925,517.34,1218
VRTX,2026-09-14,10:50,517.1929,517.56,517.1929,517.31,889
VRTX,2026-09-14,10:51,517.26,517.32,517.26,517.32,410
VRTX,2026-09-14,10:52,517.559,517.559,517.559,517.559,289
VRTX,2026-09-14,10:53,517.56,517.67,517.32,517.417,3713
VRTX,2026-09-14,10:54,517.417,517.417,517.417,517.417,0
VRTX,2026-09-14,10:55,517.45,517.52,517.34,517.52,1438
VRTX,2026-09-14,10:56,517.36,517.36,517.36,517.36,197
VRTX,2026-09-14,10:57,517.52,517.74,517.52,517.74,852
VRTX,2026-09-14,10:58,517.7,517.89,517.7,517.89,820
VRTX,2026-09-14,10:59,517.785,517.98,517.785,517.98,496
VRTX,2026-09-14,11:00,517.77,517.77,517.57,517.57,510
VRTX,2026-09-14,11:01,517.55,517.705,517.36,517.48,1606
VRTX,2026-09-14,11:02,517.11,517.48,517.11,517.45,500
VRTX,2026-09-14,11:03,517.68,517.87,517.68,517.87,788
VRTX,2026-09-14,11:04,517.715,518.05,517.68,518.05,1659
VRTX,2026-09-14,11:05,518.1,518.55,517.9325,518.095,3674
VRTX,2026-09-14,11:06,518.3,518.33,518.0675,518.14,1829
VRTX,2026-09-14,11:07,518.18,518.18,517.9975,517.9975,1027
VRTX,2026-09-14,11:08,518.02,518.02,518.02,518.02,377
VRTX,2026-09-14,11:09,518.27,519.2,518.27,518.96,1270
VRTX,2026-09-14,11:10,518.8604,518.8604,518.69,518.835,848
VRTX,2026-09-14,11:11,519.09,519.09,518.59,518.59,799
VRTX,2026-09-14,11:12,518.54,518.6599,518.52,518.6599,379
VRTX,2026-09-14,11:13,518.46,518.46,518.46,518.46,257
VRTX,2026-09-14,11:14,518.36,518.36,518.205,518.205,1936
VRTX,2026-09-14,11:15,517.965,518.06,517.96,517.96,878
VRTX,2026-09-14,11:16,517.77,518.43,517.705,518.43,2169
VRTX,2026-09-14,11:17,518.27,518.3525,518.1914,518.1914,675
VRTX,2026-09-14,11:18,518.3475,518.3475,518.3475,518.3475,157
VRTX,2026-09-14,11:19,518.35,518.355,518.35,518.355,463
VRTX,2026-09-14,11:20,518.69,518.73,518.5375,518.5375,807
VRTX,2026-09-14,11:21,518.57,518.57,518.57,518.57,162
VRTX,2026-09-14,11:22,518.57,518.8,518.57,518.635,497
VRTX,2026-09-14,11:23,518.615,518.615,518.58,518.58,390
VRTX,2026-09-14,11:24,518.585,518.585,518.585,518.585,470
VRTX,2026-09-14,11:25,518.58,518.75,518.58,518.58,819
VRTX,2026-09-14,11:26,518.57,518.57,518.57,518.57,289
VRTX,2026-09-14,11:27,518.57,518.57,518.57,518.57,0
VRTX,2026-09-14,11:28,518.82,518.85,518.7,518.7,1725
VRTX,2026-09-14,11:29,518.7,518.7,518.7,518.7,0
VRTX,2026-09-14,11:30,518.69,518.7,518.61,518.61,1207
VRTX,2026-09-14,11:31,518.61,518.61,518.61,518.61,0
VRTX,2026-09-14,11:32,518.52,518.53,518.255,518.42,2675
VRTX,2026-09-14,11:33,518.74,519.26,518.62,519.26,2172
VRTX,2026-09-14,11:34,519.035,519.035,519.0325,519.0325,417
VRTX,2026-09-14,11:35,519.04,519.04,519.04,519.04,259
VRTX,2026-09-14,11:36,519.005,519.005,519.005,519.005,238
VRTX,2026-09-14,11:37,518.97,519.52,518.97,519.52,358
VRTX,2026-09-14,11:38,519.18,519.42,518.8196,519.38,712
VRTX,2026-09-14,11:39,519.09,519.34,519.09,519.26,1082
VRTX,2026-09-14,11:40,519.075,519.32,519.075,519.075,273
VRTX,2026-09-14,11:41,518.58,518.76,518.53,518.76,927
VRTX,2026-09-14,11:42,518.74,518.74,518.74,518.74,256
VRTX,2026-09-14,11:43,519.44,519.57,519.44,519.57,636
VRTX,2026-09-14,11:44,519.91,520,519.78,519.999,1424
VRTX,2026-09-14,11:45,519.81,519.81,519.81,519.81,601
VRTX,2026-09-14,11:46,519.77,519.89,519.77,519.89,370
VRTX,2026-09-14,11:47,519.95,519.99,519.58,519.58,938
VRTX,2026-09-14,11:48,519.38,519.528,519.38,519.528,1152
VRTX,2026-09-14,11:49,519.415,519.46,519.415,519.46,894
VRTX,2026-09-14,11:50,519.46,519.46,519.46,519.46,0
VRTX,2026-09-14,11:51,519.66,519.77,519.66,519.68,1242
VRTX,2026-09-14,11:52,519.66,519.66,519.54,519.54,887
VRTX,2026-09-14,11:53,519.475,519.79,519.475,519.78,1299
VRTX,2026-09-14,11:54,519.95,520.26,519.95,520.18,3635
VRTX,2026-09-14,11:55,520.18,520.18,520.18,520.18,0
VRTX,2026-09-14,11:56,520.18,520.18,520.18,520.18,0
VRTX,2026-09-14,11:57,520.18,520.18,520.18,520.18,0
VRTX,2026-09-14,11:58,519.54,519.54,519.54,519.54,145
VRTX,2026-09-14,11:59,519.54,519.63,519.35,519.35,1154
VRTX,2026-09-14,12:00,519.27,519.27,519.05,519.05,854
VRTX,2026-09-14,12:01,519.06,519.06,518.78,518.78,1511
VRTX,2026-09-14,12:02,518.745,518.745,518.745,518.745,638
VRTX,2026-09-14,12:03,518.745,518.745,518.745,518.745,0
VRTX,2026-09-14,12:04,518.72,518.82,518.56,518.56,1577
VRTX,2026-09-14,12:05,518.715,519.27,518.705,519.195,3133
VRTX,2026-09-14,12:06,519.39,519.42,518.77,518.77,1484
VRTX,2026-09-14,12:07,519.12,519.16,519.12,519.16,711
VRTX,2026-09-14,12:08,519.16,519.16,519.16,519.16,0
VRTX,2026-09-14,12:09,518.9225,519.015,518.9225,519.015,1094
VRTX,2026-09-14,12:10,519.27,519.31,519.1,519.12,1403
VRTX,2026-09-14,12:11,519.13,519.13,519.13,519.13,433
VRTX,2026-09-14,12:12,519.145,519.15,519.105,519.105,1344
VRTX,2026-09-14,12:13,519.105,519.105,519.105,519.105,0
VRTX,2026-09-14,12:14,519.23,519.45,519.2272,519.36,1700
VRTX,2026-09-14,12:15,519.29,519.44,519.2075,519.39,1006
VRTX,2026-09-14,12:16,519.195,519.45,519.195,519.45,945
VRTX,2026-09-14,12:17,519.47,519.47,519.31,519.31,1360
VRTX,2026-09-14,12:18,519.49,519.49,519.49,519.49,144
VRTX,2026-09-14,12:19,519.55,519.72,519.55,519.72,1263
VRTX,2026-09-14,12:20,519.72,519.72,519.72,519.72,0
VRTX,2026-09-14,12:21,519.5506,519.59,519.5506,519.59,700
VRTX,2026-09-14,12:22,519.78,519.78,519.78,519.78,682
VRTX,2026-09-14,12:23,519.52,519.525,519.4,519.44,876
VRTX,2026-09-14,12:24,519.65,519.65,519.65,519.65,1477
VRTX,2026-09-14,12:25,519.65,519.65,519.65,519.65,0
VRTX,2026-09-14,12:26,519.5071,519.52,519.435,519.52,640
VRTX,2026-09-14,12:27,519.4425,519.4425,519.4425,519.4425,1127
VRTX,2026-09-14,12:28,519.4425,519.4425,519.4425,519.4425,0
VRTX,2026-09-14,12:29,519.1086,519.1086,519.1086,519.1086,217
VRTX,2026-09-14,12:30,519.135,519.155,519.135,519.155,288
VRTX,2026-09-14,12:31,519.34,519.39,519.215,519.215,2060
VRTX,2026-09-14,12:32,519.215,519.215,519.215,519.215,0
VRTX,2026-09-14,12:33,519.145,519.145,519.085,519.085,277
VRTX,2026-09-14,12:34,518.995,518.995,518.88,518.88,521
VRTX,2026-09-14,12:35,518.825,518.825,518.745,518.745,661
VRTX,2026-09-14,12:36,518.7025,518.7025,518.675,518.675,659
VRTX,2026-09-14,12:37,518.48,518.51,518.48,518.51,263
VRTX,2026-09-14,12:38,518.48,518.51,518.48,518.48,201
VRTX,2026-09-14,12:39,518.47,518.66,518.1675,518.43,1606
VRTX,2026-09-14,12:40,518.44,518.81,518.34,518.655,2024
VRTX,2026-09-14,12:41,518.67,519.02,518.6525,519.02,1771
VRTX,2026-09-14,12:42,518.865,518.865,518.865,518.865,289
VRTX,2026-09-14,12:43,518.79,518.79,518.79,518.79,182
VRTX,2026-09-14,12:44,518.79,518.79,518.79,518.79,0
VRTX,2026-09-14,12:45,518.865,518.865,518.69,518.69,605
VRTX,2026-09-14,12:46,519.04,519.3,519.04,519.295,1900
VRTX,2026-09-14,12:47,519.43,519.53,519.18,519.18,2360
VRTX,2026-09-14,12:48,519.4,519.7,519.25,519.615,1144
VRTX,2026-09-14,12:49,519.785,519.91,519.595,519.595,1115
VRTX,2026-09-14,12:50,519.61,519.61,519.61,519.61,368
VRTX,2026-09-14,12:51,519.61,519.61,519.61,519.61,0
VRTX,2026-09-14,12:52,519.51,519.515,519.51,519.51,836
VRTX,2026-09-14,12:53,519.51,519.51,519.51,519.51,0
VRTX,2026-09-14,12:54,519.5,519.585,519.49,519.585,1090
VRTX,2026-09-14,12:55,519.6,519.6,519.31,519.31,444
VRTX,2026-09-14,12:56,519.3,519.3,519.28,519.3,983
VRTX,2026-09-14,12:57,519.3,519.3,519.3,519.3,0
VRTX,2026-09-14,12:58,518.81,519,518.81,519,795
VRTX,2026-09-14,12:59,519,519,519,519,0
VRTX,2026-09-14,13:00,518.84,519.08,518.835,518.835,1102
VRTX,2026-09-14,13:01,518.835,518.835,518.835,518.835,0
VRTX,2026-09-14,13:02,518.655,518.655,518.655,518.655,506
VRTX,2026-09-14,13:03,518.51,518.635,518.37,518.635,844
VRTX,2026-09-14,13:04,518.37,518.37,518.37,518.37,408
VRTX,2026-09-14,13:05,518.36,518.5,518.17,518.5,1397
VRTX,2026-09-14,13:06,518.48,518.58,518.48,518.535,1525
VRTX,2026-09-14,13:07,518.535,518.535,518.535,518.535,0
VRTX,2026-09-14,13:08,518.5,518.51,518.5,518.51,730
VRTX,2026-09-14,13:09,518.59,518.88,518.3001,518.865,3317
VRTX,2026-09-14,13:10,518.8625,518.8625,518.8625,518.8625,316
VRTX,2026-09-14,13:11,518.98,519.21,518.98,519.15,1608
VRTX,2026-09-14,13:12,519.2,519.2,519.2,519.2,125
VRTX,2026-09-14,13:13,519.19,519.31,519.15,519.15,467
VRTX,2026-09-14,13:14,519.15,519.15,519.15,519.15,0
VRTX,2026-09-14,13:15,519.26,519.26,519.26,519.26,179
VRTX,2026-09-14,13:16,519.235,519.235,519.235,519.235,1217
VRTX,2026-09-14,13:17,519.235,519.235,519.235,519.235,0
VRTX,2026-09-14,13:18,519.235,519.235,519.235,519.235,0
VRTX,2026-09-14,13:19,519.07,519.07,518.41,518.69,4607
VRTX,2026-09-14,13:20,518.675,518.68,518.675,518.68,1155
VRTX,2026-09-14,13:21,518.68,518.68,518.315,518.315,872
VRTX,2026-09-14,13:22,518.37,518.415,518.37,518.415,174
VRTX,2026-09-14,13:23,518.415,518.415,518.415,518.415,576
VRTX,2026-09-14,13:24,518.415,518.415,518.415,518.415,0
VRTX,2026-09-14,13:25,518.39,518.39,518.39,518.39,615
VRTX,2026-09-14,13:26,518.39,518.39,518.39,518.39,0
VRTX,2026-09-14,13:27,518.08,518.39,518.08,518.39,159
VRTX,2026-09-14,13:28,518.23,518.23,518.23,518.23,128
VRTX,2026-09-14,13:29,518.4225,518.4225,518.365,518.365,423
VRTX,2026-09-14,13:30,518.45,518.77,518.45,518.77,2000
VRTX,2026-09-14,13:31,518.86,519,518.6701,518.91,1794
VRTX,2026-09-14,13:32,518.91,518.91,518.8,518.82,990
VRTX,2026-09-14,13:33,518.76,518.76,518.465,518.465,9359
VRTX,2026-09-14,13:34,518.2629,518.36,518.2629,518.36,184
VRTX,2026-09-14,13:35,518.73,518.79,518.73,518.7325,972
VRTX,2026-09-14,13:36,518.765,518.765,518.765,518.765,121
VRTX,2026-09-14,13:37,518.76,519.16,518.76,519.16,1328
VRTX,2026-09-14,13:38,519.07,519.3299,519.07,519.3299,215
VRTX,2026-09-14,13:39,519.3048,519.3048,519.3048,519.3048,249
VRTX,2026-09-14,13:40,519.02,519.02,519.02,519.02,167
VRTX,2026-09-14,13:41,519.134,519.33,519.134,519.33,275
VRTX,2026-09-14,13:42,519.33,519.33,519.33,519.33,229
VRTX,2026-09-14,13:43,519.33,519.74,519.33,519.74,3118
VRTX,2026-09-14,13:44,519.615,519.9,519.615,519.62,881
VRTX,2026-09-14,13:45,519.715,519.715,519.715,519.715,316
VRTX,2026-09-14,13:46,519.49,519.49,519.49,519.49,191
VRTX,2026-09-14,13:47,519.63,519.63,519.63,519.63,435
VRTX,2026-09-14,13:48,519.63,519.63,519.63,519.63,0
VRTX,2026-09-14,13:49,519.69,519.69,519.69,519.69,169
VRTX,2026-09-14,13:50,519.47,519.47,519.465,519.465,730
VRTX,2026-09-14,13:51,519.465,519.465,519.465,519.465,0
VRTX,2026-09-14,13:52,519.62,519.62,519.08,519.3,1655
VRTX,2026-09-14,13:53,519.16,519.16,519.16,519.16,120
VRTX,2026-09-14,13:54,519.295,519.295,519.225,519.28,776
VRTX,2026-09-14,13:55,519.28,519.28,519.28,519.28,0
VRTX,2026-09-14,13:56,519.21,519.21,519.0505,519.0505,328
VRTX,2026-09-14,13:57,519.21,519.35,519.07,519.21,1203
VRTX,2026-09-14,13:58,519.21,519.265,518.75,518.91,3088
VRTX,2026-09-14,13:59,519.06,519.48,518.975,519.48,2318
VRTX,2026-09-14,14:00,519.52,519.52,519.52,519.52,385
VRTX,2026-09-14,14:01,519.52,519.52,519.52,519.52,0
VRTX,2026-09-14,14:02,519.325,519.325,519.325,519.325,172
VRTX,2026-09-14,14:03,519.315,519.315,519.02,519.02,2643
VRTX,2026-09-14,14:04,519.27,519.27,519.27,519.27,241
VRTX,2026-09-14,14:05,519.285,519.285,519.28,519.28,766
VRTX,2026-09-14,14:06,519.28,519.28,519.28,519.28,0
VRTX,2026-09-14,14:07,518.87,518.87,518.87,518.87,180
VRTX,2026-09-14,14:08,519.075,519.075,519.075,519.075,503
VRTX,2026-09-14,14:09,519.075,519.075,519.075,519.075,0
VRTX,2026-09-14,14:10,518.69,518.9475,518.69,518.75,3923
VRTX,2026-09-14,14:11,518.75,518.75,518.75,518.75,0
VRTX,2026-09-14,14:12,518.9,519.23,518.9,519.15,1813
VRTX,2026-09-14,14:13,519.25,519.29,519.07,519.07,723
VRTX,2026-09-14,14:14,518.96,519.24,518.955,519,1157
VRTX,2026-09-14,14:15,518.955,518.96,518.945,518.945,338
VRTX,2026-09-14,14:16,518.9575,518.9575,518.9575,518.9575,297
VRTX,2026-09-14,14:17,518.94,518.94,518.68,518.68,191
VRTX,2026-09-14,14:18,518.93,518.935,518.92,518.92,632
VRTX,2026-09-14,14:19,518.895,518.895,518.895,518.895,119
VRTX,2026-09-14,14:20,518.88,519.11,518.865,518.865,409
VRTX,2026-09-14,14:21,519.09,519.09,518.865,518.865,552
VRTX,2026-09-14,14:22,519.08,519.08,519.08,519.08,73
VRTX,2026-09-14,14:23,518.93,518.98,518.26,518.26,2350
VRTX,2026-09-14,14:24,518.24,518.24,518.24,518.24,108
VRTX,2026-09-14,14:25,518.375,518.43,518.375,518.375,496
VRTX,2026-09-14,14:26,518.6,518.6,518.6,518.6,150
VRTX,2026-09-14,14:27,518.38,518.64,518.1401,518.395,1196
VRTX,2026-09-14,14:28,518.395,518.76,518.395,518.64,812
VRTX,2026-09-14,14:29,518.635,518.635,518.635,518.635,386
VRTX,2026-09-14,14:30,518.76,518.76,518.76,518.76,434
VRTX,2026-09-14,14:31,518.77,518.77,518.525,518.525,3953
VRTX,2026-09-14,14:32,518.78,518.83,518.78,518.81,2122
VRTX,2026-09-14,14:33,518.91,518.91,518.87,518.91,573
VRTX,2026-09-14,14:34,518.97,519.135,518.96,519.135,868
VRTX,2026-09-14,14:35,519.35,519.5,519.35,519.35,1109
VRTX,2026-09-14,14:36,519.72,519.72,519.72,519.72,610
VRTX,2026-09-14,14:37,519.72,519.72,519.72,519.72,0
VRTX,2026-09-14,14:38,519.515,519.515,519.515,519.515,367
VRTX,2026-09-14,14:39,519.63,519.66,519.63,519.64,791
VRTX,2026-09-14,14:40,519.495,519.495,519.495,519.495,555
VRTX,2026-09-14,14:41,519.67,519.67,519.48,519.48,307
VRTX,2026-09-14,14:42,519.67,519.67,519.54,519.54,157
VRTX,2026-09-14,14:43,519.68,519.73,519.505,519.505,1457
VRTX,2026-09-14,14:44,519.61,519.61,519.61,519.61,70
VRTX,2026-09-14,14:45,519.505,519.69,519.4,519.545,1086
VRTX,2026-09-14,14:46,519.7,519.7,519.515,519.515,785
VRTX,2026-09-14,14:47,519.65,519.7,519.555,519.7,447
VRTX,2026-09-14,14:48,519.555,519.555,519.555,519.555,309
VRTX,2026-09-14,14:49,519.555,519.84,519.555,519.84,3284
VRTX,2026-09-14,14:50,519.89,519.89,519.68,519.68,985
VRTX,2026-09-14,14:51,519.69,519.69,519.42,519.685,1481
VRTX,2026-09-14,14:52,519.685,519.685,519.685,519.685,0
VRTX,2026-09-14,14:53,519.79,519.84,519.695,519.695,539
VRTX,2026-09-14,14:54,519.695,519.695,519.695,519.695,0
VRTX,2026-09-14,14:55,519.46,519.55,519.44,519.55,757
VRTX,2026-09-14,14:56,519.55,519.68,519.55,519.68,338
VRTX,2026-09-14,14:57,519.585,519.69,519.55,519.55,412
VRTX,2026-09-14,14:58,519.55,519.55,519.55,519.55,630
VRTX,2026-09-14,14:59,519.54,519.55,519.54,519.54,1063
VRTX,2026-09-14,15:00,519.42,519.4899,519.39,519.39,1517
VRTX,2026-09-14,15:01,519.3,519.3,519.3,519.3,759
VRTX,2026-09-14,15:02,519.225,519.225,519.13,519.145,1586
VRTX,2026-09-14,15:03,519.17,519.17,518.99,518.99,746
VRTX,2026-09-14,15:04,518.905,518.985,518.905,518.98,753
VRTX,2026-09-14,15:05,518.82,518.84,518.82,518.84,982
VRTX,2026-09-14,15:06,518.84,518.84,518.84,518.84,0
VRTX,2026-09-14,15:07,518.63,518.785,518.53,518.53,1642
VRTX,2026-09-14,15:08,518.555,518.555,518.475,518.475,467
VRTX,2026-09-14,15:09,518.46,518.5458,518.46,518.47,469
VRTX,2026-09-14,15:10,518.58,518.72,518.58,518.72,440
VRTX,2026-09-14,15:11,518.67,518.68,518.66,518.66,987
VRTX,2026-09-14,15:12,518.64,518.74,518.64,518.64,248
VRTX,2026-09-14,15:13,518.78,519.0175,518.66,518.835,8649
VRTX,2026-09-14,15:14,518.835,518.835,518.835,518.835,0
VRTX,2026-09-14,15:15,519.09,519.305,519.09,519.305,993
VRTX,2026-09-14,15:16,519.43,519.43,519.12,519.12,2344
VRTX,2026-09-14,15:17,518.95,518.97,518.915,518.915,1576
VRTX,2026-09-14,15:18,519.06,519.22,518.86,519.16,2825
VRTX,2026-09-14,15:19,519.035,519.045,519.035,519.045,868
VRTX,2026-09-14,15:20,519.045,519.045,519.045,519.045,0
VRTX,2026-09-14,15:21,519.03,519.36,519.03,519.085,1187
VRTX,2026-09-14,15:22,519.095,519.095,519.095,519.095,71
VRTX,2026-09-14,15:23,519.29,519.29,519.04,519.15,2425
VRTX,2026-09-14,15:24,519.18,519.18,519.175,519.175,747
VRTX,2026-09-14,15:25,518.92,518.92,518.915,518.915,995
VRTX,2026-09-14,15:26,518.74,518.74,518.55,518.55,2451
VRTX,2026-09-14,15:27,518.55,518.67,518.54,518.54,2287
VRTX,2026-09-14,15:28,518.64,518.64,518.64,518.64,1517
VRTX,2026-09-14,15:29,518.64,518.64,518.64,518.64,174
VRTX,2026-09-14,15:30,518.685,519.83,518.35,519.83,29295
VRTX,2026-09-14,15:31,519.91,520.08,519.49,519.65,3834
VRTX,2026-09-14,15:32,519.65,519.65,519.65,519.65,401
VRTX,2026-09-14,15:33,519.655,519.96,519.655,519.855,862
VRTX,2026-09-14,15:34,519.855,519.89,519.855,519.855,1145
VRTX,2026-09-14,15:35,520.08,520.35,520.08,520.21,1620
VRTX,2026-09-14,15:36,520.21,520.21,520.21,520.21,0
VRTX,2026-09-14,15:37,519.98,520.23,519.96,520.01,2078
VRTX,2026-09-14,15:38,520.16,520.21,520.01,520.1125,937
VRTX,2026-09-14,15:39,520.005,520.005,518.7001,518.755,18649
VRTX,2026-09-14,15:40,518.68,518.91,518.64,518.83,1513
VRTX,2026-09-14,15:41,518.57,518.68,518.45,518.68,1701
VRTX,2026-09-14,15:42,518.69,519.06,518.68,519.06,7152
VRTX,2026-09-14,15:43,519.15,519.33,518.72,518.83,3120
VRTX,2026-09-14,15:44,518.845,519.14,518.845,519.14,569
VRTX,2026-09-14,15:45,518.985,519.73,518.985,519.47,8251
VRTX,2026-09-14,15:46,519.405,519.405,519.405,519.405,160
VRTX,2026-09-14,15:47,519.425,519.62,519.425,519.62,871
VRTX,2026-09-14,15:48,519.7,519.83,519.5,519.5,2181
VRTX,2026-09-14,15:49,519.495,519.68,519.495,519.665,1660
VRTX,2026-09-14,15:50,519.57,519.74,519.365,519.635,6182
VRTX,2026-09-14,15:51,519.725,519.89,519.49,519.665,2972
VRTX,2026-09-14,15:52,519.66,519.66,519.37,519.48,1584
VRTX,2026-09-14,15:53,519.48,519.67,519.0701,519.515,5751
VRTX,2026-09-14,15:54,519.75,519.75,519,519.23,6959
VRTX,2026-09-14,15:55,519.41,520.86,519.41,520.66,9085
VRTX,2026-09-14,15:56,520.53,520.61,520.18,520.1975,8030
VRTX,2026-09-14,15:57,520.29,520.3,519.615,519.71,9007
VRTX,2026-09-14,15:58,519.7,519.959,519.55,519.585,17658
VRTX,2026-09-14,15:59,519.66,519.94,519.42,519.66,28717
VRTX,2026-09-15,09:30,519.8,519.94,517.425,517.425,11177
VRTX,2026-09-15,09:31,517.425,517.425,516.55,517.105,1098
VRTX,2026-09-15,09:32,517.105,517.105,514.23,514.23,1512
VRTX,2026-09-15,09:33,514.23,514.26,514.04,514.26,468
VRTX,2026-09-15,09:34,514.41,517.31,514.41,517.2671,1071
VRTX,2026-09-15,09:35,515.445,515.445,515.44,515.44,745
VRTX,2026-09-15,09:36,517.309,517.309,515.44,515.44,415
VRTX,2026-09-15,09:37,515.44,515.445,515.44,515.445,2378
VRTX,2026-09-15,09:38,513.84,513.84,513.84,513.84,339
VRTX,2026-09-15,09:39,514.3,514.3,513.1107,513.93,751
VRTX,2026-09-15,09:40,514.8,515.47,514.24,515.47,1021
VRTX,2026-09-15,09:41,514.93,514.93,514.93,514.93,1293
VRTX,2026-09-15,09:42,514.93,514.93,514.93,514.93,0
VRTX,2026-09-15,09:43,513.725,513.75,513.725,513.73,1031
VRTX,2026-09-15,09:44,513.77,513.77,513.77,513.77,128
VRTX,2026-09-15,09:45,513.745,514.42,513.73,513.746,787
VRTX,2026-09-15,09:46,513.57,513.575,512.65,512.65,3428
VRTX,2026-09-15,09:47,512.17,512.17,511.84,512.135,816
VRTX,2026-09-15,09:48,512.54,512.54,512.04,512.04,372
VRTX,2026-09-15,09:49,512.05,512.9,512.05,512.435,3378
VRTX,2026-09-15,09:50,512.11,512.3,511.84,512,4100
VRTX,2026-09-15,09:51,511.68,512.13,511.1451,512.08,1771
VRTX,2026-09-15,09:52,511.001,511.82,511.001,511.72,1195
VRTX,2026-09-15,09:53,511.8016,512.13,511.625,511.92,3103
VRTX,2026-09-15,09:54,511.64,512.245,511.64,512.245,758
VRTX,2026-09-15,09:55,512.405,512.405,512.405,512.405,509
VRTX,2026-09-15,09:56,512.69,512.69,512.69,512.69,143
VRTX,2026-09-15,09:57,512.75,512.75,512.665,512.665,303
VRTX,2026-09-15,09:58,512.07,512.075,511.945,512.07,592
VRTX,2026-09-15,09:59,511.8475,511.8475,511.32,511.38,1067
VRTX,2026-09-15,10:00,511.32,512.43,511.315,512.38,5887
VRTX,2026-09-15,10:01,512.01,512.01,511.74,511.78,1031
VRTX,2026-09-15,10:02,511.805,512.14,511.47,512.14,1105
VRTX,2026-09-15,10:03,512.09,512.09,511.88,511.88,1148
VRTX,2026-09-15,10:04,511.91,511.91,511.83,511.85,1774
VRTX,2026-09-15,10:05,512.39,512.43,512.39,512.39,410
VRTX,2026-09-15,10:06,512.35,512.74,511.985,511.985,1058
VRTX,2026-09-15,10:07,512.66,512.84,512.625,512.745,321
VRTX,2026-09-15,10:08,512.75,513.01,512.6431,512.785,1035
VRTX,2026-09-15,10:09,512.785,512.785,512.785,512.785,0
VRTX,2026-09-15,10:10,512.6993,512.71,512.46,512.64,897
VRTX,2026-09-15,10:11,512.64,512.64,512.6,512.6,460
VRTX,2026-09-15,10:12,512.5798,512.635,512.37,512.37,1134
VRTX,2026-09-15,10:13,511.5801,512.15,511.5801,512.04,443
VRTX,2026-09-15,10:14,512.155,512.155,512.15,512.15,586
VRTX,2026-09-15,10:15,512.17,512.19,511.7001,512.19,908
VRTX,2026-09-15,10:16,512.22,512.22,511.72,511.72,430
VRTX,2026-09-15,10:17,512.22,512.22,512.12,512.215,421
VRTX,2026-09-15,10:18,512.215,512.315,511.88,511.975,1153
VRTX,2026-09-15,10:19,511.975,511.975,511.975,511.975,0
VRTX,2026-09-15,10:20,511.985,512.38,511.985,512.38,1095
VRTX,2026-09-15,10:21,512.38,512.38,512.38,512.38,0
VRTX,2026-09-15,10:22,512.4,512.92,512.4,512.92,872
VRTX,2026-09-15,10:23,512.425,512.98,512.425,512.84,1748
VRTX,2026-09-15,10:24,512.99,513.0999,512.99,513.0999,713
VRTX,2026-09-15,10:25,512.8,512.8,512.8,512.8,450
VRTX,2026-09-15,10:26,513,513.109,513,513.109,301
VRTX,2026-09-15,10:27,513.11,513.56,513.11,513.35,2235
VRTX,2026-09-15,10:28,513.24,513.255,513.24,513.255,158
VRTX,2026-09-15,10:29,513.26,513.26,513.26,513.26,450
VRTX,2026-09-15,10:30,513.495,513.565,513.495,513.565,920
VRTX,2026-09-15,10:31,513.61,513.79,513.52,513.52,2002
VRTX,2026-09-15,10:32,513.57,513.575,513.57,513.575,601
VRTX,2026-09-15,10:33,513.79,513.96,513.66,513.79,2095
VRTX,2026-09-15,10:34,513.54,513.54,513.19,513.19,583
VRTX,2026-09-15,10:35,513.2,513.42,512.955,513.42,1092
VRTX,2026-09-15,10:36,513.48,513.86,513.4,513.86,3274
VRTX,2026-09-15,10:37,513.84,513.84,513.5,513.5,1595
VRTX,2026-09-15,10:38,513.445,513.475,513.445,513.475,650
VRTX,2026-09-15,10:39,513.525,513.775,513.46,513.555,2655
VRTX,2026-09-15,10:40,513.52,513.81,513.475,513.71,2031
VRTX,2026-09-15,10:41,513.83,514.06,513.81,513.94,2040
VRTX,2026-09-15,10:42,513.83,513.83,513.455,513.455,657
VRTX,2026-09-15,10:43,513.5,513.5,513.5,513.5,177
VRTX,2026-09-15,10:44,513.68,513.69,513.68,513.69,915
VRTX,2026-09-15,10:45,513.7,513.7,513.7,513.7,341
VRTX,2026-09-15,10:46,513.54,513.58,513.45,513.45,1090
VRTX,2026-09-15,10:47,513.32,513.75,513.32,513.682,889
VRTX,2026-09-15,10:48,513.5551,513.5551,513.5551,513.5551,339
VRTX,2026-09-15,10:49,513.25,513.25,513.04,513.045,1108
VRTX,2026-09-15,10:50,513.07,513.22,513.03,513.2,1353
VRTX,2026-09-15,10:51,512.76,512.76,512.51,512.51,534
VRTX,2026-09-15,10:52,512.51,512.6,512.285,512.29,2770
VRTX,2026-09-15,10:53,512.29,512.91,512.29,512.5575,4831
VRTX,2026-09-15,10:54,512.5575,512.5575,512.5575,512.5575,0
VRTX,2026-09-15,10:55,512.05,512.43,512.02,512.02,541
VRTX,2026-09-15,10:56,512.02,512.3399,511.96,512.3399,1253
VRTX,2026-09-15,10:57,511.99,512.15,511.895,512.15,2810
VRTX,2026-09-15,10:58,511.955,511.955,511.955,511.955,190
VRTX,2026-09-15,10:59,511.955,511.955,511.82,511.875,1021
VRTX,2026-09-15,11:00,512.155,512.16,511.99,511.99,895
VRTX,2026-09-15,11:01,511.99,511.99,511.99,511.99,0
VRTX,2026-09-15,11:02,511.875,511.875,511.58,511.87,1927
VRTX,2026-09-15,11:03,511.58,511.77,511.57,511.745,931
VRTX,2026-09-15,11:04,511.55,511.66,511.4,511.4,1790
VRTX,2026-09-15,11:05,511.4,511.4,511.4,511.4,0
VRTX,2026-09-15,11:06,511.68,512.08,511.55,512.08,4300
VRTX,2026-09-15,11:07,511.975,511.975,511.7,511.7,501
VRTX,2026-09-15,11:08,511.865,511.865,511.865,511.865,208
VRTX,2026-09-15,11:09,511.865,512.43,511.865,512.43,2128
VRTX,2026-09-15,11:10,512.5,512.5,512.5,512.5,350
VRTX,2026-09-15,11:11,512.68,512.68,512.3201,512.3201,1472
VRTX,2026-09-15,11:12,512.4,512.96,512.4,512.77,3474
VRTX,2026-09-15,11:13,512.595,512.595,512.595,512.595,114
VRTX,2026-09-15,11:14,512.55,512.865,512.55,512.83,1126
VRTX,2026-09-15,11:15,512.85,512.85,512.44,512.44,1258
VRTX,2026-09-15,11:16,512.34,512.86,512.31,512.86,4309
VRTX,2026-09-15,11:17,512.66,513.18,512.66,513.09,1422
VRTX,2026-09-15,11:18,513.685,513.685,513.685,513.685,219
VRTX,2026-09-15,11:19,513.46,513.46,513.27,513.345,1137
VRTX,2026-09-15,11:20,513.345,513.345,513.345,513.345,534
VRTX,2026-09-15,11:21,513.345,513.345,513.345,513.345,0
VRTX,2026-09-15,11:22,513.26,513.5863,513.26,513.5863,364
VRTX,2026-09-15,11:23,512.96,512.96,512.96,512.96,338
VRTX,2026-09-15,11:24,513.125,513.125,513.01,513.01,399
VRTX,2026-09-15,11:25,513.12,513.12,512.94,512.94,692
VRTX,2026-09-15,11:26,513.18,513.68,513.18,513.68,7121
VRTX,2026-09-15,11:27,513.54,513.54,513.32,513.525,428
VRTX,2026-09-15,11:28,513.525,513.96,513.525,513.96,1572
VRTX,2026-09-15,11:29,514.03,514.03,514.02,514.03,2516
VRTX,2026-09-15,11:30,513.985,514.27,513.985,514.105,1564
VRTX,2026-09-15,11:31,514.115,514.36,514.115,514.305,513
VRTX,2026-09-15,11:32,514.31,514.31,514.3,514.3,2543
VRTX,2026-09-15,11:33,514.3,514.3,514.3,514.3,0
VRTX,2026-09-15,11:34,514.3,514.3,514.3,514.3,0
VRTX,2026-09-15,11:35,514.46,514.47,514.12,514.12,4658
VRTX,2026-09-15,11:36,514.37,514.62,514.37,514.62,577
VRTX,2026-09-15,11:37,514.55,514.59,514.51,514.51,721
VRTX,2026-09-15,11:38,514.86,514.91,514.86,514.91,1283
VRTX,2026-09-15,11:39,515.04,515.04,515.04,515.04,262
VRTX,2026-09-15,11:40,515.14,515.14,515.135,515.135,552
VRTX,2026-09-15,11:41,515.265,515.29,515.23,515.265,1200
VRTX,2026-09-15,11:42,515.41,515.42,515.41,515.42,800
VRTX,2026-09-15,11:43,515.18,515.2,515.18,515.2,807
VRTX,2026-09-15,11:44,515.61,515.69,515.46,515.5075,1678
VRTX,2026-09-15,11:45,515.22,515.22,515.13,515.13,606
VRTX,2026-09-15,11:46,515.22,515.225,515.01,515.115,381
VRTX,2026-09-15,11:47,514.94,514.94,514.94,514.94,212
VRTX,2026-09-15,11:48,515,515,515,515,561
VRTX,2026-09-15,11:49,515.045,515.045,515.045,515.045,514
VRTX,2026-09-15,11:50,515.09,515.09,514.65,514.9351,799
VRTX,2026-09-15,11:51,514.7,514.7,514.61,514.61,298
VRTX,2026-09-15,11:52,514.75,514.75,514.52,514.555,1164
VRTX,2026-09-15,11:53,514.78,514.81,514.69,514.81,1847
VRTX,2026-09-15,11:54,514.57,514.8622,514.57,514.74,302
VRTX,2026-09-15,11:55,514.74,514.86,514.6,514.86,603
VRTX,2026-09-15,11:56,514.57,514.57,514.54,514.54,543
VRTX,2026-09-15,11:57,514.4325,514.4325,514.425,514.425,730
VRTX,2026-09-15,11:58,514.425,514.425,514.425,514.425,0
VRTX,2026-09-15,11:59,514.22,514.41,514.14,514.365,1054
VRTX,2026-09-15,12:00,514.04,514.04,514.04,514.04,749
VRTX,2026-09-15,12:01,513.815,514.21,513.815,514.21,836
VRTX,2026-09-15,12:02,514.36,514.36,514.235,514.235,496
VRTX,2026-09-15,12:03,514.15,514.31,514.15,514.31,483
VRTX,2026-09-15,12:04,514.15,514.47,514.15,514.31,1681
VRTX,2026-09-15,12:05,514.45,514.45,514.45,514.45,179
VRTX,2026-09-15,12:06,514.31,514.31,514.31,514.31,125
VRTX,2026-09-15,12:07,514.47,514.47,514.3,514.3,331
VRTX,2026-09-15,12:08,514.305,514.47,514.3,514.47,737
VRTX,2026-09-15,12:09,514.31,514.4731,514.31,514.47,748
VRTX,2026-09-15,12:10,514.39,514.39,514.3,514.3,389
VRTX,2026-09-15,12:11,514.48,514.81,514.48,514.81,1423
VRTX,2026-09-15,12:12,514.75,514.765,514.72,514.76,1115
VRTX,2026-09-15,12:13,514.77,514.77,514.77,514.77,128
VRTX,2026-09-15,12:14,514.97,514.99,514.97,514.99,620
VRTX,2026-09-15,12:15,514.97,514.97,514.97,514.97,743
VRTX,2026-09-15,12:16,514.77,514.85,514.77,514.85,373
VRTX,2026-09-15,12:17,514.87,514.87,514.87,514.87,248
VRTX,2026-09-15,12:18,515,515,514.69,514.69,1329
VRTX,2026-09-15,12:19,514.7,514.7,514.64,514.64,358
VRTX,2026-09-15,12:20,514.71,514.71,514.655,514.6825,445
VRTX,2026-09-15,12:21,514.93,514.93,514.93,514.93,1561
VRTX,2026-09-15,12:22,514.9,514.9,514.9,514.9,164
VRTX,2026-09-15,12:23,514.94,515.13,514.89,515.13,907
VRTX,2026-09-15,12:24,515.035,515.23,515.035,515.23,1674
VRTX,2026-09-15,12:25,515.27,515.29,514.65,514.83,2994
VRTX,2026-09-15,12:26,514.835,515.38,514.835,515.225,1323
VRTX,2026-09-15,12:27,515.42,515.55,515.395,515.55,510
VRTX,2026-09-15,12:28,515.54,515.7,515.54,515.7,897
VRTX,2026-09-15,12:29,515.7,515.7,515.62,515.62,1215
VRTX,2026-09-15,12:30,515.62,515.62,515.62,515.62,0
VRTX,2026-09-15,12:31,515.665,515.82,515.665,515.82,1172
VRTX,2026-09-15,12:32,515.67,515.78,515.625,515.625,697
VRTX,2026-09-15,12:33,515.75,515.88,515.73,515.88,2145
VRTX,2026-09-15,12:34,515.8,515.8,515.8,515.8,355
VRTX,2026-09-15,12:35,515.85,515.85,515.49,515.49,1456
VRTX,2026-09-15,12:36,515.81,515.81,515.17,515.51,5128
VRTX,2026-09-15,12:37,515.83,515.89,515.83,515.89,348
VRTX,2026-09-15,12:38,515.85,515.85,515.75,515.75,1256
VRTX,2026-09-15,12:39,515.71,516.17,515.705,516.0725,7299
VRTX,2026-09-15,12:40,516.22,516.22,516.22,516.22,458
VRTX,2026-09-15,12:41,516.22,516.22,516.22,516.22,0
VRTX,2026-09-15,12:42,516.165,516.165,516.165,516.165,268
VRTX,2026-09-15,12:43,516.04,516.42,516.04,516.42,967
VRTX,2026-09-15,12:44,516.3,516.3,516.215,516.215,1784
VRTX,2026-09-15,12:45,516.42,516.42,516.42,516.42,272
VRTX,2026-09-15,12:46,516.23,516.23,516.01,516.01,538
VRTX,2026-09-15,12:47,516.215,516.215,516.215,516.215,415
VRTX,2026-09-15,12:48,516.215,516.215,516.215,516.215,0
VRTX,2026-09-15,12:49,516.45,516.45,516.45,516.45,321
VRTX,2026-09-15,12:50,516.225,516.455,516.225,516.455,257
VRTX,2026-09-15,12:51,516.225,516.225,516,516,847
VRTX,2026-09-15,12:52,515.89,516.35,515.89,516.35,4648
VRTX,2026-09-15,12:53,516.34,516.55,516.34,516.54,1490
VRTX,2026-09-15,12:54,516.54,516.54,516.54,516.54,0
VRTX,2026-09-15,12:55,516.61,516.61,516.48,516.48,372
VRTX,2026-09-15,12:56,516.36,516.36,516.36,516.36,50
VRTX,2026-09-15,12:57,516.355,516.355,516.35,516.35,402
VRTX,2026-09-15,12:58,516.45,516.53,516.3763,516.3763,2744
VRTX,2026-09-15,12:59,516.65,517.17,516.6,517.17,2061
VRTX,2026-09-15,13:00,517.23,517.23,516.96,516.96,752
VRTX,2026-09-15,13:01,516.96,516.96,516.96,516.96,0
VRTX,2026-09-15,13:02,516.74,516.74,516.74,516.74,303
VRTX,2026-09-15,13:03,516.83,516.87,516.82,516.82,612
VRTX,2026-09-15,13:04,516.82,516.82,516.82,516.82,777
VRTX,2026-09-15,13:05,516.8,516.8,516.8,516.8,457
VRTX,2026-09-15,13:06,516.8,516.8,516.6,516.6,664
VRTX,2026-09-15,13:07,516.32,516.32,516.17,516.17,489
VRTX,2026-09-15,13:08,516.31,516.31,515.8301,515.8301,697
VRTX,2026-09-15,13:09,516.31,516.555,516.23,516.34,2582
VRTX,2026-09-15,13:10,516.34,516.34,516.34,516.34,0
VRTX,2026-09-15,13:11,516.72,516.885,516.68,516.68,850
VRTX,2026-09-15,13:12,516.855,516.855,516.855,516.855,479
VRTX,2026-09-15,13:13,516.675,516.675,516.675,516.675,210
VRTX,2026-09-15,13:14,516.665,516.665,516.665,516.665,150
VRTX,2026-09-15,13:15,516.675,516.675,516.675,516.675,544
VRTX,2026-09-15,13:16,516.36,516.36,516.36,516.36,642
VRTX,2026-09-15,13:17,516.26,516.3,515.81,515.975,2048
VRTX,2026-09-15,13:18,515.95,516,515.24,515.665,1535
VRTX,2026-09-15,13:19,515.66,515.71,515.64,515.64,636
VRTX,2026-09-15,13:20,515.46,515.46,515.46,515.46,210
VRTX,2026-09-15,13:21,515.18,515.36,515.18,515.18,192
VRTX,2026-09-15,13:22,515.46,515.505,515.455,515.5,1313
VRTX,2026-09-15,13:23,515.5,515.735,515.48,515.495,1878
VRTX,2026-09-15,13:24,515.495,515.495,515.495,515.495,0
VRTX,2026-09-15,13:25,515.495,515.495,515.43,515.43,956
VRTX,2026-09-15,13:26,515.43,515.43,515.43,515.43,0
VRTX,2026-09-15,13:27,515.43,515.43,515.1501,515.1501,225
VRTX,2026-09-15,13:28,515.33,515.49,515.32,515.49,3545
VRTX,2026-09-15,13:29,515.32,515.32,515.32,515.32,371
VRTX,2026-09-15,13:30,515.27,515.49,515.27,515.485,631
VRTX,2026-09-15,13:31,515.485,515.485,515.35,515.485,484
VRTX,2026-09-15,13:32,515.48,515.48,515.45,515.45,283
VRTX,2026-09-15,13:33,515.27,515.42,515.245,515.3,2092
VRTX,2026-09-15,13:34,515.4,515.52,515.34,515.485,2945
VRTX,2026-09-15,13:35,515.37,515.51,515.37,515.485,1411
VRTX,2026-09-15,13:36,515.42,515.51,515.36,515.36,675
VRTX,2026-09-15,13:37,515.5,515.5,515.5,515.5,148
VRTX,2026-09-15,13:38,515.13,515.25,514.9,514.9,4546
VRTX,2026-09-15,13:39,514.965,515.03,514.965,515.03,622
VRTX,2026-09-15,13:40,514.965,515.28,514.965,515.19,927
VRTX,2026-09-15,13:41,514.97,515.47,514.97,515.47,1717
VRTX,2026-09-15,13:42,515.32,515.32,515.32,515.32,413
VRTX,2026-09-15,13:43,515.63,515.7,515.63,515.7,928
VRTX,2026-09-15,13:44,515.715,515.86,515.715,515.86,641
VRTX,2026-09-15,13:45,515.91,516.01,515.91,516.01,565
VRTX,2026-09-15,13:46,516.2,516.2,516.2,516.2,306
VRTX,2026-09-15,13:47,516.295,516.295,516.25,516.295,517
VRTX,2026-09-15,13:48,516.1,516.235,516.1,516.235,365
VRTX,2026-09-15,13:49,516.4699,516.4699,515.87,515.87,2757
VRTX,2026-09-15,13:50,515.87,515.87,515.87,515.87,0
VRTX,2026-09-15,13:51,515.93,515.93,515.93,515.93,267
VRTX,2026-09-15,13:52,515.92,515.93,515.915,515.93,700
VRTX,2026-09-15,13:53,515.915,516.19,515.91,516.19,1442
VRTX,2026-09-15,13:54,515.92,515.92,515.92,515.92,2811
VRTX,2026-09-15,13:55,515.78,515.93,515.77,515.82,845
VRTX,2026-09-15,13:56,515.82,515.82,515.82,515.82,0
VRTX,2026-09-15,13:57,515.93,515.93,515.93,515.93,360
VRTX,2026-09-15,13:58,515.93,515.93,515.93,515.93,172
VRTX,2026-09-15,13:59,516.16,516.4,516.05,516.4,4153
VRTX,2026-09-15,14:00,516.46,516.46,516.315,516.315,672
VRTX,2026-09-15,14:01,516.2548,516.48,516.2548,516.48,642
VRTX,2026-09-15,14:02,516.315,516.58,516.315,516.37,895
VRTX,2026-09-15,14:03,516.46,516.46,516.32,516.445,556
VRTX,2026-09-15,14:04,516.59,516.64,516.57,516.57,885
VRTX,2026-09-15,14:05,516.69,516.69,516.5583,516.615,1463
VRTX,2026-09-15,14:06,516.585,516.665,516.585,516.66,1152
VRTX,2026-09-15,14:07,516.5,516.5,516.32,516.32,796
VRTX,2026-09-15,14:08,516.405,516.405,516.405,516.405,143
VRTX,2026-09-15,14:09,516.405,516.405,516.3725,516.3725,1996
VRTX,2026-09-15,14:10,516.15,516.15,515.36,515.44,1424
VRTX,2026-09-15,14:11,515.44,515.44,515.44,515.44,330
VRTX,2026-09-15,14:12,515.44,515.44,515.44,515.44,0
VRTX,2026-09-15,14:13,515.46,515.79,515.46,515.585,1647
VRTX,2026-09-15,14:14,515.4,515.4,515.4,515.4,177
VRTX,2026-09-15,14:15,515.4,515.445,515.4,515.445,470
VRTX,2026-09-15,14:16,515.22,515.22,515.22,515.22,241
VRTX,2026-09-15,14:17,515.21,515.285,515.02,515.24,1218
VRTX,2026-09-15,14:18,515.235,515.3,515.235,515.3,527
VRTX,2026-09-15,14:19,514.93,514.93,514.93,514.93,289
VRTX,2026-09-15,14:20,514.87,514.93,514.85,514.85,1176
VRTX,2026-09-15,14:21,514.85,514.91,514.85,514.91,716
VRTX,2026-09-15,14:22,514.85,514.85,514.52,514.52,841
VRTX,2026-09-15,14:23,514.42,514.695,514.42,514.695,212
VRTX,2026-09-15,14:24,514.695,514.705,514.695,514.705,469
VRTX,2026-09-15,14:25,514.705,514.705,514.705,514.705,0
VRTX,2026-09-15,14:26,514.53,514.585,514.145,514.37,2862
VRTX,2026-09-15,14:27,514.235,514.53,513.81,513.81,4912
VRTX,2026-09-15,14:28,513.62,513.625,513.615,513.625,475
VRTX,2026-09-15,14:29,513.41,514.07,513.41,513.8,8103
VRTX,2026-09-15,14:30,513.945,513.9451,513.945,513.945,1304
VRTX,2026-09-15,14:31,513.945,513.945,513.945,513.945,0
VRTX,2026-09-15,14:32,513.76,513.76,513.76,513.76,715
VRTX,2026-09-15,14:33,514.02,514.02,513.89,513.89,621
VRTX,2026-09-15,14:34,513.89,513.89,513.89,513.89,0
VRTX,2026-09-15,14:35,513.89,513.89,513.89,513.89,0
VRTX,2026-09-15,14:36,514.04,514.05,514.04,514.05,536
VRTX,2026-09-15,14:37,514.14,514.29,514.14,514.19,2499
VRTX,2026-09-15,14:38,514.185,514.185,514.185,514.185,1484
VRTX,2026-09-15,14:39,514.185,514.185,514.185,514.185,0
VRTX,2026-09-15,14:40,514.195,514.205,514.195,514.205,738
VRTX,2026-09-15,14:41,514.4,514.625,514.3716,514.625,1778
VRTX,2026-09-15,14:42,514.52,514.72,514.44,514.72,1211
VRTX,2026-09-15,14:43,514.51,514.565,514.51,514.565,707
VRTX,2026-09-15,14:44,514.57,514.72,514.55,514.72,778
VRTX,2026-09-15,14:45,514.55,514.71,514.47,514.555,1014
VRTX,2026-09-15,14:46,514.555,514.555,514.555,514.555,0
VRTX,2026-09-15,14:47,514.555,514.76,514.41,514.76,2460
VRTX,2026-09-15,14:48,514.56,514.67,514.36,514.36,1587
VRTX,2026-09-15,14:49,514.42,514.42,514.42,514.42,151
VRTX,2026-09-15,14:50,514.2501,514.425,514.2501,514.32,330
VRTX,2026-09-15,14:51,514.5999,514.5999,514.2,514.2,1142
VRTX,2026-09-15,14:52,514.35,514.35,514.35,514.35,269
VRTX,2026-09-15,14:53,514.375,514.375,514.28,514.28,634
VRTX,2026-09-15,14:54,514.37,514.37,514.14,514.14,1707
VRTX,2026-09-15,14:55,513.68,513.69,513.615,513.615,901
VRTX,2026-09-15,14:56,513.615,513.615,513.615,513.615,0
VRTX,2026-09-15,14:57,513.685,513.685,513.68,513.68,461
VRTX,2026-09-15,14:58,513.68,513.68,513.68,513.68,934
VRTX,2026-09-15,14:59,513.63,513.63,513.63,513.63,311
VRTX,2026-09-15,15:00,513.63,513.63,513.63,513.63,0
VRTX,2026-09-15,15:01,513.83,513.91,513.83,513.91,961
VRTX,2026-09-15,15:02,513.82,513.82,513.475,513.475,1668
VRTX,2026-09-15,15:03,513.31,513.31,513.14,513.14,858
VRTX,2026-09-15,15:04,512.95,512.95,512.715,512.715,587
VRTX,2026-09-15,15:05,512.57,512.57,512.57,512.57,246
VRTX,2026-09-15,15:06,512.89,512.89,512.89,512.89,572
VRTX,2026-09-15,15:07,512.88,512.99,512.88,512.9,4802
VRTX,2026-09-15,15:08,512.83,512.83,512.83,512.83,588
VRTX,2026-09-15,15:09,512.83,512.83,512.83,512.83,0
VRTX,2026-09-15,15:10,512.7,512.7,512.58,512.675,1150
VRTX,2026-09-15,15:11,512.73,512.84,512.54,512.84,846
VRTX,2026-09-15,15:12,512.83,512.83,512.585,512.585,1287
VRTX,2026-09-15,15:13,512.43,512.43,512.36,512.36,693
VRTX,2026-09-15,15:14,512.535,512.535,512.535,512.535,190
VRTX,2026-09-15,15:15,512.5301,512.5301,512.53,512.53,790
VRTX,2026-09-15,15:16,512.36,512.47,512.36,512.46,2684
VRTX,2026-09-15,15:17,512.46,512.46,512.46,512.46,0
VRTX,2026-09-15,15:18,512.46,512.46,512.46,512.46,0
VRTX,2026-09-15,15:19,512.47,512.47,512.47,512.47,373
VRTX,2026-09-15,15:20,512.515,512.63,512.515,512.53,1163
VRTX,2026-09-15,15:21,512.64,512.75,512.56,512.65,2698
VRTX,2026-09-15,15:22,512.552,512.675,512.51,512.6475,874
VRTX,2026-09-15,15:23,512.64,512.645,512.49,512.49,730
VRTX,2026-09-15,15:24,512.42,512.42,512.42,512.42,752
VRTX,2026-09-15,15:25,512.37,512.38,512.37,512.37,1184
VRTX,2026-09-15,15:26,512.365,512.5,512.25,512.5,1380
VRTX,2026-09-15,15:27,512.5,512.5,512.38,512.38,563
VRTX,2026-09-15,15:28,512.26,512.55,512.24,512.475,4239
VRTX,2026-09-15,15:29,512.54,512.56,512.475,512.56,1607
VRTX,2026-09-15,15:30,512.6,512.64,512.52,512.52,1443
VRTX,2026-09-15,15:31,512.39,512.39,512.34,512.34,1441
VRTX,2026-09-15,15:32,512.45,512.45,512.45,512.45,627
VRTX,2026-09-15,15:33,512.45,512.45,512.45,512.45,293
VRTX,2026-09-15,15:34,512.45,514.27,512.45,513.505,18532
VRTX,2026-09-15,15:35,513.545,513.57,513.5325,513.57,2341
VRTX,2026-09-15,15:36,513.56,513.56,513.515,513.515,1087
VRTX,2026-09-15,15:37,513.515,513.778,513.505,513.505,1282
VRTX,2026-09-15,15:38,513.73,514.02,513.58,513.59,4302
VRTX,2026-09-15,15:39,513.555,513.7,513.555,513.7,1052
VRTX,2026-09-15,15:40,513.69,513.7,513.41,513.5,2757
VRTX,2026-09-15,15:41,513.5,513.7,513.41,513.54,2864
VRTX,2026-09-15,15:42,513.495,513.7,513.29,513.65,6343
VRTX,2026-09-15,15:43,513.64,513.73,513.55,513.67,3633
VRTX,2026-09-15,15:44,513.78,513.78,513.37,513.525,3376
VRTX,2026-09-15,15:45,513.53,513.63,513.28,513.63,6355
VRTX,2026-09-15,15:46,513.79,513.79,513.71,513.71,1498
VRTX,2026-09-15,15:47,513.84,514.035,513.84,513.97,3179
VRTX,2026-09-15,15:48,514.09,514.13,513.92,514.09,2012
VRTX,2026-09-15,15:49,514.18,514.3825,514.1,514.135,4366
VRTX,2026-09-15,15:50,514.01,514.01,513.29,513.29,3625
VRTX,2026-09-15,15:51,513.47,513.55,513.29,513.32,3753
VRTX,2026-09-15,15:52,513.425,513.43,513.26,513.355,6804
VRTX,2026-09-15,15:53,513.355,513.355,512.69,513.04,11338
VRTX,2026-09-15,15:54,513.04,513.11,512.63,512.72,12313
VRTX,2026-09-15,15:55,513.11,513.72,513.11,513.67,9653
VRTX,2026-09-15,15:56,513.67,513.75,513.61,513.7,3508
VRTX,2026-09-15,15:57,513.7,514.13,513.55,514,13771
VRTX,2026-09-15,15:58,514.065,514.46,514,514.44,17033
VRTX,2026-09-15,15:59,514.44,514.87,514.35,514.72,23003
VRTX,2026-09-15,16:00,514.63,514.63,514.63,514.63,0
