symbol,date,time,open,high,low,close,volume
AMZN,2026-08-26,09:30,261.275,262.05,260.55,260.72,733082
AMZN,2026-08-26,09:31,260.6,260.8023,260.1,260.785,70017
AMZN,2026-08-26,09:32,260.795,261.41,260.23,260.3726,90232
AMZN,2026-08-26,09:33,260.25,260.88,259.87,260.3,106521
AMZN,2026-08-26,09:34,260.315,260.71,260.3,260.51,51208
AMZN,2026-08-26,09:35,260.45,260.85,260.26,260.6,73602
AMZN,2026-08-26,09:36,260.5965,260.65,260.38,260.4,56017
AMZN,2026-08-26,09:37,260.39,260.51,260,260.2,58645
AMZN,2026-08-26,09:38,260.15,260.3,259.7,259.76,88626
AMZN,2026-08-26,09:39,259.73,259.9839,259.46,259.505,136556
AMZN,2026-08-26,09:40,259.51,259.7,259.375,259.62,111722
AMZN,2026-08-26,09:41,259.615,259.8478,259.52,259.72,61892
AMZN,2026-08-26,09:42,259.72,259.805,259.59,259.765,38011
AMZN,2026-08-26,09:43,259.765,260.3,259.765,260.1308,139423
AMZN,2026-08-26,09:44,260.145,260.86,260.12,260.79,161860
AMZN,2026-08-26,09:45,260.79,260.93,260.685,260.8251,76227
AMZN,2026-08-26,09:46,260.835,260.835,260.55,260.55,81191
AMZN,2026-08-26,09:47,260.56,260.65,260.4,260.65,47109
AMZN,2026-08-26,09:48,260.6201,260.72,260.39,260.51,75625
AMZN,2026-08-26,09:49,260.51,260.57,260.23,260.45,42318
AMZN,2026-08-26,09:50,260.51,260.68,260.46,260.51,48620
AMZN,2026-08-26,09:51,260.53,260.58,260.2,260.245,34605
AMZN,2026-08-26,09:52,260.245,260.84,260.2001,260.46,86115
AMZN,2026-08-26,09:53,260.445,260.52,260.27,260.4641,33968
AMZN,2026-08-26,09:54,260.45,260.8599,260.3643,260.77,33494
AMZN,2026-08-26,09:55,260.77,260.98,260.72,260.895,43563
AMZN,2026-08-26,09:56,260.89,260.95,260.63,260.808,35840
AMZN,2026-08-26,09:57,260.765,260.8165,260.5501,260.6999,25274
AMZN,2026-08-26,09:58,260.6999,260.77,260.6,260.74,34926
AMZN,2026-08-26,09:59,260.705,260.9,260.58,260.895,39030
AMZN,2026-08-26,10:00,260.845,261.0299,260.74,260.805,83552
AMZN,2026-08-26,10:01,260.77,261.04,260.77,261,49830
AMZN,2026-08-26,10:02,261,261.07,260.875,260.93,43181
AMZN,2026-08-26,10:03,260.9216,261.14,260.895,261.1,43801
AMZN,2026-08-26,10:04,261.06,261.22,260.94,260.995,44995
AMZN,2026-08-26,10:05,260.98,261.01,260.7601,260.81,55531
AMZN,2026-08-26,10:06,260.79,261.15,260.79,261.15,36530
AMZN,2026-08-26,10:07,261.15,261.15,260.99,261.0212,25855
AMZN,2026-08-26,10:08,261.03,261.09,260.98,261.005,46488
AMZN,2026-08-26,10:09,261,261.04,260.9101,260.94,31587
AMZN,2026-08-26,10:10,260.96,261,260.83,260.89,25890
AMZN,2026-08-26,10:11,260.89,261.0799,260.8509,260.925,47636
AMZN,2026-08-26,10:12,260.92,260.92,260.4,260.43,46200
AMZN,2026-08-26,10:13,260.435,260.47,260.25,260.26,51976
AMZN,2026-08-26,10:14,260.29,260.3814,260.25,260.27,25053
AMZN,2026-08-26,10:15,260.27,260.37,260.21,260.2905,31173
AMZN,2026-08-26,10:16,260.2651,260.35,260.05,260.1,44710
AMZN,2026-08-26,10:17,260.0301,260.2,260.0301,260.16,39172
AMZN,2026-08-26,10:18,260.13,260.3,260.13,260.205,46248
AMZN,2026-08-26,10:19,260.195,260.28,260.12,260.175,39646
AMZN,2026-08-26,10:20,260.17,260.34,260.085,260.23,78017
AMZN,2026-08-26,10:21,260.19,260.2,260.01,260.055,50249
AMZN,2026-08-26,10:22,260.045,260.3099,259.88,259.88,78682
AMZN,2026-08-26,10:23,259.9,260.05,259.83,259.99,34642
AMZN,2026-08-26,10:24,259.97,260.0106,259.825,259.88,30772
AMZN,2026-08-26,10:25,259.86,259.97,259.64,259.74,71429
AMZN,2026-08-26,10:26,259.715,259.7151,259.2,259.225,135075
AMZN,2026-08-26,10:27,259.2116,259.2116,259.06,259.095,77920
AMZN,2026-08-26,10:28,259.11,259.15,258.88,259.005,99964
AMZN,2026-08-26,10:29,259.01,259.14,258.96,259.06,66900
AMZN,2026-08-26,10:30,259.06,259.2135,258.97,259.0805,84415
AMZN,2026-08-26,10:31,259.09,259.1968,258.9,258.9284,119717
AMZN,2026-08-26,10:32,258.93,259.0357,258.78,259,78001
AMZN,2026-08-26,10:33,258.96,259.0799,258.895,258.9601,73524
AMZN,2026-08-26,10:34,258.975,259.145,258.935,259.09,49150
AMZN,2026-08-26,10:35,259.06,259.1799,259,259.13,44674
AMZN,2026-08-26,10:36,259.1,259.35,259.07,259.325,52186
AMZN,2026-08-26,10:37,259.32,259.635,259.312,259.635,53768
AMZN,2026-08-26,10:38,259.635,259.7099,259.4,259.42,58720
AMZN,2026-08-26,10:39,259.4127,259.46,259.3067,259.34,35538
AMZN,2026-08-26,10:40,259.35,259.57,259.3304,259.57,29353
AMZN,2026-08-26,10:41,259.57,259.575,259.51,259.51,22386
AMZN,2026-08-26,10:42,259.53,259.53,259.26,259.285,26604
AMZN,2026-08-26,10:43,259.26,259.35,259.225,259.295,32216
AMZN,2026-08-26,10:44,259.28,259.3899,259.27,259.36,25041
AMZN,2026-08-26,10:45,259.35,259.4199,259.2101,259.27,22750
AMZN,2026-08-26,10:46,259.29,259.48,259.28,259.44,30810
AMZN,2026-08-26,10:47,259.445,259.56,259.445,259.49,24645
AMZN,2026-08-26,10:48,259.5,259.6765,259.41,259.6765,31450
AMZN,2026-08-26,10:49,259.66,259.69,259.5875,259.66,48069
AMZN,2026-08-26,10:50,259.66,259.8,259.61,259.7898,39458
AMZN,2026-08-26,10:51,259.76,259.9752,259.65,259.965,34750
AMZN,2026-08-26,10:52,259.965,260.23,259.965,260.16,88273
AMZN,2026-08-26,10:53,260.14,260.18,259.9201,260.085,39267
AMZN,2026-08-26,10:54,260.065,260.065,259.8593,259.91,23912
AMZN,2026-08-26,10:55,259.93,259.95,259.83,259.875,13737
AMZN,2026-08-26,10:56,259.9,260.3,259.9,260.24,26300
AMZN,2026-08-26,10:57,260.265,260.4696,260.2569,260.345,42788
AMZN,2026-08-26,10:58,260.38,260.4921,260.34,260.47,29327
AMZN,2026-08-26,10:59,260.465,260.465,260.23,260.295,25591
AMZN,2026-08-26,11:00,260.32,260.39,260.23,260.23,32675
AMZN,2026-08-26,11:01,260.245,260.28,260.15,260.18,36354
AMZN,2026-08-26,11:02,260.195,260.34,260.14,260.3,19152
AMZN,2026-08-26,11:03,260.33,260.45,260.27,260.45,24954
AMZN,2026-08-26,11:04,260.425,260.45,260.25,260.3,36745
AMZN,2026-08-26,11:05,260.29,260.4,260.29,260.34,22387
AMZN,2026-08-26,11:06,260.345,260.38,260.26,260.2832,22232
AMZN,2026-08-26,11:07,260.27,260.325,260.16,260.195,21004
AMZN,2026-08-26,11:08,260.19,260.34,260.15,260.33,25703
AMZN,2026-08-26,11:09,260.335,260.4,260.31,260.31,29425
AMZN,2026-08-26,11:10,260.31,260.31,260.17,260.21,19047
AMZN,2026-08-26,11:11,260.215,260.45,260.2,260.45,34605
AMZN,2026-08-26,11:12,260.456,260.87,260.43,260.795,87285
AMZN,2026-08-26,11:13,260.795,261.12,260.79,261,72771
AMZN,2026-08-26,11:14,260.995,261.05,260.91,260.992,40003
AMZN,2026-08-26,11:15,261,261,260.84,260.8724,59186
AMZN,2026-08-26,11:16,260.885,260.9,260.46,260.49,41957
AMZN,2026-08-26,11:17,260.46,260.47,260.2601,260.315,34112
AMZN,2026-08-26,11:18,260.31,260.3199,260.14,260.1898,26594
AMZN,2026-08-26,11:19,260.14,260.23,260.01,260.05,43255
AMZN,2026-08-26,11:20,260.049,260.29,260.04,260.14,26798
AMZN,2026-08-26,11:21,260.16,260.205,260.07,260.07,57155
AMZN,2026-08-26,11:22,260.095,260.095,259.93,259.93,151827
AMZN,2026-08-26,11:23,259.94,260.14,259.94,260.14,34769
AMZN,2026-08-26,11:24,260.165,260.165,260.05,260.06,30942
AMZN,2026-08-26,11:25,260.03,260.14,260,260.08,19501
AMZN,2026-08-26,11:26,260.06,260.22,259.97,260.01,146370
AMZN,2026-08-26,11:27,260.04,260.21,260.01,260.155,21780
AMZN,2026-08-26,11:28,260.11,260.22,260.07,260.175,57950
AMZN,2026-08-26,11:29,260.21,260.23,260.1,260.166,27712
AMZN,2026-08-26,11:30,260.175,260.29,260.07,260.14,57280
AMZN,2026-08-26,11:31,260.1112,260.2,260.02,260.075,103035
AMZN,2026-08-26,11:32,260.075,260.075,259.93,259.93,40980
AMZN,2026-08-26,11:33,259.93,259.94,259.75,259.9,52598
AMZN,2026-08-26,11:34,259.885,259.98,259.42,259.425,57096
AMZN,2026-08-26,11:35,259.44,259.54,259.43,259.5,37952
AMZN,2026-08-26,11:36,259.48,259.54,259.43,259.52,40935
AMZN,2026-08-26,11:37,259.5339,259.6317,259.49,259.58,24881
AMZN,2026-08-26,11:38,259.57,259.6,259.355,259.36,30179
AMZN,2026-08-26,11:39,259.37,259.505,259.3305,259.45,28892
AMZN,2026-08-26,11:40,259.445,259.52,259.36,259.5,28801
AMZN,2026-08-26,11:41,259.5,259.61,259.48,259.51,18437
AMZN,2026-08-26,11:42,259.51,259.66,259.5,259.635,64289
AMZN,2026-08-26,11:43,259.61,259.68,259.5493,259.63,28023
AMZN,2026-08-26,11:44,259.63,259.6961,259.405,259.455,32649
AMZN,2026-08-26,11:45,259.445,259.565,259.445,259.47,13446
AMZN,2026-08-26,11:46,259.5,259.55,259.49,259.54,13344
AMZN,2026-08-26,11:47,259.52,259.55,259.5,259.51,18915
AMZN,2026-08-26,11:48,259.53,259.54,259.42,259.46,23825
AMZN,2026-08-26,11:49,259.45,259.465,259.4,259.44,27043
AMZN,2026-08-26,11:50,259.445,259.5295,259.4,259.4,23197
AMZN,2026-08-26,11:51,259.4005,259.435,259.06,259.095,65126
AMZN,2026-08-26,11:52,259.08,259.15,259.04,259.08,33089
AMZN,2026-08-26,11:53,259.07,259.14,258.9,258.9395,34187
AMZN,2026-08-26,11:54,258.92,259.0999,258.68,258.785,68841
AMZN,2026-08-26,11:55,258.76,258.9699,258.76,258.88,39428
AMZN,2026-08-26,11:56,258.9,258.91,258.68,258.83,31330
AMZN,2026-08-26,11:57,258.835,258.87,258.67,258.67,28068
AMZN,2026-08-26,11:58,258.65,258.85,258.64,258.795,30202
AMZN,2026-08-26,11:59,258.795,258.82,258.6,258.64,46607
AMZN,2026-08-26,12:00,258.62,258.62,258.4,258.4,45163
AMZN,2026-08-26,12:01,258.42,258.49,258.35,258.44,42960
AMZN,2026-08-26,12:02,258.44,258.52,258.41,258.485,41650
AMZN,2026-08-26,12:03,258.46,258.5198,258.42,258.47,42062
AMZN,2026-08-26,12:04,258.47,258.78,258.4501,258.7607,47008
AMZN,2026-08-26,12:05,258.72,258.773,258.59,258.69,30886
AMZN,2026-08-26,12:06,258.7078,258.7665,258.5516,258.605,35804
AMZN,2026-08-26,12:07,258.58,258.705,258.55,258.675,43721
AMZN,2026-08-26,12:08,258.695,258.82,258.68,258.715,27920
AMZN,2026-08-26,12:09,258.7399,258.78,258.6763,258.78,29715
AMZN,2026-08-26,12:10,258.74,258.745,258.63,258.6899,20353
AMZN,2026-08-26,12:11,258.66,258.72,258.635,258.66,28880
AMZN,2026-08-26,12:12,258.65,258.75,258.65,258.695,23982
AMZN,2026-08-26,12:13,258.69,258.755,258.67,258.7148,14884
AMZN,2026-08-26,12:14,258.69,258.69,258.635,258.64,24382
AMZN,2026-08-26,12:15,258.64,258.72,258.64,258.72,27078
AMZN,2026-08-26,12:16,258.71,258.715,258.59,258.62,29268
AMZN,2026-08-26,12:17,258.64,258.67,258.5,258.535,26038
AMZN,2026-08-26,12:18,258.535,258.61,258.49,258.57,23191
AMZN,2026-08-26,12:19,258.55,258.58,258.44,258.46,43016
AMZN,2026-08-26,12:20,258.459,258.58,258.42,258.55,34121
AMZN,2026-08-26,12:21,258.53,258.53,258.38,258.5,41272
AMZN,2026-08-26,12:22,258.5,258.54,258.45,258.5,27485
AMZN,2026-08-26,12:23,258.47,258.47,258.38,258.41,24772
AMZN,2026-08-26,12:24,258.41,258.59,258.41,258.585,24399
AMZN,2026-08-26,12:25,258.585,258.62,258.5,258.51,25055
AMZN,2026-08-26,12:26,258.5,258.55,258.44,258.48,28216
AMZN,2026-08-26,12:27,258.4869,258.5,258.43,258.485,16700
AMZN,2026-08-26,12:28,258.4897,258.6599,258.485,258.6,44083
AMZN,2026-08-26,12:29,258.61,258.67,258.507,258.507,22228
AMZN,2026-08-26,12:30,258.48,258.53,258.47,258.52,16177
AMZN,2026-08-26,12:31,258.54,258.66,258.49,258.49,20792
AMZN,2026-08-26,12:32,258.51,258.515,258.41,258.5,23754
AMZN,2026-08-26,12:33,258.515,258.654,258.515,258.6,17713
AMZN,2026-08-26,12:34,258.605,258.69,258.605,258.6798,15275
AMZN,2026-08-26,12:35,258.678,258.76,258.67,258.73,20569
AMZN,2026-08-26,12:36,258.72,258.785,258.63,258.635,36209
AMZN,2026-08-26,12:37,258.66,258.66,258.5,258.57,15829
AMZN,2026-08-26,12:38,258.5487,258.59,258.48,258.59,17104
AMZN,2026-08-26,12:39,258.55,258.55,258.39,258.39,21476
AMZN,2026-08-26,12:40,258.38,258.405,258.32,258.38,25938
AMZN,2026-08-26,12:41,258.39,258.39,258.32,258.355,15084
AMZN,2026-08-26,12:42,258.345,258.3959,258.2816,258.29,26640
AMZN,2026-08-26,12:43,258.29,258.3478,258.2401,258.32,33931
AMZN,2026-08-26,12:44,258.3073,258.315,258.24,258.265,25132
AMZN,2026-08-26,12:45,258.28,258.5493,258.28,258.53,22744
AMZN,2026-08-26,12:46,258.5208,258.5506,258.32,258.4111,41936
AMZN,2026-08-26,12:47,258.43,258.59,258.43,258.59,33033
AMZN,2026-08-26,12:48,258.54,258.59,258.48,258.59,35216
AMZN,2026-08-26,12:49,258.58,258.59,258.39,258.43,39280
AMZN,2026-08-26,12:50,258.44,258.55,258.39,258.55,51451
AMZN,2026-08-26,12:51,258.53,258.53,258.4025,258.4395,16567
AMZN,2026-08-26,12:52,258.39,258.43,258.3575,258.42,16977
AMZN,2026-08-26,12:53,258.455,258.5199,258.43,258.51,69763
AMZN,2026-08-26,12:54,258.5199,258.53,258.4429,258.45,17064
AMZN,2026-08-26,12:55,258.47,258.58,258.4505,258.5309,55095
AMZN,2026-08-26,12:56,258.53,258.68,258.5,258.6275,35277
AMZN,2026-08-26,12:57,258.65,258.815,258.6,258.77,165556
AMZN,2026-08-26,12:58,258.7398,258.78,258.6901,258.6916,17515
AMZN,2026-08-26,12:59,258.71,258.74,258.631,258.74,27601
AMZN,2026-08-26,13:00,258.73,258.91,258.7,258.91,30524
AMZN,2026-08-26,13:01,258.92,258.95,258.795,258.805,35601
AMZN,2026-08-26,13:02,258.78,258.87,258.7425,258.82,21137
AMZN,2026-08-26,13:03,258.79,258.83,258.72,258.83,16292
AMZN,2026-08-26,13:04,258.81,258.84,258.74,258.76,19151
AMZN,2026-08-26,13:05,258.74,258.82,258.69,258.768,40921
AMZN,2026-08-26,13:06,258.76,258.82,258.725,258.78,15762
AMZN,2026-08-26,13:07,258.8,258.85,258.77,258.81,16717
AMZN,2026-08-26,13:08,258.81,258.9,258.79,258.89,18120
AMZN,2026-08-26,13:09,258.865,258.91,258.83,258.84,20974
AMZN,2026-08-26,13:10,258.826,258.826,258.73,258.787,20625
AMZN,2026-08-26,13:11,258.7999,258.81,258.7301,258.76,11162
AMZN,2026-08-26,13:12,258.76,258.79,258.7,258.71,20447
AMZN,2026-08-26,13:13,258.7,258.77,258.69,258.75,19466
AMZN,2026-08-26,13:14,258.74,258.79,258.73,258.74,20050
AMZN,2026-08-26,13:15,258.74,258.93,258.7,258.925,27020
AMZN,2026-08-26,13:16,258.94,259.07,258.94,259.043,28203
AMZN,2026-08-26,13:17,259.0219,259.0799,258.995,259.0463,22730
AMZN,2026-08-26,13:18,259.08,259.1,259.02,259.021,21163
AMZN,2026-08-26,13:19,259.0479,259.07,258.97,259.07,18647
AMZN,2026-08-26,13:20,259.08,259.14,259.08,259.1,27971
AMZN,2026-08-26,13:21,259.1,259.135,258.94,259.07,42290
AMZN,2026-08-26,13:22,259.075,259.1199,259.02,259.115,16725
AMZN,2026-08-26,13:23,259.11,259.2,259.065,259.17,24064
AMZN,2026-08-26,13:24,259.17,259.18,259.12,259.16,16471
AMZN,2026-08-26,13:25,259.16,259.19,259.08,259.0948,27049
AMZN,2026-08-26,13:26,259.12,259.27,259.1,259.25,29800
AMZN,2026-08-26,13:27,259.23,259.3363,259.22,259.3043,59893
AMZN,2026-08-26,13:28,259.31,259.38,259.29,259.3,34500
AMZN,2026-08-26,13:29,259.3195,259.35,259.26,259.32,21657
AMZN,2026-08-26,13:30,259.34,259.34,259.19,259.2392,34794
AMZN,2026-08-26,13:31,259.2501,259.26,259.19,259.26,17877
AMZN,2026-08-26,13:32,259.25,259.26,259.16,259.16,19354
AMZN,2026-08-26,13:33,259.16,259.1799,259.07,259.1126,20722
AMZN,2026-08-26,13:34,259.14,259.14,259.007,259.0499,16140
AMZN,2026-08-26,13:35,259.02,259.03,258.85,258.9,26066
AMZN,2026-08-26,13:36,258.88,258.93,258.86,258.8701,15122
AMZN,2026-08-26,13:37,258.85,258.87,258.81,258.82,22644
AMZN,2026-08-26,13:38,258.8005,258.8005,258.71,258.725,37491
AMZN,2026-08-26,13:39,258.72,258.72,258.58,258.615,52337
AMZN,2026-08-26,13:40,258.62,258.6799,258.57,258.6199,42871
AMZN,2026-08-26,13:41,258.605,258.63,258.55,258.595,23688
AMZN,2026-08-26,13:42,258.6092,258.615,258.5,258.535,34459
AMZN,2026-08-26,13:43,258.535,258.6095,258.52,258.5698,26890
AMZN,2026-08-26,13:44,258.565,258.61,258.48,258.48,36857
AMZN,2026-08-26,13:45,258.475,258.58,258.47,258.56,35124
AMZN,2026-08-26,13:46,258.55,258.6,258.54,258.56,25578
AMZN,2026-08-26,13:47,258.555,258.57,258.52,258.5699,26841
AMZN,2026-08-26,13:48,258.56,258.58,258.515,258.57,27071
AMZN,2026-08-26,13:49,258.5767,258.5767,258.47,258.4899,25185
AMZN,2026-08-26,13:50,258.48,258.64,258.47,258.6,33118
AMZN,2026-08-26,13:51,258.58,258.6,258.49,258.5,17584
AMZN,2026-08-26,13:52,258.505,258.52,258.45,258.48,38468
AMZN,2026-08-26,13:53,258.47,258.56,258.4675,258.53,34874
AMZN,2026-08-26,13:54,258.55,258.65,258.55,258.65,30599
AMZN,2026-08-26,13:55,258.65,258.75,258.65,258.74,57087
AMZN,2026-08-26,13:56,258.71,258.71,258.64,258.66,25933
AMZN,2026-08-26,13:57,258.6699,258.71,258.655,258.705,23789
AMZN,2026-08-26,13:58,258.705,258.7056,258.67,258.6901,22448
AMZN,2026-08-26,13:59,258.69,258.69,258.625,258.655,19037
AMZN,2026-08-26,14:00,258.67,258.85,258.66,258.838,41362
AMZN,2026-08-26,14:01,258.84,258.91,258.84,258.89,27810
AMZN,2026-08-26,14:02,258.89,259,258.86,258.86,47509
AMZN,2026-08-26,14:03,258.85,258.86,258.7322,258.735,56075
AMZN,2026-08-26,14:04,258.74,258.82,258.74,258.77,17969
AMZN,2026-08-26,14:05,258.76,258.88,258.76,258.84,17963
AMZN,2026-08-26,14:06,258.83,258.9399,258.83,258.89,26338
AMZN,2026-08-26,14:07,258.91,258.91,258.83,258.86,24645
AMZN,2026-08-26,14:08,258.87,259.06,258.87,259.015,38123
AMZN,2026-08-26,14:09,259.03,259.09,259,259.07,38010
AMZN,2026-08-26,14:10,259.07,259.07,258.995,259,33188
AMZN,2026-08-26,14:11,258.9654,259.035,258.9199,259.035,25082
AMZN,2026-08-26,14:12,259.035,259.07,259,259.02,28386
AMZN,2026-08-26,14:13,259.01,259.01,258.95,258.965,28187
AMZN,2026-08-26,14:14,258.97,258.97,258.9,258.9158,19369
AMZN,2026-08-26,14:15,258.92,258.98,258.89,258.89,20833
AMZN,2026-08-26,14:16,258.89,259,258.88,258.96,29424
AMZN,2026-08-26,14:17,258.96,259.005,258.93,258.98,24192
AMZN,2026-08-26,14:18,258.97,259.05,258.97,259.02,21354
AMZN,2026-08-26,14:19,259.02,259.04,258.97,258.97,13746
AMZN,2026-08-26,14:20,258.9799,259.08,258.9799,259.05,21214
AMZN,2026-08-26,14:21,259.02,259.02,258.89,258.9075,14437
AMZN,2026-08-26,14:22,258.9,258.9095,258.82,258.865,23045
AMZN,2026-08-26,14:23,258.865,258.88,258.7802,258.88,42944
AMZN,2026-08-26,14:24,258.87,258.89,258.83,258.84,22256
AMZN,2026-08-26,14:25,258.83,259.02,258.81,259.01,33973
AMZN,2026-08-26,14:26,259.01,259.02,258.94,258.9505,41231
AMZN,2026-08-26,14:27,258.9501,258.9501,258.89,258.9499,18252
AMZN,2026-08-26,14:28,258.935,258.94,258.87,258.92,22380
AMZN,2026-08-26,14:29,258.92,258.93,258.8,258.81,30428
AMZN,2026-08-26,14:30,258.795,258.895,258.78,258.86,33253
AMZN,2026-08-26,14:31,258.87,258.96,258.87,258.92,18364
AMZN,2026-08-26,14:32,258.92,258.93,258.855,258.9,27566
AMZN,2026-08-26,14:33,258.91,259.06,258.91,259.03,26935
AMZN,2026-08-26,14:34,259.035,259.035,258.9323,258.995,17002
AMZN,2026-08-26,14:35,258.99,259.01,258.95,258.97,15780
AMZN,2026-08-26,14:36,258.98,259,258.915,258.9699,23082
AMZN,2026-08-26,14:37,258.9699,258.98,258.88,258.915,17750
AMZN,2026-08-26,14:38,258.9,259.0484,258.88,259.0484,20744
AMZN,2026-08-26,14:39,259.02,259.06,258.965,258.98,18514
AMZN,2026-08-26,14:40,258.98,258.9899,258.935,258.97,10613
AMZN,2026-08-26,14:41,258.97,259.04,258.965,258.9921,20182
AMZN,2026-08-26,14:42,259,259.04,258.96,259,18980
AMZN,2026-08-26,14:43,258.99,259.05,258.95,258.965,18165
AMZN,2026-08-26,14:44,258.94,259.05,258.915,259.034,21182
AMZN,2026-08-26,14:45,259.0301,259.17,259.03,259.13,32496
AMZN,2026-08-26,14:46,259.115,259.115,259.02,259.08,29286
AMZN,2026-08-26,14:47,259.09,259.24,259.09,259.1749,44705
AMZN,2026-08-26,14:48,259.1401,259.16,259.04,259.07,49180
AMZN,2026-08-26,14:49,259.0595,259.095,258.98,258.98,52934
AMZN,2026-08-26,14:50,258.98,259.08,258.95,259.04,42223
AMZN,2026-08-26,14:51,259.04,259.07,259.02,259.07,44613
AMZN,2026-08-26,14:52,259.08,259.184,259.07,259.15,33898
AMZN,2026-08-26,14:53,259.13,259.28,259.11,259.25,57281
AMZN,2026-08-26,14:54,259.25,259.32,259.24,259.31,33138
AMZN,2026-08-26,14:55,259.31,259.355,259.16,259.18,36147
AMZN,2026-08-26,14:56,259.155,259.22,259.1385,259.19,22683
AMZN,2026-08-26,14:57,259.19,259.25,259.165,259.19,50005
AMZN,2026-08-26,14:58,259.1706,259.325,259.1706,259.28,52962
AMZN,2026-08-26,14:59,259.28,259.32,259.26,259.305,17465
AMZN,2026-08-26,15:00,259.3,259.486,259.28,259.4705,40241
AMZN,2026-08-26,15:01,259.5,259.665,259.48,259.62,54153
AMZN,2026-08-26,15:02,259.61,259.79,259.61,259.775,39778
AMZN,2026-08-26,15:03,259.775,259.915,259.7,259.8901,57440
AMZN,2026-08-26,15:04,259.8923,260.2,259.8923,260.2,76877
AMZN,2026-08-26,15:05,260.19,260.19,260.05,260.155,54644
AMZN,2026-08-26,15:06,260.17,260.34,260.16,260.32,38792
AMZN,2026-08-26,15:07,260.3,260.37,260.25,260.305,57187
AMZN,2026-08-26,15:08,260.33,260.36,260.095,260.22,51304
AMZN,2026-08-26,15:09,260.2287,260.24,260.1034,260.1034,23176
AMZN,2026-08-26,15:10,260.12,260.1252,259.9523,260.04,34107
AMZN,2026-08-26,15:11,260.07,260.08,259.96,260,34036
AMZN,2026-08-26,15:12,259.98,260.12,259.98,260.08,40668
AMZN,2026-08-26,15:13,260.08,260.14,260.054,260.07,23240
AMZN,2026-08-26,15:14,260.05,260.14,260.05,260.09,26026
AMZN,2026-08-26,15:15,260.07,260.2698,260.07,260.24,64337
AMZN,2026-08-26,15:16,260.26,260.37,260.26,260.33,42266
AMZN,2026-08-26,15:17,260.325,260.37,260.28,260.315,53488
AMZN,2026-08-26,15:18,260.31,260.3554,260.2,260.27,82694
AMZN,2026-08-26,15:19,260.255,260.27,260.12,260.2099,49771
AMZN,2026-08-26,15:20,260.1993,260.215,259.9805,260.02,46407
AMZN,2026-08-26,15:21,260.04,260.07,259.995,260.03,30393
AMZN,2026-08-26,15:22,260.05,260.07,260.02,260.04,23702
AMZN,2026-08-26,15:23,260.015,260.075,259.945,260.06,31698
AMZN,2026-08-26,15:24,260.055,260.09,260.0501,260.0899,22708
AMZN,2026-08-26,15:25,260.075,260.0999,260,260.06,27845
AMZN,2026-08-26,15:26,260.07,260.12,260.05,260.05,25479
AMZN,2026-08-26,15:27,260.04,260.06,259.965,259.965,29475
AMZN,2026-08-26,15:28,259.965,260,259.88,259.915,43707
AMZN,2026-08-26,15:29,259.91,259.94,259.8,259.83,41582
AMZN,2026-08-26,15:30,259.83,259.94,259.785,259.8399,59738
AMZN,2026-08-26,15:31,259.8,259.87,259.79,259.8184,31529
AMZN,2026-08-26,15:32,259.795,259.85,259.77,259.82,22817
AMZN,2026-08-26,15:33,259.84,259.9299,259.84,259.885,32430
AMZN,2026-08-26,15:34,259.9086,259.94,259.87,259.94,24539
AMZN,2026-08-26,15:35,259.935,260.01,259.91,260.01,35562
AMZN,2026-08-26,15:36,260.02,260.15,260.02,260.15,64563
AMZN,2026-08-26,15:37,260.11,260.125,260.06,260.115,33041
AMZN,2026-08-26,15:38,260.1,260.26,260.1,260.195,36110
AMZN,2026-08-26,15:39,260.2,260.27,260.18,260.27,28303
AMZN,2026-08-26,15:40,260.25,260.31,260.16,260.17,43604
AMZN,2026-08-26,15:41,260.17,260.22,260.11,260.22,30000
AMZN,2026-08-26,15:42,260.205,260.23,260.1701,260.2051,31758
AMZN,2026-08-26,15:43,260.2,260.32,260.2,260.29,66401
AMZN,2026-08-26,15:44,260.26,260.32,260.22,260.32,32573
AMZN,2026-08-26,15:45,260.29,260.31,260.211,260.285,36057
AMZN,2026-08-26,15:46,260.31,260.37,260.24,260.2799,45860
AMZN,2026-08-26,15:47,260.28,260.33,260.2,260.2198,60083
AMZN,2026-08-26,15:48,260.2,260.3,260.18,260.27,62496
AMZN,2026-08-26,15:49,260.2782,260.2782,260.1745,260.22,45828
AMZN,2026-08-26,15:50,260.27,260.27,260.1,260.15,67252
AMZN,2026-08-26,15:51,260.15,260.2,260.07,260.1999,104883
AMZN,2026-08-26,15:52,260.2,260.28,260.15,260.28,71440
AMZN,2026-08-26,15:53,260.24,260.26,259.99,260.1,117812
AMZN,2026-08-26,15:54,260.12,260.37,260.0701,260.3,117701
AMZN,2026-08-26,15:55,260.32,260.6,260.29,260.58,168028
AMZN,2026-08-26,15:56,260.585,260.74,260.5409,260.69,126050
AMZN,2026-08-26,15:57,260.675,260.75,260.48,260.49,184881
AMZN,2026-08-26,15:58,260.5,260.5,260.34,260.35,219675
AMZN,2026-08-26,15:59,260.35,260.42,260.1,260.28,451320
AMZN,2026-08-27,09:30,259.23,259.66,258.6,259.28,1224678
AMZN,2026-08-27,09:31,259.28,259.44,258.1,258.285,169961
AMZN,2026-08-27,09:32,258.225,258.26,257.63,257.98,187288
AMZN,2026-08-27,09:33,258.09,258.61,258.06,258.16,93435
AMZN,2026-08-27,09:34,258.2,258.265,257.92,258.04,157981
AMZN,2026-08-27,09:35,258.01,258.01,257.57,257.685,182843
AMZN,2026-08-27,09:36,257.7,257.73,257.1,257.21,177366
AMZN,2026-08-27,09:37,257.26,257.32,255.92,256.01,384392
AMZN,2026-08-27,09:38,256.04,256.17,255.71,255.83,179586
AMZN,2026-08-27,09:39,255.855,256.11,255.58,255.9913,188390
AMZN,2026-08-27,09:40,255.93,256.436,255.93,256.23,203908
AMZN,2026-08-27,09:41,256.25,256.78,256.25,256.5775,233728
AMZN,2026-08-27,09:42,256.58,257.04,256.54,257.04,201766
AMZN,2026-08-27,09:43,257.065,257.59,257.0366,257.55,184918
AMZN,2026-08-27,09:44,257.56,257.86,257.44,257.81,114231
AMZN,2026-08-27,09:45,257.845,258.5,257.815,258.395,182817
AMZN,2026-08-27,09:46,258.3892,258.6,257.96,258.055,211036
AMZN,2026-08-27,09:47,258.0501,258.145,257.72,257.92,128612
AMZN,2026-08-27,09:48,257.92,258.29,257.82,258.04,106031
AMZN,2026-08-27,09:49,258.04,258.1299,257.31,257.38,186864
AMZN,2026-08-27,09:50,257.36,257.5999,257.07,257.501,153190
AMZN,2026-08-27,09:51,257.5,257.58,257.32,257.47,66744
AMZN,2026-08-27,09:52,257.435,257.63,257.28,257.37,89308
AMZN,2026-08-27,09:53,257.35,257.6295,257.325,257.47,64421
AMZN,2026-08-27,09:54,257.4945,257.535,257.22,257.221,56568
AMZN,2026-08-27,09:55,257.25,257.6099,257.25,257.59,65040
AMZN,2026-08-27,09:56,257.57,257.57,257.07,257.105,76403
AMZN,2026-08-27,09:57,257.07,257.26,256.76,257.165,97693
AMZN,2026-08-27,09:58,257.17,257.21,256.92,257.04,56847
AMZN,2026-08-27,09:59,257.05,257.53,256.99,257.4802,76864
AMZN,2026-08-27,10:00,257.42,257.43,257.14,257.33,129879
AMZN,2026-08-27,10:01,257.29,257.29,256.9,256.92,90126
AMZN,2026-08-27,10:02,256.96,257.03,256.82,256.86,104154
AMZN,2026-08-27,10:03,256.92,256.9799,256.61,256.9799,139464
AMZN,2026-08-27,10:04,256.94,257.28,256.88,257.215,76391
AMZN,2026-08-27,10:05,257.1985,257.35,257.09,257.1,45124
AMZN,2026-08-27,10:06,257.1,257.3,256.89,256.895,59074
AMZN,2026-08-27,10:07,256.89,257.38,256.845,257.28,55282
AMZN,2026-08-27,10:08,257.2625,257.2925,257.08,257.23,30464
AMZN,2026-08-27,10:09,257.275,257.41,257.18,257.32,77155
AMZN,2026-08-27,10:10,257.305,257.63,257.3,257.6299,418208
AMZN,2026-08-27,10:11,257.53,257.6299,257.45,257.49,74206
AMZN,2026-08-27,10:12,257.49,257.55,257.38,257.392,57625
AMZN,2026-08-27,10:13,257.408,257.47,257.37,257.42,52686
AMZN,2026-08-27,10:14,257.425,257.45,257.2205,257.4,80234
AMZN,2026-08-27,10:15,257.3901,257.7299,257.34,257.34,84666
AMZN,2026-08-27,10:16,257.35,257.48,257.25,257.28,103106
AMZN,2026-08-27,10:17,257.25,257.43,257.205,257.365,74716
AMZN,2026-08-27,10:18,257.36,257.4,257.2,257.255,58649
AMZN,2026-08-27,10:19,257.22,257.2799,257.13,257.205,44276
AMZN,2026-08-27,10:20,257.205,257.24,257.04,257.165,72935
AMZN,2026-08-27,10:21,257.21,257.26,256.7501,256.7501,83838
AMZN,2026-08-27,10:22,256.82,257.275,256.785,257.275,90123
AMZN,2026-08-27,10:23,257.2859,257.4711,257.1597,257.1607,70988
AMZN,2026-08-27,10:24,257.16,257.3595,257.1,257.3595,75001
AMZN,2026-08-27,10:25,257.32,257.35,257.0589,257.075,51020
AMZN,2026-08-27,10:26,257.065,257.15,256.93,257.15,89430
AMZN,2026-08-27,10:27,257.0951,257.16,256.956,257.01,64202
AMZN,2026-08-27,10:28,257.03,257.215,257,257.2,105491
AMZN,2026-08-27,10:29,257.16,257.29,257.1,257.125,56876
AMZN,2026-08-27,10:30,257.125,257.25,256.93,256.941,53767
AMZN,2026-08-27,10:31,256.975,257.055,256.86,256.86,75311
AMZN,2026-08-27,10:32,256.88,257.06,256.68,256.7399,471467
AMZN,2026-08-27,10:33,256.7,256.93,256.65,256.85,69795
AMZN,2026-08-27,10:34,256.83,257.05,256.79,256.855,68996
AMZN,2026-08-27,10:35,256.855,257.1,256.855,256.97,85643
AMZN,2026-08-27,10:36,256.98,257.06,256.83,256.945,78555
AMZN,2026-08-27,10:37,256.9624,257.17,256.945,257.075,39796
AMZN,2026-08-27,10:38,257.075,257.225,256.94,257.225,72338
AMZN,2026-08-27,10:39,257.21,257.28,257.095,257.1,76334
AMZN,2026-08-27,10:40,257.095,257.17,257,257.04,71459
AMZN,2026-08-27,10:41,257.03,257.0898,256.7601,256.88,57976
AMZN,2026-08-27,10:42,256.8899,257,256.82,256.95,62125
AMZN,2026-08-27,10:43,256.925,256.9989,256.8,256.82,49007
AMZN,2026-08-27,10:44,256.8,256.87,256.56,256.73,66378
AMZN,2026-08-27,10:45,256.73,257.018,256.66,257.006,113882
AMZN,2026-08-27,10:46,256.9752,257.065,256.805,256.845,44997
AMZN,2026-08-27,10:47,256.81,256.8797,256.62,256.75,43859
AMZN,2026-08-27,10:48,256.755,256.97,256.73,256.945,37420
AMZN,2026-08-27,10:49,256.95,257.07,256.81,257.045,100316
AMZN,2026-08-27,10:50,257.04,257.0603,256.84,256.84,46059
AMZN,2026-08-27,10:51,256.85,256.867,256.7801,256.825,38993
AMZN,2026-08-27,10:52,256.83,257.09,256.8,257.05,95868
AMZN,2026-08-27,10:53,257,257.1,256.7601,256.94,58066
AMZN,2026-08-27,10:54,256.935,256.9495,256.69,256.84,58484
AMZN,2026-08-27,10:55,256.845,256.89,256.67,256.7401,153457
AMZN,2026-08-27,10:56,256.76,256.825,256.73,256.74,30908
AMZN,2026-08-27,10:57,256.74,256.76,256.55,256.76,133161
AMZN,2026-08-27,10:58,256.7,256.8328,256.65,256.7591,55111
AMZN,2026-08-27,10:59,256.74,256.86,256.66,256.78,66369
AMZN,2026-08-27,11:00,256.82,256.88,256.55,256.73,59220
AMZN,2026-08-27,11:01,256.67,256.775,256.5901,256.665,40133
AMZN,2026-08-27,11:02,256.665,256.7,256.59,256.63,38899
AMZN,2026-08-27,11:03,256.6,256.82,256.585,256.61,45342
AMZN,2026-08-27,11:04,256.62,257.19,256.62,257.145,75985
AMZN,2026-08-27,11:05,257.16,257.3,257.12,257.28,440045
AMZN,2026-08-27,11:06,257.28,257.3,257.09,257.17,54932
AMZN,2026-08-27,11:07,257.1899,257.22,256.98,257.135,73218
AMZN,2026-08-27,11:08,257.08,257.125,257.01,257.0851,36977
AMZN,2026-08-27,11:09,257.11,257.2,256.96,257.1722,49309
AMZN,2026-08-27,11:10,257.19,257.3,257.17,257.18,81036
AMZN,2026-08-27,11:11,257.218,257.24,257.08,257.21,37569
AMZN,2026-08-27,11:12,257.205,257.35,257.2,257.2417,47736
AMZN,2026-08-27,11:13,257.22,257.26,257.15,257.23,28048
AMZN,2026-08-27,11:14,257.2601,257.32,257.17,257.2546,44160
AMZN,2026-08-27,11:15,257.245,257.45,257.24,257.42,54347
AMZN,2026-08-27,11:16,257.44,257.55,257.33,257.335,48204
AMZN,2026-08-27,11:17,257.335,257.46,257.3,257.425,51130
AMZN,2026-08-27,11:18,257.425,257.52,257.3705,257.484,94383
AMZN,2026-08-27,11:19,257.5,257.58,257.36,257.36,69494
AMZN,2026-08-27,11:20,257.38,257.43,257.28,257.36,48838
AMZN,2026-08-27,11:21,257.37,257.47,257.31,257.35,65786
AMZN,2026-08-27,11:22,257.37,257.4,257.1801,257.295,37769
AMZN,2026-08-27,11:23,257.2838,257.295,257.035,257.125,52288
AMZN,2026-08-27,11:24,257.15,257.15,256.83,256.83,87687
AMZN,2026-08-27,11:25,256.84,256.8599,256.6001,256.71,55625
AMZN,2026-08-27,11:26,256.692,256.82,256.65,256.77,33753
AMZN,2026-08-27,11:27,256.76,256.87,256.68,256.7,29444
AMZN,2026-08-27,11:28,256.681,256.681,256.59,256.6399,31216
AMZN,2026-08-27,11:29,256.64,256.6451,256.39,256.42,67857
AMZN,2026-08-27,11:30,256.42,256.42,256.25,256.32,62248
AMZN,2026-08-27,11:31,256.32,256.33,256.16,256.23,51155
AMZN,2026-08-27,11:32,256.245,256.3699,256.19,256.34,40035
AMZN,2026-08-27,11:33,256.345,256.469,256.33,256.39,36240
AMZN,2026-08-27,11:34,256.415,256.415,256.2,256.31,42639
AMZN,2026-08-27,11:35,256.315,256.48,256.3001,256.3734,30747
AMZN,2026-08-27,11:36,256.39,256.41,256.34,256.39,31035
AMZN,2026-08-27,11:37,256.39,256.4496,256.25,256.3,36015
AMZN,2026-08-27,11:38,256.31,256.36,256.18,256.245,51246
AMZN,2026-08-27,11:39,256.2335,256.245,255.9,255.965,182055
AMZN,2026-08-27,11:40,255.965,256.125,255.87,256.12,62316
AMZN,2026-08-27,11:41,256.15,256.5,256.15,256.4999,46583
AMZN,2026-08-27,11:42,256.5,256.54,256.355,256.4,75537
AMZN,2026-08-27,11:43,256.43,256.4399,256.195,256.22,36255
AMZN,2026-08-27,11:44,256.215,256.215,256.08,256.085,30714
AMZN,2026-08-27,11:45,256.0894,256.15,256,256.125,43474
AMZN,2026-08-27,11:46,256.13,256.13,255.94,256.025,43593
AMZN,2026-08-27,11:47,256.025,256.16,256,256.1,53614
AMZN,2026-08-27,11:48,256.1,256.3485,256.1,256.32,41027
AMZN,2026-08-27,11:49,256.326,256.43,256.11,256.14,43774
AMZN,2026-08-27,11:50,256.13,256.28,256.1,256.2481,41537
AMZN,2026-08-27,11:51,256.23,256.41,256.19,256.34,26462
AMZN,2026-08-27,11:52,256.34,256.4499,256.2975,256.42,39443
AMZN,2026-08-27,11:53,256.425,256.46,256.275,256.44,33685
AMZN,2026-08-27,11:54,256.44,256.47,256.33,256.38,34704
AMZN,2026-08-27,11:55,256.36,256.455,256.31,256.36,35432
AMZN,2026-08-27,11:56,256.3699,256.37,256.26,256.34,29432
AMZN,2026-08-27,11:57,256.295,256.46,256.27,256.46,26351
AMZN,2026-08-27,11:58,256.425,256.44,256.32,256.35,32167
AMZN,2026-08-27,11:59,256.3443,256.37,256.295,256.345,31863
AMZN,2026-08-27,12:00,256.345,256.4,256.3,256.3091,46023
AMZN,2026-08-27,12:01,256.32,256.32,256.25,256.285,45248
AMZN,2026-08-27,12:02,256.29,256.37,256.24,256.27,40926
AMZN,2026-08-27,12:03,256.25,256.41,256.25,256.41,34102
AMZN,2026-08-27,12:04,256.418,256.47,256.34,256.385,38701
AMZN,2026-08-27,12:05,256.385,256.53,256.35,256.43,44505
AMZN,2026-08-27,12:06,256.41,256.48,256.37,256.4,19798
AMZN,2026-08-27,12:07,256.3813,256.43,256.34,256.35,35509
AMZN,2026-08-27,12:08,256.36,256.44,256.3201,256.3599,31516
AMZN,2026-08-27,12:09,256.37,256.5,256.37,256.496,32871
AMZN,2026-08-27,12:10,256.52,256.71,256.505,256.705,48808
AMZN,2026-08-27,12:11,256.708,256.75,256.44,256.5879,61382
AMZN,2026-08-27,12:12,256.5503,256.66,256.52,256.54,26179
AMZN,2026-08-27,12:13,256.525,256.56,256.341,256.36,50367
AMZN,2026-08-27,12:14,256.365,256.53,256.36,256.505,37872
AMZN,2026-08-27,12:15,256.505,256.6301,256.49,256.6301,47525
AMZN,2026-08-27,12:16,256.635,256.7092,256.52,256.58,36313
AMZN,2026-08-27,12:17,256.59,256.6,256.43,256.48,35625
AMZN,2026-08-27,12:18,256.4899,256.49,256.43,256.455,19872
AMZN,2026-08-27,12:19,256.44,256.51,256.4307,256.46,25582
AMZN,2026-08-27,12:20,256.46,256.5895,256.4106,256.46,27989
AMZN,2026-08-27,12:21,256.4899,256.62,256.39,256.465,71935
AMZN,2026-08-27,12:22,256.465,256.465,256.3,256.32,33769
AMZN,2026-08-27,12:23,256.32,256.365,256.2263,256.2263,46666
AMZN,2026-08-27,12:24,256.24,256.29,256.16,256.285,55490
AMZN,2026-08-27,12:25,256.31,256.39,256.26,256.26,25519
AMZN,2026-08-27,12:26,256.26,256.28,256.145,256.2114,30733
AMZN,2026-08-27,12:27,256.2,256.47,256.1589,256.47,26306
AMZN,2026-08-27,12:28,256.4549,256.5052,256.381,256.395,56066
AMZN,2026-08-27,12:29,256.41,256.53,256.41,256.46,45319
AMZN,2026-08-27,12:30,256.46,256.5,256.4,256.5,17716
AMZN,2026-08-27,12:31,256.48,256.55,256.39,256.39,41345
AMZN,2026-08-27,12:32,256.4,256.4,256.2925,256.3271,37376
AMZN,2026-08-27,12:33,256.36,256.36,256.28,256.35,37013
AMZN,2026-08-27,12:34,256.29,256.3099,256.2162,256.2556,27638
AMZN,2026-08-27,12:35,256.27,256.31,256.15,256.24,67602
AMZN,2026-08-27,12:36,256.23,256.27,256.22,256.22,46045
AMZN,2026-08-27,12:37,256.21,256.35,256.18,256.33,46309
AMZN,2026-08-27,12:38,256.345,256.4601,256.26,256.46,38001
AMZN,2026-08-27,12:39,256.44,256.54,256.4333,256.525,22879
AMZN,2026-08-27,12:40,256.54,256.59,256.44,256.44,33791
AMZN,2026-08-27,12:41,256.45,256.615,256.42,256.59,55557
AMZN,2026-08-27,12:42,256.575,256.575,256.49,256.55,54293
AMZN,2026-08-27,12:43,256.55,256.7,256.54,256.645,33068
AMZN,2026-08-27,12:44,256.645,256.67,256.5,256.54,179016
AMZN,2026-08-27,12:45,256.53,256.755,256.53,256.7,77571
AMZN,2026-08-27,12:46,256.71,256.7299,256.45,256.49,106900
AMZN,2026-08-27,12:47,256.465,256.48,256.25,256.3,57880
AMZN,2026-08-27,12:48,256.29,256.4,256.29,256.31,35329
AMZN,2026-08-27,12:49,256.305,256.34,256.23,256.285,44517
AMZN,2026-08-27,12:50,256.29,256.315,256.16,256.21,29248
AMZN,2026-08-27,12:51,256.21,256.23,256.0694,256.1,39330
AMZN,2026-08-27,12:52,256.1138,256.14,256.04,256.042,30869
AMZN,2026-08-27,12:53,256.04,256.11,255.923,256.06,98516
AMZN,2026-08-27,12:54,256.11,256.245,256.085,256.17,67322
AMZN,2026-08-27,12:55,256.165,256.205,256.1,256.19,40336
AMZN,2026-08-27,12:56,256.165,256.23,256.115,256.23,41931
AMZN,2026-08-27,12:57,256.25,256.32,256.095,256.12,50908
AMZN,2026-08-27,12:58,256.115,256.19,256.1,256.13,28810
AMZN,2026-08-27,12:59,256.135,256.31,256.11,256.303,41818
AMZN,2026-08-27,13:00,256.27,256.27,256.0393,256.05,41917
AMZN,2026-08-27,13:01,256.0599,256.1242,255.97,256.09,40918
AMZN,2026-08-27,13:02,256.0985,256.17,256.09,256.1,29980
AMZN,2026-08-27,13:03,256.09,256.11,255.98,256.11,40920
AMZN,2026-08-27,13:04,256.13,256.13,256.04,256.0797,31329
AMZN,2026-08-27,13:05,256.04,256.06,255.81,255.95,69554
AMZN,2026-08-27,13:06,255.95,255.97,255.84,255.85,51180
AMZN,2026-08-27,13:07,255.85,255.86,255.7,255.785,157554
AMZN,2026-08-27,13:08,255.785,255.88,255.75,255.845,57186
AMZN,2026-08-27,13:09,255.84,255.91,255.8,255.898,62316
AMZN,2026-08-27,13:10,255.9,256,255.865,255.865,47633
AMZN,2026-08-27,13:11,255.865,255.92,255.8101,255.83,41381
AMZN,2026-08-27,13:12,255.81,255.92,255.79,255.9,55965
AMZN,2026-08-27,13:13,255.8725,255.93,255.8351,255.915,39776
AMZN,2026-08-27,13:14,255.94,256.0201,255.9102,256.01,44498
AMZN,2026-08-27,13:15,256.0196,256.04,255.9347,255.9347,38517
AMZN,2026-08-27,13:16,255.96,256,255.83,255.83,40774
AMZN,2026-08-27,13:17,255.8321,255.8499,255.72,255.7698,46722
AMZN,2026-08-27,13:18,255.76,255.76,255.63,255.6709,88079
AMZN,2026-08-27,13:19,255.68,255.76,255.55,255.56,101085
AMZN,2026-08-27,13:20,255.565,255.59,255.44,255.535,143992
AMZN,2026-08-27,13:21,255.525,255.71,255.445,255.6401,127194
AMZN,2026-08-27,13:22,255.665,255.7,255.54,255.58,61052
AMZN,2026-08-27,13:23,255.585,255.7399,255.57,255.691,38808
AMZN,2026-08-27,13:24,255.74,255.775,255.69,255.725,64019
AMZN,2026-08-27,13:25,255.7261,255.74,255.63,255.66,31431
AMZN,2026-08-27,13:26,255.675,255.76,255.6,255.76,459375
AMZN,2026-08-27,13:27,255.785,255.83,255.75,255.79,48688
AMZN,2026-08-27,13:28,255.7898,255.93,255.775,255.86,67515
AMZN,2026-08-27,13:29,255.86,255.9297,255.785,255.9,334045
AMZN,2026-08-27,13:30,255.89,255.93,255.77,255.825,40606
AMZN,2026-08-27,13:31,255.8599,255.8599,255.7,255.71,35213
AMZN,2026-08-27,13:32,255.74,255.9081,255.735,255.869,32079
AMZN,2026-08-27,13:33,255.855,255.925,255.81,255.855,42856
AMZN,2026-08-27,13:34,255.88,255.88,255.72,255.73,32898
AMZN,2026-08-27,13:35,255.72,255.84,255.72,255.8,37653
AMZN,2026-08-27,13:36,255.82,255.86,255.8101,255.83,45814
AMZN,2026-08-27,13:37,255.84,255.89,255.831,255.865,26102
AMZN,2026-08-27,13:38,255.865,255.9221,255.8601,255.88,46214
AMZN,2026-08-27,13:39,255.9,256.01,255.78,255.96,72731
AMZN,2026-08-27,13:40,255.96,255.98,255.91,255.98,135366
AMZN,2026-08-27,13:41,255.99,256.04,255.9502,256.02,36185
AMZN,2026-08-27,13:42,256,256.1399,255.985,256.11,85176
AMZN,2026-08-27,13:43,256.11,256.19,256.06,256.146,62061
AMZN,2026-08-27,13:44,256.15,256.43,256.13,256.3,187964
AMZN,2026-08-27,13:45,256.3085,256.32,256.21,256.21,37680
AMZN,2026-08-27,13:46,256.23,256.2888,256.11,256.12,346604
AMZN,2026-08-27,13:47,256.16,256.19,256.02,256.045,41372
AMZN,2026-08-27,13:48,256.04,256.06,255.97,255.98,56254
AMZN,2026-08-27,13:49,255.975,255.975,255.86,255.89,41899
AMZN,2026-08-27,13:50,255.88,255.9041,255.835,255.835,51999
AMZN,2026-08-27,13:51,255.815,255.815,255.62,255.66,65061
AMZN,2026-08-27,13:52,255.66,255.66,255.49,255.6,95391
AMZN,2026-08-27,13:53,255.61,255.719,255.57,255.6,246081
AMZN,2026-08-27,13:54,255.58,255.8557,255.56,255.81,113501
AMZN,2026-08-27,13:55,255.85,255.9599,255.61,255.6204,95604
AMZN,2026-08-27,13:56,255.65,255.771,255.57,255.7662,33678
AMZN,2026-08-27,13:57,255.765,255.7697,255.61,255.645,76746
AMZN,2026-08-27,13:58,255.65,255.665,255.47,255.61,61207
AMZN,2026-08-27,13:59,255.63,255.88,255.61,255.88,39915
AMZN,2026-08-27,14:00,255.855,256.105,255.855,255.96,57659
AMZN,2026-08-27,14:01,255.92,255.95,255.38,255.42,75033
AMZN,2026-08-27,14:02,255.43,255.48,255.26,255.475,73035
AMZN,2026-08-27,14:03,255.51,255.613,255.4,255.578,55393
AMZN,2026-08-27,14:04,255.58,255.7338,255.578,255.66,40484
AMZN,2026-08-27,14:05,255.64,255.78,255.64,255.7556,39095
AMZN,2026-08-27,14:06,255.74,255.84,255.71,255.815,32275
AMZN,2026-08-27,14:07,255.815,255.815,255.66,255.75,84428
AMZN,2026-08-27,14:08,255.725,255.82,255.7,255.75,41416
AMZN,2026-08-27,14:09,255.75,255.8391,255.66,255.81,48719
AMZN,2026-08-27,14:10,255.81,255.83,255.6,255.646,61471
AMZN,2026-08-27,14:11,255.64,255.7691,255.63,255.69,56739
AMZN,2026-08-27,14:12,255.69,255.74,255.65,255.7373,26399
AMZN,2026-08-27,14:13,255.72,255.745,255.35,255.35,102641
AMZN,2026-08-27,14:14,255.365,255.365,255.12,255.1494,70983
AMZN,2026-08-27,14:15,255.13,255.33,255.13,255.265,41147
AMZN,2026-08-27,14:16,255.25,255.3,255.18,255.28,36157
AMZN,2026-08-27,14:17,255.27,255.33,255.24,255.285,35022
AMZN,2026-08-27,14:18,255.28,255.3949,255.26,255.32,46016
AMZN,2026-08-27,14:19,255.29,255.32,255.19,255.27,43426
AMZN,2026-08-27,14:20,255.27,255.5,255.24,255.4499,65689
AMZN,2026-08-27,14:21,255.45,255.45,255.345,255.375,23718
AMZN,2026-08-27,14:22,255.365,255.4,255.32,255.36,26122
AMZN,2026-08-27,14:23,255.37,255.37,255.2714,255.29,30821
AMZN,2026-08-27,14:24,255.29,255.36,255.23,255.345,33419
AMZN,2026-08-27,14:25,255.35,255.37,255.17,255.17,61353
AMZN,2026-08-27,14:26,255.175,255.21,255.11,255.13,43911
AMZN,2026-08-27,14:27,255.13,255.13,255.02,255.0899,94164
AMZN,2026-08-27,14:28,255.09,255.21,255.02,255.1023,59762
AMZN,2026-08-27,14:29,255.105,255.16,255.02,255.09,42383
AMZN,2026-08-27,14:30,255.095,255.24,255.095,255.21,30677
AMZN,2026-08-27,14:31,255.2,255.28,255.18,255.23,35283
AMZN,2026-08-27,14:32,255.22,255.33,255.2001,255.225,42547
AMZN,2026-08-27,14:33,255.2258,255.2399,255.16,255.16,33888
AMZN,2026-08-27,14:34,255.1694,255.21,255.15,255.195,31499
AMZN,2026-08-27,14:35,255.195,255.2899,255.17,255.2095,38853
AMZN,2026-08-27,14:36,255.2,255.24,255.17,255.24,21367
AMZN,2026-08-27,14:37,255.22,255.38,255.22,255.36,39707
AMZN,2026-08-27,14:38,255.38,255.4159,255.267,255.4,32605
AMZN,2026-08-27,14:39,255.3801,255.455,255.35,255.43,35830
AMZN,2026-08-27,14:40,255.43,255.6153,255.385,255.5901,48255
AMZN,2026-08-27,14:41,255.6,255.6,255.41,255.43,34310
AMZN,2026-08-27,14:42,255.43,255.4941,255.41,255.47,40868
AMZN,2026-08-27,14:43,255.49,255.52,255.4,255.43,36568
AMZN,2026-08-27,14:44,255.425,255.46,255.32,255.375,37255
AMZN,2026-08-27,14:45,255.39,255.45,255.3594,255.42,29219
AMZN,2026-08-27,14:46,255.4,255.54,255.4,255.49,21033
AMZN,2026-08-27,14:47,255.4706,255.5,255.42,255.445,24293
AMZN,2026-08-27,14:48,255.46,255.48,255.4101,255.4101,19103
AMZN,2026-08-27,14:49,255.42,255.43,255.2,255.2,57442
AMZN,2026-08-27,14:50,255.205,255.245,255.11,255.23,52137
AMZN,2026-08-27,14:51,255.255,255.34,255.2526,255.2918,43431
AMZN,2026-08-27,14:52,255.31,255.315,255.24,255.28,24532
AMZN,2026-08-27,14:53,255.28,255.3715,255.25,255.25,33719
AMZN,2026-08-27,14:54,255.25,255.3,255.2201,255.285,24315
AMZN,2026-08-27,14:55,255.28,255.4298,255.22,255.38,44032
AMZN,2026-08-27,14:56,255.37,255.37,255.28,255.3,27829
AMZN,2026-08-27,14:57,255.3,255.55,255.3,255.54,35763
AMZN,2026-08-27,14:58,255.545,255.63,255.52,255.62,44192
AMZN,2026-08-27,14:59,255.6027,255.625,255.5,255.54,28593
AMZN,2026-08-27,15:00,255.55,255.655,255.5145,255.56,34029
AMZN,2026-08-27,15:01,255.59,255.67,255.5401,255.66,58275
AMZN,2026-08-27,15:02,255.655,255.6895,255.5368,255.59,31871
AMZN,2026-08-27,15:03,255.5766,255.62,255.51,255.5637,26907
AMZN,2026-08-27,15:04,255.565,255.69,255.525,255.69,26830
AMZN,2026-08-27,15:05,255.7,255.84,255.65,255.67,60645
AMZN,2026-08-27,15:06,255.68,255.7275,255.54,255.6,36035
AMZN,2026-08-27,15:07,255.6,255.72,255.6,255.6422,25102
AMZN,2026-08-27,15:08,255.66,255.72,255.62,255.695,20818
AMZN,2026-08-27,15:09,255.71,255.75,255.66,255.69,39471
AMZN,2026-08-27,15:10,255.675,255.7226,255.65,255.665,38043
AMZN,2026-08-27,15:11,255.66,255.6799,255.63,255.67,24862
AMZN,2026-08-27,15:12,255.665,255.77,255.6305,255.71,35279
AMZN,2026-08-27,15:13,255.705,255.72,255.65,255.67,24420
AMZN,2026-08-27,15:14,255.635,255.77,255.625,255.66,35744
AMZN,2026-08-27,15:15,255.6799,255.73,255.66,255.72,29388
AMZN,2026-08-27,15:16,255.72,255.865,255.71,255.83,59715
AMZN,2026-08-27,15:17,255.84,255.8832,255.74,255.76,51884
AMZN,2026-08-27,15:18,255.76,255.82,255.7,255.8199,39652
AMZN,2026-08-27,15:19,255.82,255.82,255.74,255.77,32750
AMZN,2026-08-27,15:20,255.79,255.81,255.76,255.79,35900
AMZN,2026-08-27,15:21,255.78,255.83,255.73,255.82,64579
AMZN,2026-08-27,15:22,255.83,255.915,255.81,255.915,60308
AMZN,2026-08-27,15:23,255.91,256.0799,255.9,256.05,48960
AMZN,2026-08-27,15:24,256.045,256.08,255.94,255.965,52237
AMZN,2026-08-27,15:25,255.95,255.965,255.8,255.84,41967
AMZN,2026-08-27,15:26,255.86,255.88,255.81,255.825,46086
AMZN,2026-08-27,15:27,255.81,255.85,255.76,255.785,40589
AMZN,2026-08-27,15:28,255.795,255.8,255.66,255.72,63714
AMZN,2026-08-27,15:29,255.72,255.85,255.7,255.74,47506
AMZN,2026-08-27,15:30,255.73,255.895,255.73,255.8199,62355
AMZN,2026-08-27,15:31,255.81,255.8699,255.78,255.855,41892
AMZN,2026-08-27,15:32,255.84,255.92,255.8,255.92,172818
AMZN,2026-08-27,15:33,255.9,255.9999,255.885,255.95,43298
AMZN,2026-08-27,15:34,255.9101,256.02,255.91,256,46922
AMZN,2026-08-27,15:35,255.99,256.04,255.94,255.99,60869
AMZN,2026-08-27,15:36,255.9644,256.06,255.96,256.06,48155
AMZN,2026-08-27,15:37,256.05,256.2,256.01,256.2,67876
AMZN,2026-08-27,15:38,256.22,256.2299,256.1185,256.18,68472
AMZN,2026-08-27,15:39,256.16,256.21,256.13,256.21,62132
AMZN,2026-08-27,15:40,256.185,256.23,256.11,256.215,49202
AMZN,2026-08-27,15:41,256.21,256.43,256.2,256.3981,121883
AMZN,2026-08-27,15:42,256.4,256.68,256.37,256.63,95459
AMZN,2026-08-27,15:43,256.65,256.7799,256.6,256.77,98558
AMZN,2026-08-27,15:44,256.78,256.8754,256.75,256.845,116278
AMZN,2026-08-27,15:45,256.83,256.93,256.75,256.87,147029
AMZN,2026-08-27,15:46,256.88,256.95,256.822,256.8872,137909
AMZN,2026-08-27,15:47,256.895,257.03,256.825,256.84,177202
AMZN,2026-08-27,15:48,256.85,257,256.7701,257,87572
AMZN,2026-08-27,15:49,257.01,257.03,256.94,257.01,76934
AMZN,2026-08-27,15:50,256.97,256.995,256.695,256.93,159905
AMZN,2026-08-27,15:51,256.93,256.96,256.6601,256.7,120966
AMZN,2026-08-27,15:52,256.72,256.94,256.7,256.93,164813
AMZN,2026-08-27,15:53,256.94,257.08,256.87,256.91,142149
AMZN,2026-08-27,15:54,256.92,256.97,256.68,256.8,135541
AMZN,2026-08-27,15:55,256.81,256.83,256.36,256.37,175243
AMZN,2026-08-27,15:56,256.36,256.515,256.331,256.51,135934
AMZN,2026-08-27,15:57,256.51,256.57,256.26,256.325,168639
AMZN,2026-08-27,15:58,256.325,256.445,256.265,256.27,282138
AMZN,2026-08-27,15:59,256.28,256.36,256.11,256.22,640644
AMZN,2026-08-28,09:30,258.32,258.97,258,258.7301,1081741
AMZN,2026-08-28,09:31,258.77,259.55,258.54,258.96,368103
AMZN,2026-08-28,09:32,258.93,258.94,257.91,258.245,180066
AMZN,2026-08-28,09:33,258.25,258.35,257.78,258.086,121322
AMZN,2026-08-28,09:34,258.1099,258.7,257.91,258.6101,123662
AMZN,2026-08-28,09:35,258.655,258.77,258.34,258.47,114879
AMZN,2026-08-28,09:36,258.49,258.76,258.204,258.355,120740
AMZN,2026-08-28,09:37,258.41,258.86,258.3278,258.635,69500
AMZN,2026-08-28,09:38,258.72,258.7399,258.18,258.435,59138
AMZN,2026-08-28,09:39,258.45,258.58,258.3,258.35,46398
AMZN,2026-08-28,09:40,258.4,258.58,258.19,258.345,78992
AMZN,2026-08-28,09:41,258.3,258.52,258.11,258.45,56711
AMZN,2026-08-28,09:42,258.47,258.8,258.47,258.78,77564
AMZN,2026-08-28,09:43,258.765,259.08,258.6606,259.0601,83616
AMZN,2026-08-28,09:44,259.08,259.45,259,259.39,113509
AMZN,2026-08-28,09:45,259.42,259.49,259,259.1399,147770
AMZN,2026-08-28,09:46,259.075,259.13,258.85,258.85,76807
AMZN,2026-08-28,09:47,258.87,259.1899,258.74,259.1,82856
AMZN,2026-08-28,09:48,259.1,259.64,259.01,259.6,166525
AMZN,2026-08-28,09:49,259.5622,259.75,259.11,259.2201,138476
AMZN,2026-08-28,09:50,259.39,259.6,259.17,259.185,129647
AMZN,2026-08-28,09:51,259.2,259.36,258.8101,259.06,88692
AMZN,2026-08-28,09:52,259.07,259.75,259.05,259.67,128241
AMZN,2026-08-28,09:53,259.65,259.77,259.14,259.2101,128770
AMZN,2026-08-28,09:54,259.25,259.44,259.09,259.2441,59349
AMZN,2026-08-28,09:55,259.225,259.41,259.19,259.26,53840
AMZN,2026-08-28,09:56,259.225,259.32,259.15,259.25,61594
AMZN,2026-08-28,09:57,259.22,259.22,258.92,259.1,60644
AMZN,2026-08-28,09:58,259.1,259.14,258.955,259.06,36665
AMZN,2026-08-28,09:59,259.1,259.46,258.955,259.34,101168
AMZN,2026-08-28,10:00,259.33,260.26,258.99,260.135,255711
AMZN,2026-08-28,10:01,260.135,260.18,259.63,259.68,122155
AMZN,2026-08-28,10:02,259.685,260.03,259.6401,259.7,86022
AMZN,2026-08-28,10:03,259.74,259.79,259.5,259.5975,167938
AMZN,2026-08-28,10:04,259.61,259.785,259.32,259.785,89638
AMZN,2026-08-28,10:05,259.785,260.07,259.625,259.9649,126354
AMZN,2026-08-28,10:06,259.9475,260.22,259.755,260.2,101107
AMZN,2026-08-28,10:07,260.21,260.21,259.7003,260.07,133791
AMZN,2026-08-28,10:08,260.0713,260.17,259.655,259.885,75234
AMZN,2026-08-28,10:09,259.885,260.04,259.675,259.76,73844
AMZN,2026-08-28,10:10,259.76,260.1,259.6301,259.815,87180
AMZN,2026-08-28,10:11,259.76,260,259.67,259.815,111201
AMZN,2026-08-28,10:12,259.86,260.15,259.8,260.03,78813
AMZN,2026-08-28,10:13,260.03,260.0696,259.1962,259.205,110251
AMZN,2026-08-28,10:14,259.195,259.5,259.17,259.5,52312
AMZN,2026-08-28,10:15,259.49,259.68,259.24,259.26,83545
AMZN,2026-08-28,10:16,259.26,259.94,259.25,259.7782,79369
AMZN,2026-08-28,10:17,259.71,260.2,259.675,260.085,121306
AMZN,2026-08-28,10:18,260.09,260.38,260,260.25,131010
AMZN,2026-08-28,10:19,260.255,260.57,260.2357,260.5,99279
AMZN,2026-08-28,10:20,260.45,260.72,260.37,260.61,139904
AMZN,2026-08-28,10:21,260.6,260.975,260.54,260.88,124848
AMZN,2026-08-28,10:22,260.92,261.9,260.7401,261.7129,226883
AMZN,2026-08-28,10:23,261.7185,261.81,261.31,261.39,160059
AMZN,2026-08-28,10:24,261.3617,261.413,260.88,261.11,246025
AMZN,2026-08-28,10:25,261.1,261.25,260.76,260.76,123380
AMZN,2026-08-28,10:26,260.7948,260.905,260.41,260.59,172562
AMZN,2026-08-28,10:27,260.58,260.73,260.26,260.424,113520
AMZN,2026-08-28,10:28,260.43,260.4465,260.18,260.315,76357
AMZN,2026-08-28,10:29,260.29,260.885,260.24,260.84,76152
AMZN,2026-08-28,10:30,260.92,261.41,260.8506,261.11,123519
AMZN,2026-08-28,10:31,261.11,261.3,260.92,261.0799,66168
AMZN,2026-08-28,10:32,261.015,261.34,260.9326,260.985,129072
AMZN,2026-08-28,10:33,261.07,261.13,260.75,260.95,56997
AMZN,2026-08-28,10:34,261.025,261.2199,260.68,260.68,66918
AMZN,2026-08-28,10:35,260.71,261.07,260.63,261.045,72229
AMZN,2026-08-28,10:36,261.04,261.71,261.04,261.71,178945
AMZN,2026-08-28,10:37,261.69,261.8,261.56,261.685,142376
AMZN,2026-08-28,10:38,261.685,262.06,261.615,261.68,244036
AMZN,2026-08-28,10:39,261.71,262.17,261.69,262.166,145412
AMZN,2026-08-28,10:40,262.18,262.59,262.07,262.51,286934
AMZN,2026-08-28,10:41,262.47,262.51,262.2,262.3405,152111
AMZN,2026-08-28,10:42,262.365,262.77,262.365,262.715,179954
AMZN,2026-08-28,10:43,262.68,262.87,262.56,262.8,138177
AMZN,2026-08-28,10:44,262.82,263.475,262.76,263.42,372463
AMZN,2026-08-28,10:45,263.405,263.735,263.32,263.36,268495
AMZN,2026-08-28,10:46,263.42,263.98,263.36,263.9332,211178
AMZN,2026-08-28,10:47,263.94,264.1,263.78,263.99,247331
AMZN,2026-08-28,10:48,264.03,264.66,263.991,264.4042,304925
AMZN,2026-08-28,10:49,264.4134,264.52,264.14,264.42,175381
AMZN,2026-08-28,10:50,264.4062,264.82,264.27,264.775,229833
AMZN,2026-08-28,10:51,264.75,264.82,264.44,264.645,148062
AMZN,2026-08-28,10:52,264.6651,265.09,264.61,264.68,410765
AMZN,2026-08-28,10:53,264.685,264.91,264.43,264.885,210040
AMZN,2026-08-28,10:54,264.885,265.08,264.62,264.68,222398
AMZN,2026-08-28,10:55,264.655,264.8499,264.38,264.825,258562
AMZN,2026-08-28,10:56,264.85,265.08,264.77,264.85,172280
AMZN,2026-08-28,10:57,264.83,265.25,264.6725,265.175,186230
AMZN,2026-08-28,10:58,265.15,265.4289,264.95,265.2129,149289
AMZN,2026-08-28,10:59,265.215,265.3999,265.107,265.26,137796
AMZN,2026-08-28,11:00,265.245,265.62,265.09,265.61,236173
AMZN,2026-08-28,11:01,265.61,265.97,265.59,265.7586,264279
AMZN,2026-08-28,11:02,265.76,266.25,265.58,266.23,276063
AMZN,2026-08-28,11:03,266.23,266.25,265.72,266.1875,267691
AMZN,2026-08-28,11:04,266.21,266.4,266.1301,266.36,214739
AMZN,2026-08-28,11:05,266.34,266.76,266.31,266.5,319935
AMZN,2026-08-28,11:06,266.51,266.67,266.36,266.49,246539
AMZN,2026-08-28,11:07,266.52,267.1,266.44,266.94,274238
AMZN,2026-08-28,11:08,266.92,266.92,265.99,266.1,286035
AMZN,2026-08-28,11:09,266.14,266.1997,265.7,265.83,288871
AMZN,2026-08-28,11:10,265.86,266.05,265.7101,265.93,150715
AMZN,2026-08-28,11:11,265.975,266,265.4,265.83,246297
AMZN,2026-08-28,11:12,265.84,265.87,265.52,265.79,115135
AMZN,2026-08-28,11:13,265.77,265.855,265.56,265.745,125436
AMZN,2026-08-28,11:14,265.745,266,265.7,265.78,134313
AMZN,2026-08-28,11:15,265.79,266.3865,265.79,266.32,171924
AMZN,2026-08-28,11:16,266.27,266.6,266.18,266.25,214978
AMZN,2026-08-28,11:17,266.2555,266.62,266.04,266.45,177909
AMZN,2026-08-28,11:18,266.41,266.4315,265.94,265.955,82925
AMZN,2026-08-28,11:19,265.9596,265.96,265.71,265.765,90249
AMZN,2026-08-28,11:20,265.82,266.53,265.7801,266.43,134181
AMZN,2026-08-28,11:21,266.41,266.46,265.95,266.13,96929
AMZN,2026-08-28,11:22,266.11,266.24,266.028,266.15,78578
AMZN,2026-08-28,11:23,266.15,266.84,266.11,266.685,158130
AMZN,2026-08-28,11:24,266.685,266.95,266.67,266.78,157143
AMZN,2026-08-28,11:25,266.8376,266.87,266.52,266.825,110403
AMZN,2026-08-28,11:26,266.825,267.25,266.77,267.17,226614
AMZN,2026-08-28,11:27,267.15,267.19,266.62,266.68,123296
AMZN,2026-08-28,11:28,266.675,266.8199,266.42,266.61,132986
AMZN,2026-08-28,11:29,266.6246,266.89,266.5,266.85,84588
AMZN,2026-08-28,11:30,266.865,267.1195,266.69,267.0375,121651
AMZN,2026-08-28,11:31,267.0152,267.1739,266.85,266.875,110285
AMZN,2026-08-28,11:32,266.9,267.01,266.815,266.915,86357
AMZN,2026-08-28,11:33,266.894,267.13,266.89,267.075,87446
AMZN,2026-08-28,11:34,267.09,267.1603,266.75,266.895,76819
AMZN,2026-08-28,11:35,266.92,267.12,266.84,267.04,110341
AMZN,2026-08-28,11:36,267.075,267.24,266.95,267.125,126888
AMZN,2026-08-28,11:37,267.125,267.2282,266.935,267.065,67044
AMZN,2026-08-28,11:38,267.02,267.355,266.95,267.22,131046
AMZN,2026-08-28,11:39,267.245,267.34,267.0501,267.31,99383
AMZN,2026-08-28,11:40,267.31,267.56,267.15,267.16,174336
AMZN,2026-08-28,11:41,267.1925,267.195,266.7,267.0738,153486
AMZN,2026-08-28,11:42,267.14,267.2099,266.75,266.829,135188
AMZN,2026-08-28,11:43,266.8201,267.18,266.815,267.09,143660
AMZN,2026-08-28,11:44,267.11,267.17,266.6061,266.7499,140910
AMZN,2026-08-28,11:45,266.69,266.792,266.38,266.4305,256279
AMZN,2026-08-28,11:46,266.465,266.56,266.28,266.4067,254548
AMZN,2026-08-28,11:47,266.427,266.74,266.3601,266.43,166743
AMZN,2026-08-28,11:48,266.45,266.55,266.16,266.205,89964
AMZN,2026-08-28,11:49,266.22,266.23,265.84,266.1,170132
AMZN,2026-08-28,11:50,266.0632,266.28,265.9801,266.005,96874
AMZN,2026-08-28,11:51,265.98,266.055,265.66,265.745,136533
AMZN,2026-08-28,11:52,265.745,265.7997,265.35,265.445,181118
AMZN,2026-08-28,11:53,265.445,265.58,265.3,265.39,147417
AMZN,2026-08-28,11:54,265.365,265.7995,265.235,265.74,122269
AMZN,2026-08-28,11:55,265.77,265.904,265.6,265.605,104534
AMZN,2026-08-28,11:56,265.61,265.61,265.12,265.12,144934
AMZN,2026-08-28,11:57,265.126,265.22,265.03,265.13,159249
AMZN,2026-08-28,11:58,265.125,265.38,265.1,265.36,96263
AMZN,2026-08-28,11:59,265.36,265.5,265.19,265.415,106638
AMZN,2026-08-28,12:00,265.4,265.665,265.37,265.56,126327
AMZN,2026-08-28,12:01,265.54,265.59,265.17,265.43,148900
AMZN,2026-08-28,12:02,265.4,265.59,265.295,265.55,70729
AMZN,2026-08-28,12:03,265.56,265.91,265.45,265.8451,99892
AMZN,2026-08-28,12:04,265.85,265.9275,265.5601,265.66,97609
AMZN,2026-08-28,12:05,265.64,265.83,265.56,265.7972,94491
AMZN,2026-08-28,12:06,265.79,265.92,265.665,265.76,70543
AMZN,2026-08-28,12:07,265.81,266.08,265.7801,265.985,80997
AMZN,2026-08-28,12:08,266,266.1,265.8,266.055,63548
AMZN,2026-08-28,12:09,266.0362,266.29,266.01,266.11,111424
AMZN,2026-08-28,12:10,266.075,266.5487,266.025,266.53,107483
AMZN,2026-08-28,12:11,266.57,266.62,266.23,266.305,91183
AMZN,2026-08-28,12:12,266.33,266.45,266.16,266.215,78895
AMZN,2026-08-28,12:13,266.21,266.5958,266.17,266.5958,71765
AMZN,2026-08-28,12:14,266.6,266.91,266.58,266.77,132512
AMZN,2026-08-28,12:15,266.77,267.06,266.65,266.67,100571
AMZN,2026-08-28,12:16,266.67,266.6999,266.29,266.365,91039
AMZN,2026-08-28,12:17,266.33,266.405,266.27,266.375,58848
AMZN,2026-08-28,12:18,266.35,266.53,265.9712,266.16,81840
AMZN,2026-08-28,12:19,266.16,266.315,266.11,266.15,62162
AMZN,2026-08-28,12:20,266.175,266.4,265.975,266.105,103211
AMZN,2026-08-28,12:21,266.07,266.17,265.67,266.08,107326
AMZN,2026-08-28,12:22,266.035,266.07,265.565,265.565,60794
AMZN,2026-08-28,12:23,265.59,265.61,265.11,265.22,136240
AMZN,2026-08-28,12:24,265.225,265.225,264.71,265.005,125893
AMZN,2026-08-28,12:25,264.995,265.2,264.7901,265.175,78610
AMZN,2026-08-28,12:26,265.14,265.47,265.13,265.31,91685
AMZN,2026-08-28,12:27,265.325,265.62,265.325,265.62,58818
AMZN,2026-08-28,12:28,265.6293,266.0386,265.57,265.835,128584
AMZN,2026-08-28,12:29,265.835,265.96,265.77,265.85,64037
AMZN,2026-08-28,12:30,265.89,266.2866,265.795,266.275,90556
AMZN,2026-08-28,12:31,266.3,266.325,266.03,266.22,59789
AMZN,2026-08-28,12:32,266.2086,266.35,266.1,266.285,49655
AMZN,2026-08-28,12:33,266.29,266.3695,266.01,266.14,60741
AMZN,2026-08-28,12:34,266.14,266.16,265.9,265.91,90761
AMZN,2026-08-28,12:35,265.9,266.2,265.87,266.2,48937
AMZN,2026-08-28,12:36,266.1612,266.38,266.16,266.3,71687
AMZN,2026-08-28,12:37,266.32,266.33,266.14,266.27,37822
AMZN,2026-08-28,12:38,266.275,266.33,265.84,265.925,56568
AMZN,2026-08-28,12:39,265.9595,266.05,265.805,266,83287
AMZN,2026-08-28,12:40,266,266.0876,265.78,265.82,67715
AMZN,2026-08-28,12:41,265.78,265.79,265.54,265.54,56359
AMZN,2026-08-28,12:42,265.6,265.635,265.4501,265.495,82413
AMZN,2026-08-28,12:43,265.452,265.68,265.452,265.6,44949
AMZN,2026-08-28,12:44,265.575,265.64,265.415,265.57,55835
AMZN,2026-08-28,12:45,265.53,266.16,265.53,266.1599,112499
AMZN,2026-08-28,12:46,266.1,266.1899,265.9701,265.975,44080
AMZN,2026-08-28,12:47,265.94,266.07,265.74,265.83,93505
AMZN,2026-08-28,12:48,265.81,265.88,265.575,265.81,44715
AMZN,2026-08-28,12:49,265.7939,265.9499,265.7,265.925,59255
AMZN,2026-08-28,12:50,265.9604,265.97,265.6,265.63,46313
AMZN,2026-08-28,12:51,265.6564,265.79,265.6,265.72,37853
AMZN,2026-08-28,12:52,265.755,265.94,265.72,265.8711,38355
AMZN,2026-08-28,12:53,265.9,265.9,265.3901,265.67,137420
AMZN,2026-08-28,12:54,265.6401,265.79,265.3101,265.45,43019
AMZN,2026-08-28,12:55,265.48,265.51,265.27,265.405,52090
AMZN,2026-08-28,12:56,265.405,265.57,265.2,265.355,62840
AMZN,2026-08-28,12:57,265.355,265.52,265.25,265.475,34729
AMZN,2026-08-28,12:58,265.475,265.51,265.27,265.36,32587
AMZN,2026-08-28,12:59,265.38,265.415,265.12,265.18,51126
AMZN,2026-08-28,13:00,265.15,265.24,264.8601,265.05,100231
AMZN,2026-08-28,13:01,265.06,265.1599,264.94,264.95,75380
AMZN,2026-08-28,13:02,264.95,265.01,264.8201,264.89,657041
AMZN,2026-08-28,13:03,264.9247,265.1676,264.9,265.105,563108
AMZN,2026-08-28,13:04,265.105,265.15,264.88,264.915,42505
AMZN,2026-08-28,13:05,264.885,265.13,264.87,265.09,50270
AMZN,2026-08-28,13:06,265.13,265.145,264.76,264.8,62447
AMZN,2026-08-28,13:07,264.7607,264.905,264.69,264.7501,73452
AMZN,2026-08-28,13:08,264.79,264.83,264.55,264.6001,80992
AMZN,2026-08-28,13:09,264.65,264.76,264.51,264.605,72303
AMZN,2026-08-28,13:10,264.58,264.61,264.4301,264.485,96652
AMZN,2026-08-28,13:11,264.52,264.8299,264.39,264.785,85067
AMZN,2026-08-28,13:12,264.785,265.03,264.785,265.03,63668
AMZN,2026-08-28,13:13,264.985,265.31,264.92,265.265,66964
AMZN,2026-08-28,13:14,265.26,265.58,265.19,265.55,83248
AMZN,2026-08-28,13:15,265.54,265.57,265.35,265.4113,74522
AMZN,2026-08-28,13:16,265.4551,265.4551,265.1801,265.29,51643
AMZN,2026-08-28,13:17,265.295,265.5174,265.24,265.485,64399
AMZN,2026-08-28,13:18,265.5195,265.555,265.2201,265.29,46865
AMZN,2026-08-28,13:19,265.325,265.4799,265.295,265.365,35910
AMZN,2026-08-28,13:20,265.33,265.55,265.27,265.27,50227
AMZN,2026-08-28,13:21,265.3106,265.35,265.26,265.29,33332
AMZN,2026-08-28,13:22,265.32,265.35,265.0601,265.165,52540
AMZN,2026-08-28,13:23,265.16,265.5,265.1301,265.335,41670
AMZN,2026-08-28,13:24,265.36,265.49,265.3013,265.375,62968
AMZN,2026-08-28,13:25,265.39,265.4565,265.1101,265.23,46754
AMZN,2026-08-28,13:26,265.23,265.3499,265.18,265.315,18285
AMZN,2026-08-28,13:27,265.315,265.4,265.255,265.33,280282
AMZN,2026-08-28,13:28,265.38,265.47,265.3328,265.3328,31506
AMZN,2026-08-28,13:29,265.34,265.41,265.2101,265.26,42838
AMZN,2026-08-28,13:30,265.22,265.28,265.17,265.27,124755
AMZN,2026-08-28,13:31,265.22,265.3,265.1005,265.27,41248
AMZN,2026-08-28,13:32,265.275,265.29,265.11,265.29,26928
AMZN,2026-08-28,13:33,265.22,265.3607,265.185,265.19,36410
AMZN,2026-08-28,13:34,265.18,265.31,265.16,265.245,30488
AMZN,2026-08-28,13:35,265.25,265.33,265.14,265.235,37267
AMZN,2026-08-28,13:36,265.21,265.25,265.13,265.16,24236
AMZN,2026-08-28,13:37,265.155,265.2,264.91,264.93,59853
AMZN,2026-08-28,13:38,264.945,265.03,264.91,264.92,38893
AMZN,2026-08-28,13:39,264.92,265.12,264.87,264.915,68916
AMZN,2026-08-28,13:40,264.895,265,264.8101,264.985,28066
AMZN,2026-08-28,13:41,265.01,265.09,264.9,264.96,39229
AMZN,2026-08-28,13:42,264.92,265.27,264.83,265.24,64251
AMZN,2026-08-28,13:43,265.24,265.24,264.9101,265.1,53072
AMZN,2026-08-28,13:44,265.125,265.23,265.09,265.14,24069
AMZN,2026-08-28,13:45,265.1,265.155,265.05,265.155,20509
AMZN,2026-08-28,13:46,265.155,265.38,265.14,265.31,30112
AMZN,2026-08-28,13:47,265.35,265.55,265.22,265.42,45425
AMZN,2026-08-28,13:48,265.4526,265.48,265.3101,265.39,102456
AMZN,2026-08-28,13:49,265.38,265.46,265.34,265.385,39042
AMZN,2026-08-28,13:50,265.39,265.42,265.3,265.36,32648
AMZN,2026-08-28,13:51,265.32,265.44,265.31,265.375,38912
AMZN,2026-08-28,13:52,265.37,265.43,265.33,265.35,24841
AMZN,2026-08-28,13:53,265.36,265.4,265.17,265.235,165500
AMZN,2026-08-28,13:54,265.24,265.395,265.24,265.335,35642
AMZN,2026-08-28,13:55,265.35,265.42,265.0204,265.06,79547
AMZN,2026-08-28,13:56,265.1,265.17,265.0101,265.085,28040
AMZN,2026-08-28,13:57,265.13,265.1843,265.03,265.1,45625
AMZN,2026-08-28,13:58,265.105,265.49,265.085,265.38,38795
AMZN,2026-08-28,13:59,265.37,265.5,265.3,265.435,41738
AMZN,2026-08-28,14:00,265.4,265.4795,265.24,265.29,26348
AMZN,2026-08-28,14:01,265.335,265.4,265.27,265.345,36090
AMZN,2026-08-28,14:02,265.35,265.39,265.255,265.35,21805
AMZN,2026-08-28,14:03,265.35,265.36,265.13,265.1451,26534
AMZN,2026-08-28,14:04,265.135,265.1451,264.9801,265.05,38699
AMZN,2026-08-28,14:05,265.02,265.18,265.02,265.13,36362
AMZN,2026-08-28,14:06,265.07,265.08,264.83,264.8506,44971
AMZN,2026-08-28,14:07,264.8999,265.08,264.87,264.995,30373
AMZN,2026-08-28,14:08,264.9701,264.995,264.85,264.92,18196
AMZN,2026-08-28,14:09,264.91,265.11,264.9,265.08,44347
AMZN,2026-08-28,14:10,265.0905,265.23,265.07,265.17,29762
AMZN,2026-08-28,14:11,265.185,265.3,265.1,265.27,44421
AMZN,2026-08-28,14:12,265.3,265.35,265.15,265.235,34693
AMZN,2026-08-28,14:13,265.2305,265.33,265.11,265.2741,56071
AMZN,2026-08-28,14:14,265.255,265.29,265.095,265.11,26764
AMZN,2026-08-28,14:15,265.115,265.16,265.08,265.1,19000
AMZN,2026-08-28,14:16,265.08,265.23,265.06,265.07,34543
AMZN,2026-08-28,14:17,265.03,265.06,264.95,265,28828
AMZN,2026-08-28,14:18,265.02,265.145,265,265.0325,18019
AMZN,2026-08-28,14:19,265.035,265.06,264.95,265.015,18986
AMZN,2026-08-28,14:20,265.015,265.59,265.01,265.55,112116
AMZN,2026-08-28,14:21,265.52,265.63,265.4827,265.57,40462
AMZN,2026-08-28,14:22,265.575,265.63,265.495,265.535,71288
AMZN,2026-08-28,14:23,265.545,265.59,265.295,265.345,38204
AMZN,2026-08-28,14:24,265.3519,265.445,265.325,265.44,43965
AMZN,2026-08-28,14:25,265.445,265.5,265.23,265.26,40334
AMZN,2026-08-28,14:26,265.285,265.315,265.188,265.265,34618
AMZN,2026-08-28,14:27,265.3,265.43,265.295,265.3999,35339
AMZN,2026-08-28,14:28,265.3754,265.47,265.32,265.39,67706
AMZN,2026-08-28,14:29,265.42,265.45,265.28,265.3,44491
AMZN,2026-08-28,14:30,265.36,265.43,265.305,265.39,62602
AMZN,2026-08-28,14:31,265.37,265.51,265.2575,265.42,102393
AMZN,2026-08-28,14:32,265.38,265.48,265.36,265.39,50596
AMZN,2026-08-28,14:33,265.3899,265.3899,265.01,265.1009,46957
AMZN,2026-08-28,14:34,265.11,265.23,265.08,265.175,21025
AMZN,2026-08-28,14:35,265.1977,265.26,265.14,265.255,36134
AMZN,2026-08-28,14:36,265.242,265.29,265.13,265.175,30713
AMZN,2026-08-28,14:37,265.19,265.3,265.14,265.3,38220
AMZN,2026-08-28,14:38,265.3,265.35,265.2,265.255,23543
AMZN,2026-08-28,14:39,265.255,265.27,265.1801,265.2,36162
AMZN,2026-08-28,14:40,265.22,265.6849,265.2,265.665,57096
AMZN,2026-08-28,14:41,265.67,265.69,265.57,265.61,33299
AMZN,2026-08-28,14:42,265.63,265.67,265.505,265.6491,43790
AMZN,2026-08-28,14:43,265.635,265.66,265.4901,265.53,34047
AMZN,2026-08-28,14:44,265.55,265.7799,265.55,265.75,35275
AMZN,2026-08-28,14:45,265.7425,265.9,265.64,265.68,68184
AMZN,2026-08-28,14:46,265.655,265.655,265.5,265.52,56124
AMZN,2026-08-28,14:47,265.53,265.53,265.4008,265.46,841305
AMZN,2026-08-28,14:48,265.48,265.52,265.14,265.18,87135
AMZN,2026-08-28,14:49,265.19,265.33,265.19,265.2687,60913
AMZN,2026-08-28,14:50,265.245,265.2679,265.12,265.17,53260
AMZN,2026-08-28,14:51,265.16,265.37,265.15,265.17,77156
AMZN,2026-08-28,14:52,265.17,265.25,264.88,264.89,112103
AMZN,2026-08-28,14:53,264.885,265.1,264.815,265.065,69113
AMZN,2026-08-28,14:54,265.065,265.07,264.865,264.94,40340
AMZN,2026-08-28,14:55,264.93,265,264.77,264.93,49511
AMZN,2026-08-28,14:56,264.97,265.08,264.96,265.06,33136
AMZN,2026-08-28,14:57,265.07,265.1,264.95,265.0027,36217
AMZN,2026-08-28,14:58,265.0351,265.075,264.94,265.02,41995
AMZN,2026-08-28,14:59,265.05,265.21,265.02,265.15,64556
AMZN,2026-08-28,15:00,265.12,265.19,265,265.05,34468
AMZN,2026-08-28,15:01,265.04,265.24,265.04,265.24,61025
AMZN,2026-08-28,15:02,265.225,265.3,265.065,265.18,49419
AMZN,2026-08-28,15:03,265.18,265.255,265.1,265.23,25887
AMZN,2026-08-28,15:04,265.2,265.255,265.05,265.13,34253
AMZN,2026-08-28,15:05,265.13,265.245,265.05,265.21,36989
AMZN,2026-08-28,15:06,265.21,265.27,265.11,265.13,46347
AMZN,2026-08-28,15:07,265.13,265.19,265.05,265.19,35190
AMZN,2026-08-28,15:08,265.195,265.25,265.14,265.155,37213
AMZN,2026-08-28,15:09,265.1575,265.43,265.15,265.415,53759
AMZN,2026-08-28,15:10,265.415,265.47,265.29,265.3,39775
AMZN,2026-08-28,15:11,265.31,265.3553,265.22,265.29,43559
AMZN,2026-08-28,15:12,265.29,265.3973,265.26,265.3973,58913
AMZN,2026-08-28,15:13,265.38,265.43,265.29,265.405,70852
AMZN,2026-08-28,15:14,265.3952,265.46,265.34,265.405,30121
AMZN,2026-08-28,15:15,265.38,265.41,265.275,265.37,44519
AMZN,2026-08-28,15:16,265.37,265.4,265.3,265.33,41670
AMZN,2026-08-28,15:17,265.33,265.35,265.1501,265.175,42789
AMZN,2026-08-28,15:18,265.175,265.215,265.04,265.065,57451
AMZN,2026-08-28,15:19,265.05,265.1288,265,265.035,85529
AMZN,2026-08-28,15:20,265.02,265.24,265.0101,265.195,53554
AMZN,2026-08-28,15:21,265.2,265.4175,265.2,265.34,51070
AMZN,2026-08-28,15:22,265.35,265.37,265.2305,265.27,46237
AMZN,2026-08-28,15:23,265.2756,265.325,265.1675,265.2,39749
AMZN,2026-08-28,15:24,265.19,265.37,265.19,265.35,42148
AMZN,2026-08-28,15:25,265.36,265.43,265.3113,265.43,45977
AMZN,2026-08-28,15:26,265.44,265.68,265.435,265.66,80057
AMZN,2026-08-28,15:27,265.655,265.98,265.6502,265.945,89736
AMZN,2026-08-28,15:28,265.93,265.95,265.79,265.815,84628
AMZN,2026-08-28,15:29,265.82,266.06,265.76,266.04,96335
AMZN,2026-08-28,15:30,266.075,266.135,265.92,265.975,90268
AMZN,2026-08-28,15:31,265.975,266.0266,265.82,265.86,89870
AMZN,2026-08-28,15:32,265.845,265.92,265.795,265.8999,81245
AMZN,2026-08-28,15:33,265.88,265.95,265.68,265.762,131001
AMZN,2026-08-28,15:34,265.775,265.94,265.75,265.915,60548
AMZN,2026-08-28,15:35,265.89,265.89,265.7801,265.79,52586
AMZN,2026-08-28,15:36,265.7994,265.9398,265.77,265.9398,53613
AMZN,2026-08-28,15:37,265.92,265.97,265.89,265.92,64734
AMZN,2026-08-28,15:38,265.9,266.04,265.9,266,60572
AMZN,2026-08-28,15:39,266.03,266.13,265.9401,266.08,57472
AMZN,2026-08-28,15:40,266.09,266.1599,265.9901,266.05,96151
AMZN,2026-08-28,15:41,266.0584,266.29,266.02,266.275,77677
AMZN,2026-08-28,15:42,266.2602,266.35,266.2016,266.2301,70030
AMZN,2026-08-28,15:43,266.28,266.5,266.2563,266.36,88148
AMZN,2026-08-28,15:44,266.34,266.37,266.2322,266.2516,82075
AMZN,2026-08-28,15:45,266.26,266.34,266.1482,266.215,113499
AMZN,2026-08-28,15:46,266.21,266.315,266.1208,266.183,93489
AMZN,2026-08-28,15:47,266.1699,266.175,265.9,266.01,166091
AMZN,2026-08-28,15:48,266.02,266.03,265.7755,265.9,140358
AMZN,2026-08-28,15:49,265.88,266.03,265.81,266.01,101313
AMZN,2026-08-28,15:50,266.03,266.54,266.02,266.395,153347
AMZN,2026-08-28,15:51,266.41,266.5,266.3399,266.435,131369
AMZN,2026-08-28,15:52,266.45,266.54,266.355,266.403,133845
AMZN,2026-08-28,15:53,266.42,266.44,266.28,266.2801,119311
AMZN,2026-08-28,15:54,266.3,266.475,266.06,266.23,180919
AMZN,2026-08-28,15:55,266.21,266.53,266.1903,266.4796,270187
AMZN,2026-08-28,15:56,266.48,266.67,266.44,266.63,257753
AMZN,2026-08-28,15:57,266.65,266.69,266.5019,266.65,337432
AMZN,2026-08-28,15:58,266.66,266.73,266.515,266.57,314752
AMZN,2026-08-28,15:59,266.56,266.565,266.34,266.38,661780
AMZN,2026-08-31,09:30,263.825,264.26,263.0001,263.58,1259567
AMZN,2026-08-31,09:31,263.7,263.89,262.97,263.3,229545
AMZN,2026-08-31,09:32,263.3,263.435,262.6,263.175,130900
AMZN,2026-08-31,09:33,263.16,263.35,262.38,262.615,197492
AMZN,2026-08-31,09:34,262.5856,262.9399,261.94,261.96,186502
AMZN,2026-08-31,09:35,261.9995,262.53,261.8301,262.15,151382
AMZN,2026-08-31,09:36,262.15,262.3001,261.9301,262.185,143341
AMZN,2026-08-31,09:37,262.16,262.245,261.66,261.75,132056
AMZN,2026-08-31,09:38,261.73,261.9466,261.57,261.65,155375
AMZN,2026-08-31,09:39,261.67,262,261.615,261.94,124806
AMZN,2026-08-31,09:40,261.92,262.2,261.7,261.735,112070
AMZN,2026-08-31,09:41,261.73,261.74,261.3301,261.4999,148022
AMZN,2026-08-31,09:42,261.4895,261.8,261.26,261.6975,108165
AMZN,2026-08-31,09:43,261.73,261.82,261.33,261.45,83853
AMZN,2026-08-31,09:44,261.5,261.6599,261.47,261.485,57622
AMZN,2026-08-31,09:45,261.485,261.66,261.23,261.335,132518
AMZN,2026-08-31,09:46,261.32,261.78,261.28,261.78,63796
AMZN,2026-08-31,09:47,261.78,262.09,261.69,262.09,154969
AMZN,2026-08-31,09:48,262.085,262.12,261.47,261.695,113546
AMZN,2026-08-31,09:49,261.695,261.92,261.38,261.83,107035
AMZN,2026-08-31,09:50,261.8386,262.06,261.73,262.06,79829
AMZN,2026-08-31,09:51,262.06,262.18,261.83,262.18,100668
AMZN,2026-08-31,09:52,262.13,262.19,261.92,262.08,80238
AMZN,2026-08-31,09:53,262.05,262.36,261.98,262.2301,88982
AMZN,2026-08-31,09:54,262.29,262.38,262.07,262.28,101276
AMZN,2026-08-31,09:55,262.245,262.3295,262.0101,262.0101,80523
AMZN,2026-08-31,09:56,262.045,262.06,261.7712,261.8101,93934
AMZN,2026-08-31,09:57,261.915,261.9299,261.5,261.71,82508
AMZN,2026-08-31,09:58,261.745,261.81,261.3699,261.42,112216
AMZN,2026-08-31,09:59,261.43,261.46,261.07,261.17,135809
AMZN,2026-08-31,10:00,261.2,261.24,260.73,260.73,235255
AMZN,2026-08-31,10:01,260.73,260.845,260.35,260.745,217924
AMZN,2026-08-31,10:02,260.76,261.14,260.55,260.8507,108001
AMZN,2026-08-31,10:03,260.83,261.183,260.83,261.115,86410
AMZN,2026-08-31,10:04,261.13,261.1699,260.93,260.935,72948
AMZN,2026-08-31,10:05,260.94,261.17,260.92,261.17,65792
AMZN,2026-08-31,10:06,261.22,261.315,260.5105,260.53,144848
AMZN,2026-08-31,10:07,260.54,260.96,260.3629,260.89,109939
AMZN,2026-08-31,10:08,260.86,261.08,260.77,261.05,70775
AMZN,2026-08-31,10:09,261.0895,261.09,260.52,260.6,74096
AMZN,2026-08-31,10:10,260.64,260.665,260.48,260.5799,66220
AMZN,2026-08-31,10:11,260.5597,260.56,260.33,260.475,98122
AMZN,2026-08-31,10:12,260.44,260.68,260.3,260.315,123904
AMZN,2026-08-31,10:13,260.3175,260.34,260.22,260.29,91998
AMZN,2026-08-31,10:14,260.28,260.28,260.05,260.14,157681
AMZN,2026-08-31,10:15,260.13,260.22,259.97,260.165,250554
AMZN,2026-08-31,10:16,260.18,260.2798,259.95,260.115,110078
AMZN,2026-08-31,10:17,260.13,260.255,259.99,260.135,103174
AMZN,2026-08-31,10:18,260.16,260.3451,260.13,260.215,89665
AMZN,2026-08-31,10:19,260.215,260.34,260.17,260.32,66537
AMZN,2026-08-31,10:20,260.32,260.41,260.12,260.215,76244
AMZN,2026-08-31,10:21,260.235,260.35,260.16,260.31,69460
AMZN,2026-08-31,10:22,260.28,260.374,259.965,259.965,102461
AMZN,2026-08-31,10:23,259.95,259.98,259.716,259.87,149265
AMZN,2026-08-31,10:24,259.8899,259.96,259.75,259.79,92279
AMZN,2026-08-31,10:25,259.77,259.86,259.7455,259.84,102865
AMZN,2026-08-31,10:26,259.85,260.1525,259.73,260.045,116342
AMZN,2026-08-31,10:27,260.04,260.16,259.925,260.02,78102
AMZN,2026-08-31,10:28,260.02,260.1,259.916,260.02,57771
AMZN,2026-08-31,10:29,260.005,260.14,260.005,260.08,56913
AMZN,2026-08-31,10:30,260.05,260.17,259.8421,260.13,78013
AMZN,2026-08-31,10:31,260.12,260.2617,259.9787,260.09,51612
AMZN,2026-08-31,10:32,260.1,260.23,260.05,260.13,39041
AMZN,2026-08-31,10:33,260.115,260.243,260.055,260.19,37804
AMZN,2026-08-31,10:34,260.25,260.33,260.06,260.1,42953
AMZN,2026-08-31,10:35,260.1,260.2,259.92,260.185,73245
AMZN,2026-08-31,10:36,260.19,260.3999,260.1459,260.335,51119
AMZN,2026-08-31,10:37,260.335,260.36,260.075,260.075,51858
AMZN,2026-08-31,10:38,260.08,260.19,260,260.145,47392
AMZN,2026-08-31,10:39,260.1778,260.32,260.1619,260.32,34325
AMZN,2026-08-31,10:40,260.32,260.32,260.07,260.12,46308
AMZN,2026-08-31,10:41,260.1,260.2734,260.07,260.2,33921
AMZN,2026-08-31,10:42,260.26,260.38,260.24,260.36,40843
AMZN,2026-08-31,10:43,260.35,260.39,260.23,260.3,43273
AMZN,2026-08-31,10:44,260.31,260.3599,260.23,260.235,26475
AMZN,2026-08-31,10:45,260.235,260.235,260.07,260.17,63729
AMZN,2026-08-31,10:46,260.17,260.38,260.17,260.3699,36970
AMZN,2026-08-31,10:47,260.34,260.38,260.23,260.28,27973
AMZN,2026-08-31,10:48,260.26,260.325,260.1,260.125,33375
AMZN,2026-08-31,10:49,260.12,260.12,259.8753,259.895,79013
AMZN,2026-08-31,10:50,259.895,260.04,259.73,260.01,77143
AMZN,2026-08-31,10:51,260.03,260.17,259.94,260.16,41432
AMZN,2026-08-31,10:52,260.175,260.43,260.14,260.38,45174
AMZN,2026-08-31,10:53,260.395,260.58,260.365,260.55,80729
AMZN,2026-08-31,10:54,260.54,260.69,260.49,260.625,76154
AMZN,2026-08-31,10:55,260.62,260.62,260.42,260.565,66136
AMZN,2026-08-31,10:56,260.59,260.75,260.55,260.64,84269
AMZN,2026-08-31,10:57,260.62,260.935,260.61,260.8699,64905
AMZN,2026-08-31,10:58,260.86,260.91,260.79,260.84,115440
AMZN,2026-08-31,10:59,260.8201,260.9699,260.7839,260.875,36700
AMZN,2026-08-31,11:00,260.9,261.15,260.84,261,207220
AMZN,2026-08-31,11:01,261.03,261.1,260.85,260.965,63666
AMZN,2026-08-31,11:02,260.98,261.13,260.8309,260.87,47655
AMZN,2026-08-31,11:03,260.9,261.11,260.82,261.075,42245
AMZN,2026-08-31,11:04,261.075,261.22,261.02,261.2,51076
AMZN,2026-08-31,11:05,261.2,261.25,261.0782,261.16,60291
AMZN,2026-08-31,11:06,261.16,261.42,261.15,261.415,70114
AMZN,2026-08-31,11:07,261.415,261.47,261.3,261.35,50834
AMZN,2026-08-31,11:08,261.3101,261.49,261.3101,261.405,37557
AMZN,2026-08-31,11:09,261.43,261.465,261.32,261.4475,62237
AMZN,2026-08-31,11:10,261.435,261.65,261.35,261.61,49723
AMZN,2026-08-31,11:11,261.65,261.65,261.54,261.57,49045
AMZN,2026-08-31,11:12,261.59,261.75,261.585,261.73,61484
AMZN,2026-08-31,11:13,261.725,261.7809,261.58,261.6324,56631
AMZN,2026-08-31,11:14,261.64,261.72,261.5734,261.675,29288
AMZN,2026-08-31,11:15,261.675,261.81,261.53,261.595,73345
AMZN,2026-08-31,11:16,261.6199,261.6199,261.27,261.32,80900
AMZN,2026-08-31,11:17,261.34,261.42,261.24,261.4001,53879
AMZN,2026-08-31,11:18,261.4,261.5,261.231,261.46,38707
AMZN,2026-08-31,11:19,261.4781,261.57,261.42,261.545,33679
AMZN,2026-08-31,11:20,261.5324,261.545,261.3315,261.37,28662
AMZN,2026-08-31,11:21,261.33,261.49,261.29,261.41,120007
AMZN,2026-08-31,11:22,261.375,261.42,261.33,261.345,52386
AMZN,2026-08-31,11:23,261.34,261.455,261.275,261.43,27889
AMZN,2026-08-31,11:24,261.4523,261.6799,261.335,261.6799,36125
AMZN,2026-08-31,11:25,261.68,261.73,261.6,261.62,31951
AMZN,2026-08-31,11:26,261.64,261.68,261.5684,261.62,28731
AMZN,2026-08-31,11:27,261.5501,261.6799,261.53,261.65,32847
AMZN,2026-08-31,11:28,261.66,261.7,261.52,261.54,31762
AMZN,2026-08-31,11:29,261.525,261.64,261.5,261.5684,27337
AMZN,2026-08-31,11:30,261.55,261.58,261.24,261.24,63620
AMZN,2026-08-31,11:31,261.26,261.2899,260.83,260.95,99021
AMZN,2026-08-31,11:32,260.97,261.0434,260.9,260.97,31952
AMZN,2026-08-31,11:33,260.94,261.05,260.92,260.93,38069
AMZN,2026-08-31,11:34,260.93,261.03,260.85,260.99,36108
AMZN,2026-08-31,11:35,260.99,261.1599,260.99,261.02,28102
AMZN,2026-08-31,11:36,261.05,261.12,260.95,261.1099,20006
AMZN,2026-08-31,11:37,261.11,261.2,261.0901,261.0901,25351
AMZN,2026-08-31,11:38,261.12,261.18,261.03,261.09,30851
AMZN,2026-08-31,11:39,261.105,261.16,260.985,261.075,22938
AMZN,2026-08-31,11:40,261.11,261.22,261.1,261.1895,19653
AMZN,2026-08-31,11:41,261.18,261.18,261.11,261.165,25914
AMZN,2026-08-31,11:42,261.15,261.15,261,261.1,23724
AMZN,2026-08-31,11:43,261.13,261.19,261.02,261.04,17345
AMZN,2026-08-31,11:44,261.05,261.075,260.965,261.07,18638
AMZN,2026-08-31,11:45,261.1,261.1788,261.04,261.075,25433
AMZN,2026-08-31,11:46,261.09,261.1405,261.05,261.125,16328
AMZN,2026-08-31,11:47,261.13,261.13,260.87,260.875,26460
AMZN,2026-08-31,11:48,260.8601,260.95,260.8601,260.915,20864
AMZN,2026-08-31,11:49,260.8801,261.005,260.86,260.925,26435
AMZN,2026-08-31,11:50,260.94,261.0587,260.94,261.02,44398
AMZN,2026-08-31,11:51,261.0205,261.29,261.01,261.21,37057
AMZN,2026-08-31,11:52,261.18,261.24,261.18,261.235,29057
AMZN,2026-08-31,11:53,261.22,261.4399,261.19,261.32,40276
AMZN,2026-08-31,11:54,261.315,261.46,261.315,261.435,39330
AMZN,2026-08-31,11:55,261.435,261.5,261.295,261.34,62960
AMZN,2026-08-31,11:56,261.35,261.38,261.0702,261.0702,32159
AMZN,2026-08-31,11:57,261.105,261.2,261,261.13,35290
AMZN,2026-08-31,11:58,261.13,261.15,260.9675,260.995,33936
AMZN,2026-08-31,11:59,261.0065,261.035,260.87,260.91,27536
AMZN,2026-08-31,12:00,260.925,260.94,260.79,260.9,64383
AMZN,2026-08-31,12:01,260.86,260.96,260.825,260.945,42889
AMZN,2026-08-31,12:02,260.945,260.945,260.83,260.87,35099
AMZN,2026-08-31,12:03,260.86,260.88,260.7893,260.815,55161
AMZN,2026-08-31,12:04,260.83,260.93,260.72,260.81,51926
AMZN,2026-08-31,12:05,260.81,260.815,260.65,260.6701,31539
AMZN,2026-08-31,12:06,260.7099,260.975,260.675,260.95,28091
AMZN,2026-08-31,12:07,260.945,261,260.9201,260.965,19097
AMZN,2026-08-31,12:08,260.95,261.0699,260.905,261.025,27741
AMZN,2026-08-31,12:09,261.005,261.0778,260.965,261.0778,25095
AMZN,2026-08-31,12:10,261.04,261.195,261.01,261.1866,37319
AMZN,2026-08-31,12:11,261.1776,261.25,261.125,261.22,24577
AMZN,2026-08-31,12:12,261.225,261.25,261.16,261.21,29576
AMZN,2026-08-31,12:13,261.21,261.24,261.155,261.16,15326
AMZN,2026-08-31,12:14,261.165,261.2633,261.09,261.25,32689
AMZN,2026-08-31,12:15,261.265,261.34,261.18,261.315,37083
AMZN,2026-08-31,12:16,261.32,261.32,261.18,261.208,18559
AMZN,2026-08-31,12:17,261.19,261.19,261,261,27543
AMZN,2026-08-31,12:18,261,261.09,260.9625,261.02,26535
AMZN,2026-08-31,12:19,261.04,261.0799,260.94,261.0799,26623
AMZN,2026-08-31,12:20,261.05,261.1,261.01,261.08,31148
AMZN,2026-08-31,12:21,261.07,261.08,261,261.065,13178
AMZN,2026-08-31,12:22,261.015,261.02,260.81,260.86,29990
AMZN,2026-08-31,12:23,260.875,260.933,260.85,260.898,19375
AMZN,2026-08-31,12:24,260.91,261.03,260.875,260.985,47716
AMZN,2026-08-31,12:25,260.99,261.04,260.98,261.0352,30683
AMZN,2026-08-31,12:26,261,261.1,260.98,261.1,25478
AMZN,2026-08-31,12:27,261.1,261.1172,260.991,261.03,24992
AMZN,2026-08-31,12:28,261.025,261.07,260.99,261.01,16493
AMZN,2026-08-31,12:29,261.0201,261.045,260.88,260.95,17510
AMZN,2026-08-31,12:30,260.945,261.008,260.83,260.83,45595
AMZN,2026-08-31,12:31,260.82,260.9097,260.795,260.85,37919
AMZN,2026-08-31,12:32,260.845,260.8748,260.77,260.835,37752
AMZN,2026-08-31,12:33,260.86,260.86,260.7101,260.825,26985
AMZN,2026-08-31,12:34,260.835,260.9399,260.82,260.885,16033
AMZN,2026-08-31,12:35,260.88,260.97,260.862,260.93,27682
AMZN,2026-08-31,12:36,260.9314,260.9487,260.89,260.89,18918
AMZN,2026-08-31,12:37,260.88,260.9199,260.82,260.83,9642
AMZN,2026-08-31,12:38,260.87,260.9251,260.745,260.7799,20456
AMZN,2026-08-31,12:39,260.74,260.81,260.7,260.7396,34250
AMZN,2026-08-31,12:40,260.7,260.75,260.7,260.73,36404
AMZN,2026-08-31,12:41,260.745,260.96,260.745,260.9,17906
AMZN,2026-08-31,12:42,260.945,260.99,260.855,260.92,35970
AMZN,2026-08-31,12:43,260.925,260.925,260.84,260.855,30317
AMZN,2026-08-31,12:44,260.855,260.9,260.785,260.885,30284
AMZN,2026-08-31,12:45,260.885,261.15,260.885,261.135,67734
AMZN,2026-08-31,12:46,261.16,261.3,261.0985,261.23,66414
AMZN,2026-08-31,12:47,261.2151,261.25,261.1573,261.18,67047
AMZN,2026-08-31,12:48,261.185,261.3671,261.16,261.345,31951
AMZN,2026-08-31,12:49,261.345,261.48,261.2801,261.3,56584
AMZN,2026-08-31,12:50,261.305,261.329,261.21,261.245,43914
AMZN,2026-08-31,12:51,261.245,261.38,261.23,261.32,18865
AMZN,2026-08-31,12:52,261.31,261.382,261.26,261.26,16296
AMZN,2026-08-31,12:53,261.2411,261.3,261.16,261.185,37210
AMZN,2026-08-31,12:54,261.185,261.25,261.1,261.225,18480
AMZN,2026-08-31,12:55,261.22,261.225,261.1,261.19,42654
AMZN,2026-08-31,12:56,261.195,261.2999,261.195,261.25,19969
AMZN,2026-08-31,12:57,261.255,261.41,261.255,261.33,32218
AMZN,2026-08-31,12:58,261.3245,261.35,261.2,261.27,43432
AMZN,2026-08-31,12:59,261.22,261.3661,261.2082,261.3661,20824
AMZN,2026-08-31,13:00,261.345,261.6693,261.26,261.57,63797
AMZN,2026-08-31,13:01,261.55,261.55,261.3,261.33,79656
AMZN,2026-08-31,13:02,261.315,261.3499,261.18,261.2906,34445
AMZN,2026-08-31,13:03,261.31,261.31,261.2104,261.265,17108
AMZN,2026-08-31,13:04,261.2999,261.39,261.25,261.38,21147
AMZN,2026-08-31,13:05,261.405,261.49,261.315,261.35,22754
AMZN,2026-08-31,13:06,261.3401,261.3872,261.25,261.33,21157
AMZN,2026-08-31,13:07,261.305,261.35,261.16,261.255,23212
AMZN,2026-08-31,13:08,261.2207,261.25,261.01,261.035,64126
AMZN,2026-08-31,13:09,261.06,261.1,261.03,261.065,17545
AMZN,2026-08-31,13:10,261.095,261.185,261.07,261.185,17475
AMZN,2026-08-31,13:11,261.17,261.27,261.16,261.23,24864
AMZN,2026-08-31,13:12,261.29,261.38,261.24,261.3,20300
AMZN,2026-08-31,13:13,261.325,261.38,261.29,261.345,33000
AMZN,2026-08-31,13:14,261.35,261.45,261.31,261.4236,48795
AMZN,2026-08-31,13:15,261.4101,261.485,261.35,261.485,25964
AMZN,2026-08-31,13:16,261.4709,261.52,261.425,261.435,45403
AMZN,2026-08-31,13:17,261.44,261.45,261.301,261.31,41401
AMZN,2026-08-31,13:18,261.3001,261.34,261.22,261.23,18894
AMZN,2026-08-31,13:19,261.25,261.29,261.1507,261.2401,20822
AMZN,2026-08-31,13:20,261.265,261.27,261.195,261.195,16805
AMZN,2026-08-31,13:21,261.21,261.25,261.18,261.1939,14636
AMZN,2026-08-31,13:22,261.22,261.23,261.17,261.2,24213
AMZN,2026-08-31,13:23,261.21,261.27,261.2,261.235,21672
AMZN,2026-08-31,13:24,261.235,261.25,261.15,261.22,13532
AMZN,2026-08-31,13:25,261.17,261.175,260.76,260.84,65229
AMZN,2026-08-31,13:26,260.8345,260.915,260.77,260.89,26716
AMZN,2026-08-31,13:27,260.86,260.89,260.77,260.82,19415
AMZN,2026-08-31,13:28,260.815,260.83,260.73,260.795,29254
AMZN,2026-08-31,13:29,260.79,260.8199,260.74,260.795,19982
AMZN,2026-08-31,13:30,260.8,260.8699,260.78,260.82,32673
AMZN,2026-08-31,13:31,260.86,260.9,260.77,260.815,28572
AMZN,2026-08-31,13:32,260.77,260.77,260.65,260.74,57057
AMZN,2026-08-31,13:33,260.73,260.7595,260.68,260.73,23000
AMZN,2026-08-31,13:34,260.72,260.7491,260.63,260.63,25779
AMZN,2026-08-31,13:35,260.674,260.7675,260.67,260.69,54584
AMZN,2026-08-31,13:36,260.7,260.72,260.64,260.7,19716
AMZN,2026-08-31,13:37,260.718,260.78,260.71,260.72,17874
AMZN,2026-08-31,13:38,260.7,260.75,260.68,260.72,16965
AMZN,2026-08-31,13:39,260.725,260.885,260.7,260.885,28256
AMZN,2026-08-31,13:40,260.8673,260.89,260.79,260.89,30984
AMZN,2026-08-31,13:41,260.91,261,260.9,261,19191
AMZN,2026-08-31,13:42,261.005,261.0499,261,261.005,14082
AMZN,2026-08-31,13:43,261,261.09,260.9705,261.02,20807
AMZN,2026-08-31,13:44,261.06,261.06,260.9794,261.01,11133
AMZN,2026-08-31,13:45,261.04,261.0661,260.99,261.01,29015
AMZN,2026-08-31,13:46,261.035,261.0489,260.93,260.985,17107
AMZN,2026-08-31,13:47,261,261.05,260.9801,261.015,16447
AMZN,2026-08-31,13:48,261.05,261.09,260.98,261.0872,14996
AMZN,2026-08-31,13:49,261.13,261.238,261.105,261.105,45262
AMZN,2026-08-31,13:50,261.09,261.35,261.0801,261.325,26216
AMZN,2026-08-31,13:51,261.3311,261.38,261.3,261.325,25122
AMZN,2026-08-31,13:52,261.35,261.365,261.27,261.27,27645
AMZN,2026-08-31,13:53,261.27,261.29,261.17,261.28,20048
AMZN,2026-08-31,13:54,261.29,261.34,261.25,261.31,32902
AMZN,2026-08-31,13:55,261.3,261.3599,261.2,261.23,29104
AMZN,2026-08-31,13:56,261.23,261.23,261.13,261.16,26513
AMZN,2026-08-31,13:57,261.16,261.16,261.03,261.03,40346
AMZN,2026-08-31,13:58,261.08,261.1699,260.96,261.1,22457
AMZN,2026-08-31,13:59,261.09,261.11,261.05,261.07,18865
AMZN,2026-08-31,14:00,261.05,261.05,257.15,257.155,1187850
AMZN,2026-08-31,14:01,257.2,259.1,257.2,258.995,615022
AMZN,2026-08-31,14:02,258.995,259.25,258.32,258.535,352109
AMZN,2026-08-31,14:03,258.49,259.29,258.31,259.29,262956
AMZN,2026-08-31,14:04,259.26,259.74,258.99,259.5,234685
AMZN,2026-08-31,14:05,259.51,259.58,258.4105,258.46,208076
AMZN,2026-08-31,14:06,258.5,258.81,258.2,258.67,197199
AMZN,2026-08-31,14:07,258.67,258.77,258.3,258.6501,179751
AMZN,2026-08-31,14:08,258.675,259.2,258.6,259.17,135297
AMZN,2026-08-31,14:09,259.17,259.27,258.9,258.99,108041
AMZN,2026-08-31,14:10,259.02,259.07,258.38,258.535,136820
AMZN,2026-08-31,14:11,258.535,258.631,258.38,258.56,85781
AMZN,2026-08-31,14:12,258.585,258.63,258.0701,258.25,172686
AMZN,2026-08-31,14:13,258.27,258.51,258.17,258.33,85868
AMZN,2026-08-31,14:14,258.295,258.55,258.1024,258.3282,120577
AMZN,2026-08-31,14:15,258.23,258.6,258.135,258.49,110180
AMZN,2026-08-31,14:16,258.46,258.4999,258.2,258.295,108047
AMZN,2026-08-31,14:17,258.295,258.51,258.18,258.195,186595
AMZN,2026-08-31,14:18,258.27,258.8,258.25,258.68,179824
AMZN,2026-08-31,14:19,258.694,258.694,258.32,258.55,84768
AMZN,2026-08-31,14:20,258.52,258.574,258.3146,258.39,74057
AMZN,2026-08-31,14:21,258.36,258.36,258.01,258.05,141303
AMZN,2026-08-31,14:22,258.03,258.19,258.02,258.19,74969
AMZN,2026-08-31,14:23,258.13,258.2,258.03,258.05,72377
AMZN,2026-08-31,14:24,258.03,258.1599,257.77,257.78,150297
AMZN,2026-08-31,14:25,257.78,257.92,257.66,257.82,112600
AMZN,2026-08-31,14:26,257.8237,257.95,257.46,257.55,125465
AMZN,2026-08-31,14:27,257.5745,257.7851,257.39,257.5798,135980
AMZN,2026-08-31,14:28,257.54,257.97,257.54,257.665,134040
AMZN,2026-08-31,14:29,257.5901,257.89,257.5901,257.825,78940
AMZN,2026-08-31,14:30,257.85,258.17,257.7201,257.985,241354
AMZN,2026-08-31,14:31,257.98,258.12,257.75,257.87,114041
AMZN,2026-08-31,14:32,257.88,258,257.85,257.94,48847
AMZN,2026-08-31,14:33,257.93,258,257.8,257.86,56823
AMZN,2026-08-31,14:34,257.86,257.935,257.76,257.7895,55015
AMZN,2026-08-31,14:35,257.766,257.8701,257.61,257.6391,83140
AMZN,2026-08-31,14:36,257.6499,257.68,257.432,257.63,104130
AMZN,2026-08-31,14:37,257.6599,257.7799,257.6,257.73,74627
AMZN,2026-08-31,14:38,257.73,257.78,257.54,257.6,55627
AMZN,2026-08-31,14:39,257.6,257.9395,257.6,257.76,100739
AMZN,2026-08-31,14:40,257.76,258.03,257.65,257.98,94026
AMZN,2026-08-31,14:41,257.96,257.96,257.7,257.72,97054
AMZN,2026-08-31,14:42,257.73,257.86,257.7,257.83,31137
AMZN,2026-08-31,14:43,257.8451,257.87,257.37,257.565,102420
AMZN,2026-08-31,14:44,257.565,257.77,257.56,257.6599,54486
AMZN,2026-08-31,14:45,257.635,257.7318,257.5605,257.67,44166
AMZN,2026-08-31,14:46,257.69,257.83,257.62,257.745,52662
AMZN,2026-08-31,14:47,257.76,257.92,257.75,257.89,87986
AMZN,2026-08-31,14:48,257.89,258.41,257.89,258.325,212499
AMZN,2026-08-31,14:49,258.34,258.7,258.31,258.43,162836
AMZN,2026-08-31,14:50,258.43,258.455,258.29,258.32,79201
AMZN,2026-08-31,14:51,258.32,258.49,258.27,258.49,89749
AMZN,2026-08-31,14:52,258.485,258.6499,258.46,258.56,96965
AMZN,2026-08-31,14:53,258.56,258.635,258.46,258.55,55195
AMZN,2026-08-31,14:54,258.57,258.62,258.48,258.5,61599
AMZN,2026-08-31,14:55,258.505,258.55,258.2,258.385,62454
AMZN,2026-08-31,14:56,258.39,258.58,258.34,258.55,60154
AMZN,2026-08-31,14:57,258.556,258.65,258.48,258.54,60147
AMZN,2026-08-31,14:58,258.5207,258.58,258.4,258.435,54278
AMZN,2026-08-31,14:59,258.435,258.63,258.4,258.63,74370
AMZN,2026-08-31,15:00,258.62,258.78,258.59,258.77,79397
AMZN,2026-08-31,15:01,258.765,258.78,258.575,258.715,52965
AMZN,2026-08-31,15:02,258.72,258.78,258.69,258.7,63582
AMZN,2026-08-31,15:03,258.7,258.7,258.53,258.6,87338
AMZN,2026-08-31,15:04,258.59,258.633,258.565,258.58,46412
AMZN,2026-08-31,15:05,258.58,258.685,258.55,258.64,64686
AMZN,2026-08-31,15:06,258.635,258.665,258.31,258.63,94909
AMZN,2026-08-31,15:07,258.625,258.7499,258.61,258.73,47381
AMZN,2026-08-31,15:08,258.7103,258.76,258.56,258.59,61928
AMZN,2026-08-31,15:09,258.59,258.665,258.54,258.64,61979
AMZN,2026-08-31,15:10,258.67,258.8,258.67,258.74,67983
AMZN,2026-08-31,15:11,258.72,258.765,258.69,258.74,38220
AMZN,2026-08-31,15:12,258.775,258.8599,258.73,258.8,74353
AMZN,2026-08-31,15:13,258.8,258.8201,258.715,258.715,42049
AMZN,2026-08-31,15:14,258.715,258.79,258.7,258.735,47917
AMZN,2026-08-31,15:15,258.735,258.86,258.73,258.86,62400
AMZN,2026-08-31,15:16,258.88,259.18,258.86,259.09,169267
AMZN,2026-08-31,15:17,259.09,259.1797,259.05,259.092,58885
AMZN,2026-08-31,15:18,259.11,259.155,259,259.13,62129
AMZN,2026-08-31,15:19,259.13,259.165,259.09,259.11,49618
AMZN,2026-08-31,15:20,259.11,259.15,258.95,259.015,101108
AMZN,2026-08-31,15:21,259.02,259.09,258.94,259.03,54939
AMZN,2026-08-31,15:22,259.04,259.12,258.81,258.905,124146
AMZN,2026-08-31,15:23,258.896,259.04,258.896,258.95,53464
AMZN,2026-08-31,15:24,258.9599,259.08,258.95,258.9766,69462
AMZN,2026-08-31,15:25,258.99,258.995,258.87,258.94,60588
AMZN,2026-08-31,15:26,258.945,258.98,258.915,258.97,56650
AMZN,2026-08-31,15:27,258.9601,259.04,258.9601,259.0095,60876
AMZN,2026-08-31,15:28,258.995,259.025,258.7639,258.895,108223
AMZN,2026-08-31,15:29,258.895,258.9991,258.87,258.98,68475
AMZN,2026-08-31,15:30,258.98,259.0899,258.91,258.96,112136
AMZN,2026-08-31,15:31,258.96,259.07,258.91,258.97,95543
AMZN,2026-08-31,15:32,258.9799,259.14,258.9101,259.1,58939
AMZN,2026-08-31,15:33,259.1136,259.13,259.04,259.105,43084
AMZN,2026-08-31,15:34,259.12,259.32,259.1,259.3,71848
AMZN,2026-08-31,15:35,259.305,259.4381,259.28,259.34,90423
AMZN,2026-08-31,15:36,259.36,259.3799,259.14,259.17,88127
AMZN,2026-08-31,15:37,259.17,259.28,259.11,259.21,50840
AMZN,2026-08-31,15:38,259.23,259.34,259.18,259.32,78303
AMZN,2026-08-31,15:39,259.29,259.49,259.28,259.32,106933
AMZN,2026-08-31,15:40,259.33,259.345,259.255,259.2699,58097
AMZN,2026-08-31,15:41,259.255,259.37,259.19,259.335,72949
AMZN,2026-08-31,15:42,259.34,259.4499,259.32,259.35,105413
AMZN,2026-08-31,15:43,259.35,259.4417,259.33,259.425,77233
AMZN,2026-08-31,15:44,259.44,259.48,259.24,259.25,80226
AMZN,2026-08-31,15:45,259.23,259.4,259.122,259.35,82518
AMZN,2026-08-31,15:46,259.36,259.45,259.28,259.34,87934
AMZN,2026-08-31,15:47,259.345,259.63,259.33,259.41,395348
AMZN,2026-08-31,15:48,259.42,259.42,259.1265,259.1265,124948
AMZN,2026-08-31,15:49,259.15,259.475,259.1161,259.45,79455
AMZN,2026-08-31,15:50,259.47,261.39,259.47,260.55,651716
AMZN,2026-08-31,15:51,260.55,260.56,260.1,260.43,238838
AMZN,2026-08-31,15:52,260.44,260.535,260.13,260.19,247499
AMZN,2026-08-31,15:53,260.19,260.26,259.925,260,203869
AMZN,2026-08-31,15:54,259.98,260.42,259.57,260.28,370576
AMZN,2026-08-31,15:55,260.26,260.82,260.175,260.73,436348
AMZN,2026-08-31,15:56,260.74,260.9,260.46,260.52,420541
AMZN,2026-08-31,15:57,260.525,260.8,260.06,260.06,483139
AMZN,2026-08-31,15:58,260.09,260.14,259.84,259.88,453158
AMZN,2026-08-31,15:59,259.87,260.18,259.69,259.93,923647
AMZN,2026-09-01,09:30,254.83,255,253.24,253.29,2234755
AMZN,2026-09-01,09:31,253.25,253.54,252.3,252.5399,364483
AMZN,2026-09-01,09:32,252.48,252.99,251.93,252.8277,454803
AMZN,2026-09-01,09:33,252.92,254.275,252.87,254.105,262692
AMZN,2026-09-01,09:34,254.105,255.24,253.9551,255,255731
AMZN,2026-09-01,09:35,255.06,255.38,254.88,255.0975,224592
AMZN,2026-09-01,09:36,255.1,255.55,254.8801,254.98,182723
AMZN,2026-09-01,09:37,254.98,255.55,254.88,255.1013,117945
AMZN,2026-09-01,09:38,255.11,255.53,255.0701,255.345,118314
AMZN,2026-09-01,09:39,255.354,255.4899,254.73,254.9,135075
AMZN,2026-09-01,09:40,254.954,255.1976,254.5,254.55,122234
AMZN,2026-09-01,09:41,254.53,254.8,254.31,254.7313,111662
AMZN,2026-09-01,09:42,254.71,255.66,254.6,255.35,142352
AMZN,2026-09-01,09:43,255.425,255.5446,255.2005,255.44,100072
AMZN,2026-09-01,09:44,255.43,255.445,254.8727,254.91,89443
AMZN,2026-09-01,09:45,254.945,255.54,254.8701,255.385,100775
AMZN,2026-09-01,09:46,255.48,255.59,255.21,255.305,96740
AMZN,2026-09-01,09:47,255.27,255.34,255.14,255.1408,92732
AMZN,2026-09-01,09:48,255.17,255.32,254.93,255,93752
AMZN,2026-09-01,09:49,255.0496,255.62,254.94,255.58,135871
AMZN,2026-09-01,09:50,255.62,255.82,255.4,255.495,105008
AMZN,2026-09-01,09:51,255.495,255.64,255.4,255.425,80618
AMZN,2026-09-01,09:52,255.4,255.4,255.05,255.15,111760
AMZN,2026-09-01,09:53,255.18,255.22,255.02,255.145,60498
AMZN,2026-09-01,09:54,255.155,255.1999,254.92,255.14,64498
AMZN,2026-09-01,09:55,255.145,255.2599,254.9419,255.1569,110495
AMZN,2026-09-01,09:56,255.12,255.18,254.75,254.7901,131234
AMZN,2026-09-01,09:57,254.805,254.805,254.18,254.2,165185
AMZN,2026-09-01,09:58,254.16,254.265,253.81,253.8998,207536
AMZN,2026-09-01,09:59,253.89,254.18,253.81,254.013,153895
AMZN,2026-09-01,10:00,254.02,254.07,253.5501,253.855,254447
AMZN,2026-09-01,10:01,253.86,254.2,253.82,253.925,98555
AMZN,2026-09-01,10:02,253.93,254.03,253.69,253.8401,92924
AMZN,2026-09-01,10:03,253.86,254.08,253.82,253.945,88964
AMZN,2026-09-01,10:04,253.94,253.973,253.75,253.89,62216
AMZN,2026-09-01,10:05,253.8899,253.95,253.67,253.87,78654
AMZN,2026-09-01,10:06,253.89,254.01,253.8,253.9037,74055
AMZN,2026-09-01,10:07,253.9595,254.12,253.89,253.975,73205
AMZN,2026-09-01,10:08,253.97,254,253.66,253.7,129989
AMZN,2026-09-01,10:09,253.72,254.0482,253.7,253.985,97271
AMZN,2026-09-01,10:10,253.98,254.11,253.9,253.905,72048
AMZN,2026-09-01,10:11,253.9399,254.04,253.75,253.79,78998
AMZN,2026-09-01,10:12,253.79,253.9399,253.68,253.82,59196
AMZN,2026-09-01,10:13,253.86,253.86,253.68,253.74,74250
AMZN,2026-09-01,10:14,253.74,254.0783,253.72,253.99,73894
AMZN,2026-09-01,10:15,253.99,254.3099,253.99,254.215,86377
AMZN,2026-09-01,10:16,254.2499,254.3596,254.1103,254.235,97254
AMZN,2026-09-01,10:17,254.24,254.29,254.17,254.19,55142
AMZN,2026-09-01,10:18,254.19,254.27,254.02,254.08,49240
AMZN,2026-09-01,10:19,254.09,254.175,253.99,254.11,77353
AMZN,2026-09-01,10:20,254.145,254.425,254.03,254.27,52249
AMZN,2026-09-01,10:21,254.275,254.324,253.975,253.995,61007
AMZN,2026-09-01,10:22,253.98,254.2099,253.95,254.1,54150
AMZN,2026-09-01,10:23,254.06,254.1394,253.96,254.11,46783
AMZN,2026-09-01,10:24,254.05,254.18,254.02,254.12,66081
AMZN,2026-09-01,10:25,254.11,254.32,254.11,254.21,55254
AMZN,2026-09-01,10:26,254.21,254.25,254.15,254.21,34106
AMZN,2026-09-01,10:27,254.21,254.47,254.1775,254.455,82697
AMZN,2026-09-01,10:28,254.47,254.6,254.3,254.3942,84583
AMZN,2026-09-01,10:29,254.385,254.59,254.3,254.5562,52829
AMZN,2026-09-01,10:30,254.56,254.6499,254.43,254.62,75632
AMZN,2026-09-01,10:31,254.62,254.84,254.53,254.775,92250
AMZN,2026-09-01,10:32,254.74,254.83,254.66,254.77,60026
AMZN,2026-09-01,10:33,254.78,254.8799,254.575,254.575,87876
AMZN,2026-09-01,10:34,254.59,254.81,254.55,254.74,87029
AMZN,2026-09-01,10:35,254.77,254.89,254.625,254.6275,86261
AMZN,2026-09-01,10:36,254.68,254.75,254.5501,254.68,76791
AMZN,2026-09-01,10:37,254.6799,254.79,254.65,254.76,34576
AMZN,2026-09-01,10:38,254.76,254.92,254.7402,254.82,58761
AMZN,2026-09-01,10:39,254.83,255.18,254.8,255.06,82062
AMZN,2026-09-01,10:40,255.055,255.21,255.05,255.1,69803
AMZN,2026-09-01,10:41,255.13,255.285,255.09,255.102,52429
AMZN,2026-09-01,10:42,255.125,255.2482,255.0501,255.125,36604
AMZN,2026-09-01,10:43,255.0912,255.26,255.06,255.07,47204
AMZN,2026-09-01,10:44,255.07,255.07,254.65,254.7501,98511
AMZN,2026-09-01,10:45,254.77,254.86,254.575,254.685,75564
AMZN,2026-09-01,10:46,254.67,254.86,254.62,254.81,25027
AMZN,2026-09-01,10:47,254.805,254.805,254.5,254.5399,37594
AMZN,2026-09-01,10:48,254.52,254.65,254.52,254.6299,40449
AMZN,2026-09-01,10:49,254.615,254.6566,254.2,254.205,77411
AMZN,2026-09-01,10:50,254.205,254.39,254.108,254.21,72082
AMZN,2026-09-01,10:51,254.175,254.4493,254.175,254.325,90587
AMZN,2026-09-01,10:52,254.315,254.43,254.2534,254.29,56685
AMZN,2026-09-01,10:53,254.31,254.43,254.27,254.27,53929
AMZN,2026-09-01,10:54,254.275,254.63,254.275,254.6,69285
AMZN,2026-09-01,10:55,254.62,254.75,254.5699,254.69,39479
AMZN,2026-09-01,10:56,254.695,254.75,254.5721,254.63,35600
AMZN,2026-09-01,10:57,254.685,254.7199,254.31,254.395,49420
AMZN,2026-09-01,10:58,254.38,254.47,254.28,254.345,46958
AMZN,2026-09-01,10:59,254.34,254.4899,254.33,254.445,43061
AMZN,2026-09-01,11:00,254.44,254.63,254.395,254.485,38013
AMZN,2026-09-01,11:01,254.5051,254.54,254.32,254.415,47261
AMZN,2026-09-01,11:02,254.43,254.52,254.38,254.38,29351
AMZN,2026-09-01,11:03,254.38,254.38,254.16,254.18,64455
AMZN,2026-09-01,11:04,254.2,254.27,254.09,254.18,52468
AMZN,2026-09-01,11:05,254.17,254.24,253.97,254.095,156182
AMZN,2026-09-01,11:06,254.06,254.24,254.04,254.16,50573
AMZN,2026-09-01,11:07,254.15,254.28,254.14,254.23,61723
AMZN,2026-09-01,11:08,254.2137,254.225,254.09,254.11,46929
AMZN,2026-09-01,11:09,254.13,254.25,254.02,254.135,42305
AMZN,2026-09-01,11:10,254.14,254.4719,254.12,254.4719,52258
AMZN,2026-09-01,11:11,254.405,254.4499,254.3,254.37,51684
AMZN,2026-09-01,11:12,254.38,254.6,254.34,254.525,60051
AMZN,2026-09-01,11:13,254.525,254.8225,254.51,254.725,75650
AMZN,2026-09-01,11:14,254.725,254.96,254.64,254.67,45938
AMZN,2026-09-01,11:15,254.67,254.98,254.67,254.965,72436
AMZN,2026-09-01,11:16,254.95,255.29,254.945,255.2095,93745
AMZN,2026-09-01,11:17,255.19,255.335,254.9301,254.9768,83244
AMZN,2026-09-01,11:18,255.02,255.24,254.86,255.215,72447
AMZN,2026-09-01,11:19,255.21,255.24,255.0201,255.095,64363
AMZN,2026-09-01,11:20,255.1189,255.205,254.96,254.96,70166
AMZN,2026-09-01,11:21,254.965,255.0099,254.58,254.6059,59981
AMZN,2026-09-01,11:22,254.57,254.7228,254.54,254.62,44764
AMZN,2026-09-01,11:23,254.585,254.67,254.57,254.6,23402
AMZN,2026-09-01,11:24,254.595,254.66,254.5001,254.6399,40853
AMZN,2026-09-01,11:25,254.615,254.69,254.53,254.56,30772
AMZN,2026-09-01,11:26,254.56,254.62,254.52,254.575,45244
AMZN,2026-09-01,11:27,254.57,254.6199,254.5,254.58,27358
AMZN,2026-09-01,11:28,254.56,254.63,254.48,254.615,56022
AMZN,2026-09-01,11:29,254.6463,255.175,254.591,254.98,100383
AMZN,2026-09-01,11:30,255,255.1499,254.82,255.055,55297
AMZN,2026-09-01,11:31,255.04,255.13,254.84,254.96,32977
AMZN,2026-09-01,11:32,254.95,255.09,254.91,255.05,49165
AMZN,2026-09-01,11:33,254.9901,255.205,254.9901,255.05,56599
AMZN,2026-09-01,11:34,255.06,255.06,254.82,254.8451,46371
AMZN,2026-09-01,11:35,254.8425,255.08,254.82,255.02,70493
AMZN,2026-09-01,11:36,255.02,255.17,255.02,255.1001,43503
AMZN,2026-09-01,11:37,255.125,255.24,255.09,255.225,53120
AMZN,2026-09-01,11:38,255.225,255.31,255.14,255.215,56309
AMZN,2026-09-01,11:39,255.1965,255.3,255.115,255.175,36291
AMZN,2026-09-01,11:40,255.2,255.31,255.2,255.2,22587
AMZN,2026-09-01,11:41,255.25,255.3199,255.1401,255.19,46649
AMZN,2026-09-01,11:42,255.175,255.2299,255.0501,255.13,23129
AMZN,2026-09-01,11:43,255.1277,255.16,255.02,255.04,30719
AMZN,2026-09-01,11:44,255.01,255.0399,254.915,255,39640
AMZN,2026-09-01,11:45,255,255.14,254.96,255.03,29739
AMZN,2026-09-01,11:46,255.03,255.165,255,255.08,32109
AMZN,2026-09-01,11:47,255.075,255.2681,255.075,255.2006,43398
AMZN,2026-09-01,11:48,255.215,255.35,255.14,255.2,39847
AMZN,2026-09-01,11:49,255.165,255.27,255.13,255.258,18411
AMZN,2026-09-01,11:50,255.25,255.265,255.16,255.165,26672
AMZN,2026-09-01,11:51,255.165,255.3,255.13,255.26,36217
AMZN,2026-09-01,11:52,255.25,255.365,255.24,255.35,39483
AMZN,2026-09-01,11:53,255.36,255.53,255.3201,255.46,146356
AMZN,2026-09-01,11:54,255.46,255.5,255.3304,255.41,67658
AMZN,2026-09-01,11:55,255.4099,255.4799,255.23,255.34,42357
AMZN,2026-09-01,11:56,255.345,255.495,255.31,255.48,44019
AMZN,2026-09-01,11:57,255.44,255.445,255.27,255.285,24400
AMZN,2026-09-01,11:58,255.26,255.48,255.26,255.4202,29900
AMZN,2026-09-01,11:59,255.45,255.48,255.37,255.41,22573
AMZN,2026-09-01,12:00,255.425,255.4499,255.3801,255.42,18547
AMZN,2026-09-01,12:01,255.417,255.42,255.28,255.36,36911
AMZN,2026-09-01,12:02,255.36,255.37,255.25,255.335,36780
AMZN,2026-09-01,12:03,255.33,255.47,255.31,255.423,39016
AMZN,2026-09-01,12:04,255.42,255.45,255.38,255.395,29658
AMZN,2026-09-01,12:05,255.395,255.46,255.37,255.405,30543
AMZN,2026-09-01,12:06,255.38,255.405,255.08,255.09,35596
AMZN,2026-09-01,12:07,255.0901,255.2199,255.08,255.165,39569
AMZN,2026-09-01,12:08,255.165,255.21,254.9,254.9,62724
AMZN,2026-09-01,12:09,254.9426,254.967,254.72,254.77,53481
AMZN,2026-09-01,12:10,254.73,254.79,254.63,254.75,32766
AMZN,2026-09-01,12:11,254.76,254.7699,254.63,254.695,37432
AMZN,2026-09-01,12:12,254.69,254.8199,254.67,254.69,27882
AMZN,2026-09-01,12:13,254.71,254.8,254.71,254.7405,18807
AMZN,2026-09-01,12:14,254.77,254.77,254.6,254.6,29789
AMZN,2026-09-01,12:15,254.6,254.6,254.2,254.33,121909
AMZN,2026-09-01,12:16,254.35,254.49,254.2629,254.425,34123
AMZN,2026-09-01,12:17,254.425,254.4599,254.2,254.2,38235
AMZN,2026-09-01,12:18,254.155,254.32,254.14,254.23,51407
AMZN,2026-09-01,12:19,254.26,254.32,254.14,254.14,23537
AMZN,2026-09-01,12:20,254.165,254.22,254.12,254.15,37203
AMZN,2026-09-01,12:21,254.12,254.24,254,254.18,69820
AMZN,2026-09-01,12:22,254.19,254.42,254.18,254.24,49156
AMZN,2026-09-01,12:23,254.27,254.72,254.22,254.585,67279
AMZN,2026-09-01,12:24,254.56,254.5899,254.51,254.545,31926
AMZN,2026-09-01,12:25,254.56,254.63,254.54,254.61,32545
AMZN,2026-09-01,12:26,254.6,254.6,254.28,254.37,58707
AMZN,2026-09-01,12:27,254.34,254.435,254.25,254.295,48721
AMZN,2026-09-01,12:28,254.29,254.45,254.25,254.365,26866
AMZN,2026-09-01,12:29,254.375,254.4399,254.31,254.4,32127
AMZN,2026-09-01,12:30,254.39,254.44,254.2,254.2275,40081
AMZN,2026-09-01,12:31,254.225,254.225,254.11,254.16,45802
AMZN,2026-09-01,12:32,254.175,254.37,254.13,254.365,39149
AMZN,2026-09-01,12:33,254.34,254.73,254.305,254.705,56850
AMZN,2026-09-01,12:34,254.6626,254.7085,254.51,254.605,32717
AMZN,2026-09-01,12:35,254.57,254.69,254.54,254.69,29568
AMZN,2026-09-01,12:36,254.68,254.68,254.47,254.515,45095
AMZN,2026-09-01,12:37,254.515,254.5902,254.49,254.52,38116
AMZN,2026-09-01,12:38,254.55,254.635,254.48,254.585,51208
AMZN,2026-09-01,12:39,254.61,254.7991,254.6,254.775,42641
AMZN,2026-09-01,12:40,254.775,254.81,254.6,254.62,35146
AMZN,2026-09-01,12:41,254.6,254.73,254.6,254.675,46250
AMZN,2026-09-01,12:42,254.693,254.71,254.5101,254.58,50860
AMZN,2026-09-01,12:43,254.545,254.6265,254.435,254.47,41775
AMZN,2026-09-01,12:44,254.48,254.53,254.3,254.385,71200
AMZN,2026-09-01,12:45,254.37,254.534,254.36,254.534,36790
AMZN,2026-09-01,12:46,254.534,254.6,254.44,254.4511,31364
AMZN,2026-09-01,12:47,254.475,254.51,254.45,254.466,40999
AMZN,2026-09-01,12:48,254.46,254.5531,254.4101,254.5531,37006
AMZN,2026-09-01,12:49,254.51,254.56,254.4508,254.53,24100
AMZN,2026-09-01,12:50,254.51,254.55,254.44,254.515,17384
AMZN,2026-09-01,12:51,254.53,254.54,254.38,254.41,20537
AMZN,2026-09-01,12:52,254.43,254.5,254.405,254.4625,36772
AMZN,2026-09-01,12:53,254.42,254.4645,254.345,254.41,21005
AMZN,2026-09-01,12:54,254.37,254.41,254.2701,254.3,24145
AMZN,2026-09-01,12:55,254.3,254.3799,254.2701,254.29,29188
AMZN,2026-09-01,12:56,254.32,254.44,254.28,254.44,26416
AMZN,2026-09-01,12:57,254.4998,254.54,254.46,254.53,23023
AMZN,2026-09-01,12:58,254.55,254.6999,254.525,254.595,27051
AMZN,2026-09-01,12:59,254.619,254.7,254.5201,254.6482,18010
AMZN,2026-09-01,13:00,254.62,254.62,254.34,254.3501,36298
AMZN,2026-09-01,13:01,254.35,254.405,254.3,254.3299,35323
AMZN,2026-09-01,13:02,254.31,254.42,254.25,254.31,82159
AMZN,2026-09-01,13:03,254.31,254.35,254.26,254.295,21817
AMZN,2026-09-01,13:04,254.325,254.47,254.306,254.306,22654
AMZN,2026-09-01,13:05,254.33,254.535,254.33,254.5287,28613
AMZN,2026-09-01,13:06,254.55,254.56,254.46,254.535,30890
AMZN,2026-09-01,13:07,254.535,254.54,254.33,254.425,41404
AMZN,2026-09-01,13:08,254.39,254.41,254.315,254.315,45035
AMZN,2026-09-01,13:09,254.29,254.51,254.29,254.4587,29354
AMZN,2026-09-01,13:10,254.4469,254.56,254.4469,254.505,41718
AMZN,2026-09-01,13:11,254.49,254.59,254.49,254.54,18308
AMZN,2026-09-01,13:12,254.56,254.75,254.56,254.735,28904
AMZN,2026-09-01,13:13,254.75,254.8,254.7,254.74,53026
AMZN,2026-09-01,13:14,254.74,254.74,254.55,254.56,30659
AMZN,2026-09-01,13:15,254.56,254.68,254.56,254.655,25184
AMZN,2026-09-01,13:16,254.655,254.66,254.34,254.34,23872
AMZN,2026-09-01,13:17,254.35,254.36,254.29,254.33,29058
AMZN,2026-09-01,13:18,254.35,254.46,254.35,254.37,41093
AMZN,2026-09-01,13:19,254.385,254.55,254.35,254.435,38783
AMZN,2026-09-01,13:20,254.37,254.41,254.35,254.35,19071
AMZN,2026-09-01,13:21,254.365,254.4299,254.287,254.37,25303
AMZN,2026-09-01,13:22,254.39,254.405,254.3,254.35,15047
AMZN,2026-09-01,13:23,254.33,254.36,254.23,254.255,24024
AMZN,2026-09-01,13:24,254.23,254.4792,254.21,254.445,29064
AMZN,2026-09-01,13:25,254.44,254.46,253.95,254.225,99328
AMZN,2026-09-01,13:26,254.215,254.33,254.18,254.31,28762
AMZN,2026-09-01,13:27,254.305,254.47,254.27,254.45,44530
AMZN,2026-09-01,13:28,254.45,254.48,254.3201,254.345,27406
AMZN,2026-09-01,13:29,254.37,254.44,254.3,254.355,24829
AMZN,2026-09-01,13:30,254.39,254.45,254.3,254.415,28419
AMZN,2026-09-01,13:31,254.43,254.47,254.4,254.44,20550
AMZN,2026-09-01,13:32,254.435,254.49,254.39,254.39,20553
AMZN,2026-09-01,13:33,254.37,254.45,254.3,254.4176,21552
AMZN,2026-09-01,13:34,254.425,254.53,254.425,254.52,41811
AMZN,2026-09-01,13:35,254.52,254.69,254.5,254.595,42462
AMZN,2026-09-01,13:36,254.57,254.5783,254.44,254.5,21066
AMZN,2026-09-01,13:37,254.505,254.56,254.461,254.54,16854
AMZN,2026-09-01,13:38,254.52,254.52,254.43,254.445,14796
AMZN,2026-09-01,13:39,254.4258,254.5,254.41,254.41,24625
AMZN,2026-09-01,13:40,254.465,254.49,254.34,254.38,18864
AMZN,2026-09-01,13:41,254.35,254.54,254.34,254.47,14545
AMZN,2026-09-01,13:42,254.45,254.485,254.4,254.485,18484
AMZN,2026-09-01,13:43,254.4899,254.525,254.3764,254.3764,14668
AMZN,2026-09-01,13:44,254.385,254.56,254.37,254.52,17022
AMZN,2026-09-01,13:45,254.515,254.52,254.37,254.385,16106
AMZN,2026-09-01,13:46,254.395,254.4399,254.3,254.335,39428
AMZN,2026-09-01,13:47,254.34,254.4,254.32,254.385,20054
AMZN,2026-09-01,13:48,254.4,254.4,254.285,254.3004,37242
AMZN,2026-09-01,13:49,254.325,254.33,254.21,254.235,16139
AMZN,2026-09-01,13:50,254.23,254.51,254.2,254.5,93909
AMZN,2026-09-01,13:51,254.48,254.48,254.38,254.4294,30942
AMZN,2026-09-01,13:52,254.43,254.6,254.4141,254.57,23386
AMZN,2026-09-01,13:53,254.565,254.68,254.54,254.54,30514
AMZN,2026-09-01,13:54,254.52,254.6,254.49,254.57,28187
AMZN,2026-09-01,13:55,254.565,254.73,254.565,254.72,15511
AMZN,2026-09-01,13:56,254.72,254.72,254.48,254.515,53318
AMZN,2026-09-01,13:57,254.53,254.535,254.47,254.51,16926
AMZN,2026-09-01,13:58,254.55,254.61,254.525,254.6,16606
AMZN,2026-09-01,13:59,254.6,254.7,254.58,254.67,23129
AMZN,2026-09-01,14:00,254.67,254.75,254.39,254.455,55555
AMZN,2026-09-01,14:01,254.455,254.615,254.2,254.535,52616
AMZN,2026-09-01,14:02,254.54,254.6,254.4,254.415,35085
AMZN,2026-09-01,14:03,254.45,254.59,254.44,254.49,20093
AMZN,2026-09-01,14:04,254.47,254.47,254.35,254.4299,27834
AMZN,2026-09-01,14:05,254.405,254.405,254.25,254.275,27773
AMZN,2026-09-01,14:06,254.26,254.3799,254.22,254.225,31459
AMZN,2026-09-01,14:07,254.21,254.33,254.17,254.31,55906
AMZN,2026-09-01,14:08,254.33,254.4899,254.27,254.46,23310
AMZN,2026-09-01,14:09,254.49,254.63,254.42,254.585,50615
AMZN,2026-09-01,14:10,254.59,254.62,254.525,254.545,41165
AMZN,2026-09-01,14:11,254.545,254.6108,254.505,254.6108,28805
AMZN,2026-09-01,14:12,254.61,254.68,254.61,254.655,18946
AMZN,2026-09-01,14:13,254.63,254.85,254.63,254.82,59903
AMZN,2026-09-01,14:14,254.79,254.8198,254.67,254.715,46978
AMZN,2026-09-01,14:15,254.7,254.95,254.7,254.95,34022
AMZN,2026-09-01,14:16,254.9435,255.15,254.94,255.0437,36148
AMZN,2026-09-01,14:17,255.01,255.3,255.01,255.255,59182
AMZN,2026-09-01,14:18,255.255,255.29,255.1105,255.15,33694
AMZN,2026-09-01,14:19,255.17,255.24,255.01,255.1,26408
AMZN,2026-09-01,14:20,255.1,255.16,255.015,255.06,18705
AMZN,2026-09-01,14:21,255.08,255.1,255,255.065,38129
AMZN,2026-09-01,14:22,255.09,255.2565,255.08,255.235,37730
AMZN,2026-09-01,14:23,255.23,255.27,255.2,255.26,45725
AMZN,2026-09-01,14:24,255.26,255.38,255.26,255.34,25729
AMZN,2026-09-01,14:25,255.31,255.363,255.24,255.32,29423
AMZN,2026-09-01,14:26,255.33,255.41,255.11,255.135,58612
AMZN,2026-09-01,14:27,255.1299,255.1299,254.95,255.01,38606
AMZN,2026-09-01,14:28,254.95,254.95,254.7702,254.82,27886
AMZN,2026-09-01,14:29,254.855,254.935,254.83,254.905,30062
AMZN,2026-09-01,14:30,254.905,255.025,254.79,254.935,63446
AMZN,2026-09-01,14:31,254.935,254.96,254.71,254.8399,50702
AMZN,2026-09-01,14:32,254.815,254.975,254.81,254.975,69496
AMZN,2026-09-01,14:33,255,255,254.81,254.81,26582
AMZN,2026-09-01,14:34,254.81,254.87,254.73,254.82,38094
AMZN,2026-09-01,14:35,254.8,254.82,254.68,254.68,29766
AMZN,2026-09-01,14:36,254.715,254.73,254.58,254.58,25504
AMZN,2026-09-01,14:37,254.59,254.67,254.59,254.61,35187
AMZN,2026-09-01,14:38,254.615,254.805,254.58,254.67,35102
AMZN,2026-09-01,14:39,254.67,254.74,254.5951,254.71,19463
AMZN,2026-09-01,14:40,254.685,254.74,254.64,254.64,30178
AMZN,2026-09-01,14:41,254.66,254.69,254.5,254.5,46101
AMZN,2026-09-01,14:42,254.4987,254.5491,254.425,254.43,23190
AMZN,2026-09-01,14:43,254.45,254.47,254.32,254.34,26993
AMZN,2026-09-01,14:44,254.335,254.4,254.29,254.32,27468
AMZN,2026-09-01,14:45,254.33,254.37,254.14,254.1601,61037
AMZN,2026-09-01,14:46,254.17,254.31,254.16,254.27,60519
AMZN,2026-09-01,14:47,254.27,254.3099,254.11,254.27,50459
AMZN,2026-09-01,14:48,254.27,254.27,253.95,254.02,102462
AMZN,2026-09-01,14:49,254.01,254.15,254.01,254.13,46825
AMZN,2026-09-01,14:50,254.0701,254.1249,254,254.04,37183
AMZN,2026-09-01,14:51,254.04,254.165,253.99,254.01,51836
AMZN,2026-09-01,14:52,254.02,254.08,253.99,254.05,31361
AMZN,2026-09-01,14:53,254.065,254.08,253.95,253.985,32356
AMZN,2026-09-01,14:54,254,254.06,253.95,254.01,35891
AMZN,2026-09-01,14:55,254,254.09,253.96,254.03,26605
AMZN,2026-09-01,14:56,254.03,254.1297,253.96,254.05,28180
AMZN,2026-09-01,14:57,254.0791,254.1256,254.02,254.07,23487
AMZN,2026-09-01,14:58,254.08,254.19,254.05,254.105,27298
AMZN,2026-09-01,14:59,254.11,254.19,254.06,254.13,41286
AMZN,2026-09-01,15:00,254.14,254.21,254.0754,254.17,47189
AMZN,2026-09-01,15:01,254.16,254.1799,254.035,254.105,33324
AMZN,2026-09-01,15:02,254.12,254.17,254.01,254.06,24928
AMZN,2026-09-01,15:03,254.075,254.18,254.02,254.17,25845
AMZN,2026-09-01,15:04,254.16,254.28,254.15,254.185,28955
AMZN,2026-09-01,15:05,254.19,254.34,254.11,254.13,39675
AMZN,2026-09-01,15:06,254.1,254.39,254.1,254.3,45289
AMZN,2026-09-01,15:07,254.3,254.3,254.15,254.19,25516
AMZN,2026-09-01,15:08,254.17,254.1999,254.075,254.155,28777
AMZN,2026-09-01,15:09,254.14,254.15,254.04,254.07,45276
AMZN,2026-09-01,15:10,254.09,254.2,254.065,254.1703,31971
AMZN,2026-09-01,15:11,254.185,254.3499,254.17,254.2545,48225
AMZN,2026-09-01,15:12,254.245,254.257,254.1101,254.2327,36643
AMZN,2026-09-01,15:13,254.225,254.2599,254.18,254.195,27265
AMZN,2026-09-01,15:14,254.19,254.3,254.17,254.3,37397
AMZN,2026-09-01,15:15,254.33,254.59,254.25,254.57,94158
AMZN,2026-09-01,15:16,254.58,254.6,254.4601,254.49,34354
AMZN,2026-09-01,15:17,254.5,254.52,254.43,254.51,32307
AMZN,2026-09-01,15:18,254.5,254.59,254.47,254.51,44470
AMZN,2026-09-01,15:19,254.48,254.61,254.39,254.47,61967
AMZN,2026-09-01,15:20,254.45,254.48,254.35,254.38,25866
AMZN,2026-09-01,15:21,254.365,254.3899,254.278,254.33,34444
AMZN,2026-09-01,15:22,254.3,254.4,254.27,254.4,30561
AMZN,2026-09-01,15:23,254.34,254.35,254.25,254.31,29344
AMZN,2026-09-01,15:24,254.31,254.34,254.225,254.225,30837
AMZN,2026-09-01,15:25,254.234,254.31,254.18,254.215,42603
AMZN,2026-09-01,15:26,254.215,254.24,254.05,254.1,46186
AMZN,2026-09-01,15:27,254.12,254.21,254.08,254.165,29686
AMZN,2026-09-01,15:28,254.16,254.16,254.07,254.085,31120
AMZN,2026-09-01,15:29,254.085,254.21,254.085,254.15,63747
AMZN,2026-09-01,15:30,254.2,254.255,254,254.03,64178
AMZN,2026-09-01,15:31,254.035,254.08,253.9806,254.04,62227
AMZN,2026-09-01,15:32,254.04,254.07,253.88,253.895,67488
AMZN,2026-09-01,15:33,253.91,254.05,253.91,254.04,38927
AMZN,2026-09-01,15:34,254.04,254.115,254.03,254.11,53092
AMZN,2026-09-01,15:35,254.11,254.18,254.03,254.18,151032
AMZN,2026-09-01,15:36,254.175,254.185,254.11,254.15,41530
AMZN,2026-09-01,15:37,254.13,254.21,254.085,254.165,28736
AMZN,2026-09-01,15:38,254.16,254.1675,254.03,254.0301,43568
AMZN,2026-09-01,15:39,254.05,254.19,254.0396,254.115,60850
AMZN,2026-09-01,15:40,254.115,254.155,254.078,254.11,53940
AMZN,2026-09-01,15:41,254.09,254.24,254.09,254.22,50478
AMZN,2026-09-01,15:42,254.2,254.29,254.12,254.195,54082
AMZN,2026-09-01,15:43,254.21,254.21,254.12,254.18,37067
AMZN,2026-09-01,15:44,254.16,254.3,254.16,254.27,58796
AMZN,2026-09-01,15:45,254.265,254.31,254.19,254.23,53467
AMZN,2026-09-01,15:46,254.24,254.345,254.22,254.23,59519
AMZN,2026-09-01,15:47,254.25,254.37,254.25,254.33,37565
AMZN,2026-09-01,15:48,254.34,254.45,254.32,254.44,77113
AMZN,2026-09-01,15:49,254.43,254.58,254.42,254.4793,65742
AMZN,2026-09-01,15:50,254.41,254.58,254.33,254.4199,89480
AMZN,2026-09-01,15:51,254.4,254.45,254.3,254.335,73836
AMZN,2026-09-01,15:52,254.35,254.4,254.23,254.4,118971
AMZN,2026-09-01,15:53,254.37,254.37,254.24,254.29,140418
AMZN,2026-09-01,15:54,254.3,254.39,254.14,254.18,133346
AMZN,2026-09-01,15:55,254.24,254.91,254.24,254.65,264436
AMZN,2026-09-01,15:56,254.655,254.66,254.52,254.605,179866
AMZN,2026-09-01,15:57,254.605,254.67,254.5,254.5895,185492
AMZN,2026-09-01,15:58,254.59,254.71,254.51,254.7,306868
AMZN,2026-09-01,15:59,254.7,254.92,254.66,254.92,713799
AMZN,2026-09-01,16:00,254.92,254.92,254.92,254.92,0
AMZN,2026-09-02,09:30,254.255,254.81,253.4,253.585,797161
AMZN,2026-09-02,09:31,253.5,253.9961,253.4,253.87,68297
AMZN,2026-09-02,09:32,253.9,254,253.54,253.9299,65960
AMZN,2026-09-02,09:33,253.895,254.24,253.8351,254.14,55445
AMZN,2026-09-02,09:34,254.24,254.25,253.69,253.9318,63279
AMZN,2026-09-02,09:35,253.89,254.4387,253.61,254.38,95876
AMZN,2026-09-02,09:36,254.42,254.51,254.1,254.2,86087
AMZN,2026-09-02,09:37,254.17,254.275,253.865,253.97,51186
AMZN,2026-09-02,09:38,254.015,254.27,253.941,254.105,41551
AMZN,2026-09-02,09:39,254.08,254.305,253.985,254.275,49845
AMZN,2026-09-02,09:40,254.2442,254.6,254.19,254.4352,63315
AMZN,2026-09-02,09:41,254.41,254.48,254.165,254.41,42236
AMZN,2026-09-02,09:42,254.3801,254.4699,254.22,254.38,62252
AMZN,2026-09-02,09:43,254.39,254.665,254.34,254.3925,57101
AMZN,2026-09-02,09:44,254.38,254.46,254.22,254.3,68897
AMZN,2026-09-02,09:45,254.22,254.4,254.01,254.265,118556
AMZN,2026-09-02,09:46,254.27,255.055,254.21,255,113813
AMZN,2026-09-02,09:47,255.01,255.29,254.83,254.9701,110431
AMZN,2026-09-02,09:48,254.97,255.28,254.91,254.97,91793
AMZN,2026-09-02,09:49,254.99,255.15,254.75,254.81,52721
AMZN,2026-09-02,09:50,254.86,255.13,254.81,255.0825,60391
AMZN,2026-09-02,09:51,255.09,255.1647,254.5,254.6,175964
AMZN,2026-09-02,09:52,254.5705,255.12,254.5,254.81,97906
AMZN,2026-09-02,09:53,254.83,255.488,254.81,255.24,81593
AMZN,2026-09-02,09:54,255.27,255.64,255.2407,255.435,123289
AMZN,2026-09-02,09:55,255.41,255.55,255.2401,255.43,158758
AMZN,2026-09-02,09:56,255.45,255.5,255.24,255.38,80516
AMZN,2026-09-02,09:57,255.34,255.6,255.25,255.415,90892
AMZN,2026-09-02,09:58,255.42,255.48,255.231,255.41,53796
AMZN,2026-09-02,09:59,255.355,255.36,255.03,255.3,70184
AMZN,2026-09-02,10:00,255.28,255.3799,254.95,255.305,108154
AMZN,2026-09-02,10:01,255.305,255.3282,254.99,255.005,103045
AMZN,2026-09-02,10:02,255.005,255.04,254.66,254.75,87030
AMZN,2026-09-02,10:03,254.76,255.11,254.73,255.08,54361
AMZN,2026-09-02,10:04,255.1,255.39,255.03,255.34,159242
AMZN,2026-09-02,10:05,255.29,255.49,255.21,255.26,99234
AMZN,2026-09-02,10:06,255.26,255.53,255.26,255.395,78439
AMZN,2026-09-02,10:07,255.409,255.7,255.38,255.6,102880
AMZN,2026-09-02,10:08,255.58,255.65,255.4664,255.4967,63173
AMZN,2026-09-02,10:09,255.5394,255.85,255.495,255.675,100026
AMZN,2026-09-02,10:10,255.72,255.95,255.51,255.675,78108
AMZN,2026-09-02,10:11,255.675,255.77,255.54,255.7401,61822
AMZN,2026-09-02,10:12,255.805,255.94,255.1605,255.36,85809
AMZN,2026-09-02,10:13,255.385,255.59,255.2572,255.57,65867
AMZN,2026-09-02,10:14,255.565,255.63,255.41,255.6,44422
AMZN,2026-09-02,10:15,255.6156,255.93,255.53,255.58,130056
AMZN,2026-09-02,10:16,255.64,255.8,255.495,255.74,79085
AMZN,2026-09-02,10:17,255.74,255.915,255.59,255.845,128157
AMZN,2026-09-02,10:18,255.84,255.975,255.13,255.295,159120
AMZN,2026-09-02,10:19,255.31,255.545,255.2128,255.36,92460
AMZN,2026-09-02,10:20,255.34,255.43,255.24,255.285,78015
AMZN,2026-09-02,10:21,255.305,255.6499,255.27,255.61,61437
AMZN,2026-09-02,10:22,255.61,255.92,255.56,255.865,48673
AMZN,2026-09-02,10:23,255.85,255.91,255.57,255.7401,68468
AMZN,2026-09-02,10:24,255.74,255.97,255.64,255.7236,51605
AMZN,2026-09-02,10:25,255.75,255.79,255.67,255.7001,34828
AMZN,2026-09-02,10:26,255.79,256.1899,255.765,256.06,84222
AMZN,2026-09-02,10:27,256.04,256.12,255.85,256.115,55815
AMZN,2026-09-02,10:28,256.115,256.2,255.87,256.115,131392
AMZN,2026-09-02,10:29,256.115,256.24,255.85,256.1,83962
AMZN,2026-09-02,10:30,256.055,256.075,255.63,255.73,132011
AMZN,2026-09-02,10:31,255.73,255.797,255.53,255.57,62005
AMZN,2026-09-02,10:32,255.585,255.75,255.37,255.37,64141
AMZN,2026-09-02,10:33,255.3799,255.5471,255.2378,255.4054,67193
AMZN,2026-09-02,10:34,255.41,255.5952,255.41,255.575,51947
AMZN,2026-09-02,10:35,255.52,255.65,255.5,255.535,48516
AMZN,2026-09-02,10:36,255.58,255.64,255.51,255.615,44584
AMZN,2026-09-02,10:37,255.615,255.62,255.36,255.42,68488
AMZN,2026-09-02,10:38,255.385,255.4115,255.2,255.22,61085
AMZN,2026-09-02,10:39,255.2,255.215,254.87,255.01,218707
AMZN,2026-09-02,10:40,255,255.34,254.93,255.315,108601
AMZN,2026-09-02,10:41,255.3949,255.52,255.285,255.4101,47039
AMZN,2026-09-02,10:42,255.385,255.5892,255.33,255.37,50420
AMZN,2026-09-02,10:43,255.355,255.355,255.165,255.2501,47335
AMZN,2026-09-02,10:44,255.28,255.39,255.2501,255.33,29144
AMZN,2026-09-02,10:45,255.35,255.4,255.245,255.3,49573
AMZN,2026-09-02,10:46,255.295,255.695,255.27,255.66,83957
AMZN,2026-09-02,10:47,255.66,255.815,255.62,255.78,55668
AMZN,2026-09-02,10:48,255.78,255.8,255.5601,255.62,63490
AMZN,2026-09-02,10:49,255.64,255.74,255.59,255.675,37767
AMZN,2026-09-02,10:50,255.67,255.7286,255.23,255.23,69531
AMZN,2026-09-02,10:51,255.26,255.355,255.21,255.35,41992
AMZN,2026-09-02,10:52,255.365,255.38,255.3,255.32,33568
AMZN,2026-09-02,10:53,255.3,255.33,255.06,255.08,63131
AMZN,2026-09-02,10:54,255.115,255.45,255.03,255.26,58174
AMZN,2026-09-02,10:55,255.31,255.53,255.31,255.425,34152
AMZN,2026-09-02,10:56,255.43,255.495,255.27,255.32,34449
AMZN,2026-09-02,10:57,255.325,255.45,255.28,255.45,53434
AMZN,2026-09-02,10:58,255.4923,255.56,255.35,255.36,24820
AMZN,2026-09-02,10:59,255.36,255.42,255.325,255.325,28144
AMZN,2026-09-02,11:00,255.355,255.355,255.095,255.13,63986
AMZN,2026-09-02,11:01,255.15,255.29,255.15,255.27,59274
AMZN,2026-09-02,11:02,255.275,255.54,255.25,255.45,45436
AMZN,2026-09-02,11:03,255.525,255.73,255.5,255.7,38226
AMZN,2026-09-02,11:04,255.7,255.7399,255.56,255.6,55587
AMZN,2026-09-02,11:05,255.605,255.7941,255.56,255.7941,9887
AMZN,2026-09-02,11:06,255.8,255.88,255.63,255.675,53831
AMZN,2026-09-02,11:07,255.7101,255.79,255.43,255.44,101372
AMZN,2026-09-02,11:08,255.44,255.5099,255.26,255.36,36027
AMZN,2026-09-02,11:09,255.36,255.36,255.23,255.23,61187
AMZN,2026-09-02,11:10,255.22,255.34,255.1,255.155,81550
AMZN,2026-09-02,11:11,255.155,255.42,255.1,255.42,38007
AMZN,2026-09-02,11:12,255.415,255.4575,255.12,255.14,47695
AMZN,2026-09-02,11:13,255.13,255.2,255.0201,255.08,47591
AMZN,2026-09-02,11:14,255.12,255.135,255.02,255.135,24168
AMZN,2026-09-02,11:15,255.135,255.1699,254.76,254.7999,99408
AMZN,2026-09-02,11:16,254.77,254.9599,254.77,254.9199,48876
AMZN,2026-09-02,11:17,254.93,255.01,254.91,254.925,42105
AMZN,2026-09-02,11:18,254.93,255.16,254.87,255.16,50935
AMZN,2026-09-02,11:19,255.18,255.2,255.03,255.0422,24657
AMZN,2026-09-02,11:20,255.0462,255.1,255.025,255.06,32956
AMZN,2026-09-02,11:21,255.025,255.05,254.935,255.05,33182
AMZN,2026-09-02,11:22,255.01,255.12,255,255.085,34466
AMZN,2026-09-02,11:23,255.085,255.11,254.945,254.99,43979
AMZN,2026-09-02,11:24,254.999,255.1,254.995,255.1,23567
AMZN,2026-09-02,11:25,255.075,255.2,255.06,255.175,33337
AMZN,2026-09-02,11:26,255.15,255.28,255.1,255.195,42780
AMZN,2026-09-02,11:27,255.21,255.38,255.2,255.21,44897
AMZN,2026-09-02,11:28,255.24,255.38,255.24,255.31,33552
AMZN,2026-09-02,11:29,255.315,255.36,255.24,255.28,49140
AMZN,2026-09-02,11:30,255.31,255.39,255.28,255.315,54760
AMZN,2026-09-02,11:31,255.33,255.37,255.27,255.35,35602
AMZN,2026-09-02,11:32,255.3354,255.3401,255.23,255.3338,41832
AMZN,2026-09-02,11:33,255.335,255.39,255.21,255.28,39031
AMZN,2026-09-02,11:34,255.285,255.2956,255.24,255.27,17393
AMZN,2026-09-02,11:35,255.28,255.31,255.22,255.27,40690
AMZN,2026-09-02,11:36,255.255,255.43,255.24,255.395,27536
AMZN,2026-09-02,11:37,255.405,255.43,255.23,255.24,54398
AMZN,2026-09-02,11:38,255.24,255.27,255,255,36612
AMZN,2026-09-02,11:39,255.04,255.0573,254.885,254.9799,48655
AMZN,2026-09-02,11:40,254.96,255.1,254.9,255.015,51158
AMZN,2026-09-02,11:41,255.015,255.11,254.97,255.11,27646
AMZN,2026-09-02,11:42,255.0801,255.1199,254.8501,254.8928,32345
AMZN,2026-09-02,11:43,254.8792,254.9,254.71,254.725,44000
AMZN,2026-09-02,11:44,254.73,254.8,254.72,254.785,26036
AMZN,2026-09-02,11:45,254.765,254.765,254.53,254.55,52908
AMZN,2026-09-02,11:46,254.55,254.655,254.47,254.5891,46646
AMZN,2026-09-02,11:47,254.61,254.61,254.45,254.515,41046
AMZN,2026-09-02,11:48,254.48,254.63,254.44,254.595,30516
AMZN,2026-09-02,11:49,254.63,254.64,254.49,254.535,26458
AMZN,2026-09-02,11:50,254.51,254.57,254.49,254.565,24530
AMZN,2026-09-02,11:51,254.56,254.7084,254.54,254.64,27987
AMZN,2026-09-02,11:52,254.64,254.77,254.64,254.75,28925
AMZN,2026-09-02,11:53,254.77,254.78,254.64,254.64,39207
AMZN,2026-09-02,11:54,254.625,254.65,254.565,254.62,12018
AMZN,2026-09-02,11:55,254.64,254.6563,254.52,254.525,14795
AMZN,2026-09-02,11:56,254.52,254.5599,254.5,254.5524,25057
AMZN,2026-09-02,11:57,254.55,254.725,254.54,254.691,32917
AMZN,2026-09-02,11:58,254.7,254.935,254.6901,254.88,40778
AMZN,2026-09-02,11:59,254.87,255.04,254.8501,255,42354
AMZN,2026-09-02,12:00,255,255.065,254.86,255.045,35914
AMZN,2026-09-02,12:01,255.05,255.14,254.99,255.05,44242
AMZN,2026-09-02,12:02,255.06,255.07,254.93,255.015,26741
AMZN,2026-09-02,12:03,255.02,255.085,254.98,255.06,33824
AMZN,2026-09-02,12:04,255.07,255.1299,255.01,255.1299,28351
AMZN,2026-09-02,12:05,255.1,255.1,254.865,254.92,36617
AMZN,2026-09-02,12:06,254.9276,254.93,254.79,254.82,23866
AMZN,2026-09-02,12:07,254.83,254.89,254.79,254.87,25169
AMZN,2026-09-02,12:08,254.85,254.89,254.7,254.73,31749
AMZN,2026-09-02,12:09,254.75,254.77,254.61,254.6897,28544
AMZN,2026-09-02,12:10,254.7,254.87,254.6916,254.86,21547
AMZN,2026-09-02,12:11,254.87,254.88,254.8,254.83,28444
AMZN,2026-09-02,12:12,254.84,254.945,254.77,254.925,20877
AMZN,2026-09-02,12:13,254.9,254.995,254.86,254.92,27783
AMZN,2026-09-02,12:14,254.92,254.97,254.87,254.955,27884
AMZN,2026-09-02,12:15,254.95,254.955,254.77,254.8,40010
AMZN,2026-09-02,12:16,254.795,254.815,254.68,254.695,25152
AMZN,2026-09-02,12:17,254.7,255.0152,254.6801,254.96,35704
AMZN,2026-09-02,12:18,254.94,255.0899,254.94,255.045,44050
AMZN,2026-09-02,12:19,255.05,255.05,254.8,254.86,65750
AMZN,2026-09-02,12:20,254.875,254.9,254.8,254.84,28306
AMZN,2026-09-02,12:21,254.85,254.86,254.7,254.75,43833
AMZN,2026-09-02,12:22,254.755,254.85,254.75,254.77,21968
AMZN,2026-09-02,12:23,254.745,254.745,254.52,254.555,46115
AMZN,2026-09-02,12:24,254.54,254.86,254.5,254.745,178493
AMZN,2026-09-02,12:25,254.75,254.76,254.67,254.68,32171
AMZN,2026-09-02,12:26,254.67,254.8327,254.665,254.71,33035
AMZN,2026-09-02,12:27,254.73,254.8,254.72,254.755,16555
AMZN,2026-09-02,12:28,254.74,254.81,254.6696,254.73,31910
AMZN,2026-09-02,12:29,254.7472,254.87,254.7472,254.87,24191
AMZN,2026-09-02,12:30,254.85,254.88,254.72,254.805,36988
AMZN,2026-09-02,12:31,254.81,254.95,254.8,254.9432,23931
AMZN,2026-09-02,12:32,254.95,254.97,254.795,254.815,21490
AMZN,2026-09-02,12:33,254.815,254.84,254.63,254.695,31561
AMZN,2026-09-02,12:34,254.69,254.8899,254.67,254.825,18655
AMZN,2026-09-02,12:35,254.8,254.925,254.8,254.913,12283
AMZN,2026-09-02,12:36,254.91,254.91,254.83,254.88,14775
AMZN,2026-09-02,12:37,254.89,254.89,254.77,254.87,18921
AMZN,2026-09-02,12:38,254.85,254.96,254.85,254.96,19252
AMZN,2026-09-02,12:39,254.98,255.06,254.94,255.02,25064
AMZN,2026-09-02,12:40,255.025,255.062,254.97,254.98,20240
AMZN,2026-09-02,12:41,255.01,255.0796,254.97,255.04,32772
AMZN,2026-09-02,12:42,255.035,255.06,254.91,254.9971,25060
AMZN,2026-09-02,12:43,254.995,255.02,254.931,255,12809
AMZN,2026-09-02,12:44,255.015,255.025,254.91,254.91,25277
AMZN,2026-09-02,12:45,254.94,255.2,254.94,255.07,55081
AMZN,2026-09-02,12:46,255.05,255.07,254.94,254.94,31080
AMZN,2026-09-02,12:47,254.955,255.03,254.955,254.995,12182
AMZN,2026-09-02,12:48,254.98,255.14,254.98,255.14,12249
AMZN,2026-09-02,12:49,255.14,255.15,254.92,255.0201,32351
AMZN,2026-09-02,12:50,255.055,255.079,255,255.01,13785
AMZN,2026-09-02,12:51,255.015,255.19,254.99,255.19,24010
AMZN,2026-09-02,12:52,255.2084,255.315,255.2,255.265,37957
AMZN,2026-09-02,12:53,255.3,255.54,255.27,255.54,57525
AMZN,2026-09-02,12:54,255.512,255.6,255.41,255.54,50059
AMZN,2026-09-02,12:55,255.58,255.588,255.38,255.44,39893
AMZN,2026-09-02,12:56,255.43,255.47,255.29,255.47,34999
AMZN,2026-09-02,12:57,255.45,255.47,255.36,255.36,24013
AMZN,2026-09-02,12:58,255.36,255.4,255.13,255.13,26845
AMZN,2026-09-02,12:59,255.13,255.16,255.03,255.07,31531
AMZN,2026-09-02,13:00,255.1,255.25,255.1,255.19,54527
AMZN,2026-09-02,13:01,255.2,255.2,255.08,255.08,44090
AMZN,2026-09-02,13:02,255.05,255.1699,255.05,255.13,24879
AMZN,2026-09-02,13:03,255.145,255.22,255.11,255.1493,27633
AMZN,2026-09-02,13:04,255.14,255.15,255.065,255.085,25376
AMZN,2026-09-02,13:05,255.08,255.14,255,255.04,48611
AMZN,2026-09-02,13:06,255.04,255.08,254.74,254.79,117328
AMZN,2026-09-02,13:07,254.795,254.9,254.46,254.52,146499
AMZN,2026-09-02,13:08,254.55,254.61,254.21,254.29,84546
AMZN,2026-09-02,13:09,254.29,254.54,254.29,254.54,77553
AMZN,2026-09-02,13:10,254.52,254.58,254.4,254.4485,28099
AMZN,2026-09-02,13:11,254.43,254.58,254.4051,254.56,20199
AMZN,2026-09-02,13:12,254.575,254.73,254.56,254.715,23216
AMZN,2026-09-02,13:13,254.715,254.75,254.65,254.665,20925
AMZN,2026-09-02,13:14,254.665,254.7,254.605,254.62,18001
AMZN,2026-09-02,13:15,254.611,254.665,254.5702,254.66,22146
AMZN,2026-09-02,13:16,254.66,254.66,254.5,254.56,18897
AMZN,2026-09-02,13:17,254.58,254.595,254.5,254.515,13146
AMZN,2026-09-02,13:18,254.53,254.5499,254.401,254.51,36585
AMZN,2026-09-02,13:19,254.51,254.7,254.5,254.69,36768
AMZN,2026-09-02,13:20,254.72,254.72,254.5866,254.6796,27473
AMZN,2026-09-02,13:21,254.67,254.77,254.66,254.74,17332
AMZN,2026-09-02,13:22,254.76,254.825,254.68,254.77,13660
AMZN,2026-09-02,13:23,254.75,254.83,254.695,254.83,20764
AMZN,2026-09-02,13:24,254.82,254.88,254.76,254.79,17240
AMZN,2026-09-02,13:25,254.775,254.91,254.72,254.885,32817
AMZN,2026-09-02,13:26,254.895,254.95,254.87,254.945,22090
AMZN,2026-09-02,13:27,254.93,254.94,254.83,254.83,16500
AMZN,2026-09-02,13:28,254.84,254.8623,254.71,254.84,20326
AMZN,2026-09-02,13:29,254.7901,254.838,254.7501,254.78,24562
AMZN,2026-09-02,13:30,254.775,254.7999,254.62,254.68,32468
AMZN,2026-09-02,13:31,254.6799,254.705,254.575,254.675,29992
AMZN,2026-09-02,13:32,254.65,254.665,254.57,254.575,10879
AMZN,2026-09-02,13:33,254.605,254.605,254.5,254.52,18908
AMZN,2026-09-02,13:34,254.5,254.5,254.4,254.41,23344
AMZN,2026-09-02,13:35,254.41,254.5499,254.4,254.5482,22630
AMZN,2026-09-02,13:36,254.535,254.585,254.48,254.535,19668
AMZN,2026-09-02,13:37,254.56,254.67,254.56,254.64,19636
AMZN,2026-09-02,13:38,254.638,254.66,254.571,254.59,16871
AMZN,2026-09-02,13:39,254.57,254.6608,254.55,254.575,23271
AMZN,2026-09-02,13:40,254.575,254.59,254.52,254.555,16473
AMZN,2026-09-02,13:41,254.555,254.565,254.5,254.5,17461
AMZN,2026-09-02,13:42,254.48,254.6599,254.48,254.65,43128
AMZN,2026-09-02,13:43,254.69,254.71,254.57,254.59,13007
AMZN,2026-09-02,13:44,254.595,254.77,254.58,254.77,37483
AMZN,2026-09-02,13:45,254.77,254.89,254.77,254.86,19251
AMZN,2026-09-02,13:46,254.8441,254.86,254.75,254.785,35974
AMZN,2026-09-02,13:47,254.7501,254.765,254.695,254.725,14501
AMZN,2026-09-02,13:48,254.725,254.83,254.68,254.825,18964
AMZN,2026-09-02,13:49,254.835,254.8899,254.83,254.86,14523
AMZN,2026-09-02,13:50,254.86,254.92,254.8,254.87,46559
AMZN,2026-09-02,13:51,254.81,254.86,254.77,254.84,18806
AMZN,2026-09-02,13:52,254.85,254.885,254.835,254.845,12736
AMZN,2026-09-02,13:53,254.84,254.9785,254.84,254.975,18286
AMZN,2026-09-02,13:54,254.9718,254.99,254.84,254.8695,16662
AMZN,2026-09-02,13:55,254.84,254.99,254.82,254.99,34464
AMZN,2026-09-02,13:56,254.99,255.05,254.975,255.025,29720
AMZN,2026-09-02,13:57,255,255.1,255,255.08,25600
AMZN,2026-09-02,13:58,255.08,255.085,254.951,254.985,21171
AMZN,2026-09-02,13:59,254.985,255.09,254.96,255.0275,17165
AMZN,2026-09-02,14:00,255,255.015,254.87,254.87,36048
AMZN,2026-09-02,14:01,254.82,254.87,254.715,254.715,22702
AMZN,2026-09-02,14:02,254.7535,254.82,254.74,254.79,14359
AMZN,2026-09-02,14:03,254.81,254.94,254.8,254.895,19637
AMZN,2026-09-02,14:04,254.85,254.99,254.85,254.92,33302
AMZN,2026-09-02,14:05,254.905,254.925,254.8501,254.865,14502
AMZN,2026-09-02,14:06,254.88,254.98,254.88,254.955,11958
AMZN,2026-09-02,14:07,254.9201,254.9599,254.79,254.82,18178
AMZN,2026-09-02,14:08,254.84,254.89,254.8,254.81,30348
AMZN,2026-09-02,14:09,254.8376,254.89,254.8306,254.87,38297
AMZN,2026-09-02,14:10,254.88,254.88,254.73,254.805,44199
AMZN,2026-09-02,14:11,254.8,254.81,254.72,254.73,17951
AMZN,2026-09-02,14:12,254.73,254.76,254.65,254.76,27527
AMZN,2026-09-02,14:13,254.76,254.8712,254.75,254.835,22346
AMZN,2026-09-02,14:14,254.82,254.835,254.765,254.78,23567
AMZN,2026-09-02,14:15,254.77,254.84,254.735,254.83,26980
AMZN,2026-09-02,14:16,254.83,254.83,254.74,254.765,17721
AMZN,2026-09-02,14:17,254.75,254.83,254.7341,254.8,18167
AMZN,2026-09-02,14:18,254.77,255.35,254.77,255.0452,88622
AMZN,2026-09-02,14:19,255.05,255.0799,254.97,254.9723,24949
AMZN,2026-09-02,14:20,254.99,255.1199,254.95,254.95,21726
AMZN,2026-09-02,14:21,254.99,255.04,254.83,254.95,27814
AMZN,2026-09-02,14:22,254.97,254.99,254.89,254.9642,24922
AMZN,2026-09-02,14:23,254.955,255.0799,254.94,254.9672,16220
AMZN,2026-09-02,14:24,254.96,254.975,254.8501,254.8701,18824
AMZN,2026-09-02,14:25,254.9,254.91,254.86,254.87,10298
AMZN,2026-09-02,14:26,254.88,254.93,254.85,254.8675,20186
AMZN,2026-09-02,14:27,254.86,254.87,254.7242,254.7599,20084
AMZN,2026-09-02,14:28,254.74,254.79,254.67,254.675,40388
AMZN,2026-09-02,14:29,254.685,254.79,254.65,254.785,41262
AMZN,2026-09-02,14:30,254.78,254.84,254.72,254.75,20548
AMZN,2026-09-02,14:31,254.755,254.86,254.74,254.86,28166
AMZN,2026-09-02,14:32,254.855,254.87,254.675,254.68,23224
AMZN,2026-09-02,14:33,254.68,254.71,254.63,254.65,17580
AMZN,2026-09-02,14:34,254.63,254.63,254.5531,254.62,24563
AMZN,2026-09-02,14:35,254.628,254.64,254.58,254.5917,26275
AMZN,2026-09-02,14:36,254.585,254.585,254.4298,254.46,32534
AMZN,2026-09-02,14:37,254.46,254.5099,254.44,254.47,24306
AMZN,2026-09-02,14:38,254.45,254.615,254.44,254.59,37621
AMZN,2026-09-02,14:39,254.595,254.79,254.59,254.75,27707
AMZN,2026-09-02,14:40,254.77,254.89,254.765,254.865,32017
AMZN,2026-09-02,14:41,254.87,254.89,254.805,254.88,46916
AMZN,2026-09-02,14:42,254.865,255.01,254.8538,254.8901,42120
AMZN,2026-09-02,14:43,254.945,254.96,254.79,254.875,19580
AMZN,2026-09-02,14:44,254.9,254.97,254.85,254.92,43070
AMZN,2026-09-02,14:45,254.95,254.9999,254.8755,254.89,49133
AMZN,2026-09-02,14:46,254.871,254.9099,254.7,254.77,81250
AMZN,2026-09-02,14:47,254.77,254.85,254.67,254.695,60575
AMZN,2026-09-02,14:48,254.705,254.93,254.63,254.85,107175
AMZN,2026-09-02,14:49,254.85,255.08,254.84,255.06,44453
AMZN,2026-09-02,14:50,255.08,255.2645,255.08,255.2523,26598
AMZN,2026-09-02,14:51,255.27,255.315,255.24,255.3,47379
AMZN,2026-09-02,14:52,255.31,255.32,255.1,255.14,23180
AMZN,2026-09-02,14:53,255.1714,255.27,255.12,255.22,30174
AMZN,2026-09-02,14:54,255.26,255.26,255.16,255.16,21647
AMZN,2026-09-02,14:55,255.16,255.26,255.13,255.2304,27494
AMZN,2026-09-02,14:56,255.22,255.245,255.17,255.225,29342
AMZN,2026-09-02,14:57,255.235,255.26,255.07,255.07,35253
AMZN,2026-09-02,14:58,255.06,255.125,254.98,255.12,46278
AMZN,2026-09-02,14:59,255.12,255.22,255.12,255.1601,21187
AMZN,2026-09-02,15:00,255.19,255.29,255.14,255.17,31431
AMZN,2026-09-02,15:01,255.15,255.21,255.01,255.05,38157
AMZN,2026-09-02,15:02,255.12,255.1603,255.02,255.155,20700
AMZN,2026-09-02,15:03,255.16,255.25,255.16,255.215,24269
AMZN,2026-09-02,15:04,255.215,255.23,255.0706,255.085,23901
AMZN,2026-09-02,15:05,255.1,255.25,255.0948,255.175,42235
AMZN,2026-09-02,15:06,255.16,255.22,255.13,255.195,17616
AMZN,2026-09-02,15:07,255.18,255.22,255.15,255.18,30483
AMZN,2026-09-02,15:08,255.175,255.185,255.129,255.18,18537
AMZN,2026-09-02,15:09,255.165,255.325,255.165,255.32,54814
AMZN,2026-09-02,15:10,255.365,255.375,255.29,255.335,26119
AMZN,2026-09-02,15:11,255.34,255.345,255.22,255.27,32157
AMZN,2026-09-02,15:12,255.275,255.33,255.1993,255.33,25744
AMZN,2026-09-02,15:13,255.33,255.34,255.18,255.18,28152
AMZN,2026-09-02,15:14,255.18,255.3,255.18,255.3,46960
AMZN,2026-09-02,15:15,255.31,255.505,255.3,255.36,87325
AMZN,2026-09-02,15:16,255.345,255.45,255.3,255.345,35830
AMZN,2026-09-02,15:17,255.34,255.38,255.235,255.38,41654
AMZN,2026-09-02,15:18,255.38,255.4599,255.36,255.415,27128
AMZN,2026-09-02,15:19,255.39,255.45,255.36,255.43,42549
AMZN,2026-09-02,15:20,255.435,255.44,255.1,255.107,51376
AMZN,2026-09-02,15:21,255.14,255.2699,255.01,255.19,96656
AMZN,2026-09-02,15:22,255.1832,255.21,255.04,255.15,33100
AMZN,2026-09-02,15:23,255.1603,255.17,255.06,255.12,28555
AMZN,2026-09-02,15:24,255.125,255.235,255.08,255.22,27513
AMZN,2026-09-02,15:25,255.19,255.21,255.12,255.14,22054
AMZN,2026-09-02,15:26,255.16,255.27,255.15,255.26,34497
AMZN,2026-09-02,15:27,255.26,255.26,255.1208,255.14,25263
AMZN,2026-09-02,15:28,255.15,255.255,255.08,255.09,57859
AMZN,2026-09-02,15:29,255.16,255.23,255.1,255.11,44049
AMZN,2026-09-02,15:30,255.15,255.165,255.045,255.12,47194
AMZN,2026-09-02,15:31,255.12,255.12,254.91,255,36792
AMZN,2026-09-02,15:32,254.985,254.985,254.88,254.885,39093
AMZN,2026-09-02,15:33,254.92,255.0299,254.84,254.84,34371
AMZN,2026-09-02,15:34,254.82,254.85,254.73,254.81,57785
AMZN,2026-09-02,15:35,254.85,254.97,254.825,254.93,73147
AMZN,2026-09-02,15:36,254.94,255.18,254.94,255.14,46811
AMZN,2026-09-02,15:37,255.12,255.15,254.885,254.89,38523
AMZN,2026-09-02,15:38,254.89,254.92,254.825,254.895,48230
AMZN,2026-09-02,15:39,254.9077,254.96,254.88,254.945,35781
AMZN,2026-09-02,15:40,254.91,255.0046,254.87,255,35317
AMZN,2026-09-02,15:41,254.98,254.98,254.885,254.975,42745
AMZN,2026-09-02,15:42,254.975,254.975,254.83,254.9,36256
AMZN,2026-09-02,15:43,254.9,255.1899,254.895,255.18,83396
AMZN,2026-09-02,15:44,255.175,255.19,255.08,255.165,47946
AMZN,2026-09-02,15:45,255.165,255.27,255.115,255.16,89495
AMZN,2026-09-02,15:46,255.165,255.18,255.11,255.155,39921
AMZN,2026-09-02,15:47,255.16,255.21,255.07,255.085,97153
AMZN,2026-09-02,15:48,255.0701,255.1399,255.02,255.13,51233
AMZN,2026-09-02,15:49,255.13,255.2,255.065,255.105,46516
AMZN,2026-09-02,15:50,255.09,255.2877,255.07,255.16,114825
AMZN,2026-09-02,15:51,255.16,255.17,255.0101,255.07,66279
AMZN,2026-09-02,15:52,255.07,255.13,255.04,255.0618,55574
AMZN,2026-09-02,15:53,255.06,255.2,255.05,255.09,86665
AMZN,2026-09-02,15:54,255.09,255.23,254.89,254.94,134115
AMZN,2026-09-02,15:55,254.94,255.01,254.76,254.79,147372
AMZN,2026-09-02,15:56,254.775,254.83,254.52,254.68,172025
AMZN,2026-09-02,15:57,254.685,254.785,254.645,254.73,182137
AMZN,2026-09-02,15:58,254.73,254.78,254.69,254.715,211141
AMZN,2026-09-02,15:59,254.72,255.02,254.705,254.97,522069
AMZN,2026-09-02,16:00,254.98,254.98,254.98,254.98,0
AMZN,2026-09-03,09:30,256.32,256.83,256,256.45,1568027
AMZN,2026-09-03,09:31,256.54,257.58,256.46,257.28,247589
AMZN,2026-09-03,09:32,257.31,257.93,256.105,256.6,251267
AMZN,2026-09-03,09:33,256.6,257.54,256.335,257.53,152058
AMZN,2026-09-03,09:34,257.485,257.97,257.27,257.86,161385
AMZN,2026-09-03,09:35,257.76,257.875,257.37,257.78,158906
AMZN,2026-09-03,09:36,257.79,258.895,257.7403,258.61,235335
AMZN,2026-09-03,09:37,258.66,259.04,258.445,258.51,205553
AMZN,2026-09-03,09:38,258.585,258.585,258.155,258.155,150619
AMZN,2026-09-03,09:39,258.2124,258.8,258.11,258.755,111149
AMZN,2026-09-03,09:40,258.7709,259,258.6301,258.6683,122661
AMZN,2026-09-03,09:41,258.66,258.84,258.34,258.375,86107
AMZN,2026-09-03,09:42,258.36,258.75,258.29,258.66,78100
AMZN,2026-09-03,09:43,258.66,259.35,258.6,259.16,127500
AMZN,2026-09-03,09:44,259.21,259.4299,258.75,259.11,161592
AMZN,2026-09-03,09:45,259.12,259.25,258.91,259.0901,126976
AMZN,2026-09-03,09:46,259.13,259.1601,258.7601,258.9699,83838
AMZN,2026-09-03,09:47,258.95,259.11,258.74,258.9,87616
AMZN,2026-09-03,09:48,258.93,258.95,258.3209,258.375,76146
AMZN,2026-09-03,09:49,258.35,258.65,258.31,258.56,90114
AMZN,2026-09-03,09:50,258.51,258.51,258.25,258.4,144271
AMZN,2026-09-03,09:51,258.44,258.9099,258.43,258.73,104247
AMZN,2026-09-03,09:52,258.69,258.92,258.3304,258.35,72516
AMZN,2026-09-03,09:53,258.35,258.5,258.09,258.185,94716
AMZN,2026-09-03,09:54,258.145,258.145,257.84,258.04,86416
AMZN,2026-09-03,09:55,258.07,258.16,257.87,257.91,53829
AMZN,2026-09-03,09:56,258,258.135,257.87,258.03,75294
AMZN,2026-09-03,09:57,258.06,258.2,257.93,258.07,42120
AMZN,2026-09-03,09:58,258.14,258.21,257.72,257.8591,82991
AMZN,2026-09-03,09:59,257.8117,257.9,257.6408,257.86,72880
AMZN,2026-09-03,10:00,257.7,257.83,257.385,257.52,96994
AMZN,2026-09-03,10:01,257.56,257.63,257.4107,257.51,87673
AMZN,2026-09-03,10:02,257.49,258.05,257.26,257.995,106699
AMZN,2026-09-03,10:03,257.995,258.295,257.865,258.29,78642
AMZN,2026-09-03,10:04,258.27,258.3299,257.8506,257.865,88033
AMZN,2026-09-03,10:05,257.865,258.2515,257.815,257.95,74265
AMZN,2026-09-03,10:06,257.945,258.24,257.9,258.1,65378
AMZN,2026-09-03,10:07,258.12,258.17,257.61,257.68,40653
AMZN,2026-09-03,10:08,257.67,257.76,257.425,257.5299,77378
AMZN,2026-09-03,10:09,257.4483,257.57,257.32,257.35,42558
AMZN,2026-09-03,10:10,257.365,257.435,257.045,257.3,72962
AMZN,2026-09-03,10:11,257.26,257.5264,257.19,257.45,63687
AMZN,2026-09-03,10:12,257.38,257.48,257.27,257.34,46619
AMZN,2026-09-03,10:13,257.32,257.4,257.18,257.38,81406
AMZN,2026-09-03,10:14,257.34,257.5,257.13,257.46,60171
AMZN,2026-09-03,10:15,257.46,257.78,257.4589,257.657,98495
AMZN,2026-09-03,10:16,257.74,257.87,257.51,257.57,54603
AMZN,2026-09-03,10:17,257.59,257.7,257.42,257.55,53920
AMZN,2026-09-03,10:18,257.53,257.64,257.42,257.46,43523
AMZN,2026-09-03,10:19,257.46,257.55,257.22,257.22,134886
AMZN,2026-09-03,10:20,257.25,257.5,257.1,257.27,61895
AMZN,2026-09-03,10:21,257.3499,257.45,257.1801,257.243,48586
AMZN,2026-09-03,10:22,257.2,257.3099,256.91,256.91,98677
AMZN,2026-09-03,10:23,256.95,257.17,256.9306,257.075,63708
AMZN,2026-09-03,10:24,257.1,257.25,257.07,257.189,57826
AMZN,2026-09-03,10:25,257.18,257.18,257.035,257.09,47602
AMZN,2026-09-03,10:26,257.12,257.25,257.02,257.0684,72530
AMZN,2026-09-03,10:27,257.04,257.095,256.9101,257.01,55870
AMZN,2026-09-03,10:28,257.01,257.175,257.01,257.1197,42993
AMZN,2026-09-03,10:29,257.075,257.82,257.075,257.78,84179
AMZN,2026-09-03,10:30,257.6746,257.99,257.66,257.96,74569
AMZN,2026-09-03,10:31,257.945,257.99,257.662,257.835,63696
AMZN,2026-09-03,10:32,257.81,258.05,257.7814,257.915,69820
AMZN,2026-09-03,10:33,257.93,258.18,257.9,257.94,63160
AMZN,2026-09-03,10:34,257.9051,257.935,257.6611,257.76,45477
AMZN,2026-09-03,10:35,257.79,258.062,257.64,257.995,94614
AMZN,2026-09-03,10:36,257.96,258,257.8,257.81,39988
AMZN,2026-09-03,10:37,257.77,257.8999,257.68,257.7301,40784
AMZN,2026-09-03,10:38,257.73,257.8804,257.54,257.575,48249
AMZN,2026-09-03,10:39,257.575,257.575,257.33,257.37,53783
AMZN,2026-09-03,10:40,257.36,257.3999,257.15,257.21,41603
AMZN,2026-09-03,10:41,257.22,257.62,257.2151,257.62,32613
AMZN,2026-09-03,10:42,257.6,257.89,257.6,257.755,44148
AMZN,2026-09-03,10:43,257.76,257.765,257.43,257.52,24939
AMZN,2026-09-03,10:44,257.55,257.6599,257.3732,257.59,24335
AMZN,2026-09-03,10:45,257.58,257.64,257.44,257.5201,23690
AMZN,2026-09-03,10:46,257.53,257.53,257.22,257.23,26275
AMZN,2026-09-03,10:47,257.22,257.41,257.02,257.38,45262
AMZN,2026-09-03,10:48,257.36,257.37,257.205,257.32,23313
AMZN,2026-09-03,10:49,257.35,257.5,257.25,257.48,33424
AMZN,2026-09-03,10:50,257.44,257.44,257.11,257.16,28189
AMZN,2026-09-03,10:51,257.14,257.14,256.8177,256.885,46205
AMZN,2026-09-03,10:52,256.88,256.92,256.65,256.65,58575
AMZN,2026-09-03,10:53,256.68,256.73,256.44,256.5399,64396
AMZN,2026-09-03,10:54,256.52,256.734,256.4901,256.715,55659
AMZN,2026-09-03,10:55,256.715,256.76,256.515,256.6792,54227
AMZN,2026-09-03,10:56,256.65,256.77,256.21,256.28,154427
AMZN,2026-09-03,10:57,256.2744,256.4,256.07,256.365,109873
AMZN,2026-09-03,10:58,256.36,256.5,256.27,256.45,51020
AMZN,2026-09-03,10:59,256.45,256.6,256.27,256.5721,128498
AMZN,2026-09-03,11:00,256.58,256.76,256.41,256.49,46770
AMZN,2026-09-03,11:01,256.495,256.94,256.495,256.85,58765
AMZN,2026-09-03,11:02,256.84,257,256.72,256.72,47368
AMZN,2026-09-03,11:03,256.72,257.45,256.72,257.42,93784
AMZN,2026-09-03,11:04,257.39,257.66,257.2601,257.65,75564
AMZN,2026-09-03,11:05,257.71,257.955,257.71,257.915,70833
AMZN,2026-09-03,11:06,257.935,257.935,257.49,257.66,66265
AMZN,2026-09-03,11:07,257.615,257.77,257.535,257.66,42851
AMZN,2026-09-03,11:08,257.6884,257.77,257.61,257.77,31604
AMZN,2026-09-03,11:09,257.865,258,257.8396,257.935,43247
AMZN,2026-09-03,11:10,257.9101,257.9101,257.69,257.83,22023
AMZN,2026-09-03,11:11,257.84,257.99,257.7701,257.8,37933
AMZN,2026-09-03,11:12,257.825,257.965,257.815,257.8351,35112
AMZN,2026-09-03,11:13,257.835,257.87,257.74,257.85,30072
AMZN,2026-09-03,11:14,257.85,257.95,257.7406,257.885,29439
AMZN,2026-09-03,11:15,257.94,258.125,257.85,258.035,82230
AMZN,2026-09-03,11:16,258.03,258.3,258.02,258.24,54197
AMZN,2026-09-03,11:17,258.2384,258.4,258.13,258.39,55404
AMZN,2026-09-03,11:18,258.37,258.38,257.7,258.12,152939
AMZN,2026-09-03,11:19,258.04,258.32,257.9,258.27,66764
AMZN,2026-09-03,11:20,258.24,258.38,258.08,258.31,32741
AMZN,2026-09-03,11:21,258.3051,258.39,258.18,258.24,39786
AMZN,2026-09-03,11:22,258.2301,258.58,258.195,258.54,47135
AMZN,2026-09-03,11:23,258.53,258.87,258.53,258.765,57084
AMZN,2026-09-03,11:24,258.8,258.845,258.62,258.65,60144
AMZN,2026-09-03,11:25,258.67,258.705,258.29,258.405,110088
AMZN,2026-09-03,11:26,258.38,258.4499,258.3,258.415,39339
AMZN,2026-09-03,11:27,258.405,258.54,258.22,258.49,46651
AMZN,2026-09-03,11:28,258.47,258.5,258.36,258.425,33793
AMZN,2026-09-03,11:29,258.48,258.76,258.48,258.74,49574
AMZN,2026-09-03,11:30,258.76,258.81,258.54,258.71,78458
AMZN,2026-09-03,11:31,258.73,258.775,258.6701,258.72,40885
AMZN,2026-09-03,11:32,258.74,258.96,258.71,258.96,99936
AMZN,2026-09-03,11:33,258.9796,259.09,258.97,258.98,75670
AMZN,2026-09-03,11:34,258.985,259.16,258.965,259.08,58643
AMZN,2026-09-03,11:35,259.09,259.165,259.0174,259.15,36956
AMZN,2026-09-03,11:36,259.15,259.2246,259.095,259.155,44883
AMZN,2026-09-03,11:37,259.1895,259.27,259.11,259.185,66385
AMZN,2026-09-03,11:38,259.215,259.325,259.12,259.23,65588
AMZN,2026-09-03,11:39,259.24,259.25,259.06,259.14,31514
AMZN,2026-09-03,11:40,259.11,259.21,259.017,259.02,44705
AMZN,2026-09-03,11:41,259.04,259.09,258.94,259.0428,36233
AMZN,2026-09-03,11:42,259.025,259.17,258.97,259.14,41525
AMZN,2026-09-03,11:43,259.13,259.13,259.05,259.13,27655
AMZN,2026-09-03,11:44,259.12,259.15,258.87,258.87,33454
AMZN,2026-09-03,11:45,258.88,259.0307,258.8436,258.97,30649
AMZN,2026-09-03,11:46,258.9999,258.9999,258.86,258.93,35001
AMZN,2026-09-03,11:47,258.935,259.17,258.935,259.145,24407
AMZN,2026-09-03,11:48,259.1,259.125,259.004,259.0044,40834
AMZN,2026-09-03,11:49,259.04,259.2182,258.94,258.94,43308
AMZN,2026-09-03,11:50,258.94,259.085,258.92,259.085,22243
AMZN,2026-09-03,11:51,259.08,259.24,259.03,259.105,48594
AMZN,2026-09-03,11:52,259.09,259.105,258.97,258.97,39740
AMZN,2026-09-03,11:53,258.97,259.03,258.835,258.89,42389
AMZN,2026-09-03,11:54,258.89,258.9999,258.77,258.99,47179
AMZN,2026-09-03,11:55,258.96,259.01,258.825,258.825,49602
AMZN,2026-09-03,11:56,258.835,258.86,258.69,258.705,32055
AMZN,2026-09-03,11:57,258.71,259,258.71,258.98,34228
AMZN,2026-09-03,11:58,258.96,258.96,258.83,258.92,28765
AMZN,2026-09-03,11:59,258.94,259.075,258.87,259.075,34317
AMZN,2026-09-03,12:00,259.08,259.19,258.9881,259.0194,47167
AMZN,2026-09-03,12:01,258.9918,259.04,258.8,258.9,47248
AMZN,2026-09-03,12:02,258.91,259.005,258.8301,258.965,24255
AMZN,2026-09-03,12:03,258.94,259.02,258.94,259.01,29664
AMZN,2026-09-03,12:04,258.97,259.03,258.93,258.9517,48048
AMZN,2026-09-03,12:05,258.975,259.06,258.9,259.0019,112904
AMZN,2026-09-03,12:06,258.985,259.125,258.974,259.05,22474
AMZN,2026-09-03,12:07,259.06,259.085,258.95,258.97,23385
AMZN,2026-09-03,12:08,258.975,259.07,258.96,259,32737
AMZN,2026-09-03,12:09,259.035,259.14,258.986,258.986,22591
AMZN,2026-09-03,12:10,258.98,259.2336,258.98,259.2,33363
AMZN,2026-09-03,12:11,259.205,259.205,259.045,259.11,23540
AMZN,2026-09-03,12:12,259.085,259.1,258.98,259.04,20910
AMZN,2026-09-03,12:13,259.03,259.0699,258.97,259.0401,18980
AMZN,2026-09-03,12:14,259.07,259.1199,259.0289,259.075,27271
AMZN,2026-09-03,12:15,259.05,259.15,259.03,259.15,17313
AMZN,2026-09-03,12:16,259.15,259.165,259.0201,259.096,19832
AMZN,2026-09-03,12:17,259.1,259.12,259.0433,259.045,21759
AMZN,2026-09-03,12:18,259.0567,259.0567,258.95,258.975,21717
AMZN,2026-09-03,12:19,258.98,259.1,258.7506,258.79,72610
AMZN,2026-09-03,12:20,258.7675,258.92,258.625,258.92,40827
AMZN,2026-09-03,12:21,258.92,258.93,258.7,258.7742,41661
AMZN,2026-09-03,12:22,258.8,258.8399,258.56,258.575,37004
AMZN,2026-09-03,12:23,258.5775,258.65,258.38,258.585,50100
AMZN,2026-09-03,12:24,258.585,258.62,258.54,258.57,23579
AMZN,2026-09-03,12:25,258.565,258.565,258.31,258.43,27811
AMZN,2026-09-03,12:26,258.46,258.46,258.26,258.32,26367
AMZN,2026-09-03,12:27,258.31,258.35,258.2,258.345,42723
AMZN,2026-09-03,12:28,258.35,258.48,258.34,258.48,52184
AMZN,2026-09-03,12:29,258.4776,258.572,258.47,258.535,33608
AMZN,2026-09-03,12:30,258.51,258.5587,258.41,258.525,28054
AMZN,2026-09-03,12:31,258.54,258.5853,258.43,258.49,45970
AMZN,2026-09-03,12:32,258.5116,258.5846,258.44,258.56,21765
AMZN,2026-09-03,12:33,258.55,258.55,258.37,258.5,24946
AMZN,2026-09-03,12:34,258.4761,258.645,258.4761,258.565,45925
AMZN,2026-09-03,12:35,258.54,258.66,258.53,258.56,33703
AMZN,2026-09-03,12:36,258.5625,258.66,258.48,258.48,20326
AMZN,2026-09-03,12:37,258.475,258.5499,258.38,258.5,23825
AMZN,2026-09-03,12:38,258.5201,258.7,258.52,258.695,18905
AMZN,2026-09-03,12:39,258.6601,258.8799,258.65,258.79,21364
AMZN,2026-09-03,12:40,258.7994,258.7994,258.7101,258.795,10664
AMZN,2026-09-03,12:41,258.795,258.83,258.78,258.795,17131
AMZN,2026-09-03,12:42,258.8,258.901,258.6215,258.6222,27116
AMZN,2026-09-03,12:43,258.64,258.69,258.52,258.69,33700
AMZN,2026-09-03,12:44,258.675,258.69,258.4601,258.5,24492
AMZN,2026-09-03,12:45,258.55,258.55,258.435,258.485,10915
AMZN,2026-09-03,12:46,258.485,258.5199,258.43,258.5,15713
AMZN,2026-09-03,12:47,258.47,258.52,258.47,258.52,24815
AMZN,2026-09-03,12:48,258.52,258.54,258.43,258.54,30680
AMZN,2026-09-03,12:49,258.545,258.6362,258.5,258.575,47246
AMZN,2026-09-03,12:50,258.565,258.565,258.395,258.395,23590
AMZN,2026-09-03,12:51,258.395,258.445,258.3,258.33,19950
AMZN,2026-09-03,12:52,258.34,258.37,258.2,258.22,30572
AMZN,2026-09-03,12:53,258.22,258.22,257.96,258,58905
AMZN,2026-09-03,12:54,257.9977,257.9977,257.81,257.87,63395
AMZN,2026-09-03,12:55,257.86,257.88,257.75,257.82,36632
AMZN,2026-09-03,12:56,257.825,257.9715,257.78,257.86,28786
AMZN,2026-09-03,12:57,257.86,258.15,257.775,258.15,36729
AMZN,2026-09-03,12:58,258.16,258.31,258.16,258.26,33962
AMZN,2026-09-03,12:59,258.2442,258.4,258.18,258.36,38930
AMZN,2026-09-03,13:00,258.38,258.42,258.265,258.31,27640
AMZN,2026-09-03,13:01,258.29,258.5499,258.29,258.51,41050
AMZN,2026-09-03,13:02,258.51,258.64,258.41,258.415,32266
AMZN,2026-09-03,13:03,258.415,258.54,258.4,258.52,25274
AMZN,2026-09-03,13:04,258.5,258.56,258.43,258.465,39576
AMZN,2026-09-03,13:05,258.4651,258.62,258.4651,258.535,22852
AMZN,2026-09-03,13:06,258.5351,258.5351,258.36,258.41,23326
AMZN,2026-09-03,13:07,258.38,258.41,258.3635,258.37,16918
AMZN,2026-09-03,13:08,258.37,258.41,258.34,258.4,17668
AMZN,2026-09-03,13:09,258.43,258.479,258.23,258.29,18145
AMZN,2026-09-03,13:10,258.24,258.39,258.19,258.39,25082
AMZN,2026-09-03,13:11,258.37,258.45,258.2701,258.375,20160
AMZN,2026-09-03,13:12,258.38,258.38,258.29,258.295,11408
AMZN,2026-09-03,13:13,258.295,258.37,258.27,258.37,21387
AMZN,2026-09-03,13:14,258.365,258.44,258.2801,258.35,17971
AMZN,2026-09-03,13:15,258.36,258.44,258.35,258.425,9273
AMZN,2026-09-03,13:16,258.44,258.44,258.375,258.39,16221
AMZN,2026-09-03,13:17,258.395,258.505,258.39,258.495,16166
AMZN,2026-09-03,13:18,258.495,258.51,258.3401,258.375,11936
AMZN,2026-09-03,13:19,258.38,258.5,258.38,258.425,12060
AMZN,2026-09-03,13:20,258.4499,258.51,258.415,258.51,22487
AMZN,2026-09-03,13:21,258.52,258.61,258.3701,258.44,52320
AMZN,2026-09-03,13:22,258.4501,258.5,258.38,258.405,30294
AMZN,2026-09-03,13:23,258.4551,258.545,258.37,258.545,17946
AMZN,2026-09-03,13:24,258.52,258.55,258.465,258.475,45205
AMZN,2026-09-03,13:25,258.4994,258.52,258.4,258.49,25263
AMZN,2026-09-03,13:26,258.505,258.6,258.445,258.56,24997
AMZN,2026-09-03,13:27,258.6,258.6,258.48,258.48,21395
AMZN,2026-09-03,13:28,258.52,258.65,258.5,258.62,29591
AMZN,2026-09-03,13:29,258.615,258.6999,258.61,258.6517,17999
AMZN,2026-09-03,13:30,258.68,258.79,258.68,258.75,28430
AMZN,2026-09-03,13:31,258.82,258.82,258.6501,258.67,45364
AMZN,2026-09-03,13:32,258.67,258.73,258.56,258.56,23892
AMZN,2026-09-03,13:33,258.555,258.58,258.4701,258.54,33798
AMZN,2026-09-03,13:34,258.515,258.515,258.28,258.36,28789
AMZN,2026-09-03,13:35,258.39,258.4701,258.3501,258.4701,27120
AMZN,2026-09-03,13:36,258.5,258.62,258.48,258.51,15466
AMZN,2026-09-03,13:37,258.5,258.54,258.45,258.45,15310
AMZN,2026-09-03,13:38,258.47,258.58,258.4212,258.52,18877
AMZN,2026-09-03,13:39,258.51,258.53,258.43,258.515,13865
AMZN,2026-09-03,13:40,258.51,258.65,258.5,258.5143,26271
AMZN,2026-09-03,13:41,258.56,258.58,258.5,258.5,12797
AMZN,2026-09-03,13:42,258.5,258.5149,258.41,258.45,33710
AMZN,2026-09-03,13:43,258.44,258.44,258.3,258.385,21030
AMZN,2026-09-03,13:44,258.385,258.43,258.35,258.39,15782
AMZN,2026-09-03,13:45,258.4,258.4399,258.29,258.3,21037
AMZN,2026-09-03,13:46,258.3,258.38,258.285,258.335,14598
AMZN,2026-09-03,13:47,258.32,258.36,258.195,258.25,24270
AMZN,2026-09-03,13:48,258.24,258.26,258.1707,258.25,21272
AMZN,2026-09-03,13:49,258.25,258.33,258.2398,258.3219,19035
AMZN,2026-09-03,13:50,258.28,258.33,258.2213,258.23,13707
AMZN,2026-09-03,13:51,258.21,258.2899,258.2,258.2899,21522
AMZN,2026-09-03,13:52,258.29,258.385,258.25,258.28,19286
AMZN,2026-09-03,13:53,258.2851,258.34,258.165,258.165,26521
AMZN,2026-09-03,13:54,258.18,258.29,258.17,258.28,22176
AMZN,2026-09-03,13:55,258.275,258.29,258.1524,258.18,20264
AMZN,2026-09-03,13:56,258.19,258.34,258.1202,258.276,27675
AMZN,2026-09-03,13:57,258.24,258.29,258.05,258.09,31080
AMZN,2026-09-03,13:58,258.09,258.1753,258.0851,258.115,24248
AMZN,2026-09-03,13:59,258.12,258.215,258.12,258.19,19858
AMZN,2026-09-03,14:00,258.21,258.5999,258.21,258.54,42408
AMZN,2026-09-03,14:01,258.54,258.58,258.35,258.35,16036
AMZN,2026-09-03,14:02,258.39,258.54,258.39,258.51,26589
AMZN,2026-09-03,14:03,258.54,258.575,258.47,258.525,19812
AMZN,2026-09-03,14:04,258.515,258.53,258.515,258.515,2116
AMZN,2026-09-03,14:05,258.68,258.6996,258.67,258.685,77424
AMZN,2026-09-03,14:06,258.7,258.9699,258.685,258.85,34996
AMZN,2026-09-03,14:07,258.865,258.9799,258.84,258.9799,20919
AMZN,2026-09-03,14:08,258.95,259.08,258.95,258.9896,30358
AMZN,2026-09-03,14:09,259.1451,259.1451,259.1451,259.1451,76197
AMZN,2026-09-03,14:10,259.38,259.44,259.38,259.4,157727
AMZN,2026-09-03,14:11,259.385,259.42,259.295,259.395,30606
AMZN,2026-09-03,14:12,259.315,259.34,259.31,259.325,43875
AMZN,2026-09-03,14:13,259.31,259.42,259.2901,259.405,26847
AMZN,2026-09-03,14:14,259.415,259.425,259.17,259.23,39542
AMZN,2026-09-03,14:15,259.23,259.405,259.23,259.33,48584
AMZN,2026-09-03,14:16,259.33,259.365,259.24,259.285,33737
AMZN,2026-09-03,14:17,259.32,259.335,259.0468,259.09,35250
AMZN,2026-09-03,14:18,259.09,259.09,258.95,258.97,42157
AMZN,2026-09-03,14:19,258.97,259.003,258.8836,258.985,23083
AMZN,2026-09-03,14:20,259.005,259.08,258.95,258.98,25982
AMZN,2026-09-03,14:21,258.98,259.115,258.975,259.025,27087
AMZN,2026-09-03,14:22,259.02,259.02,258.96,258.99,23714
AMZN,2026-09-03,14:23,258.985,259.01,258.8834,258.95,38113
AMZN,2026-09-03,14:24,258.96,259.02,258.94,258.98,28586
AMZN,2026-09-03,14:25,258.98,259.065,258.95,259.05,30832
AMZN,2026-09-03,14:26,259.05,259.22,259.0301,259.13,33863
AMZN,2026-09-03,14:27,259.1052,259.2,259.1,259.12,31759
AMZN,2026-09-03,14:28,259.15,259.27,259.1346,259.225,29467
AMZN,2026-09-03,14:29,259.24,259.47,259.2,259.47,33648
AMZN,2026-09-03,14:30,259.46,259.5,259.21,259.29,42350
AMZN,2026-09-03,14:31,259.305,259.34,259.24,259.295,24400
AMZN,2026-09-03,14:32,259.3351,259.42,259.32,259.345,33216
AMZN,2026-09-03,14:33,259.345,259.42,259.34,259.415,21322
AMZN,2026-09-03,14:34,259.415,259.45,259.27,259.28,27112
AMZN,2026-09-03,14:35,259.28,259.29,259.15,259.195,41157
AMZN,2026-09-03,14:36,259.195,259.2221,259.15,259.175,21797
AMZN,2026-09-03,14:37,259.175,259.175,258.9113,258.955,39576
AMZN,2026-09-03,14:38,258.96,258.96,258.785,258.8,40640
AMZN,2026-09-03,14:39,258.78,258.9,258.73,258.8298,35896
AMZN,2026-09-03,14:40,258.85,258.855,258.71,258.8,26423
AMZN,2026-09-03,14:41,258.795,258.885,258.7797,258.86,19648
AMZN,2026-09-03,14:42,258.8646,258.8646,258.6,258.66,42974
AMZN,2026-09-03,14:43,258.69,258.7,258.55,258.64,20923
AMZN,2026-09-03,14:44,258.625,258.7167,258.58,258.685,27239
AMZN,2026-09-03,14:45,258.685,258.722,258.6,258.665,22314
AMZN,2026-09-03,14:46,258.66,258.87,258.66,258.8,47272
AMZN,2026-09-03,14:47,258.81,258.84,258.77,258.7701,28510
AMZN,2026-09-03,14:48,258.785,258.8815,258.755,258.755,21786
AMZN,2026-09-03,14:49,258.74,258.845,258.71,258.74,33379
AMZN,2026-09-03,14:50,258.77,258.85,258.77,258.795,18106
AMZN,2026-09-03,14:51,258.795,258.81,258.74,258.81,24802
AMZN,2026-09-03,14:52,258.81,258.84,258.7006,258.7105,23002
AMZN,2026-09-03,14:53,258.71,258.72,258.6,258.63,28660
AMZN,2026-09-03,14:54,258.64,258.675,258.59,258.665,34733
AMZN,2026-09-03,14:55,258.67,258.69,258.47,258.48,35026
AMZN,2026-09-03,14:56,258.515,258.78,258.515,258.74,51076
AMZN,2026-09-03,14:57,258.76,258.81,258.67,258.78,23196
AMZN,2026-09-03,14:58,258.7801,258.96,258.7801,258.93,34745
AMZN,2026-09-03,14:59,258.93,259.12,258.915,259.01,31191
AMZN,2026-09-03,15:00,259.07,259.11,258.9899,259.0241,24966
AMZN,2026-09-03,15:01,259.0251,259.0251,258.79,258.8399,35368
AMZN,2026-09-03,15:02,258.815,258.9299,258.8,258.84,50964
AMZN,2026-09-03,15:03,258.845,258.87,258.6802,258.84,69010
AMZN,2026-09-03,15:04,258.84,258.84,258.62,258.755,42678
AMZN,2026-09-03,15:05,258.745,258.88,258.72,258.85,29042
AMZN,2026-09-03,15:06,258.845,258.87,258.72,258.78,41316
AMZN,2026-09-03,15:07,258.77,258.8299,258.6802,258.695,24291
AMZN,2026-09-03,15:08,258.695,258.82,258.68,258.77,31095
AMZN,2026-09-03,15:09,258.78,258.81,258.72,258.8,37816
AMZN,2026-09-03,15:10,258.8,258.83,258.735,258.83,33882
AMZN,2026-09-03,15:11,258.84,258.89,258.78,258.89,30179
AMZN,2026-09-03,15:12,258.87,258.88,258.79,258.851,40932
AMZN,2026-09-03,15:13,258.8416,258.8416,258.72,258.75,42647
AMZN,2026-09-03,15:14,258.77,258.77,258.62,258.66,50034
AMZN,2026-09-03,15:15,258.66,258.69,258.61,258.65,27514
AMZN,2026-09-03,15:16,258.68,258.69,258.605,258.65,23048
AMZN,2026-09-03,15:17,258.65,258.72,258.5901,258.71,43539
AMZN,2026-09-03,15:18,258.71,258.7942,258.69,258.7942,29438
AMZN,2026-09-03,15:19,258.785,258.87,258.77,258.86,27834
AMZN,2026-09-03,15:20,258.88,258.9,258.77,258.8,29880
AMZN,2026-09-03,15:21,258.8081,258.845,258.76,258.76,23401
AMZN,2026-09-03,15:22,258.74,258.7701,258.6,258.6,39110
AMZN,2026-09-03,15:23,258.605,258.63,258.4101,258.52,52229
AMZN,2026-09-03,15:24,258.53,258.53,258.42,258.48,35059
AMZN,2026-09-03,15:25,258.4846,258.5,258.4275,258.5,28128
AMZN,2026-09-03,15:26,258.49,258.52,258.4401,258.46,24623
AMZN,2026-09-03,15:27,258.48,258.7,258.47,258.66,39899
AMZN,2026-09-03,15:28,258.67,258.67,258.49,258.57,31128
AMZN,2026-09-03,15:29,258.59,258.74,258.59,258.655,29801
AMZN,2026-09-03,15:30,258.655,258.71,258.59,258.695,36345
AMZN,2026-09-03,15:31,258.7201,258.815,258.7201,258.765,39666
AMZN,2026-09-03,15:32,258.7923,258.805,258.6708,258.79,32708
AMZN,2026-09-03,15:33,258.78,258.78,258.58,258.58,43777
AMZN,2026-09-03,15:34,258.59,258.59,258.46,258.485,34334
AMZN,2026-09-03,15:35,258.485,258.51,258.44,258.44,36108
AMZN,2026-09-03,15:36,258.475,258.56,258.475,258.54,30395
AMZN,2026-09-03,15:37,258.554,258.6606,258.54,258.625,28960
AMZN,2026-09-03,15:38,258.625,258.72,258.585,258.72,44523
AMZN,2026-09-03,15:39,258.72,258.8272,258.65,258.805,37582
AMZN,2026-09-03,15:40,258.805,258.99,258.805,258.975,47623
AMZN,2026-09-03,15:41,258.975,258.975,258.89,258.93,49364
AMZN,2026-09-03,15:42,258.93,259.05,258.89,258.9764,60033
AMZN,2026-09-03,15:43,258.98,259.095,258.9601,258.98,54918
AMZN,2026-09-03,15:44,259,259.02,258.87,258.87,56543
AMZN,2026-09-03,15:45,258.88,259.105,258.855,259.07,80090
AMZN,2026-09-03,15:46,259.09,259.105,258.95,258.97,57169
AMZN,2026-09-03,15:47,258.96,259.05,258.725,258.75,55312
AMZN,2026-09-03,15:48,258.78,258.83,258.72,258.795,57908
AMZN,2026-09-03,15:49,258.79,258.79,258.65,258.6913,63538
AMZN,2026-09-03,15:50,258.7,258.82,258.61,258.675,79375
AMZN,2026-09-03,15:51,258.685,258.85,258.675,258.83,88333
AMZN,2026-09-03,15:52,258.825,258.94,258.82,258.915,65790
AMZN,2026-09-03,15:53,258.91,258.965,258.87,258.875,199332
AMZN,2026-09-03,15:54,258.88,259.03,258.88,258.98,110518
AMZN,2026-09-03,15:55,258.98,259.16,258.87,259.12,166874
AMZN,2026-09-03,15:56,259.13,259.13,258.9,258.98,128552
AMZN,2026-09-03,15:57,258.975,259.03,258.93,259.03,143907
AMZN,2026-09-03,15:58,259.03,259.0419,258.83,258.875,226652
AMZN,2026-09-03,15:59,258.875,259.01,258.72,258.9,516293
AMZN,2026-09-03,16:00,258.9,258.9,258.9,258.9,0
AMZN,2026-09-04,09:30,259.215,260.83,259.1,260.785,1370926
AMZN,2026-09-04,09:31,260.785,261.12,260.29,260.745,266498
AMZN,2026-09-04,09:32,260.765,260.86,259.6007,259.99,178898
AMZN,2026-09-04,09:33,259.915,260.49,258.75,258.76,162437
AMZN,2026-09-04,09:34,258.76,259.02,258.4043,258.82,117342
AMZN,2026-09-04,09:35,258.85,259.4887,258.67,259.36,115698
AMZN,2026-09-04,09:36,259.355,259.5,258.75,258.85,129049
AMZN,2026-09-04,09:37,258.8,258.86,258.385,258.775,66584
AMZN,2026-09-04,09:38,258.74,259.45,258.71,259.4,68461
AMZN,2026-09-04,09:39,259.39,260.13,259,259.945,138333
AMZN,2026-09-04,09:40,259.9621,259.9983,259.42,259.475,92178
AMZN,2026-09-04,09:41,259.46,259.7699,259.3,259.62,58977
AMZN,2026-09-04,09:42,259.61,259.6999,258.8,258.975,93082
AMZN,2026-09-04,09:43,258.95,259.15,258.67,258.76,47865
AMZN,2026-09-04,09:44,258.81,259.05,258.4,258.5199,94393
AMZN,2026-09-04,09:45,258.49,258.7699,258.45,258.705,93373
AMZN,2026-09-04,09:46,258.715,258.755,258.27,258.365,68907
AMZN,2026-09-04,09:47,258.38,258.39,257.62,257.62,172605
AMZN,2026-09-04,09:48,257.655,257.74,257.3705,257.46,130426
AMZN,2026-09-04,09:49,257.44,257.68,257.225,257.5162,86989
AMZN,2026-09-04,09:50,257.39,257.45,256.81,257.16,122834
AMZN,2026-09-04,09:51,257.225,257.28,256.9184,257.13,97970
AMZN,2026-09-04,09:52,257.125,257.4,257.04,257.35,90626
AMZN,2026-09-04,09:53,257.35,257.646,257.32,257.58,75570
AMZN,2026-09-04,09:54,257.609,257.99,257.58,257.94,116478
AMZN,2026-09-04,09:55,257.97,258.11,257.86,258.01,76282
AMZN,2026-09-04,09:56,257.95,258.165,257.9,257.97,94522
AMZN,2026-09-04,09:57,258.005,258.012,257.71,257.775,95977
AMZN,2026-09-04,09:58,257.8,258.18,257.795,257.955,87390
AMZN,2026-09-04,09:59,257.95,257.96,257.675,257.96,116701
AMZN,2026-09-04,10:00,257.88,258.2182,257.49,258.15,181429
AMZN,2026-09-04,10:01,258.14,258.1993,257.48,257.49,86800
AMZN,2026-09-04,10:02,257.545,257.68,257.5167,257.615,167525
AMZN,2026-09-04,10:03,257.605,258.215,257.5,258.17,76203
AMZN,2026-09-04,10:04,258.14,258.48,258.14,258.2925,89360
AMZN,2026-09-04,10:05,258.26,258.52,258.18,258.45,61274
AMZN,2026-09-04,10:06,258.48,258.48,258.105,258.26,53418
AMZN,2026-09-04,10:07,258.27,258.3,257.9313,258.0248,58364
AMZN,2026-09-04,10:08,257.98,257.9892,257.77,257.8598,65687
AMZN,2026-09-04,10:09,257.87,258.1565,257.8,258.07,72636
AMZN,2026-09-04,10:10,258.07,258.22,257.86,257.895,80589
AMZN,2026-09-04,10:11,257.895,258.34,257.86,258.19,51161
AMZN,2026-09-04,10:12,258.18,258.2,258.01,258.15,46978
AMZN,2026-09-04,10:13,258.18,258.21,257.965,257.98,57705
AMZN,2026-09-04,10:14,257.96,258.2199,257.895,258.05,47350
AMZN,2026-09-04,10:15,258.05,258.16,257.9416,258.14,53111
AMZN,2026-09-04,10:16,258.14,258.17,257.9366,258.06,50676
AMZN,2026-09-04,10:17,258.06,258.07,257.86,257.88,84424
AMZN,2026-09-04,10:18,257.91,257.95,257.65,257.66,108450
AMZN,2026-09-04,10:19,257.66,257.73,257.56,257.65,54452
AMZN,2026-09-04,10:20,257.62,257.725,257.57,257.64,59458
AMZN,2026-09-04,10:21,257.65,257.75,257.56,257.66,58135
AMZN,2026-09-04,10:22,257.63,257.685,257.53,257.67,59075
AMZN,2026-09-04,10:23,257.64,257.8694,257.59,257.8,40489
AMZN,2026-09-04,10:24,257.83,257.83,257.61,257.66,68529
AMZN,2026-09-04,10:25,257.62,257.87,257.62,257.74,55663
AMZN,2026-09-04,10:26,257.745,257.745,257.49,257.58,52918
AMZN,2026-09-04,10:27,257.57,257.57,257.42,257.47,44451
AMZN,2026-09-04,10:28,257.4601,257.77,257.42,257.645,86835
AMZN,2026-09-04,10:29,257.64,257.725,257.31,257.31,49275
AMZN,2026-09-04,10:30,257.33,257.41,257.23,257.29,50600
AMZN,2026-09-04,10:31,257.27,257.5,257.2,257.26,70059
AMZN,2026-09-04,10:32,257.255,257.3353,257.08,257.29,96740
AMZN,2026-09-04,10:33,257.3173,257.4,257.065,257.09,74898
AMZN,2026-09-04,10:34,257.12,257.185,256.9427,257.085,88020
AMZN,2026-09-04,10:35,257.07,257.21,256.91,256.925,61678
AMZN,2026-09-04,10:36,256.92,257.09,256.9,256.97,65928
AMZN,2026-09-04,10:37,256.9483,256.99,256.82,256.945,60678
AMZN,2026-09-04,10:38,256.93,256.96,256.83,256.93,52677
AMZN,2026-09-04,10:39,256.9418,257.24,256.94,257.23,48643
AMZN,2026-09-04,10:40,257.235,257.28,257.0001,257.07,44548
AMZN,2026-09-04,10:41,257.088,257.1799,257,257.11,28096
AMZN,2026-09-04,10:42,257.11,257.19,257,257.09,45839
AMZN,2026-09-04,10:43,257.15,257.21,256.94,256.975,26873
AMZN,2026-09-04,10:44,256.99,257.15,256.97,257.01,49898
AMZN,2026-09-04,10:45,257.03,257.185,257.03,257.03,49331
AMZN,2026-09-04,10:46,257.08,257.1,256.98,257.045,90775
AMZN,2026-09-04,10:47,257.045,257.07,256.88,256.9443,74982
AMZN,2026-09-04,10:48,256.985,256.99,256.83,256.8686,57980
AMZN,2026-09-04,10:49,256.8668,256.96,256.65,256.68,137135
AMZN,2026-09-04,10:50,256.68,256.72,256.52,256.5599,80141
AMZN,2026-09-04,10:51,256.56,256.62,256.385,256.41,70546
AMZN,2026-09-04,10:52,256.4228,256.6099,256.2914,256.542,77396
AMZN,2026-09-04,10:53,256.5695,256.67,256.51,256.52,35929
AMZN,2026-09-04,10:54,256.52,256.65,256.46,256.565,61603
AMZN,2026-09-04,10:55,256.5,256.5,256.35,256.42,68608
AMZN,2026-09-04,10:56,256.4995,256.55,256.28,256.29,53986
AMZN,2026-09-04,10:57,256.28,256.44,256.17,256.44,94248
AMZN,2026-09-04,10:58,256.44,256.49,256.3,256.42,41880
AMZN,2026-09-04,10:59,256.45,256.53,256.25,256.53,64244
AMZN,2026-09-04,11:00,256.47,256.52,256.1304,256.2,76543
AMZN,2026-09-04,11:01,256.18,256.22,256.04,256.11,87743
AMZN,2026-09-04,11:02,256.115,256.13,255.795,255.92,144946
AMZN,2026-09-04,11:03,255.92,256.03,255.83,255.97,87746
AMZN,2026-09-04,11:04,255.97,256.0196,255.78,255.9101,66479
AMZN,2026-09-04,11:05,255.91,255.97,255.81,255.81,54294
AMZN,2026-09-04,11:06,255.81,255.87,255.55,255.555,74286
AMZN,2026-09-04,11:07,255.555,255.635,255.29,255.6,114098
AMZN,2026-09-04,11:08,255.56,255.575,255.475,255.55,36497
AMZN,2026-09-04,11:09,255.52,255.6,255.41,255.53,63804
AMZN,2026-09-04,11:10,255.55,255.63,255.36,255.57,66743
AMZN,2026-09-04,11:11,255.6,255.63,255.48,255.53,60892
AMZN,2026-09-04,11:12,255.51,255.64,255.47,255.625,40635
AMZN,2026-09-04,11:13,255.625,255.7768,255.59,255.68,49659
AMZN,2026-09-04,11:14,255.68,255.68,255.53,255.68,44871
AMZN,2026-09-04,11:15,255.69,255.71,255.62,255.625,46480
AMZN,2026-09-04,11:16,255.6,255.76,255.57,255.64,47507
AMZN,2026-09-04,11:17,255.645,255.645,255.41,255.52,79500
AMZN,2026-09-04,11:18,255.54,255.7299,255.44,255.52,55773
AMZN,2026-09-04,11:19,255.51,255.6,255.43,255.51,45727
AMZN,2026-09-04,11:20,255.5,255.55,255.34,255.54,47511
AMZN,2026-09-04,11:21,255.55,255.71,255.505,255.66,51401
AMZN,2026-09-04,11:22,255.665,256,255.63,255.975,105226
AMZN,2026-09-04,11:23,255.975,256.06,255.83,255.835,66932
AMZN,2026-09-04,11:24,255.82,256.04,255.7701,256.01,42066
AMZN,2026-09-04,11:25,256,256.03,255.91,255.92,30187
AMZN,2026-09-04,11:26,255.96,255.99,255.875,255.93,29746
AMZN,2026-09-04,11:27,255.935,255.98,255.86,255.965,38123
AMZN,2026-09-04,11:28,255.9401,256.045,255.9,256.01,35023
AMZN,2026-09-04,11:29,256.0001,256.1,255.86,255.995,158174
AMZN,2026-09-04,11:30,255.995,256.06,255.72,255.75,106160
AMZN,2026-09-04,11:31,255.731,255.9,255.731,255.855,52446
AMZN,2026-09-04,11:32,255.845,255.86,255.6801,255.6801,58035
AMZN,2026-09-04,11:33,255.69,255.94,255.67,255.925,33233
AMZN,2026-09-04,11:34,255.925,256.0389,255.67,255.6922,55469
AMZN,2026-09-04,11:35,255.68,256.005,255.67,255.93,52380
AMZN,2026-09-04,11:36,255.945,256.1,255.945,255.955,42308
AMZN,2026-09-04,11:37,256.0097,256.01,255.7629,255.7629,30465
AMZN,2026-09-04,11:38,255.76,256.02,255.72,255.95,62439
AMZN,2026-09-04,11:39,255.9,255.95,255.8306,255.89,29375
AMZN,2026-09-04,11:40,255.895,255.945,255.87,255.87,21155
AMZN,2026-09-04,11:41,255.88,255.95,255.83,255.92,31974
AMZN,2026-09-04,11:42,255.95,256.03,255.92,256.03,24979
AMZN,2026-09-04,11:43,256.04,256.09,255.9777,256.015,29648
AMZN,2026-09-04,11:44,256.05,256.06,255.931,255.9639,31730
AMZN,2026-09-04,11:45,255.96,256.05,255.83,256.05,25474
AMZN,2026-09-04,11:46,256.025,256.0662,255.9301,256.002,18640
AMZN,2026-09-04,11:47,255.96,255.97,255.85,255.905,36517
AMZN,2026-09-04,11:48,255.9,255.91,255.77,255.8104,33662
AMZN,2026-09-04,11:49,255.795,256.05,255.77,256.03,43457
AMZN,2026-09-04,11:50,256.05,256.17,256.005,256.06,43506
AMZN,2026-09-04,11:51,256.08,256.1,256.03,256.09,29378
AMZN,2026-09-04,11:52,256.09,256.15,256.055,256.11,50480
AMZN,2026-09-04,11:53,256.145,256.25,256.03,256.22,42061
AMZN,2026-09-04,11:54,256.22,256.23,256.0601,256.215,31617
AMZN,2026-09-04,11:55,256.195,256.32,256.18,256.21,30864
AMZN,2026-09-04,11:56,256.2102,256.2102,256.1101,256.115,30018
AMZN,2026-09-04,11:57,256.12,256.2,256.0195,256.18,28083
AMZN,2026-09-04,11:58,256.169,256.19,255.965,255.995,47115
AMZN,2026-09-04,11:59,256.01,256.07,255.98,256.03,22911
AMZN,2026-09-04,12:00,256.03,256.0999,255.94,255.995,35807
AMZN,2026-09-04,12:01,255.985,255.985,255.81,255.84,34525
AMZN,2026-09-04,12:02,255.86,255.96,255.86,255.92,30558
AMZN,2026-09-04,12:03,255.925,256.0199,255.9067,255.98,38695
AMZN,2026-09-04,12:04,255.98,256.13,255.98,256.085,42863
AMZN,2026-09-04,12:05,256.08,256.16,255.99,255.99,39907
AMZN,2026-09-04,12:06,255.9787,256.08,255.91,255.97,52610
AMZN,2026-09-04,12:07,255.99,256.2,255.97,256.2,26955
AMZN,2026-09-04,12:08,256.22,256.32,256.12,256.188,31927
AMZN,2026-09-04,12:09,256.2299,256.29,256.1401,256.18,32656
AMZN,2026-09-04,12:10,256.155,256.22,256.04,256.136,37996
AMZN,2026-09-04,12:11,256.1401,256.2597,256.075,256.2597,24513
AMZN,2026-09-04,12:12,256.225,256.3,256.18,256.27,23528
AMZN,2026-09-04,12:13,256.28,256.53,256.28,256.5,41155
AMZN,2026-09-04,12:14,256.5,256.6233,256.5,256.589,37687
AMZN,2026-09-04,12:15,256.581,256.7,256.47,256.535,49326
AMZN,2026-09-04,12:16,256.55,256.56,256.45,256.4891,36200
AMZN,2026-09-04,12:17,256.47,256.7,256.47,256.6822,35460
AMZN,2026-09-04,12:18,256.6929,256.745,256.6,256.725,45336
AMZN,2026-09-04,12:19,256.74,256.94,256.6605,256.75,77401
AMZN,2026-09-04,12:20,256.765,256.95,256.765,256.92,35102
AMZN,2026-09-04,12:21,256.92,257.04,256.9,256.93,65742
AMZN,2026-09-04,12:22,256.9,256.9,256.85,256.88,28904
AMZN,2026-09-04,12:23,256.86,256.96,256.785,256.96,39265
AMZN,2026-09-04,12:24,256.945,257.0299,256.92,256.95,38148
AMZN,2026-09-04,12:25,256.96,257.08,256.92,257.02,30223
AMZN,2026-09-04,12:26,257,257.1199,256.94,257,39002
AMZN,2026-09-04,12:27,257.005,257.06,256.88,257.0599,38732
AMZN,2026-09-04,12:28,257.0465,257.1,257.02,257.045,28339
AMZN,2026-09-04,12:29,257.025,257.075,256.97,257.04,33896
AMZN,2026-09-04,12:30,257.04,257.17,256.96,257.17,42528
AMZN,2026-09-04,12:31,257.17,257.24,257.128,257.1425,52631
AMZN,2026-09-04,12:32,257.16,257.3,257.1421,257.215,37582
AMZN,2026-09-04,12:33,257.21,257.23,257.175,257.175,43323
AMZN,2026-09-04,12:34,257.18,257.345,257.18,257.335,30485
AMZN,2026-09-04,12:35,257.32,257.39,257.2801,257.305,50931
AMZN,2026-09-04,12:36,257.3,257.37,257.23,257.2748,67448
AMZN,2026-09-04,12:37,257.25,257.27,257.085,257.115,38797
AMZN,2026-09-04,12:38,257.116,257.19,257.11,257.17,28492
AMZN,2026-09-04,12:39,257.19,257.24,257.14,257.18,33290
AMZN,2026-09-04,12:40,257.1291,257.23,257.0978,257.11,23988
AMZN,2026-09-04,12:41,257.11,257.14,256.9802,257.01,39265
AMZN,2026-09-04,12:42,257.02,257.1,256.985,257.085,39864
AMZN,2026-09-04,12:43,257.09,257.17,257.07,257.17,39852
AMZN,2026-09-04,12:44,257.17,257.2101,257.07,257.1,33105
AMZN,2026-09-04,12:45,257.16,257.2,257.09,257.2,29296
AMZN,2026-09-04,12:46,257.18,257.25,257.17,257.18,22435
AMZN,2026-09-04,12:47,257.175,257.289,257.175,257.2,34178
AMZN,2026-09-04,12:48,257.1618,257.1618,257.08,257.16,15322
AMZN,2026-09-04,12:49,257.16,257.19,257.08,257.11,25153
AMZN,2026-09-04,12:50,257.1,257.1799,257.05,257.155,19502
AMZN,2026-09-04,12:51,257.16,257.23,257.131,257.131,19970
AMZN,2026-09-04,12:52,257.1307,257.21,257.1307,257.2099,16641
AMZN,2026-09-04,12:53,257.21,257.32,257.21,257.27,43928
AMZN,2026-09-04,12:54,257.27,257.32,257.2008,257.2008,32260
AMZN,2026-09-04,12:55,257.2099,257.2744,257.19,257.2744,13360
AMZN,2026-09-04,12:56,257.28,257.28,257.21,257.235,24788
AMZN,2026-09-04,12:57,257.235,257.3,257.235,257.27,18551
AMZN,2026-09-04,12:58,257.27,257.312,257.21,257.2399,19586
AMZN,2026-09-04,12:59,257.23,257.27,257.2,257.25,19737
AMZN,2026-09-04,13:00,257.26,257.28,257.165,257.22,26971
AMZN,2026-09-04,13:01,257.2014,257.2108,257.05,257.055,27346
AMZN,2026-09-04,13:02,257.04,257.0999,256.95,256.9507,45131
AMZN,2026-09-04,13:03,256.95,257.04,256.83,257.03,40043
AMZN,2026-09-04,13:04,257.03,257.0348,256.93,257.02,17427
AMZN,2026-09-04,13:05,257.015,257.13,257,257.13,41832
AMZN,2026-09-04,13:06,257.11,257.195,257.0901,257.15,15594
AMZN,2026-09-04,13:07,257.16,257.27,257.16,257.16,23954
AMZN,2026-09-04,13:08,257.18,257.25,257.02,257.065,44333
AMZN,2026-09-04,13:09,257.065,257.17,257.05,257.1,21313
AMZN,2026-09-04,13:10,257.1,257.17,257.09,257.125,28123
AMZN,2026-09-04,13:11,257.14,257.18,257.1,257.12,26329
AMZN,2026-09-04,13:12,257.12,257.13,257.06,257.09,16830
AMZN,2026-09-04,13:13,257.09,257.11,257.02,257.11,18542
AMZN,2026-09-04,13:14,257.1273,257.21,257.095,257.13,22444
AMZN,2026-09-04,13:15,257.12,257.13,257.015,257.025,15322
AMZN,2026-09-04,13:16,257.04,257.08,256.97,257.07,35771
AMZN,2026-09-04,13:17,257.07,257.1,257.06,257.07,21776
AMZN,2026-09-04,13:18,257.09,257.1393,257.08,257.11,18597
AMZN,2026-09-04,13:19,257.105,257.1297,257.0301,257.095,39293
AMZN,2026-09-04,13:20,257.095,257.17,257.0705,257.16,24248
AMZN,2026-09-04,13:21,257.1579,257.1579,257.04,257.05,22358
AMZN,2026-09-04,13:22,257.0516,257.11,257.05,257.09,18587
AMZN,2026-09-04,13:23,257.06,257.06,256.91,256.92,23467
AMZN,2026-09-04,13:24,256.95,257.02,256.94,257.02,29202
AMZN,2026-09-04,13:25,257.03,257.1588,256.99,257.145,37221
AMZN,2026-09-04,13:26,257.145,257.1451,257.005,257.005,21524
AMZN,2026-09-04,13:27,257,257.03,256.93,257.02,29999
AMZN,2026-09-04,13:28,257.03,257.04,256.92,256.92,27865
AMZN,2026-09-04,13:29,256.86,256.906,256.82,256.88,23602
AMZN,2026-09-04,13:30,256.84,256.8987,256.82,256.885,54314
AMZN,2026-09-04,13:31,256.9099,257.015,256.9,256.94,22754
AMZN,2026-09-04,13:32,256.915,256.9299,256.8501,256.855,12513
AMZN,2026-09-04,13:33,256.89,256.92,256.81,256.82,33934
AMZN,2026-09-04,13:34,256.82,256.83,256.72,256.815,34328
AMZN,2026-09-04,13:35,256.815,256.82,256.685,256.8,29955
AMZN,2026-09-04,13:36,256.78,256.85,256.77,256.785,19123
AMZN,2026-09-04,13:37,256.76,256.82,256.74,256.74,24273
AMZN,2026-09-04,13:38,256.75,256.8925,256.75,256.8925,20810
AMZN,2026-09-04,13:39,256.9,256.92,256.845,256.89,18507
AMZN,2026-09-04,13:40,256.88,256.88,256.755,256.83,19056
AMZN,2026-09-04,13:41,256.82,256.84,256.77,256.78,15175
AMZN,2026-09-04,13:42,256.79,256.85,256.76,256.765,12761
AMZN,2026-09-04,13:43,256.77,256.9,256.7601,256.8936,21704
AMZN,2026-09-04,13:44,256.87,256.9299,256.8501,256.87,32921
AMZN,2026-09-04,13:45,256.88,256.89,256.76,256.835,48351
AMZN,2026-09-04,13:46,256.85,256.89,256.81,256.82,27584
AMZN,2026-09-04,13:47,256.81,256.95,256.8,256.93,15252
AMZN,2026-09-04,13:48,256.93,257.05,256.93,257.01,24431
AMZN,2026-09-04,13:49,257.01,257.11,256.9701,257.04,26802
AMZN,2026-09-04,13:50,257.05,257.1,257.04,257.08,17301
AMZN,2026-09-04,13:51,257.055,257.08,256.975,257.05,19061
AMZN,2026-09-04,13:52,257.05,257.13,257.05,257.115,22152
AMZN,2026-09-04,13:53,257.11,257.2495,257.11,257.2,47299
AMZN,2026-09-04,13:54,257.22,257.2215,257.12,257.17,23242
AMZN,2026-09-04,13:55,257.155,257.17,257.0801,257.13,16224
AMZN,2026-09-04,13:56,257.14,257.19,257.09,257.09,13462
AMZN,2026-09-04,13:57,257.09,257.12,257.0457,257.08,21400
AMZN,2026-09-04,13:58,257.1,257.24,257.0701,257.195,30433
AMZN,2026-09-04,13:59,257.19,257.22,257.14,257.15,15403
AMZN,2026-09-04,14:00,257.15,257.32,257.15,257.27,38134
AMZN,2026-09-04,14:01,257.27,257.2982,257.11,257.1451,16630
AMZN,2026-09-04,14:02,257.145,257.25,257.13,257.25,20594
AMZN,2026-09-04,14:03,257.245,257.4305,257.23,257.23,44894
AMZN,2026-09-04,14:04,257.23,257.3,257.19,257.295,24177
AMZN,2026-09-04,14:05,257.31,257.31,257.22,257.29,25415
AMZN,2026-09-04,14:06,257.2862,257.3,257.195,257.25,21763
AMZN,2026-09-04,14:07,257.28,257.29,257.15,257.22,38130
AMZN,2026-09-04,14:08,257.225,257.3398,257.225,257.3398,26494
AMZN,2026-09-04,14:09,257.325,257.36,257.19,257.36,37517
AMZN,2026-09-04,14:10,257.3401,257.485,257.33,257.43,40495
AMZN,2026-09-04,14:11,257.4446,257.4446,257.26,257.31,47746
AMZN,2026-09-04,14:12,257.31,257.4,257.31,257.34,27363
AMZN,2026-09-04,14:13,257.34,257.48,257.33,257.45,31778
AMZN,2026-09-04,14:14,257.43,257.45,257.3901,257.41,27273
AMZN,2026-09-04,14:15,257.42,257.4999,257.31,257.315,77837
AMZN,2026-09-04,14:16,257.32,257.43,257.275,257.4092,43097
AMZN,2026-09-04,14:17,257.4101,257.49,257.4101,257.445,17241
AMZN,2026-09-04,14:18,257.42,257.42,257.33,257.34,29736
AMZN,2026-09-04,14:19,257.34,257.3925,257.285,257.29,48555
AMZN,2026-09-04,14:20,257.315,257.38,257.19,257.3508,101538
AMZN,2026-09-04,14:21,257.34,257.34,257.25,257.31,44905
AMZN,2026-09-04,14:22,257.28,257.355,257.235,257.35,51682
AMZN,2026-09-04,14:23,257.37,257.37,257.26,257.29,25246
AMZN,2026-09-04,14:24,257.29,257.31,257.14,257.245,51121
AMZN,2026-09-04,14:25,257.26,257.44,257.26,257.41,20560
AMZN,2026-09-04,14:26,257.42,257.42,257.38,257.4,35993
AMZN,2026-09-04,14:27,257.41,257.43,257.36,257.4199,20872
AMZN,2026-09-04,14:28,257.42,257.42,257.26,257.307,57414
AMZN,2026-09-04,14:29,257.29,257.38,257.07,257.325,84733
AMZN,2026-09-04,14:30,257.34,257.46,257.34,257.445,19872
AMZN,2026-09-04,14:31,257.445,257.46,257.365,257.365,22393
AMZN,2026-09-04,14:32,257.35,257.36,257.31,257.32,17787
AMZN,2026-09-04,14:33,257.33,257.37,257.315,257.355,18337
AMZN,2026-09-04,14:34,257.355,257.36,257.31,257.32,32058
AMZN,2026-09-04,14:35,257.335,257.455,257.33,257.45,33460
AMZN,2026-09-04,14:36,257.44,257.5589,257.44,257.51,52933
AMZN,2026-09-04,14:37,257.5,257.675,257.48,257.669,67051
AMZN,2026-09-04,14:38,257.67,257.698,257.615,257.615,33218
AMZN,2026-09-04,14:39,257.6243,257.67,257.59,257.6699,29157
AMZN,2026-09-04,14:40,257.65,257.69,257.61,257.635,36581
AMZN,2026-09-04,14:41,257.65,257.67,257.52,257.63,42200
AMZN,2026-09-04,14:42,257.64,257.65,257.58,257.58,82861
AMZN,2026-09-04,14:43,257.585,257.645,257.56,257.63,23635
AMZN,2026-09-04,14:44,257.645,257.68,257.6,257.61,25432
AMZN,2026-09-04,14:45,257.62,257.76,257.61,257.68,44033
AMZN,2026-09-04,14:46,257.675,257.7,257.56,257.575,37993
AMZN,2026-09-04,14:47,257.6,257.66,257.5418,257.6464,97947
AMZN,2026-09-04,14:48,257.66,257.68,257.6253,257.665,20106
AMZN,2026-09-04,14:49,257.6699,257.71,257.65,257.67,30616
AMZN,2026-09-04,14:50,257.66,257.7399,257.62,257.7019,18880
AMZN,2026-09-04,14:51,257.74,257.77,257.6946,257.76,28073
AMZN,2026-09-04,14:52,257.76,257.8399,257.74,257.82,24651
AMZN,2026-09-04,14:53,257.8201,257.93,257.8201,257.93,23588
AMZN,2026-09-04,14:54,257.93,257.95,257.88,257.92,27136
AMZN,2026-09-04,14:55,257.945,257.96,257.89,257.92,27383
AMZN,2026-09-04,14:56,257.92,258.06,257.915,258.05,61591
AMZN,2026-09-04,14:57,258.04,258.08,258.01,258.07,33947
AMZN,2026-09-04,14:58,258.09,258.17,258.069,258.17,57848
AMZN,2026-09-04,14:59,258.17,258.28,258.17,258.215,37969
AMZN,2026-09-04,15:00,258.22,258.23,258.11,258.16,48008
AMZN,2026-09-04,15:01,258.16,258.22,258.045,258.16,269459
AMZN,2026-09-04,15:02,258.16,258.17,257.99,258.12,25003
AMZN,2026-09-04,15:03,258.1,258.1,257.98,258.02,44831
AMZN,2026-09-04,15:04,258.025,258.1127,257.99,258.0895,45749
AMZN,2026-09-04,15:05,258.08,258.11,258.015,258.04,30343
AMZN,2026-09-04,15:06,258.05,258.09,257.95,257.97,51950
AMZN,2026-09-04,15:07,257.99,258.14,257.99,258.05,24912
AMZN,2026-09-04,15:08,258.03,258.14,258.03,258.12,37573
AMZN,2026-09-04,15:09,258.12,258.16,258.05,258.075,46182
AMZN,2026-09-04,15:10,258.09,258.19,258.09,258.19,41848
AMZN,2026-09-04,15:11,258.175,258.175,258.06,258.06,42878
AMZN,2026-09-04,15:12,258.075,258.19,258.03,258.175,55046
AMZN,2026-09-04,15:13,258.185,258.21,258.055,258.16,43310
AMZN,2026-09-04,15:14,258.14,258.23,258.09,258.16,34583
AMZN,2026-09-04,15:15,258.16,258.19,258.1,258.19,26338
AMZN,2026-09-04,15:16,258.15,258.22,258.115,258.17,37924
AMZN,2026-09-04,15:17,258.177,258.23,258.115,258.18,280848
AMZN,2026-09-04,15:18,258.18,258.21,258.1601,258.2,27711
AMZN,2026-09-04,15:19,258.1884,258.195,258.09,258.12,37856
AMZN,2026-09-04,15:20,258.14,258.19,258.1,258.175,32574
AMZN,2026-09-04,15:21,258.19,258.2,258.125,258.16,24789
AMZN,2026-09-04,15:22,258.18,258.2,258.11,258.13,48926
AMZN,2026-09-04,15:23,258.11,258.149,258.09,258.14,32549
AMZN,2026-09-04,15:24,258.15,258.225,258.145,258.19,35832
AMZN,2026-09-04,15:25,258.19,258.26,258.19,258.26,33536
AMZN,2026-09-04,15:26,258.25,258.28,258.24,258.255,35300
AMZN,2026-09-04,15:27,258.26,258.35,258.255,258.305,39784
AMZN,2026-09-04,15:28,258.305,258.5,258.295,258.43,88191
AMZN,2026-09-04,15:29,258.43,258.47,258.37,258.445,116884
AMZN,2026-09-04,15:30,258.405,258.45,258.29,258.32,66973
AMZN,2026-09-04,15:31,258.3,258.37,258.25,258.26,56488
AMZN,2026-09-04,15:32,258.27,258.4,258.27,258.385,29489
AMZN,2026-09-04,15:33,258.39,258.459,258.37,258.455,35943
AMZN,2026-09-04,15:34,258.47,258.57,258.46,258.56,58520
AMZN,2026-09-04,15:35,258.56,258.5999,258.39,258.39,52407
AMZN,2026-09-04,15:36,258.43,258.5199,258.4139,258.47,37043
AMZN,2026-09-04,15:37,258.485,258.5,258.405,258.405,49111
AMZN,2026-09-04,15:38,258.39,258.4375,258.34,258.4375,64857
AMZN,2026-09-04,15:39,258.435,258.5,258.41,258.41,45700
AMZN,2026-09-04,15:40,258.4,258.47,258.31,258.45,58064
AMZN,2026-09-04,15:41,258.47,258.5,258.39,258.49,58186
AMZN,2026-09-04,15:42,258.475,258.5,258.41,258.47,123425
AMZN,2026-09-04,15:43,258.4999,258.58,258.46,258.49,97189
AMZN,2026-09-04,15:44,258.5,258.58,258.416,258.445,60091
AMZN,2026-09-04,15:45,258.45,258.795,258.43,258.72,99276
AMZN,2026-09-04,15:46,258.75,258.9583,258.74,258.7654,107236
AMZN,2026-09-04,15:47,258.81,259.03,258.81,258.98,165494
AMZN,2026-09-04,15:48,258.97,259.0394,258.865,259.01,67667
AMZN,2026-09-04,15:49,259.01,259.05,258.9201,259.005,79722
AMZN,2026-09-04,15:50,259.03,259.28,258.87,258.87,159684
AMZN,2026-09-04,15:51,258.88,258.91,258.695,258.76,94007
AMZN,2026-09-04,15:52,258.78,258.88,258.74,258.88,71034
AMZN,2026-09-04,15:53,258.87,258.91,258.81,258.91,112798
AMZN,2026-09-04,15:54,258.91,259.08,258.88,259.0049,150959
AMZN,2026-09-04,15:55,259.01,259.06,258.69,258.69,212912
AMZN,2026-09-04,15:56,258.67,258.77,258.525,258.755,172852
AMZN,2026-09-04,15:57,258.74,258.75,258.55,258.63,173861
AMZN,2026-09-04,15:58,258.64,258.685,258.42,258.46,261485
AMZN,2026-09-04,15:59,258.45,258.56,258.26,258.51,709186
AMZN,2026-09-04,16:00,258.51,258.51,258.51,258.51,0