symbol,date,time,open,high,low,close,volume
KLAC,2026-08-28,09:30,182.04,182.47,180.95,181.56,163426
KLAC,2026-08-28,09:31,181.62,181.825,180.25,180.36,44714
KLAC,2026-08-28,09:32,180.51,180.83,180.2,180.31,14315
KLAC,2026-08-28,09:33,180.42,180.7,180.21,180.53,15375
KLAC,2026-08-28,09:34,180.37,180.6177,179.8,180.495,36184
KLAC,2026-08-28,09:35,180.495,181.22,180.3,180.555,23051
KLAC,2026-08-28,09:36,180.69,181.065,180.08,181.065,12298
KLAC,2026-08-28,09:37,181.14,181.48,181.06,181.27,8323
KLAC,2026-08-28,09:38,181.01,181.32,180.97,181.22,6101
KLAC,2026-08-28,09:39,181.07,181.33,180.82,181.27,4811
KLAC,2026-08-28,09:40,181.18,181.67,181.18,181.49,18517
KLAC,2026-08-28,09:41,181.46,181.89,181.46,181.79,6146
KLAC,2026-08-28,09:42,181.84,182.1,181.4,182.05,5876
KLAC,2026-08-28,09:43,181.925,182.12,181.63,182.02,8034
KLAC,2026-08-28,09:44,182.02,182.16,181.62,181.73,8555
KLAC,2026-08-28,09:45,181.7,181.93,181.385,181.76,10269
KLAC,2026-08-28,09:46,181.765,181.79,181.1612,181.575,8705
KLAC,2026-08-28,09:47,181.5101,181.6,181.31,181.55,8123
KLAC,2026-08-28,09:48,181.565,181.71,181.3,181.53,12266
KLAC,2026-08-28,09:49,181.49,181.58,181.25,181.28,17989
KLAC,2026-08-28,09:50,181.365,181.73,181.22,181.62,11160
KLAC,2026-08-28,09:51,181.57,181.57,181.31,181.46,7414
KLAC,2026-08-28,09:52,181.46,181.46,180.8,180.87,11530
KLAC,2026-08-28,09:53,180.885,181.1,180.55,181.1,27734
KLAC,2026-08-28,09:54,181.01,181.17,180.67,180.67,8868
KLAC,2026-08-28,09:55,180.7,181.27,180.65,181.195,11872
KLAC,2026-08-28,09:56,181.12,181.2,180.98,181.04,4051
KLAC,2026-08-28,09:57,181,181.39,180.76,181.305,6121
KLAC,2026-08-28,09:58,181.29,181.34,181.0919,181.26,5712
KLAC,2026-08-28,09:59,181.26,181.4,180.55,180.6,16333
KLAC,2026-08-28,10:00,180.57,181.54,180.495,181.27,26306
KLAC,2026-08-28,10:01,181.27,181.3,180.7,180.7,4537
KLAC,2026-08-28,10:02,180.86,181.07,180.63,180.92,11788
KLAC,2026-08-28,10:03,180.89,180.99,180.61,180.61,6558
KLAC,2026-08-28,10:04,180.56,180.885,180.3701,180.78,6429
KLAC,2026-08-28,10:05,180.855,180.855,180.3,180.32,18795
KLAC,2026-08-28,10:06,180.26,180.69,180.19,180.69,27785
KLAC,2026-08-28,10:07,180.62,180.7,180.3,180.515,6400
KLAC,2026-08-28,10:08,180.515,181,180.37,180.8724,7008
KLAC,2026-08-28,10:09,180.99,181.16,180.61,180.61,4419
KLAC,2026-08-28,10:10,180.61,180.95,180.47,180.47,6813
KLAC,2026-08-28,10:11,180.56,180.69,180.4,180.56,6021
KLAC,2026-08-28,10:12,180.56,180.78,180.14,180.75,8799
KLAC,2026-08-28,10:13,180.68,180.68,180.15,180.355,7559
KLAC,2026-08-28,10:14,180.44,180.6,180.2251,180.31,7484
KLAC,2026-08-28,10:15,180.41,180.68,180.27,180.5,3633
KLAC,2026-08-28,10:16,180.5,180.6711,180.36,180.51,7831
KLAC,2026-08-28,10:17,180.49,180.7,180.37,180.61,7541
KLAC,2026-08-28,10:18,180.67,180.87,180.6,180.65,28456
KLAC,2026-08-28,10:19,180.64,180.87,180.59,180.65,23113
KLAC,2026-08-28,10:20,180.65,181.125,180.57,180.91,10289
KLAC,2026-08-28,10:21,180.9,181.2009,180.885,180.96,3824
KLAC,2026-08-28,10:22,180.96,181.24,180.92,181.19,5709
KLAC,2026-08-28,10:23,181.19,181.24,180.855,180.855,7939
KLAC,2026-08-28,10:24,180.915,181.02,180.65,180.89,9959
KLAC,2026-08-28,10:25,180.85,181.02,180.69,180.71,5425
KLAC,2026-08-28,10:26,180.67,180.79,180.4,180.775,13702
KLAC,2026-08-28,10:27,180.83,180.83,180.48,180.615,5496
KLAC,2026-08-28,10:28,180.55,180.705,180.37,180.595,26493
KLAC,2026-08-28,10:29,180.595,181.06,180.535,180.98,6055
KLAC,2026-08-28,10:30,180.97,180.97,180.505,180.63,15370
KLAC,2026-08-28,10:31,180.635,180.69,180.38,180.43,12213
KLAC,2026-08-28,10:32,180.46,180.62,180.34,180.53,7935
KLAC,2026-08-28,10:33,180.52,180.69,180.35,180.51,15466
KLAC,2026-08-28,10:34,180.54,180.98,180.48,180.9,10236
KLAC,2026-08-28,10:35,180.915,181.04,180.68,180.8,12394
KLAC,2026-08-28,10:36,180.85,180.96,180.77,180.79,6990
KLAC,2026-08-28,10:37,180.8,180.9702,180.8,180.86,10328
KLAC,2026-08-28,10:38,180.89,181.21,180.885,181.03,9236
KLAC,2026-08-28,10:39,181.02,181.06,180.74,180.74,6682
KLAC,2026-08-28,10:40,180.68,180.84,180.63,180.8,7442
KLAC,2026-08-28,10:41,180.805,180.87,180.42,180.44,167731
KLAC,2026-08-28,10:42,180.46,180.855,180.45,180.77,7642
KLAC,2026-08-28,10:43,180.78,180.88,180.6,180.69,6502
KLAC,2026-08-28,10:44,180.73,180.98,180.73,180.78,8036
KLAC,2026-08-28,10:45,180.74,180.84,180.61,180.72,6563
KLAC,2026-08-28,10:46,180.72,180.73,180.6,180.63,4991
KLAC,2026-08-28,10:47,180.63,180.69,180.5,180.57,5959
KLAC,2026-08-28,10:48,180.57,180.63,180.53,180.53,5890
KLAC,2026-08-28,10:49,180.53,180.6,180.42,180.42,4739
KLAC,2026-08-28,10:50,180.46,180.64,180.43,180.485,6743
KLAC,2026-08-28,10:51,180.465,180.465,180.23,180.305,9414
KLAC,2026-08-28,10:52,180.305,180.51,180.305,180.31,8390
KLAC,2026-08-28,10:53,180.32,180.35,180.19,180.29,9319
KLAC,2026-08-28,10:54,180.28,180.35,180.19,180.21,6037
KLAC,2026-08-28,10:55,180.195,180.44,180.17,180.415,10842
KLAC,2026-08-28,10:56,180.415,180.64,180.415,180.46,11624
KLAC,2026-08-28,10:57,180.44,180.46,180.35,180.4,5685
KLAC,2026-08-28,10:58,180.38,180.38,180.24,180.255,8492
KLAC,2026-08-28,10:59,180.255,180.34,180.14,180.33,12627
KLAC,2026-08-28,11:00,180.33,180.38,180.21,180.37,6681
KLAC,2026-08-28,11:01,180.38,180.43,180.125,180.14,15424
KLAC,2026-08-28,11:02,180.14,180.18,179.95,180.09,21079
KLAC,2026-08-28,11:03,180.085,180.15,179.98,180.03,12225
KLAC,2026-08-28,11:04,180.025,180.13,179.92,180.01,21330
KLAC,2026-08-28,11:05,180.01,180.1899,179.94,180.07,13767
KLAC,2026-08-28,11:06,180.11,180.115,179.75,179.7584,12241
KLAC,2026-08-28,11:07,179.76,179.81,179.6301,179.66,9559
KLAC,2026-08-28,11:08,179.66,179.66,179.5,179.59,13002
KLAC,2026-08-28,11:09,179.59,179.675,179.46,179.5,12479
KLAC,2026-08-28,11:10,179.5,179.755,179.5,179.5,15920
KLAC,2026-08-28,11:11,179.5,179.56,179.41,179.495,21081
KLAC,2026-08-28,11:12,179.5029,179.5029,179.275,179.45,24667
KLAC,2026-08-28,11:13,179.445,179.51,179.34,179.41,17175
KLAC,2026-08-28,11:14,179.425,179.55,179.34,179.4099,17314
KLAC,2026-08-28,11:15,179.375,179.5825,179.375,179.495,8830
KLAC,2026-08-28,11:16,179.47,179.75,179.38,179.6,15156
KLAC,2026-08-28,11:17,179.58,179.72,179.48,179.685,7686
KLAC,2026-08-28,11:18,179.6501,179.78,179.56,179.71,6730
KLAC,2026-08-28,11:19,179.71,179.76,179.59,179.68,11982
KLAC,2026-08-28,11:20,179.68,179.94,179.65,179.86,8204
KLAC,2026-08-28,11:21,179.89,179.89,179.5,179.535,5344
KLAC,2026-08-28,11:22,179.52,179.62,179.33,179.33,13294
KLAC,2026-08-28,11:23,179.355,179.57,179.355,179.55,7000
KLAC,2026-08-28,11:24,179.57,179.61,179.52,179.55,6723
KLAC,2026-08-28,11:25,179.55,179.63,179.49,179.59,7768
KLAC,2026-08-28,11:26,179.6,179.66,179.56,179.62,9752
KLAC,2026-08-28,11:27,179.62,179.749,179.54,179.69,9217
KLAC,2026-08-28,11:28,179.705,179.705,179.56,179.63,7558
KLAC,2026-08-28,11:29,179.61,179.71,179.5,179.585,16299
KLAC,2026-08-28,11:30,179.585,179.635,179.54,179.595,5828
KLAC,2026-08-28,11:31,179.5935,179.6483,179.555,179.58,4707
KLAC,2026-08-28,11:32,179.6,179.635,179.47,179.57,11195
KLAC,2026-08-28,11:33,179.56,179.7,179.45,179.485,14764
KLAC,2026-08-28,11:34,179.47,179.55,179.2,179.23,15503
KLAC,2026-08-28,11:35,179.21,179.43,179.2,179.335,15991
KLAC,2026-08-28,11:36,179.31,179.38,179.26,179.26,5485
KLAC,2026-08-28,11:37,179.2825,179.2825,179.14,179.152,3193
KLAC,2026-08-28,11:38,179.16,179.21,178.9,178.925,22734
KLAC,2026-08-28,11:39,178.925,178.96,178.8,178.81,11854
KLAC,2026-08-28,11:40,178.805,178.84,178.3,178.35,17035
KLAC,2026-08-28,11:41,178.35,178.71,178.2,178.59,13708
KLAC,2026-08-28,11:42,178.61,178.6599,178.37,178.49,8887
KLAC,2026-08-28,11:43,178.47,178.7,178.42,178.615,10370
KLAC,2026-08-28,11:44,178.615,178.615,178.33,178.33,4576
KLAC,2026-08-28,11:45,178.35,178.38,178.2,178.325,11636
KLAC,2026-08-28,11:46,178.325,178.325,178,178.02,12793
KLAC,2026-08-28,11:47,178.03,178.17,177.95,178.01,10752
KLAC,2026-08-28,11:48,178.0255,178.11,177.77,178.105,12184
KLAC,2026-08-28,11:49,178.105,178.13,177.8099,177.8099,7374
KLAC,2026-08-28,11:50,177.84,178.11,177.75,177.78,11504
KLAC,2026-08-28,11:51,177.82,178.0899,177.6,177.605,9103
KLAC,2026-08-28,11:52,177.605,177.71,177.45,177.56,9596
KLAC,2026-08-28,11:53,177.575,178,177.575,177.87,8030
KLAC,2026-08-28,11:54,177.75,178.03,177.72,177.96,21146
KLAC,2026-08-28,11:55,177.92,177.92,177.4,177.51,13703
KLAC,2026-08-28,11:56,177.42,177.56,176.99,177.07,15858
KLAC,2026-08-28,11:57,177.0451,177.05,176.84,176.98,14410
KLAC,2026-08-28,11:58,176.96,176.96,176.7,176.87,12433
KLAC,2026-08-28,11:59,176.865,176.9017,176.53,176.72,9025
KLAC,2026-08-28,12:00,176.61,176.79,176.48,176.53,23209
KLAC,2026-08-28,12:01,176.525,176.525,175.96,176.3605,28437
KLAC,2026-08-28,12:02,176.36,176.66,176.28,176.58,10414
KLAC,2026-08-28,12:03,176.635,176.84,176.59,176.65,9185
KLAC,2026-08-28,12:04,176.7,176.89,176.31,176.535,10128
KLAC,2026-08-28,12:05,176.44,176.66,176.26,176.555,47870
KLAC,2026-08-28,12:06,176.565,176.72,176.32,176.71,30735
KLAC,2026-08-28,12:07,176.715,177.01,176.715,176.945,10045
KLAC,2026-08-28,12:08,176.975,177.23,176.7,177.12,11485
KLAC,2026-08-28,12:09,177.1,177.5356,177.1,177.49,8827
KLAC,2026-08-28,12:10,177.495,177.51,177.14,177.2899,12918
KLAC,2026-08-28,12:11,177.225,177.3299,176.71,176.71,16721
KLAC,2026-08-28,12:12,176.71,177.01,176.57,176.96,311235
KLAC,2026-08-28,12:13,176.95,176.9944,176.56,176.69,5716
KLAC,2026-08-28,12:14,176.65,176.74,176.5395,176.555,5447
KLAC,2026-08-28,12:15,176.52,176.66,176.11,176.125,41179
KLAC,2026-08-28,12:16,176.18,176.36,176.01,176.225,31843
KLAC,2026-08-28,12:17,176.25,176.43,176.15,176.23,16256
KLAC,2026-08-28,12:18,176.27,176.29,175.8,175.8,42051
KLAC,2026-08-28,12:19,175.78,176.18,175.78,176.0635,22191
KLAC,2026-08-28,12:20,176.05,176.1725,175.73,175.86,20054
KLAC,2026-08-28,12:21,175.82,176.05,175.63,176.05,23615
KLAC,2026-08-28,12:22,176.045,176.045,175.67,175.9,16022
KLAC,2026-08-28,12:23,175.865,176.14,175.81,176.07,14371
KLAC,2026-08-28,12:24,176.04,176.09,175.8,175.93,13843
KLAC,2026-08-28,12:25,175.955,176.14,175.86,176.105,16740
KLAC,2026-08-28,12:26,176.15,176.27,175.97,176.025,8850
KLAC,2026-08-28,12:27,176.025,176.1,175.9,176.015,13795
KLAC,2026-08-28,12:28,176.02,176.05,175.82,175.88,6685
KLAC,2026-08-28,12:29,175.88,175.99,175.8,175.88,9515
KLAC,2026-08-28,12:30,175.9299,176.02,175.82,175.93,29022
KLAC,2026-08-28,12:31,175.92,176.01,175.63,175.75,28263
KLAC,2026-08-28,12:32,175.76,175.87,175.6,175.795,25187
KLAC,2026-08-28,12:33,175.75,175.805,175.555,175.56,22407
KLAC,2026-08-28,12:34,175.55,175.55,175.13,175.13,12663
KLAC,2026-08-28,12:35,175.13,175.48,175.1,175.48,36305
KLAC,2026-08-28,12:36,175.475,175.64,175.396,175.605,13490
KLAC,2026-08-28,12:37,175.595,175.87,175.52,175.815,9486
KLAC,2026-08-28,12:38,175.82,175.95,175.79,175.89,8352
KLAC,2026-08-28,12:39,175.89,175.89,175.51,175.725,9817
KLAC,2026-08-28,12:40,175.71,175.7384,175.45,175.55,9363
KLAC,2026-08-28,12:41,175.545,175.68,175.4,175.58,9129
KLAC,2026-08-28,12:42,175.585,175.81,175.585,175.73,143572
KLAC,2026-08-28,12:43,175.71,175.77,175.5,175.76,11073
KLAC,2026-08-28,12:44,175.74,175.77,175.68,175.77,8006
KLAC,2026-08-28,12:45,175.76,176.24,175.71,176.24,9384
KLAC,2026-08-28,12:46,176.245,176.4,176.1,176.19,9607
KLAC,2026-08-28,12:47,176.17,176.45,176.17,176.45,8036
KLAC,2026-08-28,12:48,176.4115,176.55,176.35,176.505,8228
KLAC,2026-08-28,12:49,176.51,176.62,176.4,176.51,9295
KLAC,2026-08-28,12:50,176.5,176.63,176.37,176.435,7776
KLAC,2026-08-28,12:51,176.46,176.63,176.4101,176.62,10591
KLAC,2026-08-28,12:52,176.615,176.77,176.47,176.73,20677
KLAC,2026-08-28,12:53,176.73,176.73,176.52,176.56,12681
KLAC,2026-08-28,12:54,176.51,176.65,176.4,176.45,12481
KLAC,2026-08-28,12:55,176.42,176.47,176.3112,176.35,6040
KLAC,2026-08-28,12:56,176.33,176.43,176.09,176.125,7000
KLAC,2026-08-28,12:57,176.15,176.26,176.07,176.25,9031
KLAC,2026-08-28,12:58,176.26,176.35,176.16,176.23,10150
KLAC,2026-08-28,12:59,176.21,176.2477,176.02,176.02,4640
KLAC,2026-08-28,13:00,176.05,176.05,175.64,175.66,14068
KLAC,2026-08-28,13:01,175.65,175.6635,175.53,175.59,14414
KLAC,2026-08-28,13:02,175.585,175.8,175.52,175.67,16281
KLAC,2026-08-28,13:03,175.67,175.78,175.58,175.71,23754
KLAC,2026-08-28,13:04,175.725,176,175.62,175.74,11425
KLAC,2026-08-28,13:05,175.74,175.74,175.5,175.585,8487
KLAC,2026-08-28,13:06,175.59,175.62,175.3,175.31,11526
KLAC,2026-08-28,13:07,175.3,175.644,175.3,175.55,6794
KLAC,2026-08-28,13:08,175.5875,175.9,175.58,175.83,10678
KLAC,2026-08-28,13:09,175.86,175.89,175.72,175.73,7538
KLAC,2026-08-28,13:10,175.73,175.81,175.67,175.715,8663
KLAC,2026-08-28,13:11,175.71,175.75,175.61,175.654,5866
KLAC,2026-08-28,13:12,175.69,175.9,175.67,175.805,12218
KLAC,2026-08-28,13:13,175.85,175.86,175.73,175.84,6811
KLAC,2026-08-28,13:14,175.84,175.865,175.76,175.795,3512
KLAC,2026-08-28,13:15,175.82,175.84,175.57,175.73,7225
KLAC,2026-08-28,13:16,175.74,175.74,175.46,175.54,6749
KLAC,2026-08-28,13:17,175.6,175.85,175.54,175.85,10855
KLAC,2026-08-28,13:18,175.83,175.83,175.66,175.74,3865
KLAC,2026-08-28,13:19,175.77,175.83,175.66,175.7,7416
KLAC,2026-08-28,13:20,175.7,175.84,175.64,175.64,6345
KLAC,2026-08-28,13:21,175.63,175.63,175.42,175.5,13446
KLAC,2026-08-28,13:22,175.51,175.58,175.425,175.43,3456
KLAC,2026-08-28,13:23,175.43,175.61,175.4108,175.47,6468
KLAC,2026-08-28,13:24,175.47,175.65,175.465,175.65,6274
KLAC,2026-08-28,13:25,175.68,175.71,175.53,175.66,4891
KLAC,2026-08-28,13:26,175.6725,175.68,175.6,175.62,6051
KLAC,2026-08-28,13:27,175.63,175.8084,175.63,175.75,6652
KLAC,2026-08-28,13:28,175.77,175.99,175.77,175.95,9314
KLAC,2026-08-28,13:29,175.93,175.95,175.67,175.67,5949
KLAC,2026-08-28,13:30,175.69,175.91,175.67,175.88,11733
KLAC,2026-08-28,13:31,175.91,175.98,175.81,175.97,6191
KLAC,2026-08-28,13:32,175.94,176.1,175.91,176.1,4652
KLAC,2026-08-28,13:33,176.13,176.21,176.05,176.05,6486
KLAC,2026-08-28,13:34,176.04,176.0531,175.87,175.97,4428
KLAC,2026-08-28,13:35,175.99,176.08,175.9501,176.0121,6286
KLAC,2026-08-28,13:36,176.04,176.12,175.98,176.11,3781
KLAC,2026-08-28,13:37,176.13,176.19,175.85,175.99,6044
KLAC,2026-08-28,13:38,175.98,176.02,175.82,175.85,7363
KLAC,2026-08-28,13:39,175.84,175.85,175.57,175.57,13443
KLAC,2026-08-28,13:40,175.61,175.76,175.56,175.68,7884
KLAC,2026-08-28,13:41,175.65,175.7319,175.61,175.7,8946
KLAC,2026-08-28,13:42,175.7,175.73,175.63,175.7267,10597
KLAC,2026-08-28,13:43,175.68,175.74,175.6,175.6,7628
KLAC,2026-08-28,13:44,175.66,175.81,175.66,175.7995,10351
KLAC,2026-08-28,13:45,175.75,175.9,175.73,175.8851,8105
KLAC,2026-08-28,13:46,175.87,176,175.87,175.95,8736
KLAC,2026-08-28,13:47,175.98,176,175.9,175.93,6237
KLAC,2026-08-28,13:48,175.93,176.175,175.93,176.085,6675
KLAC,2026-08-28,13:49,176.1,176.23,176.07,176.16,6141
KLAC,2026-08-28,13:50,176.165,176.19,176.05,176.11,5418
KLAC,2026-08-28,13:51,176.08,176.34,176.08,176.34,9225
KLAC,2026-08-28,13:52,176.34,176.43,176.31,176.3138,7150
KLAC,2026-08-28,13:53,176.34,176.36,176.27,176.3,5063
KLAC,2026-08-28,13:54,176.28,176.347,176.215,176.3251,9068
KLAC,2026-08-28,13:55,176.28,176.28,176.07,176.19,5791
KLAC,2026-08-28,13:56,176.19,176.25,176.16,176.22,6520
KLAC,2026-08-28,13:57,176.2297,176.355,176.2011,176.32,10650
KLAC,2026-08-28,13:58,176.34,176.34,176.23,176.3,4713
KLAC,2026-08-28,13:59,176.29,176.3025,176.18,176.18,8620
KLAC,2026-08-28,14:00,176.21,176.37,176.21,176.29,7879
KLAC,2026-08-28,14:01,176.27,176.3032,176.2,176.285,3632
KLAC,2026-08-28,14:02,176.29,176.35,176.09,176.315,8403
KLAC,2026-08-28,14:03,176.27,176.28,176.17,176.2623,9423
KLAC,2026-08-28,14:04,176.25,176.25,176,176.015,14855
KLAC,2026-08-28,14:05,176.015,176.18,176,176.14,9928
KLAC,2026-08-28,14:06,176.15,176.23,176.105,176.149,7893
KLAC,2026-08-28,14:07,176.14,176.22,176.06,176.15,8030
KLAC,2026-08-28,14:08,176.165,176.26,176.12,176.22,7318
KLAC,2026-08-28,14:09,176.21,176.23,176.1,176.105,4265
KLAC,2026-08-28,14:10,176.105,176.12,176.03,176.0795,11430
KLAC,2026-08-28,14:11,176.065,176.2596,176.05,176.23,11582
KLAC,2026-08-28,14:12,176.21,176.32,176.19,176.29,7202
KLAC,2026-08-28,14:13,176.3,176.3,176.17,176.23,5879
KLAC,2026-08-28,14:14,176.21,176.245,176.07,176.07,3962
KLAC,2026-08-28,14:15,176.06,176.17,176.05,176.13,8852
KLAC,2026-08-28,14:16,176.11,176.21,176.05,176.06,6011
KLAC,2026-08-28,14:17,176.05,176.06,175.8758,175.9,6454
KLAC,2026-08-28,14:18,175.9,175.96,175.87,175.9,5739
KLAC,2026-08-28,14:19,175.87,175.93,175.83,175.85,7057
KLAC,2026-08-28,14:20,175.885,175.95,175.8,175.94,14584
KLAC,2026-08-28,14:21,175.94,176.09,175.93,176.09,8407
KLAC,2026-08-28,14:22,176.105,176.12,175.98,176.01,5708
KLAC,2026-08-28,14:23,175.99,176,175.7,175.72,6704
KLAC,2026-08-28,14:24,175.76,175.94,175.72,175.86,14068
KLAC,2026-08-28,14:25,175.86,175.92,175.82,175.89,7059
KLAC,2026-08-28,14:26,175.89,175.97,175.86,175.925,7544
KLAC,2026-08-28,14:27,175.96,176.02,175.96,175.985,5431
KLAC,2026-08-28,14:28,175.985,176.04,175.97,175.98,9174
KLAC,2026-08-28,14:29,175.97,176,175.825,175.85,6896
KLAC,2026-08-28,14:30,175.82,175.98,175.82,175.975,10099
KLAC,2026-08-28,14:31,175.975,176.09,175.93,176.06,10436
KLAC,2026-08-28,14:32,176.07,176.12,175.88,175.88,6468
KLAC,2026-08-28,14:33,175.85,176.01,175.76,175.9864,6780
KLAC,2026-08-28,14:34,175.96,176.09,175.925,176.075,8701
KLAC,2026-08-28,14:35,176.075,176.24,176.075,176.105,8100
KLAC,2026-08-28,14:36,176.09,176.12,175.995,176.04,7657
KLAC,2026-08-28,14:37,176.04,176.04,175.89,175.89,4995
KLAC,2026-08-28,14:38,175.9284,175.97,175.85,175.9617,9575
KLAC,2026-08-28,14:39,175.95,175.98,175.84,175.88,4129
KLAC,2026-08-28,14:40,175.87,176.1,175.85,176.095,8043
KLAC,2026-08-28,14:41,176.095,176.1,175.94,175.94,6200
KLAC,2026-08-28,14:42,175.94,175.94,175.6402,175.65,7966
KLAC,2026-08-28,14:43,175.655,175.815,175.61,175.75,10631
KLAC,2026-08-28,14:44,175.75,175.78,175.71,175.71,7346
KLAC,2026-08-28,14:45,175.71,175.74,175.57,175.7,9623
KLAC,2026-08-28,14:46,175.7,175.785,175.62,175.64,6349
KLAC,2026-08-28,14:47,175.66,175.81,175.66,175.795,7172
KLAC,2026-08-28,14:48,175.8095,175.8126,175.685,175.685,5707
KLAC,2026-08-28,14:49,175.67,175.73,175.65,175.68,10433
KLAC,2026-08-28,14:50,175.68,175.7,175.47,175.56,9717
KLAC,2026-08-28,14:51,175.58,175.64,175.5,175.58,14245
KLAC,2026-08-28,14:52,175.59,175.63,175.44,175.475,7285
KLAC,2026-08-28,14:53,175.46,175.66,175.45,175.64,10575
KLAC,2026-08-28,14:54,175.64,175.69,175.61,175.645,7264
KLAC,2026-08-28,14:55,175.63,175.64,175.5,175.59,11786
KLAC,2026-08-28,14:56,175.61,175.655,175.53,175.64,9506
KLAC,2026-08-28,14:57,175.63,175.76,175.53,175.58,15277
KLAC,2026-08-28,14:58,175.59,175.61,175.3924,175.515,10692
KLAC,2026-08-28,14:59,175.52,175.62,175.42,175.42,11020
KLAC,2026-08-28,15:00,175.43,175.475,175.28,175.3001,9045
KLAC,2026-08-28,15:01,175.3,175.485,175.29,175.48,11005
KLAC,2026-08-28,15:02,175.495,175.57,175.44,175.51,12384
KLAC,2026-08-28,15:03,175.515,175.67,175.48,175.57,9404
KLAC,2026-08-28,15:04,175.59,175.65,175.56,175.56,7687
KLAC,2026-08-28,15:05,175.5722,175.845,175.465,175.7823,17029
KLAC,2026-08-28,15:06,175.74,175.87,175.47,175.47,9570
KLAC,2026-08-28,15:07,175.45,175.67,175.45,175.65,19233
KLAC,2026-08-28,15:08,175.645,175.82,175.61,175.795,16211
KLAC,2026-08-28,15:09,175.795,176,175.76,175.98,14365
KLAC,2026-08-28,15:10,175.98,175.98,175.73,175.88,14088
KLAC,2026-08-28,15:11,175.88,176,175.77,175.92,19443
KLAC,2026-08-28,15:12,175.925,176.02,175.91,175.94,11688
KLAC,2026-08-28,15:13,175.95,175.9899,175.87,175.88,235778
KLAC,2026-08-28,15:14,175.88,176,175.81,175.96,13837
KLAC,2026-08-28,15:15,175.955,176.05,175.85,175.925,14820
KLAC,2026-08-28,15:16,175.925,176,175.81,175.86,11193
KLAC,2026-08-28,15:17,175.86,175.9,175.78,175.805,9326
KLAC,2026-08-28,15:18,175.805,175.96,175.77,175.91,18267
KLAC,2026-08-28,15:19,175.89,176.07,175.89,176.05,13080
KLAC,2026-08-28,15:20,176.03,176.15,176.02,176.07,13845
KLAC,2026-08-28,15:21,176.07,176.18,175.88,175.97,12672
KLAC,2026-08-28,15:22,175.94,176.01,175.895,175.96,8762
KLAC,2026-08-28,15:23,175.965,176.004,175.845,175.89,11130
KLAC,2026-08-28,15:24,175.885,176.06,175.87,176.03,13330
KLAC,2026-08-28,15:25,176.02,176.045,175.9,176,17826
KLAC,2026-08-28,15:26,175.99,176.09,175.93,176.08,18508
KLAC,2026-08-28,15:27,176.08,176.21,176.0078,176.04,11286
KLAC,2026-08-28,15:28,176.04,176.1,175.94,175.96,16203
KLAC,2026-08-28,15:29,175.97,176.26,175.95,176.11,19778
KLAC,2026-08-28,15:30,176.11,176.22,175.81,176.18,47872
KLAC,2026-08-28,15:31,176.15,176.23,175.98,176.06,15349
KLAC,2026-08-28,15:32,176.08,176.14,176,176.11,13967
KLAC,2026-08-28,15:33,176.13,176.19,176.05,176.06,17063
KLAC,2026-08-28,15:34,176.06,176.1299,175.95,175.96,15140
KLAC,2026-08-28,15:35,175.97,175.97,175.76,175.76,25156
KLAC,2026-08-28,15:36,175.765,175.78,175.56,175.57,27206
KLAC,2026-08-28,15:37,175.57,175.65,175.4601,175.65,27304
KLAC,2026-08-28,15:38,175.635,175.6899,175.53,175.61,24983
KLAC,2026-08-28,15:39,175.605,175.82,175.59,175.78,20899
KLAC,2026-08-28,15:40,175.7575,175.89,175.73,175.77,28551
KLAC,2026-08-28,15:41,175.775,175.9,175.71,175.885,22209
KLAC,2026-08-28,15:42,175.885,175.94,175.84,175.89,20104
KLAC,2026-08-28,15:43,175.88,175.97,175.8,175.875,30217
KLAC,2026-08-28,15:44,175.89,175.96,175.79,175.8,17151
KLAC,2026-08-28,15:45,175.78,175.8,175.5,175.59,29197
KLAC,2026-08-28,15:46,175.595,175.69,175.44,175.52,34008
KLAC,2026-08-28,15:47,175.505,175.56,175.45,175.52,26905
KLAC,2026-08-28,15:48,175.53,175.67,175.49,175.59,36521
KLAC,2026-08-28,15:49,175.61,175.67,175.46,175.5223,30550
KLAC,2026-08-28,15:50,175.52,175.9725,175.25,175.545,64287
KLAC,2026-08-28,15:51,175.545,175.57,175.21,175.27,32084
KLAC,2026-08-28,15:52,175.27,175.43,175.18,175.205,33954
KLAC,2026-08-28,15:53,175.19,175.3,174.93,175.17,70031
KLAC,2026-08-28,15:54,175.17,175.45,175.03,175.16,65309
KLAC,2026-08-28,15:55,175.13,175.23,174.74,175.16,103228
KLAC,2026-08-28,15:56,175.16,175.45,175.16,175.415,89212
KLAC,2026-08-28,15:57,175.41,175.73,175.4,175.68,104319
KLAC,2026-08-28,15:58,175.67,175.73,175.38,175.45,113785
KLAC,2026-08-28,15:59,175.45,175.57,175.32,175.56,301671
KLAC,2026-08-31,09:30,176.205,177.13,175.95,176.19,178620
KLAC,2026-08-31,09:31,176.18,177.5351,175.96,177.31,17663
KLAC,2026-08-31,09:32,177.478,177.478,176.78,176.78,12190
KLAC,2026-08-31,09:33,176.72,176.97,176.41,176.605,17070
KLAC,2026-08-31,09:34,176.6,176.79,176.39,176.73,11837
KLAC,2026-08-31,09:35,176.6201,176.66,175.95,175.95,21673
KLAC,2026-08-31,09:36,175.94,176.2399,175.73,175.79,17987
KLAC,2026-08-31,09:37,175.725,176.31,175.53,176.16,24800
KLAC,2026-08-31,09:38,176.16,176.43,175.68,175.69,17178
KLAC,2026-08-31,09:39,175.65,175.78,175.25,175.31,17663
KLAC,2026-08-31,09:40,175.3292,175.74,175.16,175.665,13630
KLAC,2026-08-31,09:41,175.71,175.98,175.53,175.89,19531
KLAC,2026-08-31,09:42,175.87,176.11,175.77,175.85,14226
KLAC,2026-08-31,09:43,175.85,175.96,175.59,175.7,8651
KLAC,2026-08-31,09:44,175.6721,175.84,175.59,175.8,9190
KLAC,2026-08-31,09:45,175.775,176.01,175.59,175.68,16853
KLAC,2026-08-31,09:46,175.71,175.94,175.5,175.6,13914
KLAC,2026-08-31,09:47,175.59,176.2,175.2,176.15,23432
KLAC,2026-08-31,09:48,176.199,176.29,175.91,176.23,10082
KLAC,2026-08-31,09:49,176.16,176.16,175.64,175.94,11029
KLAC,2026-08-31,09:50,175.95,175.98,175.365,175.46,15625
KLAC,2026-08-31,09:51,175.455,175.955,175.31,175.89,10194
KLAC,2026-08-31,09:52,175.89,175.92,175.69,175.77,5608
KLAC,2026-08-31,09:53,175.73,176.389,175.72,176.345,12791
KLAC,2026-08-31,09:54,176.32,176.43,176.08,176.39,9800
KLAC,2026-08-31,09:55,176.38,176.52,176.28,176.4243,7183
KLAC,2026-08-31,09:56,176.4,176.46,175.95,176.055,6496
KLAC,2026-08-31,09:57,176.04,176.26,176.04,176.225,3457
KLAC,2026-08-31,09:58,176.28,176.3,175.95,176.19,5112
KLAC,2026-08-31,09:59,176.14,176.21,175.9,175.96,5095
KLAC,2026-08-31,10:00,175.94,176.16,175.825,175.895,7608
KLAC,2026-08-31,10:01,175.91,176.135,175.79,175.96,6410
KLAC,2026-08-31,10:02,175.97,176.0106,175.6,175.67,9959
KLAC,2026-08-31,10:03,175.62,175.82,175.43,175.43,14515
KLAC,2026-08-31,10:04,175.45,175.68,175.375,175.585,20987
KLAC,2026-08-31,10:05,175.51,175.79,175.44,175.615,14496
KLAC,2026-08-31,10:06,175.59,175.71,175.36,175.41,10714
KLAC,2026-08-31,10:07,175.42,175.75,175.42,175.55,14744
KLAC,2026-08-31,10:08,175.54,175.64,175.39,175.53,9591
KLAC,2026-08-31,10:09,175.5,175.54,175.38,175.38,5207
KLAC,2026-08-31,10:10,175.36,175.515,175.24,175.515,13075
KLAC,2026-08-31,10:11,175.515,175.54,175.27,175.325,21124
KLAC,2026-08-31,10:12,175.325,175.4,175.0701,175.1,25695
KLAC,2026-08-31,10:13,175.05,175.08,174.84,174.94,12787
KLAC,2026-08-31,10:14,174.94,175.11,174.86,174.93,18391
KLAC,2026-08-31,10:15,174.93,175.129,174.84,175.02,28861
KLAC,2026-08-31,10:16,175.055,175.23,174.94,175.215,18219
KLAC,2026-08-31,10:17,175.21,175.2387,174.99,175.1099,6612
KLAC,2026-08-31,10:18,175.11,175.3799,175.03,175.1,7590
KLAC,2026-08-31,10:19,175.105,175.405,175.08,175.255,4477
KLAC,2026-08-31,10:20,175.24,175.29,175.01,175.245,10306
KLAC,2026-08-31,10:21,175.17,175.34,175.0501,175.2551,10057
KLAC,2026-08-31,10:22,175.25,175.25,174.99,174.99,13689
KLAC,2026-08-31,10:23,174.99,174.99,174.775,174.86,14968
KLAC,2026-08-31,10:24,174.85,174.99,174.81,174.83,17067
KLAC,2026-08-31,10:25,174.81,174.95,174.76,174.94,10744
KLAC,2026-08-31,10:26,174.96,175.08,174.8,174.83,8005
KLAC,2026-08-31,10:27,174.85,175.06,174.82,174.96,7418
KLAC,2026-08-31,10:28,174.934,175,174.86,174.86,9183
KLAC,2026-08-31,10:29,174.88,174.88,174.62,174.81,16685
KLAC,2026-08-31,10:30,174.83,174.94,174.74,174.82,13098
KLAC,2026-08-31,10:31,174.8395,174.85,174.64,174.75,11122
KLAC,2026-08-31,10:32,174.73,174.88,174.72,174.85,9450
KLAC,2026-08-31,10:33,174.86,175,174.77,174.98,13663
KLAC,2026-08-31,10:34,174.97,175.21,174.95,175.2,9978
KLAC,2026-08-31,10:35,175.19,175.435,175,175.41,10316
KLAC,2026-08-31,10:36,175.37,175.59,175.36,175.45,6269
KLAC,2026-08-31,10:37,175.4901,175.61,175.31,175.33,7817
KLAC,2026-08-31,10:38,175.33,175.4,175.22,175.23,5366
KLAC,2026-08-31,10:39,175.21,175.3999,175.19,175.39,6582
KLAC,2026-08-31,10:40,175.37,175.46,175.27,175.32,7086
KLAC,2026-08-31,10:41,175.32,175.37,175.22,175.26,5595
KLAC,2026-08-31,10:42,175.25,175.4,175.2401,175.38,3248
KLAC,2026-08-31,10:43,175.38,175.5,175.33,175.465,7776
KLAC,2026-08-31,10:44,175.45,175.52,175.38,175.5,5776
KLAC,2026-08-31,10:45,175.5599,175.5599,175.41,175.42,5367
KLAC,2026-08-31,10:46,175.41,175.465,175.24,175.355,12372
KLAC,2026-08-31,10:47,175.37,175.38,175.0601,175.15,6985
KLAC,2026-08-31,10:48,175.12,175.195,174.88,174.88,10796
KLAC,2026-08-31,10:49,174.86,174.9,174.74,174.835,5929
KLAC,2026-08-31,10:50,174.75,174.92,174.75,174.92,6906
KLAC,2026-08-31,10:51,174.91,174.96,174.78,174.915,7577
KLAC,2026-08-31,10:52,174.895,174.895,174.73,174.78,3831
KLAC,2026-08-31,10:53,174.775,174.775,174.6,174.75,7102
KLAC,2026-08-31,10:54,174.75,174.9695,174.72,174.925,10010
KLAC,2026-08-31,10:55,174.935,175.01,174.86,174.96,6412
KLAC,2026-08-31,10:56,174.95,175.04,174.76,174.88,30571
KLAC,2026-08-31,10:57,174.88,175.12,174.88,175.105,4179
KLAC,2026-08-31,10:58,175.11,175.11,174.79,174.805,5551
KLAC,2026-08-31,10:59,174.805,174.805,174.47,174.56,8705
KLAC,2026-08-31,11:00,174.57,174.935,174.57,174.77,38764
KLAC,2026-08-31,11:01,174.77,174.91,174.67,174.88,10848
KLAC,2026-08-31,11:02,174.875,174.91,174.68,174.71,6916
KLAC,2026-08-31,11:03,174.69,174.8,174.63,174.765,4424
KLAC,2026-08-31,11:04,174.75,174.81,174.54,174.685,3138
KLAC,2026-08-31,11:05,174.69,174.79,174.61,174.75,6463
KLAC,2026-08-31,11:06,174.755,174.77,174.67,174.72,3469
KLAC,2026-08-31,11:07,174.725,174.735,174.564,174.6,4388
KLAC,2026-08-31,11:08,174.58,174.635,174.45,174.55,6746
KLAC,2026-08-31,11:09,174.54,174.545,174.455,174.5,4200
KLAC,2026-08-31,11:10,174.47,174.59,174.4101,174.425,6078
KLAC,2026-08-31,11:11,174.425,174.439,174.26,174.27,8736
KLAC,2026-08-31,11:12,174.28,174.58,174.28,174.555,12537
KLAC,2026-08-31,11:13,174.59,174.6522,174.5,174.62,7175
KLAC,2026-08-31,11:14,174.59,174.685,174.56,174.685,3448
KLAC,2026-08-31,11:15,174.65,174.79,174.65,174.7799,6578
KLAC,2026-08-31,11:16,174.75,174.88,174.68,174.69,5038
KLAC,2026-08-31,11:17,174.69,174.74,174.49,174.5,8672
KLAC,2026-08-31,11:18,174.48,174.485,174.26,174.32,10756
KLAC,2026-08-31,11:19,174.34,174.49,174.3178,174.45,7379
KLAC,2026-08-31,11:20,174.46,174.53,174.33,174.51,7399
KLAC,2026-08-31,11:21,174.52,174.54,174.43,174.51,4469
KLAC,2026-08-31,11:22,174.51,174.53,174.42,174.42,7775
KLAC,2026-08-31,11:23,174.43,174.46,174.3,174.3,7441
KLAC,2026-08-31,11:24,174.33,174.48,174.3001,174.46,5963
KLAC,2026-08-31,11:25,174.47,174.56,174.29,174.33,9049
KLAC,2026-08-31,11:26,174.3299,174.39,174.23,174.37,8935
KLAC,2026-08-31,11:27,174.33,174.51,174.31,174.47,17594
KLAC,2026-08-31,11:28,174.45,174.58,174.42,174.545,6017
KLAC,2026-08-31,11:29,174.56,174.56,174.31,174.31,5980
KLAC,2026-08-31,11:30,174.28,174.44,174.17,174.26,12832
KLAC,2026-08-31,11:31,174.2815,174.41,174.19,174.305,11743
KLAC,2026-08-31,11:32,174.33,174.41,174.1901,174.225,5145
KLAC,2026-08-31,11:33,174.235,174.31,174.2,174.26,5840
KLAC,2026-08-31,11:34,174.2457,174.48,174.2457,174.43,8524
KLAC,2026-08-31,11:35,174.4,174.49,174.385,174.44,4040
KLAC,2026-08-31,11:36,174.43,174.45,174.37,174.37,4636
KLAC,2026-08-31,11:37,174.38,174.495,174.28,174.4,11048
KLAC,2026-08-31,11:38,174.42,174.47,174.37,174.4,3379
KLAC,2026-08-31,11:39,174.4,174.47,174.34,174.45,4978
KLAC,2026-08-31,11:40,174.44,174.47,174.3307,174.3307,5596
KLAC,2026-08-31,11:41,174.35,174.4,174.3,174.32,8004
KLAC,2026-08-31,11:42,174.355,174.415,174.32,174.415,5376
KLAC,2026-08-31,11:43,174.42,174.435,174.31,174.35,3985
KLAC,2026-08-31,11:44,174.37,174.635,174.35,174.625,3885
KLAC,2026-08-31,11:45,174.59,174.7,174.54,174.67,8519
KLAC,2026-08-31,11:46,174.69,174.81,174.66,174.76,4946
KLAC,2026-08-31,11:47,174.75,174.83,174.62,174.63,4386
KLAC,2026-08-31,11:48,174.63,174.7,174.61,174.63,6087
KLAC,2026-08-31,11:49,174.61,174.69,174.57,174.57,3823
KLAC,2026-08-31,11:50,174.56,174.79,174.55,174.75,7210
KLAC,2026-08-31,11:51,174.78,174.78,174.6,174.64,7187
KLAC,2026-08-31,11:52,174.64,174.68,174.6065,174.64,7342
KLAC,2026-08-31,11:53,174.65,174.79,174.62,174.67,5901
KLAC,2026-08-31,11:54,174.6887,174.69,174.59,174.59,5736
KLAC,2026-08-31,11:55,174.57,174.67,174.5,174.56,7377
KLAC,2026-08-31,11:56,174.57,174.61,174.52,174.54,4906
KLAC,2026-08-31,11:57,174.54,174.64,174.51,174.57,6729
KLAC,2026-08-31,11:58,174.56,174.56,174.5,174.535,5293
KLAC,2026-08-31,11:59,174.535,174.61,174.48,174.535,7134
KLAC,2026-08-31,12:00,174.53,174.6,174.47,174.55,7004
KLAC,2026-08-31,12:01,174.54,174.54,174.37,174.44,34411
KLAC,2026-08-31,12:02,174.445,174.49,174.395,174.465,5493
KLAC,2026-08-31,12:03,174.46,174.5,174.43,174.45,6790
KLAC,2026-08-31,12:04,174.445,174.47,174.4,174.45,5260
KLAC,2026-08-31,12:05,174.44,174.65,174.4,174.539,6238
KLAC,2026-08-31,12:06,174.57,174.6,174.45,174.45,4055
KLAC,2026-08-31,12:07,174.47,174.48,174.3659,174.375,5860
KLAC,2026-08-31,12:08,174.37,174.4,174.25,174.275,7619
KLAC,2026-08-31,12:09,174.27,174.4099,174.26,174.28,6030
KLAC,2026-08-31,12:10,174.26,174.6,174.24,174.6,8535
KLAC,2026-08-31,12:11,174.63,174.69,174.52,174.64,5407
KLAC,2026-08-31,12:12,174.65,174.76,174.595,174.61,5257
KLAC,2026-08-31,12:13,174.59,174.63,174.475,174.475,2814
KLAC,2026-08-31,12:14,174.49,174.56,174.405,174.55,5487
KLAC,2026-08-31,12:15,174.55,174.61,174.48,174.495,6122
KLAC,2026-08-31,12:16,174.5122,174.52,174.39,174.42,6078
KLAC,2026-08-31,12:17,174.405,174.44,174.32,174.435,5534
KLAC,2026-08-31,12:18,174.45,174.51,174.395,174.44,5466
KLAC,2026-08-31,12:19,174.42,174.51,174.41,174.475,4183
KLAC,2026-08-31,12:20,174.485,174.65,174.465,174.58,8218
KLAC,2026-08-31,12:21,174.57,174.735,174.57,174.65,3950
KLAC,2026-08-31,12:22,174.64,174.675,174.51,174.63,5435
KLAC,2026-08-31,12:23,174.62,174.63,174.53,174.535,4487
KLAC,2026-08-31,12:24,174.545,174.6099,174.52,174.55,6463
KLAC,2026-08-31,12:25,174.575,174.67,174.575,174.635,5698
KLAC,2026-08-31,12:26,174.62,174.68,174.61,174.665,2942
KLAC,2026-08-31,12:27,174.68,174.78,174.67,174.755,9932
KLAC,2026-08-31,12:28,174.755,174.8,174.72,174.72,14120
KLAC,2026-08-31,12:29,174.7395,174.79,174.71,174.73,5704
KLAC,2026-08-31,12:30,174.745,174.79,174.63,174.64,13260
KLAC,2026-08-31,12:31,174.64,174.72,174.6,174.695,8362
KLAC,2026-08-31,12:32,174.695,174.78,174.65,174.72,5365
KLAC,2026-08-31,12:33,174.715,174.75,174.64,174.71,6613
KLAC,2026-08-31,12:34,174.68,174.7875,174.645,174.68,5039
KLAC,2026-08-31,12:35,174.65,174.72,174.64,174.695,4644
KLAC,2026-08-31,12:36,174.67,174.9,174.67,174.86,4140
KLAC,2026-08-31,12:37,174.87,174.955,174.85,174.895,8331
KLAC,2026-08-31,12:38,174.91,174.93,174.855,174.91,4984
KLAC,2026-08-31,12:39,174.91,174.92,174.815,174.815,7046
KLAC,2026-08-31,12:40,174.82,174.82,174.73,174.82,6930
KLAC,2026-08-31,12:41,174.84,175.13,174.83,175.12,10270
KLAC,2026-08-31,12:42,175.13,175.14,175.07,175.08,5661
KLAC,2026-08-31,12:43,175.1,175.23,175.055,175.21,6920
KLAC,2026-08-31,12:44,175.225,175.265,175.12,175.125,6151
KLAC,2026-08-31,12:45,175.15,175.1825,175.02,175.02,4944
KLAC,2026-08-31,12:46,175.03,175.05,174.91,174.92,6254
KLAC,2026-08-31,12:47,174.92,174.95,174.8,174.87,7559
KLAC,2026-08-31,12:48,174.85,174.94,174.79,174.94,9010
KLAC,2026-08-31,12:49,174.93,174.99,174.91,174.91,7693
KLAC,2026-08-31,12:50,174.91,174.91,174.81,174.895,4878
KLAC,2026-08-31,12:51,174.91,175.04,174.9,175.04,3423
KLAC,2026-08-31,12:52,175.04,175.05,174.95,174.955,4873
KLAC,2026-08-31,12:53,174.98,175.04,174.9301,174.985,8439
KLAC,2026-08-31,12:54,174.98,175,174.91,174.93,10669
KLAC,2026-08-31,12:55,174.93,174.93,174.81,174.81,9006
KLAC,2026-08-31,12:56,174.805,174.91,174.76,174.885,8185
KLAC,2026-08-31,12:57,174.885,175.03,174.885,175.03,6732
KLAC,2026-08-31,12:58,175.01,175.0329,174.96,174.975,3355
KLAC,2026-08-31,12:59,174.96,175,174.93,174.94,5910
KLAC,2026-08-31,13:00,174.93,174.96,174.78,174.78,9036
KLAC,2026-08-31,13:01,174.785,174.89,174.765,174.8757,3543
KLAC,2026-08-31,13:02,174.89,174.91,174.835,174.87,4417
KLAC,2026-08-31,13:03,174.85,174.93,174.82,174.82,3992
KLAC,2026-08-31,13:04,174.83,174.915,174.83,174.895,5527
KLAC,2026-08-31,13:05,174.885,174.99,174.885,174.925,4491
KLAC,2026-08-31,13:06,174.915,175.025,174.9,175.025,6375
KLAC,2026-08-31,13:07,175.025,175.06,174.92,174.985,4799
KLAC,2026-08-31,13:08,174.995,175.05,174.855,174.965,23609
KLAC,2026-08-31,13:09,174.965,174.99,174.905,174.955,6615
KLAC,2026-08-31,13:10,174.96,174.985,174.845,174.87,6603
KLAC,2026-08-31,13:11,174.88,174.89,174.8103,174.83,10947
KLAC,2026-08-31,13:12,174.825,174.85,174.76,174.79,6461
KLAC,2026-08-31,13:13,174.78,174.85,174.7601,174.795,7144
KLAC,2026-08-31,13:14,174.81,174.87,174.8,174.87,43868
KLAC,2026-08-31,13:15,174.865,174.89,174.76,174.83,7430
KLAC,2026-08-31,13:16,174.84,175.04,174.84,175.04,4103
KLAC,2026-08-31,13:17,175.03,175.07,174.94,174.95,4123
KLAC,2026-08-31,13:18,174.95,174.9555,174.8,174.82,3866
KLAC,2026-08-31,13:19,174.825,174.86,174.82,174.83,4785
KLAC,2026-08-31,13:20,174.83,174.9,174.8,174.86,8059
KLAC,2026-08-31,13:21,174.86,174.92,174.85,174.89,3742
KLAC,2026-08-31,13:22,174.885,174.97,174.87,174.905,2925
KLAC,2026-08-31,13:23,174.8993,174.93,174.89,174.92,4363
KLAC,2026-08-31,13:24,174.9,174.92,174.87,174.875,3932
KLAC,2026-08-31,13:25,174.86,174.91,174.815,174.83,5604
KLAC,2026-08-31,13:26,174.82,174.925,174.79,174.92,6713
KLAC,2026-08-31,13:27,174.905,175.01,174.88,174.96,5525
KLAC,2026-08-31,13:28,174.97,174.97,174.88,174.9,5463
KLAC,2026-08-31,13:29,174.88,175.08,174.87,175.04,6945
KLAC,2026-08-31,13:30,175.03,175.04,174.96,174.99,4616
KLAC,2026-08-31,13:31,174.99,175.04,174.97,175.03,14781
KLAC,2026-08-31,13:32,175.02,175.085,174.9113,174.94,30923
KLAC,2026-08-31,13:33,174.96,175.03,174.9375,174.95,7862
KLAC,2026-08-31,13:34,174.97,174.98,174.88,174.92,6713
KLAC,2026-08-31,13:35,174.93,175,174.89,174.89,20206
KLAC,2026-08-31,13:36,174.9,175.06,174.89,175.0342,6088
KLAC,2026-08-31,13:37,175.04,175.04,174.95,174.99,4550
KLAC,2026-08-31,13:38,174.995,175.1,174.995,175.055,6063
KLAC,2026-08-31,13:39,175.07,175.13,175.04,175.13,9013
KLAC,2026-08-31,13:40,175.11,175.185,175.085,175.15,6257
KLAC,2026-08-31,13:41,175.15,175.38,175.15,175.38,16271
KLAC,2026-08-31,13:42,175.38,175.39,175.22,175.22,7555
KLAC,2026-08-31,13:43,175.22,175.3,175.21,175.26,8596
KLAC,2026-08-31,13:44,175.275,175.33,175.255,175.285,8764
KLAC,2026-08-31,13:45,175.32,175.355,175.28,175.2851,5062
KLAC,2026-08-31,13:46,175.28,175.33,175.27,175.285,6465
KLAC,2026-08-31,13:47,175.295,175.355,175.26,175.31,7235
KLAC,2026-08-31,13:48,175.32,175.36,175.3097,175.34,4368
KLAC,2026-08-31,13:49,175.33,175.3625,175.31,175.33,4658
KLAC,2026-08-31,13:50,175.33,175.44,175.25,175.39,16096
KLAC,2026-08-31,13:51,175.385,175.46,175.385,175.4,4829
KLAC,2026-08-31,13:52,175.41,175.42,175.33,175.34,5767
KLAC,2026-08-31,13:53,175.34,175.5,175.335,175.44,6377
KLAC,2026-08-31,13:54,175.43,175.45,175.37,175.39,7976
KLAC,2026-08-31,13:55,175.39,175.405,175.31,175.32,5827
KLAC,2026-08-31,13:56,175.31,175.37,175.27,175.31,8970
KLAC,2026-08-31,13:57,175.3135,175.36,175.14,175.18,22965
KLAC,2026-08-31,13:58,175.185,175.2,175.08,175.1668,15420
KLAC,2026-08-31,13:59,175.17,175.24,175.16,175.19,13430
KLAC,2026-08-31,14:00,175.18,175.3501,175.17,175.3,10454
KLAC,2026-08-31,14:01,175.31,175.34,175.245,175.29,5337
KLAC,2026-08-31,14:02,175.3,175.31,175.22,175.27,7266
KLAC,2026-08-31,14:03,175.29,175.38,175.26,175.355,8006
KLAC,2026-08-31,14:04,175.365,175.455,175.365,175.44,5979
KLAC,2026-08-31,14:05,175.415,175.455,175.4,175.4,6262
KLAC,2026-08-31,14:06,175.41,175.51,175.41,175.5,7898
KLAC,2026-08-31,14:07,175.51,175.56,175.4301,175.4301,5218
KLAC,2026-08-31,14:08,175.42,175.42,175.36,175.39,6532
KLAC,2026-08-31,14:09,175.395,175.45,175.33,175.37,6671
KLAC,2026-08-31,14:10,175.365,175.45,175.3301,175.43,5926
KLAC,2026-08-31,14:11,175.43,175.46,175.37,175.45,6850
KLAC,2026-08-31,14:12,175.425,175.5,175.415,175.435,6293
KLAC,2026-08-31,14:13,175.45,175.5,175.42,175.42,7761
KLAC,2026-08-31,14:14,175.42,175.4632,175.42,175.425,6610
KLAC,2026-08-31,14:15,175.44,175.6191,175.43,175.58,5029
KLAC,2026-08-31,14:16,175.57,175.595,175.4701,175.545,5377
KLAC,2026-08-31,14:17,175.525,175.525,175.4702,175.48,2510
KLAC,2026-08-31,14:18,175.485,175.53,175.47,175.4801,4273
KLAC,2026-08-31,14:19,175.5,175.52,175.46,175.49,8212
KLAC,2026-08-31,14:20,175.47,175.475,175.375,175.41,4592
KLAC,2026-08-31,14:21,175.42,175.435,175.355,175.3809,3093
KLAC,2026-08-31,14:22,175.38,175.405,175.35,175.365,3983
KLAC,2026-08-31,14:23,175.365,175.525,175.365,175.525,5612
KLAC,2026-08-31,14:24,175.525,175.58,175.52,175.575,4712
KLAC,2026-08-31,14:25,175.57,175.6,175.47,175.4801,12305
KLAC,2026-08-31,14:26,175.49,175.52,175.455,175.49,7336
KLAC,2026-08-31,14:27,175.495,175.55,175.48,175.52,3401
KLAC,2026-08-31,14:28,175.54,175.77,175.53,175.61,23246
KLAC,2026-08-31,14:29,175.62,175.6394,175.465,175.5,5614
KLAC,2026-08-31,14:30,175.4501,175.64,175.4501,175.615,4771
KLAC,2026-08-31,14:31,175.605,175.62,175.54,175.57,4600
KLAC,2026-08-31,14:32,175.56,175.5699,175.48,175.525,5618
KLAC,2026-08-31,14:33,175.529,175.5372,175.445,175.4694,4960
KLAC,2026-08-31,14:34,175.45,175.47,175.32,175.33,15101
KLAC,2026-08-31,14:35,175.36,175.45,175.18,175.185,11801
KLAC,2026-08-31,14:36,175.2,175.24,175.1152,175.2,9309
KLAC,2026-08-31,14:37,175.135,175.19,175.08,175.115,6503
KLAC,2026-08-31,14:38,175.13,175.13,175,175.01,10936
KLAC,2026-08-31,14:39,175.02,175.07,175.01,175.03,5116
KLAC,2026-08-31,14:40,175.055,175.13,174.955,174.98,7853
KLAC,2026-08-31,14:41,174.97,175.019,174.88,174.89,5439
KLAC,2026-08-31,14:42,174.88,175.09,174.865,175.04,4066
KLAC,2026-08-31,14:43,175.03,175.08,174.98,175.065,7459
KLAC,2026-08-31,14:44,175.06,175.15,175.06,175.14,5816
KLAC,2026-08-31,14:45,175.16,175.21,175.12,175.175,9008
KLAC,2026-08-31,14:46,175.16,175.27,175.15,175.24,7905
KLAC,2026-08-31,14:47,175.25,175.31,175.2,175.21,8419
KLAC,2026-08-31,14:48,175.2,175.25,175.15,175.205,9098
KLAC,2026-08-31,14:49,175.22,175.25,175.18,175.21,4243
KLAC,2026-08-31,14:50,175.2012,175.25,175.16,175.2199,6927
KLAC,2026-08-31,14:51,175.21,175.3,175.185,175.24,3885
KLAC,2026-08-31,14:52,175.23,175.23,175.14,175.2,7734
KLAC,2026-08-31,14:53,175.1803,175.25,175.17,175.22,15088
KLAC,2026-08-31,14:54,175.21,175.28,175.19,175.22,9262
KLAC,2026-08-31,14:55,175.215,175.22,175.15,175.215,6722
KLAC,2026-08-31,14:56,175.2197,175.299,175.19,175.22,7970
KLAC,2026-08-31,14:57,175.21,175.26,175.19,175.255,7205
KLAC,2026-08-31,14:58,175.24,175.2551,175.19,175.22,5469
KLAC,2026-08-31,14:59,175.225,175.27,175.0852,175.09,14079
KLAC,2026-08-31,15:00,175.1,175.21,175.09,175.21,6372
KLAC,2026-08-31,15:01,175.2,175.215,175.11,175.1411,6190
KLAC,2026-08-31,15:02,175.14,175.16,175.1,175.12,3708
KLAC,2026-08-31,15:03,175.1,175.215,175.1,175.15,4126
KLAC,2026-08-31,15:04,175.15,175.1541,175.11,175.15,4652
KLAC,2026-08-31,15:05,175.15,175.22,175.12,175.16,4267
KLAC,2026-08-31,15:06,175.17,175.24,175.13,175.17,5441
KLAC,2026-08-31,15:07,175.15,175.17,175.125,175.13,2713
KLAC,2026-08-31,15:08,175.14,175.25,175.14,175.2,3963
KLAC,2026-08-31,15:09,175.2,175.25,175.15,175.17,4841
KLAC,2026-08-31,15:10,175.16,175.24,175.15,175.21,8976
KLAC,2026-08-31,15:11,175.2,175.28,175.2,175.259,6510
KLAC,2026-08-31,15:12,175.24,175.31,175.225,175.26,8618
KLAC,2026-08-31,15:13,175.25,175.29,175.23,175.24,5811
KLAC,2026-08-31,15:14,175.25,175.37,175.25,175.32,8981
KLAC,2026-08-31,15:15,175.32,175.33,175.1601,175.23,7257
KLAC,2026-08-31,15:16,175.23,175.24,175.135,175.169,17801
KLAC,2026-08-31,15:17,175.16,175.21,175.12,175.17,4320
KLAC,2026-08-31,15:18,175.175,175.2001,175.135,175.1859,4668
KLAC,2026-08-31,15:19,175.195,175.23,175.1801,175.21,4383
KLAC,2026-08-31,15:20,175.23,175.27,175.21,175.25,6986
KLAC,2026-08-31,15:21,175.27,175.29,175.15,175.17,6424
KLAC,2026-08-31,15:22,175.16,175.26,175.15,175.25,7821
KLAC,2026-08-31,15:23,175.25,175.31,175.19,175.21,8150
KLAC,2026-08-31,15:24,175.2,175.21,175.13,175.17,8790
KLAC,2026-08-31,15:25,175.16,175.18,175.09,175.12,6339
KLAC,2026-08-31,15:26,175.13,175.28,175.03,175.28,10222
KLAC,2026-08-31,15:27,175.28,175.435,175.26,175.43,16047
KLAC,2026-08-31,15:28,175.44,175.45,175.3,175.34,8347
KLAC,2026-08-31,15:29,175.34,175.38,175.21,175.3,14492
KLAC,2026-08-31,15:30,175.29,175.46,175.27,175.42,9031
KLAC,2026-08-31,15:31,175.425,175.54,175.3854,175.44,9615
KLAC,2026-08-31,15:32,175.44,175.49,175.35,175.365,9293
KLAC,2026-08-31,15:33,175.36,175.38,175.315,175.33,7098
KLAC,2026-08-31,15:34,175.33,175.4,175.242,175.35,19831
KLAC,2026-08-31,15:35,175.36,175.49,175.34,175.47,6748
KLAC,2026-08-31,15:36,175.47,175.53,175.46,175.46,6791
KLAC,2026-08-31,15:37,175.485,175.57,175.47,175.5,5792
KLAC,2026-08-31,15:38,175.49,175.5095,175.44,175.45,8138
KLAC,2026-08-31,15:39,175.45,175.56,175.43,175.54,7016
KLAC,2026-08-31,15:40,175.55,175.71,175.55,175.705,11786
KLAC,2026-08-31,15:41,175.71,175.83,175.69,175.8,11127
KLAC,2026-08-31,15:42,175.81,175.9,175.795,175.825,15402
KLAC,2026-08-31,15:43,175.82,175.95,175.77,175.93,13631
KLAC,2026-08-31,15:44,175.925,175.98,175.845,175.98,19940
KLAC,2026-08-31,15:45,175.95,175.97,175.82,175.9,16323
KLAC,2026-08-31,15:46,175.9,176,175.845,175.9,10533
KLAC,2026-08-31,15:47,175.91,175.92,175.7601,175.82,11291
KLAC,2026-08-31,15:48,175.825,175.9,175.72,175.785,15075
KLAC,2026-08-31,15:49,175.78,175.88,175.755,175.8,8535
KLAC,2026-08-31,15:50,175.8,175.94,175.75,175.765,36610
KLAC,2026-08-31,15:51,175.78,175.84,175.7,175.825,39225
KLAC,2026-08-31,15:52,175.825,175.825,175.65,175.68,34661
KLAC,2026-08-31,15:53,175.68,175.74,175.59,175.645,29336
KLAC,2026-08-31,15:54,175.62,175.62,175.24,175.285,50094
KLAC,2026-08-31,15:55,175.26,175.39,174.89,175.12,74478
KLAC,2026-08-31,15:56,175.12,175.17,174.92,174.98,55320
KLAC,2026-08-31,15:57,174.99,175.47,174.95,175.44,75939
KLAC,2026-08-31,15:58,175.44,175.48,175.32,175.46,85604
KLAC,2026-08-31,15:59,175.45,175.65,175.3,175.48,219359
KLAC,2026-09-01,09:30,172.37,173.13,171.97,172.01,231866
KLAC,2026-09-01,09:31,172.17,172.48,171.86,172.11,31506
KLAC,2026-09-01,09:32,172.01,172.18,171.38,171.83,34573
KLAC,2026-09-01,09:33,171.83,172.11,171.59,171.8,20499
KLAC,2026-09-01,09:34,171.91,172.4,171.81,171.875,18086
KLAC,2026-09-01,09:35,171.875,172.06,171.42,171.56,23265
KLAC,2026-09-01,09:36,171.485,171.74,171.29,171.43,19496
KLAC,2026-09-01,09:37,171.43,171.87,171.37,171.37,13022
KLAC,2026-09-01,09:38,171.41,171.45,171.2005,171.28,21276
KLAC,2026-09-01,09:39,171.28,171.35,171.045,171.26,20003
KLAC,2026-09-01,09:40,171.24,171.31,170.875,170.875,29592
KLAC,2026-09-01,09:41,170.82,171.01,169.91,170.05,43901
KLAC,2026-09-01,09:42,170.06,170.06,169.6,169.65,33232
KLAC,2026-09-01,09:43,169.675,169.85,169.53,169.785,49344
KLAC,2026-09-01,09:44,169.76,170.35,169.7551,170.11,23566
KLAC,2026-09-01,09:45,170.13,170.3,169.965,170.05,22078
KLAC,2026-09-01,09:46,170.02,170.145,169.74,170.015,25653
KLAC,2026-09-01,09:47,170.04,170.29,170.02,170.11,25035
KLAC,2026-09-01,09:48,170.14,170.435,170.08,170.14,16506
KLAC,2026-09-01,09:49,170.16,170.605,170.16,170.47,25298
KLAC,2026-09-01,09:50,170.4875,170.915,170.39,170.65,26251
KLAC,2026-09-01,09:51,170.65,170.735,170.48,170.6,24907
KLAC,2026-09-01,09:52,170.62,170.7122,170.36,170.54,18979
KLAC,2026-09-01,09:53,170.54,170.67,170.43,170.575,11004
KLAC,2026-09-01,09:54,170.61,170.75,170.35,170.55,18972
KLAC,2026-09-01,09:55,170.57,170.65,170.28,170.4493,15923
KLAC,2026-09-01,09:56,170.45,170.45,169.86,169.89,24810
KLAC,2026-09-01,09:57,169.93,170.15,169.93,169.98,17374
KLAC,2026-09-01,09:58,170.02,170.05,169.51,169.555,24308
KLAC,2026-09-01,09:59,169.53,169.75,169.5,169.53,33924
KLAC,2026-09-01,10:00,169.61,169.775,169.22,169.4098,46038
KLAC,2026-09-01,10:01,169.43,169.7345,169.395,169.545,35312
KLAC,2026-09-01,10:02,169.52,169.6,168.93,169.1,55887
KLAC,2026-09-01,10:03,169.15,169.1983,168.995,169.12,18063
KLAC,2026-09-01,10:04,169.16,169.29,169.05,169.11,25280
KLAC,2026-09-01,10:05,169.1,169.5,169.1,169.49,8288
KLAC,2026-09-01,10:06,169.45,169.5899,169.405,169.5394,17152
KLAC,2026-09-01,10:07,169.53,169.575,169.324,169.49,10680
KLAC,2026-09-01,10:08,169.495,169.53,169.24,169.48,17531
KLAC,2026-09-01,10:09,169.46,169.56,169.355,169.495,16382
KLAC,2026-09-01,10:10,169.495,169.535,169.23,169.25,13867
KLAC,2026-09-01,10:11,169.24,169.27,168.73,168.7425,51522
KLAC,2026-09-01,10:12,168.765,168.87,168.6,168.73,32234
KLAC,2026-09-01,10:13,168.7132,168.91,168.5202,168.85,24092
KLAC,2026-09-01,10:14,168.83,169.05,168.69,168.735,31990
KLAC,2026-09-01,10:15,168.74,169.33,168.74,169.13,26482
KLAC,2026-09-01,10:16,169.135,169.18,168.96,169.06,25008
KLAC,2026-09-01,10:17,169.05,169.19,169.03,169.035,11970
KLAC,2026-09-01,10:18,169.06,169.134,168.845,168.89,16129
KLAC,2026-09-01,10:19,168.885,168.98,168.76,168.9,14434
KLAC,2026-09-01,10:20,168.88,169.13,168.88,168.985,14488
KLAC,2026-09-01,10:21,168.985,169.02,168.8,168.825,11382
KLAC,2026-09-01,10:22,168.825,168.84,168.6,168.71,20222
KLAC,2026-09-01,10:23,168.71,168.75,168.45,168.59,22650
KLAC,2026-09-01,10:24,168.58,168.59,168.32,168.42,21034
KLAC,2026-09-01,10:25,168.43,168.64,168.4,168.55,23885
KLAC,2026-09-01,10:26,168.545,168.5995,168.41,168.54,14681
KLAC,2026-09-01,10:27,168.54,168.555,168.32,168.41,19776
KLAC,2026-09-01,10:28,168.3665,168.6,168.36,168.55,7551
KLAC,2026-09-01,10:29,168.53,168.54,168.37,168.435,14112
KLAC,2026-09-01,10:30,168.435,168.77,168.4,168.74,40886
KLAC,2026-09-01,10:31,168.74,168.85,168.65,168.7,15283
KLAC,2026-09-01,10:32,168.72,168.96,168.72,168.81,16236
KLAC,2026-09-01,10:33,168.82,169.16,168.82,168.97,19940
KLAC,2026-09-01,10:34,169,169.21,168.95,169.07,15653
KLAC,2026-09-01,10:35,169.08,169.2899,169.04,169.24,9734
KLAC,2026-09-01,10:36,169.225,169.29,169.11,169.14,11684
KLAC,2026-09-01,10:37,169.165,169.29,169.02,169.185,9919
KLAC,2026-09-01,10:38,169.185,169.28,169.13,169.16,10469
KLAC,2026-09-01,10:39,169.16,169.39,169.13,169.295,10390
KLAC,2026-09-01,10:40,169.32,169.46,169.25,169.42,6801
KLAC,2026-09-01,10:41,169.45,169.5,169.3,169.355,15906
KLAC,2026-09-01,10:42,169.35,169.41,169.27,169.32,12172
KLAC,2026-09-01,10:43,169.3,169.35,169.17,169.28,14580
KLAC,2026-09-01,10:44,169.29,169.475,169.27,169.475,16052
KLAC,2026-09-01,10:45,169.48,169.6,169.4,169.53,20911
KLAC,2026-09-01,10:46,169.52,169.61,169.43,169.52,14564
KLAC,2026-09-01,10:47,169.51,169.52,168.97,169.23,33723
KLAC,2026-09-01,10:48,169.31,169.61,169.28,169.47,28001
KLAC,2026-09-01,10:49,169.5098,169.53,169.1701,169.28,11260
KLAC,2026-09-01,10:50,169.29,169.645,169.29,169.645,14983
KLAC,2026-09-01,10:51,169.645,169.88,169.61,169.73,13528
KLAC,2026-09-01,10:52,169.715,169.8,169.67,169.72,9658
KLAC,2026-09-01,10:53,169.74,169.82,169.655,169.74,6070
KLAC,2026-09-01,10:54,169.75,169.8,169.575,169.62,8308
KLAC,2026-09-01,10:55,169.66,169.71,169.56,169.685,7009
KLAC,2026-09-01,10:56,169.67,169.88,169.66,169.86,14083
KLAC,2026-09-01,10:57,169.86,169.97,169.82,169.96,15739
KLAC,2026-09-01,10:58,169.93,169.97,169.86,169.95,43602
KLAC,2026-09-01,10:59,169.96,170.31,169.92,170.31,44448
KLAC,2026-09-01,11:00,170.37,170.64,170.32,170.63,22174
KLAC,2026-09-01,11:01,170.6,170.72,170.45,170.52,16843
KLAC,2026-09-01,11:02,170.49,170.55,170.32,170.33,15511
KLAC,2026-09-01,11:03,170.38,170.395,170.195,170.195,12606
KLAC,2026-09-01,11:04,170.195,170.43,170.13,170.35,8007
KLAC,2026-09-01,11:05,170.31,170.33,170.12,170.16,10674
KLAC,2026-09-01,11:06,170.13,170.13,169.88,169.95,14064
KLAC,2026-09-01,11:07,169.96,170.08,169.9,169.92,17502
KLAC,2026-09-01,11:08,169.9,170.04,169.84,169.955,12724
KLAC,2026-09-01,11:09,169.92,170.07,169.84,169.865,14131
KLAC,2026-09-01,11:10,169.865,169.93,169.71,169.72,8407
KLAC,2026-09-01,11:11,169.75,169.925,169.72,169.83,7963
KLAC,2026-09-01,11:12,169.86,170,169.82,169.91,19755
KLAC,2026-09-01,11:13,169.91,169.91,169.74,169.755,6843
KLAC,2026-09-01,11:14,169.775,169.82,169.6,169.6,8686
KLAC,2026-09-01,11:15,169.595,169.68,169.43,169.44,15989
KLAC,2026-09-01,11:16,169.44,169.67,169.44,169.49,9026
KLAC,2026-09-01,11:17,169.51,169.555,169.44,169.46,5936
KLAC,2026-09-01,11:18,169.44,169.5,169.36,169.38,8716
KLAC,2026-09-01,11:19,169.39,169.55,169.38,169.49,10161
KLAC,2026-09-01,11:20,169.495,169.55,169.45,169.51,8435
KLAC,2026-09-01,11:21,169.5,169.54,169.36,169.425,10380
KLAC,2026-09-01,11:22,169.4,169.62,169.394,169.61,6672
KLAC,2026-09-01,11:23,169.59,169.74,169.56,169.72,11930
KLAC,2026-09-01,11:24,169.735,169.81,169.645,169.7,8317
KLAC,2026-09-01,11:25,169.7,169.78,169.655,169.725,9106
KLAC,2026-09-01,11:26,169.7325,169.945,169.72,169.92,10574
KLAC,2026-09-01,11:27,169.92,169.935,169.82,169.895,10706
KLAC,2026-09-01,11:28,169.89,169.9309,169.705,169.82,8893
KLAC,2026-09-01,11:29,169.77,169.92,169.77,169.91,15859
KLAC,2026-09-01,11:30,169.905,170.1708,169.9,170.0901,26553
KLAC,2026-09-01,11:31,170.1128,170.12,169.84,169.86,15424
KLAC,2026-09-01,11:32,169.855,169.99,169.83,169.875,8933
KLAC,2026-09-01,11:33,169.875,169.905,169.67,169.8,6867
KLAC,2026-09-01,11:34,169.8,169.9,169.71,169.9,15302
KLAC,2026-09-01,11:35,169.88,169.97,169.8101,169.845,27786
KLAC,2026-09-01,11:36,169.845,170.16,169.83,170.155,8433
KLAC,2026-09-01,11:37,170.14,170.21,170.095,170.21,16752
KLAC,2026-09-01,11:38,170.22,170.31,170.12,170.17,8219
KLAC,2026-09-01,11:39,170.17,170.31,170.16,170.29,10827
KLAC,2026-09-01,11:40,170.3,170.43,170.3,170.38,40329
KLAC,2026-09-01,11:41,170.415,170.6,170.39,170.55,22461
KLAC,2026-09-01,11:42,170.54,170.57,170.34,170.4475,13437
KLAC,2026-09-01,11:43,170.47,170.6,170.425,170.49,15760
KLAC,2026-09-01,11:44,170.49,170.7,170.46,170.685,23588
KLAC,2026-09-01,11:45,170.67,170.78,170.62,170.69,16516
KLAC,2026-09-01,11:46,170.7,170.91,170.7,170.9,16552
KLAC,2026-09-01,11:47,170.915,171,170.855,170.89,9148
KLAC,2026-09-01,11:48,170.87,170.87,170.72,170.8,15181
KLAC,2026-09-01,11:49,170.84,170.92,170.7,170.7,9876
KLAC,2026-09-01,11:50,170.7,170.78,170.55,170.67,21374
KLAC,2026-09-01,11:51,170.7,170.84,170.7,170.75,6572
KLAC,2026-09-01,11:52,170.76,170.8,170.62,170.67,9597
KLAC,2026-09-01,11:53,170.64,170.73,170.59,170.69,8767
KLAC,2026-09-01,11:54,170.66,170.79,170.63,170.785,5290
KLAC,2026-09-01,11:55,170.76,170.81,170.57,170.57,6834
KLAC,2026-09-01,11:56,170.575,170.625,170.49,170.49,7353
KLAC,2026-09-01,11:57,170.48,170.62,170.47,170.55,11772
KLAC,2026-09-01,11:58,170.55,170.63,170.4104,170.59,7663
KLAC,2026-09-01,11:59,170.57,170.7,170.55,170.64,6764
KLAC,2026-09-01,12:00,170.64,170.9,170.64,170.9,16125
KLAC,2026-09-01,12:01,170.9,171.11,170.825,171.11,20260
KLAC,2026-09-01,12:02,171.1,171.19,171.06,171.18,4920
KLAC,2026-09-01,12:03,171.1659,171.18,171.04,171.125,5311
KLAC,2026-09-01,12:04,171.125,171.16,171.04,171.05,7286
KLAC,2026-09-01,12:05,171.03,171.1099,170.92,171.015,5969
KLAC,2026-09-01,12:06,171.025,171.025,170.68,170.71,6966
KLAC,2026-09-01,12:07,170.73,171.06,170.725,170.99,7560
KLAC,2026-09-01,12:08,170.99,170.99,170.89,170.93,6269
KLAC,2026-09-01,12:09,170.925,171.15,170.915,171.095,12878
KLAC,2026-09-01,12:10,171.11,171.18,171.02,171.17,6226
KLAC,2026-09-01,12:11,171.18,171.29,171.11,171.25,34568
KLAC,2026-09-01,12:12,171.26,171.385,171.19,171.22,15844
KLAC,2026-09-01,12:13,171.23,171.29,171.17,171.17,6638
KLAC,2026-09-01,12:14,171.11,171.19,171.07,171.075,10473
KLAC,2026-09-01,12:15,171.09,171.11,171,171.09,7071
KLAC,2026-09-01,12:16,171.085,171.0999,170.9,170.9,5689
KLAC,2026-09-01,12:17,170.895,171.01,170.85,170.87,12933
KLAC,2026-09-01,12:18,170.855,170.92,170.83,170.87,5199
KLAC,2026-09-01,12:19,170.89,170.95,170.72,170.75,7296
KLAC,2026-09-01,12:20,170.76,170.77,170.38,170.38,10394
KLAC,2026-09-01,12:21,170.46,170.6,170.4,170.48,8213
KLAC,2026-09-01,12:22,170.49,170.63,170.45,170.58,4438
KLAC,2026-09-01,12:23,170.57,170.57,170.43,170.47,7780
KLAC,2026-09-01,12:24,170.42,170.45,170.29,170.31,20170
KLAC,2026-09-01,12:25,170.33,170.42,170.12,170.16,12095
KLAC,2026-09-01,12:26,170.1317,170.21,169.76,169.8406,14399
KLAC,2026-09-01,12:27,169.87,169.99,169.75,169.84,10821
KLAC,2026-09-01,12:28,169.84,169.95,169.81,169.895,12714
KLAC,2026-09-01,12:29,169.88,169.92,169.82,169.85,6078
KLAC,2026-09-01,12:30,169.86,169.8925,169.5,169.5,13896
KLAC,2026-09-01,12:31,169.5,169.59,169.36,169.59,17666
KLAC,2026-09-01,12:32,169.58,169.65,169.39,169.485,21140
KLAC,2026-09-01,12:33,169.49,169.55,169.43,169.51,7601
KLAC,2026-09-01,12:34,169.5,169.5,169.29,169.34,6772
KLAC,2026-09-01,12:35,169.36,169.5194,169.33,169.455,6182
KLAC,2026-09-01,12:36,169.45,169.8,169.42,169.78,10186
KLAC,2026-09-01,12:37,169.77,169.83,169.67,169.71,5860
KLAC,2026-09-01,12:38,169.72,169.84,169.71,169.75,5960
KLAC,2026-09-01,12:39,169.7705,169.92,169.73,169.92,8886
KLAC,2026-09-01,12:40,169.92,169.93,169.8,169.82,8779
KLAC,2026-09-01,12:41,169.82,169.9991,169.82,169.99,4659
KLAC,2026-09-01,12:42,169.9835,170,169.65,169.67,8624
KLAC,2026-09-01,12:43,169.64,169.79,169.63,169.72,4695
KLAC,2026-09-01,12:44,169.71,169.7195,169.59,169.605,11226
KLAC,2026-09-01,12:45,169.61,169.73,169.605,169.705,9529
KLAC,2026-09-01,12:46,169.69,169.75,169.63,169.64,6697
KLAC,2026-09-01,12:47,169.64,169.73,169.64,169.7,10730
KLAC,2026-09-01,12:48,169.71,169.79,169.65,169.75,11602
KLAC,2026-09-01,12:49,169.74,169.88,169.73,169.85,12059
KLAC,2026-09-01,12:50,169.83,169.95,169.8,169.95,7020
KLAC,2026-09-01,12:51,169.95,170.09,169.88,170.03,25615
KLAC,2026-09-01,12:52,170.06,170.07,169.86,169.9,6572
KLAC,2026-09-01,12:53,169.89,169.91,169.735,169.74,7410
KLAC,2026-09-01,12:54,169.75,169.92,169.72,169.895,12405
KLAC,2026-09-01,12:55,169.89,170.15,169.79,170.05,30494
KLAC,2026-09-01,12:56,170.055,170.16,170.01,170.1,13778
KLAC,2026-09-01,12:57,170.1325,170.14,170,170.01,6646
KLAC,2026-09-01,12:58,170.01,170.09,170,170.02,10150
KLAC,2026-09-01,12:59,170.02,170.045,169.99,170.01,6398
KLAC,2026-09-01,13:00,170.01,170.07,169.77,169.78,22008
KLAC,2026-09-01,13:01,169.825,169.87,169.78,169.81,7035
KLAC,2026-09-01,13:02,169.82,169.82,169.63,169.67,18593
KLAC,2026-09-01,13:03,169.69,169.72,169.645,169.655,8122
KLAC,2026-09-01,13:04,169.67,169.71,169.61,169.62,4945
KLAC,2026-09-01,13:05,169.61,169.81,169.61,169.75,9356
KLAC,2026-09-01,13:06,169.75,169.77,169.67,169.72,7856
KLAC,2026-09-01,13:07,169.71,169.735,169.62,169.625,8795
KLAC,2026-09-01,13:08,169.625,169.63,169.47,169.48,19075
KLAC,2026-09-01,13:09,169.48,169.529,169.42,169.42,6414
KLAC,2026-09-01,13:10,169.435,169.49,169.34,169.345,7324
KLAC,2026-09-01,13:11,169.36,169.54,169.35,169.515,10697
KLAC,2026-09-01,13:12,169.5,169.545,169.43,169.49,7110
KLAC,2026-09-01,13:13,169.49,169.55,169.425,169.44,8026
KLAC,2026-09-01,13:14,169.44,169.59,169.44,169.585,4672
KLAC,2026-09-01,13:15,169.59,169.6,169.5,169.52,6836
KLAC,2026-09-01,13:16,169.5799,169.595,169.38,169.3825,8242
KLAC,2026-09-01,13:17,169.36,169.4,169.25,169.25,8168
KLAC,2026-09-01,13:18,169.255,169.33,169.225,169.225,13243
KLAC,2026-09-01,13:19,169.225,169.27,169.185,169.24,16697
KLAC,2026-09-01,13:20,169.24,169.41,169.18,169.395,17373
KLAC,2026-09-01,13:21,169.4,169.47,169.31,169.39,6588
KLAC,2026-09-01,13:22,169.405,169.53,169.4,169.53,6461
KLAC,2026-09-01,13:23,169.53,169.605,169.47,169.47,7875
KLAC,2026-09-01,13:24,169.495,169.67,169.46,169.62,7201
KLAC,2026-09-01,13:25,169.615,169.68,169.16,169.495,22332
KLAC,2026-09-01,13:26,169.53,169.55,169.29,169.3,11891
KLAC,2026-09-01,13:27,169.3,169.51,169.28,169.495,13862
KLAC,2026-09-01,13:28,169.49,169.61,169.455,169.6001,10816
KLAC,2026-09-01,13:29,169.63,169.78,169.6,169.78,11577
KLAC,2026-09-01,13:30,169.76,169.91,169.735,169.85,12261
KLAC,2026-09-01,13:31,169.845,169.86,169.72,169.84,8879
KLAC,2026-09-01,13:32,169.83,169.835,169.67,169.68,5730
KLAC,2026-09-01,13:33,169.68,169.74,169.6075,169.7,6943
KLAC,2026-09-01,13:34,169.71,169.7495,169.64,169.715,8445
KLAC,2026-09-01,13:35,169.715,169.7799,169.7,169.74,4860
KLAC,2026-09-01,13:36,169.735,169.735,169.58,169.61,3837
KLAC,2026-09-01,13:37,169.6,169.71,169.45,169.48,12415
KLAC,2026-09-01,13:38,169.46,169.56,169.46,169.53,10110
KLAC,2026-09-01,13:39,169.5298,169.59,169.43,169.43,7232
KLAC,2026-09-01,13:40,169.45,169.6,169.45,169.55,4285
KLAC,2026-09-01,13:41,169.54,169.705,169.525,169.625,5080
KLAC,2026-09-01,13:42,169.61,169.66,169.515,169.64,4274
KLAC,2026-09-01,13:43,169.645,169.68,169.62,169.62,5346
KLAC,2026-09-01,13:44,169.63,169.66,169.59,169.63,2878
KLAC,2026-09-01,13:45,169.63,169.79,169.63,169.69,10189
KLAC,2026-09-01,13:46,169.7,169.73,169.525,169.58,6664
KLAC,2026-09-01,13:47,169.58,169.7,169.57,169.67,4180
KLAC,2026-09-01,13:48,169.65,169.68,169.55,169.55,10901
KLAC,2026-09-01,13:49,169.57,169.71,169.55,169.625,7425
KLAC,2026-09-01,13:50,169.61,169.6953,169.59,169.63,21713
KLAC,2026-09-01,13:51,169.64,169.74,169.63,169.74,9302
KLAC,2026-09-01,13:52,169.75,169.7699,169.67,169.68,5783
KLAC,2026-09-01,13:53,169.69,169.72,169.61,169.61,3573
KLAC,2026-09-01,13:54,169.63,169.69,169.55,169.62,6477
KLAC,2026-09-01,13:55,169.625,169.65,169.57,169.5845,7108
KLAC,2026-09-01,13:56,169.5807,169.69,169.58,169.65,14951
KLAC,2026-09-01,13:57,169.65,169.7,169.615,169.67,5473
KLAC,2026-09-01,13:58,169.66,169.74,169.62,169.73,7952
KLAC,2026-09-01,13:59,169.73,169.75,169.6701,169.7295,9884
KLAC,2026-09-01,14:00,169.73,169.8,169.65,169.7,10466
KLAC,2026-09-01,14:01,169.69,169.715,169.58,169.59,5918
KLAC,2026-09-01,14:02,169.595,169.62,169.5,169.56,7992
KLAC,2026-09-01,14:03,169.565,169.63,169.5,169.535,9630
KLAC,2026-09-01,14:04,169.54,169.54,169.305,169.35,15395
KLAC,2026-09-01,14:05,169.33,169.38,169.22,169.23,15227
KLAC,2026-09-01,14:06,169.22,169.24,169.155,169.17,6420
KLAC,2026-09-01,14:07,169.19,169.33,169.18,169.33,8310
KLAC,2026-09-01,14:08,169.32,169.37,169.31,169.315,6458
KLAC,2026-09-01,14:09,169.34,169.34,169.27,169.29,13596
KLAC,2026-09-01,14:10,169.29,169.37,169.25,169.25,7246
KLAC,2026-09-01,14:11,169.27,169.2805,169.21,169.24,9453
KLAC,2026-09-01,14:12,169.24,169.26,169.11,169.11,16704
KLAC,2026-09-01,14:13,169.09,169.12,169.045,169.105,14557
KLAC,2026-09-01,14:14,169.12,169.19,169.04,169.135,16495
KLAC,2026-09-01,14:15,169.15,169.15,169.02,169.08,12685
KLAC,2026-09-01,14:16,169.075,169.0975,168.98,169.065,29051
KLAC,2026-09-01,14:17,169.08,169.23,169.0772,169.225,19141
KLAC,2026-09-01,14:18,169.22,169.23,169.125,169.145,10134
KLAC,2026-09-01,14:19,169.165,169.19,169.13,169.16,11217
KLAC,2026-09-01,14:20,169.14,169.1545,169,169.04,13010
KLAC,2026-09-01,14:21,169.05,169.06,168.9775,169.02,11778
KLAC,2026-09-01,14:22,169.01,169.03,168.94,168.98,10467
KLAC,2026-09-01,14:23,168.96,168.99,168.85,168.92,26312
KLAC,2026-09-01,14:24,168.925,169.005,168.88,168.99,30927
KLAC,2026-09-01,14:25,168.97,169.02,168.87,169.02,23197
KLAC,2026-09-01,14:26,169.02,169.04,168.94,168.94,19415
KLAC,2026-09-01,14:27,168.95,168.95,168.57,168.57,32634
KLAC,2026-09-01,14:28,168.58,168.595,168.49,168.53,34668
KLAC,2026-09-01,14:29,168.53,168.6,168.525,168.57,21646
KLAC,2026-09-01,14:30,168.565,168.73,168.53,168.53,41576
KLAC,2026-09-01,14:31,168.53,168.57,168.49,168.49,21523
KLAC,2026-09-01,14:32,168.495,168.6449,168.48,168.61,27716
KLAC,2026-09-01,14:33,168.59,168.63,168.35,168.35,30696
KLAC,2026-09-01,14:34,168.3502,168.5,168.34,168.465,32588
KLAC,2026-09-01,14:35,168.465,168.52,168.43,168.44,23392
KLAC,2026-09-01,14:36,168.445,168.5299,168.445,168.46,24767
KLAC,2026-09-01,14:37,168.47,168.495,168.38,168.385,18204
KLAC,2026-09-01,14:38,168.39,168.78,168.355,168.78,54163
KLAC,2026-09-01,14:39,168.76,168.87,168.71,168.81,9592
KLAC,2026-09-01,14:40,168.82,168.86,168.65,168.65,6956
KLAC,2026-09-01,14:41,168.65,168.72,168.47,168.48,11609
KLAC,2026-09-01,14:42,168.51,168.58,168.45,168.45,27219
KLAC,2026-09-01,14:43,168.46,168.54,168.41,168.515,15329
KLAC,2026-09-01,14:44,168.5,168.53,168.44,168.51,16629
KLAC,2026-09-01,14:45,168.52,168.55,168.385,168.385,16621
KLAC,2026-09-01,14:46,168.3744,168.51,168.07,168.48,78424
KLAC,2026-09-01,14:47,168.485,168.68,168.47,168.67,12445
KLAC,2026-09-01,14:48,168.67,168.67,168.35,168.48,15263
KLAC,2026-09-01,14:49,168.48,168.73,168.46,168.715,8188
KLAC,2026-09-01,14:50,168.71,168.8,168.55,168.64,10953
KLAC,2026-09-01,14:51,168.63,168.77,168.605,168.715,7463
KLAC,2026-09-01,14:52,168.72,168.78,168.66,168.7,10154
KLAC,2026-09-01,14:53,168.66,168.76,168.64,168.73,8815
KLAC,2026-09-01,14:54,168.7475,168.8399,168.7475,168.79,17958
KLAC,2026-09-01,14:55,168.8,168.91,168.77,168.89,15004
KLAC,2026-09-01,14:56,168.88,168.99,168.79,168.95,19624
KLAC,2026-09-01,14:57,168.94,168.97,168.82,168.83,15837
KLAC,2026-09-01,14:58,168.83,168.99,168.83,168.87,14145
KLAC,2026-09-01,14:59,168.8797,169.05,168.84,169.01,21611
KLAC,2026-09-01,15:00,169.04,169.29,169.02,169.28,14540
KLAC,2026-09-01,15:01,169.29,169.46,169.25,169.37,7699
KLAC,2026-09-01,15:02,169.39,169.59,169.39,169.59,5708
KLAC,2026-09-01,15:03,169.59,169.725,169.54,169.72,6765
KLAC,2026-09-01,15:04,169.725,169.79,169.64,169.76,8474
KLAC,2026-09-01,15:05,169.77,169.8,169.565,169.65,7346
KLAC,2026-09-01,15:06,169.685,169.72,169.545,169.69,6550
KLAC,2026-09-01,15:07,169.66,169.7799,169.48,169.48,6697
KLAC,2026-09-01,15:08,169.47,169.65,169.405,169.65,8078
KLAC,2026-09-01,15:09,169.66,169.68,169.53,169.64,11300
KLAC,2026-09-01,15:10,169.62,169.65,169.54,169.63,15694
KLAC,2026-09-01,15:11,169.62,169.72,169.58,169.6,25167
KLAC,2026-09-01,15:12,169.605,169.605,169.49,169.57,10570
KLAC,2026-09-01,15:13,169.59,169.61,169.48,169.52,16276
KLAC,2026-09-01,15:14,169.525,169.68,169.5,169.65,20356
KLAC,2026-09-01,15:15,169.65,169.69,169.54,169.578,9837
KLAC,2026-09-01,15:16,169.56,169.64,169.36,169.48,12901
KLAC,2026-09-01,15:17,169.49,169.57,169.465,169.48,11940
KLAC,2026-09-01,15:18,169.47,169.54,169.44,169.5,10522
KLAC,2026-09-01,15:19,169.49,169.61,169.45,169.48,12052
KLAC,2026-09-01,15:20,169.485,169.55,169.39,169.41,15285
KLAC,2026-09-01,15:21,169.41,169.51,169.37,169.48,23157
KLAC,2026-09-01,15:22,169.48,169.68,169.45,169.595,20659
KLAC,2026-09-01,15:23,169.61,169.765,169.61,169.72,34404
KLAC,2026-09-01,15:24,169.72,169.87,169.7,169.83,18292
KLAC,2026-09-01,15:25,169.85,169.99,169.83,169.91,48848
KLAC,2026-09-01,15:26,169.89,169.94,169.82,169.89,10071
KLAC,2026-09-01,15:27,169.875,169.98,169.83,169.86,9210
KLAC,2026-09-01,15:28,169.87,169.93,169.86,169.89,15053
KLAC,2026-09-01,15:29,169.89,170.17,169.86,170.12,32775
KLAC,2026-09-01,15:30,170.11,170.13,169.89,170.11,33478
KLAC,2026-09-01,15:31,170.07,170.11,169.72,169.78,18252
KLAC,2026-09-01,15:32,169.78,169.87,169.7,169.8,17855
KLAC,2026-09-01,15:33,169.8,169.81,169.67,169.68,15319
KLAC,2026-09-01,15:34,169.71,169.7675,169.56,169.68,45470
KLAC,2026-09-01,15:35,169.67,169.73,169.465,169.725,19532
KLAC,2026-09-01,15:36,169.72,169.72,169.505,169.56,14962
KLAC,2026-09-01,15:37,169.56,169.61,169.48,169.595,18848
KLAC,2026-09-01,15:38,169.58,169.63,169.49,169.6,21450
KLAC,2026-09-01,15:39,169.61,169.68,169.55,169.56,13137
KLAC,2026-09-01,15:40,169.57,169.81,169.52,169.795,27569
KLAC,2026-09-01,15:41,169.78,169.8941,169.75,169.86,19612
KLAC,2026-09-01,15:42,169.85,169.93,169.7,169.7,21163
KLAC,2026-09-01,15:43,169.7,169.81,169.615,169.79,18634
KLAC,2026-09-01,15:44,169.8,169.89,169.73,169.86,23264
KLAC,2026-09-01,15:45,169.85,169.92,169.74,169.815,30293
KLAC,2026-09-01,15:46,169.81,169.86,169.71,169.805,25831
KLAC,2026-09-01,15:47,169.8,169.93,169.74,169.81,23745
KLAC,2026-09-01,15:48,169.79,169.84,169.71,169.82,19939
KLAC,2026-09-01,15:49,169.81,169.89,169.69,169.75,25814
KLAC,2026-09-01,15:50,169.73,169.73,169.46,169.66,58149
KLAC,2026-09-01,15:51,169.65,169.67,169.47,169.49,36525
KLAC,2026-09-01,15:52,169.48,169.6,169.355,169.39,43701
KLAC,2026-09-01,15:53,169.36,169.56,169.25,169.52,56863
KLAC,2026-09-01,15:54,169.52,170.01,169.44,169.97,72858
KLAC,2026-09-01,15:55,170.01,170.81,169.95,170.74,90654
KLAC,2026-09-01,15:56,170.74,171.05,170.735,170.93,77148
KLAC,2026-09-01,15:57,170.94,171.05,170.65,170.66,77759
KLAC,2026-09-01,15:58,170.67,170.805,170.54,170.715,134662
KLAC,2026-09-01,15:59,170.71,170.98,170.67,170.91,240601
KLAC,2026-09-02,09:30,172.047,172.047,170.34,170.7,139975
KLAC,2026-09-02,09:31,170.695,170.81,170.19,170.2,17210
KLAC,2026-09-02,09:32,170.155,170.89,170.02,170.715,18324
KLAC,2026-09-02,09:33,170.66,170.69,169.4,169.49,19503
KLAC,2026-09-02,09:34,169.485,169.95,169.485,169.78,7828
KLAC,2026-09-02,09:35,169.78,169.89,168.69,168.84,22908
KLAC,2026-09-02,09:36,168.865,169.395,168.69,169.395,28045
KLAC,2026-09-02,09:37,169.38,169.605,169.25,169.36,17817
KLAC,2026-09-02,09:38,169.38,169.75,169.33,169.425,14114
KLAC,2026-09-02,09:39,169.35,169.9339,169.35,169.9339,16486
KLAC,2026-09-02,09:40,169.8954,169.99,169.58,169.7695,11274
KLAC,2026-09-02,09:41,169.69,169.88,169.52,169.865,13099
KLAC,2026-09-02,09:42,169.85,169.88,169.62,169.775,9153
KLAC,2026-09-02,09:43,169.71,169.77,169.13,169.165,12041
KLAC,2026-09-02,09:44,169.14,169.31,168.95,169.07,16951
KLAC,2026-09-02,09:45,169.07,169.16,168.15,168.225,41837
KLAC,2026-09-02,09:46,168.215,168.57,168.13,168.34,32718
KLAC,2026-09-02,09:47,168.31,168.457,168.18,168.455,9367
KLAC,2026-09-02,09:48,168.49,168.61,168.07,168.18,24514
KLAC,2026-09-02,09:49,168.18,168.255,167.94,168.23,35187
KLAC,2026-09-02,09:50,168.19,168.46,168.19,168.3455,20767
KLAC,2026-09-02,09:51,168.365,168.365,168.06,168.17,16462
KLAC,2026-09-02,09:52,168.16,168.28,167.93,168.05,22844
KLAC,2026-09-02,09:53,168.05,168.3,167.71,167.71,19133
KLAC,2026-09-02,09:54,167.73,167.89,167.56,167.805,32247
KLAC,2026-09-02,09:55,167.815,168.125,167.66,168.07,20388
KLAC,2026-09-02,09:56,168.04,168.33,167.96,168.3,18190
KLAC,2026-09-02,09:57,168.31,168.35,168.11,168.2,18656
KLAC,2026-09-02,09:58,168.205,168.5,168.17,168.29,16761
KLAC,2026-09-02,09:59,168.32,168.74,168.3,168.64,19466
KLAC,2026-09-02,10:00,168.63,168.75,168.4,168.75,19017
KLAC,2026-09-02,10:01,168.78,168.85,168.6,168.65,18498
KLAC,2026-09-02,10:02,168.655,168.89,168.38,168.87,16597
KLAC,2026-09-02,10:03,168.87,168.87,168.63,168.71,13305
KLAC,2026-09-02,10:04,168.76,169.28,168.75,169.28,11491
KLAC,2026-09-02,10:05,169.28,169.46,169.115,169.42,11440
KLAC,2026-09-02,10:06,169.41,169.62,169.36,169.57,12271
KLAC,2026-09-02,10:07,169.69,169.765,169.56,169.71,9577
KLAC,2026-09-02,10:08,169.77,169.87,169.52,169.705,15602
KLAC,2026-09-02,10:09,169.69,170.03,169.69,169.925,47079
KLAC,2026-09-02,10:10,169.92,170.25,169.87,170.08,13973
KLAC,2026-09-02,10:11,170.09,170.225,170,170.2,16999
KLAC,2026-09-02,10:12,170.16,170.26,169.94,170.11,13263
KLAC,2026-09-02,10:13,170.14,170.39,170.14,170.39,10886
KLAC,2026-09-02,10:14,170.38,170.8668,170.38,170.81,14773
KLAC,2026-09-02,10:15,170.85,171.0428,170.655,170.72,21633
KLAC,2026-09-02,10:16,170.8,170.89,170.66,170.89,10549
KLAC,2026-09-02,10:17,170.905,171.21,170.825,171.2,10688
KLAC,2026-09-02,10:18,171.25,171.39,171.1475,171.29,16902
KLAC,2026-09-02,10:19,171.31,171.3399,171.17,171.25,8815
KLAC,2026-09-02,10:20,171.27,171.48,171.11,171.155,32640
KLAC,2026-09-02,10:21,171.155,171.39,171.14,171.37,20019
KLAC,2026-09-02,10:22,171.39,171.46,171.145,171.16,19176
KLAC,2026-09-02,10:23,171.14,171.2,170.9364,171.115,15999
KLAC,2026-09-02,10:24,171.115,171.115,170.7,170.73,12045
KLAC,2026-09-02,10:25,170.79,170.89,170.62,170.64,20644
KLAC,2026-09-02,10:26,170.66,170.82,170.55,170.82,11069
KLAC,2026-09-02,10:27,170.8,170.8,170.6,170.61,11062
KLAC,2026-09-02,10:28,170.64,170.84,170.61,170.765,8745
KLAC,2026-09-02,10:29,170.775,171.015,170.775,170.92,11233
KLAC,2026-09-02,10:30,170.93,171.0299,170.73,170.8,17911
KLAC,2026-09-02,10:31,170.81,171.2692,170.78,171.25,21676
KLAC,2026-09-02,10:32,171.25,171.33,171.075,171.31,13543
KLAC,2026-09-02,10:33,171.33,171.85,171.32,171.81,26080
KLAC,2026-09-02,10:34,171.825,172.06,171.79,172.0429,11849
KLAC,2026-09-02,10:35,172,172.165,171.74,171.79,11133
KLAC,2026-09-02,10:36,171.79,171.915,171.68,171.76,12866
KLAC,2026-09-02,10:37,171.76,171.83,171.44,171.45,10886
KLAC,2026-09-02,10:38,171.43,171.59,171.104,171.17,13167
KLAC,2026-09-02,10:39,171.17,171.22,171.06,171.19,11868
KLAC,2026-09-02,10:40,171.18,171.265,171.1,171.17,9869
KLAC,2026-09-02,10:41,171.19,171.265,170.8808,170.98,11451
KLAC,2026-09-02,10:42,171.005,171.29,170.935,171.225,10406
KLAC,2026-09-02,10:43,171.23,171.35,171.17,171.23,11179
KLAC,2026-09-02,10:44,171.235,171.295,171.15,171.295,4676
KLAC,2026-09-02,10:45,171.32,171.32,170.73,170.79,14352
KLAC,2026-09-02,10:46,170.8,170.85,170.65,170.71,9455
KLAC,2026-09-02,10:47,170.72,170.8,170.68,170.7,5156
KLAC,2026-09-02,10:48,170.69,170.71,170.46,170.47,9041
KLAC,2026-09-02,10:49,170.48,170.62,170.345,170.605,8864
KLAC,2026-09-02,10:50,170.6,170.65,170.37,170.37,6169
KLAC,2026-09-02,10:51,170.385,170.49,170.33,170.46,5486
KLAC,2026-09-02,10:52,170.43,170.66,170.37,170.58,16336
KLAC,2026-09-02,10:53,170.59,170.875,170.59,170.85,29634
KLAC,2026-09-02,10:54,170.84,170.95,170.7,170.93,15136
KLAC,2026-09-02,10:55,170.91,171.12,170.91,170.96,25018
KLAC,2026-09-02,10:56,170.95,171.26,170.9,171.225,8546
KLAC,2026-09-02,10:57,171.23,171.26,170.81,170.895,16624
KLAC,2026-09-02,10:58,170.9,170.9,170.74,170.87,15221
KLAC,2026-09-02,10:59,170.89,170.89,170.59,170.72,16614
KLAC,2026-09-02,11:00,170.7,170.74,170.55,170.6588,15652
KLAC,2026-09-02,11:01,170.62,170.66,170.55,170.6,14104
KLAC,2026-09-02,11:02,170.59,170.65,170.5,170.62,7367
KLAC,2026-09-02,11:03,170.62,170.72,170.51,170.67,15723
KLAC,2026-09-02,11:04,170.72,170.8,170.56,170.61,12215
KLAC,2026-09-02,11:05,170.67,170.72,170.55,170.66,5463
KLAC,2026-09-02,11:06,170.65,170.83,170.65,170.75,9072
KLAC,2026-09-02,11:07,170.789,170.82,170.54,170.565,8439
KLAC,2026-09-02,11:08,170.58,170.89,170.58,170.85,6028
KLAC,2026-09-02,11:09,170.82,171.14,170.82,171.13,6519
KLAC,2026-09-02,11:10,171.13,171.13,170.93,171,7753
KLAC,2026-09-02,11:11,170.97,170.97,170.83,170.885,8364
KLAC,2026-09-02,11:12,170.885,170.965,170.715,170.72,10076
KLAC,2026-09-02,11:13,170.72,170.88,170.72,170.79,7074
KLAC,2026-09-02,11:14,170.8,170.94,170.79,170.88,5751
KLAC,2026-09-02,11:15,170.87,170.99,170.83,170.94,7298
KLAC,2026-09-02,11:16,170.93,170.95,170.8305,170.9,4452
KLAC,2026-09-02,11:17,170.9,170.93,170.795,170.88,5292
KLAC,2026-09-02,11:18,170.895,170.94,170.725,170.83,5782
KLAC,2026-09-02,11:19,170.815,170.83,170.71,170.7551,5375
KLAC,2026-09-02,11:20,170.745,170.88,170.73,170.81,20086
KLAC,2026-09-02,11:21,170.815,170.91,170.665,170.67,12055
KLAC,2026-09-02,11:22,170.675,170.81,170.67,170.79,5223
KLAC,2026-09-02,11:23,170.74,170.745,170.55,170.575,6115
KLAC,2026-09-02,11:24,170.57,170.64,170.56,170.56,5129
KLAC,2026-09-02,11:25,170.555,170.82,170.55,170.76,5272
KLAC,2026-09-02,11:26,170.78,170.86,170.71,170.83,6385
KLAC,2026-09-02,11:27,170.82,170.8799,170.725,170.83,5472
KLAC,2026-09-02,11:28,170.81,170.97,170.81,170.93,8124
KLAC,2026-09-02,11:29,170.94,171.069,170.94,171.03,12271
KLAC,2026-09-02,11:30,171.04,171.07,170.89,170.92,16388
KLAC,2026-09-02,11:31,170.9453,171.03,170.91,170.98,9103
KLAC,2026-09-02,11:32,170.98,171.06,170.85,170.95,7458
KLAC,2026-09-02,11:33,170.93,171.07,170.89,171.03,6919
KLAC,2026-09-02,11:34,171.02,171.0896,170.91,171.01,7244
KLAC,2026-09-02,11:35,170.975,171.07,170.88,170.93,10449
KLAC,2026-09-02,11:36,170.93,171.16,170.92,171.15,8636
KLAC,2026-09-02,11:37,171.15,171.15,171.01,171.05,8065
KLAC,2026-09-02,11:38,171.05,171.125,171.01,171.06,10332
KLAC,2026-09-02,11:39,171.05,171.085,170.83,171.005,9694
KLAC,2026-09-02,11:40,170.99,171.175,170.99,171.15,5521
KLAC,2026-09-02,11:41,171.15,171.235,171.065,171.135,5579
KLAC,2026-09-02,11:42,171.135,171.18,171.05,171.15,4157
KLAC,2026-09-02,11:43,171.13,171.31,171.07,171.285,5259
KLAC,2026-09-02,11:44,171.31,171.55,171.3,171.51,10971
KLAC,2026-09-02,11:45,171.5,171.5,171.25,171.25,5645
KLAC,2026-09-02,11:46,171.25,171.435,171.21,171.39,6465
KLAC,2026-09-02,11:47,171.41,171.465,171.35,171.46,10257
KLAC,2026-09-02,11:48,171.43,171.4999,171.27,171.35,9153
KLAC,2026-09-02,11:49,171.35,171.4,171.18,171.23,9103
KLAC,2026-09-02,11:50,171.24,171.28,171,171.03,12685
KLAC,2026-09-02,11:51,171.05,171.23,170.99,171.225,12917
KLAC,2026-09-02,11:52,171.215,171.35,171.1775,171.32,8991
KLAC,2026-09-02,11:53,171.29,171.29,170.98,171.0589,4945
KLAC,2026-09-02,11:54,171.04,171.06,170.945,171.05,4035
KLAC,2026-09-02,11:55,171.05,171.14,170.91,170.97,4595
KLAC,2026-09-02,11:56,171.01,171.015,170.87,170.89,4628
KLAC,2026-09-02,11:57,170.9,170.97,170.86,170.94,6438
KLAC,2026-09-02,11:58,170.93,171.235,170.93,171.235,5837
KLAC,2026-09-02,11:59,171.26,171.41,171.25,171.36,9283
KLAC,2026-09-02,12:00,171.36,171.4,171.22,171.26,8395
KLAC,2026-09-02,12:01,171.285,171.41,171.26,171.41,19577
KLAC,2026-09-02,12:02,171.37,171.45,171.29,171.34,12993
KLAC,2026-09-02,12:03,171.34,171.46,171.32,171.46,11107
KLAC,2026-09-02,12:04,171.46,171.6,171.42,171.55,19777
KLAC,2026-09-02,12:05,171.56,171.685,171.56,171.685,12895
KLAC,2026-09-02,12:06,171.69,172.11,171.68,172.11,38700
KLAC,2026-09-02,12:07,172.1,172.13,172.015,172.015,12126
KLAC,2026-09-02,12:08,172.015,172.03,171.85,171.98,22248
KLAC,2026-09-02,12:09,172,172.0586,171.88,171.93,7731
KLAC,2026-09-02,12:10,171.92,172.08,171.86,172.07,7932
KLAC,2026-09-02,12:11,172.065,172.065,171.96,172.025,14347
KLAC,2026-09-02,12:12,172.01,172.15,171.86,171.95,23135
KLAC,2026-09-02,12:13,171.96,172.02,171.87,171.89,12779
KLAC,2026-09-02,12:14,171.895,172.08,171.88,172.08,4136
KLAC,2026-09-02,12:15,172.0999,172.0999,171.96,171.96,5934
KLAC,2026-09-02,12:16,171.98,172.0799,171.8,171.82,7520
KLAC,2026-09-02,12:17,171.835,171.835,171.49,171.49,4042
KLAC,2026-09-02,12:18,171.485,171.58,171.405,171.56,5737
KLAC,2026-09-02,12:19,171.515,171.71,171.5132,171.63,5139
KLAC,2026-09-02,12:20,171.63,171.6883,171.62,171.64,5196
KLAC,2026-09-02,12:21,171.66,171.68,171.55,171.6,14806
KLAC,2026-09-02,12:22,171.6,171.61,171.53,171.56,4381
KLAC,2026-09-02,12:23,171.57,171.695,171.53,171.66,5337
KLAC,2026-09-02,12:24,171.66,171.87,171.64,171.82,5688
KLAC,2026-09-02,12:25,171.83,171.89,171.79,171.79,4893
KLAC,2026-09-02,12:26,171.79,171.86,171.59,171.595,5891
KLAC,2026-09-02,12:27,171.6,171.66,171.525,171.57,7393
KLAC,2026-09-02,12:28,171.58,171.81,171.58,171.8,7986
KLAC,2026-09-02,12:29,171.805,171.805,171.57,171.6,3320
KLAC,2026-09-02,12:30,171.58,171.58,171.44,171.44,5845
KLAC,2026-09-02,12:31,171.43,171.67,171.42,171.65,11856
KLAC,2026-09-02,12:32,171.67,171.74,171.62,171.69,5205
KLAC,2026-09-02,12:33,171.71,171.77,171.61,171.61,6293
KLAC,2026-09-02,12:34,171.59,171.71,171.5801,171.6,10148
KLAC,2026-09-02,12:35,171.61,171.7399,171.56,171.59,14693
KLAC,2026-09-02,12:36,171.595,171.66,171.54,171.56,5954
KLAC,2026-09-02,12:37,171.62,171.675,171.49,171.675,5242
KLAC,2026-09-02,12:38,171.65,171.7,171.525,171.525,4755
KLAC,2026-09-02,12:39,171.515,171.56,171.36,171.365,9914
KLAC,2026-09-02,12:40,171.38,171.4,171.22,171.3,39723
KLAC,2026-09-02,12:41,171.3,171.3142,171.12,171.19,4098
KLAC,2026-09-02,12:42,171.21,171.21,171.1,171.12,4015
KLAC,2026-09-02,12:43,171.14,171.17,171.08,171.16,4486
KLAC,2026-09-02,12:44,171.13,171.19,171.03,171.15,7144
KLAC,2026-09-02,12:45,171.14,171.2,171.1,171.13,6843
KLAC,2026-09-02,12:46,171.15,171.2,171.09,171.11,5947
KLAC,2026-09-02,12:47,171.11,171.11,170.96,170.96,6323
KLAC,2026-09-02,12:48,170.95,171.06,170.91,170.927,11882
KLAC,2026-09-02,12:49,170.95,171.02,170.93,170.97,11033
KLAC,2026-09-02,12:50,170.98,171.015,170.855,170.89,4082
KLAC,2026-09-02,12:51,170.88,171.08,170.84,171.08,9783
KLAC,2026-09-02,12:52,171.065,171.0699,170.89,170.89,10073
KLAC,2026-09-02,12:53,170.89,171.11,170.89,171.1,15963
KLAC,2026-09-02,12:54,171.09,171.23,171.065,171.14,31715
KLAC,2026-09-02,12:55,171.15,171.17,171.035,171.04,5604
KLAC,2026-09-02,12:56,171.04,171.22,171.01,171.2,7607
KLAC,2026-09-02,12:57,171.21,171.23,171.1,171.12,6318
KLAC,2026-09-02,12:58,171.11,171.21,171.11,171.18,6442
KLAC,2026-09-02,12:59,171.19,171.28,171.18,171.265,6342
KLAC,2026-09-02,13:00,171.27,171.53,171.24,171.49,19700
KLAC,2026-09-02,13:01,171.52,171.81,171.51,171.765,7108
KLAC,2026-09-02,13:02,171.78,171.91,171.73,171.905,5752
KLAC,2026-09-02,13:03,171.89,171.93,171.79,171.86,4863
KLAC,2026-09-02,13:04,171.85,171.91,171.75,171.87,12131
KLAC,2026-09-02,13:05,171.85,172,171.79,171.88,15203
KLAC,2026-09-02,13:06,171.86,171.91,171.76,171.91,6045
KLAC,2026-09-02,13:07,171.92,171.92,171.44,171.53,28488
KLAC,2026-09-02,13:08,171.54,171.66,171.305,171.34,21098
KLAC,2026-09-02,13:09,171.39,171.685,171.36,171.59,15096
KLAC,2026-09-02,13:10,171.62,171.68,171.571,171.66,6577
KLAC,2026-09-02,13:11,171.65,171.76,171.61,171.72,4424
KLAC,2026-09-02,13:12,171.73,171.76,171.63,171.71,4348
KLAC,2026-09-02,13:13,171.7,171.725,171.64,171.71,4770
KLAC,2026-09-02,13:14,171.73,171.75,171.595,171.6,4981
KLAC,2026-09-02,13:15,171.61,171.61,171.48,171.53,6401
KLAC,2026-09-02,13:16,171.51,171.53,171.41,171.51,8083
KLAC,2026-09-02,13:17,171.5,171.52,171.3,171.35,7121
KLAC,2026-09-02,13:18,171.36,171.425,171.34,171.34,3596
KLAC,2026-09-02,13:19,171.36,171.445,171.32,171.36,6333
KLAC,2026-09-02,13:20,171.38,171.49,171.36,171.46,16349
KLAC,2026-09-02,13:21,171.435,171.67,171.36,171.66,5901
KLAC,2026-09-02,13:22,171.66,171.73,171.575,171.69,17501
KLAC,2026-09-02,13:23,171.685,171.82,171.64,171.78,5686
KLAC,2026-09-02,13:24,171.78,171.795,171.64,171.64,15833
KLAC,2026-09-02,13:25,171.64,171.66,171.56,171.62,19854
KLAC,2026-09-02,13:26,171.625,171.79,171.6,171.76,7148
KLAC,2026-09-02,13:27,171.75,171.7799,171.7,171.73,4949
KLAC,2026-09-02,13:28,171.72,171.945,171.72,171.915,6321
KLAC,2026-09-02,13:29,171.92,171.97,171.79,171.86,9508
KLAC,2026-09-02,13:30,171.875,171.97,171.79,171.81,13321
KLAC,2026-09-02,13:31,171.81,171.89,171.77,171.875,8400
KLAC,2026-09-02,13:32,171.875,171.91,171.73,171.755,5665
KLAC,2026-09-02,13:33,171.74,171.74,171.59,171.645,7432
KLAC,2026-09-02,13:34,171.64,171.775,171.63,171.65,9954
KLAC,2026-09-02,13:35,171.69,171.905,171.68,171.83,3967
KLAC,2026-09-02,13:36,171.83,171.87,171.76,171.83,14243
KLAC,2026-09-02,13:37,171.84,171.94,171.83,171.87,6531
KLAC,2026-09-02,13:38,171.86,171.895,171.79,171.89,3866
KLAC,2026-09-02,13:39,171.89,171.95,171.81,171.8742,5107
KLAC,2026-09-02,13:40,171.86,171.935,171.84,171.86,8141
KLAC,2026-09-02,13:41,171.865,171.89,171.805,171.855,4008
KLAC,2026-09-02,13:42,171.855,172.04,171.83,171.92,11299
KLAC,2026-09-02,13:43,171.91,172.04,171.88,171.96,6587
KLAC,2026-09-02,13:44,171.97,172.03,171.9,172.025,8579
KLAC,2026-09-02,13:45,172.03,172.2,172.03,172.12,11680
KLAC,2026-09-02,13:46,172.13,172.2,172.07,172.14,18016
KLAC,2026-09-02,13:47,172.14,172.145,172.02,172.075,9000
KLAC,2026-09-02,13:48,172.08,172.11,172,172.01,7001
KLAC,2026-09-02,13:49,172.03,172.13,171.975,172.02,6224
KLAC,2026-09-02,13:50,172.03,172.08,171.95,171.99,5591
KLAC,2026-09-02,13:51,171.98,172.0298,171.87,171.88,4365
KLAC,2026-09-02,13:52,171.88,171.925,171.83,171.845,6698
KLAC,2026-09-02,13:53,171.845,171.92,171.77,171.92,16334
KLAC,2026-09-02,13:54,171.91,172.045,171.91,172.01,7271
KLAC,2026-09-02,13:55,172,172.08,171.915,171.99,12102
KLAC,2026-09-02,13:56,171.98,171.98,171.745,171.745,6895
KLAC,2026-09-02,13:57,171.75,171.84,171.75,171.817,7387
KLAC,2026-09-02,13:58,171.82,171.85,171.73,171.85,5140
KLAC,2026-09-02,13:59,171.84,171.96,171.83,171.92,5533
KLAC,2026-09-02,14:00,171.93,172.09,171.84,171.87,14162
KLAC,2026-09-02,14:01,171.8801,171.8906,171.745,171.79,7623
KLAC,2026-09-02,14:02,171.795,171.89,171.77,171.8,5578
KLAC,2026-09-02,14:03,171.82,171.96,171.8,171.9,5459
KLAC,2026-09-02,14:04,171.89,171.93,171.85,171.93,3676
KLAC,2026-09-02,14:05,171.92,172.08,171.88,172.04,4656
KLAC,2026-09-02,14:06,172.055,172.06,171.9,171.95,5550
KLAC,2026-09-02,14:07,171.95,171.955,171.715,171.75,6909
KLAC,2026-09-02,14:08,171.755,171.78,171.68,171.72,5216
KLAC,2026-09-02,14:09,171.74,171.81,171.67,171.79,5816
KLAC,2026-09-02,14:10,171.79,171.82,171.75,171.75,4274
KLAC,2026-09-02,14:11,171.74,171.79,171.71,171.73,5343
KLAC,2026-09-02,14:12,171.72,171.735,171.6507,171.69,6517
KLAC,2026-09-02,14:13,171.68,171.84,171.68,171.78,5213
KLAC,2026-09-02,14:14,171.76,171.77,171.71,171.76,5104
KLAC,2026-09-02,14:15,171.78,171.91,171.755,171.79,6554
KLAC,2026-09-02,14:16,171.81,171.81,171.635,171.66,6684
KLAC,2026-09-02,14:17,171.65,171.66,171.58,171.61,6654
KLAC,2026-09-02,14:18,171.63,172.03,171.5601,171.77,26471
KLAC,2026-09-02,14:19,171.79,171.87,171.75,171.8251,12915
KLAC,2026-09-02,14:20,171.81,171.87,171.755,171.8,10792
KLAC,2026-09-02,14:21,171.81,171.85,171.665,171.72,9224
KLAC,2026-09-02,14:22,171.71,171.739,171.64,171.685,7691
KLAC,2026-09-02,14:23,171.69,171.7799,171.67,171.75,7791
KLAC,2026-09-02,14:24,171.75,171.805,171.73,171.805,5647
KLAC,2026-09-02,14:25,171.81,171.88,171.77,171.875,14846
KLAC,2026-09-02,14:26,171.86,171.94,171.76,171.8,9010
KLAC,2026-09-02,14:27,171.819,171.825,171.7,171.75,5798
KLAC,2026-09-02,14:28,171.76,171.89,171.76,171.78,4352
KLAC,2026-09-02,14:29,171.8,171.81,171.73,171.779,4949
KLAC,2026-09-02,14:30,171.77,171.89,171.71,171.8633,11503
KLAC,2026-09-02,14:31,171.87,171.889,171.81,171.8213,5966
KLAC,2026-09-02,14:32,171.84,171.94,171.75,171.815,31972
KLAC,2026-09-02,14:33,171.815,172.05,171.81,172.035,5250
KLAC,2026-09-02,14:34,172.05,172.14,171.99,172.01,4366
KLAC,2026-09-02,14:35,172.01,172.029,171.93,171.93,5403
KLAC,2026-09-02,14:36,171.93,171.97,171.91,171.97,5856
KLAC,2026-09-02,14:37,171.96,171.999,171.8501,171.86,9545
KLAC,2026-09-02,14:38,171.86,171.9299,171.85,171.9,5614
KLAC,2026-09-02,14:39,171.92,172.06,171.92,172.02,6693
KLAC,2026-09-02,14:40,172.03,172.069,171.95,171.99,6135
KLAC,2026-09-02,14:41,171.98,172.01,171.945,171.97,4417
KLAC,2026-09-02,14:42,171.98,172,171.91,171.93,4963
KLAC,2026-09-02,14:43,171.94,171.98,171.93,171.969,4255
KLAC,2026-09-02,14:44,171.96,172.06,171.96,172.05,5868
KLAC,2026-09-02,14:45,172.04,172.08,171.99,172.02,8405
KLAC,2026-09-02,14:46,172.01,172.01,171.89,171.89,6948
KLAC,2026-09-02,14:47,171.885,171.96,171.88,171.96,3820
KLAC,2026-09-02,14:48,171.97,172.055,171.955,172.0401,7410
KLAC,2026-09-02,14:49,172.06,172.1,172.03,172.05,8986
KLAC,2026-09-02,14:50,172.04,172.07,171.96,171.99,4918
KLAC,2026-09-02,14:51,171.98,171.9901,171.93,171.96,4896
KLAC,2026-09-02,14:52,171.94,171.97,171.9,171.92,4016
KLAC,2026-09-02,14:53,171.935,172.07,171.935,172.05,8099
KLAC,2026-09-02,14:54,172.05,172.07,172.02,172.06,5379
KLAC,2026-09-02,14:55,172.07,172.18,172.06,172.17,7597
KLAC,2026-09-02,14:56,172.18,172.23,172.15,172.205,8462
KLAC,2026-09-02,14:57,172.205,172.249,172.14,172.14,6927
KLAC,2026-09-02,14:58,172.13,172.17,172.085,172.16,7795
KLAC,2026-09-02,14:59,172.16,172.18,172.09,172.1,5572
KLAC,2026-09-02,15:00,172.105,172.14,171.95,172.01,19096
KLAC,2026-09-02,15:01,172.03,172.105,171.855,171.91,11693
KLAC,2026-09-02,15:02,171.9,172.08,171.895,171.95,10273
KLAC,2026-09-02,15:03,171.96,172.07,171.935,171.96,8637
KLAC,2026-09-02,15:04,171.95,172.04,171.94,172.039,5443
KLAC,2026-09-02,15:05,172.035,172.25,172.0301,172.25,12030
KLAC,2026-09-02,15:06,172.25,172.26,172.17,172.26,5186
KLAC,2026-09-02,15:07,172.26,172.26,172.08,172.08,6243
KLAC,2026-09-02,15:08,172.09,172.19,172.09,172.165,6903
KLAC,2026-09-02,15:09,172.16,172.21,172.13,172.13,9940
KLAC,2026-09-02,15:10,172.12,172.17,172.11,172.14,6091
KLAC,2026-09-02,15:11,172.14,172.15,172.06,172.09,8118
KLAC,2026-09-02,15:12,172.1,172.2197,172.0867,172.189,7116
KLAC,2026-09-02,15:13,172.2,172.215,172.12,172.18,5807
KLAC,2026-09-02,15:14,172.16,172.22,172.14,172.16,5652
KLAC,2026-09-02,15:15,172.15,172.2125,172.08,172.12,9385
KLAC,2026-09-02,15:16,172.11,172.13,171.9,171.93,8878
KLAC,2026-09-02,15:17,171.95,171.99,171.84,171.89,5920
KLAC,2026-09-02,15:18,171.9,171.97,171.9,171.94,6117
KLAC,2026-09-02,15:19,171.95,171.99,171.875,171.975,8458
KLAC,2026-09-02,15:20,171.975,171.975,171.8,171.945,11801
KLAC,2026-09-02,15:21,171.96,172.035,171.9304,172.02,6435
KLAC,2026-09-02,15:22,172.03,172.1,172.03,172.05,8141
KLAC,2026-09-02,15:23,172.0544,172.08,172.03,172.07,7921
KLAC,2026-09-02,15:24,172.06,172.06,171.93,171.99,6626
KLAC,2026-09-02,15:25,172,172.06,171.855,171.87,6971
KLAC,2026-09-02,15:26,171.87,171.95,171.845,171.94,6632
KLAC,2026-09-02,15:27,171.935,171.965,171.83,171.935,10953
KLAC,2026-09-02,15:28,171.92,172.12,171.92,172.065,13994
KLAC,2026-09-02,15:29,172.07,172.25,172.06,172.25,10967
KLAC,2026-09-02,15:30,172.25,172.37,172.25,172.33,14903
KLAC,2026-09-02,15:31,172.33,172.42,172.3,172.38,15844
KLAC,2026-09-02,15:32,172.37,172.38,172.205,172.25,13693
KLAC,2026-09-02,15:33,172.24,172.27,172.18,172.191,8457
KLAC,2026-09-02,15:34,172.21,172.27,172.18,172.235,10492
KLAC,2026-09-02,15:35,172.24,172.29,172.13,172.15,12555
KLAC,2026-09-02,15:36,172.15,172.35,172.15,172.32,9774
KLAC,2026-09-02,15:37,172.32,172.39,172.31,172.325,12969
KLAC,2026-09-02,15:38,172.32,172.365,172.285,172.33,9331
KLAC,2026-09-02,15:39,172.34,172.355,172.205,172.225,13131
KLAC,2026-09-02,15:40,172.23,172.24,172.15,172.195,9872
KLAC,2026-09-02,15:41,172.19,172.205,172.08,172.19,9620
KLAC,2026-09-02,15:42,172.19,172.24,172.14,172.15,18651
KLAC,2026-09-02,15:43,172.16,172.269,172.135,172.26,10481
KLAC,2026-09-02,15:44,172.25,172.27,172.17,172.1999,12594
KLAC,2026-09-02,15:45,172.18,172.28,172.165,172.2,12044
KLAC,2026-09-02,15:46,172.19,172.24,172.17,172.19,9525
KLAC,2026-09-02,15:47,172.19,172.24,172.1,172.155,14363
KLAC,2026-09-02,15:48,172.17,172.27,172.15,172.21,20087
KLAC,2026-09-02,15:49,172.21,172.24,172.08,172.135,17581
KLAC,2026-09-02,15:50,172.13,172.36,172.01,172.15,31142
KLAC,2026-09-02,15:51,172.15,172.29,172.15,172.26,21883
KLAC,2026-09-02,15:52,172.26,172.29,172.17,172.19,25923
KLAC,2026-09-02,15:53,172.19,172.24,172.075,172.15,28122
KLAC,2026-09-02,15:54,172.15,172.27,172.07,172.1,44614
KLAC,2026-09-02,15:55,172.105,172.12,171.83,172.09,51439
KLAC,2026-09-02,15:56,172.095,172.195,172.06,172.1,49131
KLAC,2026-09-02,15:57,172.115,172.26,172.07,172.2,55924
KLAC,2026-09-02,15:58,172.2099,172.265,172.16,172.189,101461
KLAC,2026-09-02,15:59,172.19,172.36,172.16,172.28,201966
KLAC,2026-09-03,09:30,169.185,169.48,168.8,169.185,154102
KLAC,2026-09-03,09:31,169.215,169.3664,168.1,168.21,23968
KLAC,2026-09-03,09:32,168.11,168.2899,167.24,167.3,25197
KLAC,2026-09-03,09:33,167.3,167.51,167.05,167.32,35241
KLAC,2026-09-03,09:34,167.32,168.63,167.275,168.17,46520
KLAC,2026-09-03,09:35,168.17,168.75,167.82,168.245,25877
KLAC,2026-09-03,09:36,168.33,168.47,167.5,167.62,33156
KLAC,2026-09-03,09:37,167.615,167.68,167.25,167.39,34880
KLAC,2026-09-03,09:38,167.365,168.18,167.365,168.095,21986
KLAC,2026-09-03,09:39,168.095,168.8,167.87,168.69,30162
KLAC,2026-09-03,09:40,168.8,169.2,168.43,169.035,21408
KLAC,2026-09-03,09:41,169,169.535,169,169.535,23277
KLAC,2026-09-03,09:42,169.575,169.705,169.19,169.32,15782
KLAC,2026-09-03,09:43,169.305,169.46,168.595,168.675,14492
KLAC,2026-09-03,09:44,168.59,169,168.59,168.89,13315
KLAC,2026-09-03,09:45,168.87,169.27,168.76,168.86,22191
KLAC,2026-09-03,09:46,168.86,169.36,168.86,169.27,9928
KLAC,2026-09-03,09:47,169.235,169.61,169.21,169.5151,16615
KLAC,2026-09-03,09:48,169.43,169.85,169.43,169.773,8145
KLAC,2026-09-03,09:49,169.765,170.02,169.67,169.81,13148
KLAC,2026-09-03,09:50,169.84,169.89,169.51,169.62,15632
KLAC,2026-09-03,09:51,169.67,169.67,169.26,169.5,16325
KLAC,2026-09-03,09:52,169.505,169.505,169.22,169.25,9705
KLAC,2026-09-03,09:53,169.245,169.28,168.99,169.205,11218
KLAC,2026-09-03,09:54,169.2,169.36,168.99,169.31,8879
KLAC,2026-09-03,09:55,169.28,169.325,169.07,169.14,11821
KLAC,2026-09-03,09:56,169.14,169.22,169.02,169.07,19865
KLAC,2026-09-03,09:57,169.06,169.27,168.95,168.97,7890
KLAC,2026-09-03,09:58,168.99,169.18,168.88,169.1254,6225
KLAC,2026-09-03,09:59,169.17,169.26,168.84,168.91,6608
KLAC,2026-09-03,10:00,168.91,168.91,168.33,168.355,19327
KLAC,2026-09-03,10:01,168.33,168.33,167.7,167.7,17037
KLAC,2026-09-03,10:02,167.67,168.14,167.5125,168.14,30697
KLAC,2026-09-03,10:03,168.13,168.26,167.91,168.26,35056
KLAC,2026-09-03,10:04,168.27,168.47,167.97,168.43,20079
KLAC,2026-09-03,10:05,168.44,168.68,168.35,168.64,15537
KLAC,2026-09-03,10:06,168.62,168.63,168.1,168.3,26391
KLAC,2026-09-03,10:07,168.3,168.385,167.725,167.725,35898
KLAC,2026-09-03,10:08,167.8599,167.92,167.41,167.83,50466
KLAC,2026-09-03,10:09,167.845,168.08,167.68,168.05,12260
KLAC,2026-09-03,10:10,168.05,168.38,167.98,168.37,21857
KLAC,2026-09-03,10:11,168.36,168.43,167.92,168.165,16180
KLAC,2026-09-03,10:12,168.11,168.24,167.97,168.17,16945
KLAC,2026-09-03,10:13,168.155,168.32,168,168.145,9786
KLAC,2026-09-03,10:14,168.145,168.21,167.995,168.01,17710
KLAC,2026-09-03,10:15,168.04,168.679,167.98,168.47,22696
KLAC,2026-09-03,10:16,168.47,168.51,168.31,168.434,11153
KLAC,2026-09-03,10:17,168.425,168.829,168.425,168.78,12286
KLAC,2026-09-03,10:18,168.76,168.95,168.71,168.945,12281
KLAC,2026-09-03,10:19,168.945,169.52,168.945,169.3899,17178
KLAC,2026-09-03,10:20,169.39,169.7,169.37,169.53,18072
KLAC,2026-09-03,10:21,169.53,169.55,169.01,169.33,26019
KLAC,2026-09-03,10:22,169.33,169.46,169.221,169.41,15381
KLAC,2026-09-03,10:23,169.41,169.59,169.1,169.19,35068
KLAC,2026-09-03,10:24,169.185,169.3,169.05,169.22,9717
KLAC,2026-09-03,10:25,169.2,169.38,169.03,169.33,9897
KLAC,2026-09-03,10:26,169.325,169.67,169.18,169.345,67090
KLAC,2026-09-03,10:27,169.345,169.52,169.3176,169.44,10478
KLAC,2026-09-03,10:28,169.4504,169.4504,169.12,169.31,6950
KLAC,2026-09-03,10:29,169.34,169.4,169.23,169.3395,6715
KLAC,2026-09-03,10:30,169.315,169.42,169.115,169.2,10875
KLAC,2026-09-03,10:31,169.21,169.23,168.65,168.72,8759
KLAC,2026-09-03,10:32,168.72,168.72,168.46,168.58,7572
KLAC,2026-09-03,10:33,168.575,168.92,168.52,168.795,6718
KLAC,2026-09-03,10:34,168.82,169.02,168.64,168.65,9422
KLAC,2026-09-03,10:35,168.72,168.965,168.6501,168.935,15543
KLAC,2026-09-03,10:36,168.945,168.99,168.759,168.79,6772
KLAC,2026-09-03,10:37,168.765,168.95,168.7,168.86,6092
KLAC,2026-09-03,10:38,168.845,168.91,168.7,168.845,5463
KLAC,2026-09-03,10:39,168.87,169,168.8,168.955,7529
KLAC,2026-09-03,10:40,168.92,169.07,168.78,168.83,6052
KLAC,2026-09-03,10:41,168.82,169.08,168.77,168.95,9783
KLAC,2026-09-03,10:42,168.935,169.06,168.85,168.885,19139
KLAC,2026-09-03,10:43,168.9,169,168.82,168.955,10273
KLAC,2026-09-03,10:44,168.94,168.99,168.5663,168.63,8552
KLAC,2026-09-03,10:45,168.61,168.96,168.59,168.955,8627
KLAC,2026-09-03,10:46,168.93,169.165,168.89,168.985,7492
KLAC,2026-09-03,10:47,168.975,169.22,168.95,169.18,6021
KLAC,2026-09-03,10:48,169.18,169.275,169.125,169.25,6707
KLAC,2026-09-03,10:49,169.23,169.28,169.11,169.19,4271
KLAC,2026-09-03,10:50,169.185,169.32,169.08,169.31,4196
KLAC,2026-09-03,10:51,169.31,169.45,169.2101,169.45,10502
KLAC,2026-09-03,10:52,169.445,169.59,169.4,169.54,9189
KLAC,2026-09-03,10:53,169.56,169.945,169.56,169.944,27869
KLAC,2026-09-03,10:54,169.93,170.0326,169.85,169.95,12523
KLAC,2026-09-03,10:55,169.92,170.03,169.7001,169.705,16838
KLAC,2026-09-03,10:56,169.73,169.86,169.16,169.56,36916
KLAC,2026-09-03,10:57,169.575,169.94,169.54,169.8,23434
KLAC,2026-09-03,10:58,169.835,170.06,169.79,170.03,22879
KLAC,2026-09-03,10:59,170.03,170.81,170.03,170.645,38946
KLAC,2026-09-03,11:00,170.67,170.87,170.58,170.75,25302
KLAC,2026-09-03,11:01,170.765,170.855,170.575,170.635,15352
KLAC,2026-09-03,11:02,170.6,171.05,170.59,171.03,10422
KLAC,2026-09-03,11:03,171.05,171.27,171,171.11,7780
KLAC,2026-09-03,11:04,171.05,171.28,170.89,171.25,11615
KLAC,2026-09-03,11:05,171.28,171.33,170.995,171.015,7463
KLAC,2026-09-03,11:06,170.975,171.08,170.675,170.7,20861
KLAC,2026-09-03,11:07,170.71,171.19,170.71,171.115,23465
KLAC,2026-09-03,11:08,171.07,171.15,170.925,171.01,9110
KLAC,2026-09-03,11:09,171.06,171.1,170.93,170.9312,2701
KLAC,2026-09-03,11:10,170.97,171.14,170.93,171.13,4767
KLAC,2026-09-03,11:11,171.15,171.37,171.09,171.09,7174
KLAC,2026-09-03,11:12,171.165,171.225,170.71,170.75,6302
KLAC,2026-09-03,11:13,170.75,170.915,170.7,170.88,8552
KLAC,2026-09-03,11:14,170.94,171.18,170.87,171.15,9914
KLAC,2026-09-03,11:15,171.2,171.24,171.07,171.14,9389
KLAC,2026-09-03,11:16,171.1,171.26,170.98,171.1619,8091
KLAC,2026-09-03,11:17,171.2,171.38,171.2,171.38,7732
KLAC,2026-09-03,11:18,171.375,171.41,171.285,171.4,5476
KLAC,2026-09-03,11:19,171.43,171.47,171.29,171.35,6179
KLAC,2026-09-03,11:20,171.355,171.37,171.12,171.145,7779
KLAC,2026-09-03,11:21,171.145,171.31,171.105,171.16,5471
KLAC,2026-09-03,11:22,171.2,171.38,171.2,171.37,8011
KLAC,2026-09-03,11:23,171.38,171.47,171.36,171.45,7208
KLAC,2026-09-03,11:24,171.4413,171.555,171.4413,171.48,7473
KLAC,2026-09-03,11:25,171.48,171.67,171.48,171.67,8254
KLAC,2026-09-03,11:26,171.7,171.93,171.69,171.93,15022
KLAC,2026-09-03,11:27,171.93,172.18,171.88,172.15,12234
KLAC,2026-09-03,11:28,172.15,172.27,171.96,172.24,26700
KLAC,2026-09-03,11:29,172.24,172.59,172.23,172.54,8735
KLAC,2026-09-03,11:30,172.55,172.55,172.16,172.215,12858
KLAC,2026-09-03,11:31,172.21,172.39,172,172.39,7755
KLAC,2026-09-03,11:32,172.3618,172.3618,172.04,172.05,9161
KLAC,2026-09-03,11:33,172.04,172.09,171.75,171.83,5062
KLAC,2026-09-03,11:34,171.81,171.95,171.78,171.94,4941
KLAC,2026-09-03,11:35,171.94,172.01,171.88,171.9,6992
KLAC,2026-09-03,11:36,171.88,171.88,171.64,171.76,8373
KLAC,2026-09-03,11:37,171.755,171.81,171.65,171.69,9989
KLAC,2026-09-03,11:38,171.66,171.75,171.51,171.53,6558
KLAC,2026-09-03,11:39,171.535,171.73,171.435,171.695,6896
KLAC,2026-09-03,11:40,171.705,171.75,171.565,171.59,7637
KLAC,2026-09-03,11:41,171.59,171.78,171.59,171.715,7479
KLAC,2026-09-03,11:42,171.715,171.8,171.705,171.755,3317
KLAC,2026-09-03,11:43,171.755,171.78,171.7,171.77,6167
KLAC,2026-09-03,11:44,171.75,171.79,171.73,171.765,2941
KLAC,2026-09-03,11:45,171.795,171.83,171.73,171.73,4071
KLAC,2026-09-03,11:46,171.78,171.78,171.57,171.63,6952
KLAC,2026-09-03,11:47,171.6301,171.6301,171.47,171.5,8287
KLAC,2026-09-03,11:48,171.54,171.6,171.37,171.535,6175
KLAC,2026-09-03,11:49,171.55,171.6,171.495,171.55,6885
KLAC,2026-09-03,11:50,171.57,171.72,171.57,171.72,5475
KLAC,2026-09-03,11:51,171.7,171.75,171.6,171.68,11403
KLAC,2026-09-03,11:52,171.6799,171.9899,171.6799,171.93,25711
KLAC,2026-09-03,11:53,171.91,171.935,171.6482,171.662,4503
KLAC,2026-09-03,11:54,171.66,171.7,171.58,171.695,5765
KLAC,2026-09-03,11:55,171.7,171.765,171.59,171.74,8761
KLAC,2026-09-03,11:56,171.72,171.72,171.52,171.52,8095
KLAC,2026-09-03,11:57,171.5,171.53,171.385,171.39,6849
KLAC,2026-09-03,11:58,171.38,171.43,171.22,171.3,12922
KLAC,2026-09-03,11:59,171.305,171.48,171.2606,171.45,11173
KLAC,2026-09-03,12:00,171.4742,171.4742,171.185,171.185,9913
KLAC,2026-09-03,12:01,171.19,171.21,171.06,171.075,6201
KLAC,2026-09-03,12:02,171.06,171.15,170.875,171.06,10124
KLAC,2026-09-03,12:03,171.035,171.05,170.75,170.95,25949
KLAC,2026-09-03,12:04,170.97,170.97,170.7,170.73,5551
KLAC,2026-09-03,12:05,170.75,170.78,170.63,170.73,7737
KLAC,2026-09-03,12:06,170.7,170.79,170.54,170.725,9856
KLAC,2026-09-03,12:07,170.71,170.83,170.71,170.74,5924
KLAC,2026-09-03,12:08,170.745,170.83,170.69,170.78,8520
KLAC,2026-09-03,12:09,170.82,170.98,170.8,170.91,4390
KLAC,2026-09-03,12:10,170.9299,171.1,170.8901,171.1,6318
KLAC,2026-09-03,12:11,171.1,171.12,171.005,171.07,8049
KLAC,2026-09-03,12:12,171.08,171.28,171.08,171.21,8343
KLAC,2026-09-03,12:13,171.2,171.285,171.04,171.065,7365
KLAC,2026-09-03,12:14,171.065,171.18,171.065,171.1,6849
KLAC,2026-09-03,12:15,171.12,171.15,171.02,171.09,5289
KLAC,2026-09-03,12:16,171.08,171.149,171.04,171.14,5397
KLAC,2026-09-03,12:17,171.15,171.325,171.1202,171.325,8685
KLAC,2026-09-03,12:18,171.31,171.4,171.3,171.36,5475
KLAC,2026-09-03,12:19,171.37,171.725,171.36,171.7,8722
KLAC,2026-09-03,12:20,171.68,171.785,171.54,171.72,5772
KLAC,2026-09-03,12:21,171.73,171.73,171.56,171.7,6532
KLAC,2026-09-03,12:22,171.7,171.7,171.49,171.55,5608
KLAC,2026-09-03,12:23,171.58,171.61,171.455,171.55,5234
KLAC,2026-09-03,12:24,171.55,171.615,171.53,171.535,3807
KLAC,2026-09-03,12:25,171.5727,171.64,171.46,171.47,5176
KLAC,2026-09-03,12:26,171.48,171.75,171.48,171.6,7391
KLAC,2026-09-03,12:27,171.6,171.6,171.48,171.54,5102
KLAC,2026-09-03,12:28,171.51,171.5599,171.47,171.49,3721
KLAC,2026-09-03,12:29,171.49,171.54,171.46,171.53,2817
KLAC,2026-09-03,12:30,171.535,171.59,171.5,171.54,16472
KLAC,2026-09-03,12:31,171.56,171.63,171.52,171.63,5857
KLAC,2026-09-03,12:32,171.62,171.635,171.42,171.42,6503
KLAC,2026-09-03,12:33,171.41,171.525,171.4,171.49,3666
KLAC,2026-09-03,12:34,171.47,171.48,171.27,171.33,29120
KLAC,2026-09-03,12:35,171.295,171.41,171.26,171.305,5788
KLAC,2026-09-03,12:36,171.32,171.64,171.32,171.58,8593
KLAC,2026-09-03,12:37,171.58,171.71,171.46,171.69,24808
KLAC,2026-09-03,12:38,171.71,171.79,171.69,171.77,5157
KLAC,2026-09-03,12:39,171.79,172.01,171.79,171.985,6440
KLAC,2026-09-03,12:40,172,172.06,171.985,172.0114,4135
KLAC,2026-09-03,12:41,171.985,172.22,171.98,172.215,8346
KLAC,2026-09-03,12:42,172.23,172.25,172.15,172.17,11465
KLAC,2026-09-03,12:43,172.16,172.29,172.15,172.26,8444
KLAC,2026-09-03,12:44,172.26,172.35,172.24,172.28,10110
KLAC,2026-09-03,12:45,172.29,172.31,172.04,172.08,11116
KLAC,2026-09-03,12:46,172.08,172.115,171.94,171.97,23779
KLAC,2026-09-03,12:47,171.98,172.045,171.94,171.95,13806
KLAC,2026-09-03,12:48,171.95,172.01,171.86,171.88,17372
KLAC,2026-09-03,12:49,171.895,171.895,171.72,171.77,21601
KLAC,2026-09-03,12:50,171.8,171.9,171.79,171.84,14620
KLAC,2026-09-03,12:51,171.81,171.81,171.56,171.575,8243
KLAC,2026-09-03,12:52,171.56,171.64,171.5,171.51,19915
KLAC,2026-09-03,12:53,171.51,171.61,171.51,171.585,9510
KLAC,2026-09-03,12:54,171.58,171.58,171.48,171.525,8915
KLAC,2026-09-03,12:55,171.515,171.8,171.51,171.77,43812
KLAC,2026-09-03,12:56,171.8,171.85,171.74,171.81,9498
KLAC,2026-09-03,12:57,171.8,171.92,171.8,171.91,6686
KLAC,2026-09-03,12:58,171.91,171.98,171.78,171.78,8144
KLAC,2026-09-03,12:59,171.8,171.84,171.74,171.77,7389
KLAC,2026-09-03,13:00,171.8,171.87,171.68,171.68,6353
KLAC,2026-09-03,13:01,171.69,171.8,171.68,171.72,10977
KLAC,2026-09-03,13:02,171.67,171.68,171.46,171.51,7320
KLAC,2026-09-03,13:03,171.51,171.77,171.4844,171.75,9354
KLAC,2026-09-03,13:04,171.75,171.915,171.7,171.91,15648
KLAC,2026-09-03,13:05,171.92,171.97,171.84,171.94,10397
KLAC,2026-09-03,13:06,171.965,171.98,171.81,171.82,13002
KLAC,2026-09-03,13:07,171.84,171.85,171.8,171.83,4604
KLAC,2026-09-03,13:08,171.835,171.94,171.75,171.87,12409
KLAC,2026-09-03,13:09,171.87,171.93,171.87,171.92,5803
KLAC,2026-09-03,13:10,171.91,171.98,171.91,171.98,9044
KLAC,2026-09-03,13:11,171.97,171.98,171.87,171.94,7694
KLAC,2026-09-03,13:12,171.95,172.015,171.92,171.95,5843
KLAC,2026-09-03,13:13,171.95,172.0275,171.89,171.9,6119
KLAC,2026-09-03,13:14,171.92,171.94,171.87,171.92,4860
KLAC,2026-09-03,13:15,171.9,171.97,171.89,171.9,5803
KLAC,2026-09-03,13:16,171.915,172.05,171.91,172.05,4948
KLAC,2026-09-03,13:17,172.06,172.24,172.04,172.24,5106
KLAC,2026-09-03,13:18,172.225,172.28,172.2,172.24,6032
KLAC,2026-09-03,13:19,172.27,172.32,172.19,172.22,5090
KLAC,2026-09-03,13:20,172.21,172.2799,172.17,172.24,7950
KLAC,2026-09-03,13:21,172.24,172.305,172.21,172.23,6366
KLAC,2026-09-03,13:22,172.23,172.25,172.1601,172.235,9448
KLAC,2026-09-03,13:23,172.23,172.3,172.195,172.24,7211
KLAC,2026-09-03,13:24,172.24,172.31,172.21,172.26,5119
KLAC,2026-09-03,13:25,172.24,172.3,172.2,172.275,5723
KLAC,2026-09-03,13:26,172.265,172.38,172.23,172.3,4337
KLAC,2026-09-03,13:27,172.3,172.39,172.29,172.35,7166
KLAC,2026-09-03,13:28,172.37,172.49,172.35,172.45,6731
KLAC,2026-09-03,13:29,172.45,172.46,172.245,172.26,13311
KLAC,2026-09-03,13:30,172.28,172.41,172.265,172.33,6427
KLAC,2026-09-03,13:31,172.32,172.32,171.9696,171.9696,10607
KLAC,2026-09-03,13:32,171.99,171.995,171.875,171.97,5366
KLAC,2026-09-03,13:33,171.95,172.05,171.89,171.99,5739
KLAC,2026-09-03,13:34,172.0151,172.08,171.94,171.95,4837
KLAC,2026-09-03,13:35,171.94,172.005,171.87,172.005,6253
KLAC,2026-09-03,13:36,172.005,172.02,171.75,171.82,6040
KLAC,2026-09-03,13:37,171.79,171.8,171.61,171.635,5310
KLAC,2026-09-03,13:38,171.6,171.72,171.55,171.7,3987
KLAC,2026-09-03,13:39,171.665,171.7,171.555,171.565,7725
KLAC,2026-09-03,13:40,171.5548,171.73,171.545,171.71,5045
KLAC,2026-09-03,13:41,171.72,171.805,171.71,171.78,6793
KLAC,2026-09-03,13:42,171.75,171.77,171.71,171.75,4310
KLAC,2026-09-03,13:43,171.74,171.7599,171.65,171.7,6629
KLAC,2026-09-03,13:44,171.68,171.7,171.58,171.64,12879
KLAC,2026-09-03,13:45,171.64,171.655,171.555,171.58,8726
KLAC,2026-09-03,13:46,171.58,171.64,171.49,171.5,7626
KLAC,2026-09-03,13:47,171.505,171.52,171.39,171.4,5881
KLAC,2026-09-03,13:48,171.405,171.48,171.33,171.435,8231
KLAC,2026-09-03,13:49,171.43,171.6,171.34,171.6,11337
KLAC,2026-09-03,13:50,171.6,171.68,171.55,171.67,6521
KLAC,2026-09-03,13:51,171.6797,171.765,171.63,171.65,6749
KLAC,2026-09-03,13:52,171.65,171.72,171.595,171.71,6011
KLAC,2026-09-03,13:53,171.71,171.71,171.555,171.635,4852
KLAC,2026-09-03,13:54,171.62,171.66,171.44,171.45,9838
KLAC,2026-09-03,13:55,171.445,171.59,171.435,171.565,19690
KLAC,2026-09-03,13:56,171.58,171.64,171.47,171.49,8526
KLAC,2026-09-03,13:57,171.51,171.56,171.425,171.54,11388
KLAC,2026-09-03,13:58,171.535,171.59,171.425,171.46,6264
KLAC,2026-09-03,13:59,171.45,171.46,171.27,171.305,5101
KLAC,2026-09-03,14:00,171.309,171.39,171.23,171.34,17568
KLAC,2026-09-03,14:01,171.35,171.53,171.29,171.44,18658
KLAC,2026-09-03,14:02,171.46,171.575,171.42,171.42,24014
KLAC,2026-09-03,14:03,171.42,171.435,171.36,171.375,7980
KLAC,2026-09-03,14:04,171.36,171.36,171.285,171.3299,2348
KLAC,2026-09-03,14:05,171.33,171.34,171.3,171.31,13364
KLAC,2026-09-03,14:06,171.305,171.4,171.305,171.3808,9359
KLAC,2026-09-03,14:07,171.38,171.4,171.22,171.25,8954
KLAC,2026-09-03,14:08,171.235,171.27,171.235,171.27,659
KLAC,2026-09-03,14:09,171.27,171.27,171.27,171.27,0
KLAC,2026-09-03,14:10,171.155,171.26,171.14,171.15,38561
KLAC,2026-09-03,14:11,171.17,171.17,171.055,171.08,5492
KLAC,2026-09-03,14:12,171.03,171.06,170.99,171,18301
KLAC,2026-09-03,14:13,171,171.11,170.99,171.085,6302
KLAC,2026-09-03,14:14,171.045,171.06,170.93,171.025,8542
KLAC,2026-09-03,14:15,171.03,171.25,171.02,171.205,4873
KLAC,2026-09-03,14:16,171.2,171.22,171.07,171.12,11725
KLAC,2026-09-03,14:17,171.115,171.2299,171.07,171.19,11268
KLAC,2026-09-03,14:18,171.195,171.205,171.1,171.12,4104
KLAC,2026-09-03,14:19,171.115,171.15,170.92,171,8936
KLAC,2026-09-03,14:20,170.99,171.01,170.85,170.85,18716
KLAC,2026-09-03,14:21,170.82,171.1,170.735,171.06,94350
KLAC,2026-09-03,14:22,171.06,171.11,171.04,171.1,7731
KLAC,2026-09-03,14:23,171.085,171.16,171.085,171.09,6099
KLAC,2026-09-03,14:24,171.1,171.3,171.1,171.28,4647
KLAC,2026-09-03,14:25,171.3,171.39,171.27,171.39,3461
KLAC,2026-09-03,14:26,171.3813,171.46,171.34,171.36,5715
KLAC,2026-09-03,14:27,171.355,171.37,171.3,171.3639,6193
KLAC,2026-09-03,14:28,171.35,171.45,171.33,171.405,3488
KLAC,2026-09-03,14:29,171.42,171.505,171.355,171.47,4649
KLAC,2026-09-03,14:30,171.455,171.685,171.41,171.68,4524
KLAC,2026-09-03,14:31,171.685,171.73,171.58,171.62,5086
KLAC,2026-09-03,14:32,171.6325,171.69,171.57,171.57,6504
KLAC,2026-09-03,14:33,171.56,171.695,171.492,171.695,7129
KLAC,2026-09-03,14:34,171.69,171.76,171.63,171.75,4504
KLAC,2026-09-03,14:35,171.77,171.87,171.655,171.67,12543
KLAC,2026-09-03,14:36,171.68,171.68,171.54,171.56,13775
KLAC,2026-09-03,14:37,171.58,171.63,171.535,171.63,5932
KLAC,2026-09-03,14:38,171.63,171.77,171.58,171.74,8226
KLAC,2026-09-03,14:39,171.75,171.874,171.745,171.87,6608
KLAC,2026-09-03,14:40,171.87,171.91,171.81,171.84,7480
KLAC,2026-09-03,14:41,171.835,171.965,171.835,171.91,5673
KLAC,2026-09-03,14:42,171.91,172.05,171.9,172,10786
KLAC,2026-09-03,14:43,172.005,172.04,171.95,172.03,5497
KLAC,2026-09-03,14:44,172.03,172.07,172.01,172.065,4486
KLAC,2026-09-03,14:45,172.06,172.24,172.045,172.235,5615
KLAC,2026-09-03,14:46,172.24,172.315,172.23,172.31,6451
KLAC,2026-09-03,14:47,172.31,172.315,172.09,172.175,10909
KLAC,2026-09-03,14:48,172.12,172.15,172.055,172.11,5230
KLAC,2026-09-03,14:49,172.11,172.3,172.08,172.3,13285
KLAC,2026-09-03,14:50,172.3,172.32,172.14,172.15,10702
KLAC,2026-09-03,14:51,172.14,172.25,172.14,172.2,7914
KLAC,2026-09-03,14:52,172.2,172.2,172.035,172.1,6701
KLAC,2026-09-03,14:53,172.1,172.16,172.095,172.135,13938
KLAC,2026-09-03,14:54,172.135,172.16,172.08,172.12,6785
KLAC,2026-09-03,14:55,172.12,172.13,171.95,172.08,13767
KLAC,2026-09-03,14:56,172.09,172.11,171.98,172.02,9338
KLAC,2026-09-03,14:57,172.03,172.075,171.99,172,8777
KLAC,2026-09-03,14:58,172.01,172.04,171.91,171.93,10111
KLAC,2026-09-03,14:59,171.94,172.07,171.91,171.95,23585
KLAC,2026-09-03,15:00,171.96,172.01,171.915,171.995,10213
KLAC,2026-09-03,15:01,172.01,172.19,171.98,172.18,17645
KLAC,2026-09-03,15:02,172.185,172.19,172.12,172.16,12082
KLAC,2026-09-03,15:03,172.155,172.22,172.1,172.22,14793
KLAC,2026-09-03,15:04,172.23,172.31,172.22,172.31,13059
KLAC,2026-09-03,15:05,172.31,172.41,172.3,172.325,12460
KLAC,2026-09-03,15:06,172.34,172.36,172.21,172.24,11149
KLAC,2026-09-03,15:07,172.245,172.34,172.21,172.27,9001
KLAC,2026-09-03,15:08,172.27,172.31,172.22,172.27,8523
KLAC,2026-09-03,15:09,172.25,172.25,172.16,172.205,17317
KLAC,2026-09-03,15:10,172.2,172.27,172.18,172.21,9297
KLAC,2026-09-03,15:11,172.205,172.21,171.955,171.97,5839
KLAC,2026-09-03,15:12,171.965,172.1,171.9105,172.06,16131
KLAC,2026-09-03,15:13,172.05,172.155,172.05,172.09,24228
KLAC,2026-09-03,15:14,172.08,172.09,171.96,172.08,10606
KLAC,2026-09-03,15:15,172.07,172.13,171.9415,172.02,8534
KLAC,2026-09-03,15:16,172.0151,172.04,171.965,171.98,5350
KLAC,2026-09-03,15:17,171.9526,172.03,171.9,171.91,5968
KLAC,2026-09-03,15:18,171.9,171.92,171.78,171.87,9093
KLAC,2026-09-03,15:19,171.875,171.97,171.875,171.955,9230
KLAC,2026-09-03,15:20,171.96,172,171.88,172,10836
KLAC,2026-09-03,15:21,171.99,172.055,171.95,172.01,10959
KLAC,2026-09-03,15:22,172.01,172.05,171.96,172.01,12239
KLAC,2026-09-03,15:23,172.02,172.17,172.02,172.09,16101
KLAC,2026-09-03,15:24,172.1,172.17,172.04,172.1535,18644
KLAC,2026-09-03,15:25,172.17,172.1895,172.135,172.16,8328
KLAC,2026-09-03,15:26,172.16,172.18,172.08,172.15,9959
KLAC,2026-09-03,15:27,172.18,172.18,172.03,172.07,11255
KLAC,2026-09-03,15:28,172.07,172.14,172.06,172.075,11768
KLAC,2026-09-03,15:29,172.08,172.12,172.01,172.105,11080
KLAC,2026-09-03,15:30,172.11,172.31,172.1,172.28,20475
KLAC,2026-09-03,15:31,172.26,172.33,172.19,172.23,10852
KLAC,2026-09-03,15:32,172.22,172.22,172.02,172.025,8828
KLAC,2026-09-03,15:33,172.03,172.05,171.94,172.02,9953
KLAC,2026-09-03,15:34,172.01,172.1,171.99,172.055,11171
KLAC,2026-09-03,15:35,172.065,172.22,172.065,172.22,15582
KLAC,2026-09-03,15:36,172.22,172.3,172.19,172.21,14730
KLAC,2026-09-03,15:37,172.21,172.24,172.13,172.1399,10377
KLAC,2026-09-03,15:38,172.13,172.18,172.1001,172.13,13467
KLAC,2026-09-03,15:39,172.115,172.16,172.1,172.11,11019
KLAC,2026-09-03,15:40,172.12,172.35,172.12,172.33,17323
KLAC,2026-09-03,15:41,172.32,172.35,172.25,172.335,16344
KLAC,2026-09-03,15:42,172.35,172.405,172.24,172.33,20393
KLAC,2026-09-03,15:43,172.36,172.38,172.27,172.3,18368
KLAC,2026-09-03,15:44,172.3,172.56,172.29,172.53,21810
KLAC,2026-09-03,15:45,172.535,172.6,172.39,172.48,18093
KLAC,2026-09-03,15:46,172.48,172.53,172.43,172.45,14367
KLAC,2026-09-03,15:47,172.44,172.51,172.38,172.51,13375
KLAC,2026-09-03,15:48,172.51,172.51,172.36,172.42,12513
KLAC,2026-09-03,15:49,172.42,172.42,172.28,172.325,18427
KLAC,2026-09-03,15:50,172.34,172.46,172.22,172.36,40251
KLAC,2026-09-03,15:51,172.36,172.36,172.22,172.24,28596
KLAC,2026-09-03,15:52,172.23,172.26,172.105,172.13,30519
KLAC,2026-09-03,15:53,172.14,172.18,172.1,172.16,34337
KLAC,2026-09-03,15:54,172.16,172.77,172.07,172.535,62286
KLAC,2026-09-03,15:55,172.55,172.61,172.05,172.565,50581
KLAC,2026-09-03,15:56,172.58,173.055,172.55,173,56169
KLAC,2026-09-03,15:57,173.01,173.08,172.71,172.92,68016
KLAC,2026-09-03,15:58,172.905,173.07,172.82,172.905,108659
KLAC,2026-09-03,15:59,172.92,172.97,172.5,172.92,325803
KLAC,2026-09-03,16:00,172.94,172.94,172.94,172.94,0
KLAC,2026-09-04,09:30,177.955,177.955,176.3401,176.815,316786
KLAC,2026-09-04,09:31,176.92,177.385,175.865,177.265,55617
KLAC,2026-09-04,09:32,177.315,177.77,176.6712,177.55,40872
KLAC,2026-09-04,09:33,177.675,178.1,177.29,178.015,118968
KLAC,2026-09-04,09:34,177.9777,179.31,177.95,179.19,34647
KLAC,2026-09-04,09:35,179.26,179.53,178.985,179.435,47644
KLAC,2026-09-04,09:36,179.43,179.85,178.615,178.62,160374
KLAC,2026-09-04,09:37,178.6,179.67,178.6,179.53,48991
KLAC,2026-09-04,09:38,179.65,179.86,179.54,179.8,25603
KLAC,2026-09-04,09:39,179.795,180.09,179.68,180.09,20048
KLAC,2026-09-04,09:40,180.081,180.7,179.8,180.61,48111
KLAC,2026-09-04,09:41,180.595,180.8099,180.4365,180.61,65328
KLAC,2026-09-04,09:42,180.65,181.63,180.42,181.55,72587
KLAC,2026-09-04,09:43,181.545,181.8,181.2325,181.75,40964
KLAC,2026-09-04,09:44,181.79,181.95,181.29,181.77,67565
KLAC,2026-09-04,09:45,181.76,182.35,181.67,181.895,84316
KLAC,2026-09-04,09:46,181.885,182.45,181.76,182.295,43330
KLAC,2026-09-04,09:47,182.27,182.82,182.16,182.64,54173
KLAC,2026-09-04,09:48,182.665,182.95,182.52,182.925,35141
KLAC,2026-09-04,09:49,182.88,183.11,182.72,182.96,35741
KLAC,2026-09-04,09:50,182.96,183.475,182.65,183.475,59344
KLAC,2026-09-04,09:51,183.5,183.71,183.17,183.415,61848
KLAC,2026-09-04,09:52,183.41,183.59,183.16,183.49,56865
KLAC,2026-09-04,09:53,183.523,184.24,183.34,184.13,56022
KLAC,2026-09-04,09:54,184.13,184.395,183.97,184.39,40043
KLAC,2026-09-04,09:55,184.37,185,184.26,184.87,67681
KLAC,2026-09-04,09:56,184.88,185.34,184.82,185.265,61550
KLAC,2026-09-04,09:57,185.29,185.85,185.21,185.67,70977
KLAC,2026-09-04,09:58,185.66,185.69,185.24,185.42,88292
KLAC,2026-09-04,09:59,185.41,186.14,185.41,186.06,125292
KLAC,2026-09-04,10:00,185.99,186.28,185.73,186.055,160845
KLAC,2026-09-04,10:01,186.036,186.13,185,185.38,136679
KLAC,2026-09-04,10:02,185.37,186,185.36,185.99,58070
KLAC,2026-09-04,10:03,186,186.18,185.78,185.995,46765
KLAC,2026-09-04,10:04,185.99,186.01,185.36,185.48,39209
KLAC,2026-09-04,10:05,185.47,185.6,185.05,185.195,44990
KLAC,2026-09-04,10:06,185.21,185.65,185.14,185.59,32776
KLAC,2026-09-04,10:07,185.64,185.66,185.17,185.38,34085
KLAC,2026-09-04,10:08,185.34,185.57,185.285,185.49,29364
KLAC,2026-09-04,10:09,185.48,185.57,185.2948,185.55,49605
KLAC,2026-09-04,10:10,185.58,185.8,185.4,185.505,71706
KLAC,2026-09-04,10:11,185.48,185.6426,185.11,185.17,52497
KLAC,2026-09-04,10:12,185.14,185.16,184.315,184.55,59173
KLAC,2026-09-04,10:13,184.52,185.07,184.385,185.07,34508
KLAC,2026-09-04,10:14,185.07,185.5,185.06,185.31,30616
KLAC,2026-09-04,10:15,185.33,185.37,184.9,185.04,39927
KLAC,2026-09-04,10:16,185.02,185.44,184.92,185.29,43721
KLAC,2026-09-04,10:17,185.29,185.455,185.05,185.08,46103
KLAC,2026-09-04,10:18,185.09,185.58,185.05,185.45,44054
KLAC,2026-09-04,10:19,185.445,185.5,184.9,184.925,41696
KLAC,2026-09-04,10:20,184.92,184.92,184.38,184.645,42858
KLAC,2026-09-04,10:21,184.64,185.1,184.58,184.99,69896
KLAC,2026-09-04,10:22,185.005,185.11,184.72,185.11,28987
KLAC,2026-09-04,10:23,185.14,185.2651,184.92,184.98,40947
KLAC,2026-09-04,10:24,184.96,185.09,184.685,184.83,26258
KLAC,2026-09-04,10:25,184.815,184.86,183.84,183.85,47424
KLAC,2026-09-04,10:26,183.87,183.91,183.3,183.74,43986
KLAC,2026-09-04,10:27,183.745,184.19,183.6427,183.98,51088
KLAC,2026-09-04,10:28,183.965,184.43,183.92,184.22,26609
KLAC,2026-09-04,10:29,184.21,184.56,184.17,184.56,23837
KLAC,2026-09-04,10:30,184.5451,184.6,183.78,183.795,32216
KLAC,2026-09-04,10:31,183.795,184.28,183.7,184.28,40248
KLAC,2026-09-04,10:32,184.26,184.43,184.14,184.36,55428
KLAC,2026-09-04,10:33,184.345,184.96,184.23,184.7475,43797
KLAC,2026-09-04,10:34,184.75,184.8,184.47,184.67,19093
KLAC,2026-09-04,10:35,184.685,185.15,184.63,185.06,29256
KLAC,2026-09-04,10:36,185.06,185.2199,184.8601,185.14,20094
KLAC,2026-09-04,10:37,185.13,185.295,184.98,185.195,22342
KLAC,2026-09-04,10:38,185.21,185.26,185.09,185.2,16794
KLAC,2026-09-04,10:39,185.22,185.4,185.08,185.39,16509
KLAC,2026-09-04,10:40,185.44,185.49,185.18,185.24,26293
KLAC,2026-09-04,10:41,185.26,185.64,185.255,185.38,24345
KLAC,2026-09-04,10:42,185.41,185.46,185.05,185.2,25891
KLAC,2026-09-04,10:43,185.21,185.4,185.11,185.125,26061
KLAC,2026-09-04,10:44,185.11,185.62,185.08,185.58,28044
KLAC,2026-09-04,10:45,185.55,185.69,185.44,185.54,36876
KLAC,2026-09-04,10:46,185.53,185.85,185.5,185.655,32160
KLAC,2026-09-04,10:47,185.655,186.09,185.56,185.99,29115
KLAC,2026-09-04,10:48,186.005,186.01,185.54,185.6,27902
KLAC,2026-09-04,10:49,185.59,185.8,185.17,185.175,31286
KLAC,2026-09-04,10:50,185.175,185.4799,185.175,185.4,17369
KLAC,2026-09-04,10:51,185.39,185.58,185.26,185.275,15024
KLAC,2026-09-04,10:52,185.28,185.43,185.19,185.3,15271
KLAC,2026-09-04,10:53,185.33,185.41,185.14,185.18,14968
KLAC,2026-09-04,10:54,185.185,185.29,184.87,185.01,16836
KLAC,2026-09-04,10:55,185.02,185.31,184.92,185.22,17113
KLAC,2026-09-04,10:56,185.18,185.2,184.715,184.75,25205
KLAC,2026-09-04,10:57,184.74,184.805,184.64,184.72,11001
KLAC,2026-09-04,10:58,184.75,185.18,184.72,185.175,30019
KLAC,2026-09-04,10:59,185.175,185.23,185,185.04,13872
KLAC,2026-09-04,11:00,185.03,185.22,184.96,185.22,17548
KLAC,2026-09-04,11:01,185.2,185.38,185.135,185.3,11901
KLAC,2026-09-04,11:02,185.3,185.533,185.27,185.51,13200
KLAC,2026-09-04,11:03,185.47,185.88,185.36,185.63,13305
KLAC,2026-09-04,11:04,185.63,186.1,185.53,186.055,20448
KLAC,2026-09-04,11:05,186.02,186.055,185.66,185.9,14787
KLAC,2026-09-04,11:06,185.9,186.34,185.79,186.295,17503
KLAC,2026-09-04,11:07,186.3,186.39,186.04,186.08,16411
KLAC,2026-09-04,11:08,186.13,186.22,186.01,186.13,22894
KLAC,2026-09-04,11:09,186.125,186.26,186.1078,186.25,15125
KLAC,2026-09-04,11:10,186.25,186.45,186.22,186.415,21027
KLAC,2026-09-04,11:11,186.44,186.93,186.44,186.93,30681
KLAC,2026-09-04,11:12,186.925,186.99,186.76,186.835,19115
KLAC,2026-09-04,11:13,186.83,186.89,186.54,186.72,21019
KLAC,2026-09-04,11:14,186.7,186.89,186.6,186.88,12532
KLAC,2026-09-04,11:15,186.8564,186.93,186.71,186.85,18615
KLAC,2026-09-04,11:16,186.88,186.9,186.28,186.4,55883
KLAC,2026-09-04,11:17,186.42,186.65,186.29,186.39,34367
KLAC,2026-09-04,11:18,186.4,186.54,186.19,186.38,22866
KLAC,2026-09-04,11:19,186.365,186.49,186.21,186.37,13650
KLAC,2026-09-04,11:20,186.34,186.41,186,186.14,20568
KLAC,2026-09-04,11:21,186.125,186.14,185.87,185.885,21361
KLAC,2026-09-04,11:22,185.86,186.09,185.58,185.75,26905
KLAC,2026-09-04,11:23,185.78,186.03,185.66,185.77,21692
KLAC,2026-09-04,11:24,185.78,186.02,185.53,185.6,18491
KLAC,2026-09-04,11:25,185.59,185.86,185.51,185.735,16885
KLAC,2026-09-04,11:26,185.735,185.76,185.615,185.695,12070
KLAC,2026-09-04,11:27,185.71,185.71,185.55,185.57,13911
KLAC,2026-09-04,11:28,185.59,185.64,185.47,185.61,15148
KLAC,2026-09-04,11:29,185.61,185.73,185.4,185.56,17948
KLAC,2026-09-04,11:30,185.59,185.7,185.32,185.32,24227
KLAC,2026-09-04,11:31,185.32,185.465,185.1,185.435,24700
KLAC,2026-09-04,11:32,185.44,185.52,185.34,185.48,11931
KLAC,2026-09-04,11:33,185.45,185.605,185.42,185.45,17095
KLAC,2026-09-04,11:34,185.465,185.5583,185.3,185.35,18549
KLAC,2026-09-04,11:35,185.365,185.67,185.365,185.64,14815
KLAC,2026-09-04,11:36,185.63,185.84,185.63,185.78,16778
KLAC,2026-09-04,11:37,185.8,185.9585,185.77,185.8,12480
KLAC,2026-09-04,11:38,185.7814,185.89,185.78,185.82,11189
KLAC,2026-09-04,11:39,185.82,185.9,185.77,185.87,18896
KLAC,2026-09-04,11:40,185.88,185.88,185.61,185.63,11547
KLAC,2026-09-04,11:41,185.65,185.67,185.54,185.65,10530
KLAC,2026-09-04,11:42,185.6421,185.82,185.6421,185.81,13533
KLAC,2026-09-04,11:43,185.7975,185.7975,185.63,185.655,7607
KLAC,2026-09-04,11:44,185.655,185.79,185.65,185.78,10462
KLAC,2026-09-04,11:45,185.77,185.92,185.7,185.8,28274
KLAC,2026-09-04,11:46,185.81,185.85,185.74,185.785,9836
KLAC,2026-09-04,11:47,185.8099,186.12,185.75,186.095,18468
KLAC,2026-09-04,11:48,186.095,186.11,185.97,186.06,12617
KLAC,2026-09-04,11:49,186.05,186.09,185.82,185.955,11725
KLAC,2026-09-04,11:50,185.94,186.04,185.68,185.77,40195
KLAC,2026-09-04,11:51,185.78,185.86,185.745,185.83,17744
KLAC,2026-09-04,11:52,185.83,186.005,185.815,185.92,12487
KLAC,2026-09-04,11:53,185.94,186.05,185.86,185.97,10751
KLAC,2026-09-04,11:54,185.98,186.05,185.94,185.97,10327
KLAC,2026-09-04,11:55,185.97,186.12,185.95,186.005,30290
KLAC,2026-09-04,11:56,186.03,186.28,186.01,186.225,25930
KLAC,2026-09-04,11:57,186.25,186.35,186.18,186.24,14290
KLAC,2026-09-04,11:58,186.23,186.34,186.01,186.035,12081
KLAC,2026-09-04,11:59,186.05,186.3,186.02,186.28,14724
KLAC,2026-09-04,12:00,186.285,186.43,186.27,186.41,20320
KLAC,2026-09-04,12:01,186.42,186.51,186.35,186.51,13749
KLAC,2026-09-04,12:02,186.52,186.74,186.49,186.66,16167
KLAC,2026-09-04,12:03,186.66,186.94,186.65,186.855,17038
KLAC,2026-09-04,12:04,186.88,186.99,186.7,186.725,31519
KLAC,2026-09-04,12:05,186.7116,186.79,186.67,186.75,12455
KLAC,2026-09-04,12:06,186.745,186.84,186.66,186.78,11727
KLAC,2026-09-04,12:07,186.73,186.79,186.56,186.575,24167
KLAC,2026-09-04,12:08,186.5605,186.68,186.555,186.65,5516
KLAC,2026-09-04,12:09,186.66,186.69,186.54,186.58,19265
KLAC,2026-09-04,12:10,186.585,186.7395,186.53,186.68,9250
KLAC,2026-09-04,12:11,186.69,186.74,186.575,186.65,10074
KLAC,2026-09-04,12:12,186.67,186.76,186.65,186.68,8917
KLAC,2026-09-04,12:13,186.7,186.81,186.61,186.63,9375
KLAC,2026-09-04,12:14,186.61,186.77,186.61,186.76,6076
KLAC,2026-09-04,12:15,186.76,186.91,186.73,186.9,8565
KLAC,2026-09-04,12:16,186.91,187.07,186.895,186.915,46709
KLAC,2026-09-04,12:17,186.915,186.95,186.8,186.905,9322
KLAC,2026-09-04,12:18,186.9,186.92,186.74,186.9,14154
KLAC,2026-09-04,12:19,186.91,187.05,186.86,187.05,15671
KLAC,2026-09-04,12:20,187.045,187.23,187.03,187.215,12342
KLAC,2026-09-04,12:21,187.21,187.3,187.05,187.05,16945
KLAC,2026-09-04,12:22,187.06,187.14,187,187.085,9685
KLAC,2026-09-04,12:23,187.095,187.11,186.96,187.04,11038
KLAC,2026-09-04,12:24,187.02,187.25,186.93,187.14,20010
KLAC,2026-09-04,12:25,187.13,187.28,187.09,187.26,9530
KLAC,2026-09-04,12:26,187.25,187.34,187.035,187.1099,11134
KLAC,2026-09-04,12:27,187.095,187.135,187.04,187.11,8562
KLAC,2026-09-04,12:28,187.105,187.14,187.07,187.075,10038
KLAC,2026-09-04,12:29,187.0786,187.08,186.8,186.95,18694
KLAC,2026-09-04,12:30,186.96,187.1,186.85,187.09,16861
KLAC,2026-09-04,12:31,187.07,187.35,187.0652,187.255,11901
KLAC,2026-09-04,12:32,187.29,187.29,187.07,187.205,24951
KLAC,2026-09-04,12:33,187.205,187.33,187.12,187.325,12943
KLAC,2026-09-04,12:34,187.325,187.33,187.09,187.33,7278
KLAC,2026-09-04,12:35,187.34,187.36,187.18,187.2419,11213
KLAC,2026-09-04,12:36,187.2699,187.32,187.05,187.05,12271
KLAC,2026-09-04,12:37,187.07,187.15,187,187.1,7275
KLAC,2026-09-04,12:38,187.09,187.1,186.96,187,8139
KLAC,2026-09-04,12:39,187.02,187.1,186.95,186.975,14421
KLAC,2026-09-04,12:40,186.96,187.04,186.96,186.985,8266
KLAC,2026-09-04,12:41,186.98,187.1,186.91,187.035,9532
KLAC,2026-09-04,12:42,187.02,187.1,186.99,187.025,20669
KLAC,2026-09-04,12:43,187.025,187.09,186.95,187.05,18671
KLAC,2026-09-04,12:44,187.08,187.13,186.94,186.96,10466
KLAC,2026-09-04,12:45,186.98,187,186.8513,186.9381,11505
KLAC,2026-09-04,12:46,186.96,187.16,186.93,187.16,14236
KLAC,2026-09-04,12:47,187.17,187.205,187.13,187.18,13004
KLAC,2026-09-04,12:48,187.19,187.23,187.12,187.15,11150
KLAC,2026-09-04,12:49,187.14,187.2,187,187.05,17910
KLAC,2026-09-04,12:50,187.055,187.225,187.02,187.15,12365
KLAC,2026-09-04,12:51,187.14,187.15,186.895,186.96,14337
KLAC,2026-09-04,12:52,186.97,187.04,186.91,187.03,10189
KLAC,2026-09-04,12:53,187.03,187.08,186.96,186.98,6711
KLAC,2026-09-04,12:54,186.97,187.07,186.96,187,6991
KLAC,2026-09-04,12:55,187.02,187.1,187.01,187.01,7608
KLAC,2026-09-04,12:56,187.015,187.09,186.9,187.0472,22162
KLAC,2026-09-04,12:57,187.08,187.11,186.95,186.975,10574
KLAC,2026-09-04,12:58,187.01,187.29,186.98,187.25,12961
KLAC,2026-09-04,12:59,187.25,187.35,187.2,187.23,26015
KLAC,2026-09-04,13:00,187.23,187.295,187,187.17,30034
KLAC,2026-09-04,13:01,187.175,187.2,187,187.08,16891
KLAC,2026-09-04,13:02,187.06,187.12,186.97,187.11,21298
KLAC,2026-09-04,13:03,187.11,187.13,187,187.03,5979
KLAC,2026-09-04,13:04,187.035,187.09,186.92,187.09,11128
KLAC,2026-09-04,13:05,187.08,187.2,187.05,187.15,9198
KLAC,2026-09-04,13:06,187.15,187.16,187,187.07,6036
KLAC,2026-09-04,13:07,187.065,187.1,186.87,186.8999,15885
KLAC,2026-09-04,13:08,186.9,187,186.7,186.71,39068
KLAC,2026-09-04,13:09,186.71,186.81,186.65,186.75,29675
KLAC,2026-09-04,13:10,186.75,186.84,186.7,186.7,16130
KLAC,2026-09-04,13:11,186.69,186.78,186.58,186.61,24596
KLAC,2026-09-04,13:12,186.58,186.68,186.531,186.68,6946
KLAC,2026-09-04,13:13,186.66,186.79,186.66,186.76,11882
KLAC,2026-09-04,13:14,186.73,186.92,186.66,186.71,16826
KLAC,2026-09-04,13:15,186.735,186.74,186.5979,186.69,11346
KLAC,2026-09-04,13:16,186.69,186.74,186.57,186.62,11944
KLAC,2026-09-04,13:17,186.64,186.8,186.62,186.71,10500
KLAC,2026-09-04,13:18,186.705,186.71,186.65,186.68,19920
KLAC,2026-09-04,13:19,186.685,186.71,186.45,186.55,33154
KLAC,2026-09-04,13:20,186.545,186.57,186.41,186.47,12833
KLAC,2026-09-04,13:21,186.475,186.48,186.29,186.35,16832
KLAC,2026-09-04,13:22,186.35,186.54,186.3,186.46,29947
KLAC,2026-09-04,13:23,186.45,186.495,186.43,186.45,9517
KLAC,2026-09-04,13:24,186.44,186.46,186.24,186.4,22561
KLAC,2026-09-04,13:25,186.25,186.28,186.17,186.19,9822
KLAC,2026-09-04,13:26,186.18,186.2,186.05,186.065,14774
KLAC,2026-09-04,13:27,186.06,186.09,185.72,185.79,22670
KLAC,2026-09-04,13:28,185.77,185.82,185.54,185.55,20859
KLAC,2026-09-04,13:29,185.545,185.56,185.48,185.5,13036
KLAC,2026-09-04,13:30,185.501,185.64,185.4305,185.5,14486
KLAC,2026-09-04,13:31,185.51,185.59,185.46,185.5,18106
KLAC,2026-09-04,13:32,185.5,185.555,185.4,185.48,8505
KLAC,2026-09-04,13:33,185.469,185.62,185.46,185.53,11946
KLAC,2026-09-04,13:34,185.53,185.71,185.52,185.7,17494
KLAC,2026-09-04,13:35,185.725,185.94,185.68,185.87,8017
KLAC,2026-09-04,13:36,185.83,185.99,185.83,185.88,12691
KLAC,2026-09-04,13:37,185.89,185.9023,185.7375,185.82,7130
KLAC,2026-09-04,13:38,185.83,185.87,185.78,185.785,7274
KLAC,2026-09-04,13:39,185.78,185.8,185.66,185.66,9668
KLAC,2026-09-04,13:40,185.67,185.67,185.43,185.54,14441
KLAC,2026-09-04,13:41,185.54,185.57,185.38,185.38,10881
KLAC,2026-09-04,13:42,185.37,185.37,185.185,185.24,25127
KLAC,2026-09-04,13:43,185.23,185.32,185.13,185.17,14362
KLAC,2026-09-04,13:44,185.16,185.33,185.1,185.265,15854
KLAC,2026-09-04,13:45,185.285,185.285,185.08,185.1,9126
KLAC,2026-09-04,13:46,185.12,185.2,184.99,185.2,15552
KLAC,2026-09-04,13:47,185.21,185.24,185.0959,185.22,15563
KLAC,2026-09-04,13:48,185.22,185.33,185.19,185.3054,16979
KLAC,2026-09-04,13:49,185.3399,185.5,185.27,185.44,14319
KLAC,2026-09-04,13:50,185.43,185.56,185.43,185.51,15143
KLAC,2026-09-04,13:51,185.5007,185.57,185.5,185.545,8920
KLAC,2026-09-04,13:52,185.55,185.685,185.53,185.67,6400
KLAC,2026-09-04,13:53,185.67,185.75,185.56,185.57,33200
KLAC,2026-09-04,13:54,185.56,185.595,185.52,185.595,6340
KLAC,2026-09-04,13:55,185.595,185.625,185.54,185.61,4483
KLAC,2026-09-04,13:56,185.59,185.65,185.55,185.61,13147
KLAC,2026-09-04,13:57,185.61,185.69,185.59,185.59,8153
KLAC,2026-09-04,13:58,185.6,185.86,185.59,185.86,8202
KLAC,2026-09-04,13:59,185.86,185.96,185.81,185.82,11460
KLAC,2026-09-04,14:00,185.84,185.9,185.65,185.72,19133
KLAC,2026-09-04,14:01,185.725,185.75,185.445,185.45,14861
KLAC,2026-09-04,14:02,185.45,185.47,185.34,185.34,7908
KLAC,2026-09-04,14:03,185.35,185.42,185.225,185.25,13089
KLAC,2026-09-04,14:04,185.24,185.27,185.11,185.11,24483
KLAC,2026-09-04,14:05,185.14,185.15,185,185.11,10814
KLAC,2026-09-04,14:06,185.12,185.24,185.09,185.16,12161
KLAC,2026-09-04,14:07,185.16,185.18,185.07,185.09,6317
KLAC,2026-09-04,14:08,185.1,185.27,185.095,185.22,26236
KLAC,2026-09-04,14:09,185.23,185.39,185.205,185.39,7061
KLAC,2026-09-04,14:10,185.385,185.49,185.36,185.48,6618
KLAC,2026-09-04,14:11,185.48,185.62,185.475,185.59,14730
KLAC,2026-09-04,14:12,185.6,185.64,185.54,185.575,12316
KLAC,2026-09-04,14:13,185.575,185.6133,185.32,185.33,25314
KLAC,2026-09-04,14:14,185.32,185.41,185.14,185.145,9236
KLAC,2026-09-04,14:15,185.15,185.25,185.15,185.195,10788
KLAC,2026-09-04,14:16,185.215,185.3095,185.15,185.23,12540
KLAC,2026-09-04,14:17,185.245,185.44,185.22,185.44,12951
KLAC,2026-09-04,14:18,185.43,185.62,185.4224,185.565,10720
KLAC,2026-09-04,14:19,185.555,185.75,185.555,185.665,20176
KLAC,2026-09-04,14:20,185.665,185.71,185.54,185.555,7743
KLAC,2026-09-04,14:21,185.58,185.68,185.55,185.66,6781
KLAC,2026-09-04,14:22,185.65,185.66,185.45,185.455,6452
KLAC,2026-09-04,14:23,185.45,185.46,185.35,185.4,7127
KLAC,2026-09-04,14:24,185.41,185.41,185.24,185.25,12700
KLAC,2026-09-04,14:25,185.29,185.42,185.2563,185.365,12001
KLAC,2026-09-04,14:26,185.36,185.41,185.325,185.37,8901
KLAC,2026-09-04,14:27,185.4,185.55,185.36,185.535,17839
KLAC,2026-09-04,14:28,185.52,185.55,185.45,185.52,6331
KLAC,2026-09-04,14:29,185.52,185.79,185.51,185.675,20624
KLAC,2026-09-04,14:30,185.685,185.71,185.65,185.69,6118
KLAC,2026-09-04,14:31,185.69,185.79,185.69,185.72,9363
KLAC,2026-09-04,14:32,185.72,185.8295,185.72,185.77,15221
KLAC,2026-09-04,14:33,185.775,185.7799,185.65,185.72,22316
KLAC,2026-09-04,14:34,185.72,185.8,185.66,185.66,8819
KLAC,2026-09-04,14:35,185.67,185.725,185.54,185.55,7428
KLAC,2026-09-04,14:36,185.56,185.57,185.36,185.465,16681
KLAC,2026-09-04,14:37,185.47,185.48,185.27,185.27,5654
KLAC,2026-09-04,14:38,185.27,185.3295,185.25,185.32,8861
KLAC,2026-09-04,14:39,185.31,185.41,185.3,185.375,15816
KLAC,2026-09-04,14:40,185.36,185.365,185.19,185.28,29472
KLAC,2026-09-04,14:41,185.28,185.3,185.105,185.12,12240
KLAC,2026-09-04,14:42,185.12,185.23,185.09,185.2,11910
KLAC,2026-09-04,14:43,185.205,185.305,185.19,185.305,11728
KLAC,2026-09-04,14:44,185.305,185.4,185.295,185.335,13662
KLAC,2026-09-04,14:45,185.34,185.35,185.285,185.315,6721
KLAC,2026-09-04,14:46,185.315,185.42,185.3,185.32,17630
KLAC,2026-09-04,14:47,185.3,185.4087,185.3,185.35,10964
KLAC,2026-09-04,14:48,185.35,185.37,185.2742,185.33,5468
KLAC,2026-09-04,14:49,185.33,185.4,185.325,185.35,6839
KLAC,2026-09-04,14:50,185.33,185.33,185.08,185.08,7680
KLAC,2026-09-04,14:51,185.07,185.08,184.856,184.865,10730
KLAC,2026-09-04,14:52,184.87,185.11,184.85,185.01,25767
KLAC,2026-09-04,14:53,185.015,185.06,184.98,185.06,21276
KLAC,2026-09-04,14:54,185.04,185.15,184.96,184.98,14286
KLAC,2026-09-04,14:55,184.97,184.97,184.8,184.87,9506
KLAC,2026-09-04,14:56,184.85,185.11,184.83,185.1,13253
KLAC,2026-09-04,14:57,185.0931,185.17,185.06,185.13,21440
KLAC,2026-09-04,14:58,185.14,185.18,185.1,185.135,8863
KLAC,2026-09-04,14:59,185.145,185.17,185.02,185.025,8070
KLAC,2026-09-04,15:00,185.01,185.17,184.965,185.16,25096
KLAC,2026-09-04,15:01,185.17,185.24,185.0069,185.025,14202
KLAC,2026-09-04,15:02,185.03,185.04,184.68,184.715,24985
KLAC,2026-09-04,15:03,184.71,184.85,184.62,184.67,28526
KLAC,2026-09-04,15:04,184.655,184.71,184.4,184.445,16104
KLAC,2026-09-04,15:05,184.46,184.57,184.445,184.52,11828
KLAC,2026-09-04,15:06,184.53,184.69,184.401,184.69,19306
KLAC,2026-09-04,15:07,184.69,184.75,184.5,184.52,21536
KLAC,2026-09-04,15:08,184.53,184.61,184.52,184.61,10866
KLAC,2026-09-04,15:09,184.6,184.6,184.49,184.51,7732
KLAC,2026-09-04,15:10,184.52,184.565,184.435,184.54,28255
KLAC,2026-09-04,15:11,184.54,184.57,184.48,184.565,9082
KLAC,2026-09-04,15:12,184.58,184.66,184.47,184.49,25495
KLAC,2026-09-04,15:13,184.49,184.6945,184.425,184.55,30729
KLAC,2026-09-04,15:14,184.56,184.6,184.35,184.3565,13972
KLAC,2026-09-04,15:15,184.38,184.58,184.38,184.545,8922
KLAC,2026-09-04,15:16,184.545,184.56,184.345,184.37,10824
KLAC,2026-09-04,15:17,184.385,184.54,184.38,184.5,18916
KLAC,2026-09-04,15:18,184.51,184.58,184.4759,184.54,9701
KLAC,2026-09-04,15:19,184.53,184.65,184.5,184.65,11979
KLAC,2026-09-04,15:20,184.64,184.67,184.565,184.65,25116
KLAC,2026-09-04,15:21,184.66,184.66,184.41,184.41,15545
KLAC,2026-09-04,15:22,184.41,184.5,184.275,184.365,25172
KLAC,2026-09-04,15:23,184.38,184.55,184.36,184.535,9413
KLAC,2026-09-04,15:24,184.535,184.61,184.46,184.52,17295
KLAC,2026-09-04,15:25,184.52,184.64,184.5,184.54,15759
KLAC,2026-09-04,15:26,184.525,184.55,184.43,184.43,11910
KLAC,2026-09-04,15:27,184.43,184.65,184.36,184.545,15321
KLAC,2026-09-04,15:28,184.53,184.53,184.3357,184.405,9760
KLAC,2026-09-04,15:29,184.405,184.65,184.39,184.61,14054
KLAC,2026-09-04,15:30,184.635,184.93,184.43,184.89,40263
KLAC,2026-09-04,15:31,184.9026,185.04,184.865,184.995,32928
KLAC,2026-09-04,15:32,184.99,185.12,184.985,185.045,19286
KLAC,2026-09-04,15:33,185.05,185.11,184.96,185.015,24749
KLAC,2026-09-04,15:34,185,185.24,185,185.16,20604
KLAC,2026-09-04,15:35,185.145,185.49,185.07,185.42,18448
KLAC,2026-09-04,15:36,185.425,185.64,185.425,185.615,31690
KLAC,2026-09-04,15:37,185.64,185.74,185.59,185.66,13142
KLAC,2026-09-04,15:38,185.65,185.65,185.4,185.505,18173
KLAC,2026-09-04,15:39,185.53,185.54,185.43,185.515,20806
KLAC,2026-09-04,15:40,185.52,185.65,185.47,185.62,19977
KLAC,2026-09-04,15:41,185.64,185.7999,185.5517,185.59,23274
KLAC,2026-09-04,15:42,185.59,185.64,185.565,185.63,21047
KLAC,2026-09-04,15:43,185.64,185.72,185.6,185.72,22285
KLAC,2026-09-04,15:44,185.705,185.88,185.705,185.85,18581
KLAC,2026-09-04,15:45,185.83,186,185.705,185.78,39424
KLAC,2026-09-04,15:46,185.8,185.87,185.42,185.49,51483
KLAC,2026-09-04,15:47,185.495,185.52,185.3,185.5,36991
KLAC,2026-09-04,15:48,185.52,185.64,185.49,185.49,27747
KLAC,2026-09-04,15:49,185.47,185.51,185.34,185.46,29918
KLAC,2026-09-04,15:50,185.49,185.9,185.48,185.89,50964
KLAC,2026-09-04,15:51,185.88,186.04,185.87,185.99,57498
KLAC,2026-09-04,15:52,185.9901,186.14,185.955,185.955,39738
KLAC,2026-09-04,15:53,185.95,185.9588,185.68,185.8,54569
KLAC,2026-09-04,15:54,185.8,186.07,185.77,185.97,54250
KLAC,2026-09-04,15:55,185.98,186.41,185.975,186.17,122151
KLAC,2026-09-04,15:56,186.18,186.35,186.08,186.09,106061
KLAC,2026-09-04,15:57,186.08,186.19,185.93,185.95,123302
KLAC,2026-09-04,15:58,185.96,186.09,185.76,185.765,157279
KLAC,2026-09-04,15:59,185.76,185.78,185.385,185.54,426837
KLAC,2026-09-04,16:00,185.6,185.6,185.6,185.6,0