symbol,date,time,open,high,low,close,volume
ORCL,2026-08-28,09:30,153.6,153.99,152.64,153.345,989650
ORCL,2026-08-28,09:31,153.07,153.79,152.55,152.8273,89365
ORCL,2026-08-28,09:32,152.8,153.6498,152.62,153.62,92110
ORCL,2026-08-28,09:33,153.625,153.74,152.4,153.11,113935
ORCL,2026-08-28,09:34,153,153.17,152.52,152.905,90458
ORCL,2026-08-28,09:35,152.905,152.9633,152.05,152.5,117266
ORCL,2026-08-28,09:36,152.6629,153.34,152.31,153.2,108321
ORCL,2026-08-28,09:37,153.2,153.29,152.48,152.6768,33987
ORCL,2026-08-28,09:38,152.72,153,152.5763,152.805,26606
ORCL,2026-08-28,09:39,152.93,153.3299,152.6,152.67,113158
ORCL,2026-08-28,09:40,152.6821,152.9899,152.51,152.66,54016
ORCL,2026-08-28,09:41,152.655,152.908,152.4159,152.69,69691
ORCL,2026-08-28,09:42,152.785,152.9,152.5408,152.9,19353
ORCL,2026-08-28,09:43,152.91,153.23,152.2401,152.465,50493
ORCL,2026-08-28,09:44,152.36,152.9,152.36,152.63,26264
ORCL,2026-08-28,09:45,152.53,152.655,152.3,152.3252,27067
ORCL,2026-08-28,09:46,152.39,152.6599,152.15,152.6599,28540
ORCL,2026-08-28,09:47,152.6586,153.19,152.59,153.0959,109807
ORCL,2026-08-28,09:48,153.19,153.24,152.8683,152.96,35597
ORCL,2026-08-28,09:49,153.0588,153.0588,152.43,152.6148,30090
ORCL,2026-08-28,09:50,152.56,152.78,152.4,152.53,28949
ORCL,2026-08-28,09:51,152.56,152.6243,152.258,152.5,56099
ORCL,2026-08-28,09:52,152.575,152.65,152.3,152.3,22089
ORCL,2026-08-28,09:53,152.335,152.63,152.325,152.47,26678
ORCL,2026-08-28,09:54,152.62,152.83,152.47,152.47,32750
ORCL,2026-08-28,09:55,152.47,152.6699,152.23,152.54,28526
ORCL,2026-08-28,09:56,152.47,152.7999,152.39,152.59,27988
ORCL,2026-08-28,09:57,152.655,152.8,152.43,152.43,23532
ORCL,2026-08-28,09:58,152.51,152.75,152.41,152.64,12530
ORCL,2026-08-28,09:59,152.62,152.86,152.58,152.705,31747
ORCL,2026-08-28,10:00,152.7184,153.1,152.4,152.89,53204
ORCL,2026-08-28,10:01,152.76,152.76,151.75,151.76,98689
ORCL,2026-08-28,10:02,151.68,151.9592,151.5101,151.62,57141
ORCL,2026-08-28,10:03,151.625,151.64,151.24,151.255,69144
ORCL,2026-08-28,10:04,151.215,151.37,151.09,151.2979,41237
ORCL,2026-08-28,10:05,151.335,151.4449,150.9201,150.9201,97887
ORCL,2026-08-28,10:06,150.99,151.1,150.6,150.725,64375
ORCL,2026-08-28,10:07,150.76,150.8899,150.5601,150.715,32691
ORCL,2026-08-28,10:08,150.715,150.99,150.61,150.91,33853
ORCL,2026-08-28,10:09,150.92,151.07,150.7201,150.81,38357
ORCL,2026-08-28,10:10,150.79,151,150.61,150.61,30411
ORCL,2026-08-28,10:11,150.645,150.79,150.5601,150.6675,52981
ORCL,2026-08-28,10:12,150.66,150.9,150.41,150.819,45514
ORCL,2026-08-28,10:13,150.67,150.6999,150.0301,150.21,94253
ORCL,2026-08-28,10:14,150.235,150.6156,150.08,150.56,46043
ORCL,2026-08-28,10:15,150.4401,150.87,150.4401,150.7743,79866
ORCL,2026-08-28,10:16,150.71,151.18,150.59,151.17,44942
ORCL,2026-08-28,10:17,151.065,151.1398,150.8405,151.055,37654
ORCL,2026-08-28,10:18,151.055,151.2899,150.96,151.205,33684
ORCL,2026-08-28,10:19,151.215,151.595,151.21,151.3785,105913
ORCL,2026-08-28,10:20,151.4151,151.89,151.415,151.7,37281
ORCL,2026-08-28,10:21,151.745,152.08,151.6747,151.86,41527
ORCL,2026-08-28,10:22,151.87,152.09,151.78,152.07,46206
ORCL,2026-08-28,10:23,152.035,152.1099,151.77,151.845,62257
ORCL,2026-08-28,10:24,151.77,151.91,151.6,151.91,27920
ORCL,2026-08-28,10:25,151.915,151.92,151.4,151.464,48007
ORCL,2026-08-28,10:26,151.472,151.472,151.21,151.395,26065
ORCL,2026-08-28,10:27,151.395,151.4421,150.85,151.095,55034
ORCL,2026-08-28,10:28,151.095,151.24,151.01,151.15,19310
ORCL,2026-08-28,10:29,151.135,151.6,151.06,151.35,27078
ORCL,2026-08-28,10:30,151.455,151.5,150.96,151.075,40358
ORCL,2026-08-28,10:31,151.1,151.17,150.92,151.08,47045
ORCL,2026-08-28,10:32,151.13,151.51,151.075,151.35,27067
ORCL,2026-08-28,10:33,151.35,151.3999,151.21,151.33,20109
ORCL,2026-08-28,10:34,151.38,151.6,151.285,151.5699,24806
ORCL,2026-08-28,10:35,151.525,151.63,151.33,151.38,45951
ORCL,2026-08-28,10:36,151.434,151.65,151.385,151.59,28433
ORCL,2026-08-28,10:37,151.6136,151.98,151.6136,151.849,24850
ORCL,2026-08-28,10:38,151.9,152.15,151.82,151.99,55076
ORCL,2026-08-28,10:39,152,152.06,151.63,151.63,19653
ORCL,2026-08-28,10:40,151.71,152.04,151.71,152.015,25538
ORCL,2026-08-28,10:41,152.03,152.2763,152.03,152.09,39800
ORCL,2026-08-28,10:42,152.1,152.17,151.87,152.07,31931
ORCL,2026-08-28,10:43,152.14,152.26,152.02,152.12,23953
ORCL,2026-08-28,10:44,152.2,152.6499,152.09,152.6,48879
ORCL,2026-08-28,10:45,152.61,152.65,152.3,152.36,36227
ORCL,2026-08-28,10:46,152.365,152.5499,152.25,152.465,39037
ORCL,2026-08-28,10:47,152.465,152.58,152.23,152.24,20402
ORCL,2026-08-28,10:48,152.325,152.6,152.24,152.505,28180
ORCL,2026-08-28,10:49,152.545,152.67,152.44,152.5,48684
ORCL,2026-08-28,10:50,152.47,153.14,152.47,153.05,56569
ORCL,2026-08-28,10:51,153,153.06,152.7,152.775,38730
ORCL,2026-08-28,10:52,152.775,152.8,152.5001,152.6401,30139
ORCL,2026-08-28,10:53,152.65,153.15,152.56,152.97,48864
ORCL,2026-08-28,10:54,152.96,152.97,152.64,152.84,16406
ORCL,2026-08-28,10:55,152.83,152.83,152.56,152.7,22197
ORCL,2026-08-28,10:56,152.7731,152.9,152.69,152.775,17832
ORCL,2026-08-28,10:57,152.775,152.8875,152.68,152.86,13627
ORCL,2026-08-28,10:58,152.8601,153.15,152.85,153.11,31784
ORCL,2026-08-28,10:59,153.11,153.19,152.97,153,32455
ORCL,2026-08-28,11:00,153.0553,153.19,152.9439,153.025,21913
ORCL,2026-08-28,11:01,153.0999,153.0999,152.89,152.9,21538
ORCL,2026-08-28,11:02,152.87,152.95,152.58,152.58,39119
ORCL,2026-08-28,11:03,152.58,152.661,152.48,152.605,23656
ORCL,2026-08-28,11:04,152.57,152.73,152.51,152.6884,35475
ORCL,2026-08-28,11:05,152.64,152.79,152.55,152.59,26009
ORCL,2026-08-28,11:06,152.61,152.66,152.38,152.4001,24628
ORCL,2026-08-28,11:07,152.42,152.54,152.31,152.49,34079
ORCL,2026-08-28,11:08,152.49,152.52,152.24,152.34,38247
ORCL,2026-08-28,11:09,152.315,152.47,152.07,152.165,86279
ORCL,2026-08-28,11:10,152.17,152.66,152.17,152.565,56206
ORCL,2026-08-28,11:11,152.565,152.6999,152.45,152.59,69530
ORCL,2026-08-28,11:12,152.605,153.15,152.56,153.075,46076
ORCL,2026-08-28,11:13,152.98,153.32,152.98,153.2442,90466
ORCL,2026-08-28,11:14,153.255,153.31,152.935,153.02,39787
ORCL,2026-08-28,11:15,153.05,153.29,152.94,153.19,35819
ORCL,2026-08-28,11:16,153.19,153.4,153.0919,153.25,52191
ORCL,2026-08-28,11:17,153.31,153.35,153.03,153.065,24302
ORCL,2026-08-28,11:18,153.0698,153.16,152.775,152.8,30026
ORCL,2026-08-28,11:19,152.84,153,152.78,152.86,26516
ORCL,2026-08-28,11:20,152.86,152.9999,152.8075,152.96,11419
ORCL,2026-08-28,11:21,152.98,152.98,152.64,152.825,22065
ORCL,2026-08-28,11:22,152.83,152.99,152.65,152.755,7769
ORCL,2026-08-28,11:23,152.76,153.08,152.76,152.955,24253
ORCL,2026-08-28,11:24,153.01,153.1,152.95,153.1,17314
ORCL,2026-08-28,11:25,153.095,153.33,153.0601,153.305,25216
ORCL,2026-08-28,11:26,153.34,153.6,153.2601,153.3999,76878
ORCL,2026-08-28,11:27,153.345,153.42,153.21,153.295,21437
ORCL,2026-08-28,11:28,153.2101,153.73,153.2101,153.73,51224
ORCL,2026-08-28,11:29,153.71,153.71,153.38,153.63,47959
ORCL,2026-08-28,11:30,153.56,153.59,152.7,152.73,87459
ORCL,2026-08-28,11:31,152.825,153.11,152.825,153.01,36642
ORCL,2026-08-28,11:32,152.9709,153.16,152.97,153.1322,19923
ORCL,2026-08-28,11:33,153.145,153.33,153.09,153.29,41126
ORCL,2026-08-28,11:34,153.17,153.2739,153.0369,153.1,15841
ORCL,2026-08-28,11:35,153.0955,153.25,153.04,153.135,17234
ORCL,2026-08-28,11:36,153.125,153.125,152.5,152.5194,74671
ORCL,2026-08-28,11:37,152.45,152.52,152.3101,152.39,22319
ORCL,2026-08-28,11:38,152.34,152.5,152.33,152.415,21326
ORCL,2026-08-28,11:39,152.36,152.59,152.1901,152.2704,64925
ORCL,2026-08-28,11:40,152.2214,152.2899,151.67,151.67,79110
ORCL,2026-08-28,11:41,151.73,152.1,151.67,151.9201,29689
ORCL,2026-08-28,11:42,151.9201,152.1542,151.85,151.95,17493
ORCL,2026-08-28,11:43,151.9519,152.085,151.905,152.07,34207
ORCL,2026-08-28,11:44,152.13,152.13,151.89,151.9,20600
ORCL,2026-08-28,11:45,151.8608,151.94,151.72,151.76,30653
ORCL,2026-08-28,11:46,151.755,151.8963,151.72,151.8963,14439
ORCL,2026-08-28,11:47,151.82,151.92,151.645,151.71,26895
ORCL,2026-08-28,11:48,151.69,151.69,151.51,151.595,35876
ORCL,2026-08-28,11:49,151.6,151.62,151.4,151.5,26981
ORCL,2026-08-28,11:50,151.52,151.6,151.47,151.55,20405
ORCL,2026-08-28,11:51,151.58,151.58,151.42,151.445,18359
ORCL,2026-08-28,11:52,151.41,151.51,151.2603,151.34,79211
ORCL,2026-08-28,11:53,151.31,151.5288,151.2,151.35,36031
ORCL,2026-08-28,11:54,151.3,151.48,151.15,151.435,49039
ORCL,2026-08-28,11:55,151.4475,151.5,151.11,151.115,16112
ORCL,2026-08-28,11:56,151.0982,151.15,150.81,150.9,102759
ORCL,2026-08-28,11:57,150.9,150.95,150.65,150.8675,56315
ORCL,2026-08-28,11:58,150.83,151.05,150.82,150.99,28126
ORCL,2026-08-28,11:59,150.95,150.99,150.6455,150.74,24189
ORCL,2026-08-28,12:00,150.725,150.98,150.69,150.75,37300
ORCL,2026-08-28,12:01,150.73,150.73,150.35,150.58,90745
ORCL,2026-08-28,12:02,150.555,150.67,150.33,150.53,25239
ORCL,2026-08-28,12:03,150.63,150.89,150.61,150.84,32061
ORCL,2026-08-28,12:04,150.89,150.93,150.609,150.675,69597
ORCL,2026-08-28,12:05,150.61,150.9699,150.61,150.93,37767
ORCL,2026-08-28,12:06,150.9,151.26,150.86,151.2,52498
ORCL,2026-08-28,12:07,151.25,151.6082,151.25,151.5,70795
ORCL,2026-08-28,12:08,151.53,151.54,151.34,151.54,18018
ORCL,2026-08-28,12:09,151.5101,151.7,151.5101,151.64,52801
ORCL,2026-08-28,12:10,151.64,151.68,151.36,151.45,29670
ORCL,2026-08-28,12:11,151.59,151.59,151.15,151.258,37415
ORCL,2026-08-28,12:12,151.13,151.44,151.03,151.38,13797
ORCL,2026-08-28,12:13,151.35,151.46,151.28,151.33,11155
ORCL,2026-08-28,12:14,151.25,151.41,151.16,151.295,12029
ORCL,2026-08-28,12:15,151.255,151.33,151.01,151.01,20519
ORCL,2026-08-28,12:16,151.04,151.04,150.78,150.83,69578
ORCL,2026-08-28,12:17,150.843,150.985,150.7701,150.88,15691
ORCL,2026-08-28,12:18,150.885,150.9899,150.67,150.78,22247
ORCL,2026-08-28,12:19,150.61,150.85,150.57,150.67,22735
ORCL,2026-08-28,12:20,150.68,150.9,150.56,150.6,36554
ORCL,2026-08-28,12:21,150.55,150.7599,150.442,150.7599,25624
ORCL,2026-08-28,12:22,150.72,150.84,150.57,150.61,15546
ORCL,2026-08-28,12:23,150.595,150.615,150.32,150.49,51164
ORCL,2026-08-28,12:24,150.49,150.74,150.2,150.605,149198
ORCL,2026-08-28,12:25,150.615,150.8,150.5037,150.8,27181
ORCL,2026-08-28,12:26,150.7706,150.8,150.62,150.7084,23268
ORCL,2026-08-28,12:27,150.705,150.91,150.6508,150.91,17092
ORCL,2026-08-28,12:28,150.95,150.9758,150.82,150.82,15728
ORCL,2026-08-28,12:29,150.81,150.8361,150.59,150.6,14637
ORCL,2026-08-28,12:30,150.6,150.84,150.6,150.82,12057
ORCL,2026-08-28,12:31,150.8,150.9799,150.775,150.9799,11011
ORCL,2026-08-28,12:32,150.905,151.22,150.9,151.155,15718
ORCL,2026-08-28,12:33,151.16,151.16,150.98,151.11,17231
ORCL,2026-08-28,12:34,151.0101,151.18,150.6,150.6,17139
ORCL,2026-08-28,12:35,150.6,150.9,150.55,150.9,20893
ORCL,2026-08-28,12:36,150.8481,150.96,150.79,150.88,25125
ORCL,2026-08-28,12:37,150.89,150.925,150.8,150.862,11152
ORCL,2026-08-28,12:38,150.86,151.044,150.8201,150.96,20050
ORCL,2026-08-28,12:39,151.01,151.01,150.74,150.81,11935
ORCL,2026-08-28,12:40,150.78,150.83,150.6,150.61,12633
ORCL,2026-08-28,12:41,150.61,150.61,150.355,150.44,829363
ORCL,2026-08-28,12:42,150.49,150.59,150.38,150.48,36767
ORCL,2026-08-28,12:43,150.51,150.535,150.1,150.17,97963
ORCL,2026-08-28,12:44,150.17,150.29,150.13,150.13,22887
ORCL,2026-08-28,12:45,150.19,150.5,150.1501,150.39,18821
ORCL,2026-08-28,12:46,150.46,150.59,150.46,150.49,21294
ORCL,2026-08-28,12:47,150.48,150.6,150.44,150.5,30393
ORCL,2026-08-28,12:48,150.58,150.6159,150.46,150.555,67547
ORCL,2026-08-28,12:49,150.56,150.59,150.41,150.44,19466
ORCL,2026-08-28,12:50,150.51,150.5699,150.42,150.44,8622
ORCL,2026-08-28,12:51,150.45,150.75,150.425,150.56,11329
ORCL,2026-08-28,12:52,150.64,150.715,150.59,150.615,16165
ORCL,2026-08-28,12:53,150.7,150.7416,150.36,150.39,19650
ORCL,2026-08-28,12:54,150.36,150.48,150.13,150.205,22346
ORCL,2026-08-28,12:55,150.21,150.4,150.14,150.4,15758
ORCL,2026-08-28,12:56,150.37,150.44,150.31,150.44,10586
ORCL,2026-08-28,12:57,150.46,150.54,150.4101,150.49,26917
ORCL,2026-08-28,12:58,150.55,150.57,150.4536,150.53,18027
ORCL,2026-08-28,12:59,150.5,150.55,150.335,150.3527,19145
ORCL,2026-08-28,13:00,150.36,150.36,149.88,149.96,98657
ORCL,2026-08-28,13:01,149.9401,150.1,149.93,150.0525,44085
ORCL,2026-08-28,13:02,150.01,150.17,149.95,150.02,83089
ORCL,2026-08-28,13:03,150.05,150.11,150.0101,150.09,17043
ORCL,2026-08-28,13:04,150.085,150.155,149.955,149.98,28449
ORCL,2026-08-28,13:05,149.96,149.97,149.84,149.88,21385
ORCL,2026-08-28,13:06,149.865,149.9757,149.79,149.8501,31589
ORCL,2026-08-28,13:07,149.87,149.99,149.85,149.91,11472
ORCL,2026-08-28,13:08,149.9,150.04,149.9,150,17533
ORCL,2026-08-28,13:09,150,150.0902,149.94,149.94,17708
ORCL,2026-08-28,13:10,149.915,149.94,149.77,149.865,13294
ORCL,2026-08-28,13:11,149.865,149.97,149.81,149.96,17229
ORCL,2026-08-28,13:12,149.96,150.1699,149.96,150.1172,19033
ORCL,2026-08-28,13:13,150.065,150.11,150,150.045,11803
ORCL,2026-08-28,13:14,150,150.37,150,150.3,35463
ORCL,2026-08-28,13:15,150.33,150.365,150.0389,150.07,17431
ORCL,2026-08-28,13:16,150.0701,150.165,150.02,150.165,16862
ORCL,2026-08-28,13:17,150.04,150.3062,150.04,150.2101,15873
ORCL,2026-08-28,13:18,150.285,150.285,150.16,150.16,9934
ORCL,2026-08-28,13:19,150.23,150.31,150.18,150.205,36667
ORCL,2026-08-28,13:20,150.16,150.23,149.9101,149.9101,22466
ORCL,2026-08-28,13:21,150,150.0199,149.785,149.83,19151
ORCL,2026-08-28,13:22,149.845,149.8499,149.71,149.76,30580
ORCL,2026-08-28,13:23,149.79,149.93,149.7598,149.86,13795
ORCL,2026-08-28,13:24,149.86,150.02,149.84,150.02,19283
ORCL,2026-08-28,13:25,150.01,150.25,149.97,150.25,30163
ORCL,2026-08-28,13:26,150.23,150.4499,150.165,150.425,47823
ORCL,2026-08-28,13:27,150.425,150.46,150.315,150.355,36268
ORCL,2026-08-28,13:28,150.355,150.68,150.3,150.635,26675
ORCL,2026-08-28,13:29,150.6,150.7099,150.42,150.425,26602
ORCL,2026-08-28,13:30,150.42,150.4499,150.31,150.365,15696
ORCL,2026-08-28,13:31,150.4,150.4,150.175,150.3215,13027
ORCL,2026-08-28,13:32,150.35,150.46,150.314,150.46,10825
ORCL,2026-08-28,13:33,150.4301,150.62,150.4301,150.5899,12953
ORCL,2026-08-28,13:34,150.58,150.62,150.48,150.49,10275
ORCL,2026-08-28,13:35,150.56,150.61,150.5001,150.56,15271
ORCL,2026-08-28,13:36,150.4801,150.5898,150.4508,150.53,13986
ORCL,2026-08-28,13:37,150.57,150.635,150.32,150.38,12699
ORCL,2026-08-28,13:38,150.38,150.39,150.34,150.365,26695
ORCL,2026-08-28,13:39,150.38,150.4099,150.15,150.15,21056
ORCL,2026-08-28,13:40,150.175,150.33,150.135,150.33,11555
ORCL,2026-08-28,13:41,150.28,150.3865,150.18,150.355,10633
ORCL,2026-08-28,13:42,150.36,150.48,150.34,150.48,10095
ORCL,2026-08-28,13:43,150.43,150.5199,150.4,150.445,17127
ORCL,2026-08-28,13:44,150.46,150.49,150.37,150.42,11095
ORCL,2026-08-28,13:45,150.42,150.53,150.39,150.5199,16702
ORCL,2026-08-28,13:46,150.485,150.6997,150.485,150.62,14660
ORCL,2026-08-28,13:47,150.62,150.7,150.605,150.65,14563
ORCL,2026-08-28,13:48,150.66,150.79,150.6,150.775,74024
ORCL,2026-08-28,13:49,150.8,150.99,150.78,150.95,100156
ORCL,2026-08-28,13:50,150.93,150.94,150.765,150.7775,89978
ORCL,2026-08-28,13:51,150.76,150.84,150.69,150.78,21191
ORCL,2026-08-28,13:52,150.71,150.8899,150.71,150.83,131422
ORCL,2026-08-28,13:53,150.815,150.83,150.75,150.7787,11676
ORCL,2026-08-28,13:54,150.82,150.96,150.72,150.75,22132
ORCL,2026-08-28,13:55,150.7,150.725,150.52,150.545,13515
ORCL,2026-08-28,13:56,150.545,150.6015,150.51,150.56,12819
ORCL,2026-08-28,13:57,150.56,150.67,150.56,150.59,7533
ORCL,2026-08-28,13:58,150.53,150.755,150.53,150.73,9385
ORCL,2026-08-28,13:59,150.75,150.8147,150.67,150.72,11147
ORCL,2026-08-28,14:00,150.705,150.82,150.7,150.76,10963
ORCL,2026-08-28,14:01,150.74,150.74,150.6,150.65,7001
ORCL,2026-08-28,14:02,150.66,150.86,150.66,150.84,13546
ORCL,2026-08-28,14:03,150.845,151.115,150.8,151.1005,35800
ORCL,2026-08-28,14:04,151.17,151.38,151.08,151.15,25632
ORCL,2026-08-28,14:05,151.1672,151.2,150.91,150.91,35203
ORCL,2026-08-28,14:06,150.945,151,150.865,150.865,13731
ORCL,2026-08-28,14:07,150.89,150.94,150.8101,150.85,7786
ORCL,2026-08-28,14:08,150.86,150.92,150.73,150.91,12048
ORCL,2026-08-28,14:09,150.91,151.1,150.8992,150.97,17325
ORCL,2026-08-28,14:10,151,151.1,150.8,150.875,16069
ORCL,2026-08-28,14:11,150.95,151.05,150.8001,150.9,10863
ORCL,2026-08-28,14:12,150.85,150.87,150.76,150.8,10031
ORCL,2026-08-28,14:13,150.7999,150.83,150.59,150.6049,10104
ORCL,2026-08-28,14:14,150.595,150.66,150.5578,150.58,15565
ORCL,2026-08-28,14:15,150.58,150.6489,150.55,150.6,8949
ORCL,2026-08-28,14:16,150.6147,150.71,150.585,150.68,7427
ORCL,2026-08-28,14:17,150.68,150.8,150.65,150.79,7415
ORCL,2026-08-28,14:18,150.82,150.895,150.81,150.82,11088
ORCL,2026-08-28,14:19,150.83,150.94,150.83,150.86,8063
ORCL,2026-08-28,14:20,150.84,150.9,150.8341,150.9,11838
ORCL,2026-08-28,14:21,150.86,150.87,150.83,150.86,5525
ORCL,2026-08-28,14:22,150.845,150.91,150.79,150.79,12047
ORCL,2026-08-28,14:23,150.76,150.8,150.56,150.6,10525
ORCL,2026-08-28,14:24,150.605,150.76,150.605,150.7385,14314
ORCL,2026-08-28,14:25,150.75,150.76,150.66,150.7,8081
ORCL,2026-08-28,14:26,150.75,150.83,150.6628,150.79,9454
ORCL,2026-08-28,14:27,150.85,150.945,150.83,150.87,12042
ORCL,2026-08-28,14:28,150.84,150.96,150.8201,150.9,8932
ORCL,2026-08-28,14:29,150.9,150.92,150.715,150.715,17861
ORCL,2026-08-28,14:30,150.74,150.79,150.66,150.68,13756
ORCL,2026-08-28,14:31,150.68,150.73,150.56,150.7135,11881
ORCL,2026-08-28,14:32,150.75,150.825,150.7,150.825,20651
ORCL,2026-08-28,14:33,150.83,150.88,150.77,150.77,13493
ORCL,2026-08-28,14:34,150.8,150.98,150.8,150.94,13095
ORCL,2026-08-28,14:35,150.97,151.07,150.92,151.015,57292
ORCL,2026-08-28,14:36,150.96,150.96,150.8,150.825,11335
ORCL,2026-08-28,14:37,150.82,150.83,150.74,150.74,6830
ORCL,2026-08-28,14:38,150.75,150.75,150.66,150.71,15224
ORCL,2026-08-28,14:39,150.73,150.77,150.68,150.7,5387
ORCL,2026-08-28,14:40,150.7,150.87,150.7,150.83,12170
ORCL,2026-08-28,14:41,150.87,150.9,150.84,150.845,5027
ORCL,2026-08-28,14:42,150.8,150.85,150.76,150.825,14408
ORCL,2026-08-28,14:43,150.825,150.86,150.81,150.86,11420
ORCL,2026-08-28,14:44,150.87,150.9,150.83,150.9,11138
ORCL,2026-08-28,14:45,150.91,151.06,150.91,150.975,14016
ORCL,2026-08-28,14:46,150.99,150.99,150.825,150.84,13293
ORCL,2026-08-28,14:47,150.89,150.915,150.86,150.86,7954
ORCL,2026-08-28,14:48,150.855,150.953,150.8,150.92,12520
ORCL,2026-08-28,14:49,150.9,150.9631,150.8171,150.8171,18593
ORCL,2026-08-28,14:50,150.8,150.8,150.64,150.64,18044
ORCL,2026-08-28,14:51,150.64,150.78,150.5901,150.75,28899
ORCL,2026-08-28,14:52,150.7528,150.88,150.75,150.785,20731
ORCL,2026-08-28,14:53,150.83,150.89,150.8,150.89,26147
ORCL,2026-08-28,14:54,150.93,150.96,150.84,150.86,11487
ORCL,2026-08-28,14:55,150.87,150.92,150.79,150.896,18550
ORCL,2026-08-28,14:56,150.88,150.91,150.85,150.905,15586
ORCL,2026-08-28,14:57,150.93,150.93,150.88,150.9,18363
ORCL,2026-08-28,14:58,150.91,150.96,150.86,150.95,12194
ORCL,2026-08-28,14:59,150.946,150.9661,150.83,150.84,12679
ORCL,2026-08-28,15:00,150.855,151,150.78,150.79,23260
ORCL,2026-08-28,15:01,150.81,151,150.81,150.97,19466
ORCL,2026-08-28,15:02,151.04,151.11,150.9301,151.0497,19583
ORCL,2026-08-28,15:03,151.05,151.0584,150.91,150.9938,27651
ORCL,2026-08-28,15:04,151.05,151.1135,151.02,151.07,19117
ORCL,2026-08-28,15:05,151.06,151.0982,151.0297,151.06,7412
ORCL,2026-08-28,15:06,151.06,151.2,151.03,151.115,67768
ORCL,2026-08-28,15:07,151.12,151.23,151.0901,151.225,13650
ORCL,2026-08-28,15:08,151.25,151.26,151.175,151.175,19305
ORCL,2026-08-28,15:09,151.18,151.23,151.12,151.225,11484
ORCL,2026-08-28,15:10,151.21,151.25,151.01,151.115,27779
ORCL,2026-08-28,15:11,151.135,151.21,151.0567,151.14,10777
ORCL,2026-08-28,15:12,151.15,151.3,151.15,151.26,16815
ORCL,2026-08-28,15:13,151.28,151.32,151.19,151.2,20321
ORCL,2026-08-28,15:14,151.215,151.23,151.135,151.185,18496
ORCL,2026-08-28,15:15,151.185,151.3099,151.18,151.2515,28193
ORCL,2026-08-28,15:16,151.29,151.35,151.19,151.315,20093
ORCL,2026-08-28,15:17,151.315,151.35,151.2401,151.3301,14338
ORCL,2026-08-28,15:18,151.33,151.44,151.3001,151.44,18312
ORCL,2026-08-28,15:19,151.45,151.49,151.4,151.45,26358
ORCL,2026-08-28,15:20,151.42,151.66,151.42,151.58,33319
ORCL,2026-08-28,15:21,151.6,151.67,151.5601,151.585,14482
ORCL,2026-08-28,15:22,151.61,151.69,151.51,151.53,47413
ORCL,2026-08-28,15:23,151.5375,151.56,151.415,151.415,27013
ORCL,2026-08-28,15:24,151.405,151.5,151.405,151.48,15430
ORCL,2026-08-28,15:25,151.45,151.63,151.4005,151.587,19646
ORCL,2026-08-28,15:26,151.6,151.6899,151.53,151.62,15884
ORCL,2026-08-28,15:27,151.66,151.84,151.625,151.84,43387
ORCL,2026-08-28,15:28,151.835,151.85,151.64,151.69,24476
ORCL,2026-08-28,15:29,151.71,151.72,151.55,151.66,23134
ORCL,2026-08-28,15:30,151.655,151.72,151.58,151.665,19799
ORCL,2026-08-28,15:31,151.6651,151.77,151.665,151.74,20628
ORCL,2026-08-28,15:32,151.735,151.85,151.7148,151.76,23788
ORCL,2026-08-28,15:33,151.75,151.78,151.6539,151.71,26403
ORCL,2026-08-28,15:34,151.66,151.75,151.6422,151.6915,24856
ORCL,2026-08-28,15:35,151.71,151.83,151.67,151.7495,42989
ORCL,2026-08-28,15:36,151.75,151.79,151.6,151.65,25196
ORCL,2026-08-28,15:37,151.655,151.67,151.528,151.63,22632
ORCL,2026-08-28,15:38,151.6182,151.68,151.59,151.645,15416
ORCL,2026-08-28,15:39,151.65,151.69,151.51,151.52,37348
ORCL,2026-08-28,15:40,151.57,151.67,151.4801,151.53,43924
ORCL,2026-08-28,15:41,151.54,151.57,151.4286,151.51,42194
ORCL,2026-08-28,15:42,151.54,151.56,151.2201,151.29,48665
ORCL,2026-08-28,15:43,151.28,151.38,151.17,151.37,50219
ORCL,2026-08-28,15:44,151.33,151.36,151.14,151.15,27168
ORCL,2026-08-28,15:45,151.14,151.17,150.95,151.03,53984
ORCL,2026-08-28,15:46,151.025,151.1,150.7701,150.93,65537
ORCL,2026-08-28,15:47,150.85,150.965,150.81,150.81,22041
ORCL,2026-08-28,15:48,150.81,150.88,150.75,150.82,26084
ORCL,2026-08-28,15:49,150.84,151.126,150.83,151,47189
ORCL,2026-08-28,15:50,151.13,151.47,151.13,151.47,72158
ORCL,2026-08-28,15:51,151.47,151.58,151.4,151.425,70304
ORCL,2026-08-28,15:52,151.44,151.47,151.36,151.39,49666
ORCL,2026-08-28,15:53,151.39,151.4194,151.2301,151.295,60252
ORCL,2026-08-28,15:54,151.3,151.34,151.08,151.16,73692
ORCL,2026-08-28,15:55,151.13,151.29,150.855,150.92,116167
ORCL,2026-08-28,15:56,150.95,151.01,150.775,150.99,113356
ORCL,2026-08-28,15:57,151.0335,151.17,150.98,151.08,100369
ORCL,2026-08-28,15:58,151.08,151.14,150.61,150.675,300832
ORCL,2026-08-28,15:59,150.66,150.91,150.51,150.71,421343
ORCL,2026-08-31,09:30,149.31,150.14,148.88,149.21,733038
ORCL,2026-08-31,09:31,149.3999,149.42,148.9603,149.36,33025
ORCL,2026-08-31,09:32,149.5,149.92,149.16,149.16,46650
ORCL,2026-08-31,09:33,149.26,149.61,149,149.59,42091
ORCL,2026-08-31,09:34,149.555,149.76,148.9401,149.35,45823
ORCL,2026-08-31,09:35,149.2907,149.2907,148.9,149.185,50757
ORCL,2026-08-31,09:36,149.18,149.18,148.66,148.7289,190731
ORCL,2026-08-31,09:37,148.77,148.77,148.31,148.6,51518
ORCL,2026-08-31,09:38,148.59,148.79,148.23,148.33,47658
ORCL,2026-08-31,09:39,148.335,148.74,148.335,148.44,52660
ORCL,2026-08-31,09:40,148.435,148.675,148.091,148.18,55633
ORCL,2026-08-31,09:41,148.165,148.265,148.04,148.09,103821
ORCL,2026-08-31,09:42,148.165,148.94,147.75,148.73,195663
ORCL,2026-08-31,09:43,148.8,149.17,148.71,149.025,45477
ORCL,2026-08-31,09:44,148.95,149.0299,148.6,148.8,32662
ORCL,2026-08-31,09:45,148.7,149.08,148.55,148.83,44385
ORCL,2026-08-31,09:46,148.83,149.15,148.65,149.065,37498
ORCL,2026-08-31,09:47,149,149.3,148.64,149.225,53695
ORCL,2026-08-31,09:48,149.27,149.38,149,149.17,36764
ORCL,2026-08-31,09:49,149.17,149.25,148.71,148.9325,31144
ORCL,2026-08-31,09:50,148.94,148.99,148.105,148.23,27968
ORCL,2026-08-31,09:51,148.22,148.71,148.22,148.66,32058
ORCL,2026-08-31,09:52,148.59,148.59,147.99,148,61937
ORCL,2026-08-31,09:53,147.9856,148.35,147.9856,148.235,29667
ORCL,2026-08-31,09:54,148.17,148.55,148.09,148.5368,26183
ORCL,2026-08-31,09:55,148.55,149.1299,148.55,148.85,37461
ORCL,2026-08-31,09:56,148.92,149.1299,148.81,148.88,21445
ORCL,2026-08-31,09:57,148.88,149.04,148.7,149.03,15836
ORCL,2026-08-31,09:58,149.03,149.03,148.47,148.47,30127
ORCL,2026-08-31,09:59,148.54,148.54,148.15,148.5175,30611
ORCL,2026-08-31,10:00,148.455,148.79,148.33,148.69,39496
ORCL,2026-08-31,10:01,148.65,148.6999,148.52,148.555,19155
ORCL,2026-08-31,10:02,148.56,148.7,148.45,148.6,26252
ORCL,2026-08-31,10:03,148.6,148.83,148.54,148.59,18732
ORCL,2026-08-31,10:04,148.575,148.7499,148.4779,148.5875,16343
ORCL,2026-08-31,10:05,148.61,148.76,148.52,148.72,15699
ORCL,2026-08-31,10:06,148.72,148.78,148.34,148.34,16685
ORCL,2026-08-31,10:07,148.415,148.5,148.32,148.44,19231
ORCL,2026-08-31,10:08,148.45,148.89,148.395,148.815,20842
ORCL,2026-08-31,10:09,148.82,148.82,148.38,148.49,16078
ORCL,2026-08-31,10:10,148.555,148.62,148.44,148.575,17833
ORCL,2026-08-31,10:11,148.62,148.775,148.5,148.5,29826
ORCL,2026-08-31,10:12,148.4301,148.57,148.25,148.345,28426
ORCL,2026-08-31,10:13,148.3625,148.42,148.27,148.39,30706
ORCL,2026-08-31,10:14,148.39,148.465,148.27,148.42,13080
ORCL,2026-08-31,10:15,148.41,148.47,148.25,148.31,19544
ORCL,2026-08-31,10:16,148.315,148.54,148.25,148.54,18464
ORCL,2026-08-31,10:17,148.495,148.73,148.47,148.625,48229
ORCL,2026-08-31,10:18,148.67,148.95,148.61,148.7,19145
ORCL,2026-08-31,10:19,148.62,148.88,148.62,148.7379,19838
ORCL,2026-08-31,10:20,148.78,148.87,148.71,148.79,16816
ORCL,2026-08-31,10:21,148.82,149.14,148.76,149.085,25505
ORCL,2026-08-31,10:22,149.085,149.29,149.01,149.06,34284
ORCL,2026-08-31,10:23,149.01,149.01,148.62,148.735,29210
ORCL,2026-08-31,10:24,148.71,148.74,148.56,148.58,28961
ORCL,2026-08-31,10:25,148.57,148.57,148.25,148.315,28875
ORCL,2026-08-31,10:26,148.3,148.4,148.25,148.291,28354
ORCL,2026-08-31,10:27,148.31,148.54,148.25,148.52,34387
ORCL,2026-08-31,10:28,148.45,148.705,148.45,148.65,26741
ORCL,2026-08-31,10:29,148.675,148.675,148.5293,148.57,10660
ORCL,2026-08-31,10:30,148.57,148.8,148.54,148.765,23637
ORCL,2026-08-31,10:31,148.79,148.91,148.63,148.72,29996
ORCL,2026-08-31,10:32,148.735,148.8,148.6358,148.74,14139
ORCL,2026-08-31,10:33,148.71,148.885,148.66,148.82,20971
ORCL,2026-08-31,10:34,148.825,148.8251,148.5,148.55,25262
ORCL,2026-08-31,10:35,148.56,148.85,148.53,148.84,23779
ORCL,2026-08-31,10:36,148.84,149.08,148.7968,149,26973
ORCL,2026-08-31,10:37,148.98,149.1,148.98,149.05,24718
ORCL,2026-08-31,10:38,149,149.17,148.9301,149.045,25782
ORCL,2026-08-31,10:39,149.05,149.14,149,149.025,13886
ORCL,2026-08-31,10:40,149.01,149.2,148.97,149.105,24453
ORCL,2026-08-31,10:41,149.16,149.41,149.094,149.25,61065
ORCL,2026-08-31,10:42,149.31,149.31,149.0718,149.21,16955
ORCL,2026-08-31,10:43,149.21,149.3,149.11,149.18,28301
ORCL,2026-08-31,10:44,149.165,149.165,148.85,148.96,31331
ORCL,2026-08-31,10:45,149.01,149.14,148.95,148.98,22758
ORCL,2026-08-31,10:46,148.98,149.18,148.92,148.96,76835
ORCL,2026-08-31,10:47,148.94,148.98,148.86,148.98,13040
ORCL,2026-08-31,10:48,148.99,149.04,148.86,148.88,8404
ORCL,2026-08-31,10:49,148.88,148.94,148.78,148.86,24931
ORCL,2026-08-31,10:50,148.83,148.95,148.64,148.95,21085
ORCL,2026-08-31,10:51,148.88,149.06,148.87,149.035,14291
ORCL,2026-08-31,10:52,149.094,149.25,148.97,149.1935,26281
ORCL,2026-08-31,10:53,149.23,149.2578,149.13,149.15,12048
ORCL,2026-08-31,10:54,149.17,149.4,149.15,149.3914,34702
ORCL,2026-08-31,10:55,149.375,149.3999,149.22,149.3999,31943
ORCL,2026-08-31,10:56,149.355,149.625,149.33,149.5184,34834
ORCL,2026-08-31,10:57,149.565,149.87,149.5,149.745,55866
ORCL,2026-08-31,10:58,149.79,149.82,149.6401,149.72,36907
ORCL,2026-08-31,10:59,149.72,149.95,149.67,149.86,47061
ORCL,2026-08-31,11:00,149.855,150,149.65,149.75,65193
ORCL,2026-08-31,11:01,149.825,149.865,149.73,149.81,15627
ORCL,2026-08-31,11:02,149.7701,149.81,149.5218,149.53,16972
ORCL,2026-08-31,11:03,149.58,149.78,149.465,149.765,23934
ORCL,2026-08-31,11:04,149.82,149.8999,149.67,149.82,28746
ORCL,2026-08-31,11:05,149.79,149.82,149.6083,149.74,28587
ORCL,2026-08-31,11:06,149.7713,149.96,149.74,149.94,21501
ORCL,2026-08-31,11:07,149.96,150.16,149.84,149.9,32844
ORCL,2026-08-31,11:08,149.86,149.91,149.73,149.895,22095
ORCL,2026-08-31,11:09,149.895,149.959,149.77,149.82,21847
ORCL,2026-08-31,11:10,149.81,150.1031,149.7805,150,13444
ORCL,2026-08-31,11:11,150.04,150.04,149.83,149.875,15853
ORCL,2026-08-31,11:12,149.85,149.96,149.7685,149.84,20521
ORCL,2026-08-31,11:13,149.825,149.88,149.65,149.65,12728
ORCL,2026-08-31,11:14,149.66,149.77,149.57,149.635,56043
ORCL,2026-08-31,11:15,149.68,149.777,149.66,149.73,12047
ORCL,2026-08-31,11:16,149.77,149.85,149.68,149.6972,9747
ORCL,2026-08-31,11:17,149.6,149.63,149.5201,149.61,9825
ORCL,2026-08-31,11:18,149.625,149.78,149.625,149.6841,21579
ORCL,2026-08-31,11:19,149.7,149.75,149.65,149.66,12715
ORCL,2026-08-31,11:20,149.71,149.71,149.495,149.665,31215
ORCL,2026-08-31,11:21,149.665,149.86,149.61,149.86,15434
ORCL,2026-08-31,11:22,149.83,149.87,149.78,149.78,17886
ORCL,2026-08-31,11:23,149.78,149.9636,149.7301,149.92,14105
ORCL,2026-08-31,11:24,149.89,149.95,149.8201,149.92,10203
ORCL,2026-08-31,11:25,149.98,150.08,149.93,149.93,20577
ORCL,2026-08-31,11:26,149.94,150.025,149.91,150.025,15406
ORCL,2026-08-31,11:27,149.99,150.1899,149.985,150.165,11985
ORCL,2026-08-31,11:28,150.16,150.19,150.03,150.07,32526
ORCL,2026-08-31,11:29,150.045,150.07,149.82,149.88,31725
ORCL,2026-08-31,11:30,149.875,149.875,149.5492,149.57,28460
ORCL,2026-08-31,11:31,149.6,149.62,149.4,149.51,23404
ORCL,2026-08-31,11:32,149.51,149.55,149.39,149.436,10409
ORCL,2026-08-31,11:33,149.42,149.6107,149.3502,149.585,12431
ORCL,2026-08-31,11:34,149.61,149.64,149.53,149.62,25222
ORCL,2026-08-31,11:35,149.62,149.6599,149.43,149.45,15502
ORCL,2026-08-31,11:36,149.4899,149.58,149.45,149.53,33179
ORCL,2026-08-31,11:37,149.54,149.55,149.46,149.55,6732
ORCL,2026-08-31,11:38,149.525,149.66,149.49,149.5,25804
ORCL,2026-08-31,11:39,149.5,149.54,149.4466,149.49,7327
ORCL,2026-08-31,11:40,149.49,149.52,149.45,149.46,9023
ORCL,2026-08-31,11:41,149.46,149.58,149.4,149.58,19052
ORCL,2026-08-31,11:42,149.55,149.795,149.55,149.774,41319
ORCL,2026-08-31,11:43,149.795,149.855,149.7201,149.765,17748
ORCL,2026-08-31,11:44,149.765,149.81,149.7,149.735,11988
ORCL,2026-08-31,11:45,149.71,149.86,149.6,149.6,13631
ORCL,2026-08-31,11:46,149.66,149.73,149.63,149.71,16136
ORCL,2026-08-31,11:47,149.68,149.7195,149.48,149.53,26588
ORCL,2026-08-31,11:48,149.51,149.52,149.3,149.4,25201
ORCL,2026-08-31,11:49,149.4,149.475,149.3,149.4275,15700
ORCL,2026-08-31,11:50,149.425,149.6,149.425,149.56,10887
ORCL,2026-08-31,11:51,149.5632,149.66,149.3956,149.425,26968
ORCL,2026-08-31,11:52,149.4325,149.47,149.34,149.3899,21269
ORCL,2026-08-31,11:53,149.39,149.5,149.38,149.4106,15741
ORCL,2026-08-31,11:54,149.45,149.45,149.33,149.41,17821
ORCL,2026-08-31,11:55,149.4,149.455,149.33,149.43,20198
ORCL,2026-08-31,11:56,149.43,149.48,149.3,149.305,29525
ORCL,2026-08-31,11:57,149.32,149.4,149.295,149.36,13027
ORCL,2026-08-31,11:58,149.39,149.41,149.3,149.365,17864
ORCL,2026-08-31,11:59,149.37,149.38,149.27,149.3,9969
ORCL,2026-08-31,12:00,149.31,149.34,149.215,149.28,35370
ORCL,2026-08-31,12:01,149.26,149.38,149.16,149.3101,18374
ORCL,2026-08-31,12:02,149.34,149.42,149.335,149.38,9322
ORCL,2026-08-31,12:03,149.35,149.42,149.3144,149.39,33175
ORCL,2026-08-31,12:04,149.4,149.43,149.2,149.2501,17912
ORCL,2026-08-31,12:05,149.29,149.33,149.26,149.3,6845
ORCL,2026-08-31,12:06,149.315,149.38,149.28,149.35,10862
ORCL,2026-08-31,12:07,149.365,149.5,149.365,149.485,15592
ORCL,2026-08-31,12:08,149.47,149.57,149.36,149.5301,23077
ORCL,2026-08-31,12:09,149.53,149.6,149.5,149.515,10367
ORCL,2026-08-31,12:10,149.5001,149.6,149.48,149.565,12639
ORCL,2026-08-31,12:11,149.57,149.67,149.53,149.67,18671
ORCL,2026-08-31,12:12,149.6746,149.75,149.6308,149.655,13210
ORCL,2026-08-31,12:13,149.63,149.63,149.48,149.485,19107
ORCL,2026-08-31,12:14,149.44,149.51,149.4,149.51,17360
ORCL,2026-08-31,12:15,149.53,149.605,149.51,149.565,10902
ORCL,2026-08-31,12:16,149.52,149.68,149.46,149.68,45013
ORCL,2026-08-31,12:17,149.675,149.675,149.3,149.36,31116
ORCL,2026-08-31,12:18,149.33,149.36,149.04,149.18,26332
ORCL,2026-08-31,12:19,149.165,149.315,149.165,149.3,9295
ORCL,2026-08-31,12:20,149.31,149.49,149.31,149.44,6144
ORCL,2026-08-31,12:21,149.48,149.48,149.37,149.4799,12576
ORCL,2026-08-31,12:22,149.43,149.43,149.28,149.355,19957
ORCL,2026-08-31,12:23,149.355,149.3594,149.26,149.3,16051
ORCL,2026-08-31,12:24,149.31,149.48,149.28,149.4,16553
ORCL,2026-08-31,12:25,149.43,149.56,149.43,149.515,18586
ORCL,2026-08-31,12:26,149.54,149.56,149.46,149.5303,12315
ORCL,2026-08-31,12:27,149.565,149.565,149.39,149.46,38599
ORCL,2026-08-31,12:28,149.48,149.58,149.48,149.58,7773
ORCL,2026-08-31,12:29,149.58,149.6,149.46,149.49,15729
ORCL,2026-08-31,12:30,149.49,149.57,149.42,149.53,17903
ORCL,2026-08-31,12:31,149.55,149.6,149.3801,149.48,9027
ORCL,2026-08-31,12:32,149.46,149.48,149.345,149.345,18561
ORCL,2026-08-31,12:33,149.34,149.375,149.3,149.32,16927
ORCL,2026-08-31,12:34,149.325,149.37,149.29,149.35,81083
ORCL,2026-08-31,12:35,149.355,149.4851,149.355,149.41,13611
ORCL,2026-08-31,12:36,149.41,149.455,149.39,149.43,26469
ORCL,2026-08-31,12:37,149.4101,149.4101,149.33,149.33,18077
ORCL,2026-08-31,12:38,149.33,149.35,149.28,149.335,21673
ORCL,2026-08-31,12:39,149.34,149.37,149.31,149.3291,10477
ORCL,2026-08-31,12:40,149.36,149.36,149.0705,149.08,32960
ORCL,2026-08-31,12:41,149.06,149.3099,149.06,149.3099,25725
ORCL,2026-08-31,12:42,149.27,149.33,149.13,149.19,29631
ORCL,2026-08-31,12:43,149.17,149.33,149.12,149.3,19463
ORCL,2026-08-31,12:44,149.32,149.35,149.1901,149.1901,15295
ORCL,2026-08-31,12:45,149.21,149.4,149.21,149.3,16534
ORCL,2026-08-31,12:46,149.36,149.36,149.25,149.28,13691
ORCL,2026-08-31,12:47,149.25,149.275,149.22,149.22,9392
ORCL,2026-08-31,12:48,149.165,149.3135,149.05,149.285,19258
ORCL,2026-08-31,12:49,149.3283,149.455,149.3101,149.455,17825
ORCL,2026-08-31,12:50,149.4625,149.58,149.455,149.5,37366
ORCL,2026-08-31,12:51,149.512,149.54,149.375,149.45,27290
ORCL,2026-08-31,12:52,149.38,149.46,149.34,149.36,26191
ORCL,2026-08-31,12:53,149.345,149.4445,149.345,149.4445,8574
ORCL,2026-08-31,12:54,149.42,149.46,149.39,149.44,18907
ORCL,2026-08-31,12:55,149.47,149.54,149.46,149.48,13389
ORCL,2026-08-31,12:56,149.44,149.5707,149.44,149.54,9671
ORCL,2026-08-31,12:57,149.5,149.6,149.46,149.6,7845
ORCL,2026-08-31,12:58,149.56,149.58,149.4768,149.495,7682
ORCL,2026-08-31,12:59,149.45,149.5299,149.35,149.5299,21621
ORCL,2026-08-31,13:00,149.495,149.495,149.31,149.365,9318
ORCL,2026-08-31,13:01,149.39,149.44,149.33,149.42,10859
ORCL,2026-08-31,13:02,149.39,149.425,149.28,149.2809,15790
ORCL,2026-08-31,13:03,149.295,149.295,149.1325,149.1325,20751
ORCL,2026-08-31,13:04,149.12,149.12,149.05,149.08,11372
ORCL,2026-08-31,13:05,149.11,149.19,149.11,149.18,13318
ORCL,2026-08-31,13:06,149.15,149.1899,149.09,149.18,8731
ORCL,2026-08-31,13:07,149.13,149.245,149.08,149.12,38945
ORCL,2026-08-31,13:08,149.11,149.24,149.03,149.03,34768
ORCL,2026-08-31,13:09,149.035,149.075,148.94,148.945,30885
ORCL,2026-08-31,13:10,148.96,148.97,148.88,148.88,11236
ORCL,2026-08-31,13:11,148.865,148.89,148.6,148.665,46867
ORCL,2026-08-31,13:12,148.6899,148.77,148.5,148.66,48277
ORCL,2026-08-31,13:13,148.6857,148.85,148.66,148.815,50963
ORCL,2026-08-31,13:14,148.78,148.96,148.75,148.94,22000
ORCL,2026-08-31,13:15,148.93,149.09,148.835,149.09,34803
ORCL,2026-08-31,13:16,149.066,149.24,149.04,149.23,24954
ORCL,2026-08-31,13:17,149.2221,149.29,149.18,149.19,18012
ORCL,2026-08-31,13:18,149.185,149.2142,148.98,148.99,13562
ORCL,2026-08-31,13:19,149,149.03,148.83,148.945,14767
ORCL,2026-08-31,13:20,148.96,149.01,148.95,148.985,8316
ORCL,2026-08-31,13:21,148.98,149,148.92,148.97,8721
ORCL,2026-08-31,13:22,148.9799,149.0625,148.945,149.025,8214
ORCL,2026-08-31,13:23,149.025,149.07,149.025,149.06,12698
ORCL,2026-08-31,13:24,149.06,149.08,148.97,148.985,12313
ORCL,2026-08-31,13:25,148.9651,149.01,148.9,148.94,9504
ORCL,2026-08-31,13:26,148.925,148.9325,148.8001,148.85,23187
ORCL,2026-08-31,13:27,148.86,148.89,148.8401,148.875,6887
ORCL,2026-08-31,13:28,148.88,148.94,148.86,148.89,11792
ORCL,2026-08-31,13:29,148.86,148.87,148.81,148.85,6475
ORCL,2026-08-31,13:30,148.85,148.855,148.76,148.82,14069
ORCL,2026-08-31,13:31,148.85,148.91,148.83,148.91,18467
ORCL,2026-08-31,13:32,148.93,149.04,148.87,148.97,14653
ORCL,2026-08-31,13:33,148.97,149.14,148.9601,149.14,30944
ORCL,2026-08-31,13:34,149.115,149.13,149.02,149.085,9552
ORCL,2026-08-31,13:35,149.04,149.15,148.96,148.985,32454
ORCL,2026-08-31,13:36,148.98,149.21,148.96,149.21,11368
ORCL,2026-08-31,13:37,149.22,149.22,149.115,149.14,8640
ORCL,2026-08-31,13:38,149.135,149.14,149.065,149.11,11031
ORCL,2026-08-31,13:39,149.12,149.135,149.04,149.135,24411
ORCL,2026-08-31,13:40,149.17,149.2491,149.15,149.18,16248
ORCL,2026-08-31,13:41,149.2051,149.435,149.18,149.41,23954
ORCL,2026-08-31,13:42,149.425,149.49,149.42,149.47,24913
ORCL,2026-08-31,13:43,149.46,149.52,149.42,149.51,18409
ORCL,2026-08-31,13:44,149.54,149.64,149.51,149.585,16042
ORCL,2026-08-31,13:45,149.585,149.615,149.51,149.57,22419
ORCL,2026-08-31,13:46,149.57,149.7,149.5401,149.65,13960
ORCL,2026-08-31,13:47,149.645,149.75,149.61,149.75,29138
ORCL,2026-08-31,13:48,149.78,149.83,149.735,149.79,13712
ORCL,2026-08-31,13:49,149.83,149.83,149.65,149.6825,25290
ORCL,2026-08-31,13:50,149.695,149.82,149.69,149.75,14768
ORCL,2026-08-31,13:51,149.785,149.889,149.77,149.8325,22615
ORCL,2026-08-31,13:52,149.85,149.87,149.77,149.77,10246
ORCL,2026-08-31,13:53,149.78,149.84,149.75,149.81,16833
ORCL,2026-08-31,13:54,149.835,149.91,149.81,149.83,24511
ORCL,2026-08-31,13:55,149.83,149.905,149.7901,149.8697,31766
ORCL,2026-08-31,13:56,149.87,149.915,149.74,149.7901,18156
ORCL,2026-08-31,13:57,149.8,149.889,149.7842,149.8,16460
ORCL,2026-08-31,13:58,149.79,149.82,149.715,149.791,13182
ORCL,2026-08-31,13:59,149.76,149.84,149.76,149.76,12631
ORCL,2026-08-31,14:00,149.72,149.805,149.65,149.8,11716
ORCL,2026-08-31,14:01,149.8299,149.87,149.76,149.869,18298
ORCL,2026-08-31,14:02,149.87,149.91,149.81,149.87,28905
ORCL,2026-08-31,14:03,149.89,150.105,149.86,150.105,39127
ORCL,2026-08-31,14:04,150.13,150.13,150.04,150.09,12282
ORCL,2026-08-31,14:05,150.1,150.2,149.98,150.04,89353
ORCL,2026-08-31,14:06,150.02,150.14,149.98,150.085,23088
ORCL,2026-08-31,14:07,150.07,150.17,150,150.12,13682
ORCL,2026-08-31,14:08,150.16,150.54,150.16,150.465,293764
ORCL,2026-08-31,14:09,150.43,150.56,150.32,150.49,44611
ORCL,2026-08-31,14:10,150.4301,150.51,150.26,150.3407,27347
ORCL,2026-08-31,14:11,150.385,150.43,150.27,150.27,18243
ORCL,2026-08-31,14:12,150.3,150.3399,150.16,150.285,22957
ORCL,2026-08-31,14:13,150.32,150.47,150.31,150.4236,20875
ORCL,2026-08-31,14:14,150.48,150.6,150.38,150.45,39748
ORCL,2026-08-31,14:15,150.465,150.66,150.44,150.51,47787
ORCL,2026-08-31,14:16,150.485,150.65,150.465,150.555,40038
ORCL,2026-08-31,14:17,150.555,150.555,150.34,150.38,21176
ORCL,2026-08-31,14:18,150.38,150.46,150.38,150.41,13384
ORCL,2026-08-31,14:19,150.41,150.48,150.3,150.315,20178
ORCL,2026-08-31,14:20,150.37,150.445,150.33,150.4,23611
ORCL,2026-08-31,14:21,150.36,150.5399,150.32,150.46,38001
ORCL,2026-08-31,14:22,150.39,150.39,150.28,150.35,41948
ORCL,2026-08-31,14:23,150.37,150.65,150.31,150.615,30702
ORCL,2026-08-31,14:24,150.5953,150.625,150.54,150.54,15325
ORCL,2026-08-31,14:25,150.535,150.5356,150.4,150.5356,19141
ORCL,2026-08-31,14:26,150.51,150.54,150.43,150.465,17997
ORCL,2026-08-31,14:27,150.43,150.53,150.43,150.51,13440
ORCL,2026-08-31,14:28,150.53,150.57,150.49,150.49,17463
ORCL,2026-08-31,14:29,150.49,150.51,150.38,150.41,36500
ORCL,2026-08-31,14:30,150.415,150.49,150.3504,150.46,21802
ORCL,2026-08-31,14:31,150.45,150.45,150.325,150.39,10620
ORCL,2026-08-31,14:32,150.42,150.47,150.35,150.42,10061
ORCL,2026-08-31,14:33,150.44,150.6,150.33,150.54,29983
ORCL,2026-08-31,14:34,150.545,150.6,150.4266,150.44,48243
ORCL,2026-08-31,14:35,150.435,150.5099,150.43,150.45,22964
ORCL,2026-08-31,14:36,150.44,150.4859,150.35,150.4,50251
ORCL,2026-08-31,14:37,150.39,150.51,150.39,150.51,35218
ORCL,2026-08-31,14:38,150.5,150.5,150.445,150.46,11086
ORCL,2026-08-31,14:39,150.445,150.5,150.42,150.44,17122
ORCL,2026-08-31,14:40,150.42,150.51,150.3801,150.495,18337
ORCL,2026-08-31,14:41,150.505,150.57,150.4775,150.48,35368
ORCL,2026-08-31,14:42,150.47,150.5699,150.47,150.5451,14205
ORCL,2026-08-31,14:43,150.55,150.55,150.375,150.415,29947
ORCL,2026-08-31,14:44,150.415,150.51,150.3899,150.46,16716
ORCL,2026-08-31,14:45,150.485,150.485,150.385,150.42,31801
ORCL,2026-08-31,14:46,150.37,150.45,150.35,150.43,22608
ORCL,2026-08-31,14:47,150.45,150.53,150.43,150.5,22422
ORCL,2026-08-31,14:48,150.48,150.63,150.475,150.61,10826
ORCL,2026-08-31,14:49,150.63,150.85,150.56,150.8,24569
ORCL,2026-08-31,14:50,150.815,150.8714,150.5027,150.77,51469
ORCL,2026-08-31,14:51,150.762,150.86,150.75,150.75,40092
ORCL,2026-08-31,14:52,150.765,150.8011,150.54,150.575,38788
ORCL,2026-08-31,14:53,150.61,150.79,150.59,150.765,27608
ORCL,2026-08-31,14:54,150.765,150.91,150.765,150.91,32402
ORCL,2026-08-31,14:55,150.91,150.92,150.77,150.77,38751
ORCL,2026-08-31,14:56,150.8,150.9,150.71,150.895,48391
ORCL,2026-08-31,14:57,150.9,150.93,150.785,150.805,30418
ORCL,2026-08-31,14:58,150.81,150.94,150.81,150.895,19074
ORCL,2026-08-31,14:59,150.9,150.92,150.71,150.71,23694
ORCL,2026-08-31,15:00,150.71,150.88,150.71,150.84,25372
ORCL,2026-08-31,15:01,150.84,150.916,150.79,150.87,20734
ORCL,2026-08-31,15:02,150.89,151.05,150.89,151.05,49538
ORCL,2026-08-31,15:03,151.03,151.0499,150.85,150.895,33409
ORCL,2026-08-31,15:04,150.9,150.9799,150.88,150.92,54148
ORCL,2026-08-31,15:05,150.94,151.03,150.88,150.97,40589
ORCL,2026-08-31,15:06,150.97,150.995,150.86,150.9,28873
ORCL,2026-08-31,15:07,150.895,150.99,150.895,150.98,22316
ORCL,2026-08-31,15:08,150.98,151.18,150.98,151.1025,28800
ORCL,2026-08-31,15:09,151.08,151.24,151.075,151.205,57988
ORCL,2026-08-31,15:10,151.205,151.26,151.13,151.155,29217
ORCL,2026-08-31,15:11,151.16,151.22,151.1236,151.195,28078
ORCL,2026-08-31,15:12,151.2,151.23,151.05,151.09,30627
ORCL,2026-08-31,15:13,151.08,151.1613,150.79,150.79,42343
ORCL,2026-08-31,15:14,150.79,150.9698,150.67,150.67,57339
ORCL,2026-08-31,15:15,150.72,150.73,150.65,150.705,18121
ORCL,2026-08-31,15:16,150.67,150.78,150.64,150.725,18886
ORCL,2026-08-31,15:17,150.73,150.76,150.58,150.6,32359
ORCL,2026-08-31,15:18,150.5848,150.64,150.44,150.46,22241
ORCL,2026-08-31,15:19,150.46,150.475,150.27,150.2901,77732
ORCL,2026-08-31,15:20,150.29,150.46,150.29,150.41,18830
ORCL,2026-08-31,15:21,150.39,150.4734,150.39,150.41,16360
ORCL,2026-08-31,15:22,150.38,150.38,150.25,150.3252,37823
ORCL,2026-08-31,15:23,150.34,150.34,150.23,150.23,13892
ORCL,2026-08-31,15:24,150.25,150.25,150.12,150.17,16348
ORCL,2026-08-31,15:25,150.16,150.22,150.11,150.19,16375
ORCL,2026-08-31,15:26,150.18,150.2299,150.06,150.11,18998
ORCL,2026-08-31,15:27,150.135,150.2,150.08,150.2,25252
ORCL,2026-08-31,15:28,150.195,150.23,150.14,150.18,20621
ORCL,2026-08-31,15:29,150.175,150.22,150.1,150.19,23493
ORCL,2026-08-31,15:30,150.195,150.2,150.1062,150.135,17638
ORCL,2026-08-31,15:31,150.16,150.18,149.76,149.82,40020
ORCL,2026-08-31,15:32,149.84,149.84,149.72,149.76,17703
ORCL,2026-08-31,15:33,149.72,149.8,149.67,149.77,43985
ORCL,2026-08-31,15:34,149.72,149.865,149.63,149.855,24916
ORCL,2026-08-31,15:35,149.86,149.955,149.7525,149.955,33459
ORCL,2026-08-31,15:36,149.97,150,149.9125,149.9346,18766
ORCL,2026-08-31,15:37,149.92,150.1262,149.847,150.055,31437
ORCL,2026-08-31,15:38,150.04,150.08,149.96,150.08,24831
ORCL,2026-08-31,15:39,150.0668,150.145,150.02,150.07,17202
ORCL,2026-08-31,15:40,150.109,150.18,150.04,150.13,32611
ORCL,2026-08-31,15:41,150.12,150.16,150.08,150.16,20970
ORCL,2026-08-31,15:42,150.14,150.33,150.1113,150.2988,40422
ORCL,2026-08-31,15:43,150.33,150.37,150.2301,150.295,24094
ORCL,2026-08-31,15:44,150.295,150.33,150.22,150.3,20473
ORCL,2026-08-31,15:45,150.27,150.285,150.035,150.23,42279
ORCL,2026-08-31,15:46,150.22,150.27,150.16,150.17,30978
ORCL,2026-08-31,15:47,150.205,150.23,150.03,150.115,35496
ORCL,2026-08-31,15:48,150.11,150.16,150.06,150.08,37896
ORCL,2026-08-31,15:49,150.08,150.08,149.85,149.88,59759
ORCL,2026-08-31,15:50,149.87,150.07,149.74,149.75,67537
ORCL,2026-08-31,15:51,149.74,149.76,149.52,149.6117,118323
ORCL,2026-08-31,15:52,149.62,149.62,149.42,149.58,164193
ORCL,2026-08-31,15:53,149.58,149.72,149.57,149.72,33716
ORCL,2026-08-31,15:54,149.71,149.91,149.64,149.88,69574
ORCL,2026-08-31,15:55,149.89,149.94,149.7054,149.72,72100
ORCL,2026-08-31,15:56,149.7,149.76,149.475,149.475,69955
ORCL,2026-08-31,15:57,149.48,149.62,149.41,149.44,114837
ORCL,2026-08-31,15:58,149.45,149.475,149.27,149.29,192882
ORCL,2026-08-31,15:59,149.29,149.37,149.01,149.11,420086
ORCL,2026-09-01,09:30,146.75,146.79,143.51,143.68,1272655
ORCL,2026-09-01,09:31,143.5,144.84,143.36,144.15,133805
ORCL,2026-09-01,09:32,144.3,145.23,144.14,145.05,74247
ORCL,2026-09-01,09:33,144.915,145.21,144.45,144.5,139435
ORCL,2026-09-01,09:34,144.4509,144.92,144.21,144.79,97476
ORCL,2026-09-01,09:35,144.86,146.26,144.85,146.16,104166
ORCL,2026-09-01,09:36,146.17,146.17,145.31,145.55,94866
ORCL,2026-09-01,09:37,145.5,145.68,145.11,145.31,52593
ORCL,2026-09-01,09:38,145.2,145.5,144.65,144.76,108034
ORCL,2026-09-01,09:39,144.65,144.77,144.055,144.2107,109195
ORCL,2026-09-01,09:40,144.2,144.2,143.5,143.5,184714
ORCL,2026-09-01,09:41,143.5,143.756,143.35,143.7,137319
ORCL,2026-09-01,09:42,143.7,143.88,143.53,143.86,97347
ORCL,2026-09-01,09:43,143.85,144.6199,143.791,144.465,94259
ORCL,2026-09-01,09:44,144.465,144.52,144.23,144.345,115020
ORCL,2026-09-01,09:45,144.33,144.922,144.13,144.922,70029
ORCL,2026-09-01,09:46,144.93,145.2,144.61,144.805,87685
ORCL,2026-09-01,09:47,144.8,145,144.66,144.725,46307
ORCL,2026-09-01,09:48,144.64,144.92,144.41,144.5681,72436
ORCL,2026-09-01,09:49,144.41,144.59,144.3542,144.51,27532
ORCL,2026-09-01,09:50,144.535,144.7491,144.34,144.56,67434
ORCL,2026-09-01,09:51,144.625,144.6783,144.375,144.46,41332
ORCL,2026-09-01,09:52,144.43,144.5486,143.72,143.8,88975
ORCL,2026-09-01,09:53,143.82,144.221,143.74,144.22,37399
ORCL,2026-09-01,09:54,144.22,144.3515,144.04,144.12,45430
ORCL,2026-09-01,09:55,144.15,144.57,144.1,144.51,34814
ORCL,2026-09-01,09:56,144.51,144.54,144.04,144.0407,65215
ORCL,2026-09-01,09:57,144.0875,144.31,143.9,144.14,62214
ORCL,2026-09-01,09:58,144.11,144.25,143.91,143.9873,74323
ORCL,2026-09-01,09:59,143.99,144,143.76,143.76,46595
ORCL,2026-09-01,10:00,143.8982,143.96,143.59,143.73,89003
ORCL,2026-09-01,10:01,143.74,144.15,143.74,144.035,65791
ORCL,2026-09-01,10:02,144.035,144.09,143.77,143.985,92484
ORCL,2026-09-01,10:03,143.97,143.97,143.67,143.77,70271
ORCL,2026-09-01,10:04,143.7894,143.8299,143.549,143.549,62241
ORCL,2026-09-01,10:05,143.53,143.94,143.4,143.815,80038
ORCL,2026-09-01,10:06,143.83,144.15,143.76,144.13,56888
ORCL,2026-09-01,10:07,144.14,144.2,143.85,144.11,60294
ORCL,2026-09-01,10:08,144.08,144.18,144,144.09,32014
ORCL,2026-09-01,10:09,144.1,144.25,144,144.18,48867
ORCL,2026-09-01,10:10,144.19,144.3,144.1305,144.22,46385
ORCL,2026-09-01,10:11,144.185,144.2999,143.88,143.905,102393
ORCL,2026-09-01,10:12,143.87,143.895,143.46,143.58,149006
ORCL,2026-09-01,10:13,143.59,143.75,143.5185,143.55,75700
ORCL,2026-09-01,10:14,143.5699,143.73,143.5,143.655,61921
ORCL,2026-09-01,10:15,143.62,143.9713,143.56,143.925,63321
ORCL,2026-09-01,10:16,143.925,143.9594,143.7,143.775,50678
ORCL,2026-09-01,10:17,143.7975,143.82,143.58,143.675,39721
ORCL,2026-09-01,10:18,143.68,143.86,143.48,143.56,70623
ORCL,2026-09-01,10:19,143.55,143.6552,143.44,143.48,27453
ORCL,2026-09-01,10:20,143.52,143.9,143.47,143.81,140507
ORCL,2026-09-01,10:21,143.81,143.83,143.63,143.63,94216
ORCL,2026-09-01,10:22,143.61,143.73,143.5206,143.6,50609
ORCL,2026-09-01,10:23,143.54,143.5451,142.91,143.07,287063
ORCL,2026-09-01,10:24,143.035,143.1499,142.85,142.99,82755
ORCL,2026-09-01,10:25,142.95,143.3685,142.91,143.25,92193
ORCL,2026-09-01,10:26,143.2,143.23,142.95,143.01,68697
ORCL,2026-09-01,10:27,143,143.085,142.75,142.8005,86773
ORCL,2026-09-01,10:28,142.9,142.96,142.8,142.93,48797
ORCL,2026-09-01,10:29,142.94,143,142.66,142.75,54212
ORCL,2026-09-01,10:30,142.76,142.95,142.73,142.9176,49086
ORCL,2026-09-01,10:31,142.93,143.2599,142.91,143.16,55458
ORCL,2026-09-01,10:32,143.186,143.3399,143.05,143.2691,59605
ORCL,2026-09-01,10:33,143.32,143.49,143.25,143.45,37426
ORCL,2026-09-01,10:34,143.45,143.48,143.26,143.44,42750
ORCL,2026-09-01,10:35,143.4,143.61,143.36,143.4,41198
ORCL,2026-09-01,10:36,143.377,143.45,143.2,143.231,36017
ORCL,2026-09-01,10:37,143.23,143.43,143.23,143.37,27274
ORCL,2026-09-01,10:38,143.355,143.45,143.27,143.2901,60218
ORCL,2026-09-01,10:39,143.27,143.28,143.1,143.115,25900
ORCL,2026-09-01,10:40,143.1,143.2173,143.03,143.09,56983
ORCL,2026-09-01,10:41,143.14,143.14,142.92,142.92,40517
ORCL,2026-09-01,10:42,142.95,143.08,142.82,143.065,46048
ORCL,2026-09-01,10:43,143.03,143.2599,143.0067,143.16,91168
ORCL,2026-09-01,10:44,143.15,143.2,143.01,143.1552,43854
ORCL,2026-09-01,10:45,143.12,143.215,143.11,143.135,24042
ORCL,2026-09-01,10:46,143.15,143.2999,143.11,143.2882,53379
ORCL,2026-09-01,10:47,143.275,143.4,143.25,143.365,35654
ORCL,2026-09-01,10:48,143.3239,143.37,143.2,143.25,32360
ORCL,2026-09-01,10:49,143.24,143.25,143.06,143.06,23334
ORCL,2026-09-01,10:50,143.06,143.112,142.965,143.03,37382
ORCL,2026-09-01,10:51,143.03,143.15,143.01,143.095,25845
ORCL,2026-09-01,10:52,143.06,143.15,143.02,143.11,30827
ORCL,2026-09-01,10:53,143.15,143.23,143.04,143.17,21794
ORCL,2026-09-01,10:54,143.232,143.232,143.06,143.12,25032
ORCL,2026-09-01,10:55,143.11,143.25,143.0302,143.14,29367
ORCL,2026-09-01,10:56,143.17,143.35,143.16,143.3175,28623
ORCL,2026-09-01,10:57,143.305,143.35,143.1,143.1101,26167
ORCL,2026-09-01,10:58,143.11,143.12,143.03,143.06,16174
ORCL,2026-09-01,10:59,143.08,143.08,142.65,142.73,143439
ORCL,2026-09-01,11:00,142.71,142.89,142.7,142.85,42008
ORCL,2026-09-01,11:01,142.81,143,142.77,142.885,32363
ORCL,2026-09-01,11:02,142.885,142.975,142.8,142.83,37002
ORCL,2026-09-01,11:03,142.8,142.87,142.68,142.73,53513
ORCL,2026-09-01,11:04,142.7378,142.76,142.56,142.69,48700
ORCL,2026-09-01,11:05,142.69,142.72,142.61,142.6212,33014
ORCL,2026-09-01,11:06,142.6,142.6,142.26,142.33,152788
ORCL,2026-09-01,11:07,142.32,142.38,142.2,142.23,145331
ORCL,2026-09-01,11:08,142.24,142.4,142.21,142.3,81163
ORCL,2026-09-01,11:09,142.34,142.5,142.27,142.475,76031
ORCL,2026-09-01,11:10,142.43,142.59,142.3679,142.39,60976
ORCL,2026-09-01,11:11,142.385,142.51,142.23,142.255,55327
ORCL,2026-09-01,11:12,142.255,142.27,142.11,142.25,76950
ORCL,2026-09-01,11:13,142.245,142.45,142.23,142.35,45067
ORCL,2026-09-01,11:14,142.34,142.44,142.12,142.12,73817
ORCL,2026-09-01,11:15,142.12,142.33,142.09,142.235,59730
ORCL,2026-09-01,11:16,142.23,142.34,142.15,142.235,37547
ORCL,2026-09-01,11:17,142.24,142.31,142.17,142.25,59530
ORCL,2026-09-01,11:18,142.255,142.359,142.21,142.305,34360
ORCL,2026-09-01,11:19,142.305,142.3898,142.23,142.305,40108
ORCL,2026-09-01,11:20,142.27,142.5,142.26,142.41,40293
ORCL,2026-09-01,11:21,142.445,142.4999,142.31,142.41,96876
ORCL,2026-09-01,11:22,142.44,142.56,142.425,142.47,27909
ORCL,2026-09-01,11:23,142.47,142.58,142.44,142.5575,17861
ORCL,2026-09-01,11:24,142.58,142.68,142.53,142.635,66988
ORCL,2026-09-01,11:25,142.61,142.6494,142.5,142.54,40640
ORCL,2026-09-01,11:26,142.55,142.6,142.47,142.54,44038
ORCL,2026-09-01,11:27,142.515,142.6,142.47,142.555,17137
ORCL,2026-09-01,11:28,142.555,142.69,142.52,142.67,32784
ORCL,2026-09-01,11:29,142.655,142.72,142.62,142.705,32960
ORCL,2026-09-01,11:30,142.72,142.7399,142.57,142.67,28732
ORCL,2026-09-01,11:31,142.65,142.71,142.61,142.67,21478
ORCL,2026-09-01,11:32,142.675,142.7999,142.5938,142.615,34001
ORCL,2026-09-01,11:33,142.615,142.84,142.615,142.81,33092
ORCL,2026-09-01,11:34,142.81,142.85,142.7428,142.785,33574
ORCL,2026-09-01,11:35,142.785,142.82,142.7,142.715,33606
ORCL,2026-09-01,11:36,142.715,142.7377,142.62,142.71,31298
ORCL,2026-09-01,11:37,142.68,142.7096,142.6101,142.655,22411
ORCL,2026-09-01,11:38,142.6712,142.6881,142.6,142.68,23229
ORCL,2026-09-01,11:39,142.665,142.74,142.65,142.69,46021
ORCL,2026-09-01,11:40,142.65,142.8,142.65,142.785,41184
ORCL,2026-09-01,11:41,142.76,142.83,142.73,142.755,83878
ORCL,2026-09-01,11:42,142.74,142.76,142.6115,142.665,26166
ORCL,2026-09-01,11:43,142.665,142.8059,142.66,142.73,21139
ORCL,2026-09-01,11:44,142.765,142.94,142.7514,142.935,35472
ORCL,2026-09-01,11:45,142.935,143.07,142.91,143.01,94564
ORCL,2026-09-01,11:46,143.01,143.06,142.94,143.03,52243
ORCL,2026-09-01,11:47,143.0499,143.07,142.97,143.0673,27385
ORCL,2026-09-01,11:48,143.04,143.08,142.98,143.01,30792
ORCL,2026-09-01,11:49,143.005,143.13,142.97,143.12,53597
ORCL,2026-09-01,11:50,143.06,143.175,142.97,143.14,25224
ORCL,2026-09-01,11:51,143.13,143.15,142.99,143,28950
ORCL,2026-09-01,11:52,143.005,143.075,142.95,143.075,53578
ORCL,2026-09-01,11:53,143.075,143.2,142.95,143.07,30440
ORCL,2026-09-01,11:54,143.07,143.1261,143.01,143.055,90457
ORCL,2026-09-01,11:55,143.055,143.08,142.92,143.07,157754
ORCL,2026-09-01,11:56,143.08,143.4,143.05,143.36,111963
ORCL,2026-09-01,11:57,143.36,143.36,143.19,143.19,37131
ORCL,2026-09-01,11:58,143.18,143.3,143.1055,143.2,30904
ORCL,2026-09-01,11:59,143.23,143.3,143.2001,143.295,25054
ORCL,2026-09-01,12:00,143.3,143.32,143,143.05,39723
ORCL,2026-09-01,12:01,143.04,143.06,142.7615,142.86,61924
ORCL,2026-09-01,12:02,142.86,142.88,142.6883,142.735,33515
ORCL,2026-09-01,12:03,142.7075,142.84,142.705,142.7525,20745
ORCL,2026-09-01,12:04,142.735,142.91,142.67,142.89,36859
ORCL,2026-09-01,12:05,142.89,142.99,142.81,142.875,21828
ORCL,2026-09-01,12:06,142.83,142.8799,142.7828,142.81,29933
ORCL,2026-09-01,12:07,142.8389,142.97,142.745,142.785,25977
ORCL,2026-09-01,12:08,142.785,142.93,142.74,142.7601,42061
ORCL,2026-09-01,12:09,142.76,142.83,142.58,142.63,49824
ORCL,2026-09-01,12:10,142.6,142.66,142.34,142.43,83690
ORCL,2026-09-01,12:11,142.4,142.43,142.2,142.23,39206
ORCL,2026-09-01,12:12,142.26,142.43,142.18,142.4,63786
ORCL,2026-09-01,12:13,142.41,142.42,142.25,142.3,20280
ORCL,2026-09-01,12:14,142.3,142.37,142.1501,142.23,44129
ORCL,2026-09-01,12:15,142.21,142.32,142.195,142.2695,23574
ORCL,2026-09-01,12:16,142.21,142.29,142.1,142.2,57443
ORCL,2026-09-01,12:17,142.17,142.19,141.94,141.98,235533
ORCL,2026-09-01,12:18,141.975,142.05,141.94,141.99,42785
ORCL,2026-09-01,12:19,141.97,141.9748,141.795,141.8,39709
ORCL,2026-09-01,12:20,141.79,141.8448,141.64,141.665,87952
ORCL,2026-09-01,12:21,141.665,141.76,141.52,141.74,99322
ORCL,2026-09-01,12:22,141.705,141.81,141.6,141.6494,59855
ORCL,2026-09-01,12:23,141.63,141.7499,141.62,141.68,38597
ORCL,2026-09-01,12:24,141.675,141.7199,141.55,141.7,28197
ORCL,2026-09-01,12:25,141.6912,141.75,141.57,141.6,58272
ORCL,2026-09-01,12:26,141.605,141.72,141.5,141.5,66058
ORCL,2026-09-01,12:27,141.49,141.81,141.49,141.72,100253
ORCL,2026-09-01,12:28,141.715,141.7499,141.62,141.6801,47773
ORCL,2026-09-01,12:29,141.7003,141.76,141.55,141.595,33803
ORCL,2026-09-01,12:30,141.56,141.63,141.31,141.3284,83500
ORCL,2026-09-01,12:31,141.31,141.31,141.1705,141.225,105222
ORCL,2026-09-01,12:32,141.225,141.28,141.18,141.28,47095
ORCL,2026-09-01,12:33,141.26,141.36,141.205,141.26,57960
ORCL,2026-09-01,12:34,141.315,141.34,141.12,141.163,49730
ORCL,2026-09-01,12:35,141.16,141.38,141.13,141.335,44165
ORCL,2026-09-01,12:36,141.3776,141.5,141.15,141.3066,118321
ORCL,2026-09-01,12:37,141.325,141.41,141.21,141.27,64827
ORCL,2026-09-01,12:38,141.27,141.445,141.27,141.385,41582
ORCL,2026-09-01,12:39,141.385,141.4799,141.27,141.35,57074
ORCL,2026-09-01,12:40,141.33,141.385,141.23,141.27,65942
ORCL,2026-09-01,12:41,141.27,141.33,141.21,141.32,52994
ORCL,2026-09-01,12:42,141.302,141.34,140.86,140.88,194451
ORCL,2026-09-01,12:43,140.86,141.0799,140.86,140.8601,68036
ORCL,2026-09-01,12:44,140.86,140.95,140.8,140.88,92514
ORCL,2026-09-01,12:45,140.83,140.9472,140.82,140.9001,46376
ORCL,2026-09-01,12:46,140.9,141.14,140.9,141.07,32297
ORCL,2026-09-01,12:47,141.085,141.09,141.03,141.0415,28141
ORCL,2026-09-01,12:48,141.04,141.32,141.04,141.23,52940
ORCL,2026-09-01,12:49,141.245,141.3094,141.145,141.21,47550
ORCL,2026-09-01,12:50,141.23,141.27,141.16,141.24,20876
ORCL,2026-09-01,12:51,141.24,141.28,141.0601,141.0601,61343
ORCL,2026-09-01,12:52,141.11,141.22,141.06,141.215,23841
ORCL,2026-09-01,12:53,141.16,141.1991,141.05,141.06,29105
ORCL,2026-09-01,12:54,141.04,141.1099,141.01,141.06,23950
ORCL,2026-09-01,12:55,141.07,141.2799,141.05,141.22,26198
ORCL,2026-09-01,12:56,141.2,141.27,141.18,141.24,23413
ORCL,2026-09-01,12:57,141.24,141.28,141.17,141.2005,16612
ORCL,2026-09-01,12:58,141.205,141.31,141.205,141.255,14170
ORCL,2026-09-01,12:59,141.2498,141.35,141.2498,141.285,21058
ORCL,2026-09-01,13:00,141.29,141.33,141.13,141.145,34061
ORCL,2026-09-01,13:01,141.1366,141.1499,140.91,140.91,53779
ORCL,2026-09-01,13:02,140.95,140.99,140.87,140.8912,39211
ORCL,2026-09-01,13:03,140.9,141.02,140.9,140.975,33383
ORCL,2026-09-01,13:04,140.96,141.0099,140.9,140.925,21137
ORCL,2026-09-01,13:05,140.91,141.02,140.88,140.99,21548
ORCL,2026-09-01,13:06,140.99,141.01,140.92,141,29874
ORCL,2026-09-01,13:07,140.96,140.98,140.9,140.925,24777
ORCL,2026-09-01,13:08,140.895,140.9699,140.82,140.82,35939
ORCL,2026-09-01,13:09,140.81,140.91,140.73,140.885,65227
ORCL,2026-09-01,13:10,140.895,141.025,140.8727,140.97,41588
ORCL,2026-09-01,13:11,140.965,140.99,140.93,140.98,13789
ORCL,2026-09-01,13:12,140.98,140.99,140.89,140.975,31482
ORCL,2026-09-01,13:13,140.975,141,140.87,140.92,24374
ORCL,2026-09-01,13:14,140.905,140.905,140.82,140.84,27156
ORCL,2026-09-01,13:15,140.83,140.85,140.75,140.81,47037
ORCL,2026-09-01,13:16,140.79,140.7975,140.7,140.73,63497
ORCL,2026-09-01,13:17,140.735,140.77,140.7,140.74,41671
ORCL,2026-09-01,13:18,140.725,140.89,140.725,140.8,34761
ORCL,2026-09-01,13:19,140.79,140.85,140.7,140.755,125929
ORCL,2026-09-01,13:20,140.74,140.83,140.72,140.768,28901
ORCL,2026-09-01,13:21,140.81,140.89,140.7,140.7,41289
ORCL,2026-09-01,13:22,140.7383,140.76,140.58,140.69,157742
ORCL,2026-09-01,13:23,140.7,140.72,140.63,140.63,27490
ORCL,2026-09-01,13:24,140.645,140.7499,140.58,140.71,29207
ORCL,2026-09-01,13:25,140.7051,140.76,140.2801,140.62,80119
ORCL,2026-09-01,13:26,140.61,140.6899,140.58,140.63,33734
ORCL,2026-09-01,13:27,140.635,140.87,140.635,140.8299,40553
ORCL,2026-09-01,13:28,140.7805,140.8299,140.6401,140.7,30272
ORCL,2026-09-01,13:29,140.74,140.91,140.67,140.86,42736
ORCL,2026-09-01,13:30,140.86,141.11,140.86,141.08,34167
ORCL,2026-09-01,13:31,141.0575,141.17,141.0001,141.17,25828
ORCL,2026-09-01,13:32,141.164,141.23,141.1,141.22,28388
ORCL,2026-09-01,13:33,141.195,141.2997,141.14,141.27,30054
ORCL,2026-09-01,13:34,141.255,141.34,141.22,141.24,38704
ORCL,2026-09-01,13:35,141.24,141.33,141.2,141.235,26061
ORCL,2026-09-01,13:36,141.25,141.258,141.14,141.155,43244
ORCL,2026-09-01,13:37,141.1575,141.18,141.0739,141.11,32803
ORCL,2026-09-01,13:38,141.1025,141.2,141.07,141.16,23138
ORCL,2026-09-01,13:39,141.16,141.19,141.0606,141.15,14502
ORCL,2026-09-01,13:40,141.15,141.22,141.15,141.17,13181
ORCL,2026-09-01,13:41,141.165,141.315,141.126,141.315,29212
ORCL,2026-09-01,13:42,141.3125,141.38,141.25,141.29,37152
ORCL,2026-09-01,13:43,141.3,141.3299,141.24,141.255,26797
ORCL,2026-09-01,13:44,141.2599,141.32,141.24,141.3,23538
ORCL,2026-09-01,13:45,141.3,141.33,141.25,141.26,25683
ORCL,2026-09-01,13:46,141.25,141.25,141,141.03,30659
ORCL,2026-09-01,13:47,141.0599,141.14,141.03,141.1,22724
ORCL,2026-09-01,13:48,141.115,141.12,141.01,141.0435,24775
ORCL,2026-09-01,13:49,141.05,141.06,141.01,141.03,18794
ORCL,2026-09-01,13:50,141,141.11,140.97,141.06,29020
ORCL,2026-09-01,13:51,141.0975,141.13,140.9964,141.04,23629
ORCL,2026-09-01,13:52,141.04,141.14,141.01,141.115,39444
ORCL,2026-09-01,13:53,141.1025,141.1799,141.09,141.11,19111
ORCL,2026-09-01,13:54,141.08,141.22,141.07,141.12,24136
ORCL,2026-09-01,13:55,141.13,141.25,141.1001,141.15,26119
ORCL,2026-09-01,13:56,141.11,141.2,141,141.03,25542
ORCL,2026-09-01,13:57,141.03,141.2499,141.03,141.2,27098
ORCL,2026-09-01,13:58,141.2,141.21,141.13,141.195,12819
ORCL,2026-09-01,13:59,141.195,141.2899,141.12,141.17,24336
ORCL,2026-09-01,14:00,141.135,141.2699,141.135,141.15,20642
ORCL,2026-09-01,14:01,141.13,141.1799,141.09,141.14,18433
ORCL,2026-09-01,14:02,141.14,141.3289,141.14,141.295,30653
ORCL,2026-09-01,14:03,141.295,141.34,141.21,141.29,41403
ORCL,2026-09-01,14:04,141.285,141.285,141.2101,141.24,24153
ORCL,2026-09-01,14:05,141.215,141.26,141.16,141.26,12961
ORCL,2026-09-01,14:06,141.23,141.23,141.07,141.07,18195
ORCL,2026-09-01,14:07,141.06,141.19,141.05,141.15,17881
ORCL,2026-09-01,14:08,141.1899,141.19,141.07,141.12,18893
ORCL,2026-09-01,14:09,141.1354,141.1999,141.12,141.165,24489
ORCL,2026-09-01,14:10,141.165,141.26,141.12,141.19,29215
ORCL,2026-09-01,14:11,141.165,141.19,141.13,141.14,11474
ORCL,2026-09-01,14:12,141.1401,141.19,141.09,141.09,24478
ORCL,2026-09-01,14:13,141.08,141.14,141.05,141.08,47293
ORCL,2026-09-01,14:14,141.065,141.065,140.92,140.98,32158
ORCL,2026-09-01,14:15,140.97,141.0399,140.84,140.94,43944
ORCL,2026-09-01,14:16,140.94,140.9695,140.77,140.79,39938
ORCL,2026-09-01,14:17,140.8,140.9546,140.78,140.88,27411
ORCL,2026-09-01,14:18,140.9,140.9018,140.84,140.9,17307
ORCL,2026-09-01,14:19,140.9,140.96,140.84,140.94,18505
ORCL,2026-09-01,14:20,140.8975,140.965,140.83,140.92,22646
ORCL,2026-09-01,14:21,140.9,140.93,140.77,140.78,13846
ORCL,2026-09-01,14:22,140.79,140.82,140.75,140.79,24443
ORCL,2026-09-01,14:23,140.8,140.82,140.64,140.68,29466
ORCL,2026-09-01,14:24,140.71,140.75,140.6206,140.69,31387
ORCL,2026-09-01,14:25,140.72,140.7299,140.57,140.7299,33455
ORCL,2026-09-01,14:26,140.67,140.67,140.59,140.61,18015
ORCL,2026-09-01,14:27,140.5955,140.62,140.53,140.53,24664
ORCL,2026-09-01,14:28,140.52,140.55,140.41,140.4374,66051
ORCL,2026-09-01,14:29,140.4428,140.5,140.37,140.475,42264
ORCL,2026-09-01,14:30,140.49,140.5287,140.39,140.41,43648
ORCL,2026-09-01,14:31,140.41,140.41,140.32,140.335,44793
ORCL,2026-09-01,14:32,140.34,140.49,140.32,140.3756,34245
ORCL,2026-09-01,14:33,140.35,140.36,140.25,140.28,58794
ORCL,2026-09-01,14:34,140.28,140.3,140.1101,140.165,54024
ORCL,2026-09-01,14:35,140.17,140.28,140.16,140.21,40653
ORCL,2026-09-01,14:36,140.25,140.29,140.17,140.185,30318
ORCL,2026-09-01,14:37,140.18,140.24,140.11,140.24,41066
ORCL,2026-09-01,14:38,140.23,140.2603,140.15,140.2,31562
ORCL,2026-09-01,14:39,140.2176,140.22,140.1401,140.2,29834
ORCL,2026-09-01,14:40,140.19,140.29,140.17,140.23,35598
ORCL,2026-09-01,14:41,140.2105,140.2599,140.15,140.15,49072
ORCL,2026-09-01,14:42,140.175,140.175,140.08,140.0825,39881
ORCL,2026-09-01,14:43,140.07,140.12,140.04,140.075,42692
ORCL,2026-09-01,14:44,140.0775,140.1,140.02,140.03,52942
ORCL,2026-09-01,14:45,140.02,140.0675,139.9501,139.97,229190
ORCL,2026-09-01,14:46,139.99,140.14,139.95,140.105,42454
ORCL,2026-09-01,14:47,140.13,140.375,140.1,140.375,35488
ORCL,2026-09-01,14:48,140.39,140.43,140.26,140.32,30170
ORCL,2026-09-01,14:49,140.345,140.5683,140.345,140.5,39819
ORCL,2026-09-01,14:50,140.54,140.57,140.3801,140.43,58838
ORCL,2026-09-01,14:51,140.435,140.47,140.345,140.4601,35255
ORCL,2026-09-01,14:52,140.48,140.5999,140.48,140.53,48351
ORCL,2026-09-01,14:53,140.53,140.57,140.48,140.56,44599
ORCL,2026-09-01,14:54,140.55,140.55,140.48,140.5197,28028
ORCL,2026-09-01,14:55,140.49,140.58,140.472,140.555,35628
ORCL,2026-09-01,14:56,140.555,140.6,140.49,140.6,20576
ORCL,2026-09-01,14:57,140.585,140.61,140.49,140.5701,30741
ORCL,2026-09-01,14:58,140.6,140.6629,140.54,140.605,39876
ORCL,2026-09-01,14:59,140.61,140.67,140.6,140.63,33813
ORCL,2026-09-01,15:00,140.63,140.83,140.63,140.775,63920
ORCL,2026-09-01,15:01,140.7831,140.83,140.62,140.755,48284
ORCL,2026-09-01,15:02,140.7658,140.78,140.72,140.75,27192
ORCL,2026-09-01,15:03,140.78,140.81,140.75,140.795,21817
ORCL,2026-09-01,15:04,140.795,140.85,140.75,140.7845,44286
ORCL,2026-09-01,15:05,140.8,140.82,140.6772,140.72,25134
ORCL,2026-09-01,15:06,140.7,140.85,140.6801,140.78,25990
ORCL,2026-09-01,15:07,140.77,140.8,140.68,140.68,35329
ORCL,2026-09-01,15:08,140.69,140.75,140.59,140.75,36919
ORCL,2026-09-01,15:09,140.75,140.81,140.69,140.755,25915
ORCL,2026-09-01,15:10,140.75,140.84,140.74,140.83,29627
ORCL,2026-09-01,15:11,140.85,140.9299,140.76,140.785,152021
ORCL,2026-09-01,15:12,140.785,140.91,140.76,140.91,29604
ORCL,2026-09-01,15:13,140.9,140.98,140.87,140.91,30962
ORCL,2026-09-01,15:14,140.9151,141.03,140.91,141.03,44729
ORCL,2026-09-01,15:15,141.02,141.08,141,141.075,32271
ORCL,2026-09-01,15:16,141.0704,141.23,141.01,141.155,68062
ORCL,2026-09-01,15:17,141.175,141.27,141.13,141.215,70218
ORCL,2026-09-01,15:18,141.215,141.38,141.21,141.24,70606
ORCL,2026-09-01,15:19,141.235,141.24,141.1075,141.21,47216
ORCL,2026-09-01,15:20,141.18,141.25,141.03,141.08,34616
ORCL,2026-09-01,15:21,141.08,141.1699,141.055,141.11,29390
ORCL,2026-09-01,15:22,141.11,141.17,141.07,141.13,22080
ORCL,2026-09-01,15:23,141.13,141.18,141.08,141.09,29123
ORCL,2026-09-01,15:24,141.095,141.11,141.06,141.06,17151
ORCL,2026-09-01,15:25,141.06,141.2,141.03,141.03,45684
ORCL,2026-09-01,15:26,141.03,141.08,140.99,141.015,36583
ORCL,2026-09-01,15:27,141.015,141.2,141.01,141.155,26667
ORCL,2026-09-01,15:28,141.18,141.23,141.115,141.17,27908
ORCL,2026-09-01,15:29,141.16,141.24,141.13,141.14,45393
ORCL,2026-09-01,15:30,141.14,141.185,141.02,141.035,32886
ORCL,2026-09-01,15:31,141.035,141.18,141.02,141.155,42845
ORCL,2026-09-01,15:32,141.155,141.23,141.08,141.2099,29231
ORCL,2026-09-01,15:33,141.19,141.28,141.13,141.27,29608
ORCL,2026-09-01,15:34,141.29,141.45,141.2701,141.435,62863
ORCL,2026-09-01,15:35,141.45,141.585,141.345,141.5606,78285
ORCL,2026-09-01,15:36,141.58,141.58,141.46,141.545,42133
ORCL,2026-09-01,15:37,141.5375,141.61,141.44,141.46,41969
ORCL,2026-09-01,15:38,141.4575,141.49,141.41,141.43,39072
ORCL,2026-09-01,15:39,141.43,141.45,141.37,141.375,34447
ORCL,2026-09-01,15:40,141.36,141.45,141.31,141.4346,29629
ORCL,2026-09-01,15:41,141.445,141.53,141.41,141.4761,32643
ORCL,2026-09-01,15:42,141.485,141.52,141.3,141.32,41599
ORCL,2026-09-01,15:43,141.3,141.31,141.12,141.27,95369
ORCL,2026-09-01,15:44,141.25,141.28,140.93,140.98,119156
ORCL,2026-09-01,15:45,140.965,141.08,140.91,140.9265,119255
ORCL,2026-09-01,15:46,140.91,140.95,140.74,140.76,68645
ORCL,2026-09-01,15:47,140.765,140.91,140.7252,140.88,84549
ORCL,2026-09-01,15:48,140.89,140.89,140.68,140.79,79779
ORCL,2026-09-01,15:49,140.79,140.91,140.72,140.735,84458
ORCL,2026-09-01,15:50,140.72,141.06,140.69,141.05,108044
ORCL,2026-09-01,15:51,141.05,141.13,141.01,141.06,76186
ORCL,2026-09-01,15:52,141.055,141.1,140.98,141.005,79290
ORCL,2026-09-01,15:53,141.02,141.02,140.86,140.97,86678
ORCL,2026-09-01,15:54,140.97,141.15,140.959,141.115,100332
ORCL,2026-09-01,15:55,141.14,141.2109,141.02,141.06,118662
ORCL,2026-09-01,15:56,141.07,141.08,140.82,140.82,101625
ORCL,2026-09-01,15:57,140.82,140.97,140.8,140.97,130960
ORCL,2026-09-01,15:58,140.97,141.06,140.93,141.0501,243909
ORCL,2026-09-01,15:59,141.05,141.32,140.99,141.31,588223
ORCL,2026-09-02,09:30,140.26,140.76,139.72,140.17,946416
ORCL,2026-09-02,09:31,140.32,141.15,140.26,141.02,92244
ORCL,2026-09-02,09:32,141.1,141.89,141.05,141.78,174692
ORCL,2026-09-02,09:33,141.805,142.515,141.72,142.345,132351
ORCL,2026-09-02,09:34,142.31,142.93,142.2,142.77,96084
ORCL,2026-09-02,09:35,142.8184,142.8184,142.19,142.48,74194
ORCL,2026-09-02,09:36,142.5329,142.58,142.04,142.405,67998
ORCL,2026-09-02,09:37,142.31,142.315,141.8023,142,65552
ORCL,2026-09-02,09:38,142.06,142.1707,141.55,142.09,58406
ORCL,2026-09-02,09:39,142.1559,142.42,142.03,142.3,43343
ORCL,2026-09-02,09:40,142.265,142.86,142.11,142.3,175575
ORCL,2026-09-02,09:41,142.1301,142.38,141.8618,142.36,73110
ORCL,2026-09-02,09:42,142.2471,142.8,142.2301,142.8,53786
ORCL,2026-09-02,09:43,142.798,143.42,142.72,143.2783,124823
ORCL,2026-09-02,09:44,143.36,143.55,143.26,143.55,85206
ORCL,2026-09-02,09:45,143.51,143.98,143.5,143.66,174450
ORCL,2026-09-02,09:46,143.7,143.81,143.0301,143.3798,74684
ORCL,2026-09-02,09:47,143.26,143.69,143.2101,143.46,57478
ORCL,2026-09-02,09:48,143.5499,143.5499,143.3,143.38,43421
ORCL,2026-09-02,09:49,143.32,143.65,143.31,143.405,57628
ORCL,2026-09-02,09:50,143.445,143.712,143.3701,143.4924,73889
ORCL,2026-09-02,09:51,143.525,143.6999,143.33,143.385,41883
ORCL,2026-09-02,09:52,143.37,143.65,143.25,143.28,92959
ORCL,2026-09-02,09:53,143.33,143.42,143.2476,143.4,49523
ORCL,2026-09-02,09:54,143.41,143.43,143.3,143.36,35734
ORCL,2026-09-02,09:55,143.3931,143.63,143.36,143.5,139737
ORCL,2026-09-02,09:56,143.475,143.74,143.44,143.68,46579
ORCL,2026-09-02,09:57,143.6841,143.73,143.25,143.25,42049
ORCL,2026-09-02,09:58,143.21,143.349,143.01,143.06,53666
ORCL,2026-09-02,09:59,143.07,143.695,143.065,143.62,58332
ORCL,2026-09-02,10:00,143.62,143.65,143.25,143.475,34588
ORCL,2026-09-02,10:01,143.45,143.6,143.4101,143.48,37544
ORCL,2026-09-02,10:02,143.5337,144.26,143.5,144.26,150637
ORCL,2026-09-02,10:03,144.2799,144.35,144.1,144.15,182856
ORCL,2026-09-02,10:04,144.11,144.67,144.08,144.53,301039
ORCL,2026-09-02,10:05,144.54,144.75,144.39,144.5401,95918
ORCL,2026-09-02,10:06,144.6,145.1,144.6,144.925,110434
ORCL,2026-09-02,10:07,144.97,145.4999,144.88,145.28,85253
ORCL,2026-09-02,10:08,145.43,145.43,145.09,145.3784,108487
ORCL,2026-09-02,10:09,145.3355,145.5,144.6901,144.875,109153
ORCL,2026-09-02,10:10,144.9,145.47,144.9,145.38,92527
ORCL,2026-09-02,10:11,145.34,145.6,145.17,145.54,404564
ORCL,2026-09-02,10:12,145.57,145.57,144.66,144.9001,61696
ORCL,2026-09-02,10:13,144.95,144.9899,144.76,144.97,43560
ORCL,2026-09-02,10:14,144.94,145.25,144.92,144.93,72584
ORCL,2026-09-02,10:15,144.965,145.3,144.93,145.28,57107
ORCL,2026-09-02,10:16,145.2501,145.29,144.69,144.69,105108
ORCL,2026-09-02,10:17,144.7,144.8699,144.25,144.69,74711
ORCL,2026-09-02,10:18,144.69,144.88,144.66,144.82,96837
ORCL,2026-09-02,10:19,144.865,144.969,144.6848,144.85,46098
ORCL,2026-09-02,10:20,144.855,145.12,144.74,145.06,59943
ORCL,2026-09-02,10:21,145.08,145.44,145.0405,145.34,81502
ORCL,2026-09-02,10:22,145.39,145.44,145.2001,145.3,46167
ORCL,2026-09-02,10:23,145.3199,145.3199,145.165,145.235,43380
ORCL,2026-09-02,10:24,145.26,145.39,145.15,145.28,73270
ORCL,2026-09-02,10:25,145.27,145.2908,144.97,145.075,69161
ORCL,2026-09-02,10:26,145.075,145.12,144.71,144.93,98932
ORCL,2026-09-02,10:27,144.9268,145,144.8101,144.85,29222
ORCL,2026-09-02,10:28,144.84,144.9799,144.63,144.87,44019
ORCL,2026-09-02,10:29,144.89,144.94,144.6,144.695,39602
ORCL,2026-09-02,10:30,144.72,144.86,144.59,144.64,28847
ORCL,2026-09-02,10:31,144.59,144.81,144.514,144.735,49893
ORCL,2026-09-02,10:32,144.71,144.8853,144.63,144.69,30258
ORCL,2026-09-02,10:33,144.7,144.77,144.5501,144.72,22828
ORCL,2026-09-02,10:34,144.76,144.76,144.57,144.715,22911
ORCL,2026-09-02,10:35,144.71,145,144.6801,144.9401,49205
ORCL,2026-09-02,10:36,144.96,145,144.84,144.96,31448
ORCL,2026-09-02,10:37,144.95,145.025,144.8301,144.945,45659
ORCL,2026-09-02,10:38,144.93,144.94,144.74,144.74,42045
ORCL,2026-09-02,10:39,144.78,145.08,144.6501,145.07,49240
ORCL,2026-09-02,10:40,145.08,145.19,144.98,145.17,41368
ORCL,2026-09-02,10:41,145.175,145.31,145.0646,145.19,41071
ORCL,2026-09-02,10:42,145.18,145.39,145.18,145.27,36156
ORCL,2026-09-02,10:43,145.29,145.67,145.25,145.67,97593
ORCL,2026-09-02,10:44,145.66,145.88,145.66,145.69,76606
ORCL,2026-09-02,10:45,145.6897,145.7499,145.3955,145.46,44835
ORCL,2026-09-02,10:46,145.49,145.49,145.136,145.136,41488
ORCL,2026-09-02,10:47,145.155,145.58,145.0601,145.58,53562
ORCL,2026-09-02,10:48,145.61,145.72,145.3312,145.41,45162
ORCL,2026-09-02,10:49,145.4,145.59,145.3401,145.4,52902
ORCL,2026-09-02,10:50,145.36,145.56,145.285,145.33,55002
ORCL,2026-09-02,10:51,145.32,145.66,145.3,145.6,39150
ORCL,2026-09-02,10:52,145.61,145.65,145.33,145.6,62841
ORCL,2026-09-02,10:53,145.62,145.66,145.49,145.58,33344
ORCL,2026-09-02,10:54,145.55,145.67,145.38,145.59,59513
ORCL,2026-09-02,10:55,145.565,145.83,145.565,145.82,50875
ORCL,2026-09-02,10:56,145.8,145.905,145.6301,145.68,41419
ORCL,2026-09-02,10:57,145.715,145.95,145.61,145.95,36957
ORCL,2026-09-02,10:58,145.92,145.99,145.665,145.7167,43398
ORCL,2026-09-02,10:59,145.71,145.84,145.56,145.84,27507
ORCL,2026-09-02,11:00,145.79,145.84,145.62,145.75,117510
ORCL,2026-09-02,11:01,145.775,145.81,145.58,145.59,39017
ORCL,2026-09-02,11:02,145.6,145.6338,145.38,145.6,42773
ORCL,2026-09-02,11:03,145.567,146.2,145.5601,146.19,99882
ORCL,2026-09-02,11:04,146.19,146.21,145.8201,145.865,39413
ORCL,2026-09-02,11:05,145.865,145.92,145.73,145.84,20709
ORCL,2026-09-02,11:06,145.84,145.99,145.84,145.85,24551
ORCL,2026-09-02,11:07,145.8994,145.8994,145.67,145.71,31219
ORCL,2026-09-02,11:08,145.73,145.73,145.51,145.56,24301
ORCL,2026-09-02,11:09,145.58,145.66,145.51,145.63,27707
ORCL,2026-09-02,11:10,145.58,145.59,145.2801,145.37,40993
ORCL,2026-09-02,11:11,145.345,145.45,145.2,145.45,32359
ORCL,2026-09-02,11:12,145.48,145.565,145.4,145.4,37722
ORCL,2026-09-02,11:13,145.4,145.47,145.35,145.42,25945
ORCL,2026-09-02,11:14,145.425,145.515,145.3501,145.47,19641
ORCL,2026-09-02,11:15,145.485,145.54,144.92,145.45,72203
ORCL,2026-09-02,11:16,145.45,145.5,145.36,145.445,23652
ORCL,2026-09-02,11:17,145.45,145.505,145.37,145.39,28981
ORCL,2026-09-02,11:18,145.4,145.49,145.29,145.37,54231
ORCL,2026-09-02,11:19,145.37,145.6,145.34,145.5176,36689
ORCL,2026-09-02,11:20,145.55,145.67,145.5,145.55,29252
ORCL,2026-09-02,11:21,145.55,145.55,145.35,145.405,20989
ORCL,2026-09-02,11:22,145.405,145.485,145.3888,145.3888,9595
ORCL,2026-09-02,11:23,145.3801,145.44,145.25,145.26,30180
ORCL,2026-09-02,11:24,145.2995,145.39,145.23,145.35,13047
ORCL,2026-09-02,11:25,145.335,145.45,145.335,145.38,19314
ORCL,2026-09-02,11:26,145.36,145.38,145.23,145.23,27420
ORCL,2026-09-02,11:27,145.24,145.31,145.21,145.24,15630
ORCL,2026-09-02,11:28,145.27,145.3835,145.1201,145.1201,19805
ORCL,2026-09-02,11:29,145.13,145.155,144.91,145.03,36447
ORCL,2026-09-02,11:30,145.065,145.1999,144.98,144.98,37770
ORCL,2026-09-02,11:31,144.9801,145.065,144.81,144.88,60676
ORCL,2026-09-02,11:32,144.88,145.09,144.81,144.97,25684
ORCL,2026-09-02,11:33,144.98,145.07,144.86,144.9975,25882
ORCL,2026-09-02,11:34,144.97,145,144.69,144.82,26366
ORCL,2026-09-02,11:35,144.8,144.93,144.75,144.92,22867
ORCL,2026-09-02,11:36,144.93,145.08,144.8401,144.88,28461
ORCL,2026-09-02,11:37,144.88,144.94,144.76,144.79,22665
ORCL,2026-09-02,11:38,144.79,144.82,144.62,144.66,19298
ORCL,2026-09-02,11:39,144.66,144.7,144.57,144.68,18471
ORCL,2026-09-02,11:40,144.69,144.93,144.66,144.855,13926
ORCL,2026-09-02,11:41,144.82,144.84,144.67,144.75,11568
ORCL,2026-09-02,11:42,144.78,144.8022,144.62,144.69,9487
ORCL,2026-09-02,11:43,144.695,144.695,144.6,144.61,10854
ORCL,2026-09-02,11:44,144.62,144.65,144.51,144.58,66069
ORCL,2026-09-02,11:45,144.55,144.575,144.03,144.13,32898
ORCL,2026-09-02,11:46,144.13,144.23,144.03,144.105,16649
ORCL,2026-09-02,11:47,144.105,144.105,143.81,143.9,84570
ORCL,2026-09-02,11:48,143.915,143.96,143.85,143.86,23718
ORCL,2026-09-02,11:49,143.88,143.92,143.77,143.88,24839
ORCL,2026-09-02,11:50,143.865,144.0279,143.81,143.955,24333
ORCL,2026-09-02,11:51,143.955,144.03,143.89,144.03,17923
ORCL,2026-09-02,11:52,143.99,144.145,143.9773,144.14,13927
ORCL,2026-09-02,11:53,144.18,144.22,143.9,144.12,37972
ORCL,2026-09-02,11:54,144.08,144.08,143.95,144.02,13105
ORCL,2026-09-02,11:55,144.03,144.12,144.01,144.11,18616
ORCL,2026-09-02,11:56,144.15,144.2393,144.1,144.175,11119
ORCL,2026-09-02,11:57,144.18,144.23,144.11,144.195,9782
ORCL,2026-09-02,11:58,144.2,144.4,144.15,144.399,31765
ORCL,2026-09-02,11:59,144.32,144.43,144.32,144.385,13802
ORCL,2026-09-02,12:00,144.3601,144.41,144.34,144.365,20623
ORCL,2026-09-02,12:01,144.39,144.4,144.34,144.37,12793
ORCL,2026-09-02,12:02,144.39,144.49,144.29,144.2917,114328
ORCL,2026-09-02,12:03,144.335,144.46,144.18,144.255,160465
ORCL,2026-09-02,12:04,144.255,144.27,144.18,144.23,18608
ORCL,2026-09-02,12:05,144.2,144.23,144.05,144.06,19845
ORCL,2026-09-02,12:06,144.05,144.084,144,144.02,32352
ORCL,2026-09-02,12:07,144.045,144.27,143.99,144.27,104942
ORCL,2026-09-02,12:08,144.22,144.3063,144.06,144.06,22597
ORCL,2026-09-02,12:09,144.05,144.09,143.89,143.99,102915
ORCL,2026-09-02,12:10,144.0164,144.02,143.87,143.905,17346
ORCL,2026-09-02,12:11,143.88,143.96,143.86,143.95,15064
ORCL,2026-09-02,12:12,144,144,143.8801,143.9,8113
ORCL,2026-09-02,12:13,143.95,144.05,143.94,144.01,18210
ORCL,2026-09-02,12:14,144.01,144.0211,143.83,143.9,17491
ORCL,2026-09-02,12:15,143.92,144,143.91,144,12164
ORCL,2026-09-02,12:16,143.99,144.035,143.94,143.97,18461
ORCL,2026-09-02,12:17,143.98,144.25,143.97,144.2,43680
ORCL,2026-09-02,12:18,144.18,144.2,143.9,143.9,16476
ORCL,2026-09-02,12:19,143.935,143.96,143.81,143.86,11880
ORCL,2026-09-02,12:20,143.8617,143.98,143.8617,143.9132,9588
ORCL,2026-09-02,12:21,143.92,143.95,143.84,143.95,5447
ORCL,2026-09-02,12:22,143.955,144.045,143.9,144.045,16764
ORCL,2026-09-02,12:23,144.04,144.06,143.98,144.025,15718
ORCL,2026-09-02,12:24,144.04,144.06,143.875,143.995,29438
ORCL,2026-09-02,12:25,144,144.16,144,144.1599,16382
ORCL,2026-09-02,12:26,144.13,144.13,144.035,144.075,12580
ORCL,2026-09-02,12:27,144.05,144.17,144.04,144.135,10093
ORCL,2026-09-02,12:28,144.15,144.15,144.07,144.11,7642
ORCL,2026-09-02,12:29,144.15,144.17,144.1,144.13,10921
ORCL,2026-09-02,12:30,144.14,144.22,144.14,144.21,8252
ORCL,2026-09-02,12:31,144.185,144.28,144.16,144.205,11687
ORCL,2026-09-02,12:32,144.19,144.31,144.16,144.31,11073
ORCL,2026-09-02,12:33,144.31,144.36,144.29,144.3486,12372
ORCL,2026-09-02,12:34,144.3475,144.44,144.3278,144.415,18415
ORCL,2026-09-02,12:35,144.46,144.55,144.43,144.52,27275
ORCL,2026-09-02,12:36,144.5281,144.59,144.52,144.52,16663
ORCL,2026-09-02,12:37,144.53,144.67,144.53,144.65,14120
ORCL,2026-09-02,12:38,144.6664,144.84,144.62,144.7419,30617
ORCL,2026-09-02,12:39,144.75,144.84,144.58,144.655,41406
ORCL,2026-09-02,12:40,144.6035,144.7,144.54,144.62,11191
ORCL,2026-09-02,12:41,144.62,144.62,144.48,144.498,14272
ORCL,2026-09-02,12:42,144.52,144.55,144.46,144.5001,13044
ORCL,2026-09-02,12:43,144.5135,144.56,144.4647,144.56,17527
ORCL,2026-09-02,12:44,144.61,144.61,144.57,144.57,6121
ORCL,2026-09-02,12:45,144.6,144.86,144.5985,144.7601,19327
ORCL,2026-09-02,12:46,144.79,144.98,144.761,144.98,20440
ORCL,2026-09-02,12:47,144.97,144.97,144.76,144.81,20990
ORCL,2026-09-02,12:48,144.83,144.83,144.6801,144.74,9754
ORCL,2026-09-02,12:49,144.7601,144.79,144.73,144.7741,10625
ORCL,2026-09-02,12:50,144.76,144.87,144.67,144.87,20546
ORCL,2026-09-02,12:51,144.82,144.95,144.7701,144.94,15899
ORCL,2026-09-02,12:52,144.95,144.95,144.82,144.8499,16364
ORCL,2026-09-02,12:53,144.83,144.92,144.82,144.92,17527
ORCL,2026-09-02,12:54,144.9512,145.047,144.83,144.84,42193
ORCL,2026-09-02,12:55,144.9098,144.9098,144.78,144.82,26302
ORCL,2026-09-02,12:56,144.82,144.9,144.76,144.88,13858
ORCL,2026-09-02,12:57,144.88,144.93,144.84,144.84,9500
ORCL,2026-09-02,12:58,144.85,144.91,144.79,144.79,13085
ORCL,2026-09-02,12:59,144.83,145.13,144.76,145.05,24276
ORCL,2026-09-02,13:00,145.05,145.23,145.02,145.1,31669
ORCL,2026-09-02,13:01,145.1,145.1978,145.06,145.155,24524
ORCL,2026-09-02,13:02,145.18,145.26,145.12,145.215,35302
ORCL,2026-09-02,13:03,145.21,145.2399,145.0856,145.12,27062
ORCL,2026-09-02,13:04,145.105,145.16,145.03,145.09,24248
ORCL,2026-09-02,13:05,145.11,145.2,145.06,145.13,16134
ORCL,2026-09-02,13:06,145.17,145.17,145.0601,145.09,16136
ORCL,2026-09-02,13:07,145.11,145.1399,144.87,144.92,37465
ORCL,2026-09-02,13:08,144.9308,144.95,144.88,144.8901,14592
ORCL,2026-09-02,13:09,144.89,144.93,144.79,144.85,18528
ORCL,2026-09-02,13:10,144.8501,145.0759,144.84,145.015,15631
ORCL,2026-09-02,13:11,144.99,145.06,144.97,145.04,9800
ORCL,2026-09-02,13:12,145.04,145.04,144.92,144.96,14521
ORCL,2026-09-02,13:13,144.96,145.02,144.91,144.995,8903
ORCL,2026-09-02,13:14,144.995,145.06,144.98,145.05,11382
ORCL,2026-09-02,13:15,145.0115,145.1,144.99,145.1,7413
ORCL,2026-09-02,13:16,145.11,145.11,144.8,144.82,25945
ORCL,2026-09-02,13:17,144.82,144.863,144.78,144.839,13621
ORCL,2026-09-02,13:18,144.81,144.84,144.675,144.725,16117
ORCL,2026-09-02,13:19,144.73,144.791,144.69,144.7367,22569
ORCL,2026-09-02,13:20,144.72,144.73,144.65,144.72,14953
ORCL,2026-09-02,13:21,144.67,144.76,144.6201,144.745,15313
ORCL,2026-09-02,13:22,144.745,144.94,144.74,144.75,38662
ORCL,2026-09-02,13:23,144.73,144.73,144.58,144.69,11789
ORCL,2026-09-02,13:24,144.67,144.82,144.67,144.79,28442
ORCL,2026-09-02,13:25,144.82,144.89,144.74,144.825,40487
ORCL,2026-09-02,13:26,144.83,144.98,144.83,144.905,69789
ORCL,2026-09-02,13:27,144.905,144.905,144.85,144.89,19466
ORCL,2026-09-02,13:28,144.89,144.93,144.78,144.86,19797
ORCL,2026-09-02,13:29,144.81,144.9,144.79,144.85,14911
ORCL,2026-09-02,13:30,144.835,144.94,144.79,144.915,18933
ORCL,2026-09-02,13:31,144.915,145.065,144.88,145.065,49348
ORCL,2026-09-02,13:32,145.03,145.1,145.02,145.045,33392
ORCL,2026-09-02,13:33,145.02,145.08,144.92,145.06,13091
ORCL,2026-09-02,13:34,145.065,145.1,145.04,145.065,14972
ORCL,2026-09-02,13:35,145.06,145.0825,144.99,145.07,24961
ORCL,2026-09-02,13:36,145.055,145.055,144.88,144.8906,17517
ORCL,2026-09-02,13:37,144.925,144.93,144.89,144.9187,11973
ORCL,2026-09-02,13:38,144.905,145.04,144.89,144.97,28430
ORCL,2026-09-02,13:39,145,145.05,144.95,144.97,10312
ORCL,2026-09-02,13:40,144.95,145.1,144.95,145.06,13147
ORCL,2026-09-02,13:41,145.04,145.04,144.92,144.955,10103
ORCL,2026-09-02,13:42,144.94,144.9978,144.84,144.96,15779
ORCL,2026-09-02,13:43,144.955,144.97,144.925,144.93,11723
ORCL,2026-09-02,13:44,144.97,145.03,144.95,145.01,6561
ORCL,2026-09-02,13:45,145,145.19,145,145.17,21582
ORCL,2026-09-02,13:46,145.17,145.27,145.14,145.18,26338
ORCL,2026-09-02,13:47,145.18,145.25,145.12,145.17,23466
ORCL,2026-09-02,13:48,145.21,145.3,145.18,145.21,95807
ORCL,2026-09-02,13:49,145.23,145.261,145.14,145.15,16157
ORCL,2026-09-02,13:50,145.15,145.1799,145.08,145.1799,17174
ORCL,2026-09-02,13:51,145.165,145.1731,145.09,145.145,10582
ORCL,2026-09-02,13:52,145.145,145.205,145.125,145.125,14160
ORCL,2026-09-02,13:53,145.13,145.17,145.08,145.15,11514
ORCL,2026-09-02,13:54,145.17,145.268,145.17,145.23,22065
ORCL,2026-09-02,13:55,145.25,145.3,145.16,145.28,20132
ORCL,2026-09-02,13:56,145.28,145.29,145.13,145.185,32434
ORCL,2026-09-02,13:57,145.185,145.31,145.185,145.23,45569
ORCL,2026-09-02,13:58,145.265,145.53,145.21,145.465,290779
ORCL,2026-09-02,13:59,145.465,145.52,145.39,145.46,16200
ORCL,2026-09-02,14:00,145.48,145.65,145.41,145.5,50193
ORCL,2026-09-02,14:01,145.47,145.5,145.34,145.45,18378
ORCL,2026-09-02,14:02,145.4088,145.555,145.4088,145.54,16940
ORCL,2026-09-02,14:03,145.56,145.7092,145.5401,145.685,33741
ORCL,2026-09-02,14:04,145.68,145.81,145.66,145.8,31091
ORCL,2026-09-02,14:05,145.78,145.84,145.76,145.82,19540
ORCL,2026-09-02,14:06,145.81,145.8899,145.75,145.87,15348
ORCL,2026-09-02,14:07,145.87,145.98,145.79,145.865,37673
ORCL,2026-09-02,14:08,145.865,146.06,145.86,145.985,57314
ORCL,2026-09-02,14:09,146.01,146.07,145.94,145.94,25812
ORCL,2026-09-02,14:10,145.92,146.05,145.9,145.97,25111
ORCL,2026-09-02,14:11,145.975,145.975,145.82,145.83,25684
ORCL,2026-09-02,14:12,145.8519,145.95,145.835,145.92,10694
ORCL,2026-09-02,14:13,145.9,146.05,145.8701,146.025,22096
ORCL,2026-09-02,14:14,145.99,145.99,145.78,145.84,29761
ORCL,2026-09-02,14:15,145.84,145.92,145.8,145.8261,16510
ORCL,2026-09-02,14:16,145.9,145.915,145.84,145.86,22835
ORCL,2026-09-02,14:17,145.8418,145.92,145.78,145.88,20958
ORCL,2026-09-02,14:18,145.88,146.3,145.79,146.1,64037
ORCL,2026-09-02,14:19,146.125,146.19,146.0512,146.14,23891
ORCL,2026-09-02,14:20,146.1469,146.19,146.04,146.06,38985
ORCL,2026-09-02,14:21,146.1,146.139,146.075,146.139,15223
ORCL,2026-09-02,14:22,146.14,146.14,146.06,146.08,13722
ORCL,2026-09-02,14:23,146.1,146.2,146.1,146.16,11104
ORCL,2026-09-02,14:24,146.1999,146.2799,146.1999,146.21,20249
ORCL,2026-09-02,14:25,146.245,146.2999,145.98,146.1385,65227
ORCL,2026-09-02,14:26,146.05,146.17,146.05,146.11,12206
ORCL,2026-09-02,14:27,146.12,146.2597,146.12,146.24,13824
ORCL,2026-09-02,14:28,146.24,146.24,146.01,146.03,35960
ORCL,2026-09-02,14:29,146.07,146.135,146.01,146.09,19900
ORCL,2026-09-02,14:30,146.15,146.19,146.0501,146.12,18380
ORCL,2026-09-02,14:31,146.16,146.16,146.0918,146.14,22015
ORCL,2026-09-02,14:32,146.18,146.2899,146.15,146.255,26057
ORCL,2026-09-02,14:33,146.255,146.27,146.12,146.195,15187
ORCL,2026-09-02,14:34,146.22,146.33,146.18,146.3291,32730
ORCL,2026-09-02,14:35,146.29,146.49,146.29,146.44,38421
ORCL,2026-09-02,14:36,146.42,146.45,146.225,146.26,22687
ORCL,2026-09-02,14:37,146.26,146.26,146.11,146.145,21733
ORCL,2026-09-02,14:38,146.11,146.19,146.0957,146.16,14092
ORCL,2026-09-02,14:39,146.12,146.1499,145.91,145.955,44656
ORCL,2026-09-02,14:40,145.9355,146.03,145.9355,146.025,16627
ORCL,2026-09-02,14:41,145.994,146.032,145.82,145.82,19771
ORCL,2026-09-02,14:42,145.84,145.93,145.8,145.9,34270
ORCL,2026-09-02,14:43,145.91,146.04,145.8831,146.0297,14344
ORCL,2026-09-02,14:44,146.015,146.14,146.015,146.1,35611
ORCL,2026-09-02,14:45,146.12,146.24,146.0901,146.23,21865
ORCL,2026-09-02,14:46,146.25,146.28,146.095,146.095,18136
ORCL,2026-09-02,14:47,146.1,146.24,146.1,146.15,12726
ORCL,2026-09-02,14:48,146.15,146.27,146.12,146.27,27936
ORCL,2026-09-02,14:49,146.27,146.3,146.19,146.3,26386
ORCL,2026-09-02,14:50,146.3,146.36,146.175,146.22,29186
ORCL,2026-09-02,14:51,146.2,146.3099,146.12,146.19,21315
ORCL,2026-09-02,14:52,146.21,146.21,146.0795,146.08,18027
ORCL,2026-09-02,14:53,146.08,146.1489,146.0699,146.07,13986
ORCL,2026-09-02,14:54,146.08,146.08,145.9,145.9,22931
ORCL,2026-09-02,14:55,145.895,146.04,145.895,146.005,17944
ORCL,2026-09-02,14:56,146.005,146.05,145.935,145.935,12902
ORCL,2026-09-02,14:57,145.94,145.96,145.88,145.88,15410
ORCL,2026-09-02,14:58,145.9,145.9,145.82,145.88,21071
ORCL,2026-09-02,14:59,145.88,145.8851,145.79,145.81,17812
ORCL,2026-09-02,15:00,145.8,145.9607,145.8,145.885,22731
ORCL,2026-09-02,15:01,145.885,146,145.8777,145.95,19015
ORCL,2026-09-02,15:02,145.95,146.0734,145.91,146.065,21587
ORCL,2026-09-02,15:03,146.07,146.15,146.015,146.015,14726
ORCL,2026-09-02,15:04,146.04,146.08,145.99,146.03,19366
ORCL,2026-09-02,15:05,146.025,146.055,145.86,145.86,28011
ORCL,2026-09-02,15:06,145.84,145.91,145.83,145.83,13045
ORCL,2026-09-02,15:07,145.82,145.98,145.82,145.955,27164
ORCL,2026-09-02,15:08,145.9354,145.97,145.89,145.96,20186
ORCL,2026-09-02,15:09,145.98,146.07,145.8,146.06,87695
ORCL,2026-09-02,15:10,146.08,146.24,146.07,146.24,34658
ORCL,2026-09-02,15:11,146.2499,146.27,146.15,146.27,27327
ORCL,2026-09-02,15:12,146.26,146.35,146.23,146.35,24923
ORCL,2026-09-02,15:13,146.34,146.41,146.305,146.3402,20887
ORCL,2026-09-02,15:14,146.41,146.4299,146.25,146.34,29708
ORCL,2026-09-02,15:15,146.41,146.47,146.38,146.43,27075
ORCL,2026-09-02,15:16,146.46,146.6495,146.435,146.6,68579
ORCL,2026-09-02,15:17,146.6,146.69,146.51,146.565,60771
ORCL,2026-09-02,15:18,146.56,146.56,146.3801,146.475,29709
ORCL,2026-09-02,15:19,146.475,146.51,146.29,146.42,45123
ORCL,2026-09-02,15:20,146.45,146.49,146.34,146.415,38669
ORCL,2026-09-02,15:21,146.43,146.5,146.3027,146.38,39335
ORCL,2026-09-02,15:22,146.38,146.41,146.22,146.26,24012
ORCL,2026-09-02,15:23,146.25,146.27,146.035,146.035,39302
ORCL,2026-09-02,15:24,146.04,146.12,146.01,146.07,26376
ORCL,2026-09-02,15:25,146.07,146.07,145.82,145.82,37513
ORCL,2026-09-02,15:26,145.87,145.92,145.78,145.91,21466
ORCL,2026-09-02,15:27,145.93,145.98,145.875,145.905,17793
ORCL,2026-09-02,15:28,145.87,146.13,145.86,146.085,48066
ORCL,2026-09-02,15:29,146.085,146.25,146.04,146.22,30281
ORCL,2026-09-02,15:30,146.22,146.22,145.94,146.01,45424
ORCL,2026-09-02,15:31,145.98,146.09,145.9,146.055,21865
ORCL,2026-09-02,15:32,146.055,146.0599,145.901,146.02,29524
ORCL,2026-09-02,15:33,146.02,146.04,145.95,145.985,27970
ORCL,2026-09-02,15:34,145.95,145.975,145.85,145.97,24395
ORCL,2026-09-02,15:35,145.99,146.02,145.88,145.89,32462
ORCL,2026-09-02,15:36,145.9,145.9274,145.78,145.82,43767
ORCL,2026-09-02,15:37,145.82,145.86,145.79,145.845,20868
ORCL,2026-09-02,15:38,145.82,145.94,145.82,145.93,32615
ORCL,2026-09-02,15:39,145.925,145.97,145.89,145.915,44068
ORCL,2026-09-02,15:40,145.915,146.04,145.915,145.955,52134
ORCL,2026-09-02,15:41,145.955,145.96,145.9,145.955,21027
ORCL,2026-09-02,15:42,145.9648,146.13,145.94,146.11,95556
ORCL,2026-09-02,15:43,146.11,146.14,145.99,146.1188,27074
ORCL,2026-09-02,15:44,146.1157,146.1157,145.95,146.045,39801
ORCL,2026-09-02,15:45,146.04,146.36,146.04,146.294,48897
ORCL,2026-09-02,15:46,146.345,146.59,146.31,146.4753,98936
ORCL,2026-09-02,15:47,146.485,146.5,146.31,146.36,36634
ORCL,2026-09-02,15:48,146.38,146.44,146.23,146.31,34794
ORCL,2026-09-02,15:49,146.32,146.325,146.0112,146.0112,53344
ORCL,2026-09-02,15:50,146.07,146.1956,145.81,146.06,118687
ORCL,2026-09-02,15:51,146.0301,146.12,145.97,145.97,88037
ORCL,2026-09-02,15:52,145.97,145.9706,145.8355,145.86,60123
ORCL,2026-09-02,15:53,145.86,146.07,145.86,145.975,108277
ORCL,2026-09-02,15:54,145.95,146.06,145.86,145.99,102101
ORCL,2026-09-02,15:55,146.02,146.02,145.7712,145.89,117796
ORCL,2026-09-02,15:56,145.885,145.89,145.75,145.795,158289
ORCL,2026-09-02,15:57,145.795,145.8,145.57,145.8,215414
ORCL,2026-09-02,15:58,145.785,145.82,145.63,145.7,283767
ORCL,2026-09-02,15:59,145.72,145.82,145.48,145.77,635835
ORCL,2026-09-03,09:30,147.27,148.95,146.92,148.9236,920890
ORCL,2026-09-03,09:31,148.98,149.23,148.1651,148.91,92387
ORCL,2026-09-03,09:32,148.99,149.3731,148.01,148.2248,89575
ORCL,2026-09-03,09:33,148.425,148.8,147.74,148.52,64253
ORCL,2026-09-03,09:34,148.625,148.89,148.25,148.735,79741
ORCL,2026-09-03,09:35,148.73,148.8,148.22,148.6528,49067
ORCL,2026-09-03,09:36,148.605,148.82,148.113,148.2449,56053
ORCL,2026-09-03,09:37,148.14,148.99,148,148.91,47299
ORCL,2026-09-03,09:38,148.88,149.38,148.685,149.165,59224
ORCL,2026-09-03,09:39,149.165,149.32,149.03,149.09,53759
ORCL,2026-09-03,09:40,149.15,149.61,149.05,149.21,109545
ORCL,2026-09-03,09:41,149.18,149.205,148.33,148.455,55669
ORCL,2026-09-03,09:42,148.455,148.6299,148.2901,148.57,30392
ORCL,2026-09-03,09:43,148.618,148.7,148.32,148.5681,39651
ORCL,2026-09-03,09:44,148.49,148.875,148.21,148.875,49705
ORCL,2026-09-03,09:45,148.875,149.3,148.66,149,86227
ORCL,2026-09-03,09:46,148.99,149.4,148.93,149.25,45184
ORCL,2026-09-03,09:47,149.4,149.55,149.25,149.26,47746
ORCL,2026-09-03,09:48,149.3475,149.4029,148.74,148.8685,52108
ORCL,2026-09-03,09:49,148.85,148.87,148.25,148.3988,58113
ORCL,2026-09-03,09:50,148.4,149.38,148.35,149.17,44748
ORCL,2026-09-03,09:51,149.165,149.25,148.78,149.195,57729
ORCL,2026-09-03,09:52,149.195,149.26,148.8262,148.9,28696
ORCL,2026-09-03,09:53,148.89,149,148.71,148.71,31993
ORCL,2026-09-03,09:54,148.73,149.29,148.71,149.2241,39260
ORCL,2026-09-03,09:55,149.2699,149.29,149.1,149.145,59607
ORCL,2026-09-03,09:56,149.1,149.3699,148.93,149.07,52001
ORCL,2026-09-03,09:57,149.09,149.2,148.89,148.995,64313
ORCL,2026-09-03,09:58,149.05,149.0899,148.817,149,20654
ORCL,2026-09-03,09:59,148.925,149.095,148.68,149.095,35841
ORCL,2026-09-03,10:00,148.97,149.1,148.33,148.405,35592
ORCL,2026-09-03,10:01,148.4624,148.6699,148.33,148.6,34693
ORCL,2026-09-03,10:02,148.61,149.1,148.61,149.025,26343
ORCL,2026-09-03,10:03,149.1,149.1,148.94,149.1,64909
ORCL,2026-09-03,10:04,149.1,149.32,148.92,149.32,53956
ORCL,2026-09-03,10:05,149.24,149.48,149.1801,149.4,59905
ORCL,2026-09-03,10:06,149.39,149.69,149.21,149.615,95713
ORCL,2026-09-03,10:07,149.615,149.82,149.45,149.6,71527
ORCL,2026-09-03,10:08,149.55,149.79,149.42,149.745,56002
ORCL,2026-09-03,10:09,149.715,150.09,149.715,149.9,167844
ORCL,2026-09-03,10:10,149.9851,150.15,149.81,149.9,89387
ORCL,2026-09-03,10:11,149.9,150.35,149.87,150.285,139123
ORCL,2026-09-03,10:12,150.29,150.63,150.14,150.235,82934
ORCL,2026-09-03,10:13,150.235,150.4475,150.19,150.355,58342
ORCL,2026-09-03,10:14,150.4117,151.06,150.3,150.99,116747
ORCL,2026-09-03,10:15,150.89,151.3,150.82,151.14,96494
ORCL,2026-09-03,10:16,151.18,151.4,151.0701,151.2901,82856
ORCL,2026-09-03,10:17,151.29,151.5,151.08,151.125,76997
ORCL,2026-09-03,10:18,151.14,151.1799,150.57,150.89,97434
ORCL,2026-09-03,10:19,150.8201,151.18,150.76,151.16,62187
ORCL,2026-09-03,10:20,151.16,151.27,151.0001,151.12,48837
ORCL,2026-09-03,10:21,151.1397,151.2999,150.8,151.225,66726
ORCL,2026-09-03,10:22,151.225,151.68,151.01,151.13,162496
ORCL,2026-09-03,10:23,151.15,151.28,150.6,150.82,158938
ORCL,2026-09-03,10:24,150.82,151.46,150.76,151.05,110684
ORCL,2026-09-03,10:25,151.05,151.6,151.01,151.595,357309
ORCL,2026-09-03,10:26,151.595,151.89,151.5,151.89,110076
ORCL,2026-09-03,10:27,151.9,152.23,151.8301,152.205,208460
ORCL,2026-09-03,10:28,152.24,152.27,151.63,151.63,112175
ORCL,2026-09-03,10:29,151.63,151.9194,151.55,151.755,39460
ORCL,2026-09-03,10:30,151.7999,152.46,151.7423,152.425,95191
ORCL,2026-09-03,10:31,152.425,152.58,152.13,152.24,78696
ORCL,2026-09-03,10:32,152.26,152.45,152.16,152.408,48914
ORCL,2026-09-03,10:33,152.44,152.58,152.09,152.13,67557
ORCL,2026-09-03,10:34,152.12,152.73,152.03,152.73,62454
ORCL,2026-09-03,10:35,152.64,153.7,152.64,153.35,231943
ORCL,2026-09-03,10:36,153.34,153.4,152.58,152.76,104278
ORCL,2026-09-03,10:37,152.75,152.86,152.5156,152.685,46368
ORCL,2026-09-03,10:38,152.7499,152.7499,152.3,152.3,55999
ORCL,2026-09-03,10:39,152.37,152.38,151.89,151.89,64686
ORCL,2026-09-03,10:40,151.925,152.06,151.79,151.79,62834
ORCL,2026-09-03,10:41,151.83,152.95,151.77,152.9,73430
ORCL,2026-09-03,10:42,152.93,153.3099,152.675,152.69,123192
ORCL,2026-09-03,10:43,152.715,152.76,152.51,152.54,47616
ORCL,2026-09-03,10:44,152.54,153.2399,152.3996,153.14,74661
ORCL,2026-09-03,10:45,153.145,153.145,152.75,152.99,43981
ORCL,2026-09-03,10:46,152.97,153.005,152.52,152.565,69978
ORCL,2026-09-03,10:47,152.52,152.8,152.37,152.7,49431
ORCL,2026-09-03,10:48,152.74,152.88,152.5,152.7,62359
ORCL,2026-09-03,10:49,152.67,152.91,152.64,152.91,47396
ORCL,2026-09-03,10:50,152.91,152.9328,152.53,152.61,34410
ORCL,2026-09-03,10:51,152.56,152.69,152.44,152.5,46721
ORCL,2026-09-03,10:52,152.48,152.58,152.3001,152.345,56939
ORCL,2026-09-03,10:53,152.32,152.32,152,152.06,44185
ORCL,2026-09-03,10:54,152.0521,152.25,151.85,152.2299,103630
ORCL,2026-09-03,10:55,152.26,152.47,152.26,152.33,48050
ORCL,2026-09-03,10:56,152.34,152.46,151.5703,152.1094,126020
ORCL,2026-09-03,10:57,152.145,152.1951,151.92,152.08,30073
ORCL,2026-09-03,10:58,152.25,152.37,151.88,151.99,43299
ORCL,2026-09-03,10:59,152.005,152.32,151.73,152.32,39721
ORCL,2026-09-03,11:00,152.26,152.36,152.09,152.3,28432
ORCL,2026-09-03,11:01,152.2306,152.3178,151.96,151.975,30794
ORCL,2026-09-03,11:02,151.95,152,151.7636,151.81,30164
ORCL,2026-09-03,11:03,151.9,152,151.71,151.94,40838
ORCL,2026-09-03,11:04,151.92,152.1492,151.83,152.085,38524
ORCL,2026-09-03,11:05,152.11,152.11,151.82,151.975,32858
ORCL,2026-09-03,11:06,151.945,152.035,151.87,152.035,28035
ORCL,2026-09-03,11:07,151.99,152.07,151.87,151.9775,27383
ORCL,2026-09-03,11:08,151.9775,152.15,151.93,152.11,27371
ORCL,2026-09-03,11:09,152.16,152.18,151.9455,152.09,39519
ORCL,2026-09-03,11:10,152.04,152.2499,152.0001,152.19,29503
ORCL,2026-09-03,11:11,152.2314,152.35,151.75,151.75,104871
ORCL,2026-09-03,11:12,151.84,152.03,151.79,151.87,35960
ORCL,2026-09-03,11:13,151.82,152.16,151.82,152.06,63560
ORCL,2026-09-03,11:14,152.0225,152.105,151.93,151.975,23314
ORCL,2026-09-03,11:15,152.015,152.36,152.015,152.32,68120
ORCL,2026-09-03,11:16,152.32,152.44,152.22,152.27,55870
ORCL,2026-09-03,11:17,152.27,152.48,152.09,152.445,54832
ORCL,2026-09-03,11:18,152.445,152.47,152.3,152.355,31226
ORCL,2026-09-03,11:19,152.355,152.55,152.15,152.2918,57334
ORCL,2026-09-03,11:20,152.32,152.39,152.135,152.1351,34941
ORCL,2026-09-03,11:21,152.1,152.38,152.05,152.28,29433
ORCL,2026-09-03,11:22,152.27,152.28,152.07,152.12,32090
ORCL,2026-09-03,11:23,152.1,152.27,151.9517,152.27,90332
ORCL,2026-09-03,11:24,152.225,152.3,152.19,152.255,18512
ORCL,2026-09-03,11:25,152.25,152.5,152.21,152.5,53046
ORCL,2026-09-03,11:26,152.46,152.66,152.4,152.66,40055
ORCL,2026-09-03,11:27,152.63,152.8,152.51,152.8,38354
ORCL,2026-09-03,11:28,152.75,152.91,152.75,152.8816,54605
ORCL,2026-09-03,11:29,152.94,152.97,152.7,152.757,47286
ORCL,2026-09-03,11:30,152.79,152.9409,152.67,152.895,31148
ORCL,2026-09-03,11:31,152.9364,152.95,152.77,152.79,31328
ORCL,2026-09-03,11:32,152.79,152.879,152.65,152.8,29333
ORCL,2026-09-03,11:33,152.81,152.81,152.6,152.715,52274
ORCL,2026-09-03,11:34,152.66,152.715,152.26,152.48,73972
ORCL,2026-09-03,11:35,152.53,152.7599,152.475,152.5624,57650
ORCL,2026-09-03,11:36,152.67,152.99,152.6472,152.84,46105
ORCL,2026-09-03,11:37,152.8,152.87,152.68,152.77,38065
ORCL,2026-09-03,11:38,152.84,153.12,152.7,153.055,83717
ORCL,2026-09-03,11:39,153,153.0874,152.74,152.74,32583
ORCL,2026-09-03,11:40,152.765,152.83,152.627,152.73,58035
ORCL,2026-09-03,11:41,152.78,152.98,152.69,152.82,68121
ORCL,2026-09-03,11:42,152.82,152.89,152.71,152.735,12597
ORCL,2026-09-03,11:43,152.725,152.91,152.6901,152.91,18274
ORCL,2026-09-03,11:44,152.875,152.98,152.73,152.79,52501
ORCL,2026-09-03,11:45,152.8474,153.2399,152.79,153.17,34498
ORCL,2026-09-03,11:46,153.17,153.2399,153.05,153.1,41072
ORCL,2026-09-03,11:47,153.095,153.24,153.01,153.205,20699
ORCL,2026-09-03,11:48,153.1701,153.35,153.16,153.24,60991
ORCL,2026-09-03,11:49,153.26,153.2899,153.14,153.235,26865
ORCL,2026-09-03,11:50,153.27,153.3,153.05,153.3,45409
ORCL,2026-09-03,11:51,153.2,153.5,153.2,153.43,47311
ORCL,2026-09-03,11:52,153.45,153.8,153.37,153.74,64305
ORCL,2026-09-03,11:53,153.78,153.79,153.57,153.6,37704
ORCL,2026-09-03,11:54,153.635,153.66,153.44,153.62,38756
ORCL,2026-09-03,11:55,153.625,153.64,153.4534,153.495,21993
ORCL,2026-09-03,11:56,153.46,153.46,153.2364,153.2642,43480
ORCL,2026-09-03,11:57,153.27,153.33,153.24,153.3,34439
ORCL,2026-09-03,11:58,153.28,153.6,153.28,153.57,27515
ORCL,2026-09-03,11:59,153.585,153.75,153.54,153.695,34740
ORCL,2026-09-03,12:00,153.69,153.69,153.42,153.55,32539
ORCL,2026-09-03,12:01,153.55,153.6899,153.5001,153.53,27380
ORCL,2026-09-03,12:02,153.59,153.685,153.58,153.6,25167
ORCL,2026-09-03,12:03,153.58,153.595,153.47,153.535,29808
ORCL,2026-09-03,12:04,153.55,153.7831,153.535,153.5701,68088
ORCL,2026-09-03,12:05,153.65,153.69,153.41,153.41,33047
ORCL,2026-09-03,12:06,153.415,153.55,153.25,153.31,47336
ORCL,2026-09-03,12:07,153.28,153.39,153.15,153.2,35112
ORCL,2026-09-03,12:08,153.22,153.3,153.21,153.255,15706
ORCL,2026-09-03,12:09,153.275,153.47,153.25,153.45,25589
ORCL,2026-09-03,12:10,153.41,153.53,153.33,153.495,33681
ORCL,2026-09-03,12:11,153.4892,153.6,153.4059,153.45,35319
ORCL,2026-09-03,12:12,153.465,153.59,153.4501,153.586,15792
ORCL,2026-09-03,12:13,153.615,153.75,153.5956,153.69,29447
ORCL,2026-09-03,12:14,153.675,153.85,153.6501,153.805,64165
ORCL,2026-09-03,12:15,153.84,153.87,153.5775,153.63,51659
ORCL,2026-09-03,12:16,153.625,153.76,153.6,153.73,21945
ORCL,2026-09-03,12:17,153.7899,153.79,153.67,153.77,30724
ORCL,2026-09-03,12:18,153.73,153.9299,153.55,153.61,40396
ORCL,2026-09-03,12:19,153.575,153.67,153.53,153.64,22925
ORCL,2026-09-03,12:20,153.61,153.68,153.565,153.5951,20355
ORCL,2026-09-03,12:21,153.635,153.835,153.49,153.49,90814
ORCL,2026-09-03,12:22,153.53,153.63,153.47,153.47,23030
ORCL,2026-09-03,12:23,153.45,153.49,153.41,153.49,13966
ORCL,2026-09-03,12:24,153.47,153.47,153.29,153.29,28891
ORCL,2026-09-03,12:25,153.325,153.405,153.25,153.25,27821
ORCL,2026-09-03,12:26,153.25,153.3,153.05,153.05,25212
ORCL,2026-09-03,12:27,153.1,153.25,153.0953,153.225,22145
ORCL,2026-09-03,12:28,153.225,153.225,153.0446,153.21,37016
ORCL,2026-09-03,12:29,153.24,153.48,153.24,153.48,29193
ORCL,2026-09-03,12:30,153.46,153.65,153.46,153.58,29432
ORCL,2026-09-03,12:31,153.58,153.68,153.33,153.41,39487
ORCL,2026-09-03,12:32,153.48,153.59,153.36,153.56,29018
ORCL,2026-09-03,12:33,153.59,153.74,153.52,153.7,54450
ORCL,2026-09-03,12:34,153.695,153.73,153.62,153.73,25018
ORCL,2026-09-03,12:35,153.7,153.72,153.55,153.58,24980
ORCL,2026-09-03,12:36,153.58,153.68,153.54,153.57,37692
ORCL,2026-09-03,12:37,153.575,153.61,153.49,153.61,26929
ORCL,2026-09-03,12:38,153.6,153.77,153.56,153.73,102136
ORCL,2026-09-03,12:39,153.76,153.81,153.66,153.795,30722
ORCL,2026-09-03,12:40,153.795,153.81,153.7101,153.7782,14312
ORCL,2026-09-03,12:41,153.8,153.91,153.7,153.73,42672
ORCL,2026-09-03,12:42,153.8,153.85,153.72,153.8399,24394
ORCL,2026-09-03,12:43,153.795,153.88,153.7787,153.8501,17984
ORCL,2026-09-03,12:44,153.8,153.91,153.65,153.87,50390
ORCL,2026-09-03,12:45,153.87,154.19,153.83,154.17,112412
ORCL,2026-09-03,12:46,154.17,154.245,154.11,154.111,46793
ORCL,2026-09-03,12:47,154.14,154.35,154.11,154.305,64415
ORCL,2026-09-03,12:48,154.32,154.4,154.2201,154.31,48030
ORCL,2026-09-03,12:49,154.335,154.3999,154.1506,154.23,30727
ORCL,2026-09-03,12:50,154.24,154.28,153.8313,153.8313,44609
ORCL,2026-09-03,12:51,153.822,154.15,153.7376,154.11,27295
ORCL,2026-09-03,12:52,154.1,154.1026,153.9,153.93,20478
ORCL,2026-09-03,12:53,153.945,153.9999,153.83,153.856,16429
ORCL,2026-09-03,12:54,153.8,154,153.8,153.975,16394
ORCL,2026-09-03,12:55,153.975,154.005,153.88,153.91,27406
ORCL,2026-09-03,12:56,153.89,154.11,153.88,154.04,50679
ORCL,2026-09-03,12:57,154.07,154.12,153.9801,154.08,23919
ORCL,2026-09-03,12:58,154.08,154.26,154.05,154.235,18383
ORCL,2026-09-03,12:59,154.22,154.38,154.15,154.34,26401
ORCL,2026-09-03,13:00,154.3,154.4,154.16,154.165,37636
ORCL,2026-09-03,13:01,154.14,154.14,153.72,153.805,57851
ORCL,2026-09-03,13:02,153.76,153.8698,153.72,153.745,30777
ORCL,2026-09-03,13:03,153.745,153.8835,153.7216,153.87,59322
ORCL,2026-09-03,13:04,153.87,153.98,153.84,153.93,17981
ORCL,2026-09-03,13:05,153.9,154.0286,153.89,154,29392
ORCL,2026-09-03,13:06,154,154.1,153.9601,154.06,20449
ORCL,2026-09-03,13:07,154.06,154.22,153.98,154.195,24936
ORCL,2026-09-03,13:08,154.1801,154.23,154.1,154.12,16269
ORCL,2026-09-03,13:09,154.1399,154.1399,153.93,154.05,20753
ORCL,2026-09-03,13:10,154,154.115,153.975,154.0906,12969
ORCL,2026-09-03,13:11,154.0601,154.23,154.0601,154.18,20648
ORCL,2026-09-03,13:12,154.22,154.23,154.07,154.12,15453
ORCL,2026-09-03,13:13,154.13,154.27,154.11,154.24,18291
ORCL,2026-09-03,13:14,154.245,154.27,154.16,154.18,16312
ORCL,2026-09-03,13:15,154.21,154.27,154.1283,154.13,20957
ORCL,2026-09-03,13:16,154.13,154.15,153.95,153.995,20124
ORCL,2026-09-03,13:17,153.995,154.11,153.9701,154.085,14262
ORCL,2026-09-03,13:18,154.085,154.12,154.0101,154.06,11872
ORCL,2026-09-03,13:19,154.045,154.14,154.03,154.09,19644
ORCL,2026-09-03,13:20,154.095,154.3,154.06,154.245,23272
ORCL,2026-09-03,13:21,154.255,154.46,154.22,154.41,59619
ORCL,2026-09-03,13:22,154.42,154.5,154.4098,154.48,37681
ORCL,2026-09-03,13:23,154.48,154.56,154.41,154.55,33280
ORCL,2026-09-03,13:24,154.545,154.64,154.43,154.454,68118
ORCL,2026-09-03,13:25,154.45,154.7,154.4195,154.45,44517
ORCL,2026-09-03,13:26,154.45,154.69,154.45,154.55,33440
ORCL,2026-09-03,13:27,154.52,154.6664,154.52,154.55,25341
ORCL,2026-09-03,13:28,154.56,154.56,154.42,154.5,40675
ORCL,2026-09-03,13:29,154.44,154.5378,154.31,154.42,42095
ORCL,2026-09-03,13:30,154.42,154.49,154.31,154.33,24756
ORCL,2026-09-03,13:31,154.355,154.4,154.22,154.36,55495
ORCL,2026-09-03,13:32,154.355,154.44,154.3,154.4352,40161
ORCL,2026-09-03,13:33,154.44,154.44,154.27,154.38,19451
ORCL,2026-09-03,13:34,154.34,154.5,154.33,154.39,21777
ORCL,2026-09-03,13:35,154.445,154.45,154.295,154.4,15611
ORCL,2026-09-03,13:36,154.3508,154.4785,154.305,154.34,28690
ORCL,2026-09-03,13:37,154.35,154.4999,154.32,154.35,26948
ORCL,2026-09-03,13:38,154.355,154.4,154.27,154.3,15940
ORCL,2026-09-03,13:39,154.335,154.355,153.78,153.835,98969
ORCL,2026-09-03,13:40,153.8475,153.94,153.79,153.84,49024
ORCL,2026-09-03,13:41,153.84,153.89,153.735,153.78,44020
ORCL,2026-09-03,13:42,153.79,153.85,153.62,153.66,67071
ORCL,2026-09-03,13:43,153.63,153.65,153.5,153.53,101337
ORCL,2026-09-03,13:44,153.5899,153.72,153.52,153.6199,59163
ORCL,2026-09-03,13:45,153.585,153.655,153.52,153.545,30394
ORCL,2026-09-03,13:46,153.545,153.915,153.471,153.88,49274
ORCL,2026-09-03,13:47,153.88,153.95,153.78,153.85,19184
ORCL,2026-09-03,13:48,153.85,154.18,153.801,154.18,35429
ORCL,2026-09-03,13:49,154.18,154.29,154.16,154.27,7636
ORCL,2026-09-03,13:50,154.335,154.36,154.2701,154.32,45463
ORCL,2026-09-03,13:51,154.32,154.62,154.2871,154.575,33310
ORCL,2026-09-03,13:52,154.61,154.72,154.58,154.6,38760
ORCL,2026-09-03,13:53,154.6001,154.61,154.6,154.61,1188
ORCL,2026-09-03,13:54,154.61,154.61,154.61,154.61,0
ORCL,2026-09-03,13:55,154.76,154.85,154.74,154.81,172955
ORCL,2026-09-03,13:56,154.805,155.29,154.77,155.24,231230
ORCL,2026-09-03,13:57,155.33,155.3323,155.21,155.21,131437
ORCL,2026-09-03,13:58,155.25,155.25,155.08,155.18,52682
ORCL,2026-09-03,13:59,155.17,155.23,155.145,155.185,34609
ORCL,2026-09-03,14:00,155.185,156.18,155.1701,156.18,256834
ORCL,2026-09-03,14:01,156.13,156.22,155.92,156.13,122661
ORCL,2026-09-03,14:02,156.13,156.17,155.45,155.5901,84562
ORCL,2026-09-03,14:03,155.78,155.86,155.6001,155.695,45959
ORCL,2026-09-03,14:04,155.73,155.9,155.31,155.31,68681
ORCL,2026-09-03,14:05,155.47,156,155.44,155.72,51964
ORCL,2026-09-03,14:06,155.69,155.82,155.38,155.41,50800
ORCL,2026-09-03,14:07,155.41,155.46,155.2162,155.23,33083
ORCL,2026-09-03,14:08,155.23,155.41,155.23,155.385,86840
ORCL,2026-09-03,14:09,155.39,155.575,155.32,155.54,54550
ORCL,2026-09-03,14:10,155.548,155.68,155.44,155.66,56461
ORCL,2026-09-03,14:11,155.66,155.755,155.53,155.755,38637
ORCL,2026-09-03,14:12,155.78,156.12,155.694,155.8999,132493
ORCL,2026-09-03,14:13,155.89,156.3,155.88,156.225,84981
ORCL,2026-09-03,14:14,156.235,156.3,155.95,156.03,66449
ORCL,2026-09-03,14:15,156.0054,156.0689,155.9,156,34405
ORCL,2026-09-03,14:16,155.98,156.03,155.87,155.895,40223
ORCL,2026-09-03,14:17,155.895,156.27,155.895,156.25,83655
ORCL,2026-09-03,14:18,156.235,156.34,156.15,156.15,62600
ORCL,2026-09-03,14:19,156.1413,156.38,156,156.33,77776
ORCL,2026-09-03,14:20,156.33,156.77,156.2,156.6199,120635
ORCL,2026-09-03,14:21,156.53,156.58,156.25,156.3207,115205
ORCL,2026-09-03,14:22,156.3,156.5,156.29,156.32,38034
ORCL,2026-09-03,14:23,156.3107,156.48,156.12,156.13,70406
ORCL,2026-09-03,14:24,156.155,156.25,156.08,156.125,41370
ORCL,2026-09-03,14:25,156.1533,156.19,155.97,156.025,35775
ORCL,2026-09-03,14:26,156,156.06,155.7501,155.9,61565
ORCL,2026-09-03,14:27,155.81,155.85,155.7,155.72,53196
ORCL,2026-09-03,14:28,155.7057,155.79,155.64,155.71,39661
ORCL,2026-09-03,14:29,155.71,155.765,155.4319,155.63,39087
ORCL,2026-09-03,14:30,155.615,155.69,155.47,155.56,36520
ORCL,2026-09-03,14:31,155.55,155.56,155.35,155.4165,35561
ORCL,2026-09-03,14:32,155.44,155.61,155.43,155.55,34840
ORCL,2026-09-03,14:33,155.59,155.63,155.5201,155.59,19794
ORCL,2026-09-03,14:34,155.59,155.79,155.57,155.635,44603
ORCL,2026-09-03,14:35,155.64,155.82,155.577,155.66,39016
ORCL,2026-09-03,14:36,155.619,155.88,155.57,155.765,49980
ORCL,2026-09-03,14:37,155.75,155.81,155.71,155.72,27865
ORCL,2026-09-03,14:38,155.73,155.83,155.71,155.805,19042
ORCL,2026-09-03,14:39,155.8,155.8485,155.6218,155.635,30315
ORCL,2026-09-03,14:40,155.68,155.69,155.57,155.625,23561
ORCL,2026-09-03,14:41,155.625,155.66,155.56,155.65,22025
ORCL,2026-09-03,14:42,155.63,155.65,155.33,155.408,41193
ORCL,2026-09-03,14:43,155.42,155.64,155.35,155.64,42612
ORCL,2026-09-03,14:44,155.62,155.64,155.44,155.4701,24193
ORCL,2026-09-03,14:45,155.51,155.65,155.47,155.575,36548
ORCL,2026-09-03,14:46,155.5508,155.69,155.54,155.6319,18727
ORCL,2026-09-03,14:47,155.64,155.89,155.59,155.835,31807
ORCL,2026-09-03,14:48,155.89,155.92,155.7801,155.885,35890
ORCL,2026-09-03,14:49,155.89,155.93,155.775,155.775,37699
ORCL,2026-09-03,14:50,155.775,155.82,155.42,155.51,38111
ORCL,2026-09-03,14:51,155.47,155.57,155.35,155.56,29050
ORCL,2026-09-03,14:52,155.555,155.66,155.53,155.66,19769
ORCL,2026-09-03,14:53,155.62,155.69,155.51,155.615,48444
ORCL,2026-09-03,14:54,155.615,155.62,155.48,155.525,40268
ORCL,2026-09-03,14:55,155.525,155.525,155.12,155.24,50185
ORCL,2026-09-03,14:56,155.186,155.24,155.07,155.12,33703
ORCL,2026-09-03,14:57,155.12,155.14,155.0205,155.09,32405
ORCL,2026-09-03,14:58,155.12,155.3601,155.12,155.26,62493
ORCL,2026-09-03,14:59,155.27,155.32,155.1501,155.32,23684
ORCL,2026-09-03,15:00,155.25,155.32,155.24,155.26,19171
ORCL,2026-09-03,15:01,155.27,155.32,155.1,155.145,34425
ORCL,2026-09-03,15:02,155.145,155.2931,155.06,155.11,29560
ORCL,2026-09-03,15:03,155.11,155.24,155.0701,155.23,22892
ORCL,2026-09-03,15:04,155.23,155.23,155.0564,155.18,29324
ORCL,2026-09-03,15:05,155.2,155.22,155.115,155.19,29449
ORCL,2026-09-03,15:06,155.15,155.19,154.9,154.935,43562
ORCL,2026-09-03,15:07,154.935,155.01,154.86,154.9221,25897
ORCL,2026-09-03,15:08,154.895,154.95,154.8,154.91,45165
ORCL,2026-09-03,15:09,154.9,155.3069,154.7709,155.23,50277
ORCL,2026-09-03,15:10,155.18,155.4999,155.18,155.41,58482
ORCL,2026-09-03,15:11,155.41,155.4599,155.33,155.36,26280
ORCL,2026-09-03,15:12,155.39,155.68,155.38,155.65,52047
ORCL,2026-09-03,15:13,155.66,155.76,155.6,155.66,64324
ORCL,2026-09-03,15:14,155.6706,155.72,155.62,155.7,40098
ORCL,2026-09-03,15:15,155.655,155.67,155.45,155.525,45160
ORCL,2026-09-03,15:16,155.52,155.56,155.251,155.285,34408
ORCL,2026-09-03,15:17,155.285,155.67,155.285,155.67,77874
ORCL,2026-09-03,15:18,155.65,155.72,155.58,155.61,29085
ORCL,2026-09-03,15:19,155.59,155.95,155.54,155.95,40182
ORCL,2026-09-03,15:20,155.89,156.0495,155.78,155.79,67404
ORCL,2026-09-03,15:21,155.79,155.94,155.77,155.94,26879
ORCL,2026-09-03,15:22,155.8656,155.98,155.75,155.785,66114
ORCL,2026-09-03,15:23,155.785,155.92,155.74,155.79,29352
ORCL,2026-09-03,15:24,155.7418,155.83,155.56,155.66,60623
ORCL,2026-09-03,15:25,155.6,155.695,155.56,155.69,27764
ORCL,2026-09-03,15:26,155.64,155.745,155.48,155.59,44082
ORCL,2026-09-03,15:27,155.57,155.73,155.53,155.65,25007
ORCL,2026-09-03,15:28,155.64,155.78,155.64,155.73,25263
ORCL,2026-09-03,15:29,155.7489,155.85,155.68,155.8,44480
ORCL,2026-09-03,15:30,155.82,155.85,155.6,155.62,55072
ORCL,2026-09-03,15:31,155.6,155.83,155.6,155.725,32563
ORCL,2026-09-03,15:32,155.75,155.8299,155.7,155.76,41588
ORCL,2026-09-03,15:33,155.74,155.74,155.39,155.4144,70657
ORCL,2026-09-03,15:34,155.4,155.46,155.29,155.42,48449
ORCL,2026-09-03,15:35,155.415,155.53,155.3021,155.345,64347
ORCL,2026-09-03,15:36,155.36,155.5,155.17,155.39,71663
ORCL,2026-09-03,15:37,155.5099,155.5099,155.25,155.28,54889
ORCL,2026-09-03,15:38,155.35,155.42,155.2501,155.2601,44562
ORCL,2026-09-03,15:39,155.24,155.2799,155.19,155.235,26323
ORCL,2026-09-03,15:40,155.26,155.27,155.1701,155.22,57591
ORCL,2026-09-03,15:41,155.21,155.21,155.01,155.085,60316
ORCL,2026-09-03,15:42,155.055,155.14,154.95,155.015,65245
ORCL,2026-09-03,15:43,155.01,155.05,154.9,154.91,62537
ORCL,2026-09-03,15:44,154.92,154.97,154.8301,154.89,36811
ORCL,2026-09-03,15:45,154.9,154.93,154.77,154.83,66006
ORCL,2026-09-03,15:46,154.85,154.9,154.4002,154.49,225623
ORCL,2026-09-03,15:47,154.42,154.5799,154.41,154.44,69026
ORCL,2026-09-03,15:48,154.46,154.63,154.44,154.555,59909
ORCL,2026-09-03,15:49,154.52,154.56,154.3201,154.3201,134618
ORCL,2026-09-03,15:50,154.36,154.58,154.36,154.49,99474
ORCL,2026-09-03,15:51,154.505,154.54,154.3909,154.515,151172
ORCL,2026-09-03,15:52,154.55,154.86,154.53,154.73,83654
ORCL,2026-09-03,15:53,154.73,154.77,154.494,154.54,136470
ORCL,2026-09-03,15:54,154.545,154.56,154.38,154.39,91147
ORCL,2026-09-03,15:55,154.4,154.55,154.27,154.515,110929
ORCL,2026-09-03,15:56,154.515,154.6,154.43,154.565,151566
ORCL,2026-09-03,15:57,154.57,154.58,154.37,154.54,232986
ORCL,2026-09-03,15:58,154.54,154.55,154.29,154.3,220205
ORCL,2026-09-03,15:59,154.29,154.32,153.9,154.05,542368
ORCL,2026-09-03,16:00,154.04,154.04,154.04,154.04,0
ORCL,2026-09-04,09:30,159.455,159.7,158.48,158.57,2256186
ORCL,2026-09-04,09:31,158.73,159.47,157.91,159.11,239756
ORCL,2026-09-04,09:32,159.12,159.47,158,158.3035,207479
ORCL,2026-09-04,09:33,158.275,158.6,157.11,158.4775,282843
ORCL,2026-09-04,09:34,158.465,159.195,158,158.8882,177031
ORCL,2026-09-04,09:35,159.03,159.27,158.25,158.64,182597
ORCL,2026-09-04,09:36,158.57,159.58,157.5701,157.81,251611
ORCL,2026-09-04,09:37,157.705,159.2,157.63,159.07,157391
ORCL,2026-09-04,09:38,159.1,159.43,158.745,158.939,154637
ORCL,2026-09-04,09:39,158.875,158.94,157.76,157.9507,160789
ORCL,2026-09-04,09:40,157.82,158.12,157.46,157.68,119200
ORCL,2026-09-04,09:41,157.66,158.91,157.58,158.91,92184
ORCL,2026-09-04,09:42,158.9,159.47,158.77,159.17,186992
ORCL,2026-09-04,09:43,159.19,159.23,158.32,158.72,151976
ORCL,2026-09-04,09:44,158.755,158.99,157.5,157.96,200925
ORCL,2026-09-04,09:45,157.98,158.58,157.71,158.32,195348
ORCL,2026-09-04,09:46,158.205,158.31,157.13,157.17,181390
ORCL,2026-09-04,09:47,157.12,157.49,156.91,157.37,166435
ORCL,2026-09-04,09:48,157.38,157.87,157.02,157.78,100916
ORCL,2026-09-04,09:49,157.78,158.045,157.71,158.03,86687
ORCL,2026-09-04,09:50,157.97,158.1,157.45,157.86,91569
ORCL,2026-09-04,09:51,157.795,157.81,157.365,157.7699,64558
ORCL,2026-09-04,09:52,157.7,157.8278,157.4,157.6,48201
ORCL,2026-09-04,09:53,157.58,157.6796,157.1901,157.405,65072
ORCL,2026-09-04,09:54,157.405,157.6307,157.22,157.38,48816
ORCL,2026-09-04,09:55,157.37,157.89,157.37,157.57,77905
ORCL,2026-09-04,09:56,157.585,157.74,157.54,157.61,45371
ORCL,2026-09-04,09:57,157.65,157.76,157.3801,157.5199,58173
ORCL,2026-09-04,09:58,157.4125,157.575,157.11,157.46,62094
ORCL,2026-09-04,09:59,157.36,157.55,157.0201,157.47,79354
ORCL,2026-09-04,10:00,157.55,157.69,157.12,157.285,101735
ORCL,2026-09-04,10:01,157.22,157.45,157.1,157.45,53687
ORCL,2026-09-04,10:02,157.315,157.9,157.3099,157.83,63343
ORCL,2026-09-04,10:03,157.89,158.35,157.76,158.2318,119270
ORCL,2026-09-04,10:04,158.185,158.4,158.07,158.345,116401
ORCL,2026-09-04,10:05,158.32,158.67,158.2222,158.395,120150
ORCL,2026-09-04,10:06,158.395,158.67,157.7601,157.9,106339
ORCL,2026-09-04,10:07,157.97,158.05,157.81,157.97,64735
ORCL,2026-09-04,10:08,157.965,157.99,157.76,157.865,70542
ORCL,2026-09-04,10:09,157.9,158.0999,157.65,157.65,77144
ORCL,2026-09-04,10:10,157.68,158.47,157.5501,158.1499,91460
ORCL,2026-09-04,10:11,158.0933,158.3,157.93,158.25,61819
ORCL,2026-09-04,10:12,158.185,158.41,158,158.255,88816
ORCL,2026-09-04,10:13,158.255,158.34,157.82,158.005,100378
ORCL,2026-09-04,10:14,157.995,158.12,157.93,158.04,47139
ORCL,2026-09-04,10:15,158.04,158.43,158.04,158.36,50399
ORCL,2026-09-04,10:16,158.3882,158.41,158.06,158.11,87637
ORCL,2026-09-04,10:17,158.11,158.48,158.08,158.38,144134
ORCL,2026-09-04,10:18,158.375,158.46,157.91,158.225,83903
ORCL,2026-09-04,10:19,158.28,158.31,157.18,157.205,150057
ORCL,2026-09-04,10:20,157.24,157.86,157.21,157.86,115717
ORCL,2026-09-04,10:21,157.91,157.91,157.45,157.81,127580
ORCL,2026-09-04,10:22,157.81,158.3,157.73,158.05,71940
ORCL,2026-09-04,10:23,157.98,158.2,157.93,158.15,35097
ORCL,2026-09-04,10:24,158.0987,158.15,157.76,158.12,53818
ORCL,2026-09-04,10:25,158.08,158.3,158.04,158.21,71684
ORCL,2026-09-04,10:26,158.21,158.38,158.0101,158.11,74299
ORCL,2026-09-04,10:27,158.1,158.55,158.0598,158.475,49778
ORCL,2026-09-04,10:28,158.46,158.75,158.14,158.6899,203020
ORCL,2026-09-04,10:29,158.69,158.74,158.25,158.6,54051
ORCL,2026-09-04,10:30,158.61,158.65,158.12,158.31,33784
ORCL,2026-09-04,10:31,158.31,158.59,158.0501,158.255,65494
ORCL,2026-09-04,10:32,158.2425,158.3,157.7,157.772,96888
ORCL,2026-09-04,10:33,157.89,158.42,157.8,158,68499
ORCL,2026-09-04,10:34,158.03,158.262,157.9684,158.005,89843
ORCL,2026-09-04,10:35,158.005,158.3515,158.005,158.21,44039
ORCL,2026-09-04,10:36,158.12,158.24,158.03,158.17,24431
ORCL,2026-09-04,10:37,158.17,158.578,157.9301,158.47,55964
ORCL,2026-09-04,10:38,158.38,158.77,158.29,158.655,45806
ORCL,2026-09-04,10:39,158.63,158.86,158.4,158.69,109784
ORCL,2026-09-04,10:40,158.695,158.7998,158.28,158.365,59781
ORCL,2026-09-04,10:41,158.34,158.49,158.22,158.36,42219
ORCL,2026-09-04,10:42,158.36,158.415,158.08,158.1244,57197
ORCL,2026-09-04,10:43,158.13,158.2,157.8,157.9,56881
ORCL,2026-09-04,10:44,157.93,158.0494,157.54,157.68,49388
ORCL,2026-09-04,10:45,157.638,158.42,157.625,158.42,58503
ORCL,2026-09-04,10:46,158.39,158.42,158.03,158.205,103286
ORCL,2026-09-04,10:47,158.21,158.65,158.0857,158.61,62650
ORCL,2026-09-04,10:48,158.61,158.61,158.16,158.41,125955
ORCL,2026-09-04,10:49,158.41,158.5,158.22,158.3364,79220
ORCL,2026-09-04,10:50,158.315,158.555,158.2505,158.49,117831
ORCL,2026-09-04,10:51,158.49,158.56,158.02,158.07,78587
ORCL,2026-09-04,10:52,158.055,158.39,157.72,158.3,62544
ORCL,2026-09-04,10:53,158.27,158.31,158.16,158.21,34640
ORCL,2026-09-04,10:54,158.25,158.35,158.09,158.26,28276
ORCL,2026-09-04,10:55,158.26,158.515,158.16,158.46,57225
ORCL,2026-09-04,10:56,158.365,158.6,158.34,158.3799,80523
ORCL,2026-09-04,10:57,158.34,158.79,158.31,158.745,60375
ORCL,2026-09-04,10:58,158.745,158.87,158.66,158.84,61610
ORCL,2026-09-04,10:59,158.84,158.88,158.43,158.65,60644
ORCL,2026-09-04,11:00,158.585,158.88,158.51,158.59,41200
ORCL,2026-09-04,11:01,158.51,158.55,158.1009,158.145,34299
ORCL,2026-09-04,11:02,158.145,158.24,157.98,158.11,66399
ORCL,2026-09-04,11:03,158.14,158.26,158.02,158.155,36322
ORCL,2026-09-04,11:04,158.1712,158.205,157.76,157.945,44454
ORCL,2026-09-04,11:05,157.945,158.16,157.88,158.15,34203
ORCL,2026-09-04,11:06,158.17,158.3546,158.1114,158.255,30356
ORCL,2026-09-04,11:07,158.23,158.6,158.23,158.5,41508
ORCL,2026-09-04,11:08,158.485,158.54,158.32,158.51,35024
ORCL,2026-09-04,11:09,158.54,158.56,158.11,158.27,34415
ORCL,2026-09-04,11:10,158.26,158.29,157.78,157.8,50867
ORCL,2026-09-04,11:11,157.795,158.1099,157.6428,158.065,65255
ORCL,2026-09-04,11:12,158.075,158.075,157.82,157.9,53406
ORCL,2026-09-04,11:13,157.94,158.06,157.9,158.03,53929
ORCL,2026-09-04,11:14,158.03,158.04,157.85,157.92,54478
ORCL,2026-09-04,11:15,157.935,157.94,157.5582,157.6,76104
ORCL,2026-09-04,11:16,157.63,157.76,157.56,157.585,40879
ORCL,2026-09-04,11:17,157.585,157.59,157.28,157.28,49041
ORCL,2026-09-04,11:18,157.3,157.4,157.28,157.4,36128
ORCL,2026-09-04,11:19,157.4189,157.67,157.13,157.18,65609
ORCL,2026-09-04,11:20,157.17,157.28,157.01,157.16,81095
ORCL,2026-09-04,11:21,157.175,157.175,156.79,157.05,130022
ORCL,2026-09-04,11:22,157.01,157.41,157,157.385,45881
ORCL,2026-09-04,11:23,157.39,157.4239,157.18,157.4,53835
ORCL,2026-09-04,11:24,157.4,157.51,157.25,157.43,52435
ORCL,2026-09-04,11:25,157.395,157.465,157.26,157.375,32215
ORCL,2026-09-04,11:26,157.375,157.7,157.33,157.645,39854
ORCL,2026-09-04,11:27,157.7,157.7,157.48,157.62,34369
ORCL,2026-09-04,11:28,157.645,157.73,157.59,157.7065,34674
ORCL,2026-09-04,11:29,157.695,157.74,157.44,157.6707,36451
ORCL,2026-09-04,11:30,157.74,157.75,157.48,157.51,28330
ORCL,2026-09-04,11:31,157.515,157.54,157.25,157.3057,46439
ORCL,2026-09-04,11:32,157.36,157.52,157.31,157.36,28103
ORCL,2026-09-04,11:33,157.345,157.43,157.31,157.37,24614
ORCL,2026-09-04,11:34,157.4099,157.5,157.29,157.45,46918
ORCL,2026-09-04,11:35,157.47,157.7,157.43,157.65,39075
ORCL,2026-09-04,11:36,157.65,157.69,157.56,157.58,26201
ORCL,2026-09-04,11:37,157.57,157.6374,157.47,157.52,44326
ORCL,2026-09-04,11:38,157.54,157.64,157.495,157.52,35317
ORCL,2026-09-04,11:39,157.5799,157.5799,157.42,157.47,37104
ORCL,2026-09-04,11:40,157.45,157.64,157.42,157.62,28786
ORCL,2026-09-04,11:41,157.6045,157.6045,157.44,157.45,14466
ORCL,2026-09-04,11:42,157.45,157.65,157.45,157.58,22559
ORCL,2026-09-04,11:43,157.57,157.7,157.56,157.64,35923
ORCL,2026-09-04,11:44,157.61,157.67,157.49,157.575,21789
ORCL,2026-09-04,11:45,157.64,157.76,157.51,157.72,36995
ORCL,2026-09-04,11:46,157.73,157.88,157.6,157.62,43435
ORCL,2026-09-04,11:47,157.59,157.59,157.29,157.42,29611
ORCL,2026-09-04,11:48,157.35,157.6399,157.35,157.54,26493
ORCL,2026-09-04,11:49,157.525,157.525,157.4401,157.49,14300
ORCL,2026-09-04,11:50,157.55,157.64,157.5,157.5,22599
ORCL,2026-09-04,11:51,157.535,157.57,157.401,157.55,39808
ORCL,2026-09-04,11:52,157.54,157.62,157.45,157.49,22816
ORCL,2026-09-04,11:53,157.505,157.505,157.3,157.46,28972
ORCL,2026-09-04,11:54,157.405,157.575,157.31,157.55,17406
ORCL,2026-09-04,11:55,157.575,157.8,157.5,157.8,33938
ORCL,2026-09-04,11:56,157.7999,157.8,157.5601,157.5601,34494
ORCL,2026-09-04,11:57,157.6,157.73,157.57,157.71,14864
ORCL,2026-09-04,11:58,157.695,157.71,157.59,157.6999,20932
ORCL,2026-09-04,11:59,157.69,157.7,157.51,157.6,27635
ORCL,2026-09-04,12:00,157.6,157.64,157.54,157.54,51267
ORCL,2026-09-04,12:01,157.54,157.5601,157.44,157.515,23676
ORCL,2026-09-04,12:02,157.515,157.65,157.5,157.65,15902
ORCL,2026-09-04,12:03,157.68,157.7,157.52,157.52,16125
ORCL,2026-09-04,12:04,157.52,157.615,157.51,157.57,17002
ORCL,2026-09-04,12:05,157.6,157.8,157.5944,157.73,30268
ORCL,2026-09-04,12:06,157.71,157.74,157.54,157.575,19906
ORCL,2026-09-04,12:07,157.575,157.68,157.56,157.68,13292
ORCL,2026-09-04,12:08,157.71,157.88,157.71,157.875,26516
ORCL,2026-09-04,12:09,157.875,157.89,157.69,157.77,32241
ORCL,2026-09-04,12:10,157.78,157.91,157.77,157.88,20362
ORCL,2026-09-04,12:11,157.855,157.9,157.82,157.855,29602
ORCL,2026-09-04,12:12,157.855,157.8752,157.8,157.84,27116
ORCL,2026-09-04,12:13,157.84,157.87,157.8,157.87,9650
ORCL,2026-09-04,12:14,157.865,157.89,157.83,157.87,14991
ORCL,2026-09-04,12:15,157.85,157.95,157.74,157.75,41558
ORCL,2026-09-04,12:16,157.74,157.96,157.74,157.925,33775
ORCL,2026-09-04,12:17,157.92,157.94,157.85,157.895,25129
ORCL,2026-09-04,12:18,157.895,157.9732,157.86,157.92,12378
ORCL,2026-09-04,12:19,157.94,157.9699,157.8403,157.86,21104
ORCL,2026-09-04,12:20,157.87,157.97,157.85,157.945,18872
ORCL,2026-09-04,12:21,157.945,158.07,157.93,158.03,58927
ORCL,2026-09-04,12:22,158.04,158.14,158.01,158.09,17304
ORCL,2026-09-04,12:23,158.07,158.15,157.85,157.895,72002
ORCL,2026-09-04,12:24,157.885,158.06,157.85,157.905,51091
ORCL,2026-09-04,12:25,157.88,157.97,157.84,157.89,27351
ORCL,2026-09-04,12:26,157.87,157.94,157.86,157.915,15986
ORCL,2026-09-04,12:27,157.92,157.93,157.83,157.89,32024
ORCL,2026-09-04,12:28,157.895,158.12,157.87,157.93,62243
ORCL,2026-09-04,12:29,157.955,158,157.68,157.74,109349
ORCL,2026-09-04,12:30,157.74,157.8,157.6,157.68,56472
ORCL,2026-09-04,12:31,157.67,157.72,157.42,157.4516,30406
ORCL,2026-09-04,12:32,157.456,157.68,157.435,157.6406,18032
ORCL,2026-09-04,12:33,157.66,157.86,157.655,157.835,36024
ORCL,2026-09-04,12:34,157.835,157.94,157.745,157.94,13949
ORCL,2026-09-04,12:35,157.94,157.9928,157.91,157.93,20962
ORCL,2026-09-04,12:36,157.93,157.95,157.77,157.83,18444
ORCL,2026-09-04,12:37,157.8,157.84,157.75,157.75,19967
ORCL,2026-09-04,12:38,157.775,157.775,157.63,157.65,25209
ORCL,2026-09-04,12:39,157.65,157.705,157.62,157.65,31525
ORCL,2026-09-04,12:40,157.6654,157.74,157.65,157.7,22170
ORCL,2026-09-04,12:41,157.7061,158.175,157.7061,158.12,63471
ORCL,2026-09-04,12:42,158.14,158.15,157.99,158.14,42464
ORCL,2026-09-04,12:43,158.1416,158.25,158.1,158.14,33244
ORCL,2026-09-04,12:44,158.18,158.31,158.15,158.19,43969
ORCL,2026-09-04,12:45,158.22,158.24,158.08,158.135,50465
ORCL,2026-09-04,12:46,158.135,158.15,158.01,158.075,23659
ORCL,2026-09-04,12:47,158.09,158.175,157.9,158.11,120697
ORCL,2026-09-04,12:48,158.1,158.18,158.02,158.17,23481
ORCL,2026-09-04,12:49,158.14,158.17,158.095,158.17,19006
ORCL,2026-09-04,12:50,158.17,158.31,158.11,158.2799,38345
ORCL,2026-09-04,12:51,158.24,158.38,158.2,158.34,33831
ORCL,2026-09-04,12:52,158.33,158.46,158.28,158.34,45691
ORCL,2026-09-04,12:53,158.39,158.55,158.32,158.3783,64798
ORCL,2026-09-04,12:54,158.4,158.43,158.2705,158.41,24104
ORCL,2026-09-04,12:55,158.385,158.6,158.385,158.52,33694
ORCL,2026-09-04,12:56,158.49,158.57,158.392,158.405,39374
ORCL,2026-09-04,12:57,158.42,158.74,158.42,158.52,46540
ORCL,2026-09-04,12:58,158.539,158.58,158.4,158.545,17164
ORCL,2026-09-04,12:59,158.565,158.6,158.4,158.435,27492
ORCL,2026-09-04,13:00,158.4482,158.61,158.02,158.09,95094
ORCL,2026-09-04,13:01,158.13,158.3,158.03,158.08,25596
ORCL,2026-09-04,13:02,158.07,158.07,157.37,157.439,76081
ORCL,2026-09-04,13:03,157.42,157.61,157.3139,157.535,70626
ORCL,2026-09-04,13:04,157.5699,157.59,157.25,157.4574,76729
ORCL,2026-09-04,13:05,157.46,157.6799,157.36,157.615,67126
ORCL,2026-09-04,13:06,157.59,157.84,157.545,157.725,65216
ORCL,2026-09-04,13:07,157.74,157.78,157.622,157.71,27593
ORCL,2026-09-04,13:08,157.74,157.98,157.74,157.89,36201
ORCL,2026-09-04,13:09,157.885,157.885,157.71,157.78,29213
ORCL,2026-09-04,13:10,157.81,157.9,157.74,157.765,24415
ORCL,2026-09-04,13:11,157.765,157.82,157.64,157.74,22986
ORCL,2026-09-04,13:12,157.74,157.74,157.5728,157.69,30984
ORCL,2026-09-04,13:13,157.69,157.86,157.631,157.825,20050
ORCL,2026-09-04,13:14,157.825,157.85,157.73,157.8,22424
ORCL,2026-09-04,13:15,157.7801,157.86,157.7,157.735,25902
ORCL,2026-09-04,13:16,157.735,157.76,157.64,157.735,22244
ORCL,2026-09-04,13:17,157.74,157.8,157.72,157.75,39170
ORCL,2026-09-04,13:18,157.7601,157.86,157.71,157.79,57471
ORCL,2026-09-04,13:19,157.8,157.92,157.78,157.82,21679
ORCL,2026-09-04,13:20,157.8195,157.83,157.73,157.73,17530
ORCL,2026-09-04,13:21,157.7,157.715,157.6,157.61,28443
ORCL,2026-09-04,13:22,157.6,157.645,157.5402,157.6,41960
ORCL,2026-09-04,13:23,157.5765,157.663,157.57,157.625,16888
ORCL,2026-09-04,13:24,157.64,157.64,157.52,157.565,30241
ORCL,2026-09-04,13:25,157.6,157.68,157.575,157.66,17165
ORCL,2026-09-04,13:26,157.66,157.66,157.55,157.565,25131
ORCL,2026-09-04,13:27,157.565,157.63,157.52,157.61,25825
ORCL,2026-09-04,13:28,157.61,157.66,157.55,157.625,21781
ORCL,2026-09-04,13:29,157.625,157.625,157.5,157.59,22748
ORCL,2026-09-04,13:30,157.6,157.6,157.3825,157.44,28943
ORCL,2026-09-04,13:31,157.44,157.4508,157.3898,157.45,19547
ORCL,2026-09-04,13:32,157.45,157.45,157.26,157.37,54397
ORCL,2026-09-04,13:33,157.37,157.6299,157.37,157.56,127729
ORCL,2026-09-04,13:34,157.5641,157.6,157.49,157.58,21159
ORCL,2026-09-04,13:35,157.58,157.74,157.57,157.65,26425
ORCL,2026-09-04,13:36,157.67,157.9,157.61,157.685,65029
ORCL,2026-09-04,13:37,157.685,157.69,157.6301,157.665,17204
ORCL,2026-09-04,13:38,157.65,157.655,157.4801,157.535,60395
ORCL,2026-09-04,13:39,157.53,157.57,157.46,157.485,12463
ORCL,2026-09-04,13:40,157.47,157.5,157.3,157.47,28426
ORCL,2026-09-04,13:41,157.47,157.47,157.3501,157.38,15124
ORCL,2026-09-04,13:42,157.4,157.44,157.35,157.41,9170
ORCL,2026-09-04,13:43,157.39,157.5,157.33,157.49,25254
ORCL,2026-09-04,13:44,157.5,157.555,157.43,157.45,30471
ORCL,2026-09-04,13:45,157.475,157.53,157.4671,157.5,17692
ORCL,2026-09-04,13:46,157.52,157.52,157.4,157.45,22553
ORCL,2026-09-04,13:47,157.45,157.59,157.41,157.54,14799
ORCL,2026-09-04,13:48,157.55,157.5995,157.5,157.54,17886
ORCL,2026-09-04,13:49,157.54,157.58,157.4801,157.55,22940
ORCL,2026-09-04,13:50,157.56,157.7,157.51,157.62,27345
ORCL,2026-09-04,13:51,157.59,157.63,157.5,157.63,21217
ORCL,2026-09-04,13:52,157.62,157.73,157.59,157.69,26710
ORCL,2026-09-04,13:53,157.69,157.73,157.53,157.63,45592
ORCL,2026-09-04,13:54,157.63,157.66,157.57,157.62,15960
ORCL,2026-09-04,13:55,157.64,157.66,157.515,157.545,41168
ORCL,2026-09-04,13:56,157.57,157.5962,157.51,157.54,51498
ORCL,2026-09-04,13:57,157.535,157.62,157.5,157.56,37416
ORCL,2026-09-04,13:58,157.56,157.66,157.5416,157.63,14981
ORCL,2026-09-04,13:59,157.6375,157.6375,157.57,157.61,12843
ORCL,2026-09-04,14:00,157.55,157.69,157.5001,157.57,72713
ORCL,2026-09-04,14:01,157.57,157.78,157.54,157.61,46965
ORCL,2026-09-04,14:02,157.61,157.61,157.5101,157.55,9849
ORCL,2026-09-04,14:03,157.54,157.58,157.52,157.54,12788
ORCL,2026-09-04,14:04,157.54,157.56,157.35,157.44,30132
ORCL,2026-09-04,14:05,157.42,157.55,157.3601,157.52,18230
ORCL,2026-09-04,14:06,157.49,157.51,157.41,157.49,19694
ORCL,2026-09-04,14:07,157.49,157.6,157.46,157.55,17777
ORCL,2026-09-04,14:08,157.57,157.6701,157.52,157.65,26860
ORCL,2026-09-04,14:09,157.655,157.7873,157.59,157.65,48808
ORCL,2026-09-04,14:10,157.62,157.76,157.62,157.76,18880
ORCL,2026-09-04,14:11,157.765,157.7683,157.64,157.7,35363
ORCL,2026-09-04,14:12,157.7,157.829,157.67,157.805,25757
ORCL,2026-09-04,14:13,157.805,157.92,157.78,157.91,18257
ORCL,2026-09-04,14:14,157.91,157.9569,157.8205,157.895,24351
ORCL,2026-09-04,14:15,157.8825,157.945,157.8825,157.9057,12211
ORCL,2026-09-04,14:16,157.93,158.09,157.93,158.07,33808
ORCL,2026-09-04,14:17,158.07,158.07,157.93,157.985,27092
ORCL,2026-09-04,14:18,157.97,158.07,157.95,158.055,26936
ORCL,2026-09-04,14:19,158.05,158.12,158.02,158.095,24682
ORCL,2026-09-04,14:20,158.12,158.2,158,158,48493
ORCL,2026-09-04,14:21,158.09,158.09,157.74,157.8224,28816
ORCL,2026-09-04,14:22,157.79,157.98,157.77,157.875,26206
ORCL,2026-09-04,14:23,157.86,157.88,157.77,157.81,26528
ORCL,2026-09-04,14:24,157.81,157.91,157.79,157.89,15357
ORCL,2026-09-04,14:25,157.86,157.89,157.79,157.79,23006
ORCL,2026-09-04,14:26,157.81,157.85,157.71,157.71,22763
ORCL,2026-09-04,14:27,157.725,157.8,157.66,157.8,17936
ORCL,2026-09-04,14:28,157.82,157.82,157.691,157.7,13664
ORCL,2026-09-04,14:29,157.69,157.71,157.66,157.675,23934
ORCL,2026-09-04,14:30,157.68,157.745,157.66,157.7,19995
ORCL,2026-09-04,14:31,157.7,157.71,157.6,157.6,22797
ORCL,2026-09-04,14:32,157.615,157.64,157.51,157.635,40748
ORCL,2026-09-04,14:33,157.6351,157.6911,157.6,157.63,40083
ORCL,2026-09-04,14:34,157.63,157.635,157.4,157.49,45386
ORCL,2026-09-04,14:35,157.475,157.505,157.46,157.465,26404
ORCL,2026-09-04,14:36,157.489,157.5,157.43,157.435,26641
ORCL,2026-09-04,14:37,157.435,157.45,157.3,157.37,34207
ORCL,2026-09-04,14:38,157.365,157.42,157.325,157.385,36906
ORCL,2026-09-04,14:39,157.385,157.4,157.1873,157.275,60879
ORCL,2026-09-04,14:40,157.275,157.42,157.2601,157.42,36518
ORCL,2026-09-04,14:41,157.42,157.45,157.34,157.425,25387
ORCL,2026-09-04,14:42,157.435,157.64,157.435,157.595,48345
ORCL,2026-09-04,14:43,157.58,157.58,157.49,157.5799,32534
ORCL,2026-09-04,14:44,157.52,157.58,157.5032,157.57,29799
ORCL,2026-09-04,14:45,157.57,157.595,157.53,157.55,15214
ORCL,2026-09-04,14:46,157.535,157.54,157.455,157.51,23527
ORCL,2026-09-04,14:47,157.52,157.57,157.4783,157.5,21180
ORCL,2026-09-04,14:48,157.51,157.6,157.47,157.54,28729
ORCL,2026-09-04,14:49,157.5,157.54,157.45,157.51,37067
ORCL,2026-09-04,14:50,157.51,157.51,157.3,157.325,73107
ORCL,2026-09-04,14:51,157.33,157.41,157.33,157.37,16466
ORCL,2026-09-04,14:52,157.36,157.39,157.21,157.39,25180
ORCL,2026-09-04,14:53,157.4,157.46,157.3664,157.39,14794
ORCL,2026-09-04,14:54,157.4,157.4199,157.26,157.285,14400
ORCL,2026-09-04,14:55,157.31,157.31,157.18,157.21,26022
ORCL,2026-09-04,14:56,157.2,157.25,157.1335,157.23,32453
ORCL,2026-09-04,14:57,157.25,157.35,157.24,157.305,15763
ORCL,2026-09-04,14:58,157.32,157.37,157.25,157.2665,23491
ORCL,2026-09-04,14:59,157.2621,157.31,157.18,157.195,21081
ORCL,2026-09-04,15:00,157.185,157.37,157.185,157.3,27604
ORCL,2026-09-04,15:01,157.325,157.325,157.205,157.245,16636
ORCL,2026-09-04,15:02,157.26,157.32,157.23,157.2801,25368
ORCL,2026-09-04,15:03,157.3,157.31,157.21,157.23,18933
ORCL,2026-09-04,15:04,157.23,157.295,157.17,157.195,30849
ORCL,2026-09-04,15:05,157.195,157.38,157.195,157.36,52294
ORCL,2026-09-04,15:06,157.34,157.34,157.205,157.24,28105
ORCL,2026-09-04,15:07,157.25,157.32,157.225,157.255,27060
ORCL,2026-09-04,15:08,157.27,157.285,157.1101,157.135,32681
ORCL,2026-09-04,15:09,157.135,157.175,157.035,157.055,32216
ORCL,2026-09-04,15:10,157.055,157.07,156.88,156.98,81700
ORCL,2026-09-04,15:11,156.97,157.0879,156.92,156.925,48270
ORCL,2026-09-04,15:12,156.92,156.97,156.83,156.97,22142
ORCL,2026-09-04,15:13,156.98,157.07,156.93,157.03,40583
ORCL,2026-09-04,15:14,157.055,157.17,157.055,157.125,36735
ORCL,2026-09-04,15:15,157.15,157.3291,157.05,157.22,260805
ORCL,2026-09-04,15:16,157.235,157.235,157.12,157.15,24596
ORCL,2026-09-04,15:17,157.15,157.2,156.92,156.92,39862
ORCL,2026-09-04,15:18,156.92,157,156.89,156.89,28042
ORCL,2026-09-04,15:19,156.95,156.95,156.71,156.75,41061
ORCL,2026-09-04,15:20,156.745,156.92,156.7185,156.905,43034
ORCL,2026-09-04,15:21,156.88,156.93,156.86,156.91,29326
ORCL,2026-09-04,15:22,156.93,156.93,156.77,156.805,31762
ORCL,2026-09-04,15:23,156.81,156.93,156.78,156.83,34035
ORCL,2026-09-04,15:24,156.845,156.86,156.71,156.8,37074
ORCL,2026-09-04,15:25,156.82,156.96,156.77,156.94,25561
ORCL,2026-09-04,15:26,156.92,156.96,156.825,156.825,41533
ORCL,2026-09-04,15:27,156.845,157.16,156.83,157.125,41751
ORCL,2026-09-04,15:28,157.11,157.3231,157.09,157.295,37370
ORCL,2026-09-04,15:29,157.295,157.33,157.16,157.285,62023
ORCL,2026-09-04,15:30,157.31,157.39,157.2,157.335,68316
ORCL,2026-09-04,15:31,157.32,157.33,157.25,157.275,44705
ORCL,2026-09-04,15:32,157.27,157.34,157.24,157.2612,54722
ORCL,2026-09-04,15:33,157.25,157.49,157.215,157.42,44118
ORCL,2026-09-04,15:34,157.44,157.45,157.26,157.39,54897
ORCL,2026-09-04,15:35,157.39,157.49,157.26,157.285,43592
ORCL,2026-09-04,15:36,157.275,157.29,157.0364,157.075,70545
ORCL,2026-09-04,15:37,157.09,157.185,157.07,157.185,32601
ORCL,2026-09-04,15:38,157.1601,157.1898,156.95,157.01,43721
ORCL,2026-09-04,15:39,157.03,157.14,157.02,157.07,40701
ORCL,2026-09-04,15:40,157.075,157.21,157.05,157.18,39358
ORCL,2026-09-04,15:41,157.165,157.32,157.04,157.26,36792
ORCL,2026-09-04,15:42,157.25,157.3,157.2,157.2877,33865
ORCL,2026-09-04,15:43,157.3,157.655,157.3,157.63,85583
ORCL,2026-09-04,15:44,157.61,157.65,157.49,157.62,72877
ORCL,2026-09-04,15:45,157.625,157.75,157.42,157.44,90521
ORCL,2026-09-04,15:46,157.4575,157.48,157.2732,157.32,39521
ORCL,2026-09-04,15:47,157.325,157.4,157.31,157.4,33626
ORCL,2026-09-04,15:48,157.41,157.562,157.3208,157.48,66364
ORCL,2026-09-04,15:49,157.5,157.5199,157.39,157.445,68171
ORCL,2026-09-04,15:50,157.48,158.2,157.25,157.585,172683
ORCL,2026-09-04,15:51,157.585,157.79,157.575,157.7325,89130
ORCL,2026-09-04,15:52,157.735,157.7571,157.62,157.7,66028
ORCL,2026-09-04,15:53,157.7,157.99,157.66,157.99,95297
ORCL,2026-09-04,15:54,157.98,158.1527,157.84,158.085,144639
ORCL,2026-09-04,15:55,158.1,158.19,157.94,158.165,155024
ORCL,2026-09-04,15:56,158.18,158.28,158.1284,158.25,239234
ORCL,2026-09-04,15:57,158.24,158.405,158.18,158.4,220902
ORCL,2026-09-04,15:58,158.4,158.72,158.36,158.47,511928
ORCL,2026-09-04,15:59,158.47,158.85,158.47,158.765,660401
ORCL,2026-09-04,16:00,158.78,158.78,158.78,158.78,0