symbol,date,time,open,high,low,close,volume
XOM,2026-08-28,09:30,156.6,157.3499,156.6,157.265,258548
XOM,2026-08-28,09:31,157.25,157.42,157.19,157.205,14335
XOM,2026-08-28,09:32,157.13,157.2,156.7,156.815,13471
XOM,2026-08-28,09:33,156.71,156.71,156.46,156.57,13517
XOM,2026-08-28,09:34,156.585,156.73,156.36,156.42,18027
XOM,2026-08-28,09:35,156.52,156.52,156.23,156.445,16972
XOM,2026-08-28,09:36,156.43,156.77,156.43,156.76,7430
XOM,2026-08-28,09:37,156.7,157,156.64,156.93,16215
XOM,2026-08-28,09:38,156.93,157,156.87,156.9,15271
XOM,2026-08-28,09:39,156.88,157.09,156.88,156.9,7610
XOM,2026-08-28,09:40,156.93,157,156.54,156.765,55330
XOM,2026-08-28,09:41,156.765,156.765,156.45,156.645,26011
XOM,2026-08-28,09:42,156.65,156.67,156.4,156.44,23020
XOM,2026-08-28,09:43,156.41,156.47,156.09,156.09,24871
XOM,2026-08-28,09:44,156.13,156.32,156.05,156.27,19011
XOM,2026-08-28,09:45,156.18,156.53,156.16,156.41,25154
XOM,2026-08-28,09:46,156.44,156.52,156.28,156.46,23548
XOM,2026-08-28,09:47,156.41,156.425,156.3,156.4,15571
XOM,2026-08-28,09:48,156.37,156.46,156.2,156.285,27210
XOM,2026-08-28,09:49,156.26,156.26,156.13,156.18,32792
XOM,2026-08-28,09:50,156.13,156.16,155.91,156.12,40890
XOM,2026-08-28,09:51,156.12,156.315,156.06,156.22,24384
XOM,2026-08-28,09:52,156.18,156.3,156.17,156.28,17299
XOM,2026-08-28,09:53,156.2,156.27,156.14,156.2,16548
XOM,2026-08-28,09:54,156.22,156.439,156.14,156.16,28655
XOM,2026-08-28,09:55,156.1499,156.15,155.985,156.05,25487
XOM,2026-08-28,09:56,156.08,156.155,155.9601,156.1199,31174
XOM,2026-08-28,09:57,156.08,156.2935,156.08,156.22,14715
XOM,2026-08-28,09:58,156.22,156.35,156.175,156.215,19622
XOM,2026-08-28,09:59,156.17,156.17,155.96,156.11,27489
XOM,2026-08-28,10:00,156.14,156.3,156.11,156.175,21474
XOM,2026-08-28,10:01,156.175,156.35,156.13,156.26,26728
XOM,2026-08-28,10:02,156.28,156.33,156.1,156.1,27214
XOM,2026-08-28,10:03,156.12,156.335,156.07,156.335,28027
XOM,2026-08-28,10:04,156.36,156.46,156.31,156.3101,13259
XOM,2026-08-28,10:05,156.34,156.34,155.93,155.98,61206
XOM,2026-08-28,10:06,155.965,155.98,155.69,155.76,39931
XOM,2026-08-28,10:07,155.71,155.75,155.65,155.7,29766
XOM,2026-08-28,10:08,155.605,155.605,155.3901,155.46,33303
XOM,2026-08-28,10:09,155.45,155.53,155.405,155.505,13157
XOM,2026-08-28,10:10,155.505,155.73,155.395,155.695,39451
XOM,2026-08-28,10:11,155.66,155.78,155.62,155.72,24182
XOM,2026-08-28,10:12,155.73,155.785,155.66,155.66,33435
XOM,2026-08-28,10:13,155.67,155.8688,155.6465,155.84,25347
XOM,2026-08-28,10:14,155.865,155.94,155.8401,155.88,27597
XOM,2026-08-28,10:15,155.885,156.04,155.88,155.9501,13512
XOM,2026-08-28,10:16,155.98,156.1366,155.91,155.95,19172
XOM,2026-08-28,10:17,156.015,156.18,155.9801,156.055,49300
XOM,2026-08-28,10:18,156.065,156.1,155.835,155.85,15175
XOM,2026-08-28,10:19,155.88,155.92,155.7799,155.92,9029
XOM,2026-08-28,10:20,155.91,155.93,155.64,155.64,14558
XOM,2026-08-28,10:21,155.62,155.71,155.55,155.595,23274
XOM,2026-08-28,10:22,155.6,155.6588,155.33,155.35,55835
XOM,2026-08-28,10:23,155.33,155.435,155.32,155.435,35799
XOM,2026-08-28,10:24,155.45,155.45,155.33,155.4,25564
XOM,2026-08-28,10:25,155.435,155.56,155.435,155.49,20745
XOM,2026-08-28,10:26,155.46,155.67,155.42,155.57,128780
XOM,2026-08-28,10:27,155.585,155.69,155.55,155.55,26477
XOM,2026-08-28,10:28,155.505,155.64,155.505,155.62,6037
XOM,2026-08-28,10:29,155.64,155.7,155.54,155.64,36845
XOM,2026-08-28,10:30,155.68,156.01,155.68,155.97,164164
XOM,2026-08-28,10:31,156.02,156.08,155.95,156.065,27503
XOM,2026-08-28,10:32,156.03,156.03,155.78,155.83,17499
XOM,2026-08-28,10:33,155.81,155.97,155.755,155.955,14722
XOM,2026-08-28,10:34,155.96,156.01,155.925,155.965,11470
XOM,2026-08-28,10:35,155.97,156.01,155.86,155.86,33957
XOM,2026-08-28,10:36,155.86,155.9451,155.785,155.785,12536
XOM,2026-08-28,10:37,155.79,155.89,155.79,155.845,11264
XOM,2026-08-28,10:38,155.85,155.8851,155.73,155.8851,14708
XOM,2026-08-28,10:39,155.875,155.91,155.81,155.85,11200
XOM,2026-08-28,10:40,155.84,155.86,155.745,155.785,27583
XOM,2026-08-28,10:41,155.82,156.065,155.82,155.97,20261
XOM,2026-08-28,10:42,155.94,156.02,155.94,155.99,10078
XOM,2026-08-28,10:43,155.95,155.96,155.74,155.765,9571
XOM,2026-08-28,10:44,155.72,155.785,155.705,155.785,18109
XOM,2026-08-28,10:45,155.785,155.89,155.715,155.885,14651
XOM,2026-08-28,10:46,155.89,155.91,155.81,155.87,8614
XOM,2026-08-28,10:47,155.85,155.905,155.825,155.89,15269
XOM,2026-08-28,10:48,155.885,155.885,155.71,155.71,6388
XOM,2026-08-28,10:49,155.75,155.8,155.7434,155.7434,9146
XOM,2026-08-28,10:50,155.78,155.805,155.7,155.7225,12850
XOM,2026-08-28,10:51,155.73,155.765,155.72,155.74,9560
XOM,2026-08-28,10:52,155.72,155.72,155.56,155.62,14178
XOM,2026-08-28,10:53,155.625,155.67,155.56,155.61,13838
XOM,2026-08-28,10:54,155.625,155.71,155.6008,155.66,11906
XOM,2026-08-28,10:55,155.64,155.77,155.64,155.76,12475
XOM,2026-08-28,10:56,155.7883,155.81,155.74,155.76,9838
XOM,2026-08-28,10:57,155.755,155.755,155.525,155.525,31352
XOM,2026-08-28,10:58,155.53,155.56,155.49,155.505,10632
XOM,2026-08-28,10:59,155.51,155.55,155.48,155.54,20616
XOM,2026-08-28,11:00,155.56,155.68,155.505,155.65,12463
XOM,2026-08-28,11:01,155.62,155.72,155.6,155.68,14634
XOM,2026-08-28,11:02,155.72,155.88,155.72,155.88,20811
XOM,2026-08-28,11:03,155.89,155.9,155.8,155.8,19015
XOM,2026-08-28,11:04,155.815,155.8558,155.775,155.785,17497
XOM,2026-08-28,11:05,155.77,155.81,155.77,155.77,18290
XOM,2026-08-28,11:06,155.785,155.979,155.78,155.955,28522
XOM,2026-08-28,11:07,155.97,156.02,155.94,155.95,50061
XOM,2026-08-28,11:08,155.93,156,155.91,155.969,46264
XOM,2026-08-28,11:09,155.94,156.13,155.93,156.1,25668
XOM,2026-08-28,11:10,156.085,156.25,156.05,156.19,35191
XOM,2026-08-28,11:11,156.18,156.325,156.165,156.32,10533
XOM,2026-08-28,11:12,156.32,156.35,156.21,156.24,24060
XOM,2026-08-28,11:13,156.28,156.29,156.21,156.29,86342
XOM,2026-08-28,11:14,156.26,156.29,156.225,156.23,10387
XOM,2026-08-28,11:15,156.23,156.26,156.1,156.1,13804
XOM,2026-08-28,11:16,156.115,156.16,156.1,156.16,9019
XOM,2026-08-28,11:17,156.16,156.23,156.145,156.21,19891
XOM,2026-08-28,11:18,156.19,156.3,156.185,156.26,12908
XOM,2026-08-28,11:19,156.27,156.29,156.22,156.28,9289
XOM,2026-08-28,11:20,156.28,156.39,156.28,156.39,9397
XOM,2026-08-28,11:21,156.37,156.39,156.32,156.375,8256
XOM,2026-08-28,11:22,156.365,156.43,156.245,156.245,18111
XOM,2026-08-28,11:23,156.24,156.25,156.22,156.235,6274
XOM,2026-08-28,11:24,156.21,156.25,156.145,156.24,27079
XOM,2026-08-28,11:25,156.235,156.2367,156.18,156.23,13907
XOM,2026-08-28,11:26,156.22,156.26,156.215,156.255,9445
XOM,2026-08-28,11:27,156.24,156.32,156.23,156.26,11521
XOM,2026-08-28,11:28,156.26,156.26,156.18,156.2248,15745
XOM,2026-08-28,11:29,156.23,156.28,156.16,156.19,35647
XOM,2026-08-28,11:30,156.22,156.345,156.22,156.29,10794
XOM,2026-08-28,11:31,156.2984,156.3,156.215,156.23,10178
XOM,2026-08-28,11:32,156.215,156.23,156.19,156.19,11090
XOM,2026-08-28,11:33,156.21,156.24,156.13,156.16,9104
XOM,2026-08-28,11:34,156.13,156.15,155.985,156,15785
XOM,2026-08-28,11:35,155.97,156,155.92,156,16983
XOM,2026-08-28,11:36,155.99,156.01,155.92,155.92,9837
XOM,2026-08-28,11:37,155.9325,155.95,155.88,155.88,10627
XOM,2026-08-28,11:38,155.89,155.89,155.84,155.86,7231
XOM,2026-08-28,11:39,155.875,155.92,155.86,155.92,15010
XOM,2026-08-28,11:40,155.925,155.94,155.8775,155.92,8303
XOM,2026-08-28,11:41,155.92,156,155.92,156,9910
XOM,2026-08-28,11:42,156,156.115,155.95,155.95,12548
XOM,2026-08-28,11:43,155.94,155.94,155.72,155.75,18266
XOM,2026-08-28,11:44,155.715,155.74,155.66,155.67,12327
XOM,2026-08-28,11:45,155.66,155.6725,155.59,155.6271,12513
XOM,2026-08-28,11:46,155.62,155.68,155.605,155.64,22216
XOM,2026-08-28,11:47,155.67,155.74,155.65,155.705,7542
XOM,2026-08-28,11:48,155.71,155.8,155.71,155.74,6324
XOM,2026-08-28,11:49,155.705,155.735,155.64,155.735,7093
XOM,2026-08-28,11:50,155.75,155.8,155.745,155.765,15676
XOM,2026-08-28,11:51,155.77,155.8612,155.77,155.86,7757
XOM,2026-08-28,11:52,155.84,155.84,155.755,155.8,14732
XOM,2026-08-28,11:53,155.77,155.91,155.77,155.89,9653
XOM,2026-08-28,11:54,155.9201,156,155.91,155.935,11523
XOM,2026-08-28,11:55,155.95,156.07,155.9412,156.05,14325
XOM,2026-08-28,11:56,156.04,156.07,155.92,155.92,23862
XOM,2026-08-28,11:57,155.92,156,155.92,155.94,8884
XOM,2026-08-28,11:58,155.99,156,155.97,155.97,5623
XOM,2026-08-28,11:59,155.96,155.96,155.9,155.94,9158
XOM,2026-08-28,12:00,155.9399,155.98,155.89,155.9,14667
XOM,2026-08-28,12:01,155.88,155.97,155.865,155.905,14382
XOM,2026-08-28,12:02,155.9,156.02,155.9,155.98,4711
XOM,2026-08-28,12:03,155.98,156.01,155.955,155.99,7725
XOM,2026-08-28,12:04,155.94,156.07,155.92,156.03,11197
XOM,2026-08-28,12:05,156,156.03,155.995,156.02,9725
XOM,2026-08-28,12:06,156.01,156.035,155.98,156.035,23081
XOM,2026-08-28,12:07,156.04,156.105,156,156,6567
XOM,2026-08-28,12:08,156,156.06,155.99,156.01,11896
XOM,2026-08-28,12:09,156.015,156.06,155.95,156.06,9366
XOM,2026-08-28,12:10,156.07,156.23,156.07,156.21,10255
XOM,2026-08-28,12:11,156.22,156.36,156.2,156.36,13891
XOM,2026-08-28,12:12,156.34,156.35,156.22,156.325,13613
XOM,2026-08-28,12:13,156.34,156.36,156.27,156.31,7792
XOM,2026-08-28,12:14,156.3084,156.3084,156.2,156.22,20839
XOM,2026-08-28,12:15,156.23,156.31,156.23,156.31,6592
XOM,2026-08-28,12:16,156.32,156.35,156.3,156.31,6555
XOM,2026-08-28,12:17,156.31,156.33,156.28,156.295,8463
XOM,2026-08-28,12:18,156.28,156.39,156.27,156.35,19584
XOM,2026-08-28,12:19,156.365,156.43,156.365,156.375,7026
XOM,2026-08-28,12:20,156.375,156.4,156.285,156.31,8061
XOM,2026-08-28,12:21,156.31,156.32,156.23,156.23,10535
XOM,2026-08-28,12:22,156.23,156.23,156.11,156.16,21164
XOM,2026-08-28,12:23,156.175,156.29,156.175,156.285,11365
XOM,2026-08-28,12:24,156.3,156.32,156.185,156.185,11717
XOM,2026-08-28,12:25,156.185,156.2,156.14,156.185,9908
XOM,2026-08-28,12:26,156.155,156.2,156.14,156.2,6485
XOM,2026-08-28,12:27,156.215,156.22,156.15,156.18,9128
XOM,2026-08-28,12:28,156.18,156.19,156.08,156.14,15978
XOM,2026-08-28,12:29,156.115,156.23,156.1,156.23,5071
XOM,2026-08-28,12:30,156.2,156.315,156.185,156.3,6892
XOM,2026-08-28,12:31,156.2901,156.32,156.27,156.3,10251
XOM,2026-08-28,12:32,156.31,156.31,156.23,156.24,3676
XOM,2026-08-28,12:33,156.24,156.3,156.2,156.28,4896
XOM,2026-08-28,12:34,156.295,156.35,156.215,156.22,9829
XOM,2026-08-28,12:35,156.21,156.2799,156.21,156.25,3329
XOM,2026-08-28,12:36,156.22,156.255,156.21,156.25,6134
XOM,2026-08-28,12:37,156.26,156.35,156.26,156.29,7769
XOM,2026-08-28,12:38,156.285,156.33,156.22,156.325,10481
XOM,2026-08-28,12:39,156.315,156.36,156.29,156.3,32296
XOM,2026-08-28,12:40,156.29,156.335,156.28,156.33,4273
XOM,2026-08-28,12:41,156.345,156.415,156.33,156.41,12949
XOM,2026-08-28,12:42,156.39,156.43,156.37,156.38,16355
XOM,2026-08-28,12:43,156.42,156.42,156.38,156.405,10549
XOM,2026-08-28,12:44,156.38,156.41,156.33,156.35,10495
XOM,2026-08-28,12:45,156.35,156.395,156.3206,156.36,13723
XOM,2026-08-28,12:46,156.335,156.36,156.27,156.305,11273
XOM,2026-08-28,12:47,156.29,156.29,156.1901,156.21,5710
XOM,2026-08-28,12:48,156.2,156.22,156.175,156.19,7936
XOM,2026-08-28,12:49,156.21,156.23,156.16,156.21,9073
XOM,2026-08-28,12:50,156.24,156.3257,156.24,156.3257,5715
XOM,2026-08-28,12:51,156.34,156.43,156.34,156.42,7630
XOM,2026-08-28,12:52,156.44,156.46,156.37,156.37,19718
XOM,2026-08-28,12:53,156.3825,156.4,156.34,156.4,8163
XOM,2026-08-28,12:54,156.385,156.42,156.34,156.34,14912
XOM,2026-08-28,12:55,156.35,156.405,156.35,156.37,13277
XOM,2026-08-28,12:56,156.39,156.43,156.36,156.43,6611
XOM,2026-08-28,12:57,156.42,156.5,156.4,156.485,23112
XOM,2026-08-28,12:58,156.5,156.5,156.34,156.34,16849
XOM,2026-08-28,12:59,156.35,156.35,156.26,156.295,5906
XOM,2026-08-28,13:00,156.27,156.32,156.23,156.305,8413
XOM,2026-08-28,13:01,156.29,156.31,156.25,156.29,10547
XOM,2026-08-28,13:02,156.285,156.36,156.27,156.36,12073
XOM,2026-08-28,13:03,156.355,156.36,156.33,156.36,2869
XOM,2026-08-28,13:04,156.34,156.39,156.34,156.375,8723
XOM,2026-08-28,13:05,156.365,156.42,156.365,156.42,7678
XOM,2026-08-28,13:06,156.41,156.425,156.375,156.375,13064
XOM,2026-08-28,13:07,156.38,156.41,156.38,156.405,5499
XOM,2026-08-28,13:08,156.3799,156.38,156.33,156.33,5494
XOM,2026-08-28,13:09,156.325,156.325,156.19,156.19,8470
XOM,2026-08-28,13:10,156.19,156.24,156.19,156.24,7021
XOM,2026-08-28,13:11,156.24,156.29,156.22,156.25,13888
XOM,2026-08-28,13:12,156.265,156.265,156.17,156.17,7720
XOM,2026-08-28,13:13,156.17,156.2,156.135,156.135,6098
XOM,2026-08-28,13:14,156.135,156.135,156.07,156.09,8317
XOM,2026-08-28,13:15,156.09,156.09,156.01,156.08,13551
XOM,2026-08-28,13:16,156.09,156.155,156.08,156.155,6313
XOM,2026-08-28,13:17,156.14,156.14,156.06,156.08,9184
XOM,2026-08-28,13:18,156.08,156.135,156.05,156.1,9499
XOM,2026-08-28,13:19,156.1,156.13,156.02,156.02,23259
XOM,2026-08-28,13:20,156.01,156.0525,155.99,155.995,19387
XOM,2026-08-28,13:21,156.01,156.09,156.01,156.08,10155
XOM,2026-08-28,13:22,156.07,156.07,155.93,155.93,26301
XOM,2026-08-28,13:23,155.93,155.95,155.91,155.935,8298
XOM,2026-08-28,13:24,155.935,155.95,155.91,155.95,4701
XOM,2026-08-28,13:25,155.96,156.01,155.95,155.9855,9699
XOM,2026-08-28,13:26,155.985,156.085,155.985,156.07,13603
XOM,2026-08-28,13:27,156.08,156.1,156.05,156.05,3239
XOM,2026-08-28,13:28,156.05,156.09,156.04,156.05,5285
XOM,2026-08-28,13:29,156.035,156.06,156,156.06,7006
XOM,2026-08-28,13:30,156.0424,156.09,155.985,156.005,7534
XOM,2026-08-28,13:31,156,156.014,155.95,155.95,9230
XOM,2026-08-28,13:32,155.91,155.91,155.82,155.825,14731
XOM,2026-08-28,13:33,155.7993,155.7993,155.67,155.725,24668
XOM,2026-08-28,13:34,155.705,155.72,155.6201,155.645,9154
XOM,2026-08-28,13:35,155.63,155.75,155.63,155.75,18334
XOM,2026-08-28,13:36,155.75,155.76,155.64,155.64,5396
XOM,2026-08-28,13:37,155.635,155.68,155.55,155.57,31253
XOM,2026-08-28,13:38,155.56,155.58,155.55,155.565,5774
XOM,2026-08-28,13:39,155.55,155.6,155.53,155.6,19071
XOM,2026-08-28,13:40,155.6,155.6,155.48,155.54,22765
XOM,2026-08-28,13:41,155.52,155.58,155.48,155.495,17183
XOM,2026-08-28,13:42,155.495,155.55,155.49,155.5,35773
XOM,2026-08-28,13:43,155.515,155.53,155.43,155.44,16433
XOM,2026-08-28,13:44,155.42,155.49,155.42,155.46,30727
XOM,2026-08-28,13:45,155.46,155.5483,155.45,155.51,113105
XOM,2026-08-28,13:46,155.51,155.62,155.485,155.56,25050
XOM,2026-08-28,13:47,155.565,155.63,155.55,155.625,40808
XOM,2026-08-28,13:48,155.62,155.66,155.57,155.6,53511
XOM,2026-08-28,13:49,155.62,155.6564,155.575,155.64,14576
XOM,2026-08-28,13:50,155.64,155.67,155.63,155.66,27302
XOM,2026-08-28,13:51,155.65,155.65,155.54,155.545,16562
XOM,2026-08-28,13:52,155.53,155.61,155.52,155.56,26163
XOM,2026-08-28,13:53,155.5801,155.78,155.57,155.67,48388
XOM,2026-08-28,13:54,155.65,155.67,155.61,155.65,14412
XOM,2026-08-28,13:55,155.64,155.64,155.54,155.54,8883
XOM,2026-08-28,13:56,155.515,155.54,155.475,155.52,13195
XOM,2026-08-28,13:57,155.53,155.6,155.52,155.6,14126
XOM,2026-08-28,13:58,155.61,155.65,155.605,155.645,25279
XOM,2026-08-28,13:59,155.66,155.7,155.66,155.67,6234
XOM,2026-08-28,14:00,155.66,155.76,155.66,155.74,14245
XOM,2026-08-28,14:01,155.72,155.78,155.7,155.71,31917
XOM,2026-08-28,14:02,155.715,155.7186,155.6,155.61,10849
XOM,2026-08-28,14:03,155.615,155.73,155.61,155.72,8646
XOM,2026-08-28,14:04,155.75,155.75,155.7,155.7,11838
XOM,2026-08-28,14:05,155.695,155.75,155.695,155.745,15321
XOM,2026-08-28,14:06,155.745,155.75,155.7,155.72,9348
XOM,2026-08-28,14:07,155.72,155.76,155.7048,155.7048,10826
XOM,2026-08-28,14:08,155.7,155.7,155.635,155.6799,13033
XOM,2026-08-28,14:09,155.65,155.69,155.63,155.68,10514
XOM,2026-08-28,14:10,155.69,155.7594,155.68,155.725,11784
XOM,2026-08-28,14:11,155.73,155.77,155.71,155.73,30289
XOM,2026-08-28,14:12,155.74,155.755,155.73,155.74,4295
XOM,2026-08-28,14:13,155.73,155.73,155.65,155.66,10064
XOM,2026-08-28,14:14,155.67,155.72,155.67,155.72,7426
XOM,2026-08-28,14:15,155.72,155.89,155.71,155.87,54994
XOM,2026-08-28,14:16,155.9,155.935,155.87,155.9,10651
XOM,2026-08-28,14:17,155.89,155.9099,155.79,155.81,27502
XOM,2026-08-28,14:18,155.82,155.85,155.79,155.85,5054
XOM,2026-08-28,14:19,155.855,155.86,155.82,155.86,6509
XOM,2026-08-28,14:20,155.885,155.937,155.86,155.89,7343
XOM,2026-08-28,14:21,155.89,155.89,155.715,155.73,23313
XOM,2026-08-28,14:22,155.7,155.72,155.61,155.72,42569
XOM,2026-08-28,14:23,155.765,155.765,155.695,155.715,7435
XOM,2026-08-28,14:24,155.74,155.74,155.665,155.68,11707
XOM,2026-08-28,14:25,155.6801,155.7,155.66,155.7,14974
XOM,2026-08-28,14:26,155.705,155.765,155.67,155.68,15030
XOM,2026-08-28,14:27,155.735,155.74,155.71,155.73,9776
XOM,2026-08-28,14:28,155.76,155.77,155.7,155.7,22386
XOM,2026-08-28,14:29,155.74,155.787,155.73,155.73,10356
XOM,2026-08-28,14:30,155.73,155.73,155.665,155.67,11003
XOM,2026-08-28,14:31,155.68,155.73,155.68,155.73,11683
XOM,2026-08-28,14:32,155.7286,155.76,155.7201,155.76,6113
XOM,2026-08-28,14:33,155.76,155.76,155.69,155.755,16226
XOM,2026-08-28,14:34,155.755,155.77,155.75,155.76,10374
XOM,2026-08-28,14:35,155.765,155.765,155.715,155.715,6923
XOM,2026-08-28,14:36,155.71,155.74,155.65,155.71,11236
XOM,2026-08-28,14:37,155.7216,155.7216,155.68,155.695,5985
XOM,2026-08-28,14:38,155.7,155.72,155.69,155.72,10049
XOM,2026-08-28,14:39,155.75,155.75,155.69,155.735,3699
XOM,2026-08-28,14:40,155.74,155.75,155.67,155.67,7796
XOM,2026-08-28,14:41,155.65,155.7499,155.645,155.7499,9456
XOM,2026-08-28,14:42,155.73,155.78,155.715,155.75,11866
XOM,2026-08-28,14:43,155.76,155.8,155.69,155.69,9842
XOM,2026-08-28,14:44,155.68,155.715,155.67,155.675,7242
XOM,2026-08-28,14:45,155.66,155.66,155.6,155.65,23557
XOM,2026-08-28,14:46,155.64,155.65,155.62,155.62,20107
XOM,2026-08-28,14:47,155.61,155.67,155.6,155.65,15859
XOM,2026-08-28,14:48,155.66,155.68,155.605,155.605,13881
XOM,2026-08-28,14:49,155.61,155.615,155.55,155.56,10112
XOM,2026-08-28,14:50,155.58,155.665,155.575,155.665,7141
XOM,2026-08-28,14:51,155.65,155.71,155.62,155.7051,10505
XOM,2026-08-28,14:52,155.682,155.71,155.65,155.7,14640
XOM,2026-08-28,14:53,155.745,155.7499,155.7,155.725,11248
XOM,2026-08-28,14:54,155.7,155.7985,155.7,155.795,20235
XOM,2026-08-28,14:55,155.78,155.84,155.75,155.82,18072
XOM,2026-08-28,14:56,155.82,155.89,155.8101,155.86,13594
XOM,2026-08-28,14:57,155.86,155.91,155.86,155.9,7513
XOM,2026-08-28,14:58,155.89,155.9146,155.8,155.85,30936
XOM,2026-08-28,14:59,155.865,155.87,155.75,155.8,16040
XOM,2026-08-28,15:00,155.795,155.83,155.765,155.7839,14651
XOM,2026-08-28,15:01,155.775,155.8199,155.755,155.8,17333
XOM,2026-08-28,15:02,155.78,155.78,155.68,155.69,17814
XOM,2026-08-28,15:03,155.72,155.79,155.71,155.77,12494
XOM,2026-08-28,15:04,155.76,155.8199,155.75,155.79,8320
XOM,2026-08-28,15:05,155.8,155.83,155.8,155.8233,6003
XOM,2026-08-28,15:06,155.83,155.91,155.81,155.9,14138
XOM,2026-08-28,15:07,155.93,156.03,155.89,155.89,16923
XOM,2026-08-28,15:08,155.89,155.91,155.885,155.9,10249
XOM,2026-08-28,15:09,155.89,155.909,155.87,155.895,8702
XOM,2026-08-28,15:10,155.885,156,155.885,156,9027
XOM,2026-08-28,15:11,156,156,155.92,155.92,14205
XOM,2026-08-28,15:12,155.92,155.94,155.9075,155.93,10178
XOM,2026-08-28,15:13,155.92,155.995,155.9128,155.99,9042
XOM,2026-08-28,15:14,155.985,155.995,155.89,155.9199,20707
XOM,2026-08-28,15:15,155.905,155.96,155.8,155.81,26054
XOM,2026-08-28,15:16,155.8,155.83,155.72,155.74,31550
XOM,2026-08-28,15:17,155.73,155.75,155.69,155.74,8465
XOM,2026-08-28,15:18,155.73,155.735,155.65,155.68,35794
XOM,2026-08-28,15:19,155.7,155.755,155.7,155.73,17746
XOM,2026-08-28,15:20,155.73,155.73,155.69,155.71,8784
XOM,2026-08-28,15:21,155.69,155.75,155.69,155.75,11548
XOM,2026-08-28,15:22,155.75,155.76,155.69,155.69,23330
XOM,2026-08-28,15:23,155.685,155.73,155.67,155.72,14735
XOM,2026-08-28,15:24,155.72,155.75,155.71,155.725,29201
XOM,2026-08-28,15:25,155.735,155.75,155.73,155.73,19407
XOM,2026-08-28,15:26,155.73,155.7575,155.72,155.725,15337
XOM,2026-08-28,15:27,155.72,155.745,155.68,155.7,22023
XOM,2026-08-28,15:28,155.7,155.73,155.67,155.715,14424
XOM,2026-08-28,15:29,155.7127,155.75,155.71,155.725,36183
XOM,2026-08-28,15:30,155.73,155.7399,155.66,155.66,34715
XOM,2026-08-28,15:31,155.65,155.69,155.63,155.66,28469
XOM,2026-08-28,15:32,155.665,155.71,155.65,155.655,31248
XOM,2026-08-28,15:33,155.655,155.78,155.645,155.78,32070
XOM,2026-08-28,15:34,155.78,155.8033,155.73,155.76,21738
XOM,2026-08-28,15:35,155.76,155.9,155.727,155.86,40244
XOM,2026-08-28,15:36,155.86,155.9,155.85,155.89,16679
XOM,2026-08-28,15:37,155.8973,155.96,155.88,155.94,39270
XOM,2026-08-28,15:38,155.94,156.09,155.935,156.08,11202
XOM,2026-08-28,15:39,156.09,156.255,156.04,156.245,29959
XOM,2026-08-28,15:40,156.235,156.26,156.04,156.05,46046
XOM,2026-08-28,15:41,156.05,156.13,156.01,156.115,63035
XOM,2026-08-28,15:42,156.115,156.2,156.115,156.18,11604
XOM,2026-08-28,15:43,156.18,156.19,156.1,156.19,24724
XOM,2026-08-28,15:44,156.2,156.3,156.17,156.295,25100
XOM,2026-08-28,15:45,156.28,156.38,156.265,156.2999,31654
XOM,2026-08-28,15:46,156.295,156.43,156.275,156.4091,25922
XOM,2026-08-28,15:47,156.41,156.5,156.39,156.39,35177
XOM,2026-08-28,15:48,156.395,156.41,156.23,156.35,66800
XOM,2026-08-28,15:49,156.34,156.42,156.3,156.31,46633
XOM,2026-08-28,15:50,156.36,156.42,156.27,156.37,42775
XOM,2026-08-28,15:51,156.37,156.44,156.32,156.43,37220
XOM,2026-08-28,15:52,156.45,156.525,156.445,156.515,56187
XOM,2026-08-28,15:53,156.52,156.59,156.52,156.58,34471
XOM,2026-08-28,15:54,156.58,156.72,156.57,156.67,549562
XOM,2026-08-28,15:55,156.66,156.77,156.6,156.745,69579
XOM,2026-08-28,15:56,156.75,156.855,156.75,156.84,129967
XOM,2026-08-28,15:57,156.83,157.02,156.83,157.01,75026
XOM,2026-08-28,15:58,157.01,157.015,156.74,156.88,201145
XOM,2026-08-28,15:59,156.88,156.88,156.66,156.69,363324
XOM,2026-08-31,09:30,159.94,160.1,159.85,159.945,868067
XOM,2026-08-31,09:31,160.19,160.5,160.19,160.38,19019
XOM,2026-08-31,09:32,160.265,160.5,159.93,160.1999,272067
XOM,2026-08-31,09:33,160.16,160.165,159.52,159.915,46656
XOM,2026-08-31,09:34,159.97,160.13,159.74,160.1,45090
XOM,2026-08-31,09:35,160.11,160.549,160.1,160.45,170456
XOM,2026-08-31,09:36,160.55,161.18,160.53,161.15,54158
XOM,2026-08-31,09:37,161.0701,161.57,161.0701,161.42,38639
XOM,2026-08-31,09:38,161.435,161.435,161.0274,161.08,65812
XOM,2026-08-31,09:39,161.08,161.39,160.9346,161.33,33749
XOM,2026-08-31,09:40,161.33,161.59,161,161,44645
XOM,2026-08-31,09:41,161.05,161.14,160.89,160.94,19031
XOM,2026-08-31,09:42,160.8873,160.9875,160.835,160.915,18510
XOM,2026-08-31,09:43,160.9793,161,160.7901,160.855,48713
XOM,2026-08-31,09:44,160.89,161.1,160.8575,161.095,28818
XOM,2026-08-31,09:45,161.13,161.55,161.13,161.5,25773
XOM,2026-08-31,09:46,161.5,161.52,161.29,161.38,29844
XOM,2026-08-31,09:47,161.385,161.4299,161.1,161.2484,40622
XOM,2026-08-31,09:48,161.285,161.35,161.12,161.29,16261
XOM,2026-08-31,09:49,161.2575,161.35,161.195,161.195,22355
XOM,2026-08-31,09:50,161.1951,161.205,160.79,160.8,56933
XOM,2026-08-31,09:51,160.8,160.995,160.78,160.93,83683
XOM,2026-08-31,09:52,160.91,161.015,160.84,160.86,22564
XOM,2026-08-31,09:53,160.8301,160.985,160.8301,160.95,64254
XOM,2026-08-31,09:54,160.9325,161.01,160.73,160.73,22299
XOM,2026-08-31,09:55,160.6901,160.8,160.61,160.775,19060
XOM,2026-08-31,09:56,160.76,160.83,160.66,160.765,17971
XOM,2026-08-31,09:57,160.72,160.82,160.6301,160.6301,27781
XOM,2026-08-31,09:58,160.7076,160.72,160.62,160.67,12918
XOM,2026-08-31,09:59,160.72,160.75,160.47,160.55,12304
XOM,2026-08-31,10:00,160.54,160.91,160.5,160.9,21934
XOM,2026-08-31,10:01,160.91,161,160.78,160.975,22712
XOM,2026-08-31,10:02,160.975,160.9751,160.67,160.75,23610
XOM,2026-08-31,10:03,160.78,160.78,160.505,160.505,19995
XOM,2026-08-31,10:04,160.49,160.6714,160.36,160.64,33926
XOM,2026-08-31,10:05,160.6882,160.8675,160.625,160.675,16049
XOM,2026-08-31,10:06,160.7,160.84,160.63,160.765,18602
XOM,2026-08-31,10:07,160.755,160.9,160.74,160.83,18100
XOM,2026-08-31,10:08,160.81,160.85,160.5685,160.7,22249
XOM,2026-08-31,10:09,160.73,160.79,160.68,160.73,7804
XOM,2026-08-31,10:10,160.71,160.72,160.405,160.465,23245
XOM,2026-08-31,10:11,160.47,160.59,160.42,160.585,19358
XOM,2026-08-31,10:12,160.63,160.69,160.5201,160.58,11683
XOM,2026-08-31,10:13,160.57,160.61,160.315,160.315,27909
XOM,2026-08-31,10:14,160.31,160.39,160.26,160.3,16405
XOM,2026-08-31,10:15,160.3,160.31,160.105,160.105,27818
XOM,2026-08-31,10:16,160.1099,160.16,160.03,160.15,48215
XOM,2026-08-31,10:17,160.15,160.2799,160.15,160.2799,27800
XOM,2026-08-31,10:18,160.28,160.31,160.12,160.19,17599
XOM,2026-08-31,10:19,160.19,160.305,160.18,160.235,6158
XOM,2026-08-31,10:20,160.27,160.3,160.19,160.3,8263
XOM,2026-08-31,10:21,160.29,160.29,160.19,160.26,10470
XOM,2026-08-31,10:22,160.265,160.6214,160.265,160.6214,26860
XOM,2026-08-31,10:23,160.64,160.69,160.6,160.675,19599
XOM,2026-08-31,10:24,160.65,160.785,160.6201,160.74,238581
XOM,2026-08-31,10:25,160.78,160.78,160.43,160.43,23632
XOM,2026-08-31,10:26,160.35,160.37,160.2201,160.2201,42548
XOM,2026-08-31,10:27,160.26,160.35,160.12,160.17,31247
XOM,2026-08-31,10:28,160.16,160.2,160.125,160.2,8214
XOM,2026-08-31,10:29,160.16,160.23,160.1001,160.18,7951
XOM,2026-08-31,10:30,160.18,160.24,160.1,160.19,16556
XOM,2026-08-31,10:31,160.21,160.25,160.09,160.11,14764
XOM,2026-08-31,10:32,160.11,160.11,159.945,159.97,21944
XOM,2026-08-31,10:33,159.95,160.08,159.95,160.07,12066
XOM,2026-08-31,10:34,160.075,160.19,160.05,160.19,11867
XOM,2026-08-31,10:35,160.18,160.23,160.085,160.085,17247
XOM,2026-08-31,10:36,160.085,160.17,159.98,160.06,49048
XOM,2026-08-31,10:37,160.025,160.05,159.89,159.905,17268
XOM,2026-08-31,10:38,159.93,160.13,159.9175,160.055,14530
XOM,2026-08-31,10:39,160.055,160.06,159.93,159.93,10754
XOM,2026-08-31,10:40,159.9,160.165,159.89,160.165,14727
XOM,2026-08-31,10:41,160.17,160.185,160.005,160.06,20855
XOM,2026-08-31,10:42,160.07,160.28,160.07,160.2,20135
XOM,2026-08-31,10:43,160.18,160.23,160,160.055,16456
XOM,2026-08-31,10:44,160.0675,160.15,160.035,160.13,18753
XOM,2026-08-31,10:45,160.18,160.18,160.1201,160.1393,8994
XOM,2026-08-31,10:46,160.12,160.13,159.95,159.95,12524
XOM,2026-08-31,10:47,159.945,160.005,159.9,159.94,10048
XOM,2026-08-31,10:48,159.91,160.015,159.85,160.015,21145
XOM,2026-08-31,10:49,159.99,160,159.865,159.935,9922
XOM,2026-08-31,10:50,159.9,159.97,159.85,159.86,17044
XOM,2026-08-31,10:51,159.87,159.95,159.83,159.94,20952
XOM,2026-08-31,10:52,159.945,159.95,159.87,159.89,4761
XOM,2026-08-31,10:53,159.87,159.88,159.74,159.83,24424
XOM,2026-08-31,10:54,159.87,159.99,159.87,159.99,13478
XOM,2026-08-31,10:55,160.005,160.18,159.9801,160.14,11672
XOM,2026-08-31,10:56,160.14,160.14,159.98,159.98,9163
XOM,2026-08-31,10:57,159.96,160.03,159.9,160.03,9085
XOM,2026-08-31,10:58,160.06,160.06,159.81,159.825,12200
XOM,2026-08-31,10:59,159.85,159.905,159.73,159.8301,40795
XOM,2026-08-31,11:00,159.77,159.77,159.4,159.4,89565
XOM,2026-08-31,11:01,159.41,159.55,159.4011,159.45,18947
XOM,2026-08-31,11:02,159.45,159.45,159.3,159.315,18710
XOM,2026-08-31,11:03,159.33,159.43,159.2368,159.2368,17382
XOM,2026-08-31,11:04,159.25,159.42,159.24,159.38,32966
XOM,2026-08-31,11:05,159.36,159.41,159.32,159.355,9351
XOM,2026-08-31,11:06,159.37,159.43,159.34,159.4,18847
XOM,2026-08-31,11:07,159.4,159.42,159.35,159.38,4274
XOM,2026-08-31,11:08,159.41,159.45,159.35,159.35,11122
XOM,2026-08-31,11:09,159.3202,159.425,159.31,159.31,18287
XOM,2026-08-31,11:10,159.31,159.355,159.07,159.099,14473
XOM,2026-08-31,11:11,159.1,159.225,159.085,159.16,8469
XOM,2026-08-31,11:12,159.14,159.27,159.14,159.235,18381
XOM,2026-08-31,11:13,159.23,159.27,159.15,159.16,15030
XOM,2026-08-31,11:14,159.14,159.16,159.09,159.1101,11034
XOM,2026-08-31,11:15,159.13,159.21,159.125,159.14,18732
XOM,2026-08-31,11:16,159.164,159.1729,159.1,159.135,6606
XOM,2026-08-31,11:17,159.15,159.15,159.07,159.12,8213
XOM,2026-08-31,11:18,159.13,159.14,159.06,159.09,8539
XOM,2026-08-31,11:19,159.15,159.15,159.045,159.115,11748
XOM,2026-08-31,11:20,159.085,159.225,159.085,159.225,286427
XOM,2026-08-31,11:21,159.17,159.18,159.1,159.175,15618
XOM,2026-08-31,11:22,159.155,159.21,159.15,159.2,18919
XOM,2026-08-31,11:23,159.2,159.2086,159.1301,159.15,23371
XOM,2026-08-31,11:24,159.13,159.155,159.01,159.03,26151
XOM,2026-08-31,11:25,159.035,159.285,159.035,159.285,18431
XOM,2026-08-31,11:26,159.2801,159.31,159.17,159.2,10199
XOM,2026-08-31,11:27,159.2,159.25,159.2,159.23,9679
XOM,2026-08-31,11:28,159.22,159.2599,159.175,159.245,10096
XOM,2026-08-31,11:29,159.245,159.3,159.22,159.28,10456
XOM,2026-08-31,11:30,159.275,159.385,159.275,159.36,11414
XOM,2026-08-31,11:31,159.35,159.395,159.265,159.29,13659
XOM,2026-08-31,11:32,159.285,159.31,159.19,159.22,8679
XOM,2026-08-31,11:33,159.205,159.22,159.15,159.21,13931
XOM,2026-08-31,11:34,159.245,159.33,159.245,159.305,8001
XOM,2026-08-31,11:35,159.29,159.38,159.29,159.345,5943
XOM,2026-08-31,11:36,159.36,159.4299,159.33,159.33,25442
XOM,2026-08-31,11:37,159.36,159.42,159.36,159.37,16432
XOM,2026-08-31,11:38,159.38,159.39,159.23,159.23,10579
XOM,2026-08-31,11:39,159.2,159.2,159.1,159.14,12274
XOM,2026-08-31,11:40,159.14,159.15,159.09,159.14,4536
XOM,2026-08-31,11:41,159.14,159.1499,159.1,159.1,8667
XOM,2026-08-31,11:42,159.1,159.16,159.045,159.0451,11456
XOM,2026-08-31,11:43,159.045,159.15,159.045,159.15,6087
XOM,2026-08-31,11:44,159.15,159.18,159.12,159.17,5827
XOM,2026-08-31,11:45,159.14,159.25,159.14,159.23,8800
XOM,2026-08-31,11:46,159.24,159.265,159.115,159.1301,22226
XOM,2026-08-31,11:47,159.15,159.2,159.145,159.1999,9689
XOM,2026-08-31,11:48,159.185,159.22,159.16,159.22,6179
XOM,2026-08-31,11:49,159.21,159.21,159.12,159.12,7381
XOM,2026-08-31,11:50,159.115,159.115,158.99,159.05,17938
XOM,2026-08-31,11:51,159.035,159.06,159,159,7066
XOM,2026-08-31,11:52,159.025,159.06,158.945,158.945,15942
XOM,2026-08-31,11:53,158.945,159.02,158.91,159.015,11847
XOM,2026-08-31,11:54,158.99,159.04,158.975,159.01,6640
XOM,2026-08-31,11:55,159.01,159.02,158.93,158.93,9012
XOM,2026-08-31,11:56,158.9,158.93,158.87,158.91,8717
XOM,2026-08-31,11:57,158.93,158.96,158.89,158.945,14991
XOM,2026-08-31,11:58,158.96,159,158.95,158.99,10123
XOM,2026-08-31,11:59,158.99,159.0299,158.99,159.005,3919
XOM,2026-08-31,12:00,159.005,159.07,159,159.07,17818
XOM,2026-08-31,12:01,159.07,159.09,159.04,159.055,11165
XOM,2026-08-31,12:02,159.04,159.1,159.02,159.045,6912
XOM,2026-08-31,12:03,159.03,159.06,158.98,158.99,21604
XOM,2026-08-31,12:04,158.98,159,158.8801,158.92,10641
XOM,2026-08-31,12:05,158.945,158.97,158.8405,158.865,8590
XOM,2026-08-31,12:06,158.83,158.86,158.82,158.855,3304
XOM,2026-08-31,12:07,158.85,158.9,158.765,158.9,12670
XOM,2026-08-31,12:08,158.905,159.035,158.905,159.035,14420
XOM,2026-08-31,12:09,159.03,159.03,158.945,158.945,4638
XOM,2026-08-31,12:10,158.945,158.965,158.89,158.89,21524
XOM,2026-08-31,12:11,158.91,158.98,158.89,158.98,10008
XOM,2026-08-31,12:12,158.97,159.02,158.94,159.02,18356
XOM,2026-08-31,12:13,159.04,159.0818,159.029,159.0818,12145
XOM,2026-08-31,12:14,159.1,159.135,159.072,159.08,8558
XOM,2026-08-31,12:15,159.07,159.12,159.02,159.1,8607
XOM,2026-08-31,12:16,159.12,159.2157,159.12,159.19,22484
XOM,2026-08-31,12:17,159.195,159.33,159.19,159.305,13303
XOM,2026-08-31,12:18,159.32,159.35,159.3,159.3499,7513
XOM,2026-08-31,12:19,159.34,159.395,159.3,159.385,9637
XOM,2026-08-31,12:20,159.385,159.39,159.2,159.22,25895
XOM,2026-08-31,12:21,159.24,159.245,159.14,159.15,16416
XOM,2026-08-31,12:22,159.15,159.16,159.085,159.1,10136
XOM,2026-08-31,12:23,159.1,159.13,159.1,159.11,8284
XOM,2026-08-31,12:24,159.11,159.13,159.09,159.09,6534
XOM,2026-08-31,12:25,159.1,159.1,159.05,159.06,0
XOM,2026-08-31,12:26,159.01,159.05,159.01,159.03,11780
XOM,2026-08-31,12:27,159.05,159.11,159.02,159.09,293115
XOM,2026-08-31,12:28,159.0999,159.11,159.06,159.06,8392
XOM,2026-08-31,12:29,159.05,159.1363,158.97,159.12,24863
XOM,2026-08-31,12:30,159.11,159.21,159.08,159.19,23750
XOM,2026-08-31,12:31,159.18,159.2025,159.16,159.17,8570
XOM,2026-08-31,12:32,159.17,159.3,159.17,159.3,12250
XOM,2026-08-31,12:33,159.315,159.36,159.285,159.295,11478
XOM,2026-08-31,12:34,159.28,159.37,159.27,159.37,5460
XOM,2026-08-31,12:35,159.34,159.34,159.215,159.23,13587
XOM,2026-08-31,12:36,159.22,159.22,159.18,159.185,3851
XOM,2026-08-31,12:37,159.17,159.32,159.05,159.05,107435
XOM,2026-08-31,12:38,159.06,159.06,159.01,159.03,6993
XOM,2026-08-31,12:39,159.01,159.01,158.9,158.9,12191
XOM,2026-08-31,12:40,158.885,158.95,158.885,158.92,7481
XOM,2026-08-31,12:41,158.92,158.97,158.851,158.965,13652
XOM,2026-08-31,12:42,158.98,159,158.94,158.94,16405
XOM,2026-08-31,12:43,158.925,158.925,158.87,158.885,5677
XOM,2026-08-31,12:44,158.93,158.98,158.91,158.92,8142
XOM,2026-08-31,12:45,158.93,158.93,158.87,158.87,4360
XOM,2026-08-31,12:46,158.86,158.91,158.845,158.89,8387
XOM,2026-08-31,12:47,158.89,158.91,158.86,158.91,4825
XOM,2026-08-31,12:48,158.94,159,158.91,158.91,24513
XOM,2026-08-31,12:49,158.93,158.955,158.86,158.87,6106
XOM,2026-08-31,12:50,158.81,158.8601,158.79,158.85,11690
XOM,2026-08-31,12:51,158.815,158.8774,158.81,158.87,9429
XOM,2026-08-31,12:52,158.88,158.88,158.8,158.8,10063
XOM,2026-08-31,12:53,158.81,158.81,158.74,158.75,5899
XOM,2026-08-31,12:54,158.7672,158.82,158.7554,158.82,9242
XOM,2026-08-31,12:55,158.83,158.92,158.83,158.915,7173
XOM,2026-08-31,12:56,158.92,158.92,158.8601,158.9,10834
XOM,2026-08-31,12:57,158.89,158.93,158.89,158.93,8771
XOM,2026-08-31,12:58,158.93,158.98,158.9,158.925,14910
XOM,2026-08-31,12:59,158.92,158.93,158.88,158.9,9553
XOM,2026-08-31,13:00,158.89,158.98,158.88,158.975,19104
XOM,2026-08-31,13:01,158.975,159.16,158.975,159.14,11577
XOM,2026-08-31,13:02,159.11,159.12,159.1,159.105,9219
XOM,2026-08-31,13:03,159.09,159.145,159.07,159.145,18684
XOM,2026-08-31,13:04,159.145,159.145,159.11,159.12,4246
XOM,2026-08-31,13:05,159.13,159.22,159.12,159.175,14851
XOM,2026-08-31,13:06,159.17,159.23,159.13,159.14,13241
XOM,2026-08-31,13:07,159.14,159.19,159.1,159.185,12739
XOM,2026-08-31,13:08,159.215,159.33,159.2,159.33,34965
XOM,2026-08-31,13:09,159.35,159.355,159.32,159.34,4880
XOM,2026-08-31,13:10,159.34,159.38,159.33,159.35,8169
XOM,2026-08-31,13:11,159.35,159.38,159.315,159.36,23051
XOM,2026-08-31,13:12,159.36,159.39,159.34,159.38,8576
XOM,2026-08-31,13:13,159.38,159.385,159.35,159.36,9624
XOM,2026-08-31,13:14,159.36,159.365,159.34,159.355,4680
XOM,2026-08-31,13:15,159.39,159.4,159.365,159.365,9922
XOM,2026-08-31,13:16,159.365,159.425,159.31,159.32,10968
XOM,2026-08-31,13:17,159.3284,159.49,159.31,159.48,29316
XOM,2026-08-31,13:18,159.5032,159.51,159.465,159.48,7129
XOM,2026-08-31,13:19,159.47,159.51,159.44,159.51,13106
XOM,2026-08-31,13:20,159.51,159.57,159.505,159.545,20680
XOM,2026-08-31,13:21,159.545,159.58,159.52,159.55,15362
XOM,2026-08-31,13:22,159.55,159.62,159.55,159.62,3942
XOM,2026-08-31,13:23,159.635,159.645,159.57,159.6,23104
XOM,2026-08-31,13:24,159.5945,159.63,159.58,159.6,6372
XOM,2026-08-31,13:25,159.6,159.615,159.58,159.61,5151
XOM,2026-08-31,13:26,159.61,159.66,159.61,159.66,10799
XOM,2026-08-31,13:27,159.68,159.715,159.67,159.71,6918
XOM,2026-08-31,13:28,159.715,159.73,159.68,159.7,13185
XOM,2026-08-31,13:29,159.72,159.76,159.71,159.715,8441
XOM,2026-08-31,13:30,159.705,159.705,159.57,159.58,5031
XOM,2026-08-31,13:31,159.58,159.71,159.57,159.71,7459
XOM,2026-08-31,13:32,159.72,159.795,159.72,159.78,14317
XOM,2026-08-31,13:33,159.79,159.81,159.75,159.775,22939
XOM,2026-08-31,13:34,159.77,159.93,159.7515,159.9,17144
XOM,2026-08-31,13:35,159.91,159.96,159.88,159.885,15867
XOM,2026-08-31,13:36,159.89,159.97,159.88,159.97,7281
XOM,2026-08-31,13:37,159.975,160.12,159.965,160.035,18635
XOM,2026-08-31,13:38,160.03,160.105,160.03,160.0875,6987
XOM,2026-08-31,13:39,160.0999,160.1263,160.06,160.06,7807
XOM,2026-08-31,13:40,160.07,160.135,160.07,160.12,9721
XOM,2026-08-31,13:41,160.115,160.15,160.105,160.12,7671
XOM,2026-08-31,13:42,160.135,160.17,160.13,160.17,8763
XOM,2026-08-31,13:43,160.19,160.22,160.15,160.15,15893
XOM,2026-08-31,13:44,160.18,160.21,160.16,160.21,6172
XOM,2026-08-31,13:45,160.2024,160.27,160.17,160.25,12037
XOM,2026-08-31,13:46,160.23,160.265,160.225,160.265,6300
XOM,2026-08-31,13:47,160.27,160.29,160.22,160.225,6180
XOM,2026-08-31,13:48,160.25,160.275,160.231,160.275,5122
XOM,2026-08-31,13:49,160.28,160.29,160.22,160.27,8376
XOM,2026-08-31,13:50,160.27,160.29,160.26,160.29,4900
XOM,2026-08-31,13:51,160.29,160.3165,160.24,160.28,19637
XOM,2026-08-31,13:52,160.24,160.27,160.22,160.255,6563
XOM,2026-08-31,13:53,160.24,160.335,160.24,160.32,4282
XOM,2026-08-31,13:54,160.33,160.3372,160.3,160.3,4976
XOM,2026-08-31,13:55,160.29,160.29,160.22,160.23,9770
XOM,2026-08-31,13:56,160.22,160.225,160.1825,160.2,7443
XOM,2026-08-31,13:57,160.21,160.21,160.145,160.18,6159
XOM,2026-08-31,13:58,160.16,160.17,160.09,160.17,11523
XOM,2026-08-31,13:59,160.14,160.14,160.09,160.095,5702
XOM,2026-08-31,14:00,160.13,160.205,160.13,160.205,7303
XOM,2026-08-31,14:01,160.235,160.25,160.15,160.15,21091
XOM,2026-08-31,14:02,160.16,160.222,160.12,160.222,5897
XOM,2026-08-31,14:03,160.2,160.27,160.2,160.27,3914
XOM,2026-08-31,14:04,160.27,160.275,160.22,160.25,8187
XOM,2026-08-31,14:05,160.22,160.25,160.191,160.25,9021
XOM,2026-08-31,14:06,160.27,160.32,160.245,160.25,0
XOM,2026-08-31,14:07,160.23,160.23,160.16,160.165,8377
XOM,2026-08-31,14:08,160.18,160.18,160.1,160.1,286596
XOM,2026-08-31,14:09,160.11,160.19,160.11,160.19,6228
XOM,2026-08-31,14:10,160.2,160.225,160.165,160.18,6080
XOM,2026-08-31,14:11,160.195,160.29,160.195,160.2897,12892
XOM,2026-08-31,14:12,160.3,160.3,160.22,160.2251,11414
XOM,2026-08-31,14:13,160.22,160.22,160.165,160.2096,10042
XOM,2026-08-31,14:14,160.2,160.31,160.2,160.31,7027
XOM,2026-08-31,14:15,160.3,160.31,160.23,160.23,10514
XOM,2026-08-31,14:16,160.21,160.25,160.21,160.25,4536
XOM,2026-08-31,14:17,160.24,160.2699,160.2,160.24,10371
XOM,2026-08-31,14:18,160.2376,160.28,160.23,160.2646,4813
XOM,2026-08-31,14:19,160.26,160.32,160.251,160.3,7094
XOM,2026-08-31,14:20,160.31,160.4,160.3,160.345,16637
XOM,2026-08-31,14:21,160.35,160.37,160.31,160.34,24444
XOM,2026-08-31,14:22,160.34,160.375,160.3,160.31,11239
XOM,2026-08-31,14:23,160.31,160.335,160.2946,160.335,14926
XOM,2026-08-31,14:24,160.32,160.39,160.285,160.375,18408
XOM,2026-08-31,14:25,160.39,160.435,160.38,160.43,11419
XOM,2026-08-31,14:26,160.43,160.49,160.43,160.47,16583
XOM,2026-08-31,14:27,160.48,160.48,160.4201,160.475,10466
XOM,2026-08-31,14:28,160.46,160.52,160.41,160.51,22506
XOM,2026-08-31,14:29,160.51,160.53,160.465,160.465,15029
XOM,2026-08-31,14:30,160.465,160.525,160.46,160.52,15465
XOM,2026-08-31,14:31,160.53,160.54,160.46,160.475,8606
XOM,2026-08-31,14:32,160.46,160.4761,160.42,160.459,15189
XOM,2026-08-31,14:33,160.42,160.459,160.39,160.44,19225
XOM,2026-08-31,14:34,160.431,160.431,160.36,160.41,29556
XOM,2026-08-31,14:35,160.41,160.4201,160.3115,160.3115,13747
XOM,2026-08-31,14:36,160.31,160.42,160.31,160.42,9460
XOM,2026-08-31,14:37,160.42,160.49,160.415,160.43,12689
XOM,2026-08-31,14:38,160.43,160.49,160.42,160.44,19070
XOM,2026-08-31,14:39,160.44,160.459,160.35,160.365,19479
XOM,2026-08-31,14:40,160.3816,160.42,160.34,160.385,12579
XOM,2026-08-31,14:41,160.35,160.39,160.35,160.38,11153
XOM,2026-08-31,14:42,160.375,160.45,160.375,160.449,9271
XOM,2026-08-31,14:43,160.43,160.4447,160.39,160.42,14867
XOM,2026-08-31,14:44,160.4392,160.4586,160.4,160.415,16033
XOM,2026-08-31,14:45,160.41,160.44,160.385,160.4,10479
XOM,2026-08-31,14:46,160.4,160.54,160.375,160.46,38209
XOM,2026-08-31,14:47,160.45,160.47,160.345,160.36,21273
XOM,2026-08-31,14:48,160.37,160.39,160.13,160.18,28894
XOM,2026-08-31,14:49,160.18,160.23,160.159,160.23,13601
XOM,2026-08-31,14:50,160.24,160.24,160.1,160.1,9794
XOM,2026-08-31,14:51,160.08,160.08,159.87,160.01,23453
XOM,2026-08-31,14:52,160,160.035,159.98,160.02,9232
XOM,2026-08-31,14:53,160.02,160.11,160.01,160.08,10898
XOM,2026-08-31,14:54,160.07,160.07,160.02,160.035,19999
XOM,2026-08-31,14:55,160.035,160.085,159.99,160.035,22408
XOM,2026-08-31,14:56,160.035,160.065,159.9,159.905,30785
XOM,2026-08-31,14:57,159.905,160.0102,159.875,159.96,25267
XOM,2026-08-31,14:58,159.975,159.975,159.91,159.915,7119
XOM,2026-08-31,14:59,159.93,159.93,159.86,159.8929,9100
XOM,2026-08-31,15:00,159.91,159.98,159.91,159.95,5914
XOM,2026-08-31,15:01,159.95,160,159.95,159.96,10541
XOM,2026-08-31,15:02,159.94,160.02,159.93,160.01,8992
XOM,2026-08-31,15:03,159.99,160,159.89,159.9,21241
XOM,2026-08-31,15:04,159.91,159.92,159.88,159.91,24739
XOM,2026-08-31,15:05,159.91,159.95,159.9,159.9,7614
XOM,2026-08-31,15:06,159.9,159.91,159.86,159.88,25067
XOM,2026-08-31,15:07,159.88,159.92,159.84,159.92,11993
XOM,2026-08-31,15:08,159.9,159.93,159.86,159.8901,10544
XOM,2026-08-31,15:09,159.93,159.95,159.85,159.8592,14689
XOM,2026-08-31,15:10,159.908,159.908,159.84,159.84,10608
XOM,2026-08-31,15:11,159.84,159.94,159.83,159.91,6690
XOM,2026-08-31,15:12,159.92,159.93,159.885,159.92,8264
XOM,2026-08-31,15:13,159.93,159.95,159.89,159.9,20299
XOM,2026-08-31,15:14,159.87,160,159.86,159.945,19681
XOM,2026-08-31,15:15,159.945,160,159.93,160,16486
XOM,2026-08-31,15:16,159.99,160.01,159.92,160,39004
XOM,2026-08-31,15:17,160.025,160.09,160.025,160.08,26042
XOM,2026-08-31,15:18,160.07,160.18,160.0501,160.16,23514
XOM,2026-08-31,15:19,160.15,160.155,160.06,160.06,17887
XOM,2026-08-31,15:20,160.09,160.265,160.09,160.24,13814
XOM,2026-08-31,15:21,160.26,160.31,160.26,160.295,8138
XOM,2026-08-31,15:22,160.28,160.39,160.26,160.36,11683
XOM,2026-08-31,15:23,160.36,160.385,160.34,160.3847,9827
XOM,2026-08-31,15:24,160.4,160.4,160.315,160.325,18176
XOM,2026-08-31,15:25,160.325,160.325,160.2388,160.265,25164
XOM,2026-08-31,15:26,160.27,160.295,160.215,160.22,9688
XOM,2026-08-31,15:27,160.2,160.22,160.17,160.19,14453
XOM,2026-08-31,15:28,160.2,160.235,160.175,160.175,9458
XOM,2026-08-31,15:29,160.175,160.18,160.07,160.16,17919
XOM,2026-08-31,15:30,160.14,160.23,160.14,160.17,14971
XOM,2026-08-31,15:31,160.16,160.35,160.15,160.34,28310
XOM,2026-08-31,15:32,160.34,160.3799,160.31,160.3799,11018
XOM,2026-08-31,15:33,160.36,160.36,160.31,160.33,12153
XOM,2026-08-31,15:34,160.34,160.36,160.26,160.36,17301
XOM,2026-08-31,15:35,160.355,160.565,160.34,160.4,45163
XOM,2026-08-31,15:36,160.38,160.56,160.38,160.53,25544
XOM,2026-08-31,15:37,160.52,160.585,160.5,160.585,15671
XOM,2026-08-31,15:38,160.585,160.64,160.54,160.64,18336
XOM,2026-08-31,15:39,160.64,160.64,160.531,160.58,19766
XOM,2026-08-31,15:40,160.63,160.77,160.5801,160.7,32095
XOM,2026-08-31,15:41,160.74,160.77,160.675,160.69,26646
XOM,2026-08-31,15:42,160.7,160.71,160.45,160.51,123251
XOM,2026-08-31,15:43,160.48,160.59,160.47,160.58,67072
XOM,2026-08-31,15:44,160.6,160.6701,160.58,160.6401,36321
XOM,2026-08-31,15:45,160.65,160.73,160.63,160.73,28565
XOM,2026-08-31,15:46,160.72,160.805,160.705,160.78,26730
XOM,2026-08-31,15:47,160.76,160.92,160.75,160.915,38495
XOM,2026-08-31,15:48,160.915,160.95,160.86,160.88,63865
XOM,2026-08-31,15:49,160.86,160.86,160.405,160.56,109122
XOM,2026-08-31,15:50,160.58,160.66,160.28,160.55,83190
XOM,2026-08-31,15:51,160.545,160.75,160.52,160.62,44643
XOM,2026-08-31,15:52,160.625,160.63,160.523,160.63,32918
XOM,2026-08-31,15:53,160.61,160.68,160.585,160.64,534169
XOM,2026-08-31,15:54,160.65,160.69,160.54,160.54,46473
XOM,2026-08-31,15:55,160.55,160.8,160.55,160.79,92569
XOM,2026-08-31,15:56,160.79,160.86,160.72,160.745,84655
XOM,2026-08-31,15:57,160.73,160.905,160.7,160.875,102874
XOM,2026-08-31,15:58,160.89,160.98,160.86,160.9,179914
XOM,2026-08-31,15:59,160.9,161.1,160.875,160.96,404432
XOM,2026-09-01,09:30,163.6,163.7,163.46,163.63,490586
XOM,2026-09-01,09:31,163.82,163.82,162.88,163.295,223210
XOM,2026-09-01,09:32,163.195,164.1133,163.195,163.6,77089
XOM,2026-09-01,09:33,163.625,163.67,163.1361,163.165,36566
XOM,2026-09-01,09:34,163.2,163.46,163.08,163.37,33245
XOM,2026-09-01,09:35,163.32,163.34,163.085,163.125,30518
XOM,2026-09-01,09:36,163.16,163.24,162.89,163.135,53089
XOM,2026-09-01,09:37,163.14,163.31,162.98,163.12,34443
XOM,2026-09-01,09:38,163.13,163.32,163,163.14,29055
XOM,2026-09-01,09:39,163.13,163.4599,162.99,163.31,25116
XOM,2026-09-01,09:40,163.32,163.66,163.26,163.41,34635
XOM,2026-09-01,09:41,163.44,163.58,163.38,163.53,28058
XOM,2026-09-01,09:42,163.57,163.63,163.145,163.145,28077
XOM,2026-09-01,09:43,163.11,163.145,162.83,162.83,43583
XOM,2026-09-01,09:44,162.83,163.025,162.77,163,24211
XOM,2026-09-01,09:45,163.03,163.05,162.6343,162.67,28491
XOM,2026-09-01,09:46,162.67,162.83,162.6,162.6,18821
XOM,2026-09-01,09:47,162.65,162.66,162.2185,162.285,22373
XOM,2026-09-01,09:48,162.2814,162.52,162.215,162.5151,25734
XOM,2026-09-01,09:49,162.5151,162.85,162.51,162.815,24331
XOM,2026-09-01,09:50,162.77,163.06,162.77,163.055,22160
XOM,2026-09-01,09:51,162.9902,163.05,162.82,162.85,35496
XOM,2026-09-01,09:52,162.855,163.1399,162.81,163.07,25769
XOM,2026-09-01,09:53,163.065,163.19,163.02,163.16,24543
XOM,2026-09-01,09:54,163.14,163.19,163.02,163.11,33962
XOM,2026-09-01,09:55,163.12,163.12,162.95,162.99,38881
XOM,2026-09-01,09:56,162.96,163.28,162.91,163.25,35046
XOM,2026-09-01,09:57,163.285,163.295,163.03,163.075,26539
XOM,2026-09-01,09:58,163.07,163.18,163.02,163.05,17210
XOM,2026-09-01,09:59,163.08,163.2196,162.98,163.19,20539
XOM,2026-09-01,10:00,163.19,163.46,163.1,163.3312,18802
XOM,2026-09-01,10:01,163.36,163.57,163.275,163.445,29901
XOM,2026-09-01,10:02,163.45,163.57,163.41,163.57,22252
XOM,2026-09-01,10:03,163.51,163.77,163.46,163.73,31685
XOM,2026-09-01,10:04,163.72,164.07,163.6701,164.04,55170
XOM,2026-09-01,10:05,164.045,164.11,163.77,163.87,49590
XOM,2026-09-01,10:06,163.925,163.93,163.33,163.33,31620
XOM,2026-09-01,10:07,163.33,163.33,163.17,163.17,31627
XOM,2026-09-01,10:08,163.1,163.1548,162.9806,163.07,20808
XOM,2026-09-01,10:09,163.035,163.145,162.86,162.865,27825
XOM,2026-09-01,10:10,162.86,162.955,162.8,162.89,26196
XOM,2026-09-01,10:11,162.879,162.91,162.79,162.85,42371
XOM,2026-09-01,10:12,162.8675,162.97,162.76,162.805,16485
XOM,2026-09-01,10:13,162.82,162.89,162.78,162.89,23991
XOM,2026-09-01,10:14,162.86,162.86,162.57,162.75,49772
XOM,2026-09-01,10:15,162.75,162.79,162.48,162.67,26295
XOM,2026-09-01,10:16,162.675,162.675,162.51,162.54,21730
XOM,2026-09-01,10:17,162.57,162.62,162.5,162.62,17952
XOM,2026-09-01,10:18,162.63,162.66,162.48,162.59,21169
XOM,2026-09-01,10:19,162.56,162.62,162.415,162.475,17929
XOM,2026-09-01,10:20,162.49,162.5809,162.49,162.51,10760
XOM,2026-09-01,10:21,162.57,162.7399,162.57,162.715,30660
XOM,2026-09-01,10:22,162.7208,162.775,162.54,162.7036,31352
XOM,2026-09-01,10:23,162.73,162.76,162.665,162.745,19030
XOM,2026-09-01,10:24,162.73,162.84,162.665,162.82,16795
XOM,2026-09-01,10:25,162.805,162.88,162.76,162.78,18789
XOM,2026-09-01,10:26,162.8,162.84,162.71,162.74,22063
XOM,2026-09-01,10:27,162.75,162.83,162.72,162.79,12985
XOM,2026-09-01,10:28,162.81,162.83,162.719,162.75,17641
XOM,2026-09-01,10:29,162.77,162.91,162.73,162.905,12146
XOM,2026-09-01,10:30,162.94,163.09,162.94,163.09,18378
XOM,2026-09-01,10:31,163.06,163.12,163,163.04,25492
XOM,2026-09-01,10:32,163.03,163.0973,162.99,163.01,37481
XOM,2026-09-01,10:33,163.01,163.04,162.89,162.99,29155
XOM,2026-09-01,10:34,162.9801,163.025,162.77,162.77,20853
XOM,2026-09-01,10:35,162.75,162.86,162.7408,162.845,14093
XOM,2026-09-01,10:36,162.8299,162.8499,162.7049,162.75,12007
XOM,2026-09-01,10:37,162.77,162.77,162.65,162.73,8768
XOM,2026-09-01,10:38,162.76,162.8864,162.741,162.85,10668
XOM,2026-09-01,10:39,162.9258,163,162.82,162.95,12348
XOM,2026-09-01,10:40,162.93,162.95,162.84,162.87,9475
XOM,2026-09-01,10:41,162.85,162.95,162.8,162.92,16517
XOM,2026-09-01,10:42,162.89,162.955,162.85,162.945,8357
XOM,2026-09-01,10:43,162.88,162.93,162.82,162.85,7771
XOM,2026-09-01,10:44,162.86,162.9575,162.835,162.935,11545
XOM,2026-09-01,10:45,162.9,163.03,162.895,163.03,10569
XOM,2026-09-01,10:46,163.045,163.07,162.98,162.98,16740
XOM,2026-09-01,10:47,162.98,163.04,162.96,162.98,10088
XOM,2026-09-01,10:48,162.96,163.04,162.83,162.89,20850
XOM,2026-09-01,10:49,162.855,162.9834,162.855,162.9834,11317
XOM,2026-09-01,10:50,162.96,162.96,162.871,162.96,9014
XOM,2026-09-01,10:51,162.97,163.0175,162.91,163.0175,7817
XOM,2026-09-01,10:52,163.01,163.27,162.99,163.23,14515
XOM,2026-09-01,10:53,163.2089,163.2089,163.11,163.13,16976
XOM,2026-09-01,10:54,163.13,163.208,163.11,163.1951,10833
XOM,2026-09-01,10:55,163.195,163.25,163.05,163.11,15829
XOM,2026-09-01,10:56,163.13,163.195,163.1039,163.18,7096
XOM,2026-09-01,10:57,163.15,163.36,163.125,163.32,8342
XOM,2026-09-01,10:58,163.2901,163.32,163.22,163.24,9140
XOM,2026-09-01,10:59,163.235,163.3,163.2,163.21,16144
XOM,2026-09-01,11:00,163.22,163.26,163.18,163.22,9980
XOM,2026-09-01,11:01,163.23,163.25,163.185,163.22,18129
XOM,2026-09-01,11:02,163.19,163.315,163.18,163.315,13412
XOM,2026-09-01,11:03,163.28,163.4265,163.255,163.4,25196
XOM,2026-09-01,11:04,163.37,163.46,163.37,163.41,13516
XOM,2026-09-01,11:05,163.38,163.38,163.23,163.25,13715
XOM,2026-09-01,11:06,163.26,163.28,163.2,163.21,14768
XOM,2026-09-01,11:07,163.24,163.27,163.13,163.27,45366
XOM,2026-09-01,11:08,163.27,163.27,163.1801,163.215,11516
XOM,2026-09-01,11:09,163.215,163.215,163.09,163.1,17547
XOM,2026-09-01,11:10,163.1,163.1,162.97,163.02,27828
XOM,2026-09-01,11:11,163.07,163.19,163.02,163.16,17208
XOM,2026-09-01,11:12,163.23,163.23,163.08,163.12,8501
XOM,2026-09-01,11:13,163.1,163.15,163.065,163.07,10887
XOM,2026-09-01,11:14,163.0899,163.09,163.05,163.0699,8224
XOM,2026-09-01,11:15,163.0896,163.23,163.05,163.18,19229
XOM,2026-09-01,11:16,163.2,163.25,163.18,163.21,14614
XOM,2026-09-01,11:17,163.22,163.245,163.15,163.15,10266
XOM,2026-09-01,11:18,163.13,163.1975,163.115,163.1975,9968
XOM,2026-09-01,11:19,163.16,163.23,163.14,163.2101,5878
XOM,2026-09-01,11:20,163.23,163.28,163.17,163.22,21610
XOM,2026-09-01,11:21,163.215,163.245,163.1401,163.24,12159
XOM,2026-09-01,11:22,163.19,163.25,163.17,163.21,5479
XOM,2026-09-01,11:23,163.195,163.25,163.19,163.23,5190
XOM,2026-09-01,11:24,163.25,163.33,163.24,163.2699,15213
XOM,2026-09-01,11:25,163.24,163.27,163.14,163.2,19746
XOM,2026-09-01,11:26,163.15,163.17,163.115,163.16,6417
XOM,2026-09-01,11:27,163.1335,163.22,163.12,163.215,17190
XOM,2026-09-01,11:28,163.215,163.27,163.21,163.2225,13466
XOM,2026-09-01,11:29,163.27,163.27,163.0552,163.0552,20744
XOM,2026-09-01,11:30,163.11,163.225,163.11,163.2,14344
XOM,2026-09-01,11:31,163.2185,163.25,163.19,163.21,8499
XOM,2026-09-01,11:32,163.22,163.2651,163.15,163.15,16678
XOM,2026-09-01,11:33,163.13,163.1701,163.1,163.1701,5482
XOM,2026-09-01,11:34,163.15,163.1899,163.13,163.13,7774
XOM,2026-09-01,11:35,163.125,163.14,163.05,163.095,13569
XOM,2026-09-01,11:36,163.08,163.13,163.07,163.11,8572
XOM,2026-09-01,11:37,163.15,163.2,163.14,163.195,4288
XOM,2026-09-01,11:38,163.14,163.14,162.99,162.99,11572
XOM,2026-09-01,11:39,162.995,163.02,162.965,163.02,7508
XOM,2026-09-01,11:40,163.035,163.035,162.9,162.93,8931
XOM,2026-09-01,11:41,162.945,162.9949,162.92,162.93,5609
XOM,2026-09-01,11:42,162.91,162.91,162.8,162.88,11806
XOM,2026-09-01,11:43,162.91,162.96,162.91,162.96,6284
XOM,2026-09-01,11:44,162.98,162.98,162.88,162.88,11178
XOM,2026-09-01,11:45,162.86,162.87,162.79,162.7901,9319
XOM,2026-09-01,11:46,162.85,162.868,162.82,162.86,6878
XOM,2026-09-01,11:47,162.86,162.8759,162.7901,162.835,6115
XOM,2026-09-01,11:48,162.85,162.9254,162.82,162.9254,15526
XOM,2026-09-01,11:49,162.915,162.915,162.8,162.815,20340
XOM,2026-09-01,11:50,162.81,162.87,162.75,162.87,18279
XOM,2026-09-01,11:51,162.85,162.85,162.77,162.8,7043
XOM,2026-09-01,11:52,162.81,162.85,162.76,162.76,8204
XOM,2026-09-01,11:53,162.765,162.87,162.73,162.87,7701
XOM,2026-09-01,11:54,162.86,162.8601,162.79,162.805,11250
XOM,2026-09-01,11:55,162.78,162.88,162.77,162.87,5537
XOM,2026-09-01,11:56,162.84,162.84,162.77,162.815,6424
XOM,2026-09-01,11:57,162.81,162.81,162.74,162.74,10094
XOM,2026-09-01,11:58,162.74,162.75,162.7,162.75,7131
XOM,2026-09-01,11:59,162.78,162.79,162.77,162.79,3669
XOM,2026-09-01,12:00,162.77,162.795,162.73,162.7777,8067
XOM,2026-09-01,12:01,162.77,162.91,162.77,162.91,9943
XOM,2026-09-01,12:02,162.905,162.96,162.905,162.94,5918
XOM,2026-09-01,12:03,162.92,162.93,162.83,162.9,16665
XOM,2026-09-01,12:04,162.9,162.91,162.8501,162.895,8695
XOM,2026-09-01,12:05,162.86,162.86,162.79,162.83,7109
XOM,2026-09-01,12:06,162.84,162.84,162.67,162.7,18960
XOM,2026-09-01,12:07,162.7,162.74,162.64,162.7,23144
XOM,2026-09-01,12:08,162.7,162.7,162.55,162.58,12137
XOM,2026-09-01,12:09,162.555,162.715,162.53,162.71,14547
XOM,2026-09-01,12:10,162.73,162.82,162.73,162.79,6559
XOM,2026-09-01,12:11,162.81,162.87,162.81,162.85,14491
XOM,2026-09-01,12:12,162.83,162.84,162.72,162.84,13727
XOM,2026-09-01,12:13,162.88,162.94,162.88,162.94,5799
XOM,2026-09-01,12:14,162.925,162.98,162.91,162.98,14180
XOM,2026-09-01,12:15,162.99,162.99,162.81,162.82,7885
XOM,2026-09-01,12:16,162.84,162.88,162.82,162.87,6267
XOM,2026-09-01,12:17,162.865,162.925,162.865,162.875,12441
XOM,2026-09-01,12:18,162.87,162.96,162.87,162.875,5536
XOM,2026-09-01,12:19,162.875,162.935,162.875,162.905,4447
XOM,2026-09-01,12:20,162.93,163.07,162.93,163.07,9164
XOM,2026-09-01,12:21,163.12,163.18,163.07,163.175,7573
XOM,2026-09-01,12:22,163.16,163.28,163.16,163.28,23804
XOM,2026-09-01,12:23,163.25,163.29,163.215,163.27,15424
XOM,2026-09-01,12:24,163.25,163.5,163.25,163.46,33070
XOM,2026-09-01,12:25,163.46,163.49,163.41,163.42,16488
XOM,2026-09-01,12:26,163.43,163.55,163.29,163.35,53110
XOM,2026-09-01,12:27,163.42,163.43,163.2501,163.265,18940
XOM,2026-09-01,12:28,163.2456,163.2456,163.09,163.1164,8444
XOM,2026-09-01,12:29,163.1,163.13,163.075,163.09,4571
XOM,2026-09-01,12:30,163.1099,163.1099,162.96,163.08,8652
XOM,2026-09-01,12:31,163.13,163.195,163.1,163.1301,7725
XOM,2026-09-01,12:32,163.1788,163.24,163.17,163.24,14390
XOM,2026-09-01,12:33,163.24,163.24,163.19,163.23,6833
XOM,2026-09-01,12:34,163.25,163.3299,163.235,163.27,7690
XOM,2026-09-01,12:35,163.26,163.28,163.19,163.26,11987
XOM,2026-09-01,12:36,163.3,163.3,163.1401,163.21,13627
XOM,2026-09-01,12:37,163.19,163.23,163.19,163.22,4598
XOM,2026-09-01,12:38,163.22,163.22,163.15,163.19,11694
XOM,2026-09-01,12:39,163.22,163.265,163.21,163.225,5443
XOM,2026-09-01,12:40,163.2298,163.24,163.05,163.145,17724
XOM,2026-09-01,12:41,163.16,163.1699,163.03,163.08,21711
XOM,2026-09-01,12:42,163.055,163.13,163.04,163.1,8971
XOM,2026-09-01,12:43,163.07,163.19,163.05,163.1584,11578
XOM,2026-09-01,12:44,163.17,163.18,163.11,163.16,8500
XOM,2026-09-01,12:45,163.18,163.19,163.085,163.11,9598
XOM,2026-09-01,12:46,163.11,163.15,162.99,162.99,8624
XOM,2026-09-01,12:47,163.03,163.075,163.01,163.075,21685
XOM,2026-09-01,12:48,163.06,163.08,162.98,163,9527
XOM,2026-09-01,12:49,162.99,163.02,162.985,162.99,7694
XOM,2026-09-01,12:50,162.995,163.03,162.99,163.01,4369
XOM,2026-09-01,12:51,162.9926,163.08,162.98,163.08,11736
XOM,2026-09-01,12:52,163.09,163.12,163.06,163.12,3714
XOM,2026-09-01,12:53,163.11,163.11,163.06,163.085,5280
XOM,2026-09-01,12:54,163.08,163.15,163.05,163.15,9489
XOM,2026-09-01,12:55,163.12,163.27,163.09,163.23,7397
XOM,2026-09-01,12:56,163.23,163.29,163.22,163.27,3928
XOM,2026-09-01,12:57,163.27,163.3551,163.26,163.31,7806
XOM,2026-09-01,12:58,163.26,163.27,163.185,163.27,7856
XOM,2026-09-01,12:59,163.27,163.3,163.24,163.24,12216
XOM,2026-09-01,13:00,163.285,163.48,163.2616,163.435,19696
XOM,2026-09-01,13:01,163.43,163.62,163.43,163.615,37211
XOM,2026-09-01,13:02,163.63,163.71,163.57,163.69,40269
XOM,2026-09-01,13:03,163.695,163.78,163.68,163.74,15089
XOM,2026-09-01,13:04,163.76,163.82,163.73,163.81,27225
XOM,2026-09-01,13:05,163.84,163.87,163.685,163.7301,10046
XOM,2026-09-01,13:06,163.8,163.82,163.74,163.74,12680
XOM,2026-09-01,13:07,163.74,163.77,163.72,163.73,8428
XOM,2026-09-01,13:08,163.77,163.79,163.7372,163.7372,11185
XOM,2026-09-01,13:09,163.745,163.78,163.7,163.7,17312
XOM,2026-09-01,13:10,163.7,163.81,163.68,163.81,14498
XOM,2026-09-01,13:11,163.815,163.835,163.7719,163.835,8204
XOM,2026-09-01,13:12,163.81,163.85,163.81,163.81,5522
XOM,2026-09-01,13:13,163.8301,163.9,163.81,163.81,9938
XOM,2026-09-01,13:14,163.81,163.98,163.81,163.92,8547
XOM,2026-09-01,13:15,163.9201,164.07,163.89,164.0301,21383
XOM,2026-09-01,13:16,164.03,164.03,163.79,163.89,35845
XOM,2026-09-01,13:17,163.88,163.88,163.82,163.835,6085
XOM,2026-09-01,13:18,163.84,163.862,163.8344,163.845,8570
XOM,2026-09-01,13:19,163.84,163.88,163.83,163.855,6033
XOM,2026-09-01,13:20,163.855,163.965,163.83,163.965,11825
XOM,2026-09-01,13:21,163.97,163.975,163.93,163.935,14853
XOM,2026-09-01,13:22,163.935,163.96,163.845,163.91,19144
XOM,2026-09-01,13:23,163.93,163.9699,163.93,163.94,8950
XOM,2026-09-01,13:24,163.91,163.9192,163.87,163.88,3377
XOM,2026-09-01,13:25,163.9,164.08,163.87,163.99,44981
XOM,2026-09-01,13:26,163.995,164.05,163.99,164.03,21576
XOM,2026-09-01,13:27,164.04,164.05,163.93,163.97,14903
XOM,2026-09-01,13:28,163.98,163.995,163.9201,163.985,10367
XOM,2026-09-01,13:29,163.995,164.03,163.98,164.025,14373
XOM,2026-09-01,13:30,164.01,164.06,164.01,164.03,6405
XOM,2026-09-01,13:31,164.015,164.02,163.985,163.99,5384
XOM,2026-09-01,13:32,164.005,164.005,163.88,163.89,15072
XOM,2026-09-01,13:33,163.91,163.93,163.8621,163.865,5632
XOM,2026-09-01,13:34,163.92,163.92,163.8602,163.875,5024
XOM,2026-09-01,13:35,163.86,164.02,163.85,163.995,22288
XOM,2026-09-01,13:36,164.03,164.0985,164.01,164.0771,13104
XOM,2026-09-01,13:37,164.1,164.15,164.0401,164.14,6792
XOM,2026-09-01,13:38,164.15,164.19,164.13,164.19,10213
XOM,2026-09-01,13:39,164.19,164.25,164.16,164.235,17710
XOM,2026-09-01,13:40,164.22,164.275,164.22,164.23,13437
XOM,2026-09-01,13:41,164.22,164.22,164.15,164.155,7299
XOM,2026-09-01,13:42,164.11,164.16,164.09,164.145,5600
XOM,2026-09-01,13:43,164.145,164.15,164.0901,164.11,5880
XOM,2026-09-01,13:44,164.1,164.1,164.06,164.08,9119
XOM,2026-09-01,13:45,164.0673,164.098,164.05,164.06,15104
XOM,2026-09-01,13:46,164.09,164.1,164.07,164.085,4834
XOM,2026-09-01,13:47,164.08,164.12,164.08,164.1156,7336
XOM,2026-09-01,13:48,164.1,164.235,164.08,164.235,9174
XOM,2026-09-01,13:49,164.24,164.24,164.13,164.16,7995
XOM,2026-09-01,13:50,164.175,164.28,164.175,164.21,16764
XOM,2026-09-01,13:51,164.2225,164.26,164.175,164.25,9670
XOM,2026-09-01,13:52,164.245,164.25,164.21,164.23,7843
XOM,2026-09-01,13:53,164.24,164.29,164.22,164.25,10998
XOM,2026-09-01,13:54,164.25,164.2799,164.2,164.2,8155
XOM,2026-09-01,13:55,164.18,164.19,164.15,164.165,16553
XOM,2026-09-01,13:56,164.165,164.1999,164.16,164.185,9796
XOM,2026-09-01,13:57,164.1875,164.1875,164.1,164.13,13944
XOM,2026-09-01,13:58,164.135,164.205,164.095,164.095,13337
XOM,2026-09-01,13:59,164.09,164.14,164.06,164.09,10958
XOM,2026-09-01,14:00,164.0848,164.145,164.05,164.125,26220
XOM,2026-09-01,14:01,164.1,164.1,164.04,164.09,11833
XOM,2026-09-01,14:02,164.109,164.16,164.109,164.125,11619
XOM,2026-09-01,14:03,164.14,164.185,164.12,164.13,10682
XOM,2026-09-01,14:04,164.155,164.155,164.04,164.045,12172
XOM,2026-09-01,14:05,164.04,164.175,164.04,164.175,10547
XOM,2026-09-01,14:06,164.18,164.2,164.14,164.155,9748
XOM,2026-09-01,14:07,164.17,164.17,164.06,164.06,7542
XOM,2026-09-01,14:08,164.065,164.2,164.05,164.125,13589
XOM,2026-09-01,14:09,164.1001,164.13,164.06,164.06,10625
XOM,2026-09-01,14:10,164.075,164.11,164.035,164.11,11263
XOM,2026-09-01,14:11,164.11,164.1361,164.08,164.09,7707
XOM,2026-09-01,14:12,164.1,164.1,164.03,164.05,8260
XOM,2026-09-01,14:13,164.07,164.1049,164.07,164.08,8278
XOM,2026-09-01,14:14,164.04,164.135,164.03,164.135,5772
XOM,2026-09-01,14:15,164.1351,164.15,164.06,164.06,6937
XOM,2026-09-01,14:16,164.095,164.25,164.095,164.25,8342
XOM,2026-09-01,14:17,164.24,164.27,164.2,164.21,15523
XOM,2026-09-01,14:18,164.21,164.2452,164.19,164.21,15485
XOM,2026-09-01,14:19,164.22,164.25,164.16,164.19,9942
XOM,2026-09-01,14:20,164.18,164.185,164.14,164.1686,22418
XOM,2026-09-01,14:21,164.15,164.18,164.125,164.17,7722
XOM,2026-09-01,14:22,164.17,164.1807,164.04,164.04,13712
XOM,2026-09-01,14:23,164.045,164.07,163.97,163.97,11065
XOM,2026-09-01,14:24,163.97,163.99,163.905,163.905,26191
XOM,2026-09-01,14:25,163.915,163.94,163.905,163.905,7151
XOM,2026-09-01,14:26,163.93,164.135,163.9,164.135,46657
XOM,2026-09-01,14:27,164.158,164.22,164.11,164.195,18545
XOM,2026-09-01,14:28,164.23,164.34,164.22,164.305,20991
XOM,2026-09-01,14:29,164.31,164.31,164.2696,164.29,12213
XOM,2026-09-01,14:30,164.29,164.365,164.26,164.3063,23450
XOM,2026-09-01,14:31,164.3,164.43,164.225,164.35,25323
XOM,2026-09-01,14:32,164.355,164.375,164.32,164.33,10312
XOM,2026-09-01,14:33,164.335,164.39,164.31,164.3899,26113
XOM,2026-09-01,14:34,164.36,164.4502,164.36,164.43,11221
XOM,2026-09-01,14:35,164.445,164.4901,164.42,164.47,18384
XOM,2026-09-01,14:36,164.49,164.64,164.48,164.625,86171
XOM,2026-09-01,14:37,164.625,164.63,164.575,164.605,12342
XOM,2026-09-01,14:38,164.61,164.66,164.5901,164.61,12627
XOM,2026-09-01,14:39,164.61,164.61,164.435,164.435,37587
XOM,2026-09-01,14:40,164.43,164.4964,164.43,164.4964,7888
XOM,2026-09-01,14:41,164.495,164.6,164.48,164.57,10052
XOM,2026-09-01,14:42,164.56,164.57,164.41,164.47,22713
XOM,2026-09-01,14:43,164.46,164.54,164.46,164.51,15783
XOM,2026-09-01,14:44,164.51,164.51,164.455,164.478,15345
XOM,2026-09-01,14:45,164.468,164.4928,164.44,164.47,8476
XOM,2026-09-01,14:46,164.4856,164.52,164.43,164.49,13839
XOM,2026-09-01,14:47,164.515,164.545,164.5,164.51,8859
XOM,2026-09-01,14:48,164.525,164.53,164.4851,164.505,7123
XOM,2026-09-01,14:49,164.49,164.4991,164.3204,164.34,37877
XOM,2026-09-01,14:50,164.32,164.33,164.18,164.3265,24851
XOM,2026-09-01,14:51,164.321,164.37,164.32,164.37,12063
XOM,2026-09-01,14:52,164.3401,164.37,164.335,164.3478,7650
XOM,2026-09-01,14:53,164.36,164.42,164.32,164.4,10966
XOM,2026-09-01,14:54,164.395,164.41,164.38,164.41,5321
XOM,2026-09-01,14:55,164.415,164.415,164.33,164.34,7463
XOM,2026-09-01,14:56,164.37,164.47,164.37,164.47,8731
XOM,2026-09-01,14:57,164.48,164.5299,164.465,164.5299,8519
XOM,2026-09-01,14:58,164.52,164.53,164.45,164.475,14624
XOM,2026-09-01,14:59,164.455,164.495,164.45,164.47,12074
XOM,2026-09-01,15:00,164.485,164.53,164.48,164.53,20325
XOM,2026-09-01,15:01,164.53,164.5591,164.51,164.545,12811
XOM,2026-09-01,15:02,164.51,164.54,164.46,164.532,7731
XOM,2026-09-01,15:03,164.51,164.6,164.51,164.5998,12453
XOM,2026-09-01,15:04,164.6,164.6,164.55,164.6,7453
XOM,2026-09-01,15:05,164.59,164.6027,164.46,164.52,17606
XOM,2026-09-01,15:06,164.53,164.55,164.47,164.47,12204
XOM,2026-09-01,15:07,164.44,164.44,164.3816,164.43,18238
XOM,2026-09-01,15:08,164.435,164.45,164.405,164.45,18705
XOM,2026-09-01,15:09,164.46,164.5,164.42,164.44,13660
XOM,2026-09-01,15:10,164.46,164.495,164.46,164.49,11479
XOM,2026-09-01,15:11,164.48,164.53,164.48,164.48,20637
XOM,2026-09-01,15:12,164.48,164.5078,164.48,164.5078,6130
XOM,2026-09-01,15:13,164.5,164.51,164.46,164.49,10903
XOM,2026-09-01,15:14,164.4801,164.54,164.45,164.48,16395
XOM,2026-09-01,15:15,164.4458,164.4458,164.37,164.39,10714
XOM,2026-09-01,15:16,164.41,164.45,164.41,164.42,15671
XOM,2026-09-01,15:17,164.45,164.49,164.45,164.47,11896
XOM,2026-09-01,15:18,164.47,164.47,164.38,164.42,15038
XOM,2026-09-01,15:19,164.42,164.545,164.42,164.53,17072
XOM,2026-09-01,15:20,164.5447,164.56,164.47,164.48,22136
XOM,2026-09-01,15:21,164.455,164.545,164.4499,164.545,13977
XOM,2026-09-01,15:22,164.535,164.58,164.53,164.565,14308
XOM,2026-09-01,15:23,164.565,164.7,164.56,164.68,27083
XOM,2026-09-01,15:24,164.6601,164.69,164.65,164.66,23105
XOM,2026-09-01,15:25,164.63,164.652,164.525,164.585,27429
XOM,2026-09-01,15:26,164.59,164.61,164.54,164.555,16373
XOM,2026-09-01,15:27,164.5406,164.5406,164.46,164.485,32443
XOM,2026-09-01,15:28,164.471,164.565,164.45,164.56,52393
XOM,2026-09-01,15:29,164.55,164.6,164.51,164.54,31892
XOM,2026-09-01,15:30,164.54,164.575,164.5,164.52,21163
XOM,2026-09-01,15:31,164.54,164.7,164.53,164.68,35082
XOM,2026-09-01,15:32,164.69,164.69,164.52,164.53,26189
XOM,2026-09-01,15:33,164.51,164.51,164.33,164.335,29585
XOM,2026-09-01,15:34,164.33,164.44,164.29,164.42,27727
XOM,2026-09-01,15:35,164.385,164.385,164.24,164.31,19799
XOM,2026-09-01,15:36,164.3,164.31,164.22,164.29,14701
XOM,2026-09-01,15:37,164.29,164.345,164.24,164.3,12450
XOM,2026-09-01,15:38,164.35,164.36,164.265,164.265,16456
XOM,2026-09-01,15:39,164.275,164.34,164.275,164.29,20547
XOM,2026-09-01,15:40,164.27,164.3125,164.21,164.31,38301
XOM,2026-09-01,15:41,164.31,164.33,164.26,164.28,29738
XOM,2026-09-01,15:42,164.2809,164.34,164.275,164.33,18151
XOM,2026-09-01,15:43,164.34,164.38,164.32,164.36,37231
XOM,2026-09-01,15:44,164.38,164.44,164.3225,164.415,21691
XOM,2026-09-01,15:45,164.415,164.43,164.33,164.38,21769
XOM,2026-09-01,15:46,164.385,164.385,164.18,164.315,55233
XOM,2026-09-01,15:47,164.31,164.39,164.3,164.375,22006
XOM,2026-09-01,15:48,164.375,164.45,164.295,164.3,51453
XOM,2026-09-01,15:49,164.3,164.33,164.24,164.27,27806
XOM,2026-09-01,15:50,164.32,164.4,164.22,164.325,42722
XOM,2026-09-01,15:51,164.325,164.5,164.325,164.44,48903
XOM,2026-09-01,15:52,164.425,164.535,164.41,164.5301,39445
XOM,2026-09-01,15:53,164.53,164.62,164.47,164.62,70954
XOM,2026-09-01,15:54,164.65,164.66,164.54,164.54,36783
XOM,2026-09-01,15:55,164.56,164.57,164.47,164.5,51409
XOM,2026-09-01,15:56,164.52,164.637,164.52,164.56,71177
XOM,2026-09-01,15:57,164.57,164.67,164.44,164.47,119030
XOM,2026-09-01,15:58,164.48,164.58,164.45,164.57,114512
XOM,2026-09-01,15:59,164.59,164.6,164.42,164.57,816478
XOM,2026-09-02,09:30,163.93,163.93,163.73,163.73,82217
XOM,2026-09-02,09:31,163.9,163.9,163.595,163.85,4182
XOM,2026-09-02,09:32,163.88,164.16,163.6179,164.16,169290
XOM,2026-09-02,09:33,164.13,164.16,163.73,164.09,51523
XOM,2026-09-02,09:34,164.03,164.09,163.87,163.9155,13782
XOM,2026-09-02,09:35,163.935,164.1,163.74,163.92,17658
XOM,2026-09-02,09:36,163.97,164.4,163.97,164.3,38866
XOM,2026-09-02,09:37,164.35,164.64,164.28,164.64,34453
XOM,2026-09-02,09:38,164.65,164.7699,164.49,164.52,41496
XOM,2026-09-02,09:39,164.47,164.531,164.02,164.07,33662
XOM,2026-09-02,09:40,164.0762,164.19,163.905,163.92,25830
XOM,2026-09-02,09:41,163.95,163.95,163.72,163.8,31298
XOM,2026-09-02,09:42,163.795,163.875,163.535,163.57,24596
XOM,2026-09-02,09:43,163.53,163.6,163.05,163.2086,64762
XOM,2026-09-02,09:44,163.195,163.4,163.18,163.4,17222
XOM,2026-09-02,09:45,163.41,163.52,163.1,163.195,36877
XOM,2026-09-02,09:46,163.1801,163.28,163.0601,163.14,23076
XOM,2026-09-02,09:47,163.1,163.1899,162.94,162.965,22100
XOM,2026-09-02,09:48,162.965,163.1,162.955,163.07,13026
XOM,2026-09-02,09:49,163.01,163.09,162.94,162.94,20065
XOM,2026-09-02,09:50,162.92,163.03,162.81,163.01,21482
XOM,2026-09-02,09:51,163.015,163.04,162.82,162.96,18614
XOM,2026-09-02,09:52,162.9,163.1075,162.9,163.08,29649
XOM,2026-09-02,09:53,163.1,163.21,163.06,163.1752,34121
XOM,2026-09-02,09:54,163.2,163.24,163.13,163.15,26227
XOM,2026-09-02,09:55,163.08,163.14,162.91,163.01,28671
XOM,2026-09-02,09:56,163.04,163.1,162.83,162.89,21884
XOM,2026-09-02,09:57,162.9182,162.99,162.865,162.975,18784
XOM,2026-09-02,09:58,163,163.1,162.955,163,14072
XOM,2026-09-02,09:59,163.01,163.05,162.8201,162.89,15801
XOM,2026-09-02,10:00,162.82,163.095,162.77,163.095,26707
XOM,2026-09-02,10:01,163.09,163.44,163.09,163.44,20002
XOM,2026-09-02,10:02,163.48,163.553,163.42,163.44,16758
XOM,2026-09-02,10:03,163.46,163.55,163.335,163.335,20877
XOM,2026-09-02,10:04,163.315,163.36,163.27,163.335,13059
XOM,2026-09-02,10:05,163.29,163.32,163.15,163.16,11998
XOM,2026-09-02,10:06,163.15,163.195,162.95,163.0423,25813
XOM,2026-09-02,10:07,162.99,163.07,162.98,163.01,8164
XOM,2026-09-02,10:08,163.01,163.11,162.9805,163.11,25415
XOM,2026-09-02,10:09,163.1,163.21,163.05,163.15,14983
XOM,2026-09-02,10:10,163.16,163.195,163.07,163.145,17643
XOM,2026-09-02,10:11,163.1,163.115,163.06,163.115,7427
XOM,2026-09-02,10:12,163.115,163.14,162.97,163.11,22318
XOM,2026-09-02,10:13,163.075,163.225,163.075,163.205,18137
XOM,2026-09-02,10:14,163.205,163.21,163.07,163.17,16425
XOM,2026-09-02,10:15,163.165,163.215,163.0608,163.09,9116
XOM,2026-09-02,10:16,163.09,163.12,162.97,163.029,23650
XOM,2026-09-02,10:17,163.04,163.0599,162.97,163.02,9849
XOM,2026-09-02,10:18,163.015,163.04,162.965,163.005,8209
XOM,2026-09-02,10:19,163.03,163.125,162.97,163.04,26030
XOM,2026-09-02,10:20,162.97,162.975,162.88,162.94,33073
XOM,2026-09-02,10:21,162.92,163,162.88,162.89,8532
XOM,2026-09-02,10:22,162.89,162.95,162.76,162.93,23930
XOM,2026-09-02,10:23,162.95,162.985,162.9,162.97,10333
XOM,2026-09-02,10:24,163,163.16,163,163.13,13165
XOM,2026-09-02,10:25,163.15,163.18,163.1,163.12,12755
XOM,2026-09-02,10:26,163.14,163.38,163.13,163.38,18121
XOM,2026-09-02,10:27,163.365,163.38,163.245,163.28,14462
XOM,2026-09-02,10:28,163.26,163.27,163.11,163.12,13190
XOM,2026-09-02,10:29,163.11,163.115,163.04,163.115,530538
XOM,2026-09-02,10:30,163.14,163.21,163.08,163.21,43119
XOM,2026-09-02,10:31,163.18,163.2154,163.16,163.16,8154
XOM,2026-09-02,10:32,163.16,163.25,163.11,163.18,17899
XOM,2026-09-02,10:33,163.19,163.2,163.04,163.04,10999
XOM,2026-09-02,10:34,163.05,163.26,163.04,163.26,14208
XOM,2026-09-02,10:35,163.26,163.26,163.0901,163.1001,12190
XOM,2026-09-02,10:36,163.1,163.14,163.0135,163.0135,20831
XOM,2026-09-02,10:37,163.04,163.165,163,163.165,14214
XOM,2026-09-02,10:38,163.15,163.2,163.06,163.18,14188
XOM,2026-09-02,10:39,163.19,163.29,163.18,163.29,15656
XOM,2026-09-02,10:40,163.31,163.35,163.22,163.3034,114770
XOM,2026-09-02,10:41,163.285,163.33,163.25,163.26,11866
XOM,2026-09-02,10:42,163.26,163.27,163.17,163.25,38699
XOM,2026-09-02,10:43,163.245,163.245,163.09,163.09,20780
XOM,2026-09-02,10:44,163.13,163.26,163.1,163.26,15147
XOM,2026-09-02,10:45,163.28,163.29,163.15,163.17,23064
XOM,2026-09-02,10:46,163.16,163.18,163.1,163.11,11750
XOM,2026-09-02,10:47,163.13,163.195,163.05,163.05,8862
XOM,2026-09-02,10:48,163.06,163.15,163.06,163.1,9745
XOM,2026-09-02,10:49,163.085,163.2,163.08,163.155,12709
XOM,2026-09-02,10:50,163.155,163.29,163.13,163.29,115182
XOM,2026-09-02,10:51,163.32,163.41,163.32,163.41,16248
XOM,2026-09-02,10:52,163.385,163.51,163.385,163.49,10557
XOM,2026-09-02,10:53,163.51,163.52,163.43,163.44,15681
XOM,2026-09-02,10:54,163.42,163.49,163.3,163.45,44778
XOM,2026-09-02,10:55,163.43,163.43,163.2478,163.35,24312
XOM,2026-09-02,10:56,163.34,163.37,163.275,163.345,8565
XOM,2026-09-02,10:57,163.335,163.345,163.21,163.21,10844
XOM,2026-09-02,10:58,163.21,163.32,163.205,163.275,18938
XOM,2026-09-02,10:59,163.29,163.43,163.29,163.37,13100
XOM,2026-09-02,11:00,163.4,163.45,163.34,163.3675,13176
XOM,2026-09-02,11:01,163.36,163.4,163.28,163.29,9414
XOM,2026-09-02,11:02,163.31,163.37,163.285,163.35,10948
XOM,2026-09-02,11:03,163.35,163.39,163.3333,163.39,4817
XOM,2026-09-02,11:04,163.36,163.36,163.25,163.305,25850
XOM,2026-09-02,11:05,163.31,163.38,163.29,163.36,10437
XOM,2026-09-02,11:06,163.35,163.35,163.21,163.25,8522
XOM,2026-09-02,11:07,163.24,163.34,163.2,163.33,10989
XOM,2026-09-02,11:08,163.33,163.43,163.26,163.43,11335
XOM,2026-09-02,11:09,163.41,163.51,163.33,163.33,13361
XOM,2026-09-02,11:10,163.345,163.4,163.275,163.39,21903
XOM,2026-09-02,11:11,163.36,163.39,163.3271,163.33,9162
XOM,2026-09-02,11:12,163.32,163.33,163.13,163.25,27870
XOM,2026-09-02,11:13,163.215,163.24,163.14,163.175,12082
XOM,2026-09-02,11:14,163.19,163.25,163.135,163.17,11311
XOM,2026-09-02,11:15,163.14,163.17,163.09,163.12,11877
XOM,2026-09-02,11:16,163.13,163.13,163.06,163.095,10673
XOM,2026-09-02,11:17,163.12,163.19,163.08,163.122,9861
XOM,2026-09-02,11:18,163.09,163.2,163.09,163.11,18932
XOM,2026-09-02,11:19,163.09,163.1,162.97,163.06,16783
XOM,2026-09-02,11:20,163.04,163.14,162.96,163.11,13927
XOM,2026-09-02,11:21,163.1,163.13,163.04,163.075,23462
XOM,2026-09-02,11:22,163.06,163.11,162.98,163.01,14118
XOM,2026-09-02,11:23,162.98,163.05,162.98,163.03,13514
XOM,2026-09-02,11:24,163.06,163.15,162.93,162.995,17968
XOM,2026-09-02,11:25,162.99,163,162.8673,162.945,10137
XOM,2026-09-02,11:26,162.945,163.0247,162.9413,163.005,10185
XOM,2026-09-02,11:27,163.005,163.005,162.93,162.97,8347
XOM,2026-09-02,11:28,162.92,163.01,162.8817,162.97,15087
XOM,2026-09-02,11:29,162.96,163.1,162.9301,163.045,17443
XOM,2026-09-02,11:30,163.045,163.06,162.985,163.04,9948
XOM,2026-09-02,11:31,163.0586,163.12,163.02,163.055,11999
XOM,2026-09-02,11:32,163.04,163.09,162.98,163.01,8062
XOM,2026-09-02,11:33,163.02,163.15,163.01,163.145,13035
XOM,2026-09-02,11:34,163.085,163.12,163.02,163.095,21130
XOM,2026-09-02,11:35,163.11,163.1999,163.09,163.18,14718
XOM,2026-09-02,11:36,163.195,163.3,163.18,163.26,27743
XOM,2026-09-02,11:37,163.25,163.315,163.2,163.315,10935
XOM,2026-09-02,11:38,163.315,163.45,163.315,163.41,13723
XOM,2026-09-02,11:39,163.37,163.51,163.37,163.385,21729
XOM,2026-09-02,11:40,163.41,163.48,163.395,163.47,11810
XOM,2026-09-02,11:41,163.475,163.485,163.41,163.45,12858
XOM,2026-09-02,11:42,163.37,163.45,163.35,163.43,23758
XOM,2026-09-02,11:43,163.47,163.48,163.39,163.39,6709
XOM,2026-09-02,11:44,163.39,163.41,163.31,163.38,11917
XOM,2026-09-02,11:45,163.37,163.38,163.32,163.34,7981
XOM,2026-09-02,11:46,163.345,163.45,163.3,163.45,17658
XOM,2026-09-02,11:47,163.435,163.48,163.2645,163.286,20191
XOM,2026-09-02,11:48,163.31,163.33,163.295,163.31,5843
XOM,2026-09-02,11:49,163.31,163.31,163.21,163.26,8374
XOM,2026-09-02,11:50,163.26,163.4,163.26,163.39,16551
XOM,2026-09-02,11:51,163.41,163.445,163.32,163.33,13503
XOM,2026-09-02,11:52,163.31,163.35,163.29,163.34,16548
XOM,2026-09-02,11:53,163.26,163.29,163.22,163.25,5149
XOM,2026-09-02,11:54,163.25,163.25,163.11,163.11,12603
XOM,2026-09-02,11:55,163.075,163.1,163.0163,163.07,10997
XOM,2026-09-02,11:56,163.07,163.17,163.065,163.145,10010
XOM,2026-09-02,11:57,163.14,163.155,163.09,163.13,6044
XOM,2026-09-02,11:58,163.105,163.13,163.07,163.11,7938
XOM,2026-09-02,11:59,163.13,163.18,163.12,163.125,18381
XOM,2026-09-02,12:00,163.125,163.13,163.04,163.08,18572
XOM,2026-09-02,12:01,163.07,163.17,163.07,163.085,8371
XOM,2026-09-02,12:02,163.08,163.14,163.04,163.1301,8533
XOM,2026-09-02,12:03,163.14,163.18,163.125,163.15,8938
XOM,2026-09-02,12:04,163.14,163.205,163.09,163.14,13173
XOM,2026-09-02,12:05,163.135,163.2,163.135,163.19,12198
XOM,2026-09-02,12:06,163.18,163.18,163.14,163.14,6047
XOM,2026-09-02,12:07,163.12,163.2,163.12,163.2,6983
XOM,2026-09-02,12:08,163.215,163.2828,163.175,163.2828,12934
XOM,2026-09-02,12:09,163.27,163.29,163.21,163.21,10586
XOM,2026-09-02,12:10,163.2,163.28,163.14,163.25,11823
XOM,2026-09-02,12:11,163.2259,163.2259,163.07,163.11,27688
XOM,2026-09-02,12:12,163.09,163.1,163.07,163.075,3562
XOM,2026-09-02,12:13,163.08,163.1,163.07,163.085,9871
XOM,2026-09-02,12:14,163.09,163.115,163.075,163.075,9912
XOM,2026-09-02,12:15,163.07,163.09,163,163.085,29760
XOM,2026-09-02,12:16,163.1,163.14,163.08,163.13,9135
XOM,2026-09-02,12:17,163.15,163.23,163.135,163.23,7590
XOM,2026-09-02,12:18,163.25,163.27,163.2,163.2,10029
XOM,2026-09-02,12:19,163.21,163.235,163.18,163.22,8900
XOM,2026-09-02,12:20,163.25,163.275,163.21,163.2251,7432
XOM,2026-09-02,12:21,163.23,163.28,163.205,163.27,5933
XOM,2026-09-02,12:22,163.27,163.29,163.255,163.255,7761
XOM,2026-09-02,12:23,163.27,163.3097,163.24,163.26,8956
XOM,2026-09-02,12:24,163.28,163.37,163.23,163.26,11163
XOM,2026-09-02,12:25,163.23,163.23,163.2,163.23,9023
XOM,2026-09-02,12:26,163.215,163.24,163.17,163.24,10637
XOM,2026-09-02,12:27,163.24,163.285,163.235,163.28,9649
XOM,2026-09-02,12:28,163.28,163.28,163.19,163.2,13498
XOM,2026-09-02,12:29,163.21,163.28,163.1601,163.23,13872
XOM,2026-09-02,12:30,163.22,163.23,163.17,163.19,8594
XOM,2026-09-02,12:31,163.1803,163.22,163.125,163.1624,14645
XOM,2026-09-02,12:32,163.15,163.23,163.15,163.2,7259
XOM,2026-09-02,12:33,163.16,163.2,163.1015,163.1015,6866
XOM,2026-09-02,12:34,163.14,163.2,163.07,163.18,18004
XOM,2026-09-02,12:35,163.2,163.22,163.1496,163.17,3397
XOM,2026-09-02,12:36,163.12,163.18,163.08,163.18,9330
XOM,2026-09-02,12:37,163.188,163.22,163.17,163.17,4176
XOM,2026-09-02,12:38,163.16,163.2097,163.16,163.2,5267
XOM,2026-09-02,12:39,163.1701,163.2,163.1701,163.2,7237
XOM,2026-09-02,12:40,163.21,163.22,163.135,163.205,10269
XOM,2026-09-02,12:41,163.21,163.27,163.2,163.2399,8592
XOM,2026-09-02,12:42,163.22,163.29,163.205,163.29,9513
XOM,2026-09-02,12:43,163.28,163.3,163.27,163.27,6712
XOM,2026-09-02,12:44,163.28,163.34,163.26,163.33,13765
XOM,2026-09-02,12:45,163.31,163.31,163.23,163.23,8397
XOM,2026-09-02,12:46,163.225,163.255,163.22,163.22,9295
XOM,2026-09-02,12:47,163.18,163.23,163.18,163.21,7757
XOM,2026-09-02,12:48,163.21,163.26,163.21,163.22,7805
XOM,2026-09-02,12:49,163.22,163.22,163.13,163.14,7619
XOM,2026-09-02,12:50,163.13,163.17,163.085,163.085,9465
XOM,2026-09-02,12:51,163.09,163.11,163.06,163.09,7529
XOM,2026-09-02,12:52,163.08,163.08,163.03,163.08,18136
XOM,2026-09-02,12:53,163.09,163.115,163.035,163.11,9055
XOM,2026-09-02,12:54,163.05,163.07,162.98,163.0472,14807
XOM,2026-09-02,12:55,163.07,163.11,163.04,163.07,6097
XOM,2026-09-02,12:56,163.0704,163.0704,163,163.04,25242
XOM,2026-09-02,12:57,163.05,163.05,162.98,163.04,11177
XOM,2026-09-02,12:58,163.06,163.08,163.0301,163.07,6229
XOM,2026-09-02,12:59,163.06,163.09,163.055,163.075,4503
XOM,2026-09-02,13:00,163.06,163.075,163.03,163.05,11079
XOM,2026-09-02,13:01,163.07,163.13,163.06,163.07,9426
XOM,2026-09-02,13:02,163.08,163.0945,163.06,163.0945,9976
XOM,2026-09-02,13:03,163.09,163.125,163.07,163.09,4982
XOM,2026-09-02,13:04,163.07,163.16,163.06,163.12,10278
XOM,2026-09-02,13:05,163.12,163.16,163.1,163.15,10599
XOM,2026-09-02,13:06,163.145,163.24,163.14,163.23,6669
XOM,2026-09-02,13:07,163.22,163.3084,163.2,163.27,12354
XOM,2026-09-02,13:08,163.27,163.29,163.26,163.27,8925
XOM,2026-09-02,13:09,163.26,163.3399,163.22,163.31,44011
XOM,2026-09-02,13:10,163.31,163.31,163.23,163.24,13501
XOM,2026-09-02,13:11,163.25,163.25,163.2,163.2,11029
XOM,2026-09-02,13:12,163.2,163.28,163.2,163.26,7866
XOM,2026-09-02,13:13,163.2599,163.32,163.2,163.29,6306
XOM,2026-09-02,13:14,163.2999,163.35,163.2999,163.315,10759
XOM,2026-09-02,13:15,163.29,163.33,163.29,163.33,5311
XOM,2026-09-02,13:16,163.31,163.34,163.3,163.33,7009
XOM,2026-09-02,13:17,163.325,163.34,163.31,163.3255,6978
XOM,2026-09-02,13:18,163.31,163.33,163.285,163.33,11142
XOM,2026-09-02,13:19,163.34,163.36,163.2571,163.2571,7671
XOM,2026-09-02,13:20,163.24,163.24,163.19,163.2,17081
XOM,2026-09-02,13:21,163.21,163.24,163.205,163.23,11987
XOM,2026-09-02,13:22,163.22,163.28,163.18,163.2595,15402
XOM,2026-09-02,13:23,163.25,163.27,163.24,163.24,5718
XOM,2026-09-02,13:24,163.22,163.29,163.22,163.2667,13057
XOM,2026-09-02,13:25,163.27,163.36,163.26,163.34,12753
XOM,2026-09-02,13:26,163.36,163.3601,163.325,163.34,6496
XOM,2026-09-02,13:27,163.3401,163.38,163.3401,163.38,7969
XOM,2026-09-02,13:28,163.38,163.39,163.36,163.36,8606
XOM,2026-09-02,13:29,163.3572,163.36,163.295,163.31,10127
XOM,2026-09-02,13:30,163.305,163.385,163.285,163.3307,13822
XOM,2026-09-02,13:31,163.345,163.4,163.3272,163.39,15732
XOM,2026-09-02,13:32,163.4,163.41,163.34,163.34,7519
XOM,2026-09-02,13:33,163.3203,163.3203,163.25,163.255,13532
XOM,2026-09-02,13:34,163.25,163.28,163.22,163.28,9472
XOM,2026-09-02,13:35,163.28,163.28,163.24,163.24,8009
XOM,2026-09-02,13:36,163.26,163.33,163.24,163.2992,11921
XOM,2026-09-02,13:37,163.2951,163.39,163.295,163.39,10416
XOM,2026-09-02,13:38,163.38,163.5,163.38,163.49,9933
XOM,2026-09-02,13:39,163.47,163.53,163.45,163.51,12172
XOM,2026-09-02,13:40,163.515,163.61,163.5,163.595,11705
XOM,2026-09-02,13:41,163.66,163.775,163.66,163.75,18596
XOM,2026-09-02,13:42,163.7551,163.79,163.74,163.785,9870
XOM,2026-09-02,13:43,163.78,163.83,163.76,163.78,21815
XOM,2026-09-02,13:44,163.78,163.9013,163.78,163.81,45836
XOM,2026-09-02,13:45,163.81,163.875,163.78,163.86,8318
XOM,2026-09-02,13:46,163.87,163.87,163.81,163.85,7399
XOM,2026-09-02,13:47,163.845,163.88,163.8,163.82,13889
XOM,2026-09-02,13:48,163.8,163.84,163.75,163.75,14910
XOM,2026-09-02,13:49,163.74,163.76,163.7,163.7,11644
XOM,2026-09-02,13:50,163.71,163.71,163.66,163.66,7348
XOM,2026-09-02,13:51,163.67,163.69,163.66,163.68,6615
XOM,2026-09-02,13:52,163.665,163.665,163.645,163.655,6115
XOM,2026-09-02,13:53,163.65,163.67,163.585,163.65,27850
XOM,2026-09-02,13:54,163.65,163.68,163.64,163.67,10176
XOM,2026-09-02,13:55,163.67,163.69,163.551,163.59,14441
XOM,2026-09-02,13:56,163.62,163.67,163.59,163.63,16466
XOM,2026-09-02,13:57,163.62,163.62,163.52,163.53,8960
XOM,2026-09-02,13:58,163.54,163.625,163.54,163.605,8230
XOM,2026-09-02,13:59,163.59,163.65,163.59,163.64,7052
XOM,2026-09-02,14:00,163.655,163.81,163.655,163.8,12095
XOM,2026-09-02,14:01,163.795,163.83,163.77,163.8003,11984
XOM,2026-09-02,14:02,163.8,163.85,163.78,163.8001,28893
XOM,2026-09-02,14:03,163.8201,163.8999,163.82,163.8901,11862
XOM,2026-09-02,14:04,163.9,163.925,163.85,163.85,9848
XOM,2026-09-02,14:05,163.87,163.91,163.87,163.9,6699
XOM,2026-09-02,14:06,163.91,164.0656,163.89,164.0656,44058
XOM,2026-09-02,14:07,164.04,164.09,164.01,164.09,16248
XOM,2026-09-02,14:08,164.08,164.125,163.9744,164.1,46808
XOM,2026-09-02,14:09,164.1001,164.101,163.9771,163.99,10491
XOM,2026-09-02,14:10,163.975,164,163.93,163.97,15886
XOM,2026-09-02,14:11,163.99,164.045,163.99,164.03,9539
XOM,2026-09-02,14:12,164.05,164.09,164.05,164.09,3701
XOM,2026-09-02,14:13,164.085,164.09,163.9201,163.9201,15804
XOM,2026-09-02,14:14,163.94,163.985,163.92,163.985,11735
XOM,2026-09-02,14:15,163.985,164.03,163.98,164.01,8415
XOM,2026-09-02,14:16,164.01,164.02,163.98,163.99,7756
XOM,2026-09-02,14:17,163.99,163.99,163.94,163.97,4719
XOM,2026-09-02,14:18,163.9601,163.97,163.67,163.74,63107
XOM,2026-09-02,14:19,163.76,163.77,163.705,163.77,12204
XOM,2026-09-02,14:20,163.78,163.92,163.78,163.905,12835
XOM,2026-09-02,14:21,163.91,164.01,163.87,164,9841
XOM,2026-09-02,14:22,164,164.03,163.95,163.98,18846
XOM,2026-09-02,14:23,163.98,164.04,163.96,163.96,7835
XOM,2026-09-02,14:24,163.95,163.95,163.9,163.93,13462
XOM,2026-09-02,14:25,163.9187,163.945,163.89,163.94,6168
XOM,2026-09-02,14:26,163.92,163.925,163.875,163.88,3877
XOM,2026-09-02,14:27,163.9,163.975,163.8661,163.94,11013
XOM,2026-09-02,14:28,163.9551,164.01,163.945,163.97,15950
XOM,2026-09-02,14:29,163.98,164.01,163.9477,163.95,12867
XOM,2026-09-02,14:30,163.96,163.995,163.96,163.99,10119
XOM,2026-09-02,14:31,163.97,163.97,163.89,163.89,12928
XOM,2026-09-02,14:32,163.89,163.92,163.89,163.92,4918
XOM,2026-09-02,14:33,163.9,163.97,163.9,163.96,6324
XOM,2026-09-02,14:34,163.955,163.955,163.9,163.9,5857
XOM,2026-09-02,14:35,163.86,163.91,163.84,163.9,9767
XOM,2026-09-02,14:36,163.92,163.965,163.92,163.935,4750
XOM,2026-09-02,14:37,163.93,163.94,163.93,163.93,13862
XOM,2026-09-02,14:38,163.92,163.92,163.89,163.89,5263
XOM,2026-09-02,14:39,163.89,163.8901,163.855,163.86,7844
XOM,2026-09-02,14:40,163.85,163.875,163.82,163.85,8260
XOM,2026-09-02,14:41,163.86,163.86,163.8,163.8,9294
XOM,2026-09-02,14:42,163.82,163.835,163.795,163.8,6193
XOM,2026-09-02,14:43,163.81,163.87,163.8,163.83,13175
XOM,2026-09-02,14:44,163.83,163.9199,163.83,163.83,33497
XOM,2026-09-02,14:45,163.83,163.8551,163.82,163.84,16326
XOM,2026-09-02,14:46,163.801,163.85,163.801,163.835,10557
XOM,2026-09-02,14:47,163.82,163.88,163.801,163.88,12188
XOM,2026-09-02,14:48,163.88,163.88,163.865,163.87,4947
XOM,2026-09-02,14:49,163.88,163.9,163.84,163.84,9962
XOM,2026-09-02,14:50,163.85,163.85,163.78,163.78,11206
XOM,2026-09-02,14:51,163.78,163.895,163.77,163.88,12949
XOM,2026-09-02,14:52,163.89,163.93,163.88,163.92,5394
XOM,2026-09-02,14:53,163.9205,163.99,163.89,163.99,9311
XOM,2026-09-02,14:54,163.99,164.01,163.99,164.01,7776
XOM,2026-09-02,14:55,164.02,164.03,163.97,164.01,17066
XOM,2026-09-02,14:56,163.99,164,163.965,163.99,6028
XOM,2026-09-02,14:57,163.99,163.99,163.94,163.94,12102
XOM,2026-09-02,14:58,163.93,163.93,163.87,163.88,6362
XOM,2026-09-02,14:59,163.88,163.93,163.86,163.93,9215
XOM,2026-09-02,15:00,163.925,163.96,163.875,163.96,24491
XOM,2026-09-02,15:01,163.97,163.97,163.91,163.91,22681
XOM,2026-09-02,15:02,163.94,164.01,163.905,163.95,9446
XOM,2026-09-02,15:03,163.9841,164.13,163.95,164.1,240713
XOM,2026-09-02,15:04,164.13,164.21,164.1001,164.17,11647
XOM,2026-09-02,15:05,164.175,164.22,164.15,164.22,9197
XOM,2026-09-02,15:06,164.2,164.27,164.19,164.23,11840
XOM,2026-09-02,15:07,164.24,164.285,164.15,164.265,29499
XOM,2026-09-02,15:08,164.2988,164.355,164.29,164.32,11391
XOM,2026-09-02,15:09,164.3,164.37,164.24,164.26,11861
XOM,2026-09-02,15:10,164.245,164.365,164.24,164.365,7285
XOM,2026-09-02,15:11,164.3783,164.4,164.35,164.39,6207
XOM,2026-09-02,15:12,164.38,164.385,164.28,164.28,15259
XOM,2026-09-02,15:13,164.31,164.405,164.3,164.405,13239
XOM,2026-09-02,15:14,164.39,164.52,164.39,164.48,20238
XOM,2026-09-02,15:15,164.46,164.49,164.44,164.4501,16137
XOM,2026-09-02,15:16,164.48,164.49,164.41,164.415,13137
XOM,2026-09-02,15:17,164.4,164.42,164.38,164.38,8045
XOM,2026-09-02,15:18,164.38,164.3899,164.35,164.35,9690
XOM,2026-09-02,15:19,164.35,164.45,164.34,164.45,13273
XOM,2026-09-02,15:20,164.45,164.45,164.35,164.41,15421
XOM,2026-09-02,15:21,164.4,164.49,164.395,164.485,7238
XOM,2026-09-02,15:22,164.495,164.58,164.46,164.55,16761
XOM,2026-09-02,15:23,164.56,164.63,164.54,164.58,11015
XOM,2026-09-02,15:24,164.6,164.66,164.545,164.66,32244
XOM,2026-09-02,15:25,164.63,164.6997,164.5999,164.665,26747
XOM,2026-09-02,15:26,164.68,164.72,164.64,164.69,22035
XOM,2026-09-02,15:27,164.65,164.75,164.62,164.74,20596
XOM,2026-09-02,15:28,164.77,164.77,164.67,164.7,28267
XOM,2026-09-02,15:29,164.71,164.81,164.7051,164.76,19639
XOM,2026-09-02,15:30,164.75,164.83,164.605,164.605,66502
XOM,2026-09-02,15:31,164.6,164.78,164.52,164.67,61599
XOM,2026-09-02,15:32,164.6819,164.85,164.66,164.85,31534
XOM,2026-09-02,15:33,164.85,164.96,164.8,164.93,30336
XOM,2026-09-02,15:34,164.93,164.98,164.87,164.91,25393
XOM,2026-09-02,15:35,164.92,164.93,164.74,164.86,68821
XOM,2026-09-02,15:36,164.85,164.975,164.775,164.95,35784
XOM,2026-09-02,15:37,164.955,165.02,164.9,164.915,75823
XOM,2026-09-02,15:38,164.915,164.9188,164.82,164.84,14975
XOM,2026-09-02,15:39,164.8492,164.88,164.835,164.844,15558
XOM,2026-09-02,15:40,164.84,164.86,164.6101,164.62,33025
XOM,2026-09-02,15:41,164.65,164.66,164.58,164.6,24161
XOM,2026-09-02,15:42,164.6,164.64,164.545,164.55,25992
XOM,2026-09-02,15:43,164.54,164.54,164.37,164.38,39314
XOM,2026-09-02,15:44,164.37,164.42,164.32,164.41,43090
XOM,2026-09-02,15:45,164.4,164.43,164.316,164.38,26510
XOM,2026-09-02,15:46,164.37,164.45,164.32,164.33,19679
XOM,2026-09-02,15:47,164.335,164.39,164.185,164.23,30696
XOM,2026-09-02,15:48,164.23,164.3,164.2,164.225,60505
XOM,2026-09-02,15:49,164.2301,164.26,164.16,164.2,37090
XOM,2026-09-02,15:50,164.22,164.28,164.12,164.235,47248
XOM,2026-09-02,15:51,164.235,164.29,164.1401,164.15,37395
XOM,2026-09-02,15:52,164.16,164.19,164.05,164.07,24449
XOM,2026-09-02,15:53,164.08,164.16,164.06,164.09,33130
XOM,2026-09-02,15:54,164.08,164.17,164.04,164.16,48877
XOM,2026-09-02,15:55,164.16,164.32,164.15,164.225,64065
XOM,2026-09-02,15:56,164.21,164.23,164.08,164.22,86080
XOM,2026-09-02,15:57,164.215,164.215,164.09,164.13,89563
XOM,2026-09-02,15:58,164.13,164.26,164.11,164.23,147605
XOM,2026-09-02,15:59,164.225,164.315,164.12,164.18,279114
XOM,2026-09-03,09:30,164.43,164.43,163.94,164.06,552330
XOM,2026-09-03,09:31,164.19,164.19,164.19,164.19,620
XOM,2026-09-03,09:32,164.04,164.04,163.86,163.9,1282
XOM,2026-09-03,09:33,164.14,164.14,163.81,163.81,1161
XOM,2026-09-03,09:34,163.68,164,163.428,163.9825,153930
XOM,2026-09-03,09:35,163.975,164.24,163.81,163.895,46577
XOM,2026-09-03,09:36,164,164.79,164,164.77,35037
XOM,2026-09-03,09:37,164.78,164.8,164.385,164.385,39478
XOM,2026-09-03,09:38,164.35,164.37,164.0332,164.37,15770
XOM,2026-09-03,09:39,164.3,164.52,164.25,164.385,23184
XOM,2026-09-03,09:40,164.385,164.49,164.2713,164.3525,11768
XOM,2026-09-03,09:41,164.405,164.54,164.2301,164.45,26901
XOM,2026-09-03,09:42,164.41,164.52,164.3,164.39,17595
XOM,2026-09-03,09:43,164.28,164.32,164.06,164.07,21819
XOM,2026-09-03,09:44,164.105,164.56,164.105,164.395,11881
XOM,2026-09-03,09:45,164.45,164.77,164.44,164.67,29273
XOM,2026-09-03,09:46,164.61,164.71,164.53,164.71,14358
XOM,2026-09-03,09:47,164.8,165.07,164.8,165.05,34946
XOM,2026-09-03,09:48,165.01,165.05,164.91,164.97,14153
XOM,2026-09-03,09:49,164.995,165.1,164.81,164.82,25515
XOM,2026-09-03,09:50,164.85,164.975,164.635,164.79,22205
XOM,2026-09-03,09:51,164.82,164.82,164.455,164.455,22226
XOM,2026-09-03,09:52,164.42,164.67,164.37,164.665,13618
XOM,2026-09-03,09:53,164.67,164.785,164.65,164.785,7747
XOM,2026-09-03,09:54,164.79,164.82,164.59,164.685,17542
XOM,2026-09-03,09:55,164.685,164.795,164.63,164.74,13499
XOM,2026-09-03,09:56,164.7601,164.7601,164.632,164.74,9400
XOM,2026-09-03,09:57,164.74,164.845,164.7,164.725,10533
XOM,2026-09-03,09:58,164.71,164.71,164.56,164.595,11060
XOM,2026-09-03,09:59,164.55,164.57,164.47,164.47,12796
XOM,2026-09-03,10:00,164.43,164.705,164.4,164.56,17999
XOM,2026-09-03,10:01,164.57,164.78,164.57,164.72,23602
XOM,2026-09-03,10:02,164.72,164.72,164.4101,164.54,18206
XOM,2026-09-03,10:03,164.52,164.64,164.485,164.6,15156
XOM,2026-09-03,10:04,164.65,164.77,164.6012,164.745,11888
XOM,2026-09-03,10:05,164.73,164.73,164.58,164.665,21010
XOM,2026-09-03,10:06,164.62,164.71,164.38,164.44,17446
XOM,2026-09-03,10:07,164.48,164.54,164.32,164.37,16839
XOM,2026-09-03,10:08,164.355,164.43,164.21,164.295,32611
XOM,2026-09-03,10:09,164.32,164.32,164.19,164.27,8844
XOM,2026-09-03,10:10,164.27,164.38,164.22,164.37,7132
XOM,2026-09-03,10:11,164.385,164.51,164.31,164.495,18455
XOM,2026-09-03,10:12,164.495,164.625,164.46,164.58,14050
XOM,2026-09-03,10:13,164.58,164.6,164.32,164.4032,18893
XOM,2026-09-03,10:14,164.39,164.41,164.2973,164.39,7661
XOM,2026-09-03,10:15,164.375,164.485,164.37,164.41,31490
XOM,2026-09-03,10:16,164.4397,164.48,164.34,164.4501,29557
XOM,2026-09-03,10:17,164.4501,164.51,164.36,164.44,11335
XOM,2026-09-03,10:18,164.48,164.6099,164.48,164.575,5548
XOM,2026-09-03,10:19,164.53,164.68,164.515,164.59,15214
XOM,2026-09-03,10:20,164.605,164.78,164.605,164.74,13063
XOM,2026-09-03,10:21,164.765,164.8993,164.68,164.865,24712
XOM,2026-09-03,10:22,164.86,165,164.86,164.96,15525
XOM,2026-09-03,10:23,164.95,165.11,164.895,165.055,27808
XOM,2026-09-03,10:24,165.05,165.05,164.83,164.895,13816
XOM,2026-09-03,10:25,164.9,164.935,164.82,164.89,9628
XOM,2026-09-03,10:26,164.83,165.035,164.83,164.9966,24415
XOM,2026-09-03,10:27,165,165.005,164.995,165,3151
XOM,2026-09-03,10:28,164.98,165.22,164.98,165.15,16461
XOM,2026-09-03,10:29,165.1557,165.24,165.06,165.21,19506
XOM,2026-09-03,10:30,165.24,165.42,165.15,165.37,16590
XOM,2026-09-03,10:31,165.36,165.5,165.36,165.46,23562
XOM,2026-09-03,10:32,165.48,165.48,165.38,165.38,27501
XOM,2026-09-03,10:33,165.37,165.44,165.34,165.44,10330
XOM,2026-09-03,10:34,165.43,165.55,165.43,165.47,12229
XOM,2026-09-03,10:35,165.46,165.5,165.41,165.48,7227
XOM,2026-09-03,10:36,165.455,165.57,165.455,165.53,8714
XOM,2026-09-03,10:37,165.56,165.57,165.51,165.565,8162
XOM,2026-09-03,10:38,165.59,165.59,165.465,165.55,14657
XOM,2026-09-03,10:39,165.54,165.54,165.46,165.46,14338
XOM,2026-09-03,10:40,165.51,165.525,165.465,165.51,12769
XOM,2026-09-03,10:41,165.52,165.54,165.48,165.5075,11761
XOM,2026-09-03,10:42,165.52,165.65,165.5,165.54,24938
XOM,2026-09-03,10:43,165.535,165.5799,165.46,165.5151,11417
XOM,2026-09-03,10:44,165.515,165.54,165.47,165.5001,15293
XOM,2026-09-03,10:45,165.51,165.53,165.35,165.37,19560
XOM,2026-09-03,10:46,165.3501,165.37,165.25,165.275,47453
XOM,2026-09-03,10:47,165.295,165.36,165.2201,165.2975,48599
XOM,2026-09-03,10:48,165.3,165.3,165.21,165.255,18052
XOM,2026-09-03,10:49,165.3,165.33,165.03,165.03,59711
XOM,2026-09-03,10:50,165.06,165.08,164.9605,164.9605,13964
XOM,2026-09-03,10:51,164.98,165.1,164.98,165.1,8931
XOM,2026-09-03,10:52,165.1,165.26,165.07,165.22,25063
XOM,2026-09-03,10:53,165.21,165.28,165.195,165.215,18401
XOM,2026-09-03,10:54,165.22,165.28,165.215,165.235,10253
XOM,2026-09-03,10:55,165.22,165.25,165.11,165.115,64402
XOM,2026-09-03,10:56,165.095,165.33,165.05,165.13,140542
XOM,2026-09-03,10:57,165.155,165.155,164.88,164.88,23443
XOM,2026-09-03,10:58,164.88,164.93,164.71,164.755,17742
XOM,2026-09-03,10:59,164.815,164.815,164.5701,164.5701,7263
XOM,2026-09-03,11:00,164.59,164.7499,164.545,164.58,16043
XOM,2026-09-03,11:01,164.53,164.72,164.52,164.68,24219
XOM,2026-09-03,11:02,164.69,164.72,164.57,164.625,17827
XOM,2026-09-03,11:03,164.64,164.75,164.6,164.745,24965
XOM,2026-09-03,11:04,164.74,164.78,164.69,164.695,10777
XOM,2026-09-03,11:05,164.73,164.86,164.73,164.7535,19079
XOM,2026-09-03,11:06,164.725,164.84,164.725,164.84,9219
XOM,2026-09-03,11:07,164.835,164.85,164.74,164.79,11334
XOM,2026-09-03,11:08,164.83,164.95,164.82,164.88,16320
XOM,2026-09-03,11:09,164.88,164.895,164.82,164.83,19961
XOM,2026-09-03,11:10,164.84,164.885,164.835,164.845,5406
XOM,2026-09-03,11:11,164.84,164.9,164.81,164.9,8388
XOM,2026-09-03,11:12,164.88,165.05,164.86,165.03,11552
XOM,2026-09-03,11:13,165.04,165.1,165.01,165.05,12008
XOM,2026-09-03,11:14,165.09,165.11,165.03,165.06,11769
XOM,2026-09-03,11:15,165.04,165.12,165.015,165.1,63793
XOM,2026-09-03,11:16,165.1,165.22,165.09,165.2,65569
XOM,2026-09-03,11:17,165.21,165.23,165.12,165.18,44819
XOM,2026-09-03,11:18,165.17,165.25,165.17,165.22,98381
XOM,2026-09-03,11:19,165.26,165.27,165.125,165.15,17264
XOM,2026-09-03,11:20,165.18,165.18,164.94,164.95,16449
XOM,2026-09-03,11:21,164.97,165.05,164.9,165.01,9863
XOM,2026-09-03,11:22,165.035,165.06,164.9939,165.04,8277
XOM,2026-09-03,11:23,165.0282,165.03,164.9,164.92,18690
XOM,2026-09-03,11:24,164.91,165.06,164.9,165.03,18115
XOM,2026-09-03,11:25,165.055,165.12,165.055,165.0805,6656
XOM,2026-09-03,11:26,165.07,165.07,164.98,164.995,18441
XOM,2026-09-03,11:27,164.99,165.035,164.89,164.89,15598
XOM,2026-09-03,11:28,164.91,164.94,164.8,164.8,24452
XOM,2026-09-03,11:29,164.82,164.82,164.6125,164.655,14495
XOM,2026-09-03,11:30,164.61,164.65,164.46,164.48,20187
XOM,2026-09-03,11:31,164.4889,164.56,164.4889,164.52,12858
XOM,2026-09-03,11:32,164.52,164.535,164.31,164.31,24207
XOM,2026-09-03,11:33,164.28,164.3799,164.265,164.29,14950
XOM,2026-09-03,11:34,164.27,164.39,164.24,164.35,19920
XOM,2026-09-03,11:35,164.36,164.48,164.3286,164.34,17460
XOM,2026-09-03,11:36,164.39,164.5,164.365,164.4801,19342
XOM,2026-09-03,11:37,164.48,164.52,164.44,164.445,19192
XOM,2026-09-03,11:38,164.43,164.6,164.412,164.58,16443
XOM,2026-09-03,11:39,164.595,164.6,164.5,164.58,7922
XOM,2026-09-03,11:40,164.59,164.59,164.5,164.54,9559
XOM,2026-09-03,11:41,164.545,164.545,164.38,164.43,9075
XOM,2026-09-03,11:42,164.435,164.47,164.37,164.375,7922
XOM,2026-09-03,11:43,164.34,164.34,164.07,164.14,51639
XOM,2026-09-03,11:44,164.09,164.195,164.09,164.17,42311
XOM,2026-09-03,11:45,164.12,164.2,164.08,164.09,63397
XOM,2026-09-03,11:46,164.07,164.15,164.04,164.07,17609
XOM,2026-09-03,11:47,164.06,164.14,164.0009,164.115,13851
XOM,2026-09-03,11:48,164.13,164.16,164.115,164.125,12285
XOM,2026-09-03,11:49,164.105,164.15,164.05,164.15,22056
XOM,2026-09-03,11:50,164.145,164.195,164.11,164.13,14554
XOM,2026-09-03,11:51,164.12,164.12,163.98,164,14158
XOM,2026-09-03,11:52,164.01,164.07,164.01,164.055,5753
XOM,2026-09-03,11:53,164.07,164.07,163.97,164,11838
XOM,2026-09-03,11:54,163.985,164.02,163.925,163.995,18351
XOM,2026-09-03,11:55,163.995,164.06,163.985,164.02,9538
XOM,2026-09-03,11:56,164.01,164.03,163.88,163.9223,40221
XOM,2026-09-03,11:57,163.94,163.94,163.7,163.77,67784
XOM,2026-09-03,11:58,163.78,163.81,163.71,163.71,23126
XOM,2026-09-03,11:59,163.7,163.7728,163.7,163.735,14035
XOM,2026-09-03,12:00,163.73,163.76,163.485,163.53,41756
XOM,2026-09-03,12:01,163.51,163.645,163.51,163.62,24545
XOM,2026-09-03,12:02,163.62,163.62,163.51,163.555,49236
XOM,2026-09-03,12:03,163.57,163.6,163.52,163.55,21101
XOM,2026-09-03,12:04,163.535,163.65,163.52,163.65,23664
XOM,2026-09-03,12:05,163.65,163.71,163.635,163.68,30181
XOM,2026-09-03,12:06,163.7,163.75,163.64,163.75,20175
XOM,2026-09-03,12:07,163.78,163.81,163.64,163.72,55542
XOM,2026-09-03,12:08,163.72,163.74,163.63,163.635,14318
XOM,2026-09-03,12:09,163.635,163.65,163.55,163.63,74302
XOM,2026-09-03,12:10,163.61,163.61,163.37,163.4,560727
XOM,2026-09-03,12:11,163.45,163.6,163.435,163.6,165074
XOM,2026-09-03,12:12,163.6,163.7,163.58,163.64,10907
XOM,2026-09-03,12:13,163.65,163.69,163.5875,163.67,18816
XOM,2026-09-03,12:14,163.675,163.7,163.615,163.615,11253
XOM,2026-09-03,12:15,163.63,163.75,163.63,163.69,32665
XOM,2026-09-03,12:16,163.67,163.69,163.64,163.66,25172
XOM,2026-09-03,12:17,163.655,163.68,163.63,163.68,6128
XOM,2026-09-03,12:18,163.685,163.83,163.67,163.8,46274
XOM,2026-09-03,12:19,163.8,163.87,163.78,163.82,66942
XOM,2026-09-03,12:20,163.82,163.82,163.635,163.71,9573
XOM,2026-09-03,12:21,163.735,163.76,163.6401,163.74,8031
XOM,2026-09-03,12:22,163.74,163.875,163.74,163.865,11511
XOM,2026-09-03,12:23,163.8501,164,163.795,164,25606
XOM,2026-09-03,12:24,164,164.05,163.94,164.045,30375
XOM,2026-09-03,12:25,164.05,164.14,164.025,164.05,10523
XOM,2026-09-03,12:26,164.01,164.03,163.97,163.97,16163
XOM,2026-09-03,12:27,163.96,164,163.86,163.88,18619
XOM,2026-09-03,12:28,163.86,163.86,163.695,163.695,19047
XOM,2026-09-03,12:29,163.71,163.75,163.7,163.71,6010
XOM,2026-09-03,12:30,163.69,163.7,163.6,163.6001,15820
XOM,2026-09-03,12:31,163.62,163.655,163.57,163.64,11382
XOM,2026-09-03,12:32,163.65,163.67,163.6,163.6,8863
XOM,2026-09-03,12:33,163.57,163.62,163.57,163.62,7345
XOM,2026-09-03,12:34,163.65,163.67,163.595,163.6153,7660
XOM,2026-09-03,12:35,163.6059,163.64,163.56,163.595,9607
XOM,2026-09-03,12:36,163.595,163.64,163.5828,163.61,19087
XOM,2026-09-03,12:37,163.64,163.755,163.62,163.75,27536
XOM,2026-09-03,12:38,163.75,163.75,163.53,163.58,50922
XOM,2026-09-03,12:39,163.56,163.58,163.52,163.52,5248
XOM,2026-09-03,12:40,163.5242,163.585,163.51,163.56,5668
XOM,2026-09-03,12:41,163.55,163.59,163.5368,163.57,5401
XOM,2026-09-03,12:42,163.6,163.62,163.54,163.62,12314
XOM,2026-09-03,12:43,163.62,163.64,163.61,163.635,6321
XOM,2026-09-03,12:44,163.64,163.67,163.62,163.64,8342
XOM,2026-09-03,12:45,163.66,163.7,163.66,163.7,8401
XOM,2026-09-03,12:46,163.695,163.6999,163.63,163.6499,13027
XOM,2026-09-03,12:47,163.61,163.63,163.58,163.58,4890
XOM,2026-09-03,12:48,163.56,163.63,163.55,163.6,11915
XOM,2026-09-03,12:49,163.59,163.64,163.59,163.64,10220
XOM,2026-09-03,12:50,163.63,163.675,163.62,163.675,4407
XOM,2026-09-03,12:51,163.67,163.68,163.605,163.605,4522
XOM,2026-09-03,12:52,163.59,163.67,163.59,163.63,11752
XOM,2026-09-03,12:53,163.67,163.67,163.605,163.605,4253
XOM,2026-09-03,12:54,163.6,163.65,163.6,163.61,3533
XOM,2026-09-03,12:55,163.58,163.615,163.54,163.615,10691
XOM,2026-09-03,12:56,163.59,163.61,163.58,163.605,4632
XOM,2026-09-03,12:57,163.61,163.63,163.58,163.63,7040
XOM,2026-09-03,12:58,163.62,163.64,163.54,163.57,8891
XOM,2026-09-03,12:59,163.555,163.58,163.5301,163.56,18589
XOM,2026-09-03,13:00,163.58,163.71,163.58,163.7,30933
XOM,2026-09-03,13:01,163.68,163.7,163.68,163.7,13839
XOM,2026-09-03,13:02,163.68,163.72,163.68,163.71,16413
XOM,2026-09-03,13:03,163.715,163.72,163.66,163.66,7161
XOM,2026-09-03,13:04,163.65,163.6951,163.63,163.68,13977
XOM,2026-09-03,13:05,163.7,163.73,163.65,163.73,13208
XOM,2026-09-03,13:06,163.735,163.8099,163.705,163.77,12033
XOM,2026-09-03,13:07,163.75,163.8,163.74,163.765,15936
XOM,2026-09-03,13:08,163.77,163.82,163.77,163.8,5214
XOM,2026-09-03,13:09,163.815,163.85,163.81,163.85,9014
XOM,2026-09-03,13:10,163.82,163.88,163.82,163.88,5777
XOM,2026-09-03,13:11,163.8851,163.95,163.88,163.95,9415
XOM,2026-09-03,13:12,163.9,163.9,163.82,163.86,9621
XOM,2026-09-03,13:13,163.86,163.9,163.85,163.895,6758
XOM,2026-09-03,13:14,163.9,163.9,163.83,163.83,27713
XOM,2026-09-03,13:15,163.825,163.83,163.775,163.805,9104
XOM,2026-09-03,13:16,163.79,163.79,163.75,163.755,32322
XOM,2026-09-03,13:17,163.77,163.77,163.73,163.73,5834
XOM,2026-09-03,13:18,163.73,163.83,163.73,163.82,21076
XOM,2026-09-03,13:19,163.79,163.8499,163.78,163.81,3686
XOM,2026-09-03,13:20,163.8,163.855,163.75,163.75,22497
XOM,2026-09-03,13:21,163.75,163.86,163.75,163.86,141934
XOM,2026-09-03,13:22,163.87,163.89,163.81,163.89,8347
XOM,2026-09-03,13:23,163.87,163.89,163.8301,163.88,3830
XOM,2026-09-03,13:24,163.89,163.89,163.825,163.84,7081
XOM,2026-09-03,13:25,163.83,163.83,163.7004,163.715,13225
XOM,2026-09-03,13:26,163.73,163.73,163.67,163.69,4960
XOM,2026-09-03,13:27,163.67,163.71,163.65,163.69,6393
XOM,2026-09-03,13:28,163.675,163.68,163.635,163.65,8543
XOM,2026-09-03,13:29,163.66,163.6999,163.62,163.68,6991
XOM,2026-09-03,13:30,163.66,163.67,163.62,163.62,12066
XOM,2026-09-03,13:31,163.61,163.62,163.56,163.6,21253
XOM,2026-09-03,13:32,163.59,163.61,163.53,163.56,8714
XOM,2026-09-03,13:33,163.56,163.56,163.49,163.505,13256
XOM,2026-09-03,13:34,163.505,163.58,163.4893,163.57,27786
XOM,2026-09-03,13:35,163.595,163.62,163.5737,163.61,9397
XOM,2026-09-03,13:36,163.595,163.61,163.5,163.5099,10618
XOM,2026-09-03,13:37,163.48,163.48,163.36,163.36,21940
XOM,2026-09-03,13:38,163.4,163.49,163.4,163.48,6892
XOM,2026-09-03,13:39,163.46,163.46,163.4,163.4,5887
XOM,2026-09-03,13:40,163.42,163.42,163.2661,163.32,31705
XOM,2026-09-03,13:41,163.33,163.33,163.27,163.3,7655
XOM,2026-09-03,13:42,163.3,163.3,163.17,163.2,37177
XOM,2026-09-03,13:43,163.195,163.25,163.19,163.235,26933
XOM,2026-09-03,13:44,163.22,163.2501,163.2,163.24,10358
XOM,2026-09-03,13:45,163.23,163.29,163.23,163.28,7028
XOM,2026-09-03,13:46,163.28,163.28,163.16,163.16,20850
XOM,2026-09-03,13:47,163.165,163.19,163.125,163.13,28106
XOM,2026-09-03,13:48,163.14,163.2,163.1367,163.15,12688
XOM,2026-09-03,13:49,163.17,163.1996,163.145,163.16,6070
XOM,2026-09-03,13:50,163.11,163.13,163.11,163.12,51931
XOM,2026-09-03,13:51,163.12,163.12,163.055,163.055,24232
XOM,2026-09-03,13:52,163.05,163.075,163.01,163.04,13372
XOM,2026-09-03,13:53,163.02,163.03,163.02,163.03,620
XOM,2026-09-03,13:54,163.03,163.03,163.03,163.03,0
XOM,2026-09-03,13:55,163.045,163.05,163.02,163.02,27935
XOM,2026-09-03,13:56,163,163.05,163,163.03,25595
XOM,2026-09-03,13:57,163.085,163.085,162.945,162.965,45641
XOM,2026-09-03,13:58,162.98,163.13,162.96,163.1,17307
XOM,2026-09-03,13:59,163.13,163.15,163.08,163.11,9019
XOM,2026-09-03,14:00,163.13,163.33,163.13,163.3251,49700
XOM,2026-09-03,14:01,163.31,163.3183,163.23,163.26,18753
XOM,2026-09-03,14:02,163.25,163.27,163.22,163.255,7518
XOM,2026-09-03,14:03,163.27,163.28,163.15,163.16,16447
XOM,2026-09-03,14:04,163.16,163.215,163.15,163.19,9049
XOM,2026-09-03,14:05,163.185,163.2,163.14,163.18,8215
XOM,2026-09-03,14:06,163.19,163.19,163.145,163.16,5201
XOM,2026-09-03,14:07,163.18,163.19,163.07,163.095,9330
XOM,2026-09-03,14:08,163.095,163.095,163.03,163.045,16774
XOM,2026-09-03,14:09,163.0453,163.05,162.905,162.905,26311
XOM,2026-09-03,14:10,162.92,163.06,162.92,162.99,16767
XOM,2026-09-03,14:11,163.005,163.11,163.005,163.05,12780
XOM,2026-09-03,14:12,163.065,163.12,163.05,163.11,19366
XOM,2026-09-03,14:13,163.12,163.17,163.08,163.17,9188
XOM,2026-09-03,14:14,163.16,163.16,163.1233,163.16,7777
XOM,2026-09-03,14:15,163.15,163.16,163.13,163.14,6625
XOM,2026-09-03,14:16,163.17,163.17,163.1,163.105,9244
XOM,2026-09-03,14:17,163.105,163.12,163.025,163.06,12813
XOM,2026-09-03,14:18,163.07,163.07,162.96,162.96,9450
XOM,2026-09-03,14:19,162.94,162.99,162.93,162.93,7251
XOM,2026-09-03,14:20,162.945,162.965,162.83,162.84,21055
XOM,2026-09-03,14:21,162.85,162.92,162.85,162.92,6425
XOM,2026-09-03,14:22,162.92,162.94,162.84,162.91,8687
XOM,2026-09-03,14:23,162.95,163,162.885,162.92,19805
XOM,2026-09-03,14:24,162.94,162.95,162.89,162.935,5497
XOM,2026-09-03,14:25,162.93,162.95,162.905,162.905,8714
XOM,2026-09-03,14:26,162.91,163,162.91,162.9601,11508
XOM,2026-09-03,14:27,162.96,162.97,162.96,162.97,5645
XOM,2026-09-03,14:28,163,163.02,162.97,162.99,8652
XOM,2026-09-03,14:29,162.98,163,162.945,162.96,19539
XOM,2026-09-03,14:30,162.97,162.98,162.89,162.92,10757
XOM,2026-09-03,14:31,162.94,163,162.93,163,10271
XOM,2026-09-03,14:32,163,163.09,162.95,163.09,53543
XOM,2026-09-03,14:33,163.09,163.14,163.035,163.05,19135
XOM,2026-09-03,14:34,163.05,163.0751,163.02,163.0751,8059
XOM,2026-09-03,14:35,163.06,163.0833,163.04,163.05,13073
XOM,2026-09-03,14:36,163.04,163.04,162.985,163.02,11450
XOM,2026-09-03,14:37,163,163.03,162.985,162.985,9732
XOM,2026-09-03,14:38,162.99,162.99,162.96,162.99,5998
XOM,2026-09-03,14:39,163,163.03,162.97,162.98,13781
XOM,2026-09-03,14:40,162.985,162.9851,162.965,162.98,9144
XOM,2026-09-03,14:41,162.9701,163.02,162.9701,163.015,8513
XOM,2026-09-03,14:42,163.015,163.04,162.98,163,13045
XOM,2026-09-03,14:43,163.01,163.0901,163.0046,163.0901,14269
XOM,2026-09-03,14:44,163.07,163.135,163.045,163.135,17303
XOM,2026-09-03,14:45,163.14,163.16,163.08,163.1,20894
XOM,2026-09-03,14:46,163.095,163.095,163.02,163.02,9418
XOM,2026-09-03,14:47,163.05,163.09,163.01,163.025,17241
XOM,2026-09-03,14:48,163.02,163.051,163.02,163.05,12135
XOM,2026-09-03,14:49,163.03,163.06,163.01,163.031,9258
XOM,2026-09-03,14:50,163.03,163.03,162.955,162.98,9757
XOM,2026-09-03,14:51,162.9768,163.03,162.95,162.98,11404
XOM,2026-09-03,14:52,162.97,163.015,162.97,163.015,7153
XOM,2026-09-03,14:53,163.01,163.03,162.98,163.03,11600
XOM,2026-09-03,14:54,163.02,163.05,163.005,163.005,8022
XOM,2026-09-03,14:55,163.01,163.07,163.01,163.06,15486
XOM,2026-09-03,14:56,163.07,163.07,163.015,163.05,11345
XOM,2026-09-03,14:57,163.055,163.055,163.01,163.04,10122
XOM,2026-09-03,14:58,163.02,163.0401,163.011,163.0401,7849
XOM,2026-09-03,14:59,163.035,163.065,163.01,163.065,17120
XOM,2026-09-03,15:00,163.05,163.07,162.975,163.005,38297
XOM,2026-09-03,15:01,162.99,163.06,162.99,163.035,11956
XOM,2026-09-03,15:02,163.02,163.02,162.975,162.98,6886
XOM,2026-09-03,15:03,162.96,163.01,162.96,163.01,23190
XOM,2026-09-03,15:04,163.015,163.06,162.975,162.985,15573
XOM,2026-09-03,15:05,163,163.03,163,163.005,7448
XOM,2026-09-03,15:06,163.01,163.08,163.01,163.08,7072
XOM,2026-09-03,15:07,163.07,163.13,163.07,163.1,10933
XOM,2026-09-03,15:08,163.1051,163.12,162.995,162.995,14017
XOM,2026-09-03,15:09,162.9852,163.07,162.9852,163.0699,9197
XOM,2026-09-03,15:10,163.05,163.06,163.01,163.0127,7918
XOM,2026-09-03,15:11,163.01,163.05,162.9801,163.02,8980
XOM,2026-09-03,15:12,163.02,163.04,162.992,162.995,10520
XOM,2026-09-03,15:13,162.99,163.05,162.985,163.035,10039
XOM,2026-09-03,15:14,163.035,163.04,162.995,163.01,8920
XOM,2026-09-03,15:15,163.03,163.05,163.015,163.035,22175
XOM,2026-09-03,15:16,163.04,163.13,163.03,163.1,23895
XOM,2026-09-03,15:17,163.0904,163.105,163.045,163.08,24709
XOM,2026-09-03,15:18,163.07,163.135,163.07,163.135,9364
XOM,2026-09-03,15:19,163.14,163.14,163.045,163.045,18693
XOM,2026-09-03,15:20,163.05,163.05,162.91,162.92,26142
XOM,2026-09-03,15:21,162.93,162.96,162.87,162.96,18829
XOM,2026-09-03,15:22,162.92,162.96,162.9,162.905,17213
XOM,2026-09-03,15:23,162.91,162.95,162.9,162.915,12988
XOM,2026-09-03,15:24,162.9,162.95,162.895,162.92,16494
XOM,2026-09-03,15:25,162.91,162.92,162.83,162.86,21565
XOM,2026-09-03,15:26,162.865,162.88,162.83,162.875,14175
XOM,2026-09-03,15:27,162.87,162.93,162.84,162.84,25546
XOM,2026-09-03,15:28,162.85,162.9,162.83,162.865,10793
XOM,2026-09-03,15:29,162.88,162.88,162.79,162.875,25794
XOM,2026-09-03,15:30,162.875,162.96,162.84,162.93,36066
XOM,2026-09-03,15:31,162.94,163.02,162.92,163.02,22521
XOM,2026-09-03,15:32,163.02,163.02,162.85,162.88,27071
XOM,2026-09-03,15:33,162.9,162.915,162.855,162.9,19345
XOM,2026-09-03,15:34,162.89,162.9,162.82,162.835,16933
XOM,2026-09-03,15:35,162.83,162.85,162.74,162.82,38842
XOM,2026-09-03,15:36,162.83,162.9,162.82,162.895,17572
XOM,2026-09-03,15:37,162.905,162.9104,162.87,162.9,33212
XOM,2026-09-03,15:38,162.9,162.91,162.85,162.865,26058
XOM,2026-09-03,15:39,162.86,162.89,162.825,162.88,27087
XOM,2026-09-03,15:40,162.9,162.92,162.8,162.805,22868
XOM,2026-09-03,15:41,162.81,162.86,162.8,162.838,41400
XOM,2026-09-03,15:42,162.83,162.84,162.79,162.79,30158
XOM,2026-09-03,15:43,162.78,162.81,162.74,162.8075,37244
XOM,2026-09-03,15:44,162.8,162.81,162.705,162.73,30046
XOM,2026-09-03,15:45,162.75,162.84,162.725,162.84,37073
XOM,2026-09-03,15:46,162.81,162.83,162.75,162.75,37882
XOM,2026-09-03,15:47,162.77,162.86,162.77,162.86,23883
XOM,2026-09-03,15:48,162.86,162.89,162.84,162.8699,62857
XOM,2026-09-03,15:49,162.855,162.88,162.77,162.79,41203
XOM,2026-09-03,15:50,162.8,162.99,162.79,162.98,58035
XOM,2026-09-03,15:51,162.98,163.04,162.97,163.03,39079
XOM,2026-09-03,15:52,163.01,163.01,162.84,162.84,54329
XOM,2026-09-03,15:53,162.82,162.83,162.715,162.82,57926
XOM,2026-09-03,15:54,162.815,162.865,162.67,162.71,63008
XOM,2026-09-03,15:55,162.72,162.74,162.43,162.46,603785
XOM,2026-09-03,15:56,162.46,162.47,162.3212,162.395,181431
XOM,2026-09-03,15:57,162.4,162.46,162.22,162.28,136082
XOM,2026-09-03,15:58,162.29,162.33,162.16,162.245,172919
XOM,2026-09-03,15:59,162.23,162.34,162.09,162.245,249179
XOM,2026-09-03,16:00,162.21,162.21,162.21,162.21,0
XOM,2026-09-04,09:30,161.02,161.1,160.46,160.4701,210646
XOM,2026-09-04,09:31,160.46,160.675,160.2,160.585,33568
XOM,2026-09-04,09:32,160.585,160.68,159.95,160.02,56080
XOM,2026-09-04,09:33,160.02,160.44,159.84,160.34,45290
XOM,2026-09-04,09:34,160.25,160.256,159.93,160.01,58526
XOM,2026-09-04,09:35,159.98,160.16,159.43,160.16,137392
XOM,2026-09-04,09:36,160.07,160.34,160.004,160.23,27612
XOM,2026-09-04,09:37,160.23,160.23,159.89,159.89,45627
XOM,2026-09-04,09:38,159.84,159.98,159.69,159.74,17654
XOM,2026-09-04,09:39,159.745,159.75,159.42,159.48,72693
XOM,2026-09-04,09:40,159.4805,159.6,159.32,159.555,63072
XOM,2026-09-04,09:41,159.54,159.54,159.2117,159.455,48554
XOM,2026-09-04,09:42,159.41,159.545,159.26,159.37,26299
XOM,2026-09-04,09:43,159.3,159.74,159.16,159.74,16137
XOM,2026-09-04,09:44,159.725,160.28,159.715,160.185,36151
XOM,2026-09-04,09:45,160.2,160.45,160.08,160.37,15964
XOM,2026-09-04,09:46,160.355,160.52,160.245,160.36,37749
XOM,2026-09-04,09:47,160.44,160.47,160.24,160.335,18241
XOM,2026-09-04,09:48,160.29,160.29,159.91,160.035,30006
XOM,2026-09-04,09:49,160.075,160.17,159.92,160,25655
XOM,2026-09-04,09:50,160,160.07,159.92,159.965,25107
XOM,2026-09-04,09:51,159.971,160.01,159.79,159.87,50750
XOM,2026-09-04,09:52,159.87,160.13,159.87,160.075,19933
XOM,2026-09-04,09:53,160.06,160.15,160,160,19982
XOM,2026-09-04,09:54,160,160.035,159.68,159.69,75763
XOM,2026-09-04,09:55,159.7,159.705,159.44,159.53,82944
XOM,2026-09-04,09:56,159.54,159.56,159.42,159.5,19142
XOM,2026-09-04,09:57,159.47,159.49,159.32,159.36,22890
XOM,2026-09-04,09:58,159.36,159.485,159.32,159.356,19972
XOM,2026-09-04,09:59,159.37,159.495,159.29,159.495,25119
XOM,2026-09-04,10:00,159.46,159.9,159.46,159.8892,23610
XOM,2026-09-04,10:01,159.9,160.07,159.81,160.065,24883
XOM,2026-09-04,10:02,159.99,160.185,159.96,160.06,18532
XOM,2026-09-04,10:03,160.055,160.15,160.01,160.06,29169
XOM,2026-09-04,10:04,160.04,160.29,160.035,160.25,31209
XOM,2026-09-04,10:05,160.23,160.36,160.12,160.25,29660
XOM,2026-09-04,10:06,160.255,160.345,160.11,160.15,25540
XOM,2026-09-04,10:07,160.15,160.2,160.02,160.04,16383
XOM,2026-09-04,10:08,160.02,160.11,159.9,159.9751,25629
XOM,2026-09-04,10:09,160,160.1086,159.97,159.98,9879
XOM,2026-09-04,10:10,159.97,160.025,159.75,159.785,22276
XOM,2026-09-04,10:11,159.785,159.96,159.76,159.87,20488
XOM,2026-09-04,10:12,159.86,160.01,159.86,159.925,24174
XOM,2026-09-04,10:13,159.93,160.07,159.91,160.06,7754
XOM,2026-09-04,10:14,160.05,160.05,159.87,159.895,23849
XOM,2026-09-04,10:15,159.885,159.925,159.75,159.81,36652
XOM,2026-09-04,10:16,159.83,159.96,159.83,159.89,29724
XOM,2026-09-04,10:17,159.895,159.895,159.73,159.84,19993
XOM,2026-09-04,10:18,159.8,159.91,159.79,159.85,17913
XOM,2026-09-04,10:19,159.815,160.02,159.81,159.95,15277
XOM,2026-09-04,10:20,159.99,160.12,159.99,160.07,16565
XOM,2026-09-04,10:21,160.07,160.16,160,160.16,10667
XOM,2026-09-04,10:22,160.11,160.205,159.94,159.965,16412
XOM,2026-09-04,10:23,159.99,160.09,159.9,159.915,13840
XOM,2026-09-04,10:24,159.92,160.0209,159.89,160.0209,14843
XOM,2026-09-04,10:25,160.025,160.13,159.98,160.12,4531
XOM,2026-09-04,10:26,160.15,160.16,160.09,160.13,6583
XOM,2026-09-04,10:27,160.2,160.22,160.1,160.15,19058
XOM,2026-09-04,10:28,160.22,160.24,160.11,160.17,7679
XOM,2026-09-04,10:29,160.2,160.22,160.14,160.22,5899
XOM,2026-09-04,10:30,160.2599,160.26,160.21,160.225,13800
XOM,2026-09-04,10:31,160.27,160.385,160.25,160.3506,6215
XOM,2026-09-04,10:32,160.35,160.4582,160.32,160.4582,6764
XOM,2026-09-04,10:33,160.42,160.76,160.4101,160.76,20887
XOM,2026-09-04,10:34,160.74,160.79,160.66,160.72,17926
XOM,2026-09-04,10:35,160.7,160.745,160.68,160.71,7878
XOM,2026-09-04,10:36,160.73,160.74,160.66,160.72,9431
XOM,2026-09-04,10:37,160.6801,160.77,160.66,160.735,5477
XOM,2026-09-04,10:38,160.8,160.8,160.71,160.74,20643
XOM,2026-09-04,10:39,160.77,160.77,160.7001,160.71,4468
XOM,2026-09-04,10:40,160.7,160.78,160.69,160.7623,3758
XOM,2026-09-04,10:41,160.8,160.82,160.73,160.75,10940
XOM,2026-09-04,10:42,160.75,160.9,160.73,160.84,15816
XOM,2026-09-04,10:43,160.85,160.87,160.73,160.82,14363
XOM,2026-09-04,10:44,160.8,160.875,160.79,160.875,9897
XOM,2026-09-04,10:45,160.85,160.92,160.79,160.87,28489
XOM,2026-09-04,10:46,160.88,160.97,160.88,160.955,7486
XOM,2026-09-04,10:47,160.955,161.18,160.955,161.12,18522
XOM,2026-09-04,10:48,161.14,161.36,161.14,161.36,10754
XOM,2026-09-04,10:49,161.365,161.41,161.31,161.34,21956
XOM,2026-09-04,10:50,161.34,161.35,161.24,161.26,11708
XOM,2026-09-04,10:51,161.265,161.29,161.17,161.22,21097
XOM,2026-09-04,10:52,161.27,161.3261,161.255,161.3261,5825
XOM,2026-09-04,10:53,161.34,161.38,161.26,161.34,11033
XOM,2026-09-04,10:54,161.35,161.4,161.23,161.24,13139
XOM,2026-09-04,10:55,161.22,161.365,161.18,161.35,22487
XOM,2026-09-04,10:56,161.335,161.345,161.17,161.33,40908
XOM,2026-09-04,10:57,161.37,161.4,161.345,161.4,9839
XOM,2026-09-04,10:58,161.385,161.48,161.32,161.35,21306
XOM,2026-09-04,10:59,161.33,161.37,161.26,161.27,20342
XOM,2026-09-04,11:00,161.27,161.27,161.17,161.24,14943
XOM,2026-09-04,11:01,161.235,161.24,161.05,161.055,10322
XOM,2026-09-04,11:02,161.04,161.065,160.92,160.92,15424
XOM,2026-09-04,11:03,160.9,161.05,160.9,160.97,3774
XOM,2026-09-04,11:04,160.99,160.99,160.735,160.76,19076
XOM,2026-09-04,11:05,160.8,160.91,160.8,160.815,6762
XOM,2026-09-04,11:06,160.81,160.87,160.81,160.87,8597
XOM,2026-09-04,11:07,160.845,160.9799,160.84,160.88,4243
XOM,2026-09-04,11:08,160.87,160.88,160.78,160.79,7727
XOM,2026-09-04,11:09,160.77,160.795,160.71,160.75,13435
XOM,2026-09-04,11:10,160.735,160.82,160.702,160.8,7595
XOM,2026-09-04,11:11,160.795,160.8501,160.78,160.81,10252
XOM,2026-09-04,11:12,160.79,160.81,160.77,160.805,9076
XOM,2026-09-04,11:13,160.82,160.91,160.815,160.9,7299
XOM,2026-09-04,11:14,160.87,160.87,160.68,160.68,23051
XOM,2026-09-04,11:15,160.655,160.71,160.62,160.71,16287
XOM,2026-09-04,11:16,160.715,160.72,160.6,160.6,13813
XOM,2026-09-04,11:17,160.53,160.5975,160.5,160.595,22711
XOM,2026-09-04,11:18,160.55,160.64,160.545,160.575,34822
XOM,2026-09-04,11:19,160.5959,160.6796,160.5,160.6,45747
XOM,2026-09-04,11:20,160.52,160.6,160.52,160.58,16460
XOM,2026-09-04,11:21,160.53,160.629,160.4908,160.4908,17796
XOM,2026-09-04,11:22,160.49,160.51,160.445,160.45,14877
XOM,2026-09-04,11:23,160.43,160.52,160.365,160.44,18483
XOM,2026-09-04,11:24,160.41,160.41,160.32,160.39,19149
XOM,2026-09-04,11:25,160.39,160.45,160.39,160.445,7826
XOM,2026-09-04,11:26,160.445,160.47,160.3445,160.385,15267
XOM,2026-09-04,11:27,160.385,160.481,160.385,160.481,9114
XOM,2026-09-04,11:28,160.49,160.5,160.43,160.45,11461
XOM,2026-09-04,11:29,160.445,160.49,160.39,160.44,21574
XOM,2026-09-04,11:30,160.445,160.465,160.39,160.465,16924
XOM,2026-09-04,11:31,160.45,160.475,160.405,160.46,17268
XOM,2026-09-04,11:32,160.455,160.47,160.38,160.46,32710
XOM,2026-09-04,11:33,160.47,160.48,160.37,160.37,31106
XOM,2026-09-04,11:34,160.365,160.41,160.355,160.41,16489
XOM,2026-09-04,11:35,160.375,160.375,160.28,160.335,21090
XOM,2026-09-04,11:36,160.335,160.415,160.335,160.415,11028
XOM,2026-09-04,11:37,160.4,160.42,160.33,160.38,10298
XOM,2026-09-04,11:38,160.4,160.5,160.4,160.47,48074
XOM,2026-09-04,11:39,160.47,160.55,160.425,160.53,19302
XOM,2026-09-04,11:40,160.52,160.53,160.475,160.48,11568
XOM,2026-09-04,11:41,160.49,160.51,160.43,160.48,39449
XOM,2026-09-04,11:42,160.475,160.475,160.4,160.42,11343
XOM,2026-09-04,11:43,160.44,160.59,160.4224,160.585,31529
XOM,2026-09-04,11:44,160.555,160.6,160.54,160.54,28628
XOM,2026-09-04,11:45,160.54,160.54,160.44,160.535,9222
XOM,2026-09-04,11:46,160.5345,160.705,160.51,160.705,100507
XOM,2026-09-04,11:47,160.705,160.75,160.59,160.665,14922
XOM,2026-09-04,11:48,160.68,160.74,160.6353,160.74,111384
XOM,2026-09-04,11:49,160.73,160.84,160.65,160.77,51943
XOM,2026-09-04,11:50,160.78,160.78,160.62,160.62,18698
XOM,2026-09-04,11:51,160.62,160.735,160.62,160.66,31266
XOM,2026-09-04,11:52,160.65,160.66,160.5901,160.64,11032
XOM,2026-09-04,11:53,160.6699,160.67,160.59,160.665,12516
XOM,2026-09-04,11:54,160.64,160.7,160.61,160.61,17169
XOM,2026-09-04,11:55,160.61,160.64,160.58,160.63,10732
XOM,2026-09-04,11:56,160.62,160.68,160.57,160.6,89716
XOM,2026-09-04,11:57,160.61,160.61,160.47,160.48,22901
XOM,2026-09-04,11:58,160.47,160.49,160.395,160.3992,20614
XOM,2026-09-04,11:59,160.41,160.41,160.36,160.36,11819
XOM,2026-09-04,12:00,160.34,160.3605,160.235,160.3,17045
XOM,2026-09-04,12:01,160.32,160.44,160.32,160.3887,9344
XOM,2026-09-04,12:02,160.39,160.4,160.36,160.4,4498
XOM,2026-09-04,12:03,160.4,160.47,160.4,160.405,4388
XOM,2026-09-04,12:04,160.4205,160.59,160.41,160.52,33990
XOM,2026-09-04,12:05,160.525,160.54,160.4419,160.4419,10064
XOM,2026-09-04,12:06,160.465,160.54,160.44,160.45,7539
XOM,2026-09-04,12:07,160.44,160.44,160.39,160.39,5051
XOM,2026-09-04,12:08,160.4,160.4,160.23,160.23,14365
XOM,2026-09-04,12:09,160.22,160.25,160.17,160.25,20738
XOM,2026-09-04,12:10,160.25,160.25,160.15,160.16,5224
XOM,2026-09-04,12:11,160.18,160.23,160.18,160.2,6300
XOM,2026-09-04,12:12,160.205,160.294,160.2,160.205,17543
XOM,2026-09-04,12:13,160.2,160.2,160.08,160.08,17060
XOM,2026-09-04,12:14,160.08,160.18,160.06,160.18,10033
XOM,2026-09-04,12:15,160.185,160.185,160.12,160.145,7525
XOM,2026-09-04,12:16,160.12,160.16,160.0361,160.055,6560
XOM,2026-09-04,12:17,160.04,160.11,160.0054,160.11,9463
XOM,2026-09-04,12:18,160.08,160.08,160.01,160.0192,15759
XOM,2026-09-04,12:19,160.025,160.065,160.025,160.05,13530
XOM,2026-09-04,12:20,160.0501,160.09,160.04,160.07,15058
XOM,2026-09-04,12:21,160.0565,160.09,159.97,159.97,18649
XOM,2026-09-04,12:22,159.97,160.0104,159.97,159.98,8306
XOM,2026-09-04,12:23,159.99,160.175,159.99,160.085,44389
XOM,2026-09-04,12:24,160.085,160.1399,160.06,160.1399,10841
XOM,2026-09-04,12:25,160.125,160.125,160.035,160.1,21666
XOM,2026-09-04,12:26,160.08,160.19,160.08,160.13,14120
XOM,2026-09-04,12:27,160.11,160.11,160.02,160.04,28813
XOM,2026-09-04,12:28,160.05,160.12,160.0334,160.11,3442
XOM,2026-09-04,12:29,160.1008,160.1646,160.1008,160.15,25537
XOM,2026-09-04,12:30,160.16,160.2164,160.14,160.14,9589
XOM,2026-09-04,12:31,160.135,160.135,160.0768,160.0939,5509
XOM,2026-09-04,12:32,160.07,160.17,160.07,160.15,12745
XOM,2026-09-04,12:33,160.145,160.2,160.13,160.14,9877
XOM,2026-09-04,12:34,160.14,160.15,160.035,160.035,24801
XOM,2026-09-04,12:35,160.02,160.06,159.99,160.06,27794
XOM,2026-09-04,12:36,160.07,160.0899,160,160.035,31099
XOM,2026-09-04,12:37,160.065,160.235,160.065,160.235,37789
XOM,2026-09-04,12:38,160.21,160.2696,160.195,160.2,26678
XOM,2026-09-04,12:39,160.18,160.2513,160.18,160.25,11580
XOM,2026-09-04,12:40,160.25,160.36,160.22,160.31,40250
XOM,2026-09-04,12:41,160.3,160.355,160.26,160.355,26477
XOM,2026-09-04,12:42,160.35,160.47,160.31,160.45,47223
XOM,2026-09-04,12:43,160.44,160.52,160.44,160.49,18136
XOM,2026-09-04,12:44,160.52,160.52,160.44,160.47,16073
XOM,2026-09-04,12:45,160.48,160.48,160.36,160.42,17651
XOM,2026-09-04,12:46,160.45,160.4602,160.39,160.42,29704
XOM,2026-09-04,12:47,160.425,160.47,160.39,160.455,12895
XOM,2026-09-04,12:48,160.5,160.58,160.5,160.525,11837
XOM,2026-09-04,12:49,160.525,160.55,160.49,160.49,14629
XOM,2026-09-04,12:50,160.49,160.49,160.43,160.48,6742
XOM,2026-09-04,12:51,160.4848,160.505,160.47,160.495,8080
XOM,2026-09-04,12:52,160.51,160.57,160.5001,160.54,12626
XOM,2026-09-04,12:53,160.535,160.54,160.51,160.525,7595
XOM,2026-09-04,12:54,160.51,160.53,160.5,160.525,11374
XOM,2026-09-04,12:55,160.54,160.54,160.4999,160.5,5786
XOM,2026-09-04,12:56,160.48,160.5,160.46,160.47,10802
XOM,2026-09-04,12:57,160.48,160.55,160.44,160.525,24958
XOM,2026-09-04,12:58,160.51,160.51,160.46,160.46,4101
XOM,2026-09-04,12:59,160.4698,160.5382,160.455,160.51,7846
XOM,2026-09-04,13:00,160.53,160.57,160.52,160.55,11614
XOM,2026-09-04,13:01,160.54,160.57,160.53,160.54,8287
XOM,2026-09-04,13:02,160.52,160.54,160.46,160.46,11998
XOM,2026-09-04,13:03,160.46,160.49,160.46,160.47,2764
XOM,2026-09-04,13:04,160.45,160.45,160.382,160.382,3521
XOM,2026-09-04,13:05,160.4,160.43,160.31,160.38,12545
XOM,2026-09-04,13:06,160.365,160.4,160.36,160.4,4305
XOM,2026-09-04,13:07,160.39,160.39,160.32,160.33,6104
XOM,2026-09-04,13:08,160.37,160.38,160.33,160.38,5779
XOM,2026-09-04,13:09,160.37,160.37,160.28,160.283,17574
XOM,2026-09-04,13:10,160.28,160.32,160.25,160.28,7990
XOM,2026-09-04,13:11,160.275,160.4,160.275,160.35,11339
XOM,2026-09-04,13:12,160.35,160.38,160.34,160.34,4245
XOM,2026-09-04,13:13,160.33,160.37,160.305,160.31,6559
XOM,2026-09-04,13:14,160.32,160.34,160.27,160.34,7801
XOM,2026-09-04,13:15,160.31,160.31,160.18,160.22,15049
XOM,2026-09-04,13:16,160.235,160.3,160.235,160.255,14750
XOM,2026-09-04,13:17,160.255,160.345,160.255,160.33,8615
XOM,2026-09-04,13:18,160.345,160.345,160.3,160.315,6879
XOM,2026-09-04,13:19,160.32,160.36,160.32,160.35,5271
XOM,2026-09-04,13:20,160.34,160.38,160.3301,160.375,11965
XOM,2026-09-04,13:21,160.3715,160.42,160.3011,160.32,17098
XOM,2026-09-04,13:22,160.34,160.34,160.27,160.28,9762
XOM,2026-09-04,13:23,160.31,160.36,160.31,160.36,2514
XOM,2026-09-04,13:24,160.37,160.42,160.33,160.42,15029
XOM,2026-09-04,13:25,160.42,160.42,160.34,160.3835,4563
XOM,2026-09-04,13:26,160.35,160.3708,160.27,160.29,18727
XOM,2026-09-04,13:27,160.29,160.35,160.29,160.35,10815
XOM,2026-09-04,13:28,160.33,160.36,160.275,160.36,15573
XOM,2026-09-04,13:29,160.34,160.38,160.31,160.3645,14135
XOM,2026-09-04,13:30,160.37,160.4,160.36,160.39,12771
XOM,2026-09-04,13:31,160.39,160.3901,160.32,160.34,21326
XOM,2026-09-04,13:32,160.34,160.395,160.3006,160.38,8637
XOM,2026-09-04,13:33,160.37,160.41,160.34,160.395,8469
XOM,2026-09-04,13:34,160.41,160.5,160.41,160.4604,11182
XOM,2026-09-04,13:35,160.47,160.54,160.46,160.46,6060
XOM,2026-09-04,13:36,160.44,160.47,160.415,160.45,14437
XOM,2026-09-04,13:37,160.44,160.45,160.39,160.39,5915
XOM,2026-09-04,13:38,160.39,160.54,160.28,160.3,35257
XOM,2026-09-04,13:39,160.3,160.39,160.29,160.37,10649
XOM,2026-09-04,13:40,160.37,160.38,160.345,160.36,14827
XOM,2026-09-04,13:41,160.39,160.39,160.33,160.33,5373
XOM,2026-09-04,13:42,160.35,160.36,160.285,160.31,7992
XOM,2026-09-04,13:43,160.3,160.31,160.21,160.22,6934
XOM,2026-09-04,13:44,160.21,160.28,160.15,160.26,17237
XOM,2026-09-04,13:45,160.26,160.2799,160.18,160.18,12378
XOM,2026-09-04,13:46,160.18,160.21,160.13,160.1499,23235
XOM,2026-09-04,13:47,160.1489,160.175,160.125,160.175,9455
XOM,2026-09-04,13:48,160.18,160.18,160.1161,160.14,5567
XOM,2026-09-04,13:49,160.12,160.14,160.065,160.065,10610
XOM,2026-09-04,13:50,160.05,160.06,159.95,160.01,16787
XOM,2026-09-04,13:51,160.02,160.04,159.995,160.04,6481
XOM,2026-09-04,13:52,160.05,160.14,160.05,160.125,6403
XOM,2026-09-04,13:53,160.12,160.15,160.07,160.15,8736
XOM,2026-09-04,13:54,160.15,160.15,160.05,160.07,14880
XOM,2026-09-04,13:55,160.07,160.07,160.02,160.02,3261
XOM,2026-09-04,13:56,160.01,160.07,160,160,14724
XOM,2026-09-04,13:57,159.99,160.01,159.99,160,7160
XOM,2026-09-04,13:58,160.01,160.01,159.86,159.9052,34522
XOM,2026-09-04,13:59,159.89,159.9,159.847,159.87,27020
XOM,2026-09-04,14:00,159.87,159.87,159.79,159.85,36375
XOM,2026-09-04,14:01,159.85,159.88,159.78,159.86,36979
XOM,2026-09-04,14:02,159.865,159.865,159.795,159.855,7615
XOM,2026-09-04,14:03,159.85,159.99,159.845,159.96,94438
XOM,2026-09-04,14:04,159.96,159.97,159.9,159.91,17728
XOM,2026-09-04,14:05,159.9087,159.92,159.82,159.82,17402
XOM,2026-09-04,14:06,159.825,159.899,159.815,159.88,32138
XOM,2026-09-04,14:07,159.875,159.93,159.84,159.87,26099
XOM,2026-09-04,14:08,159.87,160.05,159.87,159.99,114071
XOM,2026-09-04,14:09,159.985,160.01,159.96,159.98,10715
XOM,2026-09-04,14:10,159.95,159.9689,159.89,159.93,17388
XOM,2026-09-04,14:11,159.93,159.98,159.925,159.96,17063
XOM,2026-09-04,14:12,159.965,159.995,159.94,159.99,14088
XOM,2026-09-04,14:13,159.9891,160.03,159.9891,160,11986
XOM,2026-09-04,14:14,160,160.105,159.9823,160.055,78036
XOM,2026-09-04,14:15,160.055,160.11,160.0219,160.11,61544
XOM,2026-09-04,14:16,160.105,160.15,160.0205,160.07,58485
XOM,2026-09-04,14:17,160.09,160.16,160.085,160.115,32888
XOM,2026-09-04,14:18,160.1206,160.1206,160.03,160.06,20107
XOM,2026-09-04,14:19,160.065,160.07,160.01,160.03,8474
XOM,2026-09-04,14:20,160.01,160.11,160.01,160.015,8004
XOM,2026-09-04,14:21,160.015,160.045,159.95,159.95,12756
XOM,2026-09-04,14:22,159.945,159.99,159.94,159.99,5786
XOM,2026-09-04,14:23,159.98,160.015,159.96,160.015,12184
XOM,2026-09-04,14:24,160,160.05,159.95,160.05,8420
XOM,2026-09-04,14:25,160.04,160.04,159.97,159.97,5371
XOM,2026-09-04,14:26,159.96,160,159.955,160,7273
XOM,2026-09-04,14:27,159.965,159.97,159.93,159.95,6564
XOM,2026-09-04,14:28,159.99,160.06,159.98,160.06,13068
XOM,2026-09-04,14:29,160.07,160.07,160.035,160.035,4745
XOM,2026-09-04,14:30,160.02,160.02,159.965,159.965,9224
XOM,2026-09-04,14:31,159.97,159.98,159.935,159.94,17779
XOM,2026-09-04,14:32,159.94,159.9499,159.92,159.92,6552
XOM,2026-09-04,14:33,159.92,160.005,159.9127,159.97,7988
XOM,2026-09-04,14:34,159.96,159.97,159.91,159.91,16511
XOM,2026-09-04,14:35,159.92,159.93,159.89,159.91,7879
XOM,2026-09-04,14:36,159.92,159.92,159.84,159.9,15831
XOM,2026-09-04,14:37,159.88,159.91,159.86,159.9,7383
XOM,2026-09-04,14:38,159.89,159.92,159.89,159.9,7037
XOM,2026-09-04,14:39,159.89,159.92,159.87,159.89,14041
XOM,2026-09-04,14:40,159.88,159.88,159.84,159.86,9729
XOM,2026-09-04,14:41,159.85,159.9149,159.85,159.895,6870
XOM,2026-09-04,14:42,159.89,159.93,159.89,159.91,9647
XOM,2026-09-04,14:43,159.915,159.92,159.865,159.87,11978
XOM,2026-09-04,14:44,159.875,159.885,159.85,159.86,5462
XOM,2026-09-04,14:45,159.87,159.875,159.8,159.875,21085
XOM,2026-09-04,14:46,159.88,159.9074,159.88,159.88,8344
XOM,2026-09-04,14:47,159.87,159.88,159.835,159.88,8097
XOM,2026-09-04,14:48,159.8899,159.905,159.84,159.8777,11340
XOM,2026-09-04,14:49,159.87,160,159.83,160,25474
XOM,2026-09-04,14:50,159.99,160.13,159.98,160.13,21277
XOM,2026-09-04,14:51,160.13,160.26,160.115,160.16,26670
XOM,2026-09-04,14:52,160.121,160.23,160.121,160.19,9061
XOM,2026-09-04,14:53,160.17,160.19,160.1311,160.145,7880
XOM,2026-09-04,14:54,160.14,160.17,160.13,160.13,6054
XOM,2026-09-04,14:55,160.1301,160.1301,160.085,160.095,46491
XOM,2026-09-04,14:56,160.0806,160.13,160.0806,160.12,10634
XOM,2026-09-04,14:57,160.125,160.15,160.06,160.065,30279
XOM,2026-09-04,14:58,160.063,160.08,159.94,159.95,52541
XOM,2026-09-04,14:59,159.95,159.99,159.94,159.975,7719
XOM,2026-09-04,15:00,159.96,160.0899,159.95,160.025,17393
XOM,2026-09-04,15:01,160.015,160.04,159.97,160,35349
XOM,2026-09-04,15:02,160,160.025,159.96,159.9615,14017
XOM,2026-09-04,15:03,159.94,159.96,159.88,159.925,12517
XOM,2026-09-04,15:04,159.91,159.9292,159.875,159.875,10035
XOM,2026-09-04,15:05,159.87,159.87,159.84,159.87,10269
XOM,2026-09-04,15:06,159.845,159.87,159.78,159.81,11081
XOM,2026-09-04,15:07,159.82,159.845,159.81,159.835,6377
XOM,2026-09-04,15:08,159.82,159.86,159.8001,159.83,11789
XOM,2026-09-04,15:09,159.83,159.83,159.79,159.83,11334
XOM,2026-09-04,15:10,159.81,159.875,159.81,159.85,11192
XOM,2026-09-04,15:11,159.83,159.895,159.82,159.895,11528
XOM,2026-09-04,15:12,159.9024,159.9024,159.83,159.83,9954
XOM,2026-09-04,15:13,159.84,159.84,159.785,159.79,15119
XOM,2026-09-04,15:14,159.8,159.81,159.775,159.79,4206
XOM,2026-09-04,15:15,159.79,159.85,159.785,159.84,9217
XOM,2026-09-04,15:16,159.82,159.9,159.79,159.9,8755
XOM,2026-09-04,15:17,159.88,159.92,159.87,159.915,10736
XOM,2026-09-04,15:18,159.9,159.905,159.87,159.9,6779
XOM,2026-09-04,15:19,159.9,159.96,159.9,159.945,8009
XOM,2026-09-04,15:20,159.92,159.935,159.87,159.88,17444
XOM,2026-09-04,15:21,159.875,159.93,159.86,159.87,15284
XOM,2026-09-04,15:22,159.875,159.875,159.82,159.84,10893
XOM,2026-09-04,15:23,159.83,159.87,159.83,159.85,6644
XOM,2026-09-04,15:24,159.84,159.84,159.77,159.77,18098
XOM,2026-09-04,15:25,159.775,159.82,159.77,159.79,9216
XOM,2026-09-04,15:26,159.785,159.81,159.74,159.75,25724
XOM,2026-09-04,15:27,159.75,159.92,159.75,159.92,25377
XOM,2026-09-04,15:28,159.9,159.9,159.85,159.87,22594
XOM,2026-09-04,15:29,159.89,159.89,159.85,159.85,13021
XOM,2026-09-04,15:30,159.85,159.88,159.76,159.8,40355
XOM,2026-09-04,15:31,159.8,159.89,159.8,159.8206,38488
XOM,2026-09-04,15:32,159.84,159.84,159.715,159.735,16619
XOM,2026-09-04,15:33,159.72,159.7387,159.68,159.71,24497
XOM,2026-09-04,15:34,159.71,159.72,159.65,159.7,21681
XOM,2026-09-04,15:35,159.7,159.79,159.7,159.79,40346
XOM,2026-09-04,15:36,159.77,159.79,159.735,159.78,28444
XOM,2026-09-04,15:37,159.78,159.81,159.71,159.715,26248
XOM,2026-09-04,15:38,159.71,159.75,159.67,159.72,24348
XOM,2026-09-04,15:39,159.71,159.71,159.63,159.6306,15525
XOM,2026-09-04,15:40,159.65,159.74,159.605,159.605,27369
XOM,2026-09-04,15:41,159.61,159.7525,159.61,159.7525,33094
XOM,2026-09-04,15:42,159.76,159.76,159.73,159.76,21455
XOM,2026-09-04,15:43,159.74,159.78,159.67,159.68,47395
XOM,2026-09-04,15:44,159.67,159.72,159.65,159.71,18324
XOM,2026-09-04,15:45,159.7,159.745,159.65,159.69,53928
XOM,2026-09-04,15:46,159.69,159.71,159.61,159.619,41860
XOM,2026-09-04,15:47,159.58,159.6,159.5,159.545,71891
XOM,2026-09-04,15:48,159.54,159.67,159.52,159.67,43325
XOM,2026-09-04,15:49,159.69,159.76,159.58,159.58,32132
XOM,2026-09-04,15:50,159.56,159.59,159.35,159.405,611900
XOM,2026-09-04,15:51,159.41,159.51,159.39,159.51,91403
XOM,2026-09-04,15:52,159.5,159.5,159.41,159.431,68902
XOM,2026-09-04,15:53,159.431,159.545,159.42,159.45,87267
XOM,2026-09-04,15:54,159.44,159.485,159.36,159.45,96312
XOM,2026-09-04,15:55,159.44,159.5,159.39,159.39,148038
XOM,2026-09-04,15:56,159.39,159.605,159.38,159.585,172901
XOM,2026-09-04,15:57,159.59,159.63,159.48,159.5,210591
XOM,2026-09-04,15:58,159.505,159.56,159.36,159.365,272812
XOM,2026-09-04,15:59,159.36,159.52,159.22,159.43,708089
XOM,2026-09-04,16:00,159.47,159.47,159.47,159.47,0
XOM,2026-09-08,09:30,160.61,161.82,160,161.35,442112
XOM,2026-09-08,09:31,161.83,162.25,161.7,162.15,543861
XOM,2026-09-08,09:32,162.15,162.27,161.97,162.21,45699
XOM,2026-09-08,09:33,162.28,162.42,161.95,162.345,62806
XOM,2026-09-08,09:34,162.32,162.71,162.2063,162.69,47685
XOM,2026-09-08,09:35,162.655,162.71,162.09,162.31,77523
XOM,2026-09-08,09:36,162.335,162.88,162.3,162.84,59734
XOM,2026-09-08,09:37,162.865,163.11,162.82,163,55221
XOM,2026-09-08,09:38,163,163.06,162.71,162.72,36139
XOM,2026-09-08,09:39,162.7288,162.7288,162.115,162.275,43092
XOM,2026-09-08,09:40,162.2879,162.41,162.1001,162.1117,66579
XOM,2026-09-08,09:41,162.15,162.3091,162.055,162.3091,27376
XOM,2026-09-08,09:42,162.35,162.51,162.29,162.37,42429
XOM,2026-09-08,09:43,162.31,162.31,161.8001,162.0262,61029
XOM,2026-09-08,09:44,162.005,162.335,162.005,162.2575,19227
XOM,2026-09-08,09:45,162.175,162.175,161.55,161.615,47749
XOM,2026-09-08,09:46,161.54,161.67,161.385,161.385,42072
XOM,2026-09-08,09:47,161.385,161.49,161.252,161.49,46628
XOM,2026-09-08,09:48,161.42,161.57,161.34,161.34,22798
XOM,2026-09-08,09:49,161.345,161.41,160.8,160.8,27348
XOM,2026-09-08,09:50,160.96,161.0089,160.605,160.705,37169
XOM,2026-09-08,09:51,160.67,160.79,160.41,160.79,61458
XOM,2026-09-08,09:52,160.77,160.77,160.55,160.6,20281
XOM,2026-09-08,09:53,160.64,160.7766,160.58,160.705,30965
XOM,2026-09-08,09:54,160.7,160.86,160.66,160.86,16959
XOM,2026-09-08,09:55,160.835,160.86,160.52,160.65,26869
XOM,2026-09-08,09:56,160.66,160.8,160.455,160.54,49733
XOM,2026-09-08,09:57,160.55,160.725,160.55,160.62,12956
XOM,2026-09-08,09:58,160.66,160.66,160.52,160.55,11681
XOM,2026-09-08,09:59,160.52,160.58,160.29,160.505,44867
XOM,2026-09-08,10:00,160.485,160.99,160.485,160.76,37603
XOM,2026-09-08,10:01,160.83,161.09,160.83,161.0897,28877
XOM,2026-09-08,10:02,161.04,161.28,161.04,161.23,32457
XOM,2026-09-08,10:03,161.23,161.28,160.9517,161.2694,35952
XOM,2026-09-08,10:04,161.255,161.41,161.1,161.365,26913
XOM,2026-09-08,10:05,161.355,161.435,161.21,161.395,17319
XOM,2026-09-08,10:06,161.405,161.555,161.37,161.41,26355
XOM,2026-09-08,10:07,161.395,161.51,161.27,161.49,23993
XOM,2026-09-08,10:08,161.46,161.46,161.29,161.3551,13832
XOM,2026-09-08,10:09,161.4,161.425,161.18,161.285,34651
XOM,2026-09-08,10:10,161.35,161.4,161.17,161.28,32706
XOM,2026-09-08,10:11,161.2405,161.6,161.24,161.52,48592
XOM,2026-09-08,10:12,161.5,161.7,161.41,161.6,31277
XOM,2026-09-08,10:13,161.585,161.645,161.2558,161.38,36165
XOM,2026-09-08,10:14,161.36,161.42,161.22,161.42,17584
XOM,2026-09-08,10:15,161.41,161.42,161.29,161.35,14174
XOM,2026-09-08,10:16,161.3361,161.43,161.18,161.4,14660
XOM,2026-09-08,10:17,161.405,161.4399,161.255,161.325,20527
XOM,2026-09-08,10:18,161.38,161.38,161.28,161.29,13527
XOM,2026-09-08,10:19,161.34,161.51,161.34,161.43,41370
XOM,2026-09-08,10:20,161.435,161.47,161.17,161.2,80992
XOM,2026-09-08,10:21,161.22,161.3188,161.14,161.285,55977
XOM,2026-09-08,10:22,161.265,161.265,161.185,161.19,8598
XOM,2026-09-08,10:23,161.26,161.33,161.22,161.22,28731
XOM,2026-09-08,10:24,161.245,161.3,161.175,161.175,10160
XOM,2026-09-08,10:25,161.2099,161.2099,161.125,161.15,9173
XOM,2026-09-08,10:26,161.13,161.27,161.08,161.255,19122
XOM,2026-09-08,10:27,161.25,161.31,161.17,161.23,20762
XOM,2026-09-08,10:28,161.225,161.31,161.17,161.24,19088
XOM,2026-09-08,10:29,161.26,161.4,161.245,161.285,22336
XOM,2026-09-08,10:30,161.32,161.3799,161.265,161.35,22619
XOM,2026-09-08,10:31,161.35,161.35,161.16,161.345,12159
XOM,2026-09-08,10:32,161.36,161.4,161.18,161.24,49016
XOM,2026-09-08,10:33,161.25,161.335,161.17,161.17,19343
XOM,2026-09-08,10:34,161.19,161.22,160.92,160.92,34617
XOM,2026-09-08,10:35,160.92,161.0399,160.92,160.98,18527
XOM,2026-09-08,10:36,160.975,160.99,160.91,160.9749,13791
XOM,2026-09-08,10:37,160.94,161.04,160.91,160.955,13797
XOM,2026-09-08,10:38,160.97,161.08,160.94,160.95,18906
XOM,2026-09-08,10:39,160.95,160.99,160.9,160.905,17722
XOM,2026-09-08,10:40,160.93,161.0476,160.925,160.935,14273
XOM,2026-09-08,10:41,160.95,161.01,160.9,161,9035
XOM,2026-09-08,10:42,160.975,161.04,160.861,161.015,12203
XOM,2026-09-08,10:43,161.01,161.05,160.96,161,11950
XOM,2026-09-08,10:44,161.01,161.04,160.95,160.975,10214
XOM,2026-09-08,10:45,160.99,161.1,160.78,160.805,63165
XOM,2026-09-08,10:46,160.805,161,160.8,160.9801,16670
XOM,2026-09-08,10:47,160.98,161.0508,160.955,161.0508,23663
XOM,2026-09-08,10:48,160.98,161.1,160.94,161.07,8785
XOM,2026-09-08,10:49,161.07,161.09,160.835,160.855,35395
XOM,2026-09-08,10:50,160.865,160.865,160.665,160.665,18681
XOM,2026-09-08,10:51,160.66,160.71,160.55,160.57,25425
XOM,2026-09-08,10:52,160.57,160.61,160.43,160.5,24462
XOM,2026-09-08,10:53,160.485,160.53,160.46,160.49,9396
XOM,2026-09-08,10:54,160.5,160.55,160.4575,160.465,12935
XOM,2026-09-08,10:55,160.49,160.515,160.39,160.46,24736
XOM,2026-09-08,10:56,160.44,160.559,160.42,160.465,24458
XOM,2026-09-08,10:57,160.49,160.505,160.41,160.45,7681
XOM,2026-09-08,10:58,160.479,160.479,160.34,160.355,12792
XOM,2026-09-08,10:59,160.32,160.373,160.21,160.305,21885
XOM,2026-09-08,11:00,160.305,160.36,160.26,160.309,18738
XOM,2026-09-08,11:01,160.29,160.36,160.265,160.2873,13059
XOM,2026-09-08,11:02,160.295,160.295,160.13,160.15,16098
XOM,2026-09-08,11:03,160.175,160.3,160.17,160.27,17527
XOM,2026-09-08,11:04,160.31,160.31,160.14,160.19,18755
XOM,2026-09-08,11:05,160.19,160.26,160.18,160.1982,9645
XOM,2026-09-08,11:06,160.235,160.31,160.23,160.23,5725
XOM,2026-09-08,11:07,160.25,160.27,160.15,160.23,7777
XOM,2026-09-08,11:08,160.225,160.33,160.11,160.1701,54699
XOM,2026-09-08,11:09,160.18,160.28,160.18,160.2,14846
XOM,2026-09-08,11:10,160.212,160.25,160.14,160.25,18829
XOM,2026-09-08,11:11,160.23,160.2301,160.1,160.105,13516
XOM,2026-09-08,11:12,160.115,160.31,160.06,160.31,38194
XOM,2026-09-08,11:13,160.31,160.31,160.19,160.2,17551
XOM,2026-09-08,11:14,160.2,160.29,160.18,160.29,7452
XOM,2026-09-08,11:15,160.28,160.28,160.145,160.145,10339
XOM,2026-09-08,11:16,160.165,160.18,160.06,160.145,13819
XOM,2026-09-08,11:17,160.17,160.33,160.0901,160.295,24412
XOM,2026-09-08,11:18,160.3,160.345,160.255,160.345,7760
XOM,2026-09-08,11:19,160.37,160.43,160.28,160.43,16956
XOM,2026-09-08,11:20,160.5,160.52,160.36,160.4,34607
XOM,2026-09-08,11:21,160.375,160.385,160.3,160.385,12866
XOM,2026-09-08,11:22,160.36,160.505,160.33,160.48,29426
XOM,2026-09-08,11:23,160.45,160.46,160.34,160.34,13706
XOM,2026-09-08,11:24,160.345,160.345,160.14,160.19,36703
XOM,2026-09-08,11:25,160.215,160.26,160.14,160.16,12510
XOM,2026-09-08,11:26,160.18,160.18,160.075,160.15,15439
XOM,2026-09-08,11:27,160.17,160.2,160.095,160.095,17561
XOM,2026-09-08,11:28,160.095,160.095,160.02,160.05,20976
XOM,2026-09-08,11:29,160.06,160.08,159.98,160,33830
XOM,2026-09-08,11:30,159.995,160.02,159.92,159.965,26491
XOM,2026-09-08,11:31,159.9779,159.98,159.86,159.9093,16883
XOM,2026-09-08,11:32,159.87,159.9,159.77,159.78,19924
XOM,2026-09-08,11:33,159.785,159.87,159.78,159.855,10275
XOM,2026-09-08,11:34,159.84,159.92,159.8352,159.8352,13532
XOM,2026-09-08,11:35,159.83,159.87,159.79,159.87,9170
XOM,2026-09-08,11:36,159.88,159.955,159.865,159.9201,10732
XOM,2026-09-08,11:37,159.92,159.95,159.84,159.84,8056
XOM,2026-09-08,11:38,159.79,159.7925,159.57,159.6,32112
XOM,2026-09-08,11:39,159.61,159.62,159.5,159.51,27552
XOM,2026-09-08,11:40,159.5,159.645,159.47,159.63,31454
XOM,2026-09-08,11:41,159.61,159.63,159.56,159.57,11150
XOM,2026-09-08,11:42,159.56,159.58,159.48,159.52,13631
XOM,2026-09-08,11:43,159.525,159.6,159.51,159.585,18230
XOM,2026-09-08,11:44,159.575,159.62,159.52,159.595,15028
XOM,2026-09-08,11:45,159.54,159.62,159.54,159.58,16594
XOM,2026-09-08,11:46,159.61,159.61,159.5,159.54,11172
XOM,2026-09-08,11:47,159.56,159.59,159.45,159.47,19917
XOM,2026-09-08,11:48,159.48,159.61,159.47,159.6,14739
XOM,2026-09-08,11:49,159.6,159.61,159.545,159.61,10493
XOM,2026-09-08,11:50,159.58,159.58,159.45,159.45,18183
XOM,2026-09-08,11:51,159.45,159.56,159.4,159.53,10160
XOM,2026-09-08,11:52,159.55,159.6626,159.55,159.63,15104
XOM,2026-09-08,11:53,159.65,159.66,159.545,159.6075,9383
XOM,2026-09-08,11:54,159.62,159.69,159.62,159.62,13554
XOM,2026-09-08,11:55,159.63,159.63,159.57,159.62,6375
XOM,2026-09-08,11:56,159.61,159.71,159.61,159.71,3990
XOM,2026-09-08,11:57,159.705,159.72,159.62,159.655,11944
XOM,2026-09-08,11:58,159.665,159.68,159.57,159.57,9612
XOM,2026-09-08,11:59,159.565,159.59,159.5,159.55,17004
XOM,2026-09-08,12:00,159.56,159.6169,159.51,159.59,11573
XOM,2026-09-08,12:01,159.61,159.61,159.565,159.565,8542
XOM,2026-09-08,12:02,159.58,159.675,159.56,159.66,16929
XOM,2026-09-08,12:03,159.675,159.75,159.64,159.64,16379
XOM,2026-09-08,12:04,159.66,159.77,159.63,159.72,7806
XOM,2026-09-08,12:05,159.72,159.73,159.635,159.655,6825
XOM,2026-09-08,12:06,159.67,159.72,159.65,159.665,8350
XOM,2026-09-08,12:07,159.67,159.6805,159.585,159.59,9619
XOM,2026-09-08,12:08,159.6,159.6,159.51,159.56,15826
XOM,2026-09-08,12:09,159.56,159.7,159.56,159.67,12802
XOM,2026-09-08,12:10,159.69,159.72,159.65,159.66,9007
XOM,2026-09-08,12:11,159.66,159.72,159.64,159.72,8795
XOM,2026-09-08,12:12,159.77,159.825,159.68,159.695,10364
XOM,2026-09-08,12:13,159.67,159.6779,159.58,159.665,10751
XOM,2026-09-08,12:14,159.675,159.675,159.58,159.615,5707
XOM,2026-09-08,12:15,159.615,159.64,159.59,159.61,9457
XOM,2026-09-08,12:16,159.615,159.63,159.47,159.48,28727
XOM,2026-09-08,12:17,159.52,159.6,159.52,159.5801,7064
XOM,2026-09-08,12:18,159.62,159.715,159.61,159.715,6636
XOM,2026-09-08,12:19,159.73,159.755,159.698,159.698,6178
XOM,2026-09-08,12:20,159.71,159.75,159.68,159.71,8976
XOM,2026-09-08,12:21,159.71,159.729,159.625,159.625,5399
XOM,2026-09-08,12:22,159.625,159.64,159.6,159.62,5701
XOM,2026-09-08,12:23,159.59,159.62,159.56,159.57,10292
XOM,2026-09-08,12:24,159.56,159.58,159.49,159.54,14103
XOM,2026-09-08,12:25,159.52,159.59,159.505,159.59,5941
XOM,2026-09-08,12:26,159.57,159.65,159.57,159.635,6001
XOM,2026-09-08,12:27,159.62,159.625,159.53,159.565,6820
XOM,2026-09-08,12:28,159.59,159.59,159.51,159.525,8434
XOM,2026-09-08,12:29,159.55,159.55,159.48,159.48,7120
XOM,2026-09-08,12:30,159.5103,159.53,159.485,159.525,5104
XOM,2026-09-08,12:31,159.495,159.515,159.48,159.515,8513
XOM,2026-09-08,12:32,159.51,159.53,159.4613,159.5,7681
XOM,2026-09-08,12:33,159.5151,159.5151,159.415,159.415,15441
XOM,2026-09-08,12:34,159.42,159.5199,159.4041,159.47,11009
XOM,2026-09-08,12:35,159.45,159.45,159.31,159.325,24432
XOM,2026-09-08,12:36,159.34,159.36,159.285,159.285,10592
XOM,2026-09-08,12:37,159.28,159.32,159.27,159.28,9054
XOM,2026-09-08,12:38,159.3,159.34,159.19,159.205,11380
XOM,2026-09-08,12:39,159.22,159.23,159.2001,159.2001,6591
XOM,2026-09-08,12:40,159.21,159.255,159.19,159.2364,18196
XOM,2026-09-08,12:41,159.25,159.25,159.12,159.12,12941
XOM,2026-09-08,12:42,159.105,159.13,159.06,159.1,11021
XOM,2026-09-08,12:43,159.07,159.14,159.07,159.12,4415
XOM,2026-09-08,12:44,159.106,159.16,159.1,159.11,13752
XOM,2026-09-08,12:45,159.1,159.1,158.93,159.07,46082
XOM,2026-09-08,12:46,159.1,159.1,159.05,159.075,8979
XOM,2026-09-08,12:47,159.05,159.115,159.02,159.1,5969
XOM,2026-09-08,12:48,159.08,159.1,159.03,159.03,6990
XOM,2026-09-08,12:49,159.02,159.05,159,159.035,8800
XOM,2026-09-08,12:50,159.05,159.0999,158.9703,159,16162
XOM,2026-09-08,12:51,159.01,159.055,158.9872,159,7707
XOM,2026-09-08,12:52,159.06,159.095,158.97,158.97,16927
XOM,2026-09-08,12:53,158.9751,158.99,158.84,158.845,13854
XOM,2026-09-08,12:54,158.835,158.86,158.81,158.85,20495
XOM,2026-09-08,12:55,158.845,158.9,158.8301,158.9,12546
XOM,2026-09-08,12:56,158.89,159.14,158.835,159.075,30432
XOM,2026-09-08,12:57,159.07,159.1,159.01,159.07,12727
XOM,2026-09-08,12:58,159.1,159.1212,159.05,159.1,7281
XOM,2026-09-08,12:59,159.085,159.265,159.085,159.26,21565
XOM,2026-09-08,13:00,159.26,159.31,159.19,159.21,10183
XOM,2026-09-08,13:01,159.21,159.21,158.9553,158.97,22519
XOM,2026-09-08,13:02,159,159.09,159,159.0742,8937
XOM,2026-09-08,13:03,159.0524,159.09,158.89,158.89,20850
XOM,2026-09-08,13:04,158.88,158.95,158.84,158.8799,12629
XOM,2026-09-08,13:05,158.86,158.89,158.8,158.8186,10540
XOM,2026-09-08,13:06,158.81,158.8199,158.75,158.8199,10923
XOM,2026-09-08,13:07,158.765,158.905,158.76,158.9,6768
XOM,2026-09-08,13:08,158.88,158.96,158.81,158.96,10510
XOM,2026-09-08,13:09,158.95,158.97,158.82,158.82,9370
XOM,2026-09-08,13:10,158.84,158.89,158.825,158.88,7965
XOM,2026-09-08,13:11,158.88,158.8997,158.8192,158.84,5617
XOM,2026-09-08,13:12,158.82,158.865,158.8,158.85,10077
XOM,2026-09-08,13:13,158.87,158.87,158.8,158.865,7400
XOM,2026-09-08,13:14,158.83,158.87,158.8,158.84,9916
XOM,2026-09-08,13:15,158.83,158.87,158.79,158.855,6530
XOM,2026-09-08,13:16,158.88,158.91,158.84,158.9,15059
XOM,2026-09-08,13:17,158.92,158.92,158.84,158.88,21867
XOM,2026-09-08,13:18,158.88,158.9176,158.85,158.89,7381
XOM,2026-09-08,13:19,158.87,158.89,158.85,158.87,11220
XOM,2026-09-08,13:20,158.89,158.92,158.87,158.905,5319
XOM,2026-09-08,13:21,158.93,158.96,158.89,158.96,10090
XOM,2026-09-08,13:22,158.97,159,158.94,158.985,6642
XOM,2026-09-08,13:23,158.97,159.035,158.96,159.035,7050
XOM,2026-09-08,13:24,159.035,159.04,158.97,158.97,10043
XOM,2026-09-08,13:25,158.95,158.95,158.84,158.84,13247
XOM,2026-09-08,13:26,158.875,158.915,158.875,158.905,4674
XOM,2026-09-08,13:27,158.89,158.91,158.86,158.9,5816
XOM,2026-09-08,13:28,158.9,158.91,158.87,158.89,5614
XOM,2026-09-08,13:29,158.88,158.96,158.86,158.96,10330
XOM,2026-09-08,13:30,158.94,158.97,158.9001,158.93,5765
XOM,2026-09-08,13:31,158.925,159.21,158.91,159.15,23646
XOM,2026-09-08,13:32,159.15,159.15,159.06,159.095,10994
XOM,2026-09-08,13:33,159.11,159.12,159.06,159.1,16950
XOM,2026-09-08,13:34,159.08,159.12,159.005,159.03,14540
XOM,2026-09-08,13:35,159.025,159.1,159.025,159.1,4396
XOM,2026-09-08,13:36,159.08,159.45,159.08,159.445,17642
XOM,2026-09-08,13:37,159.44,159.48,159.39,159.3994,14830
XOM,2026-09-08,13:38,159.405,159.46,159.38,159.44,17210
XOM,2026-09-08,13:39,159.4392,159.49,159.41,159.475,14844
XOM,2026-09-08,13:40,159.475,159.5,159.46,159.495,13553
XOM,2026-09-08,13:41,159.495,159.54,159.42,159.44,18581
XOM,2026-09-08,13:42,159.46,159.61,159.44,159.61,12375
XOM,2026-09-08,13:43,159.62,159.75,159.615,159.69,12601
XOM,2026-09-08,13:44,159.67,159.76,159.631,159.76,14742
XOM,2026-09-08,13:45,159.7471,159.77,159.67,159.71,25615
XOM,2026-09-08,13:46,159.7,159.71,159.59,159.68,10634
XOM,2026-09-08,13:47,159.71,159.7399,159.68,159.68,3980
XOM,2026-09-08,13:48,159.6999,159.71,159.66,159.69,5781
XOM,2026-09-08,13:49,159.7,159.87,159.7,159.8,39682
XOM,2026-09-08,13:50,159.81,159.93,159.78,159.91,7677
XOM,2026-09-08,13:51,159.91,159.95,159.89,159.95,11418
XOM,2026-09-08,13:52,159.935,159.935,159.8,159.81,20948
XOM,2026-09-08,13:53,159.83,159.88,159.78,159.86,8514
XOM,2026-09-08,13:54,159.88,159.88,159.83,159.83,9378
XOM,2026-09-08,13:55,159.82,159.91,159.82,159.85,9182
XOM,2026-09-08,13:56,159.85,159.88,159.83,159.85,7697
XOM,2026-09-08,13:57,159.85,159.9,159.85,159.855,8180
XOM,2026-09-08,13:58,159.88,159.9147,159.87,159.88,9994
XOM,2026-09-08,13:59,159.88,159.8879,159.81,159.86,12778
XOM,2026-09-08,14:00,159.86,159.98,159.85,159.93,13253
XOM,2026-09-08,14:01,159.92,159.93,159.87,159.9,20118
XOM,2026-09-08,14:02,159.92,159.96,159.88,159.915,8217
XOM,2026-09-08,14:03,159.95,160,159.935,160,14204
XOM,2026-09-08,14:04,159.97,159.99,159.89,159.93,16737
XOM,2026-09-08,14:05,159.89,159.94,159.86,159.94,7428
XOM,2026-09-08,14:06,159.98,159.98,159.91,159.945,7461
XOM,2026-09-08,14:07,159.96,159.96,159.91,159.94,5207
XOM,2026-09-08,14:08,159.945,159.9799,159.92,159.965,7118
XOM,2026-09-08,14:09,159.96,159.99,159.94,159.985,16066
XOM,2026-09-08,14:10,159.9602,160.0599,159.9602,159.9887,6811
XOM,2026-09-08,14:11,159.97,160.11,159.96,160.09,9927
XOM,2026-09-08,14:12,160.11,160.175,160.09,160.135,12146
XOM,2026-09-08,14:13,160.15,160.18,160.14,160.175,6776
XOM,2026-09-08,14:14,160.175,160.195,160.09,160.13,10443
XOM,2026-09-08,14:15,160.135,160.1377,160.07,160.1,12661
XOM,2026-09-08,14:16,160.08,160.11,160.075,160.11,5969
XOM,2026-09-08,14:17,160.11,160.24,160.11,160.2,6446
XOM,2026-09-08,14:18,160.2307,160.27,160.1901,160.27,11428
XOM,2026-09-08,14:19,160.27,160.29,160.24,160.29,10455
XOM,2026-09-08,14:20,160.2501,160.33,160.2501,160.32,17925
XOM,2026-09-08,14:21,160.328,160.355,160.328,160.35,15417
XOM,2026-09-08,14:22,160.36,160.4053,160.36,160.38,10157
XOM,2026-09-08,14:23,160.38,160.38,160.28,160.29,26140
XOM,2026-09-08,14:24,160.32,160.36,160.32,160.34,5020
XOM,2026-09-08,14:25,160.34,160.34,160.31,160.335,4832
XOM,2026-09-08,14:26,160.35,160.39,160.34,160.3435,9038
XOM,2026-09-08,14:27,160.389,160.389,160.33,160.37,9169
XOM,2026-09-08,14:28,160.38,160.415,160.31,160.41,29746
XOM,2026-09-08,14:29,160.43,160.43,160.392,160.41,11215
XOM,2026-09-08,14:30,160.4,160.4,160.32,160.32,10470
XOM,2026-09-08,14:31,160.365,160.39,160.35,160.37,8045
XOM,2026-09-08,14:32,160.35,160.35,160.2554,160.27,13445
XOM,2026-09-08,14:33,160.28,160.28,160.16,160.17,13188
XOM,2026-09-08,14:34,160.165,160.19,160.1301,160.175,15736
XOM,2026-09-08,14:35,160.1601,160.1601,160.075,160.09,14465
XOM,2026-09-08,14:36,160.105,160.21,160.105,160.18,10676
XOM,2026-09-08,14:37,160.18,160.21,160.17,160.205,15397
XOM,2026-09-08,14:38,160.205,160.21,160.17,160.195,13763
XOM,2026-09-08,14:39,160.1919,160.198,160.08,160.09,10922
XOM,2026-09-08,14:40,160.09,160.09,160.04,160.075,5391
XOM,2026-09-08,14:41,160.065,160.07,160.01,160.07,13871
XOM,2026-09-08,14:42,160.11,160.16,160.08,160.155,9905
XOM,2026-09-08,14:43,160.14,160.16,160.12,160.14,7614
XOM,2026-09-08,14:44,160.15,160.3029,160.15,160.3029,9239
XOM,2026-09-08,14:45,160.3,160.3,160.17,160.17,11612
XOM,2026-09-08,14:46,160.175,160.2,160.13,160.15,5377
XOM,2026-09-08,14:47,160.15,160.26,160.02,160.23,48765
XOM,2026-09-08,14:48,160.23,160.63,160.21,160.63,44803
XOM,2026-09-08,14:49,160.63,160.68,160.38,160.38,26157
XOM,2026-09-08,14:50,160.35,160.3816,160.265,160.355,19813
XOM,2026-09-08,14:51,160.36,160.61,160.32,160.61,8381
XOM,2026-09-08,14:52,160.62,160.77,160.609,160.77,22937
XOM,2026-09-08,14:53,160.8082,160.8082,160.49,160.49,24049
XOM,2026-09-08,14:54,160.485,160.6976,160.485,160.63,9039
XOM,2026-09-08,14:55,160.63,160.78,160.58,160.69,12355
XOM,2026-09-08,14:56,160.69,160.73,160.6351,160.65,14648
XOM,2026-09-08,14:57,160.62,160.635,160.535,160.56,9783
XOM,2026-09-08,14:58,160.57,160.59,160.54,160.57,9083
XOM,2026-09-08,14:59,160.575,160.65,160.575,160.65,28008
XOM,2026-09-08,15:00,160.64,160.64,160.45,160.46,15242
XOM,2026-09-08,15:01,160.44,160.54,160.44,160.53,10292
XOM,2026-09-08,15:02,160.54,160.57,160.4709,160.5,9577
XOM,2026-09-08,15:03,160.5,160.58,160.49,160.56,9876
XOM,2026-09-08,15:04,160.535,160.55,160.46,160.5099,10262
XOM,2026-09-08,15:05,160.505,160.5816,160.505,160.55,6964
XOM,2026-09-08,15:06,160.54,160.61,160.54,160.6,15896
XOM,2026-09-08,15:07,160.58,160.61,160.53,160.53,20456
XOM,2026-09-08,15:08,160.54,160.61,160.54,160.595,6349
XOM,2026-09-08,15:09,160.61,160.64,160.555,160.625,11735
XOM,2026-09-08,15:10,160.64,160.71,160.61,160.7,19573
XOM,2026-09-08,15:11,160.6909,160.79,160.6909,160.72,21753
XOM,2026-09-08,15:12,160.75,160.8,160.73,160.78,8686
XOM,2026-09-08,15:13,160.79,160.8055,160.77,160.785,15873
XOM,2026-09-08,15:14,160.7706,160.7706,160.66,160.6899,15083
XOM,2026-09-08,15:15,160.68,160.69,160.63,160.69,24917
XOM,2026-09-08,15:16,160.67,160.695,160.6,160.615,18248
XOM,2026-09-08,15:17,160.64,160.72,160.635,160.69,29994
XOM,2026-09-08,15:18,160.72,160.75,160.68,160.71,15699
XOM,2026-09-08,15:19,160.7,160.75,160.7,160.73,13009
XOM,2026-09-08,15:20,160.71,160.8,160.7,160.79,8685
XOM,2026-09-08,15:21,160.8,160.84,160.79,160.815,13825
XOM,2026-09-08,15:22,160.8201,160.87,160.8,160.8601,18447
XOM,2026-09-08,15:23,160.88,160.88,160.76,160.775,28494
XOM,2026-09-08,15:24,160.775,160.86,160.775,160.79,8150
XOM,2026-09-08,15:25,160.78,160.81,160.73,160.75,21876
XOM,2026-09-08,15:26,160.75,160.77,160.68,160.7,11003
XOM,2026-09-08,15:27,160.71,160.9,160.7,160.89,74786
XOM,2026-09-08,15:28,160.9,161.02,160.88,160.98,44334
XOM,2026-09-08,15:29,160.99,161.03,160.94,161.005,19468
XOM,2026-09-08,15:30,161.005,161.17,160.97,161.13,61431
XOM,2026-09-08,15:31,161.14,161.2,161.085,161.15,34304
XOM,2026-09-08,15:32,161.15,161.17,161,161.13,19685
XOM,2026-09-08,15:33,161.15,161.19,161.115,161.16,15214
XOM,2026-09-08,15:34,161.12,161.17,161,161.08,31203
XOM,2026-09-08,15:35,161.06,161.165,161.06,161.14,24233
XOM,2026-09-08,15:36,161.1599,161.17,161.05,161.1,23707
XOM,2026-09-08,15:37,161.11,161.2,161.11,161.11,18537
XOM,2026-09-08,15:38,161.1228,161.15,161.08,161.11,15657
XOM,2026-09-08,15:39,161.13,161.14,161.1,161.1332,10285
XOM,2026-09-08,15:40,161.125,161.2292,161.09,161.205,40792
XOM,2026-09-08,15:41,161.2,161.2139,161.14,161.1972,27786
XOM,2026-09-08,15:42,161.22,161.25,161.18,161.19,24520
XOM,2026-09-08,15:43,161.2,161.25,161.12,161.12,18409
XOM,2026-09-08,15:44,161.11,161.14,161.08,161.105,15149
XOM,2026-09-08,15:45,161.105,161.105,160.98,161.03,59100
XOM,2026-09-08,15:46,161.04,161.04,160.88,160.89,21626
XOM,2026-09-08,15:47,160.89,160.92,160.87,160.905,16894
XOM,2026-09-08,15:48,160.905,160.96,160.8651,160.92,57042
XOM,2026-09-08,15:49,160.95,160.975,160.81,160.86,30533
XOM,2026-09-08,15:50,160.84,160.88,160.66,160.66,93451
XOM,2026-09-08,15:51,160.64,160.64,160.5,160.61,39465
XOM,2026-09-08,15:52,160.6,160.72,160.59,160.72,541738
XOM,2026-09-08,15:53,160.72,160.85,160.71,160.84,62936
XOM,2026-09-08,15:54,160.83,160.83,160.62,160.64,34987
XOM,2026-09-08,15:55,160.64,160.86,160.57,160.85,74615
XOM,2026-09-08,15:56,160.835,160.87,160.77,160.823,54484
XOM,2026-09-08,15:57,160.84,161.04,160.805,160.89,94267
XOM,2026-09-08,15:58,160.89,160.89,160.68,160.785,156003
XOM,2026-09-08,15:59,160.78,160.81,160.63,160.7,333721
XOM,2026-09-08,16:00,160.66,160.66,160.66,160.66,0
XOM,2026-09-09,09:30,162.875,163.22,162.825,162.825,238383
XOM,2026-09-09,09:31,162.825,162.84,162.825,162.84,5778
XOM,2026-09-09,09:32,162.825,163.21,162.81,163.09,20309
XOM,2026-09-09,09:33,163.18,163.34,163.175,163.175,6278
XOM,2026-09-09,09:34,163.195,163.195,162.92,162.92,5336
XOM,2026-09-09,09:35,162.92,163.63,162.55,163.46,338960
XOM,2026-09-09,09:36,163.4551,164.305,163.37,164.3,122165
XOM,2026-09-09,09:37,164.3,164.5,164.03,164.46,64885
XOM,2026-09-09,09:38,164.4771,164.81,164.3001,164.76,75895
XOM,2026-09-09,09:39,164.76,165.05,164.7,164.89,114943
XOM,2026-09-09,09:40,164.89,165.01,164.7101,164.7101,76108
XOM,2026-09-09,09:41,164.78,164.86,164.58,164.7761,48921
XOM,2026-09-09,09:42,164.785,164.84,164.67,164.81,16114
XOM,2026-09-09,09:43,164.81,164.83,164.3064,164.38,42936
XOM,2026-09-09,09:44,164.43,164.645,164.33,164.645,26554
XOM,2026-09-09,09:45,164.75,164.77,164.54,164.56,26670
XOM,2026-09-09,09:46,164.54,164.57,164.42,164.485,28538
XOM,2026-09-09,09:47,164.49,164.68,164.4,164.51,69778
XOM,2026-09-09,09:48,164.56,164.58,164.3,164.51,63344
XOM,2026-09-09,09:49,164.5,164.7,164.48,164.595,39260
XOM,2026-09-09,09:50,164.55,164.81,164.54,164.64,42289
XOM,2026-09-09,09:51,164.66,164.73,164.58,164.72,15016
XOM,2026-09-09,09:52,164.77,164.795,164.65,164.775,28249
XOM,2026-09-09,09:53,164.75,164.78,164.33,164.385,55082
XOM,2026-09-09,09:54,164.38,164.4,164.25,164.3,24087
XOM,2026-09-09,09:55,164.265,164.27,163.92,164.24,96059
XOM,2026-09-09,09:56,164.24,164.2599,163.8801,163.93,29046
XOM,2026-09-09,09:57,163.93,164.14,163.93,164.05,26359
XOM,2026-09-09,09:58,164.05,164.06,163.79,163.85,27676
XOM,2026-09-09,09:59,163.8004,163.96,163.68,163.88,38522
XOM,2026-09-09,10:00,163.88,163.93,163.71,163.745,28389
XOM,2026-09-09,10:01,163.75,163.75,163.52,163.52,24250
XOM,2026-09-09,10:02,163.51,163.52,163.35,163.485,36188
XOM,2026-09-09,10:03,163.45,163.49,163.2877,163.36,20326
XOM,2026-09-09,10:04,163.36,163.5119,163.33,163.465,25435
XOM,2026-09-09,10:05,163.51,163.79,163.39,163.79,26691
XOM,2026-09-09,10:06,163.73,163.73,163.44,163.63,20534
XOM,2026-09-09,10:07,163.66,163.8,163.52,163.52,25987
XOM,2026-09-09,10:08,163.545,163.615,163.5,163.565,25280
XOM,2026-09-09,10:09,163.58,163.62,163.5,163.6,22387
XOM,2026-09-09,10:10,163.63,163.67,163.3,163.335,40609
XOM,2026-09-09,10:11,163.34,163.45,163.13,163.2,64181
XOM,2026-09-09,10:12,163.22,163.48,163.205,163.2606,34029
XOM,2026-09-09,10:13,163.31,163.46,163.2925,163.38,15334
XOM,2026-09-09,10:14,163.38,163.42,163.26,163.295,19675
XOM,2026-09-09,10:15,163.295,163.295,162.97,163.03,29507
XOM,2026-09-09,10:16,163,163.13,162.99,163.11,32820
XOM,2026-09-09,10:17,163.11,163.1395,162.86,162.92,43979
XOM,2026-09-09,10:18,162.93,162.96,162.8,162.92,21113
XOM,2026-09-09,10:19,162.9,163.03,162.87,163,17334
XOM,2026-09-09,10:20,162.98,163.12,162.98,163.03,63242
XOM,2026-09-09,10:21,163,163.15,162.97,163.08,50756
XOM,2026-09-09,10:22,163.06,163.19,163.03,163.19,37326
XOM,2026-09-09,10:23,163.1701,163.56,163.11,163.12,62662
XOM,2026-09-09,10:24,163.15,163.38,163.05,163.375,116322
XOM,2026-09-09,10:25,163.37,163.41,163.15,163.18,34039
XOM,2026-09-09,10:26,163.17,163.17,162.8,162.83,37482
XOM,2026-09-09,10:27,162.79,162.93,162.7,162.91,14820
XOM,2026-09-09,10:28,162.86,162.95,162.78,162.83,16701
XOM,2026-09-09,10:29,162.8102,162.93,162.8,162.925,31455
XOM,2026-09-09,10:30,162.94,163.47,162.94,163.45,35475
XOM,2026-09-09,10:31,163.49,163.56,163.39,163.445,30662
XOM,2026-09-09,10:32,163.44,163.61,163.42,163.49,16040
XOM,2026-09-09,10:33,163.49,163.49,163.04,163.145,41174
XOM,2026-09-09,10:34,163.115,163.1799,162.925,162.925,26268
XOM,2026-09-09,10:35,162.9699,163,162.88,162.9,32344
XOM,2026-09-09,10:36,162.91,163.13,162.91,163.1,36567
XOM,2026-09-09,10:37,163.14,163.18,162.755,163.12,44242
XOM,2026-09-09,10:38,163.1791,163.37,163.09,163.37,12405
XOM,2026-09-09,10:39,163.4,163.43,163.29,163.425,17149
XOM,2026-09-09,10:40,163.425,163.52,163.4108,163.52,9121
XOM,2026-09-09,10:41,163.47,163.83,163.47,163.7201,21842
XOM,2026-09-09,10:42,163.8,163.82,163.46,163.475,30175
XOM,2026-09-09,10:43,163.46,163.48,163.3601,163.47,17431
XOM,2026-09-09,10:44,163.431,163.465,163.37,163.37,13029
XOM,2026-09-09,10:45,163.41,163.61,163.41,163.58,40875
XOM,2026-09-09,10:46,163.58,163.705,163.575,163.665,17556
XOM,2026-09-09,10:47,163.63,163.66,163.555,163.61,10151
XOM,2026-09-09,10:48,163.65,163.71,163.6,163.66,15977
XOM,2026-09-09,10:49,163.665,163.78,163.65,163.69,18440
XOM,2026-09-09,10:50,163.6974,163.73,163.62,163.6359,16616
XOM,2026-09-09,10:51,163.635,163.87,163.62,163.635,48081
XOM,2026-09-09,10:52,163.64,163.8,163.6,163.735,11292
XOM,2026-09-09,10:53,163.735,163.86,163.7,163.86,9347
XOM,2026-09-09,10:54,163.86,163.9,163.7,163.7,20637
XOM,2026-09-09,10:55,163.69,163.8,163.69,163.71,7063
XOM,2026-09-09,10:56,163.72,163.7301,163.59,163.66,21002
XOM,2026-09-09,10:57,163.7,163.805,163.69,163.7,10865
XOM,2026-09-09,10:58,163.705,163.705,163.375,163.435,23100
XOM,2026-09-09,10:59,163.4,163.48,163.32,163.41,35258
XOM,2026-09-09,11:00,163.39,163.635,163.39,163.5701,56298
XOM,2026-09-09,11:01,163.55,163.62,163.55,163.615,9661
XOM,2026-09-09,11:02,163.63,163.66,163.56,163.64,21532
XOM,2026-09-09,11:03,163.61,163.61,163.49,163.525,27973
XOM,2026-09-09,11:04,163.56,163.58,163.35,163.39,36191
XOM,2026-09-09,11:05,163.36,163.37,163.25,163.29,10147
XOM,2026-09-09,11:06,163.29,163.3374,163.1501,163.3374,12139
XOM,2026-09-09,11:07,163.29,163.29,163.14,163.15,34258
XOM,2026-09-09,11:08,163.155,163.24,163.12,163.13,25906
XOM,2026-09-09,11:09,163.16,163.16,162.715,162.91,74070
XOM,2026-09-09,11:10,162.87,163,162.84,162.881,15587
XOM,2026-09-09,11:11,162.94,162.94,162.72,162.94,27349
XOM,2026-09-09,11:12,162.925,163.03,162.92,162.9799,11372
XOM,2026-09-09,11:13,162.97,163.255,162.92,163.25,31085
XOM,2026-09-09,11:14,163.24,163.34,163.2,163.29,7604
XOM,2026-09-09,11:15,163.28,163.34,163.18,163.23,18004
XOM,2026-09-09,11:16,163.225,163.335,163.2,163.28,11733
XOM,2026-09-09,11:17,163.26,163.26,163.16,163.215,11173
XOM,2026-09-09,11:18,163.215,163.29,163.0701,163.0701,22959
XOM,2026-09-09,11:19,163.1,163.24,163.1,163.2075,6403
XOM,2026-09-09,11:20,163.28,163.36,163.17,163.3,17435
XOM,2026-09-09,11:21,163.35,163.49,163.2601,163.38,40331
XOM,2026-09-09,11:22,163.33,163.47,163.33,163.385,13985
XOM,2026-09-09,11:23,163.385,163.48,163.36,163.39,14235
XOM,2026-09-09,11:24,163.395,163.45,163.3595,163.4001,5715
XOM,2026-09-09,11:25,163.435,163.55,163.39,163.55,17923
XOM,2026-09-09,11:26,163.52,163.58,163.45,163.58,12428
XOM,2026-09-09,11:27,163.6,163.75,163.58,163.6001,23540
XOM,2026-09-09,11:28,163.6,163.62,163.53,163.55,15549
XOM,2026-09-09,11:29,163.56,163.64,163.56,163.61,13293
XOM,2026-09-09,11:30,163.605,163.675,163.54,163.61,42182
XOM,2026-09-09,11:31,163.6176,163.6176,163.52,163.57,8152
XOM,2026-09-09,11:32,163.57,163.67,163.56,163.615,18457
XOM,2026-09-09,11:33,163.605,163.62,163.55,163.55,11801
XOM,2026-09-09,11:34,163.52,163.63,163.49,163.595,10799
XOM,2026-09-09,11:35,163.595,163.595,163.53,163.565,15283
XOM,2026-09-09,11:36,163.57,163.64,163.51,163.515,10631
XOM,2026-09-09,11:37,163.515,163.525,163.47,163.4801,14602
XOM,2026-09-09,11:38,163.49,163.58,163.49,163.55,12133
XOM,2026-09-09,11:39,163.55,163.66,163.43,163.46,36842
XOM,2026-09-09,11:40,163.4,163.59,163.35,163.56,19583
XOM,2026-09-09,11:41,163.59,163.7,163.59,163.7,13876
XOM,2026-09-09,11:42,163.71,163.75,163.59,163.62,14148
XOM,2026-09-09,11:43,163.58,163.595,163.39,163.39,12277
XOM,2026-09-09,11:44,163.38,163.4499,163.36,163.375,15823
XOM,2026-09-09,11:45,163.38,163.42,163.32,163.395,4915
XOM,2026-09-09,11:46,163.41,163.41,163.34,163.37,4597
XOM,2026-09-09,11:47,163.37,163.4,163.35,163.39,9954
XOM,2026-09-09,11:48,163.385,163.43,163.385,163.4,5812
XOM,2026-09-09,11:49,163.41,163.51,163.39,163.5,19642
XOM,2026-09-09,11:50,163.47,163.5,163.42,163.5,179760
XOM,2026-09-09,11:51,163.48,163.48,163.41,163.45,13763
XOM,2026-09-09,11:52,163.45,163.52,163.37,163.385,28380
XOM,2026-09-09,11:53,163.41,163.45,163.41,163.44,3383
XOM,2026-09-09,11:54,163.44,163.4878,163.44,163.485,6700
XOM,2026-09-09,11:55,163.5,163.5,163.47,163.49,6584
XOM,2026-09-09,11:56,163.46,163.54,163.445,163.505,8744
XOM,2026-09-09,11:57,163.505,163.6,163.495,163.545,7263
XOM,2026-09-09,11:58,163.53,163.53,163.465,163.475,12770
XOM,2026-09-09,11:59,163.5,163.54,163.4845,163.49,4877
XOM,2026-09-09,12:00,163.49,163.505,163.45,163.48,7932
XOM,2026-09-09,12:01,163.475,163.53,163.465,163.495,15825
XOM,2026-09-09,12:02,163.525,163.56,163.48,163.55,9042
XOM,2026-09-09,12:03,163.53,163.6,163.49,163.5,17836
XOM,2026-09-09,12:04,163.47,163.5271,163.44,163.5151,11080
XOM,2026-09-09,12:05,163.53,163.53,163.43,163.43,9884
XOM,2026-09-09,12:06,163.42,163.5,163.42,163.5,7258
XOM,2026-09-09,12:07,163.505,163.52,163.47,163.475,6614
XOM,2026-09-09,12:08,163.48,163.53,163.3536,163.51,24234
XOM,2026-09-09,12:09,163.52,163.7024,163.52,163.68,15718
XOM,2026-09-09,12:10,163.68,163.705,163.6301,163.68,9701
XOM,2026-09-09,12:11,163.68,163.755,163.675,163.73,10850
XOM,2026-09-09,12:12,163.74,163.75,163.7,163.75,11110
XOM,2026-09-09,12:13,163.745,163.799,163.73,163.77,19773
XOM,2026-09-09,12:14,163.785,163.89,163.78,163.83,26478
XOM,2026-09-09,12:15,163.84,163.852,163.8,163.83,21554
XOM,2026-09-09,12:16,163.83,163.88,163.76,163.875,23102
XOM,2026-09-09,12:17,163.9,163.92,163.75,163.77,28592
XOM,2026-09-09,12:18,163.807,163.87,163.75,163.78,16150
XOM,2026-09-09,12:19,163.8,163.84,163.7254,163.84,38376
XOM,2026-09-09,12:20,163.815,163.86,163.8,163.8251,27384
XOM,2026-09-09,12:21,163.8251,163.9,163.78,163.9,17226
XOM,2026-09-09,12:22,163.88,163.96,163.88,163.96,7235
XOM,2026-09-09,12:23,163.98,164.03,163.895,163.905,23907
XOM,2026-09-09,12:24,163.93,163.93,163.84,163.885,29264
XOM,2026-09-09,12:25,163.885,163.96,163.88,163.95,25735
XOM,2026-09-09,12:26,163.945,164.07,163.945,164.065,30842
XOM,2026-09-09,12:27,164.0799,164.14,164.0799,164.125,9344
XOM,2026-09-09,12:28,164.11,164.16,164.08,164.08,42579
XOM,2026-09-09,12:29,164.08,164.105,164.03,164.105,9771
XOM,2026-09-09,12:30,164.099,164.099,164.06,164.0899,7707
XOM,2026-09-09,12:31,164.09,164.12,164.05,164.12,9219
XOM,2026-09-09,12:32,164.17,164.2,164.15,164.175,12607
XOM,2026-09-09,12:33,164.2,164.2,164.09,164.12,14688
XOM,2026-09-09,12:34,164.12,164.13,164.055,164.08,9085
XOM,2026-09-09,12:35,164.05,164.08,164.02,164.08,8133
XOM,2026-09-09,12:36,164.07,164.15,164.03,164.08,17369
XOM,2026-09-09,12:37,164.08,164.08,163.8639,163.9,17784
XOM,2026-09-09,12:38,163.91,163.95,163.8901,163.949,10135
XOM,2026-09-09,12:39,163.94,163.96,163.82,163.86,35894
XOM,2026-09-09,12:40,163.83,163.83,163.745,163.745,13814
XOM,2026-09-09,12:41,163.74,163.77,163.63,163.63,8763
XOM,2026-09-09,12:42,163.68,163.765,163.68,163.72,8487
XOM,2026-09-09,12:43,163.705,163.765,163.5701,163.5701,10394
XOM,2026-09-09,12:44,163.58,163.67,163.56,163.6,17398
XOM,2026-09-09,12:45,163.62,163.65,163.6,163.615,5623
XOM,2026-09-09,12:46,163.6,163.68,163.59,163.68,6701
XOM,2026-09-09,12:47,163.6651,163.7,163.64,163.66,9665
XOM,2026-09-09,12:48,163.67,163.695,163.63,163.6605,15205
XOM,2026-09-09,12:49,163.63,163.66,163.62,163.64,5914
XOM,2026-09-09,12:50,163.65,163.69,163.65,163.69,6830
XOM,2026-09-09,12:51,163.7,163.89,163.6901,163.8301,68302
XOM,2026-09-09,12:52,163.83,163.89,163.7642,163.89,9219
XOM,2026-09-09,12:53,163.88,163.895,163.86,163.86,4921
XOM,2026-09-09,12:54,163.84,163.84,163.76,163.81,11558
XOM,2026-09-09,12:55,163.8,163.85,163.78,163.85,6578
XOM,2026-09-09,12:56,163.85,163.875,163.84,163.84,6502
XOM,2026-09-09,12:57,163.845,163.845,163.8,163.8,11320
XOM,2026-09-09,12:58,163.8,163.8,163.75,163.785,18080
XOM,2026-09-09,12:59,163.81,163.84,163.8,163.82,10716
XOM,2026-09-09,13:00,163.825,163.87,163.82,163.84,11225
XOM,2026-09-09,13:01,163.83,163.8399,163.79,163.805,11531
XOM,2026-09-09,13:02,163.805,163.815,163.74,163.76,14270
XOM,2026-09-09,13:03,163.76,163.8099,163.76,163.79,6444
XOM,2026-09-09,13:04,163.78,163.82,163.7563,163.785,8405
XOM,2026-09-09,13:05,163.78,163.855,163.78,163.85,8061
XOM,2026-09-09,13:06,163.855,164.035,163.855,164.035,19910
XOM,2026-09-09,13:07,164.025,164.09,164.01,164.08,18521
XOM,2026-09-09,13:08,164.09,164.12,164.025,164.035,14454
XOM,2026-09-09,13:09,164.04,164.085,164,164.04,9480
XOM,2026-09-09,13:10,164.03,164.065,164.02,164.065,12126
XOM,2026-09-09,13:11,164.09,164.11,164.06,164.06,8438
XOM,2026-09-09,13:12,164.05,164.08,164.04,164.08,4250
XOM,2026-09-09,13:13,164.075,164.1,164.07,164.08,8380
XOM,2026-09-09,13:14,164.095,164.165,164.09,164.15,9705
XOM,2026-09-09,13:15,164.16,164.22,164.16,164.22,8759
XOM,2026-09-09,13:16,164.205,164.25,164.205,164.23,8153
XOM,2026-09-09,13:17,164.23,164.35,164.2,164.3317,25550
XOM,2026-09-09,13:18,164.345,164.3595,164.31,164.32,15877
XOM,2026-09-09,13:19,164.32,164.39,164.32,164.34,13944
XOM,2026-09-09,13:20,164.34,164.385,164.34,164.365,12769
XOM,2026-09-09,13:21,164.365,164.38,164.335,164.36,7784
XOM,2026-09-09,13:22,164.35,164.39,164.305,164.31,27098
XOM,2026-09-09,13:23,164.325,164.33,164.3,164.325,15257
XOM,2026-09-09,13:24,164.33,164.365,164.325,164.35,8718
XOM,2026-09-09,13:25,164.36,164.39,164.3344,164.39,7115
XOM,2026-09-09,13:26,164.38,164.38,164.31,164.34,15610
XOM,2026-09-09,13:27,164.4,164.4053,164.38,164.386,7363
XOM,2026-09-09,13:28,164.38,164.38,164.33,164.34,13346
XOM,2026-09-09,13:29,164.32,164.42,164.3,164.35,22365
XOM,2026-09-09,13:30,164.38,164.4199,164.262,164.305,20111
XOM,2026-09-09,13:31,164.305,164.32,164.27,164.29,16488
XOM,2026-09-09,13:32,164.285,164.32,164.205,164.25,16034
XOM,2026-09-09,13:33,164.26,164.27,164.23,164.26,17027
XOM,2026-09-09,13:34,164.2656,164.395,164.25,164.34,16984
XOM,2026-09-09,13:35,164.345,164.36,164.32,164.355,11199
XOM,2026-09-09,13:36,164.37,164.43,164.35,164.43,7204
XOM,2026-09-09,13:37,164.46,164.72,164.46,164.72,24005
XOM,2026-09-09,13:38,164.72,164.72,164.59,164.66,30722
XOM,2026-09-09,13:39,164.66,164.66,164.59,164.595,12486
XOM,2026-09-09,13:40,164.5801,164.64,164.545,164.625,10099
XOM,2026-09-09,13:41,164.63,164.66,164.61,164.66,10497
XOM,2026-09-09,13:42,164.68,164.775,164.6586,164.73,12419
XOM,2026-09-09,13:43,164.73,164.73,164.655,164.7,20907
XOM,2026-09-09,13:44,164.7,164.82,164.7,164.775,13591
XOM,2026-09-09,13:45,164.775,164.775,164.66,164.68,21515
XOM,2026-09-09,13:46,164.72,164.76,164.68,164.69,12899
XOM,2026-09-09,13:47,164.705,164.76,164.705,164.72,13529
XOM,2026-09-09,13:48,164.71,164.76,164.71,164.73,11775
XOM,2026-09-09,13:49,164.73,164.74,164.67,164.69,10703
XOM,2026-09-09,13:50,164.71,164.71,164.63,164.69,20014
XOM,2026-09-09,13:51,164.71,164.74,164.7,164.715,5733
XOM,2026-09-09,13:52,164.7299,164.73,164.67,164.729,9380
XOM,2026-09-09,13:53,164.72,164.735,164.68,164.7,12761
XOM,2026-09-09,13:54,164.705,164.72,164.68,164.715,12454
XOM,2026-09-09,13:55,164.71,164.725,164.69,164.695,4638
XOM,2026-09-09,13:56,164.7,164.8,164.7,164.8,23178
XOM,2026-09-09,13:57,164.79,164.835,164.79,164.8,9806
XOM,2026-09-09,13:58,164.81,164.82,164.7501,164.765,18490
XOM,2026-09-09,13:59,164.765,164.765,164.64,164.675,22253
XOM,2026-09-09,14:00,164.675,164.76,164.675,164.73,11625
XOM,2026-09-09,14:01,164.75,164.79,164.59,164.715,70403
XOM,2026-09-09,14:02,164.74,164.82,164.72,164.81,12951
XOM,2026-09-09,14:03,164.7801,164.84,164.77,164.77,9102
XOM,2026-09-09,14:04,164.8,164.85,164.79,164.84,10369
XOM,2026-09-09,14:05,164.84,164.93,164.82,164.93,15621
XOM,2026-09-09,14:06,164.915,165.06,164.915,165.03,101206
XOM,2026-09-09,14:07,165.03,165.03,164.81,164.815,39989
XOM,2026-09-09,14:08,164.83,164.9,164.81,164.835,12940
XOM,2026-09-09,14:09,164.835,164.88,164.8,164.85,18076
XOM,2026-09-09,14:10,164.86,164.9099,164.86,164.88,9610
XOM,2026-09-09,14:11,164.85,164.88,164.83,164.88,8896
XOM,2026-09-09,14:12,164.875,164.8904,164.8684,164.87,4541
XOM,2026-09-09,14:13,164.86,164.87,164.82,164.86,9215
XOM,2026-09-09,14:14,164.88,164.885,164.775,164.84,20297
XOM,2026-09-09,14:15,164.85,164.93,164.85,164.93,7146
XOM,2026-09-09,14:16,164.925,164.935,164.85,164.86,13188
XOM,2026-09-09,14:17,164.85,164.89,164.84,164.89,7079
XOM,2026-09-09,14:18,164.9,164.955,164.9,164.935,11038
XOM,2026-09-09,14:19,164.92,164.99,164.9013,164.95,13758
XOM,2026-09-09,14:20,164.94,164.94,164.8,164.82,20350
XOM,2026-09-09,14:21,164.815,164.815,164.74,164.745,6289
XOM,2026-09-09,14:22,164.73,164.77,164.6,164.63,97577
XOM,2026-09-09,14:23,164.63,164.66,164.59,164.655,8471
XOM,2026-09-09,14:24,164.65,164.69,164.64,164.68,7786
XOM,2026-09-09,14:25,164.675,164.73,164.65,164.73,6546
XOM,2026-09-09,14:26,164.73,164.77,164.68,164.695,17117
XOM,2026-09-09,14:27,164.69,164.735,164.68,164.735,15233
XOM,2026-09-09,14:28,164.74,164.815,164.73,164.81,15006
XOM,2026-09-09,14:29,164.83,164.83,164.765,164.77,10866
XOM,2026-09-09,14:30,164.77,164.79,164.7,164.73,16170
XOM,2026-09-09,14:31,164.7001,164.7001,164.48,164.5,27069
XOM,2026-09-09,14:32,164.49,164.555,164.4801,164.52,11301
XOM,2026-09-09,14:33,164.56,164.595,164.52,164.54,10571
XOM,2026-09-09,14:34,164.54,164.54,164.47,164.485,18300
XOM,2026-09-09,14:35,164.485,164.545,164.41,164.52,30743
XOM,2026-09-09,14:36,164.54,164.54,164.49,164.495,12767
XOM,2026-09-09,14:37,164.48,164.51,164.48,164.49,7288
XOM,2026-09-09,14:38,164.52,164.54,164.51,164.52,6046
XOM,2026-09-09,14:39,164.52,164.57,164.5,164.5675,10437
XOM,2026-09-09,14:40,164.565,164.57,164.49,164.49,11253
XOM,2026-09-09,14:41,164.49,164.515,164.463,164.5,8668
XOM,2026-09-09,14:42,164.48,164.56,164.47,164.51,11864
XOM,2026-09-09,14:43,164.5,164.5,164.395,164.43,12072
XOM,2026-09-09,14:44,164.42,164.48,164.415,164.47,5790
XOM,2026-09-09,14:45,164.45,164.565,164.45,164.56,4999
XOM,2026-09-09,14:46,164.565,164.6,164.55,164.6,10542
XOM,2026-09-09,14:47,164.595,164.635,164.5901,164.62,8925
XOM,2026-09-09,14:48,164.63,164.6755,164.61,164.66,7314
XOM,2026-09-09,14:49,164.65,164.69,164.615,164.645,10960
XOM,2026-09-09,14:50,164.66,164.69,164.65,164.66,6888
XOM,2026-09-09,14:51,164.655,164.68,164.59,164.63,23375
XOM,2026-09-09,14:52,164.61,164.625,164.59,164.61,6301
XOM,2026-09-09,14:53,164.6146,164.64,164.59,164.62,8748
XOM,2026-09-09,14:54,164.625,164.69,164.625,164.675,9094
XOM,2026-09-09,14:55,164.685,164.76,164.685,164.75,25680
XOM,2026-09-09,14:56,164.75,164.795,164.735,164.76,12772
XOM,2026-09-09,14:57,164.78,164.805,164.75,164.805,8916
XOM,2026-09-09,14:58,164.81,164.87,164.8,164.835,13780
XOM,2026-09-09,14:59,164.82,164.83,164.74,164.75,56520
XOM,2026-09-09,15:00,164.78,164.815,164.66,164.805,45339
XOM,2026-09-09,15:01,164.795,164.9,164.795,164.86,16953
XOM,2026-09-09,15:02,164.86,164.9451,164.86,164.94,13619
XOM,2026-09-09,15:03,164.93,164.94,164.88,164.92,8853
XOM,2026-09-09,15:04,164.91,164.91,164.86,164.87,11260
XOM,2026-09-09,15:05,164.87,164.92,164.87,164.87,13696
XOM,2026-09-09,15:06,164.88,164.92,164.87,164.915,8116
XOM,2026-09-09,15:07,164.915,165.07,164.915,165.005,76659
XOM,2026-09-09,15:08,164.99,165.065,164.94,165.065,8447
XOM,2026-09-09,15:09,165.065,165.1,165.03,165.065,14294
XOM,2026-09-09,15:10,165.065,165.087,165.015,165.065,12824
XOM,2026-09-09,15:11,165.07,165.1,165.0501,165.06,7652
XOM,2026-09-09,15:12,165.05,165.08,165.04,165.04,13165
XOM,2026-09-09,15:13,165.04,165.1,165.04,165.05,9622
XOM,2026-09-09,15:14,165.08,165.17,165.0699,165.145,19775
XOM,2026-09-09,15:15,165.145,165.18,165.08,165.13,18842
XOM,2026-09-09,15:16,165.13,165.15,165.07,165.08,10563
XOM,2026-09-09,15:17,165.075,165.1,165.04,165.09,27692
XOM,2026-09-09,15:18,165.095,165.095,164.92,164.935,49180
XOM,2026-09-09,15:19,164.93,164.96,164.84,164.855,53361
XOM,2026-09-09,15:20,164.855,164.87,164.52,164.54,45212
XOM,2026-09-09,15:21,164.525,164.525,164.44,164.48,18649
XOM,2026-09-09,15:22,164.5,164.6,164.48,164.575,29998
XOM,2026-09-09,15:23,164.58,164.61,164.485,164.485,17830
XOM,2026-09-09,15:24,164.45,164.48,164.44,164.46,14135
XOM,2026-09-09,15:25,164.48,164.62,164.465,164.57,33852
XOM,2026-09-09,15:26,164.55,164.555,164.46,164.475,10178
XOM,2026-09-09,15:27,164.47,164.58,164.4351,164.555,26819
XOM,2026-09-09,15:28,164.565,164.6011,164.53,164.56,23591
XOM,2026-09-09,15:29,164.541,164.55,164.4901,164.53,28829
XOM,2026-09-09,15:30,164.55,164.57,164.44,164.44,31147
XOM,2026-09-09,15:31,164.47,164.54,164.44,164.45,32564
XOM,2026-09-09,15:32,164.44,164.44,164.3,164.31,21040
XOM,2026-09-09,15:33,164.32,164.325,164.19,164.22,27379
XOM,2026-09-09,15:34,164.22,164.3,164.16,164.29,30328
XOM,2026-09-09,15:35,164.29,164.31,164.22,164.255,25749
XOM,2026-09-09,15:36,164.26,164.35,164.2525,164.28,27477
XOM,2026-09-09,15:37,164.27,164.365,164.27,164.28,15224
XOM,2026-09-09,15:38,164.28,164.29,164.23,164.275,12463
XOM,2026-09-09,15:39,164.27,164.3,164.2,164.27,24075
XOM,2026-09-09,15:40,164.25,164.27,164.15,164.15,23171
XOM,2026-09-09,15:41,164.15,164.24,164.08,164.118,44552
XOM,2026-09-09,15:42,164.12,164.12,164.04,164.05,68589
XOM,2026-09-09,15:43,164.055,164.13,163.98,164.06,73210
XOM,2026-09-09,15:44,164.05,164.13,164.02,164.105,34683
XOM,2026-09-09,15:45,164.09,164.24,164.04,164.04,86434
XOM,2026-09-09,15:46,164.045,164.15,163.98,164.01,45965
XOM,2026-09-09,15:47,164.005,164.29,164.005,164.29,45290
XOM,2026-09-09,15:48,164.3,164.39,164.28,164.38,53845
XOM,2026-09-09,15:49,164.37,164.515,164.3471,164.47,28882
XOM,2026-09-09,15:50,164.44,164.47,164.34,164.38,42155
XOM,2026-09-09,15:51,164.37,164.39,164.33,164.3646,531926
XOM,2026-09-09,15:52,164.37,164.485,164.36,164.445,39303
XOM,2026-09-09,15:53,164.44,164.44,164.29,164.31,40688
XOM,2026-09-09,15:54,164.31,164.34,164.18,164.23,49666
XOM,2026-09-09,15:55,164.23,164.37,164.195,164.37,90256
XOM,2026-09-09,15:56,164.38,164.54,164.36,164.46,69727
XOM,2026-09-09,15:57,164.465,164.63,164.455,164.5,113040
XOM,2026-09-09,15:58,164.5,164.56,164.36,164.4,157432
XOM,2026-09-09,15:59,164.41,164.439,164.12,164.26,377029
XOM,2026-09-09,16:00,164.23,164.23,164.23,164.23,0
XOM,2026-09-10,09:30,167,167.1,166.66,166.75,275271
XOM,2026-09-10,09:31,166.75,167.37,166.27,167.21,577924
XOM,2026-09-10,09:32,167.1,167.2799,166.6,166.87,94447
XOM,2026-09-10,09:33,166.83,166.855,166.06,166.09,56708
XOM,2026-09-10,09:34,166.065,166.35,165.82,166.3499,67501
XOM,2026-09-10,09:35,166.265,166.48,165.95,166,62629
XOM,2026-09-10,09:36,165.99,165.99,165.71,165.8675,52559
XOM,2026-09-10,09:37,165.92,165.93,165.37,165.37,36653
XOM,2026-09-10,09:38,165.42,165.68,165.35,165.43,46223
XOM,2026-09-10,09:39,165.47,165.49,165.095,165.225,81052
XOM,2026-09-10,09:40,165.203,165.36,165,165.285,50927
XOM,2026-09-10,09:41,165.3,165.62,165.0501,165.14,64324
XOM,2026-09-10,09:42,165.1,165.1,164.75,164.8,60634
XOM,2026-09-10,09:43,164.76,164.9,164.6,164.8,56536
XOM,2026-09-10,09:44,164.78,164.97,164.52,164.715,63673
XOM,2026-09-10,09:45,164.77,165.05,164.66,164.97,49945
XOM,2026-09-10,09:46,164.95,165.285,164.89,165.01,119607
XOM,2026-09-10,09:47,165.01,165.34,165.01,165.15,28500
XOM,2026-09-10,09:48,165.15,165.29,164.985,165.13,35925
XOM,2026-09-10,09:49,165.12,165.16,164.745,164.745,26062
XOM,2026-09-10,09:50,164.6801,165,164.6201,164.965,31721
XOM,2026-09-10,09:51,164.94,165.145,164.87,164.89,46113
XOM,2026-09-10,09:52,164.935,164.98,164.72,164.72,24483
XOM,2026-09-10,09:53,164.77,164.84,164.56,164.69,33297
XOM,2026-09-10,09:54,164.66,165.12,164.66,165.0952,31573
XOM,2026-09-10,09:55,165.14,165.2393,164.94,165,41207
XOM,2026-09-10,09:56,165,165.045,164.62,164.815,58755
XOM,2026-09-10,09:57,164.805,164.805,164.62,164.63,23224
XOM,2026-09-10,09:58,164.61,164.66,164.45,164.52,29536
XOM,2026-09-10,09:59,164.5,164.55,164.36,164.515,81327
XOM,2026-09-10,10:00,164.51,164.61,164.435,164.605,29620
XOM,2026-09-10,10:01,164.55,164.55,164.27,164.43,30585
XOM,2026-09-10,10:02,164.45,164.45,164.2319,164.2319,14880
XOM,2026-09-10,10:03,164.29,164.5,164.29,164.5,11106
XOM,2026-09-10,10:04,164.48,164.63,164.48,164.57,22953
XOM,2026-09-10,10:05,164.575,164.66,164.44,164.65,19783
XOM,2026-09-10,10:06,164.68,164.69,164.57,164.61,15463
XOM,2026-09-10,10:07,164.58,164.6,164.34,164.38,25299
XOM,2026-09-10,10:08,164.39,164.47,164.27,164.33,11495
XOM,2026-09-10,10:09,164.2755,164.305,164.12,164.24,27248
XOM,2026-09-10,10:10,164.24,164.47,164.24,164.335,20175
XOM,2026-09-10,10:11,164.35,164.51,164.26,164.43,33096
XOM,2026-09-10,10:12,164.465,164.63,164.36,164.405,35076
XOM,2026-09-10,10:13,164.435,164.58,164.4025,164.4025,27262
XOM,2026-09-10,10:14,164.38,164.5,164.21,164.315,49512
XOM,2026-09-10,10:15,164.29,164.4,164.27,164.355,32579
XOM,2026-09-10,10:16,164.35,164.35,164.14,164.325,27940
XOM,2026-09-10,10:17,164.325,164.44,164.06,164.08,54257
XOM,2026-09-10,10:18,164.07,164.12,163.79,163.84,62513
XOM,2026-09-10,10:19,163.88,164.04,163.815,163.84,31483
XOM,2026-09-10,10:20,163.89,164.02,163.85,163.98,21890
XOM,2026-09-10,10:21,163.98,164.02,163.865,163.88,14171
XOM,2026-09-10,10:22,163.87,164.13,163.87,164.07,13449
XOM,2026-09-10,10:23,164.08,164.2,164.07,164.1,36304
XOM,2026-09-10,10:24,164.07,164.1699,163.65,163.79,76657
XOM,2026-09-10,10:25,163.785,163.785,163.18,163.335,49661
XOM,2026-09-10,10:26,163.335,163.535,163.21,163.35,46256
XOM,2026-09-10,10:27,163.35,163.505,163.18,163.4499,42599
XOM,2026-09-10,10:28,163.4,163.7099,163.37,163.58,33283
XOM,2026-09-10,10:29,163.55,163.81,163.55,163.78,20343
XOM,2026-09-10,10:30,163.8,164.01,163.75,163.83,44168
XOM,2026-09-10,10:31,163.83,163.9,163.72,163.89,29623
XOM,2026-09-10,10:32,163.875,163.9799,163.71,163.76,23780
XOM,2026-09-10,10:33,163.72,163.9771,163.72,163.935,18186
XOM,2026-09-10,10:34,163.96,164.135,163.96,164.06,22197
XOM,2026-09-10,10:35,164.08,164.08,163.99,164.04,9990
XOM,2026-09-10,10:36,164.02,164.17,163.94,164.015,28097
XOM,2026-09-10,10:37,163.97,164.015,163.91,163.945,12167
XOM,2026-09-10,10:38,163.98,164.144,163.95,163.9801,18792
XOM,2026-09-10,10:39,164.04,164.0599,163.92,163.985,12435
XOM,2026-09-10,10:40,163.94,163.94,163.71,163.765,12425
XOM,2026-09-10,10:41,163.72,163.755,163.59,163.725,21915
XOM,2026-09-10,10:42,163.725,164,163.725,163.94,17043
XOM,2026-09-10,10:43,163.9,164.06,163.87,164.04,33989
XOM,2026-09-10,10:44,164.02,164.045,163.9,163.925,45800
XOM,2026-09-10,10:45,163.955,164.145,163.95,164.04,27976
XOM,2026-09-10,10:46,164.02,164.15,163.91,163.925,46153
XOM,2026-09-10,10:47,163.89,164.11,163.89,164.05,17585
XOM,2026-09-10,10:48,164.02,164.04,163.86,163.95,18975
XOM,2026-09-10,10:49,163.975,163.98,163.75,163.75,38719
XOM,2026-09-10,10:50,163.75,163.855,163.75,163.83,18784
XOM,2026-09-10,10:51,163.845,163.89,163.75,163.83,14719
XOM,2026-09-10,10:52,163.8799,163.8799,163.78,163.83,9508
XOM,2026-09-10,10:53,163.865,163.9048,163.67,163.805,22924
XOM,2026-09-10,10:54,163.8,163.92,163.79,163.83,11821
XOM,2026-09-10,10:55,163.8499,163.95,163.8201,163.93,22562
XOM,2026-09-10,10:56,163.98,164.12,163.93,164.075,20551
XOM,2026-09-10,10:57,164.05,164.15,164.05,164.14,19047
XOM,2026-09-10,10:58,164.14,164.17,164.08,164.16,37805
XOM,2026-09-10,10:59,164.16,164.16,164.02,164.11,16039
XOM,2026-09-10,11:00,164.15,164.26,164,164.075,47966
XOM,2026-09-10,11:01,164.115,164.2699,164.1,164.245,11683
XOM,2026-09-10,11:02,164.255,164.255,164.03,164.03,20390
XOM,2026-09-10,11:03,164.065,164.1,163.88,163.955,44423
XOM,2026-09-10,11:04,163.955,163.975,163.87,163.92,27869
XOM,2026-09-10,11:05,163.91,163.93,163.83,163.87,27113
XOM,2026-09-10,11:06,163.9,163.94,163.8401,163.93,20319
XOM,2026-09-10,11:07,163.93,164.03,163.87,163.965,34554
XOM,2026-09-10,11:08,163.95,163.98,163.84,163.84,21839
XOM,2026-09-10,11:09,163.85,163.915,163.785,163.87,25250
XOM,2026-09-10,11:10,163.87,163.98,163.82,163.83,21209
XOM,2026-09-10,11:11,163.85,164.005,163.85,164.005,24099
XOM,2026-09-10,11:12,164,164.04,163.93,163.97,29162
XOM,2026-09-10,11:13,163.95,164.04,163.95,163.975,6842
XOM,2026-09-10,11:14,163.96,164.03,163.89,164.03,8688
XOM,2026-09-10,11:15,164.01,164.055,163.9799,163.98,19571
XOM,2026-09-10,11:16,164,164.03,163.89,163.95,10478
XOM,2026-09-10,11:17,164,164.18,163.9625,164.11,7700
XOM,2026-09-10,11:18,164.135,164.225,164.095,164.095,25992
XOM,2026-09-10,11:19,164.075,164.288,164.06,164.2645,36380
XOM,2026-09-10,11:20,164.29,164.495,164.285,164.37,27995
XOM,2026-09-10,11:21,164.375,164.5,164.275,164.28,30931
XOM,2026-09-10,11:22,164.29,164.3,164.21,164.22,9039
XOM,2026-09-10,11:23,164.24,164.435,164.22,164.43,19113
XOM,2026-09-10,11:24,164.425,164.435,164.36,164.3772,19551
XOM,2026-09-10,11:25,164.38,164.425,164.33,164.42,27435
XOM,2026-09-10,11:26,164.42,164.47,164.36,164.47,8750
XOM,2026-09-10,11:27,164.49,164.56,164.39,164.39,33915
XOM,2026-09-10,11:28,164.3975,164.42,164.34,164.39,23695
XOM,2026-09-10,11:29,164.39,164.42,164.33,164.345,8684
XOM,2026-09-10,11:30,164.34,164.45,164.34,164.4314,21916
XOM,2026-09-10,11:31,164.4135,164.53,164.395,164.495,20868
XOM,2026-09-10,11:32,164.5,164.62,164.47,164.49,35853
XOM,2026-09-10,11:33,164.48,164.59,164.415,164.58,17519
XOM,2026-09-10,11:34,164.595,164.73,164.55,164.7199,38462
XOM,2026-09-10,11:35,164.6992,164.7699,164.5836,164.65,24359
XOM,2026-09-10,11:36,164.64,164.75,164.585,164.675,18224
XOM,2026-09-10,11:37,164.675,164.73,164.61,164.64,7692
XOM,2026-09-10,11:38,164.66,164.74,164.66,164.72,6608
XOM,2026-09-10,11:39,164.75,164.85,164.73,164.78,16731
XOM,2026-09-10,11:40,164.775,164.8181,164.67,164.68,17903
XOM,2026-09-10,11:41,164.68,164.75,164.6242,164.745,13823
XOM,2026-09-10,11:42,164.71,164.78,164.7,164.78,5094
XOM,2026-09-10,11:43,164.76,164.89,164.6798,164.685,27507
XOM,2026-09-10,11:44,164.72,164.798,164.6418,164.665,7812
XOM,2026-09-10,11:45,164.66,164.76,164.645,164.74,31970
XOM,2026-09-10,11:46,164.72,164.83,164.71,164.715,22340
XOM,2026-09-10,11:47,164.75,164.79,164.72,164.75,13870
XOM,2026-09-10,11:48,164.78,164.82,164.775,164.795,6261
XOM,2026-09-10,11:49,164.8,164.85,164.755,164.805,17820
XOM,2026-09-10,11:50,164.815,165,164.815,164.93,53698
XOM,2026-09-10,11:51,164.925,165.04,164.925,165.04,46406
XOM,2026-09-10,11:52,165.04,165.04,164.915,164.98,24275
XOM,2026-09-10,11:53,164.97,165.03,164.85,165.03,18805
XOM,2026-09-10,11:54,165.025,165.18,165.0001,165.17,27480
XOM,2026-09-10,11:55,165.18,165.21,164.96,165.035,18835
XOM,2026-09-10,11:56,165.04,165.1,165.0201,165.045,19266
XOM,2026-09-10,11:57,165.06,165.1,165.02,165.07,19519
XOM,2026-09-10,11:58,165.075,165.13,165.05,165.13,21736
XOM,2026-09-10,11:59,165.11,165.19,165.11,165.17,14191
XOM,2026-09-10,12:00,165.15,165.1761,165.065,165.12,25279
XOM,2026-09-10,12:01,165.115,165.2195,165.07,165.145,32947
XOM,2026-09-10,12:02,165.13,165.315,165.12,165.24,20798
XOM,2026-09-10,12:03,165.2101,165.2947,165.0601,165.0951,23007
XOM,2026-09-10,12:04,165.09,165.15,165.045,165.055,10527
XOM,2026-09-10,12:05,165.06,165.065,164.92,164.94,16912
XOM,2026-09-10,12:06,164.945,165.23,164.945,165.08,81577
XOM,2026-09-10,12:07,165.075,165.195,165.05,165.16,18004
XOM,2026-09-10,12:08,165.15,165.225,165.1,165.225,12650
XOM,2026-09-10,12:09,165.17,165.17,164.97,164.97,16794
XOM,2026-09-10,12:10,164.95,165.09,164.94,165.08,8652
XOM,2026-09-10,12:11,165.09,165.11,164.95,164.98,28634
XOM,2026-09-10,12:12,164.95,164.98,164.92,164.92,14113
XOM,2026-09-10,12:13,164.96,165.09,164.92,165.09,20663
XOM,2026-09-10,12:14,165.0972,165.2099,165.0972,165.2099,7197
XOM,2026-09-10,12:15,165.17,165.24,165.16,165.23,24584
XOM,2026-09-10,12:16,165.225,165.225,165.115,165.12,16887
XOM,2026-09-10,12:17,165.11,165.285,165.105,165.23,26537
XOM,2026-09-10,12:18,165.23,165.24,165.075,165.15,24440
XOM,2026-09-10,12:19,165.16,165.26,165.13,165.24,13389
XOM,2026-09-10,12:20,165.24,165.292,165.23,165.28,10908
XOM,2026-09-10,12:21,165.28,165.375,165.28,165.375,17895
XOM,2026-09-10,12:22,165.37,165.41,165.32,165.3201,16964
XOM,2026-09-10,12:23,165.35,165.35,165.11,165.15,15664
XOM,2026-09-10,12:24,165.14,165.2,165.1,165.13,11509
XOM,2026-09-10,12:25,165.21,165.3,165.2,165.21,17688
XOM,2026-09-10,12:26,165.2,165.21,165.16,165.16,12021
XOM,2026-09-10,12:27,165.2,165.285,165.09,165.11,22627
XOM,2026-09-10,12:28,165.11,165.14,164.83,164.83,33374
XOM,2026-09-10,12:29,164.87,164.9999,164.85,164.8667,9927
XOM,2026-09-10,12:30,164.9,165.27,164.9,165.26,101405
XOM,2026-09-10,12:31,165.22,165.23,165.07,165.12,40502
XOM,2026-09-10,12:32,165.09,165.1,164.98,165.03,27363
XOM,2026-09-10,12:33,165.01,165.02,164.81,164.81,38025
XOM,2026-09-10,12:34,164.79,165.08,164.73,164.87,111395
XOM,2026-09-10,12:35,164.865,165.03,164.86,164.97,14627
XOM,2026-09-10,12:36,164.97,164.99,164.81,164.965,48080
XOM,2026-09-10,12:37,164.965,165.095,164.95,165.005,17230
XOM,2026-09-10,12:38,164.98,165.12,164.97,165.12,10416
XOM,2026-09-10,12:39,165.09,165.16,165.08,165.16,13846
XOM,2026-09-10,12:40,165.16,165.28,165.09,165.27,17665
XOM,2026-09-10,12:41,165.24,165.37,165.19,165.33,70252
XOM,2026-09-10,12:42,165.33,165.35,165.29,165.315,19881
XOM,2026-09-10,12:43,165.315,165.37,165.17,165.205,24790
XOM,2026-09-10,12:44,165.2,165.29,165.2,165.29,21133
XOM,2026-09-10,12:45,165.315,165.34,165.26,165.27,21068
XOM,2026-09-10,12:46,165.2921,165.36,165.15,165.17,14689
XOM,2026-09-10,12:47,165.17,165.45,165.16,165.45,29979
XOM,2026-09-10,12:48,165.46,165.46,165.29,165.41,92025
XOM,2026-09-10,12:49,165.36,165.44,165.3,165.44,32069
XOM,2026-09-10,12:50,165.4899,165.51,165.47,165.4848,13983
XOM,2026-09-10,12:51,165.49,165.55,165.45,165.51,22673
XOM,2026-09-10,12:52,165.52,165.52,165.45,165.49,7669
XOM,2026-09-10,12:53,165.51,165.54,165.48,165.525,12167
XOM,2026-09-10,12:54,165.51,165.5364,165.4788,165.4801,10329
XOM,2026-09-10,12:55,165.485,165.52,165.48,165.49,6730
XOM,2026-09-10,12:56,165.52,165.52,165.42,165.42,19801
XOM,2026-09-10,12:57,165.425,165.45,165.37,165.4,8952
XOM,2026-09-10,12:58,165.4,165.4,165.13,165.15,32725
XOM,2026-09-10,12:59,165.14,165.32,165.14,165.3,18314
XOM,2026-09-10,13:00,165.3,165.335,165.29,165.335,5942
XOM,2026-09-10,13:01,165.335,165.355,165.326,165.35,5881
XOM,2026-09-10,13:02,165.34,165.37,165.15,165.3,53215
XOM,2026-09-10,13:03,165.31,165.35,165.272,165.33,12357
XOM,2026-09-10,13:04,165.32,165.385,165.27,165.27,9594
XOM,2026-09-10,13:05,165.26,165.315,165.21,165.31,7691
XOM,2026-09-10,13:06,165.37,165.3774,165.31,165.31,7316
XOM,2026-09-10,13:07,165.32,165.3292,165.29,165.32,9522
XOM,2026-09-10,13:08,165.32,165.44,165.28,165.44,23513
XOM,2026-09-10,13:09,165.44,165.5,165.42,165.475,33804
XOM,2026-09-10,13:10,165.47,165.595,165.4,165.46,65772
XOM,2026-09-10,13:11,165.47,165.5254,165.47,165.52,8328
XOM,2026-09-10,13:12,165.555,165.58,165.54,165.5701,9509
XOM,2026-09-10,13:13,165.58,165.58,165.55,165.555,7738
XOM,2026-09-10,13:14,165.57,165.57,165.375,165.375,27527
XOM,2026-09-10,13:15,165.39,165.51,165.39,165.5,9226
XOM,2026-09-10,13:16,165.505,165.55,165.46,165.465,11277
XOM,2026-09-10,13:17,165.465,165.515,165.465,165.515,10186
XOM,2026-09-10,13:18,165.515,165.575,165.5,165.575,12860
XOM,2026-09-10,13:19,165.57,165.635,165.5,165.635,23203
XOM,2026-09-10,13:20,165.65,165.65,165.48,165.49,30393
XOM,2026-09-10,13:21,165.5,165.55,165.41,165.42,8587
XOM,2026-09-10,13:22,165.4499,165.47,165.39,165.45,12829
XOM,2026-09-10,13:23,165.47,165.47,165.43,165.43,8489
XOM,2026-09-10,13:24,165.43,165.4499,165.37,165.42,16446
XOM,2026-09-10,13:25,165.41,165.5199,165.41,165.5199,10066
XOM,2026-09-10,13:26,165.495,165.6,165.495,165.55,7671
XOM,2026-09-10,13:27,165.56,165.57,165.52,165.541,8731
XOM,2026-09-10,13:28,165.54,165.6,165.54,165.5801,10809
XOM,2026-09-10,13:29,165.585,165.59,165.53,165.53,12236
XOM,2026-09-10,13:30,165.52,165.575,165.52,165.57,10060
XOM,2026-09-10,13:31,165.545,165.61,165.37,165.52,35457
XOM,2026-09-10,13:32,165.52,165.55,165.46,165.52,9605
XOM,2026-09-10,13:33,165.51,165.51,165.46,165.48,5413
XOM,2026-09-10,13:34,165.49,165.5404,165.49,165.515,5976
XOM,2026-09-10,13:35,165.51,165.59,165.51,165.565,7934
XOM,2026-09-10,13:36,165.55,165.62,165.55,165.605,12895
XOM,2026-09-10,13:37,165.59,165.6,165.48,165.5,14598
XOM,2026-09-10,13:38,165.51,165.57,165.48,165.48,7606
XOM,2026-09-10,13:39,165.46,165.57,165.46,165.57,12938
XOM,2026-09-10,13:40,165.58,165.58,165.52,165.5301,21652
XOM,2026-09-10,13:41,165.545,165.595,165.53,165.54,6338
XOM,2026-09-10,13:42,165.53,165.5381,165.45,165.45,13403
XOM,2026-09-10,13:43,165.455,165.47,165.34,165.4039,28970
XOM,2026-09-10,13:44,165.41,165.46,165.4,165.4,4274
XOM,2026-09-10,13:45,165.42,165.4399,165.39,165.42,10111
XOM,2026-09-10,13:46,165.41,165.47,165.395,165.46,10718
XOM,2026-09-10,13:47,165.45,165.45,165.405,165.405,4617
XOM,2026-09-10,13:48,165.41,165.43,165.39,165.41,13203
XOM,2026-09-10,13:49,165.415,165.425,165.38,165.38,6888
XOM,2026-09-10,13:50,165.42,165.42,165.29,165.32,13685
XOM,2026-09-10,13:51,165.3102,165.32,165.19,165.24,20935
XOM,2026-09-10,13:52,165.225,165.26,165.21,165.26,6066
XOM,2026-09-10,13:53,165.26,165.27,165.21,165.27,11418
XOM,2026-09-10,13:54,165.29,165.29,165.21,165.21,14234
XOM,2026-09-10,13:55,165.21,165.25,165.21,165.25,5500
XOM,2026-09-10,13:56,165.24,165.26,165.22,165.25,9233
XOM,2026-09-10,13:57,165.22,165.265,165.22,165.26,6533
XOM,2026-09-10,13:58,165.25,165.28,165.24,165.26,11988
XOM,2026-09-10,13:59,165.26,165.31,165.2565,165.29,8403
XOM,2026-09-10,14:00,165.2951,165.455,165.2951,165.45,16990
XOM,2026-09-10,14:01,165.45,165.48,165.36,165.475,16895
XOM,2026-09-10,14:02,165.4999,165.4999,165.43,165.46,14092
XOM,2026-09-10,14:03,165.445,165.445,165.34,165.38,8210
XOM,2026-09-10,14:04,165.36,165.415,165.36,165.39,9105
XOM,2026-09-10,14:05,165.425,165.425,165.36,165.36,8203
XOM,2026-09-10,14:06,165.33,165.44,165.33,165.44,4475
XOM,2026-09-10,14:07,165.45,165.6019,165.45,165.6019,21891
XOM,2026-09-10,14:08,165.61,165.72,165.61,165.71,10731
XOM,2026-09-10,14:09,165.72,165.72,165.59,165.61,13041
XOM,2026-09-10,14:10,165.6399,165.6699,165.55,165.56,10063
XOM,2026-09-10,14:11,165.555,165.6,165.525,165.6,8669
XOM,2026-09-10,14:12,165.59,165.6055,165.55,165.565,8314
XOM,2026-09-10,14:13,165.57,165.69,165.56,165.685,10965
XOM,2026-09-10,14:14,165.68,165.75,165.6701,165.71,23441
XOM,2026-09-10,14:15,165.6901,165.77,165.69,165.76,41064
XOM,2026-09-10,14:16,165.75,165.7625,165.7,165.72,12012
XOM,2026-09-10,14:17,165.7,165.75,165.7,165.74,6309
XOM,2026-09-10,14:18,165.76,165.8,165.76,165.79,11555
XOM,2026-09-10,14:19,165.8,165.81,165.73,165.76,18815
XOM,2026-09-10,14:20,165.75,165.75,165.66,165.66,10555
XOM,2026-09-10,14:21,165.69,165.73,165.69,165.71,7839
XOM,2026-09-10,14:22,165.7,165.7,165.62,165.63,26449
XOM,2026-09-10,14:23,165.62,165.62,165.55,165.56,24261
XOM,2026-09-10,14:24,165.555,165.555,165.495,165.5027,10986
XOM,2026-09-10,14:25,165.48,165.56,165.465,165.535,9610
XOM,2026-09-10,14:26,165.54,165.645,165.54,165.63,9210
XOM,2026-09-10,14:27,165.62,165.67,165.59,165.67,5709
XOM,2026-09-10,14:28,165.65,165.6587,165.545,165.63,12022
XOM,2026-09-10,14:29,165.62,165.64,165.55,165.585,14399
XOM,2026-09-10,14:30,165.62,165.62,165.43,165.44,16819
XOM,2026-09-10,14:31,165.45,165.47,165.42,165.435,12109
XOM,2026-09-10,14:32,165.435,165.48,165.38,165.43,16713
XOM,2026-09-10,14:33,165.41,165.42,165.35,165.35,9648
XOM,2026-09-10,14:34,165.36,165.42,165.36,165.42,12489
XOM,2026-09-10,14:35,165.41,165.415,165.34,165.34,8444
XOM,2026-09-10,14:36,165.345,165.361,165.33,165.34,12985
XOM,2026-09-10,14:37,165.32,165.33,165.27,165.32,14466
XOM,2026-09-10,14:38,165.3251,165.4299,165.325,165.415,9564
XOM,2026-09-10,14:39,165.43,165.43,165.37,165.37,12928
XOM,2026-09-10,14:40,165.37,165.37,165.315,165.355,11042
XOM,2026-09-10,14:41,165.34,165.4,165.34,165.37,8210
XOM,2026-09-10,14:42,165.37,165.43,165.37,165.43,8703
XOM,2026-09-10,14:43,165.44,165.44,165.39,165.4,6260
XOM,2026-09-10,14:44,165.41,165.43,165.38,165.43,5998
XOM,2026-09-10,14:45,165.41,165.41,165.29,165.29,12817
XOM,2026-09-10,14:46,165.295,165.33,165.28,165.31,24636
XOM,2026-09-10,14:47,165.32,165.33,165.225,165.225,16625
XOM,2026-09-10,14:48,165.225,165.26,165.2,165.26,12087
XOM,2026-09-10,14:49,165.24,165.27,165.16,165.2,25659
XOM,2026-09-10,14:50,165.17,165.225,165.145,165.21,15900
XOM,2026-09-10,14:51,165.185,165.185,164.93,164.98,21184
XOM,2026-09-10,14:52,164.99,165.095,164.9801,165.02,19199
XOM,2026-09-10,14:53,165.08,165.15,165.065,165.125,12047
XOM,2026-09-10,14:54,165.13,165.13,165.08,165.105,11771
XOM,2026-09-10,14:55,165.13,165.185,165.13,165.16,11887
XOM,2026-09-10,14:56,165.17,165.285,165.17,165.27,6185
XOM,2026-09-10,14:57,165.3,165.32,165.245,165.2805,15414
XOM,2026-09-10,14:58,165.26,165.3199,165.26,165.285,6059
XOM,2026-09-10,14:59,165.295,165.375,165.29,165.36,8703
XOM,2026-09-10,15:00,165.39,165.48,165.38,165.47,18563
XOM,2026-09-10,15:01,165.47,165.54,165.44,165.52,31002
XOM,2026-09-10,15:02,165.53,165.59,165.51,165.58,29744
XOM,2026-09-10,15:03,165.58,165.6,165.48,165.48,18629
XOM,2026-09-10,15:04,165.48,165.6,165.46,165.5953,17283
XOM,2026-09-10,15:05,165.59,165.625,165.555,165.595,28928
XOM,2026-09-10,15:06,165.6,165.71,165.59,165.605,18708
XOM,2026-09-10,15:07,165.62,165.6413,165.6,165.64,8208
XOM,2026-09-10,15:08,165.61,165.6891,165.61,165.64,14290
XOM,2026-09-10,15:09,165.6218,165.645,165.56,165.575,20707
XOM,2026-09-10,15:10,165.59,165.6,165.52,165.56,15141
XOM,2026-09-10,15:11,165.575,165.6,165.46,165.47,19242
XOM,2026-09-10,15:12,165.46,165.57,165.45,165.56,15260
XOM,2026-09-10,15:13,165.54,165.57,165.49,165.495,8170
XOM,2026-09-10,15:14,165.48,165.51,165.44,165.44,8455
XOM,2026-09-10,15:15,165.48,165.51,165.42,165.51,15786
XOM,2026-09-10,15:16,165.49,165.54,165.4601,165.505,11553
XOM,2026-09-10,15:17,165.51,165.545,165.48,165.48,23824
XOM,2026-09-10,15:18,165.48,165.53,165.48,165.515,7096
XOM,2026-09-10,15:19,165.53,165.545,165.47,165.47,13711
XOM,2026-09-10,15:20,165.489,165.5799,165.4599,165.49,23611
XOM,2026-09-10,15:21,165.48,165.515,165.48,165.49,7928
XOM,2026-09-10,15:22,165.5,165.5,165.445,165.5,16516
XOM,2026-09-10,15:23,165.49,165.5,165.465,165.49,6237
XOM,2026-09-10,15:24,165.48,165.5401,165.47,165.52,11535
XOM,2026-09-10,15:25,165.49,165.49,165.385,165.395,18576
XOM,2026-09-10,15:26,165.42,165.4299,165.32,165.38,22199
XOM,2026-09-10,15:27,165.38,165.42,165.34,165.37,21216
XOM,2026-09-10,15:28,165.38,165.4,165.35,165.375,10821
XOM,2026-09-10,15:29,165.38,165.4217,165.34,165.34,20164
XOM,2026-09-10,15:30,165.33,165.35,165.2106,165.3,35943
XOM,2026-09-10,15:31,165.31,165.4246,165.3,165.34,23968
XOM,2026-09-10,15:32,165.36,165.395,165.28,165.28,20621
XOM,2026-09-10,15:33,165.28,165.29,165.21,165.25,21163
XOM,2026-09-10,15:34,165.22,165.34,165.22,165.29,16253
XOM,2026-09-10,15:35,165.28,165.43,165.28,165.4,21334
XOM,2026-09-10,15:36,165.41,165.51,165.35,165.46,26462
XOM,2026-09-10,15:37,165.465,165.48,165.41,165.47,24790
XOM,2026-09-10,15:38,165.46,165.48,165.42,165.45,26938
XOM,2026-09-10,15:39,165.435,165.435,165.34,165.35,18648
XOM,2026-09-10,15:40,165.36,165.37,165.27,165.34,22194
XOM,2026-09-10,15:41,165.32,165.3618,165.32,165.35,24823
XOM,2026-09-10,15:42,165.33,165.3931,165.33,165.35,13039
XOM,2026-09-10,15:43,165.37,165.475,165.36,165.455,15767
XOM,2026-09-10,15:44,165.465,165.5699,165.45,165.54,27598
XOM,2026-09-10,15:45,165.53,165.58,165.47,165.5,32272
XOM,2026-09-10,15:46,165.51,165.54,165.45,165.51,13863
XOM,2026-09-10,15:47,165.5075,165.605,165.5075,165.585,28022
XOM,2026-09-10,15:48,165.585,165.61,165.52,165.54,55911
XOM,2026-09-10,15:49,165.57,165.64,165.56,165.62,28714
XOM,2026-09-10,15:50,165.62,165.62,165.46,165.465,35221
XOM,2026-09-10,15:51,165.465,165.5,165.38,165.5,38136
XOM,2026-09-10,15:52,165.49,165.54,165.45,165.46,520610
XOM,2026-09-10,15:53,165.47,165.47,165.36,165.43,48072
XOM,2026-09-10,15:54,165.43,165.53,165.43,165.5,63877
XOM,2026-09-10,15:55,165.5,165.57,165.39,165.45,113163
XOM,2026-09-10,15:56,165.44,165.44,165.26,165.325,103541
XOM,2026-09-10,15:57,165.31,165.43,165.26,165.395,152956
XOM,2026-09-10,15:58,165.39,165.54,165.34,165.39,246872
XOM,2026-09-10,15:59,165.4,165.4,165.19,165.24,344478
XOM,2026-09-11,09:30,165.07,165.7,164.455,165.295,415610
XOM,2026-09-11,09:31,165.39,165.4,164.47,164.805,58467
XOM,2026-09-11,09:32,164.95,164.95,164.44,164.665,30872
XOM,2026-09-11,09:33,164.715,164.82,164.49,164.61,17130
XOM,2026-09-11,09:34,164.61,164.64,164.24,164.51,29815
XOM,2026-09-11,09:35,164.465,164.88,164.3701,164.825,40573
XOM,2026-09-11,09:36,164.895,164.93,164.65,164.9,107800
XOM,2026-09-11,09:37,164.9136,164.92,164.56,164.81,39680
XOM,2026-09-11,09:38,164.75,165.08,164.71,164.92,40787
XOM,2026-09-11,09:39,164.942,165.02,164.7285,164.98,35591
XOM,2026-09-11,09:40,164.9806,165.2,164.93,165.2,32663
XOM,2026-09-11,09:41,165.16,165.22,165.09,165.12,22357
XOM,2026-09-11,09:42,165.145,165.32,165.12,165.3,14738
XOM,2026-09-11,09:43,165.285,165.53,165.285,165.39,15880
XOM,2026-09-11,09:44,165.36,165.435,165.17,165.405,18539
XOM,2026-09-11,09:45,165.32,165.78,165.32,165.77,22227
XOM,2026-09-11,09:46,165.75,165.78,165.42,165.585,38496
XOM,2026-09-11,09:47,165.5501,165.62,165.505,165.585,20635
XOM,2026-09-11,09:48,165.59,165.65,165.4,165.58,25796
XOM,2026-09-11,09:49,165.55,165.55,165.4111,165.52,9070
XOM,2026-09-11,09:50,165.54,165.72,165.54,165.7,12975
XOM,2026-09-11,09:51,165.72,165.89,165.69,165.865,32313
XOM,2026-09-11,09:52,165.865,166.05,165.85,165.99,40096
XOM,2026-09-11,09:53,165.95,166.1,165.95,166.05,19219
XOM,2026-09-11,09:54,166.06,166.2,165.99,166.175,20882
XOM,2026-09-11,09:55,166.21,166.21,165.9,165.975,41593
XOM,2026-09-11,09:56,166.015,166.24,166.015,166.23,13302
XOM,2026-09-11,09:57,166.225,166.41,166.22,166.3938,21667
XOM,2026-09-11,09:58,166.41,166.47,166.29,166.32,25635
XOM,2026-09-11,09:59,166.31,166.64,166.3,166.595,19791
XOM,2026-09-11,10:00,166.5875,166.94,166.52,166.77,69964
XOM,2026-09-11,10:01,166.79,166.96,166.64,166.91,46536
XOM,2026-09-11,10:02,166.89,166.93,166.81,166.89,27117
XOM,2026-09-11,10:03,166.91,166.96,166.8,166.87,20029
XOM,2026-09-11,10:04,166.88,167,166.7601,166.93,19491
XOM,2026-09-11,10:05,166.97,167.09,166.81,167.09,43047
XOM,2026-09-11,10:06,167.05,167.0699,166.91,166.945,16596
XOM,2026-09-11,10:07,166.97,166.99,166.6052,166.6052,37859
XOM,2026-09-11,10:08,166.625,166.6299,166.48,166.6299,36586
XOM,2026-09-11,10:09,166.595,166.635,166.36,166.4233,28041
XOM,2026-09-11,10:10,166.38,166.535,166.37,166.45,15454
XOM,2026-09-11,10:11,166.465,166.5,166.2,166.23,21797
XOM,2026-09-11,10:12,166.245,166.4,166.245,166.3601,16466
XOM,2026-09-11,10:13,166.42,166.56,166.42,166.4451,22109
XOM,2026-09-11,10:14,166.46,166.505,166.34,166.47,29864
XOM,2026-09-11,10:15,166.42,166.42,166.051,166.18,29787
XOM,2026-09-11,10:16,166.21,166.395,166.18,166.36,11297
XOM,2026-09-11,10:17,166.38,166.38,166.19,166.255,17272
XOM,2026-09-11,10:18,166.29,166.47,166.175,166.175,31299
XOM,2026-09-11,10:19,166.19,166.19,165.86,165.89,22686
XOM,2026-09-11,10:20,165.875,165.89,165.75,165.77,52308
XOM,2026-09-11,10:21,165.72,165.81,165.65,165.73,47056
XOM,2026-09-11,10:22,165.7525,165.91,165.73,165.905,9526
XOM,2026-09-11,10:23,165.875,166.12,165.875,166.06,11336
XOM,2026-09-11,10:24,166.055,166.13,165.9701,166.095,36143
XOM,2026-09-11,10:25,166.095,166.11,165.97,166.05,16577
XOM,2026-09-11,10:26,166.055,166.095,165.995,166.045,18454
XOM,2026-09-11,10:27,166.02,166.11,165.99,166.085,11981
XOM,2026-09-11,10:28,166.08,166.105,165.925,166.02,21867
XOM,2026-09-11,10:29,165.97,166.02,165.9,166.02,12874
XOM,2026-09-11,10:30,166.08,166.12,165.96,166,21769
XOM,2026-09-11,10:31,166,166.035,165.97,165.99,22511
XOM,2026-09-11,10:32,166.02,166.02,165.85,165.8927,12334
XOM,2026-09-11,10:33,165.84,165.9196,165.76,165.77,9913
XOM,2026-09-11,10:34,165.76,165.76,165.55,165.58,33832
XOM,2026-09-11,10:35,165.565,165.64,165.56,165.615,7048
XOM,2026-09-11,10:36,165.61,165.71,165.47,165.48,24757
XOM,2026-09-11,10:37,165.4999,165.525,165.38,165.44,15877
XOM,2026-09-11,10:38,165.414,165.42,165.34,165.37,9264
XOM,2026-09-11,10:39,165.405,165.405,165.23,165.399,47964
XOM,2026-09-11,10:40,165.385,165.4,165.225,165.33,14619
XOM,2026-09-11,10:41,165.34,165.34,165.25,165.27,6029
XOM,2026-09-11,10:42,165.25,165.25,165.02,165.02,20554
XOM,2026-09-11,10:43,165,165.115,164.95,165.115,44908
XOM,2026-09-11,10:44,165.115,165.115,164.91,164.91,18957
XOM,2026-09-11,10:45,164.91,165.01,164.84,164.89,16964
XOM,2026-09-11,10:46,164.92,164.92,164.72,164.78,27304
XOM,2026-09-11,10:47,164.8,164.905,164.785,164.905,12936
XOM,2026-09-11,10:48,164.905,164.905,164.4,164.5,33684
XOM,2026-09-11,10:49,164.4601,164.53,164.08,164.145,45708
XOM,2026-09-11,10:50,164.12,164.48,164.08,164.48,48783
XOM,2026-09-11,10:51,164.44,164.555,164.27,164.555,59897
XOM,2026-09-11,10:52,164.5999,165.05,164.58,164.895,55615
XOM,2026-09-11,10:53,164.88,165.01,164.84,164.905,27625
XOM,2026-09-11,10:54,164.95,164.99,164.91,164.975,22755
XOM,2026-09-11,10:55,164.88,164.92,164.62,164.62,19011
XOM,2026-09-11,10:56,164.6301,164.725,164.6301,164.695,9851
XOM,2026-09-11,10:57,164.75,164.805,164.71,164.8,10494
XOM,2026-09-11,10:58,164.825,164.895,164.815,164.87,9999
XOM,2026-09-11,10:59,164.835,164.96,164.8,164.87,16081
XOM,2026-09-11,11:00,164.87,165.06,164.87,164.925,16999
XOM,2026-09-11,11:01,164.91,164.9125,164.82,164.86,8511
XOM,2026-09-11,11:02,164.88,164.955,164.84,164.955,13043
XOM,2026-09-11,11:03,164.965,165.01,164.89,164.89,11569
XOM,2026-09-11,11:04,164.85,164.9246,164.81,164.8975,7260
XOM,2026-09-11,11:05,164.9138,164.9138,164.7381,164.7511,14004
XOM,2026-09-11,11:06,164.75,164.79,164.67,164.73,10869
XOM,2026-09-11,11:07,164.72,164.8,164.72,164.8,7985
XOM,2026-09-11,11:08,164.8,164.8,164.55,164.55,17572
XOM,2026-09-11,11:09,164.565,164.65,164.54,164.65,7985
XOM,2026-09-11,11:10,164.63,164.63,164.37,164.37,14561
XOM,2026-09-11,11:11,164.34,164.395,164.215,164.215,15642
XOM,2026-09-11,11:12,164.25,164.3723,164.21,164.21,24973
XOM,2026-09-11,11:13,164.23,164.32,164.23,164.28,15878
XOM,2026-09-11,11:14,164.29,164.648,164.28,164.58,23511
XOM,2026-09-11,11:15,164.58,164.74,164.58,164.74,16905
XOM,2026-09-11,11:16,164.76,164.8,164.69,164.705,9788
XOM,2026-09-11,11:17,164.705,164.72,164.64,164.69,6015
XOM,2026-09-11,11:18,164.71,164.72,164.66,164.66,6071
XOM,2026-09-11,11:19,164.67,164.77,164.62,164.77,18284
XOM,2026-09-11,11:20,164.7839,164.99,164.7839,164.99,9834
XOM,2026-09-11,11:21,165,165.1,165,165.03,21257
XOM,2026-09-11,11:22,165.04,165.15,165.02,165.15,7115
XOM,2026-09-11,11:23,165.16,165.25,165.16,165.25,7344
XOM,2026-09-11,11:24,165.23,165.335,165.17,165.22,31678
XOM,2026-09-11,11:25,165.23,165.26,165.15,165.205,12399
XOM,2026-09-11,11:26,165.19,165.19,165.11,165.12,10767
XOM,2026-09-11,11:27,165.1452,165.195,165.13,165.1701,11786
XOM,2026-09-11,11:28,165.175,165.19,164.99,164.99,8899
XOM,2026-09-11,11:29,164.94,165.17,164.94,165.17,14485
XOM,2026-09-11,11:30,165.145,165.145,165.01,165.01,10092
XOM,2026-09-11,11:31,165.039,165.039,164.87,164.915,17746
XOM,2026-09-11,11:32,164.95,165.04,164.95,164.9961,7904
XOM,2026-09-11,11:33,164.9801,164.9801,164.89,164.915,10205
XOM,2026-09-11,11:34,164.915,164.9731,164.79,164.8101,21900
XOM,2026-09-11,11:35,164.81,164.885,164.77,164.885,8284
XOM,2026-09-11,11:36,164.93,165.01,164.841,164.98,11648
XOM,2026-09-11,11:37,165.01,165.145,165.01,165.12,8131
XOM,2026-09-11,11:38,165.11,165.325,165.08,165.32,135402
XOM,2026-09-11,11:39,165.325,165.38,165.3,165.36,19918
XOM,2026-09-11,11:40,165.405,165.43,165.38,165.4,11438
XOM,2026-09-11,11:41,165.375,165.49,165.375,165.4425,12895
XOM,2026-09-11,11:42,165.4999,165.6,165.48,165.55,25195
XOM,2026-09-11,11:43,165.55,165.55,165.51,165.535,10359
XOM,2026-09-11,11:44,165.56,165.64,165.56,165.64,5920
XOM,2026-09-11,11:45,165.645,165.65,165.52,165.54,21817
XOM,2026-09-11,11:46,165.53,165.56,165.525,165.53,10806
XOM,2026-09-11,11:47,165.56,165.59,165.54,165.59,4168
XOM,2026-09-11,11:48,165.62,165.625,165.56,165.56,8743
XOM,2026-09-11,11:49,165.5999,165.67,165.5499,165.5499,18481
XOM,2026-09-11,11:50,165.555,165.565,165.5,165.51,5410
XOM,2026-09-11,11:51,165.51,165.625,165.5001,165.59,4993
XOM,2026-09-11,11:52,165.595,165.63,165.56,165.5903,8781
XOM,2026-09-11,11:53,165.66,165.695,165.65,165.67,6016
XOM,2026-09-11,11:54,165.68,165.7,165.65,165.675,7731
XOM,2026-09-11,11:55,165.67,165.73,165.65,165.715,8896
XOM,2026-09-11,11:56,165.7,165.75,165.595,165.705,25133
XOM,2026-09-11,11:57,165.72,165.8,165.71,165.7895,16888
XOM,2026-09-11,11:58,165.8,165.8,165.73,165.7582,23014
XOM,2026-09-11,11:59,165.75,165.76,165.71,165.73,8647
XOM,2026-09-11,12:00,165.7621,165.8,165.73,165.735,26390
XOM,2026-09-11,12:01,165.75,165.75,165.68,165.745,9535
XOM,2026-09-11,12:02,165.735,165.735,165.68,165.7,6864
XOM,2026-09-11,12:03,165.695,165.695,165.63,165.635,12473
XOM,2026-09-11,12:04,165.635,165.64,165.59,165.61,7194
XOM,2026-09-11,12:05,165.61,165.62,165.539,165.57,22445
XOM,2026-09-11,12:06,165.6,165.618,165.5,165.5,9545
XOM,2026-09-11,12:07,165.5,165.57,165.5,165.565,11321
XOM,2026-09-11,12:08,165.545,165.55,165.41,165.45,16974
XOM,2026-09-11,12:09,165.45,165.4699,165.38,165.428,8817
XOM,2026-09-11,12:10,165.44,165.54,165.44,165.54,7717
XOM,2026-09-11,12:11,165.525,165.6,165.52,165.6,6956
XOM,2026-09-11,12:12,165.59,165.59,165.55,165.57,8625
XOM,2026-09-11,12:13,165.58,165.59,165.51,165.545,10839
XOM,2026-09-11,12:14,165.555,165.56,165.51,165.545,3918
XOM,2026-09-11,12:15,165.5591,165.58,165.525,165.53,10714
XOM,2026-09-11,12:16,165.53,165.56,165.51,165.53,6821
XOM,2026-09-11,12:17,165.535,165.535,165.43,165.455,10740
XOM,2026-09-11,12:18,165.47,165.5,165.43,165.4467,4440
XOM,2026-09-11,12:19,165.43,165.4779,165.41,165.4779,16623
XOM,2026-09-11,12:20,165.5,165.59,165.49,165.575,15747
XOM,2026-09-11,12:21,165.58,165.63,165.57,165.63,11562
XOM,2026-09-11,12:22,165.64,165.65,165.58,165.61,6168
XOM,2026-09-11,12:23,165.62,165.88,165.62,165.85,27560
XOM,2026-09-11,12:24,165.85,165.865,165.81,165.855,11500
XOM,2026-09-11,12:25,165.885,165.9884,165.87,165.955,20586
XOM,2026-09-11,12:26,165.96,165.97,165.93,165.95,13150
XOM,2026-09-11,12:27,165.95,165.96,165.9,165.955,12876
XOM,2026-09-11,12:28,165.98,166.1226,165.98,166.085,21139
XOM,2026-09-11,12:29,166.07,166.19,166.01,166.13,18292
XOM,2026-09-11,12:30,166.13,166.14,166.015,166.03,10529
XOM,2026-09-11,12:31,166.01,166.01,165.9,165.97,26938
XOM,2026-09-11,12:32,165.97,166.03,165.88,166.03,9751
XOM,2026-09-11,12:33,166.035,166.04,165.84,165.865,15435
XOM,2026-09-11,12:34,165.86,165.92,165.85,165.92,8664
XOM,2026-09-11,12:35,165.905,165.94,165.835,165.835,11654
XOM,2026-09-11,12:36,165.835,165.835,165.76,165.775,15126
XOM,2026-09-11,12:37,165.775,165.83,165.765,165.81,9062
XOM,2026-09-11,12:38,165.78,165.85,165.78,165.8,9309
XOM,2026-09-11,12:39,165.83,165.86,165.811,165.845,5685
XOM,2026-09-11,12:40,165.845,165.845,165.4,165.4293,75633
XOM,2026-09-11,12:41,165.43,165.605,165.397,165.605,14591
XOM,2026-09-11,12:42,165.64,165.69,165.57,165.64,14765
XOM,2026-09-11,12:43,165.675,165.675,165.585,165.585,3957
XOM,2026-09-11,12:44,165.585,165.5891,165.51,165.5891,14772
XOM,2026-09-11,12:45,165.57,165.61,165.515,165.515,7729
XOM,2026-09-11,12:46,165.515,165.56,165.47,165.49,7212
XOM,2026-09-11,12:47,165.4879,165.5,165.42,165.4954,5016
XOM,2026-09-11,12:48,165.5051,165.52,165.47,165.49,11184
XOM,2026-09-11,12:49,165.52,165.6,165.51,165.59,12204
XOM,2026-09-11,12:50,165.6,165.65,165.6,165.6,10289
XOM,2026-09-11,12:51,165.61,165.61,165.49,165.58,12836
XOM,2026-09-11,12:52,165.57,165.57,165.51,165.51,5623
XOM,2026-09-11,12:53,165.515,165.55,165.45,165.5199,14592
XOM,2026-09-11,12:54,165.52,165.585,165.52,165.585,9546
XOM,2026-09-11,12:55,165.6,165.6,165.49,165.5,12728
XOM,2026-09-11,12:56,165.51,165.58,165.51,165.56,5321
XOM,2026-09-11,12:57,165.57,165.58,165.53,165.55,4762
XOM,2026-09-11,12:58,165.58,165.65,165.575,165.65,5536
XOM,2026-09-11,12:59,165.64,165.665,165.56,165.57,9368
XOM,2026-09-11,13:00,165.57,165.59,165.57,165.59,5974
XOM,2026-09-11,13:01,165.56,165.56,165.45,165.46,10231
XOM,2026-09-11,13:02,165.44,165.455,165.44,165.45,3382
XOM,2026-09-11,13:03,165.45,165.52,165.44,165.5,11355
XOM,2026-09-11,13:04,165.49,165.505,165.47,165.485,6957
XOM,2026-09-11,13:05,165.4851,165.495,165.47,165.47,7822
XOM,2026-09-11,13:06,165.48,165.5,165.43,165.475,10210
XOM,2026-09-11,13:07,165.48,165.495,165.35,165.375,16695
XOM,2026-09-11,13:08,165.42,165.42,165.365,165.375,2836
XOM,2026-09-11,13:09,165.375,165.39,165.33,165.355,7575
XOM,2026-09-11,13:10,165.34,165.375,165.3,165.31,12158
XOM,2026-09-11,13:11,165.32,165.35,165.29,165.29,13195
XOM,2026-09-11,13:12,165.28,165.28,165.05,165.075,19173
XOM,2026-09-11,13:13,165.095,165.095,165.02,165.025,9297
XOM,2026-09-11,13:14,165.04,165.25,165.04,165.195,6369
XOM,2026-09-11,13:15,165.2,165.23,165.19,165.23,6441
XOM,2026-09-11,13:16,165.264,165.27,165.21,165.24,6503
XOM,2026-09-11,13:17,165.24,165.26,165.18,165.225,10324
XOM,2026-09-11,13:18,165.2102,165.35,165.2,165.35,14423
XOM,2026-09-11,13:19,165.39,165.465,165.39,165.465,3820
XOM,2026-09-11,13:20,165.48,165.51,165.45,165.4908,8111
XOM,2026-09-11,13:21,165.5099,165.54,165.46,165.46,9075
XOM,2026-09-11,13:22,165.485,165.485,165.41,165.425,3186
XOM,2026-09-11,13:23,165.43,165.465,165.375,165.375,25861
XOM,2026-09-11,13:24,165.36,165.38,165.33,165.34,6647
XOM,2026-09-11,13:25,165.34,165.43,165.32,165.415,4659
XOM,2026-09-11,13:26,165.42,165.42,165.39,165.415,3393
XOM,2026-09-11,13:27,165.38,165.4299,165.34,165.3501,10772
XOM,2026-09-11,13:28,165.36,165.42,165.34,165.395,6065
XOM,2026-09-11,13:29,165.41,165.53,165.4,165.49,34737
XOM,2026-09-11,13:30,165.49,165.65,165.49,165.54,29715
XOM,2026-09-11,13:31,165.5313,165.575,165.44,165.445,9602
XOM,2026-09-11,13:32,165.475,165.475,165.38,165.38,14653
XOM,2026-09-11,13:33,165.4,165.62,165.4,165.49,21386
XOM,2026-09-11,13:34,165.47,165.53,165.445,165.445,8582
XOM,2026-09-11,13:35,165.4218,165.51,165.42,165.46,11238
XOM,2026-09-11,13:36,165.485,165.485,165.38,165.43,11488
XOM,2026-09-11,13:37,165.44,165.4851,165.39,165.4605,19154
XOM,2026-09-11,13:38,165.5,165.58,165.5,165.555,8976
XOM,2026-09-11,13:39,165.56,165.575,165.54,165.555,14999
XOM,2026-09-11,13:40,165.55,165.5899,165.52,165.56,12683
XOM,2026-09-11,13:41,165.55,165.585,165.55,165.585,5652
XOM,2026-09-11,13:42,165.58,165.59,165.51,165.56,8149
XOM,2026-09-11,13:43,165.56,165.6,165.55,165.58,8156
XOM,2026-09-11,13:44,165.58,165.6,165.56,165.58,8391
XOM,2026-09-11,13:45,165.5845,165.59,165.51,165.525,33404
XOM,2026-09-11,13:46,165.52,165.6,165.51,165.57,10250
XOM,2026-09-11,13:47,165.6,165.6,165.565,165.595,4727
XOM,2026-09-11,13:48,165.58,165.63,165.55,165.6,9795
XOM,2026-09-11,13:49,165.6,165.62,165.54,165.56,12526
XOM,2026-09-11,13:50,165.57,165.58,165.5,165.51,3794
XOM,2026-09-11,13:51,165.51,165.51,165.43,165.4301,8942
XOM,2026-09-11,13:52,165.43,165.5,165.38,165.47,8680
XOM,2026-09-11,13:53,165.45,165.45,165.36,165.37,9589
XOM,2026-09-11,13:54,165.39,165.39,165.24,165.25,13012
XOM,2026-09-11,13:55,165.25,165.31,165.245,165.31,3707
XOM,2026-09-11,13:56,165.27,165.28,165.22,165.275,4615
XOM,2026-09-11,13:57,165.28,165.31,165.27,165.305,4948
XOM,2026-09-11,13:58,165.29,165.295,165.22,165.26,4690
XOM,2026-09-11,13:59,165.26,165.32,165.22,165.305,7725
XOM,2026-09-11,14:00,165.28,165.3122,165.17,165.175,9712
XOM,2026-09-11,14:01,165.175,165.31,165.16,165.275,8409
XOM,2026-09-11,14:02,165.275,165.275,165.1,165.1,8380
XOM,2026-09-11,14:03,165.14,165.19,165.13,165.165,21957
XOM,2026-09-11,14:04,165.165,165.35,165.165,165.33,12002
XOM,2026-09-11,14:05,165.331,165.47,165.331,165.47,11603
XOM,2026-09-11,14:06,165.45,165.5,165.4136,165.45,12464
XOM,2026-09-11,14:07,165.48,165.49,165.45,165.485,3878
XOM,2026-09-11,14:08,165.485,165.5,165.4372,165.4372,10396
XOM,2026-09-11,14:09,165.445,165.445,165.305,165.305,10422
XOM,2026-09-11,14:10,165.34,165.43,165.34,165.395,6196
XOM,2026-09-11,14:11,165.395,165.44,165.3701,165.425,3142
XOM,2026-09-11,14:12,165.41,165.415,165.36,165.38,7773
XOM,2026-09-11,14:13,165.38,165.4,165.36,165.4,3542
XOM,2026-09-11,14:14,165.38,165.3985,165.2744,165.305,17655
XOM,2026-09-11,14:15,165.29,165.36,165.29,165.335,9800
XOM,2026-09-11,14:16,165.31,165.395,165.31,165.345,10409
XOM,2026-09-11,14:17,165.36,165.37,165.32,165.35,6096
XOM,2026-09-11,14:18,165.355,165.38,165.355,165.375,7768
XOM,2026-09-11,14:19,165.37,165.445,165.36,165.43,5401
XOM,2026-09-11,14:20,165.44,165.635,165.44,165.635,22370
XOM,2026-09-11,14:21,165.65,165.71,165.64,165.685,18632
XOM,2026-09-11,14:22,165.685,165.685,165.57,165.57,23425
XOM,2026-09-11,14:23,165.5501,165.58,165.46,165.58,15682
XOM,2026-09-11,14:24,165.59,165.59,165.43,165.53,152237
XOM,2026-09-11,14:25,165.525,165.55,165.475,165.4857,10686
XOM,2026-09-11,14:26,165.465,165.48,165.42,165.42,11221
XOM,2026-09-11,14:27,165.44,165.44,165.3101,165.355,14532
XOM,2026-09-11,14:28,165.345,165.39,165.25,165.36,8752
XOM,2026-09-11,14:29,165.36,165.3799,165.2702,165.31,12192
XOM,2026-09-11,14:30,165.31,165.33,165.2738,165.285,7190
XOM,2026-09-11,14:31,165.285,165.285,165.23,165.26,8136
XOM,2026-09-11,14:32,165.26,165.31,165.22,165.23,10428
XOM,2026-09-11,14:33,165.22,165.235,165.14,165.145,17058
XOM,2026-09-11,14:34,165.14,165.17,165.12,165.16,7875
XOM,2026-09-11,14:35,165.17,165.26,165.17,165.23,7787
XOM,2026-09-11,14:36,165.24,165.285,165.22,165.285,10956
XOM,2026-09-11,14:37,165.28,165.2841,165.24,165.28,13515
XOM,2026-09-11,14:38,165.28,165.3182,165.275,165.31,12649
XOM,2026-09-11,14:39,165.31,165.31,165.29,165.3,5439
XOM,2026-09-11,14:40,165.31,165.345,165.27,165.29,8462
XOM,2026-09-11,14:41,165.29,165.35,165.29,165.33,13107
XOM,2026-09-11,14:42,165.33,165.37,165.33,165.37,9853
XOM,2026-09-11,14:43,165.37,165.37,165.3,165.32,8998
XOM,2026-09-11,14:44,165.36,165.375,165.33,165.37,7757
XOM,2026-09-11,14:45,165.3801,165.45,165.37,165.43,9361
XOM,2026-09-11,14:46,165.44,165.5099,165.44,165.5099,18581
XOM,2026-09-11,14:47,165.5,165.55,165.4931,165.53,11461
XOM,2026-09-11,14:48,165.54,165.5476,165.44,165.48,13529
XOM,2026-09-11,14:49,165.485,165.535,165.485,165.5,24905
XOM,2026-09-11,14:50,165.5,165.59,165.5,165.58,4081
XOM,2026-09-11,14:51,165.59,165.597,165.54,165.55,13602
XOM,2026-09-11,14:52,165.56,165.56,165.55,165.55,9537
XOM,2026-09-11,14:53,165.5499,165.5499,165.455,165.455,23326
XOM,2026-09-11,14:54,165.45,165.52,165.44,165.49,6838
XOM,2026-09-11,14:55,165.49,165.525,165.475,165.51,7118
XOM,2026-09-11,14:56,165.51,165.62,165.51,165.61,15825
XOM,2026-09-11,14:57,165.61,165.65,165.585,165.62,9378
XOM,2026-09-11,14:58,165.63,165.63,165.55,165.55,10616
XOM,2026-09-11,14:59,165.54,165.5593,165.4501,165.495,13341
XOM,2026-09-11,15:00,165.48,165.54,165.48,165.52,9918
XOM,2026-09-11,15:01,165.53,165.54,165.44,165.455,10401
XOM,2026-09-11,15:02,165.47,165.53,165.465,165.495,11335
XOM,2026-09-11,15:03,165.51,165.54,165.51,165.515,5313
XOM,2026-09-11,15:04,165.52,165.525,165.51,165.51,6232
XOM,2026-09-11,15:05,165.52,165.53,165.49,165.51,13719
XOM,2026-09-11,15:06,165.5101,165.56,165.49,165.5,12520
XOM,2026-09-11,15:07,165.52,165.53,165.47,165.4763,11409
XOM,2026-09-11,15:08,165.48,165.525,165.47,165.48,13730
XOM,2026-09-11,15:09,165.48,165.55,165.48,165.525,10228
XOM,2026-09-11,15:10,165.52,165.52,165.45,165.47,22302
XOM,2026-09-11,15:11,165.475,165.595,165.47,165.595,7973
XOM,2026-09-11,15:12,165.61,165.64,165.59,165.6302,30454
XOM,2026-09-11,15:13,165.65,165.69,165.62,165.645,18692
XOM,2026-09-11,15:14,165.645,165.67,165.64,165.65,17261
XOM,2026-09-11,15:15,165.65,165.6701,165.61,165.65,10296
XOM,2026-09-11,15:16,165.66,165.7,165.63,165.7,12871
XOM,2026-09-11,15:17,165.705,165.73,165.675,165.69,9557
XOM,2026-09-11,15:18,165.7,165.76,165.7,165.725,10651
XOM,2026-09-11,15:19,165.73,165.75,165.68,165.685,17186
XOM,2026-09-11,15:20,165.685,165.73,165.68,165.695,16392
XOM,2026-09-11,15:21,165.695,165.77,165.68,165.765,18590
XOM,2026-09-11,15:22,165.765,165.77,165.73,165.755,9070
XOM,2026-09-11,15:23,165.755,165.8358,165.74,165.83,15046
XOM,2026-09-11,15:24,165.83,165.83,165.79,165.83,12748
XOM,2026-09-11,15:25,165.81,165.86,165.8,165.86,10075
XOM,2026-09-11,15:26,165.87,165.89,165.8,165.81,28093
XOM,2026-09-11,15:27,165.81,165.83,165.79,165.79,6887
XOM,2026-09-11,15:28,165.79,165.85,165.79,165.83,13210
XOM,2026-09-11,15:29,165.83,165.855,165.78,165.84,19017
XOM,2026-09-11,15:30,165.835,165.85,165.75,165.76,29226
XOM,2026-09-11,15:31,165.76,165.7657,165.57,165.57,26103
XOM,2026-09-11,15:32,165.561,165.5999,165.52,165.55,19816
XOM,2026-09-11,15:33,165.555,165.56,165.51,165.54,22377
XOM,2026-09-11,15:34,165.53,165.56,165.4,165.415,17766
XOM,2026-09-11,15:35,165.415,165.435,165.35,165.395,27976
XOM,2026-09-11,15:36,165.4,165.4,165.34,165.35,14926
XOM,2026-09-11,15:37,165.3358,165.37,165.28,165.29,21746
XOM,2026-09-11,15:38,165.29,165.38,165.26,165.34,22452
XOM,2026-09-11,15:39,165.315,165.355,165.27,165.355,17454
XOM,2026-09-11,15:40,165.35,165.38,165.32,165.34,17538
XOM,2026-09-11,15:41,165.34,165.43,165.335,165.42,21408
XOM,2026-09-11,15:42,165.42,165.49,165.42,165.47,23946
XOM,2026-09-11,15:43,165.47,165.47,165.4,165.43,28699
XOM,2026-09-11,15:44,165.43,165.54,165.43,165.515,20018
XOM,2026-09-11,15:45,165.515,165.53,165.335,165.335,43958
XOM,2026-09-11,15:46,165.33,165.33,165.28,165.3,34532
XOM,2026-09-11,15:47,165.28,165.32,165.245,165.32,20175
XOM,2026-09-11,15:48,165.33,165.36,165.28,165.31,36185
XOM,2026-09-11,15:49,165.325,165.36,165.24,165.245,23253
XOM,2026-09-11,15:50,165.25,165.35,165.135,165.16,40149
XOM,2026-09-11,15:51,165.15,165.166,165.03,165.085,48778
XOM,2026-09-11,15:52,165.09,165.15,165.06,165.15,515134
XOM,2026-09-11,15:53,165.16,165.37,165.15,165.3,65802
XOM,2026-09-11,15:54,165.28,165.31,165.25,165.31,37057
XOM,2026-09-11,15:55,165.32,165.6,165.31,165.465,96638
XOM,2026-09-11,15:56,165.465,165.61,165.44,165.57,68136
XOM,2026-09-11,15:57,165.57,165.74,165.44,165.725,123954
XOM,2026-09-11,15:58,165.73,166.2,165.72,166.03,318830
XOM,2026-09-11,15:59,166.02,166.13,165.89,166,431730
XOM,2026-09-11,16:00,165.99,165.99,165.99,165.99,0
XOM,2026-09-14,09:30,168.7,168.91,168.5,168.75,136579
XOM,2026-09-14,09:31,168.8,168.84,168.63,168.745,8457
XOM,2026-09-14,09:32,168.5,168.96,168.22,168.8479,337037
XOM,2026-09-14,09:33,168.79,169.3,168.665,169.225,230299
XOM,2026-09-14,09:34,169.25,169.45,168.55,168.55,107213
XOM,2026-09-14,09:35,168.55,169,168.39,168.73,48406
XOM,2026-09-14,09:36,168.665,169,168.6,168.81,64313
XOM,2026-09-14,09:37,168.755,169.185,168.6768,169.065,56371
XOM,2026-09-14,09:38,169.065,169.39,169.0123,169.07,125785
XOM,2026-09-14,09:39,169.055,169.24,168.96,169.14,53630
XOM,2026-09-14,09:40,169.12,169.165,168.76,168.84,59827
XOM,2026-09-14,09:41,168.8,168.89,168.65,168.86,36377
XOM,2026-09-14,09:42,168.85,168.98,168.69,168.98,51885
XOM,2026-09-14,09:43,168.98,169.1,168.87,168.9702,52180
XOM,2026-09-14,09:44,168.945,169.01,168.91,168.93,29690
XOM,2026-09-14,09:45,168.88,169.1,168.71,168.88,87919
XOM,2026-09-14,09:46,168.93,168.99,168.73,168.73,25331
XOM,2026-09-14,09:47,168.73,168.88,168.35,168.465,72122
XOM,2026-09-14,09:48,168.44,168.59,168.22,168.22,55505
XOM,2026-09-14,09:49,168.245,168.53,168.22,168.48,34154
XOM,2026-09-14,09:50,168.48,168.48,168.24,168.24,20175
XOM,2026-09-14,09:51,168.28,168.33,168.15,168.27,14040
XOM,2026-09-14,09:52,168.27,168.27,167.96,168.22,26930
XOM,2026-09-14,09:53,168.2,168.3,168.15,168.24,20712
XOM,2026-09-14,09:54,168.25,168.2601,168.09,168.185,15053
XOM,2026-09-14,09:55,168.17,168.28,168.09,168.265,12919
XOM,2026-09-14,09:56,168.255,168.32,168.14,168.14,13841
XOM,2026-09-14,09:57,168.1,168.1,167.89,167.9578,15536
XOM,2026-09-14,09:58,167.91,168.14,167.88,168.085,18375
XOM,2026-09-14,09:59,168.08,168.26,168.06,168.125,41611
XOM,2026-09-14,10:00,168.09,168.19,168.06,168.15,19132
XOM,2026-09-14,10:01,168.155,168.17,168.02,168.085,19349
XOM,2026-09-14,10:02,168.085,168.33,168.04,168.325,53974
XOM,2026-09-14,10:03,168.3064,168.336,168.1,168.1008,11656
XOM,2026-09-14,10:04,168.1203,168.2696,168.1203,168.26,13194
XOM,2026-09-14,10:05,168.28,168.42,168.2651,168.39,15853
XOM,2026-09-14,10:06,168.36,168.42,168.22,168.25,26278
XOM,2026-09-14,10:07,168.31,168.33,168.21,168.22,6346
XOM,2026-09-14,10:08,168.185,168.19,168.03,168.06,13753
XOM,2026-09-14,10:09,168.02,168.12,167.98,168.02,27188
XOM,2026-09-14,10:10,168.045,168.09,168.01,168.06,6997
XOM,2026-09-14,10:11,168.0302,168.07,167.96,168.07,13329
XOM,2026-09-14,10:12,168.0775,168.15,168.05,168.1303,14578
XOM,2026-09-14,10:13,168.08,168.22,168.08,168.22,24209
XOM,2026-09-14,10:14,168.22,168.24,168.125,168.23,13687
XOM,2026-09-14,10:15,168.21,168.21,168.095,168.14,14350
XOM,2026-09-14,10:16,168.12,168.15,168.015,168.1389,19165
XOM,2026-09-14,10:17,168.13,168.2,168.12,168.195,10377
XOM,2026-09-14,10:18,168.18,168.22,168.1,168.16,12966
XOM,2026-09-14,10:19,168.18,168.22,168.11,168.18,8976
XOM,2026-09-14,10:20,168.16,168.2,168.09,168.09,7383
XOM,2026-09-14,10:21,168.095,168.26,168.095,168.2,22717
XOM,2026-09-14,10:22,168.2,168.22,167.95,167.97,19627
XOM,2026-09-14,10:23,167.99,168.07,167.83,167.83,11593
XOM,2026-09-14,10:24,167.84,167.9,167.61,167.68,26923
XOM,2026-09-14,10:25,167.67,167.72,167.585,167.63,17193
XOM,2026-09-14,10:26,167.61,167.67,167.57,167.6,9686
XOM,2026-09-14,10:27,167.63,167.65,167.5,167.5,13569
XOM,2026-09-14,10:28,167.495,167.52,167.31,167.32,38736
XOM,2026-09-14,10:29,167.3,167.31,167.18,167.25,30031
XOM,2026-09-14,10:30,167.25,167.37,167.21,167.37,30685
XOM,2026-09-14,10:31,167.36,167.44,167.26,167.435,22361
XOM,2026-09-14,10:32,167.39,167.41,167.0958,167.1465,21676
XOM,2026-09-14,10:33,167.125,167.2995,167.09,167.25,20911
XOM,2026-09-14,10:34,167.245,167.31,167.2001,167.31,7191
XOM,2026-09-14,10:35,167.335,167.53,167.284,167.495,29941
XOM,2026-09-14,10:36,167.52,167.5319,167.43,167.46,19242
XOM,2026-09-14,10:37,167.46,167.5,167.415,167.475,12465
XOM,2026-09-14,10:38,167.5,167.5531,167.45,167.46,36942
XOM,2026-09-14,10:39,167.46,167.52,167.43,167.5,15880
XOM,2026-09-14,10:40,167.52,167.7,167.51,167.7,13804
XOM,2026-09-14,10:41,167.7,167.73,167.5198,167.55,23096
XOM,2026-09-14,10:42,167.56,167.725,167.52,167.67,11461
XOM,2026-09-14,10:43,167.715,167.805,167.7,167.735,20055
XOM,2026-09-14,10:44,167.73,167.73,167.5899,167.5899,9094
XOM,2026-09-14,10:45,167.565,167.61,167.365,167.42,25122
XOM,2026-09-14,10:46,167.4,167.46,167.33,167.42,14612
XOM,2026-09-14,10:47,167.42,167.49,167.37,167.4,16577
XOM,2026-09-14,10:48,167.41,167.41,167.22,167.24,9963
XOM,2026-09-14,10:49,167.2401,167.28,167.22,167.22,12514
XOM,2026-09-14,10:50,167.2,167.37,167.175,167.34,17886
XOM,2026-09-14,10:51,167.2,167.25,167.1,167.11,15802
XOM,2026-09-14,10:52,167.12,167.2254,167.115,167.2254,7395
XOM,2026-09-14,10:53,167.22,167.3,167.2,167.27,14389
XOM,2026-09-14,10:54,167.24,167.42,167.174,167.42,30009
XOM,2026-09-14,10:55,167.39,167.45,167.36,167.42,37818
XOM,2026-09-14,10:56,167.46,167.56,167.46,167.48,16126
XOM,2026-09-14,10:57,167.47,167.54,167.35,167.53,20170
XOM,2026-09-14,10:58,167.53,167.59,167.38,167.39,13013
XOM,2026-09-14,10:59,167.385,167.48,167.28,167.37,17057
XOM,2026-09-14,11:00,167.36,167.395,167.3,167.305,16300
XOM,2026-09-14,11:01,167.295,167.4,167.19,167.395,17061
XOM,2026-09-14,11:02,167.38,167.445,167.34,167.42,12235
XOM,2026-09-14,11:03,167.45,167.5,167.38,167.48,10423
XOM,2026-09-14,11:04,167.48,167.57,167.48,167.5427,31912
XOM,2026-09-14,11:05,167.55,167.57,166.97,167.13,181849
XOM,2026-09-14,11:06,167.19,167.19,166.24,166.32,114816
XOM,2026-09-14,11:07,166.33,166.4,165.92,166.26,157871
XOM,2026-09-14,11:08,166.26,166.42,165.98,166.18,75012
XOM,2026-09-14,11:09,166.14,166.29,165.965,166.27,47015
XOM,2026-09-14,11:10,166.2951,166.2951,165.7906,165.83,36608
XOM,2026-09-14,11:11,165.79,165.905,165.61,165.87,28843
XOM,2026-09-14,11:12,165.861,166.41,165.861,166.355,33232
XOM,2026-09-14,11:13,166.4,166.44,166.13,166.29,30246
XOM,2026-09-14,11:14,166.24,166.455,166.23,166.33,19771
XOM,2026-09-14,11:15,166.355,166.355,166.12,166.14,21630
XOM,2026-09-14,11:16,166.11,166.35,166.11,166.185,19786
XOM,2026-09-14,11:17,166.145,166.375,166.06,166.365,9450
XOM,2026-09-14,11:18,166.365,166.6,166.32,166.6,18432
XOM,2026-09-14,11:19,166.66,166.71,166.5525,166.615,21893
XOM,2026-09-14,11:20,166.595,166.76,166.55,166.6581,17212
XOM,2026-09-14,11:21,166.69,166.795,166.59,166.775,17487
XOM,2026-09-14,11:22,166.76,166.905,166.76,166.905,21072
XOM,2026-09-14,11:23,166.9,167.09,166.72,166.73,35326
XOM,2026-09-14,11:24,166.705,166.79,166.67,166.73,30738
XOM,2026-09-14,11:25,166.73,166.85,166.65,166.82,48434
XOM,2026-09-14,11:26,166.825,166.85,166.77,166.78,18302
XOM,2026-09-14,11:27,166.79,166.95,166.77,166.95,16193
XOM,2026-09-14,11:28,166.9,167,166.7574,167,24112
XOM,2026-09-14,11:29,167,167.04,166.91,166.93,19474
XOM,2026-09-14,11:30,166.98,167.105,166.98,167.09,9034
XOM,2026-09-14,11:31,167.18,167.23,167.09,167.1025,21999
XOM,2026-09-14,11:32,167.115,167.19,166.7,166.79,103896
XOM,2026-09-14,11:33,166.8,166.83,166.29,166.29,35574
XOM,2026-09-14,11:34,166.31,166.36,166.155,166.24,56923
XOM,2026-09-14,11:35,166.27,166.535,166.25,166.49,57217
XOM,2026-09-14,11:36,166.47,166.54,166.33,166.431,21441
XOM,2026-09-14,11:37,166.465,166.475,166.22,166.225,32728
XOM,2026-09-14,11:38,166.23,166.2999,166.09,166.1104,22167
XOM,2026-09-14,11:39,166.135,166.22,166.09,166.17,35346
XOM,2026-09-14,11:40,166.18,166.44,166.18,166.31,32011
XOM,2026-09-14,11:41,166.33,166.41,166.08,166.17,38055
XOM,2026-09-14,11:42,166.215,166.29,166,166.04,23054
XOM,2026-09-14,11:43,166.05,166.05,165.93,165.94,33675
XOM,2026-09-14,11:44,165.965,166.005,165.8301,165.955,50784
XOM,2026-09-14,11:45,165.96,166.01,165.7,165.85,37035
XOM,2026-09-14,11:46,165.87,165.87,165.69,165.69,42123
XOM,2026-09-14,11:47,165.72,165.87,165.665,165.86,24559
XOM,2026-09-14,11:48,165.86,165.94,165.83,165.9099,25072
XOM,2026-09-14,11:49,165.875,165.925,165.82,165.89,9505
XOM,2026-09-14,11:50,165.89,166.03,165.85,166.005,25268
XOM,2026-09-14,11:51,166.005,166.03,165.915,166,33881
XOM,2026-09-14,11:52,166.0299,166.0299,165.86,165.86,7580
XOM,2026-09-14,11:53,165.9,165.96,165.86,165.87,8485
XOM,2026-09-14,11:54,165.8301,165.899,165.82,165.865,7302
XOM,2026-09-14,11:55,165.85,165.8532,165.81,165.81,3580
XOM,2026-09-14,11:56,165.835,165.87,165.79,165.85,12482
XOM,2026-09-14,11:57,165.81,165.87,165.77,165.79,10206
XOM,2026-09-14,11:58,165.79,165.87,165.79,165.86,11756
XOM,2026-09-14,11:59,165.84,165.98,165.815,165.945,17076
XOM,2026-09-14,12:00,165.98,166.085,165.98,166.05,17704
XOM,2026-09-14,12:01,166.06,166.08,165.99,166.055,13898
XOM,2026-09-14,12:02,166.055,166.06,165.995,166,6334
XOM,2026-09-14,12:03,166.007,166.03,165.95,165.95,6224
XOM,2026-09-14,12:04,165.95,166.1355,165.95,166.1355,14063
XOM,2026-09-14,12:05,166.12,166.15,166.075,166.075,11997
XOM,2026-09-14,12:06,166.065,166.065,166.03,166.06,3687
XOM,2026-09-14,12:07,166.03,166.14,165.93,165.98,14444
XOM,2026-09-14,12:08,165.99,166.01,165.925,165.95,6968
XOM,2026-09-14,12:09,165.92,165.955,165.78,165.795,9265
XOM,2026-09-14,12:10,165.795,165.87,165.67,165.71,17836
XOM,2026-09-14,12:11,165.72,165.79,165.71,165.79,16463
XOM,2026-09-14,12:12,165.8,165.84,165.75,165.8201,33944
XOM,2026-09-14,12:13,165.775,165.84,165.77,165.82,35349
XOM,2026-09-14,12:14,165.84,165.84,165.6301,165.74,30305
XOM,2026-09-14,12:15,165.74,165.7999,165.63,165.63,13426
XOM,2026-09-14,12:16,165.64,165.72,165.63,165.7,15667
XOM,2026-09-14,12:17,165.71,165.775,165.68,165.71,14260
XOM,2026-09-14,12:18,165.7,165.73,165.675,165.71,8321
XOM,2026-09-14,12:19,165.7257,165.79,165.69,165.785,16421
XOM,2026-09-14,12:20,165.815,165.83,165.73,165.73,6286
XOM,2026-09-14,12:21,165.73,165.78,165.71,165.75,6592
XOM,2026-09-14,12:22,165.7,165.76,165.7,165.74,10571
XOM,2026-09-14,12:23,165.76,165.8601,165.76,165.8601,9059
XOM,2026-09-14,12:24,165.86,165.895,165.855,165.87,12352
XOM,2026-09-14,12:25,165.87,165.98,165.86,165.95,13829
XOM,2026-09-14,12:26,165.98,166,165.96,165.9811,8420
XOM,2026-09-14,12:27,165.99,165.99,165.8566,165.875,17029
XOM,2026-09-14,12:28,165.8612,166.055,165.8612,166.055,20083
XOM,2026-09-14,12:29,166.04,166.21,166,166.175,29939
XOM,2026-09-14,12:30,166.21,166.3301,166.21,166.305,10517
XOM,2026-09-14,12:31,166.29,166.32,166.13,166.2794,20501
XOM,2026-09-14,12:32,166.25,166.25,166.1301,166.16,11687
XOM,2026-09-14,12:33,166.19,166.22,166.19,166.215,5857
XOM,2026-09-14,12:34,166.215,166.215,166.12,166.12,6445
XOM,2026-09-14,12:35,166.095,166.1786,166,166,11585
XOM,2026-09-14,12:36,165.98,166.0399,165.94,165.95,9533
XOM,2026-09-14,12:37,165.93,165.95,165.8501,165.885,6040
XOM,2026-09-14,12:38,165.92,165.94,165.795,165.93,26446
XOM,2026-09-14,12:39,165.89,165.92,165.8,165.83,10326
XOM,2026-09-14,12:40,165.82,165.84,165.7801,165.84,6433
XOM,2026-09-14,12:41,165.835,165.85,165.78,165.795,7208
XOM,2026-09-14,12:42,165.82,165.84,165.75,165.78,13757
XOM,2026-09-14,12:43,165.78,165.84,165.78,165.79,7120
XOM,2026-09-14,12:44,165.805,165.85,165.78,165.8251,5698
XOM,2026-09-14,12:45,165.81,165.82,165.76,165.79,12682
XOM,2026-09-14,12:46,165.82,165.87,165.76,165.81,11756
XOM,2026-09-14,12:47,165.73,165.77,165.2801,165.2801,62353
XOM,2026-09-14,12:48,165.33,165.42,164.8189,164.85,137351
XOM,2026-09-14,12:49,164.86,164.86,164.66,164.77,28415
XOM,2026-09-14,12:50,164.77,165.135,164.72,165.05,46116
XOM,2026-09-14,12:51,165.0301,165.33,165.0301,165.205,24966
XOM,2026-09-14,12:52,165.21,165.22,165.01,165.03,25078
XOM,2026-09-14,12:53,165.06,165.09,164.7234,164.775,15341
XOM,2026-09-14,12:54,164.8,164.93,164.735,164.79,15564
XOM,2026-09-14,12:55,164.73,164.84,164.7,164.83,7086
XOM,2026-09-14,12:56,164.875,164.935,164.865,164.915,10963
XOM,2026-09-14,12:57,164.935,165.18,164.9258,165.12,20820
XOM,2026-09-14,12:58,165.115,165.16,165.07,165.125,11414
XOM,2026-09-14,12:59,165.11,165.16,165.0026,165.16,19304
XOM,2026-09-14,13:00,165.155,165.19,165.09,165.1051,9836
XOM,2026-09-14,13:01,165.13,165.22,164.965,165.05,69280
XOM,2026-09-14,13:02,165.09,165.12,164.93,164.96,29014
XOM,2026-09-14,13:03,164.95,164.95,164.88,164.895,5160
XOM,2026-09-14,13:04,164.895,164.973,164.83,164.94,18413
XOM,2026-09-14,13:05,164.94,165.12,164.9,165.085,16907
XOM,2026-09-14,13:06,165.08,165.22,165.07,165.16,9713
XOM,2026-09-14,13:07,165.1756,165.27,165.11,165.27,12348
XOM,2026-09-14,13:08,165.25,165.25,165.2,165.21,3878
XOM,2026-09-14,13:09,165.27,165.34,165.21,165.21,7027
XOM,2026-09-14,13:10,165.2201,165.225,165.2,165.21,4203
XOM,2026-09-14,13:11,165.18,165.1847,165.12,165.145,5987
XOM,2026-09-14,13:12,165.1,165.15,165.1,165.13,6173
XOM,2026-09-14,13:13,165.1201,165.16,165.12,165.14,4964
XOM,2026-09-14,13:14,165.15,165.23,165.14,165.21,9998
XOM,2026-09-14,13:15,165.23,165.2498,165.19,165.19,3482
XOM,2026-09-14,13:16,165.18,165.241,165.15,165.15,3557
XOM,2026-09-14,13:17,165.15,165.21,165.15,165.18,3477
XOM,2026-09-14,13:18,165.225,165.26,165.21,165.235,5168
XOM,2026-09-14,13:19,165.24,165.27,165.19,165.21,3917
XOM,2026-09-14,13:20,165.205,165.29,165.2,165.29,10528
XOM,2026-09-14,13:21,165.31,165.35,165.265,165.325,6974
XOM,2026-09-14,13:22,165.27,165.3111,165.25,165.295,4865
XOM,2026-09-14,13:23,165.285,165.285,165.245,165.27,4271
XOM,2026-09-14,13:24,165.29,165.29,165.17,165.17,6563
XOM,2026-09-14,13:25,165.2,165.215,165.16,165.195,6843
XOM,2026-09-14,13:26,165.22,165.2506,165.09,165.125,8484
XOM,2026-09-14,13:27,165.15,165.185,165.11,165.185,7480
XOM,2026-09-14,13:28,165.1682,165.22,165.15,165.19,9320
XOM,2026-09-14,13:29,165.21,165.23,165.17,165.2201,8824
XOM,2026-09-14,13:30,165.24,165.34,165.235,165.32,7282
XOM,2026-09-14,13:31,165.31,165.3451,165.3,165.32,10565
XOM,2026-09-14,13:32,165.32,165.47,165.32,165.47,12058
XOM,2026-09-14,13:33,165.4416,165.505,165.4,165.505,10184
XOM,2026-09-14,13:34,165.4961,165.545,165.455,165.455,9103
XOM,2026-09-14,13:35,165.43,165.43,165.34,165.34,7290
XOM,2026-09-14,13:36,165.37,165.455,165.37,165.455,3520
XOM,2026-09-14,13:37,165.43,165.58,165.43,165.58,7844
XOM,2026-09-14,13:38,165.555,165.69,165.4961,165.68,18307
XOM,2026-09-14,13:39,165.6818,165.6818,165.62,165.67,10899
XOM,2026-09-14,13:40,165.64,165.69,165.63,165.675,8503
XOM,2026-09-14,13:41,165.66,165.725,165.64,165.71,11677
XOM,2026-09-14,13:42,165.725,165.74,165.67,165.69,9410
XOM,2026-09-14,13:43,165.66,165.68,165.26,165.4,36893
XOM,2026-09-14,13:44,165.395,165.485,165.3901,165.47,15067
XOM,2026-09-14,13:45,165.455,165.58,165.44,165.545,10416
XOM,2026-09-14,13:46,165.52,165.53,165.3901,165.475,10320
XOM,2026-09-14,13:47,165.45,165.49,165.45,165.48,11377
XOM,2026-09-14,13:48,165.47,165.475,165.41,165.435,7489
XOM,2026-09-14,13:49,165.43,165.46,165.3,165.35,17264
XOM,2026-09-14,13:50,165.355,165.5,165.34,165.47,19208
XOM,2026-09-14,13:51,165.47,165.49,165.37,165.42,14149
XOM,2026-09-14,13:52,165.405,165.4395,165.3,165.35,31046
XOM,2026-09-14,13:53,165.36,165.45,165.36,165.45,8925
XOM,2026-09-14,13:54,165.485,165.535,165.485,165.535,6321
XOM,2026-09-14,13:55,165.53,165.53,165.4609,165.51,7762
XOM,2026-09-14,13:56,165.53,165.565,165.49,165.49,8602
XOM,2026-09-14,13:57,165.5565,165.57,165.51,165.535,8006
XOM,2026-09-14,13:58,165.53,165.53,165.46,165.465,14627
XOM,2026-09-14,13:59,165.44,165.44,165.36,165.38,6888
XOM,2026-09-14,14:00,165.4,165.47,165.31,165.47,29947
XOM,2026-09-14,14:01,165.4953,165.525,165.45,165.45,6960
XOM,2026-09-14,14:02,165.46,165.49,165.43,165.43,3560
XOM,2026-09-14,14:03,165.45,165.56,165.435,165.56,5878
XOM,2026-09-14,14:04,165.585,165.68,165.57,165.6651,6428
XOM,2026-09-14,14:05,165.665,165.69,165.62,165.67,10752
XOM,2026-09-14,14:06,165.64,165.65,165.611,165.635,5141
XOM,2026-09-14,14:07,165.62,165.64,165.57,165.58,10089
XOM,2026-09-14,14:08,165.6,165.63,165.5201,165.5201,6260
XOM,2026-09-14,14:09,165.5451,165.59,165.44,165.44,7157
XOM,2026-09-14,14:10,165.41,165.44,165.375,165.44,18169
XOM,2026-09-14,14:11,165.44,165.47,165.39,165.46,7371
XOM,2026-09-14,14:12,165.48,165.5,165.43,165.44,5952
XOM,2026-09-14,14:13,165.479,165.5699,165.479,165.5699,4608
XOM,2026-09-14,14:14,165.52,165.61,165.52,165.609,5521
XOM,2026-09-14,14:15,165.61,165.7,165.59,165.645,9578
XOM,2026-09-14,14:16,165.695,165.705,165.665,165.7005,5118
XOM,2026-09-14,14:17,165.685,165.72,165.67,165.67,10685
XOM,2026-09-14,14:18,165.61,165.685,165.61,165.685,6126
XOM,2026-09-14,14:19,165.7,165.75,165.6705,165.715,18534
XOM,2026-09-14,14:20,165.72,165.805,165.72,165.78,6606
XOM,2026-09-14,14:21,165.765,165.785,165.74,165.76,16529
XOM,2026-09-14,14:22,165.75,165.7699,165.73,165.755,4452
XOM,2026-09-14,14:23,165.76,165.76,165.7,165.7,7927
XOM,2026-09-14,14:24,165.68,165.71,165.68,165.7,7465
XOM,2026-09-14,14:25,165.7,165.7,165.52,165.57,22924
XOM,2026-09-14,14:26,165.56,165.5844,165.5,165.52,5446
XOM,2026-09-14,14:27,165.52,165.56,165.5079,165.52,8069
XOM,2026-09-14,14:28,165.523,165.665,165.523,165.54,8733
XOM,2026-09-14,14:29,165.525,165.54,165.44,165.4751,7600
XOM,2026-09-14,14:30,165.475,165.49,165.43,165.49,5155
XOM,2026-09-14,14:31,165.475,165.485,165.44,165.45,5779
XOM,2026-09-14,14:32,165.46,165.46,165.37,165.37,14621
XOM,2026-09-14,14:33,165.335,165.46,165.3,165.3701,19454
XOM,2026-09-14,14:34,165.37,165.42,165.36,165.36,7428
XOM,2026-09-14,14:35,165.35,165.36,165.3,165.34,10809
XOM,2026-09-14,14:36,165.33,165.34,165.21,165.24,9131
XOM,2026-09-14,14:37,165.2249,165.315,165.2249,165.29,10073
XOM,2026-09-14,14:38,165.3,165.31,165.14,165.1404,13594
XOM,2026-09-14,14:39,165.1799,165.1799,165.03,165.05,14279
XOM,2026-09-14,14:40,165.055,165.08,165.013,165.08,7324
XOM,2026-09-14,14:41,165.1178,165.12,164.88,164.965,38626
XOM,2026-09-14,14:42,164.9668,165.05,164.9668,165.015,17932
XOM,2026-09-14,14:43,165.035,165.035,164.98,165.015,10285
XOM,2026-09-14,14:44,165.035,165.04,164.95,164.985,7020
XOM,2026-09-14,14:45,164.96,165.0299,164.945,165.015,18501
XOM,2026-09-14,14:46,164.99,165.09,164.935,165.07,13865
XOM,2026-09-14,14:47,165.055,165.06,164.9,164.95,16480
XOM,2026-09-14,14:48,164.94,164.99,164.9301,164.9751,8759
XOM,2026-09-14,14:49,164.975,165.01,164.95,165,10248
XOM,2026-09-14,14:50,165.01,165.045,164.985,165.03,7266
XOM,2026-09-14,14:51,165.01,165.07,164.97,164.97,8977
XOM,2026-09-14,14:52,165.005,165.01,164.9501,164.965,2761
XOM,2026-09-14,14:53,164.97,164.99,164.95,164.97,9264
XOM,2026-09-14,14:54,164.9701,164.98,164.94,164.96,8643
XOM,2026-09-14,14:55,164.96,165.03,164.93,165.01,30380
XOM,2026-09-14,14:56,165,165.02,164.835,164.835,13011
XOM,2026-09-14,14:57,164.825,164.83,164.63,164.71,18321
XOM,2026-09-14,14:58,164.705,164.74,164.56,164.62,24165
XOM,2026-09-14,14:59,164.63,164.7194,164.56,164.7194,17949
XOM,2026-09-14,15:00,164.68,164.7199,164.64,164.665,14253
XOM,2026-09-14,15:01,164.6401,164.68,164.625,164.64,11180
XOM,2026-09-14,15:02,164.66,164.66,164.615,164.63,11815
XOM,2026-09-14,15:03,164.63,164.6898,164.62,164.64,7287
XOM,2026-09-14,15:04,164.63,164.67,164.23,164.27,106297
XOM,2026-09-14,15:05,164.3,164.45,164.27,164.39,10739
XOM,2026-09-14,15:06,164.39,164.43,164.305,164.325,9668
XOM,2026-09-14,15:07,164.32,164.37,164.25,164.34,17762
XOM,2026-09-14,15:08,164.34,164.34,164.29,164.31,7341
XOM,2026-09-14,15:09,164.315,164.34,164.3,164.305,10254
XOM,2026-09-14,15:10,164.295,164.4,164.29,164.3746,20055
XOM,2026-09-14,15:11,164.38,164.42,164.1,164.145,34781
XOM,2026-09-14,15:12,164.155,164.17,164.04,164.16,21754
XOM,2026-09-14,15:13,164.17,164.22,164.16,164.22,21380
XOM,2026-09-14,15:14,164.22,164.32,164.22,164.3,15834
XOM,2026-09-14,15:15,164.305,164.32,164.22,164.31,16669
XOM,2026-09-14,15:16,164.3003,164.34,164.295,164.33,11947
XOM,2026-09-14,15:17,164.335,164.37,164.32,164.36,7755
XOM,2026-09-14,15:18,164.355,164.37,164.34,164.36,10067
XOM,2026-09-14,15:19,164.36,164.38,164.33,164.38,15566
XOM,2026-09-14,15:20,164.385,164.43,164.38,164.39,19984
XOM,2026-09-14,15:21,164.4,164.41,164.39,164.41,13112
XOM,2026-09-14,15:22,164.41,164.43,164.38,164.38,9995
XOM,2026-09-14,15:23,164.38,164.42,164.33,164.42,16811
XOM,2026-09-14,15:24,164.435,164.52,164.435,164.44,13080
XOM,2026-09-14,15:25,164.445,164.46,164.36,164.36,16739
XOM,2026-09-14,15:26,164.35,164.35,164.25,164.28,11479
XOM,2026-09-14,15:27,164.26,164.3,164.23,164.29,33319
XOM,2026-09-14,15:28,164.27,164.3099,164.27,164.28,16630
XOM,2026-09-14,15:29,164.28,164.36,164.28,164.28,14741
XOM,2026-09-14,15:30,164.31,164.36,164.285,164.315,42696
XOM,2026-09-14,15:31,164.315,164.43,164.3,164.43,25371
XOM,2026-09-14,15:32,164.43,164.44,164.34,164.44,29132
XOM,2026-09-14,15:33,164.43,164.47,164.34,164.45,20820
XOM,2026-09-14,15:34,164.45,164.45,164.375,164.45,23237
XOM,2026-09-14,15:35,164.445,164.55,164.42,164.48,44357
XOM,2026-09-14,15:36,164.44,164.49,164.38,164.45,29226
XOM,2026-09-14,15:37,164.43,164.47,164.36,164.415,54291
XOM,2026-09-14,15:38,164.415,164.417,164.39,164.4,20903
XOM,2026-09-14,15:39,164.41,164.51,164.39,164.4,16775
XOM,2026-09-14,15:40,164.41,164.47,164.41,164.45,22457
XOM,2026-09-14,15:41,164.47,164.52,164.46,164.465,17142
XOM,2026-09-14,15:42,164.455,164.545,164.44,164.545,15639
XOM,2026-09-14,15:43,164.53,164.58,164.51,164.54,21108
XOM,2026-09-14,15:44,164.54,164.63,164.54,164.595,33588
XOM,2026-09-14,15:45,164.595,164.6439,164.56,164.59,19546
XOM,2026-09-14,15:46,164.6,164.62,164.54,164.5701,18594
XOM,2026-09-14,15:47,164.57,164.58,164.49,164.525,17299
XOM,2026-09-14,15:48,164.525,164.54,164.46,164.5,44596
XOM,2026-09-14,15:49,164.51,164.56,164.47,164.5,28545
XOM,2026-09-14,15:50,164.48,164.49,164.255,164.2981,49828
XOM,2026-09-14,15:51,164.3,164.41,164.24,164.37,53289
XOM,2026-09-14,15:52,164.35,164.36,164.28,164.31,30068
XOM,2026-09-14,15:53,164.32,164.33,164.19,164.23,52909
XOM,2026-09-14,15:54,164.235,164.43,164.22,164.42,66365
XOM,2026-09-14,15:55,164.41,164.56,164.345,164.445,555949
XOM,2026-09-14,15:56,164.44,164.52,164.4,164.5,79386
XOM,2026-09-14,15:57,164.51,164.68,164.5,164.61,77703
XOM,2026-09-14,15:58,164.61,164.92,164.57,164.81,248959
XOM,2026-09-14,15:59,164.82,165.08,164.73,165.07,478110
XOM,2026-09-14,16:00,165.08,165.08,165.08,165.08,0
XOM,2026-09-15,09:30,165.36,165.71,165.15,165.38,150493
XOM,2026-09-15,09:31,165.48,166,165.48,165.95,18397
XOM,2026-09-15,09:32,165.84,166.24,165.84,165.97,29702
XOM,2026-09-15,09:33,165.97,166.09,165.535,165.84,40554
XOM,2026-09-15,09:34,165.87,166.19,165.7,166.19,40047
XOM,2026-09-15,09:35,166.19,166.57,166.135,166.57,46143
XOM,2026-09-15,09:36,166.6392,167.1599,166.558,167.09,66039
XOM,2026-09-15,09:37,167.0606,167.3,167.05,167.24,57635
XOM,2026-09-15,09:38,167.36,167.5593,167.27,167.5593,26666
XOM,2026-09-15,09:39,167.5634,167.58,167.4138,167.47,20255
XOM,2026-09-15,09:40,167.41,167.62,167.24,167.4,55692
XOM,2026-09-15,09:41,167.38,167.5,167.24,167.485,19298
XOM,2026-09-15,09:42,167.4851,167.4851,167.21,167.3,24023
XOM,2026-09-15,09:43,167.32,167.39,167,167.155,41089
XOM,2026-09-15,09:44,167.12,167.24,166.88,167.2199,69443
XOM,2026-09-15,09:45,167.23,167.44,167.23,167.375,22882
XOM,2026-09-15,09:46,167.37,167.41,167.25,167.35,30191
XOM,2026-09-15,09:47,167.34,167.34,167.13,167.17,20800
XOM,2026-09-15,09:48,167.15,167.23,167.1,167.16,18751
XOM,2026-09-15,09:49,167.16,167.22,167.035,167.17,19393
XOM,2026-09-15,09:50,167.16,167.2251,167.05,167.07,11925
XOM,2026-09-15,09:51,167.06,167.265,167.01,167.265,98399
XOM,2026-09-15,09:52,167.27,167.41,167.27,167.34,13762
XOM,2026-09-15,09:53,167.34,167.7,167.34,167.58,20311
XOM,2026-09-15,09:54,167.57,167.77,167.42,167.42,61898
XOM,2026-09-15,09:55,167.42,167.63,167.42,167.4725,14545
XOM,2026-09-15,09:56,167.505,167.505,167.3301,167.36,21877
XOM,2026-09-15,09:57,167.375,167.675,167.36,167.65,81538
XOM,2026-09-15,09:58,167.68,167.685,167.4,167.49,34046
XOM,2026-09-15,09:59,167.49,167.64,167.48,167.57,22731
XOM,2026-09-15,10:00,167.55,167.67,167.51,167.635,39304
XOM,2026-09-15,10:01,167.635,167.7251,167.46,167.525,37288
XOM,2026-09-15,10:02,167.5,167.64,167.495,167.56,24539
XOM,2026-09-15,10:03,167.58,167.765,167.56,167.7301,24505
XOM,2026-09-15,10:04,167.76,167.83,167.72,167.74,22093
XOM,2026-09-15,10:05,167.71,167.76,167.6,167.73,17631
XOM,2026-09-15,10:06,167.75,167.91,167.75,167.91,28483
XOM,2026-09-15,10:07,167.92,167.93,167.79,167.795,11284
XOM,2026-09-15,10:08,167.82,167.834,167.66,167.68,11639
XOM,2026-09-15,10:09,167.74,167.885,167.74,167.86,18142
XOM,2026-09-15,10:10,167.9,167.93,167.67,167.67,21571
XOM,2026-09-15,10:11,167.67,167.72,167.472,167.535,49898
XOM,2026-09-15,10:12,167.535,167.795,167.535,167.78,10540
XOM,2026-09-15,10:13,167.77,167.89,167.75,167.85,12881
XOM,2026-09-15,10:14,167.86,167.8955,167.77,167.78,10654
XOM,2026-09-15,10:15,167.805,167.83,167.77,167.82,7400
XOM,2026-09-15,10:16,167.815,167.86,167.78,167.81,10498
XOM,2026-09-15,10:17,167.8,167.86,167.68,167.76,22330
XOM,2026-09-15,10:18,167.79,167.93,167.79,167.9,21784
XOM,2026-09-15,10:19,167.915,168.05,167.9,167.97,57219
XOM,2026-09-15,10:20,167.95,168.06,167.94,168.0099,18108
XOM,2026-09-15,10:21,167.98,168,167.965,168,10385
XOM,2026-09-15,10:22,167.97,168.06,167.9201,168.06,4953
XOM,2026-09-15,10:23,168.07,168.0899,167.995,168.03,11790
XOM,2026-09-15,10:24,168.025,168.0299,167.945,168.02,18997
XOM,2026-09-15,10:25,168,168.05,167.84,167.8748,38977
XOM,2026-09-15,10:26,167.885,167.935,167.84,167.855,14158
XOM,2026-09-15,10:27,167.8778,167.8778,167.755,167.8,17733
XOM,2026-09-15,10:28,167.79,167.8,167.58,167.655,82855
XOM,2026-09-15,10:29,167.63,167.71,167.215,167.25,65469
XOM,2026-09-15,10:30,167.2651,167.6,167.265,167.6,26509
XOM,2026-09-15,10:31,167.55,167.615,167.43,167.48,12272
XOM,2026-09-15,10:32,167.52,167.71,167.44,167.65,11392
XOM,2026-09-15,10:33,167.675,167.71,167.51,167.575,7364
XOM,2026-09-15,10:34,167.52,167.55,167.05,167.05,97350
XOM,2026-09-15,10:35,167.055,167.4187,167.01,167.31,56034
XOM,2026-09-15,10:36,167.32,167.404,167.265,167.32,25013
XOM,2026-09-15,10:37,167.33,167.33,167.17,167.19,9943
XOM,2026-09-15,10:38,167.18,167.29,167.15,167.27,22434
XOM,2026-09-15,10:39,167.26,167.4201,167.26,167.42,14840
XOM,2026-09-15,10:40,167.41,167.41,167.36,167.36,5126
XOM,2026-09-15,10:41,167.26,167.26,167.1275,167.17,18902
XOM,2026-09-15,10:42,167.17,167.19,167.0444,167.05,10555
XOM,2026-09-15,10:43,167.06,167.1864,167.06,167.08,10663
XOM,2026-09-15,10:44,167.08,167.13,166.97,167.02,19682
XOM,2026-09-15,10:45,167.0072,167.26,166.99,167.22,10228
XOM,2026-09-15,10:46,167.21,167.29,167.175,167.29,7803
XOM,2026-09-15,10:47,167.315,167.445,167.2901,167.445,33284
XOM,2026-09-15,10:48,167.44,167.5,167.335,167.45,41352
XOM,2026-09-15,10:49,167.46,167.46,167.4,167.425,9728
XOM,2026-09-15,10:50,167.4187,167.445,167.29,167.295,7851
XOM,2026-09-15,10:51,167.27,167.5616,167.27,167.44,29157
XOM,2026-09-15,10:52,167.4563,167.4563,167.23,167.23,16789
XOM,2026-09-15,10:53,167.25,167.36,167.25,167.345,7400
XOM,2026-09-15,10:54,167.32,167.38,167.32,167.36,22564
XOM,2026-09-15,10:55,167.4,167.43,167.36,167.37,11157
XOM,2026-09-15,10:56,167.34,167.355,167.27,167.33,10210
XOM,2026-09-15,10:57,167.3201,167.5,167.295,167.5,25955
XOM,2026-09-15,10:58,167.54,167.72,167.5,167.6,15334
XOM,2026-09-15,10:59,167.68,167.75,167.655,167.75,9057
XOM,2026-09-15,11:00,167.75,167.815,167.71,167.72,28937
XOM,2026-09-15,11:01,167.7477,167.835,167.59,167.79,44113
XOM,2026-09-15,11:02,167.7951,167.845,167.78,167.825,7437
XOM,2026-09-15,11:03,167.8499,167.93,167.77,167.93,10445
XOM,2026-09-15,11:04,167.93,167.9819,167.905,167.94,9800
XOM,2026-09-15,11:05,167.92,167.94,167.82,167.87,15060
XOM,2026-09-15,11:06,167.875,168.1,167.8671,168.1,35092
XOM,2026-09-15,11:07,168.09,168.105,167.95,168.01,22515
XOM,2026-09-15,11:08,167.995,168.07,167.96,168.06,14823
XOM,2026-09-15,11:09,168.055,168.08,168,168,8929
XOM,2026-09-15,11:10,168.04,168.11,167.99,168.105,10015
XOM,2026-09-15,11:11,168.0525,168.1,168.01,168.07,17774
XOM,2026-09-15,11:12,168.11,168.3,168.1,168.3,18332
XOM,2026-09-15,11:13,168.28,168.49,168.27,168.35,65227
XOM,2026-09-15,11:14,168.35,168.46,168.33,168.46,9588
XOM,2026-09-15,11:15,168.48,168.48,168.3726,168.41,18936
XOM,2026-09-15,11:16,168.42,168.65,168.42,168.58,43414
XOM,2026-09-15,11:17,168.59,168.63,168.58,168.59,57376
XOM,2026-09-15,11:18,168.5937,168.73,168.5937,168.62,32271
XOM,2026-09-15,11:19,168.625,168.75,168.56,168.7079,76643
XOM,2026-09-15,11:20,168.71,168.83,168.71,168.83,24638
XOM,2026-09-15,11:21,168.84,168.8699,168.81,168.83,27676
XOM,2026-09-15,11:22,168.8294,169.15,168.8294,169.095,102182
XOM,2026-09-15,11:23,169.11,169.2,169.08,169.16,29118
XOM,2026-09-15,11:24,169.19,169.33,169.185,169.267,47235
XOM,2026-09-15,11:25,169.29,169.3,169.14,169.15,23456
XOM,2026-09-15,11:26,169.155,169.25,169.1401,169.25,18695
XOM,2026-09-15,11:27,169.26,169.3,169.19,169.225,22460
XOM,2026-09-15,11:28,169.225,169.28,169.21,169.23,13365
XOM,2026-09-15,11:29,169.18,169.2505,169.14,169.22,15812
XOM,2026-09-15,11:30,169.22,169.25,169.13,169.185,47151
XOM,2026-09-15,11:31,169.1885,169.31,169.1075,169.295,16462
XOM,2026-09-15,11:32,169.31,169.3799,169.27,169.31,18956
XOM,2026-09-15,11:33,169.33,169.43,169.3264,169.395,20111
XOM,2026-09-15,11:34,169.38,169.39,169.25,169.33,19502
XOM,2026-09-15,11:35,169.31,169.35,169.26,169.325,14896
XOM,2026-09-15,11:36,169.335,169.37,169.26,169.36,19653
XOM,2026-09-15,11:37,169.36,169.37,169.27,169.285,19565
XOM,2026-09-15,11:38,169.285,169.285,169.13,169.17,40630
XOM,2026-09-15,11:39,169.15,169.2001,169.14,169.2001,24412
XOM,2026-09-15,11:40,169.14,169.18,169.09,169.18,10469
XOM,2026-09-15,11:41,169.18,169.22,169,169.12,33629
XOM,2026-09-15,11:42,169.12,169.15,169.09,169.13,14243
XOM,2026-09-15,11:43,169.16,169.27,169.13,169.225,27965
XOM,2026-09-15,11:44,169.21,169.21,169.081,169.2,35137
XOM,2026-09-15,11:45,169.205,169.24,169.1501,169.1501,26448
XOM,2026-09-15,11:46,169.19,169.22,169.06,169.06,28913
XOM,2026-09-15,11:47,169.07,169.365,169.07,169.325,26995
XOM,2026-09-15,11:48,169.3,169.34,169.19,169.24,20626
XOM,2026-09-15,11:49,169.2,169.33,169.1965,169.305,11736
XOM,2026-09-15,11:50,169.25,169.255,169.07,169.11,38448
XOM,2026-09-15,11:51,169.095,169.15,169.08,169.125,13866
XOM,2026-09-15,11:52,169.14,169.17,168.99,169.125,16441
XOM,2026-09-15,11:53,169.13,169.24,169.13,169.175,12630
XOM,2026-09-15,11:54,169.16,169.21,169.095,169.095,10646
XOM,2026-09-15,11:55,169.085,169.17,168.89,168.93,17880
XOM,2026-09-15,11:56,168.94,169.05,168.94,169.05,7898
XOM,2026-09-15,11:57,169.04,169.04,168.98,168.98,9682
XOM,2026-09-15,11:58,169,169.02,168.87,168.87,12209
XOM,2026-09-15,11:59,168.895,168.905,168.8,168.8,17253
XOM,2026-09-15,12:00,168.785,168.79,168.7,168.77,14558
XOM,2026-09-15,12:01,168.78,168.7824,168.715,168.74,6354
XOM,2026-09-15,12:02,168.73,168.8,168.695,168.71,12743
XOM,2026-09-15,12:03,168.7499,168.78,168.68,168.705,19490
XOM,2026-09-15,12:04,168.7199,168.74,168.66,168.705,9069
XOM,2026-09-15,12:05,168.69,168.78,168.68,168.755,22545
XOM,2026-09-15,12:06,168.755,168.84,168.73,168.83,18861
XOM,2026-09-15,12:07,168.82,168.84,168.755,168.775,7868
XOM,2026-09-15,12:08,168.8,169.01,168.8,168.98,22797
XOM,2026-09-15,12:09,168.9861,169,168.91,168.91,11665
XOM,2026-09-15,12:10,168.93,168.97,168.91,168.955,6914
XOM,2026-09-15,12:11,168.93,168.96,168.87,168.92,16258
XOM,2026-09-15,12:12,168.93,169.23,168.9,169.15,22568
XOM,2026-09-15,12:13,169.145,169.2244,169.13,169.18,11245
XOM,2026-09-15,12:14,169.18,169.34,169.18,169.34,11234
XOM,2026-09-15,12:15,169.34,169.4,169.32,169.39,18023
XOM,2026-09-15,12:16,169.3892,169.42,169.3,169.395,20968
XOM,2026-09-15,12:17,169.38,169.405,169.26,169.345,31417
XOM,2026-09-15,12:18,169.34,169.36,169.26,169.26,17620
XOM,2026-09-15,12:19,169.275,169.275,169.1358,169.18,15716
XOM,2026-09-15,12:20,169.18,169.18,169.12,169.125,6911
XOM,2026-09-15,12:21,169.14,169.15,169.02,169.05,19360
XOM,2026-09-15,12:22,169.05,169.05,168.92,168.92,16034
XOM,2026-09-15,12:23,168.89,168.98,168.85,168.85,7703
XOM,2026-09-15,12:24,168.87,168.87,168.8101,168.84,8581
XOM,2026-09-15,12:25,168.826,168.8599,168.75,168.78,12607
XOM,2026-09-15,12:26,168.79,168.81,168.72,168.75,14630
XOM,2026-09-15,12:27,168.7402,168.77,168.69,168.69,11257
XOM,2026-09-15,12:28,168.66,168.66,168.6,168.66,11160
XOM,2026-09-15,12:29,168.65,168.68,168.615,168.675,5310
XOM,2026-09-15,12:30,168.68,168.82,168.68,168.755,22674
XOM,2026-09-15,12:31,168.75,168.87,168.745,168.82,11820
XOM,2026-09-15,12:32,168.83,168.83,168.72,168.72,10819
XOM,2026-09-15,12:33,168.7,168.7,168.53,168.61,14805
XOM,2026-09-15,12:34,168.65,168.705,168.6437,168.68,4328
XOM,2026-09-15,12:35,168.67,168.76,168.6501,168.76,7713
XOM,2026-09-15,12:36,168.76,168.875,168.76,168.83,24658
XOM,2026-09-15,12:37,168.82,168.88,168.81,168.86,22174
XOM,2026-09-15,12:38,168.86,168.89,168.815,168.85,11519
XOM,2026-09-15,12:39,168.8417,168.88,168.82,168.86,14854
XOM,2026-09-15,12:40,168.87,168.92,168.87,168.89,24889
XOM,2026-09-15,12:41,168.9,169.09,168.8601,169.09,35202
XOM,2026-09-15,12:42,169.08,169.1,169.0128,169.055,16634
XOM,2026-09-15,12:43,169.055,169.095,168.95,168.98,35845
XOM,2026-09-15,12:44,169,169.005,168.89,168.89,10444
XOM,2026-09-15,12:45,168.91,168.99,168.91,168.96,20983
XOM,2026-09-15,12:46,168.95,168.96,168.8,168.85,23245
XOM,2026-09-15,12:47,168.87,168.87,168.82,168.82,4341
XOM,2026-09-15,12:48,168.805,168.81,168.74,168.74,5697
XOM,2026-09-15,12:49,168.75,168.75,168.695,168.7251,11082
XOM,2026-09-15,12:50,168.71,168.715,168.65,168.695,12301
XOM,2026-09-15,12:51,168.7,168.76,168.665,168.665,11460
XOM,2026-09-15,12:52,168.66,168.75,168.66,168.71,7098
XOM,2026-09-15,12:53,168.73,168.77,168.72,168.77,5685
XOM,2026-09-15,12:54,168.75,168.81,168.7201,168.78,11693
XOM,2026-09-15,12:55,168.72,168.78,168.7101,168.78,15331
XOM,2026-09-15,12:56,168.745,168.86,168.72,168.84,15307
XOM,2026-09-15,12:57,168.84,168.91,168.84,168.91,74904
XOM,2026-09-15,12:58,168.91,168.97,168.85,168.97,55230
XOM,2026-09-15,12:59,168.96,168.97,168.84,168.84,15392
XOM,2026-09-15,13:00,168.83,168.87,168.78,168.855,9247
XOM,2026-09-15,13:01,168.855,168.855,168.72,168.72,10921
XOM,2026-09-15,13:02,168.72,168.8,168.68,168.795,21387
XOM,2026-09-15,13:03,168.81,168.82,168.78,168.82,6056
XOM,2026-09-15,13:04,168.825,168.91,168.8201,168.895,44460
XOM,2026-09-15,13:05,168.8875,169.11,168.8875,169.06,31941
XOM,2026-09-15,13:06,169.095,169.155,169.025,169.135,58667
XOM,2026-09-15,13:07,169.15,169.19,169.14,169.16,18079
XOM,2026-09-15,13:08,169.165,169.165,169.07,169.08,19389
XOM,2026-09-15,13:09,169.07,169.15,169.06,169.14,13292
XOM,2026-09-15,13:10,169.15,169.18,169.09,169.095,19543
XOM,2026-09-15,13:11,169.11,169.185,169.09,169.1601,22430
XOM,2026-09-15,13:12,169.175,169.26,169.115,169.17,64249
XOM,2026-09-15,13:13,169.155,169.24,169.15,169.23,16117
XOM,2026-09-15,13:14,169.23,169.245,169.19,169.2001,16491
XOM,2026-09-15,13:15,169.2201,169.235,169.03,169.185,41984
XOM,2026-09-15,13:16,169.2,169.2,169.11,169.175,17202
XOM,2026-09-15,13:17,169.155,169.215,169.155,169.215,3760
XOM,2026-09-15,13:18,169.22,169.22,169.1446,169.17,6745
XOM,2026-09-15,13:19,169.16,169.185,169.1,169.16,7070
XOM,2026-09-15,13:20,169.13,169.17,169.115,169.165,19047
XOM,2026-09-15,13:21,169.155,169.34,169.1375,169.2901,73770
XOM,2026-09-15,13:22,169.34,169.35,169.27,169.28,21494
XOM,2026-09-15,13:23,169.2701,169.39,169.2601,169.39,19684
XOM,2026-09-15,13:24,169.39,169.43,169.35,169.42,16467
XOM,2026-09-15,13:25,169.43,169.45,169.405,169.43,10878
XOM,2026-09-15,13:26,169.43,169.51,169.41,169.485,30751
XOM,2026-09-15,13:27,169.49,169.5,169.4092,169.415,22807
XOM,2026-09-15,13:28,169.415,169.43,169.3601,169.39,9045
XOM,2026-09-15,13:29,169.4,169.48,169.36,169.41,39162
XOM,2026-09-15,13:30,169.42,169.5,169.4061,169.495,20530
XOM,2026-09-15,13:31,169.4544,169.47,169.18,169.195,64597
XOM,2026-09-15,13:32,169.195,169.35,169.185,169.195,59818
XOM,2026-09-15,13:33,169.195,169.35,169.195,169.2801,28848
XOM,2026-09-15,13:34,169.315,169.35,169.19,169.295,47513
XOM,2026-09-15,13:35,169.285,169.33,169.26,169.28,11561
XOM,2026-09-15,13:36,169.3,169.3,169.1701,169.25,21293
XOM,2026-09-15,13:37,169.245,169.245,169.23,169.23,2868
XOM,2026-09-15,13:38,169.22,169.28,169.2,169.255,9856
XOM,2026-09-15,13:39,169.26,169.33,169.24,169.32,10244
XOM,2026-09-15,13:40,169.3,169.3,169.25,169.3,11144
XOM,2026-09-15,13:41,169.31,169.35,169.29,169.31,10413
XOM,2026-09-15,13:42,169.295,169.2951,169.24,169.28,5612
XOM,2026-09-15,13:43,169.275,169.29,169.245,169.245,4380
XOM,2026-09-15,13:44,169.265,169.29,169.21,169.24,6901
XOM,2026-09-15,13:45,169.2306,169.24,169.18,169.208,9959
XOM,2026-09-15,13:46,169.21,169.28,169.17,169.28,11011
XOM,2026-09-15,13:47,169.27,169.27,169.225,169.225,7528
XOM,2026-09-15,13:48,169.225,169.2551,169.205,169.205,11306
XOM,2026-09-15,13:49,169.21,169.27,169.21,169.26,12492
XOM,2026-09-15,13:50,169.27,169.3315,169.26,169.285,11840
XOM,2026-09-15,13:51,169.3,169.32,169.3,169.32,4419
XOM,2026-09-15,13:52,169.295,169.32,169.2528,169.3,17367
XOM,2026-09-15,13:53,169.29,169.385,169.28,169.37,11766
XOM,2026-09-15,13:54,169.35,169.36,169.31,169.325,9369
XOM,2026-09-15,13:55,169.33,169.53,169.2875,169.53,37768
XOM,2026-09-15,13:56,169.515,169.55,169.515,169.54,16666
XOM,2026-09-15,13:57,169.555,169.58,169.53,169.57,13450
XOM,2026-09-15,13:58,169.565,169.565,169.485,169.51,28540
XOM,2026-09-15,13:59,169.51,169.58,169.51,169.54,24482
XOM,2026-09-15,14:00,169.52,169.55,169.495,169.52,38100
XOM,2026-09-15,14:01,169.55,169.64,169.5325,169.56,17587
XOM,2026-09-15,14:02,169.58,169.58,169.4,169.42,29204
XOM,2026-09-15,14:03,169.44,169.45,169.37,169.37,11021
XOM,2026-09-15,14:04,169.38,169.38,169.28,169.28,10889
XOM,2026-09-15,14:05,169.26,169.34,169.2401,169.34,6131
XOM,2026-09-15,14:06,169.345,169.345,169.27,169.28,13052
XOM,2026-09-15,14:07,169.28,169.32,169.27,169.293,7413
XOM,2026-09-15,14:08,169.28,169.3,169.25,169.29,7528
XOM,2026-09-15,14:09,169.27,169.3,169.27,169.28,4936
XOM,2026-09-15,14:10,169.29,169.29,169.1,169.11,16252
XOM,2026-09-15,14:11,169.14,169.155,169.135,169.145,5971
XOM,2026-09-15,14:12,169.15,169.15,169.1,169.1,6693
XOM,2026-09-15,14:13,169.1,169.18,169.09,169.18,8890
XOM,2026-09-15,14:14,169.1101,169.2,169.1101,169.19,5638
XOM,2026-09-15,14:15,169.185,169.33,169.185,169.3,17143
XOM,2026-09-15,14:16,169.3,169.33,169.23,169.29,36522
XOM,2026-09-15,14:17,169.275,169.31,169.23,169.3,17158
XOM,2026-09-15,14:18,169.275,169.3,169.26,169.3,4966
XOM,2026-09-15,14:19,169.31,169.31,169.2,169.2,11951
XOM,2026-09-15,14:20,169.2,169.22,169.145,169.145,6910
XOM,2026-09-15,14:21,169.12,169.13,169.06,169.06,12874
XOM,2026-09-15,14:22,169.08,169.1399,169.0501,169.065,6624
XOM,2026-09-15,14:23,169.095,169.095,169.05,169.06,19728
XOM,2026-09-15,14:24,169.02,169.03,168.99,169,5910
XOM,2026-09-15,14:25,169.005,169.05,168.86,168.88,13756
XOM,2026-09-15,14:26,168.865,168.865,168.785,168.83,13746
XOM,2026-09-15,14:27,168.8,168.88,168.78,168.88,6233
XOM,2026-09-15,14:28,168.88,168.88,168.84,168.86,5747
XOM,2026-09-15,14:29,168.835,168.88,168.83,168.87,7313
XOM,2026-09-15,14:30,168.855,168.855,168.72,168.72,25561
XOM,2026-09-15,14:31,168.685,168.69,168.63,168.69,16594
XOM,2026-09-15,14:32,168.69,168.74,168.63,168.74,18356
XOM,2026-09-15,14:33,168.76,168.8,168.72,168.765,11064
XOM,2026-09-15,14:34,168.76,168.8324,168.76,168.795,10664
XOM,2026-09-15,14:35,168.81,168.915,168.785,168.915,11606
XOM,2026-09-15,14:36,168.9,168.92,168.88,168.91,17243
XOM,2026-09-15,14:37,168.91,169.03,168.9005,168.9987,31923
XOM,2026-09-15,14:38,169,169.18,168.98,169.18,26872
XOM,2026-09-15,14:39,169.19,169.2,169.1,169.12,37957
XOM,2026-09-15,14:40,169.13,169.19,169.08,169.0934,20572
XOM,2026-09-15,14:41,169.07,169.14,168.96,168.96,29294
XOM,2026-09-15,14:42,168.96,169.14,168.96,169.14,9157
XOM,2026-09-15,14:43,169.13,169.21,169.13,169.185,18923
XOM,2026-09-15,14:44,169.17,169.17,169.11,169.14,13371
XOM,2026-09-15,14:45,169.1105,169.15,169.11,169.14,7257
XOM,2026-09-15,14:46,169.13,169.1499,169.08,169.095,6146
XOM,2026-09-15,14:47,169.08,169.12,169.075,169.115,7512
XOM,2026-09-15,14:48,169.13,169.23,169.13,169.23,11402
XOM,2026-09-15,14:49,169.235,169.25,169.2,169.2,20657
XOM,2026-09-15,14:50,169.2,169.21,169.155,169.195,18110
XOM,2026-09-15,14:51,169.2,169.2001,169.16,169.16,11024
XOM,2026-09-15,14:52,169.145,169.15,169.07,169.0838,11902
XOM,2026-09-15,14:53,169.08,169.1028,168.9201,168.9201,22668
XOM,2026-09-15,14:54,168.96,168.97,168.81,168.84,63164
XOM,2026-09-15,14:55,168.83,168.83,168.69,168.76,13771
XOM,2026-09-15,14:56,168.745,168.76,168.69,168.705,21533
XOM,2026-09-15,14:57,168.71,168.74,168.67,168.72,14696
XOM,2026-09-15,14:58,168.715,168.72,168.61,168.63,25669
XOM,2026-09-15,14:59,168.635,168.6755,168.585,168.67,25339
XOM,2026-09-15,15:00,168.65,168.71,168.575,168.7,26581
XOM,2026-09-15,15:01,168.71,168.82,168.71,168.79,14438
XOM,2026-09-15,15:02,168.78,168.78,168.625,168.63,19186
XOM,2026-09-15,15:03,168.64,168.77,168.64,168.755,14552
XOM,2026-09-15,15:04,168.755,168.815,168.745,168.745,13120
XOM,2026-09-15,15:05,168.74,168.75,168.68,168.7,25577
XOM,2026-09-15,15:06,168.685,168.685,168.55,168.585,20282
XOM,2026-09-15,15:07,168.56,168.59,168.471,168.555,51178
XOM,2026-09-15,15:08,168.555,168.605,168.54,168.54,12520
XOM,2026-09-15,15:09,168.55,168.6,168.55,168.55,12831
XOM,2026-09-15,15:10,168.53,168.59,168.5,168.525,52934
XOM,2026-09-15,15:11,168.52,168.68,168.52,168.68,16809
XOM,2026-09-15,15:12,168.655,168.68,168.621,168.64,14805
XOM,2026-09-15,15:13,168.625,168.67,168.62,168.65,13344
XOM,2026-09-15,15:14,168.655,168.6638,168.635,168.66,12081
XOM,2026-09-15,15:15,168.65,168.67,168.64,168.67,13548
XOM,2026-09-15,15:16,168.67,168.69,168.62,168.62,17747
XOM,2026-09-15,15:17,168.635,168.67,168.61,168.63,11360
XOM,2026-09-15,15:18,168.64,168.655,168.61,168.61,6459
XOM,2026-09-15,15:19,168.62,168.6556,168.54,168.54,32515
XOM,2026-09-15,15:20,168.57,168.6,168.56,168.59,10338
XOM,2026-09-15,15:21,168.58,168.6499,168.52,168.54,16292
XOM,2026-09-15,15:22,168.545,168.685,168.545,168.68,19537
XOM,2026-09-15,15:23,168.685,168.69,168.64,168.66,10238
XOM,2026-09-15,15:24,168.66,168.7217,168.66,168.72,11469
XOM,2026-09-15,15:25,168.73,168.79,168.73,168.7442,10063
XOM,2026-09-15,15:26,168.745,168.78,168.71,168.76,19192
XOM,2026-09-15,15:27,168.76,168.77,168.7,168.72,18931
XOM,2026-09-15,15:28,168.74,168.7899,168.74,168.74,10827
XOM,2026-09-15,15:29,168.76,168.76,168.72,168.72,16152
XOM,2026-09-15,15:30,168.725,168.79,168.7,168.74,15829
XOM,2026-09-15,15:31,168.745,168.82,168.73,168.74,23118
XOM,2026-09-15,15:32,168.745,168.745,168.67,168.69,19949
XOM,2026-09-15,15:33,168.695,168.72,168.67,168.71,12722
XOM,2026-09-15,15:34,168.71,168.72,168.66,168.68,12416
XOM,2026-09-15,15:35,168.685,168.77,168.685,168.69,12307
XOM,2026-09-15,15:36,168.71,168.78,168.66,168.78,18106
XOM,2026-09-15,15:37,168.8,168.8687,168.8,168.835,15990
XOM,2026-09-15,15:38,168.87,168.89,168.83,168.85,12950
XOM,2026-09-15,15:39,168.86,168.915,168.84,168.915,15869
XOM,2026-09-15,15:40,168.91,168.91,168.78,168.78,16626
XOM,2026-09-15,15:41,168.77,168.87,168.76,168.81,21020
XOM,2026-09-15,15:42,168.8,168.855,168.8,168.84,20816
XOM,2026-09-15,15:43,168.84,168.89,168.81,168.81,26131
XOM,2026-09-15,15:44,168.81,168.86,168.8,168.8199,16316
XOM,2026-09-15,15:45,168.8,168.855,168.78,168.85,35935
XOM,2026-09-15,15:46,168.84,168.945,168.83,168.945,39036
XOM,2026-09-15,15:47,168.95,168.96,168.9,168.94,26914
XOM,2026-09-15,15:48,168.94,169.08,168.94,169.08,51588
XOM,2026-09-15,15:49,169.0827,169.12,169.04,169.105,35630
XOM,2026-09-15,15:50,169.12,169.15,168.955,169.095,71386
XOM,2026-09-15,15:51,169.08,169.1,168.98,169.05,70236
XOM,2026-09-15,15:52,169.04,169.07,168.82,168.88,47713
XOM,2026-09-15,15:53,168.895,168.91,168.79,168.83,522381
XOM,2026-09-15,15:54,168.8,168.87,168.745,168.87,48142
XOM,2026-09-15,15:55,168.87,169.03,168.83,169.01,63765
XOM,2026-09-15,15:56,169.01,169.135,169.01,169.125,74782
XOM,2026-09-15,15:57,169.13,169.15,169.04,169.13,81368
XOM,2026-09-15,15:58,169.125,169.36,169.07,169.25,203948
XOM,2026-09-15,15:59,169.25,169.31,169.16,169.29,273850
XOM,2026-09-16,09:30,166.85,166.85,166.85,166.85,370843
XOM,2026-09-16,09:31,166.89,167.29,166.75,166.82,57303
XOM,2026-09-16,09:32,166.84,166.93,166.42,166.565,77407
XOM,2026-09-16,09:33,166.565,166.73,166.43,166.6,39027
XOM,2026-09-16,09:34,166.61,166.75,166.49,166.515,51602
XOM,2026-09-16,09:35,166.48,166.7,166.33,166.56,84921
XOM,2026-09-16,09:36,166.635,166.68,166.24,166.27,64301
XOM,2026-09-16,09:37,166.26,166.635,166.03,166.08,75516
XOM,2026-09-16,09:38,166.085,166.085,165.74,165.84,56835
XOM,2026-09-16,09:39,165.82,165.85,165.57,165.85,60737
XOM,2026-09-16,09:40,165.835,166.24,165.7353,165.86,63734
XOM,2026-09-16,09:41,165.92,166.0999,165.76,165.76,94328
XOM,2026-09-16,09:42,165.73,165.8,165.615,165.71,49388
XOM,2026-09-16,09:43,165.71,165.75,165.57,165.615,36758
XOM,2026-09-16,09:44,165.65,165.8383,165.5,165.79,37103
XOM,2026-09-16,09:45,165.79,166.08,165.77,165.84,71715
XOM,2026-09-16,09:46,165.86,165.87,165.67,165.72,32366
XOM,2026-09-16,09:47,165.78,165.97,165.755,165.94,10515
XOM,2026-09-16,09:48,165.93,166.06,165.83,166.02,16568
XOM,2026-09-16,09:49,166.1,166.2499,166.08,166.18,14930
XOM,2026-09-16,09:50,166.18,166.25,166.07,166.09,23180
XOM,2026-09-16,09:51,166.14,166.2399,166.036,166.06,16099
XOM,2026-09-16,09:52,166.0801,166.18,166.055,166.055,14575
XOM,2026-09-16,09:53,166.06,166.11,165.87,165.88,41964
XOM,2026-09-16,09:54,165.85,165.92,165.75,165.9179,18707
XOM,2026-09-16,09:55,165.94,165.9499,165.79,165.9,22392
XOM,2026-09-16,09:56,165.905,165.95,165.78,165.86,10062
XOM,2026-09-16,09:57,165.875,165.96,165.76,165.94,37758
XOM,2026-09-16,09:58,165.9101,165.915,165.8,165.835,47974
XOM,2026-09-16,09:59,165.835,166.03,165.835,166.01,82623
XOM,2026-09-16,10:00,166.01,166.01,165.78,165.805,52230
XOM,2026-09-16,10:01,165.84,165.98,165.82,165.93,32046
XOM,2026-09-16,10:02,165.94,166.19,165.91,166.19,30131
XOM,2026-09-16,10:03,166.17,166.17,165.9205,165.94,20983
XOM,2026-09-16,10:04,165.93,165.93,165.74,165.79,41760
XOM,2026-09-16,10:05,165.8,165.915,165.76,165.8699,15687
XOM,2026-09-16,10:06,165.875,166.02,165.76,165.765,47613
XOM,2026-09-16,10:07,165.765,165.795,165.54,165.7,51206
XOM,2026-09-16,10:08,165.745,165.75,165.65,165.685,19412
XOM,2026-09-16,10:09,165.66,165.93,165.66,165.915,14393
XOM,2026-09-16,10:10,165.895,166.055,165.865,166.055,13091
XOM,2026-09-16,10:11,166.055,166.17,166.03,166.09,23215
XOM,2026-09-16,10:12,166.09,166.14,166.06,166.07,13100
XOM,2026-09-16,10:13,166.06,166.07,165.87,165.94,18678
XOM,2026-09-16,10:14,165.94,166,165.9,165.91,13767
XOM,2026-09-16,10:15,165.895,165.98,165.725,165.73,35061
XOM,2026-09-16,10:16,165.73,165.785,165.42,165.465,120921
XOM,2026-09-16,10:17,165.46,165.5,165.34,165.39,35271
XOM,2026-09-16,10:18,165.41,165.4346,165.32,165.35,14402
XOM,2026-09-16,10:19,165.34,165.4178,165.31,165.32,13888
XOM,2026-09-16,10:20,165.35,165.39,165.14,165.24,37713
XOM,2026-09-16,10:21,165.27,165.33,165.23,165.24,10684
XOM,2026-09-16,10:22,165.23,165.27,165.15,165.2,28426
XOM,2026-09-16,10:23,165.19,165.3199,165.15,165.15,20113
XOM,2026-09-16,10:24,165.14,165.1527,164.97,165.08,43656
XOM,2026-09-16,10:25,165.02,165.21,165.02,165.18,22702
XOM,2026-09-16,10:26,165.15,165.19,165.0402,165.1,13932
XOM,2026-09-16,10:27,165.08,165.15,165.07,165.09,7793
XOM,2026-09-16,10:28,165.08,165.1,164.99,165.02,16235
XOM,2026-09-16,10:29,165.03,165.17,164.9501,165.17,18091
XOM,2026-09-16,10:30,165.13,165.215,165.13,165.15,13849
XOM,2026-09-16,10:31,165.18,165.33,165.1614,165.3125,15524
XOM,2026-09-16,10:32,165.33,165.33,165.07,165.08,12259
XOM,2026-09-16,10:33,165.09,165.101,165.04,165.095,12437
XOM,2026-09-16,10:34,165.07,165.07,164.93,164.93,32500
XOM,2026-09-16,10:35,164.935,164.97,164.88,164.88,15399
XOM,2026-09-16,10:36,164.87,164.9483,164.82,164.87,22043
XOM,2026-09-16,10:37,164.81,164.88,164.72,164.72,8834
XOM,2026-09-16,10:38,164.74,164.83,164.69,164.77,16794
XOM,2026-09-16,10:39,164.81,164.855,164.74,164.82,11591
XOM,2026-09-16,10:40,164.82,164.85,164.64,164.67,19299
XOM,2026-09-16,10:41,164.68,164.84,164.675,164.69,23819
XOM,2026-09-16,10:42,164.65,164.715,164.6,164.65,72489
XOM,2026-09-16,10:43,164.65,164.7,164.42,164.48,76177
XOM,2026-09-16,10:44,164.5499,164.55,164.37,164.37,18626
XOM,2026-09-16,10:45,164.37,164.42,164.27,164.28,41482
XOM,2026-09-16,10:46,164.29,164.405,164.22,164.36,92400
XOM,2026-09-16,10:47,164.4069,164.605,164.4,164.605,21744
XOM,2026-09-16,10:48,164.6,164.6,164.4,164.4,44454
XOM,2026-09-16,10:49,164.44,164.46,164.31,164.325,11642
XOM,2026-09-16,10:50,164.325,164.325,164.165,164.205,20329
XOM,2026-09-16,10:51,164.18,164.27,164.18,164.24,24384
XOM,2026-09-16,10:52,164.19,164.19,164.1017,164.165,16218
XOM,2026-09-16,10:53,164.165,164.24,164.165,164.24,20623
XOM,2026-09-16,10:54,164.24,164.315,164.18,164.215,20347
XOM,2026-09-16,10:55,164.21,164.31,164.21,164.31,28360
XOM,2026-09-16,10:56,164.315,164.39,164.23,164.3691,32742
XOM,2026-09-16,10:57,164.32,164.32,164.04,164.075,23433
XOM,2026-09-16,10:58,164.07,164.1,163.96,163.96,53662
XOM,2026-09-16,10:59,163.9576,164.01,163.75,163.78,44322
XOM,2026-09-16,11:00,163.8,163.88,163.78,163.83,30220
XOM,2026-09-16,11:01,163.84,163.97,163.775,163.95,48605
XOM,2026-09-16,11:02,163.95,163.95,163.75,163.88,36930
XOM,2026-09-16,11:03,163.88,163.95,163.7,163.76,25855
XOM,2026-09-16,11:04,163.7,163.785,163.62,163.72,18440
XOM,2026-09-16,11:05,163.72,163.78,163.7,163.78,8242
XOM,2026-09-16,11:06,163.735,163.83,163.67,163.69,23940
XOM,2026-09-16,11:07,163.68,163.68,163.34,163.43,30966
XOM,2026-09-16,11:08,163.45,163.48,163.27,163.41,36539
XOM,2026-09-16,11:09,163.46,163.5155,163.15,163.28,32135
XOM,2026-09-16,11:10,163.32,163.49,163.3,163.42,20820
XOM,2026-09-16,11:11,163.415,163.46,163.18,163.24,22988
XOM,2026-09-16,11:12,163.29,163.43,163.28,163.4099,19096
XOM,2026-09-16,11:13,163.45,163.75,163.35,163.75,99197
XOM,2026-09-16,11:14,163.75,163.8,163.615,163.775,45391
XOM,2026-09-16,11:15,163.8,164.035,163.72,164.035,34617
XOM,2026-09-16,11:16,164.035,164.14,163.94,164.135,28839
XOM,2026-09-16,11:17,164.14,164.18,164.07,164.18,40065
XOM,2026-09-16,11:18,164.2,164.3,164.165,164.23,20688
XOM,2026-09-16,11:19,164.22,164.27,164.178,164.21,11035
XOM,2026-09-16,11:20,164.27,164.32,164.245,164.2601,21024
XOM,2026-09-16,11:21,164.25,164.26,164.11,164.11,26503
XOM,2026-09-16,11:22,164.0416,164.05,163.94,163.96,29773
XOM,2026-09-16,11:23,163.993,164.17,163.99,164.17,11719
XOM,2026-09-16,11:24,164.17,164.19,164.1,164.1,21362
XOM,2026-09-16,11:25,164.1,164.22,164.07,164.22,18941
XOM,2026-09-16,11:26,164.2116,164.25,164.09,164.1254,24170
XOM,2026-09-16,11:27,164.15,164.15,163.965,164.05,19775
XOM,2026-09-16,11:28,164.02,164.0656,163.9901,164.05,5319
XOM,2026-09-16,11:29,164.04,164.1,164.025,164.045,25493
XOM,2026-09-16,11:30,164.03,164.05,163.96,164.03,24423
XOM,2026-09-16,11:31,164.0378,164.1825,164.03,164.1401,19689
XOM,2026-09-16,11:32,164.2,164.306,164.1545,164.285,14127
XOM,2026-09-16,11:33,164.3117,164.3117,164.21,164.26,22660
XOM,2026-09-16,11:34,164.24,164.4294,164.24,164.4294,42610
XOM,2026-09-16,11:35,164.41,164.52,164.3551,164.46,12313
XOM,2026-09-16,11:36,164.45,164.52,164.45,164.515,42133
XOM,2026-09-16,11:37,164.49,164.54,164.37,164.535,22701
XOM,2026-09-16,11:38,164.5471,164.7,164.54,164.66,14876
XOM,2026-09-16,11:39,164.645,164.69,164.61,164.64,19588
XOM,2026-09-16,11:40,164.64,164.66,164.5,164.57,13795
XOM,2026-09-16,11:41,164.58,164.59,164.55,164.5751,9413
XOM,2026-09-16,11:42,164.59,164.65,164.58,164.64,9839
XOM,2026-09-16,11:43,164.64,164.64,164.56,164.5799,12209
XOM,2026-09-16,11:44,164.575,164.6,164.57,164.5982,7599
XOM,2026-09-16,11:45,164.6,164.68,164.56,164.64,24668
XOM,2026-09-16,11:46,164.645,164.775,164.64,164.7401,49391
XOM,2026-09-16,11:47,164.74,164.75,163.705,163.925,156022
XOM,2026-09-16,11:48,163.925,164.07,163.72,163.81,44528
XOM,2026-09-16,11:49,163.74,164.01,163.6419,163.98,20741
XOM,2026-09-16,11:50,164.0099,164.24,163.98,164.2,72086
XOM,2026-09-16,11:51,164.2,164.24,164.12,164.21,8386
XOM,2026-09-16,11:52,164.205,164.28,164.12,164.26,10183
XOM,2026-09-16,11:53,164.29,164.56,164.29,164.55,7272
XOM,2026-09-16,11:54,164.56,164.56,164.41,164.43,27785
XOM,2026-09-16,11:55,164.41,164.45,164.385,164.39,11196
XOM,2026-09-16,11:56,164.41,164.49,164.41,164.46,12156
XOM,2026-09-16,11:57,164.49,164.505,164.46,164.46,6948
XOM,2026-09-16,11:58,164.47,164.54,164.24,164.365,24220
XOM,2026-09-16,11:59,164.35,164.39,164.26,164.31,19953
XOM,2026-09-16,12:00,164.37,164.405,164.275,164.38,10267
XOM,2026-09-16,12:01,164.38,164.44,164.38,164.44,11697
XOM,2026-09-16,12:02,164.45,164.54,164.45,164.54,12907
XOM,2026-09-16,12:03,164.55,164.62,164.545,164.59,6398
XOM,2026-09-16,12:04,164.595,164.68,164.59,164.67,11832
XOM,2026-09-16,12:05,164.67,164.68,164.6,164.6,20663
XOM,2026-09-16,12:06,164.59,164.7,164.58,164.61,14129
XOM,2026-09-16,12:07,164.61,164.67,164.56,164.59,9883
XOM,2026-09-16,12:08,164.6,164.65,164.585,164.61,13405
XOM,2026-09-16,12:09,164.61,164.63,164.51,164.55,7177
XOM,2026-09-16,12:10,164.555,164.6,164.53,164.55,6851
XOM,2026-09-16,12:11,164.57,164.61,164.52,164.58,7107
XOM,2026-09-16,12:12,164.58,164.67,164.55,164.65,18455
XOM,2026-09-16,12:13,164.64,164.725,164.64,164.71,13080
XOM,2026-09-16,12:14,164.7499,164.7499,164.65,164.655,10898
XOM,2026-09-16,12:15,164.64,164.65,164.59,164.63,7499
XOM,2026-09-16,12:16,164.65,164.68,164.62,164.64,8968
XOM,2026-09-16,12:17,164.636,164.65,164.55,164.555,6896
XOM,2026-09-16,12:18,164.58,164.64,164.58,164.62,8743
XOM,2026-09-16,12:19,164.61,164.7004,164.56,164.56,13909
XOM,2026-09-16,12:20,164.56,164.585,164.5,164.5596,13913
XOM,2026-09-16,12:21,164.55,164.6719,164.55,164.6719,8777
XOM,2026-09-16,12:22,164.655,164.7,164.6,164.695,12762
XOM,2026-09-16,12:23,164.695,164.77,164.68,164.75,12806
XOM,2026-09-16,12:24,164.76,164.81,164.7,164.72,32459
XOM,2026-09-16,12:25,164.72,164.75,164.7,164.7,7114
XOM,2026-09-16,12:26,164.71,164.73,164.66,164.66,7976
XOM,2026-09-16,12:27,164.68,164.68,164.6,164.6,21051
XOM,2026-09-16,12:28,164.595,164.61,164.52,164.52,19194
XOM,2026-09-16,12:29,164.52,164.605,164.5,164.58,7495
XOM,2026-09-16,12:30,164.55,164.565,164.48,164.5,14312
XOM,2026-09-16,12:31,164.4867,164.5099,164.45,164.46,11362
XOM,2026-09-16,12:32,164.45,164.4899,164.44,164.465,13222
XOM,2026-09-16,12:33,164.465,164.465,164.4,164.4151,7290
XOM,2026-09-16,12:34,164.4,164.43,164.355,164.43,11716
XOM,2026-09-16,12:35,164.44,164.505,164.44,164.5,10473
XOM,2026-09-16,12:36,164.495,164.6253,164.488,164.62,6915
XOM,2026-09-16,12:37,164.63,164.71,164.61,164.69,10510
XOM,2026-09-16,12:38,164.705,164.71,164.64,164.64,13223
XOM,2026-09-16,12:39,164.645,164.66,164.625,164.631,4547
XOM,2026-09-16,12:40,164.645,164.74,164.63,164.715,12864
XOM,2026-09-16,12:41,164.75,164.75,164.6618,164.68,5907
XOM,2026-09-16,12:42,164.7071,164.78,164.7,164.73,11681
XOM,2026-09-16,12:43,164.74,164.75,164.71,164.75,4767
XOM,2026-09-16,12:44,164.7335,164.7599,164.6401,164.67,22616
XOM,2026-09-16,12:45,164.71,164.72,164.6,164.67,6889
XOM,2026-09-16,12:46,164.69,164.71,164.65,164.65,7332
XOM,2026-09-16,12:47,164.645,164.675,164.62,164.66,4062
XOM,2026-09-16,12:48,164.655,164.78,164.655,164.7599,14911
XOM,2026-09-16,12:49,164.78,164.83,164.78,164.82,5621
XOM,2026-09-16,12:50,164.83,164.9195,164.83,164.865,6638
XOM,2026-09-16,12:51,164.87,164.87,164.81,164.855,6741
XOM,2026-09-16,12:52,164.85,164.85,164.81,164.8101,8229
XOM,2026-09-16,12:53,164.815,164.87,164.81,164.81,8664
XOM,2026-09-16,12:54,164.8,164.84,164.72,164.84,14912
XOM,2026-09-16,12:55,164.84,164.89,164.8293,164.8293,13991
XOM,2026-09-16,12:56,164.84,164.86,164.74,164.74,19646
XOM,2026-09-16,12:57,164.75,164.7601,164.68,164.69,16796
XOM,2026-09-16,12:58,164.65,164.66,164.6,164.625,10365
XOM,2026-09-16,12:59,164.61,164.66,164.59,164.615,10767
XOM,2026-09-16,13:00,164.62,164.67,164.58,164.61,15405
XOM,2026-09-16,13:01,164.615,164.615,164.535,164.585,6474
XOM,2026-09-16,13:02,164.59,164.61,164.57,164.605,5419
XOM,2026-09-16,13:03,164.605,164.7799,164.6,164.7799,10637
XOM,2026-09-16,13:04,164.75,164.94,164.75,164.865,49528
XOM,2026-09-16,13:05,164.865,164.94,164.86,164.9,10195
XOM,2026-09-16,13:06,164.89,164.9,164.825,164.855,8443
XOM,2026-09-16,13:07,164.855,164.98,164.85,164.9799,16949
XOM,2026-09-16,13:08,164.87,164.9,164.81,164.85,18510
XOM,2026-09-16,13:09,164.84,164.85,164.67,164.7,27875
XOM,2026-09-16,13:10,164.695,164.7213,164.68,164.685,15111
XOM,2026-09-16,13:11,164.665,164.73,164.6001,164.73,11195
XOM,2026-09-16,13:12,164.71,164.7299,164.58,164.63,9447
XOM,2026-09-16,13:13,164.645,164.73,164.645,164.68,7982
XOM,2026-09-16,13:14,164.69,164.73,164.69,164.72,8139
XOM,2026-09-16,13:15,164.73,164.82,164.73,164.82,8678
XOM,2026-09-16,13:16,164.83,164.85,164.735,164.745,11814
XOM,2026-09-16,13:17,164.77,164.8072,164.74,164.74,4943
XOM,2026-09-16,13:18,164.71,164.71,164.68,164.695,6980
XOM,2026-09-16,13:19,164.71,164.77,164.69,164.745,10337
XOM,2026-09-16,13:20,164.725,164.82,164.725,164.8,8311
XOM,2026-09-16,13:21,164.81,164.84,164.76,164.835,12082
XOM,2026-09-16,13:22,164.85,164.85,164.77,164.8359,6839
XOM,2026-09-16,13:23,164.82,164.87,164.81,164.87,8235
XOM,2026-09-16,13:24,164.9,164.92,164.87,164.9199,8474
XOM,2026-09-16,13:25,164.905,164.94,164.88,164.9,11254
XOM,2026-09-16,13:26,164.92,164.94,164.91,164.92,8521
XOM,2026-09-16,13:27,164.91,164.93,164.9001,164.91,3700
XOM,2026-09-16,13:28,164.93,164.93,164.85,164.88,9952
XOM,2026-09-16,13:29,164.9,164.9,164.85,164.85,4630
XOM,2026-09-16,13:30,164.82,164.825,164.765,164.765,8830
XOM,2026-09-16,13:31,164.76,164.7773,164.65,164.65,25143
XOM,2026-09-16,13:32,164.645,164.645,164.56,164.62,11554
XOM,2026-09-16,13:33,164.62,164.7,164.6,164.65,8316
XOM,2026-09-16,13:34,164.665,164.665,164.58,164.6,9705
XOM,2026-09-16,13:35,164.6,164.64,164.565,164.63,6217
XOM,2026-09-16,13:36,164.64,164.69,164.63,164.63,6234
XOM,2026-09-16,13:37,164.62,164.645,164.55,164.56,8618
XOM,2026-09-16,13:38,164.56,164.58,164.53,164.55,7771
XOM,2026-09-16,13:39,164.57,164.66,164.57,164.66,10101
XOM,2026-09-16,13:40,164.65,164.73,164.65,164.6968,10062
XOM,2026-09-16,13:41,164.71,164.79,164.69,164.76,13322
XOM,2026-09-16,13:42,164.77,164.78,164.71,164.73,13861
XOM,2026-09-16,13:43,164.7301,164.7301,164.69,164.72,6002
XOM,2026-09-16,13:44,164.73,164.735,164.66,164.69,11164
XOM,2026-09-16,13:45,164.69,164.69,164.62,164.64,13918
XOM,2026-09-16,13:46,164.63,164.6899,164.63,164.665,9415
XOM,2026-09-16,13:47,164.66,164.6899,164.65,164.65,8921
XOM,2026-09-16,13:48,164.65,164.73,164.65,164.73,8258
XOM,2026-09-16,13:49,164.72,164.8,164.72,164.8,10864
XOM,2026-09-16,13:50,164.81,164.835,164.7806,164.8,7619
XOM,2026-09-16,13:51,164.8199,164.84,164.73,164.73,7092
XOM,2026-09-16,13:52,164.735,164.76,164.72,164.72,4811
XOM,2026-09-16,13:53,164.71,164.71,164.65,164.65,8272
XOM,2026-09-16,13:54,164.6201,164.7,164.6201,164.7,6326
XOM,2026-09-16,13:55,164.71,164.76,164.71,164.74,4867
XOM,2026-09-16,13:56,164.7408,164.77,164.695,164.715,7209
XOM,2026-09-16,13:57,164.7085,164.74,164.7085,164.73,5028
XOM,2026-09-16,13:58,164.74,164.75,164.71,164.74,5215
XOM,2026-09-16,13:59,164.76,164.83,164.75,164.75,10921
XOM,2026-09-16,14:00,164.7375,164.77,164.6,164.69,24889
XOM,2026-09-16,14:01,164.74,164.81,164.69,164.69,20245
XOM,2026-09-16,14:02,164.69,164.8275,164.69,164.735,16112
XOM,2026-09-16,14:03,164.745,164.7825,164.65,164.7821,11507
XOM,2026-09-16,14:04,164.79,164.8,164.72,164.79,14560
XOM,2026-09-16,14:05,164.775,164.775,164.66,164.76,20925
XOM,2026-09-16,14:06,164.76,164.7999,164.63,164.63,31937
XOM,2026-09-16,14:07,164.63,164.8099,164.6,164.8099,15743
XOM,2026-09-16,14:08,164.79,164.85,164.77,164.82,7765
XOM,2026-09-16,14:09,164.82,164.9414,164.82,164.89,8002
XOM,2026-09-16,14:10,164.88,164.96,164.88,164.91,13450
XOM,2026-09-16,14:11,164.92,165.03,164.92,164.99,14395
XOM,2026-09-16,14:12,164.975,165.01,164.925,164.9501,8995
XOM,2026-09-16,14:13,164.95,164.99,164.945,164.97,7126
XOM,2026-09-16,14:14,164.98,164.9855,164.94,164.94,8401
XOM,2026-09-16,14:15,164.97,165.01,164.86,164.905,10306
XOM,2026-09-16,14:16,164.895,165.04,164.87,165.04,13002
XOM,2026-09-16,14:17,165.05,165.05,164.95,165.04,14506
XOM,2026-09-16,14:18,165.01,165.02,164.99,165.02,4025
XOM,2026-09-16,14:19,165.04,165.05,164.83,164.83,34169
XOM,2026-09-16,14:20,164.85,164.88,164.84,164.85,4906
XOM,2026-09-16,14:21,164.88,164.96,164.84,164.93,8253
XOM,2026-09-16,14:22,164.9,164.9516,164.9,164.915,5543
XOM,2026-09-16,14:23,164.92,164.92,164.79,164.79,10952
XOM,2026-09-16,14:24,164.81,164.81,164.73,164.76,12310
XOM,2026-09-16,14:25,164.76,164.76,164.68,164.71,6103
XOM,2026-09-16,14:26,164.69,164.69,164.62,164.67,16234
XOM,2026-09-16,14:27,164.66,164.66,164.55,164.57,16298
XOM,2026-09-16,14:28,164.6,164.64,164.58,164.6,6676
XOM,2026-09-16,14:29,164.63,164.63,164.55,164.55,6008
XOM,2026-09-16,14:30,164.565,164.57,164.2723,164.285,48142
XOM,2026-09-16,14:31,164.29,164.33,164.26,164.31,19910
XOM,2026-09-16,14:32,164.33,164.36,164.27,164.31,25020
XOM,2026-09-16,14:33,164.28,164.29,164.16,164.2,23623
XOM,2026-09-16,14:34,164.22,164.32,164.21,164.29,8199
XOM,2026-09-16,14:35,164.2899,164.3,164.22,164.265,10744
XOM,2026-09-16,14:36,164.25,164.26,164.03,164.03,16199
XOM,2026-09-16,14:37,164.01,164.15,163.97,164.1,19383
XOM,2026-09-16,14:38,164.11,164.185,164.09,164.122,17573
XOM,2026-09-16,14:39,164.13,164.1418,163.95,164,21362
XOM,2026-09-16,14:40,163.99,164.075,163.99,164.07,9966
XOM,2026-09-16,14:41,164.04,164.04,163.86,163.955,31846
XOM,2026-09-16,14:42,163.965,164.14,163.965,164.1,20920
XOM,2026-09-16,14:43,164.065,164.17,164.04,164.16,12956
XOM,2026-09-16,14:44,164.18,164.18,164.055,164.085,13941
XOM,2026-09-16,14:45,164.075,164.09,163.86,163.93,21121
XOM,2026-09-16,14:46,163.9,164.015,163.88,163.89,15516
XOM,2026-09-16,14:47,163.92,163.98,163.92,163.94,7301
XOM,2026-09-16,14:48,163.92,163.99,163.92,163.92,9632
XOM,2026-09-16,14:49,163.9,163.9,163.7,163.76,12060
XOM,2026-09-16,14:50,163.78,163.9,163.78,163.86,8362
XOM,2026-09-16,14:51,163.82,163.82,163.66,163.69,21494
XOM,2026-09-16,14:52,163.675,163.7,163.62,163.68,13533
XOM,2026-09-16,14:53,163.67,163.7,163.6301,163.69,8522
XOM,2026-09-16,14:54,163.66,163.66,163.52,163.525,22301
XOM,2026-09-16,14:55,163.52,163.59,163.5,163.57,21495
XOM,2026-09-16,14:56,163.59,163.61,163.5,163.55,17420
XOM,2026-09-16,14:57,163.52,163.59,163.5,163.525,16762
XOM,2026-09-16,14:58,163.53,163.58,163.51,163.58,13503
XOM,2026-09-16,14:59,163.575,163.7511,163.575,163.66,35655
XOM,2026-09-16,15:00,163.66,163.8348,163.56,163.63,37862
XOM,2026-09-16,15:01,163.65,163.75,163.44,163.4818,18658
XOM,2026-09-16,15:02,163.515,163.53,163.3475,163.47,69036
XOM,2026-09-16,15:03,163.45,163.54,163.43,163.54,18540
XOM,2026-09-16,15:04,163.575,163.61,163.485,163.54,20774
XOM,2026-09-16,15:05,163.54,163.57,163.44,163.45,18250
XOM,2026-09-16,15:06,163.45,163.55,163.44,163.52,17825
XOM,2026-09-16,15:07,163.5,163.59,163.46,163.465,44665
XOM,2026-09-16,15:08,163.445,163.45,163.39,163.39,16594
XOM,2026-09-16,15:09,163.4,163.4,163.31,163.3224,28406
XOM,2026-09-16,15:10,163.33,163.33,163.07,163.07,44813
XOM,2026-09-16,15:11,163.06,163.24,163.04,163.1404,40767
XOM,2026-09-16,15:12,163.13,163.14,163.01,163.04,12041
XOM,2026-09-16,15:13,163.03,163.09,163.02,163.06,27915
XOM,2026-09-16,15:14,163.035,163.09,162.95,162.95,49401
XOM,2026-09-16,15:15,162.97,163.1,162.88,162.88,20568
XOM,2026-09-16,15:16,162.86,163.01,162.84,162.99,49069
XOM,2026-09-16,15:17,162.99,163.06,162.855,162.88,45415
XOM,2026-09-16,15:18,162.85,162.88,162.78,162.8,12306
XOM,2026-09-16,15:19,162.815,163,162.8,163,22980
XOM,2026-09-16,15:20,163,163.02,162.85,162.91,31898
XOM,2026-09-16,15:21,162.92,162.93,162.82,162.865,21342
XOM,2026-09-16,15:22,162.85,162.85,162.62,162.62,56968
XOM,2026-09-16,15:23,162.61,162.7151,162.56,162.68,39234
XOM,2026-09-16,15:24,162.69,162.88,162.69,162.88,29610
XOM,2026-09-16,15:25,162.895,162.9204,162.79,162.86,23076
XOM,2026-09-16,15:26,162.845,162.89,162.72,162.77,16433
XOM,2026-09-16,15:27,162.7696,162.79,162.72,162.7699,15848
XOM,2026-09-16,15:28,162.77,162.93,162.77,162.87,44507
XOM,2026-09-16,15:29,162.88,163.02,162.88,162.92,35824
XOM,2026-09-16,15:30,162.92,162.98,162.79,162.915,39903
XOM,2026-09-16,15:31,162.93,163.05,162.8401,162.96,94601
XOM,2026-09-16,15:32,162.93,162.97,162.85,162.935,20511
XOM,2026-09-16,15:33,162.93,163.02,162.83,162.99,24049
XOM,2026-09-16,15:34,163,163.15,163,163.05,49985
XOM,2026-09-16,15:35,163.05,163.07,162.89,162.935,29385
XOM,2026-09-16,15:36,162.95,163.06,162.92,162.94,46654
XOM,2026-09-16,15:37,162.95,162.97,162.86,162.895,19653
XOM,2026-09-16,15:38,162.9,162.9201,162.86,162.905,24641
XOM,2026-09-16,15:39,162.89,162.97,162.83,162.96,20209
XOM,2026-09-16,15:40,162.969,162.9699,162.82,162.82,48686
XOM,2026-09-16,15:41,162.81,162.975,162.81,162.935,35264
XOM,2026-09-16,15:42,162.95,163.05,162.93,163.05,37281
XOM,2026-09-16,15:43,163.04,163.15,163.011,163.0899,36584
XOM,2026-09-16,15:44,163.085,163.085,163,163.01,20753
XOM,2026-09-16,15:45,163.025,163.15,163.025,163.08,38228
XOM,2026-09-16,15:46,163.07,163.09,163.02,163.065,24919
XOM,2026-09-16,15:47,163.07,163.19,163.07,163.19,19345
XOM,2026-09-16,15:48,163.18,163.19,163.075,163.17,54955
XOM,2026-09-16,15:49,163.163,163.2799,163.13,163.195,39641
XOM,2026-09-16,15:50,163.21,163.37,163.17,163.31,40225
XOM,2026-09-16,15:51,163.31,163.39,163.3,163.34,509163
XOM,2026-09-16,15:52,163.34,163.37,163.31,163.34,30793
XOM,2026-09-16,15:53,163.35,163.479,163.35,163.42,36930
XOM,2026-09-16,15:54,163.42,163.445,163.34,163.4,47542
XOM,2026-09-16,15:55,163.41,163.51,163.39,163.5,50816
XOM,2026-09-16,15:56,163.505,163.515,163.41,163.44,66660
XOM,2026-09-16,15:57,163.43,163.515,163.3301,163.369,98550
XOM,2026-09-16,15:58,163.37,163.38,163.16,163.185,129284
XOM,2026-09-16,15:59,163.19,163.39,163.175,163.33,226877
XOM,2026-09-16,16:00,163.32,163.32,163.32,163.32,0
XOM,2026-09-17,09:30,163.33,163.33,163.33,163.33,0
XOM,2026-09-17,09:31,161.83,162.3,161.83,162.01,124490
XOM,2026-09-17,09:32,162.3,162.52,162.3,162.44,2855
XOM,2026-09-17,09:33,162.455,162.81,162.33,162.44,214512
XOM,2026-09-17,09:34,162.36,162.64,162.16,162.275,123004
XOM,2026-09-17,09:35,162.275,162.54,162.02,162.29,70486
XOM,2026-09-17,09:36,162.32,162.515,162.24,162.405,46631
XOM,2026-09-17,09:37,162.455,162.71,162.455,162.6125,43335
XOM,2026-09-17,09:38,162.595,162.635,162.24,162.27,32190
XOM,2026-09-17,09:39,162.27,162.56,162.25,162.56,38610
XOM,2026-09-17,09:40,162.5432,162.595,162.2,162.26,34292
XOM,2026-09-17,09:41,162.265,162.425,162.12,162.425,29580
XOM,2026-09-17,09:42,162.425,162.49,162.275,162.41,20586
XOM,2026-09-17,09:43,162.42,162.8,162.42,162.72,31263
XOM,2026-09-17,09:44,162.76,162.9,162.65,162.835,48139
XOM,2026-09-17,09:45,162.83,163.24,162.75,163.11,80182
XOM,2026-09-17,09:46,163.105,163.245,163.09,163.15,33181
XOM,2026-09-17,09:47,163.12,163.14,162.67,162.81,67115
XOM,2026-09-17,09:48,162.83,162.835,162.64,162.81,27547
XOM,2026-09-17,09:49,162.83,162.97,162.66,162.82,25242
XOM,2026-09-17,09:50,162.85,162.89,162.67,162.83,26592
XOM,2026-09-17,09:51,162.79,162.94,162.76,162.83,25322
XOM,2026-09-17,09:52,162.78,162.87,162.72,162.8665,11907
XOM,2026-09-17,09:53,162.84,162.92,162.73,162.82,18215
XOM,2026-09-17,09:54,162.8607,162.97,162.825,162.825,20094
XOM,2026-09-17,09:55,162.845,162.95,162.76,162.925,23212
XOM,2026-09-17,09:56,162.99,163.03,162.88,162.89,28064
XOM,2026-09-17,09:57,162.87,162.93,162.805,162.87,17099
XOM,2026-09-17,09:58,162.89,162.89,162.66,162.69,18282
XOM,2026-09-17,09:59,162.715,162.715,162.53,162.59,30005
XOM,2026-09-17,10:00,162.63,162.66,162.41,162.53,47724
XOM,2026-09-17,10:01,162.475,162.56,162.445,162.445,0
XOM,2026-09-17,10:02,162.39,162.44,161.945,161.99,51386
XOM,2026-09-17,10:03,161.99,162.1299,161.98,162.03,23028
XOM,2026-09-17,10:04,162.06,162.265,162.055,162.19,51627
XOM,2026-09-17,10:05,162.165,162.245,162.01,162.055,28845
XOM,2026-09-17,10:06,161.95,162.02,161.9,161.93,26746
XOM,2026-09-17,10:07,161.89,161.93,161.81,161.81,26458
XOM,2026-09-17,10:08,161.83,161.83,161.65,161.735,32640
XOM,2026-09-17,10:09,161.74,161.778,161.7,161.778,21882
XOM,2026-09-17,10:10,161.76,161.77,161.58,161.655,23399
XOM,2026-09-17,10:11,161.66,161.875,161.61,161.85,19296
XOM,2026-09-17,10:12,161.855,161.88,161.745,161.795,18462
XOM,2026-09-17,10:13,161.78,161.8,161.68,161.775,16078
XOM,2026-09-17,10:14,161.88,161.92,161.8101,161.88,25834
XOM,2026-09-17,10:15,161.96,161.96,161.77,161.885,14662